row_id	entry	type	source_page	status_v1
D02-00001	ف	headword	713_1R.png	verified
D02-00002	فابرىكا	headword	713_1R.png	verified
D02-00003	فابرىكانت	headword	713_1R.png	verified
D02-00005	فارادا	headword	713_1R.png	verified
D02-00006	فارفۇر	headword	713_1R.png	verified
D02-00007	فارماكوپىيە	headword	713_1R.png	verified
D02-00008	فارېنگېيت	headword	713_1R.png	verified
D02-00009	فارېنگېيت تېرمومېتىرى	headword	713_1R.png	verified
D02-00010	فارېنگېيت تېمپېراتۇرا ئىشكالىسى	headword	713_1R.png	verified
D02-00011	فازا	headword	713_2L.png	verified
D02-00012	فازىلىق	headword	713_2L.png	verified
D02-00013	فاسسىيولا	headword	713_2L.png	verified
D02-00014	فاشىزم	headword	713_2L.png	verified
D02-00015	فاشىزمچى	headword	713_2L.png	verified
D02-00016	فاشىست	headword	713_2L.png	verified
D02-00017	فاشىستلارچە	headword	713_2L.png	verified
D02-00018	فاشىستلاشماق	headword	713_2L.png	verified
D02-00019	فاشىستلىق	headword	714_1R.png	verified
D02-00020	فاكتور	headword	714_1R.png	verified
D02-00021	فاكس	headword	714_1R.png	verified
D02-00022	فاكۇلتېت	headword	714_1R.png	verified
D02-00024	فاگوت	headword	714_1R.png	verified
D02-00026	فامىلە	headword	714_1R.png	verified
D02-00027	فامىلىلىك	headword	714_1R.png	verified
D02-00028	فانتازىيە	headword	714_1R.png	verified
D02-00029	فانتازىيەلىك	headword	714_1R.png	verified
D02-00030	فەرد	headword	714_1R.png	verified
D02-00031	فوتو	headword	714_1R.png	verified
D02-00032	فوتو ئاپپارات	headword	714_1R.png	verified
D02-00033	فوتو باسما	headword	714_2L.png	verified
D02-00034	فوتو تېلېگراف	headword	714_2L.png	verified
D02-00035	فوتو تېلېگرامما	headword	714_2L.png	verified
D02-00036	فوتو سۈرەت	headword	714_2L.png	verified
D02-00037	فوتوسىنتېز	headword	714_2L.png	verified
D02-00038	فوتوگراف	headword	714_2L.png	verified
D02-00039	فوتوگرافىيە	headword	714_2L.png	verified
D02-00040	فوتومېتىر	headword	714_2L.png	verified
D02-00041	فوتون	headword	714_2L.png	verified
D02-00042	فورامىنفېرا	headword	714_2L.png	verified
D02-00043	فورما	headword	714_2L.png	verified
D02-00044	فورمات	headword	715_1R.png	verified
D02-00045	فورماتسىيە	headword	715_1R.png	verified
D02-00046	فورماتلاشماق	headword	715_1R.png	verified
D02-00047	فورمال	headword	715_1R.png	verified
D02-00048	فورمال لوگىكا	headword	715_1R.png	verified
D02-00049	فورمالدېكوىد	headword	715_1R.png	verified
D02-00050	فورمالىزم	headword	715_1R.png	verified
D02-00051	فورمالىزمچى	headword	715_1R.png	verified
D02-00052	فورمالىن	headword	715_1R.png	verified
D02-00053	فورمۇلا	headword	715_1R.png	verified
D02-00054	فورمۇلالاشتۇرماق	headword	715_2L.png	verified
D02-00055	فورمۇلالاشتۇرۇلماق	headword	715_2L.png	verified
D02-00056	فورمۇلالاشماق	headword	715_2L.png	verified
D02-00058	فورمىيات	headword	715_2L.png	verified
D02-00059	فورمىيات كىسلاتا	headword	715_2L.png	verified
D02-00060	فورمىلاشتۇرماق	headword	715_2L.png	verified
D02-00061	فورمىلاشتۇرۇشماق	headword	715_2L.png	verified
D02-00062	فورمىلاشتۇرۇلماق	headword	715_2L.png	verified
D02-00063	فورمىلاشماق	headword	715_2L.png	verified
D02-00064	فورېنت	headword	715_2L.png	verified
D02-00065	فوسفات	headword	715_2L.png	verified
D02-00066	فوسفات كىسلاتا	headword	715_2L.png	verified
D02-00067	فوسفاتلار	headword	715_2L.png	verified
D02-00068	فوسفاتلىق	headword	715_2L.png	verified
D02-00069	فوسفاتلىق ماي	headword	715_2L.png	verified
D02-00070	فوسفور	headword	715_2L.png	verified
D02-00071	فوسفورلۇق	headword	716_1R.png	verified
D02-00072	فوسفورىت	headword	716_1R.png	verified
D02-00073	فوسفىن	headword	716_1R.png	verified
D02-00074	فوسگېن	headword	716_1R.png	verified
D02-00075	فوكستروت	headword	716_1R.png	verified
D02-00076	فوكۇس	headword	716_1R.png	verified
D02-00077	فوكۇس ئارىلىقى	headword	716_1R.png	verified
D02-00079	فولكلور	headword	716_1R.png	verified
D02-00080	فونتان	headword	716_1R.png	verified
D02-00080-i1	فونتانى	inflected	716_1R.png	verified
D02-00081	فونتانگۈل	headword	716_1R.png	verified
D02-00082	فوند	headword	716_2L.png	verified
D02-00084	فوندستېرلىڭ	headword	716_2L.png	verified
D02-00085	فونوگراف	headword	716_2L.png	verified
D02-00086	فونوگرافىيە	headword	716_2L.png	verified
D02-00087	فونوگرافىيەلىك	headword	716_2L.png	verified
D02-00088	فونولوگىيە	headword	716_2L.png	verified
D02-00089	فونولىت	headword	716_2L.png	verified
D02-00090	فونون	headword	716_2L.png	verified
D02-00091	فونېتىكا	headword	716_2L.png	verified
D02-00092	فونېتىكىلىق	headword	716_2L.png	verified
D02-00093	فونېما	headword	716_2L.png	verified
D02-00094	فونىزم	headword	716_2L.png	verified
D02-00097	فۇراتسىلىن	headword	716_2L.png	verified
D02-00098	فۇران	headword	717_1R.png	verified
D02-00099	فۇرفۇرول	headword	717_1R.png	verified
D02-00100	فۇگا	headword	717_1R.png	verified
D02-00102	فۇلمىنات	headword	717_1R.png	verified
D02-00103	فۇلمىنات كىسلاتا	headword	717_1R.png	verified
D02-00104	فۇندامېنت	headword	717_1R.png	verified
D02-00105	فۇنىستاتۇس	headword	717_1R.png	verified
D02-00106	فۇنكسىيونال	headword	717_1R.png	verified
D02-00107	فۇنكسىيە	headword	717_1R.png	verified
D02-00108	فۇنكسىيەلىك	headword	717_2L.png	verified
D02-00109	فېتىشىزم	headword	717_2L.png	verified
D02-00110	فېدېراتسىيە	headword	717_2L.png	verified
D02-00111	فېدېراتىپ	headword	717_2L.png	verified
D02-00112	فېدېرال	headword	717_2L.png	verified
D02-00113	فېرما	headword	717_2L.png	verified
D02-00114	فېرمېنت	headword	717_2L.png	verified
D02-00115	فېرمى	headword	717_2L.png	verified
D02-00116	فېرمىيون	headword	717_2L.png	verified
D02-00117	فېرمىي	headword	717_2L.png	verified
D02-00118	فېستىۋال	headword	718_1R.png	verified
D02-00119	فېشىر	headword	718_1R.png	verified
D02-00120	فېشىر سۈتلۈكئوتى	headword	718_1R.png	verified
D02-00121	فېلدشېر	headword	718_1R.png	verified
D02-00122	فېلدشېرلىق	headword	718_1R.png	verified
D02-00123	فېلزىت	headword	718_1R.png	verified
D02-00124	فېليەتون	headword	718_1R.png	verified
D02-00125	فېليەتونچى	headword	718_1R.png	verified
D02-00126	فېنانترېن	headword	718_1R.png	verified
D02-00128	فېنوكرىست	headword	718_1R.png	verified
D02-00129	فېنول	headword	718_1R.png	verified
D02-00130	فېنولفتالېئىن	headword	718_1R.png	verified
D02-00131	فېنوللۇق	headword	718_2L.png	unverified
D02-00132	فېنولوگىيە	headword	718_2L.png	unverified
D02-00133	فېنىلئامىن	headword	718_2L.png	unverified
D02-00134	فېنىلئېتىلىن	headword	718_2L.png	unverified
D02-00135	فېئودال	headword	718_2L.png	unverified
D02-00136	فېئوداللىق	headword	718_2L.png	unverified
D02-00137	فېئوداللىق جەمئىيەت	headword	718_2L.png	unverified
D02-00138	فېئودالىزم	headword	718_2L.png	unverified
D02-00139	فېۋرال	headword	718_2L.png	unverified
D02-00140	فىتور	headword	718_2L.png	unverified
D02-00141	فىتورلۇق	headword	719_1R.png	verified
D02-00142	فىرازىيولوگىيە	headword	719_1R.png	verified
D02-00143	فىرازىيولوگىيەلىك	headword	719_1R.png	verified
D02-00144	فىرانسۇز	headword	719_1R.png	verified
D02-00145	فىرانسۇز تىلى	headword	719_1R.png	verified
D02-00146	فىرانسۇزچە	headword	719_1R.png	verified
D02-00147	فىرانسىي	headword	719_1R.png	verified
D02-00148	فىرانك	headword	719_1R.png	verified
D02-00149	فىرونت	headword	719_1R.png	verified
D02-00150	فىرۇزە	headword	719_1R.png	verified
D02-00151	فىرۇكتوزا	headword	719_2L.png	verified
D02-00152	فىرېئىد	headword	719_2L.png	unverified
D02-00153	فىرېئىدچىلىق	headword	719_2L.png	unverified
D02-00154	فىرېئىدىزم	headword	719_2L.png	unverified
D02-00155	فىرېئىدىزمچى	headword	719_2L.png	unverified
D02-00156	فىزىك	headword	719_2L.png	unverified
D02-00157	فىزىكا	headword	719_2L.png	unverified
D02-00158	فىزىكىلىق	headword	719_2L.png	unverified
D02-00159	فىزىكىلىق مىقدار	headword	719_2L.png	unverified
D02-00160	فىزىكىلىق ئۆزگىرىش	headword	719_2L.png	unverified
D02-00161	فىزىيولوگ	headword	719_2L.png	unverified
D02-00162	فىزىيولوگىيە	headword	719_2L.png	unverified
D02-00163	فىزىيولوگىيىلىك	headword	719_2L.png	unverified
D02-00164	فىكۇس	headword	720_1R.png	unverified
D02-00165	فىگۇرا	headword	720_1R.png	unverified
D02-00166	فىگۇرا چىقىرىپ مۇز تېيىلىش	headword	720_1R.png	unverified
D02-00167	فىگۇرا كانكىسى	headword	720_1R.png	unverified
D02-00168	فىلادېلفۇن	headword	720_1R.png	verified
D02-00169	فىلاگېللار	headword	720_1R.png	unverified
D02-00170	فىلانگې	headword	720_1R.png	unverified
D02-00171	فىلانگې تەخسە	headword	720_1R.png	unverified
D02-00172	فىلانېل	headword	720_1R.png	unverified
D02-00173	فىلاۋون	headword	720_1R.png	unverified
D02-00174	فىلاۋونول	headword	720_1R.png	unverified
D02-00175	فىلاۋىن	headword	720_1R.png	unverified
D02-00176	فىلوت	headword	720_2L.png	unverified
D02-00177	فىلورېن	headword	720_2L.png	unverified
D02-00178	فىلورىن	headword	720_2L.png	unverified
D02-00179	فىلتېر	headword	720_2L.png	verified
D02-00180	فىلتېرلاتماق	headword	720_2L.png	verified
D02-00181	فىلتېرلانماق	headword	720_2L.png	verified
D02-00182	فىلتېرلىماق	headword	720_2L.png	verified
D02-00183	فىللىت	headword	720_2L.png	unverified
D02-00184	فىلولوگ	headword	720_2L.png	unverified
D02-00185	فىلولوگىيە	headword	720_2L.png	unverified
D02-00186	فىلىم	headword	720_2L.png	unverified
D02-00187	فىلېيتا	headword	720_2L.png	verified
D02-00188	فىليۇگېر	headword	721_1R.png	verified
D02-00189	فىليۇئورىت	headword	721_1R.png	verified
D02-00190	فىن	headword	721_1R.png	unverified
D02-00191	فىنچە	headword	721_1R.png	unverified
D02-00192	فىنەك	headword	721_2L.png	unverified
D02-00193	فىنەك ئەلىپبەسى	headword	721_2L.png	unverified
D02-00194	قاباھەت	headword	722_1R.png	verified
D02-00195	قاباھەتلىك	headword	722_1R.png	unverified
D02-00196	قابىل	headword	722_1R.png	unverified
D02-00197	قابىللىق	headword	722_1R.png	unverified
D02-00198	قابىلىيەت	headword	722_1R.png	unverified
D02-00199	قابىلىيەتسىز	headword	722_1R.png	unverified
D02-00200	قابىلىيەتسىزلىك	headword	722_1R.png	unverified
D02-00201	قابىلىيەتلىك	headword	722_1R.png	unverified
D02-00202	قاپ	headword	722_1R.png	unverified
D02-00203	قاپ تېشەر	headword	722_2L.png	unverified
D02-00204	قاپ ياردى	headword	722_2L.png	unverified
D02-00206	قاپارتقۇ	headword	722_2L.png	unverified
D02-00207	قاپارتقۇلۇق	headword	722_2L.png	unverified
D02-00208	قاپارتما	headword	722_2L.png	unverified
D02-00209	قاپارتماق	headword	722_2L.png	unverified
D02-00210	قاپارچۇق	headword	722_2L.png	unverified
D02-00211	قاپارماق	headword	722_2L.png	unverified
D02-00212	قاپاق	headword	722_2L.png	unverified
D02-00214	قاپىقىدىن قار ياغماق	headword	723_1R.png	unverified
D02-00215	قاپىقىدىن مۇز ياغماق	headword	723_1R.png	verified
D02-00216	قاپىقىنىڭ زېيىنى ئالماق	headword	723_1R.png	verified
D02-00217	قاپىقى ئۇششۇق	headword	723_1R.png	unverified
D02-00218	قاپاقباش	headword	723_1R.png	unverified
D02-00219	قاپاقباشلىق	headword	723_1R.png	unverified
D02-00220	قاپاقسۆلەت	headword	723_1R.png	unverified
D02-00221	قاپاقكاللا	headword	723_1R.png	unverified
D02-00222	قاپاقلىق	headword	723_1R.png	unverified
D02-00223	قاپاقنوچى	headword	723_1R.png	unverified
D02-00224	قاپاقئوت	headword	723_1R.png	unverified
D02-00225	قاپاقياردى	headword	723_2L.png	unverified
D02-00226	قاپباش	headword	723_2L.png	unverified
D02-00227	قاپتال	headword	723_2L.png	unverified
D02-00228	قاپتاللىق	headword	723_2L.png	unverified
D02-00229	قاپتاللىماق	headword	723_2L.png	unverified
D02-00230	قاپتەك	headword	723_2L.png	unverified
D02-00231	قاپچۇق	headword	723_2L.png	unverified
D02-00232	قاپچىغاي	headword	723_2L.png	unverified
D02-00233	قاپچىمال	headword	723_2L.png	unverified
D02-00234	قاپساتماق	headword	723_2L.png	unverified
D02-00235	قاپساشماق	headword	723_2L.png	unverified
D02-00236	قاپسالما	headword	723_2L.png	unverified
D02-00237	قاپسالماق	headword	723_2L.png	unverified
D02-00238	قاپسىماق	headword	723_2L.png	unverified
D02-00240	قاپقا	headword	724_1R.png	verified
D02-00241	قاپقاق	headword	724_1R.png	verified
D02-00242	قاپقاقلاتماق	headword	724_1R.png	verified
D02-00243	قاپقاقلاشماق	headword	724_1R.png	verified
D02-00244	قاپقاقلانماق	headword	724_1R.png	verified
D02-00245	قاپقاقلىق	headword	724_1R.png	verified
D02-00246	قاپقاقلىماق	headword	724_1R.png	verified
D02-00247	قاپقان	headword	724_1R.png	verified
D02-00247-v1	تۇزاق	variant	724_1R.png	verified
D02-00248	قاپقان - تۇزاق	headword	724_1R.png	verified
D02-00249	قاپقانچى	headword	724_1R.png	verified
D02-00250	قاپقانچىلىق	headword	724_1R.png	verified
D02-00251	قاپقانلىق	headword	724_1R.png	verified
D02-00252	قاپقىلىق	headword	724_1R.png	verified
D02-00253	قاپلاتماق	headword	724_2L.png	unverified
D02-00254	قاپلاشتۇرماق	headword	724_2L.png	unverified
D02-00255	قاپلاشماق	headword	724_2L.png	unverified
D02-00256	قاپلاڭغۇ	headword	724_2L.png	unverified
D02-00257	قاپلامپۇشقۇل	headword	724_2L.png	unverified
D02-00258	قاپلان	headword	724_2L.png	verified
D02-00259	قاپلانماق	headword	724_2L.png	unverified
D02-00260	قاپلىق	headword	724_2L.png	unverified
D02-00261	قاپلىما	headword	724_2L.png	unverified
D02-00262	قاپلىماق	headword	724_2L.png	unverified
D02-00263	قاپلىنىشچان	headword	724_2L.png	unverified
D02-00264	قاپلىنىشچانلىق	headword	724_2L.png	unverified
D02-00265	قاپىيە	headword	724_2L.png	verified
D02-00266	قاپىيەداش	headword	724_2L.png	verified
D02-00267	قاپىيەداشلىق	headword	724_2L.png	verified
D02-00268	قاپىيەسىز	headword	724_2L.png	verified
D02-00269	قاپىيەلەشتۈرمەك	headword	725_1R.png	unverified
D02-00270	قاپىيەلەشتۈرۈلمەك	headword	725_1R.png	unverified
D02-00271	قاپىيەلەشمەك	headword	725_1R.png	unverified
D02-00272	قاپىيەلەنمەك	headword	725_1R.png	verified
D02-00273	قاپىيەلىك	headword	725_1R.png	unverified
D02-00274	قات	headword	725_1R.png	unverified
D02-00276	قاتار	headword	725_1R.png	unverified
D02-00278	قاتاردا يوق	headword	725_2L.png	unverified
D02-00279	قاتارغا قوشماق	headword	725_2L.png	unverified
D02-00280	قاتار - قاتار	headword	725_2L.png	unverified
D02-00281	قاتارلاشتۇرماق	headword	725_2L.png	unverified
D02-00282	قاتارلاشماق	headword	725_2L.png	unverified
D02-00283	قاتارلانماق	headword	725_2L.png	unverified
D02-00284	قاتارلىق	headword	725_2L.png	unverified
D02-00285	قاتارلىماق	headword	725_2L.png	unverified
D02-00286	قاتارلىنىشماق	headword	725_2L.png	verified
D02-00287	قاتارى	headword	725_2L.png	unverified
D02-00288	قاتارىدا	headword	725_2L.png	unverified
D02-00290	قاتاڭشىماق	headword	725_2L.png	verified
D02-00291	قاتاڭغۇر	headword	726_1R.png	unverified
D02-00292	قاتاڭغۇرلۇق	headword	726_1R.png	unverified
D02-00293	قاتتىق	headword	726_1R.png	unverified
D02-00294	قاتتىق تاڭلاي	headword	726_1R.png	verified
D02-00295	قاتتىق تەگمەك	headword	726_1R.png	unverified
D02-00296	قاتتىق تۇتماق	headword	726_1R.png	unverified
D02-00297	قاتتىق سۆڭەك	headword	726_1R.png	unverified
D02-00298	قاتتىق قول	headword	726_1R.png	unverified
D02-00299	قاتتىق كۈن	headword	726_2L.png	unverified
D02-00300	قاتتىقچىلىق	headword	726_2L.png	unverified
D02-00301	قاتتىق - قۇرۇق	headword	726_2L.png	unverified
D02-00302	قاتتىقلاشتۇرماق	headword	726_2L.png	unverified
D02-00303	قاتتىقلاشماق	headword	726_2L.png	unverified
D02-00304	قاتتىقلىق	headword	726_2L.png	unverified
D02-00305	قاتتىق - يۇمشاق	headword	726_2L.png	unverified
D02-00306	قاتتىق - يىرىك	headword	726_2L.png	unverified
D02-00307	قاتراتماق	headword	726_2L.png	unverified
D02-00308	قاتراشماق	headword	726_2L.png	unverified
D02-00309	قاتراڭ	headword	726_2L.png	verified
D02-00310	قاتراڭغۇ	headword	727_1R.png	verified
D02-00311	قاترىماق	headword	727_1R.png	unverified
D02-00312	قات - قات	headword	727_1R.png	unverified
D02-00313	قاتقۇزماق	headword	727_1R.png	unverified
D02-00314	قات - قېتى	headword	727_1R.png	unverified
D02-00315	قاتقىلاق	headword	727_1R.png	verified
D02-00316	قاتلاتماق	headword	727_1R.png	unverified
D02-00317	قاتلاشماق	headword	727_1R.png	verified
D02-00318	قاتلاق	headword	727_1R.png	verified
D02-00319	قاتلام	headword	727_1R.png	unverified
D02-00321	قاتلاملاشماق	headword	727_2L.png	unverified
D02-00322	قاتلاملىق	headword	727_2L.png	unverified
D02-00323	قاتلاممۇقاتلام	headword	727_2L.png	unverified
D02-00324	قاتلانما	headword	727_2L.png	unverified
D02-00325	قاتلانماق	headword	727_2L.png	unverified
D02-00326	قاتلىشاڭغۇ	headword	727_2L.png	unverified
D02-00327	قاتلىق	headword	727_2L.png	unverified
D02-00328	قاتلىما	headword	727_2L.png	unverified
D02-00329	قاتلىماق	headword	727_2L.png	unverified
D02-00330	قاتما	headword	728_1R.png	unverified
D02-00332	قاتماق	headword	728_1R.png	unverified
D02-00334	قاتمال	headword	728_2L.png	unverified
D02-00335	قاتماللاشتۇرماق	headword	728_2L.png	unverified
D02-00336	قاتماللاشتۇرۇلماق	headword	728_2L.png	unverified
D02-00337	قاتماللاشماق	headword	728_2L.png	unverified
D02-00338	قاتماللىق	headword	728_2L.png	unverified
D02-00339	قاتمۇقات	headword	728_2L.png	unverified
D02-00340	قاتناتماق	headword	728_2L.png	verified
D02-00341	قاتناش	headword	728_2L.png	unverified
D02-00342	قاتناش ـ تىرانسپورت	headword	729_1R.png	verified
D02-00343	قاتناشتۇرماق	headword	729_1R.png	unverified
D02-00344	قاتناشتۇرۇشماق	headword	729_1R.png	unverified
D02-00345	قاتناشتۇرۇلماق	headword	729_1R.png	unverified
D02-00346	قاتناشچى	headword	729_1R.png	unverified
D02-00347	قاتناشقۇچى	headword	729_1R.png	unverified
D02-00348	قاتناشقۇچىلىق	headword	729_1R.png	unverified
D02-00349	قاتناشماق	headword	729_1R.png	unverified
D02-00351	قاتنىماق	headword	729_1R.png	unverified
D02-00352	قاتۇرما	headword	729_1R.png	unverified
D02-00353	قاتۇرماق	headword	729_1R.png	unverified
D02-00354	قاتۇرۇشماق	headword	729_1R.png	unverified
D02-00355	قاتۇرۇلماق	headword	729_2L.png	unverified
D02-00356	قاتىرىغا	headword	729_2L.png	unverified
D02-00357	قاتىل	headword	729_2L.png	unverified
D02-00358	قاتىلاڭ	headword	729_2L.png	unverified
D02-00359	قاتىلاڭچىلىق	headword	729_2L.png	unverified
D02-00360	قاتىللىق	headword	729_2L.png	unverified
D02-00361	قاچا	headword	729_2L.png	unverified
D02-00362	قاچار	headword	729_2L.png	unverified
D02-00363	قاچاق	headword	729_2L.png	unverified
D02-00364	قاچاقلىق	headword	729_2L.png	unverified
D02-00365	قاچا - قومۇچ	headword	729_2L.png	verified
D02-00366	قاچا - قۇچا	headword	729_2L.png	unverified
D02-00367	قاچان	headword	730_1R.png	unverified
D02-00368	قاچانقى	headword	730_1R.png	unverified
D02-00369	قاچانلىققا	headword	730_1R.png	unverified
D02-00370	قاچانلىكى	headword	730_1R.png	unverified
D02-00371	قاچانىكى	headword	730_1R.png	unverified
D02-00372	قاچ - قاچ	headword	730_1R.png	unverified
D02-00373	قاچقاق	headword	730_1R.png	unverified
D02-00374	قاچقاقلىق	headword	730_1R.png	unverified
D02-00375	قاچقۇن	headword	730_1R.png	unverified
D02-00376	قاچقۇنلۇق	headword	730_1R.png	unverified
D02-00377	قاچماق	headword	730_1R.png	unverified
D02-00378	قاچۇرماق	headword	730_2L.png	unverified
D02-00379	قاچۇرۇشماق	headword	730_2L.png	unverified
D02-00380	قاچۇرۇلماق	headword	730_2L.png	unverified
D02-00381	قاچىلاتماق	headword	730_2L.png	unverified
D02-00382	قاچىلاشماق	headword	730_2L.png	unverified
D02-00383	قاچىلانماق	headword	730_2L.png	unverified
D02-00384	قاچىلىماق	headword	730_2L.png	unverified
D02-00385	قادا	headword	730_2L.png	unverified
D02-00386	قاداتماق	headword	730_2L.png	unverified
D02-00387	قاداشماق	headword	730_2L.png	unverified
D02-00388	قاداق	headword	730_2L.png	unverified
D02-00392	قاداقتاش	headword	731_1R.png	unverified
D02-00393	قاداقچى	headword	731_1R.png	unverified
D02-00394	قاداقچىلىق	headword	731_1R.png	verified
D02-00395	قاداقلاشماق	headword	731_1R.png	verified
D02-00396	قاداقلىق	headword	731_1R.png	unverified
D02-00400	قاداڭ	headword	731_1R.png	unverified
D02-00401	قاداڭشىماق	headword	731_1R.png	unverified
D02-00402	قادالماق	headword	731_1R.png	unverified
D02-00403	قادۇرغۇچ	headword	731_1R.png	unverified
D02-00404	قادىر	headword	731_1R.png	unverified
D02-00405	قادىغاللىماق	headword	731_1R.png	verified
D02-00406	قادىلىشماق	headword	731_1R.png	verified
D02-00407	قادىماق	headword	731_1R.png	verified
D02-00408	قار	headword	731_2L.png	unverified
D02-00409	قار كۆچكۈنى	headword	731_2L.png	unverified
D02-00410	قارا	headword	731_2L.png	unverified
D02-00413	قارا باسماق	headword	732_1R.png	unverified
D02-00414	قارا تىزىملىك	headword	732_1R.png	unverified
D02-00415	قارا سانىماق	headword	732_1R.png	unverified
D02-00416	قارا قورساق	headword	732_1R.png	unverified
D02-00417	قارا قول	headword	732_1R.png	unverified
D02-00418	قارا نوپۇس	headword	732_1R.png	verified
D02-00419	قاراتما	headword	732_2L.png	unverified
D02-00420	قاراتماق	headword	732_2L.png	unverified
D02-00421	قاراتمىلىق	headword	732_2L.png	unverified
D02-00422	قاراچاي	headword	732_2L.png	unverified
D02-00423	قاراچايچە	headword	732_2L.png	unverified
D02-00424	قاراخان	headword	732_2L.png	unverified
D02-00425	قاراخانىيلار	headword	732_2L.png	unverified
D02-00426	قاراخانىيلار خانلىقى	headword	732_2L.png	unverified
D02-00427	قاراخانىيلار سۇلالىسى	headword	732_2L.png	unverified
D02-00429	قارار	headword	732_2L.png	unverified
D02-00430	قارارسىز	headword	733_1R.png	unverified
D02-00431	قارارسىزلانماق	headword	733_1R.png	unverified
D02-00432	قارارسىزلىق	headword	733_1R.png	unverified
D02-00433	قارارگاھ	headword	733_1R.png	unverified
D02-00434	قارارلاشتۇرماق	headword	733_1R.png	unverified
D02-00435	قارارلاشتۇرۇشماق	headword	733_1R.png	unverified
D02-00436	قارارلاشتۇرۇلماق	headword	733_1R.png	unverified
D02-00437	قارارلاشماق	headword	733_1R.png	unverified
D02-00438	قارارلىق	headword	733_1R.png	unverified
D02-00439	قارارلىماق	headword	733_1R.png	unverified
D02-00440	قاراس	headword	733_1R.png	unverified
D02-00441	قاراسسىدە	headword	733_1R.png	unverified
D02-00442	قاراس-قۇرۇس	headword	733_1R.png	unverified
D02-00443	قاراسلاتماق	headword	733_1R.png	unverified
D02-00444	قاراسلاشماق	headword	733_2L.png	unverified
D02-00445	قاراسلىماق	headword	733_2L.png	unverified
D02-00446	قاراش	headword	733_2L.png	unverified
D02-00447	قاراشتۇرماق	headword	733_2L.png	unverified
D02-00448	قاراشتۇرۇشماق	headword	733_2L.png	unverified
D02-00449	قاراشتۇرۇلماق	headword	733_2L.png	unverified
D02-00450	قاراشلىق	headword	733_2L.png	unverified
D02-00451	قاراشماق	headword	733_2L.png	unverified
D02-00452	قاراغان	headword	733_2L.png	unverified
D02-00453	قاراق	headword	733_2L.png	unverified
D02-00454	قاراقالپاق	headword	733_2L.png	unverified
D02-00455	قاراقالپاقچە	headword	733_2L.png	unverified
D02-00456	قاراقچى	headword	733_2L.png	unverified
D02-00457	قاراقچىلىق	headword	733_2L.png	unverified
D02-00458	قاراقسىز	headword	733_2L.png	unverified
D02-00459	قاراقلىق	headword	734_1R.png	verified
D02-00460	قارا - قۇرا	headword	734_1R.png	unverified
D02-00461	قاراڭغۇ	headword	734_1R.png	unverified
D02-00462	قاراڭغۇچىلىق	headword	734_1R.png	unverified
D02-00463	قاراڭغۇلاتماق	headword	734_1R.png	unverified
D02-00464	قاراڭغۇلاشتۇرماق	headword	734_1R.png	unverified
D02-00465	قاراڭغۇلاشماق	headword	734_1R.png	unverified
D02-00466	قاراڭغۇلۇق	headword	734_1R.png	unverified
D02-00467	قارال	headword	734_2L.png	unverified
D02-00468	قارالما	headword	734_2L.png	unverified
D02-00469	قارالماق	headword	734_2L.png	unverified
D02-00470	قارام	headword	734_2L.png	unverified
D02-00472	قارامتۇل	headword	734_2L.png	unverified
D02-00473	قارامتۇللاشماق	headword	734_2L.png	unverified
D02-00474	قارامتۇللۇق	headword	734_2L.png	unverified
D02-00475	قاراملارچە	headword	734_2L.png	unverified
D02-00476	قاراملىق	headword	734_2L.png	unverified
D02-00478	قارانچۇق	headword	734_2L.png	unverified
D02-00479	قارانچۇقسىز	headword	735_1R.png	unverified
D02-00480	قارانچۇقلۇق	headword	735_1R.png	unverified
D02-00481	قاراۋۇل	headword	735_1R.png	unverified
D02-00482	قاراۋۇلخانا	headword	735_1R.png	unverified
D02-00483	قاراۋۇلسىز	headword	735_1R.png	unverified
D02-00484	قاراۋۇللۇق	headword	735_1R.png	unverified
D02-00485	قارايتماق	headword	735_1R.png	unverified
D02-00486	قارايماق	headword	735_1R.png	unverified
D02-00487	قارايىم	headword	735_1R.png	unverified
D02-00488	قارايىمچە	headword	735_1R.png	unverified
D02-00489	قارت	headword	735_1R.png	unverified
D02-00491	قارتا	headword	735_2L.png	unverified
D02-00493	قارتاخانا	headword	735_2L.png	unverified
D02-00494	قارتتىدە	headword	735_2L.png	unverified
D02-00495	قارتىچى	headword	735_2L.png	unverified
D02-00496	قارچىغا	headword	735_2L.png	unverified
D02-00497	قارچىغىسىمان	headword	735_2L.png	unverified
D02-00498	قارچىغىلىق	headword	735_2L.png	unverified
D02-00499	قارس	headword	735_2L.png	unverified
D02-00500	قارساق	headword	735_2L.png	unverified
D02-00501	قارسسىدە	headword	735_2L.png	unverified
D02-00502	قارس - قورس	headword	735_2L.png	unverified
D02-00503	قارسلىداتماق	headword	735_2L.png	unverified
D02-00504	قارسىلدىماق	headword	735_2L.png	verified
D02-00505	قارشى	headword	736_1R.png	unverified
D02-00506	قارشىلاشتۇرماق	headword	736_1R.png	verified
D02-00507	قارشىلاشماق	headword	736_1R.png	unverified
D02-00508	قارشىلىق	headword	736_1R.png	unverified
D02-00509	قارشىلىقسىز	headword	736_1R.png	unverified
D02-00510	قارشىلىقلىق	headword	736_1R.png	unverified
D02-00511	قار - شىۋىرغان	headword	736_1R.png	unverified
D02-00512	قار - شىۋىرغانلىق	headword	736_1R.png	unverified
D02-00513	قارغاتماق	headword	736_2L.png	verified
D02-00514	قارغاشماق	headword	736_2L.png	unverified
D02-00515	قارغالماق	headword	736_2L.png	unverified
D02-00516	قارغىش	headword	736_2L.png	unverified
D02-00517	قارغىش تەگكۈر	headword	736_2L.png	unverified
D02-00518	قارغىش قېپى	headword	736_2L.png	verified
D02-00519	قارغىشخور	headword	736_2L.png	unverified
D02-00520	قارغىشلانماق	headword	736_2L.png	unverified
D02-00521	قارغىماق	headword	736_2L.png	unverified
D02-00522	قار - قات	headword	736_2L.png	unverified
D02-00523	قارلەيلىسى	headword	736_2L.png	unverified
D02-00524	قارلۇق	headword	736_2L.png	unverified
D02-00525	قارلىغاچ	headword	737_1R.png	unverified
D02-00526	قارلىغاچسىمان	headword	737_1R.png	unverified
D02-00527	قارلىق	headword	737_1R.png	unverified
D02-00529	قارماق	headword	737_1R.png	unverified
D02-00530	قارماقلىق	headword	737_1R.png	unverified
D02-00531	قارماقلىماق	headword	737_1R.png	unverified
D02-00532	قار - مۇز	headword	737_1R.png	unverified
D02-00533	قار - مۇزلۇق	headword	737_1R.png	unverified
D02-00534	قارنى - كۆكس	headword	737_1R.png	verified
D02-00535	قارو	headword	737_1R.png	unverified
D02-00536	قارۇغ	headword	737_1R.png	verified
D02-00537	قارۇغباشى	headword	737_1R.png	verified
D02-00538	قارۇغچى	headword	737_2L.png	unverified
D02-00539	قارۇنا	headword	737_2L.png	unverified
D02-00540	قارىباستى	headword	737_2L.png	unverified
D02-00541	قارىباي	headword	737_2L.png	unverified
D02-00542	قارىپايىم	headword	737_2L.png	unverified
D02-00543	قارىپايىملىق	headword	737_2L.png	unverified
D02-00544	قارىتا	headword	737_2L.png	unverified
D02-00545	قارىتاختا	headword	737_2L.png	unverified
D02-00546	قارىتەلپەك	headword	737_2L.png	unverified
D02-00547	قارىتۈرۈك	headword	737_2L.png	unverified
D02-00548	قارىتىشماق	headword	737_2L.png	unverified
D02-00549	قارىتىلماق	headword	737_2L.png	unverified
D02-00550	قارىچاي	headword	737_2L.png	unverified
D02-00551	قارىچايىر	headword	737_2L.png	unverified
D02-00552	قارىچۇق	headword	737_2L.png	unverified
D02-00553	قارىچىلان	headword	737_2L.png	unverified
D02-00554	قارىخەت	headword	737_2L.png	unverified
D02-00555	قارىداشماق	headword	738_1R.png	verified
D02-00556	قارىدالماق	headword	738_1R.png	unverified
D02-00557	قارىدان	headword	738_1R.png	unverified
D02-00558	قارىدىماق	headword	738_1R.png	unverified
D02-00559	قارىسان	headword	738_1R.png	unverified
D02-00560	قارىسىغا	headword	738_1R.png	unverified
D02-00561	قارىشقۇ	headword	738_1R.png	unverified
D02-00562	قارىغان	headword	738_1R.png	unverified
D02-00563	قارىغاندا	headword	738_1R.png	unverified
D02-00564	قارىغاي	headword	738_1R.png	unverified
D02-00565	قارىغايزار	headword	738_1R.png	unverified
D02-00566	قارىغايزارلىق	headword	738_1R.png	unverified
D02-00567	قارىغايلىق	headword	738_1R.png	unverified
D02-00568	قارىغۇ	headword	738_1R.png	unverified
D02-00569	قارىغۇنى ياردا قىستىماق	headword	738_2L.png	unverified
D02-00570	قارىغۇجا	headword	738_2L.png	unverified
D02-00571	قارىغۇسىز	headword	738_2L.png	unverified
D02-00572	قارىغۇلارچە	headword	738_2L.png	unverified
D02-00573	قارىغۇلاشتۇرماق	headword	738_2L.png	unverified
D02-00574	قارىغۇلاشماق	headword	738_2L.png	unverified
D02-00575	قارىغۇلۇق	headword	738_2L.png	unverified
D02-00576	قارىقات	headword	738_2L.png	unverified
D02-00577	قارىقاش	headword	738_2L.png	unverified
D02-00578	قارىقوتۇر	headword	738_2L.png	verified
D02-00579	قارىقوغۇر	headword	738_2L.png	unverified
D02-00580	قارىقوش	headword	738_2L.png	unverified
D02-00581	قارىقۇشقاچ	headword	739_1R.png	verified
D02-00582	قارىقۇمچاق	headword	739_1R.png	unverified
D02-00583	قارىقۇيرۇق	headword	739_1R.png	verified
D02-00583-v1	جەرەن	variant	739_1R.png	verified
D02-00584	قارىكۆزەل	headword	739_1R.png	unverified
D02-00585	قارىكۆسەي	headword	739_1R.png	unverified
D02-00586	قارىكۈيە	headword	739_1R.png	unverified
D02-00587	قارىگۈل	headword	739_1R.png	unverified
D02-00588	قارىلاشماق	headword	739_1R.png	unverified
D02-00590	قارىلاق	headword	739_1R.png	unverified
D02-00591	قارىلانغۇچى	headword	739_1R.png	unverified
D02-00592	قارىلانماق	headword	739_1R.png	unverified
D02-00593	قارىلىغۇچى	headword	739_1R.png	unverified
D02-00594	قارىلىق	headword	739_1R.png	unverified
D02-00596	قارىلىماق	headword	739_2L.png	unverified
D02-00598	قارىم	headword	739_2L.png	unverified
D02-00599	قارىماتاق	headword	739_2L.png	unverified
D02-00600	قارىماستىن	headword	739_2L.png	unverified
D02-00601	قارىماق	headword	739_2L.png	unverified
D02-00602	قارىماققا	headword	740_1R.png	unverified
D02-00603	قارىماي	headword	740_1R.png	verified
D02-00603-v1	ئاسفالت	variant	740_1R.png	verified
D02-00605	قارىمايلاشتۇرماق	headword	740_1R.png	unverified
D02-00606	قارىمايلاشماق	headword	740_1R.png	unverified
D02-00607	قارىمايلىق	headword	740_1R.png	unverified
D02-00608	قارىمۇتۇق	headword	740_1R.png	unverified
D02-00609	قارىمۇچ	headword	740_1R.png	unverified
D02-00610	قارىمۇق	headword	740_1R.png	unverified
D02-00612	قارىمۇقارشى	headword	740_1R.png	unverified
D02-00613	قارىمۇقارشىلىق	headword	740_1R.png	unverified
D02-00614	قارىمىقىدا	headword	740_1R.png	verified
D02-00615	قارىن	headword	740_2L.png	verified
D02-00615-i1	قارنى	inflected	740_2L.png	verified
D02-00616	قارىنباغ	headword	740_2L.png	unverified
D02-00617	قارىئۆرۈك	headword	740_2L.png	unverified
D02-00618	قارىئۆڭكۈر	headword	740_2L.png	unverified
D02-00619	قارىئېجىرىق	headword	740_2L.png	unverified
D02-00620	قارىي	headword	740_2L.png	unverified
D02-00621	قارىياغاچ	headword	740_2L.png	unverified
D02-00622	قارىياغاچلىق	headword	740_2L.png	unverified
D02-00623	قارىياق	headword	740_2L.png	unverified
D02-00624	قارىچىلاپ	headword	740_2L.png	unverified
D02-00625	قارىخانا	headword	740_2L.png	unverified
D02-00626	قارىيلىق	headword	741_1R.png	unverified
D02-00627	قار - يامغۇر	headword	741_1R.png	unverified
D02-00628	قازا	headword	741_1R.png	unverified
D02-00629	قازارا	headword	741_1R.png	unverified
D02-00630	قازاق	headword	741_1R.png	unverified
D02-00631	قازاقچە	headword	741_1R.png	unverified
D02-00632	قازالىماق	headword	741_1R.png	verified
D02-00633	قازان	headword	741_1R.png	verified
D02-00634	قازانچاق	headword	741_1R.png	unverified
D02-00635	قازانچى	headword	741_1R.png	unverified
D02-00636	قازانچىلىق	headword	741_1R.png	unverified
D02-00636-i1	قازانچىلىقى	inflected	741_1R.png	unverified
D02-00637	قازانخانا	headword	741_1R.png	unverified
D02-00638	قازاندۇرماق	headword	741_1R.png	unverified
D02-00639	قازان - قومۇچ	headword	741_1R.png	unverified
D02-00640	قازانلىق	headword	741_2L.png	unverified
D02-00641	قازانماق	headword	741_2L.png	unverified
D02-00642	قازانيۇغۇچ	headword	741_2L.png	unverified
D02-00643	قازايىقەدەر	headword	741_2L.png	unverified
D02-00644	قازدۇرماق	headword	741_2L.png	unverified
D02-00645	قازدۇرۇلماق	headword	741_2L.png	unverified
D02-00646	قازما	headword	741_2L.png	unverified
D02-00647	قازماق	headword	741_2L.png	unverified
D02-00648	قازمىچىلىق	headword	741_2L.png	unverified
D02-00649	قازناق	headword	741_2L.png	unverified
D02-00650	قازى	headword	741_2L.png	unverified
D02-00651	قازىخانا	headword	741_2L.png	unverified
D02-00652	قازىزادە	headword	741_2L.png	unverified
D02-00653	قازى - قۇززات	headword	741_2L.png	verified
D02-00654	قازىكالان	headword	741_2L.png	unverified
D02-00655	قازىلىق	headword	742_1R.png	unverified
D02-00656	قازىنىشماق	headword	742_1R.png	unverified
D02-00657	قازىنىلماق	headword	742_1R.png	unverified
D02-00658	قاس	headword	742_1R.png	unverified
D02-00659	قاساتماق	headword	742_1R.png	unverified
D02-00661	قاساشماق	headword	742_1R.png	unverified
D02-00663	قاساق	headword	742_1R.png	verified
D02-00664	قاسالماق	headword	742_1R.png	unverified
D02-00665	قاسساپ	headword	742_1R.png	unverified
D02-00666	قاسساپچىلىق	headword	742_1R.png	unverified
D02-00667	قاسساپخانا	headword	742_1R.png	unverified
D02-00668	قاسساپلىق	headword	742_1R.png	unverified
D02-00669	قاسسىدە	headword	742_1R.png	unverified
D02-00670	قاس - قۇس	headword	742_1R.png	verified
D02-00671	قاسقان	headword	742_1R.png	unverified
D02-00672	قاسقانلىق	headword	742_1R.png	unverified
D02-00674	قاسماق	headword	742_1R.png	unverified
D02-00675	قاسماقلاشماق	headword	742_1R.png	unverified
D02-00676	قاسناق	headword	742_2L.png	unverified
D02-00677	قاسناقلىق	headword	742_2L.png	unverified
D02-00678	قاسراق	headword	742_2L.png	unverified
D02-00679	قاسراقچە	headword	742_2L.png	unverified
D02-00680	قاسراقسىز	headword	742_2L.png	unverified
D02-00681	قاسراقلىق	headword	742_2L.png	unverified
D02-00682	قاسىر - قۇسۇر	headword	742_2L.png	unverified
D02-00683	قاسىرماق	headword	742_2L.png	unverified
D02-00684	قاسىلداتماق	headword	742_2L.png	unverified
D02-00685	قاسىلداشماق	headword	742_2L.png	unverified
D02-00686	قاسىلدىماق	headword	742_2L.png	unverified
D02-00689	قاش	headword	742_2L.png	unverified
D02-00690	قاش قارايماق	headword	742_2L.png	unverified
D02-00693	قاشا	headword	743_1R.png	verified
D02-00693-i1	قاشاسى	inflected	743_1R.png	verified
D02-00694	قاشارتماق	headword	743_1R.png	unverified
D02-00695	قاشارتىلماق	headword	743_1R.png	unverified
D02-00696	قاشارماق	headword	743_1R.png	unverified
D02-00697	قاشاق	headword	743_1R.png	unverified
D02-00698	قاشاڭ	headword	743_1R.png	unverified
D02-00700	قاشاڭلاشتۇرماق	headword	743_1R.png	unverified
D02-00701	قاشاڭلاشتۇرۇلماق	headword	743_1R.png	unverified
D02-00702	قاشاڭلاشماق	headword	743_1R.png	unverified
D02-00703	قاشالاتماق	headword	743_2L.png	verified
D02-00704	قاشالاشماق	headword	743_2L.png	unverified
D02-00705	قاشالانماق	headword	743_2L.png	unverified
D02-00706	قاشالىق	headword	743_2L.png	unverified
D02-00707	قاشالىماق	headword	743_2L.png	unverified
D02-00708	قاشتاش	headword	743_2L.png	unverified
D02-00709	قاشتاشچى	headword	743_2L.png	unverified
D02-00710	قاشتاشسىمان	headword	743_2L.png	verified
D02-00711	قاششاق	headword	743_2L.png	unverified
D02-00712	قاششاقلاشتۇرماق	headword	743_2L.png	verified
D02-00713	قاششاقلاشتۇرۇشماق	headword	743_2L.png	verified
D02-00714	قاششاقلاشتۇرۇلماق	headword	743_2L.png	verified
D02-00715	قاششاقلاشماق	headword	743_2L.png	verified
D02-00716	قاششاقلىق	headword	743_2L.png	verified
D02-00717	قاشقا	headword	743_2L.png	verified
D02-00718	قاش - قاپاق	headword	743_2L.png	unverified
D02-00719	قاشقالداق	headword	743_2L.png	unverified
D02-00720	قاشقەلەم	headword	744_1R.png	verified
D02-00721	قاشقىر	headword	744_1R.png	unverified
D02-00722	قاشقىلىق	headword	744_1R.png	unverified
D02-00723	قاشقىنا	headword	744_1R.png	unverified
D02-00724	قاشقىئوغلاق	headword	744_1R.png	unverified
D02-00725	قاش- كۆز	headword	744_1R.png	unverified
D02-00726	قاش- كىرپىك	headword	744_1R.png	unverified
D02-00727	قاشلاتماق	headword	744_1R.png	unverified
D02-00728	قاشلاشماق	headword	744_1R.png	unverified
D02-00729	قاشلانماق	headword	744_1R.png	unverified
D02-00730	قاشلىغۇچ	headword	744_1R.png	unverified
D02-00731	قاشلىق	headword	744_1R.png	unverified
D02-00732	قاشلىقئوت	headword	744_1R.png	unverified
D02-00733	قاشلىماق	headword	744_1R.png	unverified
D02-00735	قاغا	headword	744_1R.png	unverified
D02-00736	قاغا پوق يېمەستە	headword	744_1R.png	unverified
D02-00737	قاغا پۇتى	headword	744_1R.png	verified
D02-00738	قاغا- قوزغۇن	headword	744_1R.png	unverified
D02-00739	قاغان	headword	744_2L.png	unverified
D02-00740	قاغجال	headword	744_2L.png	unverified
D02-00741	قاغجالما	headword	744_2L.png	unverified
D02-00742	قاغجالمىلىق	headword	744_2L.png	unverified
D02-00743	قاغجىراتماق	headword	744_2L.png	unverified
D02-00744	قاغجىراشماق	headword	744_2L.png	unverified
D02-00745	قاغجىراق	headword	744_2L.png	unverified
D02-00746	قاغجىرىماق	headword	744_2L.png	unverified
D02-00747	قاغداڭ	headword	744_2L.png	unverified
D02-00748	قاغدال	headword	744_2L.png	unverified
D02-00749	قاغدالما	headword	744_2L.png	unverified
D02-00750	قاغدالماق	headword	744_2L.png	unverified
D02-00751	قاغدالمىلاشماق	headword	744_2L.png	unverified
D02-00752	قاغدالمىلىق	headword	744_2L.png	unverified
D02-00753	قاغدام	headword	744_2L.png	unverified
D02-00754	قاغىتۇمشۇق	headword	744_2L.png	verified
D02-00755	قاغىتىرناق	headword	744_2L.png	verified
D02-00756	قاغىقامغىقى	headword	744_2L.png	verified
D02-00757	قاق	headword	745_1R.png	verified
D02-00759	قاق سەنەم	headword	745_1R.png	unverified
D02-00762	قاقاچ	headword	745_1R.png	unverified
D02-00763	قاقاس	headword	745_1R.png	unverified
D02-00764	قاقاسچىلىق	headword	745_1R.png	unverified
D02-00765	قاقاسلاشتۇرماق	headword	745_1R.png	unverified
D02-00766	قاقاسلاشماق	headword	745_1R.png	unverified
D02-00767	قاقاسلىق	headword	745_1R.png	unverified
D02-00768	قاقاق	headword	745_1R.png	unverified
D02-00769	قاقاقلاتماق	headword	745_1R.png	unverified
D02-00770	قاقاقلاشماق	headword	745_1R.png	verified
D02-00771	قاقاقلىماق	headword	745_2L.png	unverified
D02-00772	قاقباش	headword	745_2L.png	unverified
D02-00773	قاقباشلىق	headword	745_2L.png	unverified
D02-00774	قاقتەك	headword	745_2L.png	unverified
D02-00775	قاقتۇرماق	headword	745_2L.png	unverified
D02-00776	قاقتۇرۇشماق	headword	745_2L.png	unverified
D02-00777	قاقتۇرۇلماق	headword	745_2L.png	unverified
D02-00778	قاقتى - سوقتى	headword	745_2L.png	unverified
D02-00779	قاقشاتقۇچ	headword	745_2L.png	unverified
D02-00780	قاقشاتماق	headword	745_2L.png	unverified
D02-00781	قاقشاشماق	headword	745_2L.png	unverified
D02-00782	قاقشال	headword	745_2L.png	unverified
D02-00783	قاقشاللاشماق	headword	745_2L.png	verified
D02-00784	قاقشاللىق	headword	745_2L.png	unverified
D02-00785	قاقشاماق	headword	745_2L.png	unverified
D02-00786	قاق - قاق	headword	746_1R.png	unverified
D02-00787	قاق - قۇق	headword	746_1R.png	unverified
D02-00788	قاقلاتماق	headword	746_1R.png	unverified
D02-00789	قاقلاشماق	headword	746_1R.png	unverified
D02-00790	قاقلانماق	headword	746_1R.png	unverified
D02-00791	قاقلىما	headword	746_1R.png	unverified
D02-00792	قاقلىماق	headword	746_1R.png	unverified
D02-00793	قاقما	headword	746_1R.png	unverified
D02-00795	قاقماق	headword	746_1R.png	unverified
D02-00796	قاقىر	headword	746_1R.png	unverified
D02-00797	قاقىرام	headword	746_2L.png	unverified
D02-00798	قاقىرتۇمشۇق	headword	746_2L.png	unverified
D02-00799	قاقىلاق	headword	746_2L.png	unverified
D02-00800	قاقىلاي - سوقىلاي	headword	746_2L.png	unverified
D02-00801	قاقىلە	headword	746_2L.png	unverified
D02-00802	قاقىلداتماق	headword	746_2L.png	unverified
D02-00803	قاقىلداشماق	headword	746_2L.png	unverified
D02-00804	قاقىلدىماق	headword	746_2L.png	unverified
D02-00805	قاڭالتىر	headword	746_2L.png	unverified
D02-00806	قاڭالتىرچى	headword	746_2L.png	unverified
D02-00807	قاڭالتىرچىلىق	headword	746_2L.png	unverified
D02-00808	قاڭالتىرلاتماق	headword	746_2L.png	unverified
D02-00809	قاڭالتىرلاشماق	headword	746_2L.png	unverified
D02-00810	قاڭالتىرلانماق	headword	746_2L.png	unverified
D02-00811	قاڭالتىرلىق	headword	746_2L.png	unverified
D02-00812	قاڭالتىرلىماق	headword	746_2L.png	unverified
D02-00813	قاڭتايتماق	headword	746_2L.png	unverified
D02-00814	قاڭتايماق	headword	746_2L.png	unverified
D02-00815	قاڭتۇرغۇزماق	headword	746_2L.png	unverified
D02-00816	قاڭتۇرماق	headword	746_2L.png	unverified
D02-00817	قاڭتۇرۇشماق	headword	747_1R.png	unverified
D02-00818	قاڭتۇرۇق	headword	747_1R.png	unverified
D02-00819	قاڭتۇرۇقلۇق	headword	747_1R.png	unverified
D02-00820	قاڭتۇرۇلماق	headword	747_1R.png	unverified
D02-00821	قاڭرۇق	headword	747_1R.png	unverified
D02-00822	قاڭرۇقلۇق	headword	747_1R.png	unverified
D02-00823	قاڭسىتماق	headword	747_1R.png	unverified
D02-00824	قاڭسىق	headword	747_1R.png	unverified
D02-00825	قاڭسىماق	headword	747_1R.png	unverified
D02-00826	قاڭشار	headword	747_1R.png	unverified
D02-00827	قاڭشارلىق	headword	747_1R.png	unverified
D02-00828	قاڭغۇر	headword	747_1R.png	unverified
D02-00829	قاڭغىر	headword	747_1R.png	unverified
D02-00830	قاڭقايتماق	headword	747_1R.png	unverified
D02-00831	قاڭقىتماق	headword	747_1R.png	unverified
D02-00832	قاڭقىرا	headword	747_1R.png	verified
D02-00833	قاڭقىغاق	headword	747_1R.png	unverified
D02-00834	قاڭقىل	headword	747_1R.png	unverified
D02-00835	قاڭقىماق	headword	747_1R.png	unverified
D02-00836	قالاتماق	headword	747_1R.png	unverified
D02-00837	قالاشماق	headword	747_1R.png	unverified
D02-00838	قالاق	headword	747_2L.png	unverified
D02-00841	قالاقلاشتۇرماق	headword	747_2L.png	unverified
D02-00842	قالاقلاشماق	headword	747_2L.png	unverified
D02-00843	قالاقلىق	headword	747_2L.png	unverified
D02-00844	قالام	headword	747_2L.png	verified
D02-00845	قالانماق	headword	747_2L.png	verified
D02-00846	قالايمىقان	headword	747_2L.png	verified
D02-00847	قالايمىقانچىلىق	headword	747_2L.png	unverified
D02-00848	قالايمىقانلاشتۇرغۇچى	headword	747_2L.png	unverified
D02-00849	قالايمىقانلاشتۇرۇشماق	headword	747_2L.png	verified
D02-00850	قالايمىقانلاشتۇرماق	headword	747_2L.png	unverified
D02-00851	قالايمىقانلاشتۇرۇلماق	headword	747_2L.png	unverified
D02-00852	قالايمىقانلاشماق	headword	748_1R.png	unverified
D02-00853	قالايمىقانلىق	headword	748_1R.png	unverified
D02-00854	قالپاق	headword	748_1R.png	unverified
D02-00855	قالپاقچى	headword	748_1R.png	unverified
D02-00856	قالپاقسىمان	headword	748_1R.png	unverified
D02-00857	قالپاقلاشماق	headword	748_1R.png	unverified
D02-00858	قالپاقلىق	headword	748_1R.png	unverified
D02-00859	قالتار	headword	748_1R.png	unverified
D02-00860	قالتىرىماق	headword	748_1R.png	verified
D02-00861	قالتىس	headword	748_1R.png	unverified
D02-00862	قالتىسلىق	headword	748_1R.png	unverified
D02-00863	قالجاق	headword	748_1R.png	verified
D02-00864	قالدۇرماق	headword	748_1R.png	unverified
D02-00865	قالدۇرۇشماق	headword	748_1R.png	unverified
D02-00866	قالدۇرۇق	headword	748_1R.png	unverified
D02-00867	قالدۇرۇلماق	headword	748_1R.png	unverified
D02-00868	قالدۇق	headword	748_2L.png	unverified
D02-00869	قالدۇقسىز	headword	748_2L.png	unverified
D02-00870	قالدۇقلۇق	headword	748_2L.png	unverified
D02-00871	قالدى	headword	748_2L.png	unverified
D02-00872	قالدىراق	headword	748_2L.png	unverified
D02-00873	قالدى - قاتتى	headword	748_2L.png	unverified
D02-00874	قالغان - قاتقان	headword	748_2L.png	unverified
D02-00875	قالغايتا	headword	748_2L.png	verified
D02-00876	قالقا	headword	748_2L.png	unverified
D02-00877	قالقان	headword	748_2L.png	unverified
D02-00879	قالقانسىز	headword	748_2L.png	unverified
D02-00880	قالقانسىمان	headword	748_2L.png	unverified
D02-00881	قالقانگۈل	headword	748_2L.png	unverified
D02-00882	قالقانلىق	headword	748_2L.png	unverified
D02-00883	قالماق	headword	748_2L.png	unverified
D02-00885	قالون	headword	749_2L.png	unverified
D02-00886	قالۇنچى	headword	750_1R.png	unverified
D02-00887	قالىق	headword	750_1R.png	unverified
D02-00888	قالىماق	headword	750_1R.png	verified
D02-00889	قاما	headword	750_1R.png	unverified
D02-00890	قاماتماق	headword	750_1R.png	unverified
D02-00892	قاماشتۇرماق	headword	750_1R.png	unverified
D02-00893	قاماشماق	headword	750_1R.png	unverified
D02-00895	قاماق	headword	750_1R.png	verified
D02-00896	قاماقلىق	headword	750_1R.png	unverified
D02-00897	قامال	headword	750_1R.png	unverified
D02-00898	قامال قىلماق	headword	750_1R.png	unverified
D02-00899	قاماللاتماق	headword	750_1R.png	unverified
D02-00900	قاماللاشماق	headword	750_1R.png	unverified
D02-00901	قاماللانماق	headword	750_1R.png	unverified
D02-00902	قامالماق	headword	750_2L.png	verified
D02-00903	قامان	headword	750_2L.png	unverified
D02-00904	قامەت	headword	750_2L.png	unverified
D02-00905	قامەتلىك	headword	750_2L.png	unverified
D02-00906	قامچا	headword	750_2L.png	unverified
D02-00907	قامچىسىدىن قان تامماق	headword	750_2L.png	unverified
D02-00908	قامچىسىغا تۈكۈرمەك	headword	750_2L.png	unverified
D02-00909	قامچىسىز	headword	750_2L.png	unverified
D02-00910	قامچىسىمان	headword	750_2L.png	unverified
D02-00911	قامچىگۈل	headword	750_2L.png	unverified
D02-00912	قامچىلاتماق	headword	750_2L.png	unverified
D02-00913	قامچىلاشماق	headword	750_2L.png	unverified
D02-00914	قامچىلانماق	headword	750_2L.png	unverified
D02-00915	قامچىلىق	headword	750_2L.png	unverified
D02-00916	قامچىلىماق	headword	750_2L.png	unverified
D02-00917	قامچىئوت	headword	751_1R.png	unverified
D02-00918	قامداتماق	headword	751_1R.png	unverified
D02-00919	قامداشماق	headword	751_1R.png	verified
D02-00920	قامدالماق	headword	751_1R.png	unverified
D02-00921	قامدىماق	headword	751_1R.png	unverified
D02-00923	قامغاق	headword	751_1R.png	unverified
D02-00924	قامغاقلىق	headword	751_1R.png	unverified
D02-00925	قاملاشتۇرماق	headword	751_1R.png	unverified
D02-00926	قاملاشتۇرۇشماق	headword	751_1R.png	unverified
D02-00927	قاملاشقان	headword	751_1R.png	unverified
D02-00928	قاملاشماق	headword	751_1R.png	unverified
D02-00929	قاملاشمىغان	headword	751_1R.png	verified
D02-00930	قامۇس	headword	751_2L.png	unverified
D02-00931	قامۇسچاق	headword	751_2L.png	unverified
D02-00932	قامۇسچە	headword	751_2L.png	unverified
D02-00933	قامۇسچى	headword	751_2L.png	unverified
D02-00934	قامۇسلۇق	headword	751_2L.png	unverified
D02-00935	قامۇسنامە	headword	751_2L.png	unverified
D02-00936	قامىماق	headword	751_2L.png	unverified
D02-00938	قان	headword	751_2L.png	unverified
D02-00939	قان ئاققۇزماق	headword	751_2L.png	verified
D02-00940	قان ئىچەر	headword	752_1R.png	verified
D02-00941	قان ئىچمەك	headword	752_1R.png	unverified
D02-00942	قان يۇتماق	headword	752_1R.png	unverified
D02-00943	قېنى قىزىق	headword	752_1R.png	unverified
D02-00944	قانائەت	headword	752_1R.png	unverified
D02-00945	قانائەتچان	headword	752_1R.png	unverified
D02-00946	قانائەتچانلىق	headword	752_1R.png	unverified
D02-00947	قانائەتسىز	headword	752_1R.png	unverified
D02-00948	قانائەتسىزلىك	headword	752_1R.png	unverified
D02-00949	قانائەتلەندۈرەرلىك	headword	752_1R.png	verified
D02-00950	قانائەتلەندۈرۈشمەك	headword	752_1R.png	unverified
D02-00951	قانائەتلەندۈرۈلمەك	headword	752_1R.png	unverified
D02-00952	قانائەتلەنمەك	headword	752_1R.png	unverified
D02-00953	قانائەتلىك	headword	752_2L.png	unverified
D02-00954	قانائەتلىنەرلىك	headword	752_2L.png	unverified
D02-00955	قانائەتلىنىشمەك	headword	752_2L.png	unverified
D02-00956	قانات	headword	752_2L.png	unverified
D02-00957	قانات ئاستىغا ئالماق	headword	752_2L.png	unverified
D02-00958	قانات سۆرىمەك	headword	752_2L.png	unverified
D02-00959	قانات ياپماق	headword	752_2L.png	unverified
D02-00960	قانات يايماق	headword	752_2L.png	unverified
D02-00961	قانىتى سۇنماق	headword	752_2L.png	unverified
D02-00961-v1	قانتى قايرىلماق	variant	752_2L.png	unverified
D02-00962	قانىتى سۇنۇق	headword	753_1R.png	unverified
D02-00963	قانىتىغا قىسماق	headword	753_1R.png	verified
D02-00964	قانىتى قايرىلماق	headword	753_1R.png	unverified
D02-00965	قاناتسىز	headword	753_1R.png	unverified
D02-00966	قاناتسىزلىق	headword	753_1R.png	unverified
D02-00967	قاناتسىمان	headword	753_1R.png	unverified
D02-00968	قانات - قۇيرۇق	headword	753_1R.png	unverified
D02-00969	قاناتلاندۇرماق	headword	753_1R.png	unverified
D02-00970	قاناتلاندۇرۇلماق	headword	753_1R.png	unverified
D02-00971	قاناتلانماق	headword	753_1R.png	unverified
D02-00972	قاناتلىق	headword	753_1R.png	unverified
D02-00973	قاناتماق	headword	753_1R.png	unverified
D02-00974	قاناشماق	headword	753_1R.png	unverified
D02-00975	قانال	headword	753_1R.png	unverified
D02-00976	قان-تەر	headword	753_2L.png	unverified
D02-00977	قانتېپەر	headword	753_2L.png	unverified
D02-00978	قانجۇق	headword	753_2L.png	unverified
D02-00979	قانچە	headword	753_2L.png	unverified
D02-00980	قانچە-قانچە	headword	753_2L.png	unverified
D02-00981	قانچە-قانچىلاپ	headword	753_2L.png	unverified
D02-00982	قانچەيلەن	headword	753_2L.png	unverified
D02-00983	قانچىچە	headword	753_2L.png	unverified
D02-00984	قانچىكى	headword	753_2L.png	unverified
D02-00985	قانچىلاپ	headword	753_2L.png	unverified
D02-00986	قانچىلىغان	headword	753_2L.png	unverified
D02-00987	قانچىلىك	headword	753_2L.png	unverified
D02-00988	قانچىنچى	headword	754_1R.png	unverified
D02-00989	قانخور	headword	754_1R.png	unverified
D02-00990	قانخورلۇق	headword	754_1R.png	unverified
D02-00991	قانخۇمار	headword	754_1R.png	unverified
D02-00992	قانداش	headword	754_1R.png	unverified
D02-00993	قانداشلىق	headword	754_1R.png	unverified
D02-00994	قانداق	headword	754_1R.png	unverified
D02-00995	قانداقتۇر	headword	754_1R.png	unverified
D02-00996	قانداقچە	headword	754_2L.png	unverified
D02-00997	قانداقچىسىغا	headword	754_2L.png	unverified
D02-00998	قانداقلارچە	headword	754_2L.png	unverified
D02-00999	قانداقلىكى	headword	754_2L.png	unverified
D02-01000	قانداقمۇ	headword	754_2L.png	unverified
D02-01001	قاندۇرماق	headword	754_2L.png	unverified
D02-01002	قاندۇرۇشماق	headword	754_2L.png	unverified
D02-01003	قاندۇرۇلماق	headword	754_2L.png	unverified
D02-01004	قاندىقىسىغا	headword	754_2L.png	verified
D02-01005	قاندىماق	headword	754_2L.png	unverified
D02-01006	قان - زەرداب	headword	754_2L.png	verified
D02-01007	قانسىراتماق	headword	754_2L.png	unverified
D02-01008	قانسىراشماق	headword	754_2L.png	unverified
D02-01009	قانسىرىتىلماق	headword	754_2L.png	verified
D02-01010	قانسىرىماق	headword	754_2L.png	unverified
D02-01011	قانسىز	headword	754_2L.png	unverified
D02-01012	قانسىزلانماق	headword	755_1R.png	verified
D02-01013	قانسىزلىق	headword	755_1R.png	unverified
D02-01014	قان-قان	headword	755_1R.png	unverified
D02-01015	قان - قېنىغا سېڭىپ كەتمەك	headword	755_1R.png	verified
D02-01016	قانلانماق	headword	755_1R.png	unverified
D02-01017	قانلىق	headword	755_1R.png	unverified
D02-01018	قانماق	headword	755_1R.png	unverified
D02-01019	قانۇن	headword	755_1R.png	unverified
D02-01020	قانۇن - پەرمان	headword	755_2L.png	unverified
D02-01021	قانۇن - تۈزۈم	headword	755_2L.png	unverified
D02-01022	قانۇنچاق	headword	755_2L.png	unverified
D02-01023	قانۇنچە	headword	755_2L.png	unverified
D02-01024	قانۇنچى	headword	755_2L.png	unverified
D02-01025	قانۇنچىلىق	headword	755_2L.png	unverified
D02-01026	قانۇنسىز	headword	755_2L.png	unverified
D02-01027	قانۇنسىزلارچە	headword	755_2L.png	unverified
D02-01028	قانۇنسىزلىق	headword	755_2L.png	unverified
D02-01029	قانۇنشۇناس	headword	755_2L.png	unverified
D02-01030	قانۇنشۇناسلىق	headword	755_2L.png	unverified
D02-01031	قانۇنلاشتۇرماق	headword	755_2L.png	unverified
D02-01032	قانۇنلاشتۇرۇشماق	headword	755_2L.png	verified
D02-01033	قانۇنلاشتۇرۇلماق	headword	756_1R.png	verified
D02-01034	قانۇنلاشماق	headword	756_1R.png	unverified
D02-01035	قانۇنلۇق	headword	756_1R.png	unverified
D02-01036	قانۇن-نىزام	headword	756_1R.png	unverified
D02-01037	قانۇن-ئىنتىزام	headword	756_1R.png	unverified
D02-01038	قانۇنىي	headword	756_1R.png	unverified
D02-01039	قانۇنىيەت	headword	756_1R.png	unverified
D02-01040	قانۇنىيەتسىز	headword	756_1R.png	unverified
D02-01041	قانۇنىيەتسىزلىك	headword	756_1R.png	unverified
D02-01042	قانۇنىيەتلىك	headword	756_1R.png	unverified
D02-01043	قانۇنىيلاشتۇرماق	headword	756_1R.png	verified
D02-01044	قانۇنىيلاشتۇرۇشماق	headword	756_1R.png	verified
D02-01045	قانۇنىيلاشتۇرۇلماق	headword	756_1R.png	verified
D02-01046	قانۇنىيلاشماق	headword	756_2L.png	verified
D02-01047	قانۇنىيلىق	headword	756_2L.png	unverified
D02-01048	قانۇن-ياساق	headword	756_2L.png	unverified
D02-01049	قانىسە	headword	756_2L.png	unverified
D02-01050	قانىغاق	headword	756_2L.png	unverified
D02-01051	قانىماق	headword	756_2L.png	unverified
D02-01052	قان-ياش	headword	756_2L.png	unverified
D02-01053	قان-يىرىڭ	headword	756_2L.png	unverified
D02-01054	قاھ-قاھ	headword	756_2L.png	unverified
D02-01055	قاقاھلىماق	headword	756_2L.png	verified
D02-01056	قاۋاتماق	headword	756_2L.png	unverified
D02-01057	قاۋاشماق	headword	756_2L.png	unverified
D02-01058	قاۋاق	headword	756_2L.png	unverified
D02-01060	قاۋاقچى	headword	756_2L.png	unverified
D02-01061	قاۋاقخانا	headword	756_2L.png	unverified
D02-01062	قاۋالماق	headword	756_2L.png	unverified
D02-01063	قاۋاماش	headword	756_2L.png	unverified
D02-01064	قاۋان	headword	756_2L.png	unverified
D02-01065	قاۋانلىق	headword	756_2L.png	unverified
D02-01066	قاۋشىماق	headword	756_2L.png	verified
D02-01067	قاۋ-قاۋ	headword	756_2L.png	unverified
D02-01068	قاۋۇل	headword	756_2L.png	unverified
D02-01069	قاۋۇللاشماق	headword	757_1R.png	unverified
D02-01070	قاۋۇللۇق	headword	757_1R.png	unverified
D02-01071	قاۋىماق	headword	757_1R.png	unverified
D02-01073	قائىدە	headword	757_1R.png	unverified
D02-01074	قائىدە-تۈزۈم	headword	757_1R.png	unverified
D02-01075	قائىدە-يوسۇن	headword	757_1R.png	unverified
D02-01076	قائىدە-يوسۇنلۇق	headword	757_1R.png	unverified
D02-01077	قائىدىچانلىق	headword	757_1R.png	unverified
D02-01078	قائىدىسىز	headword	757_1R.png	unverified
D02-01079	قائىدىسىزلىق	headword	757_1R.png	verified
D02-01080	قائىدىلەشتۈرمەك	headword	757_1R.png	unverified
D02-01081	قائىدىلەشتۈرۈلمەك	headword	757_1R.png	unverified
D02-01082	قائىدىلەشمەك	headword	757_2L.png	unverified
D02-01083	قائىدىلىك	headword	757_2L.png	unverified
D02-01084	قائىدىۋى	headword	757_2L.png	unverified
D02-01085	قاي	headword	757_2L.png	unverified
D02-01086	قاياش	headword	757_2L.png	unverified
D02-01087	قاياق	headword	757_2L.png	unverified
D02-01088	قايان	headword	757_2L.png	unverified
D02-01089	قايتا	headword	757_2L.png	unverified
D02-01090	قايتا - قايتا	headword	757_2L.png	unverified
D02-01091	قايتما	headword	757_2L.png	unverified
D02-01092	قايتماس	headword	757_2L.png	unverified
D02-01093	قايتماسلىق	headword	757_2L.png	unverified
D02-01094	قايتماق	headword	757_2L.png	unverified
D02-01095	قايتۇرغۇچ	headword	758_1R.png	unverified
D02-01096	قايتۇرما	headword	758_1R.png	unverified
D02-01097	قايتۇرماق	headword	758_1R.png	unverified
D02-01098	قايتۇرۇشچان	headword	758_1R.png	unverified
D02-01099	قايتۇرۇشچانلىق	headword	758_1R.png	unverified
D02-01100	قايتۇرۇشماق	headword	758_1R.png	unverified
D02-01101	قايتۇرۇلماق	headword	758_1R.png	unverified
D02-01102	قايتىباشتىن	headword	758_1R.png	unverified
D02-01103	قايتىدىن	headword	758_1R.png	unverified
D02-01104	قايتىشچان	headword	758_1R.png	unverified
D02-01105	قايتىشچانلىق	headword	758_1R.png	unverified
D02-01106	قايتىشماق	headword	758_1R.png	unverified
D02-01107	قايتىلاتماق	headword	758_1R.png	unverified
D02-01108	قايتىلاشماق	headword	758_2L.png	unverified
D02-01109	قايتىلانما	headword	758_2L.png	unverified
D02-01110	قايتىلانماق	headword	758_2L.png	unverified
D02-01111	قايتىلىما	headword	758_2L.png	unverified
D02-01112	قايتىلىماق	headword	758_2L.png	unverified
D02-01113	قايچا	headword	758_2L.png	unverified
D02-01114	قايچىسىمان	headword	758_2L.png	unverified
D02-01115	قايچىقۇدا	headword	758_2L.png	unverified
D02-01116	قايچىلاتماق	headword	758_2L.png	unverified
D02-01117	قايچىلاش	headword	758_2L.png	unverified
D02-01118	قايچىلاشتۇرماق	headword	758_2L.png	unverified
D02-01119	قايچىلاشتۇرۇلماق	headword	758_2L.png	unverified
D02-01120	قايچىلاشماق	headword	758_2L.png	unverified
D02-01121	قايچىلانما	headword	758_2L.png	unverified
D02-01122	قايچىلانماق	headword	758_2L.png	unverified
D02-01123	قايچىلىق	headword	758_2L.png	unverified
D02-01124	قايچىلىما	headword	758_2L.png	verified
D02-01125	قايچىلىماق	headword	758_2L.png	unverified
D02-01126	قايدا	headword	759_1R.png	unverified
D02-01127	قايدۇرماق	headword	759_1R.png	unverified
D02-01128	قايدۇرۇشماق	headword	759_1R.png	unverified
D02-01129	قايدۇرۇلماق	headword	759_1R.png	unverified
D02-01130	قايراق	headword	759_1R.png	verified
D02-01131	قايرىتماق	headword	759_1R.png	verified
D02-01132	قايرىشتۇرماق	headword	759_1R.png	unverified
D02-01133	قايرىشماق	headword	759_1R.png	unverified
D02-01134	قايرىلما	headword	759_1R.png	unverified
D02-01135	قايرىلماق	headword	759_1R.png	unverified
D02-01136	قايرىلىشماق	headword	759_1R.png	unverified
D02-01137	قايرىما	headword	759_1R.png	unverified
D02-01138	قايرىماق	headword	759_1R.png	unverified
D02-01139	قايسى	headword	759_1R.png	unverified
D02-01140	قايسىبىر	headword	759_1R.png	unverified
D02-01141	قايسىكى	headword	759_2L.png	verified
D02-01142	قايغۇ	headword	759_2L.png	unverified
D02-01143	قايغۇ - ئەلەم	headword	759_2L.png	unverified
D02-01144	قايغۇرتماق	headword	759_2L.png	unverified
D02-01145	قايغۇرماق	headword	759_2L.png	unverified
D02-01146	قايغۇرۇشماق	headword	759_2L.png	unverified
D02-01147	قايغۇ - زار	headword	759_2L.png	unverified
D02-01148	قايغۇسىز	headword	759_2L.png	unverified
D02-01149	قايغۇسىزلىق	headword	759_2L.png	unverified
D02-01150	قايغۇلۇق	headword	759_2L.png	unverified
D02-01151	قايغۇ - ھەسرەت	headword	759_2L.png	unverified
D02-01152	قايماق	headword	759_2L.png	unverified
D02-01154	قايماقتەك	headword	759_2L.png	verified
D02-01155	قايماقسىز	headword	760_1R.png	unverified
D02-01156	قايماقلىق	headword	760_1R.png	unverified
D02-01157	قايمال	headword	760_1R.png	verified
D02-01158	قايمۇقتۇرماق	headword	760_1R.png	unverified
D02-01159	قايمۇقتۇرۇشماق	headword	760_1R.png	unverified
D02-01160	قايمۇقتۇرۇلماق	headword	760_1R.png	unverified
D02-01161	قايمۇقماق	headword	760_1R.png	unverified
D02-01162	قايمۇقۇشماق	headword	760_1R.png	unverified
D02-01163	قايناتما	headword	760_1R.png	unverified
D02-01164	قايناتماق	headword	760_1R.png	unverified
D02-01165	قايناتسا شورپىسى قوشۇلمايدىغان	headword	760_1R.png	verified
D02-01166	قايناش	headword	760_1R.png	unverified
D02-01167	قايناشماق	headword	760_1R.png	unverified
D02-01168	قايناق	headword	760_1R.png	unverified
D02-01169	قاينام	headword	760_2L.png	unverified
D02-01170	قاينام-تاشقىن	headword	760_2L.png	unverified
D02-01171	قاينام-تاشقىنلىق	headword	760_2L.png	unverified
D02-01172	قايناملىق	headword	760_2L.png	unverified
D02-01173	قاينىتىشماق	headword	760_2L.png	unverified
D02-01174	قاينىتىلما	headword	760_2L.png	unverified
D02-01175	قاينىتىلماق	headword	760_2L.png	unverified
D02-01176	قاينىماق	headword	760_2L.png	unverified
D02-01177	قايىل	headword	760_2L.png	unverified
D02-01178	قايىللىق	headword	760_2L.png	unverified
D02-01179	قايىم	headword	760_2L.png	unverified
D02-01180	قايىم بولماق	headword	760_2L.png	unverified
D02-01181	قەبرە	headword	760_2L.png	unverified
D02-01182	قەبرەچىلىك	headword	761_1R.png	unverified
D02-01183	قەبرىستان	headword	761_1R.png	unverified
D02-01184	قەبرىستانلىق	headword	761_1R.png	unverified
D02-01185	قەبرىگاھ	headword	761_1R.png	unverified
D02-01186	قەبرىگاھلىق	headword	761_1R.png	unverified
D02-01187	قەبىلە	headword	761_1R.png	unverified
D02-01188	قەبىلىچىلىك	headword	761_1R.png	unverified
D02-01189	قەبىلىلىك	headword	761_1R.png	unverified
D02-01190	قەبىلىۋاز	headword	761_1R.png	unverified
D02-01191	قەبىلىۋازلىق	headword	761_1R.png	unverified
D02-01192	قەبىلىۋى	headword	761_1R.png	unverified
D02-01193	قەبىھ	headword	761_1R.png	unverified
D02-01194	قەبىھلەشتۈرمەك	headword	761_1R.png	unverified
D02-01195	قەبىھلەشمەك	headword	761_1R.png	unverified
D02-01196	قەبىھلىك	headword	761_1R.png	unverified
D02-01197	قەپەس	headword	761_1R.png	unverified
D02-01198	قەپەسسىمان	headword	761_2L.png	unverified
D02-01199	قەپەسئوت	headword	761_2L.png	unverified
D02-01200	قەپىزەك	headword	761_2L.png	unverified
D02-01201	قەترە	headword	761_2L.png	unverified
D02-01202	قەتل	headword	761_2L.png	unverified
D02-01203	قەتلە	headword	761_2L.png	unverified
D02-01204	قەتلىئام	headword	761_2L.png	unverified
D02-01205	قەتلىگاھ	headword	761_2L.png	unverified
D02-01206	قەتئىي	headword	761_2L.png	unverified
D02-01207	قەتئىيەت	headword	762_1R.png	unverified
D02-01208	قەتئىيەتسىز	headword	762_1R.png	unverified
D02-01209	قەتئىيەتسىزلىك	headword	762_1R.png	unverified
D02-01210	قەتئىيەتلىك	headword	762_1R.png	unverified
D02-01211	قەتئىيلەشتۈرمەك	headword	762_1R.png	verified
D02-01212	قەتئىيلەشتۈرۈشمەك	headword	762_1R.png	verified
D02-01213	قەتئىيلەشتۈرۈلمەك	headword	762_1R.png	unverified
D02-01214	قەتئىيلەشمەك	headword	762_1R.png	unverified
D02-01215	قەتئىيلىك	headword	762_1R.png	unverified
D02-01216	قەتئىينەزەر	headword	762_1R.png	unverified
D02-01217	قەد	headword	762_1R.png	verified
D02-01217-i1	قەددى	inflected	762_1R.png	verified
D02-01218	قەد كۆتۈرمەك	headword	762_1R.png	unverified
D02-01219	قەدەر	headword	762_2L.png	unverified
D02-01220	قەدەم	headword	762_2L.png	unverified
D02-01221	قەدەم تەشرىپ قىلماق	headword	762_2L.png	unverified
D02-01222	قەدەمداش	headword	762_2L.png	unverified
D02-01223	قەدەمداشلىق	headword	762_2L.png	unverified
D02-01224	قەدەمدە	headword	762_2L.png	verified
D02-01225	قەدەمدە بىر	headword	762_2L.png	verified
D02-01226	قەدەمگاھ	headword	763_1R.png	unverified
D02-01227	قەدەملەپ	headword	763_1R.png	unverified
D02-01228	قەدەملەتمەك	headword	763_1R.png	unverified
D02-01229	قەدەملەشمەك	headword	763_1R.png	unverified
D02-01230	قەدەملىك	headword	763_1R.png	unverified
D02-01231	قەدەملىمەك	headword	763_1R.png	unverified
D02-01232	قەدەممۇقەدەم	headword	763_1R.png	unverified
D02-01233	قەدەھ	headword	763_1R.png	verified
D02-01234	قەددى - قامەت	headword	763_1R.png	unverified
D02-01235	قەددى - قامەتلىك	headword	763_1R.png	unverified
D02-01236	قەدر	headword	763_1R.png	unverified
D02-01237	قەدر كېچىسى	headword	763_1R.png	verified
D02-01238	قەدىردان	headword	763_1R.png	verified
D02-01239	قەدىردانلىق	headword	763_1R.png	unverified
D02-01240	قەدىرسىز	headword	763_1R.png	unverified
D02-01241	قەدىرسىزلەنمەك	headword	763_2L.png	unverified
D02-01242	قەدىرسىزلىك	headword	763_2L.png	unverified
D02-01243	قەدىر - قىممەت	headword	763_2L.png	unverified
D02-01244	قەدىرلەشمەك	headword	763_2L.png	unverified
D02-01245	قەدىرلەنمەك	headword	763_2L.png	unverified
D02-01246	قەدىرلىك	headword	763_2L.png	unverified
D02-01247	قەدىرلىمەك	headword	763_2L.png	unverified
D02-01248	قەدىرىيە	headword	763_2L.png	unverified
D02-01249	قەدىم	headword	763_2L.png	unverified
D02-01250	قەدىمچە	headword	763_2L.png	unverified
D02-01251	قەدىمدىن	headword	763_2L.png	unverified
D02-01252	قەدىمكى	headword	763_2L.png	unverified
D02-01253	قەدىمىيلىك	headword	764_1R.png	verified
D02-01254	قەدىناس	headword	764_1R.png	unverified
D02-01255	قەدىناسلىق	headword	764_1R.png	unverified
D02-01256	قەر	headword	764_1R.png	verified
D02-01256-i1	قەرى	inflected	764_1R.png	verified
D02-01257	قەرەل	headword	764_1R.png	unverified
D02-01258	قەرەلسىز	headword	764_1R.png	unverified
D02-01259	قەرەللىك	headword	764_1R.png	unverified
D02-01260	قەرز	headword	764_1R.png	unverified
D02-01261	قەرزدار	headword	764_1R.png	unverified
D02-01262	قەرزدارلىق	headword	764_1R.png	unverified
D02-01263	قەرنە	headword	764_1R.png	unverified
D02-01264	قەرنەلىك	headword	764_1R.png	unverified
D02-01265	قەسەم	headword	764_1R.png	unverified
D02-01266	قەسەمخور	headword	764_2L.png	unverified
D02-01267	قەسەمخورلۇق	headword	764_2L.png	unverified
D02-01268	قەسەمنامە	headword	764_2L.png	unverified
D02-01269	قەسەمياد	headword	764_2L.png	unverified
D02-01270	قەست	headword	764_2L.png	unverified
D02-01271	قەستەن	headword	764_2L.png	unverified
D02-01272	قەستەنلىك	headword	764_2L.png	unverified
D02-01273	قەستكار	headword	764_2L.png	unverified
D02-01274	قەستكارلىق	headword	764_2L.png	unverified
D02-01275	قەستلەشمەك	headword	764_2L.png	unverified
D02-01276	قەستلەنمەك	headword	764_2L.png	unverified
D02-01277	قەستلىك	headword	764_2L.png	unverified
D02-01278	قەستلىمەك	headword	764_2L.png	unverified
D02-01279	قەسىدە	headword	764_2L.png	unverified
D02-01280	قەسىدىچى	headword	764_2L.png	unverified
D02-01281	قەسىدىچىلىك	headword	764_2L.png	unverified
D02-01282	قەسىدىخان	headword	765_1R.png	unverified
D02-01283	قەسىدىخانلىق	headword	765_1R.png	unverified
D02-01284	قەسىر	headword	765_1R.png	unverified
D02-01285	قەغەز	headword	765_1R.png	unverified
D02-01286	قەغەزچىلىك	headword	765_1R.png	unverified
D02-01287	قەغەز-قەلەم	headword	765_1R.png	unverified
D02-01288	قەغەزۋاز	headword	765_1R.png	unverified
D02-01289	قەغەزۋازلىق	headword	765_1R.png	unverified
D02-01290	قەقنۇس	headword	765_1R.png	unverified
D02-01291	قەلئە	headword	765_1R.png	unverified
D02-01292	قەلەم	headword	765_1R.png	unverified
D02-01293	قەلەم ئەھلى	headword	765_1R.png	unverified
D02-01294	قەلەمپۇر	headword	765_1R.png	unverified
D02-01295	قەلەمتىراش	headword	765_2L.png	unverified
D02-01296	قەلەمچە	headword	765_2L.png	verified
D02-01297	قەلەمچىلەشمەك	headword	765_2L.png	unverified
D02-01298	قەلەمچىلەنمەك	headword	765_2L.png	unverified
D02-01299	قەلەمچىلىمەك	headword	765_2L.png	unverified
D02-01300	قەلەمدار	headword	765_2L.png	unverified
D02-01301	قەلەمداش	headword	765_2L.png	unverified
D02-01302	قەلەمداشلىق	headword	765_2L.png	verified
D02-01303	قەلەمدان	headword	765_2L.png	unverified
D02-01304	قەلەمسىز	headword	765_2L.png	unverified
D02-01305	قەلەمكەش	headword	765_2L.png	unverified
D02-01306	قەلەمكەشلىك	headword	765_2L.png	unverified
D02-01307	قەلەملىك	headword	765_2L.png	unverified
D02-01308	قەلەندەر	headword	765_2L.png	unverified
D02-01309	قەلەندەرچە	headword	765_2L.png	unverified
D02-01310	قەلەندەرچىلىك	headword	765_2L.png	unverified
D02-01311	قەلەندەرخانا	headword	765_2L.png	unverified
D02-01312	قەلەندەرلەرچە	headword	765_2L.png	unverified
D02-01313	قەلەندەرلىك	headword	766_1R.png	unverified
D02-01314	قەلەي	headword	766_1R.png	unverified
D02-01315	قەلەيچى	headword	766_1R.png	unverified
D02-01316	قەلەيچىلىك	headword	766_1R.png	unverified
D02-01317	قەلەيلەتمەك	headword	766_1R.png	unverified
D02-01318	قەلەيلەشمەك	headword	766_1R.png	unverified
D02-01319	قەلەيلەنمەك	headword	766_1R.png	unverified
D02-01320	قەلەيلىك	headword	766_1R.png	unverified
D02-01321	قەلەيلىمەك	headword	766_1R.png	unverified
D02-01322	قەلب	headword	766_1R.png	unverified
D02-01323	قەلبەن	headword	766_1R.png	unverified
D02-01324	قەلبداش	headword	766_1R.png	unverified
D02-01325	قەلبداشلىق	headword	766_1R.png	unverified
D02-01326	قەلبگاھ	headword	766_1R.png	unverified
D02-01327	قەلقە	headword	766_1R.png	verified
D02-01328	قەللاب	headword	766_1R.png	verified
D02-01329	قەللابلىق	headword	766_1R.png	verified
D02-01330	قەلىمىي	headword	766_2L.png	verified
D02-01331	قەلىيە	headword	766_2L.png	unverified
D02-01332	قەمەر	headword	766_2L.png	unverified
D02-01333	قەمەرىيە	headword	766_2L.png	unverified
D02-01333-v1	دېھقانلار كالېندارى	variant	766_2L.png	unverified
D02-01334	قەنت	headword	766_2L.png	unverified
D02-01335	قەنتدان	headword	766_2L.png	unverified
D02-01336	قەنتدەك	headword	766_2L.png	unverified
D02-01337	قەنتسىز	headword	766_2L.png	unverified
D02-01338	قەنتسىزلەندۈرمەك	headword	766_2L.png	verified
D02-01339	قەنتسىزلەندۈرۈلمەك	headword	766_2L.png	verified
D02-01340	قەنتسىزلەنمەك	headword	766_2L.png	verified
D02-01341	قەنتسىزلىمەك	headword	766_2L.png	verified
D02-01342	قەنت - گېزەك	headword	766_2L.png	unverified
D02-01343	قەنت - ناۋات	headword	766_2L.png	unverified
D02-01344	قەندالەت	headword	766_2L.png	unverified
D02-01345	قەندالەتچى	headword	766_2L.png	unverified
D02-01346	قەندالەتچىلىك	headword	766_2L.png	unverified
D02-01347	قەندەل	headword	767_1R.png	unverified
D02-01348	قەندەلچى	headword	767_1R.png	unverified
D02-01349	قەندىل	headword	767_1R.png	unverified
D02-01350	قەندىلچى	headword	767_1R.png	unverified
D02-01351	قەندىلچىلىك	headword	767_1R.png	unverified
D02-01352	قەھەت	headword	767_1R.png	unverified
D02-01353	قەھەتچىلىك	headword	767_1R.png	unverified
D02-01354	قەھر	headword	767_1R.png	unverified
D02-01355	قەھر - زەھىرى	headword	767_1R.png	unverified
D02-01356	قەھر - غەزەپ	headword	767_1R.png	unverified
D02-01357	قەھرلەنمەك	headword	767_1R.png	unverified
D02-01358	قەھرلىك	headword	767_1R.png	unverified
D02-01359	قەھرىتان	headword	767_1R.png	unverified
D02-01360	قەھرىمان	headword	767_1R.png	unverified
D02-01361	قەھرىمانانە	headword	767_1R.png	unverified
D02-01362	قەھرىمانلارچە	headword	767_1R.png	unverified
D02-01363	قەھرىمانلىق	headword	767_1R.png	unverified
D02-01364	قەھۋە	headword	767_1R.png	unverified
D02-01365	قەھۋەخانا	headword	767_2L.png	unverified
D02-01366	قەۋەت	headword	767_2L.png	unverified
D02-01368	قەۋەت - قەۋەت	headword	767_2L.png	unverified
D02-01369	قەۋەتلەپ	headword	767_2L.png	unverified
D02-01370	قەۋەتلەتمەك	headword	767_2L.png	unverified
D02-01371	قەۋەتلەشمەك	headword	767_2L.png	unverified
D02-01372	قەۋەتلەنمەك	headword	767_2L.png	unverified
D02-01373	قەۋەتلىك	headword	767_2L.png	unverified
D02-01374	قەۋەتلىمەك	headword	767_2L.png	unverified
D02-01375	قەۋەتمۇقەۋەت	headword	767_2L.png	unverified
D02-01376	قەۋزىيەت	headword	767_2L.png	unverified
D02-01377	قەۋس	headword	767_2L.png	unverified
D02-01378	قەۋم	headword	767_2L.png	unverified
D02-01379	قەي	headword	767_2L.png	unverified
D02-01380	قەيەر	headword	767_2L.png	unverified
D02-01381	قەيەرلىك	headword	767_2L.png	unverified
D02-01382	قەيىت	headword	767_2L.png	unverified
D02-01383	قەيسەر	headword	768_1R.png	unverified
D02-01384	قەيسەرانە	headword	768_1R.png	unverified
D02-01385	قەيسەرلەشتۈرمەك	headword	768_1R.png	unverified
D02-01386	قەيسەرلەشمەك	headword	768_1R.png	unverified
D02-01387	قەيسەرلىك	headword	768_1R.png	unverified
D02-01388	قوبۇل	headword	768_1R.png	unverified
D02-01389	قوبۇل قىلماق	headword	768_1R.png	unverified
D02-01390	قوبۇلخانا	headword	768_1R.png	unverified
D02-01391	قوبۇللاتماق	headword	768_1R.png	unverified
D02-01392	قوبۇللانماق	headword	768_1R.png	unverified
D02-01393	قوبۇللىماق	headword	768_1R.png	unverified
D02-01394	قوپال	headword	768_1R.png	unverified
D02-01395	قوپاللاشتۇرماق	headword	768_2L.png	unverified
D02-01396	قوپاللاشماق	headword	768_2L.png	unverified
D02-01397	قوپاللىق	headword	768_2L.png	unverified
D02-01398	قوپتۇرماق	headword	768_2L.png	unverified
D02-01399	قوپتۇرۇشماق	headword	768_2L.png	unverified
D02-01400	قوپتۇرۇلماق	headword	768_2L.png	unverified
D02-01401	قوپماق	headword	768_2L.png	unverified
D02-01402	قوپۇرغۇ	headword	768_2L.png	unverified
D02-01403	قوپۇرماق	headword	768_2L.png	unverified
D02-01404	قوپۇرۇشماق	headword	768_2L.png	unverified
D02-01405	قوپۇرۇلماق	headword	768_2L.png	unverified
D02-01406	قوپۇشماق	headword	768_2L.png	unverified
D02-01407	قوتاز	headword	768_2L.png	unverified
D02-01408	قوتازچى	headword	768_2L.png	unverified
D02-01409	قوتازچىلىق	headword	768_2L.png	unverified
D02-01410	قوتان	headword	768_2L.png	unverified
D02-01412	قوتانتۇمشۇق	headword	769_1R.png	unverified
D02-01413	قوتان - قوتان	headword	769_1R.png	unverified
D02-01414	قوتانلاپ	headword	769_1R.png	unverified
D02-01415	قوتانلانماق	headword	769_1R.png	unverified
D02-01416	قوتانلىماق	headword	769_1R.png	unverified
D02-01417	قوتۇر	headword	769_1R.png	unverified
D02-01419	قوتۇرلاشتۇرماق	headword	769_1R.png	verified
D02-01420	قوتۇرلاشماق	headword	769_1R.png	unverified
D02-01421	قوتۇرماچ	headword	769_1R.png	unverified
D02-01422	قوچقار	headword	769_1R.png	unverified
D02-01423	قوچقارچى	headword	769_1R.png	unverified
D02-01424	قوچقارۋاز	headword	769_1R.png	unverified
D02-01425	قوچقىراق	headword	769_1R.png	unverified
D02-01426	قوچۇتماق	headword	769_1R.png	unverified
D02-01427	قوچۇرا	headword	769_1R.png	unverified
D02-01428	قوچۇشماق	headword	769_1R.png	unverified
D02-01429	قوچۇلماق	headword	769_1R.png	unverified
D02-01430	قوچۇماق	headword	769_2L.png	unverified
D02-01431	قوختا	headword	769_2L.png	unverified
D02-01432	قوداڭشىتماق	headword	769_2L.png	verified
D02-01433	قوداڭشىماق	headword	769_2L.png	unverified
D02-01434	قوداي	headword	769_2L.png	unverified
D02-01435	قورال	headword	769_2L.png	verified
D02-01435-i1	قورالى	inflected	769_2L.png	verified
D02-01436	قورال - جابدۇق	headword	769_2L.png	unverified
D02-01437	قورال - سايمان	headword	769_2L.png	unverified
D02-01438	قورالسىز	headword	769_2L.png	unverified
D02-01439	قورالسىزلاندۇرماق	headword	769_2L.png	unverified
D02-01440	قورالسىزلاندۇرۇشماق	headword	769_2L.png	unverified
D02-01441	قورالسىزلاندۇرۇلماق	headword	769_2L.png	unverified
D02-01442	قورالسىزلانماق	headword	769_2L.png	unverified
D02-01443	قورالسىزلىق	headword	769_2L.png	unverified
D02-01444	قوراللاندۇرماق	headword	770_1R.png	unverified
D02-01445	قوراللاندۇرۇشماق	headword	770_1R.png	unverified
D02-01446	قوراللاندۇرۇلماق	headword	770_1R.png	unverified
D02-01447	قوراللانماق	headword	770_1R.png	unverified
D02-01448	قوراللىق	headword	770_1R.png	unverified
D02-01449	قورال-ياراغ	headword	770_1R.png	unverified
D02-01450	قورام	headword	770_1R.png	unverified
D02-01452	قورامداتماق	headword	770_1R.png	verified
D02-01453	قورامدالماق	headword	770_1R.png	verified
D02-01454	قورامدىماق	headword	770_1R.png	unverified
D02-01455	قورامساق	headword	770_1R.png	unverified
D02-01456	قوراملىق	headword	770_1R.png	unverified
D02-01457	قوراي	headword	770_1R.png	unverified
D02-01458	قورايچى	headword	770_1R.png	unverified
D02-01459	قورايچىلىق	headword	770_1R.png	unverified
D02-01460	قورايدەك	headword	770_1R.png	unverified
D02-01461	قورايزار	headword	770_2L.png	unverified
D02-01462	قورايلىق	headword	770_2L.png	unverified
D02-01463	قورچاق	headword	770_2L.png	unverified
D02-01466	قورچاققول	headword	770_2L.png	unverified
D02-01467	قورچاقلىق	headword	770_2L.png	unverified
D02-01468	قورداق	headword	770_2L.png	unverified
D02-01469	قورساق	headword	770_2L.png	unverified
D02-01470	قورساق باقماق	headword	770_2L.png	unverified
D02-01471	قورساق بوشاتماق	headword	770_2L.png	unverified
D02-01472	قورساقتا قالماق	headword	770_2L.png	unverified
D02-01473	قورساق كۆپمەك	headword	770_2L.png	unverified
D02-01474	قورساق كۆپۈكى	headword	770_2L.png	unverified
D02-01475	قورساق كۆتۈرمەك	headword	770_2L.png	unverified
D02-01476	قورساقنى ئەستەرلىمەك	headword	770_2L.png	verified
D02-01477	قورساقلىق	headword	771_1R.png	verified
D02-01478	قورشاتماق	headword	771_1R.png	unverified
D02-01479	قورشاشماق	headword	771_1R.png	unverified
D02-01480	قورشالماق	headword	771_1R.png	unverified
D02-01481	قورشاۋ	headword	771_1R.png	unverified
D02-01482	قورشىماق	headword	771_1R.png	verified
D02-01483	قورغان	headword	771_1R.png	unverified
D02-01484	قورغانلىق	headword	771_1R.png	unverified
D02-01485	قورققاق	headword	771_1R.png	unverified
D02-01486	قورققاقلىق	headword	771_1R.png	unverified
D02-01487	قورقماس	headword	771_1R.png	unverified
D02-01488	قورقماسلىق	headword	771_2L.png	unverified
D02-01489	قورقماق	headword	771_2L.png	unverified
D02-01490	قورقۇتماق	headword	771_2L.png	unverified
D02-01491	قورقۇشماق	headword	771_2L.png	unverified
D02-01492	قورقۇمسىرىماق	headword	771_2L.png	unverified
D02-01493	قورقۇمسىز	headword	771_2L.png	unverified
D02-01494	قورقۇمسىزلىق	headword	771_2L.png	unverified
D02-01495	قورقۇنچ	headword	771_2L.png	unverified
D02-01496	قورقۇنچاق	headword	771_2L.png	unverified
D02-01497	قورقۇنچاقلىق	headword	771_2L.png	unverified
D02-01498	قورقۇنچلۇق	headword	771_2L.png	unverified
D02-01499	قورما	headword	771_2L.png	unverified
D02-01500	قورمال	headword	771_2L.png	unverified
D02-01501	قورماللىق	headword	771_2L.png	unverified
D02-01502	قورۇ	headword	771_2L.png	unverified
D02-01503	قورۇتماق	headword	771_2L.png	unverified
D02-01506	قورۇ - جاي	headword	771_2L.png	verified
D02-01507	قورۇشماق	headword	772_1R.png	verified
D02-01509	قورۇق	headword	772_1R.png	verified
D02-01512	قورۇقچى	headword	772_1R.png	unverified
D02-01513	قورۇقچىلىق	headword	772_1R.png	unverified
D02-01514	قورۇقداتماق	headword	772_1R.png	unverified
D02-01515	قورۇقدالماق	headword	772_1R.png	unverified
D02-01516	قورۇقدىماق	headword	772_1R.png	unverified
D02-01517	قورۇقسىز	headword	772_1R.png	unverified
D02-01519	قورۇقلاتماق	headword	772_1R.png	unverified
D02-01520	قورۇقلۇق	headword	772_1R.png	unverified
D02-01522	قورۇقلىماق	headword	772_1R.png	unverified
D02-01523	قورۇل	headword	772_1R.png	unverified
D02-01524	قورۇلتاز	headword	772_2L.png	unverified
D02-01525	قورۇلگاھ	headword	772_2L.png	unverified
D02-01526	قورۇلماق	headword	772_2L.png	unverified
D02-01528	قورۇم	headword	772_2L.png	unverified
D02-01530	قورۇما	headword	772_2L.png	unverified
D02-01531	قورۇماق	headword	772_2L.png	unverified
D02-01534	قورۇمىچىلىق	headword	772_2L.png	unverified
D02-01536	قورۇنغاق	headword	772_2L.png	unverified
D02-01537	قورۇنماق	headword	772_2L.png	unverified
D02-01538	قوزا	headword	772_2L.png	unverified
D02-01539	قوزا چۈش	headword	772_2L.png	verified
D02-01540	قوزىنى پوزا قىلماق	headword	772_2L.png	verified
D02-01541	قوزام	headword	772_2L.png	unverified
D02-01542	قوزغاتقۇچ	headword	773_1R.png	verified
D02-01543	قوزغاتقۇچى	headword	773_1R.png	unverified
D02-01544	قوزغاتماق	headword	773_1R.png	unverified
D02-01545	قوزغاشماق	headword	773_1R.png	unverified
D02-01546	قوزغالما	headword	773_1R.png	unverified
D02-01547	قوزغالماس	headword	773_1R.png	unverified
D02-01548	قوزغالماق	headword	773_1R.png	unverified
D02-01549	قوزغىتىشماق	headword	773_1R.png	verified
D02-01550	قوزغىتىلماق	headword	773_1R.png	verified
D02-01551	قوزغىلاڭ	headword	773_1R.png	unverified
D02-01552	قوزغىلاڭچى	headword	773_1R.png	unverified
D02-01553	قوزغىلىشچان	headword	773_1R.png	unverified
D02-01554	قوزغىلىشچانلىق	headword	773_1R.png	unverified
D02-01555	قوزغىماق	headword	773_1R.png	unverified
D02-01556	قوزۇق	headword	773_2L.png	unverified
D02-01557	قوزۇقلۇق	headword	773_2L.png	unverified
D02-01558	قوزۇقباغ	headword	773_2L.png	unverified
D02-01559	قوزىچاق	headword	773_2L.png	unverified
D02-01560	قوزىقۇلاق	headword	773_2L.png	unverified
D02-01560-v1	پالەك	variant	773_2L.png	unverified
D02-01561	قوزىلاتماق	headword	773_2L.png	unverified
D02-01562	قوزىلىق	headword	773_2L.png	unverified
D02-01563	قوزىلىماق	headword	773_2L.png	unverified
D02-01564	قوزىۋاي	headword	773_2L.png	unverified
D02-01565	قوش	headword	773_2L.png	unverified
D02-01566	قوش تىرناق	headword	773_2L.png	unverified
D02-01567	قوش چېكىت	headword	773_2L.png	verified
D02-01568	قوش يۆتەل	headword	773_2L.png	unverified
D02-01570	قوش چىقماق	headword	773_2L.png	unverified
D02-01573	قوشئاتار	headword	773_2L.png	unverified
D02-01574	قوشاق	headword	773_2L.png	unverified
D02-01576	قوشاقچى	headword	774_1R.png	unverified
D02-01577	قوشاقچىلىق	headword	774_1R.png	unverified
D02-01578	قوشاقداتماق	headword	774_1R.png	unverified
D02-01579	قوشاقداشماق	headword	774_1R.png	unverified
D02-01580	قوشاقدالماق	headword	774_1R.png	unverified
D02-01581	قوشاقدىماق	headword	774_1R.png	unverified
D02-01582	قوشام	headword	774_1R.png	unverified
D02-01583	قوشتۇرماق	headword	774_1R.png	unverified
D02-01584	قوشتۇرۇلماق	headword	774_1R.png	unverified
D02-01585	قوش-جابدۇق	headword	774_1R.png	unverified
D02-01586	قوشچى	headword	774_1R.png	unverified
D02-01587	قوش-قوش	headword	774_1R.png	unverified
D02-01588	قوش-قوشلاپ	headword	774_1R.png	unverified
D02-01589	قوشقۇچى	headword	774_1R.png	unverified
D02-01590	قوشكېزەك	headword	774_1R.png	unverified
D02-01591	قوشلاپ	headword	774_1R.png	unverified
D02-01592	قوشلاپ-قوشلاپ	headword	774_1R.png	unverified
D02-01593	قوشلاق	headword	774_2L.png	verified
D02-01594	قوشلىماق	headword	774_2L.png	unverified
D02-01595	قوشما	headword	774_2L.png	unverified
D02-01596	قوشماق	headword	774_2L.png	unverified
D02-01598	قوشنا	headword	774_2L.png	unverified
D02-01599	قوشنا - قولۇم	headword	774_2L.png	unverified
D02-01599-v1	قولۇم - قوشنا	variant	774_2L.png	unverified
D02-01600	قوشنىچىلىق	headword	774_2L.png	unverified
D02-01601	قوشنىدارچىلىق	headword	774_2L.png	unverified
D02-01602	قوشۇش	headword	775_1R.png	verified
D02-01603	قوشۇشماق	headword	775_1R.png	unverified
D02-01604	قوشۇق	headword	775_1R.png	unverified
D02-01606	قوشۇقچى	headword	775_1R.png	unverified
D02-01607	قوشۇقچىلىق	headword	775_1R.png	unverified
D02-01608	قوشۇقسىمان	headword	775_1R.png	unverified
D02-01609	قوشۇقلاپ	headword	775_1R.png	unverified
D02-01610	قوشۇقلۇق	headword	775_1R.png	unverified
D02-01612	قوشۇقلىماق	headword	775_1R.png	unverified
D02-01613	قوشۇلدۇرماق	headword	775_1R.png	unverified
D02-01614	قوشۇلغۇچى	headword	775_1R.png	unverified
D02-01615	قوشۇلما	headword	775_1R.png	unverified
D02-01616	قوشۇلماق	headword	775_1R.png	unverified
D02-01617	قوشۇلۇشماق	headword	775_1R.png	unverified
D02-01618	قوشۇما	headword	775_1R.png	unverified
D02-01619	قوشۇمچە	headword	775_1R.png	unverified
D02-01620	قوشۇمچىسىز	headword	775_2L.png	unverified
D02-01621	قوشۇمچىسىزلىق	headword	775_2L.png	unverified
D02-01622	قوشۇمچىلىق	headword	775_2L.png	unverified
D02-01623	قوشۇمچىلىماق	headword	775_2L.png	unverified
D02-01624	قوشۇن	headword	775_2L.png	unverified
D02-01625	قوشۇۋا	headword	775_2L.png	unverified
D02-01626	قوغ	headword	775_2L.png	unverified
D02-01627	قوغاجاي	headword	775_2L.png	unverified
D02-01628	قوغداتماق	headword	775_2L.png	unverified
D02-01629	قوغداشماق	headword	775_2L.png	unverified
D02-01630	قوغدالماق	headword	775_2L.png	unverified
D02-01631	قوغدانماق	headword	775_2L.png	unverified
D02-01632	قوغدىغۇچى	headword	776_1R.png	unverified
D02-01633	قوغدىماق	headword	776_1R.png	unverified
D02-01634	قوغدىنىش	headword	776_1R.png	unverified
D02-01635	قوغلاتماق	headword	776_1R.png	unverified
D02-01636	قوغلاشماق	headword	776_1R.png	unverified
D02-01637	قوغلاندى	headword	776_1R.png	unverified
D02-01638	قوغلانماق	headword	776_1R.png	unverified
D02-01639	قوغلىغۇچى	headword	776_1R.png	unverified
D02-01640	قوغلىما	headword	776_1R.png	unverified
D02-01641	قوغلىماق	headword	776_1R.png	unverified
D02-01642	قوغۇشۇن	headword	776_1R.png	unverified
D02-01643	قوغۇشۇنلۇق	headword	776_1R.png	unverified
D02-01644	قوغۇن	headword	776_1R.png	unverified
D02-01645	قوغۇن-تاۋۇز	headword	776_1R.png	unverified
D02-01646	قوغۇنچى	headword	776_1R.png	unverified
D02-01647	قوغۇنچىلىق	headword	776_2L.png	unverified
D02-01648	قوغۇنخانا	headword	776_2L.png	unverified
D02-01649	قوغۇن - قاپاق	headword	776_2L.png	unverified
D02-01650	قوغۇنگۈل	headword	776_2L.png	unverified
D02-01651	قوغۇنلۇق	headword	776_2L.png	unverified
D02-01652	قوغۇنلۇقنىڭ يولى	headword	776_2L.png	verified
D02-01653	قوقاس	headword	776_2L.png	unverified
D02-01654	قوقاق	headword	776_2L.png	unverified
D02-01655	قوقىقى تۇتماق	headword	776_2L.png	unverified
D02-01656	قوقىقى قورۇماق	headword	776_2L.png	unverified
D02-01657	قوقاقلىق	headword	776_2L.png	unverified
D02-01658	قوقانگۈل	headword	776_2L.png	unverified
D02-01659	قوقۇناق	headword	776_2L.png	verified
D02-01660	قوڭ	headword	776_2L.png	unverified
D02-01661	قوڭى بوش	headword	776_2L.png	unverified
D02-01662	قوڭى پوق	headword	776_2L.png	verified
D02-01663	قوڭالتاق	headword	777_1R.png	unverified
D02-01664	قوڭچى	headword	777_1R.png	unverified
D02-01665	قوڭغۇراق	headword	777_1R.png	unverified
D02-01666	قوڭغۇراقباش	headword	777_1R.png	unverified
D02-01667	قوڭغۇراقتىكەن	headword	777_1R.png	unverified
D02-01668	قوڭغۇراقچى	headword	777_1R.png	unverified
D02-01669	قوڭغۇراقسىمان	headword	777_1R.png	unverified
D02-01670	قوڭغۇراقگۈل	headword	777_1R.png	unverified
D02-01671	قوڭغۇراقلىق	headword	777_2L.png	unverified
D02-01672	قوڭغۇز	headword	777_2L.png	unverified
D02-01673	قوڭغۇزلىماق	headword	777_2L.png	unverified
D02-01674	قوڭقا	headword	777_2L.png	unverified
D02-01675	قوڭۇر	headword	777_2L.png	unverified
D02-01676	قوڭيوغان	headword	777_2L.png	unverified
D02-01677	قول	headword	777_2L.png	unverified
D02-01678	قول باغلاشماق	headword	777_2L.png	unverified
D02-01679	قول تارتماق	headword	777_2L.png	unverified
D02-01680	قول تەگكۈزمەك	headword	777_2L.png	unverified
D02-01681	قول تۇتماق	headword	777_2L.png	unverified
D02-01682	قول تىقماق	headword	777_2L.png	verified
D02-01683	قولغا تۈكۈرمەك	headword	777_2L.png	verified
D02-01684	قولغا يېقىن	headword	778_1R.png	verified
D02-01685	قولنى چىشلەپ قالماق	headword	778_1R.png	unverified
D02-01686	قولنىڭ كىرى	headword	778_1R.png	unverified
D02-01687	قولنىڭ ئۇچىدا	headword	778_1R.png	unverified
D02-01688	قولىغا سۇ قۇيۇپ بېرەلمەسلىك	headword	778_1R.png	verified
D02-01689	قولى قىچىشماق	headword	778_1R.png	unverified
D02-01690	قولى كەڭ	headword	778_1R.png	verified
D02-01691	قولى كەلمەك	headword	778_1R.png	unverified
D02-01692	قولىنى يۇماق	headword	778_1R.png	unverified
D02-01693	قولى ئوچۇق	headword	778_1R.png	unverified
D02-01694	قولى ئۇزارماق	headword	778_1R.png	unverified
D02-01695	قولى ئۇزۇن	headword	778_1R.png	unverified
D02-01696	قولى ئىچىگە ئېگىلمەك	headword	778_1R.png	unverified
D02-01697	قولاشماق	headword	778_1R.png	unverified
D02-01698	قولاي	headword	778_1R.png	unverified
D02-01699	قولايسىز	headword	778_1R.png	unverified
D02-01700	قولايسىزلىق	headword	778_1R.png	unverified
D02-01701	قولايلاشتۇرماق	headword	778_1R.png	unverified
D02-01702	قولايلاشتۇرۇشماق	headword	778_2L.png	unverified
D02-01703	قولايلاشتۇرۇلماق	headword	778_2L.png	unverified
D02-01704	قولايلاشماق	headword	778_2L.png	verified
D02-01705	قولايلىق	headword	778_2L.png	unverified
D02-01706	قول-ئاياغ	headword	778_2L.png	unverified
D02-01707	قول-باش	headword	778_2L.png	unverified
D02-01708	قولباشچى	headword	778_2L.png	unverified
D02-01709	قول-پۇت	headword	778_2L.png	unverified
D02-01710	قولتارتقۇ	headword	778_2L.png	unverified
D02-01711	قولتۇق	headword	778_2L.png	unverified
D02-01712	قولتۇقىدىن تاۋۇزى چۈشۈپ كەتمەك	headword	778_2L.png	unverified
D02-01713	قولتۇقىغا كىرىۋالماق	headword	778_2L.png	unverified
D02-01714	قولتۇقتاياق	headword	778_2L.png	unverified
D02-01715	قولتۇقلاتماق	headword	778_2L.png	verified
D02-01716	قولتۇقلانماق	headword	779_1R.png	verified
D02-01717	قولتۇقلىماق	headword	779_1R.png	unverified
D02-01718	قولتۇقماچ	headword	779_1R.png	unverified
D02-01719	قولچوماق	headword	779_1R.png	unverified
D02-01720	قولچوماقچى	headword	779_1R.png	unverified
D02-01721	قولچوماقچىلىق	headword	779_1R.png	unverified
D02-01722	قولچىراغ	headword	779_1R.png	unverified
D02-01723	قولداش	headword	779_1R.png	unverified
D02-01724	قولداشلىق	headword	779_1R.png	unverified
D02-01725	قولداما	headword	779_1R.png	unverified
D02-01726	قولدىماچ	headword	779_1R.png	unverified
D02-01727	قولقا	headword	779_1R.png	unverified
D02-01728	قولقاپ	headword	779_1R.png	unverified
D02-01728-v1	پەلەي	variant	779_1R.png	unverified
D02-01729	قولقاپلىق	headword	779_1R.png	unverified
D02-01730	قول - قانات	headword	779_1R.png	unverified
D02-01731	قول - قولچە	headword	779_2L.png	unverified
D02-01732	قوللاپ - قۇۋۋەتلىمەك	headword	779_2L.png	unverified
D02-01733	قوللاتغۇزماق	headword	779_2L.png	unverified
D02-01734	قوللاتماق	headword	779_2L.png	unverified
D02-01735	قوللاشماق	headword	779_2L.png	unverified
D02-01736	قوللانما	headword	779_2L.png	unverified
D02-01737	قوللانماق	headword	779_2L.png	unverified
D02-01738	قوللۇق	headword	779_2L.png	unverified
D02-01739	قوللىماق	headword	779_2L.png	unverified
D02-01740	قوللىنىشچان	headword	779_2L.png	unverified
D02-01741	قوللىنىشچانلىق	headword	779_2L.png	unverified
D02-01742	قوللىنىلماق	headword	779_2L.png	unverified
D02-01743	قولمۇقول	headword	779_2L.png	unverified
D02-01744	قولۇم-قوشنا	headword	779_2L.png	unverified
D02-01745	قولۋاق	headword	779_2L.png	verified
D02-01746	قولۋاقچى	headword	779_2L.png	unverified
D02-01747	قولۋاقچىلىق	headword	779_2L.png	unverified
D02-01748	قولچە	headword	779_2L.png	unverified
D02-01749	قولدا	headword	779_2L.png	unverified
D02-01750	قول-ئىلىك	headword	780_1R.png	unverified
D02-01751	قول-ئىلكىدە بار	headword	780_1R.png	unverified
D02-01752	قول-ئىلكىدە يوق	headword	780_1R.png	unverified
D02-01753	قوليازما	headword	780_1R.png	unverified
D02-01754	قولياغلىق	headword	780_1R.png	unverified
D02-01755	قوماچ	headword	780_1R.png	unverified
D02-01756	قوماندا	headword	780_1R.png	unverified
D02-01757	قوماندان	headword	780_1R.png	unverified
D02-01758	قوماندىسىز	headword	780_1R.png	unverified
D02-01759	قوماندانلىق	headword	780_1R.png	unverified
D02-01760	قومدۇ	headword	780_1R.png	verified
D02-01761	قومۇرماق	headword	780_1R.png	verified
D02-01762	قومۇرۇلماق	headword	780_1R.png	unverified
D02-01763	قومۇش	headword	780_1R.png	unverified
D02-01764	قومۇشچىلىق	headword	780_1R.png	unverified
D02-01765	قومۇشزار	headword	780_2L.png	unverified
D02-01766	قومۇشزارلىق	headword	780_2L.png	unverified
D02-01767	قومۇشسىز	headword	780_2L.png	unverified
D02-01768	قومۇشلۇق	headword	780_2L.png	unverified
D02-01769	قوناق	headword	780_2L.png	unverified
D02-01771	قوناقگۈل	headword	780_2L.png	unverified
D02-01772	قوناقلىق	headword	780_2L.png	unverified
D02-01773	قونالغۇ	headword	780_2L.png	unverified
D02-01774	قونالغۇلۇق	headword	780_2L.png	unverified
D02-01775	قونچ	headword	780_2L.png	unverified
D02-01776	قونچاق	headword	780_2L.png	unverified
D02-01777	قونچلۇق	headword	780_2L.png	unverified
D02-01778	قونچى	headword	780_2L.png	unverified
D02-01779	قونداق	headword	780_2L.png	unverified
D02-01780	قونداقچى	headword	780_2L.png	unverified
D02-01781	قونداقچىلىق	headword	780_2L.png	unverified
D02-01782	قونداقلىق	headword	781_1R.png	unverified
D02-01783	قوندۇرماق	headword	781_1R.png	unverified
D02-01784	قوندۇرۇشماق	headword	781_1R.png	unverified
D02-01785	قوندۇرۇلماق	headword	781_1R.png	unverified
D02-01786	قونغاق	headword	781_1R.png	unverified
D02-01787	قونغاقلىماق	headword	781_1R.png	unverified
D02-01788	قونماق	headword	781_1R.png	unverified
D02-01789	قونۇشماق	headword	781_1R.png	unverified
D02-01790	قونۇقلۇق	headword	781_1R.png	unverified
D02-01791	قوۋزاق	headword	781_1R.png	unverified
D02-01792	قوۋزاقدارچىن	headword	781_1R.png	unverified
D02-01793	قوۋزاقلاتماق	headword	781_1R.png	unverified
D02-01794	قوۋزاقلاشماق	headword	781_1R.png	unverified
D02-01795	قوۋزاقلانماق	headword	781_1R.png	unverified
D02-01796	قوۋزاقلىق	headword	781_1R.png	unverified
D02-01797	قوۋزاقلىماق	headword	781_1R.png	unverified
D02-01798	قوۋم	headword	781_2L.png	verified
D02-01799	قوۋم - قېرىنداش	headword	781_2L.png	verified
D02-01800	قوۋم - قېرىنداشلىق	headword	781_2L.png	verified
D02-01801	قوۋناق	headword	781_2L.png	unverified
D02-01802	قوۋناقلىق	headword	781_2L.png	unverified
D02-01803	قوۋۇرغا	headword	781_2L.png	unverified
D02-01804	قوۋۇرغىسى كۆرۈنۈپ قالماق	headword	781_2L.png	unverified
D02-01805	قوۋۇرغىسىنى ئەگمەك	headword	781_2L.png	unverified
D02-01806	قوۋۇرغىسىز	headword	781_2L.png	unverified
D02-01807	قوۋۇرغىلىق	headword	781_2L.png	unverified
D02-01808	قوۋۇز	headword	781_2L.png	unverified
D02-01809	قوۋۇزىنى كۆپتۈرمەك	headword	781_2L.png	unverified
D02-01811	قوۋۇزچى	headword	781_2L.png	unverified
D02-01812	قوۋۇشتۇرماق	headword	781_2L.png	unverified
D02-01813	قوۋۇشتۇرۇلماق	headword	781_2L.png	unverified
D02-01814	قوۋۇشماق	headword	781_2L.png	unverified
D02-01815	قوۋۇق	headword	781_2L.png	unverified
D02-01816	قوۋۇقچى	headword	781_2L.png	unverified
D02-01817	قوۋۇقلۇق	headword	782_1R.png	verified
D02-01818	قوۋۇقلىماق	headword	782_1R.png	verified
D02-01819	قوي	headword	782_1R.png	verified
D02-01820	قويانجىن	headword	782_1R.png	verified
D02-01821	قويچى	headword	782_1R.png	verified
D02-01822	قويچىلىق	headword	782_1R.png	verified
D02-01823	قويدۇرماق	headword	782_1R.png	verified
D02-01824	قويدۇرۇلماق	headword	782_1R.png	verified
D02-01825	قويغان - تۇتقان	headword	782_1R.png	verified
D02-01826	قويكۆز	headword	782_1R.png	verified
D02-01827	قويما	headword	782_1R.png	verified
D02-01828	قويماق	headword	782_1R.png	verified
D02-01829	قويلۇق	headword	783_1R.png	verified
D02-01830	قويمىچى	headword	783_1R.png	unverified
D02-01831	قويۇشماق	headword	783_1R.png	unverified
D02-01832	قويۇق	headword	783_1R.png	unverified
D02-01833	قويۇقتاش	headword	783_1R.png	unverified
D02-01833-v1	پولۆ	variant	783_1R.png	unverified
D02-01834	قويۇق - سويۇق	headword	783_1R.png	unverified
D02-01835	قويۇقلاتقۇچ	headword	783_2L.png	unverified
D02-01836	قويۇقلاتماق	headword	783_2L.png	unverified
D02-01837	قويۇقلاشتۇرماق	headword	783_2L.png	unverified
D02-01838	قويۇقلاشتۇرۇلماق	headword	783_2L.png	unverified
D02-01839	قويۇقلاشماق	headword	783_2L.png	unverified
D02-01840	قويۇقلاندۇرماق	headword	783_2L.png	unverified
D02-01841	قويۇقلاندۇرۇشماق	headword	783_2L.png	unverified
D02-01842	قويۇقلاندۇرۇلماق	headword	783_2L.png	unverified
D02-01843	قويۇقلانماق	headword	783_2L.png	unverified
D02-01844	قويۇقلۇق	headword	783_2L.png	unverified
D02-01846	قويۇقلىماق	headword	783_2L.png	unverified
D02-01847	قويۇلدۇرماق	headword	783_2L.png	unverified
D02-01848	قويۇلماق	headword	783_2L.png	unverified
D02-01850	قويۇم	headword	783_2L.png	unverified
D02-01851	قويۇن	headword	783_2L.png	unverified
D02-01852	قوي- ئۆچكە	headword	783_2L.png	unverified
D02-01853	قويۇۋەتمەك	headword	783_2L.png	unverified
D02-01854	قۇببە	headword	784_1R.png	unverified
D02-01855	قۇببىچە	headword	784_1R.png	unverified
D02-01856	قۇببىلىك	headword	784_1R.png	unverified
D02-01857	قۇپقۇرۇق	headword	784_1R.png	unverified
D02-01858	قۇپقۇرۇقلۇق	headword	784_1R.png	unverified
D02-01859	قۇت	headword	784_1R.png	unverified
D02-01860	قۇتا	headword	784_1R.png	unverified
D02-01861	قۇتاتماق	headword	784_1R.png	unverified
D02-01862	قۇتبەگ	headword	784_1R.png	unverified
D02-01863	قۇتچىلىق	headword	784_1R.png	unverified
D02-01864	قۇتراتقۇ	headword	784_1R.png	unverified
D02-01865	قۇتراتقۇچى	headword	784_1R.png	unverified
D02-01866	قۇتراتقۇلۇق	headword	784_1R.png	unverified
D02-01867	قۇتراتماق	headword	784_1R.png	unverified
D02-01868	قۇتراشماق	headword	784_1R.png	unverified
D02-01869	قۇترىماق	headword	784_1R.png	unverified
D02-01870	قۇتقۇزماق	headword	784_2L.png	unverified
D02-01871	قۇتقۇزۇش	headword	784_2L.png	unverified
D02-01872	قۇتقۇزۇشماق	headword	784_2L.png	unverified
D02-01873	قۇتقۇزۇلماق	headword	784_2L.png	unverified
D02-01874	قۇتلاشماق	headword	784_2L.png	unverified
D02-01875	قۇتلانماق	headword	784_2L.png	unverified
D02-01876	قۇتلۇق	headword	784_2L.png	unverified
D02-01877	قۇتلۇقگۈل	headword	784_2L.png	verified
D02-01878	قۇتلۇقلاشماق	headword	784_2L.png	unverified
D02-01879	قۇتلۇقلانماق	headword	784_2L.png	unverified
D02-01880	قۇتلۇقلىماق	headword	784_2L.png	unverified
D02-01881	قۇتلىماق	headword	784_2L.png	unverified
D02-01882	قۇتۇپ	headword	784_2L.png	unverified
D02-01883	قۇتۇپچانلىق	headword	785_1R.png	unverified
D02-01884	قۇتۇپسىز	headword	785_1R.png	unverified
D02-01885	قۇتۇپلاندۇرماق	headword	785_1R.png	unverified
D02-01886	قۇتۇپلاندۇرۇشماق	headword	785_1R.png	unverified
D02-01887	قۇتۇپلاندۇرۇلماق	headword	785_1R.png	unverified
D02-01888	قۇتۇپلانماق	headword	785_1R.png	unverified
D02-01889	قۇتۇپلۇق	headword	785_1R.png	unverified
D02-01890	قۇتۇپلىنىش	headword	785_1R.png	unverified
D02-01891	قۇتۇپيۇلتۇز	headword	785_1R.png	unverified
D02-01892	قۇتۇلدۇرماق	headword	785_1R.png	unverified
D02-01893	قۇتۇلدۇرۇلماق	headword	785_1R.png	unverified
D02-01894	قۇتۇلغۇسىز	headword	785_1R.png	unverified
D02-01895	قۇتۇلماق	headword	785_1R.png	unverified
D02-01896	قۇتۇلۇشماق	headword	785_1R.png	unverified
D02-01897	قۇتىچە	headword	785_2L.png	unverified
D02-01898	قۇتىماق	headword	785_2L.png	verified
D02-01899	قۇچاق	headword	785_2L.png	unverified
D02-01900	قۇچاق-قۇچاق	headword	785_2L.png	unverified
D02-01901	قۇچاقلاتماق	headword	785_2L.png	unverified
D02-01902	قۇچاقلاشما	headword	785_2L.png	unverified
D02-01903	قۇچاقلاشماق	headword	785_2L.png	unverified
D02-01904	قۇچاقلانماق	headword	785_2L.png	unverified
D02-01905	قۇچاقلىماق	headword	785_2L.png	unverified
D02-01906	قۇچتۇرماق	headword	785_2L.png	unverified
D02-01907	قۇچماق	headword	785_2L.png	unverified
D02-01908	قۇدا	headword	785_2L.png	unverified
D02-01909	قۇدا-باجا	headword	785_2L.png	unverified
D02-01910	قۇدا-باجىلىق	headword	785_2L.png	unverified
D02-01911	قۇددۇس	headword	785_2L.png	unverified
D02-01912	قۇدرەت	headword	785_2L.png	unverified
D02-01913	قۇدرەتسىز	headword	785_2L.png	unverified
D02-01914	قۇدرەتسىزلىك	headword	785_2L.png	unverified
D02-01915	قۇدرەتلەنمەك	headword	785_2L.png	unverified
D02-01916	قۇدرەتلىك	headword	786_1R.png	unverified
D02-01917	قۇدۇق	headword	786_1R.png	unverified
D02-01918	قۇدىچىلىق	headword	786_1R.png	unverified
D02-01919	قۇدىدارچىلىق	headword	786_1R.png	unverified
D02-01920	قۇدىغۇي	headword	786_1R.png	verified
D02-01921	قۇدىلاشماق	headword	786_1R.png	unverified
D02-01922	قۇدىلىق	headword	786_1R.png	unverified
D02-01923	قۇر	headword	786_1R.png	unverified
D02-01926	قۇراتماق	headword	786_1R.png	unverified
D02-01927	قۇراشتۇرغۇزماق	headword	786_1R.png	unverified
D02-01928	قۇراشتۇرما	headword	786_1R.png	unverified
D02-01929	قۇراشتۇرماق	headword	786_1R.png	unverified
D02-01930	قۇراشتۇرۇشماق	headword	786_1R.png	unverified
D02-01931	قۇراشتۇرۇلما	headword	786_1R.png	unverified
D02-01932	قۇراشتۇرۇلماق	headword	786_1R.png	unverified
D02-01934	قۇراشما	headword	786_1R.png	unverified
D02-01935	قۇراق	headword	786_2L.png	unverified
D02-01937	قۇراقچى	headword	786_2L.png	verified
D02-01938	قۇراقلانماق	headword	786_2L.png	unverified
D02-01939	قۇراقلىماق	headword	786_2L.png	unverified
D02-01940	قۇرام	headword	786_2L.png	unverified
D02-01941	قۇراملىق	headword	786_2L.png	unverified
D02-01942	قۇرئان	headword	786_2L.png	unverified
D02-01943	قۇرئە	headword	786_2L.png	unverified
D02-01943-v1	پال	variant	786_2L.png	unverified
D02-01944	قۇرئەنداز	headword	786_2L.png	unverified
D02-01944-v1	پالچى	variant	786_2L.png	unverified
D02-01945	قۇرب	headword	786_2L.png	unverified
D02-01946	قۇربان	headword	786_2L.png	unverified
D02-01947	قۇربان ھېيت	headword	786_2L.png	unverified
D02-01948	قۇربانسىز	headword	786_2L.png	unverified
D02-01949	قۇربانلىق	headword	786_2L.png	unverified
D02-01950	قۇربەت	headword	786_2L.png	unverified
D02-01951	قۇربېشى	headword	786_2L.png	unverified
D02-01952	قۇربېگى	headword	786_2L.png	unverified
D02-01953	قۇرت	headword	786_2L.png	unverified
D02-01954	قۇرتقا	headword	787_1R.png	unverified
D02-01955	قۇرت - قوڭغۇز	headword	787_1R.png	verified
D02-01956	قۇرت - قۇمۇرلۇق	headword	787_1R.png	unverified
D02-01957	قۇرتلاتماق	headword	787_1R.png	unverified
D02-01958	قۇرتلۇق	headword	787_1R.png	unverified
D02-01959	قۇرتلىماق	headword	787_1R.png	unverified
D02-01960	قۇرتئوت	headword	787_1R.png	unverified
D02-01961	قۇرچى	headword	787_1R.png	unverified
D02-01963	قۇرچىلىق	headword	787_1R.png	verified
D02-01964	قۇرخانا	headword	787_1R.png	unverified
D02-01965	قۇرداش	headword	787_1R.png	unverified
D02-01966	قۇرداشلىق	headword	787_1R.png	unverified
D02-01967	قۇرغاق	headword	787_1R.png	unverified
D02-01968	قۇرغاقچىلىق	headword	787_1R.png	unverified
D02-01969	قۇرغاقلاشتۇرماق	headword	787_1R.png	unverified
D02-01970	قۇرغاقلاشماق	headword	787_1R.png	unverified
D02-01971	قۇرغاقلىق	headword	787_2L.png	unverified
D02-01972	قۇرغۇر	headword	787_2L.png	unverified
D02-01973	قۇرغۇزماق	headword	787_2L.png	unverified
D02-01974	قۇرغۇن	headword	787_2L.png	unverified
D02-01975	قۇرغۇنلۇق	headword	787_2L.png	unverified
D02-01976	قۇرغۇي	headword	787_2L.png	unverified
D02-01977	قۇرغۇيەك	headword	787_2L.png	verified
D02-01978	قۇرلانماق	headword	787_2L.png	unverified
D02-01979	قۇرلىماق	headword	787_2L.png	unverified
D02-01980	قۇرما	headword	787_2L.png	unverified
D02-01982	قۇرماق	headword	787_2L.png	unverified
D02-01983	قۇرمۇقۇر	headword	787_2L.png	unverified
D02-01984	قۇرۇت	headword	787_2L.png	unverified
D02-01985	قۇرۇتچى	headword	787_2L.png	unverified
D02-01986	قۇرۇتقا	headword	787_2L.png	unverified
D02-01987	قۇرۇتماق	headword	787_2L.png	unverified
D02-01988	قۇرۇتۇلما	headword	788_1R.png	verified
D02-01989	قۇرۇتۇلماق	headword	788_1R.png	unverified
D02-01990	قۇرۇشماق	headword	788_1R.png	unverified
D02-01991	قۇرۇق	headword	788_1R.png	unverified
D02-01992	قۇرۇق ئەمچەك سالماق	headword	788_1R.png	unverified
D02-01993	قۇرۇقتىن-قۇرۇق	headword	788_1R.png	unverified
D02-01994	قۇرۇقچىلىق	headword	788_1R.png	unverified
D02-01995	قۇرۇقداتماق	headword	788_1R.png	verified
D02-01996	قۇرۇقداشماق	headword	788_1R.png	unverified
D02-01997	قۇرۇقدالماق	headword	788_1R.png	unverified
D02-01997-i1	قۇرۇقداجىسمى	inflected	788_1R.png	unverified
D02-01998	قۇرۇقدىماق	headword	788_1R.png	verified
D02-01999	قۇرۇقشىمال	headword	788_2L.png	verified
D02-02000	قۇرۇقلۇق	headword	788_2L.png	unverified
D02-02002	قۇرۇقلىماق	headword	788_2L.png	verified
D02-02003	قۇرۇلتاي	headword	788_2L.png	unverified
D02-02004	قۇرۇلما	headword	788_2L.png	unverified
D02-02005	قۇرۇلماق	headword	788_2L.png	unverified
D02-02006	قۇرۇلمىچىلىق	headword	788_2L.png	unverified
D02-02007	قۇرۇلمىشۇناس	headword	788_2L.png	unverified
D02-02008	قۇرۇلمىشۇناسلىق	headword	788_2L.png	unverified
D02-02009	قۇرۇلمىلىق	headword	788_2L.png	unverified
D02-02010	قۇرۇلۇش	headword	788_2L.png	unverified
D02-02011	قۇرۇلۇشچى	headword	788_2L.png	unverified
D02-02012	قۇرۇم	headword	789_1R.png	unverified
D02-02013	قۇرۇماق	headword	789_1R.png	unverified
D02-02014	قۇرۇمداتماق	headword	789_1R.png	unverified
D02-02015	قۇرۇمداشماق	headword	789_1R.png	unverified
D02-02016	قۇرۇمدالماق	headword	789_1R.png	unverified
D02-02017	قۇرۇمدىماق	headword	789_1R.png	unverified
D02-02018	قۇرۇملۇق	headword	789_1R.png	unverified
D02-02020	قۇز	headword	789_1R.png	verified
D02-02021	قۇززات	headword	789_1R.png	verified
D02-02022	قۇزغۇن	headword	789_1R.png	verified
D02-02023	قۇستە	headword	789_1R.png	verified
D02-02024	قۇستۇرغۇچ	headword	789_1R.png	verified
D02-02025	قۇستۇرۇلماق	headword	789_2L.png	verified
D02-02026	قۇسرۇق	headword	789_2L.png	verified
D02-02027	قۇسرۇقسىز	headword	789_2L.png	verified
D02-02028	قۇسماق	headword	789_2L.png	unverified
D02-02029	قۇسۇر	headword	789_2L.png	verified
D02-02030	قۇسۇرسىز	headword	789_2L.png	unverified
D02-02031	قۇسۇشماق	headword	789_2L.png	unverified
D02-02032	قۇسۇق	headword	789_2L.png	unverified
D02-02033	قۇش	headword	789_2L.png	unverified
D02-02034	قۇشبېگى	headword	789_2L.png	unverified
D02-02035	قۇشتەك	headword	789_2L.png	unverified
D02-02036	قۇشچى	headword	789_2L.png	unverified
D02-02037	قۇشچىلىق	headword	789_2L.png	unverified
D02-02038	قۇشخانا	headword	789_2L.png	unverified
D02-02039	قۇشقاچ	headword	789_2L.png	unverified
D02-02040	قۇشقاچتىل	headword	790_1R.png	unverified
D02-02041	قۇشقونماس	headword	790_1R.png	unverified
D02-02042	قۇشقۇن	headword	790_1R.png	unverified
D02-02043	قۇشقۇنغا ئولتۇرماق	headword	790_1R.png	unverified
D02-02044	قۇشلاتماق	headword	790_1R.png	unverified
D02-02045	قۇشلاشماق	headword	790_1R.png	unverified
D02-02046	قۇشلانماق	headword	790_1R.png	unverified
D02-02047	قۇشلىماق	headword	790_1R.png	unverified
D02-02048	قۇشناچ	headword	790_1R.png	unverified
D02-02049	قۇل	headword	790_1R.png	unverified
D02-02050	قۇلا	headword	790_1R.png	unverified
D02-02052	قۇلاق	headword	790_1R.png	unverified
D02-02053	قۇلاق ئاغرىتماق	headword	790_2L.png	unverified
D02-02054	قۇلاق كەستى	headword	790_2L.png	unverified
D02-02055	قۇلاقنى يوپۇرماق	headword	790_2L.png	unverified
D02-02056	قۇلىقى دىڭ	headword	790_2L.png	unverified
D02-02057	قۇلىقى قىزىماق	headword	790_2L.png	unverified
D02-02058	قۇلىقى ئۇزۇن	headword	790_2L.png	unverified
D02-02059	قۇلىقى يۇمشاق	headword	790_2L.png	unverified
D02-02060	قۇلاقباغ	headword	790_2L.png	unverified
D02-02061	قۇلاقچا	headword	790_2L.png	unverified
D02-02062	قۇلاقچۆپ	headword	790_2L.png	unverified
D02-02063	قۇلاقچېچەك	headword	790_2L.png	unverified
D02-02064	قۇلاقچىلىق	headword	790_2L.png	unverified
D02-02065	قۇلاقسىز	headword	791_1R.png	unverified
D02-02066	قۇلاقلاشماق	headword	791_1R.png	unverified
D02-02067	قۇلاقلاندۇرماق	headword	791_1R.png	unverified
D02-02068	قۇلاقلاندۇرۇشماق	headword	791_1R.png	unverified
D02-02069	قۇلاقلاندۇرۇلماق	headword	791_1R.png	unverified
D02-02070	قۇلاقلانماق	headword	791_1R.png	unverified
D02-02071	قۇلاقلىق	headword	791_1R.png	unverified
D02-02072	قۇلاق-مېڭە	headword	791_1R.png	unverified
D02-02073	قۇلان	headword	791_1R.png	unverified
D02-02074	قۇلانلىق	headword	791_1R.png	unverified
D02-02075	قۇلپۇرۇش	headword	791_1R.png	unverified
D02-02076	قۇلچاق	headword	791_1R.png	unverified
D02-02077	قۇلچىلىق	headword	791_1R.png	unverified
D02-02078	قۇلدار	headword	791_1R.png	unverified
D02-02079	قۇلدارلىق	headword	791_1R.png	unverified
D02-02080	قۇللاپ	headword	791_1R.png	unverified
D02-02081	قۇللارچە	headword	791_1R.png	unverified
D02-02082	قۇللاشتۇرماق	headword	791_1R.png	unverified
D02-02083	قۇللۇق	headword	791_1R.png	unverified
D02-02084	قۇلماق	headword	791_1R.png	unverified
D02-02085	قۇلماقلىق	headword	791_2L.png	unverified
D02-02086	قۇلۇبناي	headword	791_2L.png	unverified
D02-02087	قۇلۇبنىك	headword	791_2L.png	unverified
D02-02088	قۇلۇپ	headword	791_2L.png	unverified
D02-02089	قۇلۇپساز	headword	791_2L.png	unverified
D02-02090	قۇلۇپسازلىق	headword	791_2L.png	unverified
D02-02091	قۇلۇپلاتماق	headword	791_2L.png	unverified
D02-02092	قۇلۇپلاشماق	headword	791_2L.png	unverified
D02-02093	قۇلۇپلاقلىق	headword	791_2L.png	unverified
D02-02094	قۇلۇپلانماق	headword	791_2L.png	unverified
D02-02095	قۇلۇپلۇق	headword	791_2L.png	unverified
D02-02096	قۇلۇپلىماق	headword	791_2L.png	unverified
D02-02097	قۇلۇلە	headword	791_2L.png	unverified
D02-02098	قۇلۇلىخور	headword	791_2L.png	unverified
D02-02099	قۇلۇلىسىمان	headword	791_2L.png	unverified
D02-02100	قۇلۇن	headword	791_2L.png	unverified
D02-02101	قۇلۇنچاق	headword	792_1R.png	unverified
D02-02102	قۇلۇنچى	headword	792_1R.png	unverified
D02-02103	قۇلۇنلاتماق	headword	792_1R.png	unverified
D02-02104	قۇلۇنلۇق	headword	792_1R.png	unverified
D02-02105	قۇلۇنلىماق	headword	792_1R.png	unverified
D02-02106	قۇلىقەت	headword	792_1R.png	unverified
D02-02107	قۇم	headword	792_1R.png	unverified
D02-02108	قۇم تەللە	headword	792_1R.png	verified
D02-02109	قۇم توۋرىسى	headword	792_1R.png	unverified
D02-02110	قۇما	headword	792_1R.png	unverified
D02-02111	قۇماق	headword	792_1R.png	unverified
D02-02112	قۇماقلىق	headword	792_1R.png	unverified
D02-02113	قۇماي	headword	792_1R.png	unverified
D02-02114	قۇم-بوران	headword	792_1R.png	unverified
D02-02115	قۇمچاق	headword	792_1R.png	unverified
D02-02116	قۇمداتماق	headword	792_1R.png	unverified
D02-02117	قۇمداشماق	headword	792_1R.png	unverified
D02-02118	قۇمدالماق	headword	792_1R.png	unverified
D02-02119	قۇمدەك	headword	792_1R.png	unverified
D02-02120	قۇمدىماق	headword	792_2L.png	unverified
D02-02121	قۇمساز	headword	792_2L.png	unverified
D02-02122	قۇمساق	headword	792_2L.png	unverified
D02-02123	قۇمساڭ	headword	792_2L.png	unverified
D02-02124	قۇمساڭغۇ	headword	792_2L.png	unverified
D02-02125	قۇمسال	headword	792_2L.png	unverified
D02-02126	قۇمسىرىماق	headword	792_2L.png	unverified
D02-02127	قۇمغان	headword	792_2L.png	unverified
D02-02128	قۇمقازى	headword	792_2L.png	unverified
D02-02129	قۇمقۇرتى	headword	792_2L.png	unverified
D02-02130	قۇملاشماق	headword	792_2L.png	unverified
D02-02131	قۇملۇق	headword	792_2L.png	unverified
D02-02132	قۇملىماق	headword	792_2L.png	unverified
D02-02133	قۇممەت	headword	792_2L.png	unverified
D02-02134	قۇمۇلاڭ	headword	792_2L.png	unverified
D02-02135	قۇمىق	headword	792_2L.png	unverified
D02-02136	قۇمىلاق	headword	793_1R.png	unverified
D02-02137	قۇمىلاقچى	headword	793_1R.png	unverified
D02-02138	قۇمىلاقلاتماق	headword	793_1R.png	verified
D02-02139	قۇمىلاقلاشماق	headword	793_1R.png	unverified
D02-02140	قۇمىلاقلىماق	headword	793_1R.png	unverified
D02-02141	قۇنتلاپ	headword	793_1R.png	unverified
D02-02142	قۇندۇز	headword	793_1R.png	unverified
D02-02143	قۇندۇزدەك	headword	793_1R.png	unverified
D02-02144	قۇندۇزلەش	headword	793_1R.png	unverified
D02-02145	قۇندۇزئوت	headword	793_1R.png	unverified
D02-02146	قۇنۇن	headword	793_1R.png	unverified
D02-02147	قۇۋ	headword	793_1R.png	unverified
D02-02149	قۇۋانچ	headword	793_2L.png	verified
D02-02150	قۇۋانچلىق	headword	793_2L.png	unverified
D02-02151	قۇۋاندۇرماق	headword	793_2L.png	unverified
D02-02152	قۇۋانماق	headword	793_2L.png	unverified
D02-02153	قۇۋ-چۇۋ	headword	793_2L.png	unverified
D02-02154	قۇۋلاشتۇرماق	headword	793_2L.png	unverified
D02-02155	قۇۋلاشماق	headword	793_2L.png	unverified
D02-02156	قۇۋلۇق	headword	793_2L.png	unverified
D02-02157	قۇۋلۇق-شۇملۇق	headword	793_2L.png	unverified
D02-02158	قۇۋناق	headword	793_2L.png	unverified
D02-02159	قۇۋناقلىق	headword	793_2L.png	unverified
D02-02160	قۇۋۇرماق	headword	793_2L.png	unverified
D02-02161	قۇۋۋەت	headword	793_2L.png	unverified
D02-02162	قۇۋۋەتسىز	headword	793_2L.png	unverified
D02-02163	قۇۋۋەتسىزلەندۈرمەك	headword	793_2L.png	unverified
D02-02164	قۇۋۋەتسىزلەندۈرۈلمەك	headword	793_2L.png	unverified
D02-02165	قۇۋۋەتسىزلەنمەك	headword	793_2L.png	unverified
D02-02166	قۇۋۋەتسىزلىك	headword	794_1R.png	unverified
D02-02167	قۇۋۋەتشۇناس	headword	794_1R.png	unverified
D02-02168	قۇۋۋەتشۇناسلىق	headword	794_1R.png	unverified
D02-02169	قۇۋۋەتلەشمەك	headword	794_1R.png	unverified
D02-02170	قۇۋۋەتلەندۈرمەك	headword	794_1R.png	unverified
D02-02171	قۇۋۋەتلەنمەك	headword	794_1R.png	unverified
D02-02172	قۇۋۋەتلىك	headword	794_1R.png	unverified
D02-02173	قۇۋۋەتلىگۈچ	headword	794_1R.png	unverified
D02-02174	قۇۋۋەتلىمەك	headword	794_1R.png	unverified
D02-02175	قۇياش	headword	794_1R.png	unverified
D02-02176	قۇياشسىز	headword	794_2L.png	unverified
D02-02177	قۇياشلىق	headword	794_2L.png	unverified
D02-02178	قۇياغ	headword	794_2L.png	unverified
D02-02179	قۇياغلىق	headword	794_2L.png	unverified
D02-02180	قۇيت	headword	794_2L.png	unverified
D02-02181	قۇيدۇرماق	headword	794_2L.png	unverified
D02-02182	قۇيدۇرۇشماق	headword	794_2L.png	unverified
D02-02183	قۇيدۇرۇلماق	headword	794_2L.png	unverified
D02-02184	قۇيرۇق	headword	794_2L.png	unverified
D02-02185	قۇيرۇق تۇتقۇزماسلىق	headword	794_2L.png	verified
D02-02186	قۇيرۇقىنى تالىماق	headword	795_1R.png	verified
D02-02187	قۇيرۇقىنى تىكىۋەتمەك	headword	795_1R.png	verified
D02-02188	قۇيرۇقىنى چىشلىمەك	headword	795_1R.png	unverified
D02-02189	قۇيرۇقىنى قۇم باسماق	headword	795_1R.png	unverified
D02-02190	قۇيرۇقىنى قىسماق	headword	795_1R.png	unverified
D02-02191	قۇيرۇقىنى كۆتۈرۈۋالماق	headword	795_1R.png	unverified
D02-02192	قۇيرۇقچى	headword	795_1R.png	unverified
D02-02193	قۇيرۇقچىلىق	headword	795_1R.png	unverified
D02-02194	قۇيرۇقسىز	headword	795_1R.png	unverified
D02-02195	قۇيرۇقسىمان	headword	795_1R.png	unverified
D02-02196	قۇيرۇقلۇق	headword	795_1R.png	unverified
D02-02197	قۇيقا	headword	795_1R.png	unverified
D02-02198	قۇيقا چېچى تىك تۇرماق	headword	795_1R.png	unverified
D02-02200	قۇي- قۇي	headword	795_1R.png	unverified
D02-02201	قۇيقىلاتماق	headword	795_1R.png	unverified
D02-02202	قۇيقىلاشماق	headword	795_1R.png	unverified
D02-02203	قۇيقىلانماق	headword	795_1R.png	unverified
D02-02204	قۇيقىلىماق	headword	795_1R.png	unverified
D02-02205	قۇيما	headword	795_1R.png	unverified
D02-02206	قۇيماق	headword	795_1R.png	unverified
D02-02208	قۇيمىچى	headword	795_2L.png	unverified
D02-02209	قۇيمىچىلىق	headword	795_2L.png	unverified
D02-02210	قۇيمىگەر	headword	795_2L.png	unverified
D02-02211	قۇيمىگەرلىك	headword	795_2L.png	unverified
D02-02212	قۇيۇت	headword	795_2L.png	unverified
D02-02213	قۇيۇتلىماق	headword	795_2L.png	unverified
D02-02214	قۇيۇچ	headword	795_2L.png	unverified
D02-02215	قۇيۇشماق	headword	795_2L.png	unverified
D02-02216	قۇيۇلما	headword	795_2L.png	unverified
D02-02217	قۇيۇلماق	headword	795_2L.png	unverified
D02-02218	قۇيۇمچاق	headword	795_2L.png	unverified
D02-02218-v1	توققۇزكۆز	variant	795_2L.png	unverified
D02-02219	قۇيۇن	headword	795_2L.png	unverified
D02-02220	قۇيۇنتاز	headword	795_2L.png	unverified
D02-02221	قۇيۇندەك	headword	795_2L.png	unverified
D02-02222	قۇيۇنسىمان	headword	795_2L.png	unverified
D02-02223	قې	headword	795_2L.png	unverified
D02-02224	قېپىشماق	headword	795_2L.png	unverified
D02-02225	قېپىنماق	headword	795_2L.png	unverified
D02-02226	قېتىرقانماق	headword	795_2L.png	unverified
D02-02227	قېتىرقىنىشماق	headword	795_2L.png	verified
D02-02228	قېتىشتۇرماق	headword	795_2L.png	unverified
D02-02229	قېتىشما	headword	796_1R.png	verified
D02-02230	قېتىشماق	headword	796_1R.png	unverified
D02-02232	قېتىق	headword	796_1R.png	unverified
D02-02233	قېتىقچى	headword	796_1R.png	unverified
D02-02234	قېتىقلىق	headword	796_1R.png	unverified
D02-02235	قېتىلماق	headword	796_1R.png	unverified
D02-02236	قېتىلىشماق	headword	796_1R.png	unverified
D02-02237	قېتىم	headword	796_1R.png	unverified
D02-02239	قېتىمقى	headword	796_1R.png	unverified
D02-02240	قېتىملاپ	headword	796_1R.png	unverified
D02-02241	قېتىملىق	headword	796_1R.png	unverified
D02-02242	قېتىملىماق	headword	796_1R.png	unverified
D02-02243	قېتىنچا	headword	796_1R.png	unverified
D02-02244	قېتىنچىلىق	headword	796_1R.png	unverified
D02-02245	قېچىر	headword	796_1R.png	unverified
D02-02246	قېچىرچى	headword	796_2L.png	unverified
D02-02247	قېچىرچىلىق	headword	796_2L.png	unverified
D02-02248	قېچىرلاشماق	headword	796_2L.png	unverified
D02-02249	قېچىرلىق	headword	796_2L.png	unverified
D02-02250	قېچىرلىماق	headword	796_2L.png	unverified
D02-02251	قېچىشماق	headword	796_2L.png	unverified
D02-02252	قېرى	headword	796_2L.png	unverified
D02-02254	قېرىتماق	headword	796_2L.png	unverified
D02-02255	قېرى - چۈرى	headword	796_2L.png	unverified
D02-02256	قېرىسال	headword	796_2L.png	unverified
D02-02257	قېرىشتۇرماق	headword	796_2L.png	unverified
D02-02258	قېرىشقاق	headword	796_2L.png	verified
D02-02259	قېرىشقاندەك	headword	796_2L.png	verified
D02-02260	قېرىشماق	headword	796_2L.png	unverified
D02-02261	قېرىق	headword	796_2L.png	unverified
D02-02262	قېرى - قارتاڭ	headword	797_1R.png	verified
D02-02263	قېرىقلاشماق	headword	797_1R.png	unverified
D02-02264	قېرىقلىق	headword	797_1R.png	unverified
D02-02265	قېرىقىز	headword	797_1R.png	unverified
D02-02266	قېرىلاشتۇرماق	headword	797_1R.png	verified
D02-02267	قېرىلاشماق	headword	797_1R.png	verified
D02-02268	قېرىلىق	headword	797_1R.png	unverified
D02-02269	قېرىم	headword	797_1R.png	unverified
D02-02270	قېرىماق	headword	797_1R.png	unverified
D02-02271	قېرىمدىماق	headword	797_1R.png	unverified
D02-02272	قېرىن	headword	797_1R.png	verified
D02-02273	قېرىنچە	headword	797_1R.png	unverified
D02-02274	قېرىنداش	headword	797_1R.png	unverified
D02-02276	قېرىنداشلارچە	headword	797_1R.png	unverified
D02-02277	قېرىنداشلىق	headword	797_1R.png	verified
D02-02278	قېرىنقۇلاق	headword	797_2L.png	unverified
D02-02279	قېرى - ياش	headword	797_2L.png	unverified
D02-02280	قېزا	headword	797_2L.png	unverified
D02-02281	قېزىشماق	headword	797_2L.png	unverified
D02-02282	قېزىلما	headword	797_2L.png	unverified
D02-02283	قېزىلماق	headword	797_2L.png	unverified
D02-02284	قېزىلىق	headword	797_2L.png	unverified
D02-02285	قېقىر - چۇقۇر	headword	797_2L.png	unverified
D02-02286	قېقىشتۇرماق	headword	797_2L.png	unverified
D02-02287	قېقىشماق	headword	797_2L.png	unverified
D02-02288	قېقىقلىق	headword	797_2L.png	unverified
D02-02289	قېقىلماق	headword	797_2L.png	unverified
D02-02290	قېقىلىپ- سوقۇلۇپ	headword	797_2L.png	unverified
D02-02291	قېقىندى	headword	797_2L.png	unverified
D02-02292	قېقىندى - سوقۇندى	headword	797_2L.png	unverified
D02-02293	قېلىپ	headword	798_1R.png	unverified
D02-02294	قېلىپباز	headword	798_1R.png	unverified
D02-02295	قېلىپبازلىق	headword	798_1R.png	unverified
D02-02296	قېلىپچى	headword	798_1R.png	unverified
D02-02297	قېلىپچىلىق	headword	798_1R.png	unverified
D02-02298	قېلىپسىز	headword	798_1R.png	unverified
D02-02299	قېلىپسىزلىق	headword	798_1R.png	unverified
D02-02300	قېلىپلاتماق	headword	798_1R.png	unverified
D02-02301	قېلىپلاشتۇرماق	headword	798_1R.png	unverified
D02-02302	قېلىپلاشتۇرۇلماق	headword	798_1R.png	unverified
D02-02303	قېلىپلاشماق	headword	798_1R.png	unverified
D02-02304	قېلىپلانماق	headword	798_1R.png	unverified
D02-02305	قېلىپلىق	headword	798_1R.png	unverified
D02-02306	قېلىپلىما	headword	798_1R.png	unverified
D02-02307	قېلىپلىماق	headword	798_1R.png	unverified
D02-02308	قېلىشماق	headword	798_1R.png	unverified
D02-02309	قېلىن	headword	798_1R.png	unverified
D02-02310	قېلىنلاتماق	headword	798_2L.png	unverified
D02-02311	قېلىنلاشتۇرماق	headword	798_2L.png	unverified
D02-02312	قېلىنلاشماق	headword	798_2L.png	unverified
D02-02313	قېلىنلىق	headword	798_2L.png	unverified
D02-02314	قېلىنلىماق	headword	798_2L.png	unverified
D02-02315	قېلىنماق	headword	798_2L.png	unverified
D02-02316	قېنى	headword	798_2L.png	unverified
D02-02317	قېنىشماق	headword	798_2L.png	unverified
D02-02318	قېنىق	headword	798_2L.png	verified
D02-02319	قېنىقلىق	headword	798_2L.png	unverified
D02-02320	قېنىقماق	headword	798_2L.png	unverified
D02-02321	قېھ-قېھ	headword	798_2L.png	unverified
D02-02322	قېيىداتماق	headword	798_2L.png	unverified
D02-02323	قېيىداشماق	headword	798_2L.png	unverified
D02-02324	قېيىدىغاق	headword	798_2L.png	unverified
D02-02325	قېيىدىماق	headword	798_2L.png	unverified
D02-02326	قېيىش	headword	798_2L.png	unverified
D02-02327	قېيىشتۇرماق	headword	798_2L.png	verified
D02-02328	قېيىشماق	headword	799_1R.png	unverified
D02-02329	قېيىغاچ	headword	799_1R.png	unverified
D02-02330	قېيىق	headword	799_1R.png	unverified
D02-02332	قېيىقچى	headword	799_1R.png	unverified
D02-02333	قېيىقچىلىق	headword	799_1R.png	unverified
D02-02334	قېيىقلىق	headword	799_1R.png	unverified
D02-02336	قېيىماق	headword	799_1R.png	unverified
D02-02337	قېيىن	headword	799_1R.png	unverified
D02-02338	قېيىنئاپا	headword	799_1R.png	unverified
D02-02339	قېيىنئاتا	headword	799_1R.png	unverified
D02-02340	قېيىنئاچا	headword	799_1R.png	unverified
D02-02341	قېيىنئاغا	headword	799_1R.png	unverified
D02-02342	قېيىنئانا	headword	799_1R.png	unverified
D02-02343	قېيىنزار	headword	799_1R.png	unverified
D02-02344	قېيىنزارلىق	headword	799_1R.png	unverified
D02-02345	قېيىنسىڭىل	headword	799_1R.png	unverified
D02-02346	قېيىنلىق	headword	799_1R.png	unverified
D02-02347	قېيىنئېگىچە	headword	799_1R.png	unverified
D02-02348	قېيىنئىنى	headword	799_2L.png	verified
D02-02349	قېيىن-بويان	headword	799_2L.png	unverified
D02-02350	قىبلە	headword	799_2L.png	unverified
D02-02351	قىبلىگاھ	headword	799_2L.png	unverified
D02-02352	قىبلىنەما	headword	799_2L.png	unverified
D02-02353	قىپچا	headword	799_2L.png	unverified
D02-02354	قىپچاق	headword	799_2L.png	unverified
D02-02355	قىپچاقچە	headword	799_2L.png	unverified
D02-02356	قىپچانماق	headword	799_2L.png	unverified
D02-02357	قىپچىماق	headword	799_2L.png	unverified
D02-02358	قىتات	headword	799_2L.png	unverified
D02-02359	قىتاتلاتماق	headword	799_2L.png	unverified
D02-02360	قىتاتلاشماق	headword	799_2L.png	unverified
D02-02361	قىتاتلانماق	headword	799_2L.png	unverified
D02-02362	قىتاتلىماق	headword	799_2L.png	unverified
D02-02363	قىتان	headword	799_2L.png	unverified
D02-02364	قىتئە	headword	799_2L.png	unverified
D02-02365	قىتلانماق	headword	800_1R.png	unverified
D02-02366	قىتمال	headword	800_1R.png	unverified
D02-02367	قىتماللاشتۇرماق	headword	800_1R.png	verified
D02-02368	قىتماللاشماق	headword	800_1R.png	unverified
D02-02369	قىتماللىق	headword	800_1R.png	unverified
D02-02370	قىتىغۇر	headword	800_1R.png	unverified
D02-02371	قىتىغۇرلۇق	headword	800_1R.png	unverified
D02-02372	قىتىڭشىماق	headword	800_1R.png	verified
D02-02373	قىچا	headword	800_1R.png	unverified
D02-02374	قىچقارتماق	headword	800_1R.png	unverified
D02-02375	قىچقارماق	headword	800_1R.png	unverified
D02-02376	قىچقىرىشماق	headword	800_1R.png	unverified
D02-02377	قىچقىرىلماق	headword	800_1R.png	unverified
D02-02378	قىچىشتۇرماق	headword	800_1R.png	unverified
D02-02379	قىچىشقاق	headword	800_1R.png	unverified
D02-02380	قىچىشماق	headword	800_1R.png	unverified
D02-02381	قىچىق	headword	800_1R.png	unverified
D02-02381-v1	غىدىق	variant	800_1R.png	unverified
D02-02382	قىچىقلاشماق	headword	800_1R.png	unverified
D02-02382-v1	غىدىقلاشماق	variant	800_1R.png	unverified
D02-02383	قىچىقلىماق	headword	800_2L.png	unverified
D02-02383-v1	غىدىقلىماق	variant	800_2L.png	unverified
D02-02384	قىچىلىق	headword	800_2L.png	unverified
D02-02385	قىدام	headword	800_2L.png	verified
D02-02386	قىدىرغۇچى	headword	800_2L.png	unverified
D02-02387	قىدىرماق	headword	800_2L.png	unverified
D02-02388	قىدىرىشماق	headword	800_2L.png	unverified
D02-02389	قىدىرىلماق	headword	800_2L.png	unverified
D02-02390	قىر	headword	800_2L.png	unverified
D02-02391	قىرائەت	headword	800_2L.png	unverified
D02-02392	قىرائەتخان	headword	800_2L.png	unverified
D02-02393	قىرائەتخانا	headword	800_2L.png	unverified
D02-02394	قىرائەتخانلىق	headword	800_2L.png	unverified
D02-02395	قىران	headword	800_2L.png	unverified
D02-02396	قىرانلىق	headword	800_2L.png	unverified
D02-02397	قىرت	headword	800_2L.png	verified
D02-02398	قىرتاقلاشماق	headword	801_1R.png	verified
D02-02399	قىرتۇ	headword	801_1R.png	unverified
D02-02400	قىرتىش	headword	801_1R.png	unverified
D02-02401	قىر - چاپ	headword	801_1R.png	unverified
D02-02402	قىرچاڭغۇ	headword	801_1R.png	unverified
D02-02403	قىرچاڭغۇلۇق	headword	801_1R.png	unverified
D02-02404	قىرچىلاڭغۇ	headword	801_1R.png	unverified
D02-02405	قىرچىلدۇرماق	headword	801_1R.png	unverified
D02-02406	قىرچىلما	headword	801_1R.png	unverified
D02-02407	قىرچىلماق	headword	801_1R.png	unverified
D02-02408	قىرچىن	headword	801_1R.png	unverified
D02-02409	قىرچىنتال	headword	801_1R.png	unverified
D02-02410	قىر - دالا	headword	801_1R.png	unverified
D02-02411	قىردۇرماق	headword	801_1R.png	unverified
D02-02412	قىردۇرۇلماق	headword	801_1R.png	unverified
D02-02413	قىرس	headword	801_1R.png	unverified
D02-02414	قىرسسىدە	headword	801_1R.png	verified
D02-02415	قىرس - قىرس	headword	801_1R.png	unverified
D02-02416	قىرسلاتماق	headword	801_1R.png	unverified
D02-02417	قىرسىلدىماق	headword	801_2L.png	verified
D02-02418	قىرسىق	headword	801_2L.png	unverified
D02-02419	قىرسىقلىق	headword	801_2L.png	unverified
D02-02420	قىرسىلداتماق	headword	801_2L.png	unverified
D02-02422	قىرغاق	headword	801_2L.png	unverified
D02-02423	قىرغاقچى	headword	801_2L.png	unverified
D02-02424	قىرغاقدىماق	headword	801_2L.png	unverified
D02-02425	قىرغاقلىق	headword	801_2L.png	unverified
D02-02426	قىرغاۋۇل	headword	801_2L.png	unverified
D02-02427	قىرغۇ	headword	801_2L.png	unverified
D02-02428	قىرغۇچ	headword	801_2L.png	unverified
D02-02430	قىرغۇچى	headword	801_2L.png	unverified
D02-02431	قىرغۇزماق	headword	801_2L.png	unverified
D02-02432	قىرغۇزۇلماق	headword	801_2L.png	unverified
D02-02433	قىرغىز	headword	801_2L.png	unverified
D02-02434	قىرغىزچە	headword	801_2L.png	unverified
D02-02435	قىرغىن	headword	802_1R.png	unverified
D02-02437	قىرغىن - چاپقۇن	headword	802_1R.png	unverified
D02-02438	قىرغىنچى	headword	802_1R.png	unverified
D02-02439	قىرغىنچىلىق	headword	802_1R.png	unverified
D02-02440	قىرغىنلىق	headword	802_1R.png	unverified
D02-02441	قىر - قاش	headword	802_1R.png	verified
D02-02442	قىرقۇم	headword	802_1R.png	verified
D02-02443	قىرقىتماق	headword	802_1R.png	unverified
D02-02444	قىر - قىر	headword	802_1R.png	unverified
D02-02445	قىرقىراتماق	headword	802_1R.png	unverified
D02-02446	قىرقىراشماق	headword	802_1R.png	unverified
D02-02447	قىرقىرىماق	headword	802_1R.png	unverified
D02-02448	قىرقىشماق	headword	802_1R.png	verified
D02-02449	قىرقىقسىز	headword	802_1R.png	unverified
D02-02450	قىرقىقلىق	headword	802_1R.png	unverified
D02-02451	قىرقىلما	headword	802_1R.png	verified
D02-02452	قىرقىم	headword	802_1R.png	unverified
D02-02453	قىرقىما	headword	802_1R.png	unverified
D02-02454	قىرقىماق	headword	802_1R.png	unverified
D02-02455	قىرقىندى	headword	802_1R.png	unverified
D02-02456	قىرلاتماق	headword	802_1R.png	unverified
D02-02457	قىرلاقلىق	headword	802_2L.png	verified
D02-02458	قىرلانماق	headword	802_2L.png	unverified
D02-02459	قىرلىق	headword	802_2L.png	unverified
D02-02460	قىرلىماق	headword	802_2L.png	unverified
D02-02461	قىرماق	headword	802_2L.png	unverified
D02-02463	قىرمۇقىر	headword	802_2L.png	unverified
D02-02464	قىرمىز	headword	802_2L.png	verified
D02-02464-i1	قىرمىزى	inflected	802_2L.png	verified
D02-02465	قىرمىزاق	headword	802_2L.png	unverified
D02-02466	قىروۋ	headword	802_2L.png	verified
D02-02467	قىروۋدىماق	headword	802_2L.png	verified
D02-02468	قىروۋسىز	headword	802_2L.png	verified
D02-02469	قىروۋلۇق	headword	802_2L.png	verified
D02-02470	قىرىچە	headword	802_2L.png	unverified
D02-02471	قىرىچە - يېنىچە	headword	802_2L.png	unverified
D02-02472	قىرىش	headword	802_2L.png	unverified
D02-02473	قىرىق	headword	803_1R.png	verified
D02-02474	قىرىق سۈيى	headword	803_1R.png	unverified
D02-02475	قىرىق نەزىرى	headword	803_1R.png	unverified
D02-02476	قىرىقى ئانىسى	headword	803_1R.png	unverified
D02-02477	قىرىقئاياغ	headword	803_1R.png	verified
D02-02478	قىرىقبوغۇم	headword	803_1R.png	unverified
D02-02479	قىرىقبوغۇمسىمان	headword	803_1R.png	unverified
D02-02480	قىرىققۇلاق	headword	803_1R.png	unverified
D02-02481	قىرىقىنچى	headword	803_1R.png	unverified
D02-02482	قىرىلماق	headword	803_1R.png	unverified
D02-02483	قىرىم	headword	803_1R.png	unverified
D02-02484	قىرىندى	headword	803_1R.png	unverified
D02-02485	قىز	headword	803_1R.png	unverified
D02-02486	قىزارتماق	headword	803_2L.png	verified
D02-02487	قىزارماق	headword	803_2L.png	unverified
D02-02488	قىزتالاق	headword	803_2L.png	unverified
D02-02489	قىز - جۇۋان	headword	803_2L.png	unverified
D02-02490	قىزچاق	headword	803_2L.png	unverified
D02-02491	قىز - چوكان	headword	803_2L.png	unverified
D02-02492	قىزدۇرغۇچ	headword	803_2L.png	unverified
D02-02493	قىزدۇرماق	headword	803_2L.png	unverified
D02-02494	قىزغانچۇق	headword	803_2L.png	unverified
D02-02495	قىزغانچۇقلۇق	headword	803_2L.png	unverified
D02-02496	قىزغاندۇرماق	headword	803_2L.png	unverified
D02-02497	قىزغانماق	headword	803_2L.png	unverified
D02-02498	قىزغىن	headword	804_1R.png	verified
D02-02499	قىزغىنلىق	headword	804_1R.png	unverified
D02-02500	قىزغىنىشماق	headword	804_1R.png	unverified
D02-02501	قىزقۇۋار	headword	804_1R.png	unverified
D02-02502	قىزلىق	headword	804_1R.png	unverified
D02-02503	قىزىتقۇچ	headword	804_1R.png	unverified
D02-02504	قىزىتما	headword	804_1R.png	unverified
D02-02505	قىزىتماق	headword	804_1R.png	unverified
D02-02506	قىزىتىشماق	headword	804_1R.png	unverified
D02-02507	قىزىتىلماق	headword	804_1R.png	unverified
D02-02508	قىزىرىشماق	headword	804_1R.png	unverified
D02-02509	قىزىشماق	headword	804_1R.png	unverified
D02-02510	قىزىق	headword	804_1R.png	verified
D02-02511	قىزىقارلىق	headword	804_2L.png	unverified
D02-02512	قىزىقتۇرماق	headword	804_2L.png	unverified
D02-02513	قىزىقتۇرۇلماق	headword	804_2L.png	unverified
D02-02514	قىزىقچى	headword	804_2L.png	unverified
D02-02515	قىزىقچىلىق	headword	804_2L.png	unverified
D02-02516	قىزىقسىندۇرماق	headword	804_2L.png	unverified
D02-02517	قىزىقسىنماق	headword	804_2L.png	unverified
D02-02518	قىزىقسىنىشماق	headword	804_2L.png	verified
D02-02519	قىزىققاق	headword	804_2L.png	unverified
D02-02520	قىزىققاقلىق	headword	804_2L.png	unverified
D02-02521	قىزىققان	headword	804_2L.png	unverified
D02-02522	قىزىققانلىق	headword	804_2L.png	unverified
D02-02523	قىزىق - قىزىق	headword	804_2L.png	unverified
D02-02524	قىزىقلىق	headword	805_1R.png	unverified
D02-02525	قىزىقماق	headword	805_1R.png	unverified
D02-02526	قىزىقىدا	headword	805_1R.png	unverified
D02-02527	قىزىقىش	headword	805_1R.png	unverified
D02-02528	قىزىقىشلىق	headword	805_1R.png	unverified
D02-02529	قىزىقشماق	headword	805_1R.png	unverified
D02-02530	قىزىل	headword	805_1R.png	unverified
D02-02531	قىزىل ئارمىيە	headword	805_1R.png	unverified
D02-02532	قىزىل بايراق	headword	805_1R.png	unverified
D02-02533	قىزىل رەقەم	headword	805_1R.png	unverified
D02-02534	قىزىل قىيامەت	headword	805_2L.png	verified
D02-02535	قىزىل كۆز	headword	805_2L.png	unverified
D02-02536	قىزىل ئىشتان	headword	805_2L.png	unverified
D02-02538	قىزىلاڭ	headword	805_2L.png	unverified
D02-02539	قىزىلباش	headword	805_2L.png	unverified
D02-02540	قىزىلبۇرۇن	headword	805_2L.png	unverified
D02-02541	قىزىل بۇغداش	headword	805_2L.png	unverified
D02-02542	قىزىلتاسما	headword	805_2L.png	verified
D02-02542-v1	قوشقاچتىل	variant	805_2L.png	verified
D02-02543	قىزىل - تىزىل	headword	805_2L.png	unverified
D02-02544	قىزىلچا	headword	805_2L.png	unverified
D02-02545	قىزىلچىلىق	headword	805_2L.png	unverified
D02-02546	قىزىلقۇلاق	headword	805_2L.png	verified
D02-02547	قىزىلكوس	headword	805_2L.png	unverified
D02-02548	قىزىلكۈيە	headword	806_1R.png	unverified
D02-02549	قىزىلگۈل	headword	806_1R.png	unverified
D02-02550	قىزىللاشتۇرۇشماق	headword	806_1R.png	unverified
D02-02551	قىزىللاشتۇرماق	headword	806_1R.png	unverified
D02-02552	قىزىللاشتۇرۇلماق	headword	806_1R.png	unverified
D02-02553	قىزىللاشماق	headword	806_1R.png	unverified
D02-02554	قىزىللىق	headword	806_1R.png	unverified
D02-02555	قىزىلمارال	headword	806_1R.png	unverified
D02-02556	قىزىلمۇچ	headword	806_1R.png	verified
D02-02557	قىزىلمۇچ قىيامى	headword	806_1R.png	verified
D02-02558	قىزىلمۇچلۇق	headword	806_1R.png	verified
D02-02559	قىزىلئۆڭگەچ	headword	806_1R.png	verified
D02-02560	قىزىماق	headword	806_1R.png	unverified
D02-02561	قىز - يىگىت	headword	806_1R.png	unverified
D02-02562	قىس	headword	806_1R.png	unverified
D02-02563	قىساس	headword	806_2L.png	unverified
D02-02564	قىساس تۇتماق	headword	806_2L.png	unverified
D02-02565	قىساسچى	headword	806_2L.png	unverified
D02-02566	قىساسچىلىق	headword	806_2L.png	unverified
D02-02567	قىساسخور	headword	806_2L.png	unverified
D02-02568	قىساسخورلۇق	headword	806_2L.png	unverified
D02-02569	قىساسكار	headword	806_2L.png	unverified
D02-02570	قىساسكارلىق	headword	806_2L.png	unverified
D02-02571	قىساسلىق	headword	806_2L.png	unverified
D02-02572	قىساسنامە	headword	806_2L.png	unverified
D02-02573	قىساڭ	headword	806_2L.png	unverified
D02-02574	قىستاتماق	headword	806_2L.png	unverified
D02-02575	قىستاشماق	headword	806_2L.png	unverified
D02-02576	قىستاق	headword	806_2L.png	unverified
D02-02577	قىستاقچىلىق	headword	806_2L.png	unverified
D02-02578	قىستا - قىستاڭ	headword	806_2L.png	unverified
D02-02579	قىستا - قىستاڭچىلىق	headword	806_2L.png	unverified
D02-02580	قىستاڭ	headword	806_2L.png	unverified
D02-02581	قىستاڭچىلىق	headword	807_1R.png	unverified
D02-02582	قىستاڭغۇ	headword	807_1R.png	unverified
D02-02583	قىستاڭلىق	headword	807_1R.png	unverified
D02-02584	قىستالماق	headword	807_1R.png	unverified
D02-02585	قىستۇرما	headword	807_1R.png	unverified
D02-02586	قىستۇرما سۆز	headword	807_1R.png	unverified
D02-02587	قىستۇرماق	headword	807_1R.png	unverified
D02-02588	قىستۇرۇشماق	headword	807_1R.png	unverified
D02-02589	قىستۇرۇقلۇق	headword	807_1R.png	unverified
D02-02590	قىستۇرۇلما	headword	807_1R.png	unverified
D02-02591	قىستۇرۇلماق	headword	807_1R.png	unverified
D02-02592	قىستىلاڭ	headword	807_1R.png	unverified
D02-02593	قىستىلىشماق	headword	807_1R.png	unverified
D02-02594	قىستىما	headword	807_1R.png	unverified
D02-02595	قىستىماق	headword	807_1R.png	unverified
D02-02596	قىسچىلىق	headword	807_2L.png	unverified
D02-02597	قىسىرەمدى	headword	807_2L.png	verified
D02-02598	قىسسە	headword	807_2L.png	unverified
D02-02599	قىسسەخان	headword	807_2L.png	unverified
D02-02600	قىسسەخانلىق	headword	807_2L.png	unverified
D02-02601	قىسقا	headword	807_2L.png	unverified
D02-02602	قىسقاچ	headword	807_2L.png	unverified
D02-02603	قىسقارتما	headword	807_2L.png	unverified
D02-02604	قىسقارتماق	headword	807_2L.png	unverified
D02-02605	قىسقارتىلما	headword	807_2L.png	unverified
D02-02606	قىسقارماق	headword	808_1R.png	verified
D02-02607	قىسقۇچ	headword	808_1R.png	unverified
D02-02609	قىسقۇچپاقا	headword	808_1R.png	unverified
D02-02610	قىسقۇزماق	headword	808_1R.png	unverified
D02-02611	قىسقىچە	headword	808_1R.png	verified
D02-02612	قىسقىرىشچانلىق	headword	808_1R.png	unverified
D02-02613	قىسقىرىشماق	headword	808_1R.png	unverified
D02-02614	قىسقىسى	headword	808_1R.png	verified
D02-02615	قىسقىيان	headword	808_1R.png	unverified
D02-02616	قىسلىق	headword	808_1R.png	unverified
D02-02617	قىسما	headword	808_1R.png	unverified
D02-02619	قىسماق	headword	808_2L.png	unverified
D02-02620	قىسماققا ئالماق	headword	808_2L.png	unverified
D02-02621	قىسماق قۇرماق	headword	808_2L.png	unverified
D02-02625	قىسماقدىماق	headword	808_2L.png	verified
D02-02626	قىسما - قىسما	headword	808_2L.png	unverified
D02-02627	قىسمەت	headword	808_2L.png	unverified
D02-02628	قىسمەتلىك	headword	808_2L.png	unverified
D02-02629	قىسمەن	headword	808_2L.png	unverified
D02-02630	قىسمەنلىك	headword	809_1R.png	unverified
D02-02631	قىسىر	headword	809_1R.png	unverified
D02-02632	قىسىشتۇرماق	headword	809_1R.png	unverified
D02-02633	قىسىشماق	headword	809_1R.png	unverified
D02-02634	قىسىق	headword	809_1R.png	unverified
D02-02635	قىسىقلىق	headword	809_1R.png	verified
D02-02636	قىسىلاچ	headword	809_1R.png	unverified
D02-02637	قىسىلاڭغۇ	headword	809_1R.png	verified
D02-02638	قىسىلچاق	headword	809_1R.png	unverified
D02-02639	قىسىلچاقلىق	headword	809_1R.png	unverified
D02-02640	قىسىلدۇرماق	headword	809_1R.png	unverified
D02-02641	قىسىلماق	headword	809_1R.png	unverified
D02-02642	قىسىلدىشماق	headword	809_1R.png	verified
D02-02643	قىسم	headword	809_1R.png	verified
D02-02643-i1	قىسمى	inflected	809_1R.png	verified
D02-02644	قىسىم	headword	809_2L.png	unverified
D02-02645	قىسىملىق	headword	809_2L.png	unverified
D02-02646	قىسىنچىلىق	headword	809_2L.png	unverified
D02-02647	قىسىنماق	headword	809_2L.png	unverified
D02-02648	قىسىي	headword	809_2L.png	unverified
D02-02649	قىش	headword	809_2L.png	unverified
D02-02650	قىش - زىمىستان	headword	809_2L.png	unverified
D02-02651	قىشقى	headword	809_2L.png	unverified
D02-02652	قىش - قىروۋ	headword	809_2L.png	unverified
D02-02653	قىشقىل	headword	809_2L.png	unverified
D02-02654	قىشلاتماق	headword	809_2L.png	unverified
D02-02655	قىشلاشماق	headword	809_2L.png	unverified
D02-02656	قىشلاق	headword	809_2L.png	unverified
D02-02657	قىشلىق	headword	809_2L.png	unverified
D02-02658	قىشلىقى	headword	809_2L.png	unverified
D02-02659	قىشلىماق	headword	809_2L.png	unverified
D02-02660	قىشۇياز	headword	810_1R.png	unverified
D02-02661	قىشىچە	headword	810_1R.png	verified
D02-02662	قىش-ياز	headword	810_1R.png	unverified
D02-02663	قىغ	headword	810_1R.png	unverified
D02-02664	قىغچى	headword	810_1R.png	unverified
D02-02665	قىغسىز	headword	810_1R.png	unverified
D02-02666	قىغ-قات	headword	810_1R.png	unverified
D02-02667	قىغلاتماق	headword	810_1R.png	unverified
D02-02668	قىغلاشماق	headword	810_1R.png	unverified
D02-02669	قىغلانماق	headword	810_1R.png	unverified
D02-02670	قىغلىق	headword	810_1R.png	unverified
D02-02671	قىغلىماق	headword	810_1R.png	unverified
D02-02672	قىق	headword	810_1R.png	unverified
D02-02673	قىقۇ-ماچۇ	headword	810_1R.png	unverified
D02-02674	قىڭراق	headword	810_1R.png	unverified
D02-02675	قىڭراق تۆش	headword	810_1R.png	unverified
D02-02676	قىڭراقچىلاپ	headword	810_1R.png	verified
D02-02677	قىڭراقلاتماق	headword	810_1R.png	unverified
D02-02678	قىڭراقلاشماق	headword	810_1R.png	unverified
D02-02679	قىڭراقلانماق	headword	810_1R.png	unverified
D02-02680	قىڭراقلىماق	headword	810_1R.png	unverified
D02-02681	قىڭغايتماق	headword	810_1R.png	unverified
D02-02682	قىڭغايتىلماق	headword	810_1R.png	unverified
D02-02683	قىڭغايماق	headword	810_1R.png	unverified
D02-02684	قىڭغىر	headword	810_2L.png	unverified
D02-02685	قىڭغىر دەسسىمەك	headword	810_2L.png	unverified
D02-02686	قىڭغىر - سېڭغىر	headword	810_2L.png	verified
D02-02687	قىڭغىر - قىيسىق	headword	810_2L.png	verified
D02-02688	قىڭغىرلىق	headword	810_2L.png	unverified
D02-02689	قىڭغىر - مايماق	headword	810_2L.png	verified
D02-02690	قىڭغىيشىشماق	headword	810_2L.png	unverified
D02-02691	قىل	headword	810_2L.png	unverified
D02-02693	قىل تەۋرىمەسلىك	headword	810_2L.png	unverified
D02-02694	قىلدەك تولغانماق	headword	810_2L.png	unverified
D02-02695	قىلدىن قىيسىق كەتسە	headword	810_2L.png	verified
D02-02696	قىلدىن قىيىق كەتسە	headword	810_2L.png	unverified
D02-02697	قىل سىغماسلىق	headword	810_2L.png	unverified
D02-02698	قىل قالماق	headword	810_2L.png	unverified
D02-02699	قىلات	headword	811_1R.png	verified
D02-02700	قىلتاجى	headword	811_1R.png	unverified
D02-02701	قىلتاق	headword	811_1R.png	unverified
D02-02702	قىلتاقچى	headword	811_1R.png	unverified
D02-02703	قىلتاقچىلىق	headword	811_1R.png	unverified
D02-02704	قىلتاماق	headword	811_1R.png	unverified
D02-02705	قىلتىرىق	headword	811_1R.png	unverified
D02-02706	قىلتىرىقسىز	headword	811_1R.png	unverified
D02-02707	قىلتىرىقلىق	headword	811_1R.png	unverified
D02-02708	قىلچاق	headword	811_1R.png	unverified
D02-02710	قىلچاڭ	headword	811_2L.png	unverified
D02-02711	قىلچە	headword	811_2L.png	unverified
D02-02712	قىلچىق	headword	811_2L.png	unverified
D02-02713	قىلچىلىك	headword	811_2L.png	unverified
D02-02714	قىلچىمۇ	headword	811_2L.png	unverified
D02-02715	قىلدەك	headword	811_2L.png	unverified
D02-02716	قىلدۇرماق	headword	811_2L.png	unverified
D02-02717	قىلدۇرۇشماق	headword	811_2L.png	unverified
D02-02718	قىلغان - ئەتكەن	headword	811_2L.png	unverified
D02-02719	قىلغۇلۇق	headword	811_2L.png	unverified
D02-02720	قىلقاش	headword	811_2L.png	unverified
D02-02721	قىلقۇرت	headword	811_2L.png	unverified
D02-02722	قىلماق	headword	811_2L.png	verified
D02-02723	قىلغىلى قىلىق تاپالماسلىق	headword	812_1R.png	verified
D02-02724	قىلمىش	headword	812_1R.png	verified
D02-02725	قىلمىشلىق	headword	812_1R.png	unverified
D02-02726	قىلىچ	headword	812_1R.png	unverified
D02-02727	قىلىچىدىن قان تامىدىغان	headword	812_1R.png	unverified
D02-02728	قىلىچلاشماق	headword	812_1R.png	unverified
D02-02729	قىلىچلانماق	headword	812_1R.png	unverified
D02-02730	قىلىچلىماق	headword	812_2L.png	unverified
D02-02731	قىلىچۋاز	headword	812_2L.png	unverified
D02-02732	قىلىچۋازلىق	headword	812_2L.png	unverified
D02-02733	قىلىشماق	headword	812_2L.png	unverified
D02-02734	قىلىق	headword	812_2L.png	unverified
D02-02735	قىلىق چىقارماق	headword	812_2L.png	unverified
D02-02736	قىلىقسىز	headword	812_2L.png	unverified
D02-02737	قىلىقسىزلىق	headword	812_2L.png	unverified
D02-02738	قىلىقلانماق	headword	812_2L.png	unverified
D02-02739	قىلىقلىق	headword	812_2L.png	unverified
D02-02740	قىلىنماق	headword	812_2L.png	unverified
D02-02741	قىلياش	headword	812_2L.png	unverified
D02-02742	قىليورغا	headword	812_2L.png	unverified
D02-02743	قىليىلان	headword	812_2L.png	verified
D02-02744	قىم	headword	813_1R.png	unverified
D02-02745	قىماپ	headword	813_1R.png	unverified
D02-02746	قىمار	headword	813_1R.png	unverified
D02-02747	قىمارخانا	headword	813_1R.png	unverified
D02-02748	قىمارۋاز	headword	813_1R.png	unverified
D02-02749	قىمارۋازلىق	headword	813_1R.png	unverified
D02-02750	قىمدىماق	headword	813_1R.png	unverified
D02-02751	قىمشىتماق	headword	813_1R.png	unverified
D02-02752	قىمشىماق	headword	813_1R.png	unverified
D02-02753	قىم-قىم	headword	813_1R.png	unverified
D02-02754	قىممەت	headword	813_1R.png	unverified
D02-02755	قىممەتچى	headword	813_2L.png	unverified
D02-02756	قىممەتچىلىك	headword	813_2L.png	unverified
D02-02757	قىممەتداش	headword	813_2L.png	unverified
D02-02758	قىممەتسىنمەك	headword	813_2L.png	verified
D02-02759	قىممەتسىنىشمەك	headword	813_2L.png	verified
D02-02760	قىممەتلەتمەك	headword	813_2L.png	unverified
D02-02761	قىممەتلەشتۈرمەك	headword	813_2L.png	unverified
D02-02762	قىممەتلەشتۈرۈشمەك	headword	813_2L.png	unverified
D02-02763	قىممەتلەشتۈرۈلمەك	headword	813_2L.png	unverified
D02-02764	قىممەتلەشمەك	headword	813_2L.png	unverified
D02-02765	قىممەتلىك	headword	813_2L.png	unverified
D02-02766	قىممەتلىمەك	headword	813_2L.png	unverified
D02-02767	قىمىر	headword	813_2L.png	unverified
D02-02768	قىمىر-چىمىر	headword	813_2L.png	unverified
D02-02769	قىمىر-سىدىر	headword	813_2L.png	verified
D02-02770	قىمىرلاتماق	headword	814_1R.png	unverified
D02-02771	قىمىرلاشماق	headword	814_1R.png	unverified
D02-02772	قىمىرلىماق	headword	814_1R.png	unverified
D02-02773	قىمىز	headword	814_1R.png	unverified
D02-02774	قىمىزخانا	headword	814_1R.png	unverified
D02-02775	قىمىلداتماق	headword	814_1R.png	unverified
D02-02776	قىمىلداشماق	headword	814_1R.png	unverified
D02-02777	قىمىلدىماق	headword	814_1R.png	unverified
D02-02778	قىن	headword	814_1R.png	unverified
D02-02779	قىنىغا پاتماي قالماق	headword	814_1R.png	verified
D02-02780	قىنىغا پاتماي كەتمەك	headword	814_1R.png	verified
D02-02781	قىناق	headword	814_1R.png	unverified
D02-02782	قىناققا كەلمەك	headword	814_1R.png	unverified
D02-02783	قىنلىق	headword	814_1R.png	unverified
D02-02784	قىنىماق	headword	814_1R.png	verified
D02-02785	قىھ	headword	814_1R.png	unverified
D02-02786	قىيا	headword	814_1R.png	unverified
D02-02788	قىيا كۆزىنى سالماسلىق	headword	814_2L.png	unverified
D02-02789	قىياپەت	headword	814_2L.png	unverified
D02-02790	قىياپەتشۇناس	headword	814_2L.png	unverified
D02-02791	قىياپەتشۇناسلىق	headword	814_2L.png	unverified
D02-02792	قىياپەتلىك	headword	814_2L.png	unverified
D02-02793	قىيا-چىيا	headword	814_2L.png	unverified
D02-02794	قىياس	headword	814_2L.png	unverified
D02-02795	قىياسەن	headword	814_2L.png	unverified
D02-02796	قىياسلىماق	headword	814_2L.png	unverified
D02-02797	قىياسىي	headword	814_2L.png	unverified
D02-02798	قىياق	headword	814_2L.png	unverified
D02-02800	قىياقلىق	headword	814_2L.png	unverified
D02-02801	قىيام	headword	815_1R.png	verified
D02-02803	قىيامەت	headword	815_1R.png	unverified
D02-02804	قىيامەت قايىم بولماق	headword	815_1R.png	unverified
D02-02805	قىيامەتگاھ	headword	815_1R.png	unverified
D02-02806	قىيامەتلىك	headword	815_1R.png	unverified
D02-02807	قىيان	headword	815_1R.png	unverified
D02-02808	قىيان - تاشقىن	headword	815_1R.png	unverified
D02-02809	قىيانلىق	headword	815_1R.png	unverified
D02-02810	قىيپاش	headword	815_1R.png	verified
D02-02811	قىيپاشلانماق	headword	815_1R.png	unverified
D02-02812	قىيپاشلىماق	headword	815_2L.png	verified
D02-02813	قىي - چۇۋ	headword	815_2L.png	unverified
D02-02814	قىيدامچى	headword	815_2L.png	unverified
D02-02815	قىيدۇرماق	headword	815_2L.png	unverified
D02-02816	قىيدۇرۇشماق	headword	815_2L.png	unverified
D02-02817	قىيدۇرۇلماق	headword	815_2L.png	unverified
D02-02818	قىيسايتماق	headword	815_2L.png	unverified
D02-02819	قىيسايتىشماق	headword	815_2L.png	unverified
D02-02820	قىيسايتىلماق	headword	815_2L.png	unverified
D02-02821	قىيسايماق	headword	815_2L.png	unverified
D02-02822	قىيسىق	headword	815_2L.png	unverified
D02-02823	قىيسىيىشماق	headword	815_2L.png	unverified
D02-02824	قىيغاتماق	headword	815_2L.png	unverified
D02-02825	قىيغاچ	headword	815_2L.png	unverified
D02-02826	قىيغاقچا	headword	815_2L.png	unverified
D02-02827	قىيغىتىشماق	headword	815_2L.png	unverified
D02-02828	قىيقاس	headword	815_2L.png	unverified
D02-02829	قىيقاس- چۇقان	headword	815_2L.png	unverified
D02-02830	قىيقاس - سۈرەن	headword	815_2L.png	verified
D02-02830-v1	قىيقاس - چۇقان	variant	815_2L.png	verified
D02-02831	قىيقىتمەك	headword	815_2L.png	verified
D02-02832	قىيما	headword	815_2L.png	unverified
D02-02834	قىيما - چىيما	headword	816_1R.png	unverified
D02-02835	قىيماسلىق	headword	816_1R.png	unverified
D02-02836	قىيما - قىيما	headword	816_1R.png	unverified
D02-02837	قىيماق	headword	816_1R.png	unverified
D02-02838	قىيمىلاتماق	headword	816_1R.png	unverified
D02-02839	قىيمىلانماق	headword	816_1R.png	unverified
D02-02840	قىيمىلىق	headword	816_1R.png	unverified
D02-02841	قىيمىلىماق	headword	816_1R.png	unverified
D02-02842	قىيناتماق	headword	816_1R.png	unverified
D02-02843	قىيناشماق	headword	816_1R.png	unverified
D02-02844	قىيناق	headword	816_1R.png	unverified
D02-02845	قىيناقخانا	headword	816_1R.png	unverified
D02-02846	قىينالماق	headword	816_1R.png	unverified
D02-02847	قىينىماق	headword	816_1R.png	unverified
D02-02848	قىيىشماق	headword	816_1R.png	unverified
D02-02849	قىيىق	headword	816_1R.png	unverified
D02-02851	قىيىقچە	headword	816_1R.png	unverified
D02-02852	قىيىقلىق	headword	816_2L.png	unverified
D02-02854	قىيىلماق	headword	816_2L.png	unverified
D02-02855	قىيىن	headword	816_2L.png	unverified
D02-02856	قىيىنچىلىق	headword	816_2L.png	unverified
D02-02857	قىيىنچىلىقسىز	headword	816_2L.png	unverified
D02-02858	قىيىنداق	headword	816_2L.png	unverified
D02-02859	قىيىندى	headword	816_2L.png	unverified
D02-02860	قىيىنسىنىشماق	headword	816_2L.png	unverified
D02-02861	قىيىنسىنماق	headword	816_2L.png	unverified
D02-02862	قىيىن-قىستاق	headword	816_2L.png	unverified
D02-02863	قىيىنلاشتۇرماق	headword	816_2L.png	unverified
D02-02864	قىيىنلاشتۇرۇلماق	headword	816_2L.png	unverified
D02-02865	قىيىنلاشماق	headword	816_2L.png	unverified
D02-02866	قىيىنلىق	headword	816_2L.png	unverified
D02-02867	كابېل	headword	817_1R.png	unverified
D02-02868	كابىنكا	headword	817_1R.png	unverified
D02-02869	كابىنېت	headword	817_1R.png	unverified
D02-02870	كاپ	headword	817_1R.png	unverified
D02-02871	كاپقا كەلمەك	headword	817_1R.png	unverified
D02-02874	كاپارەت	headword	817_1R.png	unverified
D02-02875	كاپالەت	headword	817_1R.png	unverified
D02-02876	كاپالەتسىز	headword	817_2L.png	unverified
D02-02877	كاپالەتسىزلىك	headword	817_2L.png	unverified
D02-02878	كاپالەتلەندۈرمەك	headword	817_2L.png	unverified
D02-02879	كاپالەتلەندۈرۈشمەك	headword	817_2L.png	unverified
D02-02880	كاپالەتلەندۈرۈلمەك	headword	817_2L.png	unverified
D02-02881	كاپالەتلەنمەك	headword	817_2L.png	verified
D02-02882	كاپالەتلىك	headword	817_2L.png	unverified
D02-02883	كاپالەتنامە	headword	817_2L.png	unverified
D02-02884	كاپام	headword	817_2L.png	unverified
D02-02885	كاپاملاتماق	headword	817_2L.png	unverified
D02-02886	كاپاملاشماق	headword	817_2L.png	verified
D02-02887	كاپاملىماق	headword	817_2L.png	unverified
D02-02888	كاپپىدە	headword	817_2L.png	unverified
D02-02889	كاپراس	headword	817_2L.png	verified
D02-02890	كاپرون	headword	817_2L.png	unverified
D02-02891	كاپرىس	headword	818_1R.png	unverified
D02-02892	كاپسۇل	headword	818_1R.png	unverified
D02-02894	كاپسۇللۇق	headword	818_1R.png	unverified
D02-02895	كاپشىتماق	headword	818_1R.png	unverified
D02-02896	كاپشىشماق	headword	818_1R.png	unverified
D02-02897	كاپشىماق	headword	818_1R.png	unverified
D02-02898	كاپ- كاپ	headword	818_1R.png	unverified
D02-02899	كاپ- كۇپ	headword	818_1R.png	verified
D02-02900	كاپلاتماق	headword	818_1R.png	unverified
D02-02901	كاپلاشماق	headword	818_1R.png	unverified
D02-02902	كاپلانماق	headword	818_1R.png	unverified
D02-02903	كاپلىغۇچ	headword	818_1R.png	unverified
D02-02904	كاپلىماق	headword	818_1R.png	unverified
D02-02906	كاپوت	headword	818_1R.png	unverified
D02-02907	كاپۇستا	headword	818_1R.png	unverified
D02-02908	كاپىتال	headword	818_2L.png	unverified
D02-02909	كاپىتاللىق	headword	818_2L.png	unverified
D02-02910	كاپىتالىزم	headword	818_2L.png	unverified
D02-02911	كاپىتالىزملاشماق	headword	818_2L.png	verified
D02-02912	كاپىتالىزملىق	headword	818_2L.png	unverified
D02-02913	كاپىتالىست	headword	818_2L.png	unverified
D02-02914	كاپىتالىستىك	headword	818_2L.png	verified
D02-02915	كاپىتان	headword	818_2L.png	unverified
D02-02916	كاپىر	headword	818_2L.png	unverified
D02-02917	كاپىرلىق	headword	818_2L.png	unverified
D02-02918	كاپىلداتماق	headword	818_2L.png	unverified
D02-02919	كاپىلداشماق	headword	818_2L.png	unverified
D02-02920	كاپىلدىماق	headword	818_2L.png	unverified
D02-02921	كاپىلليار	headword	818_2L.png	unverified
D02-02922	كاپىلليارلىق	headword	818_2L.png	unverified
D02-02923	كات	headword	818_2L.png	unverified
D02-02924	كاتاڭلاشماق	headword	819_1R.png	verified
D02-02925	كاتاڭلىق	headword	819_1R.png	unverified
D02-02926	كاتالپا	headword	819_1R.png	unverified
D02-02927	كاتالوگ	headword	819_1R.png	unverified
D02-02928	كاتالىزاتور	headword	819_1R.png	unverified
D02-02929	كاتالىزاتورلۇق	headword	819_1R.png	unverified
D02-02930	كاتايا	headword	819_1R.png	unverified
D02-02931	كاتەك	headword	819_1R.png	unverified
D02-02932	كاتەكچە	headword	819_1R.png	unverified
D02-02934	كاتەكچىلىمەك	headword	819_1R.png	verified
D02-02935	كاتەكلىك	headword	819_1R.png	unverified
D02-02936	كاتتا	headword	819_1R.png	verified
D02-02937	كاتتىلىق	headword	819_2L.png	unverified
D02-02938	كاتساندۇق	headword	819_2L.png	unverified
D02-02939	كاتلېت	headword	819_2L.png	unverified
D02-02940	كات - مىسىل	headword	819_2L.png	unverified
D02-02941	كاتھىندى	headword	819_2L.png	unverified
D02-02942	كاتود	headword	819_2L.png	unverified
D02-02943	كاتول	headword	819_2L.png	unverified
D02-02944	كاتولىك	headword	819_2L.png	unverified
D02-02945	كاتۇشكا	headword	819_2L.png	unverified
D02-02946	كاتېت	headword	819_2L.png	unverified
D02-02947	كاتېتىر	headword	819_2L.png	unverified
D02-02948	كاتېر	headword	820_1R.png	unverified
D02-02949	كاتېگورىيە	headword	820_1R.png	unverified
D02-02950	كاتېگورىيەلەشمەك	headword	820_1R.png	unverified
D02-02951	كاتىبات	headword	820_1R.png	unverified
D02-02952	كاتىباتلىق	headword	820_1R.png	unverified
D02-02953	كاتىپ	headword	820_1R.png	unverified
D02-02954	كاتىپلىق	headword	820_1R.png	unverified
D02-02955	كاتىۋال	headword	820_1R.png	verified
D02-02956	كاتىۋاللىق	headword	820_1R.png	verified
D02-02957	كاتىيون	headword	820_1R.png	unverified
D02-02958	كاتىيوشا	headword	820_1R.png	unverified
D02-02959	كاج	headword	820_1R.png	unverified
D02-02960	كاجانىس	headword	820_2L.png	unverified
D02-02961	كاجلاشتۇرماق	headword	820_2L.png	verified
D02-02962	كاجلاشماق	headword	820_2L.png	verified
D02-02963	كاجلىق	headword	820_2L.png	unverified
D02-02964	كاجۇ	headword	820_2L.png	unverified
D02-02965	كاجۇپ	headword	820_2L.png	verified
D02-02966	كاجۇۋا	headword	820_2L.png	unverified
D02-02968	كاچات	headword	820_2L.png	unverified
D02-02969	كاچاتلاتماق	headword	820_2L.png	unverified
D02-02970	كاچاتلاشماق	headword	820_2L.png	unverified
D02-02971	كاچاتلىماق	headword	820_2L.png	unverified
D02-02972	كاچالكا	headword	820_2L.png	unverified
D02-02973	كاچكۇل	headword	820_2L.png	unverified
D02-02974	كاخېكسىيە	headword	820_2L.png	verified
D02-02975	كادمىي	headword	821_1R.png	unverified
D02-02976	كادىر	headword	821_1R.png	unverified
D02-02977	كادىرلىق	headword	821_1R.png	unverified
D02-02978	كار	headword	821_1R.png	unverified
D02-02980	كارابىن	headword	821_1R.png	unverified
D02-02981	كاراپ	headword	821_1R.png	unverified
D02-02982	كارات	headword	821_1R.png	unverified
D02-02983	كاراتلىق	headword	821_1R.png	unverified
D02-02984	كاراس	headword	821_1R.png	unverified
D02-02985	كاراسسىدە	headword	821_1R.png	unverified
D02-02986	كاراس - كاراس	headword	821_1R.png	unverified
D02-02987	كاراس - كۇرۇس	headword	821_1R.png	verified
D02-02988	كاراسلاتماق	headword	821_1R.png	verified
D02-02989	كاراسلاشماق	headword	821_1R.png	unverified
D02-02990	كاراسلىماق	headword	821_1R.png	unverified
D02-02991	كاراك	headword	821_1R.png	unverified
D02-02992	كارامەت	headword	821_1R.png	unverified
D02-02993	كارامەتچى	headword	821_2L.png	unverified
D02-02994	كارامەتكار	headword	821_2L.png	unverified
D02-02995	كارامەتلىك	headword	821_2L.png	unverified
D02-02996	كارانتىن	headword	821_2L.png	unverified
D02-02997	كارايەت	headword	821_2L.png	unverified
D02-02998	كارەك	headword	821_2L.png	unverified
D02-02999	كاربازول	headword	821_2L.png	unverified
D02-03000	كاربوكسىل	headword	821_2L.png	verified
D02-03001	كاربون	headword	821_2L.png	verified
D02-03002	كاربون (IV) ئوكسىد	headword	821_2L.png	verified
D02-03003	كاربونلۇق	headword	822_1R.png	unverified
D02-03004	كاربونىل	headword	822_1R.png	unverified
D02-03005	كاربىد	headword	822_1R.png	unverified
D02-03006	كاربىلئامىن	headword	822_1R.png	unverified
D02-03007	كاربيوراتور	headword	822_1R.png	unverified
D02-03008	كارت	headword	822_1R.png	unverified
D02-03009	كارتا	headword	822_1R.png	unverified
D02-03010	كارتتىدە	headword	822_1R.png	unverified
D02-03011	كارت - كارت	headword	822_1R.png	unverified
D02-03012	كارت - كۇرت	headword	822_1R.png	unverified
D02-03013	كارتوگراف	headword	822_1R.png	unverified
D02-03014	كارتوگرافىيە	headword	822_1R.png	unverified
D02-03015	كارتون	headword	822_1R.png	unverified
D02-03016	كارتون فىلىم	headword	822_1R.png	unverified
D02-03017	كارتۇشكا	headword	822_1R.png	unverified
D02-03018	كارتېل	headword	822_1R.png	unverified
D02-03019	كارتىلداتماق	headword	822_2L.png	unverified
D02-03020	كارتىلدىشماق	headword	822_2L.png	unverified
D02-03021	كارتىلدىماق	headword	822_2L.png	unverified
D02-03022	كارخانا	headword	822_2L.png	unverified
D02-03023	كارخانىچى	headword	822_2L.png	unverified
D02-03024	كارخانىلاشتۇرماق	headword	822_2L.png	unverified
D02-03025	كارخانىلاشتۇرۇلماق	headword	822_2L.png	unverified
D02-03026	كارخانىلاشماق	headword	822_2L.png	unverified
D02-03027	كاردار	headword	822_2L.png	unverified
D02-03028	كارداڭ	headword	822_2L.png	unverified
D02-03029	كاردىنال	headword	822_2L.png	unverified
D02-03030	كاردىناللىق	headword	822_2L.png	unverified
D02-03031	كاررىدە	headword	822_2L.png	unverified
D02-03032	كارساڭ	headword	822_2L.png	verified
D02-03033	كار-كار	headword	822_2L.png	unverified
D02-03034	كاركىراشماق	headword	823_1R.png	verified
D02-03035	كاركىرىماق	headword	823_1R.png	unverified
D02-03036	كارگەر	headword	823_1R.png	unverified
D02-03037	كارناللىت	headword	823_1R.png	unverified
D02-03038	كاروتىن	headword	823_1R.png	unverified
D02-03039	كارول	headword	823_1R.png	unverified
D02-03040	كاروللۇق	headword	823_1R.png	unverified
D02-03041	كارۋان	headword	823_1R.png	unverified
D02-03042	كارۋانچىلىق	headword	823_1R.png	unverified
D02-03043	كارىدور	headword	823_1R.png	unverified
D02-03044	كارىدورلۇق	headword	823_1R.png	unverified
D02-03045	كارىز	headword	823_1R.png	unverified
D02-03046	كارىزچى	headword	823_1R.png	verified
D02-03047	كارىست	headword	823_2L.png	unverified
D02-03048	كارىلداتماق	headword	823_2L.png	verified
D02-03049	كارىلدىماق	headword	823_2L.png	unverified
D02-03050	كارىۋات	headword	823_2L.png	unverified
D02-03051	كارىۋاتلىق	headword	823_2L.png	unverified
D02-03052	كاززاپ	headword	823_2L.png	unverified
D02-03053	كاززاپلىق	headword	823_2L.png	unverified
D02-03054	كازۇئارىن	headword	823_2L.png	unverified
D02-03055	كازېئىن	headword	823_2L.png	unverified
D02-03056	كازىرېك	headword	823_2L.png	unverified
D02-03057	كازىرېكلىك	headword	823_2L.png	unverified
D02-03058	كاز	headword	823_2L.png	unverified
D02-03059	كاژ - كۇژ	headword	824_1R.png	unverified
D02-03060	كاژىلداتماق	headword	824_1R.png	unverified
D02-03061	كاژىلداشماق	headword	824_1R.png	unverified
D02-03062	كاژىلدىماق	headword	824_1R.png	unverified
D02-03063	كاس	headword	824_1R.png	unverified
D02-03064	كاسا	headword	824_1R.png	unverified
D02-03065	كاساپەت	headword	824_1R.png	unverified
D02-03066	كاساپىتى تەگمەك	headword	824_1R.png	unverified
D02-03067	كاساپىتىگە كەتمەك	headword	824_1R.png	verified
D02-03068	كاساپەتچىلىك	headword	824_1R.png	unverified
D02-03069	كاسات	headword	824_1R.png	unverified
D02-03070	كاساتچىلىق	headword	824_1R.png	unverified
D02-03071	كاساتلاشتۇرماق	headword	824_1R.png	unverified
D02-03072	كاساتلاشتۇرۇشماق	headword	824_1R.png	verified
D02-03073	كاساتلاشتۇرۇلماق	headword	824_1R.png	unverified
D02-03074	كاساتلاشماق	headword	824_1R.png	unverified
D02-03075	كاساتلىق	headword	824_2L.png	unverified
D02-03076	كاساس	headword	824_2L.png	unverified
D02-03077	كاساڭ	headword	824_2L.png	unverified
D02-03078	كاساڭچى	headword	824_2L.png	unverified
D02-03079	كاسايا	headword	824_2L.png	unverified
D02-03080	كاسايالىق	headword	824_2L.png	unverified
D02-03081	كاستۇرۇلكا	headword	824_2L.png	verified
D02-03082	كاستۇم	headword	824_2L.png	verified
D02-03083	كاستۇم-بۇرۇلكا	headword	824_2L.png	verified
D02-03084	كاستۇملۇق	headword	824_2L.png	verified
D02-03085	كاستۇم-يوپكا	headword	824_2L.png	verified
D02-03086	كاسسا	headword	824_2L.png	unverified
D02-03087	كاسسىدە	headword	824_2L.png	unverified
D02-03088	كاسسىر	headword	824_2L.png	unverified
D02-03089	كاسسىرلىق	headword	824_2L.png	unverified
D02-03090	كاسكا	headword	824_2L.png	unverified
D02-03092	كاسكاس	headword	824_2L.png	verified
D02-03093	كاس-كاس	headword	824_2L.png	unverified
D02-03094	كاسكاسلىق	headword	824_2L.png	unverified
D02-03095	كاسىپچىلىق	headword	825_1R.png	verified
D02-03096	كاسىپلىق	headword	825_1R.png	unverified
D02-03097	كاسىلاتماق	headword	825_1R.png	verified
D02-03098	كاسىلاشماق	headword	825_1R.png	verified
D02-03099	كاسىلداتماق	headword	825_1R.png	unverified
D02-03100	كاسىلداشماق	headword	825_1R.png	unverified
D02-03101	كاسىلدىماق	headword	825_1R.png	unverified
D02-03102	كاسلىق	headword	825_1R.png	unverified
D02-03103	كاسىلىماق	headword	825_1R.png	unverified
D02-03104	كاسمىق	headword	825_1R.png	unverified
D02-03105	كاسىنا	headword	825_1R.png	unverified
D02-03106	كاسىنە	headword	825_1R.png	unverified
D02-03107	كاسىنىچى	headword	825_1R.png	verified
D02-03108	كاسىنىچىلىق	headword	825_1R.png	verified
D02-03109	كاسىۋال	headword	825_1R.png	verified
D02-03110	كاشا	headword	825_1R.png	unverified
D02-03111	كاشانە	headword	825_1R.png	unverified
D02-03112	كاشتان	headword	825_1R.png	unverified
D02-03113	كاشتانلىق	headword	825_2L.png	unverified
D02-03114	كاشكاپ	headword	825_2L.png	unverified
D02-03115	كاشكۇل	headword	825_2L.png	unverified
D02-03116	كاشكى	headword	825_2L.png	unverified
D02-03117	كاشى	headword	825_2L.png	unverified
D02-03118	كاشىلا	headword	825_2L.png	unverified
D02-03119	كاشىلىسىز	headword	825_2L.png	verified
D02-03120	كاشىلىق	headword	825_2L.png	verified
D02-03121	كاشىم	headword	825_2L.png	unverified
D02-03122	كاشىن	headword	825_2L.png	unverified
D02-03123	كافې	headword	825_2L.png	verified
D02-03124	كافېدرا	headword	825_2L.png	verified
D02-03124-i1	كافېدراسى	inflected	825_2L.png	verified
D02-03125	كاكا	headword	825_2L.png	unverified
D02-03126	كاكار	headword	825_2L.png	unverified
D02-03127	كاكائو	headword	826_1R.png	unverified
D02-03128	كاكتۇس	headword	826_1R.png	unverified
D02-03129	كاكچا	headword	826_1R.png	unverified
D02-03130	كاككۇك	headword	826_1R.png	unverified
D02-03131	كاككۇكگۈل	headword	826_1R.png	unverified
D02-03132	كاكىسالتاڭ	headword	826_1R.png	unverified
D02-03133	كاكىل	headword	826_1R.png	unverified
D02-03134	كاكىللىق	headword	826_1R.png	unverified
D02-03135	كاكىلىماق	headword	826_1R.png	unverified
D02-03136	كاكىنەچ	headword	826_1R.png	unverified
D02-03139	كاڭشىتماق	headword	826_2L.png	unverified
D02-03140	كاڭشىشماق	headword	826_2L.png	unverified
D02-03141	كاڭشىماق	headword	826_2L.png	unverified
D02-03142	كاڭكا	headword	826_2L.png	unverified
D02-03144	كاڭ - كاڭ	headword	826_2L.png	verified
D02-03145	كاڭكىلىماش	headword	826_2L.png	unverified
D02-03146	كاڭلىق	headword	826_2L.png	unverified
D02-03148	كاڭىلدىماق	headword	826_2L.png	verified
D02-03149	كالا	headword	826_2L.png	verified
D02-03151	كالاچ	headword	826_2L.png	verified
D02-03152	كالاسكا	headword	826_2L.png	unverified
D02-03153	كالاڭ	headword	826_2L.png	unverified
D02-03155	كالام	headword	827_1R.png	unverified
D02-03156	كالامۇس	headword	827_1R.png	unverified
D02-03157	كالامۇللا	headword	827_1R.png	unverified
D02-03158	كالامۇللا ئۇرسۇن	headword	827_1R.png	verified
D02-03159	كالامتىپس	headword	827_1R.png	unverified
D02-03160	كالامىشېرىپ	headword	827_1R.png	unverified
D02-03161	كالان	headword	827_1R.png	unverified
D02-03162	كالانپاي	headword	827_1R.png	unverified
D02-03163	كالانپايلاشتۇرماق	headword	827_1R.png	unverified
D02-03164	كالانپايلاشماق	headword	827_1R.png	verified
D02-03165	كالانپايلىق	headword	827_1R.png	unverified
D02-03166	كالپۇك	headword	827_1R.png	unverified
D02-03167	كالپۇكنى چىشلىمەك	headword	827_1R.png	unverified
D02-03168	كالپۇكسىمان	headword	827_1R.png	unverified
D02-03169	كالپۇكلۇق	headword	827_1R.png	unverified
D02-03170	كالتارتماق	headword	827_2L.png	unverified
D02-03171	كالتە	headword	827_2L.png	unverified
D02-03172	كالتە قوشۇقنىڭ سېپى تەگمەك	headword	827_2L.png	verified
D02-03173	كالتەك	headword	827_2L.png	unverified
D02-03174	كالتەك توپ	headword	827_2L.png	unverified
D02-03175	كالتەكچى	headword	827_2L.png	unverified
D02-03176	كالتەكلەتمەك	headword	827_2L.png	unverified
D02-03177	كالتەكلەشمەك	headword	827_2L.png	unverified
D02-03178	كالتەكلەنمەك	headword	827_2L.png	unverified
D02-03179	كالتەكلىمەك	headword	827_2L.png	unverified
D02-03180	كالتە - كۆسەي	headword	827_2L.png	unverified
D02-03181	كالتە - كۈتە	headword	827_2L.png	unverified
D02-03182	كالتسىت	headword	827_2L.png	unverified
D02-03183	كالتسىي	headword	827_2L.png	unverified
D02-03184	كالتسىيلاشتۇرماق	headword	828_1R.png	verified
D02-03185	كالتسىيلىق	headword	828_1R.png	unverified
D02-03186	كالتىساق	headword	828_1R.png	unverified
D02-03187	كالچارىماق	headword	828_1R.png	unverified
D02-03188	كالچاڭ	headword	828_1R.png	unverified
D02-03189	كالچايتماق	headword	828_1R.png	unverified
D02-03190	كالچايماق	headword	828_1R.png	unverified
D02-03191	كالچىيىشماق	headword	828_1R.png	unverified
D02-03192	كالدىر	headword	828_1R.png	unverified
D02-03193	كالدىر - كالدىر	headword	828_1R.png	unverified
D02-03194	كالدىر - كۇلدۇر	headword	828_1R.png	verified
D02-03195	كالدىرلاتماق	headword	828_1R.png	unverified
D02-03196	كالدىرلاشماق	headword	828_1R.png	unverified
D02-03197	كالدىرلىماق	headword	828_1R.png	unverified
D02-03198	كاللا	headword	828_1R.png	unverified
D02-03199	كاللا دېسە، پاقالچاق دېمەك	headword	828_1R.png	unverified
D02-03200	كاللا سوقۇشتۇرماق	headword	828_1R.png	unverified
D02-03202	كاللىسىدىن تۈڭلۈك ئاچماق	headword	828_1R.png	verified
D02-03203	كاللىسىدىن ئۆتمەك	headword	828_1R.png	unverified
D02-03204	كاللا - پاچاق	headword	828_2L.png	verified
D02-03205	كاللا - پاقالچاق	headword	828_2L.png	unverified
D02-03206	كاللەك	headword	828_2L.png	unverified
D02-03207	كاللەكبەسەي	headword	828_2L.png	verified
D02-03208	كاللەك - كاللەك	headword	828_2L.png	unverified
D02-03209	كاللەكلەشتۈرمەك	headword	828_2L.png	verified
D02-03210	كاللەكلەشتۈرۈلمەك	headword	828_2L.png	unverified
D02-03211	كاللەكلەشمەك	headword	828_2L.png	unverified
D02-03212	كاللەكلەنمەك	headword	828_2L.png	unverified
D02-03213	كاللەكلىمەك	headword	828_2L.png	unverified
D02-03214	كاللىپەز	headword	828_2L.png	verified
D02-03215	كاللىپەزخانا	headword	828_2L.png	unverified
D02-03216	كاللىپەزلىك	headword	829_1R.png	unverified
D02-03217	كاللىكېسەر	headword	829_1R.png	unverified
D02-03218	كاللىگىر	headword	829_1R.png	verified
D02-03218-v1	پاشنا	variant	829_1R.png	verified
D02-03219	كاللىماشاڭ	headword	829_1R.png	unverified
D02-03220	كالورىمېتىر	headword	829_1R.png	unverified
D02-03221	كالورىيە	headword	829_1R.png	unverified
D02-03222	كالوگ	headword	829_1R.png	unverified
D02-03223	كالومېل	headword	829_1R.png	unverified
D02-03224	كالون	headword	829_1R.png	unverified
D02-03225	كالوننا	headword	829_1R.png	unverified
D02-03226	كالۇ	headword	829_1R.png	unverified
D02-03227	كالۋا	headword	829_1R.png	unverified
D02-03228	كالۋالاشتۇرماق	headword	829_1R.png	unverified
D02-03229	كالۋالاشتۇرۇلماق	headword	829_1R.png	unverified
D02-03230	كالۋالاشماق	headword	829_1R.png	unverified
D02-03231	كالۋالىق	headword	829_2L.png	unverified
D02-03232	كالۋۇتۇن	headword	829_2L.png	unverified
D02-03233	كالېندار	headword	829_2L.png	verified
D02-03234	كالېندارچىلىق	headword	829_2L.png	verified
D02-03235	كالېندارلىق	headword	829_2L.png	verified
D02-03236	كالىبىر	headword	829_2L.png	unverified
D02-03237	كالىبىرلىق	headword	829_2L.png	unverified
D02-03238	كالىچىلىق	headword	829_2L.png	verified
D02-03239	كالىفورنىي	headword	829_2L.png	verified
D02-03240	كالىقۇلاق	headword	829_2L.png	verified
D02-03241	كالىكەندىر	headword	829_2L.png	unverified
D02-03242	كالكومشار	headword	829_2L.png	unverified
D02-03243	كالكومشارلىق	headword	829_2L.png	unverified
D02-03244	كالىنا	headword	830_1R.png	unverified
D02-03245	كالىۋا	headword	830_1R.png	unverified
D02-03246	كالىي	headword	830_1R.png	unverified
D02-03247	كالىيلىق	headword	830_1R.png	unverified
D02-03248	كامار	headword	830_1R.png	unverified
D02-03249	كامال	headword	830_1R.png	unverified
D02-03251	كامالەت	headword	830_1R.png	unverified
D02-03252	كامالەتلىك	headword	830_1R.png	unverified
D02-03253	كامالەك	headword	830_1R.png	unverified
D02-03254	كامان	headword	830_1R.png	unverified
D02-03255	كامانچە	headword	830_1R.png	unverified
D02-03256	كامانچىلىق	headword	830_2L.png	unverified
D02-03257	كاماندار	headword	830_2L.png	unverified
D02-03258	كاماندارلىق	headword	830_2L.png	unverified
D02-03259	كاماندىروپكا	headword	830_2L.png	unverified
D02-03260	كامبالا	headword	830_2L.png	verified
D02-03261	كامپاش	headword	830_2L.png	unverified
D02-03262	كامفارا	headword	830_2L.png	unverified
D02-03263	كامفان	headword	830_2L.png	verified
D02-03264	كامفورا	headword	830_2L.png	unverified
D02-03265	كامېر	headword	830_2L.png	unverified
D02-03266	كامېرتون	headword	830_2L.png	unverified
D02-03267	كامىل	headword	830_2L.png	verified
D02-03268	كاملا	headword	830_2L.png	unverified
D02-03269	كامىللىق	headword	830_2L.png	verified
D02-03270	كان	headword	831_1R.png	unverified
D02-03271	كانا	headword	831_1R.png	unverified
D02-03272	كاناپ	headword	831_1R.png	unverified
D02-03273	كاناپچى	headword	831_1R.png	unverified
D02-03274	كاناپچىلىق	headword	831_1R.png	unverified
D02-03275	كانار	headword	831_1R.png	unverified
D02-03277	كانارا	headword	831_1R.png	unverified
D02-03278	كانال	headword	831_1R.png	unverified
D02-03279	كاناي	headword	831_1R.png	unverified
D02-03280	كانىيىغا تىقماق	headword	831_2L.png	unverified
D02-03281	كانىيىغا ئۇرماق	headword	831_2L.png	unverified
D02-03282	كانىيىغا ئېسىلماق	headword	831_2L.png	unverified
D02-03283	كانىيىنى مايلىماق	headword	831_2L.png	unverified
D02-03284	كانىيىنى ياغلىماق	headword	831_2L.png	unverified
D02-03285	كانىيى يوغىناپ كەتمەك	headword	831_2L.png	unverified
D02-03286	كانىيى يىرتىلغۇچە	headword	831_2L.png	unverified
D02-03287	كانايچە	headword	831_2L.png	unverified
D02-03288	كانايچى	headword	831_2L.png	unverified
D02-03289	كاناي-سۇناي	headword	831_2L.png	unverified
D02-03290	كانايگۈل	headword	831_2L.png	verified
D02-03291	كانايلىق	headword	831_2L.png	unverified
D02-03292	كانت	headword	831_2L.png	unverified
D02-03293	كانتۇ	headword	831_2L.png	unverified
D02-03294	كانتۇلۇق	headword	831_2L.png	unverified
D02-03295	كانتۇلىماق	headword	831_2L.png	verified
D02-03296	كانتىزم	headword	831_2L.png	unverified
D02-03297	كانجا	headword	831_2L.png	unverified
D02-03298	كانجىلاتماق	headword	831_2L.png	verified
D02-03299	كانجىلاشماق	headword	831_2L.png	verified
D02-03300	كانجىلانماق	headword	831_2L.png	verified
D02-03301	كانجىلىماق	headword	832_1R.png	unverified
D02-03302	كانچى	headword	832_1R.png	unverified
D02-03303	كانچىلىق	headword	832_1R.png	unverified
D02-03304	كاندۇك	headword	832_1R.png	unverified
D02-03305	كاندۇكلاتماق	headword	832_1R.png	unverified
D02-03306	كاندۇكلاشتۇرماق	headword	832_1R.png	unverified
D02-03307	كاندۇكلاشتۇرۇلماق	headword	832_1R.png	unverified
D02-03308	كاندۇكلاشماق	headword	832_1R.png	unverified
D02-03309	كاندۇكلىماق	headword	832_1R.png	unverified
D02-03310	كاندېلا	headword	832_1R.png	unverified
D02-03311	كاندىدات	headword	832_1R.png	unverified
D02-03312	كاندىداتلىق	headword	832_1R.png	unverified
D02-03313	كانشۇناس	headword	832_1R.png	unverified
D02-03314	كانشۇناسلىق	headword	832_1R.png	unverified
D02-03315	كانكى	headword	832_1R.png	unverified
D02-03316	كاننىگۈل	headword	832_2L.png	unverified
D02-03317	كانۋا	headword	832_2L.png	verified
D02-03318	كانۋوي	headword	832_2L.png	unverified
D02-03319	كانىكول	headword	832_2L.png	unverified
D02-03320	كانىماش	headword	832_2L.png	verified
D02-03320-v1	باقىلە	variant	832_2L.png	verified
D02-03321	كانىنون	headword	832_2L.png	unverified
D02-03322	كانيەك	headword	832_2L.png	unverified
D02-03323	كاھ	headword	832_2L.png	unverified
D02-03326	كاھىش	headword	832_2L.png	unverified
D02-03327	كاھىشچى	headword	832_2L.png	unverified
D02-03328	كاھىشلىق	headword	832_2L.png	unverified
D02-03329	كاھىن	headword	832_2L.png	unverified
D02-03330	كاھىنلىق	headword	832_2L.png	unverified
D02-03331	كاۋا	headword	832_2L.png	unverified
D02-03332	كاۋاپ	headword	832_2L.png	unverified
D02-03333	كاۋاپچى	headword	833_1R.png	verified
D02-03334	كاۋاپچىلىق	headword	833_1R.png	unverified
D02-03335	كاۋاپخانا	headword	833_1R.png	unverified
D02-03336	كاۋاپدان	headword	833_1R.png	unverified
D02-03337	كاۋاش	headword	833_1R.png	unverified
D02-03338	كاۋا-قاپاق	headword	833_1R.png	unverified
D02-03339	كاۋاك	headword	833_1R.png	unverified
D02-03340	كاۋاكشىماق	headword	833_1R.png	unverified
D02-03341	كاۋاكلاشماق	headword	833_1R.png	unverified
D02-03342	كاۋاكلىق	headword	833_1R.png	unverified
D02-03343	كاۋاۋىچىن	headword	833_1R.png	unverified
D02-03344	كاۋچۇك	headword	833_1R.png	unverified
D02-03345	كائىنات	headword	833_1R.png	unverified
D02-03346	كاياك	headword	833_1R.png	unverified
D02-03347	كايىتماق	headword	833_2L.png	unverified
D02-03348	كايىشماق	headword	833_2L.png	unverified
D02-03349	كايىماق	headword	833_2L.png	unverified
D02-03350	كەبە	headword	833_2L.png	unverified
D02-03351	كەبى	headword	833_2L.png	unverified
D02-03352	كەبىسە	headword	833_2L.png	unverified
D02-03353	كەپ	headword	833_2L.png	unverified
D02-03355	كەپە	headword	833_2L.png	unverified
D02-03357	كەپتاۋۇل	headword	833_2L.png	unverified
D02-03358	كەپتەر	headword	833_2L.png	unverified
D02-03359	كەپتەرچى	headword	833_2L.png	unverified
D02-03360	كەپتەرچىلىك	headword	833_2L.png	unverified
D02-03361	كەپتەرخانا	headword	833_2L.png	unverified
D02-03362	كەپتەرۋاز	headword	834_1R.png	unverified
D02-03363	كەپتەرۋازلىق	headword	834_1R.png	unverified
D02-03364	كەپتۈك	headword	834_1R.png	unverified
D02-03365	كەپسەن	headword	834_1R.png	unverified
D02-03366	كەپسەنچى	headword	834_1R.png	unverified
D02-03367	كەپسەنچىلىك	headword	834_1R.png	unverified
D02-03368	كەپسەنلىمەك	headword	834_1R.png	unverified
D02-03369	كەپسىز	headword	834_1R.png	unverified
D02-03370	كەپسىزلىشمەك	headword	834_1R.png	unverified
D02-03371	كەپسىزلىك	headword	834_1R.png	unverified
D02-03372	كەپشەر	headword	834_1R.png	unverified
D02-03373	كەپشەرچى	headword	834_1R.png	unverified
D02-03374	كەپشەرچىلىك	headword	834_1R.png	unverified
D02-03375	كەپشەرلەتمەك	headword	834_1R.png	unverified
D02-03376	كەپشەرلەشمەك	headword	834_1R.png	unverified
D02-03377	كەپشەرلەنمەك	headword	834_1R.png	unverified
D02-03378	كەپشەرلىك	headword	834_1R.png	unverified
D02-03379	كەپشەرلىگۈچ	headword	834_1R.png	unverified
D02-03380	كەپشەرلىمەك	headword	834_2L.png	unverified
D02-03381	كەپكە	headword	834_2L.png	unverified
D02-03382	كەپكۈر	headword	834_2L.png	unverified
D02-03383	كەپكىچان	headword	834_2L.png	unverified
D02-03384	كەپكىسىز	headword	834_2L.png	unverified
D02-03385	كەپكىلىك	headword	834_2L.png	unverified
D02-03386	كەپلەتمەك	headword	834_2L.png	unverified
D02-03387	كەپلەشتۈرمەك	headword	834_2L.png	unverified
D02-03388	كەپلەشتۈرۈشمەك	headword	834_2L.png	unverified
D02-03389	كەپلەشتۈرۈلمەك	headword	834_2L.png	unverified
D02-03390	كەپلەشمە	headword	834_2L.png	unverified
D02-03391	كەپلەشمەك	headword	834_2L.png	unverified
D02-03392	كەپلەنمەك	headword	834_2L.png	unverified
D02-03393	كەپلىمەك	headword	834_2L.png	verified
D02-03394	كەپىلىك	headword	834_2L.png	unverified
D02-03395	كەترەن	headword	834_2L.png	unverified
D02-03396	كەتكۈزمەك	headword	834_2L.png	unverified
D02-03397	كەتكۈزۈشمەك	headword	834_2L.png	unverified
D02-03398	كەتكۈزۈلمەك	headword	835_1R.png	unverified
D02-03400	كەتمەك	headword	835_1R.png	unverified
D02-03401	كەتمەن	headword	835_2L.png	unverified
D02-03402	كەتمەن سېپىنى تۇتۇپ باقمىغان	headword	835_2L.png	unverified
D02-03403	كەتمىنىنى چاپماق	headword	835_2L.png	unverified
D02-03404	كەتمەنچى	headword	835_2L.png	unverified
D02-03405	كەتمەنقوڭغۇز	headword	835_2L.png	unverified
D02-03406	كەتمەنلىك	headword	835_2L.png	unverified
D02-03407	كەتو	headword	835_2L.png	unverified
D02-03408	كەترا	headword	835_2L.png	unverified
D02-03409	كەتىل	headword	835_2L.png	unverified
D02-03411	كەتىۋال	headword	836_1R.png	verified
D02-03412	كەتىۋاللىق	headword	836_1R.png	verified
D02-03413	كەچ	headword	836_1R.png	unverified
D02-03414	كەچتۈرمەك	headword	836_1R.png	unverified
D02-03415	كەچتۈرۈشمەك	headword	836_1R.png	unverified
D02-03416	كەچتۈرۈلمەك	headword	836_1R.png	unverified
D02-03417	كەچقۇرۇن	headword	836_1R.png	unverified
D02-03418	كەچقۇرۇنقى	headword	836_1R.png	unverified
D02-03419	كەچقۇرۇنلۇق	headword	836_1R.png	unverified
D02-03420	كەچقۇرۇنلۇقى	headword	836_1R.png	unverified
D02-03421	كەچكى	headword	836_1R.png	unverified
D02-03422	كەچكىچە	headword	836_1R.png	unverified
D02-03423	كەچلىك	headword	836_1R.png	unverified
D02-03424	كەچلىمەك	headword	836_1R.png	unverified
D02-03425	كەچمەك	headword	836_1R.png	unverified
D02-03426	كەچمىش	headword	836_2L.png	unverified
D02-03427	كەچمىش- كەچۈرمىش	headword	836_2L.png	unverified
D02-03428	كەچۈرگۈسىز	headword	836_2L.png	unverified
D02-03429	كەچۈرمە	headword	836_2L.png	unverified
D02-03430	كەچۈرمەك	headword	836_2L.png	unverified
D02-03431	كەچۈرمىش	headword	836_2L.png	unverified
D02-03432	كەچۈرۈشمەك	headword	836_2L.png	unverified
D02-03433	كەچۈرۈلمەك	headword	836_2L.png	unverified
D02-03434	كەچۈرۈم	headword	836_2L.png	unverified
D02-03435	كەر	headword	836_2L.png	unverified
D02-03436	كەرەپشە	headword	836_2L.png	unverified
D02-03437	كەرەشمە	headword	836_2L.png	unverified
D02-03438	كەرەم	headword	837_1R.png	unverified
D02-03439	كەرەملىك	headword	837_1R.png	unverified
D02-03440	كەرتمەك	headword	837_1R.png	verified
D02-03441	كەرتىشمەك	headword	837_1R.png	unverified
D02-03442	كەرتىك	headword	837_1R.png	unverified
D02-03443	كەرتىلمەك	headword	837_1R.png	unverified
D02-03444	كەرتىم	headword	837_1R.png	unverified
D02-03445	كەررە	headword	837_1R.png	unverified
D02-03446	كەررەك	headword	837_1R.png	unverified
D02-03448	كەررىلەتمەك	headword	837_1R.png	unverified
D02-03449	كەررىلەشمەك	headword	837_1R.png	unverified
D02-03450	كەررىلەنمەك	headword	837_1R.png	unverified
D02-03451	كەررىلىمەك	headword	837_1R.png	unverified
D02-03452	كەركىدان	headword	837_1R.png	unverified
D02-03453	كەركىدانگۈل	headword	837_1R.png	unverified
D02-03454	كەرگە	headword	837_1R.png	unverified
D02-03456	كەرگۈزمەك	headword	837_2L.png	unverified
D02-03457	كەرمان	headword	837_2L.png	unverified
D02-03458	كەرمەك	headword	837_2L.png	unverified
D02-03459	كەرىقۇر	headword	837_2L.png	unverified
D02-03460	كەرىك	headword	837_2L.png	unverified
D02-03461	كەز	headword	837_2L.png	unverified
D02-03462	كەزدۈرمەك	headword	837_2L.png	unverified
D02-03463	كەزدۈرۈلمەك	headword	837_2L.png	unverified
D02-03464	كەزمە	headword	837_2L.png	unverified
D02-03465	كەزمەك	headword	837_2L.png	unverified
D02-03466	كەسپىي	headword	837_2L.png	unverified
D02-03467	كەستۈرمەك	headword	837_2L.png	unverified
D02-03468	كەستۈرۈشمەك	headword	837_2L.png	unverified
D02-03469	كەستۈرۈلمەك	headword	837_2L.png	unverified
D02-03470	كەس - كەسلا	headword	837_2L.png	unverified
D02-03471	كەسەك	headword	837_2L.png	unverified
D02-03472	كەسكەچى	headword	838_1R.png	unverified
D02-03472-v1	خەتنىچى	variant	838_1R.png	unverified
D02-03473	كەسكۈچى	headword	838_1R.png	unverified
D02-03474	كەسكىن	headword	838_1R.png	unverified
D02-03475	كەسكىنلەشتۈرمەك	headword	838_1R.png	verified
D02-03476	كەسكىنلەشتۈرۈشمەك	headword	838_1R.png	unverified
D02-03477	كەسكىنلەشتۈرۈلمەك	headword	838_1R.png	unverified
D02-03478	كەسكىنلەشمەك	headword	838_1R.png	unverified
D02-03479	كەسكىنلىك	headword	838_1R.png	unverified
D02-03480	كەسلەتمەك	headword	838_1R.png	unverified
D02-03481	كەسلەشمەك	headword	838_1R.png	unverified
D02-03482	كەسلەم	headword	838_1R.png	unverified
D02-03483	كەسلەملىك	headword	838_1R.png	unverified
D02-03484	كەسلەنچۈك	headword	838_2L.png	unverified
D02-03485	كەسلەندى	headword	838_2L.png	unverified
D02-03486	كەسلەنمەك	headword	838_2L.png	unverified
D02-03487	كەسلىمەك	headword	838_2L.png	verified
D02-03488	كەسمە	headword	838_2L.png	unverified
D02-03489	كەسمەك	headword	838_2L.png	unverified
D02-03490	كەسىپ	headword	839_1R.png	unverified
D02-03491	كەسىپچانلىق	headword	839_1R.png	unverified
D02-03492	كەسىپدار	headword	839_1R.png	unverified
D02-03493	كەسىپداش	headword	839_1R.png	unverified
D02-03494	كەسىپداشلىق	headword	839_1R.png	unverified
D02-03495	كەسىپسىز	headword	839_1R.png	unverified
D02-03496	كەسىپكار	headword	839_1R.png	unverified
D02-03497	كەسىپكارلىق	headword	839_1R.png	unverified
D02-03498	كەسىپلەشتۈرمەك	headword	839_1R.png	unverified
D02-03499	كەسىپلەشتۈرۈلمەك	headword	839_1R.png	unverified
D02-03500	كەسىپلەشمەك	headword	839_1R.png	unverified
D02-03501	كەسىر	headword	839_1R.png	unverified
D02-03502	كەسىر سان	headword	839_1R.png	verified
D02-03503	كەسىرسىز	headword	839_1R.png	unverified
D02-03504	كەسىرلىك	headword	839_2L.png	unverified
D02-03505	كەش	headword	839_2L.png	unverified
D02-03506	كەش بازىرىدا قالماق	headword	839_2L.png	unverified
D02-03507	كەشىنى توغرىلىماق	headword	839_2L.png	unverified
D02-03508	كەشنى قولتۇقلىماق	headword	839_2L.png	unverified
D02-03509	كەشىنى قولتۇقىغا قىستۇرۇپ قويماق	headword	839_2L.png	verified
D02-03510	كەشىنى قولتۇقىغا قىسماق	headword	839_2L.png	verified
D02-03510-v1	كەشىنى قولتۇقلىماق	variant	839_2L.png	verified
D02-03511	كەشنى قېقىپ	headword	839_2L.png	unverified
D02-03512	كەشىنىڭ چۈشۈپ قالغىنىغا قارىماي	headword	839_2L.png	verified
D02-03513	كەشىنىڭ سوڭىدا ناس كاپ ئېتىدىغان	headword	839_2L.png	verified
D02-03514	كەشپى	headword	839_2L.png	unverified
D02-03515	كەشپىيات	headword	839_2L.png	unverified
D02-03516	كەشپىياتچى	headword	839_2L.png	unverified
D02-03517	كەشپىياتچىلىق	headword	839_2L.png	unverified
D02-03518	كەشتە	headword	840_1R.png	unverified
D02-03519	كەشتىچى	headword	840_1R.png	unverified
D02-03520	كەشتىچىلىك	headword	840_1R.png	unverified
D02-03521	كەشتىلەتمەك	headword	840_1R.png	unverified
D02-03522	كەشتىلەشمەك	headword	840_1R.png	unverified
D02-03523	كەشتىلەنمەك	headword	840_1R.png	unverified
D02-03524	كەشتىلىك	headword	840_1R.png	unverified
D02-03525	كەشتىلىمەك	headword	840_1R.png	unverified
D02-03526	كەشكۈن	headword	840_1R.png	unverified
D02-03527	كەشىپ	headword	840_1R.png	unverified
D02-03528	كەك	headword	840_1R.png	unverified
D02-03529	كەكە	headword	840_1R.png	unverified
D02-03530	كەكرە	headword	840_1R.png	unverified
D02-03531	كەكرىلىك	headword	840_1R.png	unverified
D02-03532	كەكلىك	headword	840_1R.png	unverified
D02-03533	كەكلىكۋاز	headword	840_1R.png	unverified
D02-03534	كەكىساقال	headword	840_1R.png	verified
D02-03535	كەڭ	headword	840_2L.png	verified
D02-03536	كەڭ بۇلۇڭ	headword	840_2L.png	unverified
D02-03537	كەڭ قورساق	headword	840_2L.png	unverified
D02-03538	كەڭ قول	headword	840_2L.png	unverified
D02-03539	كەڭتاشا	headword	840_2L.png	verified
D02-03540	كەڭتاشالىق	headword	840_2L.png	unverified
D02-03541	كەڭچىلىك	headword	840_2L.png	verified
D02-03542	كەڭرى	headword	840_2L.png	verified
D02-03543	كەڭرىتمەك	headword	840_2L.png	verified
D02-03544	كەڭرىتىشمەك	headword	840_2L.png	verified
D02-03545	كەڭرىچىلىك	headword	841_1R.png	verified
D02-03546	كەڭرىمەك	headword	841_1R.png	unverified
D02-03547	كەڭ - كەڭرى	headword	841_1R.png	verified
D02-03548	كەڭ - كۇشادە	headword	841_1R.png	unverified
D02-03549	كەڭكى	headword	841_1R.png	verified
D02-03550	كەڭلىك	headword	841_1R.png	unverified
D02-03551	كەلپىغۇن	headword	841_1R.png	unverified
D02-03552	كەلتۈرمەك	headword	841_1R.png	unverified
D02-03553	كەلتۈرۈشمەك	headword	841_1R.png	unverified
D02-03554	كەلتۈرۈلمەك	headword	841_1R.png	unverified
D02-03555	كەلدى-كەتتى	headword	841_2L.png	verified
D02-03556	كەلسە-كەلمەس	headword	841_2L.png	unverified
D02-03557	كەلكۈن	headword	841_2L.png	unverified
D02-03558	كەلگۈسى	headword	841_2L.png	unverified
D02-03559	كەلگۈسىپەرەس	headword	841_2L.png	unverified
D02-03560	كەلگۈسىشۇناس	headword	841_2L.png	unverified
D02-03561	كەلگۈسىشۇناسلىق	headword	841_2L.png	unverified
D02-03562	كەلگۈلۈك	headword	841_2L.png	unverified
D02-03563	كەلگۈندى	headword	841_2L.png	unverified
D02-03564	كەلمەك	headword	841_2L.png	unverified
D02-03565	كېلىپ چىقماق	headword	842_2L.png	unverified
D02-03566	كەلىمە	headword	843_1R.png	verified
D02-03567	كەم	headword	843_1R.png	unverified
D02-03568	كەم دېگەندە	headword	843_1R.png	unverified
D02-03569	كەم سۇندۇرماق	headword	843_1R.png	unverified
D02-03571	كەمەر	headword	843_1R.png	unverified
D02-03572	كەمەك	headword	843_1R.png	unverified
D02-03573	كەمەك ھەييار	headword	843_1R.png	unverified
D02-03574	كەمەلدۈرۈك	headword	843_1R.png	unverified
D02-03575	كەمەن	headword	843_1R.png	unverified
D02-03575-v1	سالما	variant	843_1R.png	unverified
D02-03576	كەمەنباغ	headword	843_1R.png	verified
D02-03577	كەمبەغەل	headword	843_2L.png	unverified
D02-03578	كەمبەغەلچىلىك	headword	843_2L.png	unverified
D02-03579	كەمبەغەلسىنمەك	headword	843_2L.png	unverified
D02-03580	كەمبەغەللەشتۈرمەك	headword	843_2L.png	verified
D02-03581	كەمبەغەللەشتۈرۈشمەك	headword	843_2L.png	unverified
D02-03582	كەمبەغەللەشتۈرۈلمەك	headword	843_2L.png	unverified
D02-03583	كەمبەغەللەشمەك	headword	843_2L.png	unverified
D02-03584	كەمبەغەللىك	headword	843_2L.png	unverified
D02-03585	كەمپۈت	headword	843_2L.png	verified
D02-03586	كەمپىر	headword	843_2L.png	unverified
D02-03587	كەمتەر	headword	843_2L.png	unverified
D02-03588	كەمتەرانە	headword	843_2L.png	unverified
D02-03589	كەمتەرلىك	headword	843_2L.png	unverified
D02-03590	كەمتەرىن	headword	843_2L.png	unverified
D02-03591	كەمتۈك	headword	844_1R.png	unverified
D02-03592	كەمتۈكلەشتۈرمەك	headword	844_1R.png	unverified
D02-03593	كەمتۈكلەشمەك	headword	844_1R.png	unverified
D02-03594	كەمتۈكلۈك	headword	844_1R.png	unverified
D02-03595	كەمچەت	headword	844_1R.png	unverified
D02-03596	كەمچەن	headword	844_1R.png	unverified
D02-03597	كەمچەنلەتمەك	headword	844_1R.png	unverified
D02-03598	كەمچەنلەشمەك	headword	844_1R.png	verified
D02-03599	كەمچەنلەنمەك	headword	844_1R.png	unverified
D02-03600	كەمچەنلىمەك	headword	844_1R.png	unverified
D02-03601	كەمچىل	headword	844_1R.png	unverified
D02-03602	كەمچىللىك	headword	844_1R.png	unverified
D02-03603	كەمچىلىك	headword	844_1R.png	unverified
D02-03604	كەمچىلىكسىز	headword	844_1R.png	unverified
D02-03605	كەمدىن-كەم	headword	844_1R.png	unverified
D02-03606	كەمزۇل	headword	844_1R.png	unverified
D02-03607	كەمزۇللۇق	headword	844_1R.png	unverified
D02-03608	كەمسىتمەك	headword	844_2L.png	unverified
D02-03609	كەمسىتىشمەك	headword	844_2L.png	unverified
D02-03610	كەمسىتىلمەك	headword	844_2L.png	unverified
D02-03611	كەمسىنمەك	headword	844_2L.png	verified
D02-03612	كەمشۈك	headword	844_2L.png	unverified
D02-03613	كەم-كوتا	headword	844_2L.png	verified
D02-03614	كەم-كوتىسىز	headword	844_2L.png	verified
D02-03615	كەم-كوسا	headword	844_2L.png	verified
D02-03616	كەملەتمەك	headword	844_2L.png	unverified
D02-03618	كەملەشمەك	headword	844_2L.png	unverified
D02-03619	كەملەنمەك	headword	844_2L.png	unverified
D02-03620	كەملىك	headword	844_2L.png	unverified
D02-03621	كەملىمەك	headword	844_2L.png	unverified
D02-03623	كەنە	headword	845_1R.png	verified
D02-03624	كەنت	headword	845_1R.png	unverified
D02-03625	كەنتىر	headword	845_1R.png	unverified
D02-03626	كەنجەھەر	headword	845_1R.png	unverified
D02-03627	كەنجى	headword	845_1R.png	unverified
D02-03628	كەندىر	headword	845_1R.png	unverified
D02-03629	كەندىر يېگەن خورازدەك	headword	845_1R.png	unverified
D02-03631	كەندىرسىمان	headword	845_1R.png	unverified
D02-03632	كەندىرلىك	headword	845_1R.png	unverified
D02-03633	كەھرىۋا	headword	845_1R.png	unverified
D02-03634	كەۋرەك	headword	845_2L.png	unverified
D02-03635	كەۋزە	headword	845_2L.png	unverified
D02-03636	كەۋسەر	headword	845_2L.png	unverified
D02-03637	كەيپ	headword	845_2L.png	verified
D02-03638	كەيپخور	headword	845_2L.png	unverified
D02-03639	كەيپ - ساپا	headword	845_2L.png	unverified
D02-03640	كەيپسىز	headword	845_2L.png	unverified
D02-03641	كەيپسىزلەندۈرمەك	headword	845_2L.png	unverified
D02-03642	كەيپسىزلەنمەك	headword	845_2L.png	unverified
D02-03643	كەيپسىزلىك	headword	845_2L.png	unverified
D02-03644	كەيپلىك	headword	845_2L.png	unverified
D02-03645	كەيپىيات	headword	845_2L.png	unverified
D02-03646	كەيپىياتلاشتۇرماق	headword	846_1R.png	unverified
D02-03647	كەيپىياتلاشماق	headword	846_1R.png	unverified
D02-03648	كەيلۈك	headword	846_1R.png	unverified
D02-03649	كەيمە	headword	846_1R.png	unverified
D02-03650	كەينى	headword	846_1R.png	verified
D02-03651	كەينىگە سىيمەك	headword	846_1R.png	unverified
D02-03652	كەينىنى قىلماق	headword	846_1R.png	unverified
D02-03653	كەينىچە	headword	846_1R.png	unverified
D02-03654	كەينىچىلەپ	headword	846_1R.png	unverified
D02-03655	كەينى ـ كەينىدىن	headword	846_1R.png	verified
D02-03655-v1	ئارقا ـ ئارقىدىن	variant	846_1R.png	verified
D02-03656	كوبالت	headword	846_2L.png	unverified
D02-03657	كوپ	headword	846_2L.png	unverified
D02-03658	كوپپىدە	headword	846_2L.png	unverified
D02-03659	كوپتا	headword	846_2L.png	unverified
D02-03660	كوپۇش	headword	846_2L.png	unverified
D02-03661	كوپېرنىك	headword	846_2L.png	unverified
D02-03662	كوپىراتسىيە	headword	846_2L.png	unverified
D02-03663	كوپىراتسىيەلەشتۈرمەك	headword	846_2L.png	unverified
D02-03664	كوپىراتسىيەلەشتۈرۈشمەك	headword	846_2L.png	verified
D02-03665	كوپىراتسىيەلەشتۈرۈلمەك	headword	846_2L.png	verified
D02-03666	كوپىراتسىيىلەشمەك	headword	846_2L.png	verified
D02-03667	كوپىراتىپ	headword	846_2L.png	unverified
D02-03668	كوپىيە	headword	846_2L.png	unverified
D02-03669	كوت	headword	846_2L.png	unverified
D02-03670	كوتا	headword	846_2L.png	unverified
D02-03671	كوتانگېنس	headword	846_2L.png	unverified
D02-03672	كوت-كوت	headword	847_1R.png	unverified
D02-03673	كوتۇلداتماق	headword	847_1R.png	unverified
D02-03674	كوتۇلداشماق	headword	847_1R.png	unverified
D02-03675	كوتۇلدىماق	headword	847_1R.png	unverified
D02-03676	كوتىرناق	headword	847_1R.png	unverified
D02-03677	كوتىنۇس	headword	847_1R.png	unverified
D02-03678	كوچا	headword	847_1R.png	unverified
D02-03679	كوچا ئاپتوبۇسى	headword	847_1R.png	unverified
D02-03680	كوچىغا چىقىپ قالماق	headword	847_1R.png	unverified
D02-03682	كوچا-كوي	headword	847_1R.png	unverified
D02-03683	كوچىگار	headword	847_1R.png	unverified
D02-03684	كوچىلاتماق	headword	847_1R.png	verified
D02-03685	كوچىلاشماق	headword	847_1R.png	unverified
D02-03686	كوچىلانماق	headword	847_1R.png	unverified
D02-03687	كوچىمۇكوچا	headword	847_2L.png	verified
D02-03688	كود	headword	847_2L.png	unverified
D02-03689	كوداك	headword	847_2L.png	unverified
D02-03690	كودەي	headword	847_2L.png	unverified
D02-03691	كودلاشتۇرماق	headword	847_2L.png	unverified
D02-03692	كودلاشتۇرۇلماق	headword	847_2L.png	unverified
D02-03693	كودلاشماق	headword	847_2L.png	unverified
D02-03694	كودېئىن	headword	847_2L.png	unverified
D02-03695	كودىلوس	headword	847_2L.png	unverified
D02-03696	كور	headword	847_2L.png	unverified
D02-03698	كورا	headword	847_2L.png	unverified
D02-03699	كوراج	headword	847_2L.png	unverified
D02-03700	كوراگان	headword	848_1R.png	unverified
D02-03701	كوراگانلىق	headword	848_1R.png	unverified
D02-03702	كورەك	headword	848_1R.png	unverified
D02-03703	كورپۇس	headword	848_1R.png	unverified
D02-03704	كورت	headword	848_1R.png	unverified
D02-03705	كورتىزون	headword	848_1R.png	unverified
D02-03706	كوردوبا	headword	848_1R.png	unverified
D02-03707	كوردىنات	headword	848_1R.png	unverified
D02-03708	كوردىيېرىت	headword	848_1R.png	unverified
D02-03709	كوررېكتور	headword	848_1R.png	unverified
D02-03710	كوررېكتورلۇق	headword	848_1R.png	unverified
D02-03711	كوررىدە	headword	848_1R.png	unverified
D02-03712	كوررىدىل	headword	848_1R.png	unverified
D02-03713	كور - كور	headword	848_1R.png	unverified
D02-03714	كوركىراتماق	headword	848_2L.png	unverified
D02-03715	كوركىراشماق	headword	848_2L.png	unverified
D02-03716	كوركىرام	headword	848_2L.png	unverified
D02-03717	كوركىرىما	headword	848_2L.png	unverified
D02-03718	كوركىرىماق	headword	848_2L.png	unverified
D02-03719	كورلۇق	headword	848_2L.png	unverified
D02-03720	كورنۇس	headword	848_2L.png	unverified
D02-03721	كورنېت	headword	848_2L.png	unverified
D02-03722	كوروپكا	headword	848_2L.png	unverified
D02-03723	كورونوگراف	headword	848_2L.png	unverified
D02-03724	كورۇفائېنا	headword	848_2L.png	unverified
D02-03725	كورۇلداتماق	headword	848_2L.png	unverified
D02-03726	كورۇلدىماق	headword	848_2L.png	unverified
D02-03727	كورۇنا	headword	848_2L.png	verified
D02-03728	كورىلۇس	headword	848_2L.png	verified
D02-03729	كوزا	headword	849_1R.png	unverified
D02-03730	كوزا - كوزاڭ	headword	849_1R.png	unverified
D02-03731	كوزۇپ	headword	849_1R.png	verified
D02-03732	كوزۇپلۇق	headword	849_1R.png	verified
D02-03733	كوزىچى	headword	849_1R.png	unverified
D02-03734	كوزىر	headword	849_1R.png	unverified
D02-03735	كوزىگۈل	headword	849_1R.png	unverified
D02-03736	كوس	headword	849_1R.png	unverified
D02-03738	كوسا	headword	849_1R.png	unverified
D02-03740	كوساتماق	headword	849_1R.png	unverified
D02-03741	كوسپاڭ	headword	849_1R.png	verified
D02-03742	كوسسىدە	headword	849_1R.png	unverified
D02-03743	كوس - كوس	headword	849_1R.png	unverified
D02-03744	كوسموپولىتىزم	headword	849_1R.png	verified
D02-03745	كوسمولوگىيە	headword	849_2L.png	unverified
D02-03746	كوسۇغۇر	headword	849_2L.png	unverified
D02-03747	كوسۇلداتماق	headword	849_2L.png	unverified
D02-03748	كوسۇلداشماق	headword	849_2L.png	unverified
D02-03749	كوسۇلدىماق	headword	849_2L.png	unverified
D02-03750	كوسېكانس	headword	849_2L.png	verified
D02-03751	كوسىلىق	headword	849_2L.png	unverified
D02-03752	كوسىنۇس	headword	849_2L.png	unverified
D02-03753	كوفېئىن	headword	849_2L.png	unverified
D02-03754	كوكا	headword	849_2L.png	unverified
D02-03755	كوكات	headword	849_2L.png	unverified
D02-03756	كوكاتلىق	headword	849_2L.png	unverified
D02-03757	كوكائىن	headword	849_2L.png	unverified
D02-03758	كوكس	headword	849_2L.png	unverified
D02-03759	كوكسلاشماق	headword	850_1R.png	verified
D02-03760	كوكسلاندۇرماق	headword	850_1R.png	unverified
D02-03761	كوكسلاندۇرۇلماق	headword	850_1R.png	unverified
D02-03762	كوكسلانماق	headword	850_1R.png	unverified
D02-03763	كوكۇس	headword	850_1R.png	unverified
D02-03764	كوكۇلا	headword	850_1R.png	unverified
D02-03765	كوكۇلىلىق	headword	850_1R.png	unverified
D02-03766	كوكۇنە	headword	850_1R.png	unverified
D02-03767	كوكۇنچىلىق	headword	850_1R.png	unverified
D02-03769	كوڭكا	headword	850_1R.png	verified
D02-03771	كولاتماق	headword	850_1R.png	unverified
D02-03772	كولاشتۇرماق	headword	850_1R.png	unverified
D02-03773	كولاشماق	headword	850_1R.png	unverified
D02-03774	كولانماق	headword	850_1R.png	unverified
D02-03775	كولبا	headword	850_1R.png	unverified
D02-03776	كولباسا	headword	850_1R.png	unverified
D02-03777	كولخوز	headword	850_1R.png	verified
D02-03778	كولخوزلاشتۇرماق	headword	850_2L.png	unverified
D02-03779	كولخوزلاشتۇرۇلماق	headword	850_2L.png	unverified
D02-03780	كولخوزلاشماق	headword	850_2L.png	unverified
D02-03781	كولدۇر	headword	850_2L.png	unverified
D02-03782	كولدۇر-كولدۇر	headword	850_2L.png	unverified
D02-03783	كولدۇرلاتماق	headword	850_2L.png	unverified
D02-03784	كولدۇرلاشماق	headword	850_2L.png	unverified
D02-03785	كولدۇرلىتىلماق	headword	850_2L.png	unverified
D02-03786	كولدۇرلىماق	headword	850_2L.png	unverified
D02-03787	كولدۇرما	headword	850_2L.png	unverified
D02-03788	كولدۇرمىلىق	headword	850_2L.png	unverified
D02-03789	كولكاز	headword	850_2L.png	unverified
D02-03790	كوللاپس	headword	850_2L.png	unverified
D02-03791	كوللاگېن	headword	850_2L.png	unverified
D02-03792	كوللوزا	headword	850_2L.png	unverified
D02-03793	كوللوزىلىق	headword	851_1R.png	unverified
D02-03794	كوللوئىد	headword	851_1R.png	unverified
D02-03795	كوللېكتور	headword	851_1R.png	unverified
D02-03796	كوللېكتىپ	headword	851_1R.png	unverified
D02-03797	كوللېكتىپچىلىق	headword	851_1R.png	unverified
D02-03798	كوللېكتىپلاشتۇرماق	headword	851_1R.png	unverified
D02-03799	كوللېكتىپلاشتۇرۇلماق	headword	851_1R.png	unverified
D02-03800	كوللېكتىپلاشماق	headword	851_1R.png	unverified
D02-03801	كوللېكتىپلىق	headword	851_1R.png	unverified
D02-03802	كوللېكتىۋىزم	headword	851_1R.png	unverified
D02-03803	كوللېكتىۋىزملىق	headword	851_1R.png	unverified
D02-03804	كوللېگىيە	headword	851_1R.png	unverified
D02-03805	كولون	headword	851_1R.png	unverified
D02-03806	كولىغۇچ	headword	851_1R.png	unverified
D02-03807	كولىما	headword	851_2L.png	unverified
D02-03808	كولىماق	headword	851_2L.png	unverified
D02-03809	كولياسكا	headword	851_2L.png	unverified
D02-03810	كوم	headword	851_2L.png	unverified
D02-03811	كوماك	headword	851_2L.png	verified
D02-03812	كوماندا	headword	851_2L.png	unverified
D02-03813	كوماندىر	headword	851_2L.png	unverified
D02-03814	كوماندىرلىق	headword	851_2L.png	unverified
D02-03815	كومبايىن	headword	851_2L.png	unverified
D02-03816	كومبايىنچى	headword	851_2L.png	unverified
D02-03817	كومبىناتسىيە	headword	851_2L.png	unverified
D02-03818	كومبىناتسىيەلىمەك	headword	851_2L.png	unverified
D02-03819	كومپارتىيە	headword	851_2L.png	unverified
D02-03820	كومپاس	headword	851_2L.png	unverified
D02-03821	كومپانىيە	headword	851_2L.png	unverified
D02-03822	كومپرادور	headword	852_1R.png	unverified
D02-03823	كومپلېكىس	headword	852_1R.png	verified
D02-03824	كومپلېمېنت	headword	852_1R.png	unverified
D02-03825	كومپوزىتسىيە	headword	852_1R.png	unverified
D02-03826	كومپوزىتسىيەلىك	headword	852_1R.png	unverified
D02-03827	كومپوزىتور	headword	852_1R.png	unverified
D02-03828	كومپوزىتورلۇق	headword	852_1R.png	unverified
D02-03829	كومپېنساتسىيە	headword	852_1R.png	unverified
D02-03830	كومپيۇتېر	headword	852_1R.png	unverified
D02-03831	كومپيۇتېرچى	headword	852_2L.png	unverified
D02-03832	كومپيۇتېرخانا	headword	852_2L.png	unverified
D02-03833	كومپيۇتېرلاشتۇرماق	headword	852_2L.png	unverified
D02-03834	كومپيۇتېرلاشتۇرۇلماق	headword	852_2L.png	unverified
D02-03835	كومپيۇتېرلاشماق	headword	852_2L.png	unverified
D02-03836	كومزەك	headword	852_2L.png	unverified
D02-03837	كومسومول	headword	852_2L.png	unverified
D02-03838	كومسوموللۇق	headword	852_2L.png	unverified
D02-03839	كومشار	headword	852_2L.png	unverified
D02-03840	كومشايتماق	headword	852_2L.png	unverified
D02-03841	كومشايماق	headword	852_2L.png	unverified
D02-03842	كوم- كوم	headword	852_2L.png	unverified
D02-03843	كوم - كومچى	headword	852_2L.png	unverified
D02-03844	كوممۇتاتور	headword	852_2L.png	verified
D02-03845	كوممۇنا	headword	852_2L.png	unverified
D02-03846	كوممۇنىزم	headword	853_1R.png	unverified
D02-03847	كوممۇنىزمچى	headword	853_1R.png	unverified
D02-03848	كوممۇنىزملىق	headword	853_1R.png	unverified
D02-03849	كوممۇنىست	headword	853_1R.png	unverified
D02-03850	كوممۇنىستلارچە	headword	853_1R.png	unverified
D02-03851	كوممۇنىستىك	headword	853_1R.png	unverified
D02-03852	كوممىدە	headword	853_1R.png	unverified
D02-03853	كومۇلداتماق	headword	853_1R.png	unverified
D02-03854	كومۇلدىماق	headword	853_1R.png	unverified
D02-03855	كومېتا	headword	853_1R.png	unverified
D02-03856	كومېدىيە	headword	853_1R.png	unverified
D02-03857	كومېدىيەلىك	headword	853_1R.png	unverified
D02-03858	كومىتېت	headword	853_1R.png	unverified
D02-03859	كومىسسار	headword	853_2L.png	unverified
D02-03860	كومىسسارىيات	headword	853_2L.png	unverified
D02-03861	كومىسسىيە	headword	853_2L.png	unverified
D02-03862	كومىسسىيون	headword	853_2L.png	unverified
D02-03863	كونا	headword	853_2L.png	unverified
D02-03864	كونا خاماننى سورىماق	headword	853_2L.png	unverified
D02-03865	كونا سەنەمگە دەسسىمەك	headword	853_2L.png	unverified
D02-03866	كونا سەنەمگە ئۇسسۇل ئوينىماق	headword	853_2L.png	unverified
D02-03867	كونا قېلىپ	headword	853_2L.png	unverified
D02-03868	كونا كېسىلى قوزغالماق	headword	853_2L.png	unverified
D02-03869	كونا مۇقام	headword	853_2L.png	verified
D02-03870	كونا ئۇستىخاننى غاجىماق	headword	853_2L.png	verified
D02-03871	كونارتىشماق	headword	854_1R.png	unverified
D02-03872	كونارتىلماق	headword	854_1R.png	unverified
D02-03873	كونارماق	headword	854_1R.png	unverified
D02-03874	كونتاكت	headword	854_1R.png	unverified
D02-03875	كونتاكتلىق	headword	854_1R.png	unverified
D02-03876	كونتراست	headword	854_1R.png	unverified
D02-03877	كونترول	headword	854_1R.png	unverified
D02-03878	كونترولچان	headword	854_1R.png	unverified
D02-03879	كونترولچانلىق	headword	854_1R.png	unverified
D02-03880	كونترولسىز	headword	854_1R.png	unverified
D02-03881	كونتروللاش	headword	854_1R.png	unverified
D02-03882	كونتروللۇق	headword	854_1R.png	unverified
D02-03883	كونتروللىماق	headword	854_1R.png	unverified
D02-03884	كونتېكىست	headword	854_1R.png	verified
D02-03885	كونتېكىستسىز	headword	854_1R.png	verified
D02-03886	كونتېكىستشۇناس	headword	854_1R.png	verified
D02-03887	كونتېكىستشۇناسلىق	headword	854_2L.png	unverified
D02-03888	كونتېنېنت	headword	854_2L.png	unverified
D02-03889	كونتېنېنتال	headword	854_2L.png	unverified
D02-03890	كونتېنېتالىت	headword	854_2L.png	verified
D02-03891	كونتېينېر	headword	854_2L.png	unverified
D02-03892	كوندۇكتور	headword	854_2L.png	unverified
D02-03893	كوندېناتور	headword	854_2L.png	unverified
D02-03894	كوندېنساتسىيە	headword	854_2L.png	unverified
D02-03895	كوندېنساتسىيەلەنمەك	headword	854_2L.png	verified
D02-03896	كوندېنساتسىيەلىمەك	headword	854_2L.png	unverified
D02-03897	كوندېنساتور	headword	854_2L.png	unverified
D02-03898	كونسۇل	headword	854_2L.png	verified
D02-03899	كونسۇلتاتسىيە	headword	854_2L.png	unverified
D02-03900	كونسۇلخانا	headword	855_1R.png	unverified
D02-03901	كونسۇللۇق	headword	855_1R.png	unverified
D02-03902	كونسېرت	headword	855_1R.png	unverified
D02-03903	كونسېرن	headword	855_1R.png	unverified
D02-03904	كونسېرۋا	headword	855_1R.png	unverified
D02-03905	كونسېرۋاتور	headword	855_1R.png	unverified
D02-03906	كونسېرۋاتىپ	headword	855_1R.png	unverified
D02-03907	كونسېرۋاتىپلىق	headword	855_1R.png	unverified
D02-03908	كونسېرۋاتىزم	headword	855_1R.png	unverified
D02-03909	كونسېسسىيە	headword	855_1R.png	unverified
D02-03910	كونسىپىك	headword	855_1R.png	verified
D02-03911	كونكرېت	headword	855_2L.png	unverified
D02-03912	كونكرېتلاشتۇرماق	headword	855_2L.png	unverified
D02-03913	كونكرېتلاشتۇرۇلماق	headword	855_2L.png	unverified
D02-03914	كونكرېتلاشماق	headword	855_2L.png	unverified
D02-03915	كونكرېتلىق	headword	855_2L.png	unverified
D02-03916	كونۇس	headword	855_2L.png	unverified
D02-03917	كونۇسسىمان	headword	855_2L.png	unverified
D02-03918	كونۋېرت	headword	855_2L.png	unverified
D02-03919	كونۋېرتسىز	headword	855_2L.png	unverified
D02-03920	كونۋېرتلىق	headword	855_2L.png	unverified
D02-03921	كونۋېكسىيە	headword	855_2L.png	unverified
D02-03922	كونۋېكسىيەلىك	headword	855_2L.png	unverified
D02-03923	كونىچە	headword	855_2L.png	unverified
D02-03924	كونىلىق	headword	855_2L.png	unverified
D02-03925	كوۋا	headword	856_1R.png	unverified
D02-03926	كوۋالېنت	headword	856_1R.png	unverified
D02-03927	كوۋالېنتلىق	headword	856_1R.png	unverified
D02-03928	كوۋالېنتلىق باغ	headword	856_1R.png	unverified
D02-03929	كوۋۇك	headword	856_1R.png	unverified
D02-03930	كوئېففىتسېنت	headword	856_1R.png	unverified
D02-03931	كوي	headword	856_1R.png	unverified
D02-03934	كويچەن	headword	856_1R.png	unverified
D02-03936	كويزا-كىشەن	headword	856_1R.png	unverified
D02-03937	كويلا	headword	856_1R.png	unverified
D02-03938	كويلۇق	headword	856_1R.png	unverified
D02-03939	كويۇش	headword	856_1R.png	unverified
D02-03940	كۇب	headword	856_1R.png	unverified
D02-03941	كۇبانكا	headword	856_1R.png	unverified
D02-03942	كۇپايە	headword	856_1R.png	unverified
D02-03943	كۇپايەلەنمەك	headword	856_1R.png	unverified
D02-03944	كۇپايىلىنىشمەك	headword	856_2L.png	unverified
D02-03945	كۇپپار	headword	856_2L.png	unverified
D02-03946	كۇپپارلىق	headword	856_2L.png	unverified
D02-03947	كۇپلېت	headword	856_2L.png	unverified
D02-03948	كۇپلېتسىز	headword	856_2L.png	unverified
D02-03949	كۇپلېتلىق	headword	856_2L.png	unverified
D02-03950	كۇپۇر	headword	856_2L.png	unverified
D02-03951	كۇپۇرانە	headword	856_2L.png	unverified
D02-03952	كۇپۇرانىلىق	headword	856_2L.png	unverified
D02-03953	كۇپۇرلۇق	headword	856_2L.png	unverified
D02-03954	كۇپىيە	headword	856_2L.png	unverified
D02-03955	كۇت	headword	856_2L.png	unverified
D02-03956	كۇتكويلۇق	headword	856_2L.png	unverified
D02-03957	كۇت - كۇت	headword	856_2L.png	unverified
D02-03958	كۇتلا	headword	856_2L.png	unverified
D02-03959	كۇتۇبىم	headword	856_2L.png	unverified
D02-03960	كۇتۇپخانا	headword	856_2L.png	unverified
D02-03961	كۇتۇلداشماق	headword	856_2L.png	verified
D02-03962	كۇچۇلا	headword	857_1R.png	verified
D02-03963	كۇدا	headword	857_1R.png	unverified
D02-03964	كۇدرانىيە	headword	857_1R.png	unverified
D02-03965	كۇدۇڭداس	headword	857_1R.png	unverified
D02-03966	كۇر	headword	857_1R.png	unverified
D02-03967	كۇررەك	headword	857_1R.png	unverified
D02-03968	كۇررىدە	headword	857_1R.png	unverified
D02-03969	كۇرس	headword	857_1R.png	unverified
D02-03971	كۇرسانت	headword	857_1R.png	unverified
D02-03972	كۇرسلۇق	headword	857_1R.png	unverified
D02-03973	كۇرسى	headword	857_1R.png	unverified
D02-03974	كۇر - كۇر	headword	857_1R.png	unverified
D02-03975	كۇرۇژۇك	headword	857_2L.png	verified
D02-03976	كۇرۇس	headword	857_2L.png	unverified
D02-03977	كۇرۇسلاتماق	headword	857_2L.png	unverified
D02-03978	كۇرۇسلىماق	headword	857_2L.png	unverified
D02-03979	كۇرۇشكا	headword	857_2L.png	unverified
D02-03980	كۇس	headword	857_2L.png	unverified
D02-03982	كۇسارچان	headword	857_2L.png	unverified
D02-03983	كۇسپاڭ	headword	857_2L.png	unverified
D02-03984	كۇسسىدە	headword	857_2L.png	unverified
D02-03985	كۇس - كۇس	headword	857_2L.png	unverified
D02-03986	كۇسۇر	headword	857_2L.png	unverified
D02-03987	كۇسۇر - كۇسۇر	headword	857_2L.png	unverified
D02-03988	كۇسۇرلاشماق	headword	857_2L.png	unverified
D02-03989	كۇسۇرلىماق	headword	857_2L.png	unverified
D02-03990	كۇسۇڭ	headword	857_2L.png	unverified
D02-03991	كۇسۇڭ - كۇسۇڭ	headword	857_2L.png	unverified
D02-03992	كۇسۇلدىشماق	headword	857_2L.png	unverified
D02-03993	كۇسۇلدىماق	headword	857_2L.png	unverified
D02-03994	كۇش	headword	857_2L.png	unverified
D02-03995	كۇشادە	headword	857_2L.png	unverified
D02-03996	كۇشادىچىلىق	headword	858_1R.png	unverified
D02-03997	كۇشادىلىق	headword	858_1R.png	unverified
D02-03998	كۇش-كۇش	headword	858_1R.png	verified
D02-03999	كۇشۇلداشماق	headword	858_1R.png	verified
D02-04000	كۇشۇلدىماق	headword	858_1R.png	verified
D02-04001	كۇكۇ	headword	858_1R.png	verified
D02-04001-v1	پىستە	variant	858_1R.png	verified
D02-04002	كۇكۇم	headword	858_1R.png	unverified
D02-04003	كۇكۇم-تالقان	headword	858_1R.png	unverified
D02-04004	كۇڭ	headword	858_1R.png	verified
D02-04005	كۇلا	headword	858_1R.png	unverified
D02-04006	كۇلال	headword	858_1R.png	unverified
D02-04007	كۇلالچى	headword	858_1R.png	unverified
D02-04008	كۇلالچىلىق	headword	858_1R.png	unverified
D02-04009	كۇلاھ	headword	858_1R.png	unverified
D02-04010	كۇلاھ-جەندە	headword	858_1R.png	unverified
D02-04011	كۇلاھلىق	headword	858_1R.png	unverified
D02-04012	كۇلتېر	headword	858_1R.png	unverified
D02-04013	كۇلتىۋاتسىيە	headword	858_1R.png	unverified
D02-04014	كۇلتىۋاتور	headword	858_1R.png	unverified
D02-04015	كۇلمىناتسىيە	headword	858_1R.png	unverified
D02-04016	كۇلۇب	headword	858_2L.png	unverified
D02-04017	كۇلۇچ	headword	858_2L.png	unverified
D02-04018	كۇلۇك	headword	858_2L.png	verified
D02-04019	كۇلۇڭ	headword	858_2L.png	unverified
D02-04020	كۇلۇن	headword	858_2L.png	unverified
D02-04021	كۇلۇنمېتىر	headword	858_2L.png	unverified
D02-04023	كۇمپەيكۇم	headword	858_2L.png	unverified
D02-04024	كۇموس	headword	858_2L.png	unverified
D02-04025	كۇمۇتا	headword	858_2L.png	unverified
D02-04026	كۇمۇش	headword	858_2L.png	verified
D02-04027	كۇمىلاچ	headword	859_1R.png	verified
D02-04028	كۇمىلاچلاتماق	headword	859_1R.png	verified
D02-04029	كۇمىلاچلاشماق	headword	859_1R.png	unverified
D02-04030	كۇمىلاچلانماق	headword	859_1R.png	unverified
D02-04031	كۇمىلاچلىماق	headword	859_1R.png	unverified
D02-04032	كۇننۇس	headword	859_1R.png	verified
D02-04033	كۇنۇپكا	headword	859_1R.png	unverified
D02-04034	كۇھ	headword	859_1R.png	verified
D02-04035	كۇھىقاپ	headword	859_1R.png	verified
D02-04036	كۇۋاس	headword	859_1R.png	verified
D02-04037	كۆپ	headword	859_1R.png	unverified
D02-04038	كۆپ چېكىت	headword	859_1R.png	unverified
D02-04039	كۆپ خانىلىق سان	headword	859_1R.png	verified
D02-04040	كۆپ مەنىلىك سۆز	headword	859_1R.png	unverified
D02-04041	كۆپەيتكۈچى	headword	859_2L.png	unverified
D02-04042	كۆپەيتمە	headword	859_2L.png	unverified
D02-04043	كۆپەيتمەك	headword	859_2L.png	verified
D02-04044	كۆپەيتىش	headword	859_2L.png	verified
D02-04045	كۆپەيتىشمەك	headword	859_2L.png	unverified
D02-04046	كۆپەيتىلمەك	headword	859_2L.png	unverified
D02-04047	كۆپەيگۈچى	headword	859_2L.png	unverified
D02-04048	كۆپەيمەك	headword	859_2L.png	unverified
D02-04049	كۆپتۈرمە	headword	859_2L.png	unverified
D02-04050	كۆپتۈرمەك	headword	859_2L.png	unverified
D02-04051	كۆپتۈرمىچى	headword	859_2L.png	unverified
D02-04052	كۆپتۈرمىچىلىك	headword	859_2L.png	unverified
D02-04053	كۆپتۈرۈشمەك	headword	859_2L.png	unverified
D02-04054	كۆپتۈرۈلمەك	headword	860_1R.png	unverified
D02-04055	كۆپتىن-كۆپ	headword	860_1R.png	unverified
D02-04056	كۆپجۈمەك	headword	860_1R.png	unverified
D02-04057	كۆپچىلىك	headword	860_1R.png	unverified
D02-04058	كۆپسىمەك	headword	860_1R.png	unverified
D02-04059	كۆپلەپ	headword	860_1R.png	unverified
D02-04060	كۆپلۈك	headword	860_1R.png	unverified
D02-04061	كۆپمە	headword	860_1R.png	unverified
D02-04062	كۆپمەك	headword	860_1R.png	unverified
D02-04063	كۆپۈشمەك	headword	860_1R.png	unverified
D02-04064	كۆپۈك	headword	860_1R.png	unverified
D02-04065	كۆپۈككە ئايلانماق	headword	860_1R.png	unverified
D02-04066	كۆپۈكچە	headword	860_1R.png	unverified
D02-04067	كۆپۈكلەشمەك	headword	860_1R.png	unverified
D02-04068	كۆپۈكلەندۈرگۈچ	headword	860_1R.png	unverified
D02-04069	كۆپۈكلەندۈرمەك	headword	860_1R.png	unverified
D02-04070	كۆپۈكلەنمەك	headword	860_1R.png	unverified
D02-04071	كۆپۈكلۈك	headword	860_1R.png	unverified
D02-04072	كۆپۈنگۈ	headword	860_1R.png	verified
D02-04073	كۆپىنچە	headword	860_1R.png	unverified
D02-04074	كۆت	headword	860_1R.png	unverified
D02-04075	كۆتى پوق	headword	860_2L.png	verified
D02-04076	كۆتىگە پوق كەپلەشمەك	headword	860_2L.png	unverified
D02-04077	كۆتىگە سۆيگۈدەك بولماق	headword	860_2L.png	unverified
D02-04078	كۆتىگە سېرىق تۈك ئۈنمىگەن	headword	860_2L.png	unverified
D02-04079	كۆتىنى قىسماق	headword	860_2L.png	unverified
D02-04080	كۆتىنى كولىماق	headword	860_2L.png	unverified
D02-04081	كۆتىنىڭ پىرى تۇتماق	headword	860_2L.png	unverified
D02-04082	كۆتىنى ئېلىپ يۈزىگە چاپلىماق	headword	860_2L.png	unverified
D02-04083	كۆتىنى يۈزىگە چاپلىماق	headword	860_2L.png	unverified
D02-04084	كۆتى ئوچۇق	headword	860_2L.png	unverified
D02-04085	كۆتى ئېغىر	headword	860_2L.png	unverified
D02-04086	كۆتەك	headword	860_2L.png	unverified
D02-04087	كۆتەكلىك	headword	860_2L.png	unverified
D02-04088	كۆتەڭگەي	headword	860_2L.png	unverified
D02-04089	كۆتەل	headword	860_2L.png	unverified
D02-04090	كۆتەن	headword	860_2L.png	unverified
D02-04091	كۆتەنباش	headword	860_2L.png	unverified
D02-04092	كۆتلەش	headword	861_1R.png	unverified
D02-04093	كۆتلۈك	headword	861_1R.png	unverified
D02-04094	كۆتمەك	headword	861_1R.png	verified
D02-04095	كۆتمەكلەشتۈرۈلمەك	headword	861_1R.png	unverified
D02-04096	كۆتمەكلەشمەك	headword	861_1R.png	unverified
D02-04097	كۆتۈر	headword	861_1R.png	unverified
D02-04098	كۆتۈر قاسقىنىڭنى	headword	861_1R.png	verified
D02-04099	كۆتۈر قولۇڭنى	headword	861_1R.png	unverified
D02-04100	كۆتۈر كەشىڭنى	headword	861_1R.png	unverified
D02-04101	كۆتۈر كۆدە-كۆرپەڭنى	headword	861_1R.png	unverified
D02-04102	كۆتۈر لاقا-لۇقاڭنى	headword	861_1R.png	unverified
D02-04103	كۆتۈرە	headword	861_1R.png	unverified
D02-04104	كۆتۈرەڭگۈ	headword	861_1R.png	unverified
D02-04105	كۆتۈرەڭگۈلەشمەك	headword	861_1R.png	unverified
D02-04106	كۆتۈرەڭگۈلۈك	headword	861_1R.png	unverified
D02-04107	كۆتۈرەلىگۈسىز	headword	861_1R.png	unverified
D02-04108	كۆتۈرەم	headword	861_1R.png	unverified
D02-04109	كۆتۈرتمەك	headword	861_1R.png	unverified
D02-04110	كۆتۈرمە	headword	861_1R.png	unverified
D02-04111	كۆتۈرمەك	headword	861_2L.png	unverified
D02-04112	كۆتۈرۈپ چىقماق	headword	861_2L.png	unverified
D02-04113	كۆتۈرمىچى	headword	861_2L.png	unverified
D02-04114	كۆتۈرمىچىلىك	headword	861_2L.png	unverified
D02-04115	كۆتۈرمىكەش	headword	861_2L.png	unverified
D02-04116	كۆتۈرمىكەشلىك	headword	861_2L.png	unverified
D02-04117	كۆتۈرمىلىك	headword	861_2L.png	unverified
D02-04118	كۆتۈرۈشچان	headword	861_2L.png	unverified
D02-04119	كۆتۈرۈشچانلىق	headword	861_2L.png	unverified
D02-04120	كۆتۈرۈشلۈك	headword	861_2L.png	unverified
D02-04121	كۆتۈرۈشمەك	headword	861_2L.png	unverified
D02-04122	كۆتۈرۈلمەك	headword	861_2L.png	unverified
D02-04123	كۆتۈرۈم	headword	862_1R.png	verified
D02-04124	كۆتۈك	headword	862_1R.png	unverified
D02-04125	كۆتۆھلىك	headword	862_1R.png	unverified
D02-04126	كۆتىچە	headword	862_1R.png	unverified
D02-04127	كۆتىچەك	headword	862_1R.png	unverified
D02-04128	كۆتىيوغان	headword	862_1R.png	unverified
D02-04128-v1	چىيقان	variant	862_1R.png	unverified
D02-04129	كۆجە	headword	862_1R.png	unverified
D02-04130	كۆجۈم	headword	862_1R.png	unverified
D02-04131	كۆجۈملەشتۈرمەك	headword	862_1R.png	unverified
D02-04132	كۆجۈملەشتۈرۈلمەك	headword	862_1R.png	unverified
D02-04133	كۆجۈملەشمەك	headword	862_1R.png	unverified
D02-04134	كۆجۈملۈك	headword	862_1R.png	unverified
D02-04135	كۆجىلىك	headword	862_1R.png	verified
D02-04136	كۆچ	headword	862_1R.png	unverified
D02-04137	كۆچە	headword	862_2L.png	unverified
D02-04138	كۆچەت	headword	862_2L.png	unverified
D02-04139	كۆچەتچىلىك	headword	862_2L.png	unverified
D02-04140	كۆچەتخانا	headword	862_2L.png	unverified
D02-04141	كۆچەتزار	headword	862_2L.png	unverified
D02-04142	كۆچەتزارلىق	headword	862_2L.png	unverified
D02-04143	كۆچەتلىك	headword	862_2L.png	unverified
D02-04144	كۆچكۆچ	headword	862_2L.png	unverified
D02-04145	كۆچكۈن	headword	862_2L.png	unverified
D02-04146	كۆچمە	headword	862_2L.png	unverified
D02-04147	كۆچمەك	headword	862_2L.png	unverified
D02-04148	كۆچمەن	headword	862_2L.png	unverified
D02-04149	كۆچمەنلىك	headword	863_1R.png	unverified
D02-04150	كۆچۈرتمەك	headword	863_1R.png	unverified
D02-04151	كۆچۈرگۈچ	headword	863_1R.png	unverified
D02-04152	كۆچۈرگۈچى	headword	863_1R.png	unverified
D02-04153	كۆچۈرگۈچىلىك	headword	863_1R.png	unverified
D02-04154	كۆچۈرمە	headword	863_1R.png	unverified
D02-04155	كۆچۈرمەك	headword	863_1R.png	unverified
D02-04156	كۆچۈرمىچى	headword	863_1R.png	unverified
D02-04157	كۆچۈرمىچىلىك	headword	863_1R.png	unverified
D02-04158	كۆچۈرمىكەش	headword	863_1R.png	unverified
D02-04159	كۆچۈرمىكەشلىك	headword	863_1R.png	unverified
D02-04160	كۆچۈرۈشمەك	headword	863_1R.png	unverified
D02-04161	كۆچۈرۈلمە	headword	863_1R.png	unverified
D02-04162	كۆچۈرۈلمەك	headword	863_1R.png	unverified
D02-04163	كۆچۈشمەك	headword	863_1R.png	unverified
D02-04164	كۆرەك	headword	863_2L.png	verified
D02-04165	كۆرەڭ	headword	863_2L.png	unverified
D02-04166	كۆرەڭلەتمەك	headword	863_2L.png	unverified
D02-04167	كۆرەڭلەشمەك	headword	863_2L.png	unverified
D02-04168	كۆرەڭلىك	headword	863_2L.png	unverified
D02-04169	كۆرەڭلىمەك	headword	863_2L.png	unverified
D02-04170	كۆرەلمەس	headword	863_2L.png	unverified
D02-04171	كۆرەلمەسلىك	headword	863_2L.png	unverified
D02-04172	كۆرپە	headword	863_2L.png	unverified
D02-04174	كۆرپەز	headword	863_2L.png	unverified
D02-04175	كۆرپە-ياستۇق	headword	863_2L.png	unverified
D02-04176	كۆرپىچەك	headword	863_2L.png	unverified
D02-04177	كۆرپىلىك	headword	863_2L.png	unverified
D02-04178	كۆرتە	headword	863_2L.png	unverified
D02-04179	كۆرسەتكۈچ	headword	863_2L.png	unverified
D02-04180	كۆرسەتكۈچلۈك	headword	864_1R.png	unverified
D02-04181	كۆرسەتمە	headword	864_1R.png	unverified
D02-04182	كۆرسەتمەك	headword	864_1R.png	unverified
D02-04183	كۆرسەتمىلىك	headword	864_1R.png	unverified
D02-04184	كۆرسىتىشچانلىق	headword	864_1R.png	unverified
D02-04185	كۆرسىتىشمەك	headword	864_1R.png	unverified
D02-04186	كۆرسىتىلمەك	headword	864_1R.png	unverified
D02-04187	كۆرك	headword	864_1R.png	unverified
D02-04188	كۆركەم	headword	864_1R.png	unverified
D02-04189	كۆركەمسىز	headword	864_2L.png	unverified
D02-04190	كۆركەمسىزلىك	headword	864_2L.png	unverified
D02-04191	كۆركەملەشتۈرمەك	headword	864_2L.png	unverified
D02-04192	كۆركەملەشتۈرۈلمەك	headword	864_2L.png	unverified
D02-04193	كۆركەملەشمەك	headword	864_2L.png	unverified
D02-04194	كۆركەملىك	headword	864_2L.png	unverified
D02-04195	كۆركۈتمە	headword	864_2L.png	unverified
D02-04196	كۆرگە	headword	864_2L.png	unverified
D02-04197	كۆرگەزمە	headword	864_2L.png	unverified
D02-04198	كۆرگەزمىخانا	headword	864_2L.png	unverified
D02-04199	كۆرگەن - بىلگەن	headword	864_2L.png	unverified
D02-04200	كۆرگۈلۈك	headword	864_2L.png	unverified
D02-04201	كۆرگۈلۈكى بار	headword	864_2L.png	unverified
D02-04202	كۆرگۈلۈكىنى كۆرسەتمەك	headword	864_2L.png	unverified
D02-04203	كۆرگۈلۈكىنى كۆرمەك	headword	864_2L.png	unverified
D02-04204	كۆرمەس	headword	864_2L.png	unverified
D02-04205	كۆرمەسكە سالماق	headword	864_2L.png	unverified
D02-04206	كۆرمەك	headword	864_2L.png	unverified
D02-04207	كۆرەر كۆزى يوق	headword	865_1R.png	unverified
D02-04208	كۆرمىگەننى كۆرمەك	headword	865_1R.png	unverified
D02-04209	كۆرۈپ قويماق	headword	865_1R.png	unverified
D02-04210	كۆرىدىغىنىنى كۆرمەك	headword	865_1R.png	unverified
D02-04211	كۆرمىش	headword	865_1R.png	unverified
D02-04212	كۆرۈشتۈرمەك	headword	865_1R.png	unverified
D02-04213	كۆرۈشتۈرۈلمەك	headword	865_1R.png	unverified
D02-04214	كۆرۈشمەك	headword	865_1R.png	unverified
D02-04216	كۆرۈك	headword	865_2L.png	unverified
D02-04218	كۆرۈلمەك	headword	865_2L.png	unverified
D02-04219	كۆرۈم	headword	865_2L.png	unverified
D02-04220	كۆرۈمسىز	headword	865_2L.png	unverified
D02-04221	كۆرۈمسىزلەشمەك	headword	865_2L.png	unverified
D02-04222	كۆرۈمسىزلەنمەك	headword	865_2L.png	unverified
D02-04223	كۆرۈمسىزلىك	headword	865_2L.png	unverified
D02-04224	كۆرۈملۈك	headword	865_2L.png	unverified
D02-04225	كۆرۈنەرلىك	headword	865_2L.png	unverified
D02-04226	كۆرۈنمەك	headword	865_2L.png	unverified
D02-04227	كۆرۈنۈش	headword	865_2L.png	unverified
D02-04228	كۆرۈنۈشچان	headword	866_1R.png	unverified
D02-04229	كۆرۈنۈشچانلىق	headword	866_1R.png	unverified
D02-04230	كۆرۈنۈشلۈك	headword	866_1R.png	unverified
D02-04231	كۆز	headword	866_1R.png	verified
D02-04233	كۆز ئاچماق	headword	866_1R.png	unverified
D02-04234	كۆز ئالايتماق	headword	866_1R.png	unverified
D02-04235	كۆز باغلىغۇچى	headword	866_2L.png	verified
D02-04236	كۆز باغلىماق	headword	866_2L.png	unverified
D02-04237	كۆز بويامچى	headword	866_2L.png	unverified
D02-04238	كۆز بويىماق	headword	866_2L.png	unverified
D02-04239	كۆز تاشلىماق	headword	866_2L.png	unverified
D02-04240	كۆز تەگمەك	headword	866_2L.png	unverified
D02-04241	كۆز خۇمارىنى چىقارماق	headword	866_2L.png	unverified
D02-04242	كۆزدىن قاچۇرماسلىق	headword	866_2L.png	unverified
D02-04243	كۆزدىن قان - يىرىڭ ئاقماق	headword	866_2L.png	unverified
D02-04244	كۆزدىن كەچۈرمەك	headword	866_2L.png	unverified
D02-04245	كۆزدىن نېرى قىلماق	headword	866_2L.png	unverified
D02-04246	كۆزدىن ئوت چىقىپ كەتمەك	headword	866_2L.png	unverified
D02-04247	كۆزدىن ئۇچماق	headword	866_2L.png	unverified
D02-04248	كۆزدىن يوقاتماق	headword	866_2L.png	unverified
D02-04249	كۆزدىن يىراق تۇتماق	headword	866_2L.png	unverified
D02-04250	كۆز سالماق	headword	867_1R.png	unverified
D02-04251	كۆزگە تاشلانماق	headword	867_1R.png	unverified
D02-04252	كۆزگە سۈرتكۈدەك بولماق	headword	867_1R.png	unverified
D02-04253	كۆزگە سىغماق	headword	867_1R.png	unverified
D02-04254	كۆزگە سىڭىپ قالماق	headword	867_1R.png	unverified
D02-04255	كۆزگە قادالغان تىكەن	headword	867_1R.png	unverified
D02-04256	كۆزگە قادالغان مىخ	headword	867_1R.png	unverified
D02-04257	كۆزگە كۆرۈنەرلىك	headword	867_1R.png	unverified
D02-04258	كۆزگە كۆرۈنگەن	headword	867_1R.png	unverified
D02-04259	كۆزگە كۆرۈنمەك	headword	867_1R.png	unverified
D02-04260	كۆزگە ئىلماسلىق	headword	867_1R.png	verified
D02-04261	كۆزلىرى ئالاق-جالاق بولۇپ كەتمەك	headword	867_1R.png	unverified
D02-04262	كۆزلىرى چاقناپ كەتمەك	headword	867_1R.png	unverified
D02-04263	كۆزلىرىنى چەكچەيتمەك	headword	867_1R.png	verified
D02-04264	كۆزلىرىنى ئوينىتماق	headword	867_1R.png	unverified
D02-04265	كۆزلىرى ئولتۇرۇشماق	headword	867_1R.png	unverified
D02-04266	كۆزلىرى ئويناپ كەتمەك	headword	867_1R.png	unverified
D02-04267	كۆز نۇرى	headword	867_1R.png	unverified
D02-04268	كۆزنىڭ ئاچچىقىنى چىقارماق	headword	867_2L.png	unverified
D02-04269	كۆزنىڭ يېغىنى يېمەك	headword	867_2L.png	unverified
D02-04270	كۆزنى يۇمۇپ- ئاچقۇچە	headword	867_2L.png	unverified
D02-04271	كۆزنى يۇمۇپلا	headword	867_2L.png	verified
D02-04272	كۆزۈڭگە قارا	headword	867_2L.png	unverified
D02-04273	كۆزۈڭنى ئاچ	headword	867_2L.png	unverified
D02-04274	كۆزۈڭ يوقمۇ	headword	867_2L.png	unverified
D02-04275	كۆز ئېچىپ كۆرگەن	headword	867_2L.png	unverified
D02-04276	كۆزى ئارقىدا قالماق	headword	867_2L.png	unverified
D02-04277	كۆزى ئالاچەكمەن بولماق	headword	867_2L.png	unverified
D02-04278	كۆزى بار	headword	867_2L.png	unverified
D02-04279	كۆزى پىششىق	headword	867_2L.png	unverified
D02-04280	كۆزى پىشماق	headword	867_2L.png	unverified
D02-04281	كۆزى تالادا قالماق	headword	867_2L.png	unverified
D02-04282	كۆزى تورلاشماق	headword	867_2L.png	unverified
D02-04283	كۆزى تويماسلىق	headword	867_2L.png	unverified
D02-04284	كۆزى تۇتۇلماق	headword	868_1R.png	unverified
D02-04285	كۆزى تۆت	headword	868_1R.png	unverified
D02-04286	كۆزى تېشىلمەك	headword	868_1R.png	unverified
D02-04287	كۆزى چاچراپ چىقىپ كەتكۈدەك بولماق	headword	868_1R.png	unverified
D02-04288	كۆزى چاقنىماق	headword	868_1R.png	unverified
D02-04289	كۆزى چانىقىدىن چىقىپ كەتمەك	headword	868_1R.png	unverified
D02-04290	كۆزى چۈشمەك	headword	868_1R.png	unverified
D02-04291	كۆزى قىزارماق	headword	868_1R.png	unverified
D02-04292	كۆزى كىچىك	headword	868_1R.png	unverified
D02-04293	كۆزىگە قارىماق	headword	868_1R.png	unverified
D02-04294	كۆزىگە كىرىۋالماق	headword	868_1R.png	unverified
D02-04295	كۆزىگە ياغ تولماق	headword	868_1R.png	unverified
D02-04296	كۆزىنى ئاچماق	headword	868_1R.png	unverified
D02-04297	كۆزىنى ئالالماسلىق	headword	868_1R.png	unverified
D02-04298	كۆزىنى پارقىرىتىپ تۇرماق	headword	868_1R.png	unverified
D02-04299	كۆزىنى چاپاق باسماق	headword	868_2L.png	unverified
D02-04300	كۆزىنىڭ ئوچۇقىدا	headword	868_2L.png	unverified
D02-04301	كۆزى ئوچۇق قارىغۇ	headword	868_2L.png	unverified
D02-04302	كۆزى ئېچىلماق	headword	868_2L.png	unverified
D02-04303	كۆزى يامان	headword	868_2L.png	unverified
D02-04304	كۆزى يورۇماق	headword	868_2L.png	unverified
D02-04305	كۆز يەتكۈسىز	headword	868_2L.png	unverified
D02-04306	كۆز يۇمماق	headword	868_2L.png	unverified
D02-04307	كۆزەت	headword	868_2L.png	unverified
D02-04308	كۆزەتچى	headword	868_2L.png	unverified
D02-04309	كۆزەتچىلىك	headword	868_2L.png	unverified
D02-04310	كۆزەتكۈچى	headword	868_2L.png	unverified
D02-04311	كۆزەتكۈزمەك	headword	868_2L.png	unverified
D02-04312	كۆزەتمەك	headword	868_2L.png	unverified
D02-04313	كۆزىتىشمەك	headword	868_2L.png	unverified
D02-04314	كۆزىتىلمەك	headword	868_2L.png	unverified
D02-04315	كۆزەل	headword	868_2L.png	unverified
D02-04316	كۆزئەينەك	headword	868_2L.png	unverified
D02-04317	كۆزئەينەكلىك	headword	868_2L.png	unverified
D02-04318	كۆزسىمان	headword	868_2L.png	unverified
D02-04319	كۆزقاراش	headword	868_2L.png	unverified
D02-04319-v1	نۇقتىنەزەر	variant	868_2L.png	unverified
D02-04320	كۆز - قارىن	headword	868_2L.png	unverified
D02-04321	كۆز- قارنى توق	headword	869_1R.png	unverified
D02-04322	كۆز- قۇلاق	headword	869_1R.png	unverified
D02-04323	كۆزگۈ	headword	869_1R.png	unverified
D02-04324	كۆزگۈنەك	headword	869_1R.png	unverified
D02-04325	كۆزلەشمەك	headword	869_1R.png	unverified
D02-04326	كۆزلەنمەك	headword	869_1R.png	unverified
D02-04327	كۆزلۈك	headword	869_1R.png	unverified
D02-04328	كۆزلىمە	headword	869_1R.png	unverified
D02-04329	كۆزلىمەك	headword	869_1R.png	unverified
D02-04330	كۆزمونچاق	headword	869_1R.png	unverified
D02-04331	كۆزنەك	headword	869_1R.png	unverified
D02-04332	كۆسەك	headword	869_1R.png	unverified
D02-04333	كۆسەي	headword	869_2L.png	unverified
D02-04334	كۆشەتمەك	headword	869_2L.png	unverified
D02-04335	كۆشەشمەك	headword	869_2L.png	unverified
D02-04336	كۆشەك	headword	869_2L.png	verified
D02-04337	كۆشۈك	headword	869_2L.png	unverified
D02-04338	كۆشۈكى بىر تىيىن	headword	869_2L.png	verified
D02-04339	كۆشۈكلۈك	headword	869_2L.png	unverified
D02-04340	كۆشۈگە	headword	869_2L.png	unverified
D02-04341	كۆشگۈچىلەر	headword	869_2L.png	unverified
D02-04342	كۆشىمەك	headword	869_2L.png	verified
D02-04343	كۆك	headword	869_2L.png	unverified
D02-04346	كۆكەر	headword	870_1R.png	verified
D02-04347	كۆكەرتمەك	headword	870_1R.png	unverified
D02-04348	كۆكەرتىشمەك	headword	870_1R.png	unverified
D02-04349	كۆكەرتىلمەك	headword	870_1R.png	unverified
D02-04350	كۆكەرمە	headword	870_1R.png	unverified
D02-04351	كۆكەرمەك	headword	870_1R.png	unverified
D02-04352	كۆكەرمىلىك	headword	870_1R.png	unverified
D02-04353	كۆكباش	headword	870_1R.png	unverified
D02-04354	كۆكبوغۇم	headword	870_1R.png	unverified
D02-04355	كۆكبېشى	headword	870_1R.png	unverified
D02-04356	كۆكبېشىلىق	headword	870_1R.png	unverified
D02-04357	كۆكپىت	headword	870_1R.png	unverified
D02-04358	كۆكتات	headword	870_2L.png	unverified
D02-04359	كۆكتاتچى	headword	870_2L.png	unverified
D02-04360	كۆكتاتچىلىق	headword	870_2L.png	unverified
D02-04361	كۆكتاتخور	headword	870_2L.png	unverified
D02-04362	كۆكتاتخورلۇق	headword	870_2L.png	unverified
D02-04363	كۆكتاتخۇمار	headword	870_2L.png	unverified
D02-04364	كۆكتاتخۇمارلىق	headword	870_2L.png	unverified
D02-04365	كۆكتاتلىق	headword	870_2L.png	unverified
D02-04366	كۆكتارغاق	headword	870_2L.png	unverified
D02-04367	كۆكتاش	headword	870_2L.png	unverified
D02-04368	كۆك-تاق	headword	870_2L.png	unverified
D02-04369	كۆكتالغۇ	headword	870_2L.png	verified
D02-04369-v1	تۆمۈرتۇمشۇق	variant	870_2L.png	verified
D02-04370	كۆكتولغاق	headword	870_2L.png	unverified
D02-04371	كۆكتۈرك	headword	870_2L.png	unverified
D02-04372	كۆكتۈرك خانلىقى	headword	870_2L.png	unverified
D02-04373	كۆكتۈركچە	headword	870_2L.png	unverified
D02-04374	كۆكتىكەن	headword	870_2L.png	unverified
D02-04375	كۆكچە	headword	871_1R.png	unverified
D02-04376	كۆكچېچەك	headword	871_1R.png	verified
D02-04377	كۆكچى	headword	871_1R.png	unverified
D02-04378	كۆكچىچقاق	headword	871_1R.png	unverified
D02-04379	كۆكچىلىك	headword	871_1R.png	unverified
D02-04380	كۆكرەك	headword	871_1R.png	unverified
D02-04381	كۆكرەكلىك	headword	871_1R.png	unverified
D02-04383	كۆكس	headword	871_1R.png	unverified
D02-04384	كۆكس- قارىن	headword	871_1R.png	unverified
D02-04385	كۆكسۇ	headword	871_1R.png	verified
D02-04386	كۆكسولتان	headword	871_1R.png	unverified
D02-04387	كۆكسېغىز	headword	871_1R.png	unverified
D02-04388	كۆكسىمەك	headword	871_1R.png	unverified
D02-04389	كۆكشال	headword	871_1R.png	verified
D02-04389-v1	قاتما II	variant	871_1R.png	verified
D02-04390	كۆكلەتمەك	headword	871_1R.png	unverified
D02-04393	كۆكلەشمەك	headword	871_1R.png	unverified
D02-04396	كۆكلەم	headword	871_2L.png	unverified
D02-04397	كۆكلەمزار	headword	871_2L.png	unverified
D02-04398	كۆكلەنمەك	headword	871_2L.png	unverified
D02-04400	كۆكلىتىلمەك	headword	871_2L.png	unverified
D02-04401	كۆكلىمەك	headword	871_2L.png	unverified
D02-04404	كۆكمارال	headword	871_2L.png	unverified
D02-04405	كۆكمەت	headword	871_2L.png	unverified
D02-04406	كۆكمۇچ	headword	871_2L.png	verified
D02-04407	كۆكنار	headword	871_2L.png	unverified
D02-04408	كۆكنارچى	headword	871_2L.png	unverified
D02-04409	كۆكنارخانا	headword	871_2L.png	unverified
D02-04410	كۆكۈچ	headword	871_2L.png	unverified
D02-04411	كۆكۈر	headword	871_2L.png	unverified
D02-04412	كۆكۈشكەن	headword	871_2L.png	unverified
D02-04413	كۆكۈلمەيدان	headword	872_1R.png	unverified
D02-04414	كۆكۇمتۇل	headword	872_1R.png	verified
D02-04415	كۆكۈيۈن	headword	872_1R.png	verified
D02-04416	كۆكىرىشچانلىق	headword	872_1R.png	unverified
D02-04417	كۆكىرىك	headword	872_1R.png	unverified
D02-04418	كۆكىمەك	headword	872_1R.png	unverified
D02-04419	كۆكىنەك	headword	872_1R.png	unverified
D02-04420	كۆكيار	headword	872_1R.png	verified
D02-04421	كۆكيامان	headword	872_1R.png	unverified
D02-04422	كۆكيۆتەل	headword	872_1R.png	unverified
D02-04423	كۆگە	headword	872_1R.png	verified
D02-04423-v1	پىيىزەك	variant	872_1R.png	verified
D02-04425	كۆگەشمەك	headword	872_1R.png	unverified
D02-04426	كۆگەل	headword	872_1R.png	unverified
D02-04427	كۆگەن	headword	872_1R.png	unverified
D02-04428	كۆگەنلىمەك	headword	872_1R.png	unverified
D02-04430	كۆڭلەك	headword	872_2L.png	unverified
D02-04431	كۆڭلەكچەن	headword	872_2L.png	unverified
D02-04432	كۆڭلەكلىك	headword	872_2L.png	unverified
D02-04433	كۆڭلەن	headword	872_2L.png	unverified
D02-04434	كۆڭلى-كۆكسى	headword	872_2L.png	unverified
D02-04435	كۆڭلى-كۆكسى كەڭ	headword	872_2L.png	unverified
D02-04436	كۆڭۈل	headword	872_2L.png	verified
D02-04436-i1	كۆڭلى	inflected	872_2L.png	verified
D02-04437	كۆڭلى بار	headword	872_2L.png	unverified
D02-04438	كۆڭلى بوشىماق	headword	872_2L.png	verified
D02-04439	كۆڭلى پۈتۈن	headword	872_2L.png	unverified
D02-04440	كۆڭلى توڭلىماق	headword	872_2L.png	unverified
D02-04441	كۆڭلى چۈشمەك	headword	872_2L.png	unverified
D02-04442	كۆڭلى سۇس	headword	872_2L.png	unverified
D02-04443	كۆڭلى سۇ ئىچمەك	headword	872_2L.png	unverified
D02-04444	كۆڭلى سۇيۇق	headword	872_2L.png	unverified
D02-04445	كۆڭلى سۆيۈنمەك	headword	872_2L.png	unverified
D02-04446	كۆڭلى قالماق	headword	872_2L.png	unverified
D02-04447	كۆڭلى كۆتۈرمەك	headword	872_2L.png	unverified
D02-04448	كۆڭلى كۆتۈرۈلمەك	headword	872_2L.png	unverified
D02-04449	كۆڭلى نازۇك	headword	872_2L.png	unverified
D02-04450	كۆڭۈل ئاچماق	headword	872_2L.png	unverified
D02-04451	كۆڭۈل ئاغرىماق	headword	873_1R.png	unverified
D02-04452	كۆڭۈل ئاۋۇتماق	headword	873_1R.png	unverified
D02-04453	كۆڭۈل ئايىماق	headword	873_1R.png	unverified
D02-04454	كۆڭۈل باغلىماق	headword	873_1R.png	unverified
D02-04455	كۆڭۈل بەرمەك	headword	873_1R.png	unverified
D02-04456	كۆڭۈل بۆلمەك	headword	873_1R.png	unverified
D02-04457	كۆڭۈل سانىماق	headword	873_1R.png	unverified
D02-04458	كۆڭۈل قويماق	headword	873_1R.png	unverified
D02-04459	كۆڭۈلنى ئالماق	headword	873_1R.png	unverified
D02-04460	كۆڭۈلنى ئۇتماق	headword	873_1R.png	unverified
D02-04461	كۆڭۈل ئېيتماق	headword	873_1R.png	unverified
D02-04462	كۆڭۈل ياسىماق	headword	873_1R.png	unverified
D02-04463	كۆڭۈل يايرىماق	headword	873_1R.png	unverified
D02-04464	كۆڭۈل يېرىم	headword	873_1R.png	unverified
D02-04465	كۆڭۈلپەرۋەر	headword	873_1R.png	unverified
D02-04466	كۆڭۈلپەرۋەرلىك	headword	873_1R.png	unverified
D02-04467	كۆڭۈلچەك	headword	873_1R.png	unverified
D02-04468	كۆڭۈلچەكلىك	headword	873_1R.png	unverified
D02-04469	كۆڭۈلسىزلەندۈرمەك	headword	873_2L.png	verified
D02-04470	كۆڭۈلسىزلەنمەك	headword	873_2L.png	unverified
D02-04471	كۆڭۈلسىزلىك	headword	873_2L.png	unverified
D02-04472	كۆڭۈلشىمەك	headword	873_2L.png	unverified
D02-04473	كۆڭۈلكەش	headword	873_2L.png	unverified
D02-04474	كۆڭۈلكەشلىك	headword	873_2L.png	unverified
D02-04475	كۆڭۈللۈك	headword	873_2L.png	unverified
D02-04476	كۆل	headword	873_2L.png	unverified
D02-04478	كۆلەڭگە	headword	873_2L.png	unverified
D02-04479	كۆلەڭگىسىز	headword	873_2L.png	unverified
D02-04480	كۆلەڭگىلىك	headword	873_2L.png	unverified
D02-04481	كۆلەم	headword	873_2L.png	unverified
D02-04482	كۆلەملەشتۈرمەك	headword	873_2L.png	unverified
D02-04483	كۆلەملەشتۈرۈشمەك	headword	873_2L.png	verified
D02-04484	كۆلەملەشتۈرۈلمەك	headword	873_2L.png	unverified
D02-04485	كۆلەملەشمەك	headword	874_1R.png	unverified
D02-04486	كۆلەملىك	headword	874_1R.png	unverified
D02-04487	كۆلبە	headword	874_1R.png	unverified
D02-04488	كۆلبېگى	headword	874_1R.png	unverified
D02-04489	كۆلچەك	headword	874_1R.png	verified
D02-04490	كۆلۈك	headword	874_1R.png	unverified
D02-04491	كۆلۈگەچ	headword	874_1R.png	unverified
D02-04492	كۆمەچ	headword	874_1R.png	unverified
D02-04493	كۆمەچدان	headword	874_1R.png	unverified
D02-04494	كۆمەك	headword	874_1R.png	unverified
D02-04496	كۆمەكلەشمەك	headword	874_1R.png	unverified
D02-04497	كۆمەل	headword	874_1R.png	unverified
D02-04498	كۆمتۈرتمەك	headword	874_1R.png	unverified
D02-04499	كۆمتۈرمەك	headword	874_1R.png	unverified
D02-04500	كۆمتۈرۈشمەك	headword	874_1R.png	unverified
D02-04501	كۆمتۈرۈلمەك	headword	874_1R.png	unverified
D02-04502	كۆمدۈرمەك	headword	874_1R.png	unverified
D02-04503	كۆمدۈرۈشمەك	headword	874_1R.png	unverified
D02-04504	كۆممە	headword	874_1R.png	unverified
D02-04505	كۆممەك	headword	874_1R.png	unverified
D02-04506	كۆممىقوناق	headword	874_1R.png	unverified
D02-04507	كۆممىقوناقلىق	headword	874_2L.png	unverified
D02-04508	كۆمۈر	headword	874_2L.png	unverified
D02-04509	كۆمۈرەڭگۈ	headword	874_2L.png	unverified
D02-04510	كۆمۈرچەك	headword	874_2L.png	unverified
D02-04511	كۆمۈرچەكلىك	headword	874_2L.png	unverified
D02-04512	كۆمۈرچى	headword	874_2L.png	unverified
D02-04513	كۆمۈرچىلىك	headword	874_2L.png	unverified
D02-04514	كۆمۈرخانا	headword	874_2L.png	unverified
D02-04515	كۆمۈرلەشمەك	headword	874_2L.png	unverified
D02-04516	كۆمۈرلۈك	headword	874_2L.png	unverified
D02-04517	كۆمۈرمەك	headword	874_2L.png	unverified
D02-04518	كۆمۈرۈشمەك	headword	874_2L.png	unverified
D02-04519	كۆمۈرۈلمەك	headword	874_2L.png	unverified
D02-04520	كۆمۈك	headword	874_2L.png	unverified
D02-04521	كۆمۈكلۈك	headword	874_2L.png	unverified
D02-04522	كۆمۈلگۈچى	headword	874_2L.png	unverified
D02-04523	كۆمۈلمەك	headword	874_2L.png	unverified
D02-04524	كۆن	headword	874_2L.png	unverified
D02-04525	كۆنەك	headword	874_2L.png	unverified
D02-04526	كۆنەكسىمان	headword	874_2L.png	unverified
D02-04527	كۆنەلگۈ	headword	875_1R.png	unverified
D02-04528	كۆنەلگۈلۈك	headword	875_1R.png	unverified
D02-04529	كۆنجەك	headword	875_1R.png	unverified
D02-04530	كۆنچى	headword	875_1R.png	unverified
D02-04531	كۆنچىك	headword	875_1R.png	verified
D02-04532	كۆنچىلىك	headword	875_1R.png	unverified
D02-04533	كۆندۈ	headword	875_1R.png	unverified
D02-04534	كۆندۈرمەك	headword	875_1R.png	unverified
D02-04535	كۆندۈرۈشمەك	headword	875_1R.png	unverified
D02-04536	كۆندۈرۈلمەك	headword	875_1R.png	unverified
D02-04537	كۆندۈك	headword	875_1R.png	unverified
D02-04538	كۆندىلەڭ	headword	875_1R.png	verified
D02-04539	كۆنمەك	headword	875_1R.png	unverified
D02-04540	كۆنۈشمەك	headword	875_1R.png	unverified
D02-04541	كۆنۈك	headword	875_1R.png	unverified
D02-04542	كۆنۈكتۈرمەك	headword	875_1R.png	unverified
D02-04543	كۆنۈكمە	headword	875_1R.png	unverified
D02-04544	كۆنۈكمەك	headword	875_1R.png	unverified
D02-04545	كۆنۈكۈشمەك	headword	875_1R.png	unverified
D02-04546	كۆۋەجىمەك	headword	875_2L.png	verified
D02-04547	كۆۋرۈك	headword	875_2L.png	unverified
D02-04548	كۆۋرۈكچە	headword	875_2L.png	unverified
D02-04549	كۆۋرۈكلۈك	headword	875_2L.png	unverified
D02-04550	كۆۋرىمەك	headword	875_2L.png	unverified
D02-04551	كۆۋىلىگۈچ	headword	875_2L.png	verified
D02-04552	كۆيە	headword	875_2L.png	unverified
D02-04553	كۆيدۈرگە	headword	875_2L.png	unverified
D02-04554	كۆيدۈرگۈچى	headword	875_2L.png	unverified
D02-04555	كۆيدۈرگۈلۈك	headword	875_2L.png	unverified
D02-04556	كۆيدۈرمەك	headword	875_2L.png	unverified
D02-04557	كۆيدۈرۈشمەك	headword	875_2L.png	unverified
D02-04558	كۆيدۈرۈلمەك	headword	875_2L.png	unverified
D02-04559	كۆيمەك	headword	875_2L.png	unverified
D02-04560	كۆيۈپ - پىشىپ	headword	875_2L.png	verified
D02-04561	كۆيۈش	headword	876_1R.png	unverified
D02-04562	كۆيۈشچان	headword	876_1R.png	unverified
D02-04563	كۆيۈشچانلىق	headword	876_1R.png	unverified
D02-04564	كۆيۈشمەك	headword	876_1R.png	unverified
D02-04565	كۆيۈك	headword	876_1R.png	unverified
D02-04566	كۆيۈكلۈك	headword	876_1R.png	unverified
D02-04567	كۆيۈكۈش	headword	876_1R.png	unverified
D02-04568	كۆيۈم	headword	876_1R.png	unverified
D02-04569	كۆيۈمچان	headword	876_1R.png	unverified
D02-04570	كۆيۈمچانلىق	headword	876_1R.png	unverified
D02-04571	كۆيۈمسىز	headword	876_1R.png	unverified
D02-04572	كۆيۈمسىزلىك	headword	876_1R.png	unverified
D02-04573	كۆيۈملۈك	headword	876_1R.png	unverified
D02-04574	كۆيۈندى	headword	876_1R.png	unverified
D02-04575	كۆيۈنمەك	headword	876_1R.png	unverified
D02-04576	كۆيۈنۈشمەك	headword	876_1R.png	unverified
D02-04578	كۈتكۈچى	headword	876_2L.png	unverified
D02-04579	كۈتكۈچىلىك	headword	876_2L.png	unverified
D02-04580	كۈتكۈزمەك	headword	876_2L.png	unverified
D02-04581	كۈتلەك	headword	876_2L.png	unverified
D02-04582	كۈتمەك	headword	876_2L.png	unverified
D02-04583	كۈتۈشمەك	headword	876_2L.png	unverified
D02-04584	كۈتۈك	headword	876_2L.png	unverified
D02-04585	كۈتۈلمەك	headword	876_2L.png	unverified
D02-04586	كۈتۈلمىگەن	headword	876_2L.png	unverified
D02-04587	كۈتۈلمىگەندە	headword	876_2L.png	unverified
D02-04588	كۈتۈم	headword	876_2L.png	unverified
D02-04589	كۈتۈمسىز	headword	876_2L.png	unverified
D02-04590	كۈتۈنمەك	headword	876_2L.png	unverified
D02-04591	كۈتۈنۈشمەك	headword	876_2L.png	unverified
D02-04592	كۈجە	headword	876_2L.png	unverified
D02-04593	كۈجەدان	headword	876_2L.png	unverified
D02-04594	كۈچ	headword	876_2L.png	unverified
D02-04595	كۈچەشمەك	headword	877_1R.png	unverified
D02-04596	كۈچەنمەك	headword	877_1R.png	unverified
D02-04597	كۈچەيتكۈچ	headword	877_1R.png	unverified
D02-04598	كۈچەيتمە	headword	877_1R.png	verified
D02-04599	كۈچەيتمەك	headword	877_1R.png	verified
D02-04600	كۈچەيتىلمەك	headword	877_1R.png	verified
D02-04601	كۈچەيمەك	headword	877_1R.png	unverified
D02-04602	كۈچتۈڭگۈر	headword	877_1R.png	unverified
D02-04603	كۈچتۈڭگۈرلۈك	headword	877_1R.png	unverified
D02-04604	كۈچسىز	headword	877_1R.png	unverified
D02-04605	كۈچسىزلەندۈرمەك	headword	877_1R.png	unverified
D02-04606	كۈچسىزلەندۈرۈلمەك	headword	877_2L.png	unverified
D02-04607	كۈچسىزلەنمەك	headword	877_2L.png	unverified
D02-04608	كۈچسىزلىك	headword	877_2L.png	unverified
D02-04609	كۈچ - غەيرەت	headword	877_2L.png	unverified
D02-04610	كۈچ - قۇدرەت	headword	877_2L.png	unverified
D02-04611	كۈچ-قۇۋۋەت	headword	877_2L.png	unverified
D02-04612	كۈچلەندۈرمەك	headword	877_2L.png	unverified
D02-04613	كۈچلەندۈرۈلمەك	headword	877_2L.png	unverified
D02-04614	كۈچلەنمەك	headword	877_2L.png	unverified
D02-04615	كۈچلۈك	headword	877_2L.png	unverified
D02-04616	كۈچلۈكلەشتۈرمەك	headword	877_2L.png	unverified
D02-04617	كۈچلۈكلەشتۈرۈشمەك	headword	877_2L.png	unverified
D02-04618	كۈچلۈكلەشتۈرۈلمەك	headword	877_2L.png	unverified
D02-04619	كۈچلۈكلەشمەك	headword	877_2L.png	unverified
D02-04620	كۈچلۈكلەنمەك	headword	878_1R.png	unverified
D02-04621	كۈچلۈكلۈك	headword	878_1R.png	unverified
D02-04622	كۈچلىنىشمەك	headword	878_1R.png	unverified
D02-04623	كۈچ - مادار	headword	878_1R.png	unverified
D02-04624	كۈچۈك	headword	878_1R.png	unverified
D02-04625	كۈچۈكلەنمەك	headword	878_1R.png	unverified
D02-04626	كۈچۈكلىمەك	headword	878_1R.png	unverified
D02-04628	كۈچىنىش	headword	878_1R.png	unverified
D02-04629	كۈچىنىشلىك	headword	878_1R.png	unverified
D02-04630	كۈدە	headword	878_1R.png	unverified
D02-04631	كۈدە - كۆرپە	headword	878_1R.png	unverified
D02-04632	كۈدىلىك	headword	878_1R.png	unverified
D02-04633	كۈرە	headword	878_1R.png	unverified
D02-04635	كۈرەشچان	headword	878_2L.png	verified
D02-04636	كۈرەشچانلىق	headword	878_2L.png	unverified
D02-04637	كۈرەشچى	headword	878_2L.png	unverified
D02-04638	كۈرەشسىز	headword	878_2L.png	unverified
D02-04639	كۈرەشمەك	headword	878_2L.png	unverified
D02-04640	كۈرەك	headword	878_2L.png	unverified
D02-04642	كۈرەڭ	headword	878_2L.png	unverified
D02-04643	كۈرەلمەك	headword	878_2L.png	verified
D02-04644	كۈرپە	headword	878_2L.png	unverified
D02-04645	كۈرچۈك	headword	878_2L.png	verified
D02-04646	كۈرسۈك	headword	878_2L.png	unverified
D02-04647	كۈرسۈمەك	headword	878_2L.png	unverified
D02-04648	كۈركە	headword	878_2L.png	verified
D02-04649	كۈركۈم	headword	879_1R.png	unverified
D02-04650	كۈرمەك	headword	879_1R.png	unverified
D02-04651	كۈرمىڭ	headword	879_1R.png	unverified
D02-04652	كۈرۈك	headword	879_1R.png	unverified
D02-04654	كۈرۈكى تۇتماق	headword	879_1R.png	unverified
D02-04655	كۈرۈكى يېشىلمەك	headword	879_1R.png	unverified
D02-04656	كۈرىلەتمەك	headword	879_1R.png	unverified
D02-04657	كۈرىلەشمەك	headword	879_1R.png	unverified
D02-04658	كۈرىلەنمەك	headword	879_1R.png	unverified
D02-04659	كۈرىلىمەك	headword	879_1R.png	unverified
D02-04660	كۈرىمەك	headword	879_1R.png	verified
D02-04661	كۈز	headword	879_1R.png	unverified
D02-04662	كۈزەك	headword	879_1R.png	unverified
D02-04663	كۈزەم	headword	879_1R.png	unverified
D02-04664	كۈزەيمەك	headword	879_1R.png	unverified
D02-04665	كۈزگى	headword	879_1R.png	unverified
D02-04666	كۈزلەك	headword	879_1R.png	unverified
D02-04667	كۈزلۈك	headword	879_1R.png	unverified
D02-04668	كۈسۈتكە	headword	879_1R.png	verified
D02-04669	كۈش	headword	879_2L.png	unverified
D02-04670	كۈشەندە	headword	879_2L.png	unverified
D02-04671	كۈشەندىلىك	headword	879_2L.png	unverified
D02-04672	كۈشتە	headword	879_2L.png	unverified
D02-04673	كۈشكۈرتكۈچى	headword	879_2L.png	unverified
D02-04674	كۈشكۈرتمەك	headword	879_2L.png	unverified
D02-04675	كۈشكۈرتۈشمەك	headword	879_2L.png	unverified
D02-04676	كۈش- كۈش	headword	879_2L.png	unverified
D02-04678	كۈشكۈشلەشمەك	headword	879_2L.png	unverified
D02-04679	كۈشكۈشلىمەك	headword	879_2L.png	unverified
D02-04680	كۈشۈك	headword	879_2L.png	unverified
D02-04681	كۈكۈن	headword	879_2L.png	unverified
D02-04682	كۈكۈن نەۋرە	headword	879_2L.png	unverified
D02-04683	كۈل	headword	879_2L.png	unverified
D02-04684	كۈلىنى كۆككە سورۇماق	headword	879_2L.png	unverified
D02-04685	كۈلپەت	headword	879_2L.png	unverified
D02-04686	كۈلپەتلىك	headword	879_2L.png	unverified
D02-04687	كۈلتۈك	headword	880_1R.png	unverified
D02-04689	كۈلخانا	headword	880_1R.png	unverified
D02-04690	كۈلدان	headword	880_1R.png	unverified
D02-04691	كۈلدۈرگە	headword	880_1R.png	unverified
D02-04692	كۈلدۈرگۈچى	headword	880_1R.png	unverified
D02-04693	كۈلدۈرمەك	headword	880_1R.png	unverified
D02-04694	كۈلدۈرۈشمەك	headword	880_1R.png	unverified
D02-04695	كۈلدۈرۈلمەك	headword	880_1R.png	unverified
D02-04696	كۈل-قوقاس	headword	880_1R.png	unverified
D02-04697	كۈلكە	headword	880_1R.png	unverified
D02-04698	كۈلكە-چاقچاق	headword	880_1R.png	unverified
D02-04699	كۈلكىسىز	headword	880_1R.png	unverified
D02-04700	كۈلكىلىك	headword	880_1R.png	unverified
D02-04701	كۈلگەك	headword	880_1R.png	unverified
D02-04702	كۈلگەكلىك	headword	880_1R.png	unverified
D02-04703	كۈلگۈنچەك	headword	880_1R.png	unverified
D02-04704	كۈلگۈنچەكلىك	headword	880_1R.png	unverified
D02-04705	كۈللۈك	headword	880_1R.png	unverified
D02-04706	كۈللى	headword	880_1R.png	unverified
D02-04707	كۈللىيات	headword	880_2L.png	unverified
D02-04708	كۈلمەك	headword	880_2L.png	unverified
D02-04709	كۈلۈشمەك	headword	880_2L.png	unverified
D02-04710	كۈلۈمسىرەتمەك	headword	880_2L.png	unverified
D02-04711	كۈلۈمسىرەشمەك	headword	880_2L.png	unverified
D02-04712	كۈلۈمسىرىمەك	headword	880_2L.png	unverified
D02-04713	كۈمۈش	headword	880_2L.png	unverified
D02-04714	كۈمۈشئوت	headword	880_2L.png	unverified
D02-04715	كۈمۈشۆرۈك	headword	880_2L.png	unverified
D02-04716	كۈن	headword	880_2L.png	unverified
D02-04717	كۈنى تەس	headword	881_1R.png	unverified
D02-04718	كۈنى توشماق	headword	881_1R.png	unverified
D02-04719	كۈنى تۇغۇلماق	headword	881_1R.png	unverified
D02-04720	كۈن يانماق	headword	881_1R.png	unverified
D02-04721	كۈنەكىمەك	headword	881_1R.png	unverified
D02-04722	كۈنپېتىش	headword	881_1R.png	unverified
D02-04723	كۈنتەرتىپ	headword	881_1R.png	unverified
D02-04724	كۈن-تۈن	headword	881_1R.png	unverified
D02-04725	كۈنجۈت	headword	881_1R.png	unverified
D02-04726	كۈنجۈتلۈك	headword	881_1R.png	unverified
D02-04727	كۈنجۈرە	headword	881_1R.png	verified
D02-04728	كۈنچىچەك	headword	881_1R.png	unverified
D02-04729	كۈنچى	headword	881_1R.png	unverified
D02-04730	كۈنچىقىش	headword	881_1R.png	unverified
D02-04731	كۈنچىلىك	headword	881_2L.png	unverified
D02-04732	كۈندەش	headword	881_2L.png	unverified
D02-04733	كۈندەشلىك	headword	881_2L.png	unverified
D02-04734	كۈندە	headword	881_2L.png	unverified
D02-04735	كۈندە - كۈندە	headword	881_2L.png	unverified
D02-04736	كۈندۈز	headword	881_2L.png	unverified
D02-04737	كۈندۈزكى	headword	881_2L.png	verified
D02-04738	كۈندۈزلۈك	headword	881_2L.png	unverified
D02-04739	كۈندىباھار	headword	881_2L.png	unverified
D02-04740	كۈندىلىك	headword	881_2L.png	unverified
D02-04741	كۈندىن - كۈنگە	headword	881_2L.png	unverified
D02-04742	كۈنساناپ	headword	881_2L.png	unverified
D02-04743	كۈنسايىن	headword	881_2L.png	verified
D02-04744	كۈنسېرى	headword	881_2L.png	verified
D02-04745	كۈنسىز	headword	881_2L.png	unverified
D02-04746	كۈنگەي	headword	882_1R.png	unverified
D02-04747	كۈنگۈرە	headword	882_1R.png	unverified
D02-04748	كۈنگۈرىلىك	headword	882_1R.png	unverified
D02-04749	كۈنلەپ	headword	882_1R.png	unverified
D02-04750	كۈنلەپ - كۈنلەپ	headword	882_1R.png	unverified
D02-04751	كۈنلەپ - ھەپتىلەپ	headword	882_1R.png	unverified
D02-04752	كۈنلەشمەك	headword	882_1R.png	unverified
D02-04753	كۈنلۈك	headword	882_1R.png	unverified
D02-04755	كۈنلۈكچى	headword	882_1R.png	unverified
D02-04756	كۈنلۈكچىلىك	headword	882_1R.png	verified
D02-04757	كۈنلۈكسىز	headword	882_1R.png	unverified
D02-04758	كۈنلۈكسىمان	headword	882_1R.png	unverified
D02-04759	كۈنلىمەك	headword	882_1R.png	unverified
D02-04760	كۈنۈشلىمەك	headword	882_1R.png	verified
D02-04761	كۈنۈن	headword	882_1R.png	verified
D02-04762	كۈنىگە	headword	882_1R.png	verified
D02-04763	كۈنيۈرۈش	headword	882_1R.png	unverified
D02-04764	كۈي	headword	882_1R.png	unverified
D02-04765	كۈيە	headword	882_1R.png	verified
D02-04767	كۈيەك	headword	882_2L.png	unverified
D02-04768	كۈيچى	headword	882_2L.png	unverified
D02-04769	كۈيچىلىك	headword	882_2L.png	unverified
D02-04770	كۈيرەك	headword	882_2L.png	unverified
D02-04771	كۈيشۇناس	headword	882_2L.png	unverified
D02-04772	كۈيشۇناسلىق	headword	882_2L.png	unverified
D02-04773	كۈيلەتمەك	headword	882_2L.png	unverified
D02-04774	كۈيلەشمەك	headword	882_2L.png	unverified
D02-04776	كۈيلەنمەك	headword	882_2L.png	unverified
D02-04777	كۈيلىمەك	headword	882_2L.png	unverified
D02-04779	كۈيمەسلىك	headword	882_2L.png	unverified
D02-04780	كۈيمۈنۈش	headword	882_2L.png	verified
D02-04781	كۈيۈئوغۇل	headword	882_2L.png	verified
D02-04782	كۈيۈئوغۇللۇق	headword	882_2L.png	verified
D02-04783	كۈيۈ	headword	883_1R.png	unverified
D02-04784	كۈيۈلۈك	headword	883_1R.png	unverified
D02-04785	كۈيۈشتۈرمەك	headword	883_1R.png	unverified
D02-04786	كۈيۈشمەك	headword	883_1R.png	unverified
D02-04787	كۈيۈندە	headword	883_1R.png	unverified
D02-04788	كۈيىباش	headword	883_1R.png	unverified
D02-04789	كې	headword	883_1R.png	unverified
D02-04790	كېپەك	headword	883_1R.png	unverified
D02-04791	كېپەكخانا	headword	883_1R.png	unverified
D02-04792	كېپەكسىمان	headword	883_1R.png	unverified
D02-04793	كېپەكلەشتۈرمەك	headword	883_1R.png	unverified
D02-04794	كېپەكلەشمەك	headword	883_1R.png	unverified
D02-04795	كېپەكلىك	headword	883_1R.png	unverified
D02-04796	كېپەن	headword	883_1R.png	unverified
D02-04797	كېپەنسىز	headword	883_1R.png	unverified
D02-04798	كېپەنسىزلىك	headword	883_1R.png	unverified
D02-04799	كېپەنلەتمەك	headword	883_1R.png	unverified
D02-04800	كېپەنلەشمەك	headword	883_1R.png	unverified
D02-04801	كېپەنلەنمەك	headword	883_1R.png	unverified
D02-04802	كېپەنلىك	headword	883_1R.png	unverified
D02-04803	كېپەنلىمەك	headword	883_1R.png	unverified
D02-04804	كېپىش	headword	883_1R.png	unverified
D02-04805	كېپىل	headword	883_1R.png	unverified
D02-04806	كېپىللىك	headword	883_2L.png	unverified
D02-04807	كېپىلىماق	headword	883_2L.png	verified
D02-04808	كېپىنەك	headword	883_2L.png	unverified
D02-04809	كېپىنەكچىلەپ	headword	883_2L.png	unverified
D02-04811	كېپىنەكسىمان	headword	883_2L.png	verified
D02-04812	كېپىنەكگۈل	headword	883_2L.png	unverified
D02-04813	كېپەتەرلىك	headword	883_2L.png	unverified
D02-04814	كېتزال	headword	883_2L.png	unverified
D02-04815	كېتىشمەك	headword	883_2L.png	unverified
D02-04816	كېتىلمەك	headword	883_2L.png	unverified
D02-04817	كېچە	headword	883_2L.png	unverified
D02-04818	كېچە - كۈندۈز	headword	883_2L.png	unverified
D02-04819	كېچە - كۈندۈزلەپ	headword	883_2L.png	unverified
D02-04820	كېچە - كېچىلەپ	headword	883_2L.png	unverified
D02-04821	كېچەيۇكۈندۈز	headword	883_2L.png	unverified
D02-04822	كېچىچە	headword	883_2L.png	unverified
D02-04823	كېچىسىز	headword	884_1R.png	unverified
D02-04824	كېچىشمەك	headword	884_1R.png	unverified
D02-04825	كېچىك	headword	884_1R.png	unverified
D02-04826	كېچىكتۈرمەك	headword	884_1R.png	verified
D02-04827	كېچىكتۈرۈلمەك	headword	884_1R.png	unverified
D02-04828	كېچىكمەك	headword	884_1R.png	unverified
D02-04829	كېچىكىشمەك	headword	884_1R.png	unverified
D02-04830	كېچىلەپ	headword	884_1R.png	unverified
D02-04831	كېچىلىك	headword	884_1R.png	unverified
D02-04832	كېچىلىمەك	headword	884_1R.png	unverified
D02-04833	كېچىم	headword	884_1R.png	unverified
D02-04834	كېدىر	headword	884_1R.png	unverified
D02-04835	كېر	headword	884_1R.png	unverified
D02-04836	كېرا	headword	884_1R.png	verified
D02-04837	كېرەجىمەك	headword	884_1R.png	unverified
D02-04838	كېرەك	headword	884_1R.png	unverified
D02-04839	كېرەكسىز	headword	884_2L.png	unverified
D02-04840	كېرەكسىزلىك	headword	884_2L.png	unverified
D02-04841	كېرەكلىك	headword	884_2L.png	unverified
D02-04842	كېرەك - ياراغ	headword	884_2L.png	unverified
D02-04843	كېرىشمەك	headword	884_2L.png	unverified
D02-04844	كېرىك	headword	884_2L.png	unverified
D02-04845	كېرىگە	headword	884_2L.png	unverified
D02-04846	كېرىگەت	headword	884_2L.png	unverified
D02-04846-v1	دىيافراگما	variant	884_2L.png	unverified
D02-04847	كېرىلدۈرمەك	headword	884_2L.png	unverified
D02-04848	كېرىلدۈرۈلمەك	headword	884_2L.png	unverified
D02-04849	كېرىلمەك	headword	884_2L.png	unverified
D02-04850	كېرىلىشمەك	headword	884_2L.png	unverified
D02-04851	كېرىمدانە	headword	885_1R.png	unverified
D02-04852	كېزەك	headword	885_1R.png	unverified
D02-04854	كېزەكلەتمەك	headword	885_1R.png	unverified
D02-04855	كېزەكلەشمەك	headword	885_1R.png	unverified
D02-04856	كېزەكلەنمەك	headword	885_1R.png	unverified
D02-04857	كېزەكلىمەك	headword	885_1R.png	unverified
D02-04858	كېزەكلىك	headword	885_1R.png	unverified
D02-04859	كېزو	headword	885_1R.png	unverified
D02-04860	كېزىشمەك	headword	885_1R.png	unverified
D02-04861	كېزىك	headword	885_1R.png	unverified
D02-04862	كېزىكلىمەك	headword	885_1R.png	unverified
D02-04863	كېزىكمەك	headword	885_1R.png	unverified
D02-04864	كېزىلمەك	headword	885_1R.png	unverified
D02-04865	كېسەك	headword	885_1R.png	unverified
D02-04866	كېسەكچى	headword	885_1R.png	unverified
D02-04867	كېسەكچىلىك	headword	885_1R.png	unverified
D02-04868	كېسەل	headword	885_1R.png	unverified
D02-04869	كېسەلچان	headword	885_2L.png	unverified
D02-04870	كېسەلچانلىق	headword	885_2L.png	unverified
D02-04871	كېسەلخانا	headword	885_2L.png	verified
D02-04872	كېسەلسىز	headword	885_2L.png	verified
D02-04873	كېسەللەندۈرمەك	headword	885_2L.png	unverified
D02-04874	كېسەللەنمەك	headword	885_2L.png	unverified
D02-04875	كېسەللىك	headword	885_2L.png	unverified
D02-04876	كېسەلمەن	headword	885_2L.png	unverified
D02-04877	كېسەلمەنلىك	headword	885_2L.png	unverified
D02-04878	كېسىشمە	headword	885_2L.png	unverified
D02-04879	كېسىشمەك	headword	885_2L.png	unverified
D02-04880	كېسىك	headword	885_2L.png	unverified
D02-04881	كېسىكلىك	headword	885_2L.png	unverified
D02-04882	كېسىم	headword	886_1R.png	verified
D02-04883	كېسىم قىلماق	headword	886_1R.png	unverified
D02-04884	كېسىمچى	headword	886_1R.png	unverified
D02-04885	كېسىمچىلىك	headword	886_1R.png	unverified
D02-04886	كېسىمنامە	headword	886_1R.png	unverified
D02-04887	كېسىندى	headword	886_1R.png	unverified
D02-04888	كېشەك	headword	886_1R.png	unverified
D02-04889	كېشەكسىمان	headword	886_1R.png	unverified
D02-04890	كېكەچ	headword	886_1R.png	unverified
D02-04891	كېكەچلەتمەك	headword	886_1R.png	unverified
D02-04892	كېكەچلەشمەك	headword	886_1R.png	unverified
D02-04893	كېكەچلەنمەك	headword	886_1R.png	unverified
D02-04894	كېكەچلىك	headword	886_1R.png	unverified
D02-04895	كېكەچلىمەك	headword	886_1R.png	unverified
D02-04896	كېككەيمەك	headword	886_1R.png	unverified
D02-04897	كېكىتمە	headword	886_1R.png	unverified
D02-04898	كېكىردەك	headword	886_1R.png	unverified
D02-04899	كېكىردىكى يىرتىلغۇچە	headword	886_2L.png	unverified
D02-04900	كېكىرتمەك	headword	886_2L.png	verified
D02-04901	كېكىرمەك	headword	886_2L.png	unverified
D02-04902	كېكىرىشمەك	headword	886_2L.png	unverified
D02-04903	كېكىرىك	headword	886_2L.png	unverified
D02-04904	كېڭەش	headword	886_2L.png	unverified
D02-04905	كېڭەشچى	headword	886_2L.png	unverified
D02-04906	كېڭەشخانا	headword	886_2L.png	unverified
D02-04907	كېڭەشسىز	headword	886_2L.png	unverified
D02-04908	كېڭەشلىك	headword	886_2L.png	unverified
D02-04909	كېڭەشمە	headword	886_2L.png	unverified
D02-04910	كېڭەشمەك	headword	886_2L.png	unverified
D02-04911	كېڭەيتمەك	headword	886_2L.png	verified
D02-04912	كېڭەيتىلمەك	headword	887_1R.png	unverified
D02-04913	كېڭەيمە	headword	887_1R.png	unverified
D02-04914	كېڭەيمەك	headword	887_1R.png	unverified
D02-04915	كېڭەيمىچى	headword	887_1R.png	verified
D02-04916	كېڭەيمىچىلىك	headword	887_1R.png	verified
D02-04917	كېڭىيىش	headword	887_1R.png	unverified
D02-04918	كېلەپ	headword	887_1R.png	unverified
D02-04919	كېلەچەك	headword	887_1R.png	unverified
D02-04920	كېلەچەكشۇناس	headword	887_1R.png	unverified
D02-04921	كېلەچەكشۇناسلىق	headword	887_1R.png	unverified
D02-04922	كېلەر	headword	887_1R.png	unverified
D02-04924	كېلەركى	headword	887_1R.png	unverified
D02-04925	كېلەڭسىز	headword	887_2L.png	unverified
D02-04926	كېلەڭسىزلەشمەك	headword	887_2L.png	verified
D02-04927	كېلەڭسىزلىك	headword	887_2L.png	unverified
D02-04928	كېلۋىن	headword	887_2L.png	unverified
D02-04929	كېلىش	headword	887_2L.png	unverified
D02-04930	كېلىشەڭگۈ	headword	887_2L.png	unverified
D02-04931	كېلىشەلمەسلىك	headword	887_2L.png	unverified
D02-04932	كېلىش-بېرىش	headword	887_2L.png	unverified
D02-04933	كېلىشتۈرگۈچى	headword	887_2L.png	unverified
D02-04934	كېلىشتۈرمەك	headword	887_2L.png	unverified
D02-04935	كېلىشتۈرمىچىلىك	headword	887_2L.png	unverified
D02-04936	كېلىشتۈرۈشمەك	headword	887_2L.png	unverified
D02-04937	كېلىشتۈرۈلمەك	headword	888_1R.png	unverified
D02-04938	كېلىشكەن	headword	888_1R.png	verified
D02-04939	كېلىشمەسلىك	headword	888_1R.png	unverified
D02-04940	كېلىشمەك	headword	888_1R.png	unverified
D02-04941	كېلىشىلمەك	headword	888_1R.png	unverified
D02-04942	كېلىشىم	headword	888_1R.png	unverified
D02-04943	كېلىشىمسىز	headword	888_1R.png	unverified
D02-04944	كېلىشىملىك	headword	888_1R.png	unverified
D02-04945	كېلىشىمنامە	headword	888_1R.png	unverified
D02-04946	كېلىم - كېتىم	headword	888_1R.png	unverified
D02-04947	كېلىن	headword	888_1R.png	unverified
D02-04948	كېلىنلىك	headword	888_1R.png	unverified
D02-04949	كېلىنمەك	headword	888_1R.png	unverified
D02-04950	كېمە	headword	888_2L.png	unverified
D02-04951	كېمەيتكۈچى	headword	888_2L.png	unverified
D02-04952	كېمەيتمەك	headword	888_2L.png	verified
D02-04953	كېمەيتىشمەك	headword	888_2L.png	unverified
D02-04954	كېمەيتىلمەك	headword	888_2L.png	unverified
D02-04955	كېمەيگۈچى	headword	888_2L.png	unverified
D02-04956	كېمەيمەك	headword	888_2L.png	verified
D02-04957	كېمەچى	headword	888_2L.png	unverified
D02-04958	كېمەچىلىك	headword	888_2L.png	unverified
D02-04959	كېمىر	headword	888_2L.png	unverified
D02-04960	كېمىرلەنمەك	headword	888_2L.png	unverified
D02-04961	كېمىرمەك	headword	888_2L.png	unverified
D02-04962	كېمىساز	headword	888_2L.png	unverified
D02-04963	كېمىسازلىق	headword	888_2L.png	unverified
D02-04964	كېمىمەك	headword	888_2L.png	unverified
D02-04965	كېمىيىشچان	headword	888_2L.png	unverified
D02-04966	كېنگۇرۇ	headword	888_2L.png	unverified
D02-04967	كېنىزەك	headword	888_2L.png	verified
D02-04968	كېۋەز	headword	888_2L.png	unverified
D02-04969	كېيىك	headword	889_1R.png	verified
D02-04970	كېيىكئوت	headword	889_1R.png	unverified
D02-04971	كېيىن	headword	889_1R.png	verified
D02-04972	كېيىنچە	headword	889_1R.png	unverified
D02-04973	كېيىنكى	headword	889_1R.png	unverified
D02-04974	كېيىنلىك	headword	889_1R.png	unverified
D02-04975	كى	headword	889_1R.png	unverified
D02-04976	كىبېرنېتىكا	headword	889_1R.png	verified
D02-04977	كىبىر	headword	889_2L.png	unverified
D02-04978-v1	كەپە II	variant	889_2L.png	unverified
D02-04979	كىبىرسىز	headword	889_2L.png	unverified
D02-04980	كىبىرلەنمەك	headword	889_2L.png	unverified
D02-04981	كىبىرلىك	headword	889_2L.png	unverified
D02-04982	كىپ	headword	889_2L.png	unverified
D02-04983	كىپارىس	headword	889_2L.png	unverified
D02-04984	كىپت	headword	889_2L.png	unverified
D02-04985	كىت	headword	889_2L.png	unverified
D02-04986	كىتا	headword	889_2L.png	unverified
D02-04987	كىتاب	headword	889_2L.png	unverified
D02-04988	كىتابباز	headword	889_2L.png	unverified
D02-04989	كىتاببازلىق	headword	890_1R.png	unverified
D02-04990	كىتابپەرەس	headword	890_1R.png	unverified
D02-04991	كىتابپەرەسلىك	headword	890_1R.png	unverified
D02-04992	كىتابپۇرۇش	headword	890_1R.png	unverified
D02-04993	كىتابپۇرۇشلۇق	headword	890_1R.png	unverified
D02-04994	كىتابچە	headword	890_1R.png	unverified
D02-04995	كىتابچى	headword	890_1R.png	unverified
D02-04996	كىتابچىلىق	headword	890_1R.png	unverified
D02-04997	كىتابخان	headword	890_1R.png	unverified
D02-04998	كىتابخانا	headword	890_1R.png	unverified
D02-04999	كىتابخانلىق	headword	890_1R.png	unverified
D02-05000	كىتابخۇمار	headword	890_1R.png	unverified
D02-05001	كىتابخۇمارلىق	headword	890_1R.png	unverified
D02-05002	كىتابسىز	headword	890_1R.png	unverified
D02-05003	كىتابسىزلىق	headword	890_1R.png	verified
D02-05004	كىتابۇللا	headword	890_1R.png	verified
D02-05005	كىتابىي	headword	890_1R.png	unverified
D02-05006	كىتە	headword	890_1R.png	verified
D02-05007	كىتە- مىتە	headword	890_1R.png	unverified
D02-05008	كىتسمان	headword	890_2L.png	unverified
D02-05009	كىت - كىت	headword	890_2L.png	verified
D02-05010	كىتىر	headword	890_2L.png	unverified
D02-05011	كىتىر - كىتىر	headword	890_2L.png	unverified
D02-05012	كىتىرلاتماق	headword	890_2L.png	unverified
D02-05013	كىتىرلاشماق	headword	890_2L.png	unverified
D02-05014	كىتىرلىتىشماق	headword	890_2L.png	unverified
D02-05015	كىتىرلىماق	headword	890_2L.png	unverified
D02-05016	كىچىك	headword	890_2L.png	unverified
D02-05017	كىچىك پېئىل	headword	890_2L.png	unverified
D02-05018	كىچىك تەرەت	headword	890_2L.png	unverified
D02-05019	كىچىك تىلى چىقماق	headword	890_2L.png	unverified
D02-05020	كىچىك تىلى ئۇزارماق	headword	890_2L.png	unverified
D02-05021	كىچىككىنە	headword	890_2L.png	unverified
D02-05022	كىچىكلەتمەك	headword	891_1R.png	unverified
D02-05023	كىچىكلەشمەك	headword	891_1R.png	verified
D02-05024	كىچىكلىتىلمەك	headword	891_1R.png	verified
D02-05025	كىچىكلىك	headword	891_1R.png	unverified
D02-05026	كىچىكلىك بەلگىسى	headword	891_1R.png	unverified
D02-05027	كىچىكلىمەك	headword	891_1R.png	unverified
D02-05028	كىدان	headword	891_1R.png	unverified
D02-05029	كىر	headword	891_1R.png	unverified
D02-05030	كىرا	headword	891_1R.png	unverified
D02-05031	كىراخمال	headword	891_1R.png	unverified
D02-05032	كىراخماللاتماق	headword	891_2L.png	unverified
D02-05033	كىراخماللانماق	headword	891_2L.png	verified
D02-05034	كىراخماللىق	headword	891_2L.png	unverified
D02-05035	كىراخماللىماق	headword	891_2L.png	unverified
D02-05036	كىرافت	headword	891_2L.png	unverified
D02-05037	كىراكەش	headword	891_2L.png	unverified
D02-05038	كىراكەشلىك	headword	891_2L.png	unverified
D02-05039	كىرالاتماق	headword	891_2L.png	verified
D02-05040	كىرالاشماق	headword	891_2L.png	unverified
D02-05041	كىرالانماق	headword	891_2L.png	unverified
D02-05042	كىرئالغۇ	headword	891_2L.png	unverified
D02-05043	كىرالىماق	headword	891_2L.png	unverified
D02-05044	كىرام	headword	891_2L.png	unverified
D02-05045	كىران	headword	891_2L.png	unverified
D02-05046	كىرانلىق	headword	891_2L.png	unverified
D02-05047	كىراي	headword	891_2L.png	unverified
D02-05048	كىرەش	headword	891_2L.png	unverified
D02-05049	كىرپە	headword	891_2L.png	unverified
D02-05050	كىرپىباش	headword	892_1R.png	unverified
D02-05051	كىرپىك	headword	892_1R.png	unverified
D02-05052	كىرپىك يۇمماق	headword	892_1R.png	unverified
D02-05053	كىرپىكچە	headword	892_1R.png	unverified
D02-05054	كىرپىكسىز	headword	892_1R.png	unverified
D02-05055	كىرپىكسىمان	headword	892_1R.png	unverified
D02-05056	كىرپىكلىك	headword	892_1R.png	unverified
D02-05057	كىرت	headword	892_1R.png	unverified
D02-05058	كىرتەيمەك	headword	892_1R.png	unverified
D02-05059	كىرتتىدە	headword	892_1R.png	unverified
D02-05060	كىرت - كىرت	headword	892_1R.png	unverified
D02-05061	كىرتمەك	headword	892_1R.png	unverified
D02-05063	كىرتىك	headword	892_1R.png	verified
D02-05064	كىرتىلداتماق	headword	892_2L.png	unverified
D02-05065	كىرتىلدىماق	headword	892_2L.png	unverified
D02-05066	كىرچى	headword	892_2L.png	unverified
D02-05067	كىرچىلىك	headword	892_2L.png	unverified
D02-05068	كىرخانا	headword	892_2L.png	unverified
D02-05069	كىردى - چىقتى	headword	892_2L.png	unverified
D02-05070	كىرسىز	headword	892_2L.png	unverified
D02-05071	كىرسىن	headword	892_2L.png	unverified
D02-05072	كىر - قات	headword	892_2L.png	unverified
D02-05073	كىرگۈزمەك	headword	892_2L.png	unverified
D02-05074	كىرگۈزۈشمەك	headword	892_2L.png	unverified
D02-05075	كىرگۈزۈلمەك	headword	892_2L.png	unverified
D02-05076	كىرگۈل	headword	892_2L.png	unverified
D02-05077	كىرلەشتۈرمەك	headword	892_2L.png	unverified
D02-05078	كىرلەشمەك	headword	892_2L.png	unverified
D02-05079	كىرلەشكۈ	headword	892_2L.png	unverified
D02-05080	كىرلىك	headword	892_2L.png	unverified
D02-05081	كىرلىكلىك	headword	893_1R.png	unverified
D02-05082	كىرمەك	headword	893_1R.png	unverified
D02-05084	كىرمىگەن تۆشۈكى قالماسلىق	headword	893_1R.png	unverified
D02-05085	كىرونا	headword	893_2L.png	unverified
D02-05086	كىرېتىن	headword	893_2L.png	unverified
D02-05087	كىرېدىت	headword	893_2L.png	unverified
D02-05088	كىرېست	headword	893_2L.png	unverified
D02-05089	كىرېيسېر	headword	893_2L.png	verified
D02-05090	كىرىپتون	headword	893_2L.png	unverified
D02-05091	كىرىتىك	headword	893_2L.png	unverified
D02-05092	كىرىچ	headword	893_2L.png	unverified
D02-05093	كىرىزىس	headword	893_2L.png	unverified
D02-05094	كىرىزىسلىق	headword	893_2L.png	unverified
D02-05095	كىرىس	headword	893_2L.png	verified
D02-05096	كىرىستال	headword	894_1R.png	unverified
D02-05097	كىرىستالسىز	headword	894_1R.png	unverified
D02-05098	كىرىستاللاشماق	headword	894_1R.png	unverified
D02-05099	كىرىستاللانماق	headword	894_1R.png	unverified
D02-05100	كىرىستاللوگرافىيە	headword	894_1R.png	unverified
D02-05101	كىرىستاللىق	headword	894_1R.png	unverified
D02-05102	كىرىستاللىنىش	headword	894_1R.png	unverified
D02-05103	كىرىس - كىرىس	headword	894_1R.png	unverified
D02-05104	كىرىسلاتماق	headword	894_1R.png	unverified
D02-05105	كىرىسلىماق	headword	894_1R.png	unverified
D02-05106	كىرىش	headword	894_1R.png	verified
D02-05107	كىرىشتۈرمە	headword	894_1R.png	unverified
D02-05108	كىرىشتۈرمەك	headword	894_1R.png	unverified
D02-05109	كىرىشتۈرۈشمەك	headword	894_1R.png	unverified
D02-05110	كىرىشتۈرۈلمەك	headword	894_1R.png	unverified
D02-05111	كىرىش-چىقىش	headword	894_2L.png	unverified
D02-05112	كىرىشمە	headword	894_2L.png	unverified
D02-05113	كىرىشمەك	headword	894_2L.png	unverified
D02-05114	كىرىلمەك	headword	894_2L.png	unverified
D02-05115	كىرىم	headword	894_2L.png	unverified
D02-05116	كىرىم-چىقىم	headword	894_2L.png	unverified
D02-05117	كىرىمسىز	headword	894_2L.png	unverified
D02-05118	كىرىملىك	headword	894_2L.png	unverified
D02-05119	كىژ	headword	894_2L.png	unverified
D02-05120	كىژژىدە	headword	894_2L.png	unverified
D02-05121	كىژ-كىژ	headword	894_2L.png	unverified
D02-05122	كىژىلداتماق	headword	894_2L.png	unverified
D02-05123	كىژىلداشماق	headword	894_2L.png	unverified
D02-05124	كىژىلدىماق	headword	894_2L.png	unverified
D02-05125	كىسانتوفىل	headword	894_2L.png	verified
D02-05126	كىسپۇرۇش	headword	894_2L.png	verified
D02-05127	كىستافىل	headword	895_1R.png	unverified
D02-05128	كىسسە	headword	895_1R.png	unverified
D02-05129	كىسلاتا	headword	895_1R.png	unverified
D02-05130	كىسلاتالاشتۇرماق	headword	895_1R.png	verified
D02-05131	كىسلاتالاشتۇرۇلماق	headword	895_1R.png	unverified
D02-05132	كىسلاتالاشماق	headword	895_1R.png	unverified
D02-05133	كىسلاتالىق	headword	895_1R.png	unverified
D02-05134	كىسلورود	headword	895_1R.png	unverified
D02-05135	كىسپېنوتىم	headword	895_1R.png	unverified
D02-05136	كىسپېنون	headword	895_1R.png	unverified
D02-05137	كىسىلدەك	headword	895_1R.png	unverified
D02-05138	كىشەن	headword	895_1R.png	unverified
D02-05139	كىشەنلەتمەك	headword	895_1R.png	verified
D02-05140	كىشەنلەنمەك	headword	895_1R.png	unverified
D02-05141	كىشەنلىمەك	headword	895_2L.png	verified
D02-05142	كىشمىش	headword	895_2L.png	unverified
D02-05143	كىشمىشلىك	headword	895_2L.png	unverified
D02-05144	كىشنەتمەك	headword	895_2L.png	unverified
D02-05145	كىشنەشمەك	headword	895_2L.png	unverified
D02-05146	كىشنىمەك	headword	895_2L.png	unverified
D02-05147	كىشى	headword	895_2L.png	unverified
D02-05148	كىشى-قارا	headword	895_2L.png	unverified
D02-05149	كىشىگە	headword	895_2L.png	unverified
D02-05150	كىشىلىك	headword	895_2L.png	unverified
D02-05151	كىك	headword	895_2L.png	unverified
D02-05152	كىكەتكە	headword	895_2L.png	unverified
D02-05153	كىگىز	headword	895_2L.png	unverified
D02-05154	كىگىز تاتىلىماق	headword	896_1R.png	verified
D02-05155	كىگىز - پالاس	headword	896_1R.png	unverified
D02-05156	كىگىزچى	headword	896_1R.png	unverified
D02-05157	كىگىزچىلىك	headword	896_1R.png	unverified
D02-05158	كىگىز - كېچەك	headword	896_1R.png	verified
D02-05159	كىلاپان	headword	896_1R.png	verified
D02-05160	كىلارك	headword	896_1R.png	verified
D02-05161	كىلارنېت	headword	896_1R.png	unverified
D02-05162	كىلاس	headword	896_1R.png	unverified
D02-05163	كىلاسسىزم	headword	896_1R.png	unverified
D02-05164	كىلاسسىزملىق	headword	896_1R.png	unverified
D02-05165	كىلاسسىفىكاتسىيە	headword	896_1R.png	verified
D02-05166	كىلاسسىفىكاتسىيەلەنمەك	headword	896_1R.png	unverified
D02-05167	كىلاسسىفىكاتسىيەلىمەك	headword	896_1R.png	unverified
D02-05168	كىلاسسىك	headword	896_2L.png	unverified
D02-05169	كىلاۋىياتور	headword	896_2L.png	unverified
D02-05170	كىلتاڭ	headword	896_2L.png	unverified
D02-05171	كىلمەك	headword	896_2L.png	unverified
D02-05172	كىلو	headword	896_2L.png	unverified
D02-05173	كىلوكالورىيە	headword	896_2L.png	unverified
D02-05174	كىلوگېرتىس	headword	896_2L.png	unverified
D02-05175	كىلوگىرام	headword	896_2L.png	unverified
D02-05176	كىلوگىراملىق	headword	896_2L.png	unverified
D02-05177	كىلولاتماق	headword	896_2L.png	verified
D02-05178	كىلولاشماق	headword	896_2L.png	unverified
D02-05179	كىلولانماق	headword	896_2L.png	unverified
D02-05180	كىلولۇق	headword	896_2L.png	unverified
D02-05181	كىلولىتىر	headword	896_2L.png	unverified
D02-05182	كىلولىماق	headword	896_2L.png	unverified
D02-05183	كىلومېتىر	headword	896_2L.png	unverified
D02-05184	كىلومېتىرلىق	headword	896_2L.png	unverified
D02-05185	كىلومېتىرلىماق	headword	897_1R.png	verified
D02-05186	كىلون	headword	897_1R.png	unverified
D02-05187	كىلونلاتماق	headword	897_1R.png	unverified
D02-05188	كىلونلاشماق	headword	897_1R.png	unverified
D02-05189	كىلونلانماق	headword	897_1R.png	unverified
D02-05190	كىلونلىماق	headword	897_1R.png	unverified
D02-05191	كىلوۋات	headword	897_1R.png	unverified
D02-05192	كىلوۋات سائەت	headword	897_1R.png	unverified
D02-05193	كىلېتكا	headword	897_1R.png	unverified
D02-05194	كىلېتكىشۇناس	headword	897_1R.png	unverified
D02-05195	كىلېتكىشۇناسلىق	headword	897_1R.png	unverified
D02-05196	كىلىت	headword	897_1R.png	unverified
D02-05197	كىلىزما	headword	897_1R.png	unverified
D02-05198	كىلىمات	headword	897_1R.png	unverified
D02-05199	كىلىماتولوگىيە	headword	897_1R.png	unverified
D02-05200	كىلىنومېتىر	headword	897_2L.png	unverified
D02-05201	كىلىنىكا	headword	897_2L.png	unverified
D02-05202	كىلىنىكىلىق	headword	897_2L.png	unverified
D02-05203	كىليونكا	headword	897_2L.png	unverified
D02-05204	كىم	headword	897_2L.png	unverified
D02-05205	كىمئارتۇق	headword	897_2L.png	unverified
D02-05206	كىمەرسە	headword	897_2L.png	unverified
D02-05207	كىمەرسىكى	headword	897_2L.png	unverified
D02-05208	كىمبېرلىت	headword	897_2L.png	unverified
D02-05209	كىمخاب	headword	897_2L.png	unverified
D02-05210	كىمدۇر	headword	897_2L.png	unverified
D02-05211	كىمدەكىم	headword	897_2L.png	unverified
D02-05212	كىملىك	headword	897_2L.png	unverified
D02-05213	كىملىكسىز	headword	897_2L.png	unverified
D02-05214	كىمىيا	headword	898_1R.png	verified
D02-05215	كىمىياگەر	headword	898_1R.png	verified
D02-05216	كىمىياگەرلىك	headword	898_1R.png	verified
D02-05217	كىن	headword	898_1R.png	unverified
D02-05218	كىنا	headword	898_1R.png	unverified
D02-05219	كىنايە	headword	898_1R.png	unverified
D02-05220	كىنايىچى	headword	898_1R.png	unverified
D02-05221	كىنايىلىك	headword	898_1R.png	unverified
D02-05222	كىنەز	headword	898_1R.png	verified
D02-05223	كىنەزلىك	headword	898_1R.png	unverified
D02-05224	كىندىك	headword	898_1R.png	unverified
D02-05225	كىندىك قېنى تۆكۈلگەن جاي	headword	898_1R.png	unverified
D02-05226	كىندىكئانا	headword	898_1R.png	unverified
D02-05227	كىنو	headword	898_1R.png	verified
D02-05228	كىنوچى	headword	898_1R.png	unverified
D02-05229	كىنوچىلىق	headword	898_1R.png	unverified
D02-05230	كىنوخانا	headword	898_2L.png	unverified
D02-05231	كىنولاشتۇرماق	headword	898_2L.png	unverified
D02-05232	كىنولاشتۇرۇلماق	headword	898_2L.png	unverified
D02-05233	كىنولاشماق	headword	898_2L.png	unverified
D02-05234	كىنوۋار	headword	898_2L.png	unverified
D02-05235	كىنېتىك	headword	898_2L.png	unverified
D02-05236	كىنېتىكا	headword	898_2L.png	verified
D02-05237	كىنىشكا	headword	898_2L.png	unverified
D02-05238	كىنىشكىسىز	headword	898_2L.png	unverified
D02-05239	كىنىشكىلىق	headword	898_2L.png	unverified
D02-05240	كىنىمەك	headword	898_2L.png	unverified
D02-05241	كىۋاچا	headword	898_2L.png	verified
D02-05242	كىۋادرات	headword	898_2L.png	verified
D02-05243	كىۋادراتلىق	headword	898_2L.png	verified
D02-05244	كىۋارتىسلىق	headword	899_1R.png	verified
D02-05245	كىۋارك	headword	899_1R.png	verified
D02-05246	كىۋانت	headword	899_1R.png	verified
D02-05247	كىۋانزا	headword	899_1R.png	verified
D02-05248	كىۋە	headword	899_1R.png	verified
D02-05249	كىيات	headword	899_1R.png	unverified
D02-05250	كىيانىت	headword	899_1R.png	unverified
D02-05251	كىيدۈرمەك	headword	899_1R.png	unverified
D02-05252	كىيدۈرۈشمەك	headword	899_1R.png	unverified
D02-05253	كىيدۈرۈلمەك	headword	899_1R.png	unverified
D02-05254	كىيمەك	headword	899_1R.png	unverified
D02-05255	كىيۇرىي	headword	899_1R.png	unverified
D02-05256	كىيىت	headword	899_1R.png	unverified
D02-05257	كىيىتلىك	headword	899_1R.png	unverified
D02-05258	كىيىشمەك	headword	899_1R.png	unverified
D02-05259	كىيىلمەك	headword	899_2L.png	unverified
D02-05260	كىيىم	headword	899_2L.png	unverified
D02-05261	كىيىمچىك	headword	899_2L.png	verified
D02-05262	كىيىمسىز	headword	899_2L.png	unverified
D02-05263	كىيىم - كېچەك	headword	899_2L.png	unverified
D02-05264	كىيىملىك	headword	899_2L.png	unverified
D02-05265	كىيىندۈرمەك	headword	899_2L.png	unverified
D02-05266	كىيىندۈرۈشمەك	headword	899_2L.png	unverified
D02-05267	كىيىندۈرۈلمەك	headword	899_2L.png	unverified
D02-05268	كىيىنمەك	headword	899_2L.png	unverified
D02-05269	كىيىنىشمەك	headword	899_2L.png	unverified
D02-05270	گاباردىن	headword	900_1R.png	verified
D02-05271	گابرو	headword	900_1R.png	verified
D02-05272	گاجاڭ	headword	900_1R.png	unverified
D02-05273	گاچ	headword	900_1R.png	unverified
D02-05274	گاچا	headword	900_1R.png	unverified
D02-05275	گاچچىدە	headword	900_1R.png	unverified
D02-05276	گاچ-گاچ	headword	900_1R.png	unverified
D02-05277	گاچ-گۇچ	headword	900_1R.png	verified
D02-05278	گاچىلاشماق	headword	900_1R.png	unverified
D02-05279	گاچىلداتماق	headword	900_1R.png	unverified
D02-05280	گاچىلدىماق	headword	900_1R.png	unverified
D02-05281	گاچىلىق	headword	900_1R.png	unverified
D02-05284	گاداچە	headword	900_1R.png	unverified
D02-05285	گادالاشماق	headword	900_2L.png	unverified
D02-05286	گاداي	headword	900_2L.png	unverified
D02-05287	گادايچىلىق	headword	900_2L.png	verified
D02-05288	گادايلاشتۇرماق	headword	900_2L.png	unverified
D02-05289	گادايلاشتۇرۇشماق	headword	900_2L.png	unverified
D02-05290	گادايلاشتۇرۇلماق	headword	900_2L.png	unverified
D02-05291	گادايلاشماق	headword	900_2L.png	unverified
D02-05292	گادايلىق	headword	900_2L.png	unverified
D02-05293	گادرون	headword	900_2L.png	unverified
D02-05294	گادولىنىي	headword	900_2L.png	unverified
D02-05295	گادىرماچ	headword	900_2L.png	unverified
D02-05296	گادىرماچلاشماق	headword	900_2L.png	unverified
D02-05297	گادىرماچلىق	headword	900_2L.png	unverified
D02-05298	گار	headword	901_1R.png	unverified
D02-05299	گارا	headword	901_1R.png	unverified
D02-05300	گاراخ	headword	901_1R.png	unverified
D02-05301	گاراژ	headword	901_1R.png	unverified
D02-05302	گاراڭ	headword	901_1R.png	unverified
D02-05304	گاراڭ-گاراڭ	headword	901_1R.png	unverified
D02-05305	گاراڭ-گۇرۇڭ	headword	901_1R.png	unverified
D02-05306	گاراڭڭىدە	headword	901_1R.png	unverified
D02-05307	گاراڭلىق	headword	901_1R.png	unverified
D02-05308	گارت	headword	901_1R.png	unverified
D02-05309	گارتتىدە	headword	901_1R.png	unverified
D02-05310	گارت-گارت	headword	901_1R.png	unverified
D02-05311	گارت-گۇرت	headword	901_1R.png	unverified
D02-05312	گارسىنىيە	headword	901_1R.png	unverified
D02-05313	گارشوك	headword	901_1R.png	unverified
D02-05314	گارموشكا	headword	901_1R.png	unverified
D02-05315	گارمون	headword	901_1R.png	unverified
D02-05316	گارمونچى	headword	901_2L.png	unverified
D02-05317	گارمونىك	headword	901_2L.png	unverified
D02-05318	گارمونىيە	headword	901_2L.png	unverified
D02-05319	گارمونىيەشۇناس	headword	901_2L.png	unverified
D02-05320	گارمونىيەشۇناسلىق	headword	901_2L.png	unverified
D02-05321	گارمونىيەلەشتۈرمەك	headword	901_2L.png	verified
D02-05322	گارمونىيەلەشتۈرۈش	headword	901_2L.png	verified
D02-05323	گارمونىيەلەشتۈرۈشمەك	headword	901_2L.png	verified
D02-05324	گارمونىيەلەشتۈرۈلمەك	headword	901_2L.png	verified
D02-05325	گارمونىيەلەشمەك	headword	901_2L.png	unverified
D02-05326	گارمونىيەلىك	headword	901_2L.png	unverified
D02-05327	گاز	headword	901_2L.png	unverified
D02-05328	گازاب	headword	901_2L.png	unverified
D02-05329	گازارما	headword	901_2L.png	unverified
D02-05330	گازسىمان	headword	901_2L.png	unverified
D02-05331	گازلاشتۇرۇلماق	headword	902_1R.png	verified
D02-05332	گازلاشماق	headword	902_1R.png	unverified
D02-05333	گازلانماق	headword	902_1R.png	unverified
D02-05334	گازلىق	headword	902_1R.png	unverified
D02-05335	گازۋان	headword	902_1R.png	unverified
D02-05336	گازۋاي	headword	902_1R.png	unverified
D02-05338	گازىرچى	headword	902_1R.png	unverified
D02-05339	گازىن	headword	902_1R.png	unverified
D02-05340	گاژ	headword	902_1R.png	unverified
D02-05341	گاژژىدە	headword	902_1R.png	unverified
D02-05342	گاژ-گاژ	headword	902_1R.png	unverified
D02-05343	گاژ-گۇژ	headword	902_1R.png	verified
D02-05344	گاژىلداتماق	headword	902_1R.png	unverified
D02-05345	گاژىلداشماق	headword	902_1R.png	unverified
D02-05346	گاژىلدىماق	headword	902_1R.png	unverified
D02-05347	گاس	headword	902_1R.png	unverified
D02-05349	گاستاڭ	headword	902_1R.png	unverified
D02-05350	گاسترودىيە	headword	902_1R.png	unverified
D02-05351	گاس-گاچا	headword	902_1R.png	unverified
D02-05352	گاسلىق	headword	902_2L.png	unverified
D02-05353	گاشات	headword	902_2L.png	unverified
D02-05354	گافنىي	headword	902_2L.png	verified
D02-05356	گاگارچى	headword	902_2L.png	unverified
D02-05363	گاڭسا ـ جىسا	headword	902_2L.png	verified
D02-05364	گاڭ - گالاس	headword	902_2L.png	unverified
D02-05366	گاڭگۇڭلۇق	headword	902_2L.png	unverified
D02-05367	گاڭگىراتماق	headword	902_2L.png	verified
D02-05368	گاڭگىرىماق	headword	903_1R.png	unverified
D02-05369	گال	headword	903_1R.png	unverified
D02-05371	گالاچ	headword	903_1R.png	unverified
D02-05372	گالاچچىدە	headword	903_1R.png	unverified
D02-05373	گالاچ - گالاچ	headword	903_1R.png	unverified
D02-05374	گالاچ - گۇلۇچ	headword	903_1R.png	verified
D02-05375	گالاچلاتماق	headword	903_1R.png	unverified
D02-05376	گالاكتىكا	headword	903_1R.png	unverified
D02-05377	گالدۇڭ	headword	903_1R.png	unverified
D02-05378	گالدى - گۇلدۇڭ	headword	903_1R.png	verified
D02-05379	گالزاڭ	headword	903_1R.png	unverified
D02-05380	گالزاڭلىق	headword	903_1R.png	unverified
D02-05381	گاللاشتۇرماق	headword	903_2L.png	unverified
D02-05382	گاللاشماق	headword	903_2L.png	unverified
D02-05383	گاللون	headword	903_2L.png	unverified
D02-05384	گاللىق	headword	903_2L.png	unverified
D02-05385	گاللىي	headword	903_2L.png	unverified
D02-05386	گالوگېن	headword	903_2L.png	unverified
D02-05387	گالوگېنلار	headword	903_2L.png	unverified
D02-05388	گالوگېنلىق	headword	903_2L.png	unverified
D02-05389	گالوگېنىد	headword	903_2L.png	unverified
D02-05390	گالوگېنىدلار	headword	903_2L.png	unverified
D02-05391	گالوئىد	headword	903_2L.png	unverified
D02-05392	گالۋاڭ	headword	903_2L.png	unverified
D02-05393	گالۋاڭلاشتۇرماق	headword	903_2L.png	unverified
D02-05394	گالۋاڭلاشتۇرۇلماق	headword	903_2L.png	verified
D02-05395	گالۋاڭلىق	headword	904_1R.png	unverified
D02-05396	گالۋانومېتىر	headword	904_1R.png	unverified
D02-05397	گالىستۇك	headword	904_1R.png	unverified
D02-05398	گالىستۇكلۇق	headword	904_1R.png	unverified
D02-05399	گامما	headword	904_1R.png	unverified
D02-05401	گامېتا	headword	904_1R.png	unverified
D02-05402	گامېتىلىق	headword	904_1R.png	unverified
D02-05403	گانتېل	headword	904_1R.png	unverified
D02-05404	گاندون	headword	904_1R.png	unverified
D02-05405	گانگرېنا	headword	904_1R.png	unverified
D02-05406	گاھ	headword	904_1R.png	unverified
D02-05407	گاھ- گاھ	headword	904_2L.png	unverified
D02-05408	گاھى	headword	904_2L.png	unverified
D02-05409	گاھىبىر	headword	904_2L.png	unverified
D02-05410	گاھىدا	headword	904_2L.png	unverified
D02-05411	گاھى - گاھى	headword	904_2L.png	unverified
D02-05412	گائۇس	headword	904_2L.png	unverified
D02-05413	گاۋشەن	headword	904_2L.png	unverified
D02-05414	گاۋشەنچە	headword	904_2L.png	unverified
D02-05415	گاۋوت	headword	904_2L.png	unverified
D02-05416	گايكا	headword	904_2L.png	unverified
D02-05417	گەپ	headword	904_2L.png	unverified
D02-05418	گەپ ئانىسى	headword	904_2L.png	verified
D02-05419	گەپ ئەۋەتمەك	headword	904_2L.png	verified
D02-05420	گەپتە چېقىۋالماق	headword	904_2L.png	verified
D02-05421	گەپ تەرگەشمەك	headword	905_1R.png	unverified
D02-05422	گەپ توشۇماق	headword	905_1R.png	unverified
D02-05423	گەپ توقۇماق	headword	905_1R.png	unverified
D02-05424	گەپ سىغمايدۇ	headword	905_1R.png	unverified
D02-05425	گەپكە قويماق	headword	905_1R.png	unverified
D02-05426	گەپچى	headword	905_1R.png	unverified
D02-05427	گەپچىلىك	headword	905_1R.png	unverified
D02-05428	گەپخانا	headword	905_1R.png	unverified
D02-05429	گەپخۇمار	headword	905_1R.png	unverified
D02-05430	گەپدان	headword	905_1R.png	unverified
D02-05431	گەپدانلاشماق	headword	905_1R.png	unverified
D02-05432	گەپدانلىق	headword	905_1R.png	unverified
D02-05433	گەپساتتى	headword	905_1R.png	unverified
D02-05434	گەپ - سۆز	headword	905_1R.png	unverified
D02-05435	گەپ - سۆزسىز	headword	905_1R.png	unverified
D02-05436	گەپلەشتۈرمەك	headword	905_1R.png	unverified
D02-05437	گەپلەشمەك	headword	905_1R.png	unverified
D02-05438	گەج	headword	905_1R.png	unverified
D02-05439	گەجگە	headword	905_2L.png	verified
D02-05440	گەجگىسى ئاپتاپ كۆرمىگەن	headword	905_2L.png	verified
D02-05441	گەجگىلىمەك	headword	905_2L.png	verified
D02-05442	گەجلەتمەك	headword	905_2L.png	unverified
D02-05443	گەجلەشمەك	headword	905_2L.png	unverified
D02-05444	گەجلەنمەك	headword	905_2L.png	unverified
D02-05445	گەجلىمەك	headword	905_2L.png	verified
D02-05446	گەدەن	headword	905_2L.png	unverified
D02-05447	گەدەنباغ	headword	905_2L.png	unverified
D02-05448	گەدەنكەش	headword	905_2L.png	unverified
D02-05449	گەدەنكەشلىك	headword	905_2L.png	unverified
D02-05450	گەر	headword	905_2L.png	unverified
D02-05451	گەرەتكە	headword	905_2L.png	unverified
D02-05452	گەرچە	headword	905_2L.png	unverified
D02-05453	گەردۇن	headword	906_1R.png	unverified
D02-05454	گەردى	headword	906_1R.png	unverified
D02-05454-v1	پەرزىن	variant	906_1R.png	unverified
D02-05455	گەردىش	headword	906_1R.png	unverified
D02-05456	گەردىشسىمان	headword	906_1R.png	unverified
D02-05457	گەردىشلىك	headword	906_1R.png	unverified
D02-05458	گەردىن	headword	906_1R.png	unverified
D02-05459	گەرنىز	headword	906_1R.png	unverified
D02-05460	گەرىس	headword	906_1R.png	unverified
D02-05461	گەز	headword	906_1R.png	unverified
D02-05463	گەزلەتمەك	headword	906_1R.png	unverified
D02-05464	گەزلەشمەك	headword	906_1R.png	unverified
D02-05465	گەزلەنمەك	headword	906_1R.png	unverified
D02-05466	گەزلىك	headword	906_1R.png	unverified
D02-05467	گەزلىمە	headword	906_1R.png	unverified
D02-05468	گەزلىمەك	headword	906_1R.png	verified
D02-05469	گەزمال	headword	906_2L.png	unverified
D02-05470	گەزمالچى	headword	906_2L.png	unverified
D02-05471	گەزمالچىلىق	headword	906_2L.png	unverified
D02-05472	گەزنە	headword	906_2L.png	unverified
D02-05473	گەكسى	headword	906_2L.png	unverified
D02-05474	گەگتەمەل	headword	906_2L.png	unverified
D02-05475	گەڭكىلىمەك	headword	906_2L.png	unverified
D02-05476	گەلەپى	headword	906_2L.png	unverified
D02-05477	گەلەنتىر	headword	906_2L.png	unverified
D02-05478	گەلەنتىرچى	headword	906_2L.png	unverified
D02-05479	گەلەنتىرچىلىك	headword	906_2L.png	unverified
D02-05480	گەللە	headword	906_2L.png	unverified
D02-05481	گەم	headword	906_2L.png	unverified
D02-05482	گەمە	headword	906_2L.png	unverified
D02-05483	گەمىچاق	headword	906_2L.png	verified
D02-05485	گەندە	headword	906_2L.png	unverified
D02-05486	گەۋدە	headword	906_2L.png	unverified
D02-05487	گەۋدىسىز	headword	906_2L.png	unverified
D02-05488	گەۋدىلەشتۈرمەك	headword	906_2L.png	verified
D02-05489	گەۋدىلەشتۈرۈلمەك	headword	906_2L.png	unverified
D02-05490	گەۋدىلەشمەك	headword	906_2L.png	unverified
D02-05491	گەۋدىلەندۈرمەك	headword	907_1R.png	unverified
D02-05492	گەۋدىلەندۈرۈشمەك	headword	907_1R.png	unverified
D02-05493	گەۋدىلەندۈرۈلمەك	headword	907_1R.png	unverified
D02-05494	گەۋدىلەنمەك	headword	907_1R.png	unverified
D02-05495	گەۋدىلىك	headword	907_1R.png	unverified
D02-05498	گوپاك	headword	907_1R.png	verified
D02-05501	گوداڭ	headword	907_1R.png	unverified
D02-05502	گوداڭلىق	headword	907_1R.png	unverified
D02-05503	گورىزونتال	headword	907_1R.png	unverified
D02-05504	گوسپىتال	headword	907_1R.png	unverified
D02-05505	گوستاڭ	headword	907_1R.png	verified
D02-05506	گوسسامپىنوس	headword	907_1R.png	unverified
D02-05508	گوشۇڭلۇق	headword	907_2L.png	unverified
D02-05510	گوكەيچى	headword	907_2L.png	unverified
D02-05511	گوكەيچىلىك	headword	907_2L.png	unverified
D02-05512	گول	headword	907_2L.png	unverified
D02-05513	گولف	headword	907_2L.png	verified
D02-05514	گوللاشماق	headword	907_2L.png	unverified
D02-05515	گوللامچى	headword	907_2L.png	unverified
D02-05516	گوللانماق	headword	907_2L.png	unverified
D02-05517	گوللۇق	headword	907_2L.png	unverified
D02-05518	گوللىماق	headword	907_2L.png	unverified
D02-05519	گولمۇيماق	headword	907_2L.png	unverified
D02-05520	گولمىي	headword	907_2L.png	unverified
D02-05521	گولوگرافىيە	headword	907_2L.png	unverified
D02-05522	گولوگىرامما	headword	908_1R.png	verified
D02-05523	گولىماق	headword	908_1R.png	unverified
D02-05524	گومولوگ	headword	908_1R.png	unverified
D02-05525	گومۇش	headword	908_1R.png	unverified
D02-05526	گومۇشلۇق	headword	908_1R.png	unverified
D02-05527	گومىنداڭ	headword	908_1R.png	unverified
D02-05528	گومىنداڭچى	headword	908_1R.png	unverified
D02-05529	گوئۇرد	headword	908_1R.png	unverified
D02-05531	گويا	headword	908_1R.png	unverified
D02-05532	گوياخەي	headword	908_1R.png	unverified
D02-05533	گوياكى	headword	908_1R.png	verified
D02-05534	گۇئارانى	headword	908_1R.png	unverified
D02-05535	گۇئانىدىن	headword	908_1R.png	verified
D02-05536	گۇبېرناتور	headword	908_2L.png	unverified
D02-05537	گۇبېرناتورلۇق	headword	908_2L.png	unverified
D02-05538	گۇپپاخ	headword	908_2L.png	verified
D02-05539	گۇپپاڭ	headword	908_2L.png	unverified
D02-05540	گۇپپاڭچى	headword	908_2L.png	unverified
D02-05541	گۇپپاڭچىلىق	headword	908_2L.png	unverified
D02-05542	گۇتتاتۇس	headword	908_2L.png	unverified
D02-05543	گۇچ	headword	908_2L.png	verified
D02-05544	گۇچچىدە	headword	908_2L.png	verified
D02-05545	گۇچ-گۇچ	headword	908_2L.png	verified
D02-05546	گۇچىلداتماق	headword	908_2L.png	verified
D02-05547	گۇچىلداشماق	headword	908_2L.png	verified
D02-05548	گۇچىلدىماق	headword	908_2L.png	verified
D02-05549	گۇدۇڭ	headword	908_2L.png	verified
D02-05550	گۇدۇڭشىشماق	headword	908_2L.png	verified
D02-05551	گۇدۇڭشىماق	headword	908_2L.png	verified
D02-05552	گۇدۇڭ-گۇدۇڭ	headword	908_2L.png	verified
D02-05553	گۇدۇڭلاشماق	headword	909_1R.png	verified
D02-05554	گۇدۇڭلىماق	headword	909_1R.png	verified
D02-05555	گۇرۇپپا	headword	909_1R.png	verified
D02-05556	گۇرۇپپىلاشتۇرماق	headword	909_1R.png	verified
D02-05557	گۇرۇپپىلاشتۇرۇلماق	headword	909_1R.png	verified
D02-05558	گۇرۇپپىلاشماق	headword	909_1R.png	verified
D02-05559	گۇرۇپپىلىق	headword	909_1R.png	verified
D02-05560	گۇرۇپپىلىماق	headword	909_1R.png	verified
D02-05561	گۇرۇپپىۋاز	headword	909_1R.png	verified
D02-05562	گۇرۇپپىۋازلىق	headword	909_1R.png	verified
D02-05563	گۇرۇھ	headword	909_1R.png	verified
D02-05564	گۇرۇھچىلىق	headword	909_1R.png	verified
D02-05565	گۇرۇھ-گۇرۇھ	headword	909_1R.png	verified
D02-05566	گۇرۇھۋاز	headword	909_2L.png	unverified
D02-05567	گۇرۇھۋازلىق	headword	909_2L.png	unverified
D02-05568	گۇشا	headword	909_2L.png	unverified
D02-05569	گۇك	headword	909_2L.png	unverified
D02-05570	گۇك - گۇك	headword	909_2L.png	unverified
D02-05571	گۇ - گۇ	headword	909_2L.png	verified
D02-05571-v1	گۇك- گۇك	variant	909_2L.png	verified
D02-05572	گۇگۇكلىماق	headword	909_2L.png	unverified
D02-05573	گۇگۇلدىماق	headword	909_2L.png	unverified
D02-05574	گۇگۇلىماق	headword	909_2L.png	verified
D02-05574-v1	گۇگۇللىماق	variant	909_2L.png	verified
D02-05575	گۇگۇم	headword	909_2L.png	unverified
D02-05576	گۇگۇملاشماق	headword	909_2L.png	unverified
D02-05584	گۇڭراتماق	headword	910_1R.png	unverified
D02-05585	گۇڭراشماق	headword	910_1R.png	unverified
D02-05586	گۇڭرىماق	headword	910_1R.png	unverified
D02-05588	گۇڭشېلاشتۇرماق	headword	910_1R.png	unverified
D02-05589	گۇڭشېلاشتۇرۇلماق	headword	910_1R.png	unverified
D02-05590	گۇڭشېلاشماق	headword	910_1R.png	unverified
D02-05591	گۇڭگا	headword	910_1R.png	unverified
D02-05592	گۇڭگارىماق	headword	910_1R.png	unverified
D02-05593	گۇڭ - گۇڭ	headword	910_1R.png	unverified
D02-05594	گۇڭگىلىق	headword	910_1R.png	unverified
D02-05595	گۇڭ - مۇڭ	headword	910_1R.png	unverified
D02-05596	گۇڭۇرلاشماق	headword	910_1R.png	unverified
D02-05597	گۇڭۇرلىماق	headword	910_1R.png	unverified
D02-05598	گۇڭۇر - مۇڭۇر	headword	910_1R.png	unverified
D02-05599	گۇڭۇلداتماق	headword	910_1R.png	unverified
D02-05600	گۇڭۇلداشماق	headword	910_1R.png	verified
D02-05601	گۇڭۇلدىماق	headword	910_1R.png	unverified
D02-05602	گۇلا	headword	910_2L.png	unverified
D02-05603	گۇلاب	headword	910_2L.png	unverified
D02-05604	گۇلاخ	headword	910_2L.png	unverified
D02-05605	گۇم	headword	910_2L.png	unverified
D02-05607	گۇماشتا	headword	910_2L.png	unverified
D02-05608	گۇمان	headword	910_2L.png	unverified
D02-05609	گۇمان - ئەندىشە	headword	910_2L.png	unverified
D02-05610	گۇمانبەخش	headword	910_2L.png	unverified
D02-05611	گۇمانخور	headword	910_2L.png	unverified
D02-05612	گۇمانخورلۇق	headword	910_2L.png	unverified
D02-05613	گۇمانسىراتماق	headword	910_2L.png	unverified
D02-05614	گۇمانسىراشماق	headword	910_2L.png	unverified
D02-05615	گۇمانسىرىماق	headword	910_2L.png	unverified
D02-05616	گۇمانسىز	headword	910_2L.png	unverified
D02-05617	گۇمانسىزلىق	headword	910_2L.png	unverified
D02-05618	گۇمانلاندۇرماق	headword	910_2L.png	unverified
D02-05619	گۇمانلاندۇرۇشماق	headword	911_1R.png	verified
D02-05620	گۇمانلانماق	headword	911_1R.png	unverified
D02-05621	گۇمانلىق	headword	911_1R.png	unverified
D02-05622	گۇمانلىنىشماق	headword	911_1R.png	unverified
D02-05623	گۇمانىتار	headword	911_1R.png	unverified
D02-05624	گۇمانىزم	headword	911_1R.png	unverified
D02-05625	گۇمانىست	headword	911_1R.png	unverified
D02-05626	گۇمانىستىك	headword	911_1R.png	unverified
D02-05627	گۇمانىي	headword	911_1R.png	unverified
D02-05628	گۇمبا - گۇمباڭ	headword	911_1R.png	verified
D02-05628-v1	گۇمباڭ - گۇمباڭ	variant	911_1R.png	verified
D02-05629	گۇمباڭ	headword	911_1R.png	unverified
D02-05630	گۇمباڭ-گۇمباڭ	headword	911_1R.png	unverified
D02-05631	گۇمباڭلاتماق	headword	911_1R.png	unverified
D02-05632	گۇمباڭلاشماق	headword	911_1R.png	unverified
D02-05633	گۇمباڭلىماق	headword	911_1R.png	unverified
D02-05635	گۇمران	headword	911_1R.png	unverified
D02-05636	گۇمرانچىلىق	headword	911_1R.png	unverified
D02-05637	گۇمرانلىق	headword	911_1R.png	unverified
D02-05638	گۇمراھ	headword	911_1R.png	unverified
D02-05639	گۇمراھلىق	headword	911_2L.png	unverified
D02-05640	گۇم- گۇم	headword	911_2L.png	unverified
D02-05641	گۇممىدە	headword	911_2L.png	unverified
D02-05642	گۇناھ	headword	911_2L.png	unverified
D02-05643	گۇناھسىز	headword	911_2L.png	unverified
D02-05644	گۇناھسىزلىق	headword	911_2L.png	unverified
D02-05645	گۇناھكار	headword	911_2L.png	unverified
D02-05646	گۇناھكارلارچە	headword	911_2L.png	unverified
D02-05647	گۇناھكارلىق	headword	911_2L.png	unverified
D02-05648	گۇناھلىق	headword	911_2L.png	unverified
D02-05649	گۇناھىسەغىر	headword	911_2L.png	verified
D02-05650	گۇناھىكەبىر	headword	911_2L.png	verified
D02-05651	گۇندا	headword	911_2L.png	unverified
D02-05652	گۇندىپاي	headword	911_2L.png	unverified
D02-05653	گۇۋاھ	headword	912_1R.png	verified
D02-05654	گۇۋاھچى	headword	912_1R.png	unverified
D02-05655	گۇۋاھچىلىق	headword	912_1R.png	unverified
D02-05656	گۇۋاھلىق	headword	912_1R.png	unverified
D02-05657	گۇۋاھنامە	headword	912_1R.png	unverified
D02-05658	گۇئىلدېر	headword	912_1R.png	unverified
D02-05661	گۆدەك	headword	912_1R.png	unverified
D02-05662	گۆدەكلەرچە	headword	912_1R.png	unverified
D02-05663	گۆدەكلىك	headword	912_1R.png	unverified
D02-05664	گۆر	headword	912_1R.png	unverified
D02-05665	گۆرگە ئىتتەرمەك	headword	912_1R.png	unverified
D02-05666	گۆرە	headword	912_2L.png	unverified
D02-05667	گۆرە-گۆرە	headword	912_2L.png	unverified
D02-05668	گۆرداش	headword	912_2L.png	unverified
D02-05669	گۆركار	headword	912_2L.png	unverified
D02-05670	گۆركارلىق	headword	912_2L.png	unverified
D02-05671	گۆرلۈك	headword	912_2L.png	unverified
D02-05672	گۆرۈ	headword	912_2L.png	unverified
D02-05673	گۆرۈخانا	headword	912_2L.png	unverified
D02-05674	گۆرۈكەش	headword	912_2L.png	unverified
D02-05675	گۆرۈكەشلىك	headword	912_2L.png	unverified
D02-05676	گۆرۋەن	headword	912_2L.png	unverified
D02-05677	گۆرىستان	headword	912_2L.png	unverified
D02-05678	گۆرىستانلىق	headword	912_2L.png	unverified
D02-05679	گۆسمە	headword	912_2L.png	unverified
D02-05680	گۆسمەك	headword	912_2L.png	unverified
D02-05681	گۆسمۈس	headword	912_2L.png	unverified
D02-05682	گۆش	headword	912_2L.png	unverified
D02-05683	گۆشەيمەك	headword	912_2L.png	unverified
D02-05684	گۆشتۇل	headword	912_2L.png	verified
D02-05685	گۆشخور	headword	912_2L.png	unverified
D02-05686	گۆشخورلۇق	headword	912_2L.png	unverified
D02-05687	گۆشسىز	headword	912_2L.png	unverified
D02-05688	گۆشسىمان	headword	912_2L.png	unverified
D02-05689	گۆشگىردە	headword	913_1R.png	unverified
D02-05690	گۆشگىردىچى	headword	913_1R.png	unverified
D02-05691	گۆشلەشمەك	headword	913_1R.png	unverified
D02-05692	گۆشلۈك	headword	913_1R.png	unverified
D02-05693	گۆشنان	headword	913_1R.png	unverified
D02-05694	گۆشىيىشمەك	headword	913_1R.png	unverified
D02-05695	گۆش-ياغ	headword	913_1R.png	unverified
D02-05696	گۆكە	headword	913_1R.png	unverified
D02-05697	گۆلەش	headword	913_1R.png	unverified
D02-05698	گۆلەيمەك	headword	913_1R.png	unverified
D02-05699	گۆلمە	headword	913_1R.png	unverified
D02-05700	گۆلىيىشمەك	headword	913_1R.png	unverified
D02-05701	گۆھەر	headword	913_1R.png	unverified
D02-05702	گۆھەرنى تاشقا ئۇرماق	headword	913_1R.png	unverified
D02-05703	گۆھەرپۇرۇش	headword	913_1R.png	unverified
D02-05704	گۆھەرچى	headword	913_1R.png	unverified
D02-05705	گۆھەرشۇناس	headword	913_1R.png	unverified
D02-05706	گۆھەرشۇناسلىق	headword	913_1R.png	unverified
D02-05707	گۆھەرلىك	headword	913_1R.png	unverified
D02-05708	گۆيەك	headword	913_1R.png	verified
D02-05709	گۈپ	headword	913_2L.png	unverified
D02-05710	گۈپپىدە	headword	913_2L.png	unverified
D02-05711	گۈپ-گۈپ	headword	913_2L.png	unverified
D02-05712	گۈپۈر	headword	913_2L.png	unverified
D02-05713	گۈپۈر-غالاپ	headword	913_2L.png	unverified
D02-05714	گۈپۈر-گۈپۈر	headword	913_2L.png	unverified
D02-05715	گۈپۈرلەتمەك	headword	913_2L.png	unverified
D02-05716	گۈپۈرلەشمەك	headword	913_2L.png	unverified
D02-05717	گۈپۈرلىمەك	headword	913_2L.png	unverified
D02-05718	گۈپۈلدەتمەك	headword	913_2L.png	unverified
D02-05719	گۈپۈلدەشمەك	headword	913_2L.png	unverified
D02-05720	گۈپۈلدىمەك	headword	913_2L.png	unverified
D02-05721	گۈدرەت	headword	913_2L.png	unverified
D02-05722	گۈدۈك	headword	913_2L.png	unverified
D02-05723	گۈر	headword	913_2L.png	unverified
D02-05724	گۈرەن	headword	913_2L.png	unverified
D02-05725	گۈرەنلىك	headword	913_2L.png	unverified
D02-05726	گۈرجەك	headword	914_1R.png	unverified
D02-05727	گۈررىدە	headword	914_1R.png	unverified
D02-05728	گۈرزە	headword	914_1R.png	unverified
D02-05729	گۈرزىباز	headword	914_1R.png	unverified
D02-05730	گۈرزىبازلىق	headword	914_1R.png	unverified
D02-05731	گۈرزىچى	headword	914_1R.png	unverified
D02-05732	گۈرس	headword	914_1R.png	unverified
D02-05733	گۈرسسىدە	headword	914_1R.png	unverified
D02-05734	گۈرس - گۈرس	headword	914_1R.png	unverified
D02-05735	گۈرسۈلدەتمەك	headword	914_1R.png	unverified
D02-05736	گۈرسۈلدەشمەك	headword	914_1R.png	unverified
D02-05737	گۈرسۈلدىمەك	headword	914_1R.png	unverified
D02-05738	گۈركىرەتمە	headword	914_1R.png	unverified
D02-05738-v1	شارقىراتما	variant	914_1R.png	unverified
D02-05739	گۈركىرەتمەك	headword	914_1R.png	unverified
D02-05740	گۈركىرەشمەك	headword	914_1R.png	unverified
D02-05741	گۈركىرىمەك	headword	914_1R.png	unverified
D02-05742	گۈر - گۈر	headword	914_1R.png	unverified
D02-05743	گۈرۈچ	headword	914_1R.png	unverified
D02-05744	گۈرۈلدەتمەك	headword	914_1R.png	unverified
D02-05745	گۈرۈلدەشمەك	headword	914_2L.png	unverified
D02-05746	گۈرۈلدىمەك	headword	914_2L.png	unverified
D02-05747	گۈزەر	headword	914_2L.png	unverified
D02-05748	گۈزەل	headword	914_2L.png	unverified
D02-05749	گۈزەللەشتۈرمەك	headword	914_2L.png	unverified
D02-05750	گۈزەللەشتۈرۈشمەك	headword	914_2L.png	unverified
D02-05751	گۈزەللەشتۈرۈلمەك	headword	914_2L.png	unverified
D02-05752	گۈزەللەشمەك	headword	914_2L.png	unverified
D02-05753	گۈزەللىك	headword	914_2L.png	unverified
D02-05754	گۈگۈسۈن	headword	914_2L.png	unverified
D02-05755	گۈگۈسۈنلۈك	headword	914_2L.png	unverified
D02-05756	گۈڭگۈرت	headword	914_2L.png	unverified
D02-05757	گۈڭگۈرتسىز	headword	914_2L.png	unverified
D02-05758	گۈڭگۈرتسىزلەشتۈرمەك	headword	914_2L.png	unverified
D02-05759	گۈڭگۈرتسىزلەشمەك	headword	914_2L.png	unverified
D02-05760	گۈڭگۈرتلەشتۈرمەك	headword	914_2L.png	unverified
D02-05761	گۈڭگۈرتلەشتۈرۈلمەك	headword	914_2L.png	verified
D02-05762	گۈڭگۈرتلەنمەك	headword	915_1R.png	verified
D02-05763	گۈڭگۈرتلۈك	headword	915_1R.png	unverified
D02-05765	گۈل	headword	915_1R.png	unverified
D02-05766	گۈل كەلتۈرمەك	headword	915_1R.png	unverified
D02-05767	گۈلى گۈلىگە كەلمەك	headword	915_1R.png	unverified
D02-05768	گۈلىنى قىسماق	headword	915_1R.png	unverified
D02-05769	گۈلە	headword	915_1R.png	unverified
D02-05770	گۈلەپشان	headword	915_1R.png	unverified
D02-05771	گۈلەش	headword	915_1R.png	unverified
D02-05772	گۈلە ـ قاق	headword	915_1R.png	verified
D02-05773	گۈلەڭ	headword	915_1R.png	verified
D02-05774	گۈلئەنبەر	headword	915_2L.png	unverified
D02-05775	گۈلبوغۇن	headword	915_2L.png	unverified
D02-05776	گۈلبىنەپشە	headword	915_2L.png	unverified
D02-05777	گۈلچاڭ	headword	915_2L.png	unverified
D02-05778	گۈلچەمبىرەك	headword	915_2L.png	unverified
D02-05779	گۈل - چېچەك	headword	915_2L.png	unverified
D02-05780	گۈلچى	headword	915_2L.png	unverified
D02-05781	گۈلچىلىك	headword	915_2L.png	unverified
D02-05782	گۈلچىمەن	headword	915_2L.png	unverified
D02-05783	گۈلخان	headword	915_2L.png	unverified
D02-05784	گۈلخانا	headword	915_2L.png	verified
D02-05785	گۈلخانلىماق	headword	916_1R.png	verified
D02-05786	گۈلخەيرى	headword	916_1R.png	unverified
D02-05787	گۈلخۇمار	headword	916_1R.png	unverified
D02-05788	گۈلدار	headword	916_1R.png	unverified
D02-05789	گۈلدان	headword	916_1R.png	unverified
D02-05790	گۈلدەستە	headword	916_1R.png	unverified
D02-05791	گۈلدەستىچى	headword	916_1R.png	unverified
D02-05792	گۈلدەك	headword	916_1R.png	unverified
D02-05793	گۈلدۈر	headword	916_1R.png	unverified
D02-05794	گۈلدۈراس	headword	916_1R.png	unverified
D02-05795	گۈلدۈر-تاراق	headword	916_1R.png	unverified
D02-05796	گۈلدۈر-غاراس	headword	916_1R.png	unverified
D02-05797	گۈلدۈر-غالاپ	headword	916_1R.png	unverified
D02-05798	گۈلدۈر-قاراس	headword	916_1R.png	unverified
D02-05799	گۈلدۈر-گۇپپاڭ	headword	916_1R.png	unverified
D02-05800	گۈلدۈر-گۈلدۈر	headword	916_1R.png	unverified
D02-05801	گۈلدۈرلەتمەك	headword	916_1R.png	unverified
D02-05802	گۈلدۈرلەشمەك	headword	916_1R.png	verified
D02-05803	گۈلدۈرلىمەك	headword	916_1R.png	unverified
D02-05804	گۈلدۈرماما	headword	916_2L.png	unverified
D02-05805	گۈلدۈرمامىلىق	headword	916_2L.png	unverified
D02-05806	گۈلدۈرمە	headword	916_2L.png	unverified
D02-05807	گۈلزار	headword	916_2L.png	unverified
D02-05808	گۈلزارلاشماق	headword	916_2L.png	unverified
D02-05809	گۈلزارلىق	headword	916_2L.png	unverified
D02-05810	گۈلسامساق	headword	916_2L.png	unverified
D02-05811	گۈلسۇرۇخ	headword	916_2L.png	unverified
D02-05812	گۈلسۆسەر	headword	916_2L.png	unverified
D02-05813	گۈلسىز	headword	916_2L.png	unverified
D02-05814	گۈلسىمان	headword	916_2L.png	unverified
D02-05815	گۈلشەن	headword	916_2L.png	unverified
D02-05816	گۈلشۆۋاق	headword	916_2L.png	unverified
D02-05817	گۈل-غۇنچە	headword	917_1R.png	unverified
D02-05818	گۈلقات	headword	917_1R.png	unverified
D02-05819	گۈلقەقە	headword	917_1R.png	unverified
D02-05820	گۈلقەنت	headword	917_1R.png	unverified
D02-05821	گۈلقىيار	headword	917_1R.png	unverified
D02-05822	گۈلكاپۇستا	headword	917_1R.png	unverified
D02-05822-v1	چېچەكسەي	variant	917_1R.png	unverified
D02-05823	گۈلكەرەم	headword	917_1R.png	unverified
D02-05824	گۈل-گۈلىستان	headword	917_1R.png	unverified
D02-05825	گۈل-گۈلىستانلىق	headword	917_1R.png	unverified
D02-05826	گۈلگۈم	headword	917_1R.png	unverified
D02-05827	گۈلگۈن	headword	917_1R.png	unverified
D02-05828	گۈل-گىياھ	headword	917_1R.png	unverified
D02-05829	گۈل-گىياھسىز	headword	917_1R.png	unverified
D02-05830	گۈللەتمەك	headword	917_1R.png	unverified
D02-05831	گۈللەندۈرمەك	headword	917_1R.png	unverified
D02-05832	گۈللەندۈرۈلمەك	headword	917_1R.png	unverified
D02-05833	گۈللۈك	headword	917_2L.png	verified
D02-05834	گۈللىمەك	headword	917_2L.png	unverified
D02-05835	گۈلمە	headword	917_2L.png	unverified
D02-05836	گۈلمەريەم	headword	917_2L.png	unverified
D02-05837	گۈلنار	headword	917_2L.png	unverified
D02-05838	گۈلناز	headword	917_2L.png	unverified
D02-05839	گۈلنەپشە	headword	917_2L.png	unverified
D02-05840	گۈلئۇزار	headword	917_2L.png	unverified
D02-05841	گۈلىچى	headword	917_2L.png	verified
D02-05842	گۈلىستان	headword	917_2L.png	unverified
D02-05843	گۈلىستانلىق	headword	917_2L.png	unverified
D02-05844	گۈليار	headword	917_2L.png	unverified
D02-05845	گۈليەسىمەن	headword	917_2L.png	unverified
D02-05846	گۈم	headword	917_2L.png	unverified
D02-05847	گۈمبە	headword	917_2L.png	unverified
D02-05848	گۈمبەز	headword	917_2L.png	unverified
D02-05849	گۈمبەزچىلىك	headword	917_2L.png	unverified
D02-05850	گۈمبەزلىك	headword	918_1R.png	verified
D02-05851	گۈمبۈر	headword	918_1R.png	unverified
D02-05852	گۈمبۈر-گۈمبۈر	headword	918_1R.png	unverified
D02-05853	گۈمبۈرلەتمەك	headword	918_1R.png	unverified
D02-05854	گۈمبۈرلەشمەك	headword	918_1R.png	unverified
D02-05855	گۈمبۈرلىمەك	headword	918_1R.png	unverified
D02-05856	گۈمرۈك	headword	918_1R.png	unverified
D02-05857	گۈمرۈكبەگ	headword	918_1R.png	unverified
D02-05858	گۈم-گۈم	headword	918_1R.png	unverified
D02-05859	گۈممىدە	headword	918_1R.png	unverified
D02-05860	گۈمۈرەڭگۈ	headword	918_1R.png	unverified
D02-05861	گۈمۈرۈلمەك	headword	918_1R.png	unverified
D02-05862	گۈن	headword	918_1R.png	unverified
D02-05864	گۈۋشىمەك	headword	918_1R.png	verified
D02-05865	گۈۋۈنمەك	headword	918_1R.png	unverified
D02-05866	گۈيەلمەك	headword	918_1R.png	unverified
D02-05867	گې	headword	918_1R.png	verified
D02-05868	گېپارىن	headword	918_1R.png	unverified
D02-05869	گېتزال	headword	918_1R.png	unverified
D02-05870	گېدە	headword	918_1R.png	verified
D02-05871	گېرەم	headword	918_1R.png	verified
D02-05872	گېرب	headword	918_2L.png	verified
D02-05873	گېرتسوگ	headword	918_2L.png	unverified
D02-05874	گېرتىس	headword	918_2L.png	verified
D02-05875	گېركۇلېس	headword	918_2L.png	unverified
D02-05876	گېرمان	headword	918_2L.png	unverified
D02-05877	گېرمانىي	headword	918_2L.png	verified
D02-05878	گېزەرمە	headword	918_2L.png	unverified
D02-05878-v1	بىزەڭ	variant	918_2L.png	unverified
D02-05879	گېزەرمەك	headword	918_2L.png	unverified
D02-05880	گېزەك	headword	918_2L.png	unverified
D02-05882	گېزەكچى	headword	918_2L.png	unverified
D02-05883	گېزەكچىلىك	headword	918_2L.png	unverified
D02-05884	گېزەك-گېزەك	headword	918_2L.png	unverified
D02-05885	گېزەكلەشتۈرمەك	headword	918_2L.png	unverified
D02-05886	گېزەكلەشمەك	headword	918_2L.png	unverified
D02-05887	گېزەكمۇگېزەك	headword	918_2L.png	unverified
D02-05888	گېزەندە	headword	918_2L.png	unverified
D02-05889	گېزىت	headword	919_1R.png	unverified
D02-05890	گېزىتچى	headword	919_1R.png	unverified
D02-05891	گېزىتچىلىك	headword	919_1R.png	unverified
D02-05892	گېزىتخانا	headword	919_1R.png	unverified
D02-05893	گېزىت- ژۇرنال	headword	919_1R.png	unverified
D02-05894	گېزىرىشمەك	headword	919_1R.png	unverified
D02-05895	گېزىتخۇمار	headword	919_1R.png	unverified
D02-05896	گېستاپو	headword	919_1R.png	unverified
D02-05897	گېستاپوچى	headword	919_1R.png	unverified
D02-05898	گېكتار	headword	919_1R.png	unverified
D02-05899	گېكتوگراف	headword	919_1R.png	unverified
D02-05900	گېكتوگىرام	headword	919_1R.png	verified
D02-05901	گېكتولىتر	headword	919_1R.png	unverified
D02-05902	گېكتومېتىر	headword	919_1R.png	unverified
D02-05903	گېگساخىلوران	headword	919_1R.png	verified
D02-05904	گېگېل	headword	919_1R.png	unverified
D02-05905	گېگېلچىلىق	headword	919_2L.png	unverified
D02-05906	گېگېلىزم	headword	919_2L.png	verified
D02-05907	گېگېلىزمچى	headword	919_2L.png	unverified
D02-05908	گېگېلىزملىق	headword	919_2L.png	unverified
D02-05909	گېلاۋ	headword	919_2L.png	unverified
D02-05910	گېلاۋچە	headword	919_2L.png	unverified
D02-05911	گېلاۋخۇي	headword	919_2L.png	unverified
D02-05912	گېلەك	headword	919_2L.png	unverified
D02-05913	گېلىسېميۇم	headword	919_2L.png	verified
D02-05914	گېلىكتەمەك	headword	919_2L.png	unverified
D02-05915	گېلىي	headword	919_2L.png	unverified
D02-05916	گېماتىن	headword	920_1R.png	unverified
D02-05917	گېموروي	headword	920_1R.png	unverified
D02-05918	گېموگلوبىن	headword	920_1R.png	unverified
D02-05919	گېن	headword	920_1R.png	unverified
D02-05920	گېنتىيانا	headword	920_1R.png	unverified
D02-05921	گېنداش	headword	920_1R.png	unverified
D02-05922	گېنداشلىق	headword	920_1R.png	unverified
D02-05923	گېنرى	headword	920_1R.png	unverified
D02-05924	گېنېتىك	headword	920_1R.png	unverified
D02-05925	گېنېتىكا	headword	920_1R.png	unverified
D02-05926	گېنېتىكىلىق	headword	920_2L.png	verified
D02-05927	گېنېراتور	headword	920_2L.png	unverified
D02-05928	گېنېرال	headword	920_2L.png	unverified
D02-05928-v1	جياڭجۈن	variant	920_2L.png	unverified
D02-05929	گېئوپوتېنسىيالمېتىر	headword	920_2L.png	verified
D02-05930	گېئوتېرمىكا	headword	920_2L.png	verified
D02-05931	گېئوتېكتونىكا	headword	920_2L.png	verified
D02-05932	گېئوتېكتونىكىلىق	headword	920_2L.png	verified
D02-05933	گېئوخىمىيە	headword	920_2L.png	unverified
D02-05934	گېئودېزىيە	headword	920_2L.png	verified
D02-05935	گېئوسىنكلىنال	headword	920_2L.png	verified
D02-05936	گېئوفىزىكا	headword	920_2L.png	verified
D02-05937	گېئوفىزىكىلىق	headword	920_2L.png	unverified
D02-05938	گېئوگرافىيە	headword	920_2L.png	verified
D02-05939	گېئوگرافىيەلىك	headword	920_2L.png	unverified
D02-05940	گېئولوگ	headword	920_2L.png	unverified
D02-05941	گېئولوگىيە	headword	921_1R.png	unverified
D02-05942	گېئولوگىيەلىك	headword	921_1R.png	unverified
D02-05943	گېئومورفولوگىيە	headword	921_1R.png	unverified
D02-05944	گېئومورفولوگىيەلىك	headword	921_1R.png	unverified
D02-05945	گېئومېتىرىيە	headword	921_1R.png	verified
D02-05946	گېئومېتىرىيەلىك	headword	921_1R.png	verified
D02-05947	گېئومېخانىكا	headword	921_1R.png	unverified
D02-05948	گىببېرېللىن	headword	921_1R.png	unverified
D02-05949	گىببىست	headword	921_1R.png	verified
D02-05950	گىبرىد	headword	921_1R.png	verified
D02-05951	گىپنوز	headword	921_1R.png	verified
D02-05952	گىپنوزچى	headword	921_2L.png	unverified
D02-05953	گىنوزلاتماق	headword	921_2L.png	unverified
D02-05954	گىپنوزلانماق	headword	921_2L.png	unverified
D02-05955	گىپنوزلۇق	headword	921_2L.png	unverified
D02-05956	گىپنوزلىماق	headword	921_2L.png	unverified
D02-05957	گىپوخىلورىت	headword	921_2L.png	verified
D02-05958	گىپوفىز	headword	921_2L.png	unverified
D02-05959	گىپېربولا	headword	921_2L.png	unverified
D02-05960	گىپېرون	headword	921_2L.png	unverified
D02-05961	گىپىس	headword	921_2L.png	verified
D02-05962	گىپىسلىماق	headword	921_2L.png	verified
D02-05963	گىتار	headword	921_2L.png	verified
D02-05963-i1	گىتارى	inflected	921_2L.png	verified
D02-05964	گىتارچى	headword	922_1R.png	unverified
D02-05965	گىجەك	headword	922_1R.png	unverified
D02-05966	گىجەكلىشمەك	headword	922_1R.png	unverified
D02-05967	گىجىرماچ	headword	922_1R.png	unverified
D02-05968	گىجىڭ	headword	922_1R.png	unverified
D02-05969	گىجىڭلىق	headword	922_1R.png	unverified
D02-05970	گىجىڭلىماق	headword	922_1R.png	verified
D02-05971	گىجىم	headword	922_1R.png	unverified
D02-05972	گىچ	headword	922_1R.png	unverified
D02-05973	گىچاڭلاتماق	headword	922_1R.png	unverified
D02-05974	گىچچىدە	headword	922_1R.png	unverified
D02-05975	گىچ - گىچ	headword	922_1R.png	unverified
D02-05976	گىچماچ	headword	922_1R.png	unverified
D02-05977	گىچماچلاشتۇرماق	headword	922_1R.png	unverified
D02-05978	گىچماچلاشماق	headword	922_1R.png	unverified
D02-05979	گىچىر	headword	922_1R.png	unverified
D02-05980	گىچىر - گىچىر	headword	922_1R.png	unverified
D02-05981	گىچىرلاتماق	headword	922_1R.png	unverified
D02-05982	گىچىرلىماق	headword	922_1R.png	unverified
D02-05983	گىچىلداتماق	headword	922_1R.png	unverified
D02-05984	گىچىلداشماق	headword	922_1R.png	unverified
D02-05985	گىچىلدىماق	headword	922_1R.png	unverified
D02-05986	گىچىماچاڭ	headword	922_2L.png	verified
D02-05987	گىدە	headword	922_2L.png	unverified
D02-05988	گىدەيتمەك	headword	922_2L.png	unverified
D02-05989	گىدەيتىلمەك	headword	922_2L.png	unverified
D02-05990	گىدەيمەك	headword	922_2L.png	unverified
D02-05991	گىدىك	headword	922_2L.png	unverified
D02-05992	گىدىك-گىدىك	headword	922_2L.png	unverified
D02-05993	گىدىگەي	headword	922_2L.png	unverified
D02-05994	گىدىيىشمەك	headword	922_2L.png	unverified
D02-05995	گىر	headword	922_2L.png	unverified
D02-05996	گىرابىن	headword	922_2L.png	unverified
D02-05997	گىرادۇس	headword	922_2L.png	unverified
D02-05998	گىرادۇسلۇق	headword	922_2L.png	unverified
D02-05999	گىرادىئېنت	headword	922_2L.png	unverified
D02-06000	گىراژدان	headword	922_2L.png	unverified
D02-06001	گىراژدانلىق	headword	922_2L.png	unverified
D02-06002	گىراف	headword	922_2L.png	unverified
D02-06003	گىرافا	headword	923_1R.png	verified
D02-06004	گىرافىت	headword	923_1R.png	verified
D02-06005	گىرافىك	headword	923_1R.png	verified
D02-06006	گىرافىكا	headword	923_1R.png	verified
D02-06007	گىرافىكىلىق	headword	923_1R.png	verified
D02-06008	گىرام	headword	923_1R.png	verified
D02-06009	گىراملاتماق	headword	923_1R.png	verified
D02-06010	گىراملانماق	headword	923_1R.png	verified
D02-06011	گىراملىق	headword	923_1R.png	verified
D02-06012	گىراملىماق	headword	923_1R.png	verified
D02-06013	گىرامماتىكا	headword	923_1R.png	verified
D02-06014	گىرامماتىكىلىق	headword	923_2L.png	unverified
D02-06015	گىرانات	headword	923_2L.png	unverified
D02-06016	گىراناتوميوت	headword	923_2L.png	unverified
D02-06017	گىرانىت	headword	923_2L.png	unverified
D02-06018	گىرانىتلىق	headword	923_2L.png	unverified
D02-06019	گىراۋىتاتسىيە	headword	923_2L.png	unverified
D02-06020	گىراۋىتاتسىيەلىك	headword	923_2L.png	unverified
D02-06021	گىراۋىمېتىرىيە	headword	923_2L.png	unverified
D02-06022	گىرە	headword	923_2L.png	unverified
D02-06023	گىرەچە	headword	923_2L.png	unverified
D02-06024	گىرەدىمەك	headword	923_2L.png	unverified
D02-06025	گىرە-گىرە	headword	923_2L.png	verified
D02-06026	گىرەلەشتۈرمەك	headword	923_2L.png	unverified
D02-06027	گىرەلەشتۈرۈلمەك	headword	923_2L.png	unverified
D02-06028	گىرەلەشمە	headword	923_2L.png	unverified
D02-06029	گىرەلەشمەك	headword	923_2L.png	unverified
D02-06030	گىرەلىمەك	headword	924_1R.png	unverified
D02-06031	گىرت	headword	924_1R.png	unverified
D02-06032	گىرتتىدە	headword	924_1R.png	unverified
D02-06033	گىرت - گىرت	headword	924_1R.png	verified
D02-06034	گىرتىلدىماق	headword	924_1R.png	unverified
D02-06035	گىرچى	headword	924_1R.png	unverified
D02-06036	گىرخانا	headword	924_1R.png	unverified
D02-06037	گىرداب	headword	924_1R.png	unverified
D02-06038	گىردە	headword	924_1R.png	unverified
D02-06039	گىرلەتمەك	headword	924_1R.png	unverified
D02-06040	گىرلەشمەك	headword	924_1R.png	unverified
D02-06041	گىرلەنمەك	headword	924_1R.png	unverified
D02-06042	گىرلىمەك	headword	924_1R.png	unverified
D02-06043	گىروي	headword	924_1R.png	unverified
D02-06044	گىرۇزىن	headword	924_1R.png	unverified
D02-06045	گىرۇزىنچە	headword	924_1R.png	unverified
D02-06046	گىرۋەك	headword	924_1R.png	unverified
D02-06047	گىرۋەكلىك	headword	924_1R.png	unverified
D02-06048	گىرېك	headword	924_2L.png	unverified
D02-06049	گىرېلكا	headword	924_2L.png	verified
D02-06050	گىرېيزېن	headword	924_2L.png	unverified
D02-06051	گىرى	headword	924_2L.png	unverified
D02-06052	گىرىپ	headword	924_2L.png	unverified
D02-06053	گىرىپتار	headword	924_2L.png	unverified
D02-06054	گىرىپتارلىق	headword	924_2L.png	unverified
D02-06055	گىرىپتىشىن	headword	924_2L.png	unverified
D02-06056	گىرىپسەتىن	headword	924_2L.png	verified
D02-06057	گىرىژ	headword	925_1R.png	unverified
D02-06058	گىرىشىم	headword	925_1R.png	unverified
D02-06059	گىرىلىك	headword	925_1R.png	unverified
D02-06060	گىرىم	headword	925_1R.png	verified
D02-06060-v1	پەرداز	variant	925_1R.png	verified
D02-06061	گىرىمچى	headword	925_1R.png	unverified
D02-06062	گىرىمچىلىك	headword	925_1R.png	unverified
D02-06063	گىرىمخانا	headword	925_1R.png	unverified
D02-06064	گىرىمسەن	headword	925_1R.png	unverified
D02-06065	گىرىمسەنلەشمەك	headword	925_1R.png	unverified
D02-06066	گىرىمسىز	headword	925_1R.png	unverified
D02-06067	گىرىمسىزلىك	headword	925_1R.png	unverified
D02-06068	گىرىملەنمەك	headword	925_1R.png	unverified
D02-06069	گىرىملىك	headword	925_1R.png	unverified
D02-06070	گىرىملىمەك	headword	925_1R.png	unverified
D02-06071	گىريان	headword	925_1R.png	unverified
D02-06072	گىريانە	headword	925_1R.png	verified
D02-06073	گىژ	headword	925_1R.png	unverified
D02-06074	گىژ-گىژ	headword	925_1R.png	unverified
D02-06075	گىژ-گىژلاشماق	headword	925_1R.png	unverified
D02-06076	گىژىلداتماق	headword	925_2L.png	unverified
D02-06077	گىژىلداشماق	headword	925_2L.png	unverified
D02-06078	گىژىلدىماق	headword	925_2L.png	unverified
D02-06079	گىستامىن	headword	925_2L.png	unverified
D02-06080	گىستوفىزىيولوگىيە	headword	925_2L.png	unverified
D02-06081	گىستوگرامما	headword	925_2L.png	unverified
D02-06082	گىستولوگ	headword	925_2L.png	unverified
D02-06083	گىستولوگىيە	headword	925_2L.png	unverified
D02-06084	گىگانت	headword	925_2L.png	unverified
D02-06085	گىگروسكوپ	headword	925_2L.png	unverified
D02-06086	گىگروگراف	headword	925_2L.png	unverified
D02-06087	گىگرومېتىر	headword	925_2L.png	unverified
D02-06088	گىگرومېتىرىيە	headword	925_2L.png	unverified
D02-06089	گىگېنا	headword	925_2L.png	verified
D02-06090	گىڭ	headword	925_2L.png	verified
D02-06091	گىڭشىماق	headword	926_1R.png	unverified
D02-06092	گىڭ - گىڭ	headword	926_1R.png	unverified
D02-06093	گىڭىلداتماق	headword	926_1R.png	unverified
D02-06094	گىڭىلداشماق	headword	926_1R.png	unverified
D02-06095	گىڭىلدىماق	headword	926_1R.png	unverified
D02-06096	گىل	headword	926_1R.png	unverified
D02-06097	گىلاس	headword	926_1R.png	unverified
D02-06098	گىلاسلىق	headword	926_1R.png	unverified
D02-06099	گىلاڭ	headword	926_1R.png	unverified
D02-06100	گىلاماق	headword	926_1R.png	unverified
D02-06101	گىلائۇبېرىت	headword	926_1R.png	verified
D02-06102	گىلاۋكوما	headword	926_1R.png	verified
D02-06103	گىلەم	headword	926_1R.png	unverified
D02-06104	گىلەمچى	headword	926_1R.png	unverified
D02-06105	گىلەمچىلىك	headword	926_1R.png	unverified
D02-06106	گىلەملىك	headword	926_1R.png	unverified
D02-06107	گىلبېرت	headword	926_2L.png	verified
D02-06108	گىلتاغ	headword	926_2L.png	unverified
D02-06109	گىلدېر	headword	926_2L.png	unverified
D02-06110	گىلدىڭ	headword	926_2L.png	unverified
D02-06111	گىلدىڭشىتماق	headword	926_2L.png	unverified
D02-06112	گىلدىڭشىماق	headword	926_2L.png	unverified
D02-06113	گىلدىڭ-گىلدىڭ	headword	926_2L.png	unverified
D02-06114	گىلدىڭلاتماق	headword	926_2L.png	unverified
D02-06115	گىلدىڭلاشماق	headword	926_2L.png	unverified
D02-06116	گىلدىڭلىغاق	headword	926_2L.png	unverified
D02-06117	گىلدىڭلىماق	headword	926_2L.png	unverified
D02-06118	گىلوبۇس	headword	926_2L.png	unverified
D02-06119	گىلوبۇلىن	headword	926_2L.png	unverified
D02-06120	گىلۇكوزا	headword	926_2L.png	verified
D02-06121	گىلىتسېرىن	headword	927_1R.png	verified
D02-06122	گىلىكوزىد	headword	927_1R.png	unverified
D02-06123	گىلىكوگېن	headword	927_1R.png	unverified
D02-06124	گىلىگىتاڭ	headword	927_1R.png	verified
D02-06125	گىلىھېكمەت	headword	927_1R.png	unverified
D02-06126	گىمن	headword	927_1R.png	unverified
D02-06127	گىمنازىست	headword	927_1R.png	unverified
D02-06128	گىمنازىستلىق	headword	927_1R.png	unverified
D02-06129	گىمنازىيە	headword	927_1R.png	unverified
D02-06130	گىمناستوركا	headword	927_1R.png	unverified
D02-06131	گىمناستكا	headword	927_1R.png	unverified
D02-06132	گىمناستىكىچى	headword	927_2L.png	unverified
D02-06133	گىنە	headword	927_2L.png	unverified
D02-06133-v1	ئاداۋەت	variant	927_2L.png	unverified
D02-06134	گىنېكولوگ	headword	927_2L.png	unverified
D02-06135	گىنېكولوگىيە	headword	927_2L.png	unverified
D02-06136	گىنېيىس	headword	927_2L.png	unverified
D02-06137	گىۋاردىيە	headword	927_2L.png	unverified
D02-06138	گىۋاردىيەچى	headword	927_2L.png	unverified
D02-06139	گىياھ	headword	927_2L.png	unverified
D02-06140	گىياھسىز	headword	927_2L.png	unverified
D02-06141	گىيەك	headword	927_2L.png	unverified
D02-06142	لائەقەل	headword	929_1R.png	verified
D02-06143	لابدۇر	headword	929_1R.png	unverified
D02-06144	لابدۇرلاشتۇرماق	headword	929_1R.png	unverified
D02-06145	لابدۇرلاشتۇرۇشماق	headword	929_1R.png	unverified
D02-06146	لابدۇرلاشتۇرۇلماق	headword	929_1R.png	unverified
D02-06147	لابدۇرلاشماق	headword	929_1R.png	unverified
D02-06148	لابدۇرلۇق	headword	929_1R.png	unverified
D02-06149	لابرادور	headword	929_1R.png	unverified
D02-06150	لابوراتورىيە	headword	929_1R.png	unverified
D02-06151	لابوراتورىيەلىك	headword	929_1R.png	unverified
D02-06152	لابورانت	headword	929_1R.png	unverified
D02-06153	لاپ	headword	929_1R.png	unverified
D02-06155	لاپاس	headword	929_2L.png	unverified
D02-06157	لاپاسلاتماق	headword	929_2L.png	unverified
D02-06158	لاپاسلاشماق	headword	929_2L.png	unverified
D02-06159	لاپاسلىماق	headword	929_2L.png	unverified
D02-06160	لاپەندى	headword	929_2L.png	unverified
D02-06161	لاپپىدە	headword	929_2L.png	unverified
D02-06162	لاپچاق	headword	929_2L.png	unverified
D02-06163	لاپچايتماق	headword	929_2L.png	verified
D02-06164	لاپچايماق	headword	929_2L.png	unverified
D02-06165	لاپچۇق	headword	929_2L.png	unverified
D02-06166	لاپچى	headword	929_2L.png	unverified
D02-06167	لاپچىلىق	headword	929_2L.png	unverified
D02-06168	لاپچىن	headword	929_2L.png	unverified
D02-06169	لاپچىيىشماق	headword	929_2L.png	unverified
D02-06170	لاپخور	headword	929_2L.png	unverified
D02-06171	لاپخورلۇق	headword	929_2L.png	unverified
D02-06172	لاپساڭ	headword	929_2L.png	unverified
D02-06173	لاپسايماق	headword	929_2L.png	unverified
D02-06174	لاپقۇت	headword	930_1R.png	unverified
D02-06175	لاپقۇتلاشتۇرماق	headword	930_1R.png	unverified
D02-06176	لاپقۇتلاشتۇرۇلماق	headword	930_1R.png	unverified
D02-06177	لاپقۇتلاشماق	headword	930_1R.png	unverified
D02-06178	لاپ - لاپ	headword	930_1R.png	unverified
D02-06179	لاپلاخ	headword	930_1R.png	unverified
D02-06180	لاتا	headword	930_1R.png	unverified
D02-06181	لاتا ئاشىق	headword	930_1R.png	unverified
D02-06182	لاتا غىلاپ	headword	930_1R.png	unverified
D02-06183	لاتا غىلاپلىق	headword	930_1R.png	verified
D02-06184	لاتا قونچ	headword	930_1R.png	unverified
D02-06184-v1	لاتاغىلاپ	variant	930_1R.png	unverified
D02-06185	لاتا قونچلۇق	headword	930_1R.png	unverified
D02-06186	لاتاپەت	headword	930_1R.png	unverified
D02-06187	لاتاپەتسىز	headword	930_1R.png	unverified
D02-06188	لاتاپەتلىك	headword	930_1R.png	unverified
D02-06189	لاتا- پۇتا	headword	930_1R.png	unverified
D02-06190	لاتارىيە	headword	930_1R.png	unverified
D02-06191	لاتارىيەچى	headword	930_1R.png	unverified
D02-06192	لاتقا	headword	930_2L.png	verified
D02-06193	لاتقىلىق	headword	930_2L.png	verified
D02-06194	لاتىپۇرۇش	headword	930_2L.png	unverified
D02-06195	لاتىپۇرۇشلۇق	headword	930_2L.png	unverified
D02-06196	لاتىلاشتۇرماق	headword	930_2L.png	unverified
D02-06197	لاتىلاشتۇرۇشماق	headword	930_2L.png	verified
D02-06198	لاتىلاشتۇرۇلماق	headword	930_2L.png	unverified
D02-06199	لاتىلاشماق	headword	930_2L.png	unverified
D02-06200	لاتىلىق	headword	930_2L.png	unverified
D02-06201	لاتىن	headword	930_2L.png	unverified
D02-06202	لاتىنچە	headword	930_2L.png	unverified
D02-06203	لاجۇۋەرد	headword	930_2L.png	unverified
D02-06204	لاچىن	headword	931_1R.png	unverified
D02-06205	لاچىندانە	headword	931_1R.png	unverified
D02-06206	لاخسا	headword	931_1R.png	unverified
D02-06207	لاخشى	headword	931_1R.png	unverified
D02-06208	لاخشىگىر	headword	931_1R.png	unverified
D02-06209	لاخۇ	headword	931_1R.png	unverified
D02-06210	لاخۇچە	headword	931_1R.png	unverified
D02-06212	لازېر	headword	931_1R.png	unverified
D02-06214	لازىگۈل	headword	931_2L.png	verified
D02-06215	لازىلىق	headword	931_2L.png	unverified
D02-06216	لازىم	headword	931_2L.png	unverified
D02-06217	لازىمەت	headword	931_2L.png	unverified
D02-06218	لازىمەتلىك	headword	931_2L.png	unverified
D02-06219	لازىملىق	headword	931_2L.png	unverified
D02-06220	لاس	headword	931_2L.png	unverified
D02-06221	لاسكات	headword	931_2L.png	unverified
D02-06222	لاسسىدە	headword	931_2L.png	unverified
D02-06223	لاس - لاس	headword	931_2L.png	unverified
D02-06224	لاشىن	headword	931_2L.png	verified
D02-06225	لاغ	headword	931_2L.png	unverified
D02-06226	لاغايلاتماق	headword	931_2L.png	unverified
D02-06227	لاغايلاشماق	headword	931_2L.png	unverified
D02-06228	لاغايلىماق	headword	931_2L.png	unverified
D02-06229	لاغ - لاغ	headword	932_1R.png	unverified
D02-06230	لاغىلداتماق	headword	932_1R.png	unverified
D02-06231	لاغىلداشماق	headword	932_1R.png	verified
D02-06232	لاغىلدىماق	headword	932_1R.png	unverified
D02-06233	لاق	headword	932_1R.png	verified
D02-06234	لاققا	headword	932_1R.png	unverified
D02-06235	لاققىدە	headword	932_1R.png	unverified
D02-06236	لاقىلداتماق	headword	932_1R.png	unverified
D02-06237	لاقىلداشماق	headword	932_1R.png	unverified
D02-06238	لاقىلدىماق	headword	932_1R.png	unverified
D02-06239	لاك	headword	932_1R.png	unverified
D02-06240	لاكات	headword	932_1R.png	unverified
D02-06241	لاكاتلىق	headword	932_1R.png	unverified
D02-06242	لاكاسلىماق	headword	932_1R.png	unverified
D02-06243	لاكتوزا	headword	932_1R.png	unverified
D02-06244	لاكتومېتىر	headword	932_1R.png	unverified
D02-06245	لاكلاتماق	headword	932_1R.png	unverified
D02-06246	لاكلاشماق	headword	932_1R.png	verified
D02-06247	لاكلانماق	headword	932_1R.png	unverified
D02-06248	لاكلىماق	headword	932_1R.png	unverified
D02-06249	لاكمۇس	headword	932_1R.png	verified
D02-06250	لاكىلوزۇڭ	headword	932_2L.png	unverified
D02-06251	لاگېر	headword	932_2L.png	unverified
D02-06252	لاڭتا	headword	932_2L.png	unverified
D02-06253	لاڭشىق	headword	932_2L.png	unverified
D02-06254	لاڭقا	headword	932_2L.png	unverified
D02-06257	لال	headword	932_2L.png	unverified
D02-06258	لالا	headword	932_2L.png	verified
D02-06259	لالاق	headword	932_2L.png	unverified
D02-06260	لالاي	headword	932_2L.png	unverified
D02-06261	لالايماق	headword	932_2L.png	unverified
D02-06262	لالە	headword	932_2L.png	unverified
D02-06263	لالە-رەيھان	headword	932_2L.png	unverified
D02-06264	لالما	headword	932_2L.png	unverified
D02-06265	لالمىلىق	headword	932_2L.png	unverified
D02-06266	لالۇ	headword	932_2L.png	unverified
D02-06267	لالىزار	headword	932_2L.png	unverified
D02-06268	لالىزارلىق	headword	932_2L.png	verified
D02-06269	لالىگۈل	headword	932_2L.png	verified
D02-06270	لام	headword	932_2L.png	unverified
D02-06271	لاما	headword	932_2L.png	verified
D02-06272	لامپروفىر	headword	933_1R.png	verified
D02-06273	لامپۇچكا	headword	933_1R.png	unverified
D02-06274	لام-جىم	headword	933_1R.png	unverified
D02-06275	لام - جىم دېمەي	headword	933_1R.png	verified
D02-06276	لامزەللە	headword	933_1R.png	unverified
D02-06277	لامزەللىلىك	headword	933_1R.png	unverified
D02-06278	لانتان	headword	933_1R.png	unverified
D02-06279	لاندىش	headword	933_1R.png	unverified
D02-06280	لانسىت	headword	933_1R.png	unverified
D02-06281	لانولىن	headword	933_1R.png	unverified
D02-06282	لاۋا	headword	933_1R.png	unverified
D02-06284	لاۋازىم	headword	933_1R.png	unverified
D02-06285	لاۋازىمات	headword	933_1R.png	unverified
D02-06286	لاۋازىماتچى	headword	933_1R.png	unverified
D02-06287	لاۋازىمبېگى	headword	933_2L.png	verified
D02-06288	لاۋا - لاتقا	headword	933_2L.png	unverified
D02-06289	لاۋان	headword	933_2L.png	verified
D02-06290	لاۋر	headword	933_2L.png	unverified
D02-06291	لاۋرېنتسىي	headword	933_2L.png	unverified
D02-06292	لاۋزا	headword	933_2L.png	unverified
D02-06293	لاۋزىلاشتۇرماق	headword	933_2L.png	unverified
D02-06294	لاۋزىلاشتۇرۇلماق	headword	933_2L.png	unverified
D02-06295	لاۋزىلاشماق	headword	933_2L.png	unverified
D02-06296	لاۋزىلىق	headword	933_2L.png	verified
D02-06297	لاۋۇلەشكەر	headword	933_2L.png	verified
D02-06298	لاۋۇلداتماق	headword	933_2L.png	unverified
D02-06299	لاي	headword	934_1R.png	verified
D02-06300	لاياقەت	headword	934_1R.png	unverified
D02-06301	لاياقەتسىز	headword	934_1R.png	unverified
D02-06302	لاياقەتسىزلىك	headword	934_1R.png	unverified
D02-06303	لاياقەتلىك	headword	934_1R.png	unverified
D02-06304	لايپاس	headword	934_1R.png	unverified
D02-06305	لايچى	headword	934_1R.png	unverified
D02-06306	لايچىلىق	headword	934_1R.png	unverified
D02-06307	لايخورەك	headword	934_1R.png	verified
D02-06308	لايخۇش	headword	934_1R.png	unverified
D02-06309	لايداك	headword	934_1R.png	unverified
D02-06310	لايسىمان	headword	934_1R.png	unverified
D02-06311	لايغەزەل	headword	934_1R.png	unverified
D02-06312	لايغەزەللەشتۈرمەك	headword	934_1R.png	unverified
D02-06313	لايغەزەللەشتۈرۈلمەك	headword	934_1R.png	unverified
D02-06314	لايغەزەللەشمەك	headword	934_1R.png	unverified
D02-06315	لايغەزەللىك	headword	934_1R.png	unverified
D02-06316	لايقا	headword	934_1R.png	unverified
D02-06317	لايقالاندۇرماق	headword	934_2L.png	unverified
D02-06318	لايقالانماق	headword	934_2L.png	unverified
D02-06319	لايلاتما	headword	934_2L.png	unverified
D02-06320	لايلاتماق	headword	934_2L.png	unverified
D02-06321	لايلاشماق	headword	934_2L.png	unverified
D02-06322	لايلانماق	headword	934_2L.png	unverified
D02-06323	لاي - لاي	headword	934_2L.png	unverified
D02-06324	لايلەمپە	headword	934_2L.png	unverified
D02-06325	لايلىق	headword	934_2L.png	unverified
D02-06326	لايلىماق	headword	934_2L.png	unverified
D02-06327	لايىق	headword	934_2L.png	unverified
D02-06328	لايىقسىز	headword	934_2L.png	unverified
D02-06329	لايىقسىزلىق	headword	934_2L.png	unverified
D02-06330	لايىقلاشتۇرماق	headword	934_2L.png	unverified
D02-06331	لايىقلاشتۇرۇشماق	headword	934_2L.png	unverified
D02-06332	لايىقلاشماق	headword	935_1R.png	verified
D02-06333	لايىقلىق	headword	935_1R.png	unverified
D02-06334	لايىقىدا	headword	935_1R.png	unverified
D02-06335	لايىھە	headword	935_1R.png	unverified
D02-06336	لايىھەچى	headword	935_1R.png	unverified
D02-06337	لايىھەلەتمەك	headword	935_1R.png	unverified
D02-06338	لايىھەلەشمەك	headword	935_1R.png	unverified
D02-06339	لايىھەلەنمەك	headword	935_1R.png	unverified
D02-06340	لايىھەلىگۈچى	headword	935_1R.png	verified
D02-06341	لايىھەلىمەك	headword	935_1R.png	unverified
D02-06342	لاييېگەك	headword	935_1R.png	verified
D02-06343	لەئەل	headword	935_1R.png	unverified
D02-06344	لەئەل - ياقۇت	headword	935_1R.png	unverified
D02-06345	لەپ	headword	935_1R.png	unverified
D02-06346	لەپەر	headword	935_1R.png	unverified
D02-06347	لەپەرچى	headword	935_1R.png	unverified
D02-06348	لەپەڭ	headword	935_1R.png	unverified
D02-06349	لەپەڭ ـ لەپەڭ	headword	935_2L.png	verified
D02-06350	لەپەڭلەتمەك	headword	935_2L.png	unverified
D02-06351	لەپەڭلەشمەك	headword	935_2L.png	unverified
D02-06352	لەپەڭلىمەك	headword	935_2L.png	unverified
D02-06353	لەپپىدە	headword	935_2L.png	unverified
D02-06354	لەپسەڭ	headword	935_2L.png	unverified
D02-06355	لەپشىتمەك	headword	935_2L.png	verified
D02-06356	لەپشىشمەك	headword	935_2L.png	unverified
D02-06357	لەپشىمەك	headword	935_2L.png	unverified
D02-06358	لەپكە	headword	935_2L.png	unverified
D02-06359	لەپكەگدىمەك	headword	935_2L.png	unverified
D02-06360	لەپ - لەپ	headword	935_2L.png	unverified
D02-06361	لەپلىمە	headword	935_2L.png	unverified
D02-06362	لەپىلدەتمەك	headword	935_2L.png	unverified
D02-06363	لەپىلدەشمەك	headword	935_2L.png	unverified
D02-06364	لەپىلدىمەك	headword	935_2L.png	unverified
D02-06365	لەت	headword	935_2L.png	unverified
D02-06366	لەتخور	headword	935_2L.png	unverified
D02-06367	لەتمە	headword	935_2L.png	unverified
D02-06368	لەتىپە	headword	935_2L.png	unverified
D02-06369	لەتىپىلەشتۈرمەك	headword	936_1R.png	verified
D02-06370	لەتىپىلەشتۈرۈشمەك	headword	936_1R.png	unverified
D02-06371	لەتىپىلەشتۈرۈلمەك	headword	936_1R.png	unverified
D02-06372	لەتىپىلەشمەك	headword	936_1R.png	unverified
D02-06373	لەجۋە	headword	936_1R.png	unverified
D02-06374	لەختە	headword	936_1R.png	unverified
D02-06375	لەختە - لەختە	headword	936_1R.png	unverified
D02-06376	لەخشە	headword	936_1R.png	unverified
D02-06377	لەخشە - لەخشە	headword	936_1R.png	unverified
D02-06378	لەخمە	headword	936_1R.png	unverified
D02-06379	لەخمىسىز	headword	936_1R.png	unverified
D02-06380	لەخمىلەشتۈرمەك	headword	936_1R.png	verified
D02-06381	لەخمىلەشتۈرۈشمەك	headword	936_1R.png	verified
D02-06382	لەخمىلەشتۈرۈلمەك	headword	936_1R.png	verified
D02-06383	لەخمىلەشمەك	headword	936_1R.png	verified
D02-06384	لەخمىلىك	headword	936_1R.png	unverified
D02-06385	لەرزان	headword	936_1R.png	unverified
D02-06386	لەرزە	headword	936_1R.png	unverified
D02-06387	لەززەت	headword	936_1R.png	unverified
D02-06388	لەززەتسىز	headword	936_2L.png	unverified
D02-06389	لەززەتسىزلەندۈرمەك	headword	936_2L.png	unverified
D02-06390	لەززەتسىزلەندۈرۈشمەك	headword	936_2L.png	unverified
D02-06391	لەززەتسىزلەندۈرۈلمەك	headword	936_2L.png	unverified
D02-06392	لەززەتسىزلەنمەك	headword	936_2L.png	unverified
D02-06393	لەززەتسىزلىك	headword	936_2L.png	unverified
D02-06394	لەززەتلەندۈرمەك	headword	936_2L.png	unverified
D02-06395	لەززەتلەندۈرۈشمەك	headword	936_2L.png	unverified
D02-06396	لەززەتلەندۈرۈلمەك	headword	936_2L.png	unverified
D02-06397	لەززەتلەنمەك	headword	936_2L.png	unverified
D02-06398	لەززەتلىك	headword	936_2L.png	unverified
D02-06399	لەززەتلىنىشمەك	headword	936_2L.png	unverified
D02-06400	لەزىز	headword	936_2L.png	unverified
D02-06401	لەش	headword	936_2L.png	unverified
D02-06402	لەشكەر	headword	936_2L.png	unverified
D02-06403	لەشكەرگاھ	headword	936_2L.png	unverified
D02-06404	لەشكەرىي	headword	936_2L.png	verified
D02-06405	لەقەم	headword	936_2L.png	unverified
D02-06406	لەقەمچى	headword	937_1R.png	unverified
D02-06407	لەقەملەشتۈرمەك	headword	937_1R.png	unverified
D02-06408	لەقەملەشمەك	headword	937_1R.png	unverified
D02-06409	لەقەملەنمەك	headword	937_1R.png	unverified
D02-06410	لەقەملىك	headword	937_1R.png	unverified
D02-06411	لەقۋا	headword	937_1R.png	unverified
D02-06412	لەقۋالاشتۇرماق	headword	937_1R.png	unverified
D02-06413	لەقۋالاشتۇرۇشماق	headword	937_1R.png	unverified
D02-06414	لەقۋالاشتۇرۇلماق	headword	937_1R.png	unverified
D02-06415	لەقۋالاشماق	headword	937_1R.png	unverified
D02-06416	لەقۋالىق	headword	937_1R.png	unverified
D02-06417	لەك	headword	937_1R.png	unverified
D02-06418	لەك-لەك	headword	937_1R.png	unverified
D02-06419	لەكمىڭ-لەكمىڭ	headword	937_1R.png	unverified
D02-06420	لەگلەك	headword	937_1R.png	unverified
D02-06423	لەڭپۇڭچى	headword	937_2L.png	unverified
D02-06424	لەڭپۇڭچىلىق	headword	937_2L.png	unverified
D02-06426	لەڭگەر	headword	937_2L.png	unverified
D02-06428	لەڭگەرچى	headword	937_2L.png	verified
D02-06429	لەڭگۈك	headword	937_2L.png	unverified
D02-06431	لەڭڭىدە	headword	937_2L.png	unverified
D02-06432	لەڭلەڭ	headword	937_2L.png	verified
D02-06433	لەڭ-لۇڭ	headword	937_2L.png	unverified
D02-06434	لەڭمەن	headword	937_2L.png	unverified
D02-06435	لەڭمەنتاقتاق	headword	937_2L.png	unverified
D02-06436	لەڭمەنخانا	headword	937_2L.png	unverified
D02-06437	لەلە	headword	937_2L.png	unverified
D02-06438	لەلەڭلەتمەك	headword	938_1R.png	unverified
D02-06439	لەلەڭلەشمەك	headword	938_1R.png	unverified
D02-06440	لەلەڭلىمەك	headword	938_1R.png	unverified
D02-06441	لەلىشۇ	headword	938_1R.png	unverified
D02-06442	لەمبەر	headword	938_1R.png	unverified
D02-06443	لەمبۇق	headword	938_1R.png	unverified
D02-06444	لەمپە	headword	938_1R.png	unverified
D02-06445	لەمپىسىز	headword	938_1R.png	unverified
D02-06446	لەمپىلىك	headword	938_1R.png	unverified
D02-06447	لەمشەرمەك	headword	938_1R.png	unverified
D02-06448	لەنەت	headword	938_1R.png	unverified
D02-06449	لەنەتگەردى	headword	938_1R.png	verified
D02-06450	لەنەتلەنمەك	headword	938_1R.png	unverified
D02-06451	لەنەتلىك	headword	938_1R.png	unverified
D02-06452	لەنەت - نەپرەت	headword	938_1R.png	unverified
D02-06453	لەنپا	headword	938_1R.png	unverified
D02-06454	لەنىتى	headword	938_1R.png	verified
D02-06455	لەھجە	headword	938_1R.png	verified
D02-06455-v1	شېۋە	variant	938_1R.png	verified
D02-06456	لەھزە	headword	938_1R.png	unverified
D02-06457	لەۋ	headword	938_2L.png	unverified
D02-06458	لەۋ سۇرۇخ	headword	938_2L.png	unverified
D02-06458-v1	ئەرىنلىك	variant	938_2L.png	unverified
D02-06459	لېۋىنى چىشلىمەك	headword	938_2L.png	verified
D02-06460	لەۋەن	headword	938_2L.png	unverified
D02-06461	لەۋەند	headword	938_2L.png	unverified
D02-06462	لەۋەنلەشمەك	headword	938_2L.png	unverified
D02-06463	لەۋەنلىك	headword	938_2L.png	unverified
D02-06464	لەۋەي	headword	938_2L.png	unverified
D02-06465	لەۋەي - لەۋەي	headword	938_2L.png	unverified
D02-06466	لەۋ - چىش	headword	938_2L.png	unverified
D02-06467	لەۋز	headword	938_2L.png	unverified
D02-06468	لەۋزى ھالال	headword	938_2L.png	verified
D02-06469	لەۋلەشتۈرۈشمەك	headword	938_2L.png	unverified
D02-06470	لەۋلەشتۈرۈلمەك	headword	938_2L.png	unverified
D02-06471	لەۋلەشمەك	headword	939_1R.png	unverified
D02-06472	لەۋنا	headword	939_1R.png	unverified
D02-06473	لەۋھە	headword	939_1R.png	unverified
D02-06474	لەيسىلىمەك	headword	939_1R.png	unverified
D02-06475	لەيلەتكۈ	headword	939_1R.png	verified
D02-06476	لەيلەتمەك	headword	939_1R.png	unverified
D02-06477	لەيلەشمەك	headword	939_1R.png	unverified
D02-06478	لەيلەك	headword	939_1R.png	unverified
D02-06479	لەيلى	headword	939_1R.png	unverified
D02-06480	لەيلى - رەيھان	headword	939_1R.png	unverified
D02-06481	لەيلىقازاق	headword	939_1R.png	unverified
D02-06482	لەيلىگەك	headword	939_1R.png	unverified
D02-06483	لەيلىگۈچ	headword	939_1R.png	unverified
D02-06484	لەيلىگۈچلۈك	headword	939_1R.png	unverified
D02-06485	لەيلىگۈچى	headword	939_1R.png	unverified
D02-06486	لەيلىگۈل	headword	939_1R.png	unverified
D02-06487	لەيلىمە	headword	939_2L.png	unverified
D02-06488	لەيلىمەك	headword	939_2L.png	unverified
D02-06489	لو	headword	939_2L.png	unverified
D02-06491	لوبېلىيە	headword	939_2L.png	unverified
D02-06492	لوپ	headword	939_2L.png	unverified
D02-06493	لوپا	headword	939_2L.png	unverified
D02-06494	لوپ- لوپ	headword	939_2L.png	unverified
D02-06495	لوپولىت	headword	939_2L.png	unverified
D02-06496	لوپۇلداتماق	headword	939_2L.png	unverified
D02-06497	لوپۇلداشماق	headword	939_2L.png	unverified
D02-06498	لوپۇلدىتىلماق	headword	939_2L.png	unverified
D02-06499	لوپۇلدىماق	headword	939_2L.png	unverified
D02-06500	لوت	headword	939_2L.png	verified
D02-06501	لوخشۇق	headword	939_2L.png	unverified
D02-06502	لوخشۇق ئەتمەك	headword	939_2L.png	unverified
D02-06503	لوخۇ	headword	939_2L.png	unverified
D02-06504	لورروپتالۇم	headword	940_1R.png	verified
D02-06506	لوزۇنكا	headword	940_1R.png	unverified
D02-06507	لوغۇلدىماق	headword	940_1R.png	unverified
D02-06508	لوق	headword	940_1R.png	unverified
D02-06510	لوقشىتماق	headword	940_1R.png	unverified
D02-06511	لوقشىشماق	headword	940_1R.png	unverified
D02-06512	لوقشىماق	headword	940_1R.png	unverified
D02-06513	لوق- لوق	headword	940_1R.png	unverified
D02-06514	لوقما	headword	940_1R.png	unverified
D02-06515	لوقۇلداتماق	headword	940_1R.png	unverified
D02-06516	لوقۇلداشماق	headword	940_1R.png	unverified
D02-06517	لوقۇلدىتىلماق	headword	940_1R.png	unverified
D02-06518	لوقۇلدىماق	headword	940_1R.png	unverified
D02-06519	لوك	headword	940_1R.png	unverified
D02-06521	لوكتا	headword	940_1R.png	unverified
D02-06522	لوكدان	headword	940_1R.png	unverified
D02-06523	لوككا	headword	940_2L.png	unverified
D02-06524	لوككىدە	headword	940_2L.png	unverified
D02-06525	لوككىلىق	headword	940_2L.png	unverified
D02-06526	لوك - لوك	headword	940_2L.png	unverified
D02-06527	لوكۇلداتماق	headword	940_2L.png	unverified
D02-06528	لوكۇلداشماق	headword	940_2L.png	unverified
D02-06529	لوكۇلدىماق	headword	940_2L.png	unverified
D02-06530	لوگارىفما	headword	940_2L.png	unverified
D02-06531	لوگارىفمىلاتماق	headword	940_2L.png	unverified
D02-06532	لوگارىفمىلانماق	headword	940_2L.png	unverified
D02-06533	لوگارىفمىلىق	headword	940_2L.png	unverified
D02-06534	لوگارىفمىلىماق	headword	940_2L.png	verified
D02-06535	لوگىكا	headword	940_2L.png	unverified
D02-06536	لوگىكىشۇناس	headword	940_2L.png	unverified
D02-06537	لوگىكىشۇناسلىق	headword	940_2L.png	unverified
D02-06538	لوگىكىلىق	headword	940_2L.png	unverified
D02-06539	لوڭقا	headword	941_1R.png	verified
D02-06540	لوڭڭىدە	headword	941_1R.png	verified
D02-06541	لوڭ- لوڭ	headword	941_1R.png	unverified
D02-06542	لوڭۇلدىماق	headword	941_1R.png	verified
D02-06544	لولا	headword	941_1R.png	unverified
D02-06545	لولاك	headword	941_1R.png	unverified
D02-06547	لولاڭچى	headword	941_1R.png	unverified
D02-06548	لولىلاشتۇرماق	headword	941_1R.png	unverified
D02-06549	لولىلاشتۇرۇشماق	headword	941_1R.png	unverified
D02-06550	لولىلاشتۇرۇلماق	headword	941_1R.png	unverified
D02-06551	لولىلاشماق	headword	941_1R.png	unverified
D02-06552	لولىلىق	headword	941_1R.png	unverified
D02-06553	لوم	headword	941_1R.png	unverified
D02-06555	لويلا	headword	941_2L.png	unverified
D02-06557	لويىلىق	headword	941_2L.png	unverified
D02-06559	لۇغەت	headword	941_2L.png	unverified
D02-06560	لۇغەتچى	headword	941_2L.png	unverified
D02-06561	لۇغەتچىلىك	headword	941_2L.png	unverified
D02-06562	لۇغەتشۇناس	headword	941_2L.png	unverified
D02-06563	لۇغەتشۇناسلىق	headword	941_2L.png	unverified
D02-06564	لۇغەتلەشتۈرمەك	headword	941_2L.png	verified
D02-06565	لۇغەتلەشتۈرۈلمەك	headword	941_2L.png	unverified
D02-06566	لۇغەتلەشمەك	headword	941_2L.png	unverified
D02-06567	لۇمىنال	headword	941_2L.png	unverified
D02-06568	لۇنخور	headword	941_2L.png	unverified
D02-06569	لۆت	headword	942_1R.png	unverified
D02-06570	لۆجە	headword	942_1R.png	unverified
D02-06571	لۆگەت	headword	942_1R.png	unverified
D02-06572	لۆڭگە	headword	942_1R.png	unverified
D02-06573	لۆڭگەشلىمەك	headword	942_1R.png	verified
D02-06574	لۆم	headword	942_1R.png	unverified
D02-06575	لۆمشىتمەك	headword	942_1R.png	unverified
D02-06576	لۆمشىمەك	headword	942_1R.png	unverified
D02-06577	لۆم - لۆم	headword	942_1R.png	unverified
D02-06578	لۆممىدە	headword	942_1R.png	unverified
D02-06579	لۆمۈلدەتمەك	headword	942_1R.png	unverified
D02-06580	لۆمۈلدەشمەك	headword	942_1R.png	unverified
D02-06581	لۆمۈلدىمەك	headword	942_1R.png	unverified
D02-06582	لۈكچەك	headword	942_1R.png	unverified
D02-06583	لۈكچەكلىك	headword	942_1R.png	unverified
D02-06586	لى	headword	942_1R.png	unverified
D02-06587	لېپاپ	headword	942_1R.png	unverified
D02-06588	لېپاپلىق	headword	942_1R.png	unverified
D02-06589	لېپاپلىماق	headword	942_1R.png	unverified
D02-06590	لېپىز	headword	942_1R.png	unverified
D02-06591	لېپەك	headword	942_1R.png	unverified
D02-06592	لېپەكگۈل	headword	942_2L.png	verified
D02-06593	لېپتون	headword	942_2L.png	unverified
D02-06594	لېپتىنىت	headword	942_2L.png	unverified
D02-06595	لېپىر	headword	942_2L.png	unverified
D02-06596	لېپىر ساتتى	headword	942_2L.png	unverified
D02-06598	لېچەك	headword	942_2L.png	unverified
D02-06599	لېچەكسىز	headword	942_2L.png	unverified
D02-06600	لېچەكلىك	headword	942_2L.png	unverified
D02-06601	لېس	headword	942_2L.png	verified
D02-06602	لېك	headword	942_2L.png	unverified
D02-06603	لېكتور	headword	942_2L.png	unverified
D02-06604	لېكتورلۇق	headword	942_2L.png	unverified
D02-06605	لېكسىكا	headword	942_2L.png	unverified
D02-06606	لېكسىكولوگىيە	headword	943_1R.png	unverified
D02-06607	لېكسىكىلىق	headword	943_1R.png	unverified
D02-06608	لېكسىيە	headword	943_1R.png	unverified
D02-06609	لېكىن	headword	943_1R.png	unverified
D02-06610	لېگاتا	headword	943_1R.png	unverified
D02-06611	لېگەن	headword	943_1R.png	unverified
D02-06612	لېمپىرا	headword	943_1R.png	unverified
D02-06613	لېنتا	headword	943_1R.png	unverified
D02-06614	لېنتىسىز	headword	943_1R.png	unverified
D02-06615	لېنتىسىمان	headword	943_1R.png	unverified
D02-06616	لېنتىلىق	headword	943_1R.png	unverified
D02-06617	لېنىنىزم	headword	943_1R.png	unverified
D02-06618	لېنىنىزملىق	headword	943_2L.png	unverified
D02-06619	لېئو	headword	943_2L.png	unverified
D02-06620	لېئون	headword	943_2L.png	unverified
D02-06621	لېۋ	headword	943_2L.png	unverified
D02-06622	لېۋامىزول	headword	943_2L.png	unverified
D02-06623	لېۋىرىماق	headword	943_2L.png	unverified
D02-06624	لېئىشمان	headword	943_2L.png	unverified
D02-06625	لېيبورىستلار	headword	943_2L.png	verified
D02-06627	لېيىتماق	headword	943_2L.png	unverified
D02-06628	لېيىتىشماق	headword	943_2L.png	unverified
D02-06629	لېيىتىلماق	headword	943_2L.png	unverified
D02-06630	لېيىماق	headword	943_2L.png	unverified
D02-06631	لىباس	headword	943_2L.png	unverified
D02-06632	لىبېرال	headword	943_2L.png	unverified
D02-06633	لىبېرالىزم	headword	943_2L.png	unverified
D02-06634	لىبېرالىست	headword	944_1R.png	verified
D02-06635	لىبېرالىستلىق	headword	944_1R.png	unverified
D02-06636	لىپ	headword	944_1R.png	unverified
D02-06637	لىپا	headword	944_1R.png	unverified
D02-06638	لىپارىت	headword	944_1R.png	unverified
D02-06639	لىپپىدە	headword	944_1R.png	unverified
D02-06640	لىپتىك	headword	944_1R.png	verified
D02-06640-v1	باغىرتاق	variant	944_1R.png	verified
D02-06641	لىپ-لىپ	headword	944_1R.png	unverified
D02-06642	لىپىلداتماق	headword	944_1R.png	unverified
D02-06643	لىپىلداشماق	headword	944_1R.png	unverified
D02-06644	لىپىلدىماق	headword	944_1R.png	unverified
D02-06645	لىتاۋرى	headword	944_1R.png	unverified
D02-06646	لىتوسفېرا	headword	944_2L.png	unverified
D02-06647	لىتىر	headword	944_2L.png	unverified
D02-06648	لىتىرلاتماق	headword	944_2L.png	unverified
D02-06649	لىتىرلاشماق	headword	944_2L.png	unverified
D02-06650	لىتىرلانماق	headword	944_2L.png	unverified
D02-06651	لىتىرلىماق	headword	944_2L.png	unverified
D02-06652	لىتىرلىق	headword	944_2L.png	unverified
D02-06653	لىتىي	headword	944_2L.png	unverified
D02-06654	لىتىيلىق	headword	944_2L.png	unverified
D02-06656	لىچىنكا	headword	944_2L.png	unverified
D02-06657	لىرا	headword	944_2L.png	unverified
D02-06659	لىرىك	headword	945_1R.png	unverified
D02-06659-v1	لىرىكلىق	variant	945_1R.png	unverified
D02-06660	لىرىكا	headword	945_1R.png	unverified
D02-06661	لىرىكىچى	headword	945_1R.png	unverified
D02-06662	لىرىكىچىلىق	headword	945_1R.png	unverified
D02-06663	لىرىكىلىق	headword	945_1R.png	unverified
D02-06664	لىزوزىما	headword	945_1R.png	unverified
D02-06665	لىزول	headword	945_1R.png	unverified
D02-06667	لىزۇچە	headword	945_1R.png	unverified
D02-06668	لىس	headword	945_1R.png	unverified
D02-06670	لىسۇچە	headword	945_1R.png	unverified
D02-06671	لىشاينىك	headword	945_1R.png	unverified
D02-06672	لىفىت	headword	945_2L.png	verified
D02-06673	لىغ	headword	945_2L.png	unverified
D02-06674	لىغ - لىغ	headword	945_2L.png	unverified
D02-06675	لىغىر	headword	945_2L.png	unverified
D02-06676	لىغىرلاتماق	headword	945_2L.png	unverified
D02-06677	لىغىرلاشماق	headword	945_2L.png	unverified
D02-06678	لىغىر - لىغىر	headword	945_2L.png	unverified
D02-06679	لىغىرلىماق	headword	945_2L.png	unverified
D02-06680	لىغىلداتماق	headword	945_2L.png	verified
D02-06681	لىغىلداشماق	headword	945_2L.png	unverified
D02-06682	لىغىلدىماق	headword	945_2L.png	unverified
D02-06683	لىق	headword	945_2L.png	unverified
D02-06684	لىققىدە	headword	945_2L.png	unverified
D02-06685	لىقلاتماق	headword	945_2L.png	unverified
D02-06686	لىقلاشماق	headword	945_2L.png	unverified
D02-06687	لىقلانماق	headword	945_2L.png	verified
D02-06688	لىقلىماق	headword	945_2L.png	unverified
D02-06689	لىقمۇلىق	headword	945_2L.png	unverified
D02-06690	لىك	headword	945_2L.png	unverified
D02-06691	لىكاڭ	headword	945_2L.png	unverified
D02-06692	لىكاڭلاتماق	headword	946_1R.png	unverified
D02-06693	لىكاڭلىماق	headword	946_1R.png	unverified
D02-06694	لىككىدە	headword	946_1R.png	unverified
D02-06695	لىك - لىك	headword	946_1R.png	unverified
D02-06696	لىكىلداتماق	headword	946_1R.png	unverified
D02-06697	لىكىلداشماق	headword	946_1R.png	unverified
D02-06698	لىكىلدىماق	headword	946_1R.png	unverified
D02-06699	لىگنىن	headword	946_1R.png	unverified
D02-06700	لىگنىنلاشماق	headword	946_1R.png	unverified
D02-06704	لىڭشىتماق	headword	946_1R.png	unverified
D02-06705	لىڭشىشماق	headword	946_1R.png	unverified
D02-06706	لىڭشىق	headword	946_1R.png	unverified
D02-06707	لىڭشىماق	headword	946_1R.png	unverified
D02-06708	لىڭگە	headword	946_1R.png	unverified
D02-06709	لىڭگىر	headword	946_1R.png	verified
D02-06710	لىڭگىر تاقتاق	headword	946_1R.png	verified
D02-06711	لىڭگىرچاق	headword	946_2L.png	unverified
D02-06712	لىڭگىرلەتمەك	headword	946_2L.png	unverified
D02-06713	لىڭگىر - لىڭگىر	headword	946_2L.png	unverified
D02-06714	لىڭگىرلىمەك	headword	946_2L.png	unverified
D02-06715	لىڭڭىدە	headword	946_2L.png	unverified
D02-06716	لىڭ-لىڭ	headword	946_2L.png	unverified
D02-06717	لىڭىلداتماق	headword	946_2L.png	unverified
D02-06718	لىڭىلداشماق	headword	946_2L.png	unverified
D02-06719	لىڭىلدىماق	headword	946_2L.png	unverified
D02-06720	لىلانگېنى	headword	946_2L.png	unverified
D02-06721	لىللا	headword	946_2L.png	unverified
D02-06722	لىللالاشماق	headword	946_2L.png	unverified
D02-06723	لىللالىق	headword	946_2L.png	unverified
D02-06725	لىمتاق	headword	946_2L.png	unverified
D02-06726	لىمسىز	headword	946_2L.png	unverified
D02-06727	لىمفا	headword	946_2L.png	verified
D02-06728	لىمفاتىك	headword	946_2L.png	verified
D02-06729	لىمون	headword	947_1R.png	unverified
D02-06730	لىمونات	headword	947_1R.png	unverified
D02-06731	لىمونىن	headword	947_1R.png	unverified
D02-06732	لىمىت	headword	947_1R.png	unverified
D02-06733	لىمىنگراف	headword	947_1R.png	unverified
D02-06734	لىندېرا	headword	947_1R.png	unverified
D02-06735	لىنزا	headword	947_2L.png	unverified
D02-06736	لىنىيە	headword	947_2L.png	unverified
D02-06739	ليەنجاڭلىق	headword	947_2L.png	unverified
D02-06740	ليۇتېتسىي	headword	947_2L.png	unverified
D02-06741	ليۇمېن	headword	947_2L.png	unverified
D02-06742	مائارىپ	headword	948_1R.png	verified
D02-06743	مائارىپپەرۋەر	headword	948_1R.png	unverified
D02-06744	مائارىپپەرۋەرلىك	headword	948_1R.png	unverified
D02-06745	مائارىپچى	headword	948_1R.png	unverified
D02-06746	مائارىپچىلىق	headword	948_1R.png	unverified
D02-06747	مائارىپشۇناس	headword	948_1R.png	unverified
D02-06748	مائارىپشۇناسلىق	headword	948_1R.png	unverified
D02-06749	مائاش	headword	948_1R.png	unverified
D02-06750	مائاشسىز	headword	948_1R.png	unverified
D02-06751	مابەين	headword	948_2L.png	verified
D02-06751-i1	ى	inflected	948_2L.png	verified
D02-06752	مابەينىدە	headword	948_2L.png	unverified
D02-06753	مات	headword	948_2L.png	unverified
D02-06754	مات بولماق	headword	948_2L.png	unverified
D02-06755	مات قىلماق	headword	948_2L.png	unverified
D02-06756	ماتا	headword	948_2L.png	verified
D02-06756-i1	ماتاسى	inflected	948_2L.png	verified
D02-06757	ماتاتماق	headword	948_2L.png	unverified
D02-06758	ماتاشماق	headword	948_2L.png	unverified
D02-06759	ماتاقچۆن	headword	948_2L.png	unverified
D02-06760	ماتال	headword	948_2L.png	unverified
D02-06761	ماتالماق	headword	948_2L.png	unverified
D02-06762	ماتانەت	headword	948_2L.png	unverified
D02-06763	ماتانەتلىك	headword	948_2L.png	unverified
D02-06764	ماتەم	headword	949_1R.png	unverified
D02-06765	ماتەمدار	headword	949_1R.png	unverified
D02-06766	ماتەمسەرا	headword	949_1R.png	unverified
D02-06767	ماتەملىك	headword	949_1R.png	unverified
D02-06768	ماتراس	headword	949_1R.png	unverified
D02-06769	ماتروس	headword	949_1R.png	unverified
D02-06770	ماترىئارخال	headword	949_1R.png	unverified
D02-06771	ماترىئارخاللىق	headword	949_1R.png	unverified
D02-06772	ماتكا	headword	949_1R.png	unverified
D02-06774	ماتېرىك	headword	949_1R.png	unverified
D02-06775	ماتېرىيال	headword	949_1R.png	verified
D02-06775-i1	ماتېرىيالى	inflected	949_1R.png	verified
D02-06776	ماتېرىيالچى	headword	949_1R.png	unverified
D02-06777	ماتېرىيالچىلىق	headword	949_1R.png	unverified
D02-06778	ماتېرىيالسىز	headword	949_2L.png	unverified
D02-06779	ماتېرىيالشۇناس	headword	949_2L.png	unverified
D02-06780	ماتېرىيالشۇناسلىق	headword	949_2L.png	unverified
D02-06781	ماتېرىياللاشتۇرماق	headword	949_2L.png	unverified
D02-06782	ماتېرىياللاشتۇرۇشماق	headword	949_2L.png	verified
D02-06783	ماتېرىياللاشتۇرۇلماق	headword	949_2L.png	unverified
D02-06784	ماتېرىياللاشماق	headword	949_2L.png	unverified
D02-06785	ماتېرىياللىق	headword	949_2L.png	unverified
D02-06786	ماتېرىيالىزم	headword	949_2L.png	unverified
D02-06787	ماتېرىيالىزمچە	headword	949_2L.png	unverified
D02-06788	ماتېرىيالىزمچى	headword	949_2L.png	verified
D02-06789	ماتېرىيالىزملىق	headword	949_2L.png	verified
D02-06790	ماتېرىيالىست	headword	950_1R.png	unverified
D02-06791	ماتېرىيالىستىك	headword	950_1R.png	unverified
D02-06792	ماتېرىيە	headword	950_1R.png	verified
D02-06793	ماتېماتىك	headword	950_1R.png	unverified
D02-06794	ماتېماتىكا	headword	950_1R.png	unverified
D02-06795	ماتېماتىكىلىق	headword	950_1R.png	unverified
D02-06796	ماتىچى	headword	950_1R.png	unverified
D02-06797	ماتىغۇچ	headword	950_1R.png	unverified
D02-06798	ماتىماق	headword	950_1R.png	unverified
D02-06799	ماتىۋ	headword	950_1R.png	unverified
D02-06800	ماجار	headword	950_1R.png	unverified
D02-06801	ماجارچە	headword	950_1R.png	unverified
D02-06802	ماجاق	headword	950_1R.png	unverified
D02-06803	ماجاقلاتماق	headword	950_1R.png	unverified
D02-06804	ماجاقلاشماق	headword	950_1R.png	unverified
D02-06805	ماجاقلانماق	headword	950_1R.png	unverified
D02-06806	ماجاقلىماق	headword	950_1R.png	unverified
D02-06808	ماجال	headword	950_2L.png	verified
D02-06808-i1	ماجالى	inflected	950_2L.png	verified
D02-06809	ماجالسىز	headword	950_2L.png	unverified
D02-06810	ماجالسىزلاندۇرماق	headword	950_2L.png	unverified
D02-06811	ماجالسىزلانماق	headword	950_2L.png	unverified
D02-06812	ماجالسىزلىق	headword	950_2L.png	unverified
D02-06813	ماجالسىزلىنىشماق	headword	950_2L.png	unverified
D02-06814	ماجاللاندۇرماق	headword	950_2L.png	unverified
D02-06815	ماجاللانماق	headword	950_2L.png	unverified
D02-06816	ماجەز	headword	950_2L.png	unverified
D02-06817	ماجىرا	headword	950_2L.png	verified
D02-06817-i1	ماجىراسى	inflected	950_2L.png	verified
D02-06818	ماجىراچى	headword	950_2L.png	unverified
D02-06819	ماجىراخور	headword	950_2L.png	unverified
D02-06820	ماجىراخورلۇق	headword	950_2L.png	unverified
D02-06821	ماجىراسىز	headword	950_2L.png	unverified
D02-06822	ماجىراكەش	headword	950_2L.png	unverified
D02-06823	ماجىراكەشلىك	headword	950_2L.png	unverified
D02-06824	ماجىرالاشماق	headword	951_1R.png	unverified
D02-06825	ماجىرالىق	headword	951_1R.png	unverified
D02-06826	ماچ	headword	951_1R.png	unverified
D02-06827	ماچتا	headword	951_1R.png	unverified
D02-06828	ماچچىدە	headword	951_1R.png	unverified
D02-06829	ماچ - ماچ	headword	951_1R.png	unverified
D02-06830	ماچىگۈچو	headword	951_1R.png	unverified
D02-06831	ماچىلداتماق	headword	951_1R.png	unverified
D02-06832	ماچىلدىتىشماق	headword	951_1R.png	unverified
D02-06833	ماچىلدىماق	headword	951_1R.png	unverified
D02-06837	ماختاتماق	headword	951_1R.png	unverified
D02-06838	ماختاشماق	headword	951_1R.png	unverified
D02-06839	ماختالماق	headword	951_1R.png	unverified
D02-06840	ماختانچاقلىق	headword	951_2L.png	verified
D02-06841	ماختانماق	headword	951_2L.png	unverified
D02-06842	ماختۇم	headword	951_2L.png	unverified
D02-06843	ماختىماق	headword	951_2L.png	unverified
D02-06844	ماختىنارلىق	headword	951_2L.png	unverified
D02-06845	ماخوۋىك	headword	951_2L.png	unverified
D02-06846	ماخىزم	headword	951_2L.png	verified
D02-06847	مادا	headword	951_2L.png	unverified
D02-06848	ماداخان	headword	951_2L.png	unverified
D02-06849	ماداخىل	headword	951_2L.png	unverified
D02-06850	مادار	headword	951_2L.png	unverified
D02-06852	مادارا	headword	951_2L.png	unverified
D02-06853	ماداراچى	headword	951_2L.png	unverified
D02-06854	ماداراچىلىق	headword	951_2L.png	unverified
D02-06855	مادارسىز	headword	951_2L.png	unverified
D02-06856	مادارسىزلاندۇرماق	headword	951_2L.png	unverified
D02-06857	مادارسىزلانماق	headword	951_2L.png	unverified
D02-06858	مادارلاندۇرماق	headword	952_1R.png	verified
D02-06859	مادارلانماق	headword	952_1R.png	unverified
D02-06860	مادام	headword	952_1R.png	unverified
D02-06861	مادامىكى	headword	952_1R.png	unverified
D02-06862	ماددا	headword	952_1R.png	unverified
D02-06864	ماددىسىز	headword	952_1R.png	unverified
D02-06865	ماددىلاشتۇرماق	headword	952_1R.png	verified
D02-06866	ماددىلاشماق	headword	952_1R.png	unverified
D02-06867	ماددىلىق	headword	952_1R.png	unverified
D02-06868	ماددىمۇماددا	headword	952_1R.png	unverified
D02-06869	ماددىي	headword	952_1R.png	unverified
D02-06870	ماددىيلاشتۇرماق	headword	952_2L.png	verified
D02-06871	ماددىيلاشتۇرۇشماق	headword	952_2L.png	verified
D02-06872	ماددىيلاشتۇرۇلماق	headword	952_2L.png	unverified
D02-06873	ماددىيلاشماق	headword	952_2L.png	verified
D02-06874	ماددىيلىق	headword	952_2L.png	unverified
D02-06875	مادىخىدا	headword	952_2L.png	unverified
D02-06876	ماراتماق	headword	952_2L.png	unverified
D02-06877	ماراشماق	headword	952_2L.png	unverified
D02-06878	مارافون	headword	952_2L.png	unverified
D02-06879	مارافونچە	headword	952_2L.png	unverified
D02-06880	مارافونچە يۈگۈرۈش	headword	952_2L.png	unverified
D02-06881	ماراقچى	headword	952_2L.png	unverified
D02-06882	ماراقچىلىق	headword	952_2L.png	unverified
D02-06883	مارال	headword	952_2L.png	unverified
D02-06884	مارالقۇلاق	headword	952_2L.png	unverified
D02-06885	مارانگۈل	headword	952_2L.png	unverified
D02-06886	مارت	headword	952_2L.png	unverified
D02-06888	مارتتىدە	headword	953_1R.png	unverified
D02-06889	مارت- مۇرت	headword	953_1R.png	verified
D02-06890	مارتىلداشماق	headword	953_1R.png	unverified
D02-06891	مارتىلدىماق	headword	953_1R.png	unverified
D02-06892	مارجان	headword	953_1R.png	unverified
D02-06893	مارجاندەك	headword	953_1R.png	unverified
D02-06894	مارجانگۈل	headword	953_1R.png	verified
D02-06895	مارجانلىق	headword	953_1R.png	unverified
D02-06896	مارس	headword	953_1R.png	unverified
D02-06897	مارش	headword	953_1R.png	unverified
D02-06898	مارشال	headword	953_1R.png	unverified
D02-06899	مارقات	headword	953_1R.png	unverified
D02-06900	مارك	headword	953_1R.png	unverified
D02-06901	ماركا	headword	953_1R.png	unverified
D02-06902	ماركسىزم	headword	953_2L.png	unverified
D02-06903	ماركسىزمچى	headword	953_2L.png	unverified
D02-06904	ماركسىزم-لېنىنىزم	headword	953_2L.png	unverified
D02-06905	ماركسىزملىق	headword	953_2L.png	unverified
D02-06906	ماركسىست	headword	953_2L.png	verified
D02-06907	ماركىتېڭ	headword	953_2L.png	verified
D02-06908	ماركىچىلىق	headword	953_2L.png	unverified
D02-06909	ماركىسىز	headword	953_2L.png	unverified
D02-06910	ماركىلاشتۇرماق	headword	953_2L.png	unverified
D02-06911	ماركىلاشتۇرۇلماق	headword	953_2L.png	unverified
D02-06912	ماركىلاشماق	headword	953_2L.png	unverified
D02-06913	ماركىلىق	headword	953_2L.png	unverified
D02-06914	مارگانسوپ	headword	954_1R.png	unverified
D02-06915	ماروژنى	headword	954_1R.png	unverified
D02-06916	ماروژنىچى	headword	954_1R.png	unverified
D02-06917	ماروژنىچىلىق	headword	954_1R.png	unverified
D02-06918	ماروژنىخانا	headword	954_1R.png	unverified
D02-06919	مارۇق	headword	954_1R.png	unverified
D02-06920	مارى	headword	954_1R.png	unverified
D02-06921	مارىماق	headword	954_1R.png	unverified
D02-06922	ماز	headword	954_1R.png	unverified
D02-06923	ماز پاينەك	headword	954_1R.png	verified
D02-06924	مېزى چۇۋۇلماق	headword	954_1R.png	unverified
D02-06926	ماز بولماق	headword	954_1R.png	unverified
D02-06927	مازار	headword	954_1R.png	unverified
D02-06928	مازارغا چالما ئاتماق	headword	954_1R.png	unverified
D02-06929	مازار غوجام	headword	954_1R.png	unverified
D02-06930	مازارگۇي	headword	954_2L.png	unverified
D02-06931	مازارلىق	headword	954_2L.png	unverified
D02-06932	مازار - ماشايىخ	headword	954_2L.png	unverified
D02-06933	مازارىستان	headword	954_2L.png	unverified
D02-06934	مازارىستانلىق	headword	954_2L.png	unverified
D02-06935	مازارىيون	headword	954_2L.png	unverified
D02-06936	مازاق	headword	954_2L.png	unverified
D02-06937	مازاقچى	headword	954_2L.png	unverified
D02-06938	مازاقلاشماق	headword	954_2L.png	verified
D02-06939	مازاقلىماق	headword	954_2L.png	unverified
D02-06940	مازلاشتۇرماق	headword	954_2L.png	unverified
D02-06941	مازلاشتۇرۇشماق	headword	954_2L.png	unverified
D02-06942	مازلاشتۇرۇلماق	headword	954_2L.png	unverified
D02-06943	مازلاشماق	headword	954_2L.png	unverified
D02-06944	مازلىق	headword	954_2L.png	unverified
D02-06945	مازوك	headword	955_1R.png	verified
D02-06946	مازۇ	headword	955_1R.png	unverified
D02-06947	مازۇت	headword	955_1R.png	unverified
D02-06948	مازۇركا	headword	955_1R.png	verified
D02-06949	مازۇز	headword	955_1R.png	unverified
D02-06950	ماژغىماق	headword	955_1R.png	verified
D02-06951	ماس	headword	955_1R.png	unverified
D02-06952	ماساغىت	headword	955_1R.png	unverified
D02-06953	ماستىر	headword	955_1R.png	unverified
D02-06954	ماسسا	headword	955_1R.png	unverified
D02-06955	ماسىشتاب	headword	955_1R.png	verified
D02-06955-i1	ماسىشتابى	inflected	955_1R.png	verified
D02-06956	ماسىشتابلىق	headword	955_1R.png	unverified
D02-06957	ماسكا	headword	955_1R.png	unverified
D02-06958	ماسكىلىق	headword	955_1R.png	unverified
D02-06959	ماسلاشتۇرماق	headword	955_2L.png	verified
D02-06960	ماسلاشتۇرۇشماق	headword	955_2L.png	unverified
D02-06961	ماسلاشتۇرۇلماق	headword	955_2L.png	unverified
D02-06962	ماسلاشما	headword	955_2L.png	unverified
D02-06963	ماسلاشماق	headword	955_2L.png	unverified
D02-06964	ماسلىشىشچان	headword	955_2L.png	unverified
D02-06965	ماسلىشىشچانلىق	headword	955_2L.png	unverified
D02-06966	ماش	headword	955_2L.png	unverified
D02-06967	ماشا	headword	955_2L.png	unverified
D02-06968	ماشائاللا	headword	955_2L.png	unverified
D02-06969	ماشاق	headword	955_2L.png	unverified
D02-06970	ماشايىخ	headword	955_2L.png	verified
D02-06971	ماشىرا	headword	955_2L.png	unverified
D02-06972	ماشچۆپ	headword	956_1R.png	verified
D02-06973	ماشخوردا	headword	956_1R.png	unverified
D02-06974	ماشقاق	headword	956_1R.png	unverified
D02-06975	ماشكا	headword	956_1R.png	unverified
D02-06976	ماشلىق	headword	956_1R.png	unverified
D02-06977	ماشىنا	headword	956_1R.png	unverified
D02-06978	ماشىنا ئادەم	headword	956_1R.png	unverified
D02-06979	ماشىنكا	headword	956_1R.png	unverified
D02-06980	ماشىنىچى	headword	956_1R.png	unverified
D02-06981	ماشىنىچىلىق	headword	956_1R.png	unverified
D02-06982	ماشىنىسازلىق	headword	956_1R.png	unverified
D02-06983	ماشىنىست	headword	956_1R.png	unverified
D02-06984	ماشىنىستلىق	headword	956_1R.png	unverified
D02-06985	ماشىنىلاشتۇرماق	headword	956_1R.png	unverified
D02-06986	ماشىنىلاشتۇرۇشماق	headword	956_1R.png	unverified
D02-06987	ماشىنىلاشتۇرۇلماق	headword	956_1R.png	unverified
D02-06988	ماشىنىلاشماق	headword	956_2L.png	verified
D02-06989	ماشىنىلىق	headword	956_2L.png	unverified
D02-06990	ماشىماق	headword	956_2L.png	unverified
D02-06991	ماغدۇر	headword	956_2L.png	unverified
D02-06992	ماغدۇرسىز	headword	956_2L.png	unverified
D02-06993	ماغدۇرسىزلاندۇرماق	headword	956_2L.png	unverified
D02-06994	ماغدۇرسىزلاندۇرۇلماق	headword	956_2L.png	unverified
D02-06995	ماغدۇرسىزلانماق	headword	956_2L.png	unverified
D02-06996	ماغدۇرسىزلىق	headword	956_2L.png	unverified
D02-06997	ماغدۇرلاندۇرماق	headword	956_2L.png	unverified
D02-06998	ماغدۇرلانماق	headword	956_2L.png	unverified
D02-06999	ماغدۇرلۇق	headword	956_2L.png	unverified
D02-07000	ماغزاپ	headword	956_2L.png	unverified
D02-07001	ماقال	headword	956_2L.png	verified
D02-07001-i1	ماقالى	inflected	956_2L.png	verified
D02-07002	ماقالە	headword	956_2L.png	unverified
D02-07003	ماقال - تەمسىل	headword	956_2L.png	unverified
D02-07004	ماقالىلىق	headword	957_1R.png	unverified
D02-07005	ماقام	headword	957_1R.png	verified
D02-07005-i1	ماقامى	inflected	957_1R.png	verified
D02-07006	ماقۇل	headword	957_1R.png	unverified
D02-07007	ماقۇل چېيى	headword	957_1R.png	unverified
D02-07008	ماقۇللاتماق	headword	957_1R.png	unverified
D02-07009	ماقۇللاشماق	headword	957_1R.png	unverified
D02-07010	ماقۇللانماق	headword	957_1R.png	unverified
D02-07011	ماقۇللۇق	headword	957_1R.png	unverified
D02-07012	ماقۇللىماق	headword	957_1R.png	unverified
D02-07013	ماك	headword	957_1R.png	unverified
D02-07014	ماكاش	headword	957_1R.png	verified
D02-07015	ماكاشلاتماق	headword	957_1R.png	unverified
D02-07016	ماكاشلاشماق	headword	957_1R.png	unverified
D02-07017	ماكاشلانماق	headword	957_2L.png	verified
D02-07018	ماكاشلىماق	headword	957_2L.png	unverified
D02-07019	ماكاش- ماكاش	headword	957_2L.png	unverified
D02-07020	ماكاش- مۇكۇش	headword	957_2L.png	verified
D02-07021	ماكاكا	headword	957_2L.png	unverified
D02-07022	ماكان	headword	957_2L.png	verified
D02-07022-i1	ماكانى	inflected	957_2L.png	verified
D02-07023	ماكانداش	headword	957_2L.png	unverified
D02-07024	ماكانداشلىق	headword	957_2L.png	unverified
D02-07025	ماكانسىز	headword	957_2L.png	unverified
D02-07026	ماكانسىزلىق	headword	957_2L.png	unverified
D02-07027	ماكانلاشتۇرماق	headword	957_2L.png	unverified
D02-07028	ماكانلاشتۇرۇشماق	headword	957_2L.png	unverified
D02-07029	ماكانلاشتۇرۇلماق	headword	957_2L.png	unverified
D02-07030	ماكانلاشماق	headword	957_2L.png	unverified
D02-07031	ماكانلىق	headword	958_1R.png	unverified
D02-07032	ماكچايتماق	headword	958_1R.png	unverified
D02-07033	ماكچايتىشماق	headword	958_1R.png	unverified
D02-07034	ماكچايتىلماق	headword	958_1R.png	unverified
D02-07035	ماكچايماق	headword	958_1R.png	unverified
D02-07036	ماكرو	headword	958_1R.png	unverified
D02-07037	ماكرولۇق	headword	958_1R.png	unverified
D02-07037-i1	شەكلى	inflected	958_1R.png	unverified
D02-07038	ماكسىمال	headword	958_1R.png	unverified
D02-07039	ماكسىمۇم	headword	958_1R.png	unverified
D02-07040	ماكلاتماق	headword	958_1R.png	unverified
D02-07041	ماكلاشماق	headword	958_1R.png	unverified
D02-07042	ماكلانماق	headword	958_1R.png	verified
D02-07043	ماكلىماق	headword	958_1R.png	unverified
D02-07044	ماك - ماك	headword	958_1R.png	unverified
D02-07045	ماكىلداتماق	headword	958_1R.png	unverified
D02-07046	ماكىلدىماق	headword	958_2L.png	verified
D02-07048	ماگما	headword	958_2L.png	unverified
D02-07049	ماگماتىزم	headword	958_2L.png	unverified
D02-07050	ماگنات	headword	958_2L.png	unverified
D02-07051	ماگنولىيە	headword	958_2L.png	unverified
D02-07052	ماگنېزىت	headword	958_2L.png	unverified
D02-07053	ماگنىت	headword	958_2L.png	unverified
D02-07054	ماگنىت قۇتۇپى	headword	958_2L.png	verified
D02-07055	ماگنىت مەيدانى	headword	958_2L.png	unverified
D02-07056	ماگنىترون	headword	959_1R.png	unverified
D02-07057	ماگنىتسىز	headword	959_1R.png	unverified
D02-07058	ماگنىتسىزلىنىش	headword	959_1R.png	unverified
D02-07059	ماگنىتلاشتۇرماق	headword	959_1R.png	unverified
D02-07060	ماگنىتلاشتۇرۇشماق	headword	959_1R.png	unverified
D02-07061	ماگنىتلاشتۇرۇلماق	headword	959_1R.png	unverified
D02-07062	ماگنىتلاشماق	headword	959_1R.png	unverified
D02-07063	ماگنىتلاندۇرماق	headword	959_1R.png	unverified
D02-07064	ماگنىتلاندۇرۇشماق	headword	959_1R.png	unverified
D02-07065	ماگنىتلاندۇرۇلماق	headword	959_1R.png	unverified
D02-07066	ماگنىتلانماق	headword	959_1R.png	unverified
D02-07067	ماگنىتلىق	headword	959_1R.png	unverified
D02-07068	ماگنىتلىماق	headword	959_1R.png	unverified
D02-07069	ماگنىتلىنىشچان	headword	959_1R.png	unverified
D02-07070	ماگنىتلىنىشچانلىق	headword	959_1R.png	unverified
D02-07071	ماگنىتوسترىكسىيە	headword	959_1R.png	unverified
D02-07072	ماگنىتومېتىر	headword	959_2L.png	unverified
D02-07073	ماگنىتىزم	headword	959_2L.png	unverified
D02-07074	ماگنىي	headword	959_2L.png	unverified
D02-07075	ماگنىيسىز	headword	959_2L.png	unverified
D02-07076	ماگنىيلاندۇرماق	headword	959_2L.png	verified
D02-07077	ماگنىيلاندۇرۇشماق	headword	959_2L.png	unverified
D02-07078	ماگنىيلاندۇرۇلماق	headword	959_2L.png	unverified
D02-07079	ماگنىيلانماق	headword	959_2L.png	unverified
D02-07080	ماگنىيلىق	headword	959_2L.png	unverified
D02-07081	ماگىزىن	headword	959_2L.png	unverified
D02-07082	ماگىزىنچى	headword	959_2L.png	unverified
D02-07083	ماگىزىنچىلىق	headword	959_2L.png	unverified
D02-07084	ماگىستىر	headword	959_2L.png	unverified
D02-07085	ماگىستىرال	headword	959_2L.png	unverified
D02-07086	ماگىستىراللىق	headword	959_2L.png	unverified
D02-07087	ماگىستىرلىق	headword	960_1R.png	unverified
D02-07088	ماڭدا	headword	960_1R.png	unverified
D02-07089	ماڭداتماق	headword	960_1R.png	unverified
D02-07090	ماڭدار	headword	960_1R.png	unverified
D02-07091	ماڭداشماق	headword	960_1R.png	unverified
D02-07092	ماڭدام	headword	960_1R.png	unverified
D02-07093	ماڭداممۇماڭدام	headword	960_1R.png	verified
D02-07094	ماڭدۇرماق	headword	960_1R.png	unverified
D02-07095	ماڭدۇرۇشماق	headword	960_1R.png	unverified
D02-07096	ماڭدۇرۇلماق	headword	960_1R.png	unverified
D02-07097	ماڭدىماق	headword	960_1R.png	unverified
D02-07098	ماڭغال	headword	960_1R.png	unverified
D02-07099	ماڭغىلىماق	headword	960_1R.png	unverified
D02-07100	ماڭقا	headword	960_1R.png	unverified
D02-07101	ماڭقىسى چۆۋۈلمەك	headword	960_1R.png	unverified
D02-07102	ماڭقال	headword	960_2L.png	unverified
D02-07103	ماڭقان	headword	960_2L.png	unverified
D02-07104	ماڭقۇرت	headword	960_2L.png	unverified
D02-07105	ماڭقۇرتلاشتۇرماق	headword	960_2L.png	unverified
D02-07106	ماڭقۇرتلاشماق	headword	960_2L.png	unverified
D02-07107	ماڭقۇرتلۇق	headword	960_2L.png	unverified
D02-07108	ماڭلاي	headword	960_2L.png	unverified
D02-07109	ماڭلاي تەرى	headword	960_2L.png	unverified
D02-07110	ماڭلايلىق	headword	960_2L.png	unverified
D02-07111	ماڭماق	headword	960_2L.png	unverified
D02-07112	مال	headword	961_1R.png	unverified
D02-07113	مالاخىت	headword	961_1R.png	unverified
D02-07114	مالال	headword	961_1R.png	unverified
D02-07115	مالاللىق	headword	961_1R.png	unverified
D02-07116	مالامەت	headword	961_1R.png	unverified
D02-07117	مالامەتلىك	headword	961_1R.png	unverified
D02-07118	مالائىكە	headword	961_1R.png	unverified
D02-07119	مالاي	headword	961_1R.png	unverified
D02-07120	مالايلارچە	headword	961_1R.png	verified
D02-07121	مالايلىق	headword	961_1R.png	unverified
D02-07122	مالەم	headword	961_1R.png	unverified
D02-07123	مال - بىسات	headword	961_1R.png	unverified
D02-07124	مالپەرەس	headword	961_1R.png	unverified
D02-07125	مالپەرەسلىك	headword	961_2L.png	unverified
D02-07126	مالتاق	headword	961_2L.png	unverified
D02-07127	مالتوزا	headword	961_2L.png	unverified
D02-07128	مالتىلاتماق	headword	961_2L.png	unverified
D02-07129	مالتىلاشماق	headword	961_2L.png	verified
D02-07130	مالتىلىماق	headword	961_2L.png	unverified
D02-07131	مالچى	headword	961_2L.png	unverified
D02-07132	مالچىلىق	headword	961_2L.png	unverified
D02-07133	مالدار	headword	961_2L.png	verified
D02-07134	مالسىز	headword	961_2L.png	unverified
D02-07135	مال- مۈلۈك	headword	961_2L.png	unverified
D02-07136	مال - مېكەت	headword	961_2L.png	verified
D02-07137	مال - ۋاران	headword	961_2L.png	verified
D02-07138	مالىخاي	headword	962_1R.png	unverified
D02-07139	مالىخۇليا	headword	962_1R.png	verified
D02-07140	مالىك	headword	962_1R.png	unverified
D02-07141	مالىماتاڭ	headword	962_1R.png	unverified
D02-07142	مالىماتاڭچىلىق	headword	962_1R.png	unverified
D02-07143	مالىماتاڭلاشتۇرماق	headword	962_1R.png	unverified
D02-07144	مالىماتاڭلاشماق	headword	962_1R.png	unverified
D02-07145	مالىمان	headword	962_1R.png	unverified
D02-07146	مالىمانچى	headword	962_1R.png	unverified
D02-07147	مالىمانچىلىق	headword	962_1R.png	unverified
D02-07148	مالىمانلاشتۇرۇلماق	headword	962_1R.png	unverified
D02-07149	مالىمانلاشتۇرماق	headword	962_1R.png	unverified
D02-07150	مالىمانلاشماق	headword	962_1R.png	unverified
D02-07151	مالىمانلىق	headword	962_1R.png	unverified
D02-07152	مالىنا	headword	962_1R.png	unverified
D02-07153	مالىيە	headword	962_1R.png	unverified
D02-07154	مالىيە-سودا	headword	962_2L.png	unverified
D02-07155	مامات	headword	962_2L.png	verified
D02-07155-i1	ماماتى	inflected	962_2L.png	verified
D02-07156	ماماتسىز	headword	962_2L.png	unverified
D02-07157	ماماتلىق	headword	962_2L.png	unverified
D02-07158	مامپۇ	headword	962_2L.png	unverified
D02-07159	مامپۇ دوپپا	headword	962_2L.png	unverified
D02-07160	مامكاپ	headword	962_2L.png	unverified
D02-07161	مامونت	headword	962_2L.png	unverified
D02-07163	مامۇق	headword	962_2L.png	unverified
D02-07164	مامرانچىن	headword	962_2L.png	unverified
D02-07165	مانا	headword	962_2L.png	unverified
D02-07166	مانا ئەمدى	headword	963_1R.png	verified
D02-07167	مانا ئەمىسە	headword	963_1R.png	unverified
D02-07168	مانا مەن	headword	963_1R.png	unverified
D02-07169	مانا- ئەنە	headword	963_1R.png	unverified
D02-07169-v1	ئەنە- مانا	variant	963_1R.png	unverified
D02-07170	ماناس	headword	963_1R.png	unverified
D02-07171	ماناسچى	headword	963_1R.png	unverified
D02-07172	ماناسچىلىق	headword	963_1R.png	unverified
D02-07173	ماناسقان	headword	963_1R.png	unverified
D02-07174	ماناق	headword	963_1R.png	unverified
D02-07175	مانان	headword	963_1R.png	unverified
D02-07177	مانانلاشتۇرماق	headword	963_1R.png	unverified
D02-07178	مانانلاشماق	headword	963_1R.png	unverified
D02-07179	مانانلىق	headword	963_1R.png	unverified
D02-07180	مانتا	headword	963_1R.png	unverified
D02-07181	مانتىپەز	headword	963_1R.png	unverified
D02-07182	مانتىپەزلىك	headword	963_1R.png	unverified
D02-07183	مانتىچى	headword	963_1R.png	unverified
D02-07184	مانتىخانا	headword	963_1R.png	unverified
D02-07185	مانتىسسا	headword	963_1R.png	unverified
D02-07186	مانجا	headword	963_2L.png	unverified
D02-07188	مانجار	headword	963_2L.png	unverified
D02-07189	مانجۇ	headword	963_2L.png	unverified
D02-07190	مانجىت	headword	963_2L.png	unverified
D02-07191	مانجىتلىق	headword	963_2L.png	unverified
D02-07192	مانچاناق	headword	963_2L.png	unverified
D02-07193	مانچېستېر	headword	963_2L.png	unverified
D02-07194	مانچىنچى	headword	963_2L.png	unverified
D02-07195	ماندات	headword	963_2L.png	unverified
D02-07196	ماندار	headword	963_2L.png	unverified
D02-07197	ماندارلىق	headword	963_2L.png	unverified
D02-07198	ماندارىن	headword	963_2L.png	unverified
D02-07199	ماندالىن	headword	963_2L.png	unverified
D02-07200	مانگان	headword	963_2L.png	unverified
D02-07201	مانگانىت	headword	964_1R.png	unverified
D02-07202	مانگرو	headword	964_1R.png	unverified
D02-07203	مانگرو دەرىخى	headword	964_1R.png	unverified
D02-07204	مانگېلىتسىيە	headword	964_1R.png	unverified
D02-07205	مانگو	headword	964_1R.png	unverified
D02-07206	مانومېتىر	headword	964_1R.png	unverified
D02-07207	مانۇتاش	headword	964_1R.png	unverified
D02-07208	مانۇفاكتۇرا	headword	964_1R.png	unverified
D02-07209	مانېكېن	headword	964_1R.png	verified
D02-07210	مانېۋىر	headword	964_1R.png	unverified
D02-07211	مانى	headword	964_1R.png	unverified
D02-07212	مانى دىنى	headword	964_1R.png	unverified
D02-07213	مانىزم	headword	964_1R.png	unverified
D02-07214	مانىفېست	headword	964_2L.png	unverified
D02-07215	مانىلكارا	headword	964_2L.png	unverified
D02-07216	مانماق	headword	964_2L.png	unverified
D02-07217	مانھوت	headword	964_2L.png	unverified
D02-07218	ماھارەت	headword	964_2L.png	unverified
D02-07219	ماھارەتچانلىق	headword	964_2L.png	unverified
D02-07221	ماھارەتسىز	headword	964_2L.png	unverified
D02-07222	ماھارەتلىك	headword	964_2L.png	unverified
D02-07223	ماھال	headword	964_2L.png	unverified
D02-07224	ماھايانا	headword	964_2L.png	unverified
D02-07225	ماھىئەنۋەر	headword	964_2L.png	unverified
D02-07226	ماھىپەيكەر	headword	964_2L.png	unverified
D02-07227	ماھىتابان	headword	964_2L.png	unverified
D02-07228	ماھىر	headword	964_2L.png	unverified
D02-07229	ماھىرانە	headword	965_1R.png	verified
D02-07230	ماھىرلاشتۇرۇلماق	headword	965_1R.png	unverified
D02-07231	ماھىرلاشماق	headword	965_1R.png	unverified
D02-07232	ماھىرلىق	headword	965_1R.png	unverified
D02-07233	ماھىيەت	headword	965_1R.png	unverified
D02-07234	ماھىيەتچىلىك	headword	965_1R.png	unverified
D02-07235	ماھىيەتسىز	headword	965_1R.png	unverified
D02-07236	ماھىيەتلىك	headword	965_1R.png	unverified
D02-07237	ماۋ بولماق	headword	965_1R.png	unverified
D02-07238	ماۋخوزەرىش	headword	965_1R.png	unverified
D02-07239	ماۋزۇ	headword	965_1R.png	unverified
D02-07240	ماۋزۇر	headword	965_1R.png	unverified
D02-07241	ماۋزۇسىز	headword	965_1R.png	unverified
D02-07242	ماۋزۇلۇق	headword	965_1R.png	verified
D02-07243	ماۋۇ	headword	965_2L.png	unverified
D02-07244	ماۋىي	headword	965_2L.png	unverified
D02-07245	ماي	headword	965_2L.png	unverified
D02-07246	ماي تارتماق	headword	965_2L.png	unverified
D02-07247	ماي تۆكۈلسە يالىغۇدەك	headword	965_2L.png	unverified
D02-07248	ماي چاينىماق	headword	965_2L.png	unverified
D02-07250	مايا	headword	965_2L.png	unverified
D02-07251	ماياتنىك	headword	965_2L.png	unverified
D02-07252	ماياق	headword	965_2L.png	unverified
D02-07254	ماياقتاش	headword	965_2L.png	unverified
D02-07255	ماياقلاتماق	headword	966_1R.png	unverified
D02-07256	ماياقلاشماق	headword	966_1R.png	unverified
D02-07257	ماياقلىق	headword	966_1R.png	unverified
D02-07258	ماياقلىماق	headword	966_1R.png	unverified
D02-07259	ماياك	headword	966_1R.png	unverified
D02-07260	مايتۇ	headword	966_1R.png	unverified
D02-07261	مايتۇق	headword	966_1R.png	unverified
D02-07262	مايتۇق - سايتۇق	headword	966_1R.png	unverified
D02-07263	مايداڭ	headword	966_1R.png	unverified
D02-07264	مايدان	headword	966_1R.png	unverified
D02-07265	مايسا	headword	966_1R.png	unverified
D02-07266	مايسەن	headword	966_1R.png	unverified
D02-07267	مايسىراتماق	headword	966_1R.png	unverified
D02-07268	مايسىراشماق	headword	966_1R.png	unverified
D02-07269	مايسىرىماق	headword	966_1R.png	unverified
D02-07270	مايسىز	headword	966_1R.png	unverified
D02-07271	مايسىزار	headword	966_1R.png	unverified
D02-07272	مايسىزارلىق	headword	966_1R.png	unverified
D02-07273	مايسىلىق	headword	966_1R.png	verified
D02-07274	مايقوڭغۇز	headword	966_1R.png	verified
D02-07275	مايقۇرت	headword	966_2L.png	unverified
D02-07276	مايكا	headword	966_2L.png	unverified
D02-07277	مايكىچان	headword	966_2L.png	unverified
D02-07278	مايگۈل	headword	966_2L.png	unverified
D02-07279	مايلاتماق	headword	966_2L.png	unverified
D02-07280	مايلاشماق	headword	966_2L.png	unverified
D02-07281	مايلاقسىز	headword	966_2L.png	unverified
D02-07282	مايلاقلىق	headword	966_2L.png	unverified
D02-07283	مايلامچى	headword	966_2L.png	unverified
D02-07284	مايلامچىلىق	headword	966_2L.png	unverified
D02-07285	مايلانماق	headword	966_2L.png	unverified
D02-07286	مايلىشاڭغۇ	headword	966_2L.png	unverified
D02-07287	مايلىق	headword	966_2L.png	unverified
D02-07289	مايلىق دان	headword	966_2L.png	unverified
D02-07290	مايلىماق	headword	966_2L.png	unverified
D02-07291	مايماق	headword	967_1R.png	unverified
D02-07292	مايماق- سايماق	headword	967_1R.png	unverified
D02-07293	مايمۇن	headword	967_1R.png	unverified
D02-07294	مايمۇن ئويناتماق	headword	967_1R.png	unverified
D02-07295	مايمۇن ئويۇنى	headword	967_1R.png	unverified
D02-07296	مايمۇنزەنجىۋىلى	headword	967_1R.png	unverified
D02-07297	مايمۇنسىمان	headword	967_1R.png	unverified
D02-07298	مايمۇنسىمان ئادەم	headword	967_1R.png	unverified
D02-07299	مايمۇنشاپتۇلى	headword	967_1R.png	unverified
D02-07300	مايمۇنگۈل	headword	967_1R.png	verified
D02-07301	مايور	headword	967_1R.png	unverified
D02-07301-v1	شاۋشىياۋ	variant	967_1R.png	unverified
D02-07302	مايىل	headword	967_1R.png	unverified
D02-07303	مايىللاشتۇرماق	headword	967_2L.png	unverified
D02-07304	مايىللاشتۇرۇشماق	headword	967_2L.png	unverified
D02-07305	مايىللاشتۇرۇلماق	headword	967_2L.png	unverified
D02-07306	مايىللاشماق	headword	967_2L.png	unverified
D02-07307	مايىللىق	headword	967_2L.png	unverified
D02-07308	مە	headword	967_2L.png	unverified
D02-07310	مەبلەغ	headword	967_2L.png	unverified
D02-07311	مەبۇد	headword	967_2L.png	unverified
D02-07312	مەپە	headword	967_2L.png	unverified
D02-07313	مەپتۇن	headword	967_2L.png	unverified
D02-07314	مەپتۇنكار	headword	967_2L.png	unverified
D02-07315	مەپتۇنكارلىق	headword	967_2L.png	unverified
D02-07316	مەپتۇنلۇق	headword	967_2L.png	unverified
D02-07317	مەپكۇرە	headword	967_2L.png	unverified
D02-07318	مەپكۇرىلىك	headword	968_1R.png	unverified
D02-07319	مەپكۇرىۋى	headword	968_1R.png	unverified
D02-07320	مەپھۇم	headword	968_1R.png	verified
D02-07321	مەپىچى	headword	968_1R.png	unverified
D02-07322	مەپىچىلىك	headword	968_1R.png	unverified
D02-07323	مەپىخانا	headword	968_1R.png	unverified
D02-07324	مەپىكەش	headword	968_1R.png	unverified
D02-07325	مەپىكەشلىك	headword	968_1R.png	unverified
D02-07326	مەپىلىك	headword	968_1R.png	unverified
D02-07327	مەتەر	headword	968_1R.png	verified
D02-07328	مەتبەئە	headword	968_1R.png	unverified
D02-07329	مەتبەئەچى	headword	968_1R.png	unverified
D02-07330	مەتبەئەچىلىك	headword	968_1R.png	unverified
D02-07331	مەتبەئەشۇناس	headword	968_1R.png	unverified
D02-07332	مەتبەئەشۇناسلىق	headword	968_1R.png	unverified
D02-07333	مەتبۇئات	headword	968_1R.png	unverified
D02-07334	مەتبۇئاتچى	headword	968_1R.png	unverified
D02-07335	مەتبۇئاتچىلىق	headword	968_1R.png	unverified
D02-07336	مەتبۇئاتشۇناس	headword	968_1R.png	verified
D02-07337	مەتلۇب	headword	968_2L.png	verified
D02-07338	مەتۇ	headword	968_2L.png	unverified
D02-07339	مەتۇرىدى	headword	968_2L.png	verified
D02-07340	مەتۇرىدىلار	headword	968_2L.png	verified
D02-07341	مەتۇلۇق	headword	968_2L.png	verified
D02-07342	مەجاز	headword	968_2L.png	unverified
D02-07343	مەجازلىق	headword	968_2L.png	unverified
D02-07344	مەجازىي	headword	968_2L.png	unverified
D02-07345	مەجبۇر	headword	968_2L.png	unverified
D02-07346	مەجبۇرەن	headword	968_2L.png	unverified
D02-07347	مەجبۇرلاشماق	headword	968_2L.png	unverified
D02-07348	مەجبۇرلانماق	headword	968_2L.png	unverified
D02-07349	مەجبۇرلۇق	headword	968_2L.png	unverified
D02-07350	مەجبۇرلىماق	headword	968_2L.png	unverified
D02-07351	مەجبۇرىي	headword	968_2L.png	unverified
D02-07352	مەجبۇرىي دەرىجە	headword	968_2L.png	unverified
D02-07353	مەجبۇرىي مائارىپ	headword	969_1R.png	unverified
D02-07354	مەجبۇرىيەت	headword	969_1R.png	unverified
D02-07355	مەجرۇن	headword	969_1R.png	unverified
D02-07356	مەجرۇھ	headword	969_1R.png	unverified
D02-07357	مەجرۇھلاندۇرماق	headword	969_1R.png	unverified
D02-07358	مەجرۇھلاندۇرۇشماق	headword	969_1R.png	unverified
D02-07359	مەجرۇھلاندۇرۇلماق	headword	969_1R.png	unverified
D02-07360	مەجرۇھلانماق	headword	969_1R.png	unverified
D02-07361	مەجرۇھلۇق	headword	969_1R.png	unverified
D02-07362	مەجلىس	headword	969_1R.png	unverified
D02-07363	مەجلىسخانا	headword	969_1R.png	unverified
D02-07364	مەجلىسداش	headword	969_1R.png	unverified
D02-07365	مەجلىسۋاز	headword	969_2L.png	unverified
D02-07366	مەجلىسۋازلىق	headword	969_2L.png	unverified
D02-07367	مەجنۇن	headword	969_2L.png	unverified
D02-07368	مەجنۇنتال	headword	969_2L.png	unverified
D02-07369	مەجنۇنتاللىق	headword	969_2L.png	unverified
D02-07370	مەجنۇنلارچە	headword	969_2L.png	unverified
D02-07371	مەجنۇنلۇق	headword	969_2L.png	unverified
D02-07372	مەجمۇئە	headword	969_2L.png	unverified
D02-07373	مەجھۇل	headword	969_2L.png	unverified
D02-07374	مەجھۇل دەرىجە	headword	969_2L.png	unverified
D02-07375	مەجھۇل سان	headword	969_2L.png	verified
D02-07376	مەجۇسىي	headword	969_2L.png	unverified
D02-07377	مەجۇسىيەت	headword	969_2L.png	unverified
D02-07378	مەجۇسىيلىق	headword	969_2L.png	unverified
D02-07379	مەجۈج	headword	970_1R.png	unverified
D02-07380	مەجۈن	headword	970_1R.png	unverified
D02-07381	مەجىگە	headword	970_1R.png	unverified
D02-07382	مەخپىي	headword	970_1R.png	unverified
D02-07383	مەخپىيەت	headword	970_1R.png	unverified
D02-07384	مەخپىيەتلىك	headword	970_1R.png	unverified
D02-07385	مەخپىيلەشتۈرمەك	headword	970_1R.png	unverified
D02-07386	مەخپىيلەشتۈرۈلمەك	headword	970_1R.png	unverified
D02-07387	مەخپىيلەشمەك	headword	970_1R.png	unverified
D02-07388	مەخپىيلىك	headword	970_1R.png	unverified
D02-07389	مەخرەج	headword	970_1R.png	unverified
D02-07390	مەخرەجلىك	headword	970_1R.png	unverified
D02-07391	مەخسۇس	headword	970_1R.png	unverified
D02-07392	مەخسۇسخانا	headword	970_1R.png	unverified
D02-07393	مەخسۇسلاشتۇرماق	headword	970_1R.png	verified
D02-07394	مەخسۇسلاشتۇرۇلماق	headword	970_1R.png	unverified
D02-07395	مەخسۇسلاشماق	headword	970_1R.png	unverified
D02-07396	مەخسۇم	headword	970_2L.png	unverified
D02-07397	مەخسۇمچە	headword	970_2L.png	unverified
D02-07398	مەخلۇق	headword	970_2L.png	unverified
D02-07399	مەخلۇقات	headword	970_2L.png	unverified
D02-07400	مەخمەل	headword	970_2L.png	unverified
D02-07401	مەخمەلگۈل	headword	970_2L.png	unverified
D02-07402	مەدەت	headword	970_2L.png	unverified
D02-07403	مەدەتكار	headword	970_2L.png	unverified
D02-07404	مەدەتكارلىق	headword	970_2L.png	unverified
D02-07405	مەدەتلەندۈرمەك	headword	970_2L.png	unverified
D02-07406	مەدەتلەندۈرۈشمەك	headword	970_2L.png	unverified
D02-07407	مەدەتلەندۈرۈلمەك	headword	970_2L.png	unverified
D02-07408	مەدەتلەنمەك	headword	970_2L.png	unverified
D02-07409	مەدەستان	headword	970_2L.png	unverified
D02-07410	مەدەك	headword	970_2L.png	unverified
D02-07411	مەدەن	headword	971_1R.png	unverified
D02-07412	مەدەنىي	headword	971_1R.png	unverified
D02-07413	مەدەنىي ئاقارتىش ئۇيۇشمىسى	headword	971_1R.png	unverified
D02-07414	مەدەنىيەت	headword	971_1R.png	unverified
D02-07415	مەدەنىيەتپەرۋەر	headword	971_1R.png	unverified
D02-07416	مەدەنىيەتپەرۋەرلىك	headword	971_1R.png	unverified
D02-07417	مەدەنىيەتسىز	headword	971_1R.png	unverified
D02-07418	مەدەنىيەتسىزلىك	headword	971_1R.png	unverified
D02-07419	مەدەنىيەتشۇناس	headword	971_1R.png	unverified
D02-07420	مەدەنىيەتشۇناسلىق	headword	971_1R.png	unverified
D02-07421	مەدەنىيەتلىك	headword	971_2L.png	unverified
D02-07422	مەدەنىيلەشتۈرمەك	headword	971_2L.png	unverified
D02-07423	مەدەنىيلەشتۈرۈشمەك	headword	971_2L.png	unverified
D02-07424	مەدەنىيلەشتۈرۈلمەك	headword	971_2L.png	unverified
D02-07425	مەدەنىيلەشمەك	headword	971_2L.png	unverified
D02-07426	مەدەنىيلىك	headword	971_2L.png	unverified
D02-07427	مەدداھ	headword	971_2L.png	unverified
D02-07428	مەدداھلارچە	headword	971_2L.png	unverified
D02-07429	مەدداھلىق	headword	971_2L.png	unverified
D02-07430	مەددە	headword	971_2L.png	unverified
D02-07431	مەددە قويماق	headword	971_2L.png	unverified
D02-07432	مەدرىسە	headword	971_2L.png	unverified
D02-07433	مەدەھىيە	headword	971_2L.png	unverified
D02-07434	مەدھىيەچى	headword	972_1R.png	unverified
D02-07435	مەدھىيەلەتمەك	headword	972_1R.png	unverified
D02-07436	مەدھىيەلەشمەك	headword	972_1R.png	unverified
D02-07437	مەدھىيەلەنمەك	headword	972_1R.png	unverified
D02-07438	مەدھىيەلىمەك	headword	972_1R.png	unverified
D02-07439	مەدھىيەنامە	headword	972_1R.png	unverified
D02-07440	مەدىكار	headword	972_1R.png	unverified
D02-07441	مەدىكارچىلىق	headword	972_1R.png	unverified
D02-07442	مەدىكارلارچە	headword	972_1R.png	unverified
D02-07443	مەدىكارلىق	headword	972_1R.png	unverified
D02-07444	مەرئا	headword	972_1R.png	unverified
D02-07445	مەرە	headword	972_1R.png	unverified
D02-07446	مەرەپكە	headword	972_1R.png	unverified
D02-07447	مەرەتمەك	headword	972_1R.png	verified
D02-07448	مەرەز	headword	972_1R.png	unverified
D02-07449	مەرەزدار	headword	972_1R.png	unverified
D02-07450	مەرەزلىك	headword	972_1R.png	unverified
D02-07451	مەرەشمەك	headword	972_1R.png	unverified
D02-07452	مەرەم	headword	972_1R.png	unverified
D02-07453	مەرتە	headword	972_2L.png	unverified
D02-07454	مەرتەم	headword	972_2L.png	unverified
D02-07455	مەرتەم-مەرتەم	headword	972_2L.png	unverified
D02-07456	مەرتەم-مەرتەم ئۈچ مەرتەم	headword	972_2L.png	unverified
D02-07457	مەرتىۋە	headword	972_2L.png	unverified
D02-07459	مەرتىۋىسىز	headword	972_2L.png	unverified
D02-07460	مەرتىۋىلىك	headword	972_2L.png	unverified
D02-07461	مەرچە	headword	972_2L.png	unverified
D02-07462	مەرد	headword	972_2L.png	unverified
D02-07463	مەردانە	headword	972_2L.png	unverified
D02-07464	مەردانىلارچە	headword	972_2L.png	unverified
D02-07465	مەردانىلىك	headword	972_2L.png	unverified
D02-07466	مەردەشمەك	headword	972_2L.png	verified
D02-07467	مەردەك	headword	972_2L.png	unverified
D02-07468	مەردلەرچە	headword	972_2L.png	unverified
D02-07469	مەردلىك	headword	972_2L.png	unverified
D02-07470	مەردىمەيدان	headword	973_1R.png	unverified
D02-07471	مەررە	headword	973_1R.png	unverified
D02-07472	مەررە بولماق	headword	973_1R.png	unverified
D02-07473	مەرزەڭگە	headword	973_1R.png	unverified
D02-07474	مەرزەنجۈش	headword	973_1R.png	verified
D02-07475	مەرسىيە	headword	973_1R.png	unverified
D02-07476	مەرغۇپ	headword	973_1R.png	unverified
D02-07477	مەرغۇل	headword	973_1R.png	unverified
D02-07478	مەرغۇلسىز	headword	973_1R.png	unverified
D02-07479	مەرغۇللاتماق	headword	973_1R.png	unverified
D02-07480	مەرغۇللانماق	headword	973_1R.png	unverified
D02-07481	مەرغۇللۇق	headword	973_1R.png	unverified
D02-07482	مەرغۇللىماق	headword	973_1R.png	unverified
D02-07483	مەرگاپ	headword	973_1R.png	unverified
D02-07484	مەركەز	headword	973_1R.png	unverified
D02-07485	مەركەزچىلىك	headword	973_2L.png	unverified
D02-07486	مەركەزداش	headword	973_2L.png	verified
D02-07487	مەركەزلەشتۈرمەك	headword	973_2L.png	unverified
D02-07488	مەركەزلەشتۈرۈشمەك	headword	973_2L.png	unverified
D02-07489	مەركەزلەشتۈرۈلمەك	headword	973_2L.png	unverified
D02-07490	مەركەزلەشمەك	headword	973_2L.png	unverified
D02-07491	مەركەزلىك	headword	973_2L.png	unverified
D02-07492	مەركىزىت	headword	973_2L.png	unverified
D02-07493	مەركىزىي	headword	973_2L.png	verified
D02-07494	مەركىزىي نېرۋا سىستېمىسى	headword	974_1R.png	unverified
D02-07495	مەركىزىي ۋاقىت رايونى	headword	974_1R.png	unverified
D02-07496	مەرگ	headword	974_1R.png	unverified
D02-07497	مەرگەن	headword	974_1R.png	unverified
D02-07498	مەرگەنلىك	headword	974_1R.png	unverified
D02-07499	مەرگىمۇش	headword	974_1R.png	verified
D02-07499-v1	سەنكىيا	variant	974_1R.png	verified
D02-07500	مەرمەر	headword	974_1R.png	unverified
D02-07501	مەرمۇدە قىلماق	headword	974_1R.png	verified
D02-07502	مەرھابا	headword	974_1R.png	unverified
D02-07503	مەرھەمەت	headword	974_1R.png	unverified
D02-07504	مەرھەمەتسىز	headword	974_1R.png	unverified
D02-07505	مەرھەمەتلىك	headword	974_1R.png	unverified
D02-07506	مەرھۇم	headword	974_1R.png	unverified
D02-07507	مەرۇپ	headword	974_2L.png	unverified
D02-07508	مەرۇزە	headword	974_2L.png	unverified
D02-07510	مەرۇزىچى	headword	974_2L.png	unverified
D02-07511	مەرۋايىت	headword	974_2L.png	unverified
D02-07512	مەرۋايىتگۈل	headword	974_2L.png	unverified
D02-07513	مەرۋەرەك	headword	974_2L.png	unverified
D02-07514	مەرىپەت	headword	974_2L.png	unverified
D02-07515	مەرىپەتپەرۋەر	headword	974_2L.png	unverified
D02-07516	مەرىپەتپەرۋەرلىك	headword	974_2L.png	unverified
D02-07517	مەرىپەتچى	headword	974_2L.png	unverified
D02-07518	مەرىپەتچىل	headword	974_2L.png	unverified
D02-07519	مەرىپەتچىلىك	headword	974_2L.png	unverified
D02-07520	مەرىپەتسىز	headword	975_1R.png	unverified
D02-07521	مەرىپەتسىزلىك	headword	975_1R.png	unverified
D02-07522	مەرىپەتلىك	headword	975_1R.png	unverified
D02-07523	مەرىكە	headword	975_1R.png	unverified
D02-07524	مەرىكىلىك	headword	975_1R.png	unverified
D02-07525	مەرىمەك	headword	975_1R.png	verified
D02-07526	مەزە	headword	975_1R.png	unverified
D02-07527	مەزەللەت	headword	975_1R.png	unverified
D02-07528	مەززە	headword	975_1R.png	unverified
D02-07529	مەززىسىز	headword	975_1R.png	unverified
D02-07530	مەززىسىزلىك	headword	975_1R.png	unverified
D02-07531	مەززىلىك	headword	975_1R.png	unverified
D02-07532	مەزكۇر	headword	975_1R.png	unverified
D02-07533	مەزگىل	headword	975_1R.png	unverified
D02-07534	مەزگىلسىز	headword	975_1R.png	unverified
D02-07535	مەزگىللىك	headword	975_1R.png	unverified
D02-07536	مەزلۇم	headword	975_1R.png	unverified
D02-07537	مەزلۇمچە	headword	975_2L.png	unverified
D02-07538	مەزلۇملارچە	headword	975_2L.png	unverified
D02-07539	مەزمۇت	headword	975_2L.png	unverified
D02-07540	مەزمۇتلاشتۇرماق	headword	975_2L.png	unverified
D02-07541	مەزمۇتلاشتۇرۇشماق	headword	975_2L.png	unverified
D02-07542	مەزمۇتلاشتۇرۇلماق	headword	975_2L.png	unverified
D02-07543	مەزمۇتلاشماق	headword	975_2L.png	unverified
D02-07544	مەزمۇتلۇق	headword	975_2L.png	unverified
D02-07545	مەزمۇن	headword	975_2L.png	unverified
D02-07546	مەزمۇنەن	headword	975_2L.png	unverified
D02-07547	مەزمۇندار	headword	975_2L.png	unverified
D02-07548	مەزمۇندارلىق	headword	975_2L.png	unverified
D02-07549	مەزمۇنداش	headword	975_2L.png	unverified
D02-07550	مەزمۇنداشلىق	headword	975_2L.png	unverified
D02-07551	مەزمۇنسىز	headword	976_1R.png	unverified
D02-07552	مەزمۇنلاتماق	headword	976_1R.png	unverified
D02-07553	مەزمۇنلاشماق	headword	976_1R.png	unverified
D02-07554	مەزمۇنلانماق	headword	976_1R.png	unverified
D02-07555	مەزمۇنلۇق	headword	976_1R.png	unverified
D02-07556	مەزمۇنلىماق	headword	976_1R.png	unverified
D02-07557	مەزھەپ	headword	976_1R.png	unverified
D02-07558	مەزھەپچى	headword	976_1R.png	unverified
D02-07559	مەزھەپچىلىك	headword	976_1R.png	unverified
D02-07560	مەزۇر	headword	976_1R.png	unverified
D02-07561	مەزى	headword	976_1R.png	unverified
D02-07562	مەزى بېزى	headword	976_1R.png	unverified
D02-07563	مەزىت	headword	976_1R.png	unverified
D02-07564	مەزىن	headword	976_1R.png	unverified
D02-07565	مەزىنلىك	headword	976_2L.png	verified
D02-07566	مەسە	headword	976_2L.png	verified
D02-07567	مەسەل	headword	976_2L.png	unverified
D02-07568	مەسەلچى	headword	976_2L.png	unverified
D02-07569	مەسەلچىلىك	headword	976_2L.png	unverified
D02-07570	مەسەللەشتۈرمەك	headword	976_2L.png	unverified
D02-07571	مەسەللەشتۈرۈلمەك	headword	976_2L.png	unverified
D02-07572	مەسەللەشمەك	headword	976_2L.png	unverified
D02-07573	مەسەللىك	headword	976_2L.png	unverified
D02-07574	مەست	headword	976_2L.png	unverified
D02-07575	مەستانە	headword	976_2L.png	unverified
D02-07576	مەستانىلىق	headword	977_1R.png	unverified
D02-07577	مەستەر	headword	977_1R.png	unverified
D02-07578	مەستەك	headword	977_1R.png	unverified
D02-07579	مەست - ئەلەس	headword	977_1R.png	unverified
D02-07580	مەستچىلىك	headword	977_1R.png	unverified
D02-07581	مەستخۇش	headword	977_1R.png	verified
D02-07582	مەستخۇشلانماق	headword	977_1R.png	unverified
D02-07583	مەستخۇشلۇق	headword	977_1R.png	unverified
D02-07584	مەستلىك	headword	977_1R.png	unverified
D02-07585	مەستۈرە	headword	977_1R.png	unverified
D02-07586	مەستۈنە	headword	977_2L.png	verified
D02-07587	مەستۈھەيران	headword	977_2L.png	verified
D02-07588	مەستىكى	headword	977_2L.png	verified
D02-07589	مەستىكى رۇمى	headword	977_2L.png	verified
D02-07590	مەسچىت	headword	977_2L.png	unverified
D02-07591	مەسخىرە	headword	977_2L.png	unverified
D02-07592	مەسخىرەچى	headword	977_2L.png	verified
D02-07593	مەسخىرىلەشتۈرۈلمەك	headword	977_2L.png	unverified
D02-07594	مەسخىرىلەشمەك	headword	977_2L.png	unverified
D02-07595	مەسخىرىلەنمەك	headword	977_2L.png	unverified
D02-07596	مەسخىرىلىك	headword	977_2L.png	unverified
D02-07597	مەسخىرىلىمەك	headword	977_2L.png	unverified
D02-07598	مەسخىرىۋاز	headword	977_2L.png	unverified
D02-07599	مەسخىرىۋازلىق	headword	978_1R.png	unverified
D02-07600	مەسخىرىۋى	headword	978_1R.png	unverified
D02-07601	مەسرۇر	headword	978_1R.png	verified
D02-07602	مەسقى	headword	978_1R.png	unverified
D02-07603	مەسكاپ	headword	978_1R.png	unverified
D02-07604	مەسكە	headword	978_1R.png	verified
D02-07605	مەسكەن	headword	978_1R.png	unverified
D02-07606	مەسلەك	headword	978_1R.png	unverified
D02-07607	مەسلەكداش	headword	978_1R.png	unverified
D02-07608	مەسلەكداشلىق	headword	978_1R.png	unverified
D02-07609	مەسلەكسىز	headword	978_1R.png	unverified
D02-07610	مەسلىھەت	headword	978_1R.png	unverified
D02-07611	مەسلىھەت چېيى	headword	978_1R.png	unverified
D02-07612	مەسلىھەتەن	headword	978_2L.png	verified
D02-07613	مەسلىھەتچى	headword	978_2L.png	unverified
D02-07614	مەسلىھەتچىلىك	headword	978_2L.png	unverified
D02-07615	مەسلىھەتسىز	headword	978_2L.png	unverified
D02-07616	مەسلىھەتلەشمەك	headword	978_2L.png	unverified
D02-07617	مەسلىھەتلىك	headword	978_2L.png	unverified
D02-07618	مەسنەۋى	headword	978_2L.png	unverified
D02-07619	مەسئۇل	headword	978_2L.png	unverified
D02-07620	مەسئۇل مۇھەررىر	headword	978_2L.png	unverified
D02-07621	مەسئۇللۇق	headword	978_2L.png	unverified
D02-07622	مەسئۇلىيەت	headword	978_2L.png	unverified
D02-07623	مەسئۇلىيەتچان	headword	978_2L.png	unverified
D02-07624	مەسئۇلىيەتچانلىق	headword	978_2L.png	unverified
D02-07625	مەسئۇلىيەتسىز	headword	979_1R.png	verified
D02-07626	مەسئۇلىيەتلىك	headword	979_1R.png	unverified
D02-07627	مەسئۇلىيەتنامە	headword	979_1R.png	unverified
D02-07628	مەسۇم	headword	979_1R.png	unverified
D02-07629	مەسۇمە	headword	979_1R.png	unverified
D02-07630	مەسۇملۇق	headword	979_1R.png	unverified
D02-07631	مەسىلە	headword	979_1R.png	unverified
D02-07632	مەسىلەن	headword	979_1R.png	unverified
D02-07633	مەسىھ	headword	979_1R.png	unverified
D02-07634	مەش	headword	979_1R.png	unverified
D02-07636	مەشە	headword	979_2L.png	unverified
D02-07637	مەشئەل	headword	979_2L.png	unverified
D02-07638	مەشئەلچى	headword	979_2L.png	unverified
D02-07639	مەشچى	headword	979_2L.png	unverified
D02-07640	مەشچىلىك	headword	979_2L.png	unverified
D02-07641	مەشرەپ	headword	979_2L.png	unverified
D02-07642	مەشرەپچى	headword	979_2L.png	unverified
D02-07643	مەشرۇ	headword	979_2L.png	verified
D02-07644	مەشرۇئى	headword	979_2L.png	verified
D02-07645	مەشرىق	headword	979_2L.png	verified
D02-07646	مەششات	headword	979_2L.png	verified
D02-07647	مەششاتە	headword	979_2L.png	verified
D02-07648	مەشغۇل	headword	979_2L.png	verified
D02-07649	مەشغۇلات	headword	979_2L.png	unverified
D02-07650	مەشغۇلاتچان	headword	979_2L.png	unverified
D02-07651	مەشغۇلاتچانلىق	headword	979_2L.png	unverified
D02-07652	مەشغۇلاتچى	headword	980_1R.png	unverified
D02-07653	مەشغۇلاتلىق	headword	980_1R.png	unverified
D02-07654	مەشغۇللاندۇرماق	headword	980_1R.png	verified
D02-07655	مەشغۇللانماق	headword	980_1R.png	verified
D02-07656	مەشغۇلىيەت	headword	980_1R.png	verified
D02-07657	مەشقاۋۇل	headword	980_1R.png	unverified
D02-07658	مەشلەك	headword	980_1R.png	verified
D02-07659	مەشۇت	headword	980_1R.png	unverified
D02-07660	مەشۇق	headword	980_1R.png	unverified
D02-07661	مەشۇقلۇق	headword	980_1R.png	unverified
D02-07662	مەشئۇم	headword	980_1R.png	unverified
D02-07663	مەشئۇملۇق	headword	980_1R.png	unverified
D02-07664	مەشىق	headword	980_1R.png	unverified
D02-07665	مەشىقخانا	headword	980_1R.png	unverified
D02-07666	مەشىقسىز	headword	980_2L.png	unverified
D02-07667	مەشىقلەندۈرمەك	headword	980_2L.png	unverified
D02-07668	مەشىقلەندۈرۈلمەك	headword	980_2L.png	unverified
D02-07669	مەشىقلەنمەك	headword	980_2L.png	verified
D02-07670	مەغپىرەت	headword	980_2L.png	unverified
D02-07671	مەغپىرەتچى	headword	980_2L.png	unverified
D02-07672	مەغپىرەتچىلىك	headword	980_2L.png	unverified
D02-07673	مەغرۇر	headword	980_2L.png	unverified
D02-07674	مەغرۇرانە	headword	980_2L.png	verified
D02-07675	مەغرۇرلاندۇرماق	headword	980_2L.png	verified
D02-07676	مەغرۇرلانماق	headword	980_2L.png	unverified
D02-07677	مەغرۇرلۇق	headword	980_2L.png	unverified
D02-07678	مەغرۇرلىنىشماق	headword	980_2L.png	unverified
D02-07679	مەغرىب	headword	980_2L.png	unverified
D02-07680	مەغلۇپ	headword	980_2L.png	verified
D02-07681	مەغلۇبىيەت	headword	980_2L.png	unverified
D02-07682	مەغلۇبىيەتچى	headword	981_1R.png	unverified
D02-07683	مەغلۇبىيەتچىلىك	headword	981_1R.png	unverified
D02-07684	مەغلۇبىيەتلىك	headword	981_1R.png	unverified
D02-07685	مەغۇل	headword	981_1R.png	unverified
D02-07686	مەقئەت	headword	981_1R.png	unverified
D02-07686-v1	سوڭ	variant	981_1R.png	unverified
D02-07687	مەقبەرە	headword	981_1R.png	unverified
D02-07688	مەقبۇل	headword	981_1R.png	unverified
D02-07689	مەقسەت	headword	981_1R.png	unverified
D02-07690	مەقسەتچان	headword	981_1R.png	unverified
D02-07691	مەقسەتچانلىق	headword	981_1R.png	unverified
D02-07692	مەقسەتداش	headword	981_1R.png	unverified
D02-07693	مەقسەتسىز	headword	981_1R.png	unverified
D02-07694	مەقسەتلەشتۈرمەك	headword	981_1R.png	unverified
D02-07695	مەقسەتلەشتۈرۈلمەك	headword	981_1R.png	unverified
D02-07696	مەقسەتلىك	headword	981_1R.png	unverified
D02-07697	مەقسۇد	headword	981_1R.png	unverified
D02-07698	مەكتەپ	headword	981_2L.png	unverified
D02-07699	مەكتەپخانا	headword	981_2L.png	unverified
D02-07700	مەكتەپدار	headword	981_2L.png	unverified
D02-07701	مەكتەپدارلىق	headword	981_2L.png	unverified
D02-07702	مەكتەپداش	headword	981_2L.png	unverified
D02-07703	مەكتەپداشلىق	headword	981_2L.png	unverified
D02-07704	مەكتۇپ	headword	981_2L.png	unverified
D02-07705	مەكتۇپلاشماق	headword	981_2L.png	unverified
D02-07706	مەكتۇپنامە	headword	981_2L.png	unverified
D02-07707	مەكرۇھ	headword	981_2L.png	unverified
D02-07708	مەككار	headword	981_2L.png	unverified
D02-07709	مەككارلارچە	headword	981_2L.png	unverified
D02-07710	مەككارلىق	headword	981_2L.png	unverified
D02-07711	مەككە	headword	981_2L.png	unverified
D02-07712	مەككىچامغۇر	headword	982_1R.png	unverified
D02-07713	مەكىتاش	headword	982_1R.png	unverified
D02-07714	مەگەر	headword	982_1R.png	unverified
D02-07715	مەگەرچەندە	headword	982_1R.png	verified
D02-07716	مەگەركى	headword	982_1R.png	verified
D02-07717	مەگەركىم	headword	982_1R.png	verified
D02-07718	مەڭ	headword	982_1R.png	verified
D02-07719	مەڭدەتمەك	headword	982_1R.png	verified
D02-07720	مەڭدەشمەك	headword	982_1R.png	verified
D02-07721	مەڭدىگەك	headword	982_1R.png	verified
D02-07722	مەڭدىگەكلىك	headword	982_1R.png	verified
D02-07723	مەڭدىگۈر	headword	982_1R.png	verified
D02-07724	مەڭدىمەك	headword	982_1R.png	verified
D02-07725	مەڭز	headword	982_1R.png	verified
D02-07725-i1	مەڭزى	inflected	982_1R.png	verified
D02-07726	مەڭزىتمەك	headword	982_1R.png	verified
D02-07727	مەڭزىمەك	headword	982_1R.png	verified
D02-07728	مەڭگۈ	headword	982_1R.png	verified
D02-07731	مەڭگۈتاش	headword	982_1R.png	verified
D02-07732	مەڭگۈلۈك	headword	982_1R.png	verified
D02-07733	مەڭگىسەر	headword	982_1R.png	verified
D02-07734	مەڭلەشمەك	headword	982_2L.png	unverified
D02-07735	مەڭلىك	headword	982_2L.png	unverified
D02-07736	مەلەق	headword	982_2L.png	unverified
D02-07737	مەلەق - مەلەق	headword	982_2L.png	unverified
D02-07738	مەلەك	headword	982_2L.png	verified
D02-07740	مەلتۈك	headword	982_2L.png	verified
D02-07741	مەلغۇن	headword	982_2L.png	unverified
D02-07742	مەللە	headword	982_2L.png	unverified
D02-07743	مەللە پاختا	headword	982_2L.png	unverified
D02-07744	مەلھەم	headword	982_2L.png	unverified
D02-07745	مەلۇم	headword	982_2L.png	unverified
D02-07746	مەلۇمات	headword	982_2L.png	unverified
D02-07747	مەلۇماتچى	headword	982_2L.png	unverified
D02-07748	مەلۇماتسىز	headword	982_2L.png	unverified
D02-07749	مەلۇماتلىق	headword	983_1R.png	unverified
D02-07750	مەلۇمچى	headword	983_1R.png	unverified
D02-07751	مەلۇمكى	headword	983_1R.png	unverified
D02-07752	مەلۇملۇق	headword	983_1R.png	unverified
D02-07753	مەلۇملىماق	headword	983_1R.png	unverified
D02-07754	مەلۇمنامە	headword	983_1R.png	unverified
D02-07755	مەلئۇن	headword	983_1R.png	unverified
D02-07756	مەلئۇنلۇق	headword	983_1R.png	unverified
D02-07757	مەلىسكىن	headword	983_1R.png	verified
D02-07758	مەلىكە	headword	983_1R.png	unverified
D02-07760	مەلىكىزادە	headword	983_1R.png	unverified
D02-07761	مەلىكىسىز	headword	983_1R.png	verified
D02-07762	مەلىكىلىك	headword	983_1R.png	verified
D02-07763	مەمەدان	headword	983_2L.png	unverified
D02-07764	مەمەدانلارچە	headword	983_2L.png	unverified
D02-07765	مەمەدانلىق	headword	983_2L.png	unverified
D02-07766	مەمەك	headword	983_2L.png	unverified
D02-07767	مەملىكەت	headword	983_2L.png	unverified
D02-07768	مەملىكەتلىك	headword	983_2L.png	unverified
D02-07769	مەمھەم	headword	983_2L.png	unverified
D02-07770	مەمنۇن	headword	983_2L.png	unverified
D02-07771	مەمنۇنلۇق	headword	983_2L.png	unverified
D02-07772	مەمنۇنىيەت	headword	983_2L.png	unverified
D02-07773	مەمنۇنىيەتلىك	headword	983_2L.png	unverified
D02-07774	مەمۇر	headword	983_2L.png	verified
D02-07776	مەمۇرچىلىق	headword	983_2L.png	verified
D02-07777	مەمۇرلۇق	headword	983_2L.png	unverified
D02-07778	مەمۇرىي	headword	983_2L.png	unverified
D02-07779	مەمۇرىيەت	headword	984_1R.png	unverified
D02-07780	مەمۇرىيەتپەرۋەر	headword	984_1R.png	unverified
D02-07781	مەمۇرىيەتپەرۋەرلىك	headword	984_1R.png	unverified
D02-07782	مەن	headword	984_1R.png	unverified
D02-07783	مەنە	headword	984_1R.png	unverified
D02-07784	مەنەن	headword	984_1R.png	unverified
D02-07785	مەنبە	headword	984_1R.png	unverified
D02-07786	مەنبەچىلىك	headword	984_1R.png	unverified
D02-07787	مەنبەداش	headword	984_1R.png	unverified
D02-07788	مەنبەداشلىق	headword	984_2L.png	unverified
D02-07789	مەنبەسىز	headword	984_2L.png	unverified
D02-07790	مەنبەشۇناس	headword	984_2L.png	unverified
D02-07791	مەنبەشۇناسلىق	headword	984_2L.png	verified
D02-07791-v1	تېكىستولوگىيە	variant	984_2L.png	verified
D02-07792	مەنبەلەشتۈرمەك	headword	984_2L.png	unverified
D02-07793	مەنبەلەشتۈرۈشمەك	headword	984_2L.png	unverified
D02-07794	مەنبەلەشتۈرۈلمەك	headword	984_2L.png	unverified
D02-07795	مەنبەلەشمەك	headword	984_2L.png	unverified
D02-07796	مەنبەلەنمەك	headword	984_2L.png	unverified
D02-07797	مەنبەلىك	headword	984_2L.png	verified
D02-07798	مەنپەئەت	headword	984_2L.png	unverified
D02-07799	مەنپەئەتپەرەس	headword	984_2L.png	unverified
D02-07800	مەنپەئەتپەرەسلىك	headword	984_2L.png	unverified
D02-07801	مەنپەئەتچىلىك	headword	984_2L.png	unverified
D02-07802	مەنپەئەتدار	headword	984_2L.png	unverified
D02-07803	مەنپەئەتدارلىق	headword	984_2L.png	unverified
D02-07804	مەنپەئەتسىز	headword	984_2L.png	unverified
D02-07805	مەنپەئەتلىك	headword	984_2L.png	unverified
D02-07807	مەنپەسى	headword	985_1R.png	verified
D02-07808	مەنپۇ	headword	985_1R.png	verified
D02-07809	مەنپىز	headword	985_1R.png	verified
D02-07810	مەنپىي	headword	985_1R.png	unverified
D02-07811	مەنپىي زەرەت	headword	985_1R.png	unverified
D02-07812	مەنپىي سان	headword	985_1R.png	verified
D02-07813	مەنپىيلىك	headword	985_1R.png	unverified
D02-07814	مەنتىق	headword	985_1R.png	unverified
D02-07815	مەنتىقچانلىق	headword	985_1R.png	unverified
D02-07816	مەنتىقسىز	headword	985_1R.png	unverified
D02-07817	مەنتىقسىزلىق	headword	985_1R.png	unverified
D02-07818	مەنتىقشۇناس	headword	985_1R.png	unverified
D02-07819	مەنتىقشۇناسلىق	headword	985_1R.png	unverified
D02-07820	مەنتىقلىق	headword	985_2L.png	unverified
D02-07821	مەنتىقلىمەك	headword	985_2L.png	unverified
D02-07822	مەنتىقىي	headword	985_2L.png	unverified
D02-07823	مەنتىقىيسىز	headword	985_2L.png	unverified
D02-07824	مەنتىقىيلىق	headword	985_2L.png	unverified
D02-07827	مەنجاڭلىق	headword	985_2L.png	unverified
D02-07828	مەنچە	headword	985_2L.png	unverified
D02-07829	مەنچىلىك	headword	985_2L.png	unverified
D02-07830	مەنزەر	headword	985_2L.png	unverified
D02-07831	مەنزۇر	headword	985_2L.png	unverified
D02-07832	مەنزىرە	headword	985_2L.png	unverified
D02-07833	مەنزىرىلىك	headword	986_1R.png	unverified
D02-07834	مەنزىل	headword	986_1R.png	unverified
D02-07835	مەنزىلسىز	headword	986_1R.png	unverified
D02-07836	مەنزىلگاھ	headword	986_1R.png	unverified
D02-07837	مەنزىللىك	headword	986_1R.png	unverified
D02-07838	مەنسەپ	headword	986_1R.png	unverified
D02-07839	مەنسەپپەرەس	headword	986_1R.png	unverified
D02-07840	مەنسەپپەرەسلىك	headword	986_1R.png	unverified
D02-07841	مەنسەپخور	headword	986_1R.png	unverified
D02-07842	مەنسەپخورلۇق	headword	986_1R.png	unverified
D02-07843	مەنسەپدار	headword	986_1R.png	unverified
D02-07844	مەنسەپدارلىق	headword	986_1R.png	unverified
D02-07845	مەنسەپسىز	headword	986_1R.png	unverified
D02-07846	مەنسۇپ	headword	986_1R.png	unverified
D02-07847	مەنسۇپلۇق	headword	986_1R.png	unverified
D02-07848	مەنسۇخ	headword	986_1R.png	unverified
D02-07849	مەنسىتمەسلىك	headword	986_2L.png	verified
D02-07850	مەنسىتمەك	headword	986_2L.png	verified
D02-07851	مەنسىتىشمەك	headword	986_2L.png	verified
D02-07852	مەنسىتىلمەك	headword	986_2L.png	verified
D02-07853	مەنسىنمەك	headword	986_2L.png	verified
D02-07854	مەنقۇلات	headword	986_2L.png	unverified
D02-07855	مەنقۇلاتلىق	headword	986_2L.png	unverified
D02-07856	مەنمەن	headword	986_2L.png	unverified
D02-07857	مەنمەن دېگەن	headword	986_2L.png	unverified
D02-07858	مەنمەنچى	headword	986_2L.png	unverified
D02-07859	مەنمەنچىلىك	headword	986_2L.png	unverified
D02-07860	مەنمەنلىك	headword	986_2L.png	unverified
D02-07861	مەنۇش	headword	986_2L.png	verified
D02-07862	مەنئى	headword	986_2L.png	unverified
D02-07863	مەنىدار	headword	986_2L.png	unverified
D02-07864	مەنىدارلىق	headword	986_2L.png	unverified
D02-07865	مەنىداش	headword	986_2L.png	unverified
D02-07866	مەنىداشلىق	headword	986_2L.png	unverified
D02-07867	مەنىسىز	headword	987_1R.png	unverified
D02-07868	مەنىسىزلىك	headword	987_1R.png	unverified
D02-07869	مەنىلىك	headword	987_1R.png	unverified
D02-07870	مەنىۋى	headword	987_1R.png	unverified
D02-07871	مەنىۋى مەدەنىيەت	headword	987_1R.png	unverified
D02-07872	مەنىۋى مۇھىت	headword	987_1R.png	unverified
D02-07873	مەنىۋىلەشتۈرمەك	headword	987_1R.png	unverified
D02-07874	مەنىۋىلەشتۈرۈشمەك	headword	987_1R.png	verified
D02-07875	مەنىۋىلەشتۈرۈلمەك	headword	987_1R.png	unverified
D02-07876	مەنىۋىلەشمەك	headword	987_1R.png	unverified
D02-07877	مەنىۋىلىك	headword	987_1R.png	unverified
D02-07878	مەنىۋىيەت	headword	987_1R.png	unverified
D02-07879	مەنىي	headword	987_2L.png	unverified
D02-07880	مەھ	headword	987_2L.png	unverified
D02-07881	مەھەل	headword	987_2L.png	unverified
D02-07882	مەھەللە	headword	987_2L.png	unverified
D02-07883	مەھەللە-كوي	headword	987_2L.png	unverified
D02-07884	مەھەللىدارچىلىق	headword	987_2L.png	unverified
D02-07885	مەھەللىداش	headword	987_2L.png	unverified
D02-07886	مەھەللىداشلىق	headword	987_2L.png	unverified
D02-07887	مەھەللىلىك	headword	987_2L.png	unverified
D02-07888	مەھەللىمۇمەھەللە	headword	987_2L.png	unverified
D02-07889	مەھەللىۋاز	headword	987_2L.png	unverified
D02-07890	مەھەللىۋازلىق	headword	987_2L.png	unverified
D02-07891	مەھەللىۋى	headword	987_2L.png	verified
D02-07892	مەھبۇب	headword	987_2L.png	unverified
D02-07893	مەھبۇس	headword	987_2L.png	unverified
D02-07894	مەھبۇسلۇق	headword	988_1R.png	unverified
D02-07895	مەھراپ	headword	988_1R.png	unverified
D02-07896	مەھرەم	headword	988_1R.png	unverified
D02-07897	مەھرەم بېگى	headword	988_1R.png	unverified
D02-07898	مەھرۇم	headword	988_1R.png	unverified
D02-07899	مەھرۇمىيەت	headword	988_1R.png	unverified
D02-07900	مەھسۇل	headword	988_1R.png	unverified
D02-07901	مەھسۇلات	headword	988_1R.png	unverified
D02-07902	مەھسۇلاتلىق	headword	988_1R.png	unverified
D02-07903	مەھشەر	headword	988_1R.png	unverified
D02-07904	مەھشەرگاھ	headword	988_1R.png	verified
D02-07905	مەھكەم	headword	988_1R.png	unverified
D02-07906	مەھكەملەتمەك	headword	988_1R.png	unverified
D02-07907	مەھكەملەشمەك	headword	988_1R.png	unverified
D02-07908	مەھكەملىمەك	headword	988_2L.png	verified
D02-07909	مەھكۇم	headword	988_2L.png	unverified
D02-07910	مەھكۇمانە	headword	988_2L.png	unverified
D02-07911	مەھكۇملارچە	headword	988_2L.png	unverified
D02-07912	مەھكۇملۇق	headword	988_2L.png	unverified
D02-07913	مەھكىمە	headword	988_2L.png	unverified
D02-07914	مەھكىمىچىلىك	headword	988_2L.png	unverified
D02-07915	مەھلىيا	headword	988_2L.png	unverified
D02-07916	مەھلىيالىق	headword	988_2L.png	unverified
D02-07917	مەھ - مەھ	headword	988_2L.png	unverified
D02-07918	مەۋج	headword	988_2L.png	unverified
D02-07919	مەۋجلەنمەك	headword	988_2L.png	unverified
D02-07920	مەۋجلىك	headword	988_2L.png	unverified
D02-07921	مەۋجۇت	headword	988_2L.png	unverified
D02-07922	مەۋجۇتسىز	headword	988_2L.png	unverified
D02-07923	مەۋجۇتسىزلىق	headword	988_2L.png	unverified
D02-07924	مەۋجۇتلۇق	headword	989_1R.png	unverified
D02-07925	مەۋجۇدات	headword	989_1R.png	unverified
D02-07926	مەۋجۇدىيەت	headword	989_1R.png	unverified
D02-07927	مەۋجۇدىيەتچى	headword	989_1R.png	unverified
D02-07928	مەۋجۇدىيەتچىلىك	headword	989_1R.png	unverified
D02-07929	مەۋسۇم	headword	989_1R.png	verified
D02-07930	مەۋسۇملۇق	headword	989_1R.png	verified
D02-07931	مەۋقە	headword	989_1R.png	unverified
D02-07932	مەۋقەسىز	headword	989_1R.png	unverified
D02-07933	مەۋقەسىزلىك	headword	989_1R.png	unverified
D02-07934	مەۋلانە	headword	989_2L.png	unverified
D02-07935	مەۋلۇت	headword	989_2L.png	unverified
D02-07936	مەۋلۇت ئاي	headword	989_2L.png	unverified
D02-07936-v1	رەبىيەلئەۋۋەل	variant	989_2L.png	unverified
D02-07937	مەۋھۇم	headword	989_2L.png	unverified
D02-07938	مەۋھۇملاشتۇرماق	headword	989_2L.png	unverified
D02-07939	مەۋھۇملاشتۇرۇشماق	headword	989_2L.png	unverified
D02-07940	مەۋھۇملاشتۇرۇلماق	headword	989_2L.png	unverified
D02-07941	مەۋھۇملاشماق	headword	989_2L.png	unverified
D02-07942	مەۋھۇملۇق	headword	989_2L.png	unverified
D02-07943	مەۋھۇمىيەت	headword	989_2L.png	unverified
D02-07944	مەئىسىيەت	headword	989_2L.png	unverified
D02-07945	مەئىشەت	headword	989_2L.png	unverified
D02-07946	مەئىشەتپەرەس	headword	989_2L.png	unverified
D02-07947	مەئىشەتپەرەسلىك	headword	990_1R.png	verified
D02-07948	مەئىشەتلىك	headword	990_1R.png	unverified
D02-07949	مەئىۋا	headword	990_1R.png	verified
D02-07950	مەي	headword	990_1R.png	unverified
D02-07951	مەي باغلىماق	headword	990_1R.png	unverified
D02-07952	مەيەر	headword	990_1R.png	verified
D02-07953	مەيپەرەس	headword	990_1R.png	unverified
D02-07954	مەيپەرەسلىك	headword	990_1R.png	unverified
D02-07955	مەيپۇرۇش	headword	990_1R.png	unverified
D02-07956	مەيپۇرۇشلۇق	headword	990_1R.png	unverified
D02-07957	مەيخانا	headword	990_1R.png	unverified
D02-07958	مەيخور	headword	990_1R.png	unverified
D02-07959	مەيخورلۇق	headword	990_1R.png	unverified
D02-07960	مەيدان	headword	990_1R.png	unverified
D02-07961	مەيدانغا چۈشمەك	headword	990_2L.png	unverified
D02-07962	مەيدانچاق	headword	990_2L.png	unverified
D02-07963	مەيدانخانا	headword	990_2L.png	unverified
D02-07964	مەيدانسىز	headword	990_2L.png	unverified
D02-07965	مەيدانكەش	headword	990_2L.png	unverified
D02-07966	مەيدانكەشلىك	headword	990_2L.png	unverified
D02-07967	مەيدانلاشتۇرماق	headword	990_2L.png	unverified
D02-07968	مەيدانلاشتۇرۇلماق	headword	990_2L.png	unverified
D02-07969	مەيدانلاشماق	headword	990_2L.png	unverified
D02-07970	مەيدە	headword	990_2L.png	unverified
D02-07971	مەيدىسىدە ئەركەك تۈكى بار	headword	990_2L.png	unverified
D02-07972	مەيدىسىگە تەپمەك	headword	990_2L.png	unverified
D02-07974	مەيدە-چۈيدە	headword	991_1R.png	unverified
D02-07974-v1	ئۇششاق - چۈششەك	variant	991_1R.png	unverified
D02-07975	مەيدىلىك	headword	991_1R.png	unverified
D02-07976	مەيدىلىمەك	headword	991_1R.png	unverified
D02-07977	مەيزاب	headword	991_1R.png	unverified
D02-07978	مەيزان	headword	991_1R.png	unverified
D02-07979	مەيل	headword	991_1R.png	unverified
D02-07980	مەيلى بار	headword	991_1R.png	unverified
D02-07981	مەيلى چۈشمەك	headword	991_1R.png	unverified
D02-07982	مەيلى يوق	headword	991_1R.png	unverified
D02-07983	مەيلى	headword	991_1R.png	unverified
D02-07984	مەيلىس	headword	991_1R.png	unverified
D02-07985	مەيلىچە	headword	991_1R.png	unverified
D02-07986	مەينەت	headword	991_2L.png	unverified
D02-07987	مەينەتچىلىك	headword	991_2L.png	unverified
D02-07988	مەينەتلەشتۈرمەك	headword	991_2L.png	unverified
D02-07989	مەينەتلەشتۈرۈشمەك	headword	991_2L.png	unverified
D02-07990	مەينەتلەشمەك	headword	991_2L.png	unverified
D02-07991	مەيۈس	headword	991_2L.png	unverified
D02-07992	مەيۈسانە	headword	991_2L.png	verified
D02-07993	مەيۈسلەندۈرمەك	headword	991_2L.png	unverified
D02-07994	مەيۈسلەنمەك	headword	991_2L.png	unverified
D02-07995	مەيۈسلۈك	headword	991_2L.png	unverified
D02-07996	مەيۈسلىنىشمەك	headword	991_2L.png	unverified
D02-07997	مەيۋاز	headword	991_2L.png	unverified
D02-07998	مەيۋازلىق	headword	991_2L.png	unverified
D02-08000	مەيىن	headword	991_2L.png	unverified
D02-08001	مو	headword	991_2L.png	unverified
D02-08002	مو سالماق	headword	991_2L.png	unverified
D02-08006	موتاتماق	headword	992_1R.png	verified
D02-08007	موتاشماق	headword	992_1R.png	unverified
D02-08008	موتەك	headword	992_1R.png	unverified
D02-08009	موتور	headword	992_1R.png	unverified
D02-08009-v1	دىۋىگاتېل	variant	992_1R.png	unverified
D02-08010	موتورخانا	headword	992_1R.png	unverified
D02-08011	موتورلاشتۇرماق	headword	992_1R.png	unverified
D02-08012	موتورلاشتۇرۇلماق	headword	992_1R.png	unverified
D02-08013	موتورلاشماق	headword	992_1R.png	unverified
D02-08014	موتورلۇق	headword	992_1R.png	unverified
D02-08015	موتوسىكلىت	headword	992_1R.png	verified
D02-08016	موتىماق	headword	992_1R.png	unverified
D02-08018	موچەنلىك	headword	992_1R.png	unverified
D02-08019	موچىن	headword	992_1R.png	unverified
D02-08021	موخەك	headword	992_1R.png	unverified
D02-08022	موخوركا	headword	992_1R.png	unverified
D02-08023	موخوركىچى	headword	992_1R.png	unverified
D02-08024	مودا	headword	992_1R.png	unverified
D02-08025	مودەن	headword	992_2L.png	unverified
D02-08026	مودەنگۈل	headword	992_2L.png	unverified
D02-08027	مودېرنىزم	headword	992_2L.png	unverified
D02-08028	مودېل	headword	992_2L.png	unverified
D02-08029	مودېللاشتۇرماق	headword	992_2L.png	unverified
D02-08030	مودېللاشتۇرۇلماق	headword	992_2L.png	unverified
D02-08031	مودېللاشماق	headword	992_2L.png	unverified
D02-08032	مودىلىق	headword	992_2L.png	unverified
D02-08033	مور	headword	992_2L.png	unverified
D02-08034	مورا	headword	992_2L.png	unverified
D02-08035	مورا بېشى	headword	992_2L.png	unverified
D02-08036	مورىدىن تۈتۈن چىقارماق	headword	992_2L.png	unverified
D02-08037	مورفولوگىيە	headword	992_2L.png	unverified
D02-08038	مورفولوگىيەلىك	headword	993_1R.png	unverified
D02-08039	مورفېما	headword	993_1R.png	unverified
D02-08040	مورفىن	headword	993_1R.png	unverified
D02-08041	مورفىنىزم	headword	993_1R.png	unverified
D02-08042	مورگانىزم	headword	993_1R.png	unverified
D02-08043	مورلاتماق	headword	993_1R.png	unverified
D02-08044	مورلاشماق	headword	993_1R.png	unverified
D02-08045	مورلانماق	headword	993_1R.png	unverified
D02-08046	مورلىماق	headword	993_1R.png	unverified
D02-08047	موروچەن	headword	993_1R.png	unverified
D02-08048	مورۇشۇ	headword	993_1R.png	unverified
D02-08049	مورېنا	headword	993_1R.png	unverified
D02-08050	مورىگۈل	headword	993_1R.png	unverified
D02-08051	مورىلىق	headword	993_1R.png	unverified
D02-08052	موزا	headword	993_1R.png	unverified
D02-08053	موزاي	headword	993_2L.png	unverified
D02-08054	موزايلاتماق	headword	993_2L.png	unverified
D02-08055	موزايلىق	headword	993_2L.png	unverified
D02-08056	موزايلىماق	headword	993_2L.png	unverified
D02-08057	موزايبېشى	headword	993_2L.png	unverified
D02-08058	موزدۇز	headword	993_2L.png	unverified
D02-08059	موزدۇزخانا	headword	993_2L.png	unverified
D02-08060	موزدۇزلۇق	headword	993_2L.png	unverified
D02-08061	موزىچىلار	headword	993_2L.png	unverified
D02-08062	موس	headword	993_2L.png	unverified
D02-08063	موسسىدە	headword	993_2L.png	unverified
D02-08064	موس-موس	headword	993_2L.png	unverified
D02-08065	موسۇلداتماق	headword	993_2L.png	unverified
D02-08066	موسۇلدىماق	headword	993_2L.png	unverified
D02-08067	موك	headword	993_2L.png	unverified
D02-08068	موكا	headword	993_2L.png	unverified
D02-08069	موك- موك	headword	994_1R.png	verified
D02-08070	موكىبېلىق	headword	994_1R.png	verified
D02-08071	موكىسمان	headword	994_1R.png	unverified
D02-08073	موڭغۇل	headword	994_1R.png	unverified
D02-08074	موڭغۇل ئىرقى	headword	994_1R.png	unverified
D02-08075	موڭغۇلچە	headword	994_1R.png	unverified
D02-08076	موڭغۇللاشتۇرماق	headword	994_1R.png	unverified
D02-08077	موڭغۇللاشماق	headword	994_2L.png	verified
D02-08078	مول	headword	994_2L.png	unverified
D02-08080	مولاتماق	headword	994_2L.png	unverified
D02-08081	مولاشماق	headword	994_2L.png	unverified
D02-08082	مولانماق	headword	994_2L.png	unverified
D02-08083	مولچىلىق	headword	994_2L.png	unverified
D02-08084	موللا	headword	994_2L.png	unverified
D02-08085	موللا تاپقاق	headword	994_2L.png	unverified
D02-08086	موللا مۈشۈك	headword	994_2L.png	unverified
D02-08087	موللاتماق	headword	994_2L.png	unverified
D02-08088	موللاشتۇرماق	headword	994_2L.png	unverified
D02-08089	موللاشتۇرۇلماق	headword	995_1R.png	unverified
D02-08090	موللاشماق	headword	995_1R.png	unverified
D02-08091	موللاق	headword	995_1R.png	unverified
D02-08092	موللاق ئاتماق	headword	995_1R.png	unverified
D02-08093	موللاقچى	headword	995_1R.png	unverified
D02-08094	موللاقلىماق	headword	995_1R.png	unverified
D02-08095	موللام	headword	995_1R.png	unverified
D02-08096	موللاۋى	headword	995_1R.png	unverified
D02-08097	موللىقوپقاق	headword	995_1R.png	verified
D02-08098	موللىلىق	headword	995_1R.png	unverified
D02-08099	مولۇق	headword	995_1R.png	unverified
D02-08101	مولۇن	headword	995_1R.png	unverified
D02-08102	مولېكۇلا	headword	995_1R.png	unverified
D02-08103	مولېكۇلالىق	headword	995_1R.png	unverified
D02-08104	مولىبدېن	headword	995_2L.png	unverified
D02-08105	مولىبدېنىت	headword	995_2L.png	unverified
D02-08106	مولىتىلماق	headword	995_2L.png	verified
D02-08107	مولىماق	headword	995_2L.png	unverified
D02-08108	موم	headword	995_2L.png	unverified
D02-08109	موم بولماق	headword	995_2L.png	unverified
D02-08113	موماي	headword	995_2L.png	unverified
D02-08114	مومسىق	headword	995_2L.png	verified
D02-08115	مومسىقلىق	headword	995_2L.png	verified
D02-08116	مومقا	headword	996_1R.png	unverified
D02-08117	موملاتماق	headword	996_1R.png	unverified
D02-08118	موملاشماق	headword	996_1R.png	unverified
D02-08119	موملانماق	headword	996_1R.png	unverified
D02-08120	موملىماق	headword	996_1R.png	unverified
D02-08121	مومېنت	headword	996_1R.png	unverified
D02-08122	مومېنتلىق	headword	996_1R.png	unverified
D02-08123	مومىخەي	headword	996_1R.png	verified
D02-08124	مۇناتسىت	headword	996_1R.png	verified
D02-08125	موناخ	headword	996_1R.png	unverified
D02-08126	مونارخىزم	headword	996_1R.png	unverified
D02-08127	مونارخىست	headword	996_1R.png	unverified
D02-08128	مونارخىيە	headword	996_1R.png	unverified
D02-08129	مونارخىيەلىك	headword	996_1R.png	unverified
D02-08130	موناستىر	headword	996_1R.png	unverified
D02-08131	مونەك	headword	996_1R.png	unverified
D02-08134	مونەكچە	headword	996_1R.png	unverified
D02-08135	مونەكسىمان	headword	996_1R.png	unverified
D02-08136	مونەكلەشتۈرمەك	headword	996_2L.png	verified
D02-08137	مونەكلەشتۈرۈلمەك	headword	996_2L.png	unverified
D02-08138	مونەكلەشمەك	headword	996_2L.png	unverified
D02-08139	مونەكلەنمەك	headword	996_2L.png	unverified
D02-08140	مونەكلىمەك	headword	996_2L.png	unverified
D02-08141	مونەك - مونەك	headword	996_2L.png	unverified
D02-08142	مونتاژ	headword	996_2L.png	unverified
D02-08143	مونتاژلىق	headword	996_2L.png	unverified
D02-08144	مونجاق	headword	996_2L.png	unverified
D02-08145	مونچاق	headword	996_2L.png	unverified
D02-08146	مونچاققوراي	headword	996_2L.png	unverified
D02-08147	مونچاقلىماق	headword	996_2L.png	unverified
D02-08148	مونچاق - مونچاق	headword	996_2L.png	unverified
D02-08149	موندەك	headword	996_2L.png	unverified
D02-08151	مونزونىت	headword	996_2L.png	unverified
D02-08152	مونزونىتلىق	headword	996_2L.png	unverified
D02-08153	مونوپولچىلىق	headword	997_1R.png	verified
D02-08154	مونوپوللۇق	headword	997_1R.png	unverified
D02-08155	مونوپولىيە	headword	997_1R.png	unverified
D02-08156	مونوپولىيەچى	headword	997_1R.png	unverified
D02-08157	مونولوگ	headword	997_1R.png	unverified
D02-08158	مونىزم	headword	997_1R.png	unverified
D02-08159	موھتاج	headword	997_1R.png	unverified
D02-08160	موھتاجلىق	headword	997_1R.png	unverified
D02-08161	موۋۇت	headword	997_1R.png	unverified
D02-08162	موي	headword	997_1R.png	unverified
D02-08163	مويەكچە	headword	997_1R.png	verified
D02-08164	مويچى	headword	997_1R.png	unverified
D02-08165	مويچىلىق	headword	997_1R.png	unverified
D02-08166	مويسىپىت	headword	997_1R.png	verified
D02-08167	مويسىپىتلىك	headword	997_1R.png	verified
D02-08168	مويكا	headword	997_2L.png	verified
D02-08169	مويلۇق	headword	997_2L.png	unverified
D02-08170	موينا	headword	997_2L.png	verified
D02-08171	موينىكەش	headword	997_2L.png	unverified
D02-08172	موينىلىق	headword	997_2L.png	unverified
D02-08173	مۇئاپ	headword	997_2L.png	unverified
D02-08174	مۇئامىلە	headword	997_2L.png	unverified
D02-08175	مۇئامىلىدار	headword	997_2L.png	unverified
D02-08176	مۇئامىلىدارلىق	headword	997_2L.png	unverified
D02-08177	مۇئامىلىلەشمەك	headword	997_2L.png	unverified
D02-08178	مۇئامىلىلىك	headword	997_2L.png	unverified
D02-08179	مۇئاھىدە	headword	997_2L.png	unverified
D02-08180	مۇئاۋىن	headword	997_2L.png	unverified
D02-08181	مۇئاۋىنلىق	headword	997_2L.png	unverified
D02-08182	مۇئەتتەر	headword	997_2L.png	unverified
D02-08183	مۇئەسسەسە	headword	998_1R.png	unverified
D02-08184	مۇئەسسەسەلىك	headword	998_1R.png	unverified
D02-08185	مۇئەككەل	headword	998_1R.png	unverified
D02-08186	مۇئەللەق	headword	998_1R.png	unverified
D02-08187	مۇئەللىپ	headword	998_1R.png	unverified
D02-08188	مۇئەللىم	headword	998_1R.png	unverified
D02-08189	مۇئەللىمە	headword	998_1R.png	unverified
D02-08190	مۇئەللىمەلىك	headword	998_1R.png	unverified
D02-08191	مۇئەللىملىك	headword	998_1R.png	unverified
D02-08192	مۇئەمما	headword	998_1R.png	unverified
D02-08193	مۇئەييەن	headword	998_1R.png	unverified
D02-08194	مۇئەييەنلەشتۈرمەك	headword	998_1R.png	unverified
D02-08195	مۇئەييەنلەشتۈرۈشمەك	headword	998_1R.png	unverified
D02-08196	مۇئەييەنلەشتۈرۈلمەك	headword	998_1R.png	unverified
D02-08197	مۇئەييەنلەشمەك	headword	998_1R.png	unverified
D02-08198	مۇئەييەنلىك	headword	998_1R.png	unverified
D02-08199	مۇبادا	headword	998_2L.png	unverified
D02-08200	مۇبارەك	headword	998_2L.png	unverified
D02-08201	مۇبارەكلەشمەك	headword	998_2L.png	unverified
D02-08202	مۇبارەكلەنمەك	headword	998_2L.png	unverified
D02-08203	مۇبارەكلىمەك	headword	998_2L.png	unverified
D02-08204	مۇبالىغە	headword	998_2L.png	unverified
D02-08205	مۇبالىغىلەشتۈرمەك	headword	998_2L.png	unverified
D02-08206	مۇبالىغىلەشتۈرۈلمەك	headword	998_2L.png	unverified
D02-08207	مۇبالىغىلەشمەك	headword	998_2L.png	unverified
D02-08208	مۇباھ	headword	998_2L.png	unverified
D02-08209	مۇبەددەل	headword	998_2L.png	unverified
D02-08210	مۇپەتتىش	headword	998_2L.png	unverified
D02-08211	مۇپەتتىشلىك	headword	998_2L.png	unverified
D02-08212	مۇپەسسەل	headword	998_2L.png	unverified
D02-08213	مۇپەسسىر	headword	999_1R.png	unverified
D02-08214	مۇپتى	headword	999_1R.png	unverified
D02-08215	مۇپتىخانا	headword	999_1R.png	unverified
D02-08216	مۇپتىلا	headword	999_1R.png	unverified
D02-08217	مۇپتىلالىق	headword	999_1R.png	unverified
D02-08218	مۇپتىلىق	headword	999_1R.png	unverified
D02-08219	مۇت	headword	999_1R.png	unverified
D02-08220	مۇت كېپەن	headword	999_1R.png	unverified
D02-08221	مۇتالىئە	headword	999_1R.png	unverified
D02-08222	مۇتابىق	headword	999_1R.png	unverified
D02-08223	مۇتاناسىپ	headword	999_1R.png	verified
D02-08224	مۇتەئەسسىپ	headword	999_1R.png	verified
D02-08225	مۇتەئەسسىپلەشمەك	headword	999_1R.png	verified
D02-08226	مۇتەئەسسىپلىك	headword	999_1R.png	unverified
D02-08227	مۇتەپەككۇر	headword	999_1R.png	unverified
D02-08228	مۇتەپەككۇرانە	headword	999_1R.png	unverified
D02-08229	مۇتەپەككۇرلۇق	headword	999_1R.png	unverified
D02-08230	مۇتەخەسسىس	headword	999_1R.png	unverified
D02-08231	مۇتەخەسسىسلەشتۈرمەك	headword	999_2L.png	unverified
D02-08232	مۇتەخەسسىسلەشتۈرۈلمەك	headword	999_2L.png	unverified
D02-08233	مۇتەخەسسىسلەشمەك	headword	999_2L.png	unverified
D02-08234	مۇتەخەسسىسلىك	headword	999_2L.png	unverified
D02-08235	مۇتەسەۋۋۇپ	headword	999_2L.png	unverified
D02-08236	مۇتەسسە	headword	999_2L.png	unverified
D02-08237	مۇتەكەببۇر	headword	999_2L.png	unverified
D02-08238	مۇتەكەببۇرلۇق	headword	999_2L.png	unverified
D02-08239	مۇتتەھەم	headword	999_2L.png	unverified
D02-08240	مۇتتەھەملىك	headword	999_2L.png	unverified
D02-08241	مۇتلەق	headword	999_2L.png	unverified
D02-08242	مۇتلەقچىلىق	headword	999_2L.png	unverified
D02-08243	مۇتلەقلەشتۈرمەك	headword	999_2L.png	unverified
D02-08244	مۇتلەقلەشمەك	headword	1000_1R.png	unverified
D02-08245	مۇتلەقلىق	headword	1000_1R.png	unverified
D02-08246	مۇتىۋەللى	headword	1000_1R.png	unverified
D02-08247	مۇتىۋەللىلىك	headword	1000_1R.png	unverified
D02-08248	مۇجاھىد	headword	1000_1R.png	unverified
D02-08249	مۇجەسسەم	headword	1000_1R.png	unverified
D02-08250	مۇجەسسەملەشتۈرمەك	headword	1000_1R.png	unverified
D02-08251	مۇجەسسەملەشتۈرۈلمەك	headword	1000_1R.png	unverified
D02-08252	مۇجەسسەملەشمەك	headword	1000_1R.png	unverified
D02-08253	مۇجەسسەملەنمەك	headword	1000_1R.png	unverified
D02-08254	مۇجەسسەملىمەك	headword	1000_1R.png	unverified
D02-08255	مۇجۇتماق	headword	1000_1R.png	unverified
D02-08256	مۇجۇشماق	headword	1000_1R.png	unverified
D02-08257	مۇجۇق	headword	1000_1R.png	unverified
D02-08258	مۇجۇلماق	headword	1000_1R.png	unverified
D02-08259	مۇجۇماق	headword	1000_1R.png	unverified
D02-08260	مۇچ	headword	1000_2L.png	unverified
D02-08261	مۇچقىيام	headword	1000_2L.png	unverified
D02-08262	مۇخ	headword	1000_2L.png	unverified
D02-08263	مۇخالىپ	headword	1000_2L.png	unverified
D02-08264	مۇخالىپەت	headword	1000_2L.png	unverified
D02-08265	مۇخالىپەتچى	headword	1000_2L.png	unverified
D02-08266	مۇخالىپلىق	headword	1000_2L.png	unverified
D02-08267	مۇخەممەس	headword	1000_2L.png	unverified
D02-08268	مۇخبىر	headword	1000_2L.png	unverified
D02-08269	مۇخبىرلىق	headword	1000_2L.png	unverified
D02-08270	مۇختارىيەت	headword	1000_2L.png	unverified
D02-08270-v1	ئاپتونومىيە	variant	1000_2L.png	unverified
D02-08271	مۇختارىيەتچى	headword	1000_2L.png	unverified
D02-08272	مۇختەم	headword	1000_2L.png	unverified
D02-08273	مۇختەمىلات	headword	1000_2L.png	verified
D02-08274	مۇختىسەر	headword	1000_2L.png	verified
D02-08275	مۇخلار	headword	1000_2L.png	unverified
D02-08276	مۇخلىس	headword	1000_2L.png	unverified
D02-08277	مۇخلىسلىق	headword	1001_1R.png	unverified
D02-08278	مۇداپىئە	headword	1001_1R.png	unverified
D02-08279	مۇداپىئەچى	headword	1001_1R.png	unverified
D02-08280	مۇداپىئەسىز	headword	1001_1R.png	unverified
D02-08281	مۇداپىئەلەندۈرمەك	headword	1001_1R.png	unverified
D02-08282	مۇداپىئەلەندۈرۈشمەك	headword	1001_1R.png	unverified
D02-08283	مۇداپىئەلەندۈرۈلمەك	headword	1001_1R.png	unverified
D02-08284	مۇداپىئەلەنمەك	headword	1001_1R.png	unverified
D02-08285	مۇداپىئەلىك	headword	1001_1R.png	unverified
D02-08286	مۇداخىلە	headword	1001_1R.png	unverified
D02-08287	مۇداخىلىچى	headword	1001_1R.png	unverified
D02-08288	مۇدەررىس	headword	1001_1R.png	unverified
D02-08289	مۇدەررىسلىك	headword	1001_1R.png	unverified
D02-08290	مۇددەت	headword	1001_1R.png	unverified
D02-08291	مۇددەتسىز	headword	1001_1R.png	unverified
D02-08292	مۇددەتلىك	headword	1001_2L.png	unverified
D02-08293	مۇددىئا	headword	1001_2L.png	unverified
D02-08294	مۇددىئانامە	headword	1001_2L.png	unverified
D02-08295	مۇدھىش	headword	1001_2L.png	unverified
D02-08296	مۇدھىشلىك	headword	1001_2L.png	unverified
D02-08297	مۇدۇك	headword	1001_2L.png	unverified
D02-08298	مۇدۋى	headword	1001_2L.png	verified
D02-08299	مۇدىر	headword	1001_2L.png	unverified
D02-08300	مۇدىرلىق	headword	1001_2L.png	unverified
D02-08301	مۇدىرىيەت	headword	1001_2L.png	unverified
D02-08302	مۇراببا	headword	1001_2L.png	unverified
D02-08303	مۇراجىئەت	headword	1001_2L.png	unverified
D02-08304	مۇراجىئەتنامە	headword	1001_2L.png	unverified
D02-08305	مۇراد	headword	1001_2L.png	unverified
D02-08306	مۇراد-مەقسەت	headword	1001_2L.png	unverified
D02-08307	مۇراسىم	headword	1001_2L.png	unverified
D02-08308	مۇراسىمسىز	headword	1001_2L.png	unverified
D02-08309	مۇراسىملىق	headword	1001_2L.png	unverified
D02-08310	مۇرەببە	headword	1002_1R.png	unverified
D02-08311	مۇرەببىي	headword	1002_1R.png	unverified
D02-08312	مۇرەسسە	headword	1002_1R.png	unverified
D02-08313	مۇرەسسەچى	headword	1002_1R.png	unverified
D02-08314	مۇرەسسەچىلىك	headword	1002_1R.png	unverified
D02-08315	مۇرەسسەسىز	headword	1002_1R.png	unverified
D02-08316	مۇرەسسەسىزلىك	headword	1002_1R.png	unverified
D02-08317	مۇرەسسەلەشتۈرمەك	headword	1002_1R.png	unverified
D02-08318	مۇرەسسەلەشتۈرۈلمەك	headword	1002_1R.png	unverified
D02-08319	مۇرەسسەلەشمەك	headword	1002_1R.png	unverified
D02-08320	مۇرەسسە-مادارا	headword	1002_1R.png	unverified
D02-08321	مۇرەككەپ	headword	1002_1R.png	unverified
D02-08322	مۇرەككەپلەشتۈرمەك	headword	1002_1R.png	unverified
D02-08323	مۇرەككەپلەشتۈرۈشمەك	headword	1002_1R.png	unverified
D02-08324	مۇرەككەپلەشتۈرۈلمەك	headword	1002_1R.png	unverified
D02-08325	مۇرەككەپلەشمەك	headword	1002_1R.png	unverified
D02-08326	مۇرەككەپلىك	headword	1002_2L.png	unverified
D02-08327	مۇرتارىماق	headword	1002_2L.png	unverified
D02-08328	مۇرتەت	headword	1002_2L.png	unverified
D02-08329	مۇرتەتلىك	headword	1002_2L.png	unverified
D02-08330	مۇرجۇق	headword	1002_2L.png	verified
D02-08331	مۇرچۇبا	headword	1002_2L.png	verified
D02-08332	مۇردا	headword	1002_2L.png	unverified
D02-08333	مۇرغىلەشمەك	headword	1002_2L.png	unverified
D02-08334	مۇرمەككى	headword	1002_2L.png	unverified
D02-08335	مۇرۇللۇغ	headword	1002_2L.png	unverified
D02-08336	مۇرۇۋۋەت	headword	1002_2L.png	unverified
D02-08337	مۇرۇۋۋەتسىز	headword	1002_2L.png	unverified
D02-08338	مۇرۇۋۋەتلىك	headword	1002_2L.png	unverified
D02-08339	مۇرىت	headword	1002_2L.png	unverified
D02-08340	مۇرىتلىق	headword	1002_2L.png	unverified
D02-08341	مۇز	headword	1002_2L.png	unverified
D02-08342	مۇز توپ	headword	1002_2L.png	unverified
D02-08343	مۇز دەۋرى	headword	1002_2L.png	verified
D02-08344	مۇزا	headword	1003_1R.png	unverified
D02-08345	مۇزاكىرە	headword	1003_1R.png	unverified
D02-08346	مۇزاكىرىسىز	headword	1003_1R.png	unverified
D02-08347	مۇزاكىرىلەشمەك	headword	1003_1R.png	unverified
D02-08348	مۇزەپپەر	headword	1003_1R.png	unverified
D02-08349	مۇزەررەت	headword	1003_1R.png	unverified
D02-08350	مۇزەممەت	headword	1003_1R.png	unverified
D02-08351	مۇزخانا	headword	1003_1R.png	unverified
D02-08352	مۇزدەك	headword	1003_1R.png	unverified
D02-08353	مۇزلاتماق	headword	1003_1R.png	unverified
D02-08354	مۇزلاشماق	headword	1003_1R.png	unverified
D02-08355	مۇزلاڭ	headword	1003_1R.png	unverified
D02-08356	مۇزلۇق	headword	1003_1R.png	unverified
D02-08357	مۇزلىتىلماق	headword	1003_1R.png	verified
D02-08358	مۇزلىماق	headword	1003_1R.png	unverified
D02-08359	مۇزېي	headword	1003_2L.png	verified
D02-08360	مۇزېيشۇناس	headword	1003_2L.png	unverified
D02-08361	مۇزېيشۇناسلىق	headword	1003_2L.png	unverified
D02-08362	مۇزىكا	headword	1003_2L.png	verified
D02-08363	مۇزىكانت	headword	1003_2L.png	verified
D02-08364	مۇزىكىچى	headword	1003_2L.png	unverified
D02-08365	مۇزىكىچىلىق	headword	1003_2L.png	unverified
D02-08366	مۇزىكىدار	headword	1003_2L.png	unverified
D02-08367	مۇزىكىدارلىق	headword	1003_2L.png	unverified
D02-08368	مۇزىكىشۇناس	headword	1003_2L.png	unverified
D02-08369	مۇزىكىشۇناسلىق	headword	1003_2L.png	unverified
D02-08370	مۇسابىقە	headword	1004_1R.png	unverified
D02-08371	مۇسابىقىچى	headword	1004_1R.png	unverified
D02-08372	مۇسابىقىلەشتۈرمەك	headword	1004_1R.png	verified
D02-08373	مۇسابىقىلەشتۈرۈلمەك	headword	1004_1R.png	unverified
D02-08374	مۇسابىقىلەشمەك	headword	1004_1R.png	unverified
D02-08375	مۇساپە	headword	1004_1R.png	unverified
D02-08376	مۇساپىر	headword	1004_1R.png	unverified
D02-08377	مۇساپىرەت	headword	1004_1R.png	unverified
D02-08378	مۇساپىرپەرۋەر	headword	1004_1R.png	verified
D02-08379	مۇساپىرپەرۋەرلىك	headword	1004_1R.png	unverified
D02-08380	مۇساپىرچىلىق	headword	1004_1R.png	verified
D02-08381	مۇساپىرخانا	headword	1004_1R.png	unverified
D02-08382	مۇساپىرلىق	headword	1004_1R.png	unverified
D02-08383	مۇساپىلىك	headword	1004_1R.png	unverified
D02-08384	مۇسادىرە	headword	1004_1R.png	unverified
D02-08385	مۇساۋىيات	headword	1004_2L.png	unverified
D02-08386	مۇسەببە	headword	1004_2L.png	unverified
D02-08387	مۇسەددەس	headword	1004_2L.png	unverified
D02-08388	مۇسەللەس	headword	1004_2L.png	unverified
D02-08390	مۇسەللىمەك	headword	1004_2L.png	verified
D02-08391	مۇسەممەن	headword	1004_2L.png	unverified
D02-08392	مۇسەننىپ	headword	1004_2L.png	unverified
D02-08393	مۇسەۋۋىر	headword	1004_2L.png	unverified
D02-08394	مۇسبەت	headword	1004_2L.png	verified
D02-08395	مۇستەبىت	headword	1005_1R.png	unverified
D02-08396	مۇستەبىتچى	headword	1005_1R.png	unverified
D02-08397	مۇستەبىتچىلىك	headword	1005_1R.png	unverified
D02-08398	مۇستەبىتلىك	headword	1005_1R.png	unverified
D02-08399	مۇستەسنا	headword	1005_1R.png	unverified
D02-08400	مۇستەسناسىز	headword	1005_1R.png	unverified
D02-08401	مۇستەسنالىق	headword	1005_1R.png	unverified
D02-08402	مۇستەقىل	headword	1005_1R.png	unverified
D02-08403	مۇستەقىلچى	headword	1005_1R.png	unverified
D02-08404	مۇستەقىللىق	headword	1005_1R.png	unverified
D02-08405	مۇستەكرە	headword	1005_1R.png	verified
D02-08406	مۇستەملىكە	headword	1005_1R.png	unverified
D02-08407	مۇستەملىكىشۇناس	headword	1005_2L.png	verified
D02-08408	مۇستەملىكىشۇناسلىق	headword	1005_2L.png	unverified
D02-08409	مۇستەملىكىلەشتۈرمەك	headword	1005_2L.png	unverified
D02-08410	مۇستەملىكىلەشتۈرۈشمەك	headword	1005_2L.png	unverified
D02-08411	مۇستەملىكىلەشتۈرۈلمەك	headword	1005_2L.png	unverified
D02-08412	مۇستەملىكىلەشمەك	headword	1005_2L.png	unverified
D02-08413	مۇستەملىكىلىك	headword	1005_2L.png	unverified
D02-08414	مۇستەھەپ	headword	1005_2L.png	unverified
D02-08415	مۇستەھەپخانا	headword	1005_2L.png	unverified
D02-08416	مۇستەھزاد	headword	1005_2L.png	unverified
D02-08417	مۇستەھكەم	headword	1005_2L.png	unverified
D02-08418	مۇستەھكەملەتمەك	headword	1006_1R.png	unverified
D02-08419	مۇستەھكەملەشمەك	headword	1006_1R.png	unverified
D02-08420	مۇستەھكەملەنمەك	headword	1006_1R.png	unverified
D02-08421	مۇستەھكەملىك	headword	1006_1R.png	unverified
D02-08422	مۇستەھكەملىمەك	headword	1006_1R.png	unverified
D02-08423	مۇسكۇل	headword	1006_1R.png	unverified
D02-08424	مۇسكۇللۇق	headword	1006_1R.png	unverified
D02-08425	مۇسۇلمان	headword	1006_1R.png	unverified
D02-08426	مۇسۇلمانچە	headword	1006_1R.png	unverified
D02-08427	مۇسۇلمانچىلىق	headword	1006_1R.png	unverified
D02-08428	مۇسۇلمانلىق	headword	1006_1R.png	unverified
D02-08429	مۇسىبەت	headword	1006_1R.png	unverified
D02-08430	مۇسىبەتچى	headword	1006_1R.png	unverified
D02-08431	مۇسىقى	headword	1006_2L.png	verified
D02-08432	مۇسىقىچى	headword	1006_2L.png	unverified
D02-08433	مۇشاۋىر	headword	1006_2L.png	unverified
D02-08434	مۇشاۋىرەك	headword	1006_2L.png	unverified
D02-08435	مۇشاۋىرلىق	headword	1006_2L.png	unverified
D02-08436	مۇشائىرە	headword	1006_2L.png	unverified
D02-08437	مۇشەررەپ	headword	1006_2L.png	verified
D02-08438	مۇشەررەپ بولماق	headword	1006_2L.png	unverified
D02-08439	مۇشەققەت	headword	1006_2L.png	verified
D02-08440	مۇشەققەتچىلىك	headword	1006_2L.png	unverified
D02-08441	مۇشەققەتسىز	headword	1006_2L.png	unverified
D02-08442	مۇشەققەتلىك	headword	1007_1R.png	unverified
D02-08443	مۇشپىق	headword	1007_1R.png	unverified
D02-08444	مۇشت	headword	1007_1R.png	unverified
D02-08445	مۇشت ئاتماق	headword	1007_1R.png	unverified
D02-08446	مۇشت كۆتۈرمەك	headword	1007_1R.png	unverified
D02-08447	مۇشتا	headword	1007_1R.png	unverified
D02-08448	مۇشتاق	headword	1007_1R.png	unverified
D02-08449	مۇشتاقلىق	headword	1007_1R.png	unverified
D02-08450	مۇشتەرى	headword	1007_1R.png	unverified
D02-08451	مۇشتەك	headword	1007_1R.png	unverified
D02-08452	مۇشتەكلىمەك	headword	1007_1R.png	unverified
D02-08453	مۇشتخور	headword	1007_1R.png	unverified
D02-08454	مۇشتخورلۇق	headword	1007_1R.png	unverified
D02-08455	مۇشتلاشتۇرماق	headword	1007_1R.png	unverified
D02-08456	مۇشتلاشچى	headword	1007_1R.png	unverified
D02-08457	مۇشتلاشماق	headword	1007_2L.png	unverified
D02-08458	مۇشتلانماق	headword	1007_2L.png	unverified
D02-08459	مۇشتلىشىشماق	headword	1007_2L.png	unverified
D02-08460	مۇشتلىماق	headword	1007_2L.png	unverified
D02-08461	مۇشتۇم	headword	1007_2L.png	unverified
D02-08462	مۇشتۇمزور	headword	1007_2L.png	unverified
D02-08463	مۇشتۇمزورلۇق	headword	1007_2L.png	unverified
D02-08464	مۇشرىك	headword	1007_2L.png	unverified
D02-08465	مۇشك	headword	1007_2L.png	unverified
D02-08466	مۇشك - ئەنبەر	headword	1007_2L.png	unverified
D02-08467	مۇشكەم	headword	1007_2L.png	unverified
D02-08468	مۇشۇ	headword	1007_2L.png	unverified
D02-08469	مۇشۇ تاپ	headword	1008_1R.png	verified
D02-08470	مۇشۇ تۇرقىدا	headword	1008_1R.png	unverified
D02-08471	مۇشۇمۇ كۈن بولدىمۇ؟	headword	1008_1R.png	verified
D02-08472	مۇشۇنچە	headword	1008_1R.png	unverified
D02-08473	مۇشۇنچىلىك	headword	1008_1R.png	unverified
D02-08474	مۇشۇنچىۋالا	headword	1008_1R.png	unverified
D02-08475	مۇشۇنداق	headword	1008_1R.png	unverified
D02-08476	مۇغال	headword	1008_1R.png	unverified
D02-08477	مۇغەمبەر	headword	1008_1R.png	unverified
D02-08478	مۇغەمبەرانە	headword	1008_1R.png	verified
D02-08479	مۇغەمبەرلەرچە	headword	1008_1R.png	unverified
D02-08480	مۇغەمبەرلىك	headword	1008_1R.png	unverified
D02-08481	مۇغەننى	headword	1008_1R.png	unverified
D02-08482	مۇفتا	headword	1008_1R.png	unverified
D02-08483	مۇقابىل	headword	1008_1R.png	verified
D02-08484	مۇقاتىل	headword	1008_1R.png	verified
D02-08484-v1	مۇقاتىل دەرىخى	variant	1008_1R.png	verified
D02-08485	مۇقام	headword	1008_2L.png	verified
D02-08486	مۇقامدا يوق	headword	1008_2L.png	unverified
D02-08487	مۇقامغا سىغماسلىق	headword	1008_2L.png	unverified
D02-08488	مۇقامىغا يەتمەك	headword	1008_2L.png	verified
D02-08489	مۇقامچى	headword	1008_2L.png	unverified
D02-08490	مۇقامچىلىق	headword	1008_2L.png	unverified
D02-08491	مۇقامشۇناس	headword	1008_2L.png	unverified
D02-08492	مۇقامشۇناسلىق	headword	1008_2L.png	unverified
D02-08493	مۇقاۋا	headword	1008_2L.png	unverified
D02-08494	مۇقاۋىچى	headword	1008_2L.png	unverified
D02-08495	مۇقاۋىچىلىق	headword	1008_2L.png	unverified
D02-08496	مۇقاۋىسىز	headword	1009_1R.png	unverified
D02-08497	مۇقاۋىلاتماق	headword	1009_1R.png	unverified
D02-08498	مۇقاۋىلاشماق	headword	1009_1R.png	unverified
D02-08499	مۇقاۋىلانماق	headword	1009_1R.png	unverified
D02-08500	مۇقاۋىلىق	headword	1009_1R.png	unverified
D02-08501	مۇقاۋىلىماق	headword	1009_1R.png	unverified
D02-08502	مۇقەددەس	headword	1009_1R.png	unverified
D02-08503	مۇقەددەسلەشتۈرمەك	headword	1009_1R.png	unverified
D02-08504	مۇقەددەسلەشتۈرۈشمەك	headword	1009_1R.png	unverified
D02-08505	مۇقەددەسلەشتۈرۈلمەك	headword	1009_1R.png	unverified
D02-08506	مۇقەددەسلەشمەك	headword	1009_1R.png	unverified
D02-08507	مۇقەددەسلەنمەك	headword	1009_1R.png	unverified
D02-08508	مۇقەددەسلىك	headword	1009_1R.png	unverified
D02-08509	مۇقەددەم	headword	1009_1R.png	unverified
D02-08510	مۇقەددىمە	headword	1009_1R.png	unverified
D02-08511	مۇقەررەر	headword	1009_2L.png	unverified
D02-08512	مۇقەررەرلەشتۈرمەك	headword	1009_2L.png	unverified
D02-08513	مۇقەررەرلەشتۈرۈشمەك	headword	1009_2L.png	unverified
D02-08514	مۇقەررەرلەشتۈرۈلمەك	headword	1009_2L.png	unverified
D02-08515	مۇقەررەرلەشمەك	headword	1009_2L.png	unverified
D02-08516	مۇقەررەرلىك	headword	1009_2L.png	unverified
D02-08517	مۇقۇلداشماق	headword	1009_2L.png	unverified
D02-08518	مۇقىدىماق	headword	1009_2L.png	verified
D02-08519	مۇقىم	headword	1009_2L.png	unverified
D02-08520	مۇقىمسىز	headword	1009_2L.png	unverified
D02-08521	مۇقىمسىزلىق	headword	1009_2L.png	unverified
D02-08522	مۇقىملاشتۇرماق	headword	1009_2L.png	unverified
D02-08523	مۇقىملاشتۇرۇشماق	headword	1009_2L.png	unverified
D02-08524	مۇقىملاشتۇرۇلماق	headword	1009_2L.png	unverified
D02-08525	مۇقىملاشماق	headword	1010_1R.png	unverified
D02-08526	مۇقىملانماق	headword	1010_1R.png	unverified
D02-08527	مۇقىملىق	headword	1010_1R.png	unverified
D02-08528	مۇقىملىماق	headword	1010_1R.png	unverified
D02-08529	مۇكاپات	headword	1010_1R.png	unverified
D02-08530	مۇكاپاتلاشماق	headword	1010_1R.png	unverified
D02-08531	مۇكاپاتلانماق	headword	1010_1R.png	unverified
D02-08532	مۇكاپاتلىق	headword	1010_1R.png	unverified
D02-08533	مۇكاپاتلىماق	headword	1010_1R.png	unverified
D02-08534	مۇكاپاتنامە	headword	1010_1R.png	unverified
D02-08535	مۇكالىم	headword	1010_1R.png	unverified
D02-08536	مۇكەممەل	headword	1010_1R.png	unverified
D02-08537	مۇكەممەلسىزلىك	headword	1010_1R.png	unverified
D02-08538	مۇكەممەللەشتۈرمەك	headword	1010_1R.png	unverified
D02-08539	مۇكەممەللەشتۈرۈلمەك	headword	1010_1R.png	unverified
D02-08540	مۇكەممەللەشمەك	headword	1010_2L.png	verified
D02-08541	مۇكەممەللىك	headword	1010_2L.png	unverified
D02-08542	مۇڭ	headword	1010_2L.png	unverified
D02-08543	مۇڭايماق	headword	1010_2L.png	verified
D02-08544	مۇڭداش	headword	1010_2L.png	verified
D02-08545	مۇڭداشماق	headword	1010_2L.png	unverified
D02-08546	مۇڭ - زار	headword	1010_2L.png	unverified
D02-08547	مۇڭسىراتماق	headword	1010_2L.png	unverified
D02-08548	مۇڭسىراشماق	headword	1010_2L.png	unverified
D02-08549	مۇڭسىرىماق	headword	1010_2L.png	unverified
D02-08550	مۇڭلاندۇرماق	headword	1010_2L.png	unverified
D02-08551	مۇڭلانماق	headword	1010_2L.png	unverified
D02-08552	مۇڭلۇق	headword	1010_2L.png	unverified
D02-08553	مۇلازىم	headword	1011_1R.png	unverified
D02-08554	مۇلازىمەت	headword	1011_1R.png	unverified
D02-08555	مۇلازىمەتچان	headword	1011_1R.png	unverified
D02-08556	مۇلازىمەتچانلىق	headword	1011_1R.png	unverified
D02-08557	مۇلازىمەتچى	headword	1011_1R.png	unverified
D02-08558	مۇلازىمەتچىسىز	headword	1011_1R.png	unverified
D02-08559	مۇلازىمەتچىلىك	headword	1011_1R.png	unverified
D02-08560	مۇلازىمخانا	headword	1011_1R.png	unverified
D02-08561	مۇلازىمەتسىز	headword	1011_1R.png	unverified
D02-08562	مۇلازىمسىز	headword	1011_1R.png	unverified
D02-08563	مۇلازىملىق	headword	1011_1R.png	unverified
D02-08564	مۇلاقات	headword	1011_1R.png	unverified
D02-08565	مۇلاھىزە	headword	1011_1R.png	unverified
D02-08566	مۇلاھىزىلىك	headword	1011_1R.png	unverified
D02-08568	مۇلايىم	headword	1011_2L.png	unverified
D02-08569	مۇلايىملاشتۇرماق	headword	1011_2L.png	unverified
D02-08570	مۇلايىملاشماق	headword	1011_2L.png	unverified
D02-08571	مۇلايىملىق	headword	1011_2L.png	unverified
D02-08572	مۇلتىپلېت	headword	1011_2L.png	unverified
D02-08573	مۇلتىمېتىر	headword	1011_2L.png	unverified
D02-08574	مۇلغۇي	headword	1011_2L.png	unverified
D02-08575	مۇم	headword	1011_2L.png	verified
D02-08576	مۇمپۇق	headword	1011_2L.png	verified
D02-08577	مۇمسىق	headword	1011_2L.png	verified
D02-08578	مۇمكىن	headword	1011_2L.png	verified
D02-08579	مۇمكىنچىلىك	headword	1011_2L.png	verified
D02-08580	مۇمكىنسىز	headword	1011_2L.png	verified
D02-08581	مۇمكىنسىزلىك	headword	1011_2L.png	verified
D02-08582	مۇمكىنقەدەر	headword	1011_2L.png	verified
D02-08583	مۇمكىنلىك	headword	1011_2L.png	verified
D02-08584	مۇمۇن	headword	1011_2L.png	verified
D02-08585	مۇمىيا	headword	1011_2L.png	verified
D02-08586	مۇمىيالاتماق	headword	1012_1R.png	unverified
D02-08587	مۇمىيالانماق	headword	1012_1R.png	unverified
D02-08588	مۇمىيالىماق	headword	1012_1R.png	unverified
D02-08589	مۇناپىق	headword	1012_1R.png	unverified
D02-08590	مۇناپىقانە	headword	1012_1R.png	unverified
D02-08591	مۇناپىقلاشتۇرماق	headword	1012_1R.png	unverified
D02-08592	مۇناپىقلاشماق	headword	1012_1R.png	unverified
D02-08593	مۇناپىقلىق	headword	1012_1R.png	unverified
D02-08594	مۇناجات	headword	1012_1R.png	unverified
D02-08595	مۇنار	headword	1012_1R.png	unverified
D02-08596	مۇنارسىز	headword	1012_1R.png	unverified
D02-08597	مۇنارلىق	headword	1012_1R.png	unverified
D02-08598	مۇنازا	headword	1012_1R.png	unverified
D02-08599	مۇنازىرە	headword	1012_1R.png	unverified
D02-08600	مۇنازىرىچى	headword	1012_1R.png	unverified
D02-08601	مۇنازىرىسىز	headword	1012_2L.png	verified
D02-08602	مۇنازىرىلەشتۈرمەك	headword	1012_2L.png	unverified
D02-08603	مۇنازىرىلەشتۈرۈلمەك	headword	1012_2L.png	unverified
D02-08604	مۇنازىرىلەشمەك	headword	1012_2L.png	unverified
D02-08605	مۇنازىرىلىك	headword	1012_2L.png	unverified
D02-08606	مۇناسىپ	headword	1012_2L.png	unverified
D02-08607	مۇناسىپلىق	headword	1012_2L.png	unverified
D02-08608	مۇناسىۋەت	headword	1012_2L.png	verified
D02-08609	مۇناسىۋەتسىز	headword	1012_2L.png	verified
D02-08610	مۇناسىۋەتشۇناس	headword	1012_2L.png	verified
D02-08611	مۇناسىۋەتشۇناسلىق	headword	1012_2L.png	verified
D02-08612	مۇناسىۋەتلەشتۈرمەك	headword	1012_2L.png	verified
D02-08613	مۇناسىۋەتلەشتۈرۈشمەك	headword	1012_2L.png	verified
D02-08614	مۇناسىۋەتلەشتۈرۈلمەك	headword	1013_1R.png	unverified
D02-08615	مۇناسىۋەتلەشمەك	headword	1013_1R.png	unverified
D02-08616	مۇناسىۋەتلىك	headword	1013_1R.png	unverified
D02-08617	مۇناقى	headword	1013_1R.png	unverified
D02-08618	مۇنايقىماق	headword	1013_1R.png	verified
D02-08619	مۇنەججىم	headword	1013_1R.png	unverified
D02-08620	مۇنەججىملىك	headword	1013_1R.png	unverified
D02-08621	مۇنەۋۋەر	headword	1013_1R.png	unverified
D02-08622	مۇنبەت	headword	1013_1R.png	unverified
D02-08623	مۇنبەتلەشتۈرمەك	headword	1013_1R.png	unverified
D02-08624	مۇنبەتلەشتۈرۈشمەك	headword	1013_1R.png	unverified
D02-08625	مۇنبەتلەشتۈرۈلمەك	headword	1013_1R.png	unverified
D02-08626	مۇنبەتلەشمەك	headword	1013_1R.png	unverified
D02-08627	مۇنبەر	headword	1013_1R.png	unverified
D02-08628	مۇنتەزىر	headword	1013_1R.png	verified
D02-08629	مۇنتەزىم	headword	1013_2L.png	verified
D02-08630	مۇنتەزىملاشتۇرۇلماق	headword	1013_2L.png	unverified
D02-08631	مۇنتەزىملاشماق	headword	1013_2L.png	unverified
D02-08632	مۇنتەزىملىق	headword	1013_2L.png	unverified
D02-08633	مۇنچا	headword	1013_2L.png	unverified
D02-08634	مۇنچە	headword	1013_2L.png	unverified
D02-08634-v1	بۇنچە	variant	1013_2L.png	unverified
D02-08635	مۇنچىچى	headword	1013_2L.png	unverified
D02-08636	مۇنچىچىلىق	headword	1013_2L.png	unverified
D02-08637	مۇنچىكەش	headword	1013_2L.png	unverified
D02-08638	مۇنچىكەشلىك	headword	1013_2L.png	unverified
D02-08639	مۇنچىلىك	headword	1013_2L.png	unverified
D02-08639-v1	بۇنچىلىك	variant	1013_2L.png	unverified
D02-08640	مۇنچىۋالا	headword	1013_2L.png	unverified
D02-08640-v1	بۇنچىۋالا	variant	1013_2L.png	unverified
D02-08641	مۇندا	headword	1013_2L.png	unverified
D02-08642	مۇنداق	headword	1013_2L.png	unverified
D02-08642-v1	بۇنداق	variant	1013_2L.png	unverified
D02-08643	مۇنداق قارىغاندا	headword	1013_2L.png	unverified
D02-08644	مۇنداقتا	headword	1013_2L.png	unverified
D02-08645	مۇنداقچە	headword	1013_2L.png	unverified
D02-08646	مۇنداقچە قىلىپ ئېيتقاندا	headword	1014_1R.png	unverified
D02-08647	مۇندەرىجە	headword	1014_1R.png	unverified
D02-08648	مۇندۇلاج	headword	1014_1R.png	unverified
D02-08649	مۇنقەرز	headword	1014_1R.png	unverified
D02-08650	مۇنقەرزلەشتۈرمەك	headword	1014_1R.png	unverified
D02-08651	مۇنقەرزلەشتۈرۈشمەك	headword	1014_1R.png	unverified
D02-08652	مۇنقەرزلەشتۈرۈلمەك	headword	1014_1R.png	unverified
D02-08653	مۇنقەرزلەشمەك	headword	1014_1R.png	unverified
D02-08654	مۇنقەرزلىك	headword	1014_1R.png	unverified
D02-08655	مۇنقىش	headword	1014_1R.png	unverified
D02-08656	مۇنكىر	headword	1014_1R.png	unverified
D02-08657	مۇنكىر - نەكىر	headword	1014_1R.png	unverified
D02-08658	مۇنۇ	headword	1014_1R.png	verified
D02-08659	مۇنۇپ قالماق	headword	1014_1R.png	unverified
D02-08660	مۇنۇكوم	headword	1014_1R.png	unverified
D02-08661	مۇنىس	headword	1014_1R.png	unverified
D02-08662	مۇنىسلىق	headword	1014_1R.png	unverified
D02-08663	مۇھاپىزەت	headword	1014_2L.png	unverified
D02-08664	مۇھاپىزەت ئورمىنى	headword	1014_2L.png	unverified
D02-08665	مۇھاپىزەتچى	headword	1014_2L.png	unverified
D02-08666	مۇھاپىزەتچىلىك	headword	1014_2L.png	unverified
D02-08667	مۇھاپىزەتگاھ	headword	1014_2L.png	unverified
D02-08668	مۇھاجىر	headword	1014_2L.png	unverified
D02-08669	مۇھاجىرەت	headword	1014_2L.png	unverified
D02-08670	مۇھاجىرلىق	headword	1014_2L.png	unverified
D02-08671	مۇھاسىرە	headword	1014_2L.png	unverified
D02-08672	مۇھاسىرىچى	headword	1014_2L.png	unverified
D02-08673	مۇھاكىمە	headword	1014_2L.png	unverified
D02-08674	مۇھاكىمىچى	headword	1014_2L.png	verified
D02-08675	مۇھاكىمىلىق	headword	1015_1R.png	unverified
D02-08676	مۇھەببەت	headword	1015_1R.png	unverified
D02-08677	مۇھەببەتسىز	headword	1015_1R.png	unverified
D02-08678	مۇھەببەتلەشتۈرمەك	headword	1015_1R.png	unverified
D02-08679	مۇھەببەتلەشتۈرۈشمەك	headword	1015_1R.png	verified
D02-08680	مۇھەببەتلەشمەك	headword	1015_1R.png	unverified
D02-08681	مۇھەببەتلىك	headword	1015_1R.png	unverified
D02-08682	مۇھەببەتنامە	headword	1015_1R.png	unverified
D02-08683	مۇھەببەت-نەپرەت	headword	1015_1R.png	unverified
D02-08684	مۇھەررەم	headword	1015_1R.png	unverified
D02-08685	مۇھەررىر	headword	1015_1R.png	unverified
D02-08686	مۇھەررىرلىك	headword	1015_1R.png	unverified
D02-08687	مۇھەندىس	headword	1015_1R.png	unverified
D02-08688	مۇھتەسىپ	headword	1015_1R.png	unverified
D02-08689	مۇھىت	headword	1015_2L.png	verified
D02-08690	مۇھىتشۇناس	headword	1015_2L.png	verified
D02-08691	مۇھىتشۇناسلىق	headword	1015_2L.png	verified
D02-08692	مۇھىم	headword	1015_2L.png	verified
D02-08693	مۇۋاپىق	headword	1015_2L.png	unverified
D02-08694	مۇۋاپىقلاشتۇرماق	headword	1015_2L.png	unverified
D02-08695	مۇۋاپىقلاشتۇرۇلماق	headword	1015_2L.png	unverified
D02-08696	مۇۋاپىقلاشماق	headword	1015_2L.png	unverified
D02-08697	مۇۋازىنەت	headword	1015_2L.png	unverified
D02-08698	مۇۋازىنەتسىز	headword	1015_2L.png	unverified
D02-08699	مۇۋازىنەتسىزلىك	headword	1015_2L.png	unverified
D02-08700	مۇۋازىنەتلىك	headword	1016_1R.png	verified
D02-08701	مۇۋەببەلسىپىت	headword	1016_1R.png	verified
D02-08702	مۇۋەپپەق	headword	1016_1R.png	verified
D02-08703	مۇۋەپپەقىيەت	headword	1016_1R.png	verified
D02-08704	مۇۋەپپەقىيەتسىز	headword	1016_1R.png	verified
D02-08705	مۇۋەپپەقىيەتسىزلىك	headword	1016_1R.png	verified
D02-08706	مۇۋەپپەقىيەتلىك	headword	1016_1R.png	verified
D02-08707	مۇۋەششەھ	headword	1016_1R.png	verified
D02-08708	مۇۋەققەت	headword	1016_1R.png	verified
D02-08709	مۇيات	headword	1016_1R.png	unverified
D02-08710	مۇياتلىق	headword	1016_1R.png	unverified
D02-08711	مۇيەسسەر	headword	1016_1R.png	verified
D02-08712	مۇيىم-تۇيىم	headword	1016_1R.png	verified
D02-08713	مۆ	headword	1016_1R.png	unverified
D02-08714	مۆتەزىلە	headword	1016_1R.png	unverified
D02-08715	مۆتىدىل	headword	1016_1R.png	verified
D02-08716	مۆتىدىل بەلباغ	headword	1016_2L.png	unverified
D02-08717	مۆتىدىلچى	headword	1016_2L.png	unverified
D02-08718	مۆتىدىللەشتۈرمەك	headword	1016_2L.png	unverified
D02-08719	مۆتىدىللەشتۈرۈلمەك	headword	1016_2L.png	unverified
D02-08720	مۆتىدىللەشمەك	headword	1016_2L.png	unverified
D02-08721	مۆتىدىللىك	headword	1016_2L.png	unverified
D02-08722	مۆتىۋەر	headword	1016_2L.png	unverified
D02-08723	مۆتىۋەرلىك	headword	1016_2L.png	unverified
D02-08724	مۆجىزات	headword	1016_2L.png	unverified
D02-08725	مۆجىزە	headword	1016_2L.png	unverified
D02-08726	مۆجىزىكار	headword	1016_2L.png	unverified
D02-08727	مۆجىزىلىك	headword	1016_2L.png	unverified
D02-08728	مۆچىلە	headword	1016_2L.png	unverified
D02-08729	مۆرەتمەك	headword	1016_2L.png	unverified
D02-08730	مۆرەشمەك	headword	1016_2L.png	unverified
D02-08731	مۆرەن	headword	1016_2L.png	unverified
D02-08732	مۆرۇخات	headword	1016_2L.png	verified
D02-08733	مۆرىت	headword	1017_1R.png	unverified
D02-08734	مۆرىلەشمەك	headword	1017_1R.png	unverified
D02-08735	مۆرىمەس	headword	1017_1R.png	unverified
D02-08736	مۆرىمەك	headword	1017_1R.png	unverified
D02-08737	مۆكتۈرمە	headword	1017_1R.png	verified
D02-08738	مۆكتۈرۈشمەك	headword	1017_1R.png	unverified
D02-08739	مۆكتۈرۈلمەك	headword	1017_1R.png	unverified
D02-08740	مۆكمەك	headword	1017_1R.png	unverified
D02-08741	مۆكۈشمەك	headword	1017_1R.png	unverified
D02-08743	مۆكۈنمەك	headword	1017_1R.png	unverified
D02-08744	مۆكىمۆكىلەڭ	headword	1017_1R.png	verified
D02-08745	مۆڭ	headword	1017_1R.png	unverified
D02-08746	مۆڭدەرىمەك	headword	1017_1R.png	unverified
D02-08747	مۆڭكۈشلىمەك	headword	1017_1R.png	verified
D02-08748	مۆڭكۈگەك	headword	1017_1R.png	verified
D02-08749	مۆڭكۈمەك	headword	1017_1R.png	verified
D02-08750	مۆڭگەك	headword	1017_2L.png	unverified
D02-08751	مۆڭگەكلىمەك	headword	1017_2L.png	verified
D02-08752	مۆڭلۈك	headword	1017_2L.png	unverified
D02-08753	مۆڭمەك	headword	1017_2L.png	unverified
D02-08754	مۆل	headword	1017_2L.png	unverified
D02-08755	مۆلە	headword	1017_2L.png	unverified
D02-08756	مۆلەگ	headword	1017_2L.png	verified
D02-08757	مۆلچەر	headword	1017_2L.png	unverified
D02-08758	مۆلچەر سان	headword	1017_2L.png	verified
D02-08759	مۆلچەرلەتمەك	headword	1017_2L.png	verified
D02-08760	مۆلچەرلەشمەك	headword	1017_2L.png	unverified
D02-08761	مۆلچەرلەنمەك	headword	1017_2L.png	unverified
D02-08762	مۆلچەرلىگۈسىز	headword	1017_2L.png	unverified
D02-08763	مۆلچەرلىمەك	headword	1017_2L.png	unverified
D02-08764	مۆلدۈر	headword	1017_2L.png	unverified
D02-08766	مۆلدۈرلەتمەك	headword	1018_1R.png	verified
D02-08767	مۆلدۈرلىمەك	headword	1018_1R.png	unverified
D02-08768	مۆلدۈر - مۆلدۈر	headword	1018_1R.png	unverified
D02-08769	مۆلكۈمەك	headword	1018_1R.png	unverified
D02-08770	مۆللىدە	headword	1018_1R.png	unverified
D02-08771	مۆل - مۆل	headword	1018_1R.png	unverified
D02-08772	مۆلۈكباش	headword	1018_1R.png	unverified
D02-08773	مۆلۈلدەتمەك	headword	1018_1R.png	unverified
D02-08774	مۆلۈلدەشمەك	headword	1018_1R.png	unverified
D02-08775	مۆلۈلدىمەك	headword	1018_1R.png	unverified
D02-08776	مۆلۈيمەك	headword	1018_1R.png	unverified
D02-08777	مۆمىن	headword	1018_1R.png	unverified
D02-08778	مۆمىنلەرچە	headword	1018_1R.png	unverified
D02-08779	مۆمىنلىك	headword	1018_1R.png	unverified
D02-08780	مۆھتەرەم	headword	1018_1R.png	unverified
D02-08781	مۆھلەت	headword	1018_1R.png	unverified
D02-08782	مۆھلەتسىز	headword	1018_1R.png	unverified
D02-08783	مۆھلەتلىك	headword	1018_1R.png	unverified
D02-08784	مۆھۈر	headword	1018_1R.png	unverified
D02-08785	مۆھۈردار	headword	1018_2L.png	verified
D02-08785-i1	مۆھۈردارى	inflected	1018_2L.png	verified
D02-08786	مۆھۈردارلىق	headword	1018_2L.png	unverified
D02-08787	مۆھۈرلەتمەك	headword	1018_2L.png	unverified
D02-08788	مۆھۈرلەشمەك	headword	1018_2L.png	unverified
D02-08789	مۆھۈرلەنمەك	headword	1018_2L.png	unverified
D02-08790	مۆھۈرلۈك	headword	1018_2L.png	unverified
D02-08791	مۆھۈرلىمەك	headword	1018_2L.png	unverified
D02-08792	مۈجگەكلىمەك	headword	1018_2L.png	verified
D02-08793	مۈجمەل	headword	1018_2L.png	unverified
D02-08794	مۈجمەلسىز	headword	1018_2L.png	unverified
D02-08795	مۈجمەللەشتۈرمەك	headword	1018_2L.png	unverified
D02-08796	مۈجمەللەشتۈرۈلمەك	headword	1018_2L.png	unverified
D02-08797	مۈجمەللەشمەك	headword	1018_2L.png	unverified
D02-08798	مۈجمەللىك	headword	1018_2L.png	unverified
D02-08799	مۈچە	headword	1018_2L.png	unverified
D02-08800	مۈچەل	headword	1018_2L.png	verified
D02-08801	مۆچەلچىلىك	headword	1018_2L.png	verified
D02-08802	مۈچەلنامە	headword	1019_1R.png	verified
D02-08803	مۈدۈر	headword	1019_1R.png	unverified
D02-08804	مۈدۈر - چوقۇر	headword	1019_1R.png	unverified
D02-08805	مۈدۈرمەك	headword	1019_1R.png	unverified
D02-08806	مۈدۈر - مۈدۈر	headword	1019_1R.png	unverified
D02-08807	مۈدۈرۈپ - چوقۇرۇپ	headword	1019_1R.png	unverified
D02-08808	مۈدۈرۈشمەك	headword	1019_1R.png	unverified
D02-08809	مۈدۈرۈلمەك	headword	1019_1R.png	unverified
D02-08810	مۈدۈك	headword	1019_1R.png	unverified
D02-08811	مۈرە	headword	1019_1R.png	unverified
D02-08812	مۈرە قاقماق	headword	1019_1R.png	unverified
D02-08813	مۈرىسىنى قىسماق	headword	1019_1R.png	unverified
D02-08814	مۈرىنى شوتا قىلماق	headword	1019_1R.png	unverified
D02-08815	مۈرىنى مۈرىگە تىرىمەك	headword	1019_1R.png	verified
D02-08816	مۈرگۈمەك	headword	1019_1R.png	unverified
D02-08817	مۈرۋەت	headword	1019_1R.png	unverified
D02-08818	مۈرىدەشمەك	headword	1019_1R.png	verified
D02-08819	مۈرىدىمەك	headword	1019_2L.png	unverified
D02-08820	مۈسۈن	headword	1019_2L.png	unverified
D02-08821	مۈشكۈل	headword	1019_2L.png	unverified
D02-08822	مۈشكۈلات	headword	1019_2L.png	unverified
D02-08823	مۈشكۈلچىلىك	headword	1019_2L.png	verified
D02-08824	مۈشكۈللەشتۈرمەك	headword	1019_2L.png	unverified
D02-08825	مۈشكۈللەشتۈرۈلمەك	headword	1019_2L.png	unverified
D02-08826	مۈشكۈللەشمەك	headword	1019_2L.png	unverified
D02-08827	مۈشكۈللۈك	headword	1019_2L.png	unverified
D02-08828	مۈشۈك	headword	1019_2L.png	unverified
D02-08829	مۈشۈك ئاپتاپقا چىقمايدۇ	headword	1019_2L.png	unverified
D02-08830	مۈشۈك پىياز يېگەندەك	headword	1019_2L.png	unverified
D02-08831	مۈشۈكئېيىق	headword	1019_2L.png	verified
D02-08832	مۈكچەيتمەك	headword	1019_2L.png	unverified
D02-08833	مۈكچەيمەك	headword	1019_2L.png	unverified
D02-08834	مۈگۈرۈ	headword	1020_1R.png	verified
D02-08835	مۈكۈل - تېقىل	headword	1020_1R.png	unverified
D02-08836	مۈگدەتمەك	headword	1020_1R.png	unverified
D02-08837	مۈگدەشمەك	headword	1020_1R.png	unverified
D02-08838	مۈگدەك	headword	1020_1R.png	unverified
D02-08839	مۈگدىمەك	headword	1020_1R.png	verified
D02-08840	مۈڭگۈز	headword	1020_1R.png	unverified
D02-08841	مۈڭگۈز پەردە	headword	1020_1R.png	unverified
D02-08842	مۈڭگۈز چىقتىمۇ	headword	1020_1R.png	unverified
D02-08843	مۈڭگۈز چىقماق	headword	1020_1R.png	unverified
D02-08844	مۈڭگۈزى ئاشكارا بولماق	headword	1020_1R.png	unverified
D02-08845	مۈڭگۈزى ئىچىدە	headword	1020_1R.png	unverified
D02-08846	مۈڭگۈزسىز	headword	1020_1R.png	unverified
D02-08847	مۈڭگۈزسىمان	headword	1020_1R.png	unverified
D02-08848	مۈڭگۈزلەشمەك	headword	1020_1R.png	unverified
D02-08849	مۈڭگۈزلۈك	headword	1020_1R.png	unverified
D02-08850	مۈلكى	headword	1020_1R.png	unverified
D02-08851	مۈلۈك	headword	1020_2L.png	verified
D02-08852	مۈلۈكچىلىك	headword	1020_2L.png	unverified
D02-08853	مۈلۈكدار	headword	1020_2L.png	unverified
D02-08854	مۈلۈكسىز	headword	1020_2L.png	unverified
D02-08855	مۈلۈكلۈك	headword	1020_2L.png	unverified
D02-08856	مۈنگەش	headword	1020_2L.png	unverified
D02-08857	مۈنۈچ	headword	1020_2L.png	unverified
D02-08858	مۈنۈرىمەك	headword	1020_2L.png	verified
D02-08859	مۈنۈكۈم	headword	1020_2L.png	unverified
D02-08860	مېتابولىزم	headword	1020_2L.png	unverified
D02-08861	مېتازوئا	headword	1020_2L.png	unverified
D02-08862	مېتاساكوۋىيە	headword	1020_2L.png	verified
D02-08863	مېتاساكوۋىيە دەرىخى	headword	1020_2L.png	unverified
D02-08864	مېتافورا	headword	1020_2L.png	unverified
D02-08865	مېتافىزىك	headword	1020_2L.png	unverified
D02-08866	مېتافىزىكا	headword	1020_2L.png	unverified
D02-08867	مېتافىزىكىلىق	headword	1021_1R.png	unverified
D02-08868	مېتال	headword	1021_1R.png	unverified
D02-08869	مېتالچىلىق	headword	1021_1R.png	unverified
D02-08870	مېتالسىز	headword	1021_1R.png	unverified
D02-08871	مېتالشۇناس	headword	1021_1R.png	unverified
D02-08872	مېتالشۇناسلىق	headword	1021_1R.png	unverified
D02-08873	مېتاللوئىد	headword	1021_1R.png	unverified
D02-08874	مېتاللۇرگىيە	headword	1021_1R.png	unverified
D02-08875	مېتاللىق	headword	1021_1R.png	unverified
D02-08876	مېتامورفىزم	headword	1021_1R.png	unverified
D02-08877	مېتامورفىلىق	headword	1021_1R.png	verified
D02-08878	مېتان	headword	1021_1R.png	unverified
D02-08879	مېترو	headword	1021_1R.png	unverified
D02-08880	مېتروپولىيە	headword	1021_1R.png	unverified
D02-08881	مېترونوم	headword	1021_2L.png	unverified
D02-08882	مېتود	headword	1021_2L.png	unverified
D02-08883	مېتودلۇق	headword	1021_2L.png	unverified
D02-08884	مېتودولوگىيە	headword	1021_2L.png	unverified
D02-08885	مېتودىكا	headword	1021_2L.png	unverified
D02-08886	مېتونومىيە	headword	1021_2L.png	unverified
D02-08887	مېتېئور	headword	1021_2L.png	unverified
D02-08888	مېتېئورولوگ	headword	1021_2L.png	unverified
D02-08889	مېتېئورولوگىيە	headword	1021_2L.png	unverified
D02-08890	مېتېئورولوگىيەلىك	headword	1021_2L.png	unverified
D02-08891	مېتېئورىت	headword	1021_2L.png	unverified
D02-08892	مېتىر	headword	1021_2L.png	unverified
D02-08893	مېتىر سىستېمىسى	headword	1021_2L.png	unverified
D02-08894	مېتىرلاتماق	headword	1021_2L.png	unverified
D02-08895	مېتىرلاشماق	headword	1022_1R.png	unverified
D02-08896	مېتىرلانماق	headword	1022_1R.png	unverified
D02-08897	مېتىرلىق	headword	1022_1R.png	unverified
D02-08898	مېتىرلىماق	headword	1022_1R.png	unverified
D02-08899	مېتىس	headword	1022_1R.png	unverified
D02-08900	مېتىسلاشتۇرماق	headword	1022_1R.png	unverified
D02-08901	مېتىسلاشتۇرۇشماق	headword	1022_1R.png	unverified
D02-08902	مېتىسلاشتۇرۇلماق	headword	1022_1R.png	unverified
D02-08903	مېتىسلاشماق	headword	1022_1R.png	unverified
D02-08904	مېتىل	headword	1022_1R.png	unverified
D02-08905	مېتىلېن	headword	1022_1R.png	unverified
D02-08906	مېتىن	headword	1022_1R.png	unverified
D02-08907	مېخانىزم	headword	1022_1R.png	unverified
D02-08908	مېخانىك	headword	1022_1R.png	unverified
D02-08909	مېخانىكا	headword	1022_1R.png	unverified
D02-08910	مېخانىكىلاشماق	headword	1022_2L.png	unverified
D02-08911	مېخانىكىلىق	headword	1022_2L.png	unverified
D02-08912	مېدال	headword	1022_2L.png	unverified
D02-08913	مېداللىق	headword	1022_2L.png	unverified
D02-08914	مېدالىيون	headword	1022_2L.png	unverified
D02-08915	مېدۇزا	headword	1022_2L.png	unverified
D02-08916	مېدىئانا	headword	1022_2L.png	unverified
D02-08917	مېدىتسىنا	headword	1022_2L.png	unverified
D02-08918	مېراج	headword	1022_2L.png	unverified
D02-08919	مېركۇروخىروم	headword	1022_2L.png	unverified
D02-08920	مېركۇرىي	headword	1022_2L.png	unverified
D02-08921	مېرگېل	headword	1023_1R.png	unverified
D02-08922	مېرىدىيان	headword	1023_1R.png	unverified
D02-08923	مېرىنوس	headword	1023_1R.png	verified
D02-08924	مېرىنوس قويى	headword	1023_1R.png	unverified
D02-08925	مېزوزوئا	headword	1023_1R.png	unverified
D02-08926	مېزون	headword	1023_1R.png	unverified
D02-08927	مېشچان	headword	1023_1R.png	unverified
D02-08928	مېشچانلاشتۇرماق	headword	1023_1R.png	verified
D02-08929	مېشچانلاشتۇرۇلماق	headword	1023_1R.png	unverified
D02-08930	مېشچانلاشماق	headword	1023_1R.png	unverified
D02-08931	مېشچانلىق	headword	1023_1R.png	unverified
D02-08932	مېغىز	headword	1023_1R.png	unverified
D02-08933	مېغىزىنى چاقماق	headword	1023_1R.png	unverified
D02-08935	مېغىزلاتماق	headword	1023_2L.png	unverified
D02-08936	مېغىزلاشماق	headword	1023_2L.png	unverified
D02-08937	مېغىزلانماق	headword	1023_2L.png	unverified
D02-08938	مېغىزلىق	headword	1023_2L.png	unverified
D02-08939	مېغىزلىماق	headword	1023_2L.png	unverified
D02-08940	مېكىجىن	headword	1023_2L.png	unverified
D02-08941	مېكىيان	headword	1023_2L.png	unverified
D02-08942	مېگافون	headword	1023_2L.png	unverified
D02-08943	مېگاگېرتس	headword	1023_2L.png	unverified
D02-08944	مېگاوم	headword	1023_2L.png	unverified
D02-08945	مېگاۋات	headword	1023_2L.png	unverified
D02-08946	مېگاۋولت	headword	1023_2L.png	unverified
D02-08947	مېڭە	headword	1023_2L.png	unverified
D02-08948	مېڭىسىنى قاغا چوقۇۋالغان	headword	1024_1R.png	verified
D02-08949	مېڭىسىنى ئۇماچ قىلىۋەتمەك	headword	1024_1R.png	unverified
D02-08950	مېڭىسىنى يېمەك	headword	1024_1R.png	verified
D02-08951	مېڭىگە قان چۈشۈش	headword	1024_1R.png	unverified
D02-08952	مېڭىش - تۇرۇش	headword	1024_1R.png	unverified
D02-08953	مېڭىشلىق	headword	1024_1R.png	unverified
D02-08954	مېڭىشماق	headword	1024_1R.png	unverified
D02-08955	مېڭىلماق	headword	1024_1R.png	unverified
D02-08956	مېل	headword	1024_1R.png	unverified
D02-08957	مېلودىيە	headword	1024_1R.png	unverified
D02-08958	مېلودىيەسىز	headword	1024_1R.png	unverified
D02-08959	مېلودىيەلىك	headword	1024_1R.png	unverified
D02-08960	مېلىس	headword	1024_1R.png	unverified
D02-08961	مېمار	headword	1024_1R.png	unverified
D02-08962	مېمارلىق	headword	1024_2L.png	verified
D02-08963	مېموراندۇم	headword	1024_2L.png	unverified
D02-08964	مېمورىيال	headword	1024_2L.png	unverified
D02-08965	مېمورىيال چەك	headword	1024_2L.png	unverified
D02-08966	مېنبا	headword	1024_2L.png	unverified
D02-08967	مېندېل	headword	1024_2L.png	unverified
D02-08968	مېندېل فاكتورى	headword	1024_2L.png	unverified
D02-08969	مېندېل قانۇنى	headword	1024_2L.png	unverified
D02-08970	مېندېلېيېۋىي	headword	1024_2L.png	unverified
D02-08971	مېندېلىزم	headword	1024_2L.png	unverified
D02-08972	مېنزۇركا	headword	1024_2L.png	unverified
D02-08973	مېنشېۋىزم	headword	1025_1R.png	unverified
D02-08974	مېنشېۋىك	headword	1025_1R.png	unverified
D02-08975	مېنىنگىت	headword	1025_1R.png	unverified
D02-08976	مېھر	headword	1025_1R.png	unverified
D02-08977	مېھر ھەققى	headword	1025_1R.png	unverified
D02-08978	مېھراب	headword	1025_1R.png	unverified
D02-08979	مېھرانە	headword	1025_1R.png	unverified
D02-08980	مېھرىبان	headword	1025_1R.png	unverified
D02-08981	مېھرىبانلارچە	headword	1025_1R.png	unverified
D02-08982	مېھرىبانلاشماق	headword	1025_1R.png	unverified
D02-08983	مېھرىبانلىق	headword	1025_1R.png	unverified
D02-08984	مېھرىگۈل	headword	1025_1R.png	unverified
D02-08985	مېھرىگىياھ	headword	1025_1R.png	unverified
D02-08986	مېھمان	headword	1025_1R.png	unverified
D02-08987	مېھمانخانا	headword	1025_2L.png	unverified
D02-08988	مېھمانخانىلىق	headword	1025_2L.png	unverified
D02-08989	مېھماندارچىلىق	headword	1025_2L.png	unverified
D02-08990	مېھماندوست	headword	1025_2L.png	unverified
D02-08991	مېھماندوستلۇق	headword	1025_2L.png	unverified
D02-08992	مېھمانساراي	headword	1025_2L.png	verified
D02-08993	مېھمانلىق	headword	1025_2L.png	unverified
D02-08994	مېھنەت	headword	1025_2L.png	unverified
D02-08995	مېھنەتچان	headword	1025_2L.png	verified
D02-08995-v1	ئەمگەكچان	variant	1025_2L.png	verified
D02-08996	مېھنەتچى	headword	1025_2L.png	unverified
D02-08997	مېھنەتسىز	headword	1025_2L.png	unverified
D02-08998	مېھنەتكەش	headword	1025_2L.png	unverified
D02-08999	مېھنەتلىك	headword	1025_2L.png	unverified
D02-09000	مېھىر	headword	1026_1R.png	verified
D02-09000-i1	مېھرى	inflected	1026_1R.png	verified
D02-09001	مېھىرداش	headword	1026_1R.png	unverified
D02-09002	مېھىرداشلىق	headword	1026_1R.png	unverified
D02-09003	مېھىرسىز	headword	1026_1R.png	unverified
D02-09004	مېھىرسىزلىك	headword	1026_1R.png	unverified
D02-09005	مېھىر - شەپقەت	headword	1026_1R.png	unverified
D02-09006	مېھىرلىك	headword	1026_1R.png	unverified
D02-09007	مېھىر - مۇھەببەت	headword	1026_1R.png	unverified
D02-09008	مېۋە	headword	1026_1R.png	unverified
D02-09009	مېۋە - چېۋە	headword	1026_1R.png	unverified
D02-09010	مېۋىچى	headword	1026_1R.png	unverified
D02-09011	مېۋىچىلىك	headword	1026_1R.png	unverified
D02-09012	مېۋىزار	headword	1026_1R.png	unverified
D02-09013	مېۋىزارلىق	headword	1026_1R.png	unverified
D02-09014	مېۋىسىز	headword	1026_1R.png	unverified
D02-09015	مېۋىلەتمەك	headword	1026_2L.png	unverified
D02-09016	مېۋىلىك	headword	1026_2L.png	unverified
D02-09017	مېۋىلىمەك	headword	1026_2L.png	unverified
D02-09019	مېيىپ	headword	1026_2L.png	unverified
D02-09020	مېيىپلەندۈرمەك	headword	1026_2L.png	unverified
D02-09021	مېيىپلەندۈرۈشمەك	headword	1026_2L.png	unverified
D02-09022	مېيىپلەندۈرۈلمەك	headword	1026_2L.png	unverified
D02-09023	مېيىپلەنمەك	headword	1026_2L.png	verified
D02-09024	مېيىپلىك	headword	1026_2L.png	unverified
D02-09025	مېيىت	headword	1026_2L.png	unverified
D02-09026	مىت	headword	1026_2L.png	unverified
D02-09027	مىتە	headword	1026_2L.png	unverified
D02-09028	مىتەۋە	headword	1026_2L.png	unverified
D02-09029	مىتەۋىلەشمەك	headword	1026_2L.png	verified
D02-09030	مىتتىدە	headword	1026_2L.png	unverified
D02-09031	مىتكوت	headword	1026_2L.png	unverified
D02-09032	مىتكوتلاشتۇرماق	headword	1027_1R.png	unverified
D02-09033	مىتكوتلاشتۇرۇشماق	headword	1027_1R.png	unverified
D02-09034	مىتكوتلاشتۇرۇلماق	headword	1027_1R.png	unverified
D02-09035	مىتكوتلاشماق	headword	1027_1R.png	unverified
D02-09036	مىت - مىت	headword	1027_1R.png	unverified
D02-09037	مىتېللا	headword	1027_1R.png	verified
D02-09038	مىتىقلىماق	headword	1027_1R.png	verified
D02-09039	مىتىق - مىتىق	headword	1027_1R.png	unverified
D02-09040	مىتىلداتماق	headword	1027_1R.png	unverified
D02-09041	مىتىلداشماق	headword	1027_1R.png	unverified
D02-09042	مىتىلدىماق	headword	1027_1R.png	unverified
D02-09043	مىتىلوس	headword	1027_1R.png	unverified
D02-09044	مىجەز	headword	1027_1R.png	unverified
D02-09045	مىجەزى بوش	headword	1027_1R.png	unverified
D02-09046	مىجەزى پەس	headword	1027_1R.png	unverified
D02-09047	مىجەزى پېتىر	headword	1027_2L.png	unverified
D02-09048	مىجەزى قوداڭشىماق	headword	1027_2L.png	unverified
D02-09049	مىجەزى يوق	headword	1027_2L.png	unverified
D02-09050	مىجەز - خۇلق	headword	1027_2L.png	unverified
D02-09051	مىجەزداش	headword	1027_2L.png	verified
D02-09052	مىجەزداشلىق	headword	1027_2L.png	unverified
D02-09053	مىجەزلەشمەك	headword	1027_2L.png	unverified
D02-09054	مىجەزلىك	headword	1027_2L.png	unverified
D02-09055	مىجىتماق	headword	1027_2L.png	unverified
D02-09056	مىجىشماق	headword	1027_2L.png	unverified
D02-09057	مىجىق	headword	1027_2L.png	unverified
D02-09058	مىجىقلاتماق	headword	1027_2L.png	unverified
D02-09059	مىجىقلاشماق	headword	1027_2L.png	unverified
D02-09060	مىجىقلانماق	headword	1027_2L.png	verified
D02-09061	مىجىقلىماق	headword	1027_2L.png	unverified
D02-09062	مىجىگەن	headword	1027_2L.png	unverified
D02-09063	مىجىلماق	headword	1027_2L.png	unverified
D02-09064	مىجىمانەم	headword	1028_1R.png	verified
D02-09065	مىچ	headword	1028_1R.png	unverified
D02-09066	مىچچىدە	headword	1028_1R.png	unverified
D02-09067	مىچ - مىچ	headword	1028_1R.png	unverified
D02-09068	مىچىلداتماق	headword	1028_1R.png	unverified
D02-09069	مىچىلداشماق	headword	1028_1R.png	unverified
D02-09070	مىچىلدىماق	headword	1028_1R.png	unverified
D02-09071	مىخ	headword	1028_1R.png	unverified
D02-09072	مىختەك قادالماق	headword	1028_1R.png	unverified
D02-09073	مىختەك ئولتۇرماق	headword	1028_1R.png	unverified
D02-09074	مىخقا ئۈسۈۋالماق	headword	1028_1R.png	unverified
D02-09075	مىخ مەتبەئە	headword	1028_1R.png	unverified
D02-09076	مىخ يېزىق	headword	1028_1R.png	unverified
D02-09077	مىخگەر	headword	1028_1R.png	unverified
D02-09078	مىخگەرلىك	headword	1028_2L.png	unverified
D02-09079	مىخلاتماق	headword	1028_2L.png	unverified
D02-09080	مىخلاشماق	headword	1028_2L.png	unverified
D02-09081	مىخلاقلىق	headword	1028_2L.png	unverified
D02-09082	مىخلانماق	headword	1028_2L.png	unverified
D02-09083	مىخلىق	headword	1028_2L.png	unverified
D02-09084	مىخلىماق	headword	1028_2L.png	unverified
D02-09085	مىدىر	headword	1028_2L.png	unverified
D02-09086	مىدىر - سىدىر	headword	1028_2L.png	unverified
D02-09087	مىدىرلاتماق	headword	1028_2L.png	verified
D02-09088	مىدىرلاشماق	headword	1028_2L.png	verified
D02-09089	مىدىرلىماق	headword	1028_2L.png	verified
D02-09090	مىدىر ـ مىدىر	headword	1028_2L.png	verified
D02-09091	مىدىق	headword	1028_2L.png	verified
D02-09092	مىدىقلىماق	headword	1028_2L.png	verified
D02-09093	مىدىق - مىدىق	headword	1028_2L.png	verified
D02-09094	مىراب	headword	1028_2L.png	verified
D02-09095	مىراببېگى	headword	1028_2L.png	verified
D02-09096	مىرابلىق	headword	1028_2L.png	unverified
D02-09097	مىراخور	headword	1028_2L.png	unverified
D02-09098	مىراس	headword	1029_1R.png	unverified
D02-09099	مىراسخور	headword	1029_1R.png	unverified
D02-09100	مىراسخورلۇق	headword	1029_1R.png	unverified
D02-09101	مىراسىي	headword	1029_1R.png	unverified
D02-09102	مىرت	headword	1029_1R.png	unverified
D02-09103	مىرتتىدە	headword	1029_1R.png	unverified
D02-09104	مىرت - مىرت	headword	1029_1R.png	unverified
D02-09105	مىرزا	headword	1029_1R.png	unverified
D02-09106	مىرزىخانا	headword	1029_1R.png	unverified
D02-09107	مىرزىگۈل	headword	1029_1R.png	unverified
D02-09108	مىرشەپ	headword	1029_1R.png	verified
D02-09109	مىرشەپلىك	headword	1029_1R.png	unverified
D02-09110	مىرغەزەپ	headword	1029_1R.png	unverified
D02-09111	مىرغەمزە	headword	1029_1R.png	verified
D02-09112	مىرغىزار	headword	1029_1R.png	unverified
D02-09113	مىرغىزارلىق	headword	1029_2L.png	unverified
D02-09114	مىرقىراتماق	headword	1029_2L.png	unverified
D02-09115	مىرقىراشماق	headword	1029_2L.png	unverified
D02-09116	مىرقىرىماق	headword	1029_2L.png	unverified
D02-09117	مىرۋەت	headword	1029_2L.png	unverified
D02-09117-v1	ئەرگۈل	variant	1029_2L.png	unverified
D02-09118	مىرىڭ	headword	1029_2L.png	verified
D02-09119	مىزاج	headword	1029_2L.png	unverified
D02-09120	مىزان	headword	1029_2L.png	unverified
D02-09121	مىزان بۇرجى	headword	1029_2L.png	verified
D02-09122	مىزەممەتى	headword	1029_2L.png	unverified
D02-09123	مىزگان	headword	1029_2L.png	unverified
D02-09124	مىزگانچى	headword	1029_2L.png	unverified
D02-09125	مىژ	headword	1029_2L.png	unverified
D02-09126	مىژژىدە	headword	1029_2L.png	unverified
D02-09128	مىژ - مىژ	headword	1029_2L.png	verified
D02-09129	مىژىلداتماق	headword	1030_1R.png	verified
D02-09130	مىژىلداشماق	headword	1030_1R.png	unverified
D02-09131	مىژىلدىماق	headword	1030_1R.png	unverified
D02-09132	مىس	headword	1030_1R.png	unverified
D02-09133	مىس ئەينەك	headword	1030_1R.png	unverified
D02-09134	مىس باش	headword	1030_1R.png	unverified
D02-09135	مىس قورال دەۋرى	headword	1030_1R.png	unverified
D02-09137	مىساڭزا	headword	1030_1R.png	unverified
D02-09138	مىسال	headword	1030_1R.png	unverified
D02-09139	مىسالەن	headword	1030_1R.png	verified
D02-09140	مىستىتسىزم	headword	1030_2L.png	unverified
D02-09141	مىستىرىيە	headword	1030_2L.png	unverified
D02-09142	مىستىك	headword	1030_2L.png	unverified
D02-09143	مىستىكا	headword	1030_2L.png	unverified
D02-09144	مىسرا	headword	1030_2L.png	unverified
D02-09145	مىسرالىق	headword	1030_2L.png	unverified
D02-09146	مىسران	headword	1030_2L.png	unverified
D02-09147	مىسران قىلىچ	headword	1030_2L.png	unverified
D02-09149	مىسسىدە	headword	1030_2L.png	unverified
D02-09150	مىسسىيونېر	headword	1030_2L.png	unverified
D02-09151	مىسقال	headword	1030_2L.png	unverified
D02-09152	مىسقالچە	headword	1030_2L.png	unverified
D02-09153	مىسقالداكا	headword	1030_2L.png	unverified
D02-09154	مىسقاللاپ	headword	1030_2L.png	unverified
D02-09155	مىسقاللاتماق	headword	1031_1R.png	unverified
D02-09156	مىسقاللاشماق	headword	1031_1R.png	unverified
D02-09157	مىسقاللىق	headword	1031_1R.png	unverified
D02-09158	مىسقاللىماق	headword	1031_1R.png	verified
D02-09159	مىسكانتۇس ئوتى	headword	1031_1R.png	verified
D02-09160	مىسكەر	headword	1031_1R.png	unverified
D02-09161	مىسكەرچى	headword	1031_1R.png	unverified
D02-09162	مىسكەرچىلىك	headword	1031_1R.png	unverified
D02-09163	مىسكەرلىك	headword	1031_1R.png	unverified
D02-09164	مىسكىن	headword	1031_1R.png	unverified
D02-09165	مىسكىنلەشتۈرمەك	headword	1031_1R.png	unverified
D02-09166	مىسكىنلەشمەك	headword	1031_1R.png	unverified
D02-09167	مىسكىنلىك	headword	1031_1R.png	unverified
D02-09168	مىسلى	headword	1031_1R.png	unverified
D02-09169	مىسلىسىز	headword	1031_1R.png	unverified
D02-09170	مىسلىمىياڭ	headword	1031_1R.png	unverified
D02-09171	مىس - مىس	headword	1031_2L.png	unverified
D02-09172	مىسۋاك	headword	1031_2L.png	unverified
D02-09173	مىسۋاكلاتماق	headword	1031_2L.png	unverified
D02-09174	مىسۋاكلاشماق	headword	1031_2L.png	unverified
D02-09175	مىسۋاكلانماق	headword	1031_2L.png	unverified
D02-09176	مىسۋاكلىماق	headword	1031_2L.png	unverified
D02-09177	مىسىل	headword	1031_2L.png	unverified
D02-09178	مىسىلچە	headword	1031_2L.png	unverified
D02-09179	مىسىلداشماق	headword	1031_2L.png	verified
D02-09180	مىسىلدىماق	headword	1031_2L.png	unverified
D02-09181	مىش	headword	1031_2L.png	unverified
D02-09183	مىشە	headword	1031_2L.png	unverified
D02-09184	مىشەك	headword	1031_2L.png	unverified
D02-09185	مىشقىرتماق	headword	1031_2L.png	unverified
D02-09186	مىشقىرماق	headword	1031_2L.png	unverified
D02-09187	مىشقىرىشماق	headword	1031_2L.png	verified
D02-09188	مىشقىرىق	headword	1031_2L.png	unverified
D02-09189	مىشكاپ	headword	1031_2L.png	verified
D02-09190	مىشمېرىق	headword	1031_2L.png	verified
D02-09191	مىش - مىش	headword	1031_2L.png	unverified
D02-09192	مىشىلداتماق	headword	1031_2L.png	unverified
D02-09193	مىشىلدىشماق	headword	1032_1R.png	unverified
D02-09194	مىشىلدىماق	headword	1032_1R.png	unverified
D02-09195	مىغ	headword	1032_1R.png	unverified
D02-09196	مىغ-مىغ	headword	1032_1R.png	unverified
D02-09197	مىغىلداشماق	headword	1032_1R.png	unverified
D02-09198	مىغىلدىماق	headword	1032_1R.png	unverified
D02-09199	مىفولوگىيە	headword	1032_1R.png	unverified
D02-09200	مىفولوگىيەلىك	headword	1032_1R.png	unverified
D02-09201	مىقدار	headword	1032_1R.png	unverified
D02-09202	مىقدارلىق	headword	1032_1R.png	unverified
D02-09203	مىقرازى	headword	1032_1R.png	unverified
D02-09204	مىقياس	headword	1032_1R.png	unverified
D02-09205	مىكە	headword	1032_1R.png	unverified
D02-09206	مىكرو	headword	1032_1R.png	unverified
D02-09207	مىكروئامپېر	headword	1032_1R.png	unverified
D02-09208	مىكرو خىمىيە	headword	1032_1R.png	unverified
D02-09209	مىكرو دولقۇن	headword	1032_2L.png	unverified
D02-09210	مىكروب	headword	1032_2L.png	unverified
D02-09211	مىكروبسىز	headword	1032_2L.png	unverified
D02-09212	مىكروبسىزلاندۇرماق	headword	1032_2L.png	unverified
D02-09213	مىكروبسىزلاندۇرۇشماق	headword	1032_2L.png	unverified
D02-09214	مىكروبسىزلاندۇرۇلماق	headword	1032_2L.png	unverified
D02-09215	مىكروبسىزلانماق	headword	1032_2L.png	unverified
D02-09216	مىكروبلانماق	headword	1032_2L.png	unverified
D02-09217	مىكروبىيولوگ	headword	1032_2L.png	unverified
D02-09218	مىكروبىيولوگىيە	headword	1032_2L.png	unverified
D02-09219	مىكروسكوپ	headword	1032_2L.png	unverified
D02-09220	مىكروسېكۇنت	headword	1032_2L.png	unverified
D02-09221	مىكروفارادا	headword	1032_2L.png	unverified
D02-09222	مىكروفوتوگرافىيە	headword	1032_2L.png	unverified
D02-09223	مىكروفون	headword	1033_1R.png	unverified
D02-09224	مىكروكىرىستال	headword	1033_1R.png	verified
D02-09225	مىكروكىلىمات	headword	1033_1R.png	unverified
D02-09226	مىكروكىيۇرى	headword	1033_1R.png	unverified
D02-09227	مىكروگېنرى	headword	1033_1R.png	unverified
D02-09228	مىكرومېتىر	headword	1033_1R.png	unverified
D02-09229	مىكرون	headword	1033_1R.png	unverified
D02-09230	مىكروئورگانىزم	headword	1033_1R.png	unverified
D02-09231	مىكروئورگانىزملىق	headword	1033_1R.png	unverified
D02-09232	مىكروۋات	headword	1033_1R.png	verified
D02-09233	مىكروۋولت	headword	1033_1R.png	verified
D02-09234	مىكروۋى	headword	1033_1R.png	verified
D02-09235	مىكرو ئېلېكتىرونىكا	headword	1033_1R.png	verified
D02-09236	مىكرو ئېلېمېنت	headword	1033_1R.png	verified
D02-09237	مىكوپىلازما	headword	1033_2L.png	unverified
D02-09238	مىكولوگىيە	headword	1033_2L.png	unverified
D02-09239	مىكىر	headword	1033_2L.png	verified
D02-09239-i1	مىكرى	inflected	1033_2L.png	verified
D02-09240	مىكىر - چىكىر	headword	1033_2L.png	verified
D02-09241	مىكىرلىك	headword	1033_2L.png	unverified
D02-09242	مىكى-مىكى	headword	1033_2L.png	unverified
D02-09243	مىگماتىت	headword	1033_2L.png	unverified
D02-09244	مىڭ	headword	1033_2L.png	unverified
D02-09245	مىڭ بالادا	headword	1033_2L.png	unverified
D02-09246	مىڭ بىر	headword	1033_2L.png	unverified
D02-09247	مىڭ پاتمان	headword	1033_2L.png	unverified
D02-09248	مىڭ پارە بولماق	headword	1033_2L.png	unverified
D02-09249	مىڭ پۇشايمان قىلماق	headword	1033_2L.png	unverified
D02-09250	مىڭ تەستە	headword	1033_2L.png	unverified
D02-09251	مىڭ توۋا	headword	1033_2L.png	unverified
D02-09252	مىڭ جاپادا	headword	1033_2L.png	unverified
D02-09253	مىڭ رازى	headword	1033_2L.png	unverified
D02-09254	مىڭ رەھمەت	headword	1033_2L.png	unverified
D02-09255	مىڭ قەتلە	headword	1033_2L.png	unverified
D02-09256	مىڭ قىلسىمۇ	headword	1033_2L.png	unverified
D02-09257	مىڭ قىلغان بىلەن	headword	1034_1R.png	unverified
D02-09258	مىڭلار خانىسى	headword	1034_1R.png	unverified
D02-09259	مىڭ مەرتىۋە	headword	1034_1R.png	unverified
D02-09260	مىڭ مۇشەققەتتە	headword	1034_1R.png	unverified
D02-09261	مىڭ ئۆلۈپ، بىر تىرىلمەك	headword	1034_1R.png	unverified
D02-09262	مىڭئاياغ	headword	1034_1R.png	verified
D02-09263	مىڭەر	headword	1034_1R.png	unverified
D02-09264	مىڭبېشى	headword	1034_1R.png	verified
D02-09265	مىڭبېگى	headword	1034_1R.png	unverified
D02-09266	مىڭپېلەك	headword	1034_1R.png	unverified
D02-09267	مىڭدىۋانە	headword	1034_1R.png	unverified
D02-09268	مىگەن	headword	1034_2L.png	verified
D02-09269	مىڭلاپ	headword	1034_2L.png	unverified
D02-09270	مىڭلاپ-مىڭلاپ	headword	1034_2L.png	unverified
D02-09271	مىڭلارچە	headword	1034_2L.png	unverified
D02-09272	مىڭلىغان	headword	1034_2L.png	unverified
D02-09273	مىڭلىق	headword	1034_2L.png	unverified
D02-09274	مىڭئۆي	headword	1034_2L.png	unverified
D02-09275	مىڭيوپۇرماق	headword	1034_2L.png	unverified
D02-09276	مىل	headword	1034_2L.png	unverified
D02-09278	مىلاد	headword	1034_2L.png	unverified
D02-09279	مىلادىيە	headword	1034_2L.png	unverified
D02-09280	مىلەتمەك	headword	1034_2L.png	unverified
D02-09281	مىلەشتۈرمەك	headword	1034_2L.png	unverified
D02-09282	مىلەشمەك	headword	1034_2L.png	unverified
D02-09284	مىلەڭزىسىز	headword	1034_2L.png	unverified
D02-09285	مىلەڭزىلىك	headword	1034_2L.png	unverified
D02-09286	مىلتىق	headword	1035_1R.png	unverified
D02-09287	مىلتىق دورىسى	headword	1035_1R.png	unverified
D02-09288	مىلتىقسىز	headword	1035_1R.png	unverified
D02-09289	مىلتىقلىق	headword	1035_1R.png	unverified
D02-09290	مىلجىڭ	headword	1035_1R.png	unverified
D02-09291	مىلجىڭلىق	headword	1035_1R.png	unverified
D02-09292	مىلجىڭلىماق	headword	1035_1R.png	unverified
D02-09293	مىللەت	headword	1035_1R.png	unverified
D02-09294	مىللەتپەرۋەر	headword	1035_1R.png	unverified
D02-09295	مىللەتپەرۋەرلىك	headword	1035_1R.png	unverified
D02-09296	مىللەتچى	headword	1035_1R.png	unverified
D02-09297	مىللەتچىلىك	headword	1035_1R.png	unverified
D02-09298	مىللەتشۇناس	headword	1035_1R.png	unverified
D02-09299	مىللەتشۇناسلىق	headword	1035_1R.png	unverified
D02-09300	مىللەتقاراش	headword	1035_1R.png	unverified
D02-09301	مىللەتلىك	headword	1035_2L.png	unverified
D02-09302	مىللىئامپېر	headword	1035_2L.png	verified
D02-09303	مىللىبار	headword	1035_2L.png	unverified
D02-09304	مىللىسېكۇنت	headword	1035_2L.png	unverified
D02-09305	مىللىگىرام	headword	1035_2L.png	verified
D02-09306	مىللىلىتىر	headword	1035_2L.png	unverified
D02-09307	مىللىمېتىر	headword	1035_2L.png	unverified
D02-09308	مىللىمىكرون	headword	1035_2L.png	unverified
D02-09309	مىللىي	headword	1035_2L.png	unverified
D02-09310	مىللىي ئاپتونومىيە	headword	1035_2L.png	unverified
D02-09311	مىللىي ئاپتونومىيە ھوقۇقى	headword	1035_2L.png	unverified
D02-09312	مىللىيەت	headword	1035_2L.png	unverified
D02-09313	مىللىيچە	headword	1035_2L.png	unverified
D02-09314	مىللىيلاشماق	headword	1036_1R.png	verified
D02-09315	مىللىيلىك	headword	1036_1R.png	unverified
D02-09316	مىلىتارىزم	headword	1036_1R.png	unverified
D02-09317	مىلىتارىست	headword	1036_1R.png	unverified
D02-09318	مىلىتارىستلىق	headword	1036_1R.png	unverified
D02-09319	مىلىچ	headword	1036_1R.png	unverified
D02-09320	مىلىچچىدە	headword	1036_1R.png	unverified
D02-09321	مىلىچلاتماق	headword	1036_1R.png	unverified
D02-09322	مىلىچلىماق	headword	1036_1R.png	unverified
D02-09323	مىلىچمال	headword	1036_1R.png	unverified
D02-09324	مىلىچمالچى	headword	1036_1R.png	unverified
D02-09325	مىلىق	headword	1036_1R.png	unverified
D02-09326	مىلىق - سىلىق	headword	1036_1R.png	verified
D02-09327	مىلىققىدە	headword	1036_1R.png	verified
D02-09328	مىلىقلىماق	headword	1036_1R.png	unverified
D02-09329	مىلىق - مىلىق	headword	1036_1R.png	unverified
D02-09330	مىلىك	headword	1036_1R.png	unverified
D02-09331	مىلىمەك	headword	1036_1R.png	unverified
D02-09332	مىليارد	headword	1036_2L.png	unverified
D02-09333	مىلياردلاپ	headword	1036_2L.png	unverified
D02-09334	مىلياردلارچە	headword	1036_2L.png	unverified
D02-09335	مىلياردلىغان	headword	1036_2L.png	verified
D02-09336	مىليون	headword	1036_2L.png	unverified
D02-09337	مىليونلاپ	headword	1036_2L.png	unverified
D02-09338	مىليونلارچە	headword	1036_2L.png	unverified
D02-09339	مىليونلىغان	headword	1036_2L.png	unverified
D02-09340	مىليونېر	headword	1036_2L.png	unverified
D02-09341	مىليونېرلاشتۇرماق	headword	1036_2L.png	unverified
D02-09342	مىليونېرلاشماق	headword	1036_2L.png	unverified
D02-09343	مىليونېرلىق	headword	1036_2L.png	unverified
D02-09344	مىمىكا	headword	1036_2L.png	verified
D02-09345	مىنا	headword	1036_2L.png	unverified
D02-09346	مىنالاتماق	headword	1036_2L.png	unverified
D02-09347	مىنالاشتۇرماق	headword	1036_2L.png	unverified
D02-09348	مىنالاشتۇرۇشماق	headword	1036_2L.png	verified
D02-09349	مىنالاشماق	headword	1037_1R.png	verified
D02-09350	مىنالانماق	headword	1037_1R.png	unverified
D02-09351	مىنالىماق	headword	1037_1R.png	unverified
D02-09352	مىناميوت	headword	1037_1R.png	unverified
D02-09353	مىناميوتچى	headword	1037_1R.png	unverified
D02-09354	مىندۈرمەك	headword	1037_1R.png	unverified
D02-09355	مىنگەشتۈرمەك	headword	1037_1R.png	unverified
D02-09356	مىنگەشتۈرۈلمەك	headword	1037_1R.png	verified
D02-09357	مىنگەشمەك	headword	1037_1R.png	verified
D02-09358	مىنگو	headword	1037_1R.png	verified
D02-09359	مىنمەك	headword	1037_1R.png	verified
D02-09360	مىننەت	headword	1037_1R.png	verified
D02-09361	مىننەتخور	headword	1037_1R.png	unverified
D02-09362	مىننەتخورلۇق	headword	1037_1R.png	unverified
D02-09363	مىننەتدار	headword	1037_1R.png	unverified
D02-09364	مىننەتدارلىق	headword	1037_2L.png	unverified
D02-09365	مىننەتسىز	headword	1037_2L.png	verified
D02-09366	مىنۇت	headword	1037_2L.png	unverified
D02-09367	مىنۇت - سېكۇنت	headword	1037_2L.png	unverified
D02-09368	مىنۇتلاپ	headword	1037_2L.png	unverified
D02-09369	مىنۇتلۇق	headword	1037_2L.png	unverified
D02-09370	مىنۇس	headword	1037_2L.png	unverified
D02-09371	مىنېرال	headword	1037_2L.png	unverified
D02-09372	مىنېرال بۇلاق	headword	1037_2L.png	unverified
D02-09373	مىنېرال پاختا	headword	1037_2L.png	unverified
D02-09374	مىنېراللانماق	headword	1038_1R.png	verified
D02-09375	مىنېراللىق	headword	1038_1R.png	unverified
D02-09376	مىنېرالوگرافىيە	headword	1038_1R.png	unverified
D02-09377	مىنېرالوگىيە	headword	1038_1R.png	unverified
D02-09378	مىنىبۇس	headword	1038_1R.png	unverified
D02-09379	مىنىستىر	headword	1038_1R.png	unverified
D02-09380	مىنىستىرلىق	headword	1038_1R.png	unverified
D02-09381	مىنىشلىك	headword	1038_1R.png	unverified
D02-09382	مىنىشمەك	headword	1038_1R.png	unverified
D02-09383	مىنىمۇم	headword	1038_1R.png	unverified
D02-09384	مىنىمېتىر	headword	1038_1R.png	unverified
D02-09385	مىھلىيا	headword	1038_1R.png	verified
D02-09386	مىھلىيا چاتقىلى	headword	1038_1R.png	verified
D02-09387	مىياڭ	headword	1038_1R.png	unverified
D02-09388	مىياڭلاشماق	headword	1038_2L.png	verified
D02-09389	مىياڭلىماق	headword	1038_2L.png	unverified
D02-09390	مىياڭ-مىياڭ	headword	1038_2L.png	unverified
D02-09391	مىيان	headword	1038_2L.png	unverified
D02-09393	مىيانە	headword	1038_2L.png	unverified
D02-09394	مىيانباز	headword	1038_2L.png	unverified
D02-09395	مىياندۈك	headword	1038_2L.png	unverified
D02-09396	مىيانسال	headword	1038_2L.png	unverified
D02-09397	مىياۋ	headword	1038_2L.png	unverified
D02-09398	مىياۋزۇ	headword	1038_2L.png	unverified
D02-09399	مىياۋزۇچە	headword	1038_2L.png	unverified
D02-09400	مىياۋلاشماق	headword	1038_2L.png	unverified
D02-09401	مىياۋلىماق	headword	1038_2L.png	unverified
D02-09402	مىياۋ-مىياۋ	headword	1038_2L.png	unverified
D02-09403	مىيلىماق	headword	1038_2L.png	unverified
D02-09404	مىيۇ	headword	1038_2L.png	verified
D02-09405	مىيۇ بېلىقى	headword	1038_2L.png	unverified
D02-09406	مىيۇئون	headword	1038_2L.png	unverified
D02-09407	مىيىق	headword	1038_2L.png	unverified
D02-09408	نائەھلىي	headword	1039_1R.png	verified
D02-09409	نائەھلىيلىك	headword	1039_1R.png	unverified
D02-09410	ناباب	headword	1039_1R.png	unverified
D02-09411	نابابلىق	headword	1039_1R.png	unverified
D02-09412	ناباتات	headword	1039_1R.png	unverified
D02-09413	نابور	headword	1039_1R.png	unverified
D02-09414	نابورچىك	headword	1039_1R.png	verified
D02-09415	نابورچىكلىك	headword	1039_1R.png	verified
D02-09416	نابۇت	headword	1039_1R.png	unverified
D02-09417	نابۇتلۇق	headword	1039_1R.png	unverified
D02-09418	نابىگار	headword	1039_1R.png	unverified
D02-09419	ناپاك	headword	1039_1R.png	unverified
D02-09420	ناپاكلىق	headword	1039_2L.png	unverified
D02-09421	ناتايىن	headword	1039_2L.png	unverified
D02-09422	ناترولىت	headword	1039_2L.png	unverified
D02-09423	ناترىي	headword	1039_2L.png	unverified
D02-09424	ناترىيلىق	headword	1039_2L.png	unverified
D02-09425	ناتسىست	headword	1039_2L.png	unverified
D02-09426	ناتسىستىزم	headword	1039_2L.png	unverified
D02-09427	ناتوغرا	headword	1039_2L.png	unverified
D02-09428	ناتوغرىلىق	headword	1039_2L.png	unverified
D02-09429	ناتونۇش	headword	1039_2L.png	unverified
D02-09430	ناتونۇشلۇق	headword	1039_2L.png	unverified
D02-09431	ناتۇرا	headword	1039_2L.png	unverified
D02-09432	ناتۇرال	headword	1040_1R.png	unverified
D02-09433	ناتۇرالىزم	headword	1040_1R.png	unverified
D02-09434	ناتۇرالىزمچى	headword	1040_1R.png	unverified
D02-09435	ناتۇرالىزملىق	headword	1040_1R.png	unverified
D02-09436	ناتۇرىزم	headword	1040_1R.png	unverified
D02-09437	ناتىق	headword	1040_1R.png	unverified
D02-09438	ناتىقلاشتۇرماق	headword	1040_1R.png	unverified
D02-09439	ناتىقلاشماق	headword	1040_1R.png	unverified
D02-09440	ناتىقلىق	headword	1040_1R.png	unverified
D02-09441	ناتىنچ	headword	1040_1R.png	unverified
D02-09442	ناتىۋان	headword	1040_1R.png	unverified
D02-09443	ناتىۋانلىق	headword	1040_1R.png	unverified
D02-09444	ناتىيىن	headword	1040_1R.png	unverified
D02-09445	ناجاڭ	headword	1040_1R.png	verified
D02-09446	ناجىنس	headword	1040_1R.png	unverified
D02-09447	ناچا	headword	1040_1R.png	unverified
D02-09448	ناچار	headword	1040_2L.png	unverified
D02-09449	ناچارلاشماق	headword	1040_2L.png	unverified
D02-09450	ناچارلىق	headword	1040_2L.png	unverified
D02-09451	ناچارلىماق	headword	1040_2L.png	unverified
D02-09452	ناخشا	headword	1040_2L.png	unverified
D02-09453	ناخشا-ئۇسسۇل	headword	1040_2L.png	unverified
D02-09454	ناخشىچى	headword	1040_2L.png	unverified
D02-09455	ناخشىچىلىق	headword	1040_2L.png	unverified
D02-09456	ناخشىسىز	headword	1040_2L.png	unverified
D02-09457	ناخشىكەش	headword	1040_2L.png	unverified
D02-09458	ناخشىكەشلىك	headword	1040_2L.png	unverified
D02-09459	ناخشىلىق	headword	1040_2L.png	unverified
D02-09460	ناخۇش	headword	1040_2L.png	verified
D02-09461	ناخۇن	headword	1040_2L.png	unverified
D02-09462	ناخۇنلىماق	headword	1040_2L.png	unverified
D02-09463	نادامەت	headword	1040_2L.png	unverified
D02-09464	نادامەتلىك	headword	1040_2L.png	unverified
D02-09465	نادان	headword	1041_1R.png	unverified
D02-09466	نادانلارچە	headword	1041_1R.png	unverified
D02-09467	نادانلاشتۇرماق	headword	1041_1R.png	unverified
D02-09468	نادانلاشماق	headword	1041_1R.png	unverified
D02-09469	نادانلىق	headword	1041_1R.png	unverified
D02-09470	نادىر	headword	1041_1R.png	unverified
D02-09471	نار	headword	1041_1R.png	unverified
D02-09472	نارازى	headword	1041_1R.png	unverified
D02-09473	نارازىلىق	headword	1041_1R.png	unverified
D02-09474	نارەسىدە	headword	1041_1R.png	unverified
D02-09475	نارەنجى	headword	1041_1R.png	unverified
D02-09476	نارزان	headword	1041_1R.png	unverified
D02-09477	ناركوتىك	headword	1041_1R.png	unverified
D02-09478	ناركوز	headword	1041_1R.png	unverified
D02-09479	ناركوزچى	headword	1041_1R.png	unverified
D02-09480	ناركوزچىلىق	headword	1041_2L.png	unverified
D02-09481	ناركوزلاتماق	headword	1041_2L.png	unverified
D02-09482	ناركوزلاشماق	headword	1041_2L.png	unverified
D02-09483	ناركوزلانماق	headword	1041_2L.png	unverified
D02-09484	ناركوزلىماق	headword	1041_2L.png	unverified
D02-09485	ناز	headword	1041_2L.png	unverified
D02-09486	نازارەت	headword	1041_2L.png	unverified
D02-09487	نازارەتچى	headword	1041_2L.png	unverified
D02-09488	نازارەتچىلىك	headword	1041_2L.png	unverified
D02-09489	نازاكەت	headword	1041_2L.png	unverified
D02-09490	نازاكەتسىز	headword	1041_2L.png	unverified
D02-09491	نازاكەتلىك	headword	1041_2L.png	unverified
D02-09492	نازغىتماق	headword	1041_2L.png	unverified
D02-09493	نازغىتىشماق	headword	1041_2L.png	unverified
D02-09494	نازغىماق	headword	1041_2L.png	unverified
D02-09495	ناز - كەرەشمە	headword	1041_2L.png	verified
D02-09496	نازلانماق	headword	1041_2L.png	unverified
D02-09497	نازلىق	headword	1042_1R.png	unverified
D02-09498	نازلىماق	headword	1042_1R.png	unverified
D02-09499	نازلىنىشماق	headword	1042_1R.png	unverified
D02-09500	ناز - نېمەت	headword	1042_1R.png	verified
D02-09501	نازۇك	headword	1042_1R.png	unverified
D02-09502	نازۇكەرەشمە	headword	1042_1R.png	unverified
D02-09503	نازۇكلاشتۇرماق	headword	1042_1R.png	unverified
D02-09504	نازۇكلاشماق	headword	1042_1R.png	unverified
D02-09505	نازۇكلۇق	headword	1042_1R.png	unverified
D02-09506	نازۇنېمەت	headword	1042_1R.png	unverified
D02-09507	نازىر	headword	1042_1R.png	unverified
D02-09508	نازىركۇم	headword	1042_1R.png	verified
D02-09509	نازىرلىق	headword	1042_2L.png	unverified
D02-09510	نازىگۈل	headword	1042_2L.png	unverified
D02-09511	نازىل	headword	1042_2L.png	unverified
D02-09512	نازىنىن	headword	1042_2L.png	unverified
D02-09513	ناس	headword	1042_2L.png	unverified
D02-09514	ناسارا	headword	1042_2L.png	unverified
D02-09515	ناسكى	headword	1042_2L.png	unverified
D02-09516	ناسناس	headword	1042_2L.png	unverified
D02-09517	ناسوس	headword	1042_2L.png	unverified
D02-09518	ناسۋال	headword	1042_2L.png	unverified
D02-09519	ناسۋال قاپاق	headword	1042_2L.png	unverified
D02-09520	ناسۋالچى	headword	1042_2L.png	unverified
D02-09521	ناسۋالچىلىق	headword	1042_2L.png	unverified
D02-09522	ناشاد	headword	1042_2L.png	unverified
D02-09523	ناشايان	headword	1042_2L.png	unverified
D02-09524	ناشتا	headword	1042_2L.png	unverified
D02-09525	ناشتا ـ ناها	headword	1043_1R.png	verified
D02-09526	ناشتىسىز	headword	1043_1R.png	verified
D02-09527	ناشتىلىق	headword	1043_1R.png	unverified
D02-09528	ناشپەكەر	headword	1043_1R.png	unverified
D02-09529	ناشى	headword	1043_1R.png	unverified
D02-09530	ناغرا	headword	1043_1R.png	unverified
D02-09531	ناغرا - دۇمباق	headword	1043_1R.png	unverified
D02-09532	ناغرا - سۇناي	headword	1043_1R.png	unverified
D02-09533	ناغرا - كاناي	headword	1043_1R.png	unverified
D02-09534	ناغرىچى	headword	1043_1R.png	unverified
D02-09535	ناغرىخانا	headword	1043_1R.png	unverified
D02-09536	نافتالىن	headword	1043_1R.png	unverified
D02-09537	ناقابىل	headword	1043_1R.png	unverified
D02-09538	ناقابىللىق	headword	1043_1R.png	unverified
D02-09539	ناقايىل	headword	1043_1R.png	unverified
D02-09540	ناقايىللىق	headword	1043_1R.png	unverified
D02-09541	ناقولاي	headword	1043_2L.png	unverified
D02-09542	ناقولايلىق	headword	1043_2L.png	unverified
D02-09543	ناكار	headword	1043_2L.png	unverified
D02-09544	ناكارلاشماق	headword	1043_2L.png	unverified
D02-09545	ناكارلىق	headword	1043_2L.png	verified
D02-09546	ناكەس	headword	1043_2L.png	unverified
D02-09547	ناكەسلىك	headword	1043_2L.png	unverified
D02-09548	ناگان	headword	1043_2L.png	unverified
D02-09550	ناگاندا	headword	1043_2L.png	unverified
D02-09551	ناگان-ناگاندا	headword	1043_2L.png	unverified
D02-09552	ناگاھ	headword	1043_2L.png	verified
D02-09553	ناگىرىم	headword	1043_2L.png	unverified
D02-09554	ناگىلا	headword	1043_2L.png	unverified
D02-09555	نال	headword	1043_2L.png	unverified
D02-09556	نالايىق	headword	1043_2L.png	unverified
D02-09557	نالە	headword	1043_2L.png	unverified
D02-09558	نالە-پەرياد	headword	1044_1R.png	unverified
D02-09559	نالە-پىغان	headword	1044_1R.png	unverified
D02-09560	نالە-زار	headword	1044_1R.png	unverified
D02-09561	نالەش	headword	1044_1R.png	unverified
D02-09562	ناللىق	headword	1044_1R.png	unverified
D02-09563	نالىلىق	headword	1044_1R.png	verified
D02-09564	نام	headword	1044_1R.png	unverified
D02-09565	نام كۆتۈرمەك	headword	1044_1R.png	unverified
D02-09565-v1	ئات كۆتۈرمەك	variant	1044_1R.png	unverified
D02-09566	نامى ئۇلۇغ، سۈپرىسى قۇرۇق	headword	1044_1R.png	verified
D02-09566-v1	ئېتى ئۇلۇغ، سۇپرىسى قۇرۇق	variant	1044_1R.png	verified
D02-09567	نام-ئابرۇي	headword	1044_1R.png	unverified
D02-09568	نام-ئاتاق	headword	1044_1R.png	unverified
D02-09569	ناماتمان	headword	1044_1R.png	unverified
D02-09570	نامارغۇ	headword	1044_1R.png	unverified
D02-09571	ناماز	headword	1044_1R.png	unverified
D02-09572	ناماز چۈشۈرمەك	headword	1044_1R.png	unverified
D02-09573	نامازدىگەر	headword	1044_2L.png	unverified
D02-09573-v1	دىگەر	variant	1044_2L.png	unverified
D02-09574	نامازشام	headword	1044_2L.png	unverified
D02-09574-v1	شام I	variant	1044_2L.png	unverified
D02-09575	نامازخان	headword	1044_2L.png	unverified
D02-09576	نامازسىز	headword	1044_2L.png	unverified
D02-09577	نامازشامگۈل	headword	1044_2L.png	unverified
D02-09578	نامازگاھ	headword	1044_2L.png	unverified
D02-09579	ناماقۇل	headword	1044_2L.png	unverified
D02-09580	ناماقۇللۇق	headword	1044_2L.png	unverified
D02-09581	نامايان	headword	1044_2L.png	unverified
D02-09582	نامايەندە	headword	1044_2L.png	unverified
D02-09583	نامايەندىلەنمەك	headword	1044_2L.png	unverified
D02-09584	نامايەندىلىك	headword	1044_2L.png	unverified
D02-09585	نامايىش	headword	1045_1R.png	unverified
D02-09586	نامايىشچى	headword	1045_1R.png	unverified
D02-09587	نامايىشكار	headword	1045_1R.png	unverified
D02-09588	نامايىشكارانە	headword	1045_1R.png	unverified
D02-09589	نامە	headword	1045_1R.png	unverified
D02-09590	نامەرد	headword	1045_1R.png	unverified
D02-09591	نامەردلىك	headword	1045_1R.png	unverified
D02-09592	نامەلۇم	headword	1045_1R.png	unverified
D02-09593	نامەلۇم سان	headword	1045_1R.png	verified
D02-09594	نامەلۇملۇق	headword	1045_1R.png	unverified
D02-09595	نام-ئەمەل	headword	1045_1R.png	unverified
D02-09596	نامەھرەم	headword	1045_1R.png	unverified
D02-09597	نامەھرەملىك	headword	1045_1R.png	unverified
D02-09598	نامچىلىق	headword	1045_2L.png	unverified
D02-09599	نامدار	headword	1045_2L.png	unverified
D02-09600	نامداش	headword	1045_2L.png	unverified
D02-09601	نامرات	headword	1045_2L.png	unverified
D02-09602	نامراتچىلىق	headword	1045_2L.png	unverified
D02-09603	نامراتلاشتۇرۇشماق	headword	1045_2L.png	verified
D02-09604	نامراتلاشتۇرۇلماق	headword	1045_2L.png	unverified
D02-09605	نامراتلاشماق	headword	1045_2L.png	unverified
D02-09606	نامراتلىق	headword	1045_2L.png	unverified
D02-09607	نامزات	headword	1045_2L.png	unverified
D02-09608	نامزاتلىق	headword	1045_2L.png	unverified
D02-09609	نامسىز	headword	1045_2L.png	unverified
D02-09610	نام - شەرەپ	headword	1045_2L.png	unverified
D02-09611	نام - شۆھرەت	headword	1045_2L.png	unverified
D02-09612	نام ـ نەسەب	headword	1045_2L.png	verified
D02-09613	نام - نىشان	headword	1046_1R.png	unverified
D02-09614	نام - نىشانسىز	headword	1046_1R.png	unverified
D02-09615	نامۇئەمەل	headword	1046_1R.png	verified
D02-09615-v1	نام - ئەمەل	variant	1046_1R.png	verified
D02-09616	نامۇزۇن	headword	1046_1R.png	verified
D02-09617	نامۇشەرىپ	headword	1046_1R.png	verified
D02-09618	نامۇنەسەب	headword	1046_1R.png	unverified
D02-09618-v1	نام - نەسەب	variant	1046_1R.png	unverified
D02-09619	نامۇنتىزىم	headword	1046_1R.png	unverified
D02-09620	نامۇنتىزىملىق	headword	1046_1R.png	unverified
D02-09621	نامۇنىشان	headword	1046_1R.png	unverified
D02-09622	نامۇۋاپىق	headword	1046_1R.png	unverified
D02-09623	نامۇۋاپىقلىق	headword	1046_1R.png	unverified
D02-09624	نامى	headword	1046_1R.png	unverified
D02-09625	نان	headword	1046_1R.png	unverified
D02-09626	نان بەرگەن قولنى چىشلىمەك	headword	1046_1R.png	unverified
D02-09626-v1	تۇزىنى يەپ، تۇزلۇقىنى چاقماق	variant	1046_1R.png	unverified
D02-09627	نان تەگمەك	headword	1046_1R.png	unverified
D02-09628	نان تېپىپ يېمەك	headword	1046_2L.png	unverified
D02-09629	نان دەسسەپ بەرمەك	headword	1046_2L.png	unverified
D02-09630	نان قېپى	headword	1046_2L.png	unverified
D02-09631	نان كور	headword	1046_2L.png	unverified
D02-09632	نان كورلۇق	headword	1046_2L.png	unverified
D02-09633	ناننىمۇ ئوڭلاپ يېيەلمەيدىغان	headword	1046_2L.png	unverified
D02-09634	نان ئۇرسۇن	headword	1046_2L.png	unverified
D02-09635	نېنى پۈتۈن	headword	1046_2L.png	verified
D02-09636	نېنىنى يېمەك	headword	1046_2L.png	unverified
D02-09637	نانپاراق	headword	1046_2L.png	unverified
D02-09638	نانتاختا	headword	1046_2L.png	unverified
D02-09638-v1	پەشخۇن	variant	1046_2L.png	unverified
D02-09639	نان-توقاچ	headword	1046_2L.png	unverified
D02-09640	نانجىگدە	headword	1046_2L.png	unverified
D02-09641	نانچۆپ	headword	1046_2L.png	unverified
D02-09642	نانچىلىق	headword	1047_1R.png	unverified
D02-09643	نانخور	headword	1047_1R.png	unverified
D02-09644	ناندەرىخى	headword	1047_1R.png	unverified
D02-09645	ناندىنا	headword	1047_1R.png	verified
D02-09646	ناندىنا چاتقىلى	headword	1047_1R.png	verified
D02-09647	نانسىز	headword	1047_1R.png	unverified
D02-09648	نانقايناق	headword	1047_1R.png	verified
D02-09649	نانئوشتا	headword	1047_1R.png	unverified
D02-09650	ناھار	headword	1047_1R.png	unverified
D02-09651	ناھان	headword	1047_1R.png	unverified
D02-09652	ناھايەت	headword	1047_1R.png	unverified
D02-09653	ناھايىتى	headword	1047_1R.png	unverified
D02-09654	ناھەق	headword	1047_1R.png	unverified
D02-09655	ناھەقچىلىك	headword	1047_1R.png	unverified
D02-09656	ناھەقلىق	headword	1047_2L.png	unverified
D02-09657	ناھەقىقەت	headword	1047_2L.png	unverified
D02-09658	ناھىيە	headword	1047_2L.png	unverified
D02-09659	ناھىيەلىك	headword	1047_2L.png	unverified
D02-09660	نائۇستا	headword	1047_2L.png	unverified
D02-09661	نائۇستىلىق	headword	1047_2L.png	unverified
D02-09662	نائۇشنىك	headword	1047_2L.png	unverified
D02-09663	نائۈمىد	headword	1047_2L.png	unverified
D02-09664	نائۈمىد شەيتان	headword	1047_2L.png	unverified
D02-09665	نائۈمىدلىك	headword	1047_2L.png	unverified
D02-09666	ناۋا	headword	1047_2L.png	unverified
D02-09668	ناۋات	headword	1047_2L.png	unverified
D02-09669	ناۋاتتەك	headword	1048_1R.png	unverified
D02-09670	ناۋاتچى	headword	1048_1R.png	unverified
D02-09671	ناۋاتچىلىق	headword	1048_1R.png	unverified
D02-09672	ناۋادا	headword	1048_1R.png	unverified
D02-09673	ناۋازىش	headword	1048_1R.png	unverified
D02-09674	ناۋاكەش	headword	1048_1R.png	unverified
D02-09675	ناۋاكەشلىك	headword	1048_1R.png	unverified
D02-09676	ناۋالىق	headword	1048_1R.png	unverified
D02-09678	ناۋاي	headword	1048_1R.png	unverified
D02-09679	ناۋايەت	headword	1048_1R.png	unverified
D02-09680	ناۋايخانا	headword	1048_1R.png	unverified
D02-09681	ناۋايلىق	headword	1048_1R.png	unverified
D02-09682	نائېنىق	headword	1048_1R.png	unverified
D02-09683	نائىب	headword	1048_1R.png	unverified
D02-09684	نائىبلىق	headword	1048_2L.png	unverified
D02-09685	نائىل	headword	1048_2L.png	verified
D02-09686	نائىلاج	headword	1048_2L.png	unverified
D02-09687	نائىلاجلىق	headword	1048_2L.png	unverified
D02-09688	نائىنساب	headword	1048_2L.png	verified
D02-09689	نائىنسابلىق	headword	1048_2L.png	unverified
D02-09690	نايرا	headword	1048_2L.png	unverified
D02-09691	نايمان	headword	1048_2L.png	unverified
D02-09692	نايناق	headword	1048_2L.png	unverified
D02-09693	نايناقلاتماق	headword	1048_2L.png	verified
D02-09694	نايناقلاشماق	headword	1048_2L.png	verified
D02-09695	نايناقلىق	headword	1048_2L.png	verified
D02-09696	نايناقلىماق	headword	1048_2L.png	verified
D02-09697	ناينىناڭ	headword	1048_2L.png	verified
D02-09698	نە	headword	1048_2L.png	unverified
D02-09699	نە چاغ	headword	1048_2L.png	verified
D02-09700	نە زامان	headword	1049_1R.png	verified
D02-09701	نە قەدەر	headword	1049_1R.png	unverified
D02-09702	نە كەم	headword	1049_1R.png	verified
D02-09703	نە ۋاقىت	headword	1049_1R.png	verified
D02-09706	نەبى	headword	1049_1R.png	unverified
D02-09707	نەپ	headword	1049_1R.png	unverified
D02-09708	نەپ ئالماق	headword	1049_1R.png	unverified
D02-09709	نەپ بەرمەك	headword	1049_1R.png	unverified
D02-09710	نەپ تەگمەك	headword	1049_1R.png	unverified
D02-09711	نەپ چىقماق	headword	1049_1R.png	unverified
D02-09712	نەپ ئۈندۈرمەك	headword	1049_1R.png	unverified
D02-09713	نەپ يۇقماق	headword	1049_1R.png	unverified
D02-09714	نەپەر	headword	1049_1R.png	unverified
D02-09715	نەپەس	headword	1049_1R.png	unverified
D02-09716	نەپىسىنى راسلىماق	headword	1049_2L.png	verified
D02-09717	نەپىسنى ئىچىگە يۇتماق	headword	1049_2L.png	verified
D02-09717-v1	دېمىنى ئىچىگە يۇتماق	variant	1049_2L.png	verified
D02-09718	نەپىسى ئىچىگە چۈشۈپ كەتمەك	headword	1049_2L.png	verified
D02-09718-v1	دېمى ئىچىگە چۈشۈپ كەتمەك	variant	1049_2L.png	verified
D02-09719	نەپەسداش	headword	1049_2L.png	unverified
D02-09720	نەپەسسىز	headword	1049_2L.png	unverified
D02-09721	نەپەسلەندۈرمەك	headword	1049_2L.png	unverified
D02-09722	نەپەسلەندۈرۈشمەك	headword	1049_2L.png	unverified
D02-09723	نەپەسلەنمەك	headword	1049_2L.png	unverified
D02-09724	نەپەسلىك	headword	1049_2L.png	unverified
D02-09725	نەپرەت	headword	1049_2L.png	unverified
D02-09726	نەپرەتلەندۈرمەك	headword	1049_2L.png	unverified
D02-09727	نەپرەتلەندۈرۈلمەك	headword	1049_2L.png	unverified
D02-09728	نەپرەتلەنمەك	headword	1049_2L.png	unverified
D02-09729	نەپرەتلىك	headword	1049_2L.png	unverified
D02-09730	نەپرەتلىنىشمەك	headword	1049_2L.png	unverified
D02-09731	نەپس	headword	1049_2L.png	unverified
D02-09732	نەپسى بالانى يەيدىغان	headword	1050_1R.png	verified
D02-09733	نەپسى تاقىللىماق	headword	1050_1R.png	unverified
D02-09734	نەپسىگە ئامراق	headword	1050_1R.png	unverified
D02-09735	نەپسىگە بالا تەگكۈر	headword	1050_1R.png	unverified
D02-09736	نەپسىگە ئوت كەتمەك	headword	1050_1R.png	unverified
D02-09737	نەپسى يوغىنىماق	headword	1050_1R.png	unverified
D02-09738	نەپسانىي	headword	1050_1R.png	unverified
D02-09739	نەپسانىيەت	headword	1050_1R.png	unverified
D02-09740	نەپسانىيەتچى	headword	1050_1R.png	unverified
D02-09741	نەپسانىيەتچىلىك	headword	1050_1R.png	unverified
D02-09742	نەپسانىيەتلىك	headword	1050_1R.png	unverified
D02-09743	نەپسىز	headword	1050_1R.png	unverified
D02-09744	نەپسىگەر	headword	1050_1R.png	unverified
D02-09745	نەپسىگەرلىك	headword	1050_1R.png	unverified
D02-09746	نەپلىك	headword	1050_1R.png	unverified
D02-09747	نەپىس	headword	1050_1R.png	unverified
D02-09748	نەپىسلەشتۈرمەك	headword	1050_1R.png	unverified
D02-09749	نەپىسلەشمەك	headword	1050_2L.png	unverified
D02-09750	نەپىسلىك	headword	1050_2L.png	unverified
D02-09751	نەپىقە	headword	1050_2L.png	unverified
D02-09752	نەتىجە	headword	1050_2L.png	unverified
D02-09753	نەتىجىدە	headword	1050_2L.png	unverified
D02-09754	نەتىجىسىز	headword	1050_2L.png	unverified
D02-09755	نەتىجىلەنمەك	headword	1050_2L.png	unverified
D02-09756	نەتىجىلىك	headword	1050_2L.png	unverified
D02-09757	نەچە	headword	1050_2L.png	verified
D02-09758	نەچچە	headword	1050_2L.png	unverified
D02-09759	نەچچە جېنىڭ بار	headword	1050_2L.png	unverified
D02-09760	نەچچە قاپاق پىششىقى بار	headword	1051_1R.png	verified
D02-09761	نەچچە ئۈجمە پىششىقى بار	headword	1051_1R.png	unverified
D02-09762	نەچچە - نەچچە	headword	1051_1R.png	unverified
D02-09763	نەچچەيلەن	headword	1051_1R.png	unverified
D02-09764	نەچچىلەپ	headword	1051_1R.png	unverified
D02-09765	نەچچىلىك	headword	1051_1R.png	unverified
D02-09766	نەچچىلىگەن	headword	1051_1R.png	unverified
D02-09767	نەچچىنچى	headword	1051_1R.png	unverified
D02-09768	نەچچىنچىلىك	headword	1051_1R.png	unverified
D02-09769	نەخشىۋەن	headword	1051_1R.png	verified
D02-09770	نەخكەش	headword	1051_1R.png	unverified
D02-09771	نەدە	headword	1051_1R.png	unverified
D02-09772	نەدىكى	headword	1051_1R.png	unverified
D02-09773	نەدىكىنى	headword	1051_1R.png	unverified
D02-09774	نەرە	headword	1051_1R.png	unverified
D02-09775	نەرە تارتماق	headword	1051_1R.png	unverified
D02-09776	نەرخ	headword	1051_1R.png	unverified
D02-09777	نەرخ - ھاۋا	headword	1051_1R.png	unverified
D02-09778	نەرسە	headword	1051_1R.png	unverified
D02-09779	نەرسە-كېرەك	headword	1051_2L.png	unverified
D02-09780	نەرسىلەشتۈرۈش	headword	1051_2L.png	verified
D02-09781	نەرگىسگۈل	headword	1051_2L.png	unverified
D02-09782	نەزەر	headword	1051_2L.png	unverified
D02-09783	نەزەر ئاغدۇرماق	headword	1051_2L.png	unverified
D02-09784	نەزەر تاشلىماق	headword	1051_2L.png	unverified
D02-09785	نەزەردە تۇتماق	headword	1051_2L.png	unverified
D02-09786	نەزەردىن ساقىت قىلماق	headword	1051_2L.png	unverified
D02-09787	نەزەر كۆزىنى سالماسلىق	headword	1051_2L.png	unverified
D02-09788	نەزەرگە ئالماق	headword	1051_2L.png	unverified
D02-09789	نەزەرگە سىغماسلىق	headword	1051_2L.png	unverified
D02-09790	نەزەردىن چۈشمەك	headword	1051_2L.png	unverified
D02-09791	نەزەربەند	headword	1052_1R.png	verified
D02-09792	نەزەرسىز	headword	1052_1R.png	unverified
D02-09793	نەزەر-گۈزەر	headword	1052_1R.png	unverified
D02-09794	نەزەرلىك	headword	1052_1R.png	unverified
D02-09795	نەزەرىيە	headword	1052_1R.png	unverified
D02-09796	نەزەرىيەچى	headword	1052_1R.png	unverified
D02-09797	نەزەرىيەسىز	headword	1052_1R.png	unverified
D02-09798	نەزەرىيەلەشتۈرمەك	headword	1052_1R.png	unverified
D02-09799	نەزەرىيەلەشتۈرۈشمەك	headword	1052_1R.png	unverified
D02-09800	نەزەرىيەلەشتۈرۈلمەك	headword	1052_1R.png	unverified
D02-09801	نەزەرىيەلىك	headword	1052_2L.png	verified
D02-09802	نەزەرىيەۋاز	headword	1052_2L.png	unverified
D02-09803	نەزەرىيەۋازلىق	headword	1052_2L.png	unverified
D02-09804	نەزەرىيەۋى	headword	1052_2L.png	unverified
D02-09805	نەزم	headword	1052_2L.png	unverified
D02-09806	نەزمسىز	headword	1052_2L.png	verified
D02-09807	نەزمشۇناس	headword	1052_2L.png	unverified
D02-09808	نەزمشۇناسلىق	headword	1052_2L.png	unverified
D02-09809	نەزمكەش	headword	1052_2L.png	unverified
D02-09810	نەزمكەشلىك	headword	1052_2L.png	unverified
D02-09811	نەزملەشتۈرمەك	headword	1052_2L.png	unverified
D02-09812	نەزملەشتۈرۈشمەك	headword	1052_2L.png	unverified
D02-09813	نەزملەشتۈرۈلمەك	headword	1052_2L.png	unverified
D02-09814	نەزملەشمەك	headword	1052_2L.png	unverified
D02-09815	نەزملىك	headword	1052_2L.png	unverified
D02-09816	نەزمىي	headword	1053_1R.png	verified
D02-09817	نەزىر	headword	1053_1R.png	unverified
D02-09818	نەزىرە	headword	1053_1R.png	unverified
D02-09819	نەزىر-چىراغ	headword	1053_1R.png	unverified
D02-09820	نەزىر-نىياز	headword	1053_1R.png	unverified
D02-09821	نەس	headword	1053_1R.png	unverified
D02-09823	نەس باسماق	headword	1053_1R.png	unverified
D02-09824	نەسەب	headword	1053_1R.png	unverified
D02-09825	نەسەبچىلىك	headword	1053_1R.png	unverified
D02-09826	نەسەبسىز	headword	1053_1R.png	unverified
D02-09827	نەسەبشۇناس	headword	1053_1R.png	unverified
D02-09828	نەسەبشۇناسلىق	headword	1053_1R.png	unverified
D02-09829	نەسەبلىك	headword	1053_1R.png	unverified
D02-09830	نەسەبنامە	headword	1053_1R.png	unverified
D02-09831	نەسر	headword	1053_1R.png	unverified
D02-09832	نەسرچى	headword	1053_1R.png	unverified
D02-09833	نەسرچىلىك	headword	1053_2L.png	unverified
D02-09834	نەسرىي	headword	1053_2L.png	unverified
D02-09835	نەسرىي شېئىر	headword	1053_2L.png	unverified
D02-09836	نەسلىك	headword	1053_2L.png	verified
D02-09837	نەسلى - ۋەسلى	headword	1053_2L.png	unverified
D02-09838	نەسىل	headword	1053_2L.png	verified
D02-09839	نەسىلچىلىك	headword	1053_2L.png	verified
D02-09840	نەسىلداش	headword	1053_2L.png	verified
D02-09841	نەسىلداشلىق	headword	1053_2L.png	verified
D02-09842	نەسىلسىز	headword	1053_2L.png	verified
D02-09843	نەسىلسىزلىك	headword	1053_2L.png	verified
D02-09844	نەسىللەندۈرمەك	headword	1053_2L.png	verified
D02-09845	نەسىللەندۈرۈشمەك	headword	1053_2L.png	verified
D02-09846	نەسىللىنىش	headword	1054_1R.png	verified
D02-09847	نەسىللىك	headword	1054_1R.png	unverified
D02-09848	نەسىھەت	headword	1054_1R.png	unverified
D02-09849	نەسىھەتچى	headword	1054_1R.png	unverified
D02-09850	نەسىھەتچىلىك	headword	1054_1R.png	unverified
D02-09851	نەسىھەتگۇي	headword	1054_1R.png	verified
D02-09852	نەسىھەتگۇيلۇق	headword	1054_1R.png	verified
D02-09853	نەسىھەتنامە	headword	1054_1R.png	unverified
D02-09854	نەشە	headword	1054_1R.png	unverified
D02-09855	نەشپۈت	headword	1054_1R.png	unverified
D02-09856	نەشپۈتچى	headword	1054_1R.png	unverified
D02-09857	نەشپۈتچىلىك	headword	1054_1R.png	unverified
D02-09858	نەشپۈتزار	headword	1054_1R.png	unverified
D02-09859	نەشپۈتزارلىق	headword	1054_1R.png	unverified
D02-09860	نەشپۈتلۈك	headword	1054_1R.png	unverified
D02-09861	نەشتەر	headword	1054_2L.png	verified
D02-09862	نەشتىرىنى سانجىماق	headword	1054_2L.png	unverified
D02-09863	نەشتەرلەنمەك	headword	1054_2L.png	unverified
D02-09864	نەشتەرلىمەك	headword	1054_2L.png	unverified
D02-09865	نەشر	headword	1054_2L.png	unverified
D02-09866	نەشرىيات	headword	1054_2L.png	unverified
D02-09867	نەشرىياتچى	headword	1054_2L.png	unverified
D02-09868	نەشرىياتچىلىق	headword	1054_2L.png	unverified
D02-09869	نەشىخور	headword	1054_2L.png	verified
D02-09870	نەشىخورلۇق	headword	1054_2L.png	verified
D02-09871	نەشىكەش	headword	1054_2L.png	verified
D02-09872	نەغەزگۈل	headword	1054_2L.png	unverified
D02-09873	نەغمە	headword	1054_2L.png	unverified
D02-09874	نەغمە - ناۋا	headword	1054_2L.png	unverified
D02-09875	نەغمىچى	headword	1054_2L.png	unverified
D02-09876	نەغمىچىلىك	headword	1054_2L.png	unverified
D02-09877	نەغمىكەش	headword	1054_2L.png	unverified
D02-09878	نەغمىلىك	headword	1054_2L.png	unverified
D02-09879	نەق	headword	1055_1R.png	unverified
D02-09880	نەق پۇل	headword	1055_1R.png	unverified
D02-09881	نەق چوت	headword	1055_1R.png	unverified
D02-09882	نەق گەپ	headword	1055_1R.png	unverified
D02-09883	نەق مال	headword	1055_1R.png	unverified
D02-09884	نەق مەيدان	headword	1055_1R.png	unverified
D02-09885	نەقدانە	headword	1055_1R.png	unverified
D02-09886	نەقرات	headword	1055_1R.png	unverified
D02-09887	نەققاش	headword	1055_1R.png	unverified
D02-09888	نەققاشچىلىق	headword	1055_1R.png	unverified
D02-09889	نەققاشلىق	headword	1055_1R.png	unverified
D02-09890	نەقلەشتۈرمەك	headword	1055_1R.png	unverified
D02-09891	نەقلەشتۈرۈشمەك	headword	1055_1R.png	unverified
D02-09892	نەقلەشتۈرۈلمەك	headword	1055_1R.png	unverified
D02-09893	نەقلەشمەك	headword	1055_1R.png	unverified
D02-09894	نەقلەن	headword	1055_1R.png	unverified
D02-09895	نەقلەنمەك	headword	1055_2L.png	unverified
D02-09896	نەقلىمەك	headword	1055_2L.png	unverified
D02-09897	نەقلىيات	headword	1055_2L.png	unverified
D02-09898	نەقمۇنەق	headword	1055_2L.png	unverified
D02-09899	نەق - نېسى	headword	1055_2L.png	unverified
D02-09900	نەقىش	headword	1055_2L.png	unverified
D02-09901	نەقىشبەندى	headword	1055_2L.png	unverified
D02-09902	نەقىشچى	headword	1055_2L.png	unverified
D02-09903	نەقىشلەتمەك	headword	1055_2L.png	unverified
D02-09904	نەقىشلەنمەك	headword	1055_2L.png	unverified
D02-09905	نەقىشلىك	headword	1055_2L.png	unverified
D02-09906	نەقىشلىمەك	headword	1055_2L.png	unverified
D02-09907	نەقىل	headword	1055_2L.png	unverified
D02-09908	نەلىك	headword	1055_2L.png	unverified
D02-09909	نەلىن	headword	1055_2L.png	unverified
D02-09910	نەم	headword	1055_2L.png	unverified
D02-09911	نەمتېپە	headword	1056_1R.png	unverified
D02-09912	نەمخۇش	headword	1056_1R.png	unverified
D02-09913	نەمدەتمەك	headword	1056_1R.png	unverified
D02-09914	نەمدەشمەك	headword	1056_1R.png	unverified
D02-09915	نەمدەلمەك	headword	1056_1R.png	unverified
D02-09916	نەمدىمەك	headword	1056_1R.png	unverified
D02-09917	نەمرۇد	headword	1056_1R.png	unverified
D02-09918	نەمرۇدلۇق	headword	1056_1R.png	unverified
D02-09919	نەمسىز	headword	1056_1R.png	unverified
D02-09920	نەمسىزلەنمەك	headword	1056_1R.png	unverified
D02-09921	نەمسىزلىك	headword	1056_1R.png	unverified
D02-09922	نەملەشتۈرمەك	headword	1056_1R.png	unverified
D02-09923	نەملەشمەك	headword	1056_1R.png	unverified
D02-09924	نەملىشەڭگۈ	headword	1056_1R.png	unverified
D02-09925	نەملىك	headword	1056_1R.png	unverified
D02-09926	نەمۇنە	headword	1056_1R.png	unverified
D02-09927	نەمۇنىچى	headword	1056_2L.png	unverified
D02-09928	نەمۇنىچىلىك	headword	1056_2L.png	unverified
D02-09929	نەمۇنىلىك	headword	1056_2L.png	unverified
D02-09931	نەنمۇ دەرىخى	headword	1056_2L.png	unverified
D02-09932	نەھۋى	headword	1056_2L.png	unverified
D02-09933	نەئۇزۇبىللا	headword	1056_2L.png	unverified
D02-09934	نەۋ	headword	1056_2L.png	unverified
D02-09935	نەۋايىشۇناس	headword	1056_2L.png	unverified
D02-09936	نەۋايىشۇناسلىق	headword	1056_2L.png	unverified
D02-09937	نەۋەي	headword	1056_2L.png	verified
D02-09938	نەۋباھار	headword	1056_2L.png	unverified
D02-09939	نەۋجۇۋان	headword	1057_1R.png	verified
D02-09940	نەۋرە	headword	1057_1R.png	unverified
D02-09941	نەۋرە-چەۋرە	headword	1057_1R.png	unverified
D02-09942	نەۋرىلىك	headword	1057_1R.png	unverified
D02-09943	نەۋقىران	headword	1057_1R.png	unverified
D02-09944	نەي	headword	1057_1R.png	unverified
D02-09945	نەيچە	headword	1057_1R.png	unverified
D02-09946	نەيچى	headword	1057_1R.png	unverified
D02-09947	نەيرەڭ	headword	1057_1R.png	unverified
D02-09948	نەيرەڭچى	headword	1057_1R.png	unverified
D02-09949	نەيرەڭۋاز	headword	1057_1R.png	unverified
D02-09950	نەيرەڭۋازلىق	headword	1057_1R.png	unverified
D02-09951	نەيزە	headword	1057_1R.png	unverified
D02-09952	نەيزۇ	headword	1057_1R.png	verified
D02-09953	نەيزىچى	headword	1057_1R.png	unverified
D02-09954	نەيزىلەتمەك	headword	1057_1R.png	verified
D02-09955	نەيزىلەشمەك	headword	1057_2L.png	verified
D02-09956	نەيزىلەنمەك	headword	1057_2L.png	unverified
D02-09957	نەيزىلىك	headword	1057_2L.png	unverified
D02-09958	نەيزىلىمەك	headword	1057_2L.png	unverified
D02-09959	نەيزىۋاز	headword	1057_2L.png	unverified
D02-09960	نەيزىۋازلىق	headword	1057_2L.png	unverified
D02-09961	نەيلىك	headword	1057_2L.png	unverified
D02-09962	نەيكە	headword	1057_2L.png	unverified
D02-09963	نىگۇلترۇم	headword	1057_2L.png	verified
D02-09964	نوبېل	headword	1057_2L.png	unverified
D02-09965	نوبېل مۇكاپاتى	headword	1057_2L.png	unverified
D02-09966	نوبېلىي	headword	1057_2L.png	verified
D02-09967	نوپ	headword	1057_2L.png	unverified
D02-09968	نوپاسماق	headword	1057_2L.png	unverified
D02-09969	نوپۇز	headword	1057_2L.png	unverified
D02-09970	نوپۇزسىز	headword	1058_1R.png	unverified
D02-09971	نوپۇزلۇق	headword	1058_1R.png	unverified
D02-09972	نوپۇس	headword	1058_1R.png	unverified
D02-09973	نوپۇسسىز	headword	1058_1R.png	unverified
D02-09974	نوپۇسشۇناس	headword	1058_1R.png	unverified
D02-09975	نوپۇسشۇناسلىق	headword	1058_1R.png	unverified
D02-09976	نوپۇسلۇق	headword	1058_1R.png	unverified
D02-09977	نوپۇق	headword	1058_1R.png	unverified
D02-09978	نوتا	headword	1058_1R.png	unverified
D02-09981	نوتىلاشتۇرماق	headword	1058_1R.png	unverified
D02-09982	نوتىلاشتۇرۇشماق	headword	1058_1R.png	verified
D02-09983	نوتىلاشتۇرۇلماق	headword	1058_1R.png	unverified
D02-09984	نوتىلاشماق	headword	1058_1R.png	unverified
D02-09985	نوتىلىق	headword	1058_2L.png	unverified
D02-09986	نوتىلىماق	headword	1058_2L.png	unverified
D02-09987	نوچى	headword	1058_2L.png	unverified
D02-09988	نوچىلاشتۇرماق	headword	1058_2L.png	unverified
D02-09989	نوچىلاشماق	headword	1058_2L.png	unverified
D02-09990	نوچىلىق	headword	1058_2L.png	unverified
D02-09991	نوختا	headword	1058_2L.png	unverified
D02-09992	نوختىباغ	headword	1058_2L.png	unverified
D02-09993	نوختىسىز	headword	1058_2L.png	unverified
D02-09994	نوختىسىزلىق	headword	1058_2L.png	unverified
D02-09995	نوختىلاتماق	headword	1058_2L.png	unverified
D02-09996	نوختىلانماق	headword	1058_2L.png	unverified
D02-09997	نوختىلىق	headword	1058_2L.png	unverified
D02-09998	نوختىلىماق	headword	1058_2L.png	unverified
D02-09999	نوخلا	headword	1058_2L.png	unverified
D02-10000	نوخلىسىنى ئالماق	headword	1058_2L.png	unverified
D02-10001	نوخلىسى ئۆسمەك	headword	1058_2L.png	verified
D02-10002	نور	headword	1058_2L.png	unverified
D02-10004	نورلۇق	headword	1059_1R.png	unverified
D02-10005	نورما	headword	1059_1R.png	unverified
D02-10006	نورمال	headword	1059_1R.png	unverified
D02-10007	نورمالسىز	headword	1059_1R.png	unverified
D02-10008	نورمالسىزلاشماق	headword	1059_1R.png	unverified
D02-10009	نورمالسىزلىق	headword	1059_1R.png	unverified
D02-10010	نورماللاشتۇرماق	headword	1059_1R.png	unverified
D02-10011	نورماللاشتۇرۇشماق	headword	1059_1R.png	verified
D02-10012	نورماللاشتۇرۇلماق	headword	1059_1R.png	unverified
D02-10013	نورماللاشماق	headword	1059_1R.png	unverified
D02-10014	نورماللىق	headword	1059_1R.png	unverified
D02-10015	نورمىسىز	headword	1059_1R.png	unverified
D02-10016	نورۇز	headword	1059_2L.png	verified
D02-10017	نورۇزگۈل	headword	1059_2L.png	unverified
D02-10018	نورۇزلۇق	headword	1059_2L.png	unverified
D02-10019	نوسىلكا	headword	1059_2L.png	unverified
D02-10020	نوغالچى	headword	1059_2L.png	unverified
D02-10021	نوغاي	headword	1059_2L.png	unverified
D02-10022	نوغلا	headword	1059_2L.png	unverified
D02-10023	نوغۇچ	headword	1059_2L.png	unverified
D02-10024	نوغۇچ-تاختا	headword	1059_2L.png	unverified
D02-10025	نوقاتچىلىق	headword	1059_2L.png	unverified
D02-10026	نوقانچى	headword	1059_2L.png	unverified
D02-10027	نوقۇت	headword	1059_2L.png	unverified
D02-10028	نوقۇت كىگىز	headword	1059_2L.png	unverified
D02-10029	نوقۇشتۇرماق	headword	1059_2L.png	unverified
D02-10030	نوقۇشلىماق	headword	1060_1R.png	unverified
D02-10031	نوقۇشماق	headword	1060_1R.png	unverified
D02-10032	نوقۇل	headword	1060_1R.png	unverified
D02-10033	نوقۇماق	headword	1060_1R.png	unverified
D02-10034	نوكەش	headword	1060_1R.png	verified
D02-10035	نوگاي	headword	1060_1R.png	unverified
D02-10036	نوگايلىماق	headword	1060_1R.png	unverified
D02-10037	نوم	headword	1060_1R.png	unverified
D02-10038	نومايەن	headword	1060_1R.png	unverified
D02-10039	نوموگرافىيە	headword	1060_1R.png	unverified
D02-10040	نوموگرامما	headword	1060_1R.png	unverified
D02-10041	نومۇر	headword	1060_1R.png	unverified
D02-10042	نومۇرسىز	headword	1060_2L.png	unverified
D02-10043	نومۇرسىزلىق	headword	1060_2L.png	unverified
D02-10044	نومۇرلۇق	headword	1060_2L.png	unverified
D02-10045	نومۇس	headword	1060_2L.png	unverified
D02-10046	نومۇس قىلماق	headword	1060_2L.png	unverified
D02-10047	نومۇس كۈچىدىن	headword	1060_2L.png	unverified
D02-10048	نومۇسىغا تەگمەك	headword	1060_2L.png	verified
D02-10049	نومۇسچان	headword	1060_2L.png	unverified
D02-10050	نومۇسچانلىق	headword	1060_2L.png	unverified
D02-10051	نومۇسسىز	headword	1060_2L.png	unverified
D02-10052	نومۇسسىزلارچە	headword	1060_2L.png	unverified
D02-10053	نومۇسسىزلاشماق	headword	1060_2L.png	unverified
D02-10054	نومۇسسىزلىق	headword	1060_2L.png	unverified
D02-10055	نومۇسلاندۇرماق	headword	1061_1R.png	unverified
D02-10056	نومۇسلانماق	headword	1061_1R.png	unverified
D02-10057	نومۇسلۇق	headword	1061_1R.png	unverified
D02-10058	نومىنال	headword	1061_1R.png	unverified
D02-10059	نوۋوكائىن	headword	1061_1R.png	unverified
D02-10060	نوۋېللا	headword	1061_1R.png	unverified
D02-10061	نويابىر	headword	1061_1R.png	unverified
D02-10062	نۇتۇق	headword	1061_1R.png	unverified
D02-10063	نۇتۇقلاتماق	headword	1061_1R.png	unverified
D02-10064	نۇتۇقلاشماق	headword	1061_1R.png	unverified
D02-10065	نۇتۇقلانماق	headword	1061_1R.png	unverified
D02-10066	نۇتۇقلىماق	headword	1061_1R.png	unverified
D02-10067	نۇجۇم	headword	1061_1R.png	unverified
D02-10068	نۇجىغاي	headword	1061_1R.png	verified
D02-10068-v1	غازتاپان	variant	1061_1R.png	verified
D02-10069	نۇر	headword	1061_1R.png	unverified
D02-10072	نۇرانە	headword	1061_2L.png	unverified
D02-10073	نۇرسىز	headword	1061_2L.png	unverified
D02-10074	نۇرسىزلاشماق	headword	1061_2L.png	unverified
D02-10075	نۇرسىزلاندۇرماق	headword	1061_2L.png	unverified
D02-10076	نۇرسىزلانماق	headword	1061_2L.png	unverified
D02-10077	نۇرسىزلىق	headword	1061_2L.png	unverified
D02-10078	نۇرغۇن	headword	1061_2L.png	unverified
D02-10079	نۇرغۇن قازاندا قاينىغان	headword	1061_2L.png	unverified
D02-10080	نۇرغۇنلۇق	headword	1061_2L.png	unverified
D02-10081	نۇرغۇنلىماق	headword	1061_2L.png	unverified
D02-10082	نۇرغۇن - نۇرغۇن	headword	1061_2L.png	unverified
D02-10083	نۇرلانە	headword	1061_2L.png	unverified
D02-10084	نۇرلاندۇرماق	headword	1062_1R.png	unverified
D02-10085	نۇرلاندۇرۇشماق	headword	1062_1R.png	unverified
D02-10086	نۇرلاندۇرۇلماق	headword	1062_1R.png	unverified
D02-10087	نۇرلانماق	headword	1062_1R.png	unverified
D02-10088	نۇرلۇق	headword	1062_1R.png	unverified
D02-10089	نۇرىت	headword	1062_1R.png	unverified
D02-10090	نۇرىستان	headword	1062_1R.png	unverified
D02-10091	نۇزۇ	headword	1062_1R.png	unverified
D02-10092	نۇسخا	headword	1062_1R.png	unverified
D02-10093	نۇسخىئالغۇ	headword	1062_2L.png	unverified
D02-10094	نۇسخىلاتماق	headword	1062_2L.png	unverified
D02-10095	نۇسخىلاشماق	headword	1062_2L.png	unverified
D02-10096	نۇسخىلانماق	headword	1062_2L.png	unverified
D02-10097	نۇسخىلىق	headword	1062_2L.png	unverified
D02-10098	نۇسخىلىماق	headword	1062_2L.png	unverified
D02-10099	نۇسرەت	headword	1062_2L.png	unverified
D02-10100	نۇسرەتپەرۋەر	headword	1062_2L.png	unverified
D02-10101	نۇسرەتپەرۋەرلىك	headword	1062_2L.png	unverified
D02-10102	نۇقتا	headword	1063_1R.png	verified
D02-10103	نۇقتىلىق	headword	1063_1R.png	unverified
D02-10104	نۇقتىۋى	headword	1063_1R.png	unverified
D02-10105	نۇقتىئىنەزەر	headword	1063_1R.png	unverified
D02-10106	نۇقسان	headword	1063_1R.png	unverified
D02-10107	نۇقسانسىز	headword	1063_1R.png	unverified
D02-10108	نۇقسانلىق	headword	1063_1R.png	unverified
D02-10109	نۇكلون	headword	1063_1R.png	unverified
D02-10110	نۇكلون رېئاكسىيەسى	headword	1063_1R.png	verified
D02-10111	نۆشۈدۈر	headword	1063_2L.png	unverified
D02-10112	نۆكەر	headword	1063_2L.png	unverified
D02-10113	نۆكچە	headword	1063_2L.png	unverified
D02-10114	نۆل	headword	1063_2L.png	unverified
D02-10115	نۆلگە تەڭ	headword	1063_2L.png	unverified
D02-10116	نۆللۈك	headword	1063_2L.png	unverified
D02-10117	نۆلىنچى	headword	1063_2L.png	unverified
D02-10118	نۆۋەت	headword	1063_2L.png	unverified
D02-10119	نۆۋەتتىكى	headword	1063_2L.png	unverified
D02-10120	نۆۋەتچى	headword	1063_2L.png	unverified
D02-10121	نۆۋەتچىلىك	headword	1063_2L.png	unverified
D02-10122	نۆۋەتسىز	headword	1063_2L.png	unverified
D02-10123	نۆۋەتلەشتۈرمەك	headword	1063_2L.png	unverified
D02-10124	نۆۋەتلەشتۈرۈشمەك	headword	1063_2L.png	verified
D02-10125	نۆۋەتلەشتۈرۈلمەك	headword	1064_1R.png	unverified
D02-10126	نۆۋەتلەشمە	headword	1064_1R.png	unverified
D02-10127	نۆۋەتلەشمەك	headword	1064_1R.png	unverified
D02-10128	نۆۋەتلىشىش	headword	1064_1R.png	unverified
D02-10129	نۆۋەتلىك	headword	1064_1R.png	unverified
D02-10130	نۆۋەتلىمەك	headword	1064_1R.png	unverified
D02-10131	نۆۋەر	headword	1064_1R.png	unverified
D02-10132	نى	headword	1064_1R.png	unverified
D02-10133	نېپتون	headword	1064_1R.png	unverified
D02-10134	نېپتۇنىي	headword	1064_1R.png	unverified
D02-10135	نېپىر	headword	1064_1R.png	unverified
D02-10136	نېپىز	headword	1064_1R.png	unverified
D02-10137	نېپىزلەتمەك	headword	1064_1R.png	unverified
D02-10138	نېپىزلەشمەك	headword	1064_2L.png	unverified
D02-10139	نېپىزلەنمەك	headword	1064_2L.png	unverified
D02-10140	نېپىزلىمەك	headword	1064_2L.png	unverified
D02-10141	نېتەي	headword	1064_2L.png	unverified
D02-10142	نېچۈك	headword	1064_2L.png	unverified
D02-10143	نېچۈن	headword	1064_2L.png	unverified
D02-10144	نېرۋا	headword	1064_2L.png	unverified
D02-10145	نېرۋا كېسىلى	headword	1064_2L.png	unverified
D02-10146	نېرۋىسى بۇزۇلماق	headword	1064_2L.png	unverified
D02-10147	نېرۋىسى جايىدا	headword	1064_2L.png	unverified
D02-10148	نېرۋانا	headword	1064_2L.png	unverified
D02-10149	نېرۋىشۇناس	headword	1064_2L.png	unverified
D02-10150	نېرۋىشۇناسلىق	headword	1065_1R.png	unverified
D02-10151	نېرۋىلىق	headword	1065_1R.png	unverified
D02-10152	نېرى	headword	1065_1R.png	unverified
D02-10153	نېرى تۇر، بېرى تۇر دېمەك	headword	1065_1R.png	unverified
D02-10154	نېرى-بېرى	headword	1065_1R.png	unverified
D02-10155	نېرىقى	headword	1065_1R.png	unverified
D02-10156	نېرىن	headword	1065_1R.png	unverified
D02-10157	نېرىنچى	headword	1065_1R.png	unverified
D02-10158	نېزىقاشماق	headword	1065_1R.png	unverified
D02-10159	نېزىقىغاق	headword	1065_1R.png	verified
D02-10160	نېزىقىماق	headword	1065_1R.png	verified
D02-10161	نېسى	headword	1065_1R.png	unverified
D02-10161-i1	نېسىسى	inflected	1065_1R.png	unverified
D02-10162	نېسىپ	headword	1065_2L.png	unverified
D02-10163	نېسىۋە	headword	1065_2L.png	unverified
D02-10164	نېسىۋىسىز	headword	1065_2L.png	unverified
D02-10165	نېسىۋىلىك	headword	1065_2L.png	unverified
D02-10166	نېپچاق	headword	1065_2L.png	unverified
D02-10167	نېفىت	headword	1065_2L.png	verified
D02-10169	نېفىت گازى	headword	1065_2L.png	unverified
D02-10170	نېفىتلىك	headword	1065_2L.png	unverified
D02-10171	نېقىپ	headword	1065_2L.png	unverified
D02-10172	نېقىپبەگ	headword	1065_2L.png	unverified
D02-10173	نېكروز	headword	1065_2L.png	unverified
D02-10174	نېكروزلاتماق	headword	1066_1R.png	verified
D02-10175	نېكروزلاشماق	headword	1066_1R.png	unverified
D02-10176	نېكروزلانماق	headword	1066_1R.png	unverified
D02-10177	نېكروزلىماق	headword	1066_1R.png	verified
D02-10178	نېگاتىپ	headword	1066_1R.png	unverified
D02-10179	نېگىر	headword	1066_1R.png	unverified
D02-10180	نېگىر - ئاۋسترالىيە ئىرقى	headword	1066_1R.png	unverified
D02-10181	نېگىز	headword	1066_1R.png	unverified
D02-10182	نېگىزلىك	headword	1066_1R.png	unverified
D02-10183	نېلۇپەر	headword	1066_1R.png	unverified
D02-10184	نېمانچە	headword	1066_1R.png	unverified
D02-10185	نېمانداق	headword	1066_1R.png	unverified
D02-10186	نېمە	headword	1066_1R.png	unverified
D02-10187	نېمە قىلاي	headword	1066_2L.png	unverified
D02-10188	نېمە ئۈچۈن	headword	1066_2L.png	unverified
D02-10189	نېمىسىنى دەيسەن	headword	1066_2L.png	unverified
D02-10190	نېمىسىنى ئېيتىسەن	headword	1066_2L.png	verified
D02-10191	نېمەت	headword	1066_2L.png	unverified
D02-10192	نېمەتپەرەس	headword	1066_2L.png	unverified
D02-10193	نېمەتپەرەسلىك	headword	1066_2L.png	unverified
D02-10194	نېمەتسىز	headword	1066_2L.png	unverified
D02-10195	نېمەتلىك	headword	1066_2L.png	unverified
D02-10196	نېمىدەپ	headword	1066_2L.png	verified
D02-10197	نېمىدۇر	headword	1067_1R.png	unverified
D02-10198	نېمىدېگەن	headword	1067_1R.png	unverified
D02-10199	نېمىس	headword	1067_1R.png	unverified
D02-10200	نېمىسچە	headword	1067_1R.png	unverified
D02-10201	نېمىشقا	headword	1067_1R.png	unverified
D02-10202	نېمىشقا دېسەڭ	headword	1067_1R.png	unverified
D02-10203	نېمىشقىدۇر	headword	1067_1R.png	unverified
D02-10204	نېمىقوق	headword	1067_1R.png	unverified
D02-10205	نېمىكى	headword	1067_1R.png	unverified
D02-10206	نېمىگە	headword	1067_1R.png	unverified
D02-10207	نېمىگىدۇر	headword	1067_1R.png	unverified
D02-10208	نېمىنىدۇر	headword	1067_1R.png	unverified
D02-10209	نېئودىمىي	headword	1067_1R.png	unverified
D02-10210	نېئورگانىك	headword	1067_1R.png	unverified
D02-10211	نېئورگانىك خىمىيە	headword	1067_1R.png	unverified
D02-10212	نېئون	headword	1067_2L.png	unverified
D02-10213	نېئونلۇق	headword	1067_2L.png	unverified
D02-10214	نېئونلۇق لامپا	headword	1067_2L.png	unverified
D02-10215	نېۋرىن	headword	1067_2L.png	unverified
D02-10216	نېيترال	headword	1067_2L.png	unverified
D02-10217	نېيتراللاشتۇرماق	headword	1067_2L.png	unverified
D02-10218	نېيتراللاشتۇرۇشماق	headword	1067_2L.png	unverified
D02-10219	نېيتراللاشتۇرۇلماق	headword	1067_2L.png	unverified
D02-10220	نېيتراللاشماق	headword	1067_2L.png	unverified
D02-10221	نېيتراللانماق	headword	1067_2L.png	unverified
D02-10222	نېيترون	headword	1067_2L.png	unverified
D02-10223	نېيترىنو	headword	1068_1R.png	unverified
D02-10225	نى ئات، نى نومۇس	headword	1068_1R.png	unverified
D02-10226	نىپاق	headword	1068_1R.png	unverified
D02-10227	نىتراتلاتماق	headword	1068_1R.png	unverified
D02-10228	نىتراتلار	headword	1068_1R.png	unverified
D02-10229	نىتراتلاشتۇرماق	headword	1068_1R.png	unverified
D02-10230	نىتراتلاشتۇرۇشماق	headword	1068_1R.png	unverified
D02-10231	نىتراتلاشتۇرۇلماق	headword	1068_1R.png	unverified
D02-10232	نىتراتلاشماق	headword	1068_1R.png	unverified
D02-10233	نىتراتلاندۇرماق	headword	1068_1R.png	unverified
D02-10234	نىتراتلاندۇرۇشماق	headword	1068_1R.png	unverified
D02-10235	نىتراتلاندۇرۇلماق	headword	1068_1R.png	unverified
D02-10236	نىتراتلانماق	headword	1068_1R.png	unverified
D02-10237	نىتراتلىماق	headword	1068_1R.png	unverified
D02-10238	نىترو	headword	1068_1R.png	unverified
D02-10239	نىتروسېلليۇلۇزا	headword	1068_2L.png	verified
D02-10240	نىتروگىلىتسېرىن	headword	1068_2L.png	verified
D02-10241	نىتروگېن	headword	1068_2L.png	verified
D02-10241-v1	ئازوت	variant	1068_2L.png	verified
D02-10242	نىترولاتماق	headword	1068_2L.png	unverified
D02-10243	نىترولاشماق	headword	1068_2L.png	unverified
D02-10244	نىترولانماق	headword	1068_2L.png	unverified
D02-10245	نىترولىماق	headword	1068_2L.png	unverified
D02-10246	نىجات	headword	1068_2L.png	unverified
D02-10247	نىجاتچى	headword	1068_2L.png	unverified
D02-10248	نىجاتكار	headword	1068_2L.png	unverified
D02-10249	نىجاتلىق	headword	1068_2L.png	unverified
D02-10250	نىجاتلىق تاپماق	headword	1068_2L.png	unverified
D02-10251	نىجاسەت	headword	1068_2L.png	unverified
D02-10252	نىجىس	headword	1068_2L.png	verified
D02-10253	نىجىم	headword	1068_2L.png	verified
D02-10254	نىخ	headword	1069_1R.png	unverified
D02-10255	نىخلىق	headword	1069_1R.png	unverified
D02-10256	نىدا	headword	1069_1R.png	unverified
D02-10257	نىدالاندۇرماق	headword	1069_1R.png	unverified
D02-10258	نىدالاندۇرۇلماق	headword	1069_1R.png	unverified
D02-10259	نىدالانماق	headword	1069_1R.png	unverified
D02-10260	نىدالىماق	headword	1069_1R.png	unverified
D02-10261	نىزا	headword	1069_1R.png	unverified
D02-10262	نىزالاشتۇرماق	headword	1069_1R.png	unverified
D02-10263	نىزالاشتۇرۇشماق	headword	1069_1R.png	unverified
D02-10264	نىزالاشتۇرۇلماق	headword	1069_1R.png	unverified
D02-10265	نىزالاشماق	headword	1069_1R.png	unverified
D02-10266	نىزام	headword	1069_1R.png	unverified
D02-10267	نىزامچى	headword	1069_1R.png	unverified
D02-10268	نىزامسىز	headword	1069_2L.png	verified
D02-10269	نىزامسىزلىق	headword	1069_2L.png	unverified
D02-10270	نىزاملىق	headword	1069_2L.png	unverified
D02-10271	نىزامنامە	headword	1069_2L.png	unverified
D02-10272	نىسبەت	headword	1069_2L.png	unverified
D02-10273	نىسبەتەن	headword	1069_2L.png	verified
D02-10274	نىسبەتلەشتۈرمەك	headword	1069_2L.png	unverified
D02-10275	نىسبەتلەشتۈرۈشمەك	headword	1069_2L.png	unverified
D02-10276	نىسبەتلەشتۈرۈلمەك	headword	1069_2L.png	unverified
D02-10277	نىسبەتلەشمەك	headword	1069_2L.png	unverified
D02-10278	نىسبەتلىك	headword	1069_2L.png	unverified
D02-10279	نىسبەتلىمەك	headword	1069_2L.png	unverified
D02-10280	نىسپىي	headword	1069_2L.png	unverified
D02-10281	نىسپىي ھەقىقەت	headword	1070_1R.png	unverified
D02-10283	نىسپىيچىلىك	headword	1070_1R.png	unverified
D02-10284	نىسپىيشەپ	headword	1070_1R.png	unverified
D02-10285	نىسپىيلىك	headword	1070_1R.png	unverified
D02-10286	نىسپىيلىك نەزەرىيەسى	headword	1070_1R.png	unverified
D02-10288	نىشاپ	headword	1070_1R.png	unverified
D02-10289	نىشالا	headword	1070_1R.png	unverified
D02-10290	نىشالىچىلىق	headword	1070_1R.png	verified
D02-10291	نىشالىچى	headword	1070_1R.png	verified
D02-10292	نىشان	headword	1070_1R.png	unverified
D02-10293	نىشانە	headword	1070_1R.png	unverified
D02-10294	نىشانداش	headword	1070_2L.png	unverified
D02-10295	نىشانداشلىق	headword	1070_2L.png	unverified
D02-10296	نىشانسىز	headword	1070_2L.png	unverified
D02-10297	نىشانسىزلىق	headword	1070_2L.png	verified
D02-10298	نىشانلاشماق	headword	1070_2L.png	unverified
D02-10299	نىشانلانماق	headword	1070_2L.png	unverified
D02-10300	نىشانلىق	headword	1070_2L.png	unverified
D02-10301	نىشانلىماق	headword	1070_2L.png	unverified
D02-10302	نىقاب	headword	1070_2L.png	unverified
D02-10303	نىقابسىز	headword	1070_2L.png	unverified
D02-10304	نىقابلاتماق	headword	1070_2L.png	unverified
D02-10305	نىقابلاشماق	headword	1070_2L.png	unverified
D02-10306	نىقابلانماق	headword	1070_2L.png	unverified
D02-10307	نىقابلىق	headword	1070_2L.png	unverified
D02-10308	نىقابلىنماق	headword	1070_2L.png	unverified
D02-10309	نىقتاتماق	headword	1070_2L.png	unverified
D02-10310	نىقتاشماق	headword	1070_2L.png	verified
D02-10311	نىقتالماق	headword	1071_1R.png	unverified
D02-10312	نىقتىماق	headword	1071_1R.png	unverified
D02-10313	نىقسىتماق	headword	1071_1R.png	unverified
D02-10314	نىقسىماق	headword	1071_1R.png	unverified
D02-10315	نىكاھ	headword	1071_1R.png	unverified
D02-10316	نىكاھ غايىب	headword	1071_1R.png	unverified
D02-10317	نىكاھداش	headword	1071_1R.png	verified
D02-10318	نىكاھداشلىق	headword	1071_1R.png	unverified
D02-10319	نىكاھسىز	headword	1071_1R.png	unverified
D02-10320	نىكاھلاتماق	headword	1071_1R.png	unverified
D02-10321	نىكاھلاشماق	headword	1071_1R.png	unverified
D02-10322	نىكاھلاندۇرماق	headword	1071_1R.png	unverified
D02-10323	نىكاھلانماق	headword	1071_1R.png	unverified
D02-10324	نىكاھلىق	headword	1071_1R.png	unverified
D02-10325	نىكاھلىماق	headword	1071_1R.png	unverified
D02-10326	نىكوتىن	headword	1071_2L.png	unverified
D02-10327	نىكېل	headword	1071_2L.png	unverified
D02-10328	نىكېللاتماق	headword	1071_2L.png	unverified
D02-10329	نىكېللاشماق	headword	1071_2L.png	unverified
D02-10330	نىكېللانماق	headword	1071_2L.png	unverified
D02-10331	نىكېللىماق	headword	1071_2L.png	unverified
D02-10332	نىگار	headword	1071_2L.png	unverified
D02-10333	نىل	headword	1071_2L.png	unverified
D02-10334	نىلقا	headword	1071_2L.png	unverified
D02-10335	نىلون	headword	1071_2L.png	unverified
D02-10336	نىم	headword	1071_2L.png	unverified
D02-10337	نىمام	headword	1071_2L.png	unverified
D02-10338	نىمپەدە	headword	1072_1R.png	unverified
D02-10339	نىمتە	headword	1072_1R.png	unverified
D02-10340	نىمتىلەتمەك	headword	1072_1R.png	verified
D02-10341	نىمتىلەشمەك	headword	1072_1R.png	verified
D02-10342	نىمتىلەنمەك	headword	1072_1R.png	unverified
D02-10343	نىمتىلىمەك	headword	1072_1R.png	verified
D02-10344	نىمجان	headword	1072_1R.png	unverified
D02-10345	نىمجانلىق	headword	1072_1R.png	unverified
D02-10346	نىمچارەك	headword	1072_1R.png	unverified
D02-10347	نىمچە	headword	1072_1R.png	unverified
D02-10348	نىمچىلىك	headword	1072_1R.png	unverified
D02-10349	نىمكار	headword	1072_1R.png	unverified
D02-10350	نىمكەش	headword	1072_1R.png	unverified
D02-10351	نىمئىششەك	headword	1072_1R.png	unverified
D02-10352	نىنچى	headword	1072_1R.png	unverified
D02-10353	نى - نى	headword	1072_1R.png	unverified
D02-10354	نىئوبىت	headword	1072_1R.png	unverified
D02-10355	نىئوبىي	headword	1072_2L.png	unverified
D02-10356	نىۋېلىر	headword	1072_2L.png	verified
D02-10357	نىۋېلىرلىمەك	headword	1072_2L.png	verified
D02-10358	نىياز	headword	1072_2L.png	unverified
D02-10359	نىيەت	headword	1072_2L.png	unverified
D02-10360	نىيەتداش	headword	1072_2L.png	unverified
D02-10361	نىيەتداشلىق	headword	1072_2L.png	unverified
D02-10362	نىيەتلەتمەك	headword	1072_2L.png	verified
D02-10363	نىيەتلەشمەك	headword	1072_2L.png	unverified
D02-10364	نىيەتلەنمەك	headword	1072_2L.png	unverified
D02-10365	نىيەتلىك	headword	1072_2L.png	unverified
D02-10366	نىيەتلىمەك	headword	1072_2L.png	unverified
D02-10367	نىيەت - ئىقبال	headword	1072_2L.png	unverified
D02-10368	نىيۇتون	headword	1072_2L.png	unverified
D02-10369	نىيۇتون قانۇنى	headword	1072_2L.png	unverified
D02-10370	ھا	headword	1073_1R.png	verified
D02-10371	ھاببا	headword	1073_1R.png	unverified
D02-10372	ھاببا قىلماق	headword	1073_1R.png	unverified
D02-10373	ھاپ	headword	1073_1R.png	unverified
D02-10374	ھاپ ئەتمەك	headword	1073_1R.png	unverified
D02-10375	ھاپ تۆگىلەڭ	headword	1073_1R.png	unverified
D02-10376	ھاپ قىلماق	headword	1073_1R.png	unverified
D02-10377	ھاپ ئۇرماق	headword	1073_1R.png	unverified
D02-10378	ھاپا قوۋۇز	headword	1073_1R.png	unverified
D02-10379	ھاپاش	headword	1073_1R.png	unverified
D02-10380	ھاپاش بولماق	headword	1073_1R.png	unverified
D02-10381	ھاپاشلاتماق	headword	1073_1R.png	unverified
D02-10382	ھاپاشلىماق	headword	1073_1R.png	unverified
D02-10383	ھاپپا	headword	1073_1R.png	unverified
D02-10384	ھاپىتى-شاپىتى	headword	1073_1R.png	verified
D02-10385	ھاپىز	headword	1073_2L.png	verified
D02-10386	ھاپىزلىق	headword	1073_2L.png	unverified
D02-10387	ھاپىلا - شاپىلا	headword	1073_2L.png	unverified
D02-10388	ھاتەم	headword	1073_2L.png	unverified
D02-10389	ھاجەت	headword	1073_2L.png	unverified
D02-10390	ھاجەت بولماق	headword	1073_2L.png	unverified
D02-10391	ھاجەت قىلماق	headword	1073_2L.png	unverified
D02-10392	ھاجەتخانا	headword	1073_2L.png	unverified
D02-10393	ھاجەتسىز	headword	1073_2L.png	unverified
D02-10394	ھاجەتلىك	headword	1073_2L.png	unverified
D02-10395	ھاجەتمەن	headword	1073_2L.png	unverified
D02-10396	ھاجەتمەنلىك	headword	1073_2L.png	unverified
D02-10397	ھاجى	headword	1074_1R.png	unverified
D02-10398	ھاجىپ	headword	1074_1R.png	unverified
D02-10399	ھاجىپلىق	headword	1074_1R.png	unverified
D02-10400	ھاجىلىق	headword	1074_1R.png	unverified
D02-10401	ھادىرۇسكۇن	headword	1074_1R.png	unverified
D02-10402	ھادىرۇسكۇنچىلىق	headword	1074_1R.png	unverified
D02-10403	ھادىس	headword	1074_1R.png	unverified
D02-10404	ھادىسە	headword	1074_1R.png	unverified
D02-10405	ھادىسىشۇناس	headword	1074_1R.png	unverified
D02-10406	ھادىسىشۇناسلىق	headword	1074_1R.png	unverified
D02-10407	ھادىسىۋى	headword	1074_1R.png	unverified
D02-10408	ھار	headword	1074_1R.png	unverified
D02-10409	ھار ئالماق	headword	1074_1R.png	unverified
D02-10411	ھار كەلمەك	headword	1074_1R.png	unverified
D02-10413	ھار كۆرمەك	headword	1074_1R.png	unverified
D02-10414	ھارارەت	headword	1074_2L.png	unverified
D02-10415	ھارارەتسىز	headword	1074_2L.png	unverified
D02-10416	ھارارەتلىك	headword	1074_2L.png	unverified
D02-10417	ھاراق	headword	1074_2L.png	unverified
D02-10419	ھاراقچىلىق	headword	1074_2L.png	unverified
D02-10420	ھاراقخور	headword	1074_2L.png	unverified
D02-10421	ھاراقخورلۇق	headword	1074_2L.png	unverified
D02-10422	ھاراقخۇمار	headword	1074_2L.png	unverified
D02-10423	ھاراقخۇمارلىق	headword	1074_2L.png	unverified
D02-10424	ھاراقسىز	headword	1074_2L.png	unverified
D02-10425	ھاراقسىزلىق	headword	1074_2L.png	unverified
D02-10426	ھاراق - شاراب	headword	1074_2L.png	unverified
D02-10427	ھاراقكەش	headword	1075_1R.png	unverified
D02-10428	ھاراقكەشلىك	headword	1075_1R.png	unverified
D02-10429	ھاراقلىق	headword	1075_1R.png	unverified
D02-10430	ھارام	headword	1075_1R.png	unverified
D02-10431	ھارام بولماق	headword	1075_1R.png	verified
D02-10432	ھارام تاماقلىق	headword	1075_1R.png	unverified
D02-10433	ھارام قىلماق	headword	1075_1R.png	unverified
D02-10434	ھارام كەتمەك	headword	1075_1R.png	unverified
D02-10435	ھارامخور	headword	1075_1R.png	unverified
D02-10436	ھارامخورلۇق	headword	1075_2L.png	unverified
D02-10437	ھارامزادە	headword	1075_2L.png	unverified
D02-10438	ھارامزادىلەشمەك	headword	1075_2L.png	verified
D02-10439	ھارامزادىلىك	headword	1075_2L.png	unverified
D02-10440	ھارامسۈيدۈك	headword	1075_2L.png	unverified
D02-10441	ھاراملىق	headword	1075_2L.png	unverified
D02-10442	ھاراملىققا يوق	headword	1075_2L.png	unverified
D02-10443	ھارپا	headword	1075_2L.png	unverified
D02-10444	ھاردۇق	headword	1075_2L.png	unverified
D02-10445	ھاردۇق چېيى	headword	1075_2L.png	unverified
D02-10446	ھاردۇق سورىماق	headword	1075_2L.png	unverified
D02-10447	ھاردۇق ئېشى	headword	1075_2L.png	unverified
D02-10448	ھاردۇققا چىقماق	headword	1075_2L.png	unverified
D02-10449	ھاردۇقى چىقماق	headword	1075_2L.png	unverified
D02-10450	ھارسىزلىق	headword	1076_1R.png	unverified
D02-10451	ھارسىنماق	headword	1076_1R.png	unverified
D02-10452	ھارسىنىشماق	headword	1076_1R.png	unverified
D02-10453	ھارغۇزماق	headword	1076_1R.png	unverified
D02-10454	ھارغۇزۇشماق	headword	1076_1R.png	unverified
D02-10455	ھارغىن	headword	1076_1R.png	unverified
D02-10456	ھارغىنلىق	headword	1076_1R.png	unverified
D02-10457	ھارلانماق	headword	1076_1R.png	unverified
D02-10458	ھارماس	headword	1076_1R.png	unverified
D02-10459	ھارماق	headword	1076_1R.png	unverified
D02-10460	ھارماي - تالماي	headword	1076_1R.png	unverified
D02-10461	ھارمىدىماق	headword	1076_1R.png	unverified
D02-10462	ھاروت	headword	1076_1R.png	unverified
D02-10463	ھارۋا	headword	1076_1R.png	unverified
D02-10464	ھارۋىدا توشقان ئوۋلىماق	headword	1076_1R.png	unverified
D02-10465	ھارۋىنى قۇرۇق ئېلىپ قاچماق	headword	1076_1R.png	verified
D02-10466	ھارۋىكەش	headword	1076_2L.png	unverified
D02-10467	ھارۋىكەشلىك	headword	1076_2L.png	unverified
D02-10468	ھارۋىلىق	headword	1076_2L.png	unverified
D02-10469	ھارىمى	headword	1076_2L.png	unverified
D02-10470	ھازا	headword	1076_2L.png	unverified
D02-10471	ھازا ئېشى	headword	1076_2L.png	unverified
D02-10473	ھازىچى	headword	1076_2L.png	unverified
D02-10474	ھازىدار	headword	1076_2L.png	unverified
D02-10475	ھازىدارلىق	headword	1076_2L.png	unverified
D02-10476	ھازىر	headword	1076_2L.png	unverified
D02-10477	ھازىرەن	headword	1076_2L.png	unverified
D02-10478	ھازىرەنلىك	headword	1076_2L.png	unverified
D02-10479	ھازىرەنلىككە	headword	1076_2L.png	unverified
D02-10480	ھازىرجاۋاب	headword	1077_1R.png	unverified
D02-10481	ھازىرجاۋابلىق	headword	1077_1R.png	unverified
D02-10482	ھازىرچە	headword	1077_1R.png	unverified
D02-10483	ھازىرقى	headword	1077_1R.png	unverified
D02-10484	ھازىرقى زامان	headword	1077_1R.png	unverified
D02-10485	ھازىرلاتماق	headword	1077_1R.png	unverified
D02-10486	ھازىرلاشماق	headword	1077_1R.png	unverified
D02-10487	ھازىرلانماق	headword	1077_1R.png	unverified
D02-10488	ھازىرلىق	headword	1077_1R.png	unverified
D02-10489	ھازىرلىقسىز	headword	1077_1R.png	verified
D02-10489-v1	تەييارلىقسىز	variant	1077_1R.png	verified
D02-10490	ھازىرلىققا	headword	1077_1R.png	unverified
D02-10491	ھازىرلىماق	headword	1077_1R.png	unverified
D02-10492	ھازىلىق	headword	1077_1R.png	unverified
D02-10493	ھاسا	headword	1077_1R.png	unverified
D02-10494	ھاسىراپ - ھۆمۈدەپ	headword	1077_1R.png	verified
D02-10495	ھاسىراتماق	headword	1077_2L.png	verified
D02-10496	ھاسىراشماق	headword	1077_2L.png	verified
D02-10497	ھاسىل	headword	1077_2L.png	unverified
D02-10498	ھاسىلات	headword	1077_2L.png	unverified
D02-10499	ھاسىلە	headword	1077_2L.png	verified
D02-10500	ھاسىلكالام	headword	1077_2L.png	unverified
D02-10501	ھاسىلىق	headword	1077_2L.png	unverified
D02-10502	ھاسىلىي	headword	1077_2L.png	unverified
D02-10503	ھاشار	headword	1077_2L.png	unverified
D02-10504	ھاشارات	headword	1077_2L.png	unverified
D02-10505	ھاشاراتخور	headword	1077_2L.png	unverified
D02-10506	ھاشاراتشۇناسلىق	headword	1078_1R.png	verified
D02-10507	ھاشارچى	headword	1078_1R.png	unverified
D02-10508	ھاشىيە	headword	1078_1R.png	unverified
D02-10509	ھاقارەت	headword	1078_1R.png	unverified
D02-10510	ھاقارەتلەتمەك	headword	1078_1R.png	unverified
D02-10511	ھاقارەتلەشمەك	headword	1078_1R.png	unverified
D02-10512	ھاقارەتلەنمەك	headword	1078_1R.png	unverified
D02-10513	ھاقارەتلىك	headword	1078_1R.png	unverified
D02-10514	ھاقارەتلىمەك	headword	1078_1R.png	unverified
D02-10515	ھاقارەتنامە	headword	1078_1R.png	unverified
D02-10516	ھاك	headword	1078_1R.png	verified
D02-10517	ھاك تاش	headword	1078_1R.png	unverified
D02-10518	ھاكاۋۇر	headword	1078_2L.png	unverified
D02-10519	ھاكاۋۇرانە	headword	1078_2L.png	unverified
D02-10520	ھاكاۋۇرلارچە	headword	1078_2L.png	unverified
D02-10521	ھاكاۋۇرلاشتۇرماق	headword	1078_2L.png	unverified
D02-10522	ھاكاۋۇرلاشماق	headword	1078_2L.png	unverified
D02-10523	ھاكاۋۇرلۇق	headword	1078_2L.png	unverified
D02-10524	ھاكچى	headword	1078_2L.png	unverified
D02-10525	ھاكچىلىق	headword	1078_2L.png	unverified
D02-10526	ھاكسىمان	headword	1078_2L.png	unverified
D02-10527	ھاكلاتماق	headword	1078_2L.png	unverified
D02-10528	ھاكلاشماق	headword	1078_2L.png	unverified
D02-10529	ھاكلانماق	headword	1078_2L.png	unverified
D02-10530	ھاكلىق	headword	1078_2L.png	unverified
D02-10531	ھاكلىماق	headword	1078_2L.png	unverified
D02-10532	ھاكىم	headword	1078_2L.png	unverified
D02-10533	ھاكىمبەگ	headword	1079_1R.png	unverified
D02-10534	ھاكىملىق	headword	1079_1R.png	unverified
D02-10535	ھاكىممۇتلەق	headword	1079_1R.png	unverified
D02-10536	ھاكىممۇتلەقلىق	headword	1079_1R.png	unverified
D02-10537	ھاكىمىيەت	headword	1079_1R.png	unverified
D02-10538	ھاكىمىيەتچىلىك	headword	1079_1R.png	unverified
D02-10539	ھاكىمىيەتلىك	headword	1079_1R.png	unverified
D02-10540	ھاكىنا	headword	1079_1R.png	verified
D02-10541	ھاكىنەك	headword	1079_1R.png	verified
D02-10542	ھاكىۋاتۇ	headword	1079_1R.png	unverified
D02-10543	ھاڭ	headword	1079_1R.png	unverified
D02-10545	ھاڭ قاتماق	headword	1079_1R.png	unverified
D02-10546	ھاڭ قالماق	headword	1079_1R.png	unverified
D02-10548	ھاڭ - تاڭ	headword	1079_2L.png	unverified
D02-10549	ھاڭ - تاڭ بولماق	headword	1079_2L.png	unverified
D02-10550	ھاڭ - تاڭلىق	headword	1079_2L.png	unverified
D02-10551	ھاڭراتماق	headword	1079_2L.png	unverified
D02-10552	ھاڭراشماق	headword	1079_2L.png	unverified
D02-10553	ھاڭرىماق	headword	1079_2L.png	unverified
D02-10554	ھاڭغۇت	headword	1079_2L.png	unverified
D02-10555	ھاڭغۇق	headword	1079_2L.png	unverified
D02-10556	ھاڭغىرقاي	headword	1079_2L.png	unverified
D02-10557	ھاڭقايماق	headword	1079_2L.png	unverified
D02-10558	ھاڭگا	headword	1079_2L.png	unverified
D02-10559	ھاڭگا ئاياق	headword	1079_2L.png	unverified
D02-10560	ھاڭگا تېرەك	headword	1079_2L.png	verified
D02-10561	ھاڭگىت	headword	1079_2L.png	unverified
D02-10562	ھاڭگىز	headword	1079_2L.png	unverified
D02-10563	ھاڭ - ھاڭ	headword	1079_2L.png	unverified
D02-10564	ھاڭۋاقتى	headword	1079_2L.png	unverified
D02-10565	ھاڭۋاقتىلىق	headword	1079_2L.png	unverified
D02-10566	ھاڭۋاقماق	headword	1080_1R.png	unverified
D02-10567	ھال	headword	1080_1R.png	unverified
D02-10568	ھال رەڭ	headword	1080_1R.png	unverified
D02-10571	ھال تارتماق	headword	1080_1R.png	unverified
D02-10572	ھال تەگمەك	headword	1080_1R.png	unverified
D02-10573	ھال ئېيتماق	headword	1080_1R.png	unverified
D02-10574	ھالى تەڭ	headword	1080_1R.png	unverified
D02-10575	ھالىغا خادا بويلىمايدىغان	headword	1080_1R.png	unverified
D02-10576	ھالى قالماسلىق	headword	1080_1R.png	unverified
D02-10577	ھالىڭ شۇ	headword	1080_1R.png	unverified
D02-10578	ھالى يوق	headword	1080_1R.png	unverified
D02-10579	ھالا	headword	1080_2L.png	unverified
D02-10580	ھالاپ	headword	1080_2L.png	unverified
D02-10581	ھالاقەت	headword	1080_2L.png	unverified
D02-10582	ھالاقەت بەرمەك	headword	1080_2L.png	unverified
D02-10583	ھالاك	headword	1080_2L.png	unverified
D02-10584	ھالاك بولماق	headword	1080_2L.png	unverified
D02-10585	ھالاك قىلماق	headword	1080_2L.png	unverified
D02-10586	ھالاكەت	headword	1080_2L.png	unverified
D02-10587	ھالاكەت گىردابىغا بېرىپ قالماق	headword	1080_2L.png	unverified
D02-10588	ھالاكەتلىك	headword	1080_2L.png	unverified
D02-10589	ھالال	headword	1080_2L.png	unverified
D02-10590	ھالاللىق	headword	1080_2L.png	unverified
D02-10591	ھالاللىماق	headword	1080_2L.png	unverified
D02-10592	ھالاۋەت	headword	1080_2L.png	verified
D02-10593	ھالەت	headword	1081_1R.png	unverified
D02-10594	ھال - ئەھۋال	headword	1081_1R.png	unverified
D02-10595	ھالبۇكى	headword	1081_1R.png	unverified
D02-10596	ھالپەش	headword	1081_1R.png	unverified
D02-10597	ھالپۇ	headword	1081_1R.png	unverified
D02-10598	ھالدا	headword	1081_1R.png	unverified
D02-10599	ھالسىراتماق	headword	1081_1R.png	unverified
D02-10600	ھالسىراشماق	headword	1081_1R.png	unverified
D02-10601	ھالسىرىماق	headword	1081_1R.png	unverified
D02-10602	ھالسىز	headword	1081_1R.png	unverified
D02-10603	ھالسىزلاندۇرماق	headword	1081_1R.png	unverified
D02-10604	ھالسىزلاندۇرۇشماق	headword	1081_1R.png	unverified
D02-10605	ھالسىزلاندۇرۇلماق	headword	1081_1R.png	unverified
D02-10606	ھالسىزلانماق	headword	1081_2L.png	unverified
D02-10607	ھالسىزلىق	headword	1081_2L.png	unverified
D02-10608	ھالسىزلىنىشماق	headword	1081_2L.png	unverified
D02-10609	ھالقا	headword	1081_2L.png	unverified
D02-10610	ھالقىتماق	headword	1081_2L.png	unverified
D02-10611	ھالقىسىمان	headword	1081_2L.png	unverified
D02-10612	ھالقىشماق	headword	1081_2L.png	unverified
D02-10613	ھالقىلىق	headword	1081_2L.png	unverified
D02-10614	ھالقىلىق ئات	headword	1081_2L.png	unverified
D02-10615	ھالقىما	headword	1081_2L.png	unverified
D02-10616	ھالقىماق	headword	1081_2L.png	unverified
D02-10617	ھال - كۈن	headword	1082_1R.png	verified
D02-10618	ھاللازلىماق	headword	1082_1R.png	unverified
D02-10619	ھاللاشماق	headword	1082_1R.png	unverified
D02-10620	ھاللاڭ	headword	1082_1R.png	verified
D02-10621	ھاللانماق	headword	1082_1R.png	unverified
D02-10622	ھاللەسە	headword	1082_1R.png	unverified
D02-10623	ھاللىق	headword	1082_1R.png	unverified
D02-10624	ھال - مۇڭ	headword	1082_1R.png	unverified
D02-10625	ھال- ئوقەت	headword	1082_1R.png	unverified
D02-10626	ھال - ئوقەتلىك	headword	1082_1R.png	unverified
D02-10627	ھالۇ	headword	1082_1R.png	unverified
D02-10628	ھالۋا	headword	1082_1R.png	unverified
D02-10629	ھالۋىچى	headword	1082_1R.png	unverified
D02-10630	ھالۋىچىلىق	headword	1082_1R.png	unverified
D02-10631	ھام	headword	1082_1R.png	unverified
D02-10632	ھاماقەت	headword	1082_1R.png	unverified
D02-10633	ھاماقەتچىلىك	headword	1082_1R.png	verified
D02-10634	ھاماقەتلەرچە	headword	1082_2L.png	unverified
D02-10635	ھاماقەتلەشمەك	headword	1082_2L.png	unverified
D02-10636	ھاماقەتلىك	headword	1082_2L.png	unverified
D02-10637	ھاماقەتلىك قىلماق	headword	1082_2L.png	unverified
D02-10638	ھامان	headword	1082_2L.png	unverified
D02-10639	ھامانە	headword	1082_2L.png	unverified
D02-10640	ھامانەم	headword	1082_2L.png	verified
D02-10641	ھامما	headword	1082_2L.png	unverified
D02-10642	ھامما ئاچا	headword	1082_2L.png	unverified
D02-10643	ھاممال	headword	1082_2L.png	unverified
D02-10644	ھاممالچىلىق	headword	1082_2L.png	unverified
D02-10645	ھامماللىق	headword	1082_2L.png	unverified
D02-10646	ھاممام	headword	1082_2L.png	unverified
D02-10647	ھاممامچى	headword	1083_1R.png	unverified
D02-10648	ھامنام	headword	1083_1R.png	unverified
D02-10649	ھامىلە	headword	1083_1R.png	unverified
D02-10650	ھامىلىدار	headword	1083_1R.png	unverified
D02-10651	ھامىلىدارلىق	headword	1083_1R.png	unverified
D02-10652	ھامىنى	headword	1083_1R.png	unverified
D02-10653	ھامىي	headword	1083_1R.png	verified
D02-10654	ھامىيلىق	headword	1083_1R.png	unverified
D02-10655	ھامىيلىق قىلماق	headword	1083_1R.png	unverified
D02-10656	ھانا	headword	1083_1R.png	unverified
D02-10657	ھاننات	headword	1083_1R.png	unverified
D02-10658	ھانناز	headword	1083_1R.png	unverified
D02-10659	ھاھ	headword	1083_1R.png	unverified
D02-10660	ھاھ- ھاھ	headword	1083_1R.png	unverified
D02-10661	ھاۋ	headword	1083_1R.png	unverified
D02-10662	ھاۋا	headword	1083_1R.png	unverified
D02-10663	ھاۋا بېسىمى	headword	1083_2L.png	unverified
D02-10664	ھاۋا تاپان	headword	1083_2L.png	unverified
D02-10665	ھاۋا رايى	headword	1083_2L.png	unverified
D02-10666	ھاۋا رەڭ	headword	1083_2L.png	verified
D02-10667	ھاۋادان	headword	1083_2L.png	unverified
D02-10668	ھاۋاسىز	headword	1083_2L.png	unverified
D02-10669	ھاۋاسىزلاندۇرماق	headword	1083_2L.png	unverified
D02-10670	ھاۋاسىزلاندۇرۇشماق	headword	1083_2L.png	unverified
D02-10671	ھاۋاسىزلاندۇرۇلماق	headword	1083_2L.png	unverified
D02-10672	ھاۋاسىزلانماق	headword	1083_2L.png	unverified
D02-10673	ھاۋالاندۇرماق	headword	1083_2L.png	unverified
D02-10674	ھاۋالاندۇرۇشماق	headword	1083_2L.png	unverified
D02-10675	ھاۋالاندۇرۇلماق	headword	1084_1R.png	unverified
D02-10676	ھاۋالانماق	headword	1084_1R.png	unverified
D02-10677	ھاۋالە	headword	1084_1R.png	unverified
D02-10678	ھاۋالە قىلماق	headword	1084_1R.png	unverified
D02-10679	ھاۋالىسىز	headword	1084_1R.png	unverified
D02-10680	ھاۋالىق	headword	1084_1R.png	unverified
D02-10681	ھاۋالىلىك	headword	1084_1R.png	unverified
D02-10682	ھاۋانچا	headword	1084_1R.png	unverified
D02-10683	ھاۋايى - ھەۋەس	headword	1084_1R.png	unverified
D02-10684	ھاۋشىتماق	headword	1084_1R.png	verified
D02-10685	ھاۋشىشماق	headword	1084_1R.png	unverified
D02-10686	ھاۋشىماق	headword	1084_1R.png	unverified
D02-10687	ھاۋ - ھاۋ	headword	1084_1R.png	unverified
D02-10688	ھاۋىلىماق	headword	1084_1R.png	verified
D02-10689	ھاي	headword	1084_1R.png	unverified
D02-10690	ھاي بەرمەك	headword	1084_1R.png	unverified
D02-10691	ھاي دېمەك	headword	1084_1R.png	unverified
D02-10692	ھايا	headword	1084_2L.png	unverified
D02-10693	ھايات	headword	1084_2L.png	unverified
D02-10694	ھاياتبەخش	headword	1084_2L.png	unverified
D02-10695	ھاياتلىق	headword	1084_2L.png	unverified
D02-10696	ھايات - مامات	headword	1084_2L.png	unverified
D02-10697	ھايات - ماماتلىق	headword	1084_2L.png	unverified
D02-10698	ھاياتىي	headword	1084_2L.png	unverified
D02-10699	ھاياجان	headword	1084_2L.png	unverified
D02-10700	ھاياجانلاندۇرماق	headword	1084_2L.png	unverified
D02-10701	ھاياجانلانماق	headword	1084_2L.png	unverified
D02-10702	ھاياجانلىق	headword	1084_2L.png	unverified
D02-10703	ھاياجانلىنىشماق	headword	1085_1R.png	unverified
D02-10704	ھاياسىز	headword	1085_1R.png	unverified
D02-10705	ھاياسىزلىق	headword	1085_1R.png	unverified
D02-10706	ھايال	headword	1085_1R.png	unverified
D02-10707	ھايال قىلماي	headword	1085_1R.png	unverified
D02-10708	ھايال ئۆتمەي	headword	1085_1R.png	unverified
D02-10709	ھايالداتماق	headword	1085_1R.png	unverified
D02-10710	ھايالداشماق	headword	1085_1R.png	unverified
D02-10711	ھايالدىما	headword	1085_1R.png	unverified
D02-10712	ھايالدىماق	headword	1085_1R.png	unverified
D02-10713	ھايالسىز	headword	1085_1R.png	unverified
D02-10714	ھاياللىماق	headword	1085_1R.png	unverified
D02-10715	ھايالىق	headword	1085_1R.png	unverified
D02-10716	ھايان	headword	1085_1R.png	unverified
D02-10717	ھايىنىغا قالماق	headword	1085_1R.png	verified
D02-10718	ھايانكەش	headword	1085_1R.png	unverified
D02-10719	ھايانكەشلىك	headword	1085_2L.png	unverified
D02-10720	ھايت	headword	1085_2L.png	unverified
D02-10721	ھايت دەپ قويماق	headword	1085_2L.png	unverified
D02-10722	ھايتاق	headword	1085_2L.png	unverified
D02-10723	ھايتاق ئاتماق	headword	1085_2L.png	unverified
D02-10724	ھايت - ھۇيت	headword	1085_2L.png	verified
D02-10725	ھايت - ھۇيت دېگۈچە	headword	1085_2L.png	verified
D02-10726	ھايداخچى	headword	1085_2L.png	unverified
D02-10727	ھايقىرتماق	headword	1085_2L.png	unverified
D02-10728	ھايقىرماق	headword	1085_2L.png	unverified
D02-10729	ھايقىرىشماق	headword	1085_2L.png	unverified
D02-10730	ھايقىرىق	headword	1085_2L.png	unverified
D02-10731	ھايھات	headword	1085_2L.png	unverified
D02-10732	ھاي - ھاي	headword	1085_2L.png	unverified
D02-10733	ھاي - ھۇي	headword	1085_2L.png	verified
D02-10734	ھايۋان	headword	1085_2L.png	unverified
D02-10735	ھايۋانات	headword	1086_1R.png	verified
D02-10736	ھايۋانات ئىمبرىيولوگىيەسى	headword	1086_1R.png	verified
D02-10737	ھايۋانلارچە	headword	1086_1R.png	verified
D02-10738	ھايۋانلىق	headword	1086_1R.png	verified
D02-10739	ھايۋانىي	headword	1086_1R.png	verified
D02-10740	ھايۋانىيلىق	headword	1086_1R.png	unverified
D02-10741	ھە	headword	1086_1R.png	unverified
D02-10743	ھەدەپ	headword	1086_2L.png	unverified
D02-10744	ھە دېسىلا	headword	1086_2L.png	unverified
D02-10745	ھە دېگەندە	headword	1086_2L.png	unverified
D02-10746	ھەئە	headword	1086_2L.png	unverified
D02-10747	ھەبەش	headword	1086_2L.png	unverified
D02-10748	ھەببە	headword	1086_2L.png	unverified
D02-10749	ھەببەللى	headword	1086_2L.png	unverified
D02-10750	ھەببۇلمۈلۈك	headword	1086_2L.png	verified
D02-10751	ھە - پە	headword	1086_2L.png	unverified
D02-10752	ھەپەش	headword	1086_2L.png	unverified
D02-10753	ھەپەشخان	headword	1086_2L.png	unverified
D02-10754	ھەپپەت	headword	1086_2L.png	unverified
D02-10755	ھەپتە	headword	1086_2L.png	unverified
D02-10756	ھەپتە - ھەپتىلەپ	headword	1086_2L.png	unverified
D02-10757	ھەپتىرەڭ	headword	1087_1R.png	unverified
D02-10758	ھەپتىلەپ	headword	1087_1R.png	unverified
D02-10759	ھەپتىلىك	headword	1087_1R.png	unverified
D02-10760	ھەپتىيەك	headword	1087_1R.png	unverified
D02-10761	ھەپسە	headword	1087_1R.png	unverified
D02-10762	ھەپسەر	headword	1087_1R.png	unverified
D02-10763	ھەپسىتېگى	headword	1087_1R.png	verified
D02-10764	ھەپسىخانا	headword	1087_1R.png	verified
D02-10765	ھەپسىلە	headword	1087_1R.png	verified
D02-10766	ھەپسىلىسى پىر بولماق	headword	1087_1R.png	verified
D02-10767	ھەپسىلىسىز	headword	1087_1R.png	verified
D02-10768	ھەپىرەڭ	headword	1087_1R.png	verified
D02-10770	ھەپىلەشمەك	headword	1087_1R.png	unverified
D02-10771	ھەپىلەك	headword	1087_1R.png	unverified
D02-10772	ھەتتا	headword	1087_1R.png	unverified
D02-10773	ھەتتاكى	headword	1087_2L.png	unverified
D02-10774	ھەتتەڭ	headword	1087_2L.png	unverified
D02-10775	ھەتتەڭەي	headword	1087_2L.png	verified
D02-10776	ھەتتەمشا	headword	1087_2L.png	unverified
D02-10777	ھەج	headword	1087_2L.png	unverified
D02-10778	ھەجەڭگە	headword	1087_2L.png	unverified
D02-10779	ھەجۋ	headword	1087_2L.png	unverified
D02-10780	ھەجۋىي	headword	1087_2L.png	unverified
D02-10781	ھەجۋىيچى	headword	1087_2L.png	unverified
D02-10782	ھەجۋىيلەشتۈرمەك	headword	1087_2L.png	unverified
D02-10783	ھەجۋىيلەشتۈرۈشمەك	headword	1087_2L.png	unverified
D02-10784	ھەجۋىيلەشتۈرۈلمەك	headword	1087_2L.png	unverified
D02-10785	ھەجۋىيلەشمەك	headword	1087_2L.png	unverified
D02-10786	ھەجۋىيلىك	headword	1087_2L.png	verified
D02-10787	ھەجىلەشمەك	headword	1087_2L.png	verified
D02-10788	ھەجىلەنمەك	headword	1087_2L.png	unverified
D02-10789	ھەجىلىمەك	headword	1087_2L.png	unverified
D02-10790	ھەجىم	headword	1087_2L.png	verified
D02-10790-i1	ھەجمى	inflected	1087_2L.png	verified
D02-10791	ھەد	headword	1088_1R.png	verified
D02-10791-i1	ھەددى	inflected	1088_1R.png	verified
D02-10792	ھەدە	headword	1088_1R.png	unverified
D02-10792-v1	ئاچا I	variant	1088_1R.png	unverified
D02-10793	ھەددى - ھېسابى	headword	1088_1R.png	unverified
D02-10794	ھەددى - ھېسابسىز	headword	1088_1R.png	unverified
D02-10795	ھەدىس	headword	1088_1R.png	verified
D02-10796	ھەدىلىك	headword	1088_1R.png	unverified
D02-10797	ھەدىيە	headword	1088_1R.png	unverified
D02-10798	ھەدىيەچى	headword	1088_1R.png	unverified
D02-10799	ھەدىيەلىك	headword	1088_1R.png	unverified
D02-10800	ھەر	headword	1088_1R.png	unverified
D02-10801	ھەر باب بىلەن	headword	1088_2L.png	unverified
D02-10802	ھەر تەرەپلىمە	headword	1088_2L.png	unverified
D02-10803	ھەر تۈرلۈك	headword	1088_2L.png	unverified
D02-10804	ھەر خىل	headword	1088_2L.png	unverified
D02-10805	ھەر دائىم	headword	1088_2L.png	unverified
D02-10806	ھەرە	headword	1088_2L.png	unverified
D02-10808	ھەرەج	headword	1088_2L.png	unverified
D02-10809	ھەرەج قىلماق	headword	1088_2L.png	unverified
D02-10810	ھەرەڭ - سەرەڭ	headword	1088_2L.png	unverified
D02-10811	ھەرەم	headword	1088_2L.png	unverified
D02-10812	ھەرەمئاغىسى	headword	1088_2L.png	unverified
D02-10813	ھەرەمباغ	headword	1088_2L.png	unverified
D02-10814	ھەرەمخانا	headword	1088_2L.png	unverified
D02-10815	ھەرەمگاھ	headword	1089_1R.png	unverified
D02-10816	ھەر بىر	headword	1089_1R.png	unverified
D02-10817	ھەربىرلىرى	headword	1089_1R.png	unverified
D02-10818	ھەربىي	headword	1089_1R.png	unverified
D02-10819	ھەربىي رايون	headword	1089_1R.png	unverified
D02-10820	ھەربىي سەپ	headword	1089_1R.png	unverified
D02-10821	ھەربىي مەشىق	headword	1089_1R.png	unverified
D02-10822	ھەربىي ھالەت	headword	1089_1R.png	unverified
D02-10823	ھەربىي ئۆزگىرىش	headword	1089_1R.png	unverified
D02-10824	ھەربىي يۈرۈش	headword	1089_1R.png	unverified
D02-10825	ھەربىيچە	headword	1089_1R.png	unverified
D02-10826	ھەربىيسىز	headword	1089_1R.png	unverified
D02-10827	ھەربىيسىزلەشتۈرمەك	headword	1089_1R.png	unverified
D02-10828	ھەربىيسىزلەشتۈرۈشمەك	headword	1089_1R.png	unverified
D02-10829	ھەربىيسىزلەشتۈرۈلمەك	headword	1089_1R.png	unverified
D02-10830	ھەربىيسىزلەشمەك	headword	1089_2L.png	unverified
D02-10831	ھەربىيلەشتۈرمەك	headword	1089_2L.png	unverified
D02-10832	ھەربىيلەشتۈرۈشمەك	headword	1089_2L.png	unverified
D02-10833	ھەربىيلەشتۈرۈلمەك	headword	1089_2L.png	unverified
D02-10834	ھەربىيلەشمەك	headword	1089_2L.png	unverified
D02-10835	ھەربىيلىك	headword	1089_2L.png	unverified
D02-10836	ھەرپ	headword	1089_2L.png	unverified
D02-10837	ھەرپلىك	headword	1089_2L.png	unverified
D02-10838	ھەرپمۇھەرپ	headword	1089_2L.png	unverified
D02-10839	ھەرراس	headword	1089_2L.png	unverified
D02-10840	ھەرقاچان	headword	1089_2L.png	verified
D02-10841	ھەرقانچە	headword	1089_2L.png	unverified
D02-10842	ھەرقانداق	headword	1089_2L.png	unverified
D02-10843	ھەرقانداق بولسا	headword	1089_2L.png	unverified
D02-10844	ھەرقايسى	headword	1090_1R.png	unverified
D02-10845	ھەرقەيەر	headword	1090_1R.png	unverified
D02-10846	ھەرقىسما	headword	1090_1R.png	unverified
D02-10847	ھەركىم	headword	1090_1R.png	unverified
D02-10848	ھەرگىز	headword	1090_1R.png	unverified
D02-10849	ھەرنېمە	headword	1090_1R.png	unverified
D02-10850	ھەرنېمە بولسا	headword	1090_1R.png	unverified
D02-10851	ھەرنېمە دېمەك	headword	1090_1R.png	unverified
D02-10852	ھەر نېمە قىلىپ	headword	1090_1R.png	unverified
D02-10853	ھەرھالدا	headword	1090_1R.png	unverified
D02-10854	ھەر - ھەر	headword	1090_1R.png	unverified
D02-10855	ھەرىكەت	headword	1090_1R.png	unverified
D02-10855-i1	ھەرىكىتى	inflected	1090_1R.png	unverified
D02-10856	ھەرىكەتچان	headword	1090_2L.png	unverified
D02-10857	ھەرىكەتچانلىق	headword	1090_2L.png	unverified
D02-10858	ھەرىكەتسىز	headword	1090_2L.png	unverified
D02-10859	ھەرىكەتسىزلىك	headword	1090_2L.png	verified
D02-10860	ھەرىكەتلەندۈرگۈچ	headword	1090_2L.png	verified
D02-10861	ھەرىكەتلەندۈرمەك	headword	1090_2L.png	verified
D02-10862	ھەرىكەتلەندۈرۈشمەك	headword	1090_2L.png	verified
D02-10863	ھەرىكەتلەندۈرۈلمەك	headword	1090_2L.png	verified
D02-10864	ھەرىكەتلەنمەك	headword	1090_2L.png	verified
D02-10865	ھەرىكەتلىك	headword	1090_2L.png	unverified
D02-10866	ھەرىلەتمەك	headword	1090_2L.png	unverified
D02-10867	ھەرىلىنمەك	headword	1091_1R.png	verified
D02-10868	ھەرىلىمەك	headword	1091_1R.png	unverified
D02-10869	ھەزەر	headword	1091_1R.png	unverified
D02-10870	ھەزرەت	headword	1091_1R.png	unverified
D02-10871	ھەزرىتى	headword	1091_1R.png	unverified
D02-10872	ھەزىتى غۇم	headword	1091_1R.png	unverified
D02-10873	ھەزىل	headword	1091_1R.png	unverified
D02-10874	ھەزىلەك	headword	1091_1R.png	unverified
D02-10875	ھەزىلەكلىك	headword	1091_1R.png	unverified
D02-10876	ھەزىلكەش	headword	1091_1R.png	unverified
D02-10877	ھەزىلكەشلىك	headword	1091_1R.png	unverified
D02-10878	ھەزىللەشمەك	headword	1091_1R.png	unverified
D02-10879	ھەزىم	headword	1091_2L.png	unverified
D02-10880	ھەزىم قىلماق	headword	1091_2L.png	verified
D02-10881	ھەزىم قىلىش سىستېمىسى	headword	1091_2L.png	unverified
D02-10882	ھەسەت	headword	1091_2L.png	unverified
D02-10883	ھەسەتخور	headword	1091_2L.png	unverified
D02-10884	ھەسەتخورلۇق	headword	1091_2L.png	unverified
D02-10885	ھەسەل	headword	1091_2L.png	unverified
D02-10886	ھەسەل ھەرىسى	headword	1091_2L.png	unverified
D02-10887	ھەسەلچى	headword	1091_2L.png	unverified
D02-10888	ھەسەلدان	headword	1092_1R.png	verified
D02-10889	ھەسەنات	headword	1092_1R.png	unverified
D02-10890	ھەسەن-ھۈسەن	headword	1092_1R.png	unverified
D02-10891	ھەسرەت	headword	1092_1R.png	unverified
D02-10892	ھەسرەتداش	headword	1092_1R.png	unverified
D02-10893	ھەسرەتسىز	headword	1092_1R.png	unverified
D02-10894	ھەسرەتلەندۈرمەك	headword	1092_1R.png	unverified
D02-10895	ھەسرەتلەندۈرۈشمەك	headword	1092_1R.png	unverified
D02-10896	ھەسرەتلەندۈرۈلمەك	headword	1092_1R.png	unverified
D02-10897	ھەسرەتلەنمەك	headword	1092_1R.png	unverified
D02-10898	ھەسرەتلىك	headword	1092_1R.png	unverified
D02-10899	ھەسرەتلىنىشمەك	headword	1092_1R.png	unverified
D02-10900	ھەسرەت - نادامەت	headword	1092_2L.png	verified
D02-10901	ھەسسە	headword	1092_2L.png	unverified
D02-10902	ھەسسىدار	headword	1092_2L.png	unverified
D02-10903	ھەسسىدارلىق	headword	1092_2L.png	unverified
D02-10904	ھەسسىلەپ	headword	1092_2L.png	unverified
D02-10905	ھەسسىلەتمەك	headword	1092_2L.png	unverified
D02-10906	ھەسسىلەشمەك	headword	1092_2L.png	unverified
D02-10907	ھەسسىلەنمەك	headword	1092_2L.png	unverified
D02-10908	ھەسسىلىك	headword	1092_2L.png	unverified
D02-10909	ھەسسىلىمەك	headword	1092_2L.png	unverified
D02-10910	ھەسسىنەي	headword	1092_2L.png	unverified
D02-10911	ھەشەم	headword	1092_2L.png	unverified
D02-10912	ھەشەمەت	headword	1092_2L.png	unverified
D02-10913	ھەشەمەتچىلىك	headword	1093_1R.png	verified
D02-10914	ھەشەمەتخور	headword	1093_1R.png	unverified
D02-10915	ھەشەمەتخورلۇق	headword	1093_1R.png	unverified
D02-10916	ھەشەمەتسىز	headword	1093_1R.png	unverified
D02-10917	ھەشەمەتلەشتۈرمەك	headword	1093_1R.png	unverified
D02-10918	ھەشەمەتلەشتۈرۈشمەك	headword	1093_1R.png	unverified
D02-10919	ھەشەمەتلەشتۈرۈلمەك	headword	1093_1R.png	unverified
D02-10920	ھەشەمەتلەشمەك	headword	1093_1R.png	unverified
D02-10921	ھەشەمەتلىك	headword	1093_1R.png	unverified
D02-10922	ھەشەمخور	headword	1093_1R.png	unverified
D02-10923	ھەشەمخورلۇق	headword	1093_1R.png	unverified
D02-10924	ھەشەم - دەرەم	headword	1093_1R.png	unverified
D02-10925	ھەشەمسىز	headword	1093_1R.png	unverified
D02-10926	ھەشەملەشتۈرمەك	headword	1093_1R.png	unverified
D02-10927	ھەشەملەشتۈرۈشمەك	headword	1093_1R.png	unverified
D02-10928	ھەشەملەشتۈرۈلمەك	headword	1093_1R.png	unverified
D02-10929	ھەشەملەشمەك	headword	1093_2L.png	unverified
D02-10930	ھەشەملىك	headword	1093_2L.png	unverified
D02-10931	ھەش - پەش	headword	1093_2L.png	verified
D02-10931-v1	ھەش - پەش دېگۈچە	variant	1093_2L.png	verified
D02-10932	ھەش- پەش دېگۈچە	headword	1093_2L.png	unverified
D02-10933	ھەشتار	headword	1093_2L.png	unverified
D02-10934	ھەشتەرخان	headword	1093_2L.png	unverified
D02-10935	ھەشتىيەك	headword	1093_2L.png	unverified
D02-10936	ھەشقاللا	headword	1093_2L.png	unverified
D02-10937	ھەشقىپىچەك	headword	1093_2L.png	unverified
D02-10938	ھەق	headword	1093_2L.png	verified
D02-10938-i1	ھەققى	inflected	1093_2L.png	verified
D02-10939	ھەق تەلەپ قانۇنى	headword	1094_1R.png	unverified
D02-10940	ھەقەمسايە	headword	1094_1R.png	unverified
D02-10941	ھەقتائالا	headword	1094_1R.png	unverified
D02-10942	ھەقتە	headword	1094_1R.png	verified
D02-10943	ھەقدار	headword	1094_1R.png	unverified
D02-10944	ھەقدارلىق	headword	1094_1R.png	unverified
D02-10945	ھەقسىز	headword	1094_1R.png	unverified
D02-10946	ھەقسىزلىق	headword	1094_1R.png	unverified
D02-10947	ھەققانىي	headword	1094_1R.png	unverified
D02-10948	ھەققانىيەت	headword	1094_1R.png	unverified
D02-10949	ھەققانىيەتپەرۋەر	headword	1094_1R.png	unverified
D02-10950	ھەققانىيەتپەرۋەرلىك	headword	1094_1R.png	unverified
D02-10951	ھەققانىيەتچى	headword	1094_2L.png	unverified
D02-10952	ھەققانىيەتچىل	headword	1094_2L.png	unverified
D02-10953	ھەققانىيەتچىللىك	headword	1094_2L.png	unverified
D02-10954	ھەققانىيەتسىز	headword	1094_2L.png	unverified
D02-10955	ھەققانىيەتسىزلىك	headword	1094_2L.png	unverified
D02-10956	ھەققانىيەتلىك	headword	1094_2L.png	unverified
D02-10957	ھەققانىيلىق	headword	1094_2L.png	unverified
D02-10958	ھەققىدە	headword	1094_2L.png	unverified
D02-10959	ھەقلىق	headword	1094_2L.png	unverified
D02-10960	ھەقلىقلەشتۈرمەك	headword	1094_2L.png	unverified
D02-10961	ھەقلىقلەشتۈرۈشمەك	headword	1094_2L.png	unverified
D02-10962	ھەقلىقلەشتۈرۈلمەك	headword	1094_2L.png	unverified
D02-10963	ھەقلىقلەشمەك	headword	1094_2L.png	unverified
D02-10964	ھەق-ناھەق	headword	1094_2L.png	unverified
D02-10965	ھەقىقەت	headword	1095_1R.png	verified
D02-10966	ھەقىقەتەن	headword	1095_1R.png	unverified
D02-10967	ھەقىقەتپەرۋەر	headword	1095_1R.png	unverified
D02-10968	ھەقىقەتپەرۋەرلىك	headword	1095_1R.png	unverified
D02-10969	ھەقىقەتچى	headword	1095_1R.png	unverified
D02-10970	ھەقىقەتچىل	headword	1095_1R.png	unverified
D02-10971	ھەقىقەتچىللىك	headword	1095_1R.png	unverified
D02-10972	ھەقىقەتچىلىك	headword	1095_1R.png	unverified
D02-10973	ھەقىقەتسىز	headword	1095_1R.png	unverified
D02-10974	ھەقىقەتسىزلىك	headword	1095_1R.png	unverified
D02-10975	ھەقىقەتلەشتۈرمەك	headword	1095_1R.png	unverified
D02-10976	ھەقىقەتلەشتۈرۈشمەك	headword	1095_1R.png	unverified
D02-10977	ھەقىقەتلەشتۈرۈلمەك	headword	1095_1R.png	unverified
D02-10978	ھەقىقەتلەشمەك	headword	1095_1R.png	unverified
D02-10979	ھەقىقەتلەنمەك	headword	1095_1R.png	unverified
D02-10980	ھەقىقىي سان	headword	1095_2L.png	verified
D02-10981	ھەقىقىيلىق	headword	1095_2L.png	unverified
D02-10982	ھەكىنە دەرۋازا	headword	1095_2L.png	unverified
D02-10983	ھەل	headword	1095_2L.png	unverified
D02-10985	ھەل قىلغۇچ	headword	1095_2L.png	unverified
D02-10986	ھەلەپ	headword	1095_2L.png	unverified
D02-10987	ھەلەك	headword	1095_2L.png	unverified
D02-10988	ھەلەكچىلىك	headword	1095_2L.png	unverified
D02-10989	ھەلەلەڭ	headword	1095_2L.png	unverified
D02-10990	ھەلەم	headword	1095_2L.png	unverified
D02-10991	ھەلچى	headword	1095_2L.png	unverified
D02-10992	ھەلچىلىك	headword	1095_2L.png	unverified
D02-10993	ھەلقە	headword	1095_2L.png	verified
D02-10994	ھەلقە سالماق	headword	1096_1R.png	unverified
D02-10995	ھەلقە قىلماق	headword	1096_1R.png	unverified
D02-10996	ھەلقۇم	headword	1096_1R.png	unverified
D02-10997	ھەلىيە	headword	1096_1R.png	unverified
D02-10998	ھەم	headword	1096_1R.png	unverified
D02-10999	ھەمەك	headword	1096_1R.png	unverified
D02-11000	ھەمەك نان	headword	1096_1R.png	unverified
D02-11001	ھەمەل	headword	1096_1R.png	unverified
D02-11003	ھەمەل بۇرجى	headword	1096_1R.png	unverified
D02-11004	ھەمەلچە	headword	1096_1R.png	unverified
D02-11005	ھەمپىكىر	headword	1096_1R.png	unverified
D02-11006	ھەمپىكىرلىك	headword	1096_1R.png	unverified
D02-11007	ھەمتاۋاق	headword	1096_1R.png	unverified
D02-11008	ھەمتاۋاقلىق	headword	1096_2L.png	unverified
D02-11009	ھەمقەدىر	headword	1096_2L.png	unverified
D02-11010	ھەمجەھەت	headword	1096_2L.png	unverified
D02-11011	ھەمجور	headword	1096_2L.png	unverified
D02-11012	ھەمجىنس	headword	1096_2L.png	unverified
D02-11013	ھەمجىنسلىق	headword	1096_2L.png	unverified
D02-11014	ھەمد	headword	1096_2L.png	unverified
D02-11015	ھەمدەستىخان	headword	1096_2L.png	unverified
D02-11016	ھەمدە	headword	1096_2L.png	unverified
D02-11017	ھەمدەپنە	headword	1096_2L.png	unverified
D02-11018	ھەمدەرد	headword	1096_2L.png	unverified
D02-11019	ھەمدەردلىك	headword	1096_2L.png	unverified
D02-11020	ھەمدەم	headword	1096_2L.png	unverified
D02-11021	ھەمدەم خىيال	headword	1097_1R.png	verified
D02-11022	ھەمدەملەشتۈرمەك	headword	1097_1R.png	unverified
D02-11023	ھەمدەملەشتۈرۈشمەك	headword	1097_1R.png	unverified
D02-11024	ھەمدەملەشتۈرۈلمەك	headword	1097_1R.png	unverified
D02-11025	ھەمدەملەشمەك	headword	1097_1R.png	unverified
D02-11026	ھەمدەملىك	headword	1097_1R.png	unverified
D02-11027	ھەمدۇسانا	headword	1097_1R.png	unverified
D02-11028	ھەمراھ	headword	1097_1R.png	unverified
D02-11029	ھەمراھسىز	headword	1097_1R.png	unverified
D02-11030	ھەمراھلاشماق	headword	1097_1R.png	unverified
D02-11031	ھەمراھلىق	headword	1097_1R.png	unverified
D02-11032	ھەمزە	headword	1097_1R.png	unverified
D02-11033	ھەمسات	headword	1097_1R.png	unverified
D02-11034	ھەمىسال	headword	1097_1R.png	verified
D02-11035	ھەمسەپەر	headword	1097_2L.png	unverified
D02-11036	ھەمسورۇن	headword	1097_2L.png	unverified
D02-11037	ھەمسۆھبەت	headword	1097_2L.png	unverified
D02-11038	ھەمشەھەر	headword	1097_2L.png	unverified
D02-11039	ھەمشېرىك	headword	1097_2L.png	unverified
D02-11040	ھەمشىرە	headword	1097_2L.png	unverified
D02-11041	ھەمشىۋا	headword	1097_2L.png	unverified
D02-11042	ھەمقەدەم	headword	1097_2L.png	unverified
D02-11043	ھەمكار	headword	1097_2L.png	unverified
D02-11044	ھەمكارلاشتۇرماق	headword	1097_2L.png	unverified
D02-11045	ھەمكارلاشتۇرۇشماق	headword	1097_2L.png	unverified
D02-11046	ھەمكارلاشتۇرۇلماق	headword	1097_2L.png	unverified
D02-11047	ھەمكارلاشقۇچى	headword	1097_2L.png	unverified
D02-11048	ھەمكارلاشماق	headword	1098_1R.png	unverified
D02-11049	ھەمكارلىق	headword	1098_1R.png	unverified
D02-11050	ھەمكام	headword	1098_1R.png	verified
D02-11051	ھەمكەسىپ	headword	1098_1R.png	unverified
D02-11052	ھەملە	headword	1098_1R.png	unverified
D02-11053	ھەممە	headword	1098_1R.png	verified
D02-11054	ھەممىنى بىر تاياققا ھەيدىمەك	headword	1098_1R.png	unverified
D02-11055	ھەممەيلەن	headword	1098_1R.png	unverified
D02-11056	ھەمنەپەس	headword	1098_1R.png	unverified
D02-11057	ھەمنەپەسلىك	headword	1098_1R.png	unverified
D02-11058	ھەمىزەك	headword	1098_1R.png	unverified
D02-11059	ھەمىشە	headword	1098_1R.png	unverified
D02-11060	ھەمياستۇق	headword	1098_2L.png	unverified
D02-11061	ھەميان	headword	1098_2L.png	unverified
D02-11062	ھەنەفىيلەر	headword	1098_2L.png	unverified
D02-11063	ھەنبەلىيلەر	headword	1098_2L.png	unverified
D02-11064	ھەندەسە	headword	1098_2L.png	unverified
D02-11065	ھەنۋا	headword	1098_2L.png	unverified
D02-11066	ھە - ھۇ	headword	1098_2L.png	unverified
D02-11067	ھە - ھۇ بىلەن	headword	1098_2L.png	verified
D02-11068	ھە - ھۇ دېگۈچە	headword	1098_2L.png	unverified
D02-11069	ھە - ھۇ دېمەك	headword	1098_2L.png	unverified
D02-11070	ھە - ھۇچىلار	headword	1098_2L.png	unverified
D02-11071	ھەۋەس	headword	1098_2L.png	unverified
D02-11072	ھەۋەسكار	headword	1098_2L.png	unverified
D02-11073	ھەۋەسكارلىق	headword	1098_2L.png	unverified
D02-11074	ھەۋەسلەندۈرمەك	headword	1098_2L.png	unverified
D02-11075	ھەۋەسلەندۈرۈشمەك	headword	1098_2L.png	unverified
D02-11076	ھەۋەسلەندۈرۈلمەك	headword	1098_2L.png	unverified
D02-11077	ھەۋەسلەنمەك	headword	1099_1R.png	unverified
D02-11078	ھەۋەسلىك	headword	1099_1R.png	unverified
D02-11079	ھەۋەسلىنىشمەك	headword	1099_1R.png	unverified
D02-11080	ھەۋەسمەن	headword	1099_1R.png	unverified
D02-11081	ھەۋەسمەنلىك	headword	1099_1R.png	unverified
D02-11082	ھەۋزىكەۋسەر	headword	1099_1R.png	unverified
D02-11083	ھەي	headword	1099_1R.png	unverified
D02-11084	ھەيئەت	headword	1099_1R.png	verified
D02-11085	ھەيئەت رىياسىتى	headword	1099_1R.png	unverified
D02-11086	ھەيئەتلىك	headword	1099_1R.png	unverified
D02-11087	ھەيتاڭەي	headword	1099_1R.png	verified
D02-11088	ھەيدەتمەك	headword	1099_1R.png	unverified
D02-11089	ھەيدەشتۈرمەك	headword	1099_2L.png	verified
D02-11090	ھەيدەشمەك	headword	1099_2L.png	unverified
D02-11091	ھەيدەكچى	headword	1099_2L.png	unverified
D02-11092	ھەيدەكچىلىك	headword	1099_2L.png	unverified
D02-11093	ھەيدەلمەك	headword	1099_2L.png	unverified
D02-11094	ھەيدىمەك	headword	1099_2L.png	unverified
D02-11095	ھەيران	headword	1099_2L.png	unverified
D02-11097	ھەيرانە	headword	1099_2L.png	unverified
D02-11098	ھەيرانچىلىق	headword	1099_2L.png	unverified
D02-11099	ھەيرانلىق	headword	1100_1R.png	unverified
D02-11100	ھەيران - ھەس	headword	1100_1R.png	unverified
D02-11101	ھەيرەت	headword	1100_1R.png	unverified
D02-11102	ھەيز	headword	1100_1R.png	verified
D02-11103	ھەيكەل	headword	1100_1R.png	unverified
D02-11104	ھەيكەلتىراش	headword	1100_1R.png	unverified
D02-11105	ھەيكەلتىراشلىق	headword	1100_1R.png	unverified
D02-11106	ھەيۋە	headword	1100_1R.png	unverified
D02-11107	ھەيۋەت	headword	1100_1R.png	unverified
D02-11108	ھەيۋەتسىز	headword	1100_1R.png	unverified
D02-11109	ھەيۋەتلەشتۈرمەك	headword	1100_1R.png	verified
D02-11110	ھەيۋەتلەشتۈرۈشمەك	headword	1100_1R.png	verified
D02-11111	ھەيۋەتلەشتۈرۈلمەك	headword	1100_1R.png	verified
D02-11113	ھەيۋەتلەشمەك	headword	1100_2L.png	unverified
D02-11114	ھەيۋەتلىك	headword	1100_2L.png	unverified
D02-11115	ھەيۋىلىك	headword	1100_2L.png	unverified
D02-11116	ھەييار	headword	1100_2L.png	unverified
D02-11117	ھەييارلارچە	headword	1100_2L.png	unverified
D02-11118	ھەييارلاشتۇرماق	headword	1100_2L.png	unverified
D02-11119	ھەييارلاشماق	headword	1100_2L.png	unverified
D02-11120	ھەييارلىق	headword	1100_2L.png	unverified
D02-11121	ھوپ	headword	1100_2L.png	unverified
D02-11122	ھوت	headword	1100_2L.png	verified
D02-11123	ھوت بۇرجى	headword	1100_2L.png	unverified
D02-11124	ھودكىن	headword	1100_2L.png	unverified
D02-11125	ھودكىن كېسەللىكى	headword	1100_2L.png	unverified
D02-11126	ھودۇد	headword	1100_2L.png	unverified
D02-11127	ھودۇقتۇرماق	headword	1100_2L.png	unverified
D02-11128	ھودۇقتۇرۇشماق	headword	1100_2L.png	unverified
D02-11129	ھودۇقتۇرۇلماق	headword	1101_1R.png	unverified
D02-11130	ھودۇققاق	headword	1101_1R.png	unverified
D02-11131	ھودۇققاقلىق	headword	1101_1R.png	unverified
D02-11132	ھودۇقماق	headword	1101_1R.png	unverified
D02-11133	ھودۇقۇشماق	headword	1101_1R.png	unverified
D02-11134	ھور	headword	1101_1R.png	unverified
D02-11135	ھورى بېسىقماق	headword	1101_1R.png	unverified
D02-11136	ھورى بېسىلماق	headword	1101_1R.png	verified
D02-11137	ھورى تۈگەپ، شورى قالماق	headword	1101_1R.png	verified
D02-11138	ھورى چىقماق	headword	1101_1R.png	verified
D02-11139	ھورداتماق	headword	1101_1R.png	verified
D02-11140	ھورداشماق	headword	1101_1R.png	verified
D02-11141	ھورداق	headword	1101_1R.png	verified
D02-11142	ھورداقخانا	headword	1101_1R.png	unverified
D02-11143	ھوردالماق	headword	1101_1R.png	unverified
D02-11144	ھوردىماق	headword	1101_2L.png	verified
D02-11145	ھورلاشماق	headword	1101_2L.png	unverified
D02-11146	ھورمۇن	headword	1101_2L.png	verified
D02-11147	ھورنان	headword	1101_2L.png	unverified
D02-11148	ھوسۇل	headword	1101_2L.png	unverified
D02-11149	ھوسۇلچى	headword	1101_2L.png	unverified
D02-11150	ھوسۇلدار	headword	1101_2L.png	unverified
D02-11151	ھوسۇلدارلىق	headword	1101_2L.png	verified
D02-11152	ھوسۇلسىز	headword	1101_2L.png	unverified
D02-11153	ھوسۇللۇق	headword	1101_2L.png	unverified
D02-11154	ھوش	headword	1101_2L.png	unverified
D02-11156	ھوشسىز	headword	1101_2L.png	unverified
D02-11157	ھوشسىزلاندۇرماق	headword	1101_2L.png	unverified
D02-11158	ھوشسىزلاندۇرۇشماق	headword	1102_1R.png	unverified
D02-11159	ھوشسىزلاندۇرۇلماق	headword	1102_1R.png	unverified
D02-11160	ھوشسىزلانماق	headword	1102_1R.png	unverified
D02-11161	ھوشسىزلىق	headword	1102_1R.png	unverified
D02-11162	ھوششەرە	headword	1102_1R.png	unverified
D02-11163	ھوشلۇق	headword	1102_1R.png	unverified
D02-11164	ھوشۇقچە	headword	1102_1R.png	unverified
D02-11165	ھوشيار	headword	1102_1R.png	unverified
D02-11166	ھوشيارلاشتۇرماق	headword	1102_1R.png	unverified
D02-11167	ھوشيارلاشتۇرۇشماق	headword	1102_1R.png	unverified
D02-11168	ھوشيارلاشتۇرۇلماق	headword	1102_1R.png	unverified
D02-11169	ھوشيارلاشماق	headword	1102_1R.png	unverified
D02-11170	ھوشيارلىق	headword	1102_1R.png	unverified
D02-11171	ھوقۇق	headword	1102_1R.png	verified
D02-11172	ھوقۇقچىلىق	headword	1102_2L.png	unverified
D02-11173	ھوقۇقخۇمار	headword	1102_2L.png	unverified
D02-11174	ھوقۇقدار	headword	1102_2L.png	unverified
D02-11175	ھوقۇقسىز	headword	1102_2L.png	unverified
D02-11176	ھوقۇقسىزلىق	headword	1102_2L.png	unverified
D02-11177	ھوقۇقشۇناس	headword	1102_2L.png	unverified
D02-11178	ھوقۇقشۇناسلىق	headword	1102_2L.png	verified
D02-11179	ھوقۇقلۇق	headword	1102_2L.png	unverified
D02-11180	ھوگا	headword	1102_2L.png	unverified
D02-11181	ھوگازا	headword	1102_2L.png	verified
D02-11182	ھوڭ	headword	1102_2L.png	unverified
D02-11183	ھولا	headword	1102_2L.png	unverified
D02-11184	ھولولوپ	headword	1102_2L.png	unverified
D02-11185	ھولولوپلۇق	headword	1102_2L.png	unverified
D02-11186	ھولۇقتۇرماق	headword	1102_2L.png	verified
D02-11187	ھولۇقتۇرۇشماق	headword	1103_1R.png	unverified
D02-11188	ھولۇقتۇرۇلماق	headword	1103_1R.png	unverified
D02-11189	ھولۇققاق	headword	1103_1R.png	unverified
D02-11190	ھولۇققاقلىق	headword	1103_1R.png	unverified
D02-11191	ھولۇقماق	headword	1103_1R.png	unverified
D02-11192	ھولۇقۇشماق	headword	1103_1R.png	unverified
D02-11193	ھومايماق	headword	1103_1R.png	unverified
D02-11194	ھومىيىشماق	headword	1103_1R.png	unverified
D02-11195	ھون	headword	1103_1R.png	verified
D02-11196	ھوناغ	headword	1103_1R.png	unverified
D02-11197	ھونىغىغا كەلمەك	headword	1103_1R.png	verified
D02-11198	ھونشۇناس	headword	1103_1R.png	unverified
D02-11199	ھونشۇناسلىق	headword	1103_1R.png	unverified
D02-11200	ھونلار	headword	1103_1R.png	unverified
D02-11201	ھونناق	headword	1103_1R.png	unverified
D02-11202	ھونۇز	headword	1103_1R.png	unverified
D02-11203	ھوي	headword	1103_1R.png	unverified
D02-11204	ھويلا	headword	1103_2L.png	unverified
D02-11205	ھويلا-ئارام	headword	1103_2L.png	unverified
D02-11206	ھويلىسىز	headword	1103_2L.png	unverified
D02-11207	ھويلىلىق	headword	1103_2L.png	unverified
D02-11208	ھۇ	headword	1103_2L.png	unverified
D02-11209	ھۇجرا	headword	1103_2L.png	unverified
D02-11210	ھۇجرا گېپى	headword	1103_2L.png	verified
D02-11211	ھۇجرىداش	headword	1103_2L.png	unverified
D02-11212	ھۇجرىداشلىق	headword	1103_2L.png	unverified
D02-11213	ھۇجرىسىز	headword	1103_2L.png	unverified
D02-11214	ھۇجرىلىق	headword	1103_2L.png	unverified
D02-11215	ھۇجۇم	headword	1103_2L.png	unverified
D02-11216	ھۇجۇمچى	headword	1103_2L.png	unverified
D02-11217	ھۇجۇملۇق	headword	1104_1R.png	unverified
D02-11218	ھۇررا	headword	1104_1R.png	unverified
D02-11219	ھۇرۇن	headword	1104_1R.png	unverified
D02-11220	ھۇرۇنلاشتۇرماق	headword	1104_1R.png	unverified
D02-11221	ھۇرۇنلاشماق	headword	1104_1R.png	unverified
D02-11222	ھۇرۇنلۇق	headword	1104_1R.png	unverified
D02-11223	ھۇزۇر	headword	1104_1R.png	unverified
D02-11225	ھۇزۇرسىز	headword	1104_1R.png	unverified
D02-11226	ھۇزۇرسىزلىق	headword	1104_1R.png	unverified
D02-11227	ھۇزۇرلاندۇرماق	headword	1104_1R.png	unverified
D02-11228	ھۇزۇرلاندۇرۇشماق	headword	1104_1R.png	unverified
D02-11229	ھۇزۇرلاندۇرۇلماق	headword	1104_1R.png	unverified
D02-11230	ھۇزۇرلانماق	headword	1104_1R.png	unverified
D02-11231	ھۇزۇرلۇق	headword	1104_1R.png	unverified
D02-11232	ھۇزۇرلىنارلىق	headword	1104_2L.png	unverified
D02-11233	ھۇزۇرلىنىشماق	headword	1104_2L.png	unverified
D02-11234	ھۇزۇر - ھالاۋەت	headword	1104_2L.png	unverified
D02-11235	ھۇقۇيتماق	headword	1104_2L.png	verified
D02-11236	ھۇما	headword	1104_2L.png	unverified
D02-11237	ھۇۋ	headword	1104_2L.png	verified
D02-11238	ھۇۋقۇش	headword	1104_2L.png	verified
D02-11239	ھۇۋلاتماق	headword	1104_2L.png	verified
D02-11240	ھۇۋلاشماق	headword	1104_2L.png	verified
D02-11241	ھۇۋلىماق	headword	1104_2L.png	verified
D02-11242	ھۇۋۇلداتماق	headword	1104_2L.png	verified
D02-11243	ھۇۋۇلداشماق	headword	1104_2L.png	verified
D02-11244	ھۇۋۇلدىماق	headword	1104_2L.png	verified
D02-11245	ھۇيت	headword	1104_2L.png	verified
D02-11246	ھۇيت - ھۇيت	headword	1104_2L.png	verified
D02-11247	ھۆ	headword	1104_2L.png	verified
D02-11248	ھۆپۈپ	headword	1105_1R.png	unverified
D02-11249	ھۆپىگەر	headword	1105_1R.png	unverified
D02-11250	ھۆپىگەرلىك	headword	1105_1R.png	unverified
D02-11251	ھۆپىگەن	headword	1105_1R.png	unverified
D02-11252	ھۆتۈت-پۆتۈت	headword	1105_1R.png	unverified
D02-11253	ھۆتۈت-پۆتۈت دېمەك	headword	1105_1R.png	unverified
D02-11254	ھۆتۈتلىمەك	headword	1105_1R.png	unverified
D02-11255	ھۆججەت	headword	1105_1R.png	unverified
D02-11255-i1	ھۆججىتى	inflected	1105_1R.png	unverified
D02-11256	ھۆججەتشۇناس	headword	1105_1R.png	unverified
D02-11257	ھۆججەتشۇناسلىق	headword	1105_1R.png	unverified
D02-11258	ھۆججەتلەشتۈرمەك	headword	1105_1R.png	unverified
D02-11259	ھۆججەتلەشتۈرۈلمەك	headword	1105_1R.png	unverified
D02-11260	ھۆججەتلەشمەك	headword	1105_2L.png	unverified
D02-11261	ھۆججەتلىك	headword	1105_2L.png	unverified
D02-11262	ھۆدەيچى	headword	1105_2L.png	unverified
D02-11263	ھۆددە	headword	1105_2L.png	unverified
D02-11264	ھۆددەس	headword	1105_2L.png	unverified
D02-11265	ھۆددىگەر	headword	1105_2L.png	unverified
D02-11266	ھۆددىگەرلىك	headword	1105_2L.png	unverified
D02-11267	ھۆددىلەشمەك	headword	1105_2L.png	unverified
D02-11268	ھۆددىلىمەك	headword	1105_2L.png	unverified
D02-11269	ھۆر	headword	1105_2L.png	unverified
D02-11271	ھۆر - پەرى	headword	1105_2L.png	unverified
D02-11272	ھۆر - غىلمان	headword	1105_2L.png	unverified
D02-11273	ھۆركىرەتمەك	headword	1105_2L.png	unverified
D02-11274	ھۆركىرەشمەك	headword	1106_1R.png	unverified
D02-11275	ھۆركىرىمەك	headword	1106_1R.png	unverified
D02-11276	ھۆرلۈك	headword	1106_1R.png	unverified
D02-11277	ھۆرمەت	headword	1106_1R.png	unverified
D02-11278	ھۆرمەت قاراۋۇلى	headword	1106_1R.png	unverified
D02-11279	ھۆرمەتچان	headword	1106_1R.png	unverified
D02-11280	ھۆرمەتسىز	headword	1106_1R.png	unverified
D02-11281	ھۆرمەتسىزلىك	headword	1106_1R.png	unverified
D02-11282	ھۆرمەتلەتمەك	headword	1106_1R.png	unverified
D02-11283	ھۆرمەتلەشمەك	headword	1106_1R.png	unverified
D02-11284	ھۆرمەتلەنمەك	headword	1106_1R.png	unverified
D02-11285	ھۆرمەتلىك	headword	1106_2L.png	unverified
D02-11286	ھۆرمەتلىمەك	headword	1106_2L.png	unverified
D02-11287	ھۆرمەت - ئېھتىرام	headword	1106_2L.png	unverified
D02-11288	ھۆر- ھۆر	headword	1106_2L.png	unverified
D02-11289	ھۆر - ھۆر يىغلىماق	headword	1106_2L.png	unverified
D02-11290	ھۆرۈ - پۆرۈ	headword	1106_2L.png	verified
D02-11290-v1	ھۆرۈ - پۆرۈ دېمەك	variant	1106_2L.png	verified
D02-11291	ھۆرۈ- پۆرۈ دېمەك	headword	1106_2L.png	unverified
D02-11292	ھۆرىستان	headword	1106_2L.png	unverified
D02-11293	ھۆرىگۈل	headword	1106_2L.png	unverified
D02-11294	ھۆرىيەت	headword	1106_2L.png	unverified
D02-11295	ھۆرىيەتپەرۋەر	headword	1106_2L.png	unverified
D02-11296	ھۆرىيەتپەرۋەرلىك	headword	1106_2L.png	unverified
D02-11297	ھۆرىيەتچى	headword	1106_2L.png	unverified
D02-11298	ھۆسن	headword	1107_1R.png	unverified
D02-11299	ھۆسن - جامال	headword	1107_1R.png	unverified
D02-11300	ھۆسنخەت	headword	1107_1R.png	unverified
D02-11301	ھۆسنلىك	headword	1107_1R.png	unverified
D02-11302	ھۆسۈت	headword	1107_1R.png	unverified
D02-11303	ھۆسىلە	headword	1107_1R.png	unverified
D02-11304	ھۆسىلە - سۈلكەت	headword	1107_1R.png	unverified
D02-11305	ھۆكمەت	headword	1107_1R.png	unverified
D02-11306	ھۆكمەتچى	headword	1107_1R.png	unverified
D02-11307	ھۆكۈم	headword	1107_1R.png	unverified
D02-11308	ھۆكۈم سۈرمەك	headword	1107_1R.png	unverified
D02-11309	ھۆكۈما	headword	1107_1R.png	unverified
D02-11310	ھۆكۈمەت	headword	1107_1R.png	unverified
D02-11311	ھۆكۈمەتسىز	headword	1107_1R.png	unverified
D02-11312	ھۆكۈمەتسىزلىك	headword	1107_2L.png	unverified
D02-11313	ھۆكۈمچى	headword	1107_2L.png	unverified
D02-11314	ھۆكۈمدار	headword	1107_2L.png	unverified
D02-11315	ھۆكۈمدارلىق	headword	1107_2L.png	unverified
D02-11316	ھۆكۈمران	headword	1107_2L.png	unverified
D02-11317	ھۆكۈمرانلىق	headword	1107_2L.png	unverified
D02-11318	ھۆكۈملەنگۈچى	headword	1107_2L.png	unverified
D02-11319	ھۆكۈملۈك	headword	1107_2L.png	unverified
D02-11320	ھۆكۈملىگۈچى	headword	1107_2L.png	unverified
D02-11321	ھۆكۈمنامە	headword	1107_2L.png	unverified
D02-11322	ھۆكۈنەك	headword	1107_2L.png	unverified
D02-11323	ھۆڭ	headword	1107_2L.png	unverified
D02-11324	ھۆڭرەتمەك	headword	1107_2L.png	unverified
D02-11325	ھۆڭرەشمەك	headword	1107_2L.png	verified
D02-11326	ھۆڭرىمەك	headword	1107_2L.png	unverified
D02-11327	ھۆڭگۈرەك	headword	1108_1R.png	verified
D02-11328	ھۆڭگۈرەك ئاتماق	headword	1108_1R.png	verified
D02-11329	ھۆڭگۈرەكلىمەك	headword	1108_1R.png	verified
D02-11330	ھۆڭڭىدە	headword	1108_1R.png	verified
D02-11331	ھۆڭ-ھۆڭ	headword	1108_1R.png	verified
D02-11332	ھۆل	headword	1108_1R.png	verified
D02-11333	ھۆل تامغا ئېشەك تەپكەندەك	headword	1108_1R.png	verified
D02-11334	ھۆل تەمرەتكە	headword	1108_1R.png	verified
D02-11335	ھۆل خىشقا دەسسىمەك	headword	1108_1R.png	unverified
D02-11336	ھۆلتەن	headword	1108_1R.png	unverified
D02-11337	ھۆلچىلىك	headword	1108_1R.png	unverified
D02-11338	ھۆل-قۇرۇق	headword	1108_1R.png	unverified
D02-11339	ھۆللە	headword	1108_1R.png	unverified
D02-11340	ھۆللەتمەك	headword	1108_1R.png	unverified
D02-11341	ھۆللەشمەك	headword	1108_1R.png	unverified
D02-11342	ھۆللەنمەك	headword	1108_1R.png	verified
D02-11343	ھۆللۈك	headword	1108_1R.png	verified
D02-11344	ھۆللىمەك	headword	1108_2L.png	unverified
D02-11345	ھۆل - يېغىن	headword	1108_2L.png	unverified
D02-11346	ھۆمۈدەشمەك	headword	1108_2L.png	unverified
D02-11347	ھۆمۈدىمەك	headword	1108_2L.png	verified
D02-11348	ھۈ	headword	1108_2L.png	verified
D02-11349	ھۈپ	headword	1108_2L.png	verified
D02-11350	ھۈپپىدە	headword	1108_2L.png	verified
D02-11351	ھۆپلەتمەك	headword	1108_2L.png	verified
D02-11352	ھۈپلىمەك	headword	1108_2L.png	verified
D02-11353	ھۈپ - ھۈپ	headword	1108_2L.png	verified
D02-11354	ھۈجەيرە	headword	1108_2L.png	verified
D02-11355	ھۈرپەيتمەك	headword	1108_2L.png	verified
D02-11356	ھۈرپەيمەك	headword	1108_2L.png	verified
D02-11357	ھۈرپىيىشمەك	headword	1108_2L.png	verified
D02-11358	ھۈررەك	headword	1108_2L.png	verified
D02-11359	ھۈررەكلەشمەك	headword	1108_2L.png	verified
D02-11360	ھۈررەكلىك	headword	1108_2L.png	verified
D02-11361	ھۈررەك ـ ھۈررەك	headword	1109_1R.png	verified
D02-11362	ھۈرمەك	headword	1109_1R.png	unverified
D02-11363	ھۈل	headword	1109_1R.png	verified
D02-11364	ھۈمەلچاي	headword	1109_1R.png	verified
D02-11365	ھۈممە	headword	1109_1R.png	verified
D02-11366	ھۈنەر	headword	1109_1R.png	unverified
D02-11367	ھۈنەر - سەنئەت	headword	1109_1R.png	unverified
D02-11368	ھۈنەرسىز	headword	1109_1R.png	unverified
D02-11369	ھۈنەرلىك	headword	1109_1R.png	unverified
D02-11370	ھۈنەرۋەن	headword	1109_1R.png	unverified
D02-11371	ھۈنەرۋەنلىك	headword	1109_1R.png	unverified
D02-11372	ھېجىر	headword	1109_1R.png	unverified
D02-11373	ھېجىقىز	headword	1109_1R.png	unverified
D02-11374	ھېچ	headword	1109_1R.png	unverified
D02-11375	ھېچ بولمىسا	headword	1109_2L.png	unverified
D02-11376	ھېچ بولمىغاندا	headword	1109_2L.png	unverified
D02-11377	ھېچ قەيەر	headword	1109_2L.png	unverified
D02-11378	ھېچ كىشى	headword	1109_2L.png	unverified
D02-11379	ھېچ گەپ ئەمەس	headword	1109_2L.png	verified
D02-11380	ھېچ گەپنىڭ تايىنى يوق	headword	1109_2L.png	unverified
D02-11381	ھېچ گەپ يوق	headword	1109_2L.png	unverified
D02-11382	ھېچ نەرسە	headword	1109_2L.png	unverified
D02-11383	ھېچ نەرسە ئەمەس	headword	1109_2L.png	unverified
D02-11384	ھېچ ۋاقىت	headword	1109_2L.png	unverified
D02-11385	ھېچ ۋەقەسى يوق	headword	1109_2L.png	verified
D02-11386	ھېچ ئىش كۆرمىگەن	headword	1109_2L.png	unverified
D02-11387	ھېچ ئىش يوق	headword	1109_2L.png	unverified
D02-11388	ھېچبىر	headword	1109_2L.png	unverified
D02-11389	ھېچقاچان	headword	1109_2L.png	unverified
D02-11390	ھېچقانچە	headword	1109_2L.png	unverified
D02-11391	ھېچقانداق	headword	1110_1R.png	unverified
D02-11392	ھېچقايسى	headword	1110_1R.png	unverified
D02-11393	ھېچقىسى	headword	1110_1R.png	unverified
D02-11394	ھېچقىسى يوق	headword	1110_1R.png	unverified
D02-11395	ھېچكىم	headword	1110_1R.png	unverified
D02-11396	ھېچنە	headword	1110_1R.png	unverified
D02-11397	ھېچنېمە	headword	1110_1R.png	unverified
D02-11398	ھېچنېمىدىن ھېچنېمە يوق	headword	1110_1R.png	unverified
D02-11399	ھېرىپ - چارچاپ	headword	1110_1R.png	unverified
D02-11400	ھېرىپ - ئېچىپ	headword	1110_1R.png	unverified
D02-11401	ھېرىس	headword	1110_1R.png	unverified
D02-11402	ھېرىسلىك	headword	1110_1R.png	unverified
D02-11403	ھېرىسمەن	headword	1110_1R.png	unverified
D02-11404	ھېرىسمەنلىك	headword	1110_1R.png	unverified
D02-11405	ھېرىقماق	headword	1110_1R.png	unverified
D02-11406	ھېزى	headword	1110_1R.png	unverified
D02-11407	ھېس	headword	1110_1R.png	verified
D02-11407-i1	ھېسسى	inflected	1110_1R.png	verified
D02-11408	ھېس قىلماق	headword	1110_1R.png	verified
D02-11409	ھېساب	headword	1110_2L.png	unverified
D02-11410	ھېساب ئەمەس	headword	1110_2L.png	unverified
D02-11411	ھېسابتا بار، ھەمدەمدە يوق	headword	1110_2L.png	unverified
D02-11412	ھېسابىنى ئالماق	headword	1110_2L.png	unverified
D02-11413	ھېسابى يوق	headword	1110_2L.png	unverified
D02-11414	ھېسابات	headword	1110_2L.png	unverified
D02-11415	ھېساب-چوت	headword	1111_1R.png	unverified
D02-11416	ھېسابچى	headword	1111_1R.png	unverified
D02-11417	ھېسابسىز	headword	1111_1R.png	unverified
D02-11418	ھېساب-كىتاب	headword	1111_1R.png	verified
D02-11419	ھېسابلاش	headword	1111_1R.png	unverified
D02-11420	ھېسابلاش ماشىنىسى	headword	1111_1R.png	unverified
D02-11421	ھېسابلاشماق	headword	1111_1R.png	verified
D02-11422	ھېسابلانماق	headword	1111_1R.png	verified
D02-11423	ھېسابلىق	headword	1111_1R.png	unverified
D02-11424	ھېسابلىماق	headword	1111_2L.png	unverified
D02-11425	ھېس-تۇيغۇ	headword	1111_2L.png	unverified
D02-11426	ھېسداش	headword	1111_2L.png	unverified
D02-11427	ھېسداشلىق	headword	1111_2L.png	unverified
D02-11428	ھېسداشمەن	headword	1111_2L.png	unverified
D02-11429	ھېسداشمەنلىك	headword	1111_2L.png	unverified
D02-11430	ھېسسىز	headword	1111_2L.png	unverified
D02-11431	ھېسسىي	headword	1111_2L.png	unverified
D02-11432	ھېسسىي بىلىش	headword	1111_2L.png	unverified
D02-11433	ھېسسىيات	headword	1111_2L.png	unverified
D02-11434	ھېسسىياتچان	headword	1111_2L.png	unverified
D02-11435	ھېسسىياتچانلىق	headword	1111_2L.png	unverified
D02-11436	ھېسسىياتداش	headword	1111_2L.png	unverified
D02-11437	ھېسسىياتداشلىق	headword	1112_1R.png	unverified
D02-11438	ھېسسىياتسىز	headword	1112_1R.png	unverified
D02-11439	ھېسسىياتسىزلىق	headword	1112_1R.png	unverified
D02-11440	ھېسسىياتلاندۇرماق	headword	1112_1R.png	unverified
D02-11441	ھېسسىياتلانماق	headword	1112_1R.png	unverified
D02-11442	ھېسسىياتلىق	headword	1112_1R.png	unverified
D02-11443	ھېسسىياتلىنىشماق	headword	1112_1R.png	unverified
D02-11444	ھېسسىيلىق	headword	1112_1R.png	unverified
D02-11445	ھېس - ھاياجان	headword	1112_1R.png	unverified
D02-11446	ھېسىپ	headword	1112_1R.png	unverified
D02-11447	ھېشىق	headword	1112_1R.png	unverified
D02-11448	ھېق	headword	1112_1R.png	unverified
D02-11450	ھېق تۇتماق	headword	1112_1R.png	unverified
D02-11451	ھېققىدە	headword	1112_1R.png	unverified
D02-11452	ھېقىقلىماق	headword	1112_2L.png	unverified
D02-11453	ھېكايە	headword	1112_2L.png	unverified
D02-11454	ھېكايە فىلىم	headword	1112_2L.png	unverified
D02-11455	ھېكايىچى	headword	1112_2L.png	unverified
D02-11456	ھېكايىچىلىق	headword	1112_2L.png	unverified
D02-11457	ھېكايىلەشتۈرمەك	headword	1112_2L.png	unverified
D02-11458	ھېكايىلەشتۈرۈلمەك	headword	1112_2L.png	verified
D02-11459	ھېكماچ	headword	1112_2L.png	unverified
D02-11460	ھېكمەت	headword	1112_2L.png	unverified
D02-11461	ھېكمەتلىك	headword	1112_2L.png	unverified
D02-11462	ھېكىم	headword	1113_1R.png	unverified
D02-11463	ھېلى	headword	1113_1R.png	unverified
D02-11464	ھېلى بىكار	headword	1113_1R.png	unverified
D02-11465	ھېلىتىن	headword	1113_1R.png	unverified
D02-11466	ھېلىدىن - ھېلى	headword	1113_1R.png	unverified
D02-11467	ھېلىدىن - ھېلىغا	headword	1113_1R.png	unverified
D02-11468	ھېلىغىچە	headword	1113_1R.png	unverified
D02-11469	ھېلىقى	headword	1113_1R.png	unverified
D02-11470	ھېلىلە	headword	1113_1R.png	unverified
D02-11471	ھېلىلە قورۇق	headword	1113_1R.png	unverified
D02-11472	ھېلىم	headword	1113_1R.png	unverified
D02-11473	ھېلىملىق	headword	1113_1R.png	unverified
D02-11474	ھېلىمۇ	headword	1113_1R.png	unverified
D02-11475	ھېيت	headword	1113_2L.png	verified
D02-11476	ھېيت- ئايەم	headword	1113_2L.png	unverified
D02-11477	ھېيت- بايرام	headword	1113_2L.png	unverified
D02-11478	ھېيتلاتماق	headword	1113_2L.png	unverified
D02-11479	ھېيتلاشماق	headword	1113_2L.png	unverified
D02-11480	ھېيتلىق	headword	1113_2L.png	unverified
D02-11481	ھېيتلىماق	headword	1113_2L.png	unverified
D02-11482	ھېيىقتۇرماق	headword	1113_2L.png	unverified
D02-11483	ھېيىقماق	headword	1113_2L.png	unverified
D02-11484	ھېيىقىشماق	headword	1113_2L.png	verified
D02-11485	ھىجارىماق	headword	1113_2L.png	verified
D02-11486	ھىجاق	headword	1113_2L.png	verified
D02-11487	ھىجايتماق	headword	1113_2L.png	verified
D02-11488	ھىجايغاق	headword	1113_2L.png	verified
D02-11489	ھىجايماق	headword	1113_2L.png	verified
D02-11490	ھىجران	headword	1114_1R.png	unverified
D02-11491	ھىجرانلىق	headword	1114_1R.png	unverified
D02-11492	ھىجرەت	headword	1114_1R.png	unverified
D02-11493	ھىجرىيە	headword	1114_1R.png	unverified
D02-11494	ھىجىيىشماق	headword	1114_1R.png	unverified
D02-11495	ھىد	headword	1114_1R.png	unverified
D02-11496	ھىدىنى چىقارماسلىق	headword	1114_1R.png	unverified
D02-11497	ھىدايەت	headword	1114_1R.png	unverified
D02-11498	ھىدرات	headword	1114_1R.png	unverified
D02-11499	ھىدراتلاشماق	headword	1114_1R.png	unverified
D02-11500	ھىدرازىن	headword	1114_1R.png	unverified
D02-11501	ھىدراۋلىكا	headword	1114_1R.png	unverified
D02-11502	ھىدراۋلىكىلىق	headword	1114_2L.png	unverified
D02-11503	ھىدرو	headword	1114_2L.png	unverified
D02-11504	ھىدرو ئاكۇستىكا	headword	1114_2L.png	unverified
D02-11505	ھىدروبىيولوگىيە	headword	1114_2L.png	unverified
D02-11506	ھىدروتېخنىك	headword	1114_2L.png	unverified
D02-11507	ھىدروتېخنىكا	headword	1114_2L.png	unverified
D02-11508	ھىدرو تېخنىكىلىق	headword	1114_2L.png	unverified
D02-11509	ھىدروخىمىيە	headword	1114_2L.png	unverified
D02-11510	ھىدرودىنامىكا	headword	1114_2L.png	unverified
D02-11511	ھىدرودىنامىكىلىق	headword	1114_2L.png	unverified
D02-11512	ھىدروسفېرا	headword	1114_2L.png	unverified
D02-11513	ھىدروسىيانىد	headword	1114_2L.png	verified
D02-11514	ھىدروفون	headword	1114_2L.png	unverified
D02-11515	ھىدروفىتورىد	headword	1114_2L.png	unverified
D02-11516	ھىدروكاربون	headword	1115_1R.png	unverified
D02-11517	ھىدروكسىد	headword	1115_1R.png	unverified
D02-11518	ھىدروكسىل	headword	1115_1R.png	unverified
D02-11519	ھىدروكسىلئامىن	headword	1115_1R.png	unverified
D02-11520	ھىدروكلىماتولوگىيە	headword	1115_1R.png	unverified
D02-11521	ھىدروگراف	headword	1115_1R.png	unverified
D02-11522	ھىدروگېن	headword	1115_1R.png	unverified
D02-11523	ھىدروگېنلىق	headword	1115_1R.png	unverified
D02-11524	ھىدروگېنېراتور	headword	1115_1R.png	unverified
D02-11525	ھىدروگېئولوگىيە	headword	1115_1R.png	unverified
D02-11526	ھىدروگېئولوگىيەلىك	headword	1115_1R.png	unverified
D02-11527	ھىدرولوگىيە	headword	1115_1R.png	unverified
D02-11528	ھىدرولۇق	headword	1115_1R.png	verified
D02-11529	ھىدرولىز	headword	1115_1R.png	verified
D02-11530	ھىدرولىزلاشماق	headword	1115_2L.png	unverified
D02-11531	ھىدرولىزلانماق	headword	1115_2L.png	verified
D02-11532	ھىدرولىزلىغۇچى	headword	1115_2L.png	unverified
D02-11533	ھىدرولىزلىماق	headword	1115_2L.png	unverified
D02-11534	ھىدرومېتىرىيە	headword	1115_2L.png	verified
D02-11535	ھىدرومېخانىزم	headword	1115_2L.png	unverified
D02-11536	ھىدرومېخانىكا	headword	1115_2L.png	unverified
D02-11537	ھىدروئېنېرگىتىكا	headword	1115_2L.png	verified
D02-11538	ھىدروئېنېرگىيە	headword	1115_2L.png	unverified
D02-11539	ھىدروئېنېرگىيەلىك	headword	1115_2L.png	verified
D02-11540	ھىدروئىستاتىكا	headword	1115_2L.png	unverified
D02-11541	ھىدسىز	headword	1116_1R.png	verified
D02-11542	ھىدلاتماق	headword	1116_1R.png	unverified
D02-11543	ھىدلاشماق	headword	1116_1R.png	unverified
D02-11544	ھىدلىق	headword	1116_1R.png	unverified
D02-11545	ھىدلىماق	headword	1116_1R.png	unverified
D02-11546	ھىراۋۇل	headword	1116_1R.png	unverified
D02-11547	ھىرلىگۇدۇڭ	headword	1116_1R.png	verified
D02-11548	ھىسار	headword	1116_1R.png	unverified
D02-11549	ھىساربېگى	headword	1116_1R.png	verified
D02-11550	ھىستېرىيە	headword	1116_1R.png	verified
D02-11551	ھىستېرىيەلىك	headword	1116_1R.png	unverified
D02-11552	ھىڭ	headword	1116_1R.png	verified
D02-11553	ھىڭگاڭ	headword	1116_1R.png	unverified
D02-11554	ھىڭگان	headword	1116_1R.png	verified
D02-11555	ھىڭگايتماق	headword	1116_1R.png	unverified
D02-11556	ھىڭگايماق	headword	1116_1R.png	unverified
D02-11557	ھىڭىرمەك	headword	1116_1R.png	verified
D02-11558	ھىلال	headword	1116_1R.png	unverified
D02-11559	ھىلال ئاي	headword	1116_1R.png	unverified
D02-11560	ھىلبۇۋا	headword	1116_1R.png	verified
D02-11561	ھىلپىرلىماق	headword	1116_2L.png	verified
D02-11562	ھىل- ھىل	headword	1116_2L.png	unverified
D02-11563	ھىلھىلە	headword	1116_2L.png	unverified
D02-11564	ھىلھىلە ياغلىق	headword	1116_2L.png	unverified
D02-11565	ھىليۇن	headword	1116_2L.png	verified
D02-11566	ھىم	headword	1116_2L.png	unverified
D02-11568	ھىمات	headword	1116_2L.png	unverified
D02-11569	ھىماتچى	headword	1116_2L.png	unverified
D02-11570	ھىماتسىز	headword	1116_2L.png	unverified
D02-11571	ھىماتكار	headword	1116_2L.png	unverified
D02-11572	ھىماتكارلىق	headword	1116_2L.png	unverified
D02-11573	ھىمالايا	headword	1116_2L.png	unverified
D02-11574	ھىمايە	headword	1117_1R.png	unverified
D02-11575	ھىمايىچى	headword	1117_1R.png	unverified
D02-11576	ھىمايىسىز	headword	1117_1R.png	unverified
D02-11577	ھىمرىق ئاش	headword	1117_1R.png	verified
D02-11578	ھىمزىرھىم	headword	1117_1R.png	verified
D02-11579	ھىملەشتۈرمەك	headword	1117_1R.png	verified
D02-11580	ھىملەشتۈرۈشمەك	headword	1117_1R.png	verified
D02-11581	ھىملەشتۈرۈلمەك	headword	1117_1R.png	verified
D02-11582	ھىملەشمەك	headword	1117_1R.png	unverified
D02-11583	ھىملەنمەك	headword	1117_1R.png	verified
D02-11584	ھىملىمەك	headword	1117_1R.png	verified
D02-11585	ھىممەت	headword	1117_1R.png	unverified
D02-11586	ھىممەت - ساخاۋەت	headword	1117_1R.png	unverified
D02-11587	ھىممەتسىز	headword	1117_1R.png	unverified
D02-11588	ھىممەتسىزلىك	headword	1117_1R.png	unverified
D02-11589	ھىممەت - شاپائەت	headword	1117_1R.png	unverified
D02-11590	ھىممەتلىك	headword	1117_1R.png	unverified
D02-11591	ھىنايانا	headword	1117_2L.png	verified
D02-11592	ھىندى	headword	1117_2L.png	verified
D02-11593	ھىندى ئوكيان	headword	1117_2L.png	unverified
D02-11594	ھىندىچە	headword	1117_2L.png	unverified
D02-11595	ھىندىچىنى	headword	1117_2L.png	unverified
D02-11596	ھىندىغالچەك	headword	1117_2L.png	unverified
D02-11597	ھىيلە	headword	1117_2L.png	unverified
D02-11598	ھىيلە - مىكىر	headword	1117_2L.png	unverified
D02-11599	ھىيلە - مىكىرچى	headword	1117_2L.png	unverified
D02-11600	ھىيلە - مىكىرلىك	headword	1117_2L.png	unverified
D02-11601	ھىيلە - نەيرەڭ	headword	1117_2L.png	unverified
D02-11602	ھىيلىگەر	headword	1117_2L.png	unverified
D02-11603	ھىيلىگەرلىك	headword	1117_2L.png	unverified
D02-11604	ئوبدان	headword	1118_1R.png	unverified
D02-11605	ئوبدانچاق	headword	1118_1R.png	verified
D02-11606	ئوبدانچاقلىق	headword	1118_1R.png	verified
D02-11607	ئوبدانچىلىق	headword	1118_1R.png	unverified
D02-11608	ئوبدانلاشماق	headword	1118_1R.png	unverified
D02-11609	ئوبدانلىق	headword	1118_1R.png	unverified
D02-11610	ئوبدانلىماق	headword	1118_1R.png	unverified
D02-11611	ئوبراز	headword	1118_1R.png	unverified
D02-11612	ئوبرازچانلىق	headword	1118_1R.png	unverified
D02-11613	ئوبرازلاشتۇرماق	headword	1118_1R.png	unverified
D02-11614	ئوبرازلاشتۇرۇش	headword	1118_2L.png	unverified
D02-11615	ئوبرازلاشتۇرۇشماق	headword	1118_2L.png	verified
D02-11616	ئوبرازلاشتۇرۇلماق	headword	1118_2L.png	unverified
D02-11617	ئوبرازلاشماق	headword	1118_2L.png	unverified
D02-11618	ئوبرازلانماق	headword	1118_2L.png	verified
D02-11619	ئوبرازلىق	headword	1118_2L.png	unverified
D02-11620	ئوبرازلىماق	headword	1118_2L.png	unverified
D02-11621	ئوبزور	headword	1118_2L.png	unverified
D02-11622	ئوبزورچى	headword	1118_2L.png	unverified
D02-11623	ئوبزورچىلىق	headword	1118_2L.png	unverified
D02-11624	ئوبكوم	headword	1119_1R.png	unverified
D02-11625	ئوبلاست	headword	1119_1R.png	unverified
D02-11626	ئوبلاستلىق	headword	1119_1R.png	unverified
D02-11627	ئوبوروت	headword	1119_1R.png	unverified
D02-11628	ئوبوروتچىلىق	headword	1119_1R.png	unverified
D02-11629	ئوبۇ	headword	1119_1R.png	unverified
D02-11630	ئوبۇشقا	headword	1119_1R.png	unverified
D02-11631	ئوبىسدىيان	headword	1119_1R.png	verified
D02-11632	ئوبيوم	headword	1119_1R.png	unverified
D02-11633	ئوبيېكت	headword	1119_1R.png	unverified
D02-11634	ئوبيېكتىپ	headword	1119_1R.png	unverified
D02-11635	ئوبيېكتىپلىق	headword	1119_2L.png	unverified
D02-11636	ئوبيېكتىۋىزم	headword	1119_2L.png	unverified
D02-11637	ئوپال	headword	1119_2L.png	unverified
D02-11638	ئوپپۇرتۇنىزم	headword	1119_2L.png	verified
D02-11639	ئوپپۇرتۇنىست	headword	1119_2L.png	verified
D02-11640	ئوپتىكا	headword	1119_2L.png	verified
D02-11641	ئوپتىكىلىق	headword	1119_2L.png	unverified
D02-11642	ئوپتىمېتىر	headword	1119_2L.png	verified
D02-11643	ئوپتىمىزم	headword	1119_2L.png	verified
D02-11644	ئوپتىمىست	headword	1120_1R.png	unverified
D02-11645	ئوپچە	headword	1120_1R.png	unverified
D02-11646	ئوپقا	headword	1120_1R.png	unverified
D02-11647	ئوپقان	headword	1120_1R.png	unverified
D02-11648	ئوپقانلىق	headword	1120_1R.png	unverified
D02-11649	ئوپلىماق	headword	1120_1R.png	unverified
D02-11650	ئوپۇر	headword	1120_1R.png	unverified
D02-11651	ئوپۇر-توپۇر	headword	1120_1R.png	unverified
D02-11652	ئوپۇرماق	headword	1120_1R.png	unverified
D02-11653	ئوپۇرۇلماق	headword	1120_1R.png	unverified
D02-11654	ئوپۇل-توپۇل	headword	1120_1R.png	unverified
D02-11655	ئوپۇم	headword	1120_1R.png	unverified
D02-11656	ئوپېرا	headword	1120_1R.png	unverified
D02-11657	ئوپېراتسىيە	headword	1120_1R.png	unverified
D02-11658	ئوپېراتور	headword	1120_1R.png	unverified
D02-11659	ئوپېراتورلۇق	headword	1120_1R.png	unverified
D02-11660	ئوپېرالاشتۇرماق	headword	1120_1R.png	unverified
D02-11661	ئوپېرالاشتۇرۇلماق	headword	1120_1R.png	unverified
D02-11662	ئوت	headword	1120_2L.png	verified
D02-11664	ئوت ئاچماق	headword	1120_2L.png	unverified
D02-11665	ئوت ئالماق	headword	1120_2L.png	unverified
D02-11666	ئوت بىلەن سۇدەك	headword	1120_2L.png	unverified
D02-11667	ئوت بىلەن ئويناشماق	headword	1120_2L.png	verified
D02-11668	ئوتقا ياغ چاچماق	headword	1120_2L.png	unverified
D02-11669	ئوت قويماق	headword	1120_2L.png	unverified
D02-11670	ئوت كەتمەك	headword	1120_2L.png	verified
D02-11671	ئوت ئېتىقادچىلىقى	headword	1121_1R.png	unverified
D02-11672	ئوت ئېغىز	headword	1121_1R.png	unverified
D02-11673	ئوتى بار	headword	1121_1R.png	unverified
D02-11674	ئوتى بېسىلماق	headword	1121_1R.png	unverified
D02-11675	ئوت يۈرەك	headword	1121_1R.png	unverified
D02-11676	ئوتاتماق	headword	1121_1R.png	unverified
D02-11677	ئوتاچى	headword	1121_1R.png	unverified
D02-11678	ئوتاشماق	headword	1121_1R.png	unverified
D02-11679	ئوتاق	headword	1121_1R.png	unverified
D02-11681	ئوتاقچى	headword	1121_1R.png	unverified
D02-11682	ئوتالغۇ	headword	1121_2L.png	verified
D02-11683	ئوتالماق	headword	1121_2L.png	unverified
D02-11684	ئوت - بوغۇز	headword	1121_2L.png	unverified
D02-11685	ئوتپەرەس	headword	1121_2L.png	unverified
D02-11686	ئوتپەرەسلىك	headword	1121_2L.png	unverified
D02-11687	ئوت - پىراق	headword	1121_2L.png	unverified
D02-11688	ئوتتاش	headword	1121_2L.png	unverified
D02-11689	ئوتتۇرا	headword	1121_2L.png	unverified
D02-11690	ئوتتۇرا ئەسىر	headword	1122_1R.png	unverified
D02-11691	ئوتتۇرا دولقۇن	headword	1122_1R.png	unverified
D02-11692	ئوتتۇرا قاتلام	headword	1122_1R.png	unverified
D02-11693	ئوتتۇرا قولدەك	headword	1122_1R.png	unverified
D02-11694	ئوتتۇرا كېچە	headword	1122_1R.png	unverified
D02-11695	ئوتتۇرا مەكتەپ	headword	1122_1R.png	unverified
D02-11696	ئوتتۇرا ھايات ئېراسى	headword	1122_1R.png	unverified
D02-11697	ئوتتۇرا يولدا	headword	1122_1R.png	unverified
D02-11698	ئوتتۇرىغا چىقماق	headword	1122_1R.png	unverified
D02-11699	ئوتتۇرانچى	headword	1122_1R.png	unverified
D02-11700	ئوتتۇرىچە	headword	1122_1R.png	unverified
D02-11701	ئوتتۇرىلاشماق	headword	1122_2L.png	unverified
D02-11702	ئوتتۇرىلىق	headword	1122_2L.png	verified
D02-11702-v1	ئارىلىق	variant	1122_2L.png	verified
D02-11703	ئوتتۇز	headword	1122_2L.png	unverified
D02-11704	ئوتتۇز ئوغۇل	headword	1122_2L.png	verified
D02-11705	ئوتتۇزبېشى	headword	1122_2L.png	unverified
D02-11706	ئوتتۇزىنچى	headword	1122_2L.png	unverified
D02-11707	ئوتتېلىيە	headword	1122_2L.png	unverified
D02-11708	ئوتتېلىيە ئوتى	headword	1122_2L.png	unverified
D02-11709	ئوت-چۆپ	headword	1122_2L.png	unverified
D02-11710	ئوتخانا	headword	1122_2L.png	unverified
D02-11712	ئوت-خەس	headword	1122_2L.png	unverified
D02-11713	ئوتخور	headword	1122_2L.png	unverified
D02-11714	ئوتخورلۇق	headword	1122_2L.png	unverified
D02-11715	ئوت-سامان	headword	1122_2L.png	unverified
D02-11716	ئوتسىندۇرماق	headword	1122_2L.png	unverified
D02-11717	ئوتسىنماق	headword	1122_2L.png	unverified
D02-11718	ئوتسىنىشماق	headword	1122_2L.png	unverified
D02-11719	ئوتقاش	headword	1122_2L.png	unverified
D02-11720	ئوتقاشچى	headword	1123_1R.png	unverified
D02-11721	ئوتقۇيرۇق	headword	1123_1R.png	unverified
D02-11722	ئوتقۇيرۇقلۇق	headword	1123_1R.png	unverified
D02-11723	ئوت - كاۋاپ	headword	1123_1R.png	unverified
D02-11724	ئوتكۆچ	headword	1123_1R.png	verified
D02-11725	ئوتكۆچ قىلماق	headword	1123_1R.png	unverified
D02-11726	ئوتلاپ قاقماق	headword	1123_1R.png	unverified
D02-11727	ئوتلاتماق	headword	1123_1R.png	unverified
D02-11730	ئوتلاشماق	headword	1123_1R.png	unverified
D02-11733	ئوتلاق	headword	1123_1R.png	unverified
D02-11734	ئوتلاق سالمىسى	headword	1123_1R.png	unverified
D02-11735	ئوتلاقچىلىق	headword	1123_2L.png	unverified
D02-11736	ئوتلام	headword	1123_2L.png	unverified
D02-11737	ئوتلاندۇرماق	headword	1123_2L.png	unverified
D02-11740	ئوتلانماق	headword	1123_2L.png	unverified
D02-11743	ئوتلۇق	headword	1123_2L.png	unverified
D02-11746	ئوتلىتىشماق	headword	1124_1R.png	unverified
D02-11749	ئوتلىماق	headword	1124_1R.png	unverified
D02-11751	ئوتھارۋا	headword	1124_1R.png	unverified
D02-11752	ئوتوفون	headword	1124_1R.png	unverified
D02-11753	ئوتۇغات	headword	1124_1R.png	unverified
D02-11754	ئوتۇغات مونچاق	headword	1124_1R.png	unverified
D02-11755	ئوتۇغاتسىز	headword	1124_1R.png	unverified
D02-11756	ئوتۇقماق	headword	1124_1R.png	verified
D02-11757	ئوتۇن	headword	1124_1R.png	unverified
D02-11758	ئوتۇننى يۇيۇپ قالايدىغان	headword	1124_1R.png	unverified
D02-11759	ئوتۇن-چاۋار	headword	1124_1R.png	unverified
D02-11760	ئوتۇنچى	headword	1124_2L.png	unverified
D02-11761	ئوتۇنچىلىق	headword	1124_2L.png	unverified
D02-11762	ئوتۇنخانا	headword	1124_2L.png	unverified
D02-11763	ئوتۇنلۇق	headword	1124_2L.png	unverified
D02-11764	ئوتىغۇچ	headword	1124_2L.png	unverified
D02-11765	ئوتىماق	headword	1124_2L.png	unverified
D02-11766	ئوتياش	headword	1124_2L.png	unverified
D02-11767	ئوتياشچى	headword	1124_2L.png	unverified
D02-11768	ئوتياشچىلىق	headword	1124_2L.png	unverified
D02-11769	ئوتياشلىق	headword	1124_2L.png	unverified
D02-11770	ئوچ	headword	1124_2L.png	unverified
D02-11771	ئوچا قىلماق	headword	1124_2L.png	unverified
D02-11772	ئوچاق	headword	1124_2L.png	unverified
D02-11773	ئوچاقلىق	headword	1124_2L.png	unverified
D02-11774	ئوچاقنەيزە	headword	1124_2L.png	unverified
D02-11775	ئوچۇق	headword	1124_2L.png	unverified
D02-11776	ئوچۇق بوغۇم	headword	1125_1R.png	unverified
D02-11777	ئوچۇق خەت	headword	1125_1R.png	unverified
D02-11778	ئوچۇق دەرس	headword	1125_1R.png	unverified
D02-11779	ئوچۇق دېڭىز	headword	1125_1R.png	unverified
D02-11780	ئوچۇق سوت	headword	1125_1R.png	unverified
D02-11781	ئوچۇق ئىمتىھان	headword	1125_1R.png	unverified
D02-11782	ئوچۇق - ئاشكارا	headword	1125_1R.png	unverified
D02-11783	ئوچۇقتىن - ئوچۇق	headword	1125_1R.png	unverified
D02-11784	ئوچۇقچىلىق	headword	1125_1R.png	unverified
D02-11785	ئوچۇقلاشتۇرماق	headword	1125_2L.png	unverified
D02-11786	ئوچۇقلاشتۇرۇشماق	headword	1125_2L.png	unverified
D02-11787	ئوچۇقلاشتۇرۇلماق	headword	1125_2L.png	unverified
D02-11788	ئوچۇقلاشماق	headword	1125_2L.png	unverified
D02-11789	ئوچۇقلۇق	headword	1125_2L.png	unverified
D02-11790	ئوچۇقلىماق	headword	1125_2L.png	unverified
D02-11791	ئوچۇق - يورۇق	headword	1125_2L.png	unverified
D02-11792	ئوچۇم	headword	1125_2L.png	unverified
D02-11793	ئوچۇملاتماق	headword	1125_2L.png	unverified
D02-11794	ئوچۇملاشماق	headword	1125_2L.png	unverified
D02-11795	ئوچۇملانماق	headword	1125_2L.png	unverified
D02-11796	ئوچۇملىماق	headword	1125_2L.png	unverified
D02-11797	ئوچېرىك	headword	1125_2L.png	unverified
D02-11798	ئوخشاتماق	headword	1126_1R.png	verified
D02-11799	ئوخشاش	headword	1126_1R.png	unverified
D02-11800	ئوخشاشلاشتۇرماق	headword	1126_1R.png	unverified
D02-11801	ئوخشاشلاشتۇرۇشماق	headword	1126_1R.png	unverified
D02-11802	ئوخشاشلاشتۇرۇلماق	headword	1126_1R.png	unverified
D02-11803	ئوخشاشلاشماق	headword	1126_1R.png	unverified
D02-11804	ئوخشاشلىق	headword	1126_1R.png	unverified
D02-11805	ئوخشاشماق	headword	1126_1R.png	unverified
D02-11806	ئوخشالماق	headword	1126_1R.png	unverified
D02-11807	ئوخشۇغۇ	headword	1126_1R.png	unverified
D02-11808	ئوخشىتىش	headword	1126_1R.png	unverified
D02-11809	ئوخشىتىشماق	headword	1126_1R.png	unverified
D02-11810	ئوخشىتىلماق	headword	1126_1R.png	unverified
D02-11811	ئوخشىماق	headword	1126_2L.png	unverified
D02-11812	ئوخشىۋالماق	headword	1126_2L.png	verified
D02-11813	ئودوغۇچ	headword	1126_2L.png	unverified
D02-11814	ئودونتولوگىيە	headword	1126_2L.png	verified
D02-11815	ئودىكام	headword	1126_2L.png	unverified
D02-11816	ئورا	headword	1126_2L.png	unverified
D02-11817	ئورا كولىماق	headword	1126_2L.png	unverified
D02-11818	ئوراتماق	headword	1126_2L.png	unverified
D02-11819	ئوراشماق	headword	1126_2L.png	unverified
D02-11820	ئوراق	headword	1126_2L.png	unverified
D02-11821	ئوراقسىز	headword	1126_2L.png	unverified
D02-11822	ئوراقلىق	headword	1126_2L.png	unverified
D02-11823	ئورالما	headword	1126_2L.png	unverified
D02-11824	ئورالماق	headword	1126_2L.png	verified
D02-11825	ئورام	headword	1127_1R.png	unverified
D02-11827	ئوران	headword	1127_1R.png	unverified
D02-11828	ئورانگۇتان	headword	1127_1R.png	verified
D02-11829	ئورانماق	headword	1127_1R.png	unverified
D02-11830	ئوراي	headword	1127_1R.png	unverified
D02-11831	ئورەك	headword	1127_1R.png	unverified
D02-11832	ئوربىتا	headword	1127_1R.png	unverified
D02-11833	ئوربىتىلىق	headword	1127_1R.png	unverified
D02-11834	ئورتا	headword	1127_1R.png	unverified
D02-11835	ئورتاق	headword	1127_1R.png	unverified
D02-11836	ئورتاقچى	headword	1127_1R.png	unverified
D02-11837	ئورتاقچىلىق	headword	1127_2L.png	unverified
D02-11838	ئورتاقلاشتۇرماق	headword	1127_2L.png	unverified
D02-11839	ئورتاقلاشتۇرۇلماق	headword	1127_2L.png	unverified
D02-11840	ئورتاقلاشماق	headword	1127_2L.png	unverified
D02-11841	ئورتاقلىق	headword	1127_2L.png	unverified
D02-11842	ئوردا	headword	1127_2L.png	unverified
D02-11843	ئوردا-ساراي	headword	1127_2L.png	unverified
D02-11844	ئوردان	headword	1127_2L.png	unverified
D02-11845	ئوردوۋىك	headword	1127_2L.png	unverified
D02-11846	ئوردوۋىك دەۋرى	headword	1127_2L.png	unverified
D02-11847	ئوردوۋىك سىستېمىسى	headword	1127_2L.png	unverified
D02-11848	ئوردو	headword	1127_2L.png	unverified
D02-11849	ئوردو تىلى	headword	1127_2L.png	unverified
D02-11850	ئوردۇچە	headword	1128_1R.png	unverified
D02-11851	ئوردېر	headword	1128_1R.png	unverified
D02-11852	ئوردېن	headword	1128_1R.png	unverified
D02-11853	ئوردىبېگى	headword	1128_1R.png	unverified
D02-11854	ئوردىلىق	headword	1128_1R.png	unverified
D02-11855	ئوردىماق	headword	1128_1R.png	unverified
D02-11856	ئوردىنات	headword	1128_1R.png	unverified
D02-11857	ئورغاق	headword	1128_1R.png	unverified
D02-11858	ئورغاقچى	headword	1128_1R.png	unverified
D02-11859	ئورغاقسىمان	headword	1128_1R.png	unverified
D02-11860	ئورغۇزماق	headword	1128_1R.png	unverified
D02-11861	ئورفوگرافىيە	headword	1128_1R.png	verified
D02-11862	ئوركېستىر	headword	1128_1R.png	unverified
D02-11863	ئوركېستىرلاشتۇرماق	headword	1128_1R.png	unverified
D02-11864	ئوركېستىرلاشتۇرۇلماق	headword	1128_1R.png	unverified
D02-11865	ئوركېستىرلاشماق	headword	1128_1R.png	unverified
D02-11866	ئوركېستىرلىق	headword	1128_2L.png	unverified
D02-11867	ئورگان	headword	1128_2L.png	unverified
D02-11869	ئورگانىزم	headword	1128_2L.png	unverified
D02-11870	ئورگانىك	headword	1128_2L.png	unverified
D02-11871	ئورگانىكلەشتۈرمەك	headword	1128_2L.png	unverified
D02-11872	ئورگانىكلەشتۈرۈلمەك	headword	1128_2L.png	unverified
D02-11873	ئورگانىكلەشمەك	headword	1128_2L.png	unverified
D02-11874	ئورگىنىيە	headword	1128_2L.png	verified
D02-11875	ئورگىنىيە ئوتى	headword	1128_2L.png	unverified
D02-11876	ئورلاڭ	headword	1129_1R.png	unverified
D02-11877	ئورما	headword	1129_1R.png	unverified
D02-11878	ئورماق	headword	1129_1R.png	unverified
D02-11879	ئورمان	headword	1129_1R.png	unverified
D02-11880	ئورمان بەلبېغى	headword	1129_1R.png	verified
D02-11881	ئورمانچى	headword	1129_1R.png	unverified
D02-11882	ئورمانچىلىق	headword	1129_1R.png	unverified
D02-11883	ئورمانزار	headword	1129_1R.png	unverified
D02-11884	ئورمانزارلىق	headword	1129_1R.png	unverified
D02-11885	ئورمانشۇناس	headword	1129_1R.png	unverified
D02-11886	ئورمانشۇناسلىق	headword	1129_1R.png	unverified
D02-11887	ئورمانلاشتۇرماق	headword	1129_1R.png	unverified
D02-11888	ئورمانلاشتۇرۇشماق	headword	1129_1R.png	unverified
D02-11889	ئورمانلاشتۇرۇلماق	headword	1129_1R.png	unverified
D02-11890	ئورمانلاشماق	headword	1129_1R.png	unverified
D02-11891	ئورمانلىق	headword	1129_1R.png	unverified
D02-11892	ئورمىچى	headword	1129_1R.png	unverified
D02-11893	ئورمىلىق	headword	1129_1R.png	unverified
D02-11894	ئورناتماق	headword	1129_1R.png	unverified
D02-11895	ئورناشتۇرماق	headword	1129_2L.png	unverified
D02-11896	ئورناشتۇرۇشماق	headword	1129_2L.png	unverified
D02-11897	ئورناشتۇرۇلماق	headword	1129_2L.png	unverified
D02-11898	ئورناشماق	headword	1129_2L.png	unverified
D02-11899	ئورنىتىشماق	headword	1129_2L.png	verified
D02-11900	ئورنىتىلماق	headword	1129_2L.png	unverified
D02-11901	ئورنىماق	headword	1129_2L.png	unverified
D02-11902	ئورۇس	headword	1129_2L.png	unverified
D02-11902-v1	رۇس	variant	1129_2L.png	unverified
D02-11903	ئورۇسگۈل	headword	1129_2L.png	unverified
D02-11904	ئورۇشماق	headword	1129_2L.png	unverified
D02-11905	ئورۇق	headword	1129_2L.png	unverified
D02-11906	ئورۇق ئات	headword	1129_2L.png	unverified
D02-11908	ئورۇقسىز	headword	1129_2L.png	unverified
D02-11909	ئورۇقلاتماق	headword	1129_2L.png	unverified
D02-11910	ئورۇقلۇق	headword	1130_1R.png	verified
D02-11912	ئورۇقلىتىلماق	headword	1130_1R.png	unverified
D02-11913	ئورۇقلىماق	headword	1130_1R.png	unverified
D02-11914	ئورۇلماق	headword	1130_1R.png	unverified
D02-11915	ئورۇلۇق	headword	1130_1R.png	verified
D02-11915-v1	خامپا	variant	1130_1R.png	verified
D02-11916	ئورۇم	headword	1130_1R.png	unverified
D02-11917	ئورۇن	headword	1130_1R.png	verified
D02-11917-i1	ئورنى	inflected	1130_1R.png	verified
D02-11918	ئورۇن كېلىش	headword	1130_2L.png	unverified
D02-11919	ئورنىنى قىلماق	headword	1130_2L.png	unverified
D02-11920	ئورنى ئىسسىماق	headword	1130_2L.png	unverified
D02-11921	ئورنى يوق	headword	1130_2L.png	unverified
D02-11922	ئورۇنا	headword	1130_2L.png	unverified
D02-11923	ئورۇنباسار	headword	1130_2L.png	unverified
D02-11924	ئورۇن - تۆشەك	headword	1130_2L.png	unverified
D02-11925	ئورۇنجى	headword	1130_2L.png	unverified
D02-11926	ئورۇنداتماق	headword	1130_2L.png	unverified
D02-11927	ئورۇنداشماق	headword	1130_2L.png	unverified
D02-11928	ئورۇندالماق	headword	1130_2L.png	unverified
D02-11929	ئورۇندۇق	headword	1130_2L.png	unverified
D02-11930	ئورۇندۇقلۇق	headword	1131_1R.png	unverified
D02-11931	ئورۇندىماق	headword	1131_1R.png	unverified
D02-11932	ئورۇنسىز	headword	1131_1R.png	unverified
D02-11933	ئورۇنسىزلىق	headword	1131_1R.png	unverified
D02-11934	ئورۇن - كۆرپە	headword	1131_1R.png	unverified
D02-11935	ئورۇنلاتماق	headword	1131_1R.png	unverified
D02-11936	ئورۇنلاشتۇرماق	headword	1131_1R.png	unverified
D02-11937	ئورۇنلاشتۇرۇشماق	headword	1131_1R.png	unverified
D02-11938	ئورۇنلاشتۇرۇلما	headword	1131_1R.png	unverified
D02-11939	ئورۇنلاشتۇرۇلماق	headword	1131_1R.png	unverified
D02-11940	ئورۇنلاشماق	headword	1131_1R.png	unverified
D02-11942	ئورۇنلانماق	headword	1131_2L.png	unverified
D02-11943	ئورۇنلۇق	headword	1131_2L.png	unverified
D02-11944	ئورۇنلىماق	headword	1131_2L.png	unverified
D02-11945	ئورىدىماق	headword	1131_2L.png	unverified
D02-11946	ئورىغۇچى	headword	1131_2L.png	unverified
D02-11947	ئورىماق	headword	1131_2L.png	unverified
D02-11949	ئوزا	headword	1131_2L.png	unverified
D02-11950-i1	ئوزايى	inflected	1131_2L.png	verified
D02-11951	ئوزاقى	headword	1131_2L.png	unverified
D02-11951-v1	ئوزا I	variant	1131_2L.png	unverified
D02-11952	ئوزاقى يىل	headword	1131_2L.png	unverified
D02-11953	ئوزدۇرماق	headword	1131_2L.png	unverified
D02-11954	ئوزماق	headword	1131_2L.png	unverified
D02-11955	ئوزون	headword	1131_2L.png	unverified
D02-11956	ئوزۇق	headword	1131_2L.png	unverified
D02-11957	ئوزۇق - تۈلۈك	headword	1132_1R.png	unverified
D02-11958	ئوزۇقسىز	headword	1132_1R.png	unverified
D02-11959	ئوزۇقشۇناس	headword	1132_1R.png	unverified
D02-11960	ئوزۇقشۇناسلىق	headword	1132_1R.png	unverified
D02-11961	ئوزۇقلاندۇرماق	headword	1132_1R.png	unverified
D02-11962	ئوزۇقلاندۇرۇشماق	headword	1132_1R.png	unverified
D02-11963	ئوزۇقلاندۇرۇلماق	headword	1132_1R.png	unverified
D02-11964	ئوزۇقلانماق	headword	1132_1R.png	unverified
D02-11965	ئوزۇقلۇق	headword	1132_1R.png	unverified
D02-11966	ئوسا	headword	1132_2L.png	verified
D02-11967	ئوسال	headword	1132_2L.png	unverified
D02-11968	ئوساللاشتۇرۇشماق	headword	1132_2L.png	verified
D02-11969	ئوساللاشتۇرۇلماق	headword	1132_2L.png	unverified
D02-11970	ئوساللاشماق	headword	1132_2L.png	unverified
D02-11971	ئوساللىق	headword	1132_2L.png	unverified
D02-11972	ئوسما	headword	1132_2L.png	unverified
D02-11973	ئوسما قويماق	headword	1132_2L.png	unverified
D02-11974	ئوسموس	headword	1132_2L.png	unverified
D02-11975	ئوسموسلۇق	headword	1132_2L.png	unverified
D02-11976	ئوسمى	headword	1132_2L.png	unverified
D02-11977	ئوسۇرتماق	headword	1133_1R.png	unverified
D02-11978	ئوسۇرغاق	headword	1133_1R.png	unverified
D02-11979	ئوسۇرماق	headword	1133_1R.png	unverified
D02-11980	ئوسۇرۇشماق	headword	1133_1R.png	unverified
D02-11981	ئوسۇرۇق	headword	1133_1R.png	unverified
D02-11982	ئوسۇرۇقىغا ئالماسلىق	headword	1133_1R.png	verified
D02-11984	ئوسۇڭلۇق	headword	1133_1R.png	unverified
D02-11985	ئوسېتر	headword	1133_1R.png	unverified
D02-11986	ئوش	headword	1133_1R.png	unverified
D02-11987	ئوشە	headword	1133_1R.png	unverified
D02-11988	ئوشتۇتماق	headword	1133_1R.png	unverified
D02-11989	ئوشتۇشماق	headword	1133_1R.png	unverified
D02-11990	ئوشتۇماق	headword	1133_2L.png	verified
D02-11991	ئوششاق	headword	1133_2L.png	unverified
D02-11992	ئوششاق مۇقامى	headword	1133_2L.png	unverified
D02-11993	ئوشۇتماق	headword	1133_2L.png	unverified
D02-11994	ئوشۇق	headword	1133_2L.png	unverified
D02-11996	ئوشۇق ئوينىماق	headword	1133_2L.png	unverified
D02-11997	ئوشۇقى ئالچۇ چۈشمەك	headword	1133_2L.png	unverified
D02-11998	ئوشۇق - تۆشۈك	headword	1133_2L.png	unverified
D02-11999	ئوشۇق - تۆشۈك گېپى يوق	headword	1133_2L.png	unverified
D02-12000	ئوشۇقتىن- ئوشۇق	headword	1133_2L.png	unverified
D02-12001	ئوشۇقچە	headword	1133_2L.png	unverified
D02-12002	ئوشۇقچىلىق	headword	1133_2L.png	unverified
D02-12003	ئوشۇقلوق	headword	1133_2L.png	verified
D02-12004	ئوشۇقماق	headword	1134_1R.png	unverified
D02-12005	ئوغا	headword	1134_1R.png	unverified
D02-12006	ئوغچا	headword	1134_1R.png	unverified
D02-12007	ئوغرى	headword	1134_1R.png	unverified
D02-12008	ئوغرى باغ	headword	1134_1R.png	unverified
D02-12009	ئوغرى بوي	headword	1134_1R.png	unverified
D02-12010	ئوغرى تۇتماق	headword	1134_1R.png	unverified
D02-12011	ئوغرى چىش	headword	1134_1R.png	unverified
D02-12012	ئوغرى يانچۇق	headword	1134_1R.png	unverified
D02-12013	ئوغرى يول	headword	1134_1R.png	unverified
D02-12014	ئوغرىتىكەن	headword	1134_1R.png	unverified
D02-12015	ئوغرىلاتماق	headword	1134_1R.png	unverified
D02-12016	ئوغرىلاشماق	headword	1134_1R.png	unverified
D02-12017	ئوغرىلانماق	headword	1134_1R.png	unverified
D02-12018	ئوغرىلىق	headword	1134_1R.png	unverified
D02-12019	ئوغرىلىقچە	headword	1134_1R.png	unverified
D02-12020	ئوغرىلىماق	headword	1134_1R.png	verified
D02-12021	ئوغلاق	headword	1134_2L.png	unverified
D02-12022	ئوغلاق تارتىشىش	headword	1134_2L.png	unverified
D02-12023	ئوغلاقچى	headword	1134_2L.png	unverified
D02-12024	ئوغلاقلىق	headword	1134_2L.png	unverified
D02-12025	ئوغلان	headword	1134_2L.png	unverified
D02-12026	ئوغلانلىق	headword	1134_2L.png	unverified
D02-12027	ئوغۇ	headword	1134_2L.png	unverified
D02-12028	ئوغۇت	headword	1134_2L.png	unverified
D02-12029	ئوغۇتسىز	headword	1134_2L.png	unverified
D02-12030	ئوغۇتلاتماق	headword	1134_2L.png	unverified
D02-12031	ئوغۇتلاشماق	headword	1134_2L.png	unverified
D02-12032	ئوغۇتلانماق	headword	1134_2L.png	unverified
D02-12033	ئوغۇتلۇق	headword	1134_2L.png	unverified
D02-12034	ئوغۇتلىماق	headword	1134_2L.png	unverified
D02-12035	ئوغۇتماق	headword	1134_2L.png	unverified
D02-12036	ئوغۇز	headword	1134_2L.png	unverified
D02-12038	ئوغۇز چىش	headword	1134_2L.png	unverified
D02-12039	ئوغۇل	headword	1135_1R.png	verified
D02-12039-i1	ئوغلى	inflected	1135_1R.png	verified
D02-12040	ئوغۇل بالا	headword	1135_1R.png	unverified
D02-12041	ئوغۇلچاق	headword	1135_1R.png	unverified
D02-12042	ئوغۇلچە	headword	1135_1R.png	unverified
D02-12043	ئوغۇلچىلاپ	headword	1135_1R.png	unverified
D02-12044	ئوغۇلچىلاپ كىرمەك	headword	1135_1R.png	unverified
D02-12045	ئوغۇلسىز	headword	1135_1R.png	unverified
D02-12046	ئوغۇل- قىز	headword	1135_1R.png	unverified
D02-12047	ئوغۇللۇق	headword	1135_1R.png	unverified
D02-12048	ئوفىتسېر	headword	1135_1R.png	unverified
D02-12049	ئوفىتسېرلىق	headword	1135_1R.png	unverified
D02-12050	ئوق	headword	1135_1R.png	unverified
D02-12052	ئوق يىلتىز	headword	1135_2L.png	unverified
D02-12054	ئوقەت	headword	1135_2L.png	unverified
D02-12055	ئوقەتچى	headword	1135_2L.png	unverified
D02-12056	ئوقەتچىلىك	headword	1135_2L.png	unverified
D02-12057	ئوقتاش	headword	1135_2L.png	unverified
D02-12058	ئوقتەك	headword	1135_2L.png	unverified
D02-12059	ئوقچۇتماق	headword	1135_2L.png	unverified
D02-12060	ئوقچۇماق	headword	1135_2L.png	unverified
D02-12061	ئوقدان	headword	1135_2L.png	unverified
D02-12062	ئوق-دورا	headword	1135_2L.png	unverified
D02-12063	ئوقرۇق	headword	1135_2L.png	unverified
D02-12063-v1	سايغاق I	variant	1135_2L.png	unverified
D02-12064	ئوقرۇق كېسىلى	headword	1135_2L.png	unverified
D02-12065	ئوقرۇقلىماق	headword	1135_2L.png	verified
D02-12066	ئوق ـ ساداق	headword	1136_1R.png	verified
D02-12067	ئوقسىز	headword	1136_1R.png	unverified
D02-12068	ئوقسىمان	headword	1136_1R.png	unverified
D02-12069	ئوقلاتماق	headword	1136_1R.png	unverified
D02-12070	ئوقلاشماق	headword	1136_1R.png	unverified
D02-12071	ئوقلاقلىق	headword	1136_1R.png	unverified
D02-12072	ئوقلانماق	headword	1136_1R.png	unverified
D02-12073	ئوقلۇق	headword	1136_1R.png	unverified
D02-12074	ئوقلىماق	headword	1136_1R.png	unverified
D02-12075	ئوقۇبەت	headword	1136_1R.png	unverified
D02-12076	ئوقۇبەتسىز	headword	1136_1R.png	unverified
D02-12077	ئوقۇبەتلىك	headword	1136_1R.png	unverified
D02-12078	ئوقۇتقۇچى	headword	1136_1R.png	unverified
D02-12079	ئوقۇتقۇچىلىق	headword	1136_1R.png	unverified
D02-12080	ئوقۇتماق	headword	1136_1R.png	unverified
D02-12081	ئوقۇتۇش	headword	1136_1R.png	unverified
D02-12082	ئوقۇتۇلماق	headword	1136_2L.png	unverified
D02-12083	ئوقۇر	headword	1136_2L.png	unverified
D02-12084	ئوقۇرى ئېگىز	headword	1136_2L.png	unverified
D02-12085	ئوقۇرەك	headword	1136_2L.png	unverified
D02-12086	ئوقۇرسىمان	headword	1136_2L.png	unverified
D02-12087	ئوقۇرلۇق	headword	1136_2L.png	unverified
D02-12088	ئوقۇرمەن	headword	1136_2L.png	unverified
D02-12089	ئوقۇش	headword	1136_2L.png	unverified
D02-12090	ئوقۇشچان	headword	1136_2L.png	unverified
D02-12091	ئوقۇشچانلىق	headword	1136_2L.png	unverified
D02-12092	ئوقۇشسىز	headword	1136_2L.png	unverified
D02-12093	ئوقۇشلۇق	headword	1136_2L.png	unverified
D02-12094	ئوقۇشماق	headword	1136_2L.png	unverified
D02-12095	ئوقۇش-ئوقۇتۇش	headword	1136_2L.png	unverified
D02-12096	ئوقۇغۇچى	headword	1136_2L.png	unverified
D02-12097	ئوقۇغۇچىلىق	headword	1137_1R.png	unverified
D02-12098	ئوقۇل	headword	1137_1R.png	unverified
D02-12099	ئوقۇلداش	headword	1137_1R.png	unverified
D02-12100	ئوقۇلماق	headword	1137_1R.png	unverified
D02-12101	ئوقۇماق	headword	1137_1R.png	unverified
D02-12102	ئوقۇمباشى	headword	1137_1R.png	unverified
D02-12103	ئوقۇمۇشلۇق	headword	1137_1R.png	unverified
D02-12104	ئوقيا	headword	1137_1R.png	unverified
D02-12105	ئوقياچى	headword	1137_1R.png	unverified
D02-12106	ئوق - ياراغ	headword	1137_1R.png	verified
D02-12107	ئوقىلان	headword	1137_1R.png	unverified
D02-12108	ئوكتاۋا	headword	1137_1R.png	unverified
D02-12109	ئوكسىد	headword	1137_2L.png	unverified
D02-12110	ئوكسىدسىز	headword	1137_2L.png	unverified
D02-12111	ئوكسىدسىزلاندۇرماق	headword	1137_2L.png	unverified
D02-12112	ئوكسىدسىزلاندۇرغۇچى	headword	1137_2L.png	unverified
D02-12113	ئوكسىدسىزلاندۇرۇلماق	headword	1137_2L.png	unverified
D02-12114	ئوكسىدسىزلانماق	headword	1137_2L.png	unverified
D02-12115	ئوكسىدسىزلىغۇچى	headword	1137_2L.png	unverified
D02-12116	ئوكسىدسىزلىق	headword	1137_2L.png	unverified
D02-12117	ئوكسىدسىزلىنىش	headword	1137_2L.png	unverified
D02-12118	ئوكسىدلار	headword	1137_2L.png	unverified
D02-12119	ئوكسىدلاشتۇرماق	headword	1137_2L.png	unverified
D02-12120	ئوكسىدلاندۇرماق	headword	1137_2L.png	unverified
D02-12121	ئوكسىدلاندۇرۇلماق	headword	1137_2L.png	unverified
D02-12122	ئوكسىدلانماق	headword	1137_2L.png	unverified
D02-12123	ئوكسىدلىغۇچى	headword	1137_2L.png	unverified
D02-12124	ئوكسىدلىق	headword	1137_2L.png	unverified
D02-12125	ئوكسىدلىماق	headword	1137_2L.png	unverified
D02-12126	ئوكسىدلىنىش	headword	1137_2L.png	unverified
D02-12127	ئوكسىگېن	headword	1137_2L.png	verified
D02-12128	ئوكۇل	headword	1138_1R.png	unverified
D02-12129	ئوكۇلخانا	headword	1138_1R.png	unverified
D02-12130	ئوكۇليار	headword	1138_1R.png	unverified
D02-12131	ئوكۇن	headword	1138_1R.png	unverified
D02-12132	ئوكيان	headword	1138_1R.png	unverified
D02-12133	ئوكيانشۇناس	headword	1138_1R.png	unverified
D02-12134	ئوكيانشۇناسلىق	headword	1138_1R.png	unverified
D02-12135	ئوكيانىيە	headword	1138_1R.png	unverified
D02-12136	ئوڭ	headword	1138_1R.png	unverified
D02-12137	ئوڭ بايان	headword	1138_2L.png	unverified
D02-12138	ئوڭ تاناسىپ	headword	1138_2L.png	unverified
D02-12139	ئوڭ كۆزدە قارىماق	headword	1138_2L.png	unverified
D02-12140	ئوڭ نىسبەت	headword	1138_2L.png	unverified
D02-12141	ئوڭ يۈرەك دالانچىسى	headword	1138_2L.png	unverified
D02-12142	ئوڭ يۈرەك قېرىنچىسى	headword	1138_2L.png	unverified
D02-12143	ئوڭ يۈز	headword	1138_2L.png	unverified
D02-12144	ئوڭاي	headword	1138_2L.png	unverified
D02-12145	ئوڭايسىز	headword	1138_2L.png	unverified
D02-12146	ئوڭايسىزلاندۇرماق	headword	1138_2L.png	unverified
D02-12147	ئوڭايسىزلاندۇرۇشماق	headword	1138_2L.png	unverified
D02-12148	ئوڭايسىزلانماق	headword	1138_2L.png	unverified
D02-12149	ئوڭايسىزلىق	headword	1139_1R.png	unverified
D02-12150	ئوڭايلاشتۇرماق	headword	1139_1R.png	unverified
D02-12151	ئوڭايلاشتۇرۇشماق	headword	1139_1R.png	unverified
D02-12152	ئوڭايلاشتۇرۇلماق	headword	1139_1R.png	unverified
D02-12153	ئوڭايلاشماق	headword	1139_1R.png	unverified
D02-12154	ئوڭايلىق	headword	1139_1R.png	unverified
D02-12155	ئوڭايلىقچە	headword	1139_1R.png	unverified
D02-12156	ئوڭ-تەتۈر	headword	1139_1R.png	unverified
D02-12157	ئوڭ-تەتۈرنى بىلمەك	headword	1139_1R.png	unverified
D02-12158	ئوڭ-تەتۈرىنىڭ تايىنى يوق	headword	1139_1R.png	unverified
D02-12159	ئوڭتەي-توڭتەي	headword	1139_1R.png	unverified
D02-12160	ئوڭچە	headword	1139_1R.png	unverified
D02-12161	ئوڭچى	headword	1139_1R.png	unverified
D02-12162	ئوڭچىل	headword	1139_1R.png	unverified
D02-12163	ئوڭچىللىق	headword	1139_1R.png	unverified
D02-12164	ئوڭخاي	headword	1139_1R.png	unverified
D02-12166	ئوڭدا	headword	1139_1R.png	unverified
D02-12167	ئوڭدا چۈشمەك	headword	1139_2L.png	unverified
D02-12168	ئوڭدا قويماق	headword	1139_2L.png	unverified
D02-12169	ئوڭدا ياتماق	headword	1139_2L.png	unverified
D02-12170	ئوڭدا - دۈمدە	headword	1139_2L.png	unverified
D02-12171	ئوڭشاتماق	headword	1139_2L.png	unverified
D02-12172	ئوڭشاشماق	headword	1139_2L.png	unverified
D02-12173	ئوڭشالماق	headword	1139_2L.png	unverified
D02-12174	ئوڭشىماق	headword	1139_2L.png	unverified
D02-12175	ئوڭغايماق	headword	1139_2L.png	unverified
D02-12176	ئوڭغۇل	headword	1139_2L.png	unverified
D02-12177	ئوڭغۇل - دوڭغۇل	headword	1139_2L.png	unverified
D02-12178	ئوڭلاتماق	headword	1139_2L.png	unverified
D02-12179	ئوڭلاشتۇرماق	headword	1140_1R.png	verified
D02-12180	ئوڭلاشماق	headword	1140_1R.png	unverified
D02-12181	ئوڭلانماق	headword	1140_1R.png	unverified
D02-12182	ئوڭلۇق	headword	1140_1R.png	unverified
D02-12183	ئوڭلىماق	headword	1140_1R.png	verified
D02-12184	ئوڭماس	headword	1140_1R.png	unverified
D02-12185	ئوڭماق	headword	1140_1R.png	unverified
D02-12186	ئوڭۇش	headword	1140_1R.png	unverified
D02-12187	ئوڭۇشسىز	headword	1140_1R.png	unverified
D02-12188	ئوڭۇشسىزلىق	headword	1140_1R.png	unverified
D02-12189	ئوڭۇشلۇق	headword	1140_1R.png	unverified
D02-12190	ئول	headword	1140_1R.png	unverified
D02-12191	ئولاشتۇرماق	headword	1140_1R.png	unverified
D02-12192	ئولاشتۇرۇلماق	headword	1140_1R.png	unverified
D02-12193	ئولاشماق	headword	1140_2L.png	verified
D02-12194	ئولاق	headword	1140_2L.png	unverified
D02-12195	ئولاڭ	headword	1140_2L.png	verified
D02-12196	ئولان	headword	1140_2L.png	unverified
D02-12197	ئولپاق	headword	1140_2L.png	unverified
D02-12198	ئولپاڭ	headword	1140_2L.png	unverified
D02-12199	ئولپان	headword	1140_2L.png	unverified
D02-12200	ئولتۇراق	headword	1140_2L.png	unverified
D02-12201	ئولتۇراقلاشتۇرماق	headword	1140_2L.png	unverified
D02-12202	ئولتۇراقلاشتۇرۇلماق	headword	1140_2L.png	unverified
D02-12203	ئولتۇراقلاشماق	headword	1140_2L.png	unverified
D02-12204	ئولتۇراقلىق	headword	1140_2L.png	unverified
D02-12205	ئولتۇرسا- قوپسا	headword	1140_2L.png	unverified
D02-12206	ئولتۇرغۇچ	headword	1140_2L.png	unverified
D02-12207	ئولتۇرغۇچ سۆڭەك	headword	1140_2L.png	unverified
D02-12208	ئولتۇرغۇزماق	headword	1141_1R.png	verified
D02-12209	ئولتۇرغۇزۇلماق	headword	1141_1R.png	unverified
D02-12210	ئولتۇر - قوپ	headword	1141_1R.png	unverified
D02-12211	ئولتۇرماق	headword	1141_1R.png	unverified
D02-12212	ئولتۇرالماي قالماق	headword	1141_2L.png	unverified
D02-12213	ئولتۇرۇپ قالماق	headword	1141_2L.png	unverified
D02-12214	ئولتۇرۇش	headword	1141_2L.png	unverified
D02-12215	ئولتۇرۇشاڭغۇ	headword	1141_2L.png	unverified
D02-12216	ئولتۇرۇشلۇق	headword	1141_2L.png	unverified
D02-12217	ئولتۇرۇشما	headword	1141_2L.png	unverified
D02-12218	ئولتۇرۇشماق	headword	1141_2L.png	unverified
D02-12219	ئولجا	headword	1141_2L.png	unverified
D02-12220	ئولجىلىق	headword	1141_2L.png	unverified
D02-12221	ئولچى	headword	1141_2L.png	verified
D02-12222	ئولغۇما	headword	1141_2L.png	unverified
D02-12223	ئولغىماچ	headword	1141_2L.png	unverified
D02-12224	ئولۇماق	headword	1141_2L.png	unverified
D02-12225	ئولىگارخىيە	headword	1141_2L.png	unverified
D02-12226	ئولىمپىك	headword	1141_2L.png	unverified
D02-12227	ئوم	headword	1142_1R.png	unverified
D02-12228	ئومارتا	headword	1142_1R.png	unverified
D02-12229	ئوماق	headword	1142_1R.png	unverified
D02-12230	ئوماقلاشتۇرماق	headword	1142_1R.png	unverified
D02-12231	ئوماقلاشماق	headword	1142_1R.png	unverified
D02-12232	ئوماقلىق	headword	1142_1R.png	unverified
D02-12233	ئومۇت	headword	1142_1R.png	unverified
D02-12234	ئومۇرتقا	headword	1142_1R.png	unverified
D02-12235	ئومۇرتقىسىز	headword	1142_1R.png	unverified
D02-12236	ئومۇرتقىسىز ھايۋانلار	headword	1142_1R.png	unverified
D02-12237	ئومۇرتقىلىق	headword	1142_1R.png	unverified
D02-12238	ئومۇرتقىلىق ھايۋانلار	headword	1142_1R.png	unverified
D02-12239	ئومۇم	headword	1142_1R.png	unverified
D02-12240	ئومۇم گۈل رېتى	headword	1142_1R.png	unverified
D02-12241	ئومۇمەن	headword	1142_1R.png	unverified
D02-12242	ئومۇمچىل	headword	1142_2L.png	unverified
D02-12243	ئومۇمچىللىق	headword	1142_2L.png	unverified
D02-12244	ئومۇملاشتۇرماق	headword	1142_2L.png	unverified
D02-12245	ئومۇملاشتۇرۇشماق	headword	1142_2L.png	unverified
D02-12246	ئومۇملاشتۇرۇلماق	headword	1142_2L.png	unverified
D02-12247	ئومۇملاشماق	headword	1142_2L.png	unverified
D02-12248	ئومۇملۇق	headword	1142_2L.png	unverified
D02-12249	ئومۇمىي	headword	1142_2L.png	unverified
D02-12250	ئومۇمىي ئۇقتۇرۇش	headword	1142_2L.png	unverified
D02-12251	ئومۇمىيەت	headword	1142_2L.png	unverified
D02-12252	ئومۇمىيەتچىل	headword	1142_2L.png	unverified
D02-12253	ئومۇمىيلىق	headword	1142_2L.png	unverified
D02-12254	ئومۇميۈزلۈك	headword	1142_2L.png	unverified
D02-12255	ئومۇميۈزلۈكلۈك	headword	1143_1R.png	unverified
D02-12256	ئومۇندۇرماق	headword	1143_1R.png	unverified
D02-12257	ئومۇنماق	headword	1143_1R.png	unverified
D02-12258	ئومۇنۇشماق	headword	1143_1R.png	unverified
D02-12259	ئون	headword	1143_1R.png	unverified
D02-12260	ئون بېشى بولسىمۇ	headword	1143_1R.png	unverified
D02-12261	ئون جېنى بولسىمۇ	headword	1143_1R.png	unverified
D02-12262	ئون جېنىنىڭ بىرى قالماق	headword	1143_1R.png	unverified
D02-12263	ئون سەككىز مىڭ ئالەم	headword	1143_1R.png	unverified
D02-12264	ئون گۈلىنىڭ بىرى ئېچىلمىغان	headword	1143_1R.png	unverified
D02-12265	ئونلار خانىسى	headword	1143_1R.png	unverified
D02-12266	ئون ئىككى مۇقام	headword	1143_1R.png	unverified
D02-12267	ئون ئىككى مۇچەل	headword	1143_1R.png	unverified
D02-12268	ئوناق	headword	1143_1R.png	unverified
D02-12269	ئونەيلەن	headword	1143_1R.png	unverified
D02-12270	ئونبېشى	headword	1143_2L.png	unverified
D02-12271	ئونتولوگىيە	headword	1143_2L.png	unverified
D02-12272	ئونلاپ	headword	1143_2L.png	unverified
D02-12273	ئونلۇق	headword	1143_2L.png	unverified
D02-12274	ئونلۇق كەسىر	headword	1143_2L.png	unverified
D02-12275	ئونىنچى	headword	1143_2L.png	unverified
D02-12276	ئوھۇ	headword	1143_2L.png	unverified
D02-12277	ئوھۇي	headword	1143_2L.png	unverified
D02-12278	ئوۋ	headword	1143_2L.png	unverified
D02-12279	ئوۋچى	headword	1143_2L.png	unverified
D02-12280	ئوۋچىلىق	headword	1143_2L.png	unverified
D02-12281	ئوۋلاتماق	headword	1143_2L.png	unverified
D02-12282	ئوۋلاشماق	headword	1144_1R.png	unverified
D02-12283	ئوۋلانماق	headword	1144_1R.png	unverified
D02-12284	ئوۋلىماق	headword	1144_1R.png	unverified
D02-12285	ئوۋۇش	headword	1144_1R.png	verified
D02-12286	ئوي	headword	1144_1R.png	verified
D02-12288	ئويپاڭ	headword	1144_1R.png	unverified
D02-12289	ئويپاڭلىق	headword	1144_1R.png	unverified
D02-12290	ئوي - پىكىر	headword	1144_1R.png	unverified
D02-12291	ئويچان	headword	1144_1R.png	unverified
D02-12292	ئويچانلىق	headword	1144_1R.png	unverified
D02-12293	ئوي - چوڭقۇر	headword	1144_1R.png	unverified
D02-12294	ئويچى	headword	1144_1R.png	unverified
D02-12295	ئوي - خىيال	headword	1144_2L.png	verified
D02-12296	ئوي- دوڭغۇل	headword	1144_2L.png	unverified
D02-12297	ئويدۇرما	headword	1144_2L.png	unverified
D02-12298	ئويدۇرماق	headword	1144_2L.png	unverified
D02-12299	ئويدۇرمىچى	headword	1144_2L.png	unverified
D02-12300	ئويدۇرمىچىلىق	headword	1144_2L.png	unverified
D02-12301	ئويدۇرۇشماق	headword	1144_2L.png	unverified
D02-12302	ئوي-دۆڭ	headword	1144_2L.png	unverified
D02-12303	ئويرات	headword	1144_2L.png	unverified
D02-12304	ئويغاتقۇچى	headword	1144_2L.png	unverified
D02-12305	ئويغاتقۇزماق	headword	1144_2L.png	unverified
D02-12306	ئويغاتماق	headword	1144_2L.png	unverified
D02-12307	ئويغاق	headword	1145_1R.png	unverified
D02-12308	ئويغاقلىق	headword	1145_1R.png	unverified
D02-12309	ئويغانماق	headword	1145_1R.png	unverified
D02-12310	ئويغىتىشماق	headword	1145_1R.png	unverified
D02-12311	ئويغىتىلماق	headword	1145_1R.png	unverified
D02-12312	ئويغىنىشماق	headword	1145_1R.png	unverified
D02-12313	ئويلاتماق	headword	1145_1R.png	unverified
D02-12315	ئويلاشماق	headword	1145_1R.png	unverified
D02-12316	ئويلانماق	headword	1145_2L.png	unverified
D02-12317	ئويلۇق	headword	1145_2L.png	unverified
D02-12318	ئويلىشىلماق	headword	1145_2L.png	unverified
D02-12319	ئويلىماق	headword	1145_2L.png	unverified
D02-12320	ئويلىنىلماق	headword	1145_2L.png	unverified
D02-12321	ئويما	headword	1145_2L.png	unverified
D02-12322	ئويمائەن	headword	1145_2L.png	verified
D02-12323	ئويمات	headword	1145_2L.png	unverified
D02-12324	ئويماتلاشماق	headword	1145_2L.png	unverified
D02-12325	ئويماق	headword	1145_2L.png	unverified
D02-12327	ئويماقسىز	headword	1145_2L.png	unverified
D02-12328	ئويماقلىق	headword	1145_2L.png	unverified
D02-12329	ئويمان	headword	1145_2L.png	unverified
D02-12330	ئويمانچاق	headword	1145_2L.png	unverified
D02-12331	ئويمانچە	headword	1145_2L.png	unverified
D02-12332	ئويمان-چوڭقۇر	headword	1146_1R.png	verified
D02-12333	ئويمان-دۆڭ	headword	1146_1R.png	unverified
D02-12334	ئويمانلىق	headword	1146_1R.png	unverified
D02-12335	ئويمىچى	headword	1146_1R.png	unverified
D02-12336	ئويمىچىلىق	headword	1146_1R.png	unverified
D02-12337	ئويمىكار	headword	1146_1R.png	unverified
D02-12338	ئويمىكارلىق	headword	1146_1R.png	unverified
D02-12339	ئويمىكەش	headword	1146_1R.png	unverified
D02-12340	ئويمىكەشلىك	headword	1146_1R.png	unverified
D02-12341	ئويمىگەر	headword	1146_1R.png	unverified
D02-12342	ئويمىگەرلىك	headword	1146_1R.png	unverified
D02-12343	ئويناتماق	headword	1146_1R.png	unverified
D02-12344	ئويناش	headword	1146_1R.png	unverified
D02-12345	ئويناشماق	headword	1146_1R.png	unverified
D02-12346	ئويناق	headword	1146_1R.png	unverified
D02-12347	ئويناقلاتماق	headword	1146_1R.png	unverified
D02-12348	ئويناقلاشماق	headword	1146_1R.png	unverified
D02-12349	ئويناقلىق	headword	1146_2L.png	unverified
D02-12350	ئويناقلىماق	headword	1146_2L.png	unverified
D02-12351	ئوينالماق	headword	1146_2L.png	unverified
D02-12352	ئوينىغۇچ	headword	1146_2L.png	unverified
D02-12354	ئوينىغۇچ يىپى	headword	1146_2L.png	unverified
D02-12355	ئوينىماق	headword	1146_2L.png	unverified
D02-12356	ئويۇشماق	headword	1146_2L.png	unverified
D02-12357	ئويۇق	headword	1146_2L.png	unverified
D02-12359	ئويۇقچە	headword	1147_1R.png	unverified
D02-12360	ئويۇلماق	headword	1147_1R.png	unverified
D02-12361	ئويۇم	headword	1147_1R.png	unverified
D02-12362	ئويۇن	headword	1147_1R.png	unverified
D02-12363	ئويۇن چىقارماق	headword	1147_1R.png	unverified
D02-12364	ئويۇندىن چىڭغا چىقماق	headword	1147_1R.png	verified
D02-12365	ئويۇن قويماق	headword	1147_1R.png	unverified
D02-12366	ئويۇن قىلماق	headword	1147_2L.png	unverified
D02-12367	ئويۇن كۆرسەتمەك	headword	1147_2L.png	unverified
D02-12368	ئويۇنپەرەس	headword	1147_2L.png	unverified
D02-12369	ئويۇنپەز	headword	1147_2L.png	unverified
D02-12370	ئويۇن - تاماشا	headword	1147_2L.png	unverified
D02-12371	ئويۇنچا	headword	1147_2L.png	unverified
D02-12372	ئويۇن - چاقچاق	headword	1147_2L.png	unverified
D02-12373	ئويۇنچۇق	headword	1147_2L.png	unverified
D02-12374	ئويۇنچۇقخانا	headword	1147_2L.png	unverified
D02-12375	ئويۇنچى	headword	1147_2L.png	unverified
D02-12376	ئويۇنخانا	headword	1147_2L.png	unverified
D02-12377	ئويۇن - كۈلكە	headword	1147_2L.png	verified
D02-12378	ئۇ	headword	1148_1R.png	unverified
D02-12380	ئۇ ئالەم	headword	1148_1R.png	verified
D02-12381	ئۇ ئالەم - بۇ ئالەم	headword	1148_1R.png	unverified
D02-12382	ئۇ ئالەمگە ئۇزاتماق	headword	1148_1R.png	unverified
D02-12383	ئۇ دۇنيا	headword	1148_1R.png	unverified
D02-12384	ئۇ دۇنيا - بۇ دۇنيا	headword	1148_1R.png	unverified
D02-12385	ئۇ دۇنيا - بۇ دۇنيا بولۇپ كەتمەك	headword	1148_1R.png	unverified
D02-12386	ئۇ شاختىن بۇ شاخقا قونماق	headword	1148_1R.png	unverified
D02-12386-v1	شاختىن - شاخقا قونماق	variant	1148_1R.png	unverified
D02-12387	ئۇ كەم	headword	1148_2L.png	verified
D02-12388	ئۇنى بىر دېمە	headword	1148_2L.png	unverified
D02-12389	ئۇنى دەپ، بۇنى دەپ	headword	1148_2L.png	unverified
D02-12390	ئۇنىڭ دوپپىسىنى بۇنىڭغا كىيدۈرمەك	headword	1148_2L.png	unverified
D02-12391	ئۇنىڭدىن كۆرە	headword	1148_2L.png	unverified
D02-12392	ئۇ ياق- بۇ ياق	headword	1148_2L.png	unverified
D02-12393	ئۇ ياق- بۇ ياق قىلماق	headword	1148_2L.png	unverified
D02-12394	ئۇ ياققا تارت- بۇ ياققا تارت	headword	1148_2L.png	unverified
D02-12395	ئۇ يان- بۇ يان	headword	1148_2L.png	unverified
D02-12396	ئۇ يېرىنى ياپسا، بۇ يېرى ئېچىلماق	headword	1148_2L.png	unverified
D02-12397	ئۇپ	headword	1149_1R.png	verified
D02-12398	ئۇپا	headword	1149_1R.png	unverified
D02-12399	ئۇپا-ئەڭلىك	headword	1149_1R.png	unverified
D02-12400	ئۇپراتماق	headword	1149_1R.png	unverified
D02-12401	ئۇپراشماق	headword	1149_1R.png	unverified
D02-12402	ئۇپراقچىلىق	headword	1149_1R.png	unverified
D02-12403	ئۇپرىتىلماق	headword	1149_1R.png	unverified
D02-12404	ئۇپرىماق	headword	1149_1R.png	unverified
D02-12405	ئۇپۇق	headword	1149_1R.png	unverified
D02-12406	ئۇپۇق سىزىقى	headword	1149_1R.png	unverified
D02-12407	ئۇپىسىمان	headword	1149_1R.png	verified
D02-12408	ئۇپىلاشماق	headword	1149_1R.png	unverified
D02-12409	ئۇپىلانماق	headword	1149_1R.png	unverified
D02-12410	ئۇپىلىماق	headword	1149_1R.png	verified
D02-12411	ئۇتتۇر	headword	1149_1R.png	unverified
D02-12412	ئۇتتۇر چىش	headword	1149_2L.png	unverified
D02-12413	ئۇتتۇر كەلگىنىچە	headword	1149_2L.png	unverified
D02-12414	ئۇتتۇر مىجەز	headword	1149_2L.png	unverified
D02-12415	ئۇتتۇرلاپ	headword	1149_2L.png	unverified
D02-12416	ئۇتتۇرلۇق	headword	1149_2L.png	unverified
D02-12417	ئۇتقۇچى	headword	1149_2L.png	unverified
D02-12418	ئۇتقۇزماق	headword	1149_2L.png	unverified
D02-12419	ئۇتقۇزۇپ قويغان قىمارۋازدەك	headword	1149_2L.png	verified
D02-12420	ئۇتقۇزۇشماق	headword	1149_2L.png	unverified
D02-12421	ئۇتماق	headword	1149_2L.png	unverified
D02-12422	ئۇتوپىزم	headword	1149_2L.png	unverified
D02-12423	ئۇتوپىست	headword	1149_2L.png	unverified
D02-12424	ئۇتوپىيە	headword	1149_2L.png	unverified
D02-12425	ئۇتوپىيەلىك	headword	1150_1R.png	unverified
D02-12426	ئۇتۇشماق	headword	1150_1R.png	unverified
D02-12427	ئۇتۇق	headword	1150_1R.png	unverified
D02-12428	ئۇتۇقسىز	headword	1150_1R.png	unverified
D02-12429	ئۇتۇقلۇق	headword	1150_1R.png	unverified
D02-12430	ئۇتۇلماق	headword	1150_1R.png	unverified
D02-12431	ئۇجاي	headword	1150_1R.png	unverified
D02-12432	ئۇجماق	headword	1150_1R.png	unverified
D02-12433	ئۇجۇر- بۇجۇر	headword	1150_1R.png	unverified
D02-12434	ئۇجۇر - بۇجۇرىنى قويماي	headword	1150_1R.png	unverified
D02-12435	ئۇجۇز	headword	1150_1R.png	unverified
D02-12436	ئۇجۇزلىماق	headword	1150_1R.png	unverified
D02-12437	ئۇجۇقتۇرماق	headword	1150_1R.png	unverified
D02-12439	ئۇجۇقماق	headword	1150_1R.png	unverified
D02-12440	ئۇجۇقۇشماق	headword	1150_1R.png	unverified
D02-12441	ئۇجۇل	headword	1150_1R.png	unverified
D02-12442	ئۇچ	headword	1150_2L.png	unverified
D02-12443	ئۇچ تارتماق	headword	1150_2L.png	unverified
D02-12444	ئۇچىغا چىققان	headword	1150_2L.png	unverified
D02-12446	ئۇچا	headword	1150_2L.png	unverified
D02-12447	ئۇچىسى ئاپتاپ كۆرمەك	headword	1150_2L.png	verified
D02-12447-v1	دۈمبىسى ئاپتاپ كۆرمەك	variant	1150_2L.png	verified
D02-12448	ئۇچىسى ئاپتاپ كۆرمىگەن	headword	1150_2L.png	unverified
D02-12449	ئۇچىسى قىچىشسا، گەدىنىنى قاشلايدىغان	headword	1150_2L.png	verified
D02-12449-v1	دۈمبىسى قىچىشسا، گەدىنىنى تاتىلايدىغان	variant	1150_2L.png	verified
D02-12450	ئۇچىسى قىچىشماق	headword	1150_2L.png	unverified
D02-12450-v1	دۈمبىسى قىچىشماق	variant	1150_2L.png	unverified
D02-12451	ئۇچىنى قورۇماق	headword	1150_2L.png	unverified
D02-12452	ئۇچار	headword	1150_2L.png	unverified
D02-12453	ئۇچارقانات	headword	1150_2L.png	unverified
D02-12454	ئۇچارلىق	headword	1150_2L.png	unverified
D02-12455	ئۇچاستىكا	headword	1151_1R.png	verified
D02-12456	ئۇچبېگى	headword	1151_1R.png	unverified
D02-12457	ئۇچتۇرپان	headword	1151_1R.png	unverified
D02-12458	ئۇچتۇرپان قوزغىلىڭى	headword	1151_1R.png	unverified
D02-12459	ئۇچراتماق	headword	1151_1R.png	unverified
D02-12460	ئۇچراتقۇزماق	headword	1151_1R.png	unverified
D02-12461	ئۇچراشتۇرماق	headword	1151_1R.png	unverified
D02-12462	ئۇچراشتۇرۇشماق	headword	1151_1R.png	unverified
D02-12463	ئۇچراشتۇرۇلماق	headword	1151_1R.png	unverified
D02-12464	ئۇچراشما	headword	1151_1R.png	unverified
D02-12465	ئۇچراشماق	headword	1151_1R.png	unverified
D02-12466	ئۇچرىتىشماق	headword	1151_1R.png	unverified
D02-12467	ئۇچرىتىلماق	headword	1151_1R.png	unverified
D02-12468	ئۇچرىشىشماق	headword	1151_2L.png	unverified
D02-12469	ئۇچرىماق	headword	1151_2L.png	unverified
D02-12470	ئۇچسىز	headword	1151_2L.png	unverified
D02-12471	ئۇچقاق	headword	1151_2L.png	unverified
D02-12473	ئۇچقاندەك	headword	1151_2L.png	unverified
D02-12474	ئۇچقورۇل	headword	1151_2L.png	unverified
D02-12475	ئۇچقۇ	headword	1151_2L.png	unverified
D02-12476	ئۇچقۇچى	headword	1151_2L.png	unverified
D02-12477	ئۇچقۇچىسىز	headword	1151_2L.png	unverified
D02-12478	ئۇچقۇچىلىق	headword	1151_2L.png	unverified
D02-12479	ئۇچقۇر	headword	1151_2L.png	verified
D02-12480	ئۇچقۇن	headword	1151_2L.png	unverified
D02-12481	ئۇچقۇن پاقا	headword	1152_1R.png	unverified
D02-12482	ئۇچقۇندى	headword	1152_1R.png	unverified
D02-12483	ئۇچقۇنسىز	headword	1152_1R.png	unverified
D02-12484	ئۇچقۇنلاتقۇچ	headword	1152_1R.png	unverified
D02-12485	ئۇچقۇنلاتماق	headword	1152_1R.png	unverified
D02-12486	ئۇچقۇنلانماق	headword	1152_1R.png	unverified
D02-12487	ئۇچقۇنلۇق	headword	1152_1R.png	unverified
D02-12488	ئۇچقۇنلىماق	headword	1152_1R.png	unverified
D02-12489	ئۇچلاتماق	headword	1152_1R.png	unverified
D02-12490	ئۇچلاشماق	headword	1152_1R.png	unverified
D02-12491	ئۇچلانماق	headword	1152_2L.png	unverified
D02-12492	ئۇچلايماق	headword	1152_2L.png	unverified
D02-12493	ئۇچلۇق	headword	1152_2L.png	unverified
D02-12494	ئۇچلۇق باش	headword	1152_2L.png	unverified
D02-12495	ئۇچلۇق تۇمشۇق	headword	1152_2L.png	unverified
D02-12496	ئۇچلىغۇچ	headword	1152_2L.png	unverified
D02-12497	ئۇچلىماق	headword	1152_2L.png	unverified
D02-12499	ئۇچلىنىش	headword	1152_2L.png	unverified
D02-12500	ئۇچما	headword	1152_2L.png	unverified
D02-12501	ئۇچماق	headword	1152_2L.png	unverified
D02-12503	ئۇچۇپ يۈرمەك	headword	1152_2L.png	unverified
D02-12504	ئۇچۇشنى بىلىپ، چۈشۈشنى بىلمەسلىك	headword	1152_2L.png	verified
D02-12505	ئۇچمۇئۇچ	headword	1153_1R.png	unverified
D02-12506	ئۇچۇر	headword	1153_1R.png	unverified
D02-12507	ئۇچۇر ئىلمى	headword	1153_1R.png	unverified
D02-12508	ئۇچۇرتماق	headword	1153_1R.png	verified
D02-12509	ئۇچۇرتۇشماق	headword	1153_1R.png	unverified
D02-12510	ئۇچۇرتۇلماق	headword	1153_1R.png	unverified
D02-12511	ئۇچۇرچان	headword	1153_1R.png	unverified
D02-12512	ئۇچۇرچانلىق	headword	1153_1R.png	unverified
D02-12513	ئۇچۇرچى	headword	1153_1R.png	unverified
D02-12514	ئۇچۇرچىلىق	headword	1153_1R.png	unverified
D02-12515	ئۇچۇرسىز	headword	1153_1R.png	unverified
D02-12516	ئۇچۇرشۇناس	headword	1153_1R.png	unverified
D02-12517	ئۇچۇرشۇناسلىق	headword	1153_1R.png	unverified
D02-12518	ئۇچۇرلاشتۇرماق	headword	1153_2L.png	unverified
D02-12519	ئۇچۇرلاشتۇرۇشماق	headword	1153_2L.png	unverified
D02-12520	ئۇچۇرلاشتۇرۇلماق	headword	1153_2L.png	unverified
D02-12521	ئۇچۇرلاشماق	headword	1153_2L.png	unverified
D02-12522	ئۇچۇرما	headword	1153_2L.png	unverified
D02-12523	ئۇچۇرما بولماق	headword	1153_2L.png	unverified
D02-12525	ئۇچۇرما نان	headword	1153_2L.png	unverified
D02-12526	ئۇچۇرماق	headword	1153_2L.png	unverified
D02-12527	ئۇچۇرۇلماق	headword	1153_2L.png	unverified
D02-12528	ئۇچۇشماق	headword	1154_1R.png	unverified
D02-12529	ئۇچۇق	headword	1154_1R.png	unverified
D02-12530	ئۇچۇق تەگمەك	headword	1154_1R.png	unverified
D02-12532	ئۇچۇقلاتماق	headword	1154_1R.png	unverified
D02-12533	ئۇچۇقلاشماق	headword	1154_1R.png	unverified
D02-12534	ئۇچۇقلانماق	headword	1154_1R.png	unverified
D02-12535	ئۇچۇقلىماق	headword	1154_1R.png	unverified
D02-12536	ئۇچئۇن	headword	1154_1R.png	unverified
D02-12537	ئۇچۇندۇرماق	headword	1154_1R.png	unverified
D02-12538	ئۇچۇنما	headword	1154_1R.png	verified
D02-12539	ئۇچىلىق	headword	1154_1R.png	unverified
D02-12540	ئۇختا	headword	1154_1R.png	unverified
D02-12541	ئۇختىسىغا كەلمەك	headword	1154_1R.png	verified
D02-12542	ئۇخلاتماق	headword	1154_1R.png	unverified
D02-12543	ئۇخلاشماق	headword	1154_1R.png	unverified
D02-12544	ئۇخلىماق	headword	1154_2L.png	unverified
D02-12545	ئۇخلاپ چۈش كۆرگەندەك	headword	1154_2L.png	unverified
D02-12546	ئۇخلاپ چۈشى	headword	1154_2L.png	unverified
D02-12547	ئۇخلاپ چۈشىدە كۆرمىگەن	headword	1154_2L.png	unverified
D02-12548	ئۇخلاپ چۈشىدىمۇ يوق	headword	1154_2L.png	unverified
D02-12549	ئۇخلاپ چۈشىگە كىرمىگەن	headword	1154_2L.png	unverified
D02-12550	ئۇخلىسا چۈشىگە كىرمەيدىغان	headword	1154_2L.png	unverified
D02-12551	ئۇخلىماي چۈش كۆرمەك	headword	1154_2L.png	unverified
D02-12552	ئۇد	headword	1154_2L.png	unverified
D02-12554	ئۇدا	headword	1154_2L.png	unverified
D02-12555	ئۇدار	headword	1154_2L.png	verified
D02-12556	ئۇدارسىز	headword	1154_2L.png	unverified
D02-12557	ئۇدارلىق	headword	1154_2L.png	unverified
D02-12558	ئۇدھىندى	headword	1155_1R.png	unverified
D02-12559	ئۇدۇسقىماق	headword	1155_1R.png	unverified
D02-12560	ئۇدۇق-بۇدۇق	headword	1155_1R.png	unverified
D02-12561	ئۇدۇل	headword	1155_1R.png	unverified
D02-12562	ئۇدۇل كەلمەك	headword	1155_1R.png	unverified
D02-12563	ئۇدۇللاتماق	headword	1155_1R.png	verified
D02-12564	ئۇدۇللاشتۇرماق	headword	1155_1R.png	verified
D02-12565	ئۇدۇللاشتۇرۇشماق	headword	1155_1R.png	verified
D02-12566	ئۇدۇللاشماق	headword	1155_1R.png	verified
D02-12567	ئۇدۇللانماق	headword	1155_1R.png	verified
D02-12568	ئۇدۇللۇق	headword	1155_2L.png	unverified
D02-12569	ئۇدۇللىماق	headword	1155_2L.png	unverified
D02-12570	ئۇدۇلمۇئۇدۇل	headword	1155_2L.png	unverified
D02-12571	ئۇدۇم	headword	1155_2L.png	unverified
D02-12572	ئۇدۇمچان	headword	1155_2L.png	unverified
D02-12573	ئۇدۇمچانلىق	headword	1155_2L.png	unverified
D02-12574	ئۇدۇملاشتۇرماق	headword	1155_2L.png	unverified
D02-12575	ئۇدۇملاشتۇرۇشماق	headword	1155_2L.png	unverified
D02-12576	ئۇدۇملاشتۇرۇلماق	headword	1155_2L.png	unverified
D02-12577	ئۇدۇملاشماق	headword	1155_2L.png	unverified
D02-12578	ئۇدۇملۇق	headword	1155_2L.png	unverified
D02-12579	ئۇدۇملىماق	headword	1155_2L.png	unverified
D02-12580	ئۇران	headword	1155_2L.png	unverified
D02-12584	ئۇران قىچقارماق	headword	1156_1R.png	unverified
D02-12585	ئۇران-جۇرات	headword	1156_1R.png	unverified
D02-12586	ئۇراننىت	headword	1156_1R.png	verified
D02-12587	ئۇرتوقاي	headword	1156_1R.png	unverified
D02-12588	ئۇر-چاپ	headword	1156_1R.png	unverified
D02-12589	ئۇر-چاپ قىلماق	headword	1156_1R.png	unverified
D02-12590	ئۇرچۇق	headword	1156_1R.png	unverified
D02-12591	ئۇرچۇقسىمان	headword	1156_1R.png	unverified
D02-12592	ئۇر- سۈر	headword	1156_2L.png	verified
D02-12593	ئۇر- سۈر قىلماق	headword	1156_2L.png	unverified
D02-12594	ئۇرغاچى	headword	1156_2L.png	unverified
D02-12595	ئۇرغۇ	headword	1156_2L.png	unverified
D02-12596	ئۇرغۇتماق	headword	1156_2L.png	unverified
D02-12597	ئۇرغۇزماق	headword	1156_2L.png	unverified
D02-12598	ئۇرغۇسىز	headword	1156_2L.png	unverified
D02-12599	ئۇرغۇلۇق	headword	1156_2L.png	unverified
D02-12600	ئۇرغۇماق	headword	1156_2L.png	unverified
D02-12601	ئۇركالتەك	headword	1156_2L.png	unverified
D02-12602	ئۇرماق	headword	1156_2L.png	unverified
D02-12603	ئۇرۇپ - سوقۇپ	headword	1157_1R.png	unverified
D02-12604	ئۇرۇچ	headword	1157_1R.png	unverified
D02-12605	ئۇر - ئۇر	headword	1157_1R.png	unverified
D02-12606	ئۇرۇش	headword	1157_1R.png	unverified
D02-12607	ئۇرۇشپەرەس	headword	1157_1R.png	unverified
D02-12608	ئۇرۇشپەرەسلىك	headword	1157_1R.png	unverified
D02-12609	ئۇرۇش - تالاش	headword	1157_1R.png	unverified
D02-12610	ئۇرۇشتۇرماق	headword	1157_1R.png	unverified
D02-12611	ئۇرۇشتۇرۇلماق	headword	1157_1R.png	unverified
D02-12612	ئۇرۇشخۇمار	headword	1157_1R.png	verified
D02-12613	ئۇرۇشخۇمارلىق	headword	1157_1R.png	verified
D02-12614	ئۇرۇشقاق	headword	1157_1R.png	verified
D02-12615	ئۇرۇشماق	headword	1157_1R.png	unverified
D02-12616	ئۇرۇق	headword	1157_2L.png	unverified
D02-12617	ئۇرۇق چاچماق	headword	1157_2L.png	unverified
D02-12618	ئۇرۇقىنى قۇرۇتماق	headword	1157_2L.png	unverified
D02-12619	ئۇرۇق - ئايماق	headword	1157_2L.png	unverified
D02-12620	ئۇرۇق- ئەجداد	headword	1157_2L.png	unverified
D02-12621	ئۇرۇق- ئەۋلاد	headword	1157_2L.png	unverified
D02-12622	ئۇرۇق - پۇشت	headword	1157_2L.png	verified
D02-12622-v1	ئۇرۇق - ئەۋلاد	variant	1157_2L.png	verified
D02-12623	ئۇرۇق - تۇغقان	headword	1157_2L.png	verified
D02-12624	ئۇرۇق - تۇغقانچىلىق	headword	1157_2L.png	verified
D02-12625	ئۇرۇق - تۇغقانلىق	headword	1158_1R.png	unverified
D02-12626	ئۇرۇق- جەمەت	headword	1158_1R.png	unverified
D02-12627	ئۇرۇقچا	headword	1158_1R.png	unverified
D02-12628	ئۇرۇقچى	headword	1158_1R.png	unverified
D02-12629	ئۇرۇقچىلىق	headword	1158_1R.png	unverified
D02-12630	ئۇرۇقداش	headword	1158_1R.png	unverified
D02-12631	ئۇرۇقداشلىق	headword	1158_1R.png	unverified
D02-12632	ئۇرۇقدان	headword	1158_1R.png	unverified
D02-12633	ئۇرۇقلاندۇرماق	headword	1158_1R.png	verified
D02-12634	ئۇرۇقلاندۇرۇلماق	headword	1158_1R.png	verified
D02-12635	ئۇرۇقلانماق	headword	1158_1R.png	verified
D02-12636	ئۇرۇقلۇق	headword	1158_2L.png	unverified
D02-12637	ئۇرۇقلۇققىمۇ يوق	headword	1158_2L.png	unverified
D02-12638	ئۇرۇقلىنىش	headword	1158_2L.png	unverified
D02-12639	ئۇرۇڭقاي	headword	1158_2L.png	unverified
D02-12640	ئۇرۇلدۇرماق	headword	1158_2L.png	unverified
D02-12641	ئۇرۇلماق	headword	1158_2L.png	unverified
D02-12642	ئۇرۇنما	headword	1158_2L.png	unverified
D02-12643	ئۇرۇنماق	headword	1158_2L.png	unverified
D02-12644	ئۇرۇنۇشسىز	headword	1158_2L.png	unverified
D02-12645	ئۇرۇنۇشماق	headword	1158_2L.png	unverified
D02-12646	ئۇرۋال	headword	1158_2L.png	verified
D02-12647	ئۇرۋالماق	headword	1158_2L.png	verified
D02-12648	ئۇر - يىقىت	headword	1158_2L.png	verified
D02-12649	ئۇر - يىقىت قىلماق	headword	1158_2L.png	verified
D02-12650	ئۇز	headword	1159_1R.png	unverified
D02-12651	ئۇزاتقۇچى	headword	1159_1R.png	unverified
D02-12652	ئۇزاتقۇزماق	headword	1159_1R.png	unverified
D02-12653	ئۇزاتماق	headword	1159_1R.png	unverified
D02-12654	ئۇزارتماق	headword	1159_1R.png	unverified
D02-12655	ئۇزارتىشماق	headword	1159_1R.png	unverified
D02-12656	ئۇزارتىلماق	headword	1159_1R.png	unverified
D02-12657	ئۇزارماق	headword	1159_1R.png	unverified
D02-12658	ئۇزاشماق	headword	1159_1R.png	unverified
D02-12659	ئۇزاق	headword	1159_1R.png	unverified
D02-12660	ئۇزاققا بارماي	headword	1159_1R.png	unverified
D02-12661	ئۇزاق قەدىمكى زامان	headword	1159_1R.png	unverified
D02-12662	ئۇزاقتىن	headword	1159_2L.png	verified
D02-12663	ئۇزاقلاشتۇرماق	headword	1159_2L.png	unverified
D02-12664	ئۇزاقلاشتۇرۇشماق	headword	1159_2L.png	unverified
D02-12665	ئۇزاقلاشتۇرۇلماق	headword	1159_2L.png	unverified
D02-12666	ئۇزاقلاشماق	headword	1159_2L.png	unverified
D02-12667	ئۇزاقلىق	headword	1159_2L.png	unverified
D02-12668	ئۇزاقلىماق	headword	1159_2L.png	unverified
D02-12669	ئۇزاق - ئۇزاق	headword	1159_2L.png	unverified
D02-12670	ئۇزلاشتۇرماق	headword	1159_2L.png	unverified
D02-12671	ئۇزلاشتۇرۇلماق	headword	1159_2L.png	unverified
D02-12672	ئۇزلاشماق	headword	1159_2L.png	unverified
D02-12673	ئۇزلۇق	headword	1159_2L.png	verified
D02-12674	ئۇزھال	headword	1160_1R.png	unverified
D02-12675	ئۇزۇت	headword	1160_1R.png	unverified
D02-12676	ئۇزۇن	headword	1160_1R.png	unverified
D02-12677	ئۇزۇنغا چىق	headword	1160_1R.png	verified
D02-12678	ئۇزۇن قول	headword	1160_1R.png	unverified
D02-12679	ئۇزۇن قوللۇق	headword	1160_1R.png	unverified
D02-12680	ئۇزۇن قۇلاق	headword	1160_1R.png	unverified
D02-12681	ئۇزۇن قۇلاقلىق	headword	1160_1R.png	verified
D02-12682	ئۇزۇن گەپنىڭ قىسقىسى	headword	1160_1R.png	unverified
D02-12683	ئۇزۇنتۇرا	headword	1160_1R.png	unverified
D02-12684	ئۇزۇنچاق	headword	1160_1R.png	unverified
D02-12685	ئۇزۇنچاقلىق	headword	1160_1R.png	unverified
D02-12686	ئۇزۇندىن - ئۇزۇن	headword	1160_1R.png	unverified
D02-12687	ئۇزۇن - قىسقا	headword	1160_1R.png	unverified
D02-12688	ئۇزۇنلۇق	headword	1160_1R.png	unverified
D02-12689	ئۇزۇنيان	headword	1160_2L.png	unverified
D02-12690	ئۇزىتىشماق	headword	1160_2L.png	verified
D02-12691	ئۇزىتىلماق	headword	1160_2L.png	unverified
D02-12692	ئۇزىماق	headword	1160_2L.png	unverified
D02-12693	ئۇستا	headword	1160_2L.png	unverified
D02-12694	ئۇستا كۆرگەن	headword	1160_2L.png	unverified
D02-12695	ئۇستات	headword	1160_2L.png	unverified
D02-12696	ئۇستاتلىق	headword	1160_2L.png	unverified
D02-12697	ئۇستاز	headword	1160_2L.png	unverified
D02-12698	ئۇستازلىق	headword	1161_1R.png	unverified
D02-12699	ئۇستام	headword	1161_1R.png	unverified
D02-12700	ئۇستىخان	headword	1161_1R.png	unverified
D02-12701	ئۇستىخان سۈرمەك	headword	1161_1R.png	unverified
D02-12702	ئۇستىخان سۈرۈشتۈرمەك	headword	1161_1R.png	unverified
D02-12703	ئۇستىخىنى پاك	headword	1161_1R.png	unverified
D02-12704	ئۇستىخىنى تازا	headword	1161_1R.png	unverified
D02-12705	ئۇستىخىنى چۈشۈپ قالماق	headword	1161_1R.png	unverified
D02-12706	ئۇستىخىنى قاتقان	headword	1161_1R.png	unverified
D02-12707	ئۇستىخىنى قاتمىغان	headword	1161_1R.png	unverified
D02-12708	ئۇستىخانا	headword	1161_1R.png	unverified
D02-12709	ئۇستىخانلىق	headword	1161_1R.png	unverified
D02-12710	ئۇستىخان - ئۇستىخىنى	headword	1161_1R.png	unverified
D02-12711	ئۇستىخان - ئۇستىخىنىغا سىڭمەك	headword	1161_1R.png	unverified
D02-12712	ئۇستىخان - ئۇستىخىنىدىن ئۆتۈپ كەتمەك	headword	1161_1R.png	verified
D02-12712-v1	جان - جېنىدىن ئۆتۈپ كەتمەك	variant	1161_1R.png	verified
D02-12713	ئۇستىرا	headword	1161_1R.png	verified
D02-12714	ئۇستىرلاپ	headword	1161_1R.png	unverified
D02-12715	ئۇستىرىتسا	headword	1161_2L.png	unverified
D02-12716	ئۇستىكار	headword	1161_2L.png	unverified
D02-12717	ئۇستىكارلىق	headword	1161_2L.png	unverified
D02-12718	ئۇستىكارلىق قىلماق	headword	1161_2L.png	verified
D02-12719	ئۇستىلاشتۇرماق	headword	1161_2L.png	verified
D02-12720	ئۇستىلاشماق	headword	1161_2L.png	unverified
D02-12721	ئۇستىلىق	headword	1161_2L.png	unverified
D02-12722	ئۇستىلىق قىلماق	headword	1161_2L.png	unverified
D02-12723	ئۇستىلىق ئىشلەتمەك	headword	1161_2L.png	unverified
D02-12724	ئۇسساتماق	headword	1161_2L.png	unverified
D02-12725	ئۇسساشماق	headword	1161_2L.png	unverified
D02-12726	ئۇسسۇز	headword	1161_2L.png	verified
D02-12727	ئۇسسۇزلۇق	headword	1161_2L.png	verified
D02-12728	ئۇسسۇل	headword	1162_1R.png	unverified
D02-12729	ئۇسسۇلغا سالماق	headword	1162_1R.png	unverified
D02-12730	ئۇسسۇلچى	headword	1162_1R.png	unverified
D02-12731	ئۇسسۇلچىلىق	headword	1162_1R.png	unverified
D02-12732	ئۇسسۇللۇق	headword	1162_1R.png	unverified
D02-12733	ئۇسسۇلۇق	headword	1162_1R.png	verified
D02-12734	ئۇسسىماق	headword	1162_1R.png	unverified
D02-12735	ئۇسقاق	headword	1162_1R.png	unverified
D02-12736	ئۇسقۇزماق	headword	1162_1R.png	unverified
D02-12737	ئۇسقۇزۇشماق	headword	1162_1R.png	unverified
D02-12738	ئۇسقۇزۇلماق	headword	1162_1R.png	unverified
D02-12739	ئۇسلۇب	headword	1162_1R.png	unverified
D02-12740	ئۇسماق	headword	1162_1R.png	unverified
D02-12741	ئۇسۇشماق	headword	1162_2L.png	unverified
D02-12742	ئۇسۇل	headword	1162_2L.png	unverified
D02-12743	ئۇسۇل-چارە	headword	1162_2L.png	verified
D02-12744	ئۇشبۇ	headword	1162_2L.png	unverified
D02-12745	ئۇشت	headword	1162_2L.png	verified
D02-12746	ئۇشتۇمتۇت	headword	1162_2L.png	unverified
D02-12747	ئۇشتۇمتۇتلۇق	headword	1162_2L.png	unverified
D02-12748	ئۇششاق	headword	1162_2L.png	unverified
D02-12749	ئۇششاق سۆز	headword	1162_2L.png	unverified
D02-12750	ئۇششاق گەپ	headword	1162_2L.png	unverified
D02-12751	ئۇششاق-چۈششەك	headword	1162_2L.png	unverified
D02-12752	ئۇششاق - چىپە	headword	1163_1R.png	verified
D02-12753	ئۇششاقلاتماق	headword	1163_1R.png	unverified
D02-12754	ئۇششاقلاشماق	headword	1163_1R.png	unverified
D02-12755	ئۇششاقلانماق	headword	1163_1R.png	unverified
D02-12756	ئۇششاقلىق	headword	1163_1R.png	unverified
D02-12758	ئۇششاقلىماق	headword	1163_1R.png	unverified
D02-12759	ئۇششۇق	headword	1163_1R.png	unverified
D02-12760	ئۇششۇقلۇق	headword	1163_1R.png	unverified
D02-12761	ئۇشلىماق	headword	1163_1R.png	unverified
D02-12762	ئۇغۇنۇتتە	headword	1163_1R.png	unverified
D02-12763	ئۇقا	headword	1163_1R.png	unverified
D02-12764	ئۇقاق	headword	1163_1R.png	verified
D02-12765	ئۇقاسىز	headword	1163_1R.png	unverified
D02-12767	ئۇقالىق	headword	1163_1R.png	unverified
D02-12768	ئۇقاي	headword	1163_1R.png	unverified
D02-12769	ئۇقتۇرماق	headword	1163_1R.png	unverified
D02-12770	ئۇقتۇرۇش	headword	1163_1R.png	unverified
D02-12771	ئۇقتۇرۇشنامە	headword	1163_1R.png	unverified
D02-12772	ئۇقماق	headword	1163_2L.png	unverified
D02-12773	ئۇقۇشسىز	headword	1163_2L.png	unverified
D02-12774	ئۇقۇشلۇق	headword	1163_2L.png	unverified
D02-12775	ئۇقۇشماسلىق	headword	1163_2L.png	unverified
D02-12776	ئۇقۇشماق	headword	1163_2L.png	unverified
D02-12777	ئۇقۇشۇشماق	headword	1163_2L.png	unverified
D02-12778	ئۇقۇشۇلماسلىق	headword	1163_2L.png	verified
D02-12779	ئۇقۇلماق	headword	1163_2L.png	unverified
D02-12780	ئۇقۇم	headword	1163_2L.png	unverified
D02-12781	ئۇقۇمداش	headword	1163_2L.png	unverified
D02-12782	ئۇقۇمسىز	headword	1163_2L.png	verified
D02-12783	ئۇقۇمسىزلاشتۇرماق	headword	1163_2L.png	verified
D02-12784	ئۇقۇمسىزلاشتۇرۇشماق	headword	1164_1R.png	verified
D02-12785	ئۇقۇمسىزلاشتۇرۇلماق	headword	1164_1R.png	verified
D02-12786	ئۇقۇمسىزلاشماق	headword	1164_1R.png	verified
D02-12787	ئۇقۇمسىزلىق	headword	1164_1R.png	unverified
D02-12788	ئۇقۇملاشتۇرۇش	headword	1164_1R.png	unverified
D02-12789	ئۇقۇملاشماق	headword	1164_1R.png	unverified
D02-12790	ئۇقۇملۇق	headword	1164_1R.png	unverified
D02-12791	ئۇقۇملىماق	headword	1164_1R.png	verified
D02-12792	ئۇقىلىماق	headword	1164_1R.png	verified
D02-12793	ئۇكا	headword	1164_1R.png	unverified
D02-12794	ئۇكرائىن	headword	1164_1R.png	unverified
D02-12795	ئۇگلېرود	headword	1164_1R.png	unverified
D02-12796	ئۇگۇييا	headword	1164_1R.png	verified
D02-12797	ئۇگىلانماق	headword	1164_1R.png	unverified
D02-12798	ئۇگىلىماق	headword	1164_1R.png	unverified
D02-12799	ئۇل	headword	1164_1R.png	unverified
D02-12800	ئۇلى بوش	headword	1164_2L.png	unverified
D02-12801	ئۇلى چىڭ	headword	1164_2L.png	unverified
D02-12802	ئۇلنى چىڭدىماق	headword	1164_2L.png	unverified
D02-12803	ئۇلنى قۇرماق	headword	1164_2L.png	unverified
D02-12804	ئۇلنى كولىماق	headword	1164_2L.png	unverified
D02-12805	ئۇلاتماق	headword	1164_2L.png	unverified
D02-12806	ئۇلار	headword	1164_2L.png	unverified
D02-12807	ئۇلاشتۇرما	headword	1164_2L.png	unverified
D02-12808	ئۇلاشتۇرماق	headword	1164_2L.png	unverified
D02-12809	ئۇلاشتۇرۇلماق	headword	1164_2L.png	unverified
D02-12810	ئۇلاشماق	headword	1164_2L.png	unverified
D02-12811	ئۇلاغ	headword	1165_1R.png	unverified
D02-12812	ئۇلاغسىز	headword	1165_1R.png	unverified
D02-12813	ئۇلاغ - قارا	headword	1165_1R.png	unverified
D02-12814	ئۇلاغلىق	headword	1165_1R.png	unverified
D02-12815	ئۇلاق	headword	1165_1R.png	unverified
D02-12816	ئۇلاقتۇرماق	headword	1165_1R.png	unverified
D02-12817	ئۇلاقچى	headword	1165_1R.png	unverified
D02-12818	ئۇلاقچىلىق	headword	1165_1R.png	unverified
D02-12819	ئۇلاقسىز	headword	1165_1R.png	unverified
D02-12820	ئۇلاق - قۇراق	headword	1165_1R.png	unverified
D02-12821	ئۇلاقلىق	headword	1165_1R.png	verified
D02-12822	ئۇلاڭ	headword	1165_1R.png	verified
D02-12823	ئۇلانما	headword	1165_1R.png	verified
D02-12824	ئۇلانماق	headword	1165_1R.png	unverified
D02-12825	ئۇلاي	headword	1165_2L.png	unverified
D02-12827	ئۇلتاڭ	headword	1165_2L.png	unverified
D02-12828	ئۇلتاڭسىز	headword	1165_2L.png	unverified
D02-12829	ئۇلتاڭلىق	headword	1165_2L.png	verified
D02-12830	ئۇلتاماق	headword	1165_2L.png	verified
D02-12831	ئۇلترا	headword	1165_2L.png	verified
D02-12832	ئۇلترا ئاۋاز دولقۇنى	headword	1165_2L.png	unverified
D02-12833	ئۇلترا قىسقا دولقۇن	headword	1165_2L.png	unverified
D02-12834	ئۇلترا يۇقىرى بېسىم	headword	1165_2L.png	unverified
D02-12835	ئۇلتىماتۇم	headword	1165_2L.png	unverified
D02-12836	ئۇلداتماق	headword	1165_2L.png	unverified
D02-12837	ئۇلداشماق	headword	1165_2L.png	unverified
D02-12838	ئۇلدانماق	headword	1165_2L.png	verified
D02-12839	ئۇلدىماق	headword	1165_2L.png	unverified
D02-12841	ئۇلغايتىشماق	headword	1166_1R.png	unverified
D02-12842	ئۇلغايتىلماق	headword	1166_1R.png	unverified
D02-12843	ئۇلغايماق	headword	1166_1R.png	unverified
D02-12844	ئۇللۇق	headword	1166_1R.png	unverified
D02-12845	ئۇللىماق	headword	1166_1R.png	unverified
D02-12846	ئۇلۇس	headword	1166_1R.png	unverified
D02-12847	ئۇلۇغ	headword	1166_1R.png	unverified
D02-12848	ئۇلۇغ بەھەڭ	headword	1166_2L.png	unverified
D02-12849	ئۇلۇغ بوۋا	headword	1166_2L.png	unverified
D02-12850	ئۇلۇغ بېشى	headword	1166_2L.png	unverified
D02-12851	ئۇلۇغ تىنماق	headword	1166_2L.png	unverified
D02-12852	ئۇلۇغ موما	headword	1166_2L.png	unverified
D02-12853	ئۇلۇغزادە	headword	1166_2L.png	unverified
D02-12854	ئۇلۇغ ـ كىچىك	headword	1166_2L.png	verified
D02-12854-v1	چوڭ ـ كىچىك	variant	1166_2L.png	verified
D02-12855	ئۇلۇغ - كىچىك تىنماق	headword	1166_2L.png	unverified
D02-12856	ئۇلۇغلاتماق	headword	1166_2L.png	unverified
D02-12857	ئۇلۇغلاشماق	headword	1166_2L.png	unverified
D02-12858	ئۇلۇغلانماق	headword	1166_2L.png	verified
D02-12859	ئۇلۇغلۇق	headword	1166_2L.png	unverified
D02-12860	ئۇلۇغلىماق	headword	1166_2L.png	unverified
D02-12861	ئۇلۇغ- ئۇششاق	headword	1166_2L.png	unverified
D02-12862	ئۇلۇغۋار	headword	1166_2L.png	unverified
D02-12863	ئۇلۇغۋارلىق	headword	1166_2L.png	unverified
D02-12864	ئۇلىماق	headword	1166_2L.png	verified
D02-12865	ئۇماچ	headword	1167_1R.png	verified
D02-12866	ئۇماچخانا	headword	1167_1R.png	unverified
D02-12867	ئۇماچلىماق	headword	1167_1R.png	unverified
D02-12868	ئۇماي	headword	1167_1R.png	unverified
D02-12869	ئۇمتاق	headword	1167_1R.png	unverified
D02-12870	ئۇمۇۋالنىك	headword	1167_1R.png	unverified
D02-12871	ئۇن	headword	1167_1R.png	unverified
D02-12872	ئۇناتماق	headword	1167_1R.png	unverified
D02-12873	ئۇناشماق	headword	1167_1R.png	unverified
D02-12874	ئۇنتۇشماق	headword	1167_1R.png	unverified
D02-12875	ئۇنتۇغاق	headword	1167_1R.png	unverified
D02-12876	ئۇنتۇغاقلىق	headword	1167_1R.png	unverified
D02-12877	ئۇنتۇق	headword	1167_1R.png	unverified
D02-12878	ئۇنتۇلدۇرماق	headword	1167_1R.png	unverified
D02-12879	ئۇنتۇلغۇسىز	headword	1167_2L.png	unverified
D02-12880	ئۇنتۇلماس	headword	1167_2L.png	unverified
D02-12881	ئۇنتۇلماق	headword	1167_2L.png	unverified
D02-12882	ئۇنتۇماق	headword	1167_2L.png	unverified
D02-12883	ئۇنچە	headword	1167_2L.png	unverified
D02-12884	ئۇنچە-مۇنچە	headword	1167_2L.png	unverified
D02-12885	ئۇنچىلا	headword	1167_2L.png	unverified
D02-12886	ئۇنچىلىك	headword	1167_2L.png	unverified
D02-12887	ئۇنچىۋالا	headword	1167_2L.png	unverified
D02-12888	ئۇندا	headword	1167_2L.png	unverified
D02-12889	ئۇندا-بۇندا	headword	1167_2L.png	unverified
D02-12890	ئۇنداق	headword	1167_2L.png	unverified
D02-12891	ئۇنداقتا	headword	1167_2L.png	unverified
D02-12892	ئۇنداقچى - مۇنداقچى	headword	1168_1R.png	unverified
D02-12893	ئۇنداق - مۇنداق	headword	1168_1R.png	unverified
D02-12894	ئۇنداق - مۇنداق قىلىپ	headword	1168_1R.png	unverified
D02-12895	ئۇنسۇر	headword	1168_1R.png	unverified
D02-12896	ئۇنسۇرلۇق	headword	1168_1R.png	unverified
D02-12897	ئۇنسىيە	headword	1168_1R.png	unverified
D02-12898	ئۇنغىچە	headword	1168_1R.png	unverified
D02-12899	ئۇنغىچىلىك	headword	1168_1R.png	unverified
D02-12900	ئۇنۋان	headword	1168_1R.png	unverified
D02-12901	ئۇنۋانسىز	headword	1168_1R.png	unverified
D02-12902	ئۇنۋانلىق	headword	1168_1R.png	unverified
D02-12903	ئۇنماق	headword	1168_1R.png	unverified
D02-12904	ئۇنىغانغا يونىغاندەك	headword	1168_2L.png	unverified
D02-12905	ئۇنىمىغانغا ئۇنىماي	headword	1168_2L.png	unverified
D02-12906	ئۇنىۋېرسال	headword	1168_2L.png	unverified
D02-12907	ئۇنىۋېرساللىق	headword	1168_2L.png	unverified
D02-12908	ئۇنىۋېرسىتېت	headword	1168_2L.png	unverified
D02-12909	ئۇھ	headword	1168_2L.png	verified
D02-12910	ئۇھ تارتماق	headword	1168_2L.png	unverified
D02-12911	ئۇھ دېمەك	headword	1168_2L.png	unverified
D02-12912	ئۇھسىنماق	headword	1168_2L.png	unverified
D02-12913	ئۇھلىماق	headword	1168_2L.png	unverified
D02-12914	ئۇۋا	headword	1168_2L.png	unverified
D02-12915	ئۇۋا ئىزدىگەن توخۇدەك	headword	1168_2L.png	unverified
D02-12916	ئۇۋىسى بۇزۇلغان چۈمۈلىدەك	headword	1168_2L.png	unverified
D02-12917	ئۇۋىسى چۇۋۇلغان ھەرىدەك	headword	1169_1R.png	verified
D02-12918	ئۇۋاتماق	headword	1169_1R.png	unverified
D02-12919	ئۇۋاشماق	headword	1169_1R.png	unverified
D02-12920	ئۇۋاق	headword	1169_1R.png	unverified
D02-12921	ئۇۋاقچە	headword	1169_1R.png	unverified
D02-12922	ئۇۋاقلاتماق	headword	1169_1R.png	unverified
D02-12923	ئۇۋاقلاشماق	headword	1169_1R.png	unverified
D02-12924	ئۇۋاقلانماق	headword	1169_1R.png	unverified
D02-12925	ئۇۋاقلىماق	headword	1169_1R.png	unverified
D02-12926	ئۇۋال	headword	1169_1R.png	unverified
D02-12927	ئۇۋالى تۇتماق	headword	1169_1R.png	unverified
D02-12928	ئۇۋالىغا قالماق	headword	1169_1R.png	unverified
D02-12929	ئۇۋالى ئۆزىگە	headword	1169_1R.png	unverified
D02-12930	ئۇۋالىچىلىق	headword	1169_1R.png	unverified
D02-12931	ئۇۋاللىق	headword	1169_1R.png	unverified
D02-12932	ئۇۋەت	headword	1169_2L.png	verified
D02-12933	ئۇۋۇلاتماق	headword	1169_2L.png	unverified
D02-12934	ئۇۋۇلاشماق	headword	1169_2L.png	unverified
D02-12935	ئۇۋۇلانماق	headword	1169_2L.png	unverified
D02-12936	ئۇۋۇلىماق	headword	1169_2L.png	verified
D02-12937	ئۇۋىلاتماق	headword	1169_2L.png	unverified
D02-12938	ئۇۋىلاشماق	headword	1169_2L.png	unverified
D02-12939	ئۇۋىلىق	headword	1169_2L.png	unverified
D02-12940	ئۇۋىلىماق	headword	1169_2L.png	unverified
D02-12941	ئۇۋىماق	headword	1169_2L.png	verified
D02-12942	ئۇۋىندى	headword	1169_2L.png	verified
D02-12943	ئۇي	headword	1169_2L.png	verified
D02-12944	ئۇينىڭ قۇلىقىغا ساتار چالماق	headword	1169_2L.png	verified
D02-12945	ئۇيات	headword	1170_1R.png	verified
D02-12946	ئۇياتچان	headword	1170_1R.png	unverified
D02-12947	ئۇياتچانلىق	headword	1170_1R.png	unverified
D02-12948	ئۇياتچانئوت	headword	1170_1R.png	unverified
D02-12949	ئۇياتسىز	headword	1170_1R.png	unverified
D02-12950	ئۇياتسىزلىق	headword	1170_1R.png	unverified
D02-12951	ئۇياتسىزلارچە	headword	1170_1R.png	unverified
D02-12952	ئۇياتقۇزماق	headword	1170_1R.png	unverified
D02-12953	ئۇياتقۇزۇشماق	headword	1170_1R.png	unverified
D02-12954	ئۇياتلاندۇرماق	headword	1170_1R.png	unverified
D02-12955	ئۇياتلاندۇرۇشماق	headword	1170_1R.png	unverified
D02-12956	ئۇياتلاندۇرۇلماق	headword	1170_1R.png	unverified
D02-12957	ئۇياتلانماق	headword	1170_1R.png	unverified
D02-12958	ئۇياتلىق	headword	1170_1R.png	unverified
D02-12959	ئۇياتلىق يەر	headword	1170_1R.png	unverified
D02-12960	ئۇياتماق	headword	1170_2L.png	verified
D02-12961	ئۇيالدۇرماق	headword	1170_2L.png	unverified
D02-12962	ئۇيالدۇرۇشماق	headword	1170_2L.png	unverified
D02-12963	ئۇيالماق	headword	1170_2L.png	unverified
D02-12964	ئۇيخا	headword	1170_2L.png	unverified
D02-12965	ئۇيسۇنلار	headword	1170_2L.png	unverified
D02-12966	ئۇيغۇر	headword	1170_2L.png	unverified
D02-12967	ئۇيغۇر تىلى	headword	1170_2L.png	unverified
D02-12968	ئۇيغۇر كىلاسسىك ئەدەبىياتى	headword	1170_2L.png	unverified
D02-12969	ئۇيغۇر يېزىقى	headword	1170_2L.png	unverified
D02-12970	ئۇيغۇرچە	headword	1170_2L.png	unverified
D02-12971	ئۇيغۇرچىلاپ	headword	1171_1R.png	unverified
D02-12972	ئۇيغۇرچىلاشتۇرماق	headword	1171_1R.png	unverified
D02-12973	ئۇيغۇرچىلاشتۇرۇشماق	headword	1171_1R.png	unverified
D02-12974	ئۇيغۇرچىلاشتۇرۇلماق	headword	1171_1R.png	unverified
D02-12975	ئۇيغۇرچىلاشماق	headword	1171_1R.png	unverified
D02-12976	ئۇيغۇرچىلىق	headword	1171_1R.png	unverified
D02-12977	ئۇيغۇرسىراتماق	headword	1171_1R.png	unverified
D02-12978	ئۇيغۇرسىراشماق	headword	1171_1R.png	verified
D02-12979	ئۇيغۇرسىرىماق	headword	1171_1R.png	unverified
D02-12980	ئۇيغۇرشۇناس	headword	1171_1R.png	unverified
D02-12981	ئۇيغۇرشۇناسلىق	headword	1171_1R.png	unverified
D02-12982	ئۇيغۇرلاشماق	headword	1171_1R.png	unverified
D02-12983	ئۇيغۇن	headword	1171_1R.png	verified
D02-12984	ئۇيغۇنلاشتۇرماق	headword	1171_1R.png	unverified
D02-12985	ئۇيغۇنلاشماق	headword	1171_2L.png	unverified
D02-12986	ئۇيغۇنلۇق	headword	1171_2L.png	unverified
D02-12987	ئۇيقا-تۇيقا	headword	1171_2L.png	unverified
D02-12988	ئۇيقاش	headword	1171_2L.png	unverified
D02-12989	ئۇيقاشماق	headword	1171_2L.png	unverified
D02-12990	ئۇيقۇ	headword	1171_2L.png	unverified
D02-12991	ئۇيقۇسى ئېچىلماق	headword	1171_2L.png	unverified
D02-12992	ئۇيقۇچان	headword	1171_2L.png	unverified
D02-12993	ئۇيقۇچى	headword	1171_2L.png	unverified
D02-12994	ئۇيقۇسىراتماق	headword	1171_2L.png	unverified
D02-12995	ئۇيقۇسىراشماق	headword	1171_2L.png	unverified
D02-12996	ئۇيقۇسىرىماق	headword	1171_2L.png	unverified
D02-12997	ئۇيقۇسىز	headword	1171_2L.png	unverified
D02-12998	ئۇيقۇسىزلىق	headword	1171_2L.png	unverified
D02-12999	ئۇيقۇلۇق	headword	1171_2L.png	verified
D02-13001	ئۇيقىلىماق	headword	1172_1R.png	verified
D02-13002	ئۇيۇتقا	headword	1172_1R.png	unverified
D02-13003	ئۇيۇتما	headword	1172_1R.png	unverified
D02-13004	ئۇيۇتماق	headword	1172_1R.png	unverified
D02-13005	ئۇيۇتۇشماق	headword	1172_1R.png	unverified
D02-13006	ئۇيۇتۇلماق	headword	1172_1R.png	unverified
D02-13007	ئۇيۇشتۇرماق	headword	1172_1R.png	unverified
D02-13008	ئۇيۇشتۇرۇشماق	headword	1172_1R.png	unverified
D02-13009	ئۇيۇشتۇرۇلماق	headword	1172_1R.png	unverified
D02-13010	ئۇيۇشچان	headword	1172_1R.png	unverified
D02-13011	ئۇيۇشچانلىق	headword	1172_1R.png	unverified
D02-13012	ئۇيۇشقاق	headword	1172_1R.png	unverified
D02-13013	ئۇيۇشقاقلىق	headword	1172_2L.png	unverified
D02-13014	ئۇيۇشما	headword	1172_2L.png	unverified
D02-13015	ئۇيۇشماق	headword	1172_2L.png	unverified
D02-13017	ئۇيۇشۇشچان	headword	1172_2L.png	unverified
D02-13018	ئۇيۇشۇشچانلىق	headword	1172_2L.png	unverified
D02-13019	ئۇيۇشۇشماق	headword	1172_2L.png	unverified
D02-13020	ئۇيۇق-تۇيۇق	headword	1172_2L.png	unverified
D02-13021	ئۇيۇل	headword	1172_2L.png	unverified
D02-13022	ئۇيۇلغۇ	headword	1172_2L.png	unverified
D02-13023	ئۇيۇم	headword	1172_2L.png	unverified
D02-13024	ئۇيۇماق	headword	1172_2L.png	unverified
D02-13025	ئۇيۇندى	headword	1172_2L.png	unverified
D02-13026	ئۇيىتىشماق	headword	1172_2L.png	verified
D02-13027	ئۇيىلىشماق	headword	1172_2L.png	unverified
D02-13028	ئۆپتۈرمەك	headword	1173_1R.png	verified
D02-13029	ئۆپچۆرە	headword	1173_1R.png	unverified
D02-13030	ئۆپكە	headword	1173_1R.png	unverified
D02-13031	ئۆپكە قاقماق	headword	1173_1R.png	unverified
D02-13032	ئۆپكەڭنى بېسىۋال	headword	1173_1R.png	unverified
D02-13033	ئۆپكىسى ئاغزىغا تىقىلماق	headword	1173_1R.png	unverified
D02-13034	ئۆپكىسى ئاغزىغا قاپلىشىپ قالماق	headword	1173_1R.png	unverified
D02-13035	ئۆپكىسى تۈگەپ، كانىيى قالماق	headword	1173_1R.png	unverified
D02-13036	ئۆپكىسى قۇرۇپ كەتمەك	headword	1173_1R.png	unverified
D02-13037	ئۆپكىسى كۆرۈنۈپ قالماق	headword	1173_1R.png	unverified
D02-13038	ئۆپكىسىنى بېسىۋالماق	headword	1173_2L.png	unverified
D02-13039	ئۆپكىسىنى ئىچىدىن قاقماق	headword	1173_2L.png	unverified
D02-13040	ئۆپكىسى ئۆرۈلمەك	headword	1173_2L.png	unverified
D02-13041	ئۆپكىسى يوق	headword	1173_2L.png	unverified
D02-13042	ئۆپكە-زاسۈي	headword	1173_2L.png	unverified
D02-13043	ئۆپكە-ھېسىپ	headword	1173_2L.png	unverified
D02-13044	ئۆپكىدىمەك	headword	1173_2L.png	verified
D02-13045	ئۆپكىلەتمەك	headword	1173_2L.png	unverified
D02-13046	ئۆپكىلەشمەك	headword	1173_2L.png	unverified
D02-13047	ئۆپكىلىك	headword	1173_2L.png	unverified
D02-13048	ئۆپكىلىمەك	headword	1173_2L.png	unverified
D02-13049	ئۆپلەن	headword	1173_2L.png	verified
D02-13050	ئۆپمەك	headword	1173_2L.png	unverified
D02-13051	ئۆپۈپ-تېتىپ	headword	1173_2L.png	unverified
D02-13052	ئۆپۈشمەك	headword	1174_1R.png	unverified
D02-13053	ئۆپۈلمەك	headword	1174_1R.png	unverified
D02-13054	ئۆپۈم	headword	1174_1R.png	unverified
D02-13055	ئۆت	headword	1174_1R.png	unverified
D02-13056	ئۆت تېشى كېسىلى	headword	1174_1R.png	unverified
D02-13057	ئۆت خالتىسى ياللۇغى	headword	1174_1R.png	unverified
D02-13058	ئۆتى يېرىلىپ كەتكۈدەك بولماق	headword	1174_1R.png	unverified
D02-13059	ئۆتە	headword	1174_1R.png	unverified
D02-13061	ئۆتەتمەك	headword	1174_1R.png	unverified
D02-13062	ئۆتەشمەك	headword	1174_1R.png	unverified
D02-13063	ئۆتەك	headword	1174_1R.png	unverified
D02-13064	ئۆتەگ	headword	1174_1R.png	unverified
D02-13065	ئۆتەڭ	headword	1174_1R.png	unverified
D02-13066	ئۆتەل	headword	1174_1R.png	unverified
D02-13067	ئۆتەلەنمەك	headword	1174_1R.png	unverified
D02-13068	ئۆتكەل	headword	1174_1R.png	unverified
D02-13069	ئۆتكەمە	headword	1174_2L.png	unverified
D02-13070	ئۆتكەمىدىن ئۆتكۈزمەك	headword	1174_2L.png	unverified
D02-13070-v1	ئەلگەكتىن ئۆتكۈزمەك	variant	1174_2L.png	unverified
D02-13071	ئۆتكەمىچى	headword	1174_2L.png	unverified
D02-13072	ئۆتكەن	headword	1174_2L.png	unverified
D02-13073	ئۆتكەنگە سالاۋات	headword	1174_2L.png	unverified
D02-13074	ئۆتكەن ئىشقا سالاۋات	headword	1174_2L.png	unverified
D02-13075	ئۆتكەن-كەچكەن	headword	1174_2L.png	unverified
D02-13076	ئۆتكەنكى	headword	1174_2L.png	unverified
D02-13077	ئۆتكۈر	headword	1174_2L.png	unverified
D02-13078	ئۆتكۈرلەشتۈرمەك	headword	1175_1R.png	unverified
D02-13079	ئۆتكۈرلەشتۈرۈشمەك	headword	1175_1R.png	unverified
D02-13080	ئۆتكۈرلەشتۈرۈلمەك	headword	1175_1R.png	unverified
D02-13081	ئۆتكۈرلەشمەك	headword	1175_1R.png	unverified
D02-13082	ئۆتكۈرلۈك	headword	1175_1R.png	unverified
D02-13083	ئۆتكۈزگۈچ	headword	1175_1R.png	unverified
D02-13084	ئۆتكۈزمەك	headword	1175_1R.png	unverified
D02-13085	ئۆتكۈزۈش	headword	1175_1R.png	unverified
D02-13086	ئۆتكۈزۈشچان	headword	1175_1R.png	unverified
D02-13087	ئۆتكۈزۈشچانلىق	headword	1175_1R.png	unverified
D02-13088	ئۆتكۈزۈشمەك	headword	1175_1R.png	unverified
D02-13089	ئۆتكۈزۈلمەك	headword	1175_1R.png	unverified
D02-13090	ئۆتكۈن	headword	1175_1R.png	unverified
D02-13091	ئۆتكۈن ئۆتمەك	headword	1175_1R.png	unverified
D02-13092	ئۆتكۈنچى	headword	1175_2L.png	unverified
D02-13093	ئۆتكۈنچى يامغۇر	headword	1175_2L.png	unverified
D02-13094	ئۆتمە	headword	1175_2L.png	unverified
D02-13095	ئۆتمەك	headword	1175_2L.png	verified
D02-13096	ئۆتمۈش	headword	1176_1R.png	verified
D02-13097	ئۆتمىتۆشۈك	headword	1176_1R.png	verified
D02-13098	ئۆتنە	headword	1176_1R.png	verified
D02-13099	ئۆتنە ئالەم	headword	1176_1R.png	verified
D02-13100	ئۆتنە جاھان	headword	1176_1R.png	unverified
D02-13101	ئۆتنە دۇنيا	headword	1176_2L.png	verified
D02-13102	ئۆتنە- لاپقۇت	headword	1176_2L.png	unverified
D02-13103	ئۆتنە-ياغام	headword	1176_2L.png	verified
D02-13103-v1	ئۆتنە-يېرىم	variant	1176_2L.png	verified
D02-13104	ئۆتنە- يېرىم	headword	1176_2L.png	unverified
D02-13105	ئۆتۈپ- تېشىپ	headword	1176_2L.png	unverified
D02-13106	ئۆتۈشلۈك	headword	1176_2L.png	unverified
D02-13107	ئۆتۈشمە	headword	1176_2L.png	unverified
D02-13108	ئۆتۈشمە قۇدا	headword	1176_2L.png	unverified
D02-13109	ئۆتۈشمە كۆۋرۈك	headword	1176_2L.png	unverified
D02-13110	ئۆتۈشمە يول	headword	1176_2L.png	unverified
D02-13111	ئۆتۈشمەك	headword	1176_2L.png	unverified
D02-13112	ئۆتۈشمىلىك	headword	1176_2L.png	unverified
D02-13113	ئۆتۈك	headword	1176_2L.png	unverified
D02-13115	ئۆتۈكچان	headword	1176_2L.png	unverified
D02-13116	ئۆتۈكچى	headword	1176_2L.png	unverified
D02-13118	ئۆتۈكلۈك	headword	1176_2L.png	unverified
D02-13119	ئۆتۈمسىز	headword	1177_1R.png	verified
D02-13120	ئۆتۈمسىز پېئىل	headword	1177_1R.png	unverified
D02-13121	ئۆتۈملۈك	headword	1177_1R.png	unverified
D02-13122	ئۆتۈملۈك پېئىل	headword	1177_1R.png	unverified
D02-13123	ئۆتۈنچ	headword	1177_1R.png	unverified
D02-13124	ئۆتۈنچنامە	headword	1177_1R.png	unverified
D02-13125	ئۆتۈنمە	headword	1177_1R.png	unverified
D02-13126	ئۆتۈنمەك	headword	1177_1R.png	unverified
D02-13127	ئۆتۈنۈشمەك	headword	1177_1R.png	unverified
D02-13128	ئۆتىمەك	headword	1177_1R.png	unverified
D02-13129	ئۆتەنە	headword	1177_1R.png	unverified
D02-13130	ئۆچ	headword	1177_1R.png	unverified
D02-13132	ئۆچەكەشتۈرمەك	headword	1177_1R.png	verified
D02-13133	ئۆچەكەشمەك	headword	1177_2L.png	unverified
D02-13134	ئۆچكە	headword	1177_2L.png	unverified
D02-13135	ئۆچكە ياغلىرى ئېرىپ كەتمەك	headword	1177_2L.png	verified
D02-13136	ئۆچكە يۇلغۇن	headword	1177_2L.png	unverified
D02-13137	ئۆچكە يېغىدەك	headword	1177_2L.png	unverified
D02-13138	ئۆچكىئېمەر	headword	1177_2L.png	unverified
D02-13139	ئۆچلەشمەك	headword	1177_2L.png	unverified
D02-13140	ئۆچلۈك	headword	1177_2L.png	unverified
D02-13141	ئۆچمەس	headword	1177_2L.png	unverified
D02-13142	ئۆچمەك	headword	1177_2L.png	unverified
D02-13143	ئۆچمەن	headword	1178_1R.png	unverified
D02-13144	ئۆچمەنلەشتۈرمەك	headword	1178_1R.png	unverified
D02-13145	ئۆچمەنلەشتۈرۈشمەك	headword	1178_1R.png	unverified
D02-13146	ئۆچمەنلەشتۈرۈلمەك	headword	1178_1R.png	unverified
D02-13147	ئۆچمەنلەشمەك	headword	1178_1R.png	unverified
D02-13148	ئۆچمەنلىك	headword	1178_1R.png	unverified
D02-13149	ئۆچۈرتمەك	headword	1178_1R.png	unverified
D02-13150	ئۆچۈرگۈچ	headword	1178_1R.png	unverified
D02-13151	ئۆچۈرمەك	headword	1178_1R.png	unverified
D02-13153	ئۆچۈرۈشمەك	headword	1178_1R.png	unverified
D02-13154	ئۆچۈرۈلمەك	headword	1178_1R.png	unverified
D02-13155	ئۆچىرەت	headword	1178_1R.png	unverified
D02-13156	ئۆچىرەتسىز	headword	1178_1R.png	unverified
D02-13157	ئۆچىرەتلىك	headword	1178_1R.png	unverified
D02-13158	ئۆدى	headword	1178_2L.png	unverified
D02-13159	ئۆدىمەك	headword	1178_2L.png	unverified
D02-13160	ئۆرە	headword	1178_2L.png	unverified
D02-13161	ئۆرە بولماق	headword	1178_2L.png	unverified
D02-13162	ئۆرە تۇرماق	headword	1178_2L.png	unverified
D02-13163	ئۆرە سۆزلىمەك	headword	1178_2L.png	unverified
D02-13164	ئۆرە قىلماق	headword	1178_2L.png	unverified
D02-13165	ئۆرە كېزىك	headword	1178_2L.png	unverified
D02-13166	ئۆرە يۈرمەك	headword	1178_2L.png	unverified
D02-13168	ئۆرە-تۆپە	headword	1178_2L.png	unverified
D02-13169	ئۆرەستە	headword	1178_2L.png	unverified
D02-13170	ئۆرەسكەل	headword	1178_2L.png	verified
D02-13171	ئۆرەنلىمەك	headword	1179_1R.png	unverified
D02-13173	ئۆرپ- ئادەت	headword	1179_1R.png	verified
D02-13174	ئۆرتەشمەك	headword	1179_1R.png	verified
D02-13175	ئۆرتەنمەك	headword	1179_1R.png	unverified
D02-13176	ئۆرتىمەك	headword	1179_1R.png	unverified
D02-13177	ئۆردەك	headword	1179_1R.png	unverified
D02-13178	ئۆردەككە سۇ يۇقمىغاندەك	headword	1179_1R.png	unverified
D02-13179	ئۆردەكنى قونداققا زورلىماق	headword	1179_1R.png	unverified
D02-13180	ئۆردىكىنى ئۇ يان، غېزىنى بۇ يان ئايرىماق	headword	1179_1R.png	unverified
D02-13181	ئۆردىكىنى ئۇ يان، غېزىنى بۇ يان قىلماق	headword	1179_1R.png	unverified
D02-13182	ئۆردىكىنى ئۆردەك، غېزىنى غاز قىلماق	headword	1179_1R.png	verified
D02-13183	ئۆردەكتۇمشۇق	headword	1179_1R.png	verified
D02-13184	ئۆركەش	headword	1179_2L.png	unverified
D02-13185	ئۆركەشلەتمەك	headword	1179_2L.png	unverified
D02-13186	ئۆركەشلەنمەك	headword	1179_2L.png	unverified
D02-13187	ئۆركەشلىك	headword	1179_2L.png	unverified
D02-13188	ئۆركەشلىمەك	headword	1179_2L.png	unverified
D02-13189	ئۆركىمەك	headword	1179_2L.png	verified
D02-13190	ئۆرگۈلەي	headword	1179_2L.png	unverified
D02-13191	ئۆرگۈنەك	headword	1179_2L.png	verified
D02-13191-v1	ئەنجىبار	variant	1179_2L.png	verified
D02-13192	ئۆرگىلىۋاي	headword	1179_2L.png	unverified
D02-13193	ئۆرلەتمەك	headword	1179_2L.png	unverified
D02-13194	ئۆرلەش	headword	1179_2L.png	unverified
D02-13195	ئۆرلەشمەك	headword	1179_2L.png	unverified
D02-13196	ئۆرلىمەك	headword	1179_2L.png	unverified
D02-13197	ئۆرمەك	headword	1180_1R.png	unverified
D02-13198	ئۆرمەك چىۋىن	headword	1180_1R.png	verified
D02-13199	ئۆرنەك	headword	1180_1R.png	unverified
D02-13200	ئۆرنەكلىك	headword	1180_1R.png	unverified
D02-13201	ئۆرۈپ - چۆرۈپ	headword	1180_1R.png	unverified
D02-13202	ئۆرۈتمەك	headword	1180_1R.png	unverified
D02-13204	ئۆرۈش	headword	1180_1R.png	unverified
D02-13205	ئۆرۈشتۈرمەك	headword	1180_1R.png	unverified
D02-13206	ئۆرۈشمەك	headword	1180_1R.png	unverified
D02-13208	ئۆرۈك	headword	1180_1R.png	unverified
D02-13209	ئۆرۈكچىلىك	headword	1180_1R.png	unverified
D02-13210	ئۆرۈكلۈك	headword	1180_1R.png	unverified
D02-13211	ئۆرۈلمەك	headword	1180_1R.png	unverified
D02-13213	ئۆرۈلۈپ-چۆرۈلۈپ	headword	1180_2L.png	unverified
D02-13214	ئۆرۈم	headword	1180_2L.png	unverified
D02-13215	ئۆرۈمە	headword	1180_2L.png	unverified
D02-13216	ئۆرۈمەك	headword	1180_2L.png	unverified
D02-13218	ئۆرۈملۈك	headword	1181_1R.png	unverified
D02-13219	ئۆرىتۆپە	headword	1181_1R.png	unverified
D02-13220	ئۆرىتۆپە بولماق	headword	1181_1R.png	unverified
D02-13221	ئۆرىتۆپىلىك	headword	1181_1R.png	unverified
D02-13222	ئۆرىدەشمەك	headword	1181_1R.png	verified
D02-13223	ئۆرىدەلمەك	headword	1181_1R.png	verified
D02-13224	ئۆرىدىمەك	headword	1181_1R.png	verified
D02-13225	ئۆرىلەشمەك	headword	1181_1R.png	unverified
D02-13226	ئۆز	headword	1181_1R.png	unverified
D02-13227	ئۆز ئالدىغا	headword	1181_2L.png	unverified
D02-13228	ئۆز ئايىغىدىن ئۈركۈمەك	headword	1181_2L.png	unverified
D02-13229	ئۆز بېشىدىن قورقماق	headword	1181_2L.png	unverified
D02-13230	ئۆز پۇتىغا ئۆزى پالتا چاپماق	headword	1181_2L.png	unverified
D02-13231	ئۆز تۈگمىنىگە سۇ قويماق	headword	1181_2L.png	unverified
D02-13232	ئۆز سەنىمىگە دەسسىمەك	headword	1181_2L.png	unverified
D02-13233	ئۆز سەنىمىگە ئۇسسۇل ئوينىماق	headword	1181_2L.png	unverified
D02-13234	ئۆز سۆزلۈك	headword	1181_2L.png	unverified
D02-13235	ئۆز قازىنىنى ئۆزى قايناتماق	headword	1181_2L.png	unverified
D02-13236	ئۆز قوينىغا ئالماق	headword	1181_2L.png	unverified
D02-13237	ئۆز قۇلىقى بىلەن	headword	1181_2L.png	unverified
D02-13238	ئۆز قۇلىقىغا ئىشەنمەسلىك	headword	1181_2L.png	unverified
D02-13239	ئۆز كۆزىگە ئۆزى ئىشەنمەسلىك	headword	1181_2L.png	verified
D02-13240	ئۆز كۆمىچىگە چوغ تارتماق	headword	1181_2L.png	unverified
D02-13241	ئۆز گۇناھى ئۆزىگە	headword	1181_2L.png	unverified
D02-13242	ئۆز گۆشىنى ئۆزى يېگۈدەك بولماق	headword	1181_2L.png	unverified
D02-13243	ئۆز گۆشىنى ئۆزى يېمەك	headword	1182_1R.png	unverified
D02-13244	ئۆز گۆشىنى ئۆز يېغىدا قورۇماق	headword	1182_1R.png	verified
D02-13245	ئۆز نۆۋىتىدە	headword	1182_1R.png	unverified
D02-13246	ئۆزى بىلگەنچە	headword	1182_1R.png	unverified
D02-13247	ئۆزى بىلگەن سەنەمگە دەسسىمەك	headword	1182_1R.png	unverified
D02-13248	ئۆزى تاغدا، كۆڭلى باغدا	headword	1182_1R.png	verified
D02-13249	ئۆزىدىن كەتمەك	headword	1182_1R.png	unverified
D02-13250	ئۆزى كولىغان ئورىغا ئۆزى چۈشمەك	headword	1182_1R.png	unverified
D02-13251	ئۆزىگە ئالماق	headword	1182_1R.png	unverified
D02-13252	ئۆزىگە توپا قوندۇرماسلىق	headword	1182_1R.png	unverified
D02-13253	ئۆزىگە سۇ يۇقتۇرماسلىق	headword	1182_1R.png	unverified
D02-13254	ئۆزىگە قايتماق	headword	1182_1R.png	unverified
D02-13255	ئۆزىگە قىلماق	headword	1182_2L.png	unverified
D02-13256	ئۆزىگە يارىشا	headword	1182_2L.png	unverified
D02-13257	ئۆزىنى بازارغا سالماق	headword	1182_2L.png	unverified
D02-13258	ئۆزىنى تاشلىۋەتمەك	headword	1182_2L.png	unverified
D02-13259	ئۆزىنى توختاتقان	headword	1182_2L.png	unverified
D02-13260	ئۆزىنى قويىدىغان يەر تاپالماسلىق	headword	1182_2L.png	unverified
D02-13261	ئۆزىنى كۆرسەتمەك	headword	1182_2L.png	unverified
D02-13262	ئۆزىنىڭ ئاغزى	headword	1182_2L.png	unverified
D02-13263	ئۆزىنىڭ بىلگىنى بىلگەن	headword	1182_2L.png	unverified
D02-13264	ئۆزىنىڭ پاشىسىنى قورۇماق	headword	1182_2L.png	unverified
D02-13265	ئۆزىنىڭ سايىسىگە مۇشت ئاتماق	headword	1182_2L.png	unverified
D02-13266	ئۆزىنى ئۇ دۇنيادا كۆرمەك	headword	1182_2L.png	unverified
D02-13267	ئۆزى ھارام، كۈچى ھالال	headword	1182_2L.png	unverified
D02-13268	ئۆز يېغىدا ئۆز گۆشىنى قورۇماق	headword	1182_2L.png	unverified
D02-13269	ئۆزئارا	headword	1182_2L.png	unverified
D02-13270	ئۆزە	headword	1182_2L.png	unverified
D02-13271	ئۆزەك	headword	1183_1R.png	unverified
D02-13273	ئۆزەن	headword	1183_1R.png	unverified
D02-13274	ئۆزبەگ - ئۆزخان	headword	1183_1R.png	unverified
D02-13275	ئۆزبېشىمچى	headword	1183_1R.png	unverified
D02-13276	ئۆزبېشىمچىلىق	headword	1183_1R.png	unverified
D02-13277	ئۆزبېك	headword	1183_1R.png	unverified
D02-13278	ئۆزبېكچە	headword	1183_1R.png	unverified
D02-13279	ئۆزبېكچىلەشتۈرمەك	headword	1183_1R.png	unverified
D02-13280	ئۆزبېكچىلەشتۈرۈشمەك	headword	1183_1R.png	unverified
D02-13281	ئۆزبېكچىلەشتۈرۈلمەك	headword	1183_1R.png	unverified
D02-13282	ئۆزبېكچىلەشمەك	headword	1183_1R.png	unverified
D02-13283	ئۆزرە	headword	1183_2L.png	unverified
D02-13284	ئۆزرىخاھلىق	headword	1183_2L.png	unverified
D02-13285	ئۆزرىلىك	headword	1183_2L.png	unverified
D02-13286	ئۆزسىنىشماق	headword	1183_2L.png	unverified
D02-13287	ئۆزسىنماق	headword	1183_2L.png	unverified
D02-13288	ئۆزگە	headword	1183_2L.png	unverified
D02-13289	ئۆزگەرتمەك	headword	1183_2L.png	unverified
D02-13290	ئۆزگەرتىلمەك	headword	1183_2L.png	unverified
D02-13291	ئۆزگەرمەك	headword	1183_2L.png	unverified
D02-13292	ئۆزگەن	headword	1183_2L.png	unverified
D02-13293	ئۆزگۈ	headword	1183_2L.png	unverified
D02-13294	ئۆزگىچە	headword	1183_2L.png	unverified
D02-13295	ئۆزگىچىلىك	headword	1183_2L.png	unverified
D02-13296	ئۆزگىرىش	headword	1183_2L.png	unverified
D02-13297	ئۆزگىرىشچان	headword	1184_1R.png	unverified
D02-13298	ئۆزگىرىشچان توك	headword	1184_1R.png	unverified
D02-13299	ئۆزگىرىشچانلىق	headword	1184_1R.png	unverified
D02-13300	ئۆزگىرىشسىز	headword	1184_1R.png	unverified
D02-13301	ئۆزگىرىشلىك	headword	1184_1R.png	verified
D02-13302	ئۆزگىرىشمەك	headword	1184_1R.png	verified
D02-13303	ئۆزلەشتۈرمەك	headword	1184_1R.png	unverified
D02-13304	ئۆزلەشتۈرۈشمەك	headword	1184_1R.png	verified
D02-13305	ئۆزلەشمە	headword	1184_1R.png	unverified
D02-13306	ئۆزلەشمەك	headword	1184_2L.png	verified
D02-13307	ئۆزلۈك	headword	1184_2L.png	unverified
D02-13308	ئۆزلۈك ئالماش	headword	1184_2L.png	unverified
D02-13309	ئۆزلۈك دەرىجە	headword	1184_2L.png	unverified
D02-13310	ئۆزلۈكچىلىك	headword	1184_2L.png	unverified
D02-13311	ئۆزلىرى	headword	1184_2L.png	verified
D02-13312	ئۆز- ئۆزى	headword	1185_1R.png	unverified
D02-13313	ئۆزۈمچى	headword	1185_1R.png	unverified
D02-13314	ئۆزۈمچىل	headword	1185_1R.png	unverified
D02-13316	ئۆزۈمچىللىك	headword	1185_1R.png	unverified
D02-13317	ئۆزىچە	headword	1185_1R.png	unverified
D02-13318	ئۆسەك	headword	1185_1R.png	unverified
D02-13319	ئۆسەكچى	headword	1185_1R.png	unverified
D02-13320	ئۆستەڭ	headword	1185_1R.png	unverified
D02-13321	ئۆستەڭچى	headword	1185_1R.png	unverified
D02-13322	ئۆستەڭلىك	headword	1185_1R.png	unverified
D02-13323	ئۆستۈرگۈچ	headword	1185_1R.png	unverified
D02-13324	ئۆستۈرۈش	headword	1185_2L.png	verified
D02-13325	ئۆستۈرۈشمەك	headword	1185_2L.png	unverified
D02-13326	ئۆستۈرۈلمەك	headword	1185_2L.png	unverified
D02-13327	ئۆسكىلەڭ	headword	1185_2L.png	unverified
D02-13328	ئۆسمە	headword	1185_2L.png	unverified
D02-13329	ئۆسمەك	headword	1185_2L.png	unverified
D02-13330	ئۆسمۈر	headword	1185_2L.png	unverified
D02-13331	ئۆسمۈرلۈك	headword	1185_2L.png	unverified
D02-13332	ئۆسمىشۇناس	headword	1185_2L.png	verified
D02-13333	ئۆسمىشۇناسلىق	headword	1186_1R.png	unverified
D02-13334	ئۆسۈش	headword	1186_1R.png	unverified
D02-13335	ئۆسۈشمەك	headword	1186_1R.png	unverified
D02-13336	ئۆسۈك	headword	1186_1R.png	unverified
D02-13337	ئۆسۈم	headword	1186_1R.png	unverified
D02-13338	ئۆسۈمتە	headword	1186_1R.png	unverified
D02-13339	ئۆسۈمسىز	headword	1186_1R.png	unverified
D02-13340	ئۆسۈملۈك	headword	1186_1R.png	unverified
D02-13342	ئۆسۈملۈك يېپىنچىسى	headword	1186_1R.png	unverified
D02-13343	ئۆسۈملۈكشۇناسلىق	headword	1186_1R.png	verified
D02-13343-v1	بوتانىكا	variant	1186_1R.png	verified
D02-13344	ئۆشە	headword	1186_1R.png	unverified
D02-13345	ئۆشەشمەك	headword	1186_1R.png	unverified
D02-13346	ئۆشرە	headword	1186_1R.png	unverified
D02-13347	ئۆشرە - زاكات	headword	1186_1R.png	unverified
D02-13348	ئۆشرىچى	headword	1186_1R.png	unverified
D02-13349	ئۆشنە	headword	1186_1R.png	unverified
D02-13351	ئۆكەركە	headword	1186_2L.png	unverified
D02-13352	ئۆكتە	headword	1186_2L.png	unverified
D02-13353	ئۆكتەبىر	headword	1186_2L.png	unverified
D02-13354	ئۆكتەم	headword	1186_2L.png	unverified
D02-13355	ئۆكتەملىك	headword	1186_2L.png	unverified
D02-13356	ئۆكتىچى	headword	1186_2L.png	unverified
D02-13357	ئۆكتىچىلىك	headword	1186_2L.png	unverified
D02-13358	ئۆكچە	headword	1186_2L.png	unverified
D02-13359	ئۆكچىلىك	headword	1186_2L.png	unverified
D02-13360	ئۆكسۈتمەك	headword	1186_2L.png	unverified
D02-13361	ئۆكسۈز	headword	1186_2L.png	unverified
D02-13362	ئۆكسۈشمەك	headword	1186_2L.png	unverified
D02-13363	ئۆكسۈك	headword	1186_2L.png	unverified
D02-13364	ئۆكسۈكلۈك	headword	1186_2L.png	unverified
D02-13365	ئۆكسۈمەك	headword	1186_2L.png	unverified
D02-13367	ئۆكۈز	headword	1186_2L.png	unverified
D02-13368	ئۆكۈزلۈك	headword	1187_1R.png	verified
D02-13369	ئۆكۈنچ	headword	1187_1R.png	unverified
D02-13370	ئۆكۈنچلۈك	headword	1187_1R.png	unverified
D02-13371	ئۆكۈندۈرمەك	headword	1187_1R.png	unverified
D02-13372	ئۆكۈنمەك	headword	1187_1R.png	unverified
D02-13373	ئۆكۈنۈشمەك	headword	1187_1R.png	unverified
D02-13374	ئۆكىرەڭ	headword	1187_1R.png	verified
D02-13375	ئۆگە	headword	1187_1R.png	verified
D02-13376	ئۆگەتكۈچى	headword	1187_1R.png	verified
D02-13377	ئۆگەتكۈزمەك	headword	1187_1R.png	verified
D02-13378	ئۆگەتمەك	headword	1187_1R.png	unverified
D02-13379	ئۆگەنمەك	headword	1187_2L.png	verified
D02-13380	ئۆگەي	headword	1187_2L.png	verified
D02-13381	ئۆگەيسىنىشمەك	headword	1187_2L.png	verified
D02-13382	ئۆگەيلەشمەك	headword	1187_2L.png	unverified
D02-13383	ئۆگەيلەنمەك	headword	1187_2L.png	unverified
D02-13384	ئۆگەيلىك	headword	1187_2L.png	unverified
D02-13385	ئۆگەيلىمەك	headword	1188_1R.png	unverified
D02-13386	ئۆگزە	headword	1188_1R.png	verified
D02-13387	ئۆگزىسىمان گۈل رېتى	headword	1188_1R.png	verified
D02-13388	ئۆگزىلىك	headword	1188_1R.png	verified
D02-13389	ئۆگسۈز	headword	1188_1R.png	verified
D02-13390	ئۆگۈ	headword	1188_1R.png	unverified
D02-13391	ئۆگۈن	headword	1188_1R.png	unverified
D02-13392	ئۆگۈنكى	headword	1188_1R.png	unverified
D02-13393	ئۆگۈنلۈك	headword	1188_1R.png	unverified
D02-13394	ئۆگۈنلۈككە	headword	1188_1R.png	unverified
D02-13395	ئۆگىتىشمەك	headword	1188_1R.png	unverified
D02-13396	ئۆگىتىلمەك	headword	1188_1R.png	unverified
D02-13397	ئۆگىنىش	headword	1188_1R.png	unverified
D02-13398	ئۆگىنىشمەك	headword	1188_1R.png	unverified
D02-13399	ئۆگىنىلمەك	headword	1188_1R.png	unverified
D02-13400	ئۆڭ	headword	1188_1R.png	unverified
D02-13401	ئۆڭ تۇماق	headword	1188_1R.png	unverified
D02-13402	ئۆڭى ئۆچمەك	headword	1188_2L.png	verified
D02-13403	ئۆڭى يامان	headword	1188_2L.png	verified
D02-13405	ئۆڭەر	headword	1188_2L.png	verified
D02-13406	ئۆڭتۈرتمەك	headword	1188_2L.png	verified
D02-13407	ئۆڭتۈرۈشمەك	headword	1188_2L.png	verified
D02-13408	ئۆڭتۈرۈلمەك	headword	1188_2L.png	verified
D02-13409	ئۆڭدۈرمەك	headword	1188_2L.png	verified
D02-13410	ئۆڭسۆرۈن	headword	1188_2L.png	verified
D02-13411	ئۆڭسۈل	headword	1188_2L.png	verified
D02-13412	ئۆڭسۈلى ئۆچمەك	headword	1188_2L.png	verified
D02-13413	ئۆڭسۈلى يوق	headword	1188_2L.png	verified
D02-13414	ئۆڭكەر	headword	1188_2L.png	verified
D02-13415	ئۆڭكەيمەك	headword	1188_2L.png	verified
D02-13416	ئۆڭكۈر	headword	1188_2L.png	verified
D02-13417	ئۆڭكۈرلۈك	headword	1188_2L.png	verified
D02-13418	ئۆڭكۈرمەك	headword	1188_2L.png	verified
D02-13419	ئۆڭگە	headword	1188_2L.png	verified
D02-13420	ئۆڭگەك	headword	1188_2L.png	verified
D02-13421	ئۆڭگۈل	headword	1188_2L.png	verified
D02-13422	ئۆڭلۈك	headword	1188_2L.png	verified
D02-13423	ئۆڭمەك	headword	1188_2L.png	verified
D02-13424	ئۆڭۈپ - تاتىرىپ	headword	1189_1R.png	unverified
D02-13425	ئۆڭۈپ - ئۆچۈپ	headword	1189_1R.png	unverified
D02-13426	ئۆڭۈشمەك	headword	1189_1R.png	unverified
D02-13427	ئۆلەر - تىرىلىشىگە قارىماي	headword	1189_1R.png	unverified
D02-13428	ئۆلەرمەن	headword	1189_1R.png	unverified
D02-13429	ئۆلەرمەنلىك	headword	1189_1R.png	unverified
D02-13430	ئۆلەڭ	headword	1189_1R.png	unverified
D02-13431	ئۆلەڭچى	headword	1189_1R.png	unverified
D02-13432	ئۆلەڭلىمەك	headword	1189_1R.png	unverified
D02-13433	ئۆلەن	headword	1189_1R.png	unverified
D02-13434	ئۆلەي	headword	1189_1R.png	unverified
D02-13435	ئۆلەي دېمەك	headword	1189_1R.png	unverified
D02-13436	ئۆلەي - ئۆچەي دېگەندە	headword	1189_1R.png	unverified
D02-13437	ئۆلتۈرگۈزمەك	headword	1189_1R.png	unverified
D02-13438	ئۆلتۈرگۈزۈشمەك	headword	1189_1R.png	unverified
D02-13439	ئۆلتۈرگۈزۈلمەك	headword	1189_1R.png	unverified
D02-13440	ئۆلتۈرمەك	headword	1189_1R.png	unverified
D02-13441	ئۆلتۈرۈشمەك	headword	1189_1R.png	unverified
D02-13442	ئۆلتۈرۈلمەك	headword	1189_1R.png	unverified
D02-13443	ئۆلچەش	headword	1189_2L.png	verified
D02-13444	ئۆلچەش ئىلمى	headword	1189_2L.png	unverified
D02-13445	ئۆلچەش - سىزىش	headword	1189_2L.png	unverified
D02-13446	ئۆلچەشمەك	headword	1189_2L.png	unverified
D02-13447	ئۆلچەك	headword	1189_2L.png	unverified
D02-13448	ئۆلچەم	headword	1189_2L.png	verified
D02-13449	ئۆلچەمسىز	headword	1189_2L.png	unverified
D02-13450	ئۆلچەمشۇناس	headword	1189_2L.png	unverified
D02-13451	ئۆلچەمشۇناسلىق	headword	1189_2L.png	unverified
D02-13452	ئۆلچەملەشتۈرمەك	headword	1189_2L.png	unverified
D02-13453	ئۆلچەملەشتۈرۈشمەك	headword	1189_2L.png	unverified
D02-13454	ئۆلچەملەشتۈرۈلمەك	headword	1189_2L.png	unverified
D02-13455	ئۆلچەملەشمەك	headword	1189_2L.png	unverified
D02-13456	ئۆلچەملىك	headword	1189_2L.png	unverified
D02-13457	ئۆلچەملىك تىل	headword	1190_1R.png	unverified
D02-13458	ئۆلچەملىك ۋاقىت	headword	1190_1R.png	unverified
D02-13459	ئۆلچەنمەك	headword	1190_1R.png	unverified
D02-13460	ئۆلچىمەك	headword	1190_1R.png	unverified
D02-13461	ئۆلكە	headword	1190_1R.png	unverified
D02-13463	ئۆلكىلىك	headword	1190_1R.png	unverified
D02-13464	ئۆلگۈچى	headword	1190_1R.png	unverified
D02-13465	ئۆلگۈدەك	headword	1190_1R.png	unverified
D02-13466	ئۆلگۈر	headword	1190_1R.png	unverified
D02-13467	ئۆلمەك	headword	1190_1R.png	unverified
D02-13468	ئۆلگەندىن كېيىن ياسىن ئوقۇماق	headword	1190_2L.png	unverified
D02-13469	ئۆلۈپ تۇرماق	headword	1190_2L.png	unverified
D02-13470	ئۆلمىگۈر	headword	1190_2L.png	unverified
D02-13471	ئۆلۈشمەك	headword	1190_2L.png	unverified
D02-13472	ئۆلۈك	headword	1190_2L.png	unverified
D02-13474	ئۆلۈك توپا	headword	1190_2L.png	unverified
D02-13475	ئۆلۈكتىن پەيشەنبىلىك تىلىمەك	headword	1190_2L.png	unverified
D02-13476	ئۆلۈك سۇ	headword	1190_2L.png	verified
D02-13477	ئۆلۈك مال	headword	1191_1R.png	unverified
D02-13478	ئۆلۈكى ئارتۇق	headword	1191_1R.png	unverified
D02-13479	ئۆلۈكىنى ئارتماق	headword	1191_1R.png	verified
D02-13480	ئۆلۈكىنى ساتماق	headword	1191_1R.png	unverified
D02-13481	ئۆلۈكخانا	headword	1191_1R.png	unverified
D02-13482	ئۆلۈم	headword	1191_1R.png	unverified
D02-13483	ئۆلۈم بۇرنىغا پۇرىماق	headword	1191_1R.png	unverified
D02-13484	ئۆلۈم جازاسى	headword	1191_1R.png	unverified
D02-13485	ئۆلۈمتۈك	headword	1191_1R.png	unverified
D02-13486	ئۆلۈمتۈكلۈك	headword	1191_1R.png	unverified
D02-13487	ئۆلۈملۈك	headword	1191_1R.png	unverified
D02-13488	ئۆلۈمنامە	headword	1191_1R.png	unverified
D02-13489	ئۆلۈم - يېتىم	headword	1191_1R.png	unverified
D02-13490	ئۆلىما	headword	1191_1R.png	verified
D02-13490-i1	ئۆلىماسى	inflected	1191_1R.png	verified
D02-13491	ئۆلىمالىق	headword	1191_1R.png	unverified
D02-13492	ئۆم	headword	1191_2L.png	unverified
D02-13493	ئۆمە-دۆمە	headword	1191_2L.png	unverified
D02-13494	ئۆمەك	headword	1191_2L.png	unverified
D02-13495	ئۆمەكلىك	headword	1191_2L.png	unverified
D02-13496	ئۆمەللەتمەك	headword	1191_2L.png	unverified
D02-13498	ئۆمەللەشمەك	headword	1191_2L.png	unverified
D02-13500	ئۆمەللەنمەك	headword	1191_2L.png	unverified
D02-13502	ئۆمەللىمەك	headword	1191_2L.png	unverified
D02-13504	ئۆمەچكىلىمەك	headword	1191_2L.png	unverified
D02-13505	ئۆمسە	headword	1191_2L.png	unverified
D02-13506	ئۆمسۈرۈن	headword	1191_2L.png	unverified
D02-13507	ئۆمەكەن	headword	1191_2L.png	unverified
D02-13508	ئۆمگەك	headword	1191_2L.png	unverified
D02-13509	ئۆمگەن	headword	1191_2L.png	unverified
D02-13510	ئۆملەشتۈرمەك	headword	1191_2L.png	unverified
D02-13511	ئۆملەشمەك	headword	1192_1R.png	unverified
D02-13512	ئۆملۈك	headword	1192_1R.png	unverified
D02-13513	ئۆملۈك دەرىجە	headword	1192_1R.png	unverified
D02-13514	ئۆملۈك سان	headword	1192_1R.png	verified
D02-13515	ئۆمۈچۈك	headword	1192_1R.png	unverified
D02-13516	ئۆمۈر	headword	1192_1R.png	unverified
D02-13517	ئۆمرىگە كېلىپ	headword	1192_1R.png	unverified
D02-13518	ئۆمۈر بويى	headword	1192_1R.png	unverified
D02-13519	ئۆمۈر سودىسى	headword	1192_1R.png	unverified
D02-13520	ئۆمۈرلۈك	headword	1192_1R.png	unverified
D02-13521	ئۆمۈرۋايەت	headword	1192_1R.png	unverified
D02-13522	ئۆمۈرۋايەتلىك	headword	1192_1R.png	unverified
D02-13523	ئۆمۈلدۈرۈك	headword	1192_2L.png	unverified
D02-13524	ئۆمىلاقمان	headword	1192_2L.png	unverified
D02-13525	ئۆمىلەتمەك	headword	1192_2L.png	unverified
D02-13526	ئۆمىلەشمەك	headword	1192_2L.png	unverified
D02-13527	ئۆمىلىمەك	headword	1192_2L.png	unverified
D02-13528	ئۆنچەمەس	headword	1192_2L.png	unverified
D02-13529	ئۆنچە	headword	1192_2L.png	unverified
D02-13530	ئۆندە	headword	1192_2L.png	unverified
D02-13531	ئۆندەرەتمەك	headword	1192_2L.png	unverified
D02-13532	ئۆندەرەشمەك	headword	1192_2L.png	unverified
D02-13533	ئۆندەرىمەك	headword	1192_2L.png	unverified
D02-13534	ئۆندۈلۈك	headword	1192_2L.png	unverified
D02-13535	ئۆھۆ	headword	1192_2L.png	unverified
D02-13536	ئۆۋەر	headword	1192_2L.png	unverified
D02-13537	ئۆۋەك	headword	1192_2L.png	unverified
D02-13538	ئۆي	headword	1192_2L.png	unverified
D02-13539	ئۆي ئايرىماق	headword	1193_1R.png	unverified
D02-13540	ئۆي بولماق	headword	1193_1R.png	verified
D02-13541	ئۆي تۇتماق	headword	1193_1R.png	unverified
D02-13542	ئۆي تۆشۈكى	headword	1193_1R.png	verified
D02-13543	ئۆي چېيى	headword	1193_1R.png	unverified
D02-13544	ئۆي كۆتۈرمەك	headword	1193_1R.png	unverified
D02-13545	ئۆينى بېشىغا كىيمەك	headword	1193_1R.png	unverified
D02-13546	ئۆينى پىرقىراتماق	headword	1193_1R.png	unverified
D02-13547	ئۆينى تەۋرەتمەك	headword	1193_1R.png	verified
D02-13548	ئۆينى چۆرگۈلەتمەك	headword	1193_1R.png	unverified
D02-13549	ئۆينى ئوچاق قىلىۋەتمەك	headword	1193_1R.png	unverified
D02-13550	ئۆيىگە چاشقان كىرسە يامانلاپ چىقىدۇ	headword	1193_1R.png	unverified
D02-13551	ئۆيە	headword	1193_1R.png	unverified
D02-13552	ئۆي - ئەنجام	headword	1193_1R.png	unverified
D02-13553	ئۆي - بىسات	headword	1193_1R.png	unverified
D02-13554	ئۆي - جاي	headword	1193_1R.png	unverified
D02-13555	ئۆي - سەرەمجان	headword	1193_2L.png	unverified
D02-13556	ئۆيسەن	headword	1193_2L.png	unverified
D02-13557	ئۆيسىز	headword	1193_2L.png	unverified
D02-13558	ئۆيسىزلىك	headword	1193_2L.png	unverified
D02-13559	ئۆيسىز - ماكانسىز	headword	1193_2L.png	unverified
D02-13560	ئۆيلەك	headword	1193_2L.png	unverified
D02-13561	ئۆيلەڭ	headword	1193_2L.png	unverified
D02-13562	ئۆيلەندۈرمەك	headword	1193_2L.png	unverified
D02-13563	ئۆيلەنمەك	headword	1193_2L.png	unverified
D02-13564	ئۆيلۈك	headword	1193_2L.png	unverified
D02-13565	ئۆيلۈك - ئوچاقلىق	headword	1193_2L.png	unverified
D02-13566	ئۆيلىمەك	headword	1193_2L.png	unverified
D02-13567	ئۆيلىنىشمەك	headword	1193_2L.png	unverified
D02-13568	ئۆي - ماكان	headword	1193_2L.png	unverified
D02-13569	ئۆي - ماكانسىز	headword	1193_2L.png	unverified
D02-13570	ئۆي - ماكانسىزلىق	headword	1193_2L.png	unverified
D02-13571	ئۆي - ئورتاقلىق	headword	1194_2L.png	unverified
D02-13571-v1	ئۆي - ئوچاقلىق	variant	1194_2L.png	unverified
D02-13572	ئۆيۈك	headword	1194_2L.png	unverified
D02-13573	ئۆيۋاق	headword	1194_2L.png	unverified
D02-13574	ئۆيۋاقلىق	headword	1194_2L.png	unverified
D02-13575	ئۆي - ئىمارەت	headword	1194_2L.png	unverified
D02-13576	ئۈت	headword	1195_1R.png	verified
D02-13577	ئۈتلەتمەك	headword	1195_1R.png	verified
D02-13578	ئۈتلەشمەك	headword	1195_1R.png	verified
D02-13579	ئۈتلەنمەك	headword	1195_1R.png	verified
D02-13580	ئۈتلىمەك	headword	1195_1R.png	verified
D02-13581	ئۈجەن	headword	1195_1R.png	verified
D02-13582	ئۈجمە	headword	1195_1R.png	verified
D02-13583	ئۈجمە پىش، ئاغزىمغا چۈش	headword	1195_1R.png	verified
D02-13584	ئۈجمە كۆڭۈل	headword	1195_1R.png	verified
D02-13585	ئۈجمەڭنى تېرىپ يە	headword	1195_1R.png	verified
D02-13586	ئۈجمىلىك	headword	1195_1R.png	verified
D02-13587	ئۈجۈرە	headword	1195_2L.png	unverified
D02-13589	ئۈجۈك	headword	1195_2L.png	unverified
D02-13590	ئۈجۈلمەك	headword	1195_2L.png	unverified
D02-13591	ئۈچ	headword	1195_2L.png	unverified
D02-13592	ئۈچ بۇلۇڭ	headword	1195_2L.png	unverified
D02-13593	ئۈچ تالاق	headword	1195_2L.png	unverified
D02-13594	ئۈچ تالاق قىلماق	headword	1195_2L.png	unverified
D02-13595	ئۈچ قۇتۇپلۇق لامپا	headword	1195_2L.png	unverified
D02-13596	ئۈچ نەزىر	headword	1195_2L.png	unverified
D02-13597	ئۈچ ۋىلايەت ئىنقىلابى	headword	1195_2L.png	unverified
D02-13598	ئۈچ يۈز ئاتمىش كۈن	headword	1195_2L.png	unverified
D02-13599	ئۈچەك	headword	1196_1R.png	unverified
D02-13600	ئۈچەككە كىرىش	headword	1196_1R.png	unverified
D02-13601	ئۈچەي	headword	1196_1R.png	unverified
D02-13602	ئۈچەيلىرى تارتىشىپ كەتمەك	headword	1196_1R.png	unverified
D02-13603	ئۈچىيى دۈمبىسىگە چاپلىشىپ قالماق	headword	1196_1R.png	unverified
D02-13604	ئۈچىيى قىسقا	headword	1196_1R.png	unverified
D02-13605	ئۈچىيى ئۈزۈلگۈدەك	headword	1196_1R.png	unverified
D02-13606	ئۈچەي - باغىر	headword	1196_1R.png	unverified
D02-13607	ئۈچەي - باغرىنى سىيرىماق	headword	1196_1R.png	unverified
D02-13608	ئۈچەي- قېرىن	headword	1196_1R.png	unverified
D02-13609	ئۈچەي - قېرىنىنى تۆكمەك	headword	1196_1R.png	verified
D02-13610	ئۈچەيلەن	headword	1196_1R.png	unverified
D02-13611	ئۈچقات	headword	1196_1R.png	unverified
D02-13612	ئۈچقۇلاق	headword	1196_2L.png	verified
D02-13613	ئۈچكە	headword	1196_2L.png	unverified
D02-13614	ئۈچكېزەك	headword	1196_2L.png	unverified
D02-13615	ئۈچكىلىك	headword	1196_2L.png	unverified
D02-13618	ئۈچلەمچى	headword	1196_2L.png	unverified
D02-13619	ئۈچلەمچى دەۋر	headword	1196_2L.png	unverified
D02-13620	ئۈچلۈك	headword	1196_2L.png	unverified
D02-13621	ئۈچۈن	headword	1196_2L.png	unverified
D02-13622	ئۈچىنچى	headword	1196_2L.png	unverified
D02-13623	ئۈچى	headword	1196_2L.png	unverified
D02-13624	ئۈچىنچى دەۋر	headword	1196_2L.png	unverified
D02-13625	ئۈدۈسكىلىمەك	headword	1197_1R.png	verified
D02-13626	ئۈدۈكلىمەك	headword	1197_1R.png	unverified
D02-13627	ئۈدۈگەن	headword	1197_1R.png	unverified
D02-13628	ئۈدۈمەك	headword	1197_1R.png	unverified
D02-13629	ئۈر	headword	1197_1R.png	verified
D02-13630	ئۈرە	headword	1197_1R.png	verified
D02-13631	ئۈرە بولماق	headword	1197_1R.png	unverified
D02-13632	ئۈرەن	headword	1197_1R.png	unverified
D02-13633	ئۈرەنلىك	headword	1197_1R.png	unverified
D02-13634	ئۈركۈتمەك	headword	1197_1R.png	unverified
D02-13635	ئۈركۈتۈشمەك	headword	1197_1R.png	unverified
D02-13636	ئۈركۈتۈلمەك	headword	1197_1R.png	unverified
D02-13637	ئۈركۈشمەك	headword	1197_1R.png	unverified
D02-13638	ئۈركۈگەك	headword	1197_1R.png	unverified
D02-13639	ئۈركۈمەك	headword	1197_1R.png	unverified
D02-13641	ئۈرگۈنە	headword	1197_1R.png	unverified
D02-13642	ئۈرمەك	headword	1197_1R.png	unverified
D02-13643	ئۈز	headword	1197_1R.png	verified
D02-13644	ئۈزەڭگە	headword	1197_2L.png	unverified
D02-13645	ئۈزەڭگە سوقۇشتۇرماق	headword	1197_2L.png	unverified
D02-13646	ئۈزەڭگىلىك	headword	1197_2L.png	unverified
D02-13647	ئۈزبەر	headword	1197_2L.png	unverified
D02-13648	ئۈزچات	headword	1197_2L.png	unverified
D02-13649	ئۈزدۈرمەك	headword	1197_2L.png	unverified
D02-13651	ئۈزرە	headword	1197_2L.png	unverified
D02-13652	ئۈزگۈچى	headword	1197_2L.png	unverified
D02-13653	ئۈزلۈكسىز	headword	1197_2L.png	unverified
D02-13654	ئۈزلۈكسىزلىك	headword	1197_2L.png	unverified
D02-13655	ئۈزمەك	headword	1197_2L.png	unverified
D02-13657	ئۈزۈتلۈك	headword	1198_1R.png	unverified
D02-13658	ئۈزۈشمەك	headword	1198_1R.png	unverified
D02-13660	ئۈزۈك	headword	1198_1R.png	unverified
D02-13661	ئۈزۈك تاۋۇش	headword	1198_1R.png	unverified
D02-13663	ئۈزۈكچىلىك	headword	1198_1R.png	verified
D02-13664	ئۈزۈكلۈك	headword	1198_2L.png	unverified
D02-13665	ئۈزۈل - كېسىل	headword	1198_2L.png	unverified
D02-13666	ئۈزۈل - كېسىللىك	headword	1198_2L.png	unverified
D02-13667	ئۈزۈلمە	headword	1198_2L.png	unverified
D02-13668	ئۈزۈلمەك	headword	1198_2L.png	unverified
D02-13669	ئۈزۈلۈپ قالماق	headword	1198_2L.png	unverified
D02-13670	ئۈزۈلمەي	headword	1198_2L.png	unverified
D02-13671	ئۈزۈلۈشچان	headword	1198_2L.png	unverified
D02-13672	ئۈزۈلۈشچانلىق	headword	1198_2L.png	unverified
D02-13673	ئۈزۈلۈشمەك	headword	1198_2L.png	unverified
D02-13674	ئۈزۈم	headword	1198_2L.png	unverified
D02-13675	ئۈزۈمچى	headword	1198_2L.png	unverified
D02-13676	ئۈزۈمچىلىك	headword	1199_1R.png	unverified
D02-13677	ئۈزۈمگۈل	headword	1199_1R.png	unverified
D02-13678	ئۈزۈملۈك	headword	1199_1R.png	unverified
D02-13679	ئۈزۈندى	headword	1199_1R.png	unverified
D02-13680	ئۈست	headword	1199_1R.png	verified
D02-13680-i1	ئۈستى	inflected	1199_1R.png	verified
D02-13681	ئۈستىدىن چۈشمەك	headword	1199_1R.png	unverified
D02-13682	ئۈستىگە چۈشمەك	headword	1199_1R.png	unverified
D02-13683	ئۈستەك	headword	1199_2L.png	unverified
D02-13684	ئۈستەل	headword	1199_2L.png	unverified
D02-13685	ئۈستقۇرۇلما	headword	1199_2L.png	unverified
D02-13687	ئۈستكى	headword	1199_2L.png	unverified
D02-13688	ئۈستلىمە	headword	1199_2L.png	unverified
D02-13689	ئۈستلىمەك	headword	1199_2L.png	unverified
D02-13690	ئۈستمۇئۈست	headword	1199_2L.png	unverified
D02-13691	ئۈستۈرمەك	headword	1199_2L.png	unverified
D02-13692	ئۈستۈرۈشمەك	headword	1199_2L.png	unverified
D02-13693	ئۈستۈرۈلمەك	headword	1199_2L.png	unverified
D02-13694	ئۈستۈن	headword	1199_2L.png	unverified
D02-13695	ئۈستۈنكى	headword	1200_1R.png	verified
D02-13696	ئۈستۈنلۈك	headword	1200_1R.png	unverified
D02-13697	ئۈستباش	headword	1200_1R.png	unverified
D02-13698	ئۈستىدە	headword	1200_1R.png	unverified
D02-13699	ئۈستىقۇددۇس	headword	1200_1R.png	verified
D02-13700	ئۈستىلەپ	headword	1200_1R.png	unverified
D02-13701	ئۈستى-ئۈستىگە	headword	1200_1R.png	unverified
D02-13702	ئۈستى ـ ئۈستىلەپ	headword	1200_1R.png	verified
D02-13702-v1	ئۈستى ـ ئۈستىگە	variant	1200_1R.png	verified
D02-13703	ئۈسكەك	headword	1200_1R.png	unverified
D02-13705	ئۈسكۈنە	headword	1200_1R.png	unverified
D02-13706	ئۈسكۈنىلەشتۈرمەك	headword	1200_2L.png	unverified
D02-13707	ئۈسكۈنىلەشتۈرۈلمەك	headword	1200_2L.png	unverified
D02-13708	ئۈسكۈنىلەشتۈرۈشمەك	headword	1200_2L.png	unverified
D02-13709	ئۈسكۈنىلەشمەك	headword	1200_2L.png	unverified
D02-13710	ئۈسكۈنىلىك	headword	1200_2L.png	unverified
D02-13711	ئۈسمەك	headword	1200_2L.png	unverified
D02-13712	ئۈسۈپ كىرمەك	headword	1200_2L.png	unverified
D02-13713	ئۈسۈشمەك	headword	1200_2L.png	unverified
D02-13714	ئۈشتە	headword	1200_2L.png	verified
D02-13715	ئۈشتە قىلماق	headword	1200_2L.png	unverified
D02-13716	ئۈشتىگەر	headword	1200_2L.png	unverified
D02-13717	ئۈشرۈم	headword	1200_2L.png	unverified
D02-13718	ئۈششۈتمەك	headword	1200_2L.png	unverified
D02-13719	ئۈششۈك	headword	1200_2L.png	unverified
D02-13720	ئۈششۈمەك	headword	1201_1R.png	unverified
D02-13721	ئۈشقىرتماق	headword	1201_1R.png	unverified
D02-13722	ئۈشقىرتىشماق	headword	1201_1R.png	unverified
D02-13723	ئۈشقىرتىلماق	headword	1201_1R.png	verified
D02-13724	ئۈشقىرماق	headword	1201_1R.png	unverified
D02-13725	ئۈشكە	headword	1201_1R.png	unverified
D02-13726	ئۈشكۈرمەك	headword	1201_1R.png	verified
D02-13727	ئۈشكىلەتمەك	headword	1201_1R.png	unverified
D02-13728	ئۈشكىلەشمەك	headword	1201_1R.png	unverified
D02-13729	ئۈشكىلەنمەك	headword	1201_1R.png	unverified
D02-13730	ئۈشكىلىمەك	headword	1201_1R.png	unverified
D02-13731	ئۈكە	headword	1201_1R.png	unverified
D02-13732	ئۈكەر	headword	1201_1R.png	unverified
D02-13733	ئۈكەلىك	headword	1201_1R.png	unverified
D02-13734	ئۈگە	headword	1201_1R.png	unverified
D02-13735	ئۈگدەتمەك	headword	1201_2L.png	unverified
D02-13736	ئۈگدەشمەك	headword	1201_2L.png	unverified
D02-13737	ئۈگدەك	headword	1201_2L.png	unverified
D02-13738	ئۈگدىمەك	headword	1201_2L.png	unverified
D02-13739	ئۈگرە	headword	1201_2L.png	unverified
D02-13740	ئۈگرىچى	headword	1201_2L.png	unverified
D02-13741	ئۈگرىخانا	headword	1201_2L.png	unverified
D02-13742	ئۈگۈت	headword	1201_2L.png	unverified
D02-13744	ئۈگۈتچى	headword	1201_2L.png	unverified
D02-13745	ئۈگۈت - نەسىھەت	headword	1201_2L.png	unverified
D02-13746	ئۈگۈجەكلىك	headword	1201_2L.png	unverified
D02-13747	ئۈگۈچ	headword	1201_2L.png	unverified
D02-13748	ئۈگۈچلىمەك	headword	1201_2L.png	unverified
D02-13749	ئۈگىلىك	headword	1201_2L.png	unverified
D02-13750	ئۈگىمەك	headword	1201_2L.png	unverified
D02-13752	ئۈلۈتمەك	headword	1201_2L.png	verified
D02-13753	ئۈلەشتۈرمەك	headword	1201_2L.png	unverified
D02-13754	ئۈلەشتۈرۈشمەك	headword	1202_1R.png	unverified
D02-13755	ئۈلەشتۈرۈلمەك	headword	1202_1R.png	unverified
D02-13756	ئۈلەشمەك	headword	1202_1R.png	unverified
D02-13757	ئۈلپەت	headword	1202_1R.png	unverified
D02-13758	ئۈلپەتچىلىك	headword	1202_1R.png	unverified
D02-13759	ئۈلپەتلەشمەك	headword	1202_1R.png	unverified
D02-13760	ئۈلپەتلىك	headword	1202_1R.png	unverified
D02-13761	ئۈلگە	headword	1202_1R.png	unverified
D02-13762	ئۈلگۈجە	headword	1202_1R.png	unverified
D02-13763	ئۈلگۈجەك	headword	1202_1R.png	unverified
D02-13764	ئۈلگۈدىمەك	headword	1202_1R.png	verified
D02-13765	ئۈلگۈرتمەك	headword	1202_1R.png	verified
D02-13766	ئۈلگۈرتۈلمەك	headword	1202_1R.png	unverified
D02-13767	ئۈلگۈرچە	headword	1202_1R.png	unverified
D02-13768	ئۈلگۈرمەك	headword	1202_1R.png	unverified
D02-13769	ئۈلگۈرۈشمەك	headword	1202_2L.png	unverified
D02-13770	ئۈلگۈرۈلمەك	headword	1202_2L.png	unverified
D02-13771	ئۈلگۈمەك	headword	1202_2L.png	verified
D02-13772	ئۈلگىلىك	headword	1202_2L.png	verified
D02-13773	ئۈلۈش	headword	1202_2L.png	verified
D02-13774	ئۈلۈشكۈن	headword	1202_2L.png	verified
D02-13775	ئۈلۈشكۈنكى	headword	1202_2L.png	verified
D02-13776	ئۈلۈشۈك	headword	1202_2L.png	verified
D02-13777	ئۈلۈشيىل	headword	1202_2L.png	verified
D02-13778	ئۈلۈشيىلقى	headword	1202_2L.png	verified
D02-13779	ئۈمتۈلمەك	headword	1202_2L.png	unverified
D02-13780	ئۈمچەيتمەك	headword	1202_2L.png	unverified
D02-13781	ئۈمچەيتىشمەك	headword	1202_2L.png	unverified
D02-13782	ئۈمچەيمەك	headword	1202_2L.png	unverified
D02-13783	ئۈمچەيىشمەك	headword	1202_2L.png	unverified
D02-13784	ئۈممەت	headword	1202_2L.png	unverified
D02-13785	ئۈمىد	headword	1203_1R.png	unverified
D02-13786	ئۈمىد- ئارزۇ	headword	1203_1R.png	unverified
D02-13787	ئۈمىدپەرەس	headword	1203_1R.png	unverified
D02-13788	ئۈمىدپەرەسلىك	headword	1203_1R.png	unverified
D02-13789	ئۈمىدسىز	headword	1203_1R.png	unverified
D02-13790	ئۈمىدسىزلەرچە	headword	1203_1R.png	unverified
D02-13791	ئۈمىدسىزلەندۈرمەك	headword	1203_1R.png	unverified
D02-13792	ئۈمىدسىزلەنمەك	headword	1203_1R.png	unverified
D02-13793	ئۈمىدسىزلىك	headword	1203_1R.png	unverified
D02-13794	ئۈمىدسىزلىنىشمەك	headword	1203_1R.png	unverified
D02-13795	ئۈمىدلەندۈرمەك	headword	1203_1R.png	unverified
D02-13796	ئۈمىدلەنمەك	headword	1203_1R.png	unverified
D02-13797	ئۈمىدلىك	headword	1203_1R.png	unverified
D02-13798	ئۈمىدۋار	headword	1203_2L.png	unverified
D02-13799	ئۈمىدۋارلىق	headword	1203_2L.png	unverified
D02-13800	ئۈن	headword	1203_2L.png	unverified
D02-13801	ئۈن سالماق	headword	1203_2L.png	unverified
D02-13802	ئۈن قاتماق	headword	1203_2L.png	unverified
D02-13803	ئۈنۈڭنى ئۆچۈر	headword	1203_2L.png	unverified
D02-13804	ئۈنى پۈتمەك	headword	1203_2L.png	unverified
D02-13805	ئۈنى ئۆچمەك	headword	1203_2L.png	unverified
D02-13806	ئۈنى ئىچىگە چۈشۈپ كەتمەك	headword	1203_2L.png	unverified
D02-13807	ئۈن يېتىم يەر	headword	1203_2L.png	unverified
D02-13808	ئۈنئالغۇ	headword	1203_2L.png	unverified
D02-13809	ئۈنەك	headword	1203_2L.png	unverified
D02-13810	ئۈن-تىن	headword	1203_2L.png	unverified
D02-13811	ئۈن-تىن چىقارماسلىق	headword	1203_2L.png	unverified
D02-13812	ئۈن-تىن دېمەسلىك	headword	1203_2L.png	unverified
D02-13813	ئۈن-تىنى يوق	headword	1203_2L.png	unverified
D02-13814	ئۈن-تىنسىز	headword	1204_1R.png	unverified
D02-13815	ئۈنچە	headword	1204_1R.png	unverified
D02-13816	ئۈنچە-مارجان	headword	1204_1R.png	unverified
D02-13817	ئۈنچە-مەرۋايىت	headword	1204_1R.png	unverified
D02-13818	ئۈنچۈك	headword	1204_1R.png	unverified
D02-13819	ئۈنچىقماس	headword	1204_1R.png	unverified
D02-13820	ئۈندەتمەك	headword	1204_1R.png	unverified
D02-13821	ئۈندەش	headword	1204_1R.png	unverified
D02-13822	ئۈندەش بەلگىسى	headword	1204_1R.png	unverified
D02-13823	ئۈندەش جۈملە	headword	1204_1R.png	unverified
D02-13824	ئۈندەش سۆزلەر	headword	1204_1R.png	verified
D02-13824-v1	ئىملىق سۆزلەر	variant	1204_1R.png	verified
D02-13825	ئۈندەشمەك	headword	1204_1R.png	unverified
D02-13826	ئۈندەك	headword	1204_1R.png	unverified
D02-13827	ئۈندەككە كەلمەك	headword	1204_1R.png	verified
D02-13828	ئۈندۈرمە	headword	1204_2L.png	verified
D02-13829	ئۈندۈرمەك	headword	1204_2L.png	unverified
D02-13830	ئۈندۈرۈشمەك	headword	1204_2L.png	unverified
D02-13831	ئۈندۈرۈلمەك	headword	1204_2L.png	unverified
D02-13832	ئۈندىمەس	headword	1204_2L.png	unverified
D02-13833	ئۈندىمەك	headword	1204_2L.png	unverified
D02-13834	ئۈندىمەي	headword	1204_2L.png	unverified
D02-13835	ئۈنسىز	headword	1204_2L.png	unverified
D02-13836	ئۈنلەپ	headword	1204_2L.png	unverified
D02-13837	ئۈنلەتمەك	headword	1204_2L.png	unverified
D02-13838	ئۈنلەشمەك	headword	1204_2L.png	unverified
D02-13839	ئۈنلۈك	headword	1204_2L.png	unverified
D02-13840	ئۈنلۈكلەشمەك	headword	1204_2L.png	unverified
D02-13841	ئۈنلىمەك	headword	1204_2L.png	unverified
D02-13842	ئۈنمەك	headword	1205_1R.png	unverified
D02-13843	ئۈنۈم	headword	1205_1R.png	unverified
D02-13844	ئۈنۈمپەرەس	headword	1205_1R.png	unverified
D02-13845	ئۈنۈمپەرەسلىك	headword	1205_1R.png	unverified
D02-13846	ئۈنۈمچىلىك	headword	1205_1R.png	unverified
D02-13847	ئۈنۈمدار	headword	1205_1R.png	unverified
D02-13848	ئۈنۈملۈك	headword	1205_1R.png	verified
D02-13849	ئۈنۈمدارلىق	headword	1205_2L.png	unverified
D02-13850	ئۈنۈمسىز	headword	1205_2L.png	unverified
D02-13851	ئۈنۈمسىزلەنمەك	headword	1205_2L.png	unverified
D02-13852	ئۈنۈمسىزلىك	headword	1205_2L.png	unverified
D02-13854	ئۈيۈر	headword	1205_2L.png	unverified
D02-13855	ۋابا	headword	1206_1R.png	verified
D02-13856	ۋاپا	headword	1206_1R.png	verified
D02-13856-i1	ۋاپاسى	inflected	1206_1R.png	verified
D02-13857	ۋاپات	headword	1206_1R.png	verified
D02-13857-i1	ۋاپاتى	inflected	1206_1R.png	verified
D02-13858	ۋاپادار	headword	1206_1R.png	verified
D02-13858-i1	ۋاپادارى	inflected	1206_1R.png	verified
D02-13859	ۋاپادارلىق	headword	1206_1R.png	unverified
D02-13860	ۋاپاسىز	headword	1206_1R.png	unverified
D02-13861	ۋاپاسىزلىق	headword	1206_1R.png	unverified
D02-13862	ۋاپالىق	headword	1206_1R.png	unverified
D02-13863	ۋاپۇرۇش	headword	1206_1R.png	unverified
D02-13864	ۋاپۇرۇشلۇق	headword	1206_1R.png	unverified
D02-13865	ۋات	headword	1206_2L.png	unverified
D02-13867	ۋاتلىق	headword	1206_2L.png	unverified
D02-13868	ۋاتمېتىر	headword	1206_2L.png	unverified
D02-13869	ۋات-ۋات	headword	1206_2L.png	unverified
D02-13870	ۋاتېرپاس	headword	1206_2L.png	verified
D02-13870-v1	شەيتان II	variant	1206_2L.png	verified
D02-13871	ۋاتىلداتماق	headword	1206_2L.png	unverified
D02-13872	ۋاتىلداشماق	headword	1206_2L.png	unverified
D02-13873	ۋاتىلداق	headword	1206_2L.png	unverified
D02-13874	ۋاتىلدىماق	headword	1206_2L.png	unverified
D02-13875	ۋاجىپ	headword	1206_2L.png	unverified
D02-13876	ۋاجىپلىق	headword	1206_2L.png	unverified
D02-13877	ۋاچ	headword	1206_2L.png	unverified
D02-13878	ۋاچچىدە	headword	1206_2L.png	unverified
D02-13879	ۋاچ - ۋۇچ	headword	1207_1R.png	unverified
D02-13880	ۋاخ	headword	1207_1R.png	unverified
D02-13881	ۋاخان	headword	1207_1R.png	unverified
D02-13882	ۋاخلىق	headword	1207_1R.png	unverified
D02-13883	ۋاخىنا	headword	1207_1R.png	unverified
D02-13884	ۋادەرىخ	headword	1207_1R.png	unverified
D02-13885	ۋادەرىخا	headword	1207_1R.png	unverified
D02-13886	ۋادەك	headword	1207_1R.png	unverified
D02-13887	ۋادەكلەتمەك	headword	1207_1R.png	unverified
D02-13888	ۋادەكلىك	headword	1207_1R.png	unverified
D02-13889	ۋادەكلىمەك	headword	1207_1R.png	unverified
D02-13891	ۋادى	headword	1207_1R.png	unverified
D02-13892	ۋار	headword	1207_1R.png	unverified
D02-13894	ۋاراتا	headword	1207_1R.png	unverified
D02-13895	ۋاراتار	headword	1207_2L.png	unverified
D02-13896	ۋاراس	headword	1207_2L.png	unverified
D02-13897	ۋاراسلاتماق	headword	1207_2L.png	unverified
D02-13898	ۋاراسلىماق	headword	1207_2L.png	unverified
D02-13899	ۋاراس- ۋاراس	headword	1207_2L.png	unverified
D02-13900	ۋاراس - ۋۇرۇس	headword	1207_2L.png	unverified
D02-13901	ۋاراق	headword	1207_2L.png	unverified
D02-13903	ۋاراقچە	headword	1207_2L.png	unverified
D02-13904	ۋاراقچى	headword	1207_2L.png	unverified
D02-13905	ۋاراقلاتماق	headword	1207_2L.png	unverified
D02-13907	ۋاراقلاشماق	headword	1207_2L.png	unverified
D02-13908	ۋاراقلانماق	headword	1207_2L.png	unverified
D02-13909	ۋاراقلىماق	headword	1207_2L.png	unverified
D02-13911	ۋاراقلىق	headword	1207_2L.png	unverified
D02-13912	ۋاراق - ۋاراق	headword	1208_1R.png	unverified
D02-13913	ۋاراق - ۋۇرۇق	headword	1208_1R.png	unverified
D02-13914	ۋاراڭ	headword	1208_1R.png	verified
D02-13914-v1	ۋاراڭ - چۇرۇڭ	variant	1208_1R.png	verified
D02-13915	ۋاراڭ- چۇرۇڭ	headword	1208_1R.png	unverified
D02-13916	ۋاراڭ- ۋاراڭ	headword	1208_1R.png	unverified
D02-13917	ۋاران	headword	1208_1R.png	verified
D02-13918	ۋاران كەسلەنچۈكى	headword	1208_1R.png	unverified
D02-13919	ۋاررىدە	headword	1208_1R.png	unverified
D02-13920	ۋارس	headword	1208_1R.png	unverified
D02-13921	ۋارسىلداتماق	headword	1208_1R.png	unverified
D02-13922	ۋارسىلدىماق	headword	1208_1R.png	unverified
D02-13923	ۋارقىراپ - جارقىراپ	headword	1208_1R.png	unverified
D02-13924	ۋارقىراتماق	headword	1208_1R.png	unverified
D02-13925	ۋارقىراش- جارقىراش	headword	1208_1R.png	unverified
D02-13926	ۋارقىراشماق	headword	1208_1R.png	unverified
D02-13927	ۋارقىرىغاق	headword	1208_1R.png	unverified
D02-13928	ۋارقىرىماق	headword	1208_1R.png	unverified
D02-13929	ۋارونكا	headword	1208_1R.png	unverified
D02-13930	ۋار - ۋار	headword	1208_1R.png	unverified
D02-13931	ۋار - ۋۇر	headword	1208_1R.png	unverified
D02-13932	ۋارىياتسىيە	headword	1208_2L.png	verified
D02-13933	ۋارىياتسىيەلەشتۈرمەك	headword	1208_2L.png	verified
D02-13934	ۋارىياتسىيەلەشتۈرۈلمەك	headword	1208_2L.png	verified
D02-13935	ۋارىياتسىيەلەشمەك	headword	1208_2L.png	verified
D02-13936	ۋارىياتسىيەلىك	headword	1208_2L.png	verified
D02-13937	ۋارىس	headword	1208_2L.png	unverified
D02-13938	ۋارىسچانلىق	headword	1208_2L.png	unverified
D02-13939	ۋارىسلىق	headword	1208_2L.png	unverified
D02-13940	ۋارىنە	headword	1208_2L.png	unverified
D02-13941	ۋارىيومېتىر	headword	1208_2L.png	unverified
D02-13942	ۋارى - ۋارى	headword	1208_2L.png	verified
D02-13943	ۋارىيانت	headword	1208_2L.png	unverified
D02-13944	ۋارىيانتداش	headword	1208_2L.png	unverified
D02-13945	ۋارىيانتداشلىق	headword	1208_2L.png	unverified
D02-13946	ۋارىيانتلاشتۇرماق	headword	1209_1R.png	unverified
D02-13947	ۋارىيانتلاشتۇرۇلماق	headword	1209_1R.png	unverified
D02-13948	ۋارىيانتلاشماق	headword	1209_1R.png	unverified
D02-13949	ۋارىيانتلانماق	headword	1209_1R.png	verified
D02-13950	ۋارىيانتلىق	headword	1209_1R.png	unverified
D02-13951	ۋاز	headword	1209_1R.png	unverified
D02-13952	ۋاز كەچمەك	headword	1209_1R.png	unverified
D02-13953	ۋازا	headword	1209_1R.png	unverified
D02-13954	ۋازارەت	headword	1209_1R.png	unverified
D02-13955	ۋازۇ	headword	1209_1R.png	unverified
D02-13956	ۋازېلىن	headword	1209_1R.png	unverified
D02-13957	ۋاژ	headword	1209_1R.png	verified
D02-13958	ۋاژژىدە	headword	1209_1R.png	verified
D02-13959	ۋاژ- ۋاژ	headword	1209_2L.png	unverified
D02-13960	ۋاژ- ۋۇژ	headword	1209_2L.png	unverified
D02-13961	ۋاژىلداتماق	headword	1209_2L.png	unverified
D02-13962	ۋاژىلداشماق	headword	1209_2L.png	unverified
D02-13963	ۋاژىلدىماق	headword	1209_2L.png	unverified
D02-13964	ۋاس	headword	1209_2L.png	unverified
D02-13965	ۋاسا	headword	1209_2L.png	unverified
D02-13966	ۋاسا تاق	headword	1209_2L.png	verified
D02-13967	ۋاسا جۈپ	headword	1209_2L.png	verified
D02-13968	ۋاسالغۇ	headword	1209_2L.png	unverified
D02-13969	ۋاسسال	headword	1209_2L.png	unverified
D02-13970	ۋاسساللىق	headword	1209_2L.png	unverified
D02-13971	ۋاسسىدە	headword	1209_2L.png	unverified
D02-13972	ۋاسكات	headword	1209_2L.png	unverified
D02-13973	ۋاسكېتبول	headword	1209_2L.png	unverified
D02-13974	ۋاسكېتبولچى	headword	1209_2L.png	unverified
D02-13975	ۋاس - ۋاس	headword	1209_2L.png	unverified
D02-13976	ۋاستە	headword	1209_2L.png	unverified
D02-13977	ۋاسىتىچى	headword	1210_1R.png	unverified
D02-13978	ۋاسىتىچىلىك	headword	1210_1R.png	unverified
D02-13979	ۋاسىتىسىز	headword	1210_1R.png	unverified
D02-13980	ۋاسىتىلىك	headword	1210_1R.png	unverified
D02-13981	ۋاسىدەميان	headword	1210_1R.png	unverified
D02-13982	ۋاسىل	headword	1210_1R.png	unverified
D02-13983	ۋاسىل بولماق	headword	1210_1R.png	unverified
D02-13984	ۋاسىلدىماق	headword	1210_1R.png	unverified
D02-13985	ۋاش	headword	1210_1R.png	unverified
D02-13986	ۋاشات	headword	1210_1R.png	unverified
D02-13987	ۋاشاق	headword	1210_1R.png	unverified
D02-13988	ۋاشاڭ	headword	1210_1R.png	unverified
D02-13989	ۋاشاڭداتماق	headword	1210_1R.png	verified
D02-13990	ۋاشاڭداشماق	headword	1210_1R.png	unverified
D02-13991	ۋاشاڭدالماق	headword	1210_1R.png	unverified
D02-13992	ۋاشاڭدىماق	headword	1210_2L.png	unverified
D02-13994	ۋاش- ۋاش	headword	1210_2L.png	unverified
D02-13995	ۋاش- ۋۇش	headword	1210_2L.png	verified
D02-13996	ۋاشىلداتماق	headword	1210_2L.png	unverified
D02-13997	ۋاشىلداشماق	headword	1210_2L.png	unverified
D02-13998	ۋاشىلدىماق	headword	1210_2L.png	unverified
D02-13999	ۋاغجىر	headword	1210_2L.png	unverified
D02-14000	ۋاق	headword	1210_2L.png	unverified
D02-14002	ۋاقاقلاتماق	headword	1210_2L.png	unverified
D02-14003	ۋاقاقلاشماق	headword	1210_2L.png	unverified
D02-14004	ۋاقاقلىماق	headword	1210_2L.png	unverified
D02-14005	ۋاقتانىۋاق	headword	1210_2L.png	unverified
D02-14006	ۋاقتىدا	headword	1210_2L.png	unverified
D02-14007	ۋاقتى - سائىتى	headword	1210_2L.png	unverified
D02-14008	ۋاقتى - قەرەلى	headword	1210_2L.png	unverified
D02-14009	ۋاقتىنچە	headword	1210_2L.png	unverified
D02-14010	ۋاقتى - ۋاقتىدا	headword	1210_2L.png	unverified
D02-14011	ۋاقچە	headword	1210_2L.png	unverified
D02-14012	ۋاققىدە	headword	1211_1R.png	unverified
D02-14013	ۋاقلىق	headword	1211_1R.png	unverified
D02-14014	ۋاق-ۋاق	headword	1211_1R.png	unverified
D02-14015	ۋاق-ۋۇق	headword	1211_1R.png	unverified
D02-14016	ۋاقىپ	headword	1211_1R.png	unverified
D02-14017	ۋاقىپلاندۇرماق	headword	1211_1R.png	unverified
D02-14018	ۋاقىپلانماق	headword	1211_1R.png	unverified
D02-14019	ۋاقىت	headword	1211_1R.png	unverified
D02-14020	ۋاقىتسىز	headword	1211_1R.png	unverified
D02-14021	ۋاقىتلىق	headword	1211_1R.png	unverified
D02-14022	ۋاقىلداتماق	headword	1211_1R.png	unverified
D02-14023	ۋاقىلداشماق	headword	1211_1R.png	unverified
D02-14024	ۋاقىلدىماق	headword	1211_1R.png	unverified
D02-14025	ۋاقىئىي	headword	1211_1R.png	verified
D02-14026	ۋاك	headword	1211_2L.png	unverified
D02-14027	ۋاك دېمەك	headword	1211_2L.png	unverified
D02-14028	ۋاكالەت	headword	1211_2L.png	unverified
D02-14029	ۋاكالەتچى	headword	1211_2L.png	unverified
D02-14030	ۋاكالەتچىلىك	headword	1211_2L.png	unverified
D02-14031	ۋاكالەتخانا	headword	1211_2L.png	unverified
D02-14032	ۋاكالەتلىك	headword	1211_2L.png	unverified
D02-14033	ۋاكالەتنامە	headword	1211_2L.png	unverified
D02-14034	ۋاكالىتەن	headword	1211_2L.png	unverified
D02-14035	ۋاكسىنا	headword	1211_2L.png	unverified
D02-14036	ۋاكسىنىلىق	headword	1211_2L.png	verified
D02-14037	ۋاككىدە	headword	1211_2L.png	unverified
D02-14038	ۋاكۇئۇل	headword	1211_2L.png	verified
D02-14039	ۋاكۇئۇم	headword	1212_1R.png	unverified
D02-14040	ۋاكۇئۇم پومپىسى	headword	1212_1R.png	unverified
D02-14041	ۋاكۇئۇممېتىر	headword	1212_1R.png	unverified
D02-14042	ۋاگون	headword	1212_1R.png	unverified
D02-14043	ۋاگونچاق	headword	1212_1R.png	unverified
D02-14044	ۋاگونچى	headword	1212_1R.png	unverified
D02-14045	ۋاگونلاپ	headword	1212_1R.png	unverified
D02-14046	ۋاگونلۇق	headword	1212_1R.png	unverified
D02-14049	ۋاڭ-چۇڭ	headword	1212_1R.png	unverified
D02-14050	ۋاڭشىتماق	headword	1212_1R.png	unverified
D02-14051	ۋاڭشىغاق	headword	1212_1R.png	unverified
D02-14052	ۋاڭشىماق	headword	1212_1R.png	unverified
D02-14053	ۋاڭڭىدە	headword	1212_1R.png	unverified
D02-14054	ۋاڭلىق	headword	1212_1R.png	unverified
D02-14055	ۋاڭ - ۋاڭ	headword	1212_2L.png	verified
D02-14056	ۋاڭ- ۋۇڭ	headword	1212_2L.png	unverified
D02-14057	ۋاڭىلداتماق	headword	1212_2L.png	unverified
D02-14058	ۋاڭىلداشماق	headword	1212_2L.png	unverified
D02-14059	ۋاڭىلدىماق	headword	1212_2L.png	unverified
D02-14060	ۋال	headword	1212_2L.png	unverified
D02-14061	ۋالاق	headword	1212_2L.png	unverified
D02-14062	ۋالاقتەگكۈر	headword	1212_2L.png	unverified
D02-14063	ۋالاقتەگكۈرلۈك	headword	1212_2L.png	unverified
D02-14064	ۋالاققىدە	headword	1212_2L.png	unverified
D02-14065	ۋالاقلاتماق	headword	1212_2L.png	unverified
D02-14066	ۋالاقلاشماق	headword	1212_2L.png	unverified
D02-14067	ۋالاقلىماق	headword	1212_2L.png	unverified
D02-14068	ۋالاق- ۋالاق	headword	1212_2L.png	unverified
D02-14069	ۋالاق- ۋۇلۇق	headword	1212_2L.png	unverified
D02-14070	ۋالەك	headword	1212_2L.png	unverified
D02-14071	ۋالتورنا	headword	1212_2L.png	unverified
D02-14072	ۋاللاھۇئەلەم	headword	1213_1R.png	unverified
D02-14073	ۋاللىدە	headword	1213_1R.png	unverified
D02-14074	ۋال - ۋال	headword	1213_1R.png	unverified
D02-14075	ۋال-ۋۇل	headword	1213_1R.png	unverified
D02-14076	ۋالېنت	headword	1213_1R.png	unverified
D02-14077	ۋالېنتلىق	headword	1213_1R.png	unverified
D02-14078	ۋالىبول	headword	1213_1R.png	unverified
D02-14079	ۋالىبولچى	headword	1213_1R.png	unverified
D02-14080	ۋالىس	headword	1213_1R.png	unverified
D02-14081	ۋالىك	headword	1213_1R.png	unverified
D02-14082	ۋالىلداتماق	headword	1213_1R.png	unverified
D02-14083	ۋالىلداشماق	headword	1213_1R.png	unverified
D02-14084	ۋالىلدىماق	headword	1213_2L.png	unverified
D02-14085	ۋالىۋاش	headword	1213_2L.png	unverified
D02-14086	ۋالىي	headword	1213_2L.png	unverified
D02-14087	ۋالىيلىق	headword	1213_2L.png	unverified
D02-14088	ۋانادىي	headword	1213_2L.png	unverified
D02-14089	ۋانكومىتسىن	headword	1213_2L.png	unverified
D02-14090	ۋاننا	headword	1213_2L.png	unverified
D02-14091	ۋاننىلىق	headword	1213_2L.png	unverified
D02-14092	ۋانىل	headword	1213_2L.png	unverified
D02-14093	ۋانىلىن	headword	1213_2L.png	unverified
D02-14094	ۋاھ	headword	1213_2L.png	unverified
D02-14095	ۋاھابىيلار	headword	1213_2L.png	unverified
D02-14096	ۋاھالەنكى	headword	1213_2L.png	unverified
D02-14097	ۋاھە	headword	1214_1R.png	unverified
D02-14098	ۋاھ - ۋاھ	headword	1214_1R.png	unverified
D02-14099	ۋائىز	headword	1214_1R.png	unverified
D02-14100	ۋائىزلىق	headword	1214_1R.png	unverified
D02-14101	ۋائىزلىق قىلماق	headword	1214_1R.png	verified
D02-14102	ۋاي	headword	1214_1R.png	unverified
D02-14103	ۋاي ئاتام	headword	1214_1R.png	unverified
D02-14104	ۋاي ئاللا	headword	1214_1R.png	unverified
D02-14105	ۋاي ئاللىيەي	headword	1214_1R.png	verified
D02-14106	ۋاي ئانام	headword	1214_1R.png	unverified
D02-14107	ۋاي تېخى	headword	1214_1R.png	unverified
D02-14108	ۋاي خۇدايىمەي	headword	1214_1R.png	unverified
D02-14109	ۋايە	headword	1214_2L.png	verified
D02-14110	ۋايىغا يەتمەك	headword	1214_2L.png	unverified
D02-14111	ۋايتاڭ	headword	1214_2L.png	unverified
D02-14112	ۋايتاڭەي	headword	1214_2L.png	unverified
D02-14113	ۋايتوۋا	headword	1214_2L.png	unverified
D02-14114	ۋايجان	headword	1214_2L.png	unverified
D02-14115	ۋايجانەي	headword	1214_2L.png	unverified
D02-14116	ۋايجانلاتماق	headword	1214_2L.png	unverified
D02-14117	ۋايجانلاشماق	headword	1214_2L.png	unverified
D02-14118	ۋايجانلىماق	headword	1214_2L.png	unverified
D02-14119	ۋايدادلاتماق	headword	1215_1R.png	verified
D02-14120	ۋايدادلاشماق	headword	1215_1R.png	unverified
D02-14121	ۋايدادلىماق	headword	1215_1R.png	unverified
D02-14122	ۋايساتماق	headword	1215_1R.png	unverified
D02-14123	ۋايساشماق	headword	1215_1R.png	unverified
D02-14124	ۋايسىماق	headword	1215_1R.png	unverified
D02-14125	ۋاي - ۋاي	headword	1215_1R.png	unverified
D02-14126	ۋايۋايلىماق	headword	1215_1R.png	unverified
D02-14127	ۋاي- ۋۇي	headword	1215_1R.png	unverified
D02-14128	ۋاييەي	headword	1215_1R.png	unverified
D02-14129	ۋە	headword	1215_1R.png	unverified
D02-14130	ۋەئەلەيكۇم	headword	1215_1R.png	unverified
D02-14131	ۋەئەلەيكۇم ئەسسالام	headword	1215_1R.png	unverified
D02-14132	ۋەتەن	headword	1215_2L.png	unverified
D02-14133	ۋەتەن ساتقۇچ	headword	1215_2L.png	unverified
D02-14134	ۋەتەنپەرۋەر	headword	1215_2L.png	unverified
D02-14135	ۋەتەنپەرۋەرلىك	headword	1215_2L.png	unverified
D02-14136	ۋەتەنداش	headword	1215_2L.png	unverified
D02-14137	ۋەتەنداشلىق	headword	1215_2L.png	unverified
D02-14138	ۋەتەنسىز	headword	1215_2L.png	unverified
D02-14139	ۋەتەنسىزلىك	headword	1215_2L.png	unverified
D02-14140	ۋەتەنلىك	headword	1215_2L.png	unverified
D02-14141	ۋەتۋەرەك	headword	1215_2L.png	unverified
D02-14142	ۋەتۋەرىكى چىقماق	headword	1215_2L.png	unverified
D02-14144	ۋەج	headword	1215_2L.png	unverified
D02-14145	ۋەجلىك	headword	1215_2L.png	unverified
D02-14146	ۋەخپە	headword	1215_2L.png	unverified
D02-14147	ۋەخپە قىلماق	headword	1216_1R.png	verified
D02-14148	ۋەخپە مۇتلەق	headword	1216_1R.png	unverified
D02-14149	ۋەدا	headword	1216_1R.png	unverified
D02-14150	ۋەدە	headword	1216_1R.png	unverified
D02-14151	ۋەدىسىز	headword	1216_1R.png	unverified
D02-14152	ۋەدىش	headword	1216_1R.png	unverified
D02-14153	ۋەدىلەشمەك	headword	1216_1R.png	unverified
D02-14154	ۋەدىلىشىشمەك	headword	1216_1R.png	unverified
D02-14155	ۋەدىلىك	headword	1216_1R.png	unverified
D02-14156	ۋەدىنامە	headword	1216_1R.png	unverified
D02-14157	ۋەدىئىزم	headword	1216_1R.png	verified
D02-14158	ۋەرەقە	headword	1216_1R.png	unverified
D02-14159	ۋەز	headword	1216_1R.png	unverified
D02-14160	ۋەزچى	headword	1216_1R.png	unverified
D02-14161	ۋەزخان	headword	1216_1R.png	unverified
D02-14162	ۋەزخانلىق	headword	1216_2L.png	unverified
D02-14163	ۋەزمىن	headword	1216_2L.png	unverified
D02-14164	ۋەزمىنلەشمەك	headword	1216_2L.png	unverified
D02-14165	ۋەزمىنلىك	headword	1216_2L.png	unverified
D02-14166	ۋەز- نەسىھەت	headword	1216_2L.png	unverified
D02-14167	ۋەزىپە	headword	1216_2L.png	unverified
D02-14168	ۋەزىپىسىز	headword	1216_2L.png	unverified
D02-14169	ۋەزىپىلىك	headword	1216_2L.png	unverified
D02-14170	ۋەزىر	headword	1216_2L.png	unverified
D02-14171	ۋەزىرئەزەم	headword	1216_2L.png	verified
D02-14172	ۋەزىرلىك	headword	1216_2L.png	unverified
D02-14173	ۋەزىر - ۋۇزرا	headword	1216_2L.png	unverified
D02-14174	ۋەزىن	headword	1216_2L.png	verified
D02-14174-i1	ۋەزنى	inflected	1216_2L.png	verified
D02-14175	ۋەزىنسىز	headword	1216_2L.png	unverified
D02-14176	ۋەزىنلىك	headword	1216_2L.png	unverified
D02-14177	ۋەزىيەت	headword	1216_2L.png	unverified
D02-14178	ۋەسۋەسە	headword	1217_1R.png	verified
D02-14179	ۋەسۋەسىلىك	headword	1217_1R.png	unverified
D02-14180	ۋەسىقە	headword	1217_1R.png	verified
D02-14181	ۋەسىقىسى يوق	headword	1217_1R.png	unverified
D02-14182	ۋەسىقىسىز	headword	1217_1R.png	unverified
D02-14183	ۋەسىل	headword	1217_1R.png	verified
D02-14183-i1	ۋەسلى	inflected	1217_1R.png	verified
D02-14184	ۋەسىي	headword	1217_1R.png	unverified
D02-14185	ۋەسىيەت	headword	1217_1R.png	unverified
D02-14186	ۋەسىيەتلىك	headword	1217_1R.png	unverified
D02-14187	ۋەسىيەتنامە	headword	1217_1R.png	unverified
D02-14188	ۋەسىيلىك قىلىش	headword	1217_2L.png	verified
D02-14189	ۋەششەمسى	headword	1217_2L.png	unverified
D02-14190	ۋەقە	headword	1217_2L.png	unverified
D02-14191	ۋەقەسىز	headword	1217_2L.png	unverified
D02-14192	ۋەقەشۇناس	headword	1217_2L.png	verified
D02-14193	ۋەقەشۇناسلىق	headword	1217_2L.png	unverified
D02-14194	ۋەقەلىك	headword	1217_2L.png	unverified
D02-14195	ۋەكىل	headword	1217_2L.png	unverified
D02-14196	ۋەكىللىك	headword	1217_2L.png	unverified
D02-14197	ۋەلەك	headword	1217_2L.png	unverified
D02-14198	ۋەللەي	headword	1217_2L.png	verified
D02-14199	ۋەلىئەھد	headword	1218_1R.png	verified
D02-14200	ۋەلىئەھدىلىك	headword	1218_1R.png	verified
D02-14201	ۋەلىدىزىنا	headword	1218_1R.png	unverified
D02-14202	ۋەلىي	headword	1218_1R.png	unverified
D02-14204	ۋەلىيلىك	headword	1218_1R.png	unverified
D02-14205	ۋەلىيۇللا	headword	1218_1R.png	unverified
D02-14207	ۋاھاكازا	headword	1218_1R.png	verified
D02-14208	ۋەھدەت	headword	1218_1R.png	unverified
D02-14209	ۋەھشەت	headword	1218_1R.png	unverified
D02-14210	ۋەھشىي	headword	1218_1R.png	unverified
D02-14211	ۋەھشىيانە	headword	1218_1R.png	unverified
D02-14212	ۋەھشىيلەرچە	headword	1218_1R.png	unverified
D02-14213	ۋەھشىيلەشمەك	headword	1218_1R.png	unverified
D02-14214	ۋەھشىيلىك	headword	1218_1R.png	unverified
D02-14215	ۋەھىم	headword	1218_1R.png	unverified
D02-14216	ۋەھىم يېمەك	headword	1218_1R.png	verified
D02-14217	ۋەھىمە	headword	1218_2L.png	unverified
D02-14218	ۋەھىمىسىز	headword	1218_2L.png	unverified
D02-14219	ۋەھىمىلىك	headword	1218_2L.png	unverified
D02-14220	ۋەھىي	headword	1218_2L.png	unverified
D02-14221	ۋەي	headword	1218_2L.png	unverified
D02-14222	ۋەيت	headword	1218_2L.png	unverified
D02-14223	ۋەيت - ۋەيت	headword	1218_2L.png	unverified
D02-14224	ۋەيران	headword	1218_2L.png	unverified
D02-14225	ۋەيران بولماق	headword	1218_2L.png	unverified
D02-14226	ۋەيران بولۇش	headword	1218_2L.png	unverified
D02-14227	ۋەيرانە	headword	1218_2L.png	unverified
D02-14228	ۋەيرانچىلىق	headword	1219_1R.png	unverified
D02-14229	ۋەيرانلاشماق	headword	1219_1R.png	unverified
D02-14230	ۋەيرانلىق	headword	1219_1R.png	unverified
D02-14231	ۋەيلۇن	headword	1219_1R.png	unverified
D02-14232	ۋودكا	headword	1219_1R.png	unverified
D02-14233	ۋودوپروۋود	headword	1219_1R.png	unverified
D02-14234	ۋودورود	headword	1219_1R.png	unverified
D02-14235	ۋودورود بومبىسى	headword	1219_1R.png	unverified
D02-14236	ۋوسپالېنىيە	headword	1219_1R.png	verified
D02-14237	ۋوگزال	headword	1219_1R.png	unverified
D02-14238	ۋولت	headword	1219_1R.png	unverified
D02-14239	ۋولت - ئامپېر	headword	1219_1R.png	unverified
D02-14240	ۋولتمېتىر	headword	1219_1R.png	unverified
D02-14241	ۋولفرام	headword	1219_1R.png	unverified
D02-14242	ۋولفراملىق	headword	1219_2L.png	verified
D02-14243	ۋولقان	headword	1219_2L.png	verified
D02-14244	ۋولگار	headword	1219_2L.png	unverified
D02-14245	ۋولگارىزم	headword	1219_2L.png	unverified
D02-14246	ۋولۋوكس	headword	1219_2L.png	unverified
D02-14247	ۋولېنكا	headword	1219_2L.png	verified
D02-14248	ۋون	headword	1219_2L.png	unverified
D02-14249	ۋوھ	headword	1219_2L.png	unverified
D02-14250	ۋوي	headword	1219_2L.png	unverified
D02-14251	ۋوي-ۋوي	headword	1219_2L.png	unverified
D02-14252	ۋۇ	headword	1219_2L.png	unverified
D02-14253	ۋۇجۇد	headword	1219_2L.png	unverified
D02-14254	ۋۇجۇدقا چىقماق	headword	1219_2L.png	unverified
D02-14255	ۋۇجۇدقا كەلمەك	headword	1219_2L.png	unverified
D02-14256	ۋۇجۇدىيەت	headword	1219_2L.png	unverified
D02-14257	ۋۇڭ	headword	1219_2L.png	unverified
D02-14258	ۋۇڭىلدىماق	headword	1219_2L.png	unverified
D02-14259	ۋۇي	headword	1219_2L.png	unverified
D02-14260	ۋې	headword	1220_1R.png	unverified
D02-14261	ۋېبېر	headword	1220_1R.png	unverified
D02-14262	ۋېچىركا	headword	1220_1R.png	unverified
D02-14263	ۋېدا	headword	1220_1R.png	unverified
D02-14264	ۋېدائىزم	headword	1220_1R.png	verified
D02-14265	ۋېرتۇشكا	headword	1220_1R.png	unverified
D02-14266	ۋېرتىكال	headword	1220_1R.png	unverified
D02-14267	ۋېكتور	headword	1220_1R.png	unverified
D02-14268	ۋېكتورلۇق	headword	1220_1R.png	unverified
D02-14269	ۋېكتورمېتىر	headword	1220_1R.png	unverified
D02-14270	ۋېكسېل	headword	1220_1R.png	unverified
D02-14271	ۋېگېتاتىپ	headword	1220_1R.png	unverified
D02-14272	ۋېلىسىپىت	headword	1220_1R.png	unverified
D02-14273	ۋېلىسىپىتچى	headword	1220_1R.png	unverified
D02-14274	ۋېلىسىپىتلىك	headword	1220_1R.png	unverified
D02-14275	ۋېنا	headword	1220_2L.png	unverified
D02-14276	ۋېناپورتا	headword	1220_2L.png	unverified
D02-14277	ۋېنتۇرىمېتىر	headword	1220_2L.png	verified
D02-14278	ۋېنتىل	headword	1220_2L.png	unverified
D02-14279	ۋېنگىر	headword	1220_2L.png	unverified
D02-14280	ۋېنگىرچە	headword	1220_2L.png	unverified
D02-14281	ۋېنېرا	headword	1220_2L.png	unverified
D02-14282	ۋىبراتور	headword	1220_2L.png	unverified
D02-14283	ۋىبروگراف	headword	1220_2L.png	verified
D02-14284	ۋىبرومېتىر	headword	1221_1R.png	unverified
D02-14285	ۋىت	headword	1221_1R.png	unverified
D02-14286	ۋىتافون	headword	1221_1R.png	unverified
D02-14287	ۋىتامىن	headword	1221_1R.png	unverified
D02-14288	ۋىتامىنسىز	headword	1221_1R.png	unverified
D02-14289	ۋىتامىنلىق	headword	1221_1R.png	unverified
D02-14290	ۋىتۋالاق	headword	1221_1R.png	unverified
D02-14291	ۋىت - ۋىت	headword	1221_1R.png	unverified
D02-14292	ۋىتېرىت	headword	1221_1R.png	verified
D02-14293	ۋىتىر	headword	1221_1R.png	verified
D02-14294	ۋىتىر نامىزى	headword	1221_1R.png	unverified
D02-14295	ۋىتىلداتماق	headword	1221_1R.png	unverified
D02-14296	ۋىتىلداشماق	headword	1221_1R.png	unverified
D02-14297	ۋىتىلداق	headword	1221_1R.png	unverified
D02-14298	ۋىتىلداقلىق	headword	1221_1R.png	unverified
D02-14299	ۋىتىلدىماق	headword	1221_2L.png	verified
D02-14300	ۋىجدان	headword	1221_2L.png	verified
D02-14301	ۋىجدان ئازابى	headword	1221_2L.png	verified
D02-14302	ۋىجدانى بار	headword	1221_2L.png	verified
D02-14303	ۋىجدانى كۆتۈرمەسلىك	headword	1221_2L.png	verified
D02-14304	ۋىجدانى قاينىماق	headword	1221_2L.png	verified
D02-14305	ۋىجدانىنى ساتماق	headword	1221_2L.png	verified
D02-14306	ۋىجدانى يوق	headword	1221_2L.png	verified
D02-14307	ۋىجدانەن	headword	1221_2L.png	verified
D02-14308	ۋىجدانسىز	headword	1221_2L.png	verified
D02-14309	ۋىجدانسىزلىق	headword	1221_2L.png	verified
D02-14310	ۋىجدانلىق	headword	1221_2L.png	verified
D02-14311	ۋىجدانىي	headword	1221_2L.png	verified
D02-14312	ۋىجىك	headword	1221_2L.png	verified
D02-14313	ۋىجىكلەشتۈرمەك	headword	1221_2L.png	verified
D02-14314	ۋىجىكلىك	headword	1222_1R.png	verified
D02-14315	ۋىجىكلىمەك	headword	1222_1R.png	unverified
D02-14316	ۋىچ	headword	1222_1R.png	unverified
D02-14317	ۋىچ - ۋىچ	headword	1222_1R.png	unverified
D02-14318	ۋىچىر	headword	1222_1R.png	unverified
D02-14319	ۋىچىرلاتماق	headword	1222_1R.png	unverified
D02-14320	ۋىچىرلاشماق	headword	1222_1R.png	unverified
D02-14321	ۋىچىرلىماق	headword	1222_1R.png	unverified
D02-14322	ۋىچىر - ۋىچىر	headword	1222_1R.png	unverified
D02-14323	ۋىدا	headword	1222_1R.png	unverified
D02-14324	ۋىدالاشماق	headword	1222_1R.png	unverified
D02-14325	ۋىدالىق	headword	1222_1R.png	unverified
D02-14326	ۋىدىس	headword	1222_1R.png	unverified
D02-14327	ۋىراچ	headword	1222_1R.png	unverified
D02-14328	ۋىراچلىق	headword	1222_1R.png	unverified
D02-14329	ۋىرتوشكا	headword	1222_1R.png	unverified
D02-14330	ۋىرۇس	headword	1222_2L.png	unverified
D02-14331	ۋىرۇسلۇق	headword	1222_2L.png	unverified
D02-14332	ۋىرۇسئولوگىيە	headword	1222_2L.png	unverified
D02-14333	ۋىزا	headword	1222_2L.png	unverified
D02-14334	ۋىزۋوت	headword	1222_2L.png	unverified
D02-14334-v1	پەي III	variant	1222_2L.png	unverified
D02-14335	ۋىژ	headword	1222_2L.png	unverified
D02-14336	ۋىژژىدە	headword	1222_2L.png	unverified
D02-14337	ۋىژ - ۋىژ	headword	1222_2L.png	unverified
D02-14338	ۋىژىلداتماق	headword	1222_2L.png	unverified
D02-14339	ۋىژىلداشماق	headword	1222_2L.png	unverified
D02-14340	ۋىژىلدىماق	headword	1222_2L.png	unverified
D02-14341	ۋىسال	headword	1222_2L.png	unverified
D02-14342	ۋىسال تاپماق	headword	1222_2L.png	unverified
D02-14343	ۋىسالغا يەتمەك	headword	1222_2L.png	unverified
D02-14344	ۋىسكوزا	headword	1223_1R.png	unverified
D02-14345	ۋىسكوزمېتىر	headword	1223_1R.png	unverified
D02-14346	ۋىسمان	headword	1223_1R.png	unverified
D02-14347	ۋىسمانىزم	headword	1223_1R.png	unverified
D02-14348	ۋىسمۇت	headword	1223_1R.png	unverified
D02-14349	ۋىش	headword	1223_1R.png	unverified
D02-14350	ۋىششىدە	headword	1223_1R.png	unverified
D02-14351	ۋىشكا	headword	1223_1R.png	unverified
D02-14352	ۋىشنۇ	headword	1223_1R.png	unverified
D02-14353	ۋىش - ۋىش	headword	1223_1R.png	unverified
D02-14354	ۋىشىلداتماق	headword	1223_1R.png	unverified
D02-14355	ۋىشىلداشماق	headword	1223_1R.png	unverified
D02-14356	ۋىشىلدىماق	headword	1223_1R.png	unverified
D02-14357	ۋىق	headword	1223_1R.png	unverified
D02-14358	ۋىقىلداتماق	headword	1223_1R.png	unverified
D02-14359	ۋىقىلداشماق	headword	1223_2L.png	unverified
D02-14360	ۋىقىلدىماق	headword	1223_2L.png	unverified
D02-14361	ۋىكىسترېمىيە	headword	1223_2L.png	verified
D02-14362	ۋىكىسترېمىيە چاتقىلى	headword	1223_2L.png	unverified
D02-14363	ۋىكليۇچاتېل	headword	1223_2L.png	unverified
D02-14364	ۋىڭ	headword	1223_2L.png	unverified
D02-14365	ۋىڭڭىدە	headword	1223_2L.png	unverified
D02-14366	ۋىڭ-ۋىڭ	headword	1223_2L.png	unverified
D02-14367	ۋىڭىلداتماق	headword	1223_2L.png	unverified
D02-14368	ۋىڭىلداشماق	headword	1223_2L.png	unverified
D02-14369	ۋىڭىلدىماق	headword	1223_2L.png	unverified
D02-14370	ۋىل	headword	1223_2L.png	unverified
D02-14371	ۋىلايەت	headword	1223_2L.png	unverified
D02-14372	ۋىلايەتلىك	headword	1223_2L.png	unverified
D02-14373	ۋىلكا	headword	1223_2L.png	unverified
D02-14374	ۋىللىدە	headword	1223_2L.png	unverified
D02-14375	ۋىل-ۋىل	headword	1223_2L.png	unverified
D02-14376	ۋىلىق	headword	1223_2L.png	verified
D02-14377	ۋىلىقشىتماق	headword	1223_2L.png	verified
D02-14378	ۋىلىقشىماق	headword	1224_1R.png	unverified
D02-14379	ۋىلىققىدە	headword	1224_1R.png	unverified
D02-14380	ۋىلىقلىماق	headword	1224_1R.png	unverified
D02-14381	ۋىلىق-ۋىلىق	headword	1224_1R.png	unverified
D02-14382	ۋىلىلدىماق	headword	1224_1R.png	unverified
D02-14383	ۋىنايا	headword	1224_1R.png	unverified
D02-14384	ۋىنتا	headword	1224_1R.png	unverified
D02-14385	ۋىنتىسى بوش	headword	1224_1R.png	unverified
D02-14386	ۋىنتىسى كەم	headword	1224_1R.png	unverified
D02-14387	ۋىنتىلاتماق	headword	1224_1R.png	unverified
D02-14388	ۋىنتىلاشماق	headword	1224_1R.png	unverified
D02-14389	ۋىنتىلانماق	headword	1224_1R.png	unverified
D02-14390	ۋىنتىلىق	headword	1224_1R.png	unverified
D02-14391	ۋىنتىلىماق	headword	1224_1R.png	unverified
D02-14392	ۋىنو	headword	1224_2L.png	unverified
D02-14393	ۋىنوچىلىق	headword	1224_2L.png	unverified
D02-14394	ۋىنىل	headword	1224_2L.png	unverified
D02-14395	ۋىنىلون	headword	1224_2L.png	unverified
D02-14396	ۋىۋىسكا	headword	1224_2L.png	unverified
D02-14397	ۋىيەي	headword	1224_2L.png	unverified
D02-14398	ۋىيولېت	headword	1224_2L.png	unverified
D02-14399	ۋىيولېت گۈلى	headword	1224_2L.png	unverified
D02-14400	ئېپتۇنىي	headword	1225_1R.png	verified
D02-14401	ئېپوپىيە	headword	1225_1R.png	unverified
D02-14402	ئېپوس	headword	1225_1R.png	unverified
D02-14403	ئېپوسچى	headword	1225_1R.png	unverified
D02-14404	ئېپوسچىلىق	headword	1225_1R.png	unverified
D02-14405	ئېپىتاكسىيە	headword	1225_1R.png	unverified
D02-14406	ئېپىتېلىيە	headword	1225_1R.png	unverified
D02-14407	ئېپىتىت	headword	1225_1R.png	verified
D02-14408	ئېپى-جېپى	headword	1225_2L.png	unverified
D02-14409	ئېپىدە	headword	1225_2L.png	unverified
D02-14410	ئېپىدېرما	headword	1225_2L.png	unverified
D02-14411	ئېپىزوت	headword	1225_2L.png	unverified
D02-14412	ئېپىسكوپ	headword	1225_2L.png	unverified
D02-14413	ئېپىسكوپلۇق	headword	1225_2L.png	unverified
D02-14414	ئېپىفىز	headword	1225_2L.png	verified
D02-14415	ئېپىك	headword	1225_2L.png	verified
D02-14416	ئېپىگراف	headword	1225_2L.png	verified
D02-14417	ئېپى-مەلە	headword	1225_2L.png	verified
D02-14418	ئېپى - يەڭگە	headword	1225_2L.png	verified
D02-14419	ئېتالون	headword	1226_1R.png	unverified
D02-14420	ئېتان	headword	1226_1R.png	unverified
D02-14421	ئېتانول	headword	1226_1R.png	unverified
D02-14422	ئېتەك	headword	1226_1R.png	verified
D02-14423	ئېتەك سالدى قىلماق	headword	1226_1R.png	verified
D02-14424	ئېتەك ياپماق	headword	1226_1R.png	verified
D02-14424-v1	چاپان ياپماق	variant	1226_1R.png	verified
D02-14425	ئېتىكىنى ياپماق	headword	1226_1R.png	verified
D02-14426	ئېتىكى ئوتلۇق	headword	1226_1R.png	verified
D02-14427	ئېتەكلەپ	headword	1226_1R.png	verified
D02-14428	ئېتەكلىك	headword	1226_1R.png	verified
D02-14429	ئېتنوگراف	headword	1226_1R.png	verified
D02-14430	ئېتنوگرافىيە	headword	1226_1R.png	verified
D02-14431	ئېتنوگرافىيەلىك	headword	1226_2L.png	verified
D02-14432	ئېتنولوگىيە	headword	1226_2L.png	verified
D02-14433	ئېتنولوگىيەلىك	headword	1226_2L.png	verified
D02-14434	ئېتنىك	headword	1226_2L.png	verified
D02-14435	ئېتېن	headword	1226_2L.png	verified
D02-14436	ئېتىبار	headword	1226_2L.png	verified
D02-14437	ئېتىبارەن	headword	1226_2L.png	verified
D02-14438	ئېتىبارسىز	headword	1226_2L.png	unverified
D02-14439	ئېتىبارسىزلىق	headword	1226_2L.png	unverified
D02-14440	ئېتىبارلىق	headword	1226_2L.png	unverified
D02-14441	ئېتىراپ	headword	1226_2L.png	unverified
D02-14442	ئېتىراپنامە	headword	1226_2L.png	unverified
D02-14443	ئېتىراز	headword	1226_2L.png	unverified
D02-14444	ئېتىرازسىز	headword	1227_1R.png	unverified
D02-14445	ئېتىرازنامە	headword	1227_1R.png	unverified
D02-14446	ئېتىز	headword	1227_1R.png	unverified
D02-14447	ئېتىزلىق	headword	1227_1R.png	unverified
D02-14448	ئېتىز - ئېرىق	headword	1227_1R.png	unverified
D02-14449	ئېتىش	headword	1227_1R.png	unverified
D02-14450	ئېتىشماق	headword	1227_1R.png	unverified
D02-14451	ئېتىشمەك	headword	1227_1R.png	unverified
D02-14453	ئېتىشۋازلىق	headword	1227_1R.png	unverified
D02-14454	ئېتىقاد	headword	1227_1R.png	unverified
D02-14455	ئېتىقادچى	headword	1227_1R.png	unverified
D02-14456	ئېتىقادچىلىق	headword	1227_1R.png	unverified
D02-14457	ئېتىقادسىز	headword	1227_1R.png	unverified
D02-14458	ئېتىقادسىزلىق	headword	1227_1R.png	unverified
D02-14459	ئېتىقادلىق	headword	1227_1R.png	unverified
D02-14460	ئېتىك	headword	1227_2L.png	unverified
D02-14461	ئېتىكا	headword	1227_2L.png	unverified
D02-14462	ئېتىكاپ	headword	1227_2L.png	unverified
D02-14462-i1	ئېتىكاپتا	inflected	1227_2L.png	unverified
D02-14463	ئېتىكاپخانا	headword	1227_2L.png	unverified
D02-14464	ئېتىكلىك	headword	1227_2L.png	unverified
D02-14465	ئېتىكلىق	headword	1227_2L.png	unverified
D02-14466	ئېتىل	headword	1227_2L.png	unverified
D02-14467	ئېتىلدۇرماق	headword	1227_2L.png	unverified
D02-14468	ئېتىلدۇرۇشماق	headword	1227_2L.png	unverified
D02-14469	ئېتىلما	headword	1227_2L.png	unverified
D02-14470	ئېتىلماق	headword	1227_2L.png	unverified
D02-14471	ئېتىلمەك	headword	1227_2L.png	unverified
D02-14473	ئېتىلېن	headword	1227_2L.png	unverified
D02-14474	ئېتىلېندىيامىن	headword	1227_2L.png	unverified
D02-14475	ئېتىماد	headword	1228_1R.png	verified
D02-14476	ئېتىمولوگىيە	headword	1228_1R.png	unverified
D02-14477	ئېتىمولوگىيەلىك	headword	1228_1R.png	unverified
D02-14478	ئېتىنىل	headword	1228_1R.png	unverified
D02-14479	ئېتىيود	headword	1228_1R.png	unverified
D02-14480	ئېتىيولوگىيە	headword	1228_1R.png	unverified
D02-14481	ئېجە	headword	1228_1R.png	unverified
D02-14482	ئېجرىق	headword	1228_1R.png	unverified
D02-14483	ئېجىرىم	headword	1228_1R.png	unverified
D02-14484	ئېجىرىملىق	headword	1228_1R.png	unverified
D02-14485	ئېجىل	headword	1228_1R.png	unverified
D02-14486	ئېجىلغا چۈشمەك	headword	1228_1R.png	unverified
D02-14487	ئېجىللەشتۈرمەك	headword	1228_1R.png	unverified
D02-14488	ئېجىللەشمەك	headword	1228_1R.png	unverified
D02-14489	ئېجىللىق	headword	1228_1R.png	unverified
D02-14490	ئېچىتقۇ	headword	1228_1R.png	unverified
D02-14491	ئېچىتقۇلۇق	headword	1228_2L.png	unverified
D02-14492	ئېچىتقۇلۇق قىلماق	headword	1228_2L.png	unverified
D02-14493	ئېچىتماق	headword	1228_2L.png	unverified
D02-14494	ئېچىتىش	headword	1228_2L.png	unverified
D02-14495	ئېچىتىلماق	headword	1228_2L.png	unverified
D02-14496	ئېچىرقاتماق	headword	1228_2L.png	unverified
D02-14497	ئېچىرقاشماق	headword	1228_2L.png	unverified
D02-14498	ئېچىرقىماق	headword	1228_2L.png	unverified
D02-14499	ئېچىشتۇرماق	headword	1228_2L.png	unverified
D02-14500	ئېچىشماق	headword	1228_2L.png	unverified
D02-14502	ئېچىشقان يەرگە تۇز سەپمەك	headword	1228_2L.png	unverified
D02-14503	ئېچىق	headword	1229_1R.png	unverified
D02-14504	ئېچىقسىز	headword	1229_1R.png	unverified
D02-14505	ئېچىقلىق	headword	1229_1R.png	unverified
D02-14506	ئېچىلدۇرماق	headword	1229_1R.png	unverified
D02-14507	ئېچىلدۇرۇشماق	headword	1229_1R.png	unverified
D02-14508	ئېچىلدۇرۇلماق	headword	1229_1R.png	unverified
D02-14509	ئېچىلما	headword	1229_1R.png	unverified
D02-14510	ئېچىلماق	headword	1229_1R.png	unverified
D02-14511	ئېچىلىپ - يېيىلىپ	headword	1229_1R.png	unverified
D02-14512	ئېچىماق	headword	1229_1R.png	unverified
D02-14513	ئېچىنارلىق	headword	1229_1R.png	unverified
D02-14514	ئېچىندۇرماق	headword	1229_1R.png	unverified
D02-14515	ئېچىندۇرۇشماق	headword	1229_1R.png	unverified
D02-14516	ئېچىنماق	headword	1229_2L.png	verified
D02-14517	ئېچىنىشلىق	headword	1229_2L.png	verified
D02-14518	ئېچىنىشماق	headword	1229_2L.png	verified
D02-14519	ئېچىيۇرىدا	headword	1229_2L.png	verified
D02-14520	ئېچىيۇرىدا قۇرتى	headword	1229_2L.png	verified
D02-14521	ئېخ	headword	1229_2L.png	verified
D02-14522	ئېخىنوكوك	headword	1229_2L.png	verified
D02-14523	ئېدەر	headword	1229_2L.png	unverified
D02-14524	ئېدەر تۇتماق	headword	1229_2L.png	unverified
D02-14525	ئېدەر سالماق	headword	1229_2L.png	unverified
D02-14526	ئېدەر قىلماق	headword	1229_2L.png	unverified
D02-14527	ئېدەر ۋاقتى	headword	1229_2L.png	unverified
D02-14528	ئېدېس	headword	1229_2L.png	verified
D02-14529	ئېدېس پاشىسى	headword	1229_2L.png	unverified
D02-14530	ئېدىتلاتماق	headword	1230_1R.png	verified
D02-14531	ئېدىتلاشماق	headword	1230_1R.png	unverified
D02-14532	ئېدىتلانماق	headword	1230_1R.png	unverified
D02-14533	ئېدىتلىق	headword	1230_1R.png	unverified
D02-14534	ئېدىتلىماق	headword	1230_1R.png	unverified
D02-14535	ئېدىر	headword	1230_1R.png	unverified
D02-14536	ئېدىرتماق	headword	1230_1R.png	unverified
D02-14537	ئېدىرغا	headword	1230_1R.png	unverified
D02-14538	ئېدىرلىق	headword	1230_1R.png	unverified
D02-14539	ئېرا	headword	1230_1R.png	unverified
D02-14540	ئېراتيوم	headword	1230_1R.png	unverified
D02-14541	ئېرەكەشمەك	headword	1230_1R.png	unverified
D02-14542	ئېرەكتە	headword	1230_1R.png	unverified
D02-14543	ئېرەم	headword	1230_1R.png	unverified
D02-14544	ئېرەن	headword	1230_1R.png	unverified
D02-14546	ئېرەنسىز	headword	1230_1R.png	unverified
D02-14547	ئېرەنسىزلىك	headword	1230_1R.png	unverified
D02-14548	ئېرەنشىمەك	headword	1230_2L.png	unverified
D02-14549	ئېرەنلىك	headword	1230_2L.png	unverified
D02-14550	ئېربىي	headword	1230_2L.png	verified
D02-14551	ئېرفان	headword	1230_2L.png	unverified
D02-14552	ئېرتماق	headword	1230_2L.png	verified
D02-14553	ئېرتىلماق	headword	1230_2L.png	unverified
D02-14554	ئېرسال	headword	1230_2L.png	unverified
D02-14555	ئېرىقىشماق	headword	1230_2L.png	verified
D02-14556	ئېرسالنامە	headword	1230_2L.png	unverified
D02-14557	ئېرگ	headword	1230_2L.png	unverified
D02-14558	ئېروگلىف	headword	1230_2L.png	unverified
D02-14559	ئېروگلىفلىق	headword	1230_2L.png	unverified
D02-14560	ئېروگلىفلىق يېزىق	headword	1230_2L.png	unverified
D02-14561	ئېرونىيە	headword	1230_2L.png	verified
D02-14562	ئېرۇر	headword	1230_2L.png	unverified
D02-14563	ئېرىت	headword	1231_1R.png	unverified
D02-14564	ئېرىترومىتسىن	headword	1231_1R.png	unverified
D02-14565	ئېرىتكۈچ	headword	1231_1R.png	unverified
D02-14566	ئېرىتكۈچى	headword	1231_1R.png	unverified
D02-14567	ئېرىتمە	headword	1231_1R.png	unverified
D02-14568	ئېرىتمەك	headword	1231_1R.png	unverified
D02-14569	ئېرىتىلمەك	headword	1231_1R.png	unverified
D02-14570	ئېرىش	headword	1231_1R.png	unverified
D02-14571	ئېرىش نۇقتىسى	headword	1231_1R.png	unverified
D02-14572	ئېرىشتۈرمەك	headword	1231_1R.png	unverified
D02-14573	ئېرىشتۈرۈشمەك	headword	1231_1R.png	unverified
D02-14574	ئېرىشتۈرۈلمەك	headword	1231_1R.png	unverified
D02-14575	ئېرىشچان	headword	1231_1R.png	unverified
D02-14576	ئېرىشچانلىق	headword	1231_1R.png	unverified
D02-14577	ئېرىشمەك	headword	1231_2L.png	verified
D02-14579	ئېرىشىلمەك	headword	1231_2L.png	unverified
D02-14580	ئېرىغ	headword	1231_2L.png	unverified
D02-14581	ئېرىغ مال	headword	1231_2L.png	unverified
D02-14582	ئېرىغداتماق	headword	1231_2L.png	unverified
D02-14583	ئېرىغداشماق	headword	1231_2L.png	unverified
D02-14584	ئېرىغدالماق	headword	1231_2L.png	unverified
D02-14585	ئېرىغدىماق	headword	1231_2L.png	unverified
D02-14586	ئېرىق	headword	1231_2L.png	unverified
D02-14587	ئېرىقچە	headword	1231_2L.png	unverified
D02-14588	ئېرىقشىماق	headword	1231_2L.png	verified
D02-14589	ئېرىق - ئۆستەڭ	headword	1231_2L.png	unverified
D02-14590	ئېرىك	headword	1231_2L.png	unverified
D02-14591	ئېرىگۈچى	headword	1231_2L.png	unverified
D02-14592	ئېرىڭاي	headword	1231_2L.png	verified
D02-14593	ئېرىمە	headword	1231_2L.png	verified
D02-14594	ئېرىمەك	headword	1231_2L.png	verified
D02-14595	ئېزىلگۈچى	headword	1232_2L.png	unverified
D02-14596	ئېزىلمەك	headword	1232_2L.png	unverified
D02-14597	ئېزىلىشمەك	headword	1232_2L.png	unverified
D02-14598	ئېسەدەشمەك	headword	1232_2L.png	unverified
D02-14599	ئېسەدىمەك	headword	1232_2L.png	unverified
D02-14600	ئېسەكىمەك	headword	1232_2L.png	unverified
D02-14601	ئېسەلىنمەك	headword	1232_2L.png	unverified
D02-14602	ئېسەلىنىشمەك	headword	1232_2L.png	unverified
D02-14603	ئېسەن	headword	1232_2L.png	unverified
D02-14605	ئېسەنچىلىك	headword	1232_2L.png	unverified
D02-14606	ئېسەنگىرەتمەك	headword	1232_2L.png	unverified
D02-14607	ئېسەنگىرەشمەك	headword	1232_2L.png	unverified
D02-14608	ئېسەنگىرەمەك	headword	1232_2L.png	unverified
D02-14609	ئېسەنلەشمەك	headword	1232_2L.png	unverified
D02-14610	ئېسەنلىك	headword	1232_2L.png	unverified
D02-14612	ئېسەنلىككە	headword	1232_2L.png	unverified
D02-14613	ئېسپېرانتو	headword	1232_2L.png	unverified
D02-14614	ئېستېتىزم	headword	1233_1R.png	unverified
D02-14615	ئېستېتىكا	headword	1233_1R.png	unverified
D02-14616	ئېستېتىكىلىق	headword	1233_1R.png	unverified
D02-14617	ئېستېر	headword	1233_1R.png	unverified
D02-14618	ئېستېرلىماق	headword	1233_1R.png	unverified
D02-14619	ئېسكۇدو	headword	1233_1R.png	unverified
D02-14620	ئېسكۇلۇس	headword	1233_1R.png	unverified
D02-14621	ئېسىركىمەك	headword	1233_1R.png	unverified
D02-14622	ئېسكىموس	headword	1233_1R.png	unverified
D02-14623	ئېسكىموس تىلى	headword	1233_1R.png	unverified
D02-14624	ئېسىشماق	headword	1233_1R.png	unverified
D02-14625	ئېسىقلىق	headword	1233_1R.png	unverified
D02-14626	ئېسىكىمەك	headword	1233_1R.png	verified
D02-14628	ئېسىل	headword	1233_1R.png	unverified
D02-14629	ئېسىلدۇرماق	headword	1233_2L.png	unverified
D02-14630	ئېسىلزادە	headword	1233_2L.png	unverified
D02-14631	ئېسىلزادىلىك	headword	1233_2L.png	unverified
D02-14632	ئېسىللىق	headword	1233_2L.png	unverified
D02-14633	ئېسىلماق	headword	1233_2L.png	unverified
D02-14634	ئېسىلىشماق	headword	1233_2L.png	unverified
D02-14635	ئېشەك	headword	1233_2L.png	unverified
D02-14636	ئېشەك بېشى تۇتمىغان	headword	1233_2L.png	verified
D02-14637	ئېشەك سىزىپ، مۈڭگۈز چىقىرىپ قويماق	headword	1233_2L.png	unverified
D02-14638	ئېشەك قۇلاق	headword	1233_2L.png	verified
D02-14639	ئېشەك قۇلان	headword	1233_2L.png	verified
D02-14640	ئېشەك ھاڭرىغان، داپ داراڭلىغان يەردە يۈرمەك	headword	1234_1R.png	unverified
D02-14641	ئېشەك ئوچىسى	headword	1234_1R.png	unverified
D02-14642	ئېشەكى بەش تەڭگە، توقۇمى ئون تەڭگە بولماق	headword	1234_1R.png	unverified
D02-14643	ئېشەكى تۆت چىشلىق بولماق	headword	1234_1R.png	unverified
D02-14644	ئېشەكى ئۈچ تەڭگە، توقۇمى بەش تەڭگە بولماق	headword	1234_1R.png	unverified
D02-14645	ئېشەكىنى بېقىپ، تېزىكىنى تەرمەك	headword	1234_1R.png	unverified
D02-14646	ئېشەكچى	headword	1234_1R.png	unverified
D02-14647	ئېشەكچىلىك	headword	1234_1R.png	unverified
D02-14648	ئېشەكقومۇشى	headword	1234_1R.png	unverified
D02-14649	ئېشەكقۇرتى	headword	1234_1R.png	unverified
D02-14650	ئېشەكلىك	headword	1234_1R.png	unverified
D02-14651	ئېشەكمەدىكى	headword	1234_1R.png	unverified
D02-14652	ئېشەكيېلىمى	headword	1234_2L.png	unverified
D02-14653	ئېشەكيېمى	headword	1234_2L.png	unverified
D02-14654	ئېشىپ - تېشىپ	headword	1234_2L.png	unverified
D02-14655	ئېشىقماق	headword	1234_2L.png	unverified
D02-14656	ئېشىكلىك	headword	1234_2L.png	unverified
D02-14657	ئېشىلمەك	headword	1234_2L.png	unverified
D02-14658	ئېشىنچا	headword	1234_2L.png	unverified
D02-14659	ئېشىندى	headword	1234_2L.png	verified
D02-14660	ئېشىنماق	headword	1234_2L.png	unverified
D02-14661	ئېغىر	headword	1234_2L.png	unverified
D02-14662	ئېغىر ئالماق	headword	1235_1R.png	unverified
D02-14663	ئېغىر ئايىغىنى يەڭگىل قىلىپ	headword	1235_1R.png	verified
D02-14664	ئېغىر بويىنى يەڭگىل قىلىپ	headword	1235_1R.png	verified
D02-14665	ئېغىر تەگمەك	headword	1235_1R.png	unverified
D02-14666	ئېغىر چۈشمەك	headword	1235_1R.png	unverified
D02-14667	ئېغىر سانائەت	headword	1235_1R.png	unverified
D02-14668	ئېغىر كارۋان	headword	1235_1R.png	unverified
D02-14669	ئېغىر كەتمەك	headword	1235_1R.png	unverified
D02-14670	ئېغىر كەلمەك	headword	1235_1R.png	unverified
D02-14671	ئېغىر كۆرمەك	headword	1235_1R.png	unverified
D02-14672	ئېغىر ھىدروگېن	headword	1235_2L.png	unverified
D02-14673	ئېغىر ئۇستىخان	headword	1235_2L.png	verified
D02-14674	ئېغىر ياتقۇ	headword	1235_2L.png	unverified
D02-14675	ئېغىر - ئارتۇق	headword	1235_2L.png	unverified
D02-14676	ئېغىر ئاياغ	headword	1235_2L.png	unverified
D02-14677	ئېغىربوي	headword	1235_2L.png	unverified
D02-14678	ئېغىر - بېسىق	headword	1235_2L.png	unverified
D02-14679	ئېغىر - بېسىقلىق	headword	1235_2L.png	verified
D02-14680	ئېغىرسىنماق	headword	1235_2L.png	unverified
D02-14681	ئېغىر سىنىشماق	headword	1235_2L.png	unverified
D02-14682	ئېغىرقات	headword	1235_2L.png	unverified
D02-14683	ئېغىرلاتماق	headword	1235_2L.png	unverified
D02-14684	ئېغىرلاشتۇرماق	headword	1235_2L.png	unverified
D02-14685	ئېغىرلاشتۇرۇلماق	headword	1235_2L.png	unverified
D02-14686	ئېغىرلاشماق	headword	1235_2L.png	unverified
D02-14687	ئېغىرلىق	headword	1235_2L.png	unverified
D02-14688	ئېغىرلىق قىلماق	headword	1235_2L.png	unverified
D02-14689	ئېغىرلىماق	headword	1235_2L.png	unverified
D02-14690	ئېغىرياتقۇ	headword	1235_2L.png	verified
D02-14691	ئېغىر - يېنىك	headword	1236_1R.png	verified
D02-14692	ئېغىز	headword	1236_1R.png	unverified
D02-14693	ئېغىز ئاچماق	headword	1236_1R.png	unverified
D02-14694	ئېغىز ئالماق	headword	1236_1R.png	unverified
D02-14695	ئېغىز ئەدەبىياتى	headword	1236_1R.png	verified
D02-14695-v1	خەلق ئېغىز ئەدەبىياتى	variant	1236_1R.png	verified
D02-14696	ئېغىز بوشلۇقى	headword	1236_1R.png	unverified
D02-14697	ئېغىز تامشىماق	headword	1236_1R.png	unverified
D02-14698	ئېغىز تەرجىمىسى	headword	1236_1R.png	unverified
D02-14699	ئېغىز تەگمەك	headword	1236_1R.png	unverified
D02-14700	ئېغىز تىلى	headword	1236_1R.png	unverified
D02-14700-v1	جانلىق تىل	variant	1236_1R.png	unverified
D02-14701	ئېغىزدىلا قالماق	headword	1236_1R.png	unverified
D02-14702	ئېغىزدىن تەگكەن	headword	1236_1R.png	unverified
D02-14703	ئېغىزدىن - ئېغىزغا كۆچمەك	headword	1236_1R.png	unverified
D02-14704	ئېغىزغا ئالغۇچىلىكى يوق	headword	1236_1R.png	unverified
D02-14705	ئېغىزغا ئالغۇسىز	headword	1236_1R.png	unverified
D02-14706	ئېغىزغا چىقماق	headword	1236_1R.png	unverified
D02-14707	ئېغىز گارمونى	headword	1236_1R.png	unverified
D02-14708	ئېغىزنىڭ بىر قات تېرىسى سويۇلۇپ كەتمەك	headword	1236_2L.png	verified
D02-14709	ئېغىزنىڭ پاشنىسى يوق	headword	1236_2L.png	unverified
D02-14710	ئېغىزنىڭ ئۇچىدا	headword	1236_2L.png	unverified
D02-14711	ئېغىزنىڭ يېلى	headword	1236_2L.png	unverified
D02-14712	ئېغىز ئۈششۈتمەك	headword	1236_2L.png	unverified
D02-14713	ئېغىزىدا تۇغۇۋالغان	headword	1236_2L.png	unverified
D02-14714	ئېغىز ئىقرارى	headword	1236_2L.png	unverified
D02-14715	ئېغىز ئىمتىھانى	headword	1236_2L.png	unverified
D02-14716	ئېغىز - بۇرۇن	headword	1236_2L.png	unverified
D02-14717	ئېغىز - بۇرۇن يالاشماق	headword	1236_2L.png	unverified
D02-14718	ئېغىز - بۇرنىنى تۈپتۈز قىلىۋەتمەك	headword	1236_2L.png	unverified
D02-14719	ئېغىزچە	headword	1236_2L.png	unverified
D02-14720	ئېغىزدۇرۇق	headword	1236_2L.png	unverified
D02-14721	ئېغىزلاندۇرماق	headword	1236_2L.png	unverified
D02-14722	ئېغىزلاندۇرۇشماق	headword	1236_2L.png	unverified
D02-14723	ئېغىزلاندۇرۇلماق	headword	1236_2L.png	unverified
D02-14724	ئېغىزلانماق	headword	1237_1R.png	unverified
D02-14725	ئېغىزلىق	headword	1237_1R.png	unverified
D02-14727	ئېغىزمان	headword	1237_1R.png	unverified
D02-14728	ئېغىشچان	headword	1237_1R.png	unverified
D02-14729	ئېغىشچانلىق	headword	1237_1R.png	unverified
D02-14730	ئېغىشماق	headword	1237_1R.png	verified
D02-14731	ئېغىناتماق	headword	1237_1R.png	unverified
D02-14732	ئېغىناشماق	headword	1237_1R.png	unverified
D02-14733	ئېغىنىماق	headword	1237_1R.png	verified
D02-14734	ئېفتالىت	headword	1237_1R.png	verified
D02-14735	ئېففۇزىيە	headword	1237_1R.png	unverified
D02-14736	ئېففېكت	headword	1237_1R.png	unverified
D02-14737	ئېففېكتور	headword	1237_2L.png	verified
D02-14738	ئېفېدرىن	headword	1237_2L.png	verified
D02-14739	ئېفىر	headword	1237_2L.png	verified
D02-14741	ئېقىتما	headword	1237_2L.png	unverified
D02-14742	ئېقىتماق	headword	1237_2L.png	unverified
D02-14743	ئېقىتماي - تېمىتماي	headword	1237_2L.png	unverified
D02-14744	ئېقىش	headword	1237_2L.png	unverified
D02-14745	ئېقىش تاپماق	headword	1237_2L.png	unverified
D02-14746	ئېقىشچان	headword	1237_2L.png	unverified
D02-14747	ئېقىشچانلىق	headword	1237_2L.png	unverified
D02-14748	ئېقىشماق	headword	1237_2L.png	unverified
D02-14749	ئېقىم	headword	1237_2L.png	unverified
D02-14750	ئېقىم مەسىلىلىرى	headword	1238_1R.png	unverified
D02-14751	ئېقىمچان	headword	1238_1R.png	verified
D02-14752	ئېقىمسىز	headword	1238_1R.png	unverified
D02-14753	ئېقىن	headword	1238_1R.png	unverified
D02-14754	ئېكە	headword	1238_1R.png	unverified
D02-14755	ئېكەك	headword	1238_1R.png	unverified
D02-14756	ئېكەكلەتمەك	headword	1238_1R.png	unverified
D02-14757	ئېكەكلەشمەك	headword	1238_1R.png	unverified
D02-14758	ئېكەكلەنمەك	headword	1238_1R.png	unverified
D02-14759	ئېكەكلىمەك	headword	1238_1R.png	unverified
D02-14760	ئېكتوپىلازما	headword	1238_1R.png	unverified
D02-14761	ئېكران	headword	1238_1R.png	verified
D02-14761-i1	ئېكرانى	inflected	1238_1R.png	verified
D02-14762	ئېكرانچىلىق	headword	1238_1R.png	unverified
D02-14763	ئېكزوسفېرا	headword	1238_2L.png	verified
D02-14764	ئېكس	headword	1238_2L.png	unverified
D02-14765	ئېكس نۇرى	headword	1238_2L.png	unverified
D02-14766	ئېكسپرومىت	headword	1238_2L.png	unverified
D02-14767	ئېكسپورت	headword	1238_2L.png	unverified
D02-14768	ئېكسپوزىتسىيە	headword	1238_2L.png	unverified
D02-14769	ئېكسپېدىتسىيە	headword	1238_2L.png	unverified
D02-14770	ئېكسپېدىتسىيەچى	headword	1238_2L.png	unverified
D02-14771	ئېكسپىلاتاتسىيە	headword	1238_2L.png	unverified
D02-14772	ئېكسپىلاتاتسىيەچى	headword	1238_2L.png	unverified
D02-14773	ئېكسپىلاتاتور	headword	1238_2L.png	unverified
D02-14774	ئېكستراكت	headword	1238_2L.png	unverified
D02-14775	ئېكستراكتلىماق	headword	1239_1R.png	unverified
D02-14776	ئېكسكاتور	headword	1239_1R.png	unverified
D02-14777	ئېكسكاۋاتور	headword	1239_1R.png	unverified
D02-14778	ئېكسكۇرسىيە	headword	1239_1R.png	unverified
D02-14779	ئېكسكۇرسىيەچى	headword	1239_1R.png	unverified
D02-14780	ئېكسىتون	headword	1239_1R.png	unverified
D02-14781	ئېكلوگىت	headword	1239_1R.png	unverified
D02-14782	ئېكلىپتىكا	headword	1239_1R.png	unverified
D02-14783	ئېكلىپتىكىلىق	headword	1239_1R.png	unverified
D02-14784	ئېكولوگىيە	headword	1239_1R.png	unverified
D02-14785	ئېكولوگىيەلىك	headword	1239_1R.png	unverified
D02-14786	ئېكولوگىيەلىك تەڭپۇڭلۇق	headword	1239_1R.png	unverified
D02-14787	ئېكونومايزىر	headword	1239_2L.png	unverified
D02-14788	ئېكۋاتور	headword	1239_2L.png	unverified
D02-14789	ئېكۋېلى	headword	1239_2L.png	unverified
D02-14790	ئېكۋىۋالېنت	headword	1239_2L.png	unverified
D02-14791	ئېكىن	headword	1239_2L.png	unverified
D02-14792	ئېكىنچى	headword	1239_2L.png	unverified
D02-14793	ئېكىنچىلىك	headword	1239_2L.png	unverified
D02-14794	ئېكىنزار	headword	1239_2L.png	unverified
D02-14795	ئېكىنزارلىق	headword	1239_2L.png	unverified
D02-14796	ئېكىنلىك	headword	1239_2L.png	unverified
D02-14797	ئېگەر	headword	1239_2L.png	verified
D02-14798	ئېگەرنىڭ ئارقا قېشىغا مىنمەك	headword	1239_2L.png	verified
D02-14799	ئېگەر-توقۇم	headword	1239_2L.png	unverified
D02-14800	ئېگەر-جابدۇق	headword	1239_2L.png	unverified
D02-14801	ئېگەرچى	headword	1240_1R.png	unverified
D02-14802	ئېگەرچىلىك	headword	1240_1R.png	unverified
D02-14803	ئېگەرلەتمەك	headword	1240_1R.png	unverified
D02-14804	ئېگەرلەشمەك	headword	1240_1R.png	unverified
D02-14805	ئېگەرلەكلىك	headword	1240_1R.png	verified
D02-14806	ئېگەرلەنمەك	headword	1240_1R.png	unverified
D02-14807	ئېگەرلىك	headword	1240_1R.png	verified
D02-14808	ئېگەرلىمەك	headword	1240_1R.png	unverified
D02-14809	ئېگىچە	headword	1240_1R.png	unverified
D02-14810	ئېگىچە-سىڭىل	headword	1240_1R.png	unverified
D02-14811	ئېگىر	headword	1240_1R.png	unverified
D02-14812	ئېگىرتمەك	headword	1240_1R.png	unverified
D02-14813	ئېگىرمەك	headword	1240_1R.png	unverified
D02-14814	ئېگىرىشمەك	headword	1240_1R.png	unverified
D02-14815	ئېگىرىلمەك	headword	1240_1R.png	unverified
D02-14816	ئېگىز	headword	1240_1R.png	unverified
D02-14817	ئېگىز شاخقا ئېسىلماق	headword	1240_1R.png	unverified
D02-14818	ئېگىز-پەس	headword	1240_2L.png	verified
D02-14819	ئېگىز-پەسلىك	headword	1240_2L.png	unverified
D02-14820	ئېگىزلەتمەك	headword	1240_2L.png	unverified
D02-14821	ئېگىزلەشمەك	headword	1240_2L.png	unverified
D02-14822	ئېگىزلەنمەك	headword	1240_2L.png	unverified
D02-14823	ئېگىزلىك	headword	1240_2L.png	unverified
D02-14824	ئېگىزلىمەك	headword	1240_2L.png	unverified
D02-14825	ئېگىشمەك	headword	1240_2L.png	unverified
D02-14826	ئېگىك	headword	1240_2L.png	unverified
D02-14827	ئېگىلەڭگۈ	headword	1240_2L.png	unverified
D02-14828	ئېگىلمەس	headword	1240_2L.png	unverified
D02-14829	ئېگىلمەس-سۇنماس	headword	1240_2L.png	unverified
D02-14830	ئېگىلمەك	headword	1240_2L.png	unverified
D02-14831	ئېگىلمەي-سۇنماي	headword	1240_2L.png	unverified
D02-14832	ئېگىلىشچان	headword	1240_2L.png	unverified
D02-14833	ئېگىلىشچانلىق	headword	1240_2L.png	unverified
D02-14834	ئېگىن	headword	1240_2L.png	unverified
D02-14835	ئېگىن-ئاياغ	headword	1241_1R.png	unverified
D02-14836	ئېڭەك	headword	1241_1R.png	unverified
D02-14837	ئېڭەك قوۋۇشتۇرماق	headword	1241_1R.png	unverified
D02-14838	ئېڭىكى چۈشمەك	headword	1241_1R.png	unverified
D02-14839	ئېڭىكى چۈشۈپ قالماق	headword	1241_1R.png	unverified
D02-14840	ئېڭىكىنى تىرەپ قالماق	headword	1241_1R.png	unverified
D02-14841	ئېڭەكلىك	headword	1241_1R.png	unverified
D02-14842	ئېڭىز	headword	1241_1R.png	unverified
D02-14843	ئېڭىز تېرىلغۇسى	headword	1241_1R.png	unverified
D02-14844	ئېڭىزلىق	headword	1241_1R.png	unverified
D02-14845	ئېڭىش	headword	1241_1R.png	unverified
D02-14846	ئېڭىشەڭگۈ	headword	1241_1R.png	unverified
D02-14847	ئېڭىشتۈرمەك	headword	1241_1R.png	unverified
D02-14848	ئېڭىشتۈرۈلمەك	headword	1241_1R.png	unverified
D02-14849	ئېڭىشمە	headword	1241_1R.png	unverified
D02-14850	ئېڭىشمەك	headword	1241_1R.png	unverified
D02-14851	ئېلاستىك	headword	1241_1R.png	unverified
D02-14852	ئېلاستىكلىق	headword	1241_1R.png	unverified
D02-14853	ئېلان	headword	1241_1R.png	unverified
D02-14854	ئېلانچى	headword	1241_2L.png	unverified
D02-14855	ئېلانچىلىق	headword	1241_2L.png	unverified
D02-14856	ئېللىپىس	headword	1241_2L.png	unverified
D02-14857	ئېللىپىسلىق	headword	1241_2L.png	unverified
D02-14858	ئېللىپىسوگراف	headword	1241_2L.png	unverified
D02-14859	ئېلۈنچۈن	headword	1241_2L.png	unverified
D02-14860	ئېلۈنچۈنچە	headword	1241_2L.png	unverified
D02-14861	ئېلېكتىر	headword	1241_2L.png	unverified
D02-14862	ئېلېكتىر پاتېفون	headword	1241_2L.png	unverified
D02-14863	ئېلېكتىر پاراۋۇز	headword	1241_2L.png	unverified
D02-14864	ئېلېكتىر دىۋىگاتېل	headword	1241_2L.png	verified
D02-14865	ئېلېكتىر قارشىلىقى	headword	1241_2L.png	verified
D02-14866	ئېلېكتىر قۇتۇپى	headword	1242_1R.png	unverified
D02-14867	ئېلېكتىر قۇۋۋىتى	headword	1242_1R.png	unverified
D02-14868	ئېلېكتىر ئىستانسىسى	headword	1242_1R.png	unverified
D02-14869	ئېلېكتىرلەشتۈرمەك	headword	1242_1R.png	unverified
D02-14870	ئېلېكتىرلەشتۈرۈلمەك	headword	1242_1R.png	unverified
D02-14871	ئېلېكتىرلەشمەك	headword	1242_1R.png	unverified
D02-14872	ئېلېكتىرلەشكەن مائارىپ	headword	1242_1R.png	unverified
D02-14873	ئېلېكتىرلىك	headword	1242_1R.png	unverified
D02-14874	ئېلېكتىروخىمىيە	headword	1242_1R.png	verified
D02-14875	ئېلېكتىرود	headword	1242_1R.png	unverified
D02-14876	ئېلېكتىرودىيالىز	headword	1242_2L.png	unverified
D02-14877	ئېلېكتىرودىيوگراف	headword	1242_2L.png	unverified
D02-14878	ئېلېكتىروزاتور	headword	1242_2L.png	unverified
D02-14879	ئېلېكتىروسكوپ	headword	1242_2L.png	unverified
D02-14880	ئېلېكتىروفور	headword	1242_2L.png	unverified
D02-14881	ئېلېكتىروفورېز	headword	1242_2L.png	unverified
D02-14882	ئېلېكتىروكاردىيوگراف	headword	1242_2L.png	unverified
D02-14883	ئېلېكتىروكاردىيوگرافىيە	headword	1242_2L.png	unverified
D02-14884	ئېلېكتىروكاردىيوگرامما	headword	1242_2L.png	unverified
D02-14885	ئېلېكتىروگرافىيە	headword	1242_2L.png	unverified
D02-14886	ئېلېكتىرولىت	headword	1242_2L.png	unverified
D02-14887	ئېلېكتىرولىز	headword	1242_2L.png	unverified
D02-14888	ئېلېكتىرولىزلىماق	headword	1243_1R.png	unverified
D02-14889	ئېلېكتىروموتور	headword	1243_1R.png	verified
D02-14890	ئېلېكتىروماگنىت	headword	1243_1R.png	unverified
D02-14891	ئېلېكتىرومېتىر	headword	1243_1R.png	unverified
D02-14892	ئېلېكتىرومېخانىكا	headword	1243_1R.png	verified
D02-14893	ئېلېكتىرون	headword	1243_1R.png	unverified
D02-14894	ئېلېكتىرونلۇق	headword	1243_1R.png	unverified
D02-14895	ئېلېكتىرونۋولت	headword	1243_1R.png	unverified
D02-14896	ئېلېكتىرونىكا	headword	1243_1R.png	unverified
D02-14897	ئېلېكتىروئوگول	headword	1243_1R.png	verified
D02-14898	ئېلېكتىروۋۇز	headword	1243_1R.png	unverified
D02-14899	ئېلېكتىرو ئېنسېفالوگراف	headword	1243_1R.png	unverified
D02-14900	ئېلېكتىروئېنسېفالوگرامما	headword	1243_2L.png	verified
D02-14901	ئېلېگىيە	headword	1243_2L.png	unverified
D02-14902	ئېلېمېنت	headword	1243_2L.png	unverified
D02-14903	ئېلېمېنتلار بەلگىسى	headword	1243_2L.png	unverified
D02-14904	ئېلېمېنتلار دەۋرىي جەدۋىلى	headword	1243_2L.png	unverified
D02-14905	ئېلېمېنتار	headword	1243_2L.png	unverified
D02-14906	ئېلېمېنتلىق	headword	1243_2L.png	unverified
D02-14907	ئېلىپ	headword	1243_2L.png	unverified
D02-14908	ئېلىپنى بە (تاياق) دېيەلمەسلىك	headword	1243_2L.png	unverified
D02-14909	ئېلىپنى كالتەك دېيەلمەسلىك	headword	1243_2L.png	verified
D02-14910	ئېلىپنىڭ سۇنۇقىنى بىلمەسلىك	headword	1243_2L.png	unverified
D02-14911	ئېلىپنىڭ سۇنۇقىنى تونۇماسلىق	headword	1243_2L.png	verified
D02-14912	ئېلىپبە	headword	1243_2L.png	unverified
D02-14913	ئېلىپبە جەدۋىلى	headword	1244_1R.png	unverified
D02-14914	ئېلىپبەلىك	headword	1244_1R.png	unverified
D02-14915	ئېلىپتەك	headword	1244_1R.png	unverified
D02-14916	ئېلىپساتار	headword	1244_1R.png	unverified
D02-14917	ئېلىپساتارلىق	headword	1244_1R.png	unverified
D02-14918	ئېلىپ - سېتىش	headword	1244_1R.png	unverified
D02-14919	ئېلىش	headword	1244_1R.png	unverified
D02-14922	ئېلىشبېشى	headword	1244_1R.png	verified
D02-14923	ئېلىشماق	headword	1244_1R.png	unverified
D02-14924	ئېلىشىش	headword	1244_1R.png	unverified
D02-14926	ئېلىق	headword	1244_1R.png	unverified
D02-14927	ئېلىقماق	headword	1244_1R.png	unverified
D02-14928	ئېلىك	headword	1244_1R.png	unverified
D02-14929	ئېلىڭ - سېلىڭ	headword	1244_1R.png	verified
D02-14930	ئېلىم	headword	1244_1R.png	unverified
D02-14931	ئېلىم - بېرىم	headword	1244_1R.png	unverified
D02-14932	ئېلىم-سېتىم	headword	1244_2L.png	unverified
D02-14933	ئېلىنغۇچى	headword	1244_2L.png	unverified
D02-14934	ئېلىنماق	headword	1244_2L.png	unverified
D02-14935	ئېلىۋەتمەك	headword	1244_2L.png	unverified
D02-14936	ئېلىۋەتكەن تىرنىقىغا تەڭ قىلماسلىق	headword	1244_2L.png	verified
D02-14937	ئېمال	headword	1244_2L.png	unverified
D02-14938	ئېماللىق	headword	1244_2L.png	unverified
D02-14939	ئېمان	headword	1244_2L.png	unverified
D02-14940	ئېمەن	headword	1244_2L.png	unverified
D02-14941	ئېمەن پىلىسى	headword	1244_2L.png	unverified
D02-14942	ئېمبارگو	headword	1244_2L.png	unverified
D02-14943	ئېمبرىيولوگىيە	headword	1244_2L.png	verified
D02-14944	ئېمبول	headword	1244_2L.png	unverified
D02-14945	ئېمبولىيە	headword	1245_1R.png	unverified
D02-14946	ئېموتسىيە	headword	1245_1R.png	verified
D02-14947	ئېمۇلسىيە	headword	1245_1R.png	unverified
D02-14948	ئېمۇلسىيەلەشتۈرمەك	headword	1245_1R.png	unverified
D02-14949	ئېمۇلسىيەلەشتۈرۈش	headword	1245_1R.png	verified
D02-14950	ئېمۇلسىيەلەشتۈرۈلمەك	headword	1245_1R.png	verified
D02-14951	ئېمۇلسىيەلەشمەك	headword	1245_1R.png	unverified
D02-14952	ئېمۇلسىيەلىگۈچى	headword	1245_1R.png	unverified
D02-14953	ئېمۇلسىيەلەنمەك	headword	1245_1R.png	unverified
D02-14954	ئېمىتمەك	headword	1245_2L.png	unverified
D02-14955	ئېمىتىلمەك	headword	1245_2L.png	unverified
D02-14956	ئېمىزەك	headword	1245_2L.png	unverified
D02-14957	ئېمىزگۈ	headword	1245_2L.png	unverified
D02-14958	ئېمىشمەك	headword	1245_2L.png	unverified
D02-14959	ئېمىلداش	headword	1245_2L.png	unverified
D02-14960	ئېمىلداشلىق	headword	1245_2L.png	unverified
D02-14961	ئېن	headword	1245_2L.png	unverified
D02-14962	ئېنە	headword	1245_2L.png	unverified
D02-14963	ئېنەك	headword	1245_2L.png	unverified
D02-14964	ئېنتالپىيە	headword	1245_2L.png	unverified
D02-14965	ئېنتروپىيە	headword	1245_2L.png	unverified
D02-14966	ئېنتومولوگىيە	headword	1245_2L.png	unverified
D02-14967	ئېنتېرنېت	headword	1245_2L.png	unverified
D02-14968	ئېنتېرۋال	headword	1246_1R.png	unverified
D02-14969	ئېندوئىسپورا	headword	1246_1R.png	unverified
D02-14970	ئېنزىم	headword	1246_1R.png	unverified
D02-14971	ئېنسىتات	headword	1246_1R.png	verified
D02-14972	ئېنسىكلوپېدىيە	headword	1246_1R.png	unverified
D02-14973	ئېنسىكلوپېدىيەلىك	headword	1246_1R.png	unverified
D02-14974	ئېنېرگېتىكا	headword	1246_1R.png	unverified
D02-14975	ئېنېرگىيە	headword	1246_1R.png	unverified
D02-14976	ئېنېرگىيەچىلىك	headword	1246_1R.png	unverified
D02-14977	ئېنىتېلېفىيا	headword	1246_2L.png	verified
D02-14978	ئېنىق	headword	1246_2L.png	unverified
D02-14979	ئېنىقسىز	headword	1246_2L.png	unverified
D02-14980	ئېنىقسىزلاشتۇرماق	headword	1246_2L.png	unverified
D02-14981	ئېنىقسىزلاشتۇرۇلماق	headword	1246_2L.png	unverified
D02-14982	ئېنىقسىزلاشماق	headword	1246_2L.png	unverified
D02-14983	ئېنىقسىزلىق	headword	1246_2L.png	unverified
D02-14984	ئېنىقلاتماق	headword	1246_2L.png	unverified
D02-14985	ئېنىقلاش	headword	1246_2L.png	unverified
D02-14986	ئېنىقلاشماق	headword	1246_2L.png	unverified
D02-14987	ئېنىقلانغۇچى	headword	1246_2L.png	verified
D02-14988	ئېنىقلىغۇچى	headword	1247_1R.png	verified
D02-14989	ئېنىقلىق	headword	1247_1R.png	unverified
D02-14990	ئېنىقلىما	headword	1247_1R.png	unverified
D02-14991	ئېنىقلىماق	headword	1247_1R.png	unverified
D02-14992	ئېنىمەك	headword	1247_1R.png	unverified
D02-14993	ئېھ	headword	1247_1R.png	verified
D02-14994	ئېھتىرام	headword	1247_1R.png	unverified
D02-14995	ئېھتىلام	headword	1247_1R.png	unverified
D02-14996	ئېھتىمال	headword	1247_1R.png	verified
D02-14996-i1	ئېھتىمالى	inflected	1247_1R.png	verified
D02-14997	ئېھتىمالدىن يىراق	headword	1247_1R.png	unverified
D02-14998	ئېھتىمالغا يېقىن	headword	1247_1R.png	unverified
D02-14999	ئېھتىماللاشماق	headword	1247_1R.png	unverified
D02-15000	ئېھتىماللىق	headword	1247_1R.png	unverified
D02-15001	ئېھتىماللىق نەزەرىيەسى	headword	1247_1R.png	unverified
D02-15002	ئېھتىيات	headword	1247_2L.png	unverified
D02-15003	ئېھتىياتەن	headword	1247_2L.png	unverified
D02-15004	ئېھتىياتچان	headword	1247_2L.png	unverified
D02-15005	ئېھتىياتچانلىق	headword	1247_2L.png	unverified
D02-15006	ئېھتىياتسىز	headword	1247_2L.png	unverified
D02-15007	ئېھتىياتسىزلىق	headword	1247_2L.png	unverified
D02-15008	ئېھتىياتلىق	headword	1247_2L.png	unverified
D02-15009	ئېھتىياج	headword	1247_2L.png	unverified
D02-15010	ئېھتىياجسىز	headword	1247_2L.png	unverified
D02-15011	ئېھتىياجلىق	headword	1247_2L.png	unverified
D02-15012	ئېھرام	headword	1247_2L.png	unverified
D02-15013	ئېھرامسىمان	headword	1247_2L.png	unverified
D02-15014	ئېھسان	headword	1247_2L.png	unverified
D02-15015	ئېئون	headword	1247_2L.png	unverified
D02-15016	ئېۋالد	headword	1247_2L.png	unverified
D02-15017	ئېۋالد سىفېراسى	headword	1247_2L.png	unverified
D02-15018	ئېۋەن	headword	1247_2L.png	unverified
D02-15019	ئېۋەنسىز	headword	1247_2L.png	verified
D02-15020	ئېۋەنلىك	headword	1247_2L.png	verified
D02-15021	ئېۋفوربىيە	headword	1248_1R.png	unverified
D02-15022	ئېۋفوربىيە چاتقىلى	headword	1248_1R.png	unverified
D02-15023	ئېۋفېمىزم	headword	1248_1R.png	unverified
D02-15024	ئېۋكالىپىت	headword	1248_1R.png	verified
D02-15025	ئېۋكالىپىت دەرىخى	headword	1248_1R.png	verified
D02-15026	ئېۋگلېنا	headword	1248_1R.png	unverified
D02-15027	ئېۋگېنىكا	headword	1248_1R.png	unverified
D02-15028	ئېۋودىيە	headword	1248_1R.png	unverified
D02-15029	ئېۋودىيە دەرىخى	headword	1248_1R.png	unverified
D02-15030	ئېۋوليوتسىيە	headword	1248_1R.png	verified
D02-15031	ئېۋېنكې	headword	1248_1R.png	verified
D02-15032	ئېۋېنكېچە	headword	1248_2L.png	verified
D02-15033	ئېيتارلىق	headword	1248_2L.png	verified
D02-15034	ئېيتايلۇق	headword	1248_2L.png	verified
D02-15035	ئېيتقۇزماق	headword	1248_2L.png	verified
D02-15036	ئېيتقۇسىز	headword	1248_2L.png	verified
D02-15037	ئېيتماق	headword	1248_2L.png	verified
D02-15038	ئېيتقىنىڭ كەلسۇن	headword	1248_2L.png	verified
D02-15039	ئېيتماقچى	headword	1248_2L.png	verified
D02-15040	ئېيتىشماق	headword	1248_2L.png	verified
D02-15041	ئېيتىشىش	headword	1248_2L.png	verified
D02-15042	ئېيتىلماق	headword	1248_2L.png	verified
D02-15043	ئېينىشتېين	headword	1248_2L.png	verified
D02-15044	ئېينىشتېين نىسپىيلىك پىرىنسىپى	headword	1248_2L.png	verified
D02-15045	ئېينىشتېينىي	headword	1248_2L.png	verified
D02-15046	ئېيىق	headword	1249_1R.png	verified
D02-15047	ئى	headword	1250_1R.png	unverified
D02-15049	ئىئانە	headword	1250_1R.png	unverified
D02-15050	ئىبادەت	headword	1250_1R.png	unverified
D02-15051	ئىبادەتگاھ	headword	1250_1R.png	unverified
D02-15052	ئىبادەتخانا	headword	1250_1R.png	unverified
D02-15053	ئىبارە	headword	1250_1R.png	unverified
D02-15054	ئىبارەت	headword	1250_1R.png	unverified
D02-15055	ئىبەرمەك	headword	1250_1R.png	unverified
D02-15056	ئىبرانىي	headword	1250_2L.png	unverified
D02-15057	ئىبرەت	headword	1250_2L.png	unverified
D02-15058	ئىبرەتلەنمەك	headword	1250_2L.png	unverified
D02-15059	ئىبرەتلىك	headword	1250_2L.png	unverified
D02-15060	ئىبرەتنامە	headword	1250_2L.png	unverified
D02-15061	ئىبرېي	headword	1250_2L.png	verified
D02-15062	ئىبلىس	headword	1250_2L.png	unverified
D02-15063	ئىبلىسلىق	headword	1250_2L.png	unverified
D02-15064	ئىپادە	headword	1250_2L.png	unverified
D02-15065	ئىپادىسىز	headword	1250_2L.png	unverified
D02-15066	ئىپادىلەشمەك	headword	1251_1R.png	verified
D02-15067	ئىپادىلەنمەك	headword	1251_1R.png	unverified
D02-15068	ئىپادىلىك	headword	1251_1R.png	unverified
D02-15069	ئىپادىلىمەك	headword	1251_1R.png	unverified
D02-15070	ئىپار	headword	1251_1R.png	unverified
D02-15071	ئىپار-ئەنبەر	headword	1251_1R.png	unverified
D02-15072	ئىپار-جەمبىل	headword	1251_1R.png	unverified
D02-15073	ئىپارچاشقان	headword	1251_1R.png	unverified
D02-15074	ئىپار-زەپەر	headword	1251_1R.png	unverified
D02-15075	ئىپاركالا	headword	1251_1R.png	unverified
D02-15076	ئىپاركېيىك	headword	1251_2L.png	unverified
D02-15077	ئىپارگۈل	headword	1251_2L.png	unverified
D02-15078	ئىپارلىق	headword	1251_2L.png	unverified
D02-15079	ئىپپەت	headword	1251_2L.png	unverified
D02-15080	ئىپپەتسىز	headword	1251_2L.png	unverified
D02-15081	ئىپپەتلىك	headword	1251_2L.png	unverified
D02-15082	ئىپپەت - نومۇس	headword	1251_2L.png	unverified
D02-15083	ئىپپەت - نومۇسلۇق	headword	1251_2L.png	unverified
D02-15084	ئىپتار	headword	1251_2L.png	unverified
D02-15085	ئىپتارچى	headword	1251_2L.png	unverified
D02-15086	ئىپتارلىق	headword	1251_2L.png	unverified
D02-15087	ئىپتىخار	headword	1251_2L.png	verified
D02-15088	ئىپتىخارلانماق	headword	1252_1R.png	unverified
D02-15089	ئىپتىخارلىق	headword	1252_1R.png	unverified
D02-15090	ئىپتىدا	headword	1252_1R.png	unverified
D02-15091	ئىپتىدائىي	headword	1252_1R.png	unverified
D02-15092	ئىپتىدائىي جامائە	headword	1252_1R.png	unverified
D02-15093	ئىپتىدائىي جەمئىيەت	headword	1252_1R.png	unverified
D02-15094	ئىپتىدائىيلىق	headword	1252_1R.png	unverified
D02-15095	ئىپتىرا	headword	1252_1R.png	unverified
D02-15096	ئىپچەك	headword	1252_1R.png	verified
D02-15097	ئىپرىت	headword	1252_1R.png	verified
D02-15098	ئىپرىت گازى	headword	1252_1R.png	verified
D02-15099	ئىتنىڭ قۇرتىدەك	headword	1253_1R.png	verified
D02-15100	ئىتنىڭ كۈنى	headword	1253_1R.png	verified
D02-15101	ئىت ئۇۋىسى	headword	1253_1R.png	unverified
D02-15102	ئىت ئېيىقى	headword	1253_1R.png	unverified
D02-15103	ئىت ياتقۇ	headword	1253_1R.png	unverified
D02-15104	ئىت يالىقى	headword	1253_1R.png	unverified
D02-15105	ئىت يالىقىنى يالىماق	headword	1253_1R.png	verified
D02-15106	ئىت يىلىدىن ئېشەك يىلىغىچە	headword	1253_1R.png	verified
D02-15107	ئىتائەت	headword	1253_1R.png	unverified
D02-15108	ئىتائەتچان	headword	1253_1R.png	unverified
D02-15109	ئىتائەتچانلىق	headword	1253_1R.png	unverified
D02-15110	ئىتائەتسىز	headword	1253_1R.png	unverified
D02-15111	ئىتائەتسىزلىك	headword	1253_1R.png	unverified
D02-15112	ئىتائەتكار	headword	1253_1R.png	unverified
D02-15113	ئىتائەتكارانە	headword	1253_1R.png	unverified
D02-15114	ئىتائەتكارلىق	headword	1253_1R.png	unverified
D02-15115	ئىتائەتلىك	headword	1253_2L.png	unverified
D02-15116	ئىتائەتمەن	headword	1253_2L.png	unverified
D02-15117	ئىتائەتمەنلەرچە	headword	1253_2L.png	unverified
D02-15118	ئىتائەتمەنلىك	headword	1253_2L.png	unverified
D02-15119	ئىتاچى	headword	1253_2L.png	unverified
D02-15120	ئىتالغۇ	headword	1253_2L.png	unverified
D02-15121	ئىتالىيان	headword	1253_2L.png	verified
D02-15122	ئىتالىيانچە	headword	1253_2L.png	verified
D02-15123	ئىتپەرەس	headword	1253_2L.png	unverified
D02-15124	ئىتپەرەسلىك	headword	1253_2L.png	unverified
D02-15125	ئىتتەرتمەك	headword	1253_2L.png	unverified
D02-15126	ئىتتەرمەك	headword	1253_2L.png	unverified
D02-15127	ئىتتىرىي	headword	1253_2L.png	verified
D02-15128	ئىتتېربىي	headword	1253_2L.png	unverified
D02-15129	ئىتتىپاق	headword	1253_2L.png	unverified
D02-15130	ئىتتىپاقچى	headword	1254_1R.png	verified
D02-15131	ئىتتىپاقداش	headword	1254_1R.png	verified
D02-15132	ئىتتىپاقداشلىق	headword	1254_1R.png	verified
D02-15133	ئىتتىپاقسىز	headword	1254_1R.png	verified
D02-15134	ئىتتىپاقسىزلىق	headword	1254_1R.png	verified
D02-15135	ئىتتىپاقلاشتۇرماق	headword	1254_1R.png	verified
D02-15136	ئىتتىپاقلاشتۇرۇلماق	headword	1254_1R.png	verified
D02-15137	ئىتتىپاقلاشماق	headword	1254_1R.png	verified
D02-15138	ئىتتىپاقلىق	headword	1254_1R.png	verified
D02-15139	ئىتتىتمەك	headword	1254_1R.png	verified
D02-15140	ئىتتىرەتمەك	headword	1254_1R.png	verified
D02-15141	ئىتتىرىشمەك	headword	1254_1R.png	verified
D02-15142	ئىتتىرىلمەك	headword	1254_1R.png	verified
D02-15143	ئىتتىك	headword	1254_2L.png	unverified
D02-15144	ئىتتىكلەتمەك	headword	1254_2L.png	unverified
D02-15145	ئىتتىكلەشمەك	headword	1254_2L.png	unverified
D02-15146	ئىتتىكلىك	headword	1254_2L.png	unverified
D02-15147	ئىتتىكلىمەك	headword	1254_2L.png	unverified
D02-15148	ئىتتىمەك	headword	1254_2L.png	unverified
D02-15149	ئىتچىۋىنى	headword	1254_2L.png	unverified
D02-15150	ئىتسىيگەك	headword	1254_2L.png	unverified
D02-15151	ئىتلىق	headword	1254_2L.png	verified
D02-15152	ئىت-مۈشۈك	headword	1254_2L.png	unverified
D02-15153	ئىت - مۈشۈك بولماق	headword	1254_2L.png	verified
D02-15154	ئىتوت	headword	1254_2L.png	unverified
D02-15155	ئىتئۈزۈمى	headword	1255_1R.png	verified
D02-15156	ئىت - ئېشەك	headword	1255_1R.png	unverified
D02-15157	ئىتىملىق	headword	1255_1R.png	unverified
D02-15158	ئىتياڭىقى	headword	1255_1R.png	unverified
D02-15159	ئىجابەت	headword	1255_1R.png	unverified
D02-15160	ئىجابەتلىك	headword	1255_1R.png	unverified
D02-15161	ئىجابىي	headword	1255_1R.png	unverified
D02-15162	ئىجابىيلىق	headword	1255_1R.png	unverified
D02-15163	ئىجاد	headword	1255_1R.png	unverified
D02-15164	ئىجادچان	headword	1255_1R.png	verified
D02-15165	ئىجادچى	headword	1255_2L.png	unverified
D02-15166	ئىجادكار	headword	1255_2L.png	unverified
D02-15167	ئىجادكارلىق	headword	1255_2L.png	unverified
D02-15168	ئىجادگاھ	headword	1255_2L.png	unverified
D02-15169	ئىجادىي	headword	1255_2L.png	unverified
D02-15170	ئىجادىيەت	headword	1255_2L.png	unverified
D02-15171	ئىجادىيەتخانا	headword	1255_2L.png	unverified
D02-15172	ئىجادىيلىق	headword	1255_2L.png	unverified
D02-15173	ئىجارە	headword	1255_2L.png	unverified
D02-15174	ئىجارىچى	headword	1255_2L.png	unverified
D02-15175	ئىجارىسىز	headword	1255_2L.png	unverified
D02-15176	ئىجارىكەش	headword	1255_2L.png	unverified
D02-15177	ئىجارىلىك	headword	1256_1R.png	verified
D02-15178	ئىجازەت	headword	1256_1R.png	unverified
D02-15179	ئىجازەتسىز	headword	1256_1R.png	unverified
D02-15180	ئىجازەتلىك	headword	1256_1R.png	unverified
D02-15181	ئىجتىمائىي	headword	1256_1R.png	unverified
D02-15182	ئىجتىمائىي ئاڭ	headword	1256_1R.png	unverified
D02-15183	ئىجتىمائىي ئەخلاق	headword	1256_1R.png	unverified
D02-15184	ئىجتىمائىي پەن	headword	1256_1R.png	verified
D02-15185	ئىجتىمائىي تۈزۈم	headword	1256_1R.png	unverified
D02-15186	ئىجتىمائىي سۇغۇرتا	headword	1256_1R.png	unverified
D02-15187	ئىجتىمائىي مائارىپ	headword	1256_2L.png	unverified
D02-15188	ئىجتىمائىي مۇناسىۋەت	headword	1256_2L.png	unverified
D02-15189	ئىجتىمائىيەت	headword	1256_2L.png	unverified
D02-15190	ئىجتىمائىيلاشتۇرماق	headword	1256_2L.png	unverified
D02-15191	ئىجتىمائىيلاشتۇرۇلماق	headword	1256_2L.png	unverified
D02-15192	ئىجتىمائىيلاشماق	headword	1256_2L.png	unverified
D02-15193	ئىجتىمائىيلىق	headword	1256_2L.png	unverified
D02-15194	ئىجتىھات	headword	1256_2L.png	unverified
D02-15195	ئىجتىھاتچان	headword	1256_2L.png	unverified
D02-15196	ئىجتىھاتسىز	headword	1256_2L.png	unverified
D02-15197	ئىجتىھاتسىزلىق	headword	1256_2L.png	unverified
D02-15198	ئىجتىھاتلىق	headword	1256_2L.png	unverified
D02-15199	ئىجراچى	headword	1257_1R.png	verified
D02-15200	ئىجرائىي	headword	1257_1R.png	unverified
D02-15201	ئىجرائىيە	headword	1257_1R.png	unverified
D02-15202	ئىجىر-مىجىر	headword	1257_1R.png	unverified
D02-15203	ئىجىك	headword	1257_1R.png	unverified
D02-15204	ئىچ	headword	1257_1R.png	unverified
D02-15205	ئىچ ئاغرىق	headword	1257_1R.png	unverified
D02-15206	ئىچ پەش تارتماق	headword	1257_1R.png	unverified
D02-15207	ئىچ پوشماق	headword	1257_1R.png	unverified
D02-15208	ئىچ پۇشۇقى	headword	1257_2L.png	unverified
D02-15209	ئىچ كۆيەر	headword	1257_2L.png	unverified
D02-15210	ئىچ كۆيۈكى	headword	1257_2L.png	unverified
D02-15211	ئىچ كۈيۈئوغۇل	headword	1257_2L.png	verified
D02-15212	ئىچ كېزىك	headword	1257_2L.png	unverified
D02-15213	ئىچ كىيىم	headword	1257_2L.png	unverified
D02-15214	ئىچ گۆر	headword	1257_2L.png	unverified
D02-15215	ئىچ مايماق	headword	1257_2L.png	unverified
D02-15216	ئىچى ئادىماق	headword	1257_2L.png	unverified
D02-15217	ئىچى ئاغرىماق	headword	1257_2L.png	unverified
D02-15218	ئىچى بوشماق	headword	1257_2L.png	unverified
D02-15219	ئىچى بۇزۇلماق	headword	1257_2L.png	verified
D02-15220	ئىچى پىششىق	headword	1257_2L.png	unverified
D02-15221	ئىچى تار	headword	1258_1R.png	unverified
D02-15222	ئىچى تىت - تىت بولماق	headword	1258_1R.png	unverified
D02-15223	ئىچى تىتىلدىماق	headword	1258_1R.png	verified
D02-15223-v1	ئىچى تىت ـ تىت بولماق	variant	1258_1R.png	verified
D02-15224	ئىچىدە توڭگۇز قاترىماق	headword	1258_1R.png	unverified
D02-15225	ئىچى دەريا	headword	1258_1R.png	unverified
D02-15226	ئىچىدە زەھەر قاينىماق	headword	1258_1R.png	unverified
D02-15227	ئىچىدىن توڭگۇز قوپماق	headword	1258_1R.png	unverified
D02-15228	ئىچىدىن قان كەتمەك	headword	1258_1R.png	unverified
D02-15229	ئىچىدىن يانىدىغان دىۋىگاتېل	headword	1258_1R.png	unverified
D02-15230	ئىچى زەھەر	headword	1258_1R.png	unverified
D02-15231	ئىچى سۈرمەك	headword	1258_1R.png	unverified
D02-15232	ئىچى سىقىلماق	headword	1258_1R.png	unverified
D02-15233	ئىچى سىيرىلماق	headword	1258_1R.png	unverified
D02-15234	ئىچى غال - غال، تېشى پال- پال	headword	1258_1R.png	unverified
D02-15235	ئىچى قاتماق	headword	1258_1R.png	unverified
D02-15236	ئىچى قاينىماق	headword	1258_2L.png	unverified
D02-15237	ئىچى قوتۇر	headword	1258_2L.png	unverified
D02-15238	ئىچى قىزىماق	headword	1258_2L.png	unverified
D02-15239	ئىچى كۆيمەك	headword	1258_2L.png	unverified
D02-15240	ئىچى كۈچلۈك	headword	1258_2L.png	unverified
D02-15241	ئىچىگە تىنماق	headword	1258_2L.png	unverified
D02-15242	ئىچىگە جىن كىرمەك	headword	1258_2L.png	unverified
D02-15243	ئىچىگە سالماق	headword	1258_2L.png	unverified
D02-15244	ئىچىگە ئوت تۇتاشماق	headword	1258_2L.png	unverified
D02-15245	ئىچىگە ئوت چۈشمەك	headword	1258_2L.png	unverified
D02-15246	ئىچىگە ئوت سالماق	headword	1258_2L.png	unverified
D02-15247	ئىچىگە ئوت كەتمەك	headword	1258_2L.png	verified
D02-15248	ئىچىگە ئۇرماق	headword	1258_2L.png	unverified
D02-15249	ئىچىگە ئۇرۇپ كەتمەك	headword	1258_2L.png	verified
D02-15250	ئىچىنى تىڭشىماق	headword	1259_1R.png	unverified
D02-15251	ئىچىنى مۈشۈك تاتىلىۋالغاندەك بولماق	headword	1259_1R.png	unverified
D02-15252	ئىچى ئۆتمەك	headword	1259_1R.png	unverified
D02-15253	ئىچى ئۆرتەلمەك	headword	1259_1R.png	unverified
D02-15254	ئىچى ئېچىشماق	headword	1259_1R.png	unverified
D02-15255	ئىچى ئېلىشماق	headword	1259_1R.png	unverified
D02-15256	ئىچى يامان	headword	1259_1R.png	unverified
D02-15257	ئىچەرمەن	headword	1259_1R.png	unverified
D02-15258	ئىچەكەشمەك	headword	1259_1R.png	unverified
D02-15259	ئىچ - باغىر	headword	1259_1R.png	unverified
D02-15260	ئىچرە	headword	1259_1R.png	unverified
D02-15261	ئىچ - قارىن	headword	1259_1R.png	unverified
D02-15262	ئىچ - قارنىنى بوشاتماق	headword	1259_1R.png	unverified
D02-15263	ئىچ - قارنىنى بىلەمەك	headword	1259_1R.png	unverified
D02-15264	ئىچ - قارنىنى تۆكمەك	headword	1259_1R.png	unverified
D02-15265	ئىچ-قارنى ئېچىلماق	headword	1259_2L.png	unverified
D02-15266	ئىچقويۇن	headword	1259_2L.png	unverified
D02-15267	ئىچقويۇن - تاشقويۇن	headword	1259_2L.png	unverified
D02-15268	ئىچكەركى	headword	1259_2L.png	unverified
D02-15269	ئىچكۈزمەك	headword	1259_2L.png	unverified
D02-15270	ئىچكۈزۈشمەك	headword	1259_2L.png	unverified
D02-15271	ئىچكۈزۈلمەك	headword	1259_2L.png	unverified
D02-15272	ئىچكۈلۈك	headword	1259_2L.png	unverified
D02-15273	ئىچكى	headword	1259_2L.png	unverified
D02-15274	ئىچكى ئاجراتما	headword	1259_2L.png	unverified
D02-15275	ئىچكى ئامىل	headword	1259_2L.png	unverified
D02-15276	ئىچكى ئەزا	headword	1259_2L.png	unverified
D02-15277	ئىچكى جايلار	headword	1259_2L.png	unverified
D02-15278	ئىچكى دۇنيا	headword	1260_1R.png	unverified
D02-15279	ئىچكى سەۋەب	headword	1260_1R.png	unverified
D02-15280	ئىچكى كېسەللىكلەر بۆلۈمى	headword	1260_1R.png	unverified
D02-15281	ئىچكى ھورمۇن	headword	1260_1R.png	verified
D02-15282	ئىچكى - تاشقى	headword	1260_1R.png	unverified
D02-15283	ئىچكىرى	headword	1260_1R.png	unverified
D02-15284	ئىچكىرى - تاشقىرى	headword	1260_1R.png	verified
D02-15285	ئىچكىرىكى	headword	1260_1R.png	verified
D02-15286	ئىچكىرىلەتمەك	headword	1260_1R.png	verified
D02-15287	ئىچكىرىلەشمەك	headword	1260_1R.png	verified
D02-15288	ئىچكىرىلىمەك	headword	1260_1R.png	unverified
D02-15289	ئىچكىنەم	headword	1260_1R.png	unverified
D02-15290	ئىچلىك	headword	1260_2L.png	unverified
D02-15291	ئىچمەك	headword	1260_2L.png	unverified
D02-15293	ئىچۈرمەك	headword	1260_2L.png	unverified
D02-15294	ئىچۈرۈشمەك	headword	1260_2L.png	unverified
D02-15295	ئىچۈرۈلمەك	headword	1260_2L.png	unverified
D02-15296	ئىچ-ئىچ	headword	1260_2L.png	unverified
D02-15297	ئىچ-ئىچىدىن	headword	1260_2L.png	unverified
D02-15298	ئىچ-ئىچىگە پاتماسلىق	headword	1260_2L.png	unverified
D02-15299	ئىچ-ئىچىگە سىغماسلىق	headword	1260_2L.png	unverified
D02-15300	ئىچىشمەك	headword	1260_2L.png	unverified
D02-15301	ئىچىشمەكلىك	headword	1260_2L.png	unverified
D02-15302	ئىچىشۋازلىق	headword	1260_2L.png	unverified
D02-15303	ئىچىكمەك	headword	1260_2L.png	unverified
D02-15304	ئىچىكىشمەك	headword	1260_2L.png	unverified
D02-15305	ئىچىلمەك	headword	1260_2L.png	unverified
D02-15306	ئىچىملىك	headword	1260_2L.png	unverified
D02-15307	ئىختىرا	headword	1261_1R.png	unverified
D02-15308	ئىختىراچى	headword	1261_1R.png	unverified
D02-15309	ئىختىساس	headword	1261_1R.png	unverified
D02-15310	ئىختىساسشۇناس	headword	1261_1R.png	unverified
D02-15311	ئىختىساسشۇناسلىق	headword	1261_1R.png	unverified
D02-15312	ئىختىساسلاشتۇرماق	headword	1261_1R.png	unverified
D02-15313	ئىختىساسلاشتۇرۇلماق	headword	1261_1R.png	unverified
D02-15314	ئىختىساسلاشماق	headword	1261_1R.png	unverified
D02-15315	ئىختىساسلىق	headword	1261_1R.png	unverified
D02-15316	ئىختىلاپ	headword	1261_1R.png	unverified
D02-15317	ئىختىلاپچى	headword	1261_1R.png	unverified
D02-15318	ئىختىلاپسىز	headword	1261_1R.png	unverified
D02-15319	ئىختىلاپلىق	headword	1261_1R.png	unverified
D02-15320	ئىختىيار	headword	1261_2L.png	unverified
D02-15321	ئىختىيارەن	headword	1261_2L.png	unverified
D02-15322	ئىختىيارسىز	headword	1261_2L.png	unverified
D02-15323	ئىختىيارسىزلىق	headword	1261_2L.png	unverified
D02-15324	ئىختىيارلىق	headword	1261_2L.png	unverified
D02-15325	ئىختىيارىي	headword	1261_2L.png	unverified
D02-15326	ئىختىيارىيلىق	headword	1261_2L.png	unverified
D02-15327	ئىختىيول	headword	1261_2L.png	verified
D02-15328	ئىخچام	headword	1261_2L.png	unverified
D02-15329	ئىخچاملاتماق	headword	1261_2L.png	unverified
D02-15330	ئىخچاملاشتۇرماق	headword	1261_2L.png	unverified
D02-15331	ئىخچاملاشتۇرۇشماق	headword	1261_2L.png	unverified
D02-15332	ئىخچاملاشتۇرۇلماق	headword	1262_1R.png	unverified
D02-15333	ئىخچاملاشماق	headword	1262_1R.png	unverified
D02-15334	ئىخچاملانماق	headword	1262_1R.png	unverified
D02-15335	ئىخچاملىق	headword	1262_1R.png	unverified
D02-15336	ئىخچاملىماق	headword	1262_1R.png	unverified
D02-15337	ئىخراج	headword	1262_1R.png	unverified
D02-15338	ئىخلاس	headword	1262_1R.png	unverified
D02-15339	ئىخلاس قىلماق	headword	1262_1R.png	unverified
D02-15340	ئىخلاس-ئەقىدە	headword	1262_1R.png	unverified
D02-15341	ئىخلاسلىق	headword	1262_1R.png	unverified
D02-15342	ئىخلاسمەن	headword	1262_1R.png	unverified
D02-15343	ئىخلاسمەنلىك	headword	1262_1R.png	unverified
D02-15344	ئىدارە	headword	1262_1R.png	unverified
D02-15345	ئىدارە قىلماق	headword	1262_2L.png	unverified
D02-15346	ئىدارە - جەمئىيەت	headword	1262_2L.png	unverified
D02-15347	ئىدارەت	headword	1262_2L.png	unverified
D02-15348	ئىدەلىك	headword	1262_2L.png	unverified
D02-15349	ئىددەت	headword	1262_2L.png	unverified
D02-15350	ئىدراك	headword	1262_2L.png	unverified
D02-15351	ئىدراكسىز	headword	1262_2L.png	unverified
D02-15352	ئىدراكلىق	headword	1262_2L.png	unverified
D02-15353	ئىدراكىي	headword	1262_2L.png	unverified
D02-15354	ئىدرەك	headword	1262_2L.png	unverified
D02-15356	ئىدرەم	headword	1262_2L.png	verified
D02-15357	ئىدېئال	headword	1263_1R.png	verified
D02-15358	ئىدېئاللاشتۇرماق	headword	1263_1R.png	verified
D02-15359	ئىدېئاللاشتۇرۇلماق	headword	1263_1R.png	unverified
D02-15360	ئىدېئاللاشماق	headword	1263_1R.png	unverified
D02-15361	ئىدېئالىزم	headword	1263_1R.png	unverified
D02-15362	ئىدېئالىزمچە	headword	1263_1R.png	unverified
D02-15363	ئىدېئالىزمچى	headword	1263_1R.png	unverified
D02-15364	ئىدېئالىزملىق	headword	1263_1R.png	unverified
D02-15365	ئىدېئالىست	headword	1263_1R.png	unverified
D02-15366	ئىدېئالىستىك	headword	1263_1R.png	unverified
D02-15367	ئىدېئولوگ	headword	1263_1R.png	unverified
D02-15368	ئىدېئولوگىيە	headword	1263_2L.png	unverified
D02-15369	ئىدېئولوگىيەلىك	headword	1263_2L.png	unverified
D02-15370	ئىدىس	headword	1263_2L.png	unverified
D02-15371	ئىدىش	headword	1263_2L.png	unverified
D02-15372	ئىدىشلىق	headword	1263_2L.png	unverified
D02-15373	ئىدىق	headword	1263_2L.png	unverified
D02-15374	ئىدىقۇت	headword	1263_2L.png	verified
D02-15375	ئىدىقۇت ئۇيغۇر خانلىقى	headword	1263_2L.png	verified
D02-15376	ئىدىقىشماق	headword	1263_2L.png	verified
D02-15377	ئىدىماق	headword	1263_2L.png	verified
D02-15378	ئىدىيە	headword	1263_2L.png	verified
D02-15379	ئىدىيەدە ئازاد بولماق	headword	1264_1R.png	verified
D02-15380	ئىدىيەسىز	headword	1264_1R.png	unverified
D02-15381	ئىدىيەلىك	headword	1264_1R.png	unverified
D02-15382	ئىدىيەۋى	headword	1264_1R.png	unverified
D02-15383	ئىدىيەۋىلىك	headword	1264_1R.png	unverified
D02-15384	ئىدىيوم	headword	1264_1R.png	unverified
D02-15385	ئىدىيوملۇق	headword	1264_1R.png	unverified
D02-15386	ئىر	headword	1264_1R.png	verified
D02-15388	ئىرادە	headword	1264_1R.png	unverified
D02-15389	ئىرادەت	headword	1264_1R.png	unverified
D02-15390	ئىرادەچىلىك	headword	1264_1R.png	unverified
D02-15391	ئىرادىسىز	headword	1264_1R.png	unverified
D02-15392	ئىرادىسىزلىك	headword	1264_2L.png	verified
D02-15393	ئىرادىلىك	headword	1264_2L.png	verified
D02-15394	ئىرادىنامە	headword	1264_2L.png	verified
D02-15395	ئىراق	headword	1264_2L.png	verified
D02-15396	ئىراق مۇقامى	headword	1264_2L.png	verified
D02-15397	ئىراقىي	headword	1264_2L.png	verified
D02-15398	ئىرانگۈل	headword	1264_2L.png	unverified
D02-15399	ئىراي	headword	1264_2L.png	unverified
D02-15400	ئىرەكتە	headword	1264_2L.png	unverified
D02-15401	ئىرچى	headword	1264_2L.png	unverified
D02-15402	ئىرراتسىيونال	headword	1264_2L.png	unverified
D02-15403	ئىرسا	headword	1264_2L.png	unverified
D02-15404	ئىرسىق	headword	1264_2L.png	unverified
D02-15405	ئىرسىي	headword	1264_2L.png	verified
D02-15406	ئىرسىيەت	headword	1264_2L.png	unverified
D02-15407	ئىرسىيەتچانلىق	headword	1265_1R.png	unverified
D02-15408	ئىرسىيەتشۇناس	headword	1265_1R.png	unverified
D02-15409	ئىرسىيەتشۇناسلىق	headword	1265_1R.png	unverified
D02-15410	ئىرسىيەتلىك	headword	1265_1R.png	unverified
D02-15411	ئىرغاڭ	headword	1265_1R.png	unverified
D02-15412	ئىرغاڭزا	headword	1265_1R.png	unverified
D02-15413	ئىرغاڭشىتماق	headword	1265_1R.png	unverified
D02-15414	ئىرغاڭشىماق	headword	1265_1R.png	unverified
D02-15415	ئىرغاڭلاتماق	headword	1265_1R.png	unverified
D02-15416	ئىرغاڭلاشماق	headword	1265_1R.png	unverified
D02-15417	ئىرغاڭلىماق	headword	1265_1R.png	unverified
D02-15418	ئىرغاي	headword	1265_1R.png	unverified
D02-15419	ئىرغايلىق	headword	1265_1R.png	unverified
D02-15420	ئىرغىتماق	headword	1265_1R.png	unverified
D02-15421	ئىرغىتىلماق	headword	1265_2L.png	unverified
D02-15422	ئىرغىشماق	headword	1265_2L.png	unverified
D02-15423	ئىرغىماق	headword	1265_2L.png	unverified
D02-15424	ئىرق	headword	1265_2L.png	unverified
D02-15425	ئىرقچى	headword	1265_2L.png	unverified
D02-15426	ئىرقچىلىق	headword	1265_2L.png	unverified
D02-15427	ئىرقشۇناس	headword	1265_2L.png	unverified
D02-15428	ئىرقشۇناسلىق	headword	1265_2L.png	unverified
D02-15429	ئىرقىي	headword	1265_2L.png	unverified
D02-15430	ئىركاشا	headword	1265_2L.png	unverified
D02-15431	ئىركىت	headword	1265_2L.png	unverified
D02-15432	ئىرلىماق	headword	1265_2L.png	unverified
D02-15433	ئىرماش-چىرماش	headword	1265_2L.png	verified
D02-15434	ئىرماشماق	headword	1266_1R.png	unverified
D02-15435	ئىروزىيە	headword	1266_1R.png	verified
D02-15436	ئىروزىيەلىمەك	headword	1266_1R.png	verified
D02-15437	ئىرونىيە	headword	1266_1R.png	unverified
D02-15438	ئىرىدىي	headword	1266_1R.png	unverified
D02-15439	ئىرىس	headword	1266_1R.png	unverified
D02-15440	ئىرىس كەمپۈت	headword	1266_1R.png	unverified
D02-15441	ئىرىڭ-سىرىڭ	headword	1266_1R.png	unverified
D02-15442	ئىرىم	headword	1266_1R.png	unverified
D02-15443	ئىرىم قىلماق	headword	1266_1R.png	unverified
D02-15444	ئىرىمچەك	headword	1266_1R.png	unverified
D02-15445	ئىرىمچىكچى	headword	1266_2L.png	unverified
D02-15446	ئىز	headword	1266_2L.png	unverified
D02-15447	ئىز باسماق	headword	1266_2L.png	unverified
D02-15448	ئىز پۇلى	headword	1266_2L.png	unverified
D02-15449	ئىزا	headword	1267_1R.png	verified
D02-15450	ئىزا-ئاھانەت	headword	1267_1R.png	unverified
D02-15451	ئىزاپى	headword	1267_1R.png	unverified
D02-15452	ئىزاچىلىق	headword	1267_1R.png	unverified
D02-15453	ئىزافەت	headword	1267_1R.png	unverified
D02-15454	ئىزافەتلىك	headword	1267_1R.png	unverified
D02-15455	ئىزا-نومۇس	headword	1267_1R.png	unverified
D02-15456	ئىزاھ	headword	1267_1R.png	unverified
D02-15457	ئىزاھات	headword	1267_1R.png	unverified
D02-15458	ئىزاھاتسىز	headword	1267_1R.png	unverified
D02-15459	ئىزاھاتلىق	headword	1267_1R.png	unverified
D02-15460	ئىزاھلاتماق	headword	1267_1R.png	unverified
D02-15461	ئىزاھلانماق	headword	1267_2L.png	verified
D02-15462	ئىزاھلىق	headword	1267_2L.png	unverified
D02-15463	ئىزاھلىق لۇغەت	headword	1267_2L.png	unverified
D02-15464	ئىزاھلىماق	headword	1267_2L.png	unverified
D02-15465	ئىزاھنامە	headword	1267_2L.png	unverified
D02-15466	ئىزەك	headword	1267_2L.png	unverified
D02-15467	ئىزباسار	headword	1267_2L.png	unverified
D02-15468	ئىزباسارلىق	headword	1267_2L.png	unverified
D02-15469	ئىزتىراپ	headword	1267_2L.png	unverified
D02-15470	ئىزتىراپلىق	headword	1267_2L.png	unverified
D02-15471	ئىزچى	headword	1267_2L.png	unverified
D02-15472	ئىزچىل	headword	1268_1R.png	unverified
D02-15473	ئىزچىلار	headword	1268_1R.png	unverified
D02-15474	ئىزچىللاشتۇرماق	headword	1268_1R.png	unverified
D02-15475	ئىزچىللاشتۇرۇشماق	headword	1268_1R.png	unverified
D02-15476	ئىزچىللاشتۇرۇلماق	headword	1268_1R.png	unverified
D02-15477	ئىزچىللاشماق	headword	1268_1R.png	unverified
D02-15478	ئىزچىللىق	headword	1268_1R.png	unverified
D02-15479	ئىزخىر	headword	1268_1R.png	unverified
D02-15480	ئىزدەتمەك	headword	1268_2L.png	unverified
D02-15481	ئىزدەشتۈرمەك	headword	1268_2L.png	verified
D02-15482	ئىزدەشمەك	headword	1268_2L.png	unverified
D02-15483	ئىزدەكچى	headword	1268_2L.png	unverified
D02-15484	ئىزدەك-سوراق	headword	1268_2L.png	unverified
D02-15485	ئىزدەلمەك	headword	1268_2L.png	unverified
D02-15486	ئىزدەنمە	headword	1268_2L.png	unverified
D02-15487	ئىزدەنمەك	headword	1268_2L.png	unverified
D02-15488	ئىز-دېرەك	headword	1268_2L.png	unverified
D02-15489	ئىز-دېرەكسىز	headword	1268_2L.png	unverified
D02-15490	ئىز-دېرەكلەمەك	headword	1268_2L.png	unverified
D02-15491	ئىزدىمەك	headword	1268_2L.png	unverified
D02-15492	ئىزدىنىشچان	headword	1268_2L.png	verified
D02-15493	ئىزدىنىشچانلىق	headword	1269_1R.png	unverified
D02-15494	ئىزدىنىشلىك	headword	1269_1R.png	unverified
D02-15495	ئىززەت	headword	1269_1R.png	unverified
D02-15496	ئىززەت-ئابرۇي	headword	1269_1R.png	unverified
D02-15497	ئىززەتسىز	headword	1269_1R.png	unverified
D02-15498	ئىززەت-غۇرۇر	headword	1269_1R.png	unverified
D02-15499	ئىززەتلەشمەك	headword	1269_1R.png	unverified
D02-15500	ئىززەتلەنمەك	headword	1269_1R.png	unverified
D02-15501	ئىززەتلىك	headword	1269_1R.png	unverified
D02-15502	ئىززەتلىمەك	headword	1269_1R.png	unverified
D02-15503	ئىززەت-نەپس	headword	1269_1R.png	unverified
D02-15504	ئىززەت-نەپسىگە تەگمەك	headword	1269_1R.png	unverified
D02-15505	ئىززەت-ھۆرمەت	headword	1269_1R.png	unverified
D02-15506	ئىززەت-ئېھتىرام	headword	1269_1R.png	unverified
D02-15507	ئىززەت-ئىكرام	headword	1269_1R.png	unverified
D02-15508	ئىزسىز	headword	1269_2L.png	verified
D02-15509	ئىزغىرىن	headword	1269_2L.png	verified
D02-15510	ئىز - قارىسى	headword	1269_2L.png	verified
D02-15511	ئىزمە	headword	1269_2L.png	verified
D02-15512	ئىزمۇق	headword	1269_2L.png	verified
D02-15513	ئىزمۇئىز	headword	1269_2L.png	verified
D02-15514	ئىزمىلەتمەك	headword	1269_2L.png	verified
D02-15515	ئىزمىلەشمەك	headword	1269_2L.png	verified
D02-15516	ئىزمىلەنمەك	headword	1269_2L.png	verified
D02-15517	ئىزمىلىك	headword	1269_2L.png	verified
D02-15518	ئىزمىلىمەك	headword	1269_2L.png	verified
D02-15519	ئىزنا	headword	1269_2L.png	verified
D02-15519-i1	ئىزناسى	inflected	1269_2L.png	verified
D02-15520	ئىزناسىز	headword	1269_2L.png	verified
D02-15521	ئىزناك	headword	1270_1R.png	unverified
D02-15522	ئىزنالىق	headword	1270_1R.png	unverified
D02-15523	ئىزنە	headword	1270_1R.png	unverified
D02-15524	ئىزنىماق	headword	1270_1R.png	verified
D02-15525	ئىزھار	headword	1270_1R.png	verified
D02-15525-i1	ئىزھارى	inflected	1270_1R.png	verified
D02-15526	ئىزھارلاتماق	headword	1270_1R.png	unverified
D02-15527	ئىزھارلاشماق	headword	1270_1R.png	unverified
D02-15528	ئىزھارلانماق	headword	1270_1R.png	unverified
D02-15529	ئىزھارلىماق	headword	1270_1R.png	unverified
D02-15530	ئىزوتروپ	headword	1270_1R.png	unverified
D02-15531	ئىزوتروپلۇق	headword	1270_1R.png	unverified
D02-15532	ئىزوتروپىيە	headword	1270_1R.png	unverified
D02-15533	ئىزوتروپىيەلىك	headword	1270_1R.png	unverified
D02-15534	ئىزوتوپ	headword	1270_1R.png	verified
D02-15535	ئىزوتوپلار	headword	1270_1R.png	verified
D02-15536	ئىزوتوپلۇق	headword	1270_1R.png	verified
D02-15537	ئىزوتون	headword	1270_1R.png	verified
D02-15538	ئىزوتېرما	headword	1270_1R.png	verified
D02-15539	ئىزوتېرمىك	headword	1270_2L.png	unverified
D02-15540	ئىزوسپىن	headword	1270_2L.png	unverified
D02-15541	ئىزولياتسىيە	headword	1270_2L.png	unverified
D02-15542	ئىزولياتسىيەلەتمەك	headword	1270_2L.png	unverified
D02-15543	ئىزولياتسىيەلەشمەك	headword	1270_2L.png	unverified
D02-15544	ئىزولياتسىيەلەنمەك	headword	1270_2L.png	unverified
D02-15545	ئىزولياتسىيەلەمەك	headword	1270_2L.png	unverified
D02-15546	ئىزولياتور	headword	1270_2L.png	unverified
D02-15547	ئىزومورف	headword	1270_2L.png	unverified
D02-15548	ئىزومورفىزم	headword	1270_2L.png	unverified
D02-15549	ئىزومېر	headword	1270_2L.png	unverified
D02-15550	ئىزومېرىيە	headword	1271_1R.png	verified
D02-15551	ئىزوئوكتان	headword	1271_1R.png	verified
D02-15552	ئىزۋوت	headword	1271_1R.png	unverified
D02-15553	ئىس	headword	1271_1R.png	unverified
D02-15554	ئىسپات	headword	1271_1R.png	unverified
D02-15555	ئىسپاتسىز	headword	1271_1R.png	unverified
D02-15556	ئىسپاتلاتماق	headword	1271_1R.png	unverified
D02-15557	ئىسپاتلاشماق	headword	1271_1R.png	unverified
D02-15558	ئىسپاتلانماق	headword	1271_1R.png	unverified
D02-15559	ئىسپاتلىق	headword	1271_1R.png	unverified
D02-15560	ئىسپاتلىماق	headword	1271_1R.png	unverified
D02-15561	ئىسپاتنامە	headword	1271_2L.png	unverified
D02-15562	ئىسپازما	headword	1271_2L.png	unverified
D02-15563	ئىسپان	headword	1271_2L.png	unverified
D02-15564	ئىسپانچە	headword	1271_2L.png	unverified
D02-15565	ئىسپەغول	headword	1271_2L.png	unverified
D02-15566	ئىسپورا	headword	1271_2L.png	unverified
D02-15567	ئىسپورت	headword	1271_2L.png	unverified
D02-15567-v1	تەنتەربىيە	variant	1271_2L.png	unverified
D02-15568	ئىسپورتچى	headword	1271_2L.png	unverified
D02-15568-v1	تەنتەربىيەچى	variant	1271_2L.png	unverified
D02-15569	ئىسپورىسىز	headword	1271_2L.png	unverified
D02-15570	ئىسپورىلىق	headword	1271_2L.png	unverified
D02-15571	ئىسپورىلىقلار	headword	1271_2L.png	unverified
D02-15572	ئىسپېرما	headword	1271_2L.png	unverified
D02-15573	ئىسپېكتىر	headword	1271_2L.png	unverified
D02-15574	ئىسپېكتىروسكوپ	headword	1272_1R.png	unverified
D02-15575	ئىسپېكتىروگراف	headword	1272_1R.png	unverified
D02-15576	ئىسپېكتىروگرافىيە	headword	1272_1R.png	unverified
D02-15577	ئىسپېكتىرومېتىر	headword	1272_1R.png	unverified
D02-15578	ئىسپىراپكا	headword	1272_1R.png	unverified
D02-15579	ئىسپىرال	headword	1272_1R.png	verified
D02-15580	ئىسپىرت	headword	1272_1R.png	unverified
D02-15581	ئىسپىرتلىق	headword	1272_1R.png	unverified
D02-15582	ئىسپىروگىرا	headword	1272_1R.png	unverified
D02-15583	ئىسپىلىت	headword	1272_1R.png	unverified
D02-15584	ئىستاپىل	headword	1272_1R.png	unverified
D02-15585	ئىستاتا	headword	1272_1R.png	unverified
D02-15586	ئىستاتور	headword	1272_1R.png	unverified
D02-15587	ئىستاتىستىكا	headword	1272_2L.png	unverified
D02-15588	ئىستاتىستىكىچى	headword	1272_2L.png	unverified
D02-15589	ئىستاتىستىكىلاتماق	headword	1272_2L.png	unverified
D02-15590	ئىستاتىستىكىلاشتۇرماق	headword	1272_2L.png	unverified
D02-15591	ئىستاتىستىكىلاشتۇرۇشماق	headword	1272_2L.png	unverified
D02-15592	ئىستاتىستىكىلاشتۇرۇلماق	headword	1272_2L.png	unverified
D02-15593	ئىستاتىستىكىلاشماق	headword	1272_2L.png	unverified
D02-15594	ئىستاتىستىكىلانماق	headword	1272_2L.png	unverified
D02-15595	ئىستاتىستىكىلىق	headword	1272_2L.png	unverified
D02-15596	ئىستاتىستىكىلىماق	headword	1272_2L.png	unverified
D02-15597	ئىستاتىك	headword	1272_2L.png	unverified
D02-15598	ئىستارشىي	headword	1272_2L.png	unverified
D02-15599	ئىستاژ	headword	1272_2L.png	unverified
D02-15600	ئىستارە	headword	1272_2L.png	unverified
D02-15602	ئىستاكان	headword	1272_2L.png	unverified
D02-15603	ئىستاندارت	headword	1273_1R.png	unverified
D02-15604	ئىستاندارتلىق	headword	1273_1R.png	unverified
D02-15605	ئىستانسا	headword	1273_1R.png	unverified
D02-15606	ئىستانوك	headword	1273_1R.png	unverified
D02-15607	ئىستانوكچى	headword	1273_1R.png	unverified
D02-15608	ئىستەك	headword	1273_1R.png	unverified
D02-15609	ئىستەكسىز	headword	1273_1R.png	unverified
D02-15610	ئىستراتوسفېرا	headword	1273_1R.png	unverified
D02-15611	ئىستراتون	headword	1273_1R.png	unverified
D02-15612	ئىستراتېگىيە	headword	1273_1R.png	verified
D02-15613	ئىستراتېگىيەچى	headword	1273_1R.png	verified
D02-15614	ئىستراتېگىيەشۇناس	headword	1273_1R.png	verified
D02-15615	ئىستراتېگىيەشۇناسلىق	headword	1273_2L.png	verified
D02-15616	ئىستراتېگىيەلىك	headword	1273_2L.png	verified
D02-15618	ئىسترونتىسىي	headword	1273_2L.png	verified
D02-15619	ئىسترۇكتۇرا	headword	1273_2L.png	verified
D02-15620	ئىسترۇكتۇرىلىق	headword	1273_2L.png	verified
D02-15621	ئىسترېلكا	headword	1273_2L.png	verified
D02-15622	ئىسترېلكىلىق	headword	1273_2L.png	verified
D02-15623	ئىستون	headword	1273_2L.png	verified
D02-15624	ئىستوۋۇل	headword	1273_2L.png	verified
D02-15625	ئىستوۋۇللۇق	headword	1273_2L.png	verified
D02-15626	ئىستۇدېنت	headword	1273_2L.png	verified
D02-15627	ئىستۇدىيە	headword	1273_2L.png	unverified
D02-15628	ئىس - تۈتەك	headword	1273_2L.png	verified
D02-15629	ئىس - تۈتۈن	headword	1273_2L.png	verified
D02-15630	ئىستېئارىن	headword	1274_1R.png	verified
D02-15631	ئىستېپا	headword	1274_1R.png	verified
D02-15632	ئىستېدات	headword	1274_1R.png	verified
D02-15633	ئىستېداتلىق	headword	1274_1R.png	verified
D02-15634	ئىستېركۇل	headword	1274_1R.png	verified
D02-15635	ئىستېركۇل دەرىخى	headword	1274_1R.png	verified
D02-15636	ئىستېرېئو	headword	1274_1R.png	unverified
D02-15637	ئىستېرېئو كىنو	headword	1274_1R.png	verified
D02-15638	ئىستېرېئولاشتۇرماق	headword	1274_1R.png	unverified
D02-15639	ئىستېرېئولاشتۇرۇلماق	headword	1274_1R.png	unverified
D02-15640	ئىستېرېئولاشتۇرۇشماق	headword	1274_1R.png	unverified
D02-15641	ئىستېرېئولاشماق	headword	1274_1R.png	unverified
D02-15642	ئىستېرېئولۇق	headword	1274_1R.png	unverified
D02-15643	ئىستېرېئولۇق ئاۋاز	headword	1274_1R.png	unverified
D02-15644	ئىستېرېئومېتىرىيە	headword	1274_2L.png	unverified
D02-15645	ئىستېلا	headword	1274_2L.png	verified
D02-15645-i1	ئىستېلاسى	inflected	1274_2L.png	verified
D02-15646	ئىستېلاچى	headword	1274_2L.png	unverified
D02-15647	ئىستېلاچىلىق	headword	1274_2L.png	unverified
D02-15648	ئىستېمال	headword	1274_2L.png	verified
D02-15648-i1	ئىستېمالى	inflected	1274_2L.png	verified
D02-15649	ئىستېمالچى	headword	1274_2L.png	unverified
D02-15650	ئىستېمونا	headword	1274_2L.png	unverified
D02-15651	ئىستىئارە	headword	1274_2L.png	unverified
D02-15652	ئىستىبدات	headword	1274_2L.png	unverified
D02-15653	ئىستىبداتچى	headword	1274_2L.png	unverified
D02-15654	ئىستىبداتچىل	headword	1274_2L.png	unverified
D02-15655	ئىستىبداتچىلىق	headword	1274_2L.png	unverified
D02-15656	ئىستىبداتلىق	headword	1275_1R.png	unverified
D02-15657	ئىستىخىيە	headword	1275_1R.png	unverified
D02-15658	ئىستىخىيەلەشتۈرمەك	headword	1275_1R.png	unverified
D02-15659	ئىستىخىيەلەشتۈرۈلمەك	headword	1275_1R.png	unverified
D02-15660	ئىستىخىيەلەشمەك	headword	1275_1R.png	unverified
D02-15661	ئىستىخىيەلىك	headword	1275_1R.png	unverified
D02-15662	ئىستىراتىپ	headword	1275_1R.png	unverified
D02-15663	ئىستىراھەت	headword	1275_1R.png	unverified
D02-15664	ئىستىراھەتخانا	headword	1275_1R.png	unverified
D02-15665	ئىستىراھەتگاھ	headword	1275_1R.png	unverified
D02-15666	ئىستىرېپتومىتسىن	headword	1275_1R.png	verified
D02-15667	ئىستىسقا	headword	1275_1R.png	unverified
D02-15668	ئىستىسنا	headword	1275_2L.png	unverified
D02-15669	ئىستىغپار	headword	1275_2L.png	unverified
D02-15670	ئىستىغنا	headword	1275_2L.png	unverified
D02-15671	ئىستىقامەت	headword	1275_2L.png	unverified
D02-15672	ئىستىقامەتچى	headword	1275_2L.png	unverified
D02-15673	ئىستىقبال	headword	1275_2L.png	unverified
D02-15674	ئىستىقبالسىز	headword	1275_2L.png	unverified
D02-15675	ئىستىقباللىق	headword	1275_2L.png	unverified
D02-15676	ئىستىقلال	headword	1275_2L.png	unverified
D02-15677	ئىستىقلالىيەت	headword	1275_2L.png	unverified
D02-15678	ئىستىقلالىيەتچى	headword	1275_2L.png	unverified
D02-15679	ئىستىقلالىيەتچىلىك	headword	1276_1R.png	verified
D02-15680	ئىستىل	headword	1276_1R.png	unverified
D02-15681	ئىستىلىزاتسىيە	headword	1276_1R.png	unverified
D02-15682	ئىستىلىستىكا	headword	1276_1R.png	unverified
D02-15683	ئىستىلىستىكىلىق	headword	1276_1R.png	unverified
D02-15684	ئىستىلىي	headword	1276_1R.png	unverified
D02-15685	ئىستىمەك	headword	1276_1R.png	unverified
D02-15686	ئىستىمۇلىن	headword	1276_1R.png	unverified
D02-15687	ئىستىنجا	headword	1276_1R.png	unverified
D02-15688	ئىستىھزا	headword	1276_1R.png	unverified
D02-15689	ئىستىھزاسىز	headword	1276_1R.png	unverified
D02-15690	ئىستىھزالانماق	headword	1276_1R.png	unverified
D02-15691	ئىستىھزالىق	headword	1276_2L.png	unverified
D02-15692	ئىستىھكام	headword	1276_2L.png	unverified
D02-15693	ئىستىھكامسىز	headword	1276_2L.png	unverified
D02-15694	ئىستىھكاملىق	headword	1276_2L.png	unverified
D02-15695	ئىستىۋرا	headword	1276_2L.png	unverified
D02-15696	ئىستىۋراخانا	headword	1276_2L.png	unverified
D02-15697	ئىسچوت	headword	1276_2L.png	unverified
D02-15698	ئىسچوتچىك	headword	1276_2L.png	unverified
D02-15699	ئىسچوتلۇق	headword	1276_2L.png	unverified
D02-15700	ئىسخېما	headword	1276_2L.png	verified
D02-15701	ئىسخېمىلىماق	headword	1276_2L.png	verified
D02-15702	ئىسراپ	headword	1276_2L.png	verified
D02-15703	ئىسراپچىلىق	headword	1276_2L.png	unverified
D02-15704	ئىسراپخور	headword	1276_2L.png	unverified
D02-15705	ئىسراپخورلۇق	headword	1277_1R.png	verified
D02-15706	ئىسرىق	headword	1277_1R.png	unverified
D02-15707	ئىسرىق سالماق	headword	1277_1R.png	unverified
D02-15708	ئىسرىقدان	headword	1277_1R.png	unverified
D02-15709	ئىسرىقلاتماق	headword	1277_1R.png	unverified
D02-15710	ئىسرىقلاشماق	headword	1277_1R.png	unverified
D02-15711	ئىسرىقلانماق	headword	1277_1R.png	unverified
D02-15712	ئىسرىقلىماق	headword	1277_1R.png	unverified
D02-15713	ئىسسىتقۇ	headword	1277_1R.png	unverified
D02-15714	ئىسسىتقۇچ	headword	1277_1R.png	unverified
D02-15715	ئىسسىتما	headword	1277_1R.png	unverified
D02-15716	ئىسسىتماق	headword	1277_1R.png	unverified
D02-15717	ئىسسىتىش	headword	1277_2L.png	unverified
D02-15718	ئىسسىتىشماق	headword	1277_2L.png	unverified
D02-15719	ئىسسىتىلماق	headword	1277_2L.png	unverified
D02-15720	ئىسسىز	headword	1277_2L.png	unverified
D02-15721	ئىسسىق	headword	1277_2L.png	unverified
D02-15722	ئىسسىق بەلباغ	headword	1277_2L.png	unverified
D02-15723	ئىسسىق يەللىك قىلماق	headword	1278_1R.png	verified
D02-15724	ئىسسىقچان	headword	1278_1R.png	verified
D02-15725	ئىسسىق-سوغۇق	headword	1278_1R.png	verified
D02-15726	ئىسسىقلىق	headword	1278_1R.png	verified
D02-15727	ئىسسىقلىق قىلماق	headword	1278_1R.png	unverified
D02-15728	ئىسسىقىدا	headword	1278_1R.png	unverified
D02-15729	ئىسسىماق	headword	1278_1R.png	unverified
D02-15730	ئىسسىندۇرۇشماق	headword	1278_2L.png	unverified
D02-15731	ئىسسىندۇرۇلماق	headword	1278_2L.png	unverified
D02-15732	ئىسسىندۇرماق	headword	1278_2L.png	unverified
D02-15733	ئىسسىنماق	headword	1278_2L.png	unverified
D02-15734	ئىسسىنىشماق	headword	1278_2L.png	unverified
D02-15735	ئىسفالېرىت	headword	1278_2L.png	unverified
D02-15736	ئىسفېرا	headword	1278_2L.png	unverified
D02-15737	ئىسفېرالىق	headword	1278_2L.png	unverified
D02-15738	ئىسقات	headword	1278_2L.png	unverified
D02-15739	ئىسقاتچى	headword	1278_2L.png	unverified
D02-15740	ئىسقىرتقا	headword	1278_2L.png	unverified
D02-15741	ئىسقىرتما	headword	1278_2L.png	unverified
D02-15742	ئىسقىرتماق	headword	1278_2L.png	unverified
D02-15743	ئىسقىرتىشماق	headword	1279_1R.png	unverified
D02-15744	ئىسقىرىق	headword	1279_1R.png	unverified
D02-15745	ئىسكادرون	headword	1279_1R.png	unverified
D02-15746	ئىسكارلاتىنا	headword	1279_1R.png	unverified
D02-15747	ئىسكارىن	headword	1279_1R.png	verified
D02-15748	ئىسكاليار	headword	1279_1R.png	unverified
D02-15749	ئىسكەت	headword	1279_1R.png	unverified
D02-15750	ئىسكەتسىز	headword	1279_1R.png	unverified
D02-15751	ئىسكەتلەتمەك	headword	1279_1R.png	unverified
D02-15752	ئىسكەتلەشمەك	headword	1279_1R.png	unverified
D02-15753	ئىسكەتلەنمەك	headword	1279_1R.png	unverified
D02-15754	ئىسكەتلىك	headword	1279_1R.png	unverified
D02-15755	ئىسكەتلىمەك	headword	1279_1R.png	unverified
D02-15756	ئىسكەنجە	headword	1279_2L.png	verified
D02-15757	ئىسكەنجىلىمەك	headword	1279_2L.png	verified
D02-15758	ئىسكەنجىۋىل	headword	1279_2L.png	verified
D02-15759	ئىسكىپىدار	headword	1279_2L.png	verified
D02-15760	ئىسكىرىپكا	headword	1279_2L.png	verified
D02-15761	ئىسكىرىپكىچى	headword	1279_2L.png	verified
D02-15762	ئىسكىلات	headword	1279_2L.png	verified
D02-15763	ئىسكىلاتچى	headword	1279_2L.png	verified
D02-15764	ئىسكىلاتچىلىق	headword	1279_2L.png	verified
D02-15765	ئىسكىلاتلاشتۇرماق	headword	1279_2L.png	verified
D02-15766	ئىسكىلاتلاشتۇرۇلماق	headword	1279_2L.png	verified
D02-15767	ئىسكىلاچ	headword	1279_2L.png	verified
D02-15768	ئىسكىلاچ مەسە	headword	1279_2L.png	verified
D02-15769	ئىسكىلىت	headword	1279_2L.png	verified
D02-15770	ئىسكىمەك	headword	1279_2L.png	verified
D02-15771	ئىسكەندە	headword	1279_2L.png	verified
D02-15772	ئىسكىنە	headword	1280_1R.png	unverified
D02-15773	ئىسلاتماق	headword	1280_1R.png	unverified
D02-15774	ئىسلاشماق	headword	1280_1R.png	unverified
D02-15775	ئىسلام	headword	1280_1R.png	unverified
D02-15776	ئىسلام دىنى	headword	1280_1R.png	unverified
D02-15777	ئىسلام دىنىنىڭ ئەخلاق ھۆكۈملىرى	headword	1280_1R.png	verified
D02-15778	ئىسلام دىنىنىڭ ئەمەلىي ھۆكۈملىرى	headword	1280_1R.png	verified
D02-15779	ئىسلام دىنىنىڭ ئېتىقاد ھۆكۈملىرى	headword	1280_2L.png	unverified
D02-15780	ئىسلام كالېندارى	headword	1280_2L.png	verified
D02-15781	ئىسلام يىلنامىسى	headword	1280_2L.png	verified
D02-15782	ئىسلامشۇناس	headword	1280_2L.png	unverified
D02-15783	ئىسلامشۇناسلىق	headword	1280_2L.png	unverified
D02-15784	ئىسلاملاشتۇرماق	headword	1280_2L.png	unverified
D02-15785	ئىسلاملاشتۇرۇلماق	headword	1280_2L.png	unverified
D02-15786	ئىسلاملاشماق	headword	1280_2L.png	unverified
D02-15787	ئىسلامىزم	headword	1280_2L.png	unverified
D02-15788	ئىسلامى	headword	1280_2L.png	unverified
D02-15789	ئىسلامىيەت	headword	1280_2L.png	unverified
D02-15790	ئىسلاند	headword	1280_2L.png	unverified
D02-15791	ئىسلانماق	headword	1280_2L.png	unverified
D02-15792	ئىسلاھ	headword	1280_2L.png	unverified
D02-15793	ئىسلاھات	headword	1281_1R.png	unverified
D02-15794	ئىسلاھاتچى	headword	1281_1R.png	unverified
D02-15795	ئىسلاھاتچىل	headword	1281_1R.png	unverified
D02-15796	ئىسلاھاتچىلىق	headword	1281_1R.png	unverified
D02-15797	ئىسلىق	headword	1281_1R.png	unverified
D02-15798	ئىسلىق بىللۇر	headword	1281_1R.png	unverified
D02-15799	ئىسلىق يېشىل	headword	1281_1R.png	unverified
D02-15800	ئىسلىما	headword	1281_1R.png	unverified
D02-15801	ئىسلىماق	headword	1281_1R.png	unverified
D02-15802	ئىسمائىلتاپ	headword	1281_1R.png	unverified
D02-15803	ئىسمائىلىيە	headword	1281_1R.png	unverified
D02-15804	ئىسمېنا	headword	1281_1R.png	verified
D02-15805	ئىسمىئەزەم	headword	1281_2L.png	unverified
D02-15806	ئىسمى - جىسمى	headword	1281_2L.png	unverified
D02-15807	ئىسمىزات	headword	1281_2L.png	unverified
D02-15808	ئىسمىشەرىپ	headword	1281_2L.png	unverified
D02-15809	ئىسنا	headword	1281_2L.png	unverified
D02-15810	ئىسىت	headword	1281_2L.png	unverified
D02-15811	ئىسىم	headword	1281_2L.png	verified
D02-15811-i1	ئىسمى	inflected	1281_2L.png	verified
D02-15812	ئىسىمداش	headword	1281_2L.png	unverified
D02-15813	ئىسىمداشلىق	headword	1281_2L.png	unverified
D02-15814	ئىسىمدىماق	headword	1281_2L.png	unverified
D02-15815	ئىسىمسىز	headword	1281_2L.png	unverified
D02-15816	ئىسىمشۇناس	headword	1282_1R.png	verified
D02-15817	ئىسىمشۇناسلىق	headword	1282_1R.png	verified
D02-15818	ئىسىم - فامىلە	headword	1282_1R.png	verified
D02-15819	ئىسىملاشتۇرماق	headword	1282_1R.png	verified
D02-15820	ئىسىملاشتۇرۇشماق	headword	1282_1R.png	verified
D02-15821	ئىسىملاشتۇرۇلماق	headword	1282_1R.png	verified
D02-15822	ئىسىملاشماق	headword	1282_1R.png	unverified
D02-15823	ئىسىملەنمەك	headword	1282_1R.png	unverified
D02-15824	ئىسىملىك	headword	1282_1R.png	unverified
D02-15825	ئىسيان	headword	1282_1R.png	unverified
D02-15826	ئىسيانچى	headword	1282_1R.png	unverified
D02-15827	ئىسيانچىلىق	headword	1282_1R.png	unverified
D02-15828	ئىسيانكار	headword	1282_1R.png	unverified
D02-15829	ئىسيانكارانە	headword	1282_1R.png	unverified
D02-15830	ئىسيانكارلىق	headword	1282_1R.png	verified
D02-15831	ئىش	headword	1282_2L.png	verified
D02-15832	ئىش ئادىمى	headword	1282_2L.png	unverified
D02-15833	ئىش بولمىدى	headword	1282_2L.png	verified
D02-15834	ئىش بېشى	headword	1282_2L.png	unverified
D02-15835	ئىش تاپماق	headword	1282_2L.png	unverified
D02-15836	ئىش تەۋرەتمەك	headword	1283_1R.png	verified
D02-15837	ئىش تۈگىمەك	headword	1283_1R.png	unverified
D02-15838	ئىش تېرىماق	headword	1283_1R.png	unverified
D02-15839	ئىشتىن چىقماق	headword	1283_1R.png	unverified
D02-15840	ئىشتىن قالماق	headword	1283_1R.png	unverified
D02-15841	ئىش چاتاق	headword	1283_1R.png	unverified
D02-15842	ئىش چىقماق	headword	1283_1R.png	unverified
D02-15843	ئىش كاتتا	headword	1283_1R.png	unverified
D02-15844	ئىش كۆرگەن	headword	1283_1R.png	unverified
D02-15845	ئىشنىڭ بېشىنى تۇتماق	headword	1283_1R.png	unverified
D02-15846	ئىشنىڭ تىلى	headword	1283_1R.png	unverified
D02-15847	ئىشنىڭ قىزىقى	headword	1283_1R.png	unverified
D02-15848	ئىشنىڭ كۆزىنى تاپماق	headword	1283_1R.png	unverified
D02-15849	ئىشنى ئوخشاتماق	headword	1283_1R.png	unverified
D02-15850	ئىش يۈگۈرمەك	headword	1283_2L.png	verified
D02-15851	ئىشارە	headword	1283_2L.png	unverified
D02-15852	ئىشارەت	headword	1283_2L.png	unverified
D02-15853	ئىشارەتلەشمەك	headword	1283_2L.png	verified
D02-15854	ئىشارەتلىك	headword	1283_2L.png	unverified
D02-15855	ئىشارەتلىمەك	headword	1283_2L.png	unverified
D02-15856	ئىشارىلىك	headword	1283_2L.png	unverified
D02-15857	ئىشان	headword	1283_2L.png	unverified
D02-15858	ئىشانچىلىق	headword	1283_2L.png	unverified
D02-15859	ئىشانزادە	headword	1283_2L.png	unverified
D02-15860	ئىشانلىق	headword	1283_2L.png	unverified
D02-15861	ئىشەنچ	headword	1283_2L.png	unverified
D02-15862	ئىشەنچى كامىل	headword	1283_2L.png	verified
D02-15863	ئىشەنچسىز	headword	1284_1R.png	unverified
D02-15864	ئىشەنچسىزلىك	headword	1284_1R.png	unverified
D02-15865	ئىشەنچلىك	headword	1284_1R.png	unverified
D02-15866	ئىشەندۈرەرلىك	headword	1284_1R.png	unverified
D02-15867	ئىشەندۈرمەك	headword	1284_1R.png	unverified
D02-15868	ئىشەندۈرۈشمەك	headword	1284_1R.png	unverified
D02-15869	ئىشەندۈرۈلمەك	headword	1284_1R.png	unverified
D02-15870	ئىشەنمەك	headword	1284_1R.png	verified
D02-15871	ئىشپىيون	headword	1284_1R.png	unverified
D02-15872	ئىشپىيونلۇق	headword	1284_1R.png	unverified
D02-15873	ئىشتاب	headword	1284_1R.png	verified
D02-15873-i1	ئىشتابى	inflected	1284_1R.png	verified
D02-15874	ئىشتات	headword	1284_2L.png	verified
D02-15874-i1	ئىشتاتى	inflected	1284_2L.png	verified
D02-15876	ئىشتاتلىق	headword	1284_2L.png	unverified
D02-15877	ئىشتان	headword	1284_2L.png	unverified
D02-15878	ئىشتانغا چىقىرىۋەتمەك	headword	1284_2L.png	unverified
D02-15879	ئىشتىنى تىزىدىن ئاشماسلىق	headword	1284_2L.png	unverified
D02-15880	ئىشتىنىغا پىت تاشلىماق	headword	1284_2L.png	unverified
D02-15881	ئىشتىنى ئىككى بولۇپ قالماق	headword	1284_2L.png	unverified
D02-15882	ئىشتانباغ	headword	1284_2L.png	unverified
D02-15883	ئىشتانبېغى بوش	headword	1284_2L.png	verified
D02-15884	ئىشتانپايپاق	headword	1284_2L.png	unverified
D02-15885	ئىشتانچاق	headword	1284_2L.png	unverified
D02-15886	ئىشتانسىز	headword	1284_2L.png	unverified
D02-15887	ئىشتانكا	headword	1284_2L.png	unverified
D02-15888	ئىشتان- كۆڭلەك	headword	1285_1R.png	unverified
D02-15889	ئىشتانگېنىسىركۇل	headword	1285_1R.png	verified
D02-15890	ئىشتانلىق	headword	1285_1R.png	unverified
D02-15891	ئىشتە	headword	1285_1R.png	verified
D02-15892	ئىشتەي	headword	1285_1R.png	unverified
D02-15893	ئىشتىراك	headword	1285_1R.png	unverified
D02-15894	ئىشتىراكچى	headword	1285_1R.png	unverified
D02-15895	ئىشتىك	headword	1285_1R.png	unverified
D02-15896	ئىشتىھا	headword	1285_1R.png	unverified
D02-15897	ئىشتىھاسىزلىق	headword	1285_1R.png	unverified
D02-15898	ئىشتىھالىق	headword	1285_1R.png	unverified
D02-15899	ئىشتىياق	headword	1285_1R.png	unverified
D02-15900	ئىشچان	headword	1285_1R.png	unverified
D02-15901	ئىشچانلىق	headword	1285_1R.png	verified
D02-15902	ئىشچى ھەرە	headword	1285_2L.png	unverified
D02-15903	ئىشچى - خىزمەتچى	headword	1285_2L.png	unverified
D02-15904	ئىشچى - دېھقان	headword	1285_2L.png	unverified
D02-15905	ئىشچىلىق	headword	1285_2L.png	unverified
D02-15906	ئىشخانا	headword	1285_2L.png	unverified
D02-15907	ئىشداش	headword	1285_2L.png	unverified
D02-15908	ئىشداشلىق	headword	1285_2L.png	unverified
D02-15909	ئىشرەت	headword	1285_2L.png	unverified
D02-15910	ئىشرەتپەرەس	headword	1285_2L.png	unverified
D02-15911	ئىشرەتپەرەسلىك	headword	1285_2L.png	unverified
D02-15912	ئىشرەتخانا	headword	1285_2L.png	unverified
D02-15913	ئىشرەتخۇمار	headword	1285_2L.png	unverified
D02-15914	ئىشرەتخۇمارلىق	headword	1286_1R.png	unverified
D02-15915	ئىشرەتگاھ	headword	1286_1R.png	unverified
D02-15916	ئىشرەتلىك	headword	1286_1R.png	unverified
D02-15917	ئىشسىز	headword	1286_1R.png	unverified
D02-15918	ئىشسىزلىق	headword	1286_1R.png	unverified
D02-15919	ئىششەك	headword	1286_1R.png	unverified
D02-15920	ئىششەك-نىمئىششەك	headword	1286_1R.png	unverified
D02-15921	ئىششىتماق	headword	1286_1R.png	unverified
D02-15922	ئىششىق	headword	1286_1R.png	unverified
D02-15923	ئىششىماق	headword	1286_1R.png	unverified
D02-15924	ئىشغال	headword	1286_1R.png	unverified
D02-15925	ئىشغالىيەت	headword	1286_1R.png	unverified
D02-15926	ئىشغالىيەتچى	headword	1286_1R.png	unverified
D02-15927	ئىشق	headword	1286_1R.png	unverified
D02-15928	ئىشقارخور	headword	1286_2L.png	verified
D02-15929	ئىشقارخۇمار	headword	1286_2L.png	unverified
D02-15930	ئىشقارلىق	headword	1286_2L.png	unverified
D02-15931	ئىشقارىي	headword	1286_2L.png	verified
D02-15932	ئىشق - پىراق	headword	1286_2L.png	verified
D02-15933	ئىشقسىز	headword	1286_2L.png	verified
D02-15934	ئىشق - مۇھەببەت	headword	1286_2L.png	verified
D02-15935	ئىشقۋاز	headword	1286_2L.png	unverified
D02-15936	ئىشقۋازلىق	headword	1286_2L.png	unverified
D02-15937	ئىشقىلاتماق	headword	1286_2L.png	unverified
D02-15938	ئىشقىلاشماق	headword	1286_2L.png	unverified
D02-15939	ئىشقىلانماق	headword	1286_2L.png	unverified
D02-15940	ئىشقىلىپ	headword	1286_2L.png	unverified
D02-15941	ئىشقىلىماق	headword	1286_2L.png	unverified
D02-15942	ئىشقىي	headword	1286_2L.png	unverified
D02-15943	ئىشكاپ	headword	1286_2L.png	verified
D02-15944	ئىشكالا	headword	1286_2L.png	unverified
D02-15945	ئىشكەل	headword	1287_1R.png	unverified
D02-15946	ئىشكەللەشمەك	headword	1287_1R.png	unverified
D02-15947	ئىشكەللەنمەك	headword	1287_1R.png	unverified
D02-15948	ئىشكەللىمەك	headword	1287_1R.png	unverified
D02-15949	ئىشلەپچىقارماق	headword	1287_1R.png	unverified
D02-15950	ئىشلەتمەك	headword	1287_1R.png	unverified
D02-15951	ئىشلەشمەك	headword	1287_1R.png	unverified
D02-15952	ئىشلەمچان	headword	1287_1R.png	unverified
D02-15953	ئىشلەمچانلىق	headword	1287_1R.png	unverified
D02-15954	ئىشلەمچى	headword	1287_1R.png	unverified
D02-15955	ئىشلەمچىلىك	headword	1287_1R.png	unverified
D02-15956	ئىشلەنمەك	headword	1287_2L.png	verified
D02-15957	ئىشلىتىشچان	headword	1287_2L.png	unverified
D02-15958	ئىشلىتىشچانلىق	headword	1287_2L.png	unverified
D02-15959	ئىشلىق	headword	1287_2L.png	unverified
D02-15960	ئىشلىمە	headword	1287_2L.png	unverified
D02-15961	ئىشلىمەك	headword	1287_2L.png	unverified
D02-15962	ئىشمەك	headword	1287_2L.png	unverified
D02-15963	ئىشمەر	headword	1287_2L.png	verified
D02-15964	ئىش- ھەرىكەت	headword	1288_1R.png	unverified
D02-15965	ئىش - ئوقەت	headword	1288_1R.png	unverified
D02-15966	ئىشۋاز	headword	1288_1R.png	unverified
D02-15967	ئىشۋازلىق	headword	1288_1R.png	unverified
D02-15968	ئىشىتكۈزمەك	headword	1288_1R.png	unverified
D02-15969	ئىشىتمەك	headword	1288_1R.png	unverified
D02-15970	ئىشىتىشمەك	headword	1288_1R.png	unverified
D02-15971	ئىشىتىلمەك	headword	1288_1R.png	unverified
D02-15972	ئىشىك	headword	1288_1R.png	unverified
D02-15973	ئىشىك ئاچتى	headword	1288_1R.png	unverified
D02-15974	ئىشىكنى تاقىۋېلىش سىياسىتى	headword	1288_1R.png	unverified
D02-15975	ئىشىكنى ئېچىۋېتىش سىياسىتى	headword	1288_1R.png	unverified
D02-15976	ئىشىك ئۇچى	headword	1288_2L.png	verified
D02-15977	ئىشىكىمىز ئوچۇق	headword	1288_2L.png	unverified
D02-15978	ئىشىكئاغىسى	headword	1288_2L.png	unverified
D02-15979	ئىشىكباقار	headword	1288_2L.png	unverified
D02-15980	ئىشىكبېشى	headword	1288_2L.png	unverified
D02-15981	ئىشىكتە	headword	1288_2L.png	unverified
D02-15982	ئىشىنەر-ئىشەنمەي	headword	1288_2L.png	unverified
D02-15983	ئىغۋا	headword	1288_2L.png	unverified
D02-15984	ئىغۋاچى	headword	1288_2L.png	unverified
D02-15985	ئىغۋاگەر	headword	1288_2L.png	unverified
D02-15986	ئىغۋاگەرچىلىك	headword	1288_2L.png	unverified
D02-15987	ئىقبال	headword	1288_2L.png	verified
D02-15987-i1	ئىقبالى	inflected	1288_2L.png	verified
D02-15988	ئىقبالسېرى	headword	1288_2L.png	unverified
D02-15989	ئىقباللىق	headword	1288_2L.png	unverified
D02-15990	ئىقتىباس	headword	1288_2L.png	unverified
D02-15991	ئىقتىدا	headword	1288_2L.png	unverified
D02-15992	ئىقتىدار	headword	1289_1R.png	verified
D02-15993	ئىقتىدارسىزلاشتۇرماق	headword	1289_1R.png	verified
D02-15994	ئىقتىدارسىزلاشتۇرۇلماق	headword	1289_1R.png	unverified
D02-15995	ئىقتىدارسىزلاشماق	headword	1289_1R.png	unverified
D02-15996	ئىقتىدارسىزلىق	headword	1289_1R.png	unverified
D02-15997	ئىقتىدارلاشماق	headword	1289_1R.png	verified
D02-15998	ئىقتىدارلىق	headword	1289_1R.png	unverified
D02-15999	ئىقتىساد	headword	1289_1R.png	unverified
D02-16000	ئىقتىسادچان	headword	1289_2L.png	unverified
D02-16001	ئىقتىسادچانلىق	headword	1289_2L.png	unverified
D02-16002	ئىقتىسادچى	headword	1289_2L.png	unverified
D02-16003	ئىقتىسادچىل	headword	1289_2L.png	unverified
D02-16004	ئىقتىسادچىللىق	headword	1289_2L.png	unverified
D02-16005	ئىقتىسادشۇناس	headword	1289_2L.png	unverified
D02-16006	ئىقتىسادشۇناسلىق	headword	1289_2L.png	unverified
D02-16007	ئىقتىسادلىق	headword	1289_2L.png	unverified
D02-16008	ئىقتىسادۋاز	headword	1289_2L.png	unverified
D02-16009	ئىقتىسادىي	headword	1289_2L.png	unverified
D02-16010	ئىقتىسادىي ئالاھىدە رايون	headword	1289_2L.png	verified
D02-16011	ئىقرار	headword	1290_1R.png	unverified
D02-16012	ئىقرارنامە	headword	1290_1R.png	unverified
D02-16013	ئىقلىم	headword	1290_1R.png	unverified
D02-16014	ئىقلىمىيا	headword	1290_1R.png	unverified
D02-16015	ئىكتى	headword	1290_1R.png	unverified
D02-16016	ئىكرام	headword	1290_1R.png	unverified
D02-16017	ئىككى	headword	1290_1R.png	unverified
D02-16018	ئىككى ئارىلىق بولۇپ قالماق	headword	1290_1R.png	unverified
D02-16019	ئىككى ئالەم	headword	1290_1R.png	unverified
D02-16020	ئىككى باشنى بىر قىلىپ قويماق	headword	1290_1R.png	verified
D02-16021	ئىككى بىسلىق	headword	1290_1R.png	verified
D02-16022	ئىككى پۇتى بىر ئۆتۈككە تىقىلماق	headword	1290_2L.png	verified
D02-16023	ئىككى پۇتى گۆرگە ساڭگىلىماق	headword	1290_2L.png	unverified
D02-16024	ئىككى پۇتى ئۆرە قالماق	headword	1290_2L.png	unverified
D02-16025	ئىككى پۇل	headword	1290_2L.png	unverified
D02-16026	ئىككى پۇلغا ئالمايدۇ	headword	1290_2L.png	unverified
D02-16027	ئىككى تاشنىڭ ئارىلىقىدا يانجىلماق	headword	1290_2L.png	verified
D02-16028	ئىككى تايىن	headword	1290_2L.png	unverified
D02-16029	ئىككى تايىن بولماق	headword	1290_2L.png	unverified
D02-16030	ئىككى توغقان	headword	1290_2L.png	unverified
D02-16031	ئىككى تىللىق	headword	1290_2L.png	unverified
D02-16032	ئىككى دۇنيا	headword	1290_2L.png	unverified
D02-16033	ئىككى دۇنيا بولۇشۇپ كەتمەك	headword	1290_2L.png	unverified
D02-16034	ئىككى دۇنيالىق	headword	1290_2L.png	verified
D02-16035	ئىككى قوشۇقتا ئاش ئىچكۈدەك بولماق	headword	1291_1R.png	unverified
D02-16036	ئىككى قول	headword	1291_1R.png	unverified
D02-16037	ئىككى قولدا تۇتماق	headword	1291_1R.png	unverified
D02-16038	ئىككى قولغا تايانماق	headword	1291_1R.png	unverified
D02-16039	ئىككى قوللاپ	headword	1291_1R.png	unverified
D02-16040	ئىككى قوللۇق	headword	1291_1R.png	unverified
D02-16041	ئىككى قولىنى بۇرنىغا تىقىپ	headword	1291_1R.png	unverified
D02-16042	ئىككى قۇتۇپ	headword	1291_1R.png	unverified
D02-16043	ئىككى كۆزى تۆت بولماق	headword	1291_1R.png	unverified
D02-16044	ئىككى كۈنلۈك ئۆمرى قالماق	headword	1291_1R.png	unverified
D02-16045	ئىككى كۈننىڭ بىرىدە	headword	1291_1R.png	unverified
D02-16046	ئىككى كېمىگە دەسسىمەك	headword	1291_1R.png	unverified
D02-16047	ئىككى گەپنىڭ بىرىدە	headword	1291_1R.png	verified
D02-16048	ئىككى ئېغىز گەپ	headword	1291_2L.png	unverified
D02-16049	ئىككى ئىشتاننى بالدۇر يىرتقان	headword	1291_2L.png	unverified
D02-16050	ئىككى ياقلىما	headword	1291_2L.png	unverified
D02-16051	ئىككى ياقلىمىلىق	headword	1291_2L.png	unverified
D02-16052	ئىككى يانغا قارىماق	headword	1291_2L.png	unverified
D02-16053	ئىككى يۈزلىمە	headword	1291_2L.png	unverified
D02-16054	ئىككى يۈزلىمىچى	headword	1291_2L.png	unverified
D02-16055	ئىككى يۈزلىمىلىك	headword	1291_2L.png	unverified
D02-16056	ئىككىقات	headword	1291_2L.png	unverified
D02-16057	ئىككىلەنمەچى	headword	1291_2L.png	verified
D02-16058	ئىككىلەنمەك	headword	1291_2L.png	unverified
D02-16059	ئىككىلىك	headword	1291_2L.png	unverified
D02-16060	ئىككىنچى	headword	1292_1R.png	unverified
D02-16061	ئىككىنچى ئالەم تېزلىكى	headword	1292_1R.png	unverified
D02-16062	ئىككىنچى ئاي	headword	1292_1R.png	verified
D02-16063	ئىككىنچى جو	headword	1292_1R.png	unverified
D02-16064	ئىككىنچىدىن	headword	1292_1R.png	unverified
D02-16065	ئىككىنچىلەپ	headword	1292_1R.png	unverified
D02-16066	ئىككىنچىلىك	headword	1292_1R.png	unverified
D02-16067	ئىككىيلەن	headword	1292_1R.png	unverified
D02-16068	ئىكىر - چىكىر	headword	1292_1R.png	unverified
D02-16069	ئىكىرلىك	headword	1292_1R.png	unverified
D02-16070	ئىكىندى	headword	1292_1R.png	unverified
D02-16071	ئىگە	headword	1292_1R.png	unverified
D02-16072	ئىگە-چاقا	headword	1292_2L.png	unverified
D02-16073	ئىگە-چاقىسىز	headword	1292_2L.png	unverified
D02-16074	ئىگەكىم	headword	1292_2L.png	verified
D02-16075	ئىگرېك	headword	1292_2L.png	unverified
D02-16076	ئىگىچە	headword	1292_2L.png	unverified
D02-16077	ئىگىدار	headword	1292_2L.png	unverified
D02-16078	ئىگىدارچىلىق	headword	1292_2L.png	unverified
D02-16079	ئىگىدارلىق	headword	1292_2L.png	unverified
D02-16080	ئىگىسىز	headword	1292_2L.png	unverified
D02-16081	ئىگىسىزلىك	headword	1292_2L.png	unverified
D02-16082	ئىگىلەتمەك	headword	1292_2L.png	unverified
D02-16083	ئىگىلەشمەك	headword	1292_2L.png	unverified
D02-16084	ئىگىلەنمەك	headword	1292_2L.png	unverified
D02-16085	ئىگىلىك	headword	1293_1R.png	unverified
D02-16086	ئىگىلىك باشقۇرۇش	headword	1293_1R.png	unverified
D02-16087	ئىگىلىك كېلىش	headword	1293_1R.png	unverified
D02-16088	ئىگىلىك ھوقۇقى	headword	1293_1R.png	unverified
D02-16089	ئىگىلىمەك	headword	1293_1R.png	unverified
D02-16090	ئىڭە	headword	1293_1R.png	unverified
D02-16091	ئىڭەلەتمەك	headword	1293_1R.png	unverified
D02-16092	ئىڭەلەشمەك	headword	1293_1R.png	unverified
D02-16093	ئىڭەلەمەك	headword	1293_1R.png	unverified
D02-16094	ئىڭە - ئىڭە	headword	1293_1R.png	unverified
D02-16095	ئىڭراشماق	headword	1293_2L.png	verified
D02-16096	ئىڭراق	headword	1293_2L.png	unverified
D02-16097	ئىڭرىماق	headword	1293_2L.png	unverified
D02-16098	ئىڭغىرچاق	headword	1293_2L.png	unverified
D02-16099	ئىڭگەكلىمەك	headword	1293_2L.png	unverified
D02-16100	ئىڭگىلىك	headword	1293_2L.png	unverified
D02-16101	ئىل ئاشى	headword	1293_2L.png	unverified
D02-16102	ئىلاج	headword	1293_2L.png	unverified
D02-16103	ئىلاجسىز	headword	1293_2L.png	unverified
D02-16104	ئىلاجسىزلىق	headword	1293_2L.png	unverified
D02-16105	ئىلاھ	headword	1293_2L.png	unverified
D02-16106	ئىلاھائامىن	headword	1293_2L.png	unverified
D02-16107	ئىلاھە	headword	1293_2L.png	verified
D02-16108	ئىلاھچىلىق	headword	1293_2L.png	unverified
D02-16109	ئىلاھسىزلىق	headword	1293_2L.png	unverified
D02-16110	ئىلاھشۇناس	headword	1293_2L.png	verified
D02-16111	ئىلاھشۇناسلىق	headword	1293_2L.png	verified
D02-16112	ئىلاھىي	headword	1294_1R.png	unverified
D02-16113	ئىلاھىيەت	headword	1294_1R.png	unverified
D02-16114	ئىلاھىيەتچى	headword	1294_1R.png	unverified
D02-16115	ئىلاھىيەتچىلىك	headword	1294_1R.png	unverified
D02-16116	ئىلاھىيەتشۇناس	headword	1294_1R.png	unverified
D02-16117	ئىلاھىيەتشۇناسلىق	headword	1294_1R.png	unverified
D02-16118	ئىلاھىيەتلىك	headword	1294_1R.png	unverified
D02-16119	ئىلاھىيلاشتۇرماق	headword	1294_1R.png	unverified
D02-16120	ئىلاھىيلاشتۇرۇشماق	headword	1294_1R.png	unverified
D02-16121	ئىلاھىيلاشتۇرۇلماق	headword	1294_1R.png	unverified
D02-16122	ئىلاھىيلاشماق	headword	1294_1R.png	unverified
D02-16123	ئىلاۋە	headword	1294_1R.png	unverified
D02-16124	ئىلە	headword	1294_1R.png	unverified
D02-16125	ئىلەشتۈرمەك	headword	1294_1R.png	verified
D02-16126	ئىلەشتۈرۈشمەك	headword	1294_1R.png	unverified
D02-16127	ئىلەشتۈرۈلمەك	headword	1294_2L.png	unverified
D02-16128	ئىلەشكەك	headword	1294_2L.png	unverified
D02-16129	ئىلەشمەك	headword	1294_2L.png	unverified
D02-16130	ئىلەڭ	headword	1294_2L.png	unverified
D02-16131	ئىلەڭچى	headword	1294_2L.png	unverified
D02-16132	ئىلەڭ - سىلەڭ	headword	1294_2L.png	verified
D02-16133	ئىلەڭگۈتەڭ	headword	1294_2L.png	unverified
D02-16134	ئىلەڭگۈچ	headword	1294_2L.png	unverified
D02-16135	ئىلەنمەك	headword	1294_2L.png	unverified
D02-16136	ئىلتمەك	headword	1294_2L.png	unverified
D02-16137	ئىلتىپات	headword	1294_2L.png	unverified
D02-16138	ئىلتىپاتچى	headword	1294_2L.png	unverified
D02-16139	ئىلتىپاتسىز	headword	1294_2L.png	unverified
D02-16140	ئىلتىپاتسىزلىق	headword	1294_2L.png	unverified
D02-16141	ئىلتىجا	headword	1295_1R.png	verified
D02-16142	ئىلتىجالىق	headword	1295_1R.png	unverified
D02-16143	ئىلتىماس	headword	1295_1R.png	unverified
D02-16144	ئىلتىماسنامە	headword	1295_1R.png	unverified
D02-16145	ئىلدام	headword	1295_1R.png	unverified
D02-16146	ئىلداملاتماق	headword	1295_1R.png	unverified
D02-16147	ئىلداملاشماق	headword	1295_1R.png	unverified
D02-16148	ئىلداملىتىلماق	headword	1295_1R.png	unverified
D02-16149	ئىلداملىق	headword	1295_1R.png	unverified
D02-16150	ئىلداملىماق	headword	1295_1R.png	unverified
D02-16151	ئىلدام-ئىلدام	headword	1295_1R.png	unverified
D02-16152	ئىلدۇرماق	headword	1295_1R.png	unverified
D02-16153	ئىلدۇرۇشماق	headword	1295_1R.png	unverified
D02-16154	ئىلدۇرۇلماق	headword	1295_1R.png	unverified
D02-16155	ئىلغا	headword	1295_2L.png	verified
D02-16157	ئىلغا قىلماق	headword	1295_2L.png	unverified
D02-16158	ئىلغاتماق	headword	1295_2L.png	unverified
D02-16159	ئىلغار	headword	1295_2L.png	unverified
D02-16160	ئىلغارلاشتۇرماق	headword	1295_2L.png	unverified
D02-16161	ئىلغارلاشتۇرۇلماق	headword	1295_2L.png	unverified
D02-16162	ئىلغارلاشماق	headword	1295_2L.png	unverified
D02-16163	ئىلغارلىق	headword	1295_2L.png	unverified
D02-16164	ئىلغاشماق	headword	1295_2L.png	unverified
D02-16165	ئىلغاندى	headword	1295_2L.png	unverified
D02-16166	ئىلغۇ	headword	1296_1R.png	verified
D02-16167	ئىلغۇچ	headword	1296_1R.png	unverified
D02-16168	ئىلغىتىلماق	headword	1296_1R.png	unverified
D02-16169	ئىلغىماق	headword	1296_1R.png	unverified
D02-16170	ئىلكەشمەك	headword	1296_1R.png	unverified
D02-16171	ئىلگەك	headword	1296_1R.png	unverified
D02-16172	ئىلگىرى	headword	1296_1R.png	unverified
D02-16173	ئىلگىرى سۈرمەك	headword	1296_1R.png	unverified
D02-16174	ئىلگىرى كەلمەك	headword	1296_1R.png	unverified
D02-16175	ئىلگىرى-ئاخىر	headword	1296_1R.png	unverified
D02-16176	ئىلگىرى-كېيىن	headword	1296_1R.png	unverified
D02-16177	ئىلگىرىكى	headword	1296_1R.png	unverified
D02-16178	ئىلگىرىلىتىلمەك	headword	1296_1R.png	unverified
D02-16179	ئىلگىرىلىتىشمەك	headword	1296_1R.png	unverified
D02-16181	ئىلگىرىلىك	headword	1296_2L.png	verified
D02-16182	ئىلگىرىلىمە	headword	1296_2L.png	verified
D02-16183	ئىلگىرىلىمەك	headword	1296_2L.png	unverified
D02-16184	ئىللا - بىللا	headword	1296_2L.png	verified
D02-16185	ئىللا - تاۋارا	headword	1296_2L.png	unverified
D02-16186	ئىللەت	headword	1296_2L.png	unverified
D02-16187	ئىللەتسىز	headword	1296_2L.png	unverified
D02-16188	ئىللەتلىك	headword	1296_2L.png	unverified
D02-16189	ئىللېكس	headword	1296_2L.png	unverified
D02-16190	ئىللىتماق	headword	1296_2L.png	unverified
D02-16191	ئىللىتىشماق	headword	1296_2L.png	unverified
D02-16192	ئىللىتىلماق	headword	1296_2L.png	unverified
D02-16193	ئىللىق	headword	1296_2L.png	unverified
D02-16194	ئىللىقلاشتۇرماق	headword	1296_2L.png	unverified
D02-16195	ئىللىقلاشتۇرۇلماق	headword	1297_1R.png	verified
D02-16196	ئىللىقلاشماق	headword	1297_1R.png	verified
D02-16197	ئىللىقلىق	headword	1297_1R.png	unverified
D02-16198	ئىللىماق	headword	1297_1R.png	unverified
D02-16200	ئىلماق	headword	1297_1R.png	unverified
D02-16201	ئىلمان	headword	1297_1R.png	unverified
D02-16202	ئىلمە	headword	1297_1R.png	unverified
D02-16204	ئىلمەك	headword	1297_1R.png	unverified
D02-16205	ئىلمەك گەپ	headword	1297_1R.png	unverified
D02-16206	ئىلمەكلىك	headword	1297_1R.png	verified
D02-16207	ئىلمۇئېرپان	headword	1297_1R.png	unverified
D02-16208	ئىلمىنۇجۇم	headword	1297_1R.png	unverified
D02-16208-v1	ئاسترونومىيە	variant	1297_1R.png	unverified
D02-16209	ئىلمىي	headword	1297_2L.png	unverified
D02-16210	ئىلمىيلىك	headword	1297_2L.png	unverified
D02-16211	ئىلھام	headword	1297_2L.png	unverified
D02-16212	ئىلھامبەخش	headword	1297_2L.png	unverified
D02-16213	ئىلھامچى	headword	1297_2L.png	unverified
D02-16214	ئىلھاملاندۇرماق	headword	1297_2L.png	unverified
D02-16215	ئىلھاملاندۇرۇشماق	headword	1297_2L.png	unverified
D02-16216	ئىلھاملاندۇرۇلماق	headword	1297_2L.png	unverified
D02-16217	ئىلھاملانماق	headword	1297_2L.png	unverified
D02-16218	ئىلۆھ	headword	1297_2L.png	unverified
D02-16219	ئىلىتماق	headword	1297_2L.png	unverified
D02-16220	ئىلىتمەك	headword	1297_2L.png	unverified
D02-16221	ئىلىتىشماق	headword	1297_2L.png	verified
D02-16222	ئىلىتىلماق	headword	1297_2L.png	verified
D02-16223	ئىلىشتۇرماق	headword	1298_1R.png	verified
D02-16225	ئىلىشتۇرۇشماق	headword	1298_1R.png	verified
D02-16226	ئىلىشتۇرۇلماق	headword	1298_1R.png	unverified
D02-16227	ئىلىشما	headword	1298_1R.png	unverified
D02-16228	ئىلىشماق	headword	1298_1R.png	unverified
D02-16230	ئىلىشمان	headword	1298_1R.png	unverified
D02-16231	ئىلىشمانلىق	headword	1298_1R.png	unverified
D02-16232	ئىلىق	headword	1298_1R.png	unverified
D02-16233	ئىلىقلىق	headword	1298_1R.png	verified
D02-16234	ئىلىك	headword	1298_1R.png	unverified
D02-16235	ئىلىك ئالماق	headword	1298_1R.png	unverified
D02-16236	ئىلىكتەللە	headword	1298_1R.png	verified
D02-16237	ئىلىكتەلمەك	headword	1298_1R.png	unverified
D02-16238	ئىلىم	headword	1298_1R.png	unverified
D02-16239	ئىلىم نوپۇزلۇقى	headword	1298_2L.png	unverified
D02-16241	ئىلىمەك	headword	1298_2L.png	unverified
D02-16242	ئىلىم - بىلىم	headword	1298_2L.png	unverified
D02-16243	ئىلىمپەرۋەر	headword	1298_2L.png	verified
D02-16244	ئىلىمپەرۋەرلىك	headword	1298_2L.png	verified
D02-16245	ئىلىم - پەن	headword	1298_2L.png	unverified
D02-16246	ئىلىمسىز	headword	1298_2L.png	unverified
D02-16247	ئىلىمسىزلىك	headword	1298_2L.png	unverified
D02-16248	ئىلىمشۇناس	headword	1298_2L.png	unverified
D02-16249	ئىلىمشۇناسلىق	headword	1298_2L.png	unverified
D02-16250	ئىلىمگەر	headword	1298_2L.png	verified
D02-16251	ئىلىمگەرلىك	headword	1298_2L.png	verified
D02-16252	ئىلىملىك	headword	1298_2L.png	unverified
D02-16253	ئىلىم - مەرىپەت	headword	1298_2L.png	unverified
D02-16254	ئىلىم - ئېرپان	headword	1299_1R.png	verified
D02-16255	ئىلىنچۈك	headword	1299_1R.png	verified
D02-16256	ئىلىنچىق	headword	1299_1R.png	unverified
D02-16257	ئىلىندۇرماق	headword	1299_1R.png	unverified
D02-16258	ئىلىندۇرۇشماق	headword	1299_1R.png	unverified
D02-16259	ئىلىندۇرۇلماق	headword	1299_1R.png	unverified
D02-16260	ئىلىنماق	headword	1299_1R.png	unverified
D02-16261	ئىلىنىشماق	headword	1299_1R.png	unverified
D02-16262	ئىم	headword	1299_1R.png	unverified
D02-16263	ئىما	headword	1299_1R.png	unverified
D02-16264	ئىمارەت	headword	1299_1R.png	unverified
D02-16265	ئىمارەتچىلىك	headword	1299_1R.png	unverified
D02-16266	ئىمارەتلىك	headword	1299_1R.png	unverified
D02-16267	ئىماژنىزم	headword	1299_1R.png	unverified
D02-16268	ئىمام	headword	1299_2L.png	verified
D02-16269	ئىمامەت	headword	1299_2L.png	unverified
D02-16270	ئىمامەتچىلىك	headword	1299_2L.png	unverified
D02-16271	ئىماملىق	headword	1299_2L.png	unverified
D02-16272	ئىمان	headword	1299_2L.png	unverified
D02-16273	ئىمانى بۇلغانماق	headword	1299_2L.png	verified
D02-16274	ئىمانى كامىل	headword	1299_2L.png	unverified
D02-16275	ئىمانى ئۇچماق	headword	1299_2L.png	unverified
D02-16276	ئىمانسىز	headword	1299_2L.png	unverified
D02-16277	ئىمانلىق	headword	1299_2L.png	unverified
D02-16278	ئىما- ئىشارە	headword	1300_1R.png	unverified
D02-16278-v1	ئىما - ئىشارەت	variant	1300_1R.png	unverified
D02-16279	ئىما- ئىشارەت	headword	1300_1R.png	unverified
D02-16280	ئىما- ئىشارەت تىلى	headword	1300_1R.png	unverified
D02-16281	ئىما- ئىشارەتلىك	headword	1300_1R.png	unverified
D02-16282	ئىمە تۇتماق	headword	1300_1R.png	unverified
D02-16283	ئىمپورت	headword	1300_1R.png	unverified
D02-16284	ئىمپۇلس	headword	1300_1R.png	unverified
D02-16285	ئىمپۇلسلىق	headword	1300_1R.png	unverified
D02-16286	ئىمپېراتور	headword	1300_1R.png	unverified
D02-16287	ئىمپېراتورلۇق	headword	1300_1R.png	unverified
D02-16288	ئىمپېرىيالىزم	headword	1300_1R.png	unverified
D02-16288-v1	جاھانگىرلىك	variant	1300_1R.png	unverified
D02-16289	ئىمپېرىيالىست	headword	1300_1R.png	unverified
D02-16289-v1	جاھانگىر	variant	1300_1R.png	unverified
D02-16290	ئىمپېرىيە	headword	1300_1R.png	unverified
D02-16291	ئىمتىلائىي	headword	1300_1R.png	unverified
D02-16292	ئىمتىلائىي كېسەللىكلەر	headword	1300_1R.png	unverified
D02-16293	ئىمتىھان	headword	1300_1R.png	unverified
D02-16294	ئىمتىھانلىق	headword	1300_2L.png	verified
D02-16295	ئىمتىياز	headword	1300_2L.png	unverified
D02-16296	ئىمتىيازچىلىق	headword	1300_2L.png	unverified
D02-16297	ئىمتىيازسىز	headword	1300_2L.png	unverified
D02-16298	ئىمتىيازلىق	headword	1300_2L.png	unverified
D02-16299	ئىمزا	headword	1300_2L.png	unverified
D02-16300	ئىمزاسىز	headword	1300_2L.png	unverified
D02-16301	ئىمزالاتماق	headword	1300_2L.png	unverified
D02-16302	ئىمزالاشماق	headword	1300_2L.png	unverified
D02-16303	ئىمزالانماق	headword	1300_2L.png	unverified
D02-16304	ئىمزالىق	headword	1300_2L.png	unverified
D02-16305	ئىمزالىماق	headword	1300_2L.png	unverified
D02-16306	ئىمزەڭگۈ	headword	1300_2L.png	verified
D02-16307	ئىمكان	headword	1300_2L.png	unverified
D02-16308	ئىمكان بار	headword	1300_2L.png	unverified
D02-16309	ئىمكان بەرمەك	headword	1301_1R.png	unverified
D02-16310	ئىمكانقەدەر	headword	1301_1R.png	unverified
D02-16311	ئىمكانىيەت	headword	1301_1R.png	unverified
D02-16312	ئىمكانىيەتسىز	headword	1301_1R.png	unverified
D02-16313	ئىمكانىيەتسىزلىك	headword	1301_1R.png	unverified
D02-16314	ئىمكانىيەتلىك	headword	1301_1R.png	unverified
D02-16315	ئىملا	headword	1301_1R.png	unverified
D02-16316	ئىملا قائىدىسى	headword	1301_1R.png	unverified
D02-16317	ئىملىق	headword	1301_1R.png	unverified
D02-16318	ئىممۇنوبىيولوگىيە	headword	1301_2L.png	verified
D02-16319	ئىممۇنوپاتولوگىيە	headword	1301_2L.png	unverified
D02-16320	ئىممۇنوخىمىيە	headword	1301_2L.png	unverified
D02-16321	ئىممۇنوفارماكولوگىيە	headword	1301_2L.png	verified
D02-16322	ئىممۇنوگېماتولوگىيە	headword	1301_2L.png	unverified
D02-16323	ئىممۇنوگېن	headword	1301_2L.png	unverified
D02-16324	ئىممۇنوگېنېتىكا	headword	1301_2L.png	unverified
D02-16325	ئىممۇنولوگىيە	headword	1301_2L.png	unverified
D02-16326	ئىممۇنولوگىيەلىك	headword	1301_2L.png	unverified
D02-16327	ئىممۇنىتېت	headword	1301_2L.png	verified
D02-16328	ئىممۇنىتېتچان	headword	1301_2L.png	unverified
D02-16329	ئىممۇنىتېتچانلىق	headword	1301_2L.png	unverified
D02-16330	ئىممۇنىتېتلاندۇرماق	headword	1301_2L.png	verified
D02-16331	ئىممۇنىتېتلاندۇرۇشماق	headword	1302_1R.png	unverified
D02-16332	ئىممۇنىتېتلاندۇرۇلماق	headword	1302_1R.png	unverified
D02-16333	ئىممۇنىتېتلانماق	headword	1302_1R.png	unverified
D02-16334	ئىممۇنىتېتلىغۇچى	headword	1302_1R.png	unverified
D02-16335	ئىممۇنىتېتلىق	headword	1302_1R.png	unverified
D02-16336	ئىممۇنىتېتلىماق	headword	1302_1R.png	unverified
D02-16337	ئىمىر - چىمىر	headword	1302_1R.png	unverified
D02-16338	ئىمىش	headword	1302_1R.png	verified
D02-16339	ئىمىلەكلىمەك	headword	1302_1R.png	verified
D02-16340	ئىن	headword	1302_1R.png	unverified
D02-16341-v1	بۆلە	variant	1302_1R.png	verified
D02-16342	ئىناق	headword	1302_1R.png	verified
D02-16343	ئىناقسىز	headword	1302_2L.png	unverified
D02-16344	ئىناقسىزلىق	headword	1302_2L.png	unverified
D02-16345	ئىناقلاشتۇرماق	headword	1302_2L.png	unverified
D02-16346	ئىناقلاشتۇرۇشماق	headword	1302_2L.png	unverified
D02-16347	ئىناقلاشتۇرۇلماق	headword	1302_2L.png	unverified
D02-16348	ئىناقلاشماق	headword	1302_2L.png	unverified
D02-16349	ئىناقلىق	headword	1302_2L.png	unverified
D02-16350	ئىنئام	headword	1302_2L.png	unverified
D02-16351	ئىنئانچى	headword	1302_2L.png	unverified
D02-16352	ئىنانماق	headword	1302_2L.png	verified
D02-16353	ئىناۋەت	headword	1302_2L.png	unverified
D02-16354	ئىناۋەتسىز	headword	1302_2L.png	unverified
D02-16355	ئىناۋەتسىز قىلماق	headword	1302_2L.png	unverified
D02-16356	ئىناۋەتسىزلىك	headword	1302_2L.png	unverified
D02-16357	ئىناۋەتلىك	headword	1302_2L.png	unverified
D02-16358	ئىنايەت	headword	1303_1R.png	unverified
D02-16359	ئىنايەتنامە	headword	1303_1R.png	unverified
D02-16360	ئىنەك	headword	1303_1R.png	unverified
D02-16361	ئىنەكپىتى	headword	1303_1R.png	verified
D02-16361-v1	ئابدىمىلىك	variant	1303_1R.png	verified
D02-16362	ئىن-تاڭ	headword	1303_1R.png	unverified
D02-16363	ئىنتايىن	headword	1303_1R.png	unverified
D02-16364	ئىنتىرادا	headword	1303_1R.png	unverified
D02-16365	ئىنتوناتسىيە	headword	1303_1R.png	unverified
D02-16366	ئىنتوناتسىيەلىك	headword	1303_1R.png	unverified
D02-16367	ئىنتېرفېرومېتىر	headword	1303_1R.png	verified
D02-16368	ئىنتېرفېرون	headword	1303_1R.png	unverified
D02-16369	ئىنتېرفېرىنسىيە	headword	1303_2L.png	unverified
D02-16370	ئىنتېرفېرىنسىيەلىك	headword	1303_2L.png	unverified
D02-16371	ئىنتېرناتسىيونال	headword	1303_2L.png	unverified
D02-16372	ئىنتېرناتسىيونالچى	headword	1303_2L.png	unverified
D02-16373	ئىنتېرناتسىيونالىزم	headword	1303_2L.png	unverified
D02-16374	ئىنتېرناتسىيونالىزملىق	headword	1303_2L.png	unverified
D02-16375	ئىنتېرۋال	headword	1303_2L.png	unverified
D02-16376	ئىنتېگرال	headword	1303_2L.png	unverified
D02-16377	ئىنتېگراللاندۇرماق	headword	1303_2L.png	verified
D02-16378	ئىنتېگراللاندۇرۇشماق	headword	1303_2L.png	verified
D02-16379	ئىنتېگراللاندۇرۇلماق	headword	1303_2L.png	verified
D02-16380	ئىنتېگراللانغۇچى	headword	1303_2L.png	unverified
D02-16381	ئىنتېگراللانماق	headword	1303_2L.png	unverified
D02-16382	ئىنتېگراللىماق	headword	1303_2L.png	unverified
D02-16383	ئىنتىزار	headword	1303_2L.png	unverified
D02-16384	ئىنتىزارلىق	headword	1303_2L.png	unverified
D02-16385	ئىنتىزام	headword	1304_1R.png	unverified
D02-16386	ئىنتىزام جازاسى	headword	1304_1R.png	unverified
D02-16387	ئىنتىزامچان	headword	1304_1R.png	unverified
D02-16388	ئىنتىزامچانلىق	headword	1304_1R.png	unverified
D02-16389	ئىنتىزامسىز	headword	1304_1R.png	unverified
D02-16390	ئىنتىزامسىزلاشماق	headword	1304_1R.png	unverified
D02-16391	ئىنتىزامسىزلىق	headword	1304_1R.png	unverified
D02-16392	ئىنتىزاملاشتۇرماق	headword	1304_1R.png	unverified
D02-16393	ئىنتىزاملاشتۇرۇشماق	headword	1304_1R.png	unverified
D02-16394	ئىنتىزاملاشتۇرۇلماق	headword	1304_1R.png	unverified
D02-16395	ئىنتىزاملاشماق	headword	1304_1R.png	unverified
D02-16396	ئىنتىزاملىق	headword	1304_1R.png	unverified
D02-16397	ئىنتىقام	headword	1304_1R.png	unverified
D02-16398	ئىنتىلدۈرمەك	headword	1304_1R.png	verified
D02-16399	ئىنتىلدۈرۈشمەك	headword	1304_2L.png	verified
D02-16400	ئىنتىلدۈرۈلمەك	headword	1304_2L.png	verified
D02-16401	ئىنتىلمەك	headword	1304_2L.png	unverified
D02-16402	ئىنتىلىشچان	headword	1304_2L.png	unverified
D02-16403	ئىنتىلىشچانلىق	headword	1304_2L.png	unverified
D02-16404	ئىنتىلىشمەك	headword	1304_2L.png	unverified
D02-16405	ئىنتىم	headword	1304_2L.png	unverified
D02-16406	ئىنتىم لىرىكا	headword	1304_2L.png	unverified
D02-16407	ئىنجا	headword	1304_2L.png	unverified
D02-16408-i1	ئىنجاسى	inflected	1304_2L.png	verified
D02-16410	ئىنجىتماق	headword	1304_2L.png	unverified
D02-16411	ئىنجىق	headword	1304_2L.png	unverified
D02-16412	ئىنجىقلاتماق	headword	1304_2L.png	unverified
D02-16413	ئىنجىقلاشماق	headword	1304_2L.png	unverified
D02-16414	ئىنجىقلىق	headword	1304_2L.png	unverified
D02-16415	ئىنجىقلىماق	headword	1304_2L.png	unverified
D02-16416	ئىنجىل	headword	1305_1R.png	unverified
D02-16417	ئىنجىمارۇق	headword	1305_1R.png	unverified
D02-16418	ئىنجىماق	headword	1305_1R.png	unverified
D02-16419	ئىنچىكە	headword	1305_1R.png	unverified
D02-16420	ئىنچىكە بەل	headword	1305_1R.png	unverified
D02-16421	ئىنچىكە تىلى بار	headword	1305_1R.png	unverified
D02-16422	ئىنچىكە سۇۋاق	headword	1305_1R.png	verified
D02-16423	ئىنچىكە ئۈچەي	headword	1305_1R.png	unverified
D02-16424	ئىنچىكىلەتمەك	headword	1305_1R.png	unverified
D02-16425	ئىنچىكىلەشتۈرمەك	headword	1305_1R.png	unverified
D02-16426	ئىنچىكىلەشمەك	headword	1305_1R.png	unverified
D02-16427	ئىنچىكىلەنمەك	headword	1305_1R.png	unverified
D02-16428	ئىنچىكىلىك	headword	1305_1R.png	unverified
D02-16429	ئىندوس	headword	1305_2L.png	verified
D02-16430	ئىندوس قومۇشى	headword	1305_2L.png	unverified
D02-16431	ئىندول	headword	1305_2L.png	unverified
D02-16432	ئىندۇكتور	headword	1305_2L.png	unverified
D02-16433	ئىندۇكتىپ	headword	1305_2L.png	unverified
D02-16434	ئىندۇكسىيە	headword	1305_2L.png	unverified
D02-16435	ئىندۇكسىيەلەندۈرمەك	headword	1305_2L.png	unverified
D02-16436	ئىندۇكسىيەلەندۈرۈشمەك	headword	1305_2L.png	unverified
D02-16437	ئىندۇكسىيەلەندۈرۈلمەك	headword	1305_2L.png	unverified
D02-16438	ئىندۇكسىيەلەنمەك	headword	1305_2L.png	unverified
D02-16439	ئىندۇكسىيەلىك	headword	1305_2L.png	unverified
D02-16440	ئىندۇكسىيەلىك توك	headword	1305_2L.png	unverified
D02-16441	ئىندۇكسىيەلىمەك	headword	1305_2L.png	verified
D02-16442	ئىندېكىس	headword	1306_1R.png	verified
D02-16443	ئىندېكىسلىق	headword	1306_1R.png	unverified
D02-16444	ئىندېن	headword	1306_1R.png	unverified
D02-16445	ئىندىكاتور	headword	1306_1R.png	unverified
D02-16446	ئىندىن	headword	1306_1R.png	unverified
D02-16447	ئىندىنلىق	headword	1306_1R.png	unverified
D02-16448	ئىندىۋىد	headword	1306_1R.png	unverified
D02-16449	ئىندىۋىدلىق	headword	1306_1R.png	unverified
D02-16450	ئىندىۋىدۇئال	headword	1306_1R.png	verified
D02-16451	ئىندىۋىدۇئاللاشتۇرماق	headword	1306_1R.png	verified
D02-16452	ئىندىۋىدۇئاللاشتۇرۇشماق	headword	1306_1R.png	verified
D02-16453	ئىندىۋىدۇئاللاشتۇرۇلماق	headword	1306_2L.png	verified
D02-16454	ئىندىۋىدۇئاللاشماق	headword	1306_2L.png	unverified
D02-16455	ئىندىۋىدۇئاللىق	headword	1306_2L.png	unverified
D02-16456	ئىندىي	headword	1306_2L.png	unverified
D02-16457	ئىندىيان	headword	1306_2L.png	unverified
D02-16458	ئىنژېنېر	headword	1306_2L.png	unverified
D02-16459	ئىنژېنېرلىق	headword	1306_2L.png	unverified
D02-16460	ئىنساب	headword	1306_2L.png	unverified
D02-16461	ئىنسابقا كەلتۈرمەك	headword	1306_2L.png	unverified
D02-16462	ئىنساب-تەۋپىق	headword	1306_2L.png	unverified
D02-16463	ئىنساب-دىيانەت	headword	1306_2L.png	unverified
D02-16464	ئىنسابسىز	headword	1306_2L.png	unverified
D02-16465	ئىنسابسىزلىق	headword	1306_2L.png	unverified
D02-16466	ئىنسابلىق	headword	1307_1R.png	unverified
D02-16467	ئىنسان	headword	1307_1R.png	unverified
D02-16468	ئىنسان قېلىپىدىن چىقماق	headword	1307_1R.png	unverified
D02-16469	ئىنسانپەرۋەر	headword	1307_1R.png	unverified
D02-16470	ئىنسانپەرۋەرلىك	headword	1307_1R.png	unverified
D02-16471	ئىنسانچە	headword	1307_1R.png	unverified
D02-16472	ئىنسانچىلىق	headword	1307_1R.png	unverified
D02-16473	ئىنسانشۇناس	headword	1307_1R.png	unverified
D02-16474	ئىنسانشۇناسلىق	headword	1307_1R.png	verified
D02-16475	ئىنسانلارچە	headword	1307_1R.png	unverified
D02-16476	ئىنسانلىق	headword	1307_1R.png	unverified
D02-16477	ئىنسانىي	headword	1307_1R.png	unverified
D02-16478	ئىنسانىيەت	headword	1307_1R.png	unverified
D02-16479	ئىنسانىيلاشتۇرماق	headword	1307_2L.png	verified
D02-16480	ئىنسانىيلاشتۇرۇلماق	headword	1307_2L.png	unverified
D02-16481	ئىنسانىيلاشماق	headword	1307_2L.png	unverified
D02-16482	ئىنسانىيلىق	headword	1307_2L.png	unverified
D02-16483	ئىنستىتۇت	headword	1307_2L.png	verified
D02-16484	ئىنسۇجىن	headword	1307_2L.png	unverified
D02-16485	ئىنسۇلىن	headword	1307_2L.png	unverified
D02-16486	ئىنسىقتى	headword	1307_2L.png	unverified
D02-16487	ئىنشا	headword	1307_2L.png	unverified
D02-16488	ئىنشائات	headword	1307_2L.png	unverified
D02-16489	ئىنشائاللا	headword	1308_1R.png	unverified
D02-16490	ئىنفۇرزورىيە	headword	1308_1R.png	verified
D02-16491	ئىنفىرا	headword	1308_1R.png	verified
D02-16492	ئىنفىرا قىزىل نۇر	headword	1308_1R.png	unverified
D02-16493	ئىنفىلتراتسىيە	headword	1308_1R.png	unverified
D02-16494	ئىنقىلاب	headword	1308_1R.png	unverified
D02-16495	ئىنقىلابچى	headword	1308_1R.png	unverified
D02-16496	ئىنقىلابىي	headword	1308_1R.png	unverified
D02-16497	ئىنقىلابىيلاشتۇرماق	headword	1308_1R.png	unverified
D02-16498	ئىنقىلابىيلاشتۇرۇلماق	headword	1308_2L.png	verified
D02-16499	ئىنقىلابىيلىق	headword	1308_2L.png	unverified
D02-16500	ئىنكار	headword	1308_2L.png	unverified
D02-16501	ئىنكارچى	headword	1308_2L.png	unverified
D02-16502	ئىنكارچىلىق	headword	1308_2L.png	unverified
D02-16503	ئىنكاس	headword	1308_2L.png	unverified
D02-16504	ئىنكاس قايتۇرۇش	headword	1308_2L.png	unverified
D02-16505	ئىنكاسچان	headword	1308_2L.png	unverified
D02-16506	ئىنكاسچانلىق	headword	1308_2L.png	unverified
D02-16507	ئىنكاسسىز	headword	1308_2L.png	unverified
D02-16508	ئىنكۇباتور	headword	1309_1R.png	verified
D02-16509	ئىنگە	headword	1309_1R.png	verified
D02-16510	ئىنگلىز	headword	1309_1R.png	unverified
D02-16511	ئىنگلىزچە	headword	1309_1R.png	unverified
D02-16512	ئىنلىماق	headword	1309_1R.png	unverified
D02-16513	ئىنمەك	headword	1309_1R.png	verified
D02-16514	ئىنېرت	headword	1309_1R.png	unverified
D02-16515	ئىنېرت گازلار	headword	1309_1R.png	unverified
D02-16516	ئىنېرتسىيە	headword	1309_1R.png	unverified
D02-16517	ئىنېرتسىيەسىز	headword	1309_1R.png	unverified
D02-16518	ئىنى	headword	1309_2L.png	verified
D02-16519	ئىنىكئانا	headword	1309_2L.png	verified
D02-16520	ئىنلىق	headword	1309_2L.png	unverified
D02-16521	ئىھاتە	headword	1309_2L.png	unverified
D02-16522	ئىھتىدا	headword	1309_2L.png	unverified
D02-16523	ئىۋا قىلماق	headword	1309_2L.png	unverified
D02-16524	ئىۋرىق	headword	1309_2L.png	unverified
D02-16525	ئىۋىتمەك	headword	1309_2L.png	unverified
D02-16526	ئىۋىق	headword	1309_2L.png	unverified
D02-16527	ئىۋىقلار	headword	1309_2L.png	unverified
D02-16528	ئىۋىقلاندۇرماق	headword	1309_2L.png	unverified
D02-16529	ئىۋىقلاندۇرۇشماق	headword	1309_2L.png	unverified
D02-16530	ئىۋىقلاندۇرۇلماق	headword	1309_2L.png	unverified
D02-16531	ئىۋىقلانماق	headword	1309_2L.png	unverified
D02-16532	ئىۋىقلىماق	headword	1309_2L.png	unverified
D02-16533	ئىۋىكىسېنت	headword	1310_1R.png	verified
D02-16534	ئىۋىمەك	headword	1310_1R.png	unverified
D02-16535	ئىيلەك	headword	1310_1R.png	unverified
D02-16536	ئىيولىت	headword	1310_1R.png	unverified
D02-16537	ئىيون	headword	1310_1R.png	unverified
D02-16539	ئىيونلار	headword	1310_1R.png	unverified
D02-16540	ئىيونلاشتۇرماق	headword	1310_1R.png	unverified
D02-16541	ئىيونلاشماق	headword	1310_1R.png	unverified
D02-16542	ئىيونلانماق	headword	1310_1R.png	unverified
D02-16543	ئىيونلۇق	headword	1310_2L.png	unverified
D02-16544	ئىيونلۇق باغ	headword	1310_2L.png	unverified
D02-16545	ئىيونلىشىش	headword	1310_2L.png	unverified
D02-16546	ئىيونلىماق	headword	1310_2L.png	unverified
D02-16547	ئىيونىتلار	headword	1310_2L.png	verified
D02-16548	ئىيۇل	headword	1310_2L.png	unverified
D02-16549	ئىيۇن	headword	1310_2L.png	unverified
D02-16550	ئىيىن	headword	1310_2L.png	unverified
D02-16551	يا	headword	1311_1R.png	verified
D02-16553	يا ئاق ئەمەس يا كۆك ئەمەس	headword	1311_1R.png	unverified
D02-16554	يا ئاق يا قارا قىلماق	headword	1311_1R.png	unverified
D02-16555	يا ئاق يا كۆك دېمەسلىك	headword	1311_1R.png	unverified
D02-16556	يا بايدىن چىقار يا سايرامدىن	headword	1311_1R.png	verified
D02-16557	يا گۆش ئەمەس يا بەز ئەمەس	headword	1311_1R.png	verified
D02-16558	يا گۆش يا بەز قىلماق	headword	1311_1R.png	verified
D02-16559	يا ئۇنداق يا بۇنداق	headword	1311_2L.png	verified
D02-16560	يا ئۆلۈك ئەمەس يا تىرىك ئەمەس	headword	1311_2L.png	verified
D02-16561	يا ئۆلۈم يا كۆرۈم	headword	1311_2L.png	unverified
D02-16563	يا ئاللا	headword	1311_2L.png	unverified
D02-16564	يابغۇ	headword	1311_2L.png	unverified
D02-16565	ياپا	headword	1311_2L.png	unverified
D02-16566	ياپال	headword	1311_2L.png	unverified
D02-16567	ياپەن	headword	1312_1R.png	unverified
D02-16568	ياپتا	headword	1312_1R.png	unverified
D02-16569	ياپتۇرماق	headword	1312_1R.png	unverified
D02-16570	ياپچان	headword	1312_1R.png	unverified
D02-16571	ياپراق	headword	1312_1R.png	unverified
D02-16572	ياپراقچە	headword	1312_1R.png	unverified
D02-16573	ياپراقسىمان	headword	1312_1R.png	unverified
D02-16574	ياپسار	headword	1312_1R.png	unverified
D02-16575	ياپسار كەلمەك	headword	1312_1R.png	unverified
D02-16576	ياپسارلاتماق	headword	1312_1R.png	verified
D02-16577	ياپسارلاشماق	headword	1312_1R.png	unverified
D02-16578	ياپسارلانماق	headword	1312_1R.png	unverified
D02-16579	ياپسارلىماق	headword	1312_1R.png	unverified
D02-16580	ياپسال	headword	1312_2L.png	unverified
D02-16581	ياپسۇن	headword	1312_2L.png	unverified
D02-16582	ياپشاڭ	headword	1312_2L.png	unverified
D02-16583	ياپقا	headword	1312_2L.png	unverified
D02-16584	ياپقاق	headword	1312_2L.png	unverified
D02-16585	ياپقۇچ	headword	1312_2L.png	unverified
D02-16586	ياپقۇچسىز	headword	1312_2L.png	unverified
D02-16587	ياپقۇچلۇق	headword	1312_2L.png	unverified
D02-16588	ياپما	headword	1312_2L.png	unverified
D02-16589	ياپما قاپاق	headword	1312_2L.png	unverified
D02-16591	ياپماق	headword	1312_2L.png	unverified
D02-16592	ياپمال	headword	1313_1R.png	verified
D02-16593	ياپمىسىغا	headword	1313_1R.png	verified
D02-16594	ياپون	headword	1313_1R.png	unverified
D02-16595	ياپونچە	headword	1313_1R.png	unverified
D02-16596	ياپۇرغا	headword	1313_1R.png	unverified
D02-16597	ياپىسىغا	headword	1313_1R.png	unverified
D02-16598	ياپىلاق	headword	1313_1R.png	unverified
D02-16599	ياپىلاقلاتماق	headword	1313_1R.png	unverified
D02-16600	ياپىلاقلاشتۇرماق	headword	1313_1R.png	verified
D02-16601	ياپىلاقلاشتۇرۇشماق	headword	1313_1R.png	verified
D02-16602	ياپىلاقلاشتۇرۇلماق	headword	1313_1R.png	verified
D02-16604	ياپىلاقلاشماق	headword	1313_1R.png	unverified
D02-16605	ياپىلاقلانماق	headword	1313_1R.png	unverified
D02-16606	يات	headword	1313_2L.png	verified
D02-16607	يات رەڭ	headword	1313_2L.png	unverified
D02-16608	يات قىلىق	headword	1313_2L.png	unverified
D02-16609	ياتاتۇڭ	headword	1313_2L.png	verified
D02-16610	ياتاق	headword	1313_2L.png	unverified
D02-16611	ياتاق يارىسى	headword	1314_1R.png	unverified
D02-16612	ياتاقخانا	headword	1314_1R.png	unverified
D02-16613	ياتاقداش	headword	1314_1R.png	unverified
D02-16614	ياتاقداشلىق	headword	1314_1R.png	unverified
D02-16615	ياتاقسىز	headword	1314_1R.png	unverified
D02-16616	ياتاقلاشتۇرماق	headword	1314_1R.png	unverified
D02-16617	ياتاقلاشماق	headword	1314_1R.png	unverified
D02-16618	ياتاقلىق	headword	1314_1R.png	unverified
D02-16619	ياتاك	headword	1314_1R.png	unverified
D02-16620	ياتسىراتماق	headword	1314_1R.png	unverified
D02-16621	ياتسىراشماق	headword	1314_1R.png	unverified
D02-16622	ياتسىرىماق	headword	1314_1R.png	unverified
D02-16623	ياتسىنماق	headword	1314_1R.png	unverified
D02-16624	ياتقۇ	headword	1314_1R.png	unverified
D02-16625	ياتقۇزماق	headword	1314_1R.png	unverified
D02-16626	ياتقۇزۇشماق	headword	1314_2L.png	verified
D02-16627	ياتقۇزۇلماق	headword	1314_2L.png	unverified
D02-16628	ياتلاشتۇرماق	headword	1314_2L.png	unverified
D02-16629	ياتلاشتۇرۇشماق	headword	1314_2L.png	unverified
D02-16630	ياتلاشتۇرۇلماق	headword	1314_2L.png	unverified
D02-16631	ياتلاشماق	headword	1314_2L.png	unverified
D02-16632	ياتلىق	headword	1314_2L.png	unverified
D02-16633	ياتلىق بولماق	headword	1314_2L.png	unverified
D02-16634	ياتلىق قىلماق	headword	1314_2L.png	unverified
D02-16635	ياتلىۋىلاڭ	headword	1314_2L.png	unverified
D02-16636	ياتما	headword	1314_2L.png	unverified
D02-16637	ياتما ئەمەن	headword	1314_2L.png	unverified
D02-16638	ياتماق	headword	1314_2L.png	unverified
D02-16639	يېتىپ يېمەك	headword	1315_1R.png	unverified
D02-16640	يات - يوپۇر	headword	1315_1R.png	unverified
D02-16641	ياچەن	headword	1315_1R.png	unverified
D02-16642	ياچېيكا	headword	1315_1R.png	unverified
D02-16643	ياچى	headword	1315_1R.png	unverified
D02-16644	ياچىۋەك	headword	1315_1R.png	verified
D02-16645	ياخشى	headword	1315_1R.png	unverified
D02-16646	ياخشى بولماق	headword	1315_1R.png	unverified
D02-16647	ياخشى كۈن	headword	1315_2L.png	verified
D02-16648	ياخشى كۈننىڭ يامىنى بولۇپ قالسا	headword	1315_2L.png	verified
D02-16649	ياخشىچاق	headword	1315_2L.png	unverified
D02-16650	ياخشىچاقلىق	headword	1315_2L.png	unverified
D02-16651	ياخشىسى	headword	1315_2L.png	unverified
D02-16652	ياخشىلاشتۇرماق	headword	1315_2L.png	unverified
D02-16653	ياخشىلاشتۇرۇشماق	headword	1315_2L.png	unverified
D02-16654	ياخشىلاشتۇرۇلماق	headword	1315_2L.png	unverified
D02-16655	ياخشىلاشماق	headword	1315_2L.png	unverified
D02-16656	ياخشىلانماق	headword	1315_2L.png	unverified
D02-16657	ياخشىلىق	headword	1315_2L.png	unverified
D02-16658	ياخشىلىقچە	headword	1315_2L.png	unverified
D02-16659	ياخشى - يامان	headword	1316_1R.png	verified
D02-16660	ياد	headword	1316_1R.png	unverified
D02-16661	يادا	headword	1316_1R.png	unverified
D02-16662	ياداتماق	headword	1316_1R.png	unverified
D02-16663	ياداچى	headword	1316_1R.png	unverified
D02-16664	ياداق	headword	1316_1R.png	unverified
D02-16665	ياداڭ	headword	1316_1R.png	unverified
D02-16666	ياداڭغۇ	headword	1316_1R.png	unverified
D02-16667	ياداڭغۇرىماق	headword	1316_1R.png	unverified
D02-16668	ياداڭغۇلۇق	headword	1316_1R.png	unverified
D02-16669	يادايچا	headword	1316_1R.png	unverified
D02-16670	ياداي - چۇداي	headword	1316_1R.png	unverified
D02-16671	يادرو	headword	1316_1R.png	verified
D02-16672	يادرو رېئاكسىيەسى	headword	1316_1R.png	unverified
D02-16673	يادرو ئېنېرگىيەسى	headword	1316_1R.png	unverified
D02-16674	يادروچاق	headword	1316_1R.png	unverified
D02-16675	يادروسىز	headword	1316_2L.png	verified
D02-16676	يادروسىزلاشتۇرماق	headword	1316_2L.png	verified
D02-16677	يادروسىزلاشتۇرۇشماق	headword	1316_2L.png	verified
D02-16678	يادروسىزلاشتۇرۇلماق	headword	1316_2L.png	verified
D02-16679	يادروسىزلاشماق	headword	1316_2L.png	verified
D02-16680	يادروسىزلاندۇرماق	headword	1316_2L.png	verified
D02-16681	يادروسىزلاندۇرۇشماق	headword	1316_2L.png	verified
D02-16682	يادروسىزلاندۇرۇلماق	headword	1316_2L.png	verified
D02-16683	يادروسىزلانماق	headword	1316_2L.png	verified
D02-16684	يادرولۇق	headword	1316_2L.png	verified
D02-16685	يادلاتماق	headword	1316_2L.png	verified
D02-16686	يادلاشماق	headword	1316_2L.png	verified
D02-16687	يادلانماق	headword	1316_2L.png	unverified
D02-16688	يادلىماق	headword	1316_2L.png	unverified
D02-16689	يادنامە	headword	1317_1R.png	unverified
D02-16690	يادىتاش	headword	1317_1R.png	unverified
D02-16691	يادچى	headword	1317_1R.png	unverified
D02-16692	يادىكار	headword	1317_1R.png	unverified
D02-16693	يادىكارلىق	headword	1317_1R.png	unverified
D02-16694	يادىماق	headword	1317_1R.png	unverified
D02-16695	يار	headword	1317_1R.png	unverified
D02-16696	يار بولماق	headword	1317_2L.png	unverified
D02-16697	يار قىلماق	headword	1317_2L.png	unverified
D02-16699	يار لېۋىگە بېرىپ قالماق	headword	1317_2L.png	unverified
D02-16701	يار بەرمەك	headword	1317_2L.png	unverified
D02-16702	يارا	headword	1317_2L.png	unverified
D02-16703	ياراتقۇچى	headword	1317_2L.png	unverified
D02-16704	ياراتماق	headword	1317_2L.png	unverified
D02-16706	ياراشتۇرماق	headword	1317_2L.png	unverified
D02-16708	ياراشتۇرۇشماق	headword	1317_2L.png	unverified
D02-16709	ياراشتۇرۇلماق	headword	1317_2L.png	unverified
D02-16710	ياراشماق	headword	1317_2L.png	unverified
D02-16712	ياراغ	headword	1318_1R.png	unverified
D02-16713	ياراغبەردار	headword	1318_1R.png	unverified
D02-16714	ياراغ - جابدۇق	headword	1318_1R.png	verified
D02-16715	ياراغسىزلاندۇرماق	headword	1318_1R.png	verified
D02-16716	ياراغسىزلاندۇرۇشماق	headword	1318_1R.png	unverified
D02-16717	ياراغسىزلاندۇرۇلماق	headword	1318_1R.png	unverified
D02-16718	ياراغسىزلانماق	headword	1318_1R.png	unverified
D02-16719	ياراغلىق	headword	1318_1R.png	unverified
D02-16720	ياراق	headword	1318_1R.png	unverified
D02-16721	ياراقسىز	headword	1318_1R.png	unverified
D02-16722	ياراقسىزلىق	headword	1318_1R.png	unverified
D02-16723	ياراقلىق	headword	1318_2L.png	unverified
D02-16724	يارالماق	headword	1318_2L.png	unverified
D02-16725	يارام	headword	1318_2L.png	unverified
D02-16726	يارامسىز	headword	1318_2L.png	unverified
D02-16727	يارامسىزلىق	headword	1318_2L.png	unverified
D02-16728	ياراملىق	headword	1318_2L.png	unverified
D02-16729	يارانماق	headword	1318_2L.png	unverified
D02-16730	يارايدۇ	headword	1318_2L.png	unverified
D02-16731	يارەن	headword	1318_2L.png	unverified
D02-16732	يار-بۇرادەر	headword	1318_2L.png	unverified
D02-16733	يارتا	headword	1318_2L.png	unverified
D02-16734	يارتىلاشماق	headword	1319_1R.png	verified
D02-16735	يارتىلانماق	headword	1319_1R.png	unverified
D02-16736	يارتىلىماق	headword	1319_1R.png	unverified
D02-16737	يار-جانان	headword	1319_1R.png	unverified
D02-16738	يارچەن	headword	1319_1R.png	unverified
D02-16739	يارداڭ	headword	1319_1R.png	unverified
D02-16740	يارداڭلىق	headword	1319_1R.png	unverified
D02-16741	ياردەم	headword	1319_1R.png	unverified
D02-16742	ياردەمچى	headword	1319_1R.png	unverified
D02-16743	ياردەمچى ئادۋوكات	headword	1319_1R.png	unverified
D02-16744	ياردەمچى ئاگرونوم	headword	1319_1R.png	unverified
D02-16745	ياردەمچى بوغالتىر	headword	1319_1R.png	unverified
D02-16746	ياردەمچى تەتقىقاتچى	headword	1319_2L.png	verified
D02-16747	ياردەمچى تەرجىمان	headword	1319_2L.png	unverified
D02-16748	ياردەمچى تىرېنېر	headword	1319_2L.png	unverified
D02-16749	ياردەمچى لېكتور	headword	1319_2L.png	unverified
D02-16750	ياردەمچى مۇخبىر	headword	1319_2L.png	verified
D02-16751	ياردەمچى مۇھەررىر	headword	1319_2L.png	verified
D02-16752	ياردەمچى ئىنژېنېر	headword	1319_2L.png	unverified
D02-16753	ياردەمچىلىك	headword	1319_2L.png	unverified
D02-16754	ياردەمسىز	headword	1319_2L.png	unverified
D02-16755	ياردەملەشتۈرمەك	headword	1319_2L.png	unverified
D02-16756	ياردەملەشتۈرۈشمەك	headword	1319_2L.png	unverified
D02-16757	ياردەملەشتۈرۈلمەك	headword	1319_2L.png	unverified
D02-16758	ياردەملەشمەك	headword	1319_2L.png	unverified
D02-16759	يار - دوست	headword	1319_2L.png	unverified
D02-16760	يارسىز	headword	1319_2L.png	unverified
D02-16761	يارشىق	headword	1319_2L.png	unverified
D02-16762	يارغۇزماق	headword	1320_1R.png	verified
D02-16763	يارغۇزۇشماق	headword	1320_1R.png	unverified
D02-16764	يارغۇزۇلماق	headword	1320_1R.png	unverified
D02-16765	يارغۇنچاق	headword	1320_1R.png	unverified
D02-16766	يارقىن	headword	1320_1R.png	unverified
D02-16767	يارقىنلاتماق	headword	1320_1R.png	unverified
D02-16768	يارقىنلاشتۇرماق	headword	1320_1R.png	unverified
D02-16769	يارقىنلانماق	headword	1320_1R.png	unverified
D02-16770	يارقىنلىق	headword	1320_1R.png	unverified
D02-16771	يارقىنلىماق	headword	1320_1R.png	unverified
D02-16772	يارگۈل	headword	1320_1R.png	unverified
D02-16773	يارلىق	headword	1320_1R.png	unverified
D02-16775	يارلىقچى	headword	1320_2L.png	unverified
D02-16776	يارلىقئوت	headword	1320_2L.png	unverified
D02-16777	يارما	headword	1320_2L.png	unverified
D02-16778	يارما ئاش	headword	1320_2L.png	unverified
D02-16779	يارما پولۇ	headword	1320_2L.png	unverified
D02-16780	يارما شاپتۇل	headword	1320_2L.png	unverified
D02-16781	يارما ئۇلاق	headword	1320_2L.png	verified
D02-16783	يارماق	headword	1320_2L.png	unverified
D02-16785	يارماقچىلىك	headword	1321_1R.png	unverified
D02-16786	يارماقسىز	headword	1321_1R.png	unverified
D02-16787	يارماقگۈل	headword	1321_1R.png	verified
D02-16788	يارماقلىق	headword	1321_1R.png	unverified
D02-16789	يارمىچى	headword	1321_1R.png	unverified
D02-16790	يارمىچىلىق	headword	1321_1R.png	unverified
D02-16791	يارمىداتماق	headword	1321_1R.png	unverified
D02-16792	يارمىداشماق	headword	1321_1R.png	unverified
D02-16793	يارمىدالماق	headword	1321_1R.png	unverified
D02-16794	يارمىدىماق	headword	1321_1R.png	verified
D02-16795	ياروۋىزاتسىيە	headword	1321_2L.png	verified
D02-16796	يارىتىشچان	headword	1321_2L.png	verified
D02-16797	يارىتىشچانلىق	headword	1321_2L.png	verified
D02-16798	يارىتىشماق	headword	1321_2L.png	verified
D02-16799	يارىتىلما	headword	1321_2L.png	verified
D02-16800	يارىتىلماق	headword	1321_2L.png	verified
D02-16801	يارىدار	headword	1321_2L.png	unverified
D02-16802	يارىدارلىق	headword	1321_2L.png	unverified
D02-16803	يارىشا	headword	1321_2L.png	verified
D02-16804	يارىشىرىق	headword	1321_2L.png	verified
D02-16805	يارىشىق	headword	1322_1R.png	unverified
D02-16806	يارىشىقىدا	headword	1322_1R.png	verified
D02-16807	يارىشىمسىز	headword	1322_1R.png	unverified
D02-16808	يارىشىملىق	headword	1322_1R.png	unverified
D02-16809	يارىغۇسىز	headword	1322_1R.png	unverified
D02-16810	يارىلاندۇرماق	headword	1322_1R.png	unverified
D02-16811	يارىلانماق	headword	1322_1R.png	unverified
D02-16812	يارىماس	headword	1322_1R.png	unverified
D02-16813	يارىماسلىق	headword	1322_1R.png	unverified
D02-16814	يارىماق	headword	1322_1R.png	unverified
D02-16815	يارىيار	headword	1322_1R.png	unverified
D02-16816	يار- يار	headword	1322_2L.png	unverified
D02-16817	يار- يۆلەك	headword	1322_2L.png	unverified
D02-16818	ياريېلىم	headword	1322_2L.png	unverified
D02-16819	ياز	headword	1322_2L.png	unverified
D02-16820	يازا	headword	1322_2L.png	unverified
D02-16821	يازارمەن	headword	1322_2L.png	unverified
D02-16822	يازدۇرماق	headword	1322_2L.png	unverified
D02-16823	يازدۇرۇشماق	headword	1322_2L.png	unverified
D02-16824	يازدۇرۇلماق	headword	1322_2L.png	unverified
D02-16825	يازغازىڭى	headword	1322_2L.png	unverified
D02-16826	يازغۇچى	headword	1322_2L.png	unverified
D02-16827	يازغۇچىلىق	headword	1322_2L.png	unverified
D02-16828	يازغى	headword	1323_1R.png	unverified
D02-16829	يازلىق	headword	1323_1R.png	unverified
D02-16830	يازلىق كۈن - تۈن توختىشى	headword	1323_1R.png	unverified
D02-16831	يازلىماق	headword	1323_1R.png	unverified
D02-16832	يازما	headword	1323_1R.png	unverified
D02-16833	يازماق	headword	1323_1R.png	unverified
D02-16834	يازمۇياز	headword	1323_1R.png	unverified
D02-16835	يازمىش	headword	1323_1R.png	unverified
D02-16836	يازۇق	headword	1323_1R.png	unverified
D02-16837	يازىچە	headword	1323_1R.png	unverified
D02-16838	ياساتتۇرماق	headword	1323_1R.png	unverified
D02-16839	ياساتتۇرۇشماق	headword	1323_1R.png	unverified
D02-16840	ياساتتۇرۇلماق	headword	1323_1R.png	unverified
D02-16841	ياساتماق	headword	1323_1R.png	unverified
D02-16842	ياساشتۇرماق	headword	1323_1R.png	unverified
D02-16843	ياساشتۇرۇشماق	headword	1323_1R.png	unverified
D02-16844	ياساشتۇرۇلماق	headword	1323_2L.png	unverified
D02-16845	ياساشماق	headword	1323_2L.png	unverified
D02-16846	ياساق	headword	1323_2L.png	unverified
D02-16847	ياساقبېگى	headword	1323_2L.png	unverified
D02-16848	ياساقچى	headword	1323_2L.png	unverified
D02-16849	ياساقسىز	headword	1323_2L.png	unverified
D02-16851	ياساقلىق	headword	1323_2L.png	unverified
D02-16852	ياسالما	headword	1323_2L.png	unverified
D02-16853	ياسالماق	headword	1323_2L.png	unverified
D02-16854	ياسالمىلىق	headword	1323_2L.png	unverified
D02-16855	ياسانچۇق	headword	1323_2L.png	unverified
D02-16856	ياسانچۇقلۇق	headword	1323_2L.png	unverified
D02-16857	ياساندۇرماق	headword	1323_2L.png	unverified
D02-16858	ياساندۇرۇشماق	headword	1324_1R.png	unverified
D02-16859	ياساندۇرۇلماق	headword	1324_1R.png	unverified
D02-16860	ياسانماق	headword	1324_1R.png	unverified
D02-16861	ياساۋۇل	headword	1324_1R.png	unverified
D02-16862	ياساۋۇللۇق	headword	1324_1R.png	unverified
D02-16863	ياستۇق	headword	1324_1R.png	unverified
D02-16864	ياستۇقنى قىرلاپ ئۇخلىماق	headword	1324_1R.png	unverified
D02-16865	ياستۇقنى قىرلاپ ياتماق	headword	1324_1R.png	unverified
D02-16866	ياسىداق	headword	1324_1R.png	unverified
D02-16867	ياسىداقلىق	headword	1324_1R.png	unverified
D02-16868	ياسىغۇچى	headword	1324_1R.png	unverified
D02-16869	ياسىق	headword	1324_1R.png	unverified
D02-16870	ياسىما	headword	1324_1R.png	unverified
D02-16871	ياسىماق	headword	1324_1R.png	unverified
D02-16872	ياسىمىلىق	headword	1324_2L.png	verified
D02-16873	ياسىنىشماق	headword	1324_2L.png	verified
D02-16874	ياسىن	headword	1324_2L.png	unverified
D02-16875	ياش	headword	1324_2L.png	unverified
D02-16878	ياشاتماق	headword	1324_2L.png	unverified
D02-16879	ياشارتماق	headword	1325_1R.png	unverified
D02-16880	ياشارتىلماق	headword	1325_1R.png	unverified
D02-16881	ياشارماق	headword	1325_1R.png	unverified
D02-16882	ياشاشماق	headword	1325_1R.png	unverified
D02-16883	ياشاڭغىراتماق	headword	1325_1R.png	verified
D02-16884	ياشاڭغىرىماق	headword	1325_1R.png	unverified
D02-16885	ياشانماق	headword	1325_1R.png	unverified
D02-16886	ياشسىز	headword	1325_1R.png	unverified
D02-16887	ياش-قۇرام	headword	1325_1R.png	unverified
D02-16888	ياش-قېرى	headword	1325_1R.png	unverified
D02-16889	ياشلاشتۇرماق	headword	1325_1R.png	unverified
D02-16890	ياشلاشماق	headword	1325_1R.png	unverified
D02-16891	ياشلانماق	headword	1325_1R.png	unverified
D02-16892	ياشلىق	headword	1325_2L.png	unverified
D02-16893	ياشلىق قىلماق	headword	1325_2L.png	unverified
D02-16896	ياشلىماق	headword	1325_2L.png	unverified
D02-16898	ياشمان	headword	1325_2L.png	unverified
D02-16899	ياشناتماق	headword	1325_2L.png	unverified
D02-16900	ياشناشماق	headword	1325_2L.png	unverified
D02-16901	ياشنىماق	headword	1325_2L.png	unverified
D02-16902	ياشىرىشماق	headword	1325_2L.png	verified
D02-16903	ياشىماق	headword	1325_2L.png	unverified
D02-16904	ياغ	headword	1326_1R.png	unverified
D02-16905	ياغ پۇراتماق	headword	1326_1R.png	unverified
D02-16906	ياغ تۆكۈلسە يالىغۇدەك	headword	1326_1R.png	unverified
D02-16907	ياغ چاينىماق	headword	1326_1R.png	unverified
D02-16908	ياغ ئىچىدىكى بۆرەكتەك	headword	1326_1R.png	unverified
D02-16909	ياغاچ	headword	1326_1R.png	unverified
D02-16910	ياغاچ ئات	headword	1326_1R.png	unverified
D02-16911	ياغاچ غوللۇق ئۆسۈملۈكلەر	headword	1326_1R.png	unverified
D02-16912	ياغاچ قۇلاق	headword	1326_1R.png	unverified
D02-16913	ياغاچ ئوشتۇماق	headword	1326_2L.png	unverified
D02-16914	ياغاچ- تاش	headword	1326_2L.png	unverified
D02-16915	ياغاچچى	headword	1326_2L.png	unverified
D02-16916	ياغاچچىلىق	headword	1326_2L.png	unverified
D02-16917	ياغاچلاشماق	headword	1326_2L.png	unverified
D02-16918	ياغاچلىق	headword	1326_2L.png	verified
D02-16919	ياغاق	headword	1326_2L.png	verified
D02-16920	ياغاقلاشماق	headword	1326_2L.png	verified
D02-16921	ياغبېغىر	headword	1326_2L.png	verified
D02-16922	ياغچى	headword	1326_2L.png	unverified
D02-16923	ياغچىلىق	headword	1326_2L.png	unverified
D02-16924	ياغدۇرماق	headword	1326_2L.png	unverified
D02-16925	ياغدۇرۇشماق	headword	1326_2L.png	unverified
D02-16926	ياغدۇرۇلماق	headword	1326_2L.png	unverified
D02-16927	ياغسىراتماق	headword	1326_2L.png	unverified
D02-16928	ياغسىراشماق	headword	1326_2L.png	verified
D02-16929	ياغسىز	headword	1327_1R.png	unverified
D02-16930	ياغلاتماق	headword	1327_1R.png	unverified
D02-16931	ياغلار	headword	1327_1R.png	unverified
D02-16932	ياغلاشماق	headword	1327_1R.png	unverified
D02-16933	ياغلامچى	headword	1327_1R.png	unverified
D02-16934	ياغلامچىلىق	headword	1327_1R.png	unverified
D02-16935	ياغلانماق	headword	1327_1R.png	unverified
D02-16936	ياغلىشاڭغۇ	headword	1327_1R.png	unverified
D02-16937	ياغلىغۇ	headword	1327_1R.png	unverified
D02-16938	ياغلىق	headword	1327_1R.png	unverified
D02-16940	ياغلىق قاپاق	headword	1327_2L.png	verified
D02-16941	ياغلىق ئۆرۈك	headword	1327_2L.png	unverified
D02-16942	ياغلىق ئۈچەي	headword	1327_2L.png	unverified
D02-16943	ياغلىقچى	headword	1327_2L.png	unverified
D02-16944	ياغلىققارا	headword	1327_2L.png	unverified
D02-16945	ياغلىقلىق	headword	1327_2L.png	unverified
D02-16946	ياغلىقئوت	headword	1327_2L.png	unverified
D02-16947	ياغلىما	headword	1327_2L.png	unverified
D02-16948	ياغلىماق	headword	1327_2L.png	unverified
D02-16949	ياغلىمىچى	headword	1327_2L.png	unverified
D02-16950	ياغلىمىچىلىق	headword	1327_2L.png	unverified
D02-16951	ياغلىمىلىق	headword	1328_1R.png	unverified
D02-16952	ياغما	headword	1328_1R.png	unverified
D02-16953	ياغماق	headword	1328_1R.png	unverified
D02-16954	ياغى	headword	1328_1R.png	unverified
D02-16955	ياغىلىق	headword	1328_1R.png	unverified
D02-16956	ياق	headword	1328_1R.png	unverified
D02-16958	ياقا	headword	1328_1R.png	unverified
D02-16960	ياقا تۇتۇشماق	headword	1328_1R.png	verified
D02-16961	ياقا سىقىشماق	headword	1328_2L.png	unverified
D02-16962	ياقا يىرتماق	headword	1328_2L.png	unverified
D02-16963	ياقىسىدا گۈلەڭگۈچ ئۇچماق	headword	1328_2L.png	unverified
D02-16964	ياقىسىدىن ئالماق	headword	1328_2L.png	unverified
D02-16965	ياقىسىنى چىشلىمەك	headword	1328_2L.png	unverified
D02-16967	ياقاڭلىماق	headword	1328_2L.png	unverified
D02-16968	ياقا-ياۋان	headword	1328_2L.png	unverified
D02-16969	ياقتۇرماق	headword	1328_2L.png	verified
D02-16972	ياقتۇرۇشماق	headword	1328_2L.png	verified
D02-16973	ياقلاتماق	headword	1328_2L.png	verified
D02-16974	ياقلاشماق	headword	1328_2L.png	verified
D02-16975	ياقلانماق	headword	1328_2L.png	verified
D02-16976	ياقلىغۇچى	headword	1328_2L.png	verified
D02-16977	ياقلىما	headword	1328_2L.png	verified
D02-16978	ياقلىماق	headword	1328_2L.png	verified
D02-16979	ياقلىمىلىق	headword	1329_1R.png	unverified
D02-16980	ياقما	headword	1329_1R.png	unverified
D02-16981	ياقماق	headword	1329_1R.png	unverified
D02-16984	ياقۇت	headword	1329_1R.png	unverified
D02-16986	ياقۇتچە	headword	1329_2L.png	unverified
D02-16987	ياقۇتسىز	headword	1329_2L.png	unverified
D02-16988	ياقۇتلۇق	headword	1329_2L.png	unverified
D02-16989	ياقىسىز	headword	1329_2L.png	unverified
D02-16990	ياقىلاتماق	headword	1329_2L.png	unverified
D02-16991	ياقىلاشماق	headword	1329_2L.png	unverified
D02-16993	ياقىلانماق	headword	1329_2L.png	unverified
D02-16994	ياقىلىق	headword	1329_2L.png	unverified
D02-16995	ياقىلىماق	headword	1329_2L.png	unverified
D02-16996	ياقىماق	headword	1329_2L.png	unverified
D02-16997	ياكسا	headword	1329_2L.png	unverified
D02-16998	ياكور	headword	1329_2L.png	unverified
D02-16999	ياكى	headword	1329_2L.png	unverified
D02-17000	ياڭاق	headword	1329_2L.png	verified
D02-17002	ياڭاقچى	headword	1330_1R.png	unverified
D02-17003	ياڭاقچىلىق	headword	1330_1R.png	unverified
D02-17004	ياڭاقلىق	headword	1330_1R.png	unverified
D02-17005	ياڭپايلى	headword	1330_1R.png	unverified
D02-17007	ياڭراتقۇ	headword	1330_1R.png	unverified
D02-17008	ياڭراتماق	headword	1330_1R.png	unverified
D02-17009	ياڭراشماق	headword	1330_1R.png	unverified
D02-17010	ياڭراق	headword	1330_1R.png	unverified
D02-17011	ياڭراقلىق	headword	1330_1R.png	verified
D02-17013	ياڭزا - ياڭزا	headword	1330_2L.png	verified
D02-17014	ياڭزىمۇياڭزا	headword	1330_2L.png	verified
D02-17015	ياڭسۇڭ	headword	1330_2L.png	verified
D02-17016	ياڭشىماق	headword	1330_2L.png	verified
D02-17018	ياڭيۇگۈل	headword	1330_2L.png	verified
D02-17019	يال	headword	1330_2L.png	unverified
D02-17020	يالا	headword	1330_2L.png	unverified
D02-17021	يالاتماق	headword	1330_2L.png	unverified
D02-17022	يالاشماق	headword	1330_2L.png	verified
D02-17024	يالاق	headword	1331_1R.png	unverified
D02-17025	يالىقىنى يالىماق	headword	1331_1R.png	verified
D02-17026	يالاقچى	headword	1331_1R.png	unverified
D02-17027	يالاقچىلىق	headword	1331_1R.png	unverified
D02-17028	يالاڭ	headword	1331_1R.png	unverified
D02-17030	يالاڭ ئاياغ	headword	1331_1R.png	unverified
D02-17031	يالاڭ تورنىك	headword	1331_1R.png	unverified
D02-17032	يالاڭ تۆش	headword	1331_1R.png	unverified
D02-17033	يالاڭ تىرناق	headword	1331_1R.png	unverified
D02-17034	يالاڭباش	headword	1331_2L.png	unverified
D02-17035	يالاڭباشتاق	headword	1331_2L.png	unverified
D02-17036	يالاڭغىداق	headword	1331_2L.png	unverified
D02-17037	يالاڭقات	headword	1331_2L.png	unverified
D02-17038	يالاڭلىق	headword	1331_2L.png	unverified
D02-17039	يالاڭلىماق	headword	1331_2L.png	unverified
D02-17040	يالاماق	headword	1331_2L.png	unverified
D02-17041	يالاندى	headword	1331_2L.png	unverified
D02-17042	يالانماق	headword	1331_2L.png	unverified
D02-17044	ياله	headword	1331_2L.png	unverified
D02-17045	يالپا	headword	1331_2L.png	unverified
D02-17046	يالپاق	headword	1331_2L.png	unverified
D02-17047	يالپاقلاتماق	headword	1331_2L.png	unverified
D02-17048	يالپاقلاشماق	headword	1331_2L.png	unverified
D02-17049	يالپاقلانماق	headword	1331_2L.png	unverified
D02-17050	يالپاقلىماق	headword	1331_2L.png	unverified
D02-17051	يالپۇز	headword	1331_2L.png	unverified
D02-17052	يالپۇزلۇق	headword	1332_1R.png	unverified
D02-17053	يالت	headword	1332_1R.png	verified
D02-17054	يالتايغاق	headword	1332_1R.png	unverified
D02-17055	يالتايماق	headword	1332_1R.png	unverified
D02-17056	يالتتىدە	headword	1332_1R.png	unverified
D02-17057	يالتىراتماق	headword	1332_1R.png	unverified
D02-17058	يالتىراشماق	headword	1332_1R.png	unverified
D02-17059	يالتىراق	headword	1332_1R.png	unverified
D02-17060	يالتىرىغاق	headword	1332_1R.png	verified
D02-17061	يالتىرماق	headword	1332_2L.png	unverified
D02-17062	يالتىيىشماق	headword	1332_2L.png	verified
D02-17063	يالت - يۇلت	headword	1332_2L.png	unverified
D02-17064	يالجا	headword	1332_2L.png	unverified
D02-17065	يالجىتماق	headword	1332_2L.png	unverified
D02-17066	يالجىشماق	headword	1332_2L.png	unverified
D02-17067	يالجىماق	headword	1332_2L.png	unverified
D02-17069	يالدىماق	headword	1332_2L.png	unverified
D02-17070	يالغان	headword	1332_2L.png	unverified
D02-17071	يالغانچى	headword	1332_2L.png	unverified
D02-17072	يالغانچىلىق	headword	1332_2L.png	unverified
D02-17073	يالغاندىن	headword	1332_2L.png	unverified
D02-17074	يالغانلاشتۇرماق	headword	1332_2L.png	verified
D02-17075	يالغانلاشتۇرۇلماق	headword	1332_2L.png	verified
D02-17076	يالغانلاشماق	headword	1332_2L.png	verified
D02-17077	يالغان - ياۋىداق	headword	1332_2L.png	verified
D02-17078	يالغۇز	headword	1333_1R.png	unverified
D02-17079	يالغۇزەك	headword	1333_1R.png	unverified
D02-17081	يالغۇزچىلىق	headword	1333_1R.png	unverified
D02-17082	يالغۇزدىن-يالغۇز	headword	1333_1R.png	verified
D02-17083	يالغۇزسىرىماق	headword	1333_1R.png	unverified
D02-17084	يالغۇزلۇق	headword	1333_1R.png	unverified
D02-17085	يالقاۋ	headword	1333_1R.png	unverified
D02-17086	يالقاۋلاشتۇرماق	headword	1333_1R.png	unverified
D02-17087	يالقاۋلاشماق	headword	1333_1R.png	unverified
D02-17088	يالقاۋلىق	headword	1333_1R.png	unverified
D02-17089	يالقۇن	headword	1333_1R.png	unverified
D02-17090	يالقۇنجاتماق	headword	1333_2L.png	unverified
D02-17091	يالقۇنجىماق	headword	1333_2L.png	verified
D02-17092	يالقۇنلاتماق	headword	1333_2L.png	unverified
D02-17093	يالقۇنلانماق	headword	1333_2L.png	unverified
D02-17094	يالقۇنلۇق	headword	1333_2L.png	unverified
D02-17095	يالقۇنلىماق	headword	1333_2L.png	unverified
D02-17096	ياللاتماق	headword	1333_2L.png	unverified
D02-17097	ياللاشماق	headword	1333_2L.png	unverified
D02-17098	ياللانغۇچى	headword	1333_2L.png	unverified
D02-17099	ياللانما	headword	1333_2L.png	unverified
D02-17100	ياللانماق	headword	1333_2L.png	unverified
D02-17101	ياللانمىلىق	headword	1333_2L.png	unverified
D02-17102	ياللۇغ	headword	1333_2L.png	verified
D02-17103	ياللۇغلاندۇرماق	headword	1333_2L.png	verified
D02-17104	ياللىغۇچى	headword	1334_1R.png	verified
D02-17105	ياللىق	headword	1334_1R.png	verified
D02-17106	ياللىماق	headword	1334_1R.png	verified
D02-17107	يالماتماق	headword	1334_1R.png	verified
D02-17108	يالماشماق	headword	1334_1R.png	verified
D02-17109	يالمان	headword	1334_1R.png	verified
D02-17110	يالمانچى	headword	1334_1R.png	verified
D02-17111	يالمانقۇلاق	headword	1334_1R.png	unverified
D02-17112	يالمانلىق	headword	1334_1R.png	unverified
D02-17113	يالماۋۇز	headword	1334_1R.png	unverified
D02-17114	يالماۋۇزلارچە	headword	1334_1R.png	unverified
D02-17115	يالۋۇرتماق	headword	1334_2L.png	verified
D02-17116	يالۋۇرماق	headword	1334_2L.png	unverified
D02-17117	يالۋۇرۇشماق	headword	1334_2L.png	unverified
D02-17118	يالىتىلماق	headword	1334_2L.png	verified
D02-17119	يالىچى	headword	1334_2L.png	unverified
D02-17120	يالىخور	headword	1334_2L.png	unverified
D02-17121	يالىخورلۇق	headword	1334_2L.png	unverified
D02-17122	يالىڭاچ	headword	1334_2L.png	unverified
D02-17123	يالىڭاچلاتماق	headword	1334_2L.png	unverified
D02-17124	يالىڭاچلاشماق	headword	1334_2L.png	unverified
D02-17125	يالىڭاچلانماق	headword	1334_2L.png	unverified
D02-17126	يالىڭاچلىق	headword	1335_1R.png	unverified
D02-17127	يالىڭاچلىماق	headword	1335_1R.png	unverified
D02-17128	يالىلداتماق	headword	1335_1R.png	unverified
D02-17129	يالىلداشماق	headword	1335_1R.png	unverified
D02-17130	يالىلدىماق	headword	1335_1R.png	unverified
D02-17131	يالىماق	headword	1335_1R.png	unverified
D02-17133	يال-يال	headword	1335_1R.png	unverified
D02-17134	يام	headword	1335_1R.png	unverified
D02-17135	ياماپ-تۆشەپ	headword	1335_1R.png	unverified
D02-17136	ياماپ-تۆمەپ	headword	1335_1R.png	unverified
D02-17137	ياماشتۇرماق	headword	1335_2L.png	verified
D02-17138	ياماشتۇرۇشماق	headword	1335_2L.png	unverified
D02-17139	ياماشتۇرۇلماق	headword	1335_2L.png	unverified
D02-17140	ياماشقۇچ	headword	1335_2L.png	unverified
D02-17141	ياماشماق	headword	1335_2L.png	unverified
D02-17143	ياماق	headword	1335_2L.png	unverified
D02-17144	ياماقچە	headword	1335_2L.png	unverified
D02-17145	ياماق-چۆمەك	headword	1335_2L.png	unverified
D02-17146	ياماقچى	headword	1336_1R.png	unverified
D02-17147	ياماقچىلىق	headword	1336_1R.png	unverified
D02-17148	ياماقلىق	headword	1336_1R.png	unverified
D02-17149	يامالماق	headword	1336_1R.png	unverified
D02-17150	يامان	headword	1336_1R.png	unverified
D02-17151	يامانلاتماق	headword	1336_1R.png	unverified
D02-17152	يامانلاشتۇرماق	headword	1336_1R.png	unverified
D02-17153	يامانلاشماق	headword	1336_1R.png	unverified
D02-17154	يامانلاق	headword	1336_2L.png	unverified
D02-17155	يامانلاقلىق	headword	1336_2L.png	unverified
D02-17156	يامانلىق	headword	1336_2L.png	unverified
D02-17157	يامانلىقچە	headword	1336_2L.png	unverified
D02-17158	يامانلىماق	headword	1336_2L.png	unverified
D02-17160	يامبۇلۇق	headword	1336_2L.png	unverified
D02-17161	يامچاق	headword	1336_2L.png	unverified
D02-17162	يامداق	headword	1336_2L.png	unverified
D02-17163	يامدىماق	headword	1336_2L.png	verified
D02-17164	يامراتماق	headword	1336_2L.png	unverified
D02-17165	يامراشماق	headword	1336_2L.png	unverified
D02-17166	يامرىماق	headword	1336_2L.png	unverified
D02-17167	يامزال	headword	1336_2L.png	unverified
D02-17168	يامغۇر	headword	1337_1R.png	unverified
D02-17169	يامغۇرسىراشماق	headword	1337_1R.png	unverified
D02-17170	يامغۇرسىرىماق	headword	1337_1R.png	unverified
D02-17171	يامغۇرلۇق	headword	1337_1R.png	unverified
D02-17172	يامغۇر-يېشىن	headword	1337_1R.png	unverified
D02-17173	يامغۇر-يېشىنلىق	headword	1337_1R.png	unverified
D02-17174	يامۇل	headword	1337_1R.png	unverified
D02-17175	يامۇل بېگى	headword	1337_1R.png	unverified
D02-17176	يامىماق	headword	1337_1R.png	unverified
D02-17177	يامىنى	headword	1337_1R.png	verified
D02-17178	يان	headword	1337_1R.png	unverified
D02-17179	يېنى بوش	headword	1337_1R.png	verified
D02-17180	يېنى توم	headword	1337_1R.png	verified
D02-17180-v1	يېنى چىڭ	variant	1337_1R.png	verified
D02-17181	يانار	headword	1337_2L.png	verified
D02-17182	يانار تاغ	headword	1337_2L.png	unverified
D02-17183	يانباغ	headword	1337_2L.png	unverified
D02-17184	يانباغىر	headword	1337_2L.png	unverified
D02-17185	يانباغىرلىماق	headword	1337_2L.png	unverified
D02-17186	يانپاش	headword	1337_2L.png	unverified
D02-17187	يانپاشقا ئالماق	headword	1337_2L.png	unverified
D02-17188	يانپاشقا چىقماق	headword	1337_2L.png	unverified
D02-17189	يانپاشلاتماق	headword	1337_2L.png	unverified
D02-17190	يانپاشلاشماق	headword	1337_2L.png	unverified
D02-17191	يانپاشلانماق	headword	1337_2L.png	unverified
D02-17192	يانپاشلىماق	headword	1337_2L.png	unverified
D02-17193	يانپاي	headword	1337_2L.png	unverified
D02-17195	يانپۇچاق	headword	1337_2L.png	unverified
D02-17196	يانتاق	headword	1338_1R.png	unverified
D02-17197	يانتاقچى	headword	1338_1R.png	unverified
D02-17198	يانتاقچىلىق	headword	1338_1R.png	unverified
D02-17199	يانتاقشېكىرى	headword	1338_1R.png	unverified
D02-17200	يانتاقلىق	headword	1338_1R.png	unverified
D02-17201	يانتاياق	headword	1338_1R.png	unverified
D02-17202	يانتاياقلىق	headword	1338_1R.png	unverified
D02-17203	يانتايتماق	headword	1338_1R.png	unverified
D02-17204	يانتايماق	headword	1338_1R.png	unverified
D02-17205	يانتوقا	headword	1338_1R.png	verified
D02-17206	يانتوقىلىق	headword	1338_1R.png	unverified
D02-17207	يانتۇ	headword	1338_1R.png	unverified
D02-17208	يانتوق	headword	1338_1R.png	unverified
D02-17209	يانتۇلاشماق	headword	1338_1R.png	unverified
D02-17210	يانتۇلۇق	headword	1338_1R.png	unverified
D02-17211	يانتىيىشماق	headword	1338_2L.png	unverified
D02-17212	يانجىتماق	headword	1338_2L.png	unverified
D02-17213	يانجىشماق	headword	1338_2L.png	unverified
D02-17214	يانجىلماق	headword	1338_2L.png	unverified
D02-17215	يانجىماق	headword	1338_2L.png	unverified
D02-17216	يانچە	headword	1338_2L.png	unverified
D02-17217	يانچە-قىرىچە	headword	1338_2L.png	unverified
D02-17218	يانچە-قىرىچە تەگمەك	headword	1338_2L.png	unverified
D02-17219	يانچۇق	headword	1338_2L.png	verified
D02-17220	يانچۇقىغا سالماق	headword	1338_2L.png	verified
D02-17221	يانچۇقچى	headword	1338_2L.png	unverified
D02-17222	يانچۇقچىلىق	headword	1338_2L.png	unverified
D02-17223	يانچۇقلۇق	headword	1338_2L.png	unverified
D02-17224	يانچى	headword	1338_2L.png	unverified
D02-17225	يانچىدار	headword	1338_2L.png	unverified
D02-17226	يانچىلىق	headword	1339_1R.png	unverified
D02-17227	يانداتماق	headword	1339_1R.png	unverified
D02-17228	يانداش	headword	1339_1R.png	unverified
D02-17229	يانداش ئامبال	headword	1339_1R.png	unverified
D02-17230	يانداش قۇربېشى	headword	1339_1R.png	unverified
D02-17231	يانداشتۇرماق	headword	1339_1R.png	unverified
D02-17232	يانداشما	headword	1339_1R.png	unverified
D02-17233	يانداشماق	headword	1339_1R.png	unverified
D02-17234	يانداق	headword	1339_1R.png	unverified
D02-17235	يانداقچى	headword	1339_1R.png	unverified
D02-17236	يانداقچىلىق	headword	1339_1R.png	unverified
D02-17237	ياندالماق	headword	1339_1R.png	unverified
D02-17238	ياندۇرغا	headword	1339_1R.png	unverified
D02-17239	ياندۇرقى	headword	1339_1R.png	unverified
D02-17240	ياندۇرماق	headword	1339_1R.png	unverified
D02-17242	ياندۇرۇشماق	headword	1339_2L.png	verified
D02-17244	ياندۇرۇق	headword	1339_2L.png	unverified
D02-17245	ياندۇرۇقلۇق	headword	1339_2L.png	unverified
D02-17246	ياندۇرۇلماق	headword	1339_2L.png	unverified
D02-17248	ياندىما	headword	1339_2L.png	unverified
D02-17249	ياندىماق	headword	1339_2L.png	unverified
D02-17250	يانغاق	headword	1339_2L.png	unverified
D02-17251	يانغىن	headword	1339_2L.png	unverified
D02-17252	يانقارماق	headword	1340_1R.png	unverified
D02-17253	يانماق	headword	1340_1R.png	unverified
D02-17255	يانمۇيان	headword	1340_1R.png	unverified
D02-17256	يانۋار	headword	1340_1R.png	unverified
D02-17257	ياۋ	headword	1340_1R.png	unverified
D02-17258	ياۋا	headword	1340_1R.png	unverified
D02-17259	ياۋا كەپتەر	headword	1340_1R.png	verified
D02-17260	ياۋاش	headword	1340_1R.png	unverified
D02-17261	ياۋاشلاتماق	headword	1340_2L.png	unverified
D02-17262	ياۋاشلاشماق	headword	1340_2L.png	unverified
D02-17263	ياۋاشلانماق	headword	1340_2L.png	unverified
D02-17264	ياۋاشلىق	headword	1340_2L.png	unverified
D02-17265	ياۋاشلىماق	headword	1340_2L.png	unverified
D02-17266	ياۋاش-يۇمشاق	headword	1340_2L.png	unverified
D02-17267	ياۋان	headword	1340_2L.png	unverified
D02-17268	ياۋايى	headword	1340_2L.png	unverified
D02-17269	ياۋايىلاشتۇرماق	headword	1340_2L.png	unverified
D02-17270	ياۋايىلاشتۇرۇشماق	headword	1340_2L.png	unverified
D02-17271	ياۋايىلاشتۇرۇلماق	headword	1341_1R.png	unverified
D02-17272	ياۋايىلاشماق	headword	1341_1R.png	unverified
D02-17273	ياۋايىلىق	headword	1341_1R.png	unverified
D02-17274	ياۋچى	headword	1341_1R.png	unverified
D02-17275	ياۋچىلار	headword	1341_1R.png	unverified
D02-17276	ياۋروپا	headword	1341_1R.png	unverified
D02-17277	ياۋروپالاشتۇرماق	headword	1341_1R.png	unverified
D02-17278	ياۋروپالاشتۇرۇشماق	headword	1341_1R.png	unverified
D02-17279	ياۋروپالاشتۇرۇلماق	headword	1341_1R.png	unverified
D02-17280	ياۋروپالاشماق	headword	1341_1R.png	unverified
D02-17281	ياۋروپالىق	headword	1341_1R.png	unverified
D02-17282	ياۋزۇ	headword	1341_1R.png	unverified
D02-17283	ياۋزۇچە	headword	1341_2L.png	verified
D02-17284	ياۋۇز	headword	1341_2L.png	unverified
D02-17285	ياۋۇزلارچە	headword	1341_2L.png	unverified
D02-17286	ياۋۇزلاشماق	headword	1341_2L.png	unverified
D02-17287	ياۋۇزلۇق	headword	1341_2L.png	unverified
D02-17288	ياۋىداق	headword	1341_2L.png	unverified
D02-17289	ياۋىلاشتۇرماق	headword	1341_2L.png	unverified
D02-17290	ياۋىلاشتۇرۇشماق	headword	1341_2L.png	unverified
D02-17291	ياۋىلاشتۇرۇلماق	headword	1341_2L.png	unverified
D02-17292	ياۋىلاشماق	headword	1341_2L.png	unverified
D02-17293	ياي	headword	1341_2L.png	unverified
D02-17294	ياياق	headword	1341_2L.png	unverified
D02-17295	يايپاڭ	headword	1341_2L.png	verified
D02-17296	يايداڭ	headword	1341_2L.png	verified
D02-17297	يايدۇرماق	headword	1341_2L.png	unverified
D02-17298	يايراتماق	headword	1341_2L.png	unverified
D02-17299	يايراشماق	headword	1341_2L.png	unverified
D02-17300	يايرىماق	headword	1342_1R.png	unverified
D02-17301	يايسىمان	headword	1342_1R.png	unverified
D02-17302	يايغۇ	headword	1342_1R.png	unverified
D02-17303	يايقۇن	headword	1342_1R.png	unverified
D02-17304	يايلاتماق	headword	1342_1R.png	unverified
D02-17305	يايلاشماق	headword	1342_1R.png	unverified
D02-17306	يايلاق	headword	1342_1R.png	unverified
D02-17307	يايلاقچىلىق	headword	1342_1R.png	unverified
D02-17308	يايلىق	headword	1342_1R.png	unverified
D02-17309	يايلىماق	headword	1342_1R.png	unverified
D02-17310	يايما	headword	1342_1R.png	unverified
D02-17311	يايما قاق	headword	1342_1R.png	verified
D02-17312	يايماق	headword	1342_1R.png	unverified
D02-17313	يايمىچى	headword	1342_1R.png	verified
D02-17314	يايمىچىلىق	headword	1342_1R.png	verified
D02-17315	يايمىكەشلىك	headword	1342_2L.png	unverified
D02-17316	يايى	headword	1342_2L.png	unverified
D02-17317	يەپ-ئىچىپ	headword	1342_2L.png	unverified
D02-17318	يەتتە	headword	1342_2L.png	verified
D02-17319	يەتتەيلەن	headword	1342_2L.png	unverified
D02-17320	يەتتىقاراقچى	headword	1342_2L.png	unverified
D02-17321	يەتتىلىك	headword	1342_2L.png	verified
D02-17322	يەتتىنچى	headword	1342_2L.png	unverified
D02-17323	يەتتىنچى ئاي	headword	1342_2L.png	verified
D02-17324	يەتتىنچى جۇ	headword	1342_2L.png	unverified
D02-17325	يەتكۈچە	headword	1342_2L.png	unverified
D02-17326	يەتكۈزمەك	headword	1343_1R.png	unverified
D02-17327	يەتكۈزۈشمەك	headword	1343_1R.png	unverified
D02-17328	يەتكۈزۈلمەك	headword	1343_1R.png	unverified
D02-17329	يەتمەك	headword	1343_1R.png	unverified
D02-17330	يەتمىش	headword	1343_1R.png	verified
D02-17331	يەتمىش پۇشتى	headword	1343_1R.png	verified
D02-17332	يەتمىشىنچى	headword	1343_2L.png	unverified
D02-17333	يەجۈج	headword	1343_2L.png	unverified
D02-17334	يەجۈج - مەجۈج	headword	1343_2L.png	unverified
D02-17335	يەدۈرمەك	headword	1343_2L.png	unverified
D02-17336	يەر	headword	1343_2L.png	unverified
D02-17337	يەر بېغىرلىغۇچى ھايۋانلار	headword	1343_2L.png	verified
D02-17338	يەر بىلەن يەكسان	headword	1344_1R.png	unverified
D02-17339	يەر تەۋرەش	headword	1344_1R.png	unverified
D02-17340	يەر تەۋرەش بەلبېغى	headword	1344_1R.png	unverified
D02-17341	يەر شارى	headword	1344_1R.png	unverified
D02-17342	يەر شارى سۈنئىي ھەمراھى	headword	1344_1R.png	unverified
D02-17343	يەر قىلماق	headword	1344_1R.png	unverified
D02-17344	يەرگە قارىماق	headword	1344_1R.png	unverified
D02-17345	يەرگە كىرىپ كەتكۈدەك بولماق	headword	1344_1R.png	unverified
D02-17346	يەرگە ئۇرماق	headword	1344_1R.png	unverified
D02-17347	يەر ياڭىقى	headword	1344_1R.png	verified
D02-17347-v1	خاسىڭ	variant	1344_1R.png	verified
D02-17348	يەر يېغى	headword	1344_2L.png	verified
D02-17349	يەر-ئاسمان	headword	1344_2L.png	unverified
D02-17350	يەر-ئاي سىستېمىسى	headword	1344_2L.png	unverified
D02-17351	يەرتوزغىقى	headword	1344_2L.png	unverified
D02-17352	يەر-جاھان	headword	1344_2L.png	unverified
D02-17353	يەر-جاھاننى زىلزىلىگە كەلتۈرمەك	headword	1344_2L.png	unverified
D02-17354	يەردە	headword	1344_2L.png	unverified
D02-17355	يەر-زېمىن	headword	1344_2L.png	unverified
D02-17356	يەر-زېمىنلىق	headword	1344_2L.png	unverified
D02-17357	يەر-سۇ	headword	1344_2L.png	unverified
D02-17358	يەرسىرەشمەك	headword	1344_2L.png	verified
D02-17359	يەرسىرىمەك	headword	1344_2L.png	unverified
D02-17360	يەرقان	headword	1344_2L.png	unverified
D02-17361	يەرلەشتۈرمەك	headword	1344_2L.png	unverified
D02-17362	يەرلەشتۈرۈشمەك	headword	1344_2L.png	unverified
D02-17363	يەرلەشمەك	headword	1345_1R.png	unverified
D02-17364	يەرلەنمەك	headword	1345_1R.png	unverified
D02-17365	يەرلىك	headword	1345_1R.png	unverified
D02-17366	يەرلىك ۋاقىت	headword	1345_1R.png	unverified
D02-17367	يەرلىك ئىقلىم	headword	1345_1R.png	unverified
D02-17369	يەرلىك - سۇلۇق	headword	1345_1R.png	verified
D02-17370	يەرلىكلەشتۈرمەك	headword	1345_1R.png	unverified
D02-17371	يەرلىكلەشتۈرۈلمەك	headword	1345_1R.png	unverified
D02-17372	يەرلىكلەشمەك	headword	1345_1R.png	unverified
D02-17373	يەرەمەنكە	headword	1345_1R.png	unverified
D02-17374	يەر - مۈلۈك	headword	1345_1R.png	unverified
D02-17375	يەرۇجاھان	headword	1345_1R.png	unverified
D02-17376	يەريولۋىسى	headword	1345_2L.png	verified
D02-17377	يەسلى	headword	1345_2L.png	unverified
D02-17378	يەسىمەن	headword	1345_2L.png	unverified
D02-17379	يەشتۈرمەك	headword	1345_2L.png	unverified
D02-17380	يەشتۈرۈشمەك	headword	1345_2L.png	unverified
D02-17381	يەشتۈرۈلمەك	headword	1345_2L.png	unverified
D02-17382	يەشكۈچ	headword	1345_2L.png	unverified
D02-17383	يەشمە	headword	1345_2L.png	unverified
D02-17385	يەشمەك	headword	1345_2L.png	unverified
D02-17386	يەشىك	headword	1345_2L.png	verified
D02-17387	يەك	headword	1346_1R.png	unverified
D02-17388	يەكپاي	headword	1346_1R.png	unverified
D02-17389	يەكتا	headword	1346_1R.png	unverified
D02-17390	يەكتاپ	headword	1346_1R.png	unverified
D02-17391	يەكتەك	headword	1346_1R.png	unverified
D02-17392	يەكتىز	headword	1346_1R.png	unverified
D02-17393	يەكتىزلەنمەك	headword	1346_1R.png	unverified
D02-17394	يەكچەشمە	headword	1346_1R.png	unverified
D02-17395	يەكدىل	headword	1346_1R.png	unverified
D02-17396	يەكدىللىق	headword	1346_1R.png	unverified
D02-17397	يەكسان	headword	1346_1R.png	unverified
D02-17398	يەكشا	headword	1346_1R.png	unverified
D02-17399	يەكشەنبە	headword	1346_1R.png	unverified
D02-17400	يەكشەنبىلىك	headword	1346_1R.png	unverified
D02-17401	يەككە	headword	1346_1R.png	unverified
D02-17402	يەككە-يېگانە	headword	1346_2L.png	unverified
D02-17403	يەككىچىلىك	headword	1346_2L.png	unverified
D02-17404	يەككىلەنمەك	headword	1346_2L.png	unverified
D02-17405	يەككىلىك	headword	1346_2L.png	unverified
D02-17406	يەكلەتمەك	headword	1346_2L.png	verified
D02-17407	يەكلەنمەك	headword	1346_2L.png	verified
D02-17408	يەكلىمىچىلىك	headword	1346_2L.png	verified
D02-17409	يەكۈن	headword	1346_2L.png	unverified
D02-17410	يەكۈنەن	headword	1346_2L.png	unverified
D02-17411	يەكۈنلەتمەك	headword	1346_2L.png	verified
D02-17412	يەكۈنلەشمەك	headword	1347_1R.png	unverified
D02-17413	يەكۈنلەنمەك	headword	1347_1R.png	unverified
D02-17414	يەكۈنلىمەك	headword	1347_1R.png	unverified
D02-17415	يەڭ	headword	1347_1R.png	unverified
D02-17416	يەڭ سودىسى	headword	1347_1R.png	unverified
D02-17417	يەڭ ئىچىدە كېلىشمەك	headword	1347_1R.png	unverified
D02-17418	يەڭ ئىچىدە سودىلاشماق	headword	1347_1R.png	unverified
D02-17419	يەڭدەمەك	headword	1347_1R.png	unverified
D02-17420	يەڭگە	headword	1347_1R.png	unverified
D02-17421	يەڭگەن	headword	1347_1R.png	verified
D02-17422	يەڭگۈش	headword	1347_1R.png	verified
D02-17423	يەڭگۈشلەتمەك	headword	1347_1R.png	verified
D02-17424	يەڭگۈشلەشمەك	headword	1347_1R.png	unverified
D02-17425	يەڭگۈشلەنمەك	headword	1347_1R.png	unverified
D02-17426	يەڭگۈشلىمەك	headword	1347_1R.png	unverified
D02-17427	يەڭگىتمەك	headword	1347_2L.png	unverified
D02-17428	يەڭگىل	headword	1347_2L.png	unverified
D02-17429	يەڭگىلتەك	headword	1347_2L.png	unverified
D02-17430	يەڭگىلتەكلىك	headword	1347_2L.png	unverified
D02-17431	يەڭگىللەتمەك	headword	1347_2L.png	unverified
D02-17432	يەڭگىللەشتۈرمەك	headword	1347_2L.png	unverified
D02-17433	يەڭگىللەشتۈرۈلمەك	headword	1347_2L.png	unverified
D02-17434	يەڭگىللەشمەك	headword	1347_2L.png	unverified
D02-17435	يەڭگىللىتىلمەك	headword	1347_2L.png	verified
D02-17436	يەڭگىللىك	headword	1347_2L.png	unverified
D02-17437	يەڭگىللىمەك	headword	1347_2L.png	unverified
D02-17438	يەڭگىمەك	headword	1348_1R.png	verified
D02-17439	يەڭلىغ	headword	1348_1R.png	unverified
D02-17440	يەڭلىك	headword	1348_1R.png	unverified
D02-17441	يەڭمەك	headword	1348_1R.png	unverified
D02-17442	يەل	headword	1348_1R.png	unverified
D02-17443	يەل بەرمەك	headword	1348_1R.png	unverified
D02-17444	يەل تاپان	headword	1348_1R.png	unverified
D02-17445	يەل كىندىك	headword	1348_1R.png	unverified
D02-17446	يېلى چىقىپ كەتمەك	headword	1348_1R.png	verified
D02-17447	يەلەڭ	headword	1348_2L.png	unverified
D02-17448	يەلپۈتمەك	headword	1348_2L.png	unverified
D02-17449	يەلپۈشمەك	headword	1348_2L.png	unverified
D02-17450	يەلپۈگۈچ	headword	1348_2L.png	unverified
D02-17451	يەلپۈلدەتمەك	headword	1348_2L.png	unverified
D02-17452	يەلپۈلدەشمەك	headword	1348_2L.png	unverified
D02-17453	يەلپۈلدىمەك	headword	1348_2L.png	unverified
D02-17454	يەلپۈمەك	headword	1348_2L.png	unverified
D02-17455	يەلپۈنمەك	headword	1348_2L.png	unverified
D02-17456	يەلتاشما	headword	1348_2L.png	unverified
D02-17457	يەلكە	headword	1348_2L.png	unverified
D02-17458	يەلكەن	headword	1348_2L.png	unverified
D02-17459	يەلكەنلىك	headword	1348_2L.png	unverified
D02-17460	يەلكۈ	headword	1348_2L.png	unverified
D02-17461	يەلكىلىك	headword	1349_1R.png	unverified
D02-17462	يەللىك	headword	1349_1R.png	unverified
D02-17463	يەللىمەك	headword	1349_1R.png	unverified
D02-17464	يەليارا	headword	1349_1R.png	unverified
D02-17465	يەل - يېمىش	headword	1349_1R.png	unverified
D02-17466	يەم	headword	1349_1R.png	unverified
D02-17467	يەم بولماق	headword	1349_1R.png	unverified
D02-17468	يەم قىلماق	headword	1349_1R.png	unverified
D02-17469	يەمەك	headword	1349_1R.png	verified
D02-17470	يەمتۈك	headword	1349_1R.png	unverified
D02-17471	يەمچۈك	headword	1349_1R.png	unverified
D02-17472	يەم - خەشەك	headword	1349_1R.png	unverified
D02-17473	يەملەتمەك	headword	1349_1R.png	verified
D02-17474	يەملەشمەك	headword	1349_2L.png	unverified
D02-17475	يەملەنمەك	headword	1349_2L.png	unverified
D02-17476	يەملىك	headword	1349_2L.png	unverified
D02-17477	يەملىمەك	headword	1349_2L.png	unverified
D02-17478	يەنە	headword	1349_2L.png	unverified
D02-17479	يەنە دېسە، يەنە شۇ	headword	1349_2L.png	unverified
D02-17480	يەنە كېلىپ	headword	1349_2L.png	unverified
D02-17481	يەنجە	headword	1349_2L.png	unverified
D02-17482	يەنجۈك	headword	1349_2L.png	unverified
D02-17483	يەنسۇق	headword	1349_2L.png	unverified
D02-17484	يەنى	headword	1349_2L.png	unverified
D02-17485	يەنىلا	headword	1349_2L.png	unverified
D02-17486	يەنىمۇ	headword	1349_2L.png	unverified
D02-17487	يەھۇدىي	headword	1349_2L.png	verified
D02-17488	يەھۇدىيچە	headword	1350_1R.png	verified
D02-17489	يەھ - يەھ	headword	1350_1R.png	unverified
D02-17490	يوبدان	headword	1350_1R.png	unverified
D02-17491	يوبىلىي	headword	1350_1R.png	unverified
D02-17492	يوپكا	headword	1350_1R.png	unverified
D02-17493	يوپكىلىق	headword	1350_1R.png	unverified
D02-17494	يوپۇتماق	headword	1350_1R.png	unverified
D02-17495	يوپۇتۇشماق	headword	1350_1R.png	unverified
D02-17496	يوپۇتۇلماق	headword	1350_1R.png	unverified
D02-17497	يوپۇرا	headword	1350_1R.png	unverified
D02-17498	يوپۇرغا	headword	1350_1R.png	unverified
D02-17499	يوپۇرماق	headword	1350_1R.png	unverified
D02-17500	يوپۇرماق رېتى	headword	1350_1R.png	unverified
D02-17502	يوپۇرماقلىق	headword	1350_2L.png	unverified
D02-17503	يوپۇرماقلىماق	headword	1350_2L.png	unverified
D02-17504	يوپۇرۇشماق	headword	1350_2L.png	unverified
D02-17505	يوپۇرۇلماق	headword	1350_2L.png	unverified
D02-17506	يوپۇق	headword	1350_2L.png	unverified
D02-17507	يوپۇقلۇق	headword	1350_2L.png	unverified
D02-17508	يوتا	headword	1350_2L.png	unverified
D02-17509	يوتقان	headword	1350_2L.png	unverified
D02-17510	يوتقان تېشىدىن	headword	1350_2L.png	unverified
D02-17511	يوتقان - كۆرپە	headword	1350_2L.png	unverified
D02-17512	يوتقانلىق	headword	1350_2L.png	unverified
D02-17513	يوتوق	headword	1350_2L.png	unverified
D02-17515	يوچۇق	headword	1351_1R.png	verified
D02-17516	يوچۇق قالدۇرماسلىق	headword	1351_1R.png	unverified
D02-17517	يوچۇن	headword	1351_1R.png	unverified
D02-17518	يوخشىماق	headword	1351_1R.png	unverified
D02-17519	يود	headword	1351_1R.png	unverified
D02-17520	يودا	headword	1351_1R.png	unverified
D02-17521	يودلۇق	headword	1351_1R.png	unverified
D02-17522	يودوفورم	headword	1351_1R.png	unverified
D02-17523	يودىماق	headword	1351_1R.png	unverified
D02-17524	يورتماق	headword	1351_1R.png	unverified
D02-17525	يورغا	headword	1351_1R.png	verified
D02-17526	يورغىلاشماق	headword	1351_2L.png	unverified
D02-17527	يورغىلىماق	headword	1351_2L.png	unverified
D02-17528	يورۇتقۇچ	headword	1351_2L.png	unverified
D02-17529	يورۇتماق	headword	1351_2L.png	unverified
D02-17530	يورۇتۇشماق	headword	1351_2L.png	unverified
D02-17531	يورۇتۇلماق	headword	1351_2L.png	unverified
D02-17532	يورۇق	headword	1351_2L.png	unverified
D02-17533	يورۇقپەرەس	headword	1351_2L.png	unverified
D02-17534	يورۇقپەرەسلىك	headword	1351_2L.png	unverified
D02-17535	يورۇقچىلىق	headword	1351_2L.png	unverified
D02-17536	يورۇقلاشماق	headword	1351_2L.png	unverified
D02-17537	يورۇقلۇق	headword	1351_2L.png	unverified
D02-17538	يورۇقلۇق يىلى	headword	1352_1R.png	unverified
D02-17539	يورۇماق	headword	1352_1R.png	unverified
D02-17540	يوسۇن	headword	1352_1R.png	unverified
D02-17541	يوسۇندا	headword	1352_1R.png	unverified
D02-17542	يوسۇن - قائىدە	headword	1352_1R.png	unverified
D02-17543	يوسۇنلۇق	headword	1352_1R.png	unverified
D02-17544	يوسۇنلىماق	headword	1352_1R.png	unverified
D02-17545	يوسۇنۋاز	headword	1352_1R.png	unverified
D02-17546	يوسۇنۋازلىق	headword	1352_1R.png	unverified
D02-17547	يوشۇرغۇزماق	headword	1352_1R.png	unverified
D02-17548	يوشۇرغۇسىز	headword	1352_1R.png	unverified
D02-17549	يوشۇرماق	headword	1352_1R.png	unverified
D02-17550	يوشۇرۇشماق	headword	1352_1R.png	unverified
D02-17551	يوشۇرۇقلۇق	headword	1352_1R.png	verified
D02-17552	يوشۇرۇلماق	headword	1352_2L.png	unverified
D02-17553	يوشۇرۇن	headword	1352_2L.png	unverified
D02-17554	يوشۇرۇن ئاۋاز بېرىش	headword	1352_2L.png	unverified
D02-17555	يوشۇرۇن باشسىمان گۈل رېتى	headword	1352_2L.png	unverified
D02-17556	يوشۇرۇنچە	headword	1352_2L.png	unverified
D02-17557	يوشۇرۇنماق	headword	1352_2L.png	unverified
D02-17558	يوشۇرۇنۇشچان	headword	1352_2L.png	unverified
D02-17559	يوشۇرۇنۇشچانلىق	headword	1352_2L.png	unverified
D02-17560	يوغا	headword	1352_2L.png	unverified
D02-17561	يوغا تام	headword	1352_2L.png	unverified
D02-17562	يوغا تامغا مىنمەك	headword	1352_2L.png	unverified
D02-17563	يوغان	headword	1352_2L.png	unverified
D02-17564	يوغان باش	headword	1353_1R.png	unverified
D02-17565	يوغان بەل	headword	1353_1R.png	unverified
D02-17566	يوغانچى	headword	1353_1R.png	unverified
D02-17567	يوغانچىلىق	headword	1353_1R.png	unverified
D02-17568	يوغانلىق	headword	1353_1R.png	unverified
D02-17569	يوغان - يالتا	headword	1353_1R.png	unverified
D02-17570	يوغىناتماق	headword	1353_1R.png	unverified
D02-17571	يوغىناشماق	headword	1353_1R.png	unverified
D02-17572	يوغىنىتىلماق	headword	1353_1R.png	verified
D02-17573	يوغىنىماق	headword	1353_1R.png	unverified
D02-17574	يوغىناپ كەتمەك	headword	1353_1R.png	unverified
D02-17575	يوق	headword	1353_1R.png	unverified
D02-17576	يوق دېيەرلىك	headword	1353_1R.png	unverified
D02-17577	يوق گەپ	headword	1353_1R.png	unverified
D02-17578	يوقنىڭ ئورنىدا	headword	1353_1R.png	unverified
D02-17579	يوق يەردىن پۇتاق چىقارماق	headword	1353_1R.png	unverified
D02-17580	يوقاتماق	headword	1353_2L.png	unverified
D02-17581	يوقاشماق	headword	1353_2L.png	unverified
D02-17582	يوقالماق	headword	1353_2L.png	unverified
D02-17583	يوقسۇ	headword	1353_2L.png	unverified
D02-17584	يوقسۇز	headword	1353_2L.png	unverified
D02-17585	يوقسۇزچىلىق	headword	1353_2L.png	unverified
D02-17586	يوقسۇزلاشماق	headword	1353_2L.png	unverified
D02-17587	يوقسۇزلۇق	headword	1353_2L.png	unverified
D02-17588	يوقسۇل	headword	1353_2L.png	unverified
D02-17589	يوقسۇللۇق	headword	1353_2L.png	unverified
D02-17590	يوقسىنماق	headword	1353_2L.png	unverified
D02-17591	يوقلاتماق	headword	1353_2L.png	unverified
D02-17592	يوقلاشماق	headword	1353_2L.png	unverified
D02-17593	يوقلاقسىز	headword	1353_2L.png	verified
D02-17594	يوقلانماق	headword	1353_2L.png	unverified
D02-17595	يوقلۇق	headword	1353_2L.png	verified
D02-17596	يوقلىما	headword	1353_2L.png	unverified
D02-17597	يوقلىماق	headword	1354_1R.png	unverified
D02-17598	يوقىلاڭ	headword	1354_1R.png	unverified
D02-17599	يوقىماق	headword	1354_1R.png	unverified
D02-17600	يول	headword	1354_1R.png	unverified
D02-17601	يول ئاچماق	headword	1354_1R.png	unverified
D02-17602	يول بولسۇن	headword	1354_1R.png	unverified
D02-17603	يولدىن ئاداشماق	headword	1354_1R.png	unverified
D02-17604	يولدىن چىقماق	headword	1354_1R.png	unverified
D02-17605	يولغا چۈشمەك	headword	1354_1R.png	verified
D02-17606	يولغا سالماق	headword	1354_2L.png	unverified
D02-17607	يولغا قويماق	headword	1354_2L.png	unverified
D02-17608	يول ئوچۇق	headword	1354_2L.png	unverified
D02-17609	يولى بار	headword	1354_2L.png	unverified
D02-17610	يولى ئوچۇق	headword	1354_2L.png	unverified
D02-17611	يولاتماق	headword	1354_2L.png	unverified
D02-17612	يولاشماق	headword	1354_2L.png	unverified
D02-17613	يولەك	headword	1354_2L.png	verified
D02-17614	يولباشچى	headword	1354_2L.png	unverified
D02-17615	يولباشچىلىق	headword	1354_2L.png	unverified
D02-17616	يولباشلىغۇچى	headword	1354_2L.png	unverified
D02-17617	يولداش	headword	1354_2L.png	unverified
D02-17618	يولداشلارچە	headword	1355_1R.png	unverified
D02-17619	يولداشلىق	headword	1355_1R.png	unverified
D02-17620	يولسىز	headword	1355_1R.png	unverified
D02-17621	يولسىزلارچە	headword	1355_1R.png	unverified
D02-17622	يولسىزلىق	headword	1355_1R.png	unverified
D02-17623	يوللاتماق	headword	1355_1R.png	unverified
D02-17624	يوللاشماق	headword	1355_1R.png	unverified
D02-17625	يوللانما	headword	1355_1R.png	unverified
D02-17626	يوللانماق	headword	1355_1R.png	unverified
D02-17627	يوللۇق	headword	1355_1R.png	unverified
D02-17628	يوللىماق	headword	1355_1R.png	unverified
D02-17629	يولۇچى	headword	1355_2L.png	unverified
D02-17630	يولۇقتۇرماق	headword	1355_2L.png	unverified
D02-17631	يولۇقماق	headword	1355_2L.png	unverified
D02-17632	يولۇقۇشماق	headword	1355_2L.png	unverified
D02-17633	يولۋاس	headword	1355_2L.png	unverified
D02-17634	يولىماق	headword	1355_2L.png	unverified
D02-17635	يوليورۇق	headword	1355_2L.png	unverified
D02-17636	يول-يول	headword	1355_2L.png	unverified
D02-17637	يوليولىقاي	headword	1355_2L.png	verified
D02-17638	يومزاتماق	headword	1355_2L.png	unverified
D02-17639	يوناق	headword	1355_2L.png	unverified
D02-17640	يونۇتماق	headword	1355_2L.png	unverified
D02-17641	يونۇشماق	headword	1355_2L.png	unverified
D02-17642	يونۇق	headword	1355_2L.png	unverified
D02-17643	يونۇقلۇق	headword	1355_2L.png	unverified
D02-17644	يونۇلماق	headword	1355_2L.png	unverified
D02-17645	يونۇماق	headword	1355_2L.png	unverified
D02-17646	يوھا	headword	1355_2L.png	unverified
D02-17647	يۇپقا	headword	1356_1R.png	unverified
D02-17648	يۇپۇڭ	headword	1356_1R.png	unverified
D02-17649	يۇپۇڭ ـ يالاڭ	headword	1356_1R.png	verified
D02-17650	يۇپىتېر	headword	1356_1R.png	unverified
D02-17651	يۇتازا	headword	1356_1R.png	unverified
D02-17652	يۇتقالچە	headword	1356_1R.png	unverified
D02-17653	يۇتقۇزماق	headword	1356_1R.png	unverified
D02-17654	يۇتقۇزۇشماق	headword	1356_1R.png	unverified
D02-17655	يۇتقۇزۇلماق	headword	1356_1R.png	unverified
D02-17656	يۇتقۇلۇق	headword	1356_1R.png	unverified
D02-17657	يۇتقۇنچاق	headword	1356_1R.png	unverified
D02-17658	يۇتما	headword	1356_1R.png	unverified
D02-17659	يۇتماق	headword	1356_1R.png	unverified
D02-17660	يۇتۇشماق	headword	1356_1R.png	unverified
D02-17661	يۇتۇق	headword	1356_1R.png	unverified
D02-17662	يۇتۇلماق	headword	1356_1R.png	unverified
D02-17663	يۇتۇم	headword	1356_2L.png	unverified
D02-17664	يۇدۇرماق	headword	1356_2L.png	unverified
D02-17665	يۇدى - يۇقى	headword	1356_2L.png	verified
D02-17666	يۇرا	headword	1356_2L.png	unverified
D02-17667	يۇرا دەۋرى	headword	1356_2L.png	unverified
D02-17668	يۇرا سىستېمىسى	headword	1356_2L.png	unverified
D02-17669	يۇرت	headword	1356_2L.png	unverified
D02-17670	يۇرت - جامائەت	headword	1356_2L.png	unverified
D02-17671	يۇرتچىلىق	headword	1356_2L.png	unverified
D02-17672	يۇرتدارچىلىق	headword	1356_2L.png	unverified
D02-17673	يۇرتداش	headword	1356_2L.png	unverified
D02-17674	يۇرتداشلىق	headword	1356_2L.png	unverified
D02-17675	يۇرتلۇق	headword	1356_2L.png	unverified
D02-17676	يۇرت - ماكان	headword	1356_2L.png	unverified
D02-17677	يۇرتمۇيۇرت	headword	1357_1R.png	unverified
D02-17678	يۇرتۋاز	headword	1357_1R.png	unverified
D02-17679	يۇرتۋازلىق	headword	1357_1R.png	unverified
D02-17680	يۇرچى	headword	1357_1R.png	unverified
D02-17681	يۇرۇن	headword	1357_1R.png	unverified
D02-17682	يۇغۇچ	headword	1357_1R.png	unverified
D02-17684	يۇغۇر	headword	1357_1R.png	unverified
D02-17685	يۇغۇر تىلى	headword	1357_1R.png	unverified
D02-17686	يۇغۇرتماق	headword	1357_1R.png	unverified
D02-17687	يۇغۇرچە	headword	1357_1R.png	unverified
D02-17688	يۇغۇرماق	headword	1357_1R.png	unverified
D02-17689	يۇغۇرۇشماق	headword	1357_2L.png	unverified
D02-17690	يۇغۇرۇلما	headword	1357_2L.png	unverified
D02-17691	يۇغۇرۇلماق	headword	1357_2L.png	unverified
D02-17692	يۇغۇزماق	headword	1357_2L.png	unverified
D02-17693	يۇق	headword	1357_2L.png	unverified
D02-17694	يۇقتۇرماق	headword	1357_2L.png	unverified
D02-17695	يۇقتۇرۇشماق	headword	1357_2L.png	unverified
D02-17696	يۇقتۇرۇلماق	headword	1357_2L.png	unverified
D02-17697	يۇققاق	headword	1357_2L.png	unverified
D02-17698	يۇقما	headword	1357_2L.png	unverified
D02-17699	يۇقماق	headword	1357_2L.png	unverified
D02-17700	يۇقۇشلۇق	headword	1357_2L.png	unverified
D02-17701	يۇقۇشماق	headword	1357_2L.png	unverified
D02-17702	يۇقۇم	headword	1357_2L.png	unverified
D02-17703	يۇقۇمچان	headword	1357_2L.png	unverified
D02-17704	يۇقۇمچانلىق	headword	1357_2L.png	unverified
D02-17705	يۇقۇمسىز	headword	1357_2L.png	unverified
D02-17706	يۇقۇمسىزلاندۇرماق	headword	1357_2L.png	verified
D02-17707	يۇقۇمسىزلاندۇرۇشماق	headword	1358_1R.png	unverified
D02-17708	يۇقۇمسىزلاندۇرۇلماق	headword	1358_1R.png	unverified
D02-17709	يۇقۇمسىزلانماق	headword	1358_1R.png	unverified
D02-17710	يۇقۇملاندۇرماق	headword	1358_1R.png	unverified
D02-17711	يۇقۇملاندۇرۇشماق	headword	1358_1R.png	unverified
D02-17712	يۇقۇملاندۇرۇلماق	headword	1358_1R.png	unverified
D02-17713	يۇقۇملانماق	headword	1358_1R.png	unverified
D02-17714	يۇقۇملۇق	headword	1358_1R.png	unverified
D02-17715	يۇقۇندى	headword	1358_1R.png	unverified
D02-17716	يۇقۇندىسىمان	headword	1358_1R.png	unverified
D02-17717	يۇقىرى	headword	1358_1R.png	unverified
D02-17718	يۇقىرى پالاتا	headword	1358_1R.png	unverified
D02-17719	يۇقىرى سۈرئەتلىك تاشيول	headword	1358_1R.png	verified
D02-17720	يۇقىرىغا ياماشماق	headword	1358_2L.png	unverified
D02-17721	يۇقىرى ئۆرلىمەك	headword	1358_2L.png	unverified
D02-17722	يۇقىرى - تۆۋەن	headword	1358_2L.png	unverified
D02-17723	يۇقىرىقى	headword	1358_2L.png	unverified
D02-17724	يۇقىرىلاتماق	headword	1358_2L.png	unverified
D02-17725	يۇقىرىلاشماق	headword	1358_2L.png	unverified
D02-17726	يۇقىرىلىق	headword	1358_2L.png	unverified
D02-17727	يۇقىرىلىماق	headword	1358_2L.png	unverified
D02-17728	يۇڭ	headword	1358_2L.png	unverified
D02-17729	يۇڭ توقماق	headword	1358_2L.png	verified
D02-17730	يۇڭداتماق	headword	1358_2L.png	verified
D02-17731	يۇڭداشماق	headword	1358_2L.png	verified
D02-17732	يۇڭدالماق	headword	1358_2L.png	verified
D02-17733	يۇڭدىماق	headword	1358_2L.png	verified
D02-17734	يۇڭسىز	headword	1358_2L.png	verified
D02-17735	يۇڭلۇق	headword	1359_1R.png	unverified
D02-17736	يۇڭۇزلىماق	headword	1359_1R.png	unverified
D02-17737	يۇلتۇز	headword	1359_1R.png	unverified
D02-17738	يۇلتۇز سانىماق	headword	1359_1R.png	unverified
D02-17739	يۇلتۇز ئۆي	headword	1359_1R.png	unverified
D02-17740	يۇلتۇزى بىر	headword	1359_1R.png	unverified
D02-17741	يۇلتۇزى ئۆچمەك	headword	1359_1R.png	unverified
D02-17742	يۇلتۇزگۈل	headword	1359_1R.png	unverified
D02-17743	يۇلتۇزلۇق	headword	1359_1R.png	unverified
D02-17744	يۇلدۇرماق	headword	1359_1R.png	unverified
D02-17745	يۇلدۇرۇشماق	headword	1359_1R.png	unverified
D02-17746	يۇلدۇرۇلماق	headword	1359_1R.png	unverified
D02-17747	يۇلغۇن	headword	1359_1R.png	unverified
D02-17748	يۇلغۇن چېچىكى رەڭ	headword	1359_1R.png	verified
D02-17749	يۇلغۇنلۇق	headword	1359_2L.png	verified
D02-17750	يۇلقۇشلانماق	headword	1359_2L.png	unverified
D02-17751	يۇلقۇنماق	headword	1359_2L.png	unverified
D02-17752	يۇلقۇنۇشماق	headword	1359_2L.png	unverified
D02-17753	يۇلماق	headword	1359_2L.png	unverified
D02-17754	يۇلۇشماق	headword	1359_2L.png	unverified
D02-17755	يۇلۇن	headword	1359_2L.png	unverified
D02-17756	يۇلۇنماق	headword	1359_2L.png	unverified
D02-17757	يۇماق	headword	1359_2L.png	unverified
D02-17758	يۇمچاقلىماق	headword	1360_1R.png	unverified
D02-17759	يۇمدۇرماق	headword	1360_1R.png	unverified
D02-17760	يۇمدۇرۇشماق	headword	1360_1R.png	unverified
D02-17761	يۇمدۇرۇلماق	headword	1360_1R.png	unverified
D02-17762	يۇمران	headword	1360_1R.png	unverified
D02-17763	يۇمرانلاشتۇرماق	headword	1360_1R.png	unverified
D02-17764	يۇمرانلاشماق	headword	1360_1R.png	unverified
D02-17765	يۇمشاتماق	headword	1360_1R.png	unverified
D02-17766	يۇمشاشماق	headword	1360_1R.png	unverified
D02-17767	يۇمشاق	headword	1360_1R.png	unverified
D02-17768	يۇمشاقباش	headword	1360_1R.png	unverified
D02-17769	يۇمشاق قول	headword	1360_1R.png	unverified
D02-17770	يۇمشاق قۇلاق	headword	1360_1R.png	verified
D02-17771	يۇمشاق گەدەن	headword	1360_1R.png	unverified
D02-17772	يۇمشاق ماتېرىيال	headword	1360_1R.png	unverified
D02-17773	يۇمشاقلاشتۇرماق	headword	1360_2L.png	unverified
D02-17774	يۇمشاقلاشتۇرۇشماق	headword	1360_2L.png	unverified
D02-17775	يۇمشاقلاشتۇرۇلماق	headword	1360_2L.png	unverified
D02-17776	يۇمشاقلاشماق	headword	1360_2L.png	unverified
D02-17777	يۇمشاقلىق	headword	1360_2L.png	unverified
D02-17778	يۇمشىتىلماق	headword	1360_2L.png	verified
D02-17779	يۇمشىماق	headword	1360_2L.png	unverified
D02-17780	يۇمغاق	headword	1360_2L.png	unverified
D02-17781	يۇمغاقسۈت	headword	1360_2L.png	unverified
D02-17782	يۇمغاقسۈتنىڭ ئۇرۇقىدەك	headword	1360_2L.png	unverified
D02-17783	يۇمماق	headword	1360_2L.png	unverified
D02-17784	يۇمۇر	headword	1360_2L.png	verified
D02-17785	يۇمۇرىغا يۇقماسلىق	headword	1360_2L.png	unverified
D02-17786	يۇمۇرچە	headword	1360_2L.png	unverified
D02-17787	يۇمۇرچى	headword	1361_1R.png	unverified
D02-17788	يۇمۇرچىلىق	headword	1361_1R.png	unverified
D02-17789	يۇمۇرلۇق	headword	1361_1R.png	unverified
D02-17790	يۇمۇرماق	headword	1361_1R.png	unverified
D02-17791	يۇمۇرىستىك	headword	1361_1R.png	unverified
D02-17792	يۇمۇشلىماق	headword	1361_1R.png	unverified
D02-17793	يۇمۇشماق	headword	1361_1R.png	unverified
D02-17794	يۇمۇق	headword	1361_1R.png	unverified
D02-17795	يۇمۇقسىز	headword	1361_1R.png	unverified
D02-17796	يۇمۇقلۇق	headword	1361_1R.png	unverified
D02-17797	يۇمۇلماق	headword	1361_1R.png	verified
D02-17798	يۇمىلاتماق	headword	1361_1R.png	unverified
D02-17799	يۇمىلاچ	headword	1361_1R.png	unverified
D02-17800	يۇمىلاشماق	headword	1361_1R.png	unverified
D02-17801	يۇمىلاق	headword	1361_1R.png	unverified
D02-17802	يۇملاق تاۋۇز	headword	1361_2L.png	verified
D02-17803	يۇمىلاقلاتماق	headword	1361_2L.png	unverified
D02-17804	يۇمىلاقلاشماق	headword	1361_2L.png	unverified
D02-17805	يۇمىلاقلانماق	headword	1361_2L.png	unverified
D02-17806	يۇمىلاقلىق	headword	1361_2L.png	unverified
D02-17807	يۇمىلاقلىماق	headword	1361_2L.png	unverified
D02-17808	يۇمىلانماق	headword	1361_2L.png	unverified
D02-17809	يۇمىلىماق	headword	1361_2L.png	unverified
D02-17811	يۇم - يۇم	headword	1361_2L.png	unverified
D02-17812	يۇم - يۇم يىغلىماق	headword	1361_2L.png	unverified
D02-17813	يۇنان	headword	1361_2L.png	unverified
D02-17814	يۇندۇلۇق	headword	1361_2L.png	unverified
D02-17815	يۇندى	headword	1361_2L.png	unverified
D02-17816	يۇندى چىراي	headword	1361_2L.png	unverified
D02-17817	يۇندىسىنى ئىتقا كۆرسەتمەيدىغان	headword	1361_2L.png	unverified
D02-17818	يۇندىپۇرۇش	headword	1361_2L.png	unverified
D02-17819	يۇندىپۇرۇشلۇق	headword	1362_1R.png	unverified
D02-17820	يۇندىخور	headword	1362_1R.png	unverified
D02-17821	يۇندىخورلۇق	headword	1362_1R.png	unverified
D02-17822	يۇندىكەش	headword	1362_1R.png	unverified
D02-17823	يۇندىكەشلىك	headword	1362_1R.png	unverified
D02-17824	يۇيما	headword	1362_1R.png	unverified
D02-17825	يۇيۇپ - تاراپ	headword	1362_1R.png	unverified
D02-17826	يۇيۇشماق	headword	1362_1R.png	unverified
D02-17827	يۇيۇق	headword	1362_1R.png	verified
D02-17828	يۇيۇقسىز	headword	1362_1R.png	verified
D02-17829	يۇيۇقلۇق	headword	1362_1R.png	verified
D02-17830	يۇيۇلماق	headword	1362_1R.png	verified
D02-17831	يۇيۇندۇرماق	headword	1362_1R.png	verified
D02-17832	يۇيۇندۇرۇشماق	headword	1362_1R.png	verified
D02-17833	يۇيۇندۇرۇلماق	headword	1362_1R.png	verified
D02-17834	يۇيۇنماق	headword	1362_1R.png	verified
D02-17835	يۆتەل	headword	1362_2L.png	unverified
D02-17836	يۆتەلدۈرمەك	headword	1362_2L.png	unverified
D02-17837	يۆتەللىك	headword	1362_2L.png	unverified
D02-17838	يۆتەلمەك	headword	1362_2L.png	unverified
D02-17839	يۆتكەتمەك	headword	1362_2L.png	unverified
D02-17840	يۆتكەشمەك	headword	1362_2L.png	unverified
D02-17841	يۆتكەلمە	headword	1362_2L.png	unverified
D02-17842	يۆتكەلمەك	headword	1362_2L.png	unverified
D02-17843	يۆتكىگۈچى	headword	1362_2L.png	unverified
D02-17844	يۆتكىلىشچان	headword	1362_2L.png	unverified
D02-17845	يۆتكەمەك	headword	1362_2L.png	unverified
D02-17846	يۆتۆك	headword	1362_2L.png	unverified
D02-17847	يۆتىلىشمەك	headword	1362_2L.png	verified
D02-17848	يۆگەتمەك	headword	1363_1R.png	unverified
D02-17849	يۆگەشتۈرمەك	headword	1363_1R.png	unverified
D02-17850	يۆگەشمە	headword	1363_1R.png	unverified
D02-17851	يۆگەشمەك	headword	1363_1R.png	unverified
D02-17852	يۆگەك	headword	1363_1R.png	unverified
D02-17853	يۆگەكلىك	headword	1363_1R.png	unverified
D02-17854	يۆگەلمەك	headword	1363_1R.png	unverified
D02-17855	يۆگەم	headword	1363_1R.png	unverified
D02-17856	يۆگەنمەك	headword	1363_1R.png	unverified
D02-17857	يۆگەي	headword	1363_1R.png	unverified
D02-17858	يۆگىمە	headword	1363_1R.png	unverified
D02-17859	يۆگىمەچ	headword	1363_1R.png	unverified
D02-17861	يۆگىمەك	headword	1363_1R.png	unverified
D02-17862	يۆلەتمەك	headword	1363_2L.png	verified
D02-17863	يۆلەشتۈرمەك	headword	1363_2L.png	unverified
D02-17864	يۆلەشتۈرۈشمەك	headword	1363_2L.png	unverified
D02-17865	يۆلەشتۈرۈلمەك	headword	1363_2L.png	unverified
D02-17866	يۆلەشمەك	headword	1363_2L.png	unverified
D02-17867	يۆلەك	headword	1363_2L.png	unverified
D02-17868	يۆلەكچى	headword	1363_2L.png	unverified
D02-17869	يۆلەكسىز	headword	1363_2L.png	unverified
D02-17870	يۆلەكسىزلىك	headword	1363_2L.png	unverified
D02-17871	يۆلەكچىلىك	headword	1363_2L.png	unverified
D02-17872	يۆلەكلىك	headword	1363_2L.png	unverified
D02-17873	يۆلەنچۈك	headword	1363_2L.png	unverified
D02-17874	يۆلەنچۈكسىز	headword	1363_2L.png	unverified
D02-17875	يۆلەنچۈكلۈك	headword	1363_2L.png	unverified
D02-17876	يۆلەنچى	headword	1364_1R.png	unverified
D02-17877	يۆلەنچىسىز	headword	1364_1R.png	unverified
D02-17878	يۆلەنمە	headword	1364_1R.png	unverified
D02-17879	يۆلەنمەك	headword	1364_1R.png	unverified
D02-17880	يۆلۆتمەك	headword	1364_1R.png	unverified
D02-17881	يۆلىمەك	headword	1364_1R.png	unverified
D02-17882	يۆمەپ - چۆمەپ	headword	1364_1R.png	unverified
D02-17883	يۆمەتمەك	headword	1364_1R.png	unverified
D02-17884	يۆمەشتۈرمەك	headword	1364_1R.png	unverified
D02-17885	يۆمەشمەك	headword	1364_1R.png	unverified
D02-17886	يۆمەك	headword	1364_1R.png	unverified
D02-17887	يۆمەكلىك	headword	1364_1R.png	unverified
D02-17888	يۆمەلمەك	headword	1364_1R.png	unverified
D02-17889	يۆمىمەك	headword	1364_1R.png	unverified
D02-17890	يۆنەلدۈرمەك	headword	1364_1R.png	unverified
D02-17891	يۆنەلمەك	headword	1364_1R.png	unverified
D02-17892	يۆنىلىش	headword	1364_2L.png	unverified
D02-17893	يۆنىلىشچان	headword	1364_2L.png	unverified
D02-17894	يۆنىلىشچانلىق	headword	1364_2L.png	unverified
D02-17895	يۆنىلىشسىز	headword	1364_2L.png	unverified
D02-17896	يۆنىلىشلىك	headword	1364_2L.png	unverified
D02-17897	يۈەن	headword	1364_2L.png	unverified
D02-17900	يۈەنلىك	headword	1364_2L.png	unverified
D02-17901	يۈدۈتمەك	headword	1364_2L.png	unverified
D02-17902	يۈدۈشمەك	headword	1364_2L.png	unverified
D02-17903	يۈدۈلمەك	headword	1364_2L.png	unverified
D02-17904	يۈدۈمە	headword	1364_2L.png	unverified
D02-17905	يۈدۈمەك	headword	1364_2L.png	unverified
D02-17906	يۈدۈمچى	headword	1364_2L.png	verified
D02-17907	يۈرەك پارىسى	headword	1365_1R.png	unverified
D02-17908	يۈرەك تارىنى چەكمەك	headword	1365_1R.png	unverified
D02-17909	يۈرەكتە داغ قالماق	headword	1365_1R.png	unverified
D02-17910	يۈرەك جايىغا چۈشمەك	headword	1365_1R.png	unverified
D02-17911	يۈرەك جىغ قىلىپ قالماق	headword	1365_1R.png	unverified
D02-17912	يۈرەك جىغىلدىماق	headword	1365_1R.png	unverified
D02-17913	يۈرەك چىدىماسلىق	headword	1365_1R.png	unverified
D02-17914	يۈرەك قېنى سىڭمەك	headword	1365_1R.png	unverified
D02-17915	يۈرەككە دەز كەتمەك	headword	1365_1R.png	unverified
D02-17916	يۈرەككە ئوت ياقماق	headword	1365_1R.png	unverified
D02-17917	يۈرەكنى ئەزمەك	headword	1365_2L.png	verified
D02-17918	يۈرەكنى تىترەتمەك	headword	1365_2L.png	unverified
D02-17919	يۈرەكنى زېدە قىلماق	headword	1365_2L.png	unverified
D02-17920	يۈرەكنى كۆيدۈرمەك	headword	1365_2L.png	unverified
D02-17921	يۈرەكنى ئۆرتىمەك	headword	1365_2L.png	unverified
D02-17922	يۈرەكنى يارا قىلماق	headword	1365_2L.png	unverified
D02-17923	يۈرەك يارىسى	headword	1365_2L.png	unverified
D02-17924	يۈرىكى ئارامىغا چۈشمەك	headword	1365_2L.png	unverified
D02-17925	يۈرىكى ئاغزىغا قاپلاشماق	headword	1365_2L.png	unverified
D02-17926	يۈرىكى ئاغماق	headword	1365_2L.png	unverified
D02-17927	يۈرىكى ئەمىن تاپماق	headword	1365_2L.png	unverified
D02-17928	يۈرىكى بار	headword	1365_2L.png	unverified
D02-17929	يۈرىكى پارە- پارە بولماق	headword	1365_2L.png	unverified
D02-17930	يۈرىكى پاك	headword	1365_2L.png	unverified
D02-17930-v1	ئاق كۆڭۈل	variant	1365_2L.png	unverified
D02-17931	يۈرىكى پوك - پوك	headword	1365_2L.png	verified
D02-17932	يۈرىكى پۈتۈن	headword	1366_1R.png	verified
D02-17933	يۈرىكى تارتماق	headword	1366_1R.png	unverified
D02-17934	يۈرىكى توق	headword	1366_1R.png	unverified
D02-17935	يۈرىكى توم	headword	1366_1R.png	unverified
D02-17936	يۈرىكى چوڭ	headword	1366_1R.png	unverified
D02-17937	يۈرىكى چىقىپ كەتكىلى تاس قالماق	headword	1366_1R.png	unverified
D02-17938	يۈرىكى چىلاشقۇدەك	headword	1366_1R.png	unverified
D02-17939	يۈرىكىدە ئوتى بار	headword	1366_1R.png	unverified
D02-17940	يۈرىكى زەرداب بولماق	headword	1366_1R.png	unverified
D02-17941	يۈرىكى زەردابقا تولماق	headword	1366_1R.png	unverified
D02-17942	يۈرىكى زېدە بولماق	headword	1366_1R.png	unverified
D02-17943	يۈرىكى سۇ	headword	1366_1R.png	unverified
D02-17944	يۈرىكى سۇ ئىچمەك	headword	1366_1R.png	unverified
D02-17945	يۈرىكى سىقىلماق	headword	1366_1R.png	unverified
D02-17946	يۈرىكى قاپتەك	headword	1366_1R.png	unverified
D02-17947	يۈرىكى قارت قىلماق	headword	1366_1R.png	unverified
D02-17948	يۈرىكى قان بولماق	headword	1366_1R.png	unverified
D02-17949	يۈرىكى قانماق	headword	1366_1R.png	unverified
D02-17950	يۈرىكى قىسىلماق	headword	1366_2L.png	unverified
D02-17951	يۈرىكى قىنىدىن چىقىپ كەتكۈدەك بولماق	headword	1366_2L.png	unverified
D02-17952	يۈرىكى قىنىغا پاتماسلىق	headword	1366_2L.png	unverified
D02-17953	يۈرىكىگە قول سېلىپ باقماق	headword	1366_2L.png	unverified
D02-17954	يۈرىكىگە ئوت تۇتاشماق	headword	1366_2L.png	unverified
D02-17955	يۈرىكى مۇجۇلماق	headword	1366_2L.png	unverified
D02-17955-v1	يۈرىكى ئېزىلمەك	variant	1366_2L.png	unverified
D02-17956	يۈرىكىنى ئالماق	headword	1366_2L.png	unverified
D02-17957	يۈرىكىنى تاتىلىماق	headword	1366_2L.png	unverified
D02-17958	يۈرىكىنى توختاتماق	headword	1366_2L.png	unverified
D02-17959	يۈرىكىنى تۇتۇپ كۆرمەك	headword	1366_2L.png	unverified
D02-17960	يۈرىكىنى قاپتەك قىلماق	headword	1366_2L.png	unverified
D02-17961	يۈرىكىنى يېمەك	headword	1366_2L.png	verified
D02-17962	يۈرىكى ئېچىشماق	headword	1366_2L.png	unverified
D02-17963	يۈرىكى ئىزىغا چۈشمەك	headword	1366_2L.png	verified
D02-17964	يۈرىكى يايرىماق	headword	1367_1R.png	verified
D02-17965	يۈرىكى يوغىنىماق	headword	1367_1R.png	unverified
D02-17966	يۈرىكى يوق	headword	1367_1R.png	unverified
D02-17967	يۈرىكى يېرىلماق	headword	1367_1R.png	unverified
D02-17968	يۈرەكئالدى	headword	1367_1R.png	unverified
D02-17969	يۈرەكئالدىلىق	headword	1367_1R.png	unverified
D02-17970	يۈرەك - باغىر	headword	1367_1R.png	unverified
D02-17971	يۈرەك - باغرى خۇن بولماق	headword	1367_1R.png	unverified
D02-17972	يۈرەك - باغرىدىكىنى تۆكمەك	headword	1367_1R.png	unverified
D02-17973	يۈرەك - باغرى قان بولماق	headword	1367_1R.png	unverified
D02-17974	يۈرەك-باغرى كاۋاپ بولماق	headword	1367_1R.png	unverified
D02-17975	يۈرەك - باغرىنى ئەزمەك	headword	1367_1R.png	unverified
D02-17976	يۈرەكزادە	headword	1367_1R.png	unverified
D02-17977	يۈرەكزادىلىك	headword	1367_1R.png	verified
D02-17978	يۈرەكسىزلەنمەك	headword	1367_2L.png	verified
D02-17979	يۈرەكسىزلىك	headword	1367_2L.png	unverified
D02-17980	يۈرەكلىك	headword	1367_2L.png	unverified
D02-17981	يۈرگۈزمەك	headword	1367_2L.png	unverified
D02-17982	يۈرگۈزۈشمەك	headword	1367_2L.png	unverified
D02-17983	يۈرگۈزۈلمە	headword	1367_2L.png	unverified
D02-17984	يۈرگۈزۈلمەك	headword	1367_2L.png	unverified
D02-17985	يۈرگىنى	headword	1367_2L.png	unverified
D02-17986	يۈرمەك	headword	1367_2L.png	unverified
D02-17987	يۈرۈش	headword	1368_1R.png	unverified
D02-17988	يۈرۈشى بار	headword	1368_1R.png	unverified
D02-17989	يۈرۈشى يوق	headword	1368_1R.png	unverified
D02-17990	يۈرۈش-تۇرۇش	headword	1368_1R.png	unverified
D02-17991	يۈرۈشتۈرمەك	headword	1368_1R.png	unverified
D02-17992	يۈرۈشسىز	headword	1368_2L.png	unverified
D02-17993	يۈرۈشلەشتۈرمەك	headword	1368_2L.png	unverified
D02-17994	يۈرۈشلەشتۈرۈشمەك	headword	1368_2L.png	unverified
D02-17995	يۈرۈشلەشتۈرۈلمەك	headword	1368_2L.png	unverified
D02-17996	يۈرۈشلەشمەك	headword	1368_2L.png	unverified
D02-17997	يۈرۈشلۈك	headword	1368_2L.png	unverified
D02-17998	يۈرۈشمە	headword	1368_2L.png	unverified
D02-17999	يۈرۈشمەك	headword	1368_2L.png	unverified
D02-18000	يۈرۈك	headword	1368_2L.png	unverified
D02-18001	يۈرۈلمەك	headword	1368_2L.png	unverified
D02-18002	يۈز	headword	1369_1R.png	unverified
D02-18004	يۈز ئاچماق	headword	1369_1R.png	unverified
D02-18005	يۈز بەرمەك	headword	1369_1R.png	unverified
D02-18006	يۈز تاپماق	headword	1369_1R.png	unverified
D02-18007	يۈز تۇتماق	headword	1369_1R.png	unverified
D02-18008	يۈز قارىماق	headword	1369_1R.png	unverified
D02-18009	يۈز كۆتۈرۈپ يۈرمەك	headword	1369_1R.png	unverified
D02-18010	يۈز كۆرۈشمەك	headword	1369_1R.png	unverified
D02-18011	يۈز كېلەلمەسلىك	headword	1369_1R.png	unverified
D02-18012	يۈز ئۆرۈمەك	headword	1369_2L.png	unverified
D02-18013	يۈزى پولۇ قېلىن	headword	1369_2L.png	unverified
D02-18014	يۈزى تۆكۈلمەك	headword	1369_2L.png	unverified
D02-18015	يۈزى تۆۋەن	headword	1369_2L.png	unverified
D02-18016	يۈزى چوڭ	headword	1369_2L.png	unverified
D02-18017	يۈزى چۈشمەك	headword	1369_2L.png	unverified
D02-18018	يۈزى چىدىماسلىق	headword	1369_2L.png	unverified
D02-18019	يۈزى داپتەك	headword	1369_2L.png	unverified
D02-18020	يۈزىدە تۈكى بار	headword	1369_2L.png	unverified
D02-18021	يۈزىدىن قېنى قاچماق	headword	1369_2L.png	unverified
D02-18022	يۈزىدىن ئوت يانماق	headword	1369_2L.png	unverified
D02-18023	يۈزىدىن - يۈزىگە	headword	1369_2L.png	unverified
D02-18024	يۈزى سۆرۈن	headword	1369_2L.png	unverified
D02-18025	يۈزى قېلىن	headword	1369_2L.png	unverified
D02-18026	يۈزى قىزارماق	headword	1369_2L.png	unverified
D02-18027	يۈزى كەتمەك	headword	1369_2L.png	unverified
D02-18028	يۈزىگە چىقماق	headword	1370_1R.png	unverified
D02-18029	يۈزىگە سالماق	headword	1370_1R.png	unverified
D02-18030	يۈزىگە سەت	headword	1370_1R.png	unverified
D02-18031	يۈزىگە سۈرتمەك	headword	1370_1R.png	unverified
D02-18032	يۈزىگە قارا سۈركىمەك	headword	1370_1R.png	unverified
D02-18033	يۈزىگە قارىماسلىق	headword	1370_1R.png	unverified
D02-18034	يۈزىگە قارىيالماسلىق	headword	1370_1R.png	unverified
D02-18035	يۈزىگە قان يۈگۈرمەك	headword	1370_1R.png	unverified
D02-18036	يۈزىگە يۇندى چاچماق	headword	1370_1R.png	unverified
D02-18037	يۈزىنى ئاچماق	headword	1370_1R.png	unverified
D02-18038	يۈزىنى داپتەك قىلماق	headword	1370_1R.png	unverified
D02-18039	يۈزىنى دېمەك	headword	1370_1R.png	unverified
D02-18040	يۈزىنى سىلىۋەتمەك	headword	1370_1R.png	unverified
D02-18041	يۈزىنى سىلىۋېتىپ گەپ قىلماق	headword	1370_1R.png	verified
D02-18042	يۈزىنى سىيپىۋەتمەك	headword	1370_1R.png	verified
D02-18043	يۈزىنى قىلماق	headword	1370_1R.png	unverified
D02-18044	يۈزىنى كۆتۈرەلمەسلىك	headword	1370_2L.png	unverified
D02-18045	يۈزىنى يورۇق قىلماق	headword	1370_2L.png	unverified
D02-18046	يۈزى ئوچۇق	headword	1370_2L.png	unverified
D02-18047	يۈزى ئوچۇق بولماق	headword	1370_2L.png	unverified
D02-18048	يۈزى ئېچىلمىغان	headword	1370_2L.png	unverified
D02-18049	يۈزى يورۇق	headword	1370_2L.png	unverified
D02-18050	يۈزى يوق	headword	1370_2L.png	unverified
D02-18051	يۈز - ئابرۇي	headword	1370_2L.png	unverified
D02-18052	يۈزئاچقۇ	headword	1370_2L.png	unverified
D02-18053	يۈزە	headword	1370_2L.png	unverified
D02-18054	يۈزەكى	headword	1370_2L.png	unverified
D02-18055	يۈزەكىلىك	headword	1370_2L.png	unverified
D02-18056	يۈزەلىك	headword	1370_2L.png	unverified
D02-18057	يۈزبېشى	headword	1371_1R.png	unverified
D02-18058	يۈزبېشىلىق	headword	1371_1R.png	unverified
D02-18059	يۈزبېگى	headword	1371_1R.png	unverified
D02-18060	يۈزتۇرا	headword	1371_1R.png	unverified
D02-18061	يۈزتۇرانە	headword	1371_1R.png	verified
D02-18062	يۈز-خاتىر	headword	1371_1R.png	unverified
D02-18063	يۈزدەيۈز	headword	1371_1R.png	unverified
D02-18064	يۈزسىز	headword	1371_1R.png	unverified
D02-18065	يۈزسىزلەرچە	headword	1371_1R.png	unverified
D02-18066	يۈزسىزلىك	headword	1371_1R.png	unverified
D02-18067	يۈز-كۆز	headword	1371_1R.png	unverified
D02-18068	يۈزلەپ	headword	1371_1R.png	unverified
D02-18069	يۈزلەپ-مىڭلاپ	headword	1371_1R.png	unverified
D02-18070	يۈزلەشتۈرمەك	headword	1371_1R.png	verified
D02-18071	يۈزلەشتۈرۈلمەك	headword	1371_1R.png	unverified
D02-18072	يۈزلەشمەك	headword	1371_1R.png	unverified
D02-18073	يۈزلەندۈرمەك	headword	1371_2L.png	verified
D02-18074	يۈزلەندۈرۈشمەك	headword	1371_2L.png	verified
D02-18075	يۈزلەندۈرۈلمەك	headword	1371_2L.png	verified
D02-18076	يۈزلەنمەك	headword	1371_2L.png	verified
D02-18077	يۈزلۈك	headword	1371_2L.png	verified
D02-18079	يۈزلۈكلەشمەك	headword	1371_2L.png	verified
D02-18080	يۈزلىگەن	headword	1371_2L.png	verified
D02-18081	يۈزلىگەن- مىڭلىغان	headword	1371_2L.png	verified
D02-18082	يۈزلىنىش	headword	1371_2L.png	verified
D02-18083	يۈزلىنىشمەك	headword	1371_2L.png	verified
D02-18084	يۈزمۇيۈز	headword	1371_2L.png	verified
D02-18085	يۈزىچە	headword	1371_2L.png	verified
D02-18086	يۈزىسىدىن	headword	1371_2L.png	verified
D02-18087	يۈزىنچى	headword	1371_2L.png	verified
D02-18088	يۈك	headword	1372_1R.png	unverified
D02-18089	يۈك-تاق	headword	1372_1R.png	unverified
D02-18090	يۈكچى	headword	1372_1R.png	unverified
D02-18091	يۈكسەك	headword	1372_1R.png	unverified
D02-18092	يۈكسەكلەشمەك	headword	1372_1R.png	unverified
D02-18093	يۈكسەكلەنمەك	headword	1372_1R.png	unverified
D02-18094	يۈكسەكلىك	headword	1372_1R.png	unverified
D02-18095	يۈكسەلدۈرمەك	headword	1372_1R.png	unverified
D02-18096	يۈكسەلدۈرۈشمەك	headword	1372_2L.png	unverified
D02-18097	يۈكسەلدۈرۈلمەك	headword	1372_2L.png	unverified
D02-18098	يۈكسەلمەك	headword	1372_2L.png	unverified
D02-18099	يۈكسىز	headword	1372_2L.png	unverified
D02-18100	يۈكلەتمەك	headword	1372_2L.png	unverified
D02-18101	يۈكلەشمەك	headword	1372_2L.png	unverified
D02-18102	يۈكلەنمەك	headword	1372_2L.png	unverified
D02-18103	يۈكلۈك	headword	1372_2L.png	unverified
D02-18104	يۈكلىمە	headword	1372_2L.png	unverified
D02-18105	يۈكلىمەك	headword	1372_2L.png	unverified
D02-18106	يۈكۈندۈرمەك	headword	1372_2L.png	unverified
D02-18107	يۈكۈندۈرۈشمەك	headword	1373_1R.png	unverified
D02-18108	يۈكۈندۈرۈلمەك	headword	1373_1R.png	unverified
D02-18109	يۈكۈنمەك	headword	1373_1R.png	unverified
D02-18110	يۈكۈنۈشمەك	headword	1373_1R.png	unverified
D02-18111	يۈگەن	headword	1373_1R.png	unverified
D02-18112	يۈگەنچە	headword	1373_1R.png	unverified
D02-18113	يۈگەنچى	headword	1373_1R.png	unverified
D02-18114	يۈگەنسىز	headword	1373_1R.png	unverified
D02-18115	يۈگەنسىزلىك	headword	1373_1R.png	verified
D02-18116	يۈگەنلەتمەك	headword	1373_1R.png	verified
D02-18117	يۈگەنلەشمەك	headword	1373_1R.png	verified
D02-18118	يۈگەنلەكلىك	headword	1373_1R.png	verified
D02-18119	يۈگەنلەنمەك	headword	1373_1R.png	unverified
D02-18120	يۈگەنلىك	headword	1373_1R.png	unverified
D02-18121	يۈگەنلىمەك	headword	1373_1R.png	unverified
D02-18122	يۈگۈرتمەك	headword	1373_1R.png	verified
D02-18123	يۈگۈرگەك	headword	1373_2L.png	unverified
D02-18124	يۈگۈرمەك	headword	1373_2L.png	unverified
D02-18125	يۈگۈرۈش	headword	1373_2L.png	unverified
D02-18126	يۈگۈرۈشمەك	headword	1373_2L.png	unverified
D02-18127	يۈگۈرۈك	headword	1373_2L.png	unverified
D02-18128	يۈگۈر - يېتىم	headword	1373_2L.png	unverified
D02-18129	يۈگۈر - يېتىمچى	headword	1373_2L.png	unverified
D02-18130	يۈمۈرمەك	headword	1373_2L.png	unverified
D02-18132	يېپەڭ	headword	1373_2L.png	verified
D02-18133	يېپىشتۇرماق	headword	1373_2L.png	unverified
D02-18134	يېپىشتۇرۇشماق	headword	1373_2L.png	unverified
D02-18135	يېپىشتۇرۇلماق	headword	1373_2L.png	unverified
D02-18136	يېپىشقاق	headword	1373_2L.png	verified
D02-18137	يېپىشقاقلاشتۇرماق	headword	1374_1R.png	unverified
D02-18138	يېپىشقاقلاشتۇرۇلماق	headword	1374_1R.png	unverified
D02-18139	يېپىشقاقلاشماق	headword	1374_1R.png	verified
D02-18140	يېپىشقاقلىق	headword	1374_1R.png	verified
D02-18141	يېپىشماق	headword	1374_1R.png	unverified
D02-18143	يېپىشىشچان	headword	1374_1R.png	unverified
D02-18144	يېپىشىشچانلىق	headword	1374_1R.png	unverified
D02-18145	يېپىشىق	headword	1374_1R.png	verified
D02-18146	يېپىق	headword	1374_1R.png	unverified
D02-18147	يېپىق بوغۇم	headword	1374_1R.png	unverified
D02-18148	يېپىق ئىمتىھان	headword	1374_2L.png	unverified
D02-18149	يېپىقلىق	headword	1374_2L.png	unverified
D02-18150	يېپىلماق	headword	1374_2L.png	unverified
D02-18151	يېپىنچا	headword	1374_2L.png	unverified
D02-18152	يېپىنچاقلاتماق	headword	1374_2L.png	unverified
D02-18153	يېپىنچاقلاشماق	headword	1374_2L.png	unverified
D02-18154	يېپىنچاقلانماق	headword	1374_2L.png	unverified
D02-18155	يېپىنچاقلىماق	headword	1374_2L.png	unverified
D02-18156	يېپىنچىسىز	headword	1374_2L.png	unverified
D02-18157	يېپىنماق	headword	1374_2L.png	unverified
D02-18158	يېتەرسىز	headword	1374_2L.png	unverified
D02-18159	يېتەرسىزلىك	headword	1374_2L.png	unverified
D02-18160	يېتەرلىك	headword	1374_2L.png	unverified
D02-18161	يېتەر - يەتمەس	headword	1374_2L.png	unverified
D02-18162	يېتەك	headword	1374_2L.png	unverified
D02-18163	يېتەكچى	headword	1374_2L.png	unverified
D02-18164	يېتەكچىلىك	headword	1375_1R.png	unverified
D02-18165	يېتەكلەتمەك	headword	1375_1R.png	unverified
D02-18166	يېتەكلەشمەك	headword	1375_1R.png	unverified
D02-18167	يېتەكلەنمەك	headword	1375_1R.png	unverified
D02-18168	يېتەكلىمەك	headword	1375_1R.png	unverified
D02-18169	يېتو	headword	1375_1R.png	unverified
D02-18170	يېتوچى	headword	1375_1R.png	unverified
D02-18171	يېتۈك	headword	1375_1R.png	unverified
D02-18172	يېتۈكلۈك	headword	1375_1R.png	unverified
D02-18173	يېتىپ - قوپماق	headword	1375_1R.png	unverified
D02-18174	يېتىپ - قوپۇپ	headword	1375_1R.png	unverified
D02-18175	يېتىرقاتماق	headword	1375_1R.png	unverified
D02-18176	يېتىرقاشماق	headword	1375_1R.png	verified
D02-18177	يېتىرقىماق	headword	1375_1R.png	verified
D02-18178	يېتىشتۈرمەك	headword	1375_1R.png	unverified
D02-18179	يېتىشتۈرۈشمەك	headword	1375_1R.png	unverified
D02-18180	يېتىشتۈرۈلمەك	headword	1375_1R.png	unverified
D02-18181	يېتىشكەن	headword	1375_2L.png	verified
D02-18182	يېتىشماق	headword	1375_2L.png	unverified
D02-18183	يېتىشمەك	headword	1375_2L.png	unverified
D02-18184	يېتىلەتمەك	headword	1375_2L.png	unverified
D02-18185	يېتىلەشمەك	headword	1375_2L.png	unverified
D02-18186	يېتىلەك	headword	1375_2L.png	unverified
D02-18187	يېتىلەكلىك	headword	1375_2L.png	unverified
D02-18188	يېتىلەنمەك	headword	1375_2L.png	unverified
D02-18189	يېتىلدۈرمەك	headword	1375_2L.png	unverified
D02-18190	يېتىلدۈرۈشمەك	headword	1375_2L.png	unverified
D02-18191	يېتىلدۈرۈلمەك	headword	1375_2L.png	unverified
D02-18192	يېتىلمەسلىك	headword	1375_2L.png	unverified
D02-18193	يېتىلمەك	headword	1375_2L.png	unverified
D02-18194	يېتىلىمەك	headword	1375_2L.png	verified
D02-18195	يېتىم	headword	1375_2L.png	unverified
D02-18196	يېتىم ئاقساقال	headword	1376_1R.png	unverified
D02-18197	يېتىم تال	headword	1376_1R.png	unverified
D02-18198	يېتىم تىرناق	headword	1376_1R.png	unverified
D02-18199	يېتىم قالدۇرماق	headword	1376_1R.png	unverified
D02-18200	يېتىم قول	headword	1376_1R.png	unverified
D02-18201	يېتىم قوۋۇرغا	headword	1376_1R.png	unverified
D02-18202	يېتىم ئوچاق	headword	1376_1R.png	unverified
D02-18203	يېتىم ئوغلاق	headword	1376_1R.png	unverified
D02-18205	يېتىمەك	headword	1376_1R.png	unverified
D02-18206	يېتىمپەرۋەر	headword	1376_1R.png	unverified
D02-18207	يېتىمپەرۋەرلىك	headword	1376_1R.png	unverified
D02-18208	يېتىمچى	headword	1376_1R.png	unverified
D02-18209	يېتىمچىلىك	headword	1376_1R.png	unverified
D02-18210	يېتىمخانا	headword	1376_1R.png	unverified
D02-18211	يېتىمسىرەتمەك	headword	1376_2L.png	unverified
D02-18212	يېتىمسىرەشمەك	headword	1376_2L.png	unverified
D02-18213	يېتىمسىرىمەك	headword	1376_2L.png	unverified
D02-18214	يېتىملىك	headword	1376_2L.png	unverified
D02-18215	يېتىم - يېسىر	headword	1376_2L.png	unverified
D02-18216	يېتىنچان	headword	1376_2L.png	unverified
D02-18217	يېرىشماق	headword	1376_2L.png	unverified
D02-18218	يېرىق	headword	1376_2L.png	unverified
D02-18219	يېرىقچە	headword	1376_2L.png	unverified
D02-18220	يېرىقلىق	headword	1376_2L.png	unverified
D02-18221	يېرىلغا	headword	1376_2L.png	unverified
D02-18222	يېرىلما	headword	1376_2L.png	unverified
D02-18223	يېرىلماق	headword	1376_2L.png	unverified
D02-18224	يېرىلغۇدەك بولماق	headword	1377_1R.png	unverified
D02-18225	يېرىم	headword	1377_1R.png	unverified
D02-18226	يېرىم جان	headword	1377_1R.png	unverified
D02-18227	يېرىم دىدار	headword	1377_1R.png	unverified
D02-18228	يېرىم قورساق بولماق	headword	1377_1R.png	unverified
D02-18229	يېرىم كېچە	headword	1377_1R.png	unverified
D02-18230	يېرىم ئۆتكۈزگۈچ	headword	1377_1R.png	unverified
D02-18231	يېرىم يولدا	headword	1377_1R.png	unverified
D02-18232	يېرىملاتماق	headword	1377_1R.png	unverified
D02-18233	يېرىملاشتۇرماق	headword	1377_1R.png	unverified
D02-18234	يېرىملاشتۇرۇشماق	headword	1377_1R.png	unverified
D02-18235	يېرىملاشتۇرۇلماق	headword	1377_1R.png	unverified
D02-18236	يېرىملاشماق	headword	1377_1R.png	verified
D02-18237	يېرىملىماق	headword	1377_2L.png	unverified
D02-18238	يېرىم-يارتا	headword	1377_2L.png	unverified
D02-18239	يېرىندى	headword	1377_2L.png	unverified
D02-18240	يېزا	headword	1377_2L.png	unverified
D02-18241	يېزا ئىگىلىكى	headword	1377_2L.png	verified
D02-18242	يېزا-بازار	headword	1377_2L.png	unverified
D02-18243	يېزا-بازار كارخانىسى	headword	1377_2L.png	unverified
D02-18244	يېزا-قىشلاق	headword	1377_2L.png	unverified
D02-18245	يېزا-كەنت	headword	1377_2L.png	unverified
D02-18246	يېزەك	headword	1377_2L.png	unverified
D02-18247	يېزنە	headword	1377_2L.png	unverified
D02-18249	يېزىخو ئەمىنى	headword	1377_2L.png	unverified
D02-18250	يېزىداش	headword	1377_2L.png	unverified
D02-18251	يېزىشماق	headword	1377_2L.png	unverified
D02-18252	يېزىق	headword	1377_2L.png	unverified
D02-18253	يېزىقچىلىق	headword	1378_1R.png	unverified
D02-18254	يېزىقسىز	headword	1378_1R.png	unverified
D02-18255	يېزىقشۇناس	headword	1378_1R.png	unverified
D02-18256	يېزىقشۇناسلىق	headword	1378_1R.png	unverified
D02-18257	يېزىقلىق	headword	1378_1R.png	unverified
D02-18258	يېزىلماق	headword	1378_1R.png	unverified
D02-18259	يېزىلىق	headword	1378_1R.png	unverified
D02-18260	يېسسى	headword	1378_1R.png	unverified
D02-18261	يېسسىلاتماق	headword	1378_1R.png	unverified
D02-18262	يېسسىلاشتۇرماق	headword	1378_1R.png	verified
D02-18263	يېسسىلاشتۇرۇشماق	headword	1378_1R.png	verified
D02-18264	يېسسىلاشتۇرۇلماق	headword	1378_2L.png	verified
D02-18265	يېسسىلاشماق	headword	1378_2L.png	verified
D02-18266	يېسسىلانماق	headword	1378_2L.png	verified
D02-18267	يېسسىلىماق	headword	1378_2L.png	verified
D02-18268	يېسسىمۇق	headword	1378_2L.png	verified
D02-18269	يېسسىۋېلەك	headword	1378_2L.png	verified
D02-18270	يېسسىيان	headword	1378_2L.png	verified
D02-18271	يېسقاق	headword	1378_2L.png	verified
D02-18272	يېسىر	headword	1378_2L.png	verified
D02-18273	يېشىرقىماق	headword	1378_2L.png	verified
D02-18274	يېشىشمەك	headword	1378_2L.png	unverified
D02-18275	يېشىق	headword	1378_2L.png	verified
D02-18276	يېشىل	headword	1378_2L.png	unverified
D02-18277	يېشىل چىراغ يېقىپ بېرمەك	headword	1378_2L.png	verified
D02-18278	يېشىل ئوغۇت	headword	1379_1R.png	unverified
D02-18279	يېشىلچىلىق	headword	1379_1R.png	unverified
D02-18280	يېشىلقات	headword	1379_1R.png	unverified
D02-18281	يېشىللاشتۇرماق	headword	1379_1R.png	unverified
D02-18282	يېشىللاشتۇرۇشماق	headword	1379_1R.png	unverified
D02-18283	يېشىللاشتۇرۇلماق	headword	1379_1R.png	unverified
D02-18284	يېشىللاشماق	headword	1379_1R.png	unverified
D02-18285	يېشىللىق	headword	1379_1R.png	unverified
D02-18286	يېشىلمەك	headword	1379_1R.png	unverified
D02-18287	يېشىم	headword	1379_1R.png	unverified
D02-18288	يېشىن	headword	1379_1R.png	unverified
D02-18289	يېشىنمەك	headword	1379_1R.png	unverified
D02-18290	يېغىر	headword	1379_1R.png	unverified
D02-18291	يېغىرىغا تەگمەك	headword	1379_2L.png	unverified
D02-18292	يېغىرىغا تۇز سەپمەك	headword	1379_2L.png	unverified
D02-18293	يېغىرىنى ياپماق	headword	1379_2L.png	unverified
D02-18294	يېغىردان	headword	1379_2L.png	verified
D02-18295	يېغىلاشماق	headword	1379_2L.png	unverified
D02-18296	يېغىلىق	headword	1379_2L.png	unverified
D02-18297	يېغىن	headword	1379_2L.png	unverified
D02-18298	يېغىن - يېشىن	headword	1379_2L.png	unverified
D02-18299	يېقىشلىق	headword	1379_2L.png	unverified
D02-18300	يېقىشماق	headword	1379_2L.png	unverified
D02-18301	يېقىقلىق	headword	1379_2L.png	unverified
D02-18302	يېقىلغۇ	headword	1379_2L.png	unverified
D02-18303	يېقىلغۇلۇق	headword	1379_2L.png	unverified
D02-18304	يېقىلماق	headword	1379_2L.png	unverified
D02-18305	يېقىم	headword	1379_2L.png	unverified
D02-18306	يېقىمسىز	headword	1380_1R.png	unverified
D02-18307	يېقىمسىزلىق	headword	1380_1R.png	unverified
D02-18308	يېقىملىق	headword	1380_1R.png	unverified
D02-18309	يېقىن	headword	1380_1R.png	unverified
D02-18310	يېقىن ئارىدا	headword	1380_1R.png	unverified
D02-18311	يېقىن كەلتۈرمەسلىك	headword	1380_1R.png	unverified
D02-18312	يېقىن يولماسلىق	headword	1380_1R.png	unverified
D02-18313	يېقىنچىلىق	headword	1380_1R.png	verified
D02-18314	يېقىندا	headword	1380_2L.png	unverified
D02-18315	يېقىندىن	headword	1380_2L.png	unverified
D02-18316	يېقىنسىنماق	headword	1380_2L.png	unverified
D02-18317	يېقىنقى	headword	1380_2L.png	unverified
D02-18318	يېقىنلاتماق	headword	1380_2L.png	unverified
D02-18319	يېقىنلاشتۇرماق	headword	1380_2L.png	unverified
D02-18320	يېقىنلاشتۇرۇشماق	headword	1380_2L.png	unverified
D02-18321	يېقىنلاشتۇرۇلماق	headword	1380_2L.png	unverified
D02-18322	يېقىنلاشماق	headword	1380_2L.png	unverified
D02-18323	يېقىنلىق	headword	1380_2L.png	unverified
D02-18324	يېقىنلىماق	headword	1381_1R.png	unverified
D02-18325	يېقىن-يورۇق	headword	1381_1R.png	unverified
D02-18326	يېقىن-يىراق	headword	1381_1R.png	unverified
D02-18327	يېكەن	headword	1381_1R.png	unverified
D02-18328	يېكەندە بۇرۇت ئالىدىغان	headword	1381_1R.png	unverified
D02-18329	يېكەنتوخۇسى	headword	1381_1R.png	verified
D02-18330	يېكەنچار	headword	1381_1R.png	unverified
D02-18331	يېكەنداز	headword	1381_1R.png	unverified
D02-18332	يېكەنسۈندۈكى	headword	1381_1R.png	unverified
D02-18333	يېكەنلىك	headword	1381_1R.png	unverified
D02-18334	يېگانە	headword	1381_2L.png	unverified
D02-18335	يېگانىلىك	headword	1381_2L.png	unverified
D02-18336	يېگەك	headword	1381_2L.png	unverified
D02-18337	يېگەن - ئىچكەن	headword	1381_2L.png	unverified
D02-18338	يېگەن - ئىچكەندەك	headword	1381_2L.png	unverified
D02-18339	يېگۈزمەك	headword	1381_2L.png	unverified
D02-18340	يېگۈسىز	headword	1381_2L.png	unverified
D02-18341	يېگۈلۈك	headword	1381_2L.png	unverified
D02-18342	يېڭى	headword	1381_2L.png	unverified
D02-18343	يېڭى ئاي	headword	1382_1R.png	unverified
D02-18344	يېڭى بەت	headword	1382_1R.png	unverified
D02-18345	يېڭى پەدە	headword	1382_1R.png	unverified
D02-18346	يېڭى ھايات ئېراسى	headword	1382_1R.png	unverified
D02-18347	يېڭىباشتىن	headword	1382_1R.png	unverified
D02-18348	يېڭىچە	headword	1382_1R.png	unverified
D02-18349	يېڭىدىن	headword	1382_2L.png	unverified
D02-18350	يېڭىدىن-يېڭى	headword	1382_2L.png	unverified
D02-18351	يىڭىراقتا	headword	1382_2L.png	verified
D02-18352	يېڭىشمەك	headword	1382_2L.png	unverified
D02-18353	يېڭىلاتماق	headword	1382_2L.png	unverified
D02-18354	يېڭىلاشماق	headword	1382_2L.png	unverified
D02-18355	يېڭىلانماق	headword	1382_2L.png	unverified
D02-18356	يېڭىلتەك	headword	1382_2L.png	unverified
D02-18357	يېڭىلگەك	headword	1382_2L.png	unverified
D02-18358	يېڭىلماق	headword	1382_2L.png	unverified
D02-18359	يېڭىلمەس	headword	1382_2L.png	unverified
D02-18360	يېڭىلمەسلىك	headword	1382_2L.png	unverified
D02-18361	يېڭىلمەك	headword	1382_2L.png	unverified
D02-18362	يېڭىلىشماق	headword	1382_2L.png	unverified
D02-18363	يېڭىلىق	headword	1382_2L.png	unverified
D02-18364	يېڭىلىقپەرۋەر	headword	1383_1R.png	unverified
D02-18365	يېڭىلىقپەرۋەرلىك	headword	1383_1R.png	unverified
D02-18366	يېڭىلىماق	headword	1383_1R.png	unverified
D02-18367	يېڭىياچە	headword	1383_1R.png	unverified
D02-18368	يېڭىياچىلىق	headword	1383_1R.png	unverified
D02-18369	يېلىڭ	headword	1383_1R.png	verified
D02-18370	يېلىڭ - يالىڭاچ	headword	1383_1R.png	unverified
D02-18371	يېلىڭ - يوپۇڭ	headword	1383_1R.png	unverified
D02-18372	يېلىم	headword	1383_1R.png	unverified
D02-18373	يېلىمى ئېرىمەك	headword	1383_1R.png	unverified
D02-18374	يېلىمسىمان	headword	1383_1R.png	unverified
D02-18375	يېلىملاتماق	headword	1383_1R.png	unverified
D02-18376	يېلىملاشماق	headword	1383_1R.png	unverified
D02-18377	يېلىملانماق	headword	1383_1R.png	unverified
D02-18378	يېلىملىماق	headword	1383_2L.png	verified
D02-18379	يېلىن	headword	1383_2L.png	unverified
D02-18380	يېلىن سالماق	headword	1383_2L.png	unverified
D02-18381	يېلىنجاتماق	headword	1383_2L.png	verified
D02-18382	يېلىنجىماق	headword	1383_2L.png	unverified
D02-18383	يېلىندۇرماق	headword	1383_2L.png	unverified
D02-18384	يېلىندۇرۇشماق	headword	1383_2L.png	unverified
D02-18385	يېلىندۇرۇلماق	headword	1383_2L.png	unverified
D02-18386	يېلىنسىمان	headword	1383_2L.png	unverified
D02-18387	يېلىنلىق	headword	1383_2L.png	unverified
D02-18388	يېلىنلىماق	headword	1383_2L.png	unverified
D02-18389	يېلىنماق	headword	1383_2L.png	unverified
D02-18390	يېلىنىپ-يالۋۇرۇپ	headword	1383_2L.png	unverified
D02-18391	يېلىنىشماق	headword	1383_2L.png	unverified
D02-18392	يېمەك	headword	1383_2L.png	unverified
D02-18394	يەپ قويماق	headword	1384_1R.png	unverified
D02-18395	يەپ كەتمەك	headword	1384_1R.png	verified
D02-18396	يەمسە ياق	headword	1384_2L.png	unverified
D02-18397	يېگىلى ئېغىز يوق	headword	1384_2L.png	unverified
D02-18398	يېگىنى چىرايىغا چىقمايدىغان	headword	1384_2L.png	verified
D02-18399	يېمىگەن مانتىنىڭ پۇلىنى تۆلىمەك	headword	1384_2L.png	verified
D02-18400	يېمەكلىك	headword	1384_2L.png	unverified
D02-18401	يېمەك ـ ئىچمەك	headword	1384_2L.png	verified
D02-18402	يېمىش	headword	1384_2L.png	unverified
D02-18403	يېمىش جىگدە	headword	1384_2L.png	unverified
D02-18404	يېمىش ئۆرۈك	headword	1384_2L.png	unverified
D02-18405	يېمىشلىك	headword	1384_2L.png	unverified
D02-18406	يېن	headword	1384_2L.png	unverified
D02-18407	يېنىپ ـ يېنىپ	headword	1384_2L.png	verified
D02-18408	يېنىچە	headword	1384_2L.png	unverified
D02-18409	يېنىچە- قىرىچە	headword	1384_2L.png	unverified
D02-18410	يېنىشچان	headword	1385_1R.png	verified
D02-18411	يېنىشلاپ	headword	1385_1R.png	unverified
D02-18412	يېنىشماق	headword	1385_1R.png	unverified
D02-18413	يېنىش ـ يېنىشلاپ	headword	1385_1R.png	verified
D02-18414	يېنىق	headword	1385_1R.png	unverified
D02-18415	يېنىقلىق	headword	1385_1R.png	unverified
D02-18416	يېنىك	headword	1385_1R.png	unverified
D02-18417	يېنىك ئاتلېتىكا	headword	1385_2L.png	unverified
D02-18418	يېنىك سانائەت	headword	1385_2L.png	unverified
D02-18419	يېنىك شامال	headword	1385_2L.png	unverified
D02-18420	يېنىك قوراللار	headword	1385_2L.png	unverified
D02-18421	يېنىكلەتمەك	headword	1385_2L.png	verified
D02-18422	يېنىكلەشتۈرمەك	headword	1385_2L.png	verified
D02-18423	يېنىكلەشتۈرۈشمەك	headword	1385_2L.png	verified
D02-18424	يېنىكلەشتۈرۈلمەك	headword	1385_2L.png	verified
D02-18425	يېنىكلەشمەك	headword	1385_2L.png	verified
D02-18426	يېنىكلەنمەك	headword	1385_2L.png	verified
D02-18427	يېنىكلىتىشمەك	headword	1385_2L.png	verified
D02-18428	يېنىكلىتىلمەك	headword	1385_2L.png	verified
D02-18429	يېنىكلىك	headword	1385_2L.png	unverified
D02-18430	يېۋروپىي	headword	1386_1R.png	verified
D02-18431	يېيىتما	headword	1386_1R.png	unverified
D02-18432	يېيىتماق	headword	1386_1R.png	unverified
D02-18433	يېيىشلىك	headword	1386_1R.png	unverified
D02-18434	يېيىشماق	headword	1386_1R.png	unverified
D02-18435	يېيىشمەك	headword	1386_1R.png	unverified
D02-18436	يېيىق	headword	1386_1R.png	unverified
D02-18437	يېيىق جۈملە	headword	1386_1R.png	unverified
D02-18438	يېيىق سۈيى	headword	1386_1R.png	unverified
D02-18439	يېيىقلىق	headword	1386_1R.png	unverified
D02-18440	يېيىلدۇرۇشماق	headword	1386_2L.png	verified
D02-18441	يېيىلدۇرۇلماق	headword	1386_2L.png	unverified
D02-18442	يېيىلما	headword	1386_2L.png	unverified
D02-18443	يېيىلماق	headword	1386_2L.png	unverified
D02-18444	يېيىلمەك	headword	1386_2L.png	unverified
D02-18445	يېيىلىپ - ئېچىلىپ	headword	1386_2L.png	unverified
D02-18446	يېيىلىشچان	headword	1386_2L.png	unverified
D02-18447	يېيىلىشچانلىق	headword	1386_2L.png	unverified
D02-18448	يېيىم	headword	1386_2L.png	unverified
D02-18449	يېيىن	headword	1386_2L.png	unverified
D02-18450	يىپ	headword	1386_2L.png	unverified
D02-18451	يىپ بازىرى قىلماق	headword	1387_1R.png	unverified
D02-18452	يىپ ئۇچى	headword	1387_1R.png	unverified
D02-18453	يىپ ئۆتكۈزۈپ داۋالاش	headword	1387_1R.png	unverified
D02-18454	يىپ ئېشەلمەسلىك	headword	1387_1R.png	verified
D02-18455	يىپتىن يىڭنىسىگىچە	headword	1387_1R.png	unverified
D02-18456	يىپەك	headword	1387_1R.png	unverified
D02-18457	يىپەك يولى	headword	1387_1R.png	unverified
D02-18458	يىپەكچى	headword	1387_1R.png	unverified
D02-18459	يىپەكچىلىك	headword	1387_1R.png	unverified
D02-18460	يىپچە	headword	1387_1R.png	unverified
D02-18461	يىپسىز	headword	1387_1R.png	unverified
D02-18462	يىپسىمان	headword	1387_1R.png	unverified
D02-18463	يىپلاشماق	headword	1387_1R.png	unverified
D02-18464	يىپلىق	headword	1387_1R.png	unverified
D02-18465	يىپ - يىڭنە	headword	1387_2L.png	verified
D02-18466	يىت	headword	1387_2L.png	verified
D02-18467	يىتتۈرمەك	headword	1387_2L.png	verified
D02-18468	يىتتۈرۈشمەك	headword	1387_2L.png	verified
D02-18469	يىتمەك	headword	1387_2L.png	verified
D02-18470	يىدىخ	headword	1387_2L.png	verified
D02-18471	يىراق	headword	1387_2L.png	unverified
D02-18472	يىراق قەدىمىي ئېرا	headword	1387_2L.png	unverified
D02-18473	يىراقنى كۆرمەك	headword	1387_2L.png	unverified
D02-18474	يىراقنى يېقىن قىلماق	headword	1388_1R.png	unverified
D02-18475	يىراقلاتماق	headword	1388_1R.png	unverified
D02-18476	يىراقلاشتۇرماق	headword	1388_1R.png	unverified
D02-18477	يىراقلاشتۇرۇشماق	headword	1388_1R.png	unverified
D02-18478	يىراقلاشتۇرۇلماق	headword	1388_1R.png	unverified
D02-18479	يىراقلاشقۇچى	headword	1388_1R.png	unverified
D02-18480	يىراقلاشماق	headword	1388_1R.png	unverified
D02-18481	يىراقلىق	headword	1388_1R.png	unverified
D02-18482	يىراقلىماق	headword	1388_1R.png	unverified
D02-18483	يىراق - يېقىن	headword	1388_1R.png	unverified
D02-18484	يىرتقۇچ	headword	1388_1R.png	unverified
D02-18485	يىرتقۇچ قۇشلار	headword	1388_1R.png	unverified
D02-18486	يىرتقۇچ ھايۋانلار	headword	1388_1R.png	unverified
D02-18487	يىرتقۇچلۇق	headword	1388_2L.png	unverified
D02-18488	يىرتقۇزماق	headword	1388_2L.png	unverified
D02-18489	يىرتماق	headword	1388_2L.png	unverified
D02-18490	يىرتىشماق	headword	1388_2L.png	unverified
D02-18491	يىرتىق	headword	1388_2L.png	unverified
D02-18492	يىرتىلماق	headword	1388_2L.png	unverified
D02-18493	يىرغۇزماق	headword	1388_2L.png	unverified
D02-18494	يىرگەندۈرمەك	headword	1388_2L.png	unverified
D02-18495	يىرگەنمەك	headword	1388_2L.png	unverified
D02-18496	يىرگىنچ	headword	1388_2L.png	unverified
D02-18497	يىرگىنچلىك	headword	1388_2L.png	unverified
D02-18498	يىرگىنىشمەك	headword	1388_2L.png	unverified
D02-18499	يىرماق	headword	1388_2L.png	unverified
D02-18500	يىرىشماق	headword	1388_2L.png	verified
D02-18501	يىرىق	headword	1388_2L.png	verified
D02-18502	يىرىك	headword	1389_1R.png	unverified
D02-18504	يىرىكچىلىك	headword	1389_1R.png	unverified
D02-18505	يىرىكلەشتۈرمەك	headword	1389_1R.png	unverified
D02-18506	يىرىكلەشتۈرۈشمەك	headword	1389_1R.png	unverified
D02-18507	يىرىكلەشتۈرۈلمەك	headword	1389_1R.png	unverified
D02-18508	يىرىكلەشمەك	headword	1389_1R.png	unverified
D02-18509	يىرىكلىك	headword	1389_1R.png	verified
D02-18510	يىرىك-يۇمشاق	headword	1389_1R.png	verified
D02-18511	يىرىكلىمەك	headword	1389_1R.png	verified
D02-18512	يىرىڭ	headword	1389_1R.png	verified
D02-18513	يىرىڭلىق	headword	1389_1R.png	verified
D02-18514	يىرىلماق	headword	1389_2L.png	unverified
D02-18515	يىزۇ	headword	1389_2L.png	unverified
D02-18516	يىزۇچە	headword	1389_2L.png	unverified
D02-18517	يىغا	headword	1389_2L.png	unverified
D02-18518	يىغا-زار	headword	1389_2L.png	unverified
D02-18519	يىغدۇرماق	headword	1389_2L.png	unverified
D02-18520	يىغدۇرۇشماق	headword	1389_2L.png	unverified
D02-18521	يىغدۇرۇلماق	headword	1389_2L.png	unverified
D02-18522	يىغقان-تۈگكەن	headword	1389_2L.png	unverified
D02-18523	يىغقۇچ	headword	1389_2L.png	verified
D02-18524	يىغقۇچى	headword	1389_2L.png	verified
D02-18525	يىغلاپ-قاقشاپ	headword	1389_2L.png	unverified
D02-18526	يىغلاتماق	headword	1389_2L.png	unverified
D02-18527	يىغلاشماق	headword	1389_2L.png	unverified
D02-18528	يىغلا-قاقشا	headword	1389_2L.png	unverified
D02-18528-v1	يىغلاپ - قاقشاپ	variant	1389_2L.png	unverified
D02-18529	يىغلاغۇ	headword	1389_2L.png	unverified
D02-18530	يىغلاڭغۇ	headword	1390_1R.png	unverified
D02-18531	يىغلاڭغۇلۇق	headword	1390_1R.png	unverified
D02-18532	يىغلامسىراتماق	headword	1390_1R.png	verified
D02-18533	يىغلامسىراشماق	headword	1390_1R.png	unverified
D02-18534	يىغلامسىرىماق	headword	1390_1R.png	unverified
D02-18535	يىغلىغاق	headword	1390_1R.png	verified
D02-18536	يىغلىماق	headword	1390_1R.png	unverified
D02-18537	يىغلاپ كۆرۈشكۈدەك بولماق	headword	1390_1R.png	unverified
D02-18538	يىغلىغۇدەك بولماق	headword	1390_1R.png	unverified
D02-18539	يىغما	headword	1390_1R.png	unverified
D02-18540	يىغماق	headword	1390_1R.png	unverified
D02-18541	يىغىپ ئېيتقاندا	headword	1390_2L.png	unverified
D02-18542	يىغىپ-تۆشەپ	headword	1390_2L.png	unverified
D02-18543	يىغىچى	headword	1390_2L.png	unverified
D02-18544	يىغىش	headword	1390_2L.png	unverified
D02-18545	يىغىشتۇرماق	headword	1390_2L.png	unverified
D02-18546	يىغىشتۇرۇشماق	headword	1390_2L.png	unverified
D02-18547	يىغىشتۇرۇلماق	headword	1390_2L.png	unverified
D02-18548	يىغىشماق	headword	1390_2L.png	unverified
D02-18549	يىغىق	headword	1391_1R.png	unverified
D02-18550	يىغىق جۈملە	headword	1391_1R.png	unverified
D02-18551	يىغىقلىق	headword	1391_1R.png	unverified
D02-18552	يىغىلغۇچى	headword	1391_1R.png	unverified
D02-18553	يىغىلماق	headword	1391_1R.png	unverified
D02-18554	يىغىلىش	headword	1391_1R.png	unverified
D02-18555	يىغىلىشچان	headword	1391_1R.png	unverified
D02-18556	يىغىلىشچانلىق	headword	1391_1R.png	unverified
D02-18557	يىغىلىشماق	headword	1391_1R.png	unverified
D02-18558	يىغىم	headword	1391_1R.png	unverified
D02-18559	يىغىم-تېرىم	headword	1391_1R.png	unverified
D02-18560	يىغىم-سىرىم	headword	1391_1R.png	unverified
D02-18561	يىغىن	headword	1391_1R.png	unverified
D02-18562	يىغىنچاق	headword	1391_1R.png	unverified
D02-18563	يىغىنچاقلاتماق	headword	1391_1R.png	unverified
D02-18564	يىغىنچاقلاشتۇرماق	headword	1391_1R.png	unverified
D02-18565	يىغىنچاقلاشتۇرۇلماق	headword	1391_1R.png	unverified
D02-18566	يىغىنچاقلىق	headword	1391_2L.png	verified
D02-18567	يىغىنچاقلىماق	headword	1391_2L.png	unverified
D02-18568	يىغىندى	headword	1391_2L.png	unverified
D02-18569	يىغىندىلىماق	headword	1391_2L.png	unverified
D02-18570	يىغىۋېلىش	headword	1391_2L.png	unverified
D02-18571	يىقىتماق	headword	1391_2L.png	unverified
D02-18572	يىقىتىشماق	headword	1392_1R.png	verified
D02-18573	يىقىلدۇرماق	headword	1392_1R.png	unverified
D02-18574	يىقىلماق	headword	1392_1R.png	unverified
D02-18575	يىقىلىپ- سوقۇلۇپ	headword	1392_1R.png	unverified
D02-18576	يىقىلىپ - قوپۇپ	headword	1392_1R.png	unverified
D02-18577	يىقىلىشماق	headword	1392_1R.png	unverified
D02-18578	يىك	headword	1392_1R.png	unverified
D02-18579	يىك باسماق	headword	1392_1R.png	unverified
D02-18579-v1	چاك باسماق	variant	1392_1R.png	unverified
D02-18580	يىكتەك	headword	1392_1R.png	unverified
D02-18581	يىكچى	headword	1392_1R.png	unverified
D02-18582	يىكچىلىك	headword	1392_1R.png	unverified
D02-18583	يىكدان	headword	1392_1R.png	unverified
D02-18584	يىگ	headword	1392_1R.png	unverified
D02-18585	يىگلەتمەك	headword	1392_2L.png	unverified
D02-18586	يىگلەش	headword	1392_2L.png	unverified
D02-18587	يىگلەشمەك	headword	1392_2L.png	unverified
D02-18588	يىگلىمەك	headword	1392_2L.png	unverified
D02-18589	يىگىت	headword	1392_2L.png	unverified
D02-18590	يىگىت قولدىشى	headword	1392_2L.png	unverified
D02-18591	يىگىتنىڭ گۈلى	headword	1392_2L.png	unverified
D02-18592	يىگىتبېشى	headword	1392_2L.png	unverified
D02-18593	يىگىتچە	headword	1392_2L.png	unverified
D02-18594	يىگىتچىلىك	headword	1392_2L.png	unverified
D02-18595	يىگىتلىك	headword	1392_2L.png	unverified
D02-18596	يىگىرمە	headword	1393_1R.png	unverified
D02-18597	يىگىرمە تۆت مەۋسۇم	headword	1393_1R.png	unverified
D02-18598	يىگىرمىنچى	headword	1393_1R.png	unverified
D02-18599	يىگىنە	headword	1393_1R.png	unverified
D02-18602	يىڭگىلىك	headword	1393_1R.png	unverified
D02-18603	يىڭناسقۇ	headword	1393_1R.png	unverified
D02-18604	يىڭناغۇچ	headword	1393_1R.png	unverified
D02-18605	يىڭنە	headword	1393_2L.png	unverified
D02-18606	يىڭنەزىرە	headword	1393_2L.png	unverified
D02-18607	يىڭنىلىك	headword	1393_2L.png	unverified
D02-18608	يىڭنەمىخ	headword	1393_2L.png	unverified
D02-18609	يىل	headword	1393_2L.png	unverified
D02-18610	يىلدىن - يىلغا	headword	1393_2L.png	unverified
D02-18611	يىلان	headword	1393_2L.png	unverified
D02-18612	يىلان باغرى	headword	1393_2L.png	unverified
D02-18613	يىلاننىڭ كۆشىگىنىنى تۇيىدىغان	headword	1393_2L.png	unverified
D02-18614	يىلانبېلىق	headword	1393_2L.png	unverified
D02-18615	يىلان - چايان	headword	1393_2L.png	unverified
D02-18616	يىلانچى	headword	1393_2L.png	unverified
D02-18617	يىلانلىق	headword	1393_2L.png	unverified
D02-18618	يىلانئوت	headword	1394_1R.png	unverified
D02-18619	يىلەم	headword	1394_1R.png	unverified
D02-18620	يىلپىز	headword	1394_1R.png	verified
D02-18621	يىلتىز	headword	1394_1R.png	unverified
D02-18622	يىلتىز تارتماق	headword	1394_1R.png	unverified
D02-18623	يىلتىز سۈرمەك	headword	1394_1R.png	unverified
D02-18624	يىلتىز چىقىرىش	headword	1394_1R.png	unverified
D02-18625	يىلتىزدىن قومۇرۇپ تاشلىماق	headword	1394_1R.png	unverified
D02-18626	يىلتىزدىن قۇرۇتماق	headword	1394_1R.png	unverified
D02-18627	يىلتىزىغا پالتا چاپماق	headword	1394_1R.png	unverified
D02-18628	يىلتىزىنى قومۇرۇپ تاشلىماق	headword	1394_1R.png	unverified
D02-18629	يىلتىزىنى قۇرۇتماق	headword	1394_1R.png	unverified
D02-18630	يىلتىزىنى قىرقىماق	headword	1394_2L.png	verified
D02-18631	يىلتىزداش	headword	1394_2L.png	unverified
D02-18632	يىلتىزسىز	headword	1394_2L.png	unverified
D02-18633	يىلتىزسىمان	headword	1394_2L.png	unverified
D02-18634	يىلتىزلاتماق	headword	1394_2L.png	unverified
D02-18635	يىلتىزلاشتۇرماق	headword	1394_2L.png	unverified
D02-18636	يىلتىزلاشتۇرۇشماق	headword	1394_2L.png	unverified
D02-18637	يىلتىزلاشتۇرۇلماق	headword	1394_2L.png	unverified
D02-18638	يىلتىزلاشماق	headword	1394_2L.png	unverified
D02-18639	يىلتىزلاندۇرماق	headword	1394_2L.png	unverified
D02-18640	يىلتىزلاندۇرۇشماق	headword	1394_2L.png	unverified
D02-18641	يىلتىزلاندۇرۇلماق	headword	1394_2L.png	unverified
D02-18642	يىلتىزلانماق	headword	1394_2L.png	unverified
D02-18643	يىلتىزلىق	headword	1394_2L.png	unverified
D02-18644	يىلتىزلىماق	headword	1394_2L.png	unverified
D02-18645	يىلداش	headword	1394_2L.png	unverified
D02-18646	يىلسايىن	headword	1395_1R.png	unverified
D02-18647	يىلسېرى	headword	1395_1R.png	unverified
D02-18648	يىلسىز	headword	1395_1R.png	unverified
D02-18649	يىلقا	headword	1395_1R.png	unverified
D02-18650	يىلقىچى	headword	1395_1R.png	unverified
D02-18651	يىلقىچىلىق	headword	1395_1R.png	unverified
D02-18652	يىللاپ	headword	1395_1R.png	unverified
D02-18653	يىللاپ - يىللاپ	headword	1395_1R.png	unverified
D02-18654	يىللىق	headword	1395_1R.png	unverified
D02-18655	يىللىقچى	headword	1395_1R.png	unverified
D02-18656	يىللىقچىلىق	headword	1395_1R.png	unverified
D02-18657	يىللىماق	headword	1395_1R.png	unverified
D02-18658	يىلنامە	headword	1395_2L.png	verified
D02-18659	يىلنامىلىق	headword	1395_2L.png	unverified
D02-18660	يىلىك	headword	1395_2L.png	verified
D02-18661	يىلىكى توشماق	headword	1395_2L.png	unverified
D02-18662	يىلىكى توق	headword	1395_2L.png	unverified
D02-18663	يىلىكىدە سۇ ئىچمەك	headword	1395_2L.png	unverified
D02-18664	يىلىكى سۇيۇق	headword	1395_2L.png	unverified
D02-18665	يىلىكى شورلۇق	headword	1395_2L.png	unverified
D02-18666	يىلىكىنى چاقماق	headword	1395_2L.png	unverified
D02-18667	يىلىكىنى شورىماق	headword	1395_2L.png	unverified
D02-18668	يىلىكىنى قۇرۇتماق	headword	1395_2L.png	unverified
D02-18669	يىلىكى ئۈزۈك	headword	1395_2L.png	verified
D02-18670	يىلىكى ئۈزۈلمەك	headword	1396_1R.png	verified
D02-18671	يىلماق	headword	1396_1R.png	unverified
D02-18672	يىمىرمەك	headword	1396_1R.png	unverified
D02-18673	يىمىرىشمەك	headword	1396_1R.png	unverified
D02-18674	يىمىرىلمەس	headword	1396_1R.png	unverified
D02-18675	يىمىرىلمەك	headword	1396_2L.png	unverified
D02-18676	يىمىرىلىش	headword	1396_2L.png	unverified
D02-18677	يىن	headword	1396_2L.png	unverified
D02-18678	فا	headword	713_1R.png	verified
D02-18679	فونتانلىق	headword	716_2L.png	verified
D02-18680	قوۋۇقسىز	headword	782_1R.png	verified
D02-18681	ھاسىرىماق	headword	1077_2L.png	verified
D02-18682	ئىپلاس	headword	1252_2L.png	verified
D02-18683	ئىپلاسلارچە	headword	1252_2L.png	verified
D02-18684	ئىپلاسچىلىق	headword	1252_2L.png	verified
D02-18685	ئىپلاسلاشماق	headword	1252_2L.png	verified
D02-18686	ئىپلاسلىق	headword	1252_2L.png	verified
D02-18687	ئىپومېيە	headword	1252_2L.png	verified
D02-18688	ئىت	headword	1252_2L.png	verified
D02-18689	ئىت بورسۇق	headword	1252_2L.png	verified
D02-18690	ئىت پوق يېمەستە	headword	1252_2L.png	verified
D02-18691	ئىت خۇي	headword	1252_2L.png	verified
D02-18692	ئىت مۇرۇن	headword	1252_2L.png	verified
D02-18692-v1	ئازغان	variant	1252_2L.png	verified
D02-18693	ئىت مىجەز	headword	1252_2L.png	verified
D02-18694	ئىتنىڭ بالىسى	headword	1252_2L.png	verified
D02-18695	ياللۇغلانماق	headword	1334_1R.png	verified
D02-18696	مۇسابىقىلەشتۈرۈشمەك	headword	1004_1R.png	verified
D02-18697	ھېقىق	headword	1112_1R.png	unverified
D02-18698	ئىدرەملىك	headword	1263_1R.png	verified
D02-18699	ق	headword	722_1R.png	verified
D02-18700	قاتراڭغۇلۇق	headword	727_1R.png	verified
D02-18701	قاتكۆك	headword	727_1R.png	verified
D02-18702	قاتلاقلىق	headword	727_1R.png	verified
D02-18703	قارىغا كەتمەك	headword	732_2L.png	verified
D02-18704	قارىسىنى ئۇشتۇماق	headword	732_2L.png	verified
D02-18705	قارا ـ قويۇق	headword	734_1R.png	verified
D02-18706	قارغىشچى	headword	736_2L.png	verified
D02-18707	قارىداتماق	headword	738_1R.png	verified
D02-18708	قارىمىقىدىكى	headword	740_2L.png	verified
D02-18709	قازىنىغا توپا چاچماق	headword	741_1R.png	verified
D02-18710	قاساقلىق	headword	742_1R.png	verified
D02-18711	قاشاڭلىق	headword	743_2L.png	verified
D02-18712	قاشقۇنچۇق	headword	744_1R.png	verified
D02-18713	قاق پودا	headword	745_1R.png	verified
D02-18714	قاڭقىرىماق	headword	747_1R.png	verified
D02-18715	قاماقخانا	headword	750_1R.png	verified
D02-18716	قاماللىماق	headword	750_2L.png	verified
D02-18717	قان بولۇشۇپ كەتمەك	headword	751_2L.png	verified
D02-18718	قان چىچار	headword	751_2L.png	verified
D02-18719	قان شورىماق	headword	752_1R.png	verified
D02-18720	قانائەتلەندۈرمەك	headword	752_1R.png	verified
D02-18721	قەدىردانلارچە	headword	763_1R.png	verified
D02-18722	قەدىمىي	headword	764_1R.png	verified
D02-18723	قەلەمچىلەتمەك	headword	765_2L.png	verified
D02-18724	قەللە	headword	766_2L.png	verified
D02-18725	قورسىقىدا توڭگۇز قاترايدىغان	headword	771_1R.png	verified
D02-18726	قورسىقىدا چوت سوقماق	headword	771_1R.png	verified
D02-18727	قورسىقىدا گەپ ياتمايدىغان	headword	771_1R.png	verified
D02-18728	قورسىقىدا ئۇمىچى بار	headword	771_1R.png	verified
D02-18729	قورسىقىدا كىرىپ چىقماق	headword	771_1R.png	verified
D02-18730	قورۇداش	headword	772_1R.png	verified
D02-18732	قوزا ـ ئوغلاق	headword	773_1R.png	verified
D02-18733	قوشنىلىق	headword	775_1R.png	verified
D02-18734	قوڭى چىڭ	headword	777_1R.png	verified
D02-18735	قوڭىنى قويالماي قالماق	headword	777_1R.png	verified
D02-18736	قوڭىنى كوچىلىماق	headword	777_1R.png	verified
D02-18737	قولغا قول، پۇتقا پۇت بولماق	headword	778_1R.png	verified
D02-18738	قولى قىسقا	headword	778_1R.png	verified
D02-18739	قولتۇقلاشماق	headword	779_1R.png	verified
D02-18740	قومۇرتماق	headword	780_1R.png	verified
D02-18741	قومۇرۇشماق	headword	780_1R.png	verified
D02-18742	قۇرۇتۇشماق	headword	788_1R.png	verified
D02-18743	قۇستۇرماق	headword	789_2L.png	verified
D02-18744	قۇسۇرچى	headword	789_2L.png	verified
D02-18746	قۇيرۇق شىپپاڭلاتماق	headword	795_1R.png	verified
D02-18747	قېتىش - قۇراش	headword	796_1R.png	verified
D02-18748	قېرىشقاقلىق	headword	796_2L.png	verified
D02-18749	قېرىنسىمان	headword	797_2L.png	verified
D02-18750	قېنىقارلىق	headword	798_2L.png	verified
D02-18751	قېيىشتۇرۇلماق	headword	799_1R.png	verified
D02-18752	قىدىرتماق	headword	800_2L.png	verified
D02-18753	قىرتاق	headword	801_1R.png	verified
D02-18754	قىرقىلماق	headword	802_1R.png	verified
D02-18755	قىرلاشماق	headword	802_2L.png	verified
D02-18756	قىرىشماق	headword	803_1R.png	verified
D02-18757	قىزارتىلماق	headword	803_2L.png	verified
D02-18758	قىزغۇچ	headword	804_1R.png	verified
D02-18759	قىزىل قەغەز ئالماق	headword	805_2L.png	verified
D02-18760	قىسقارتىلماق	headword	808_1R.png	verified
D02-18761	قىسقىرىشچان	headword	808_1R.png	verified
D02-18762	قىسقىلىق	headword	808_1R.png	verified
D02-18763	قىسىل	headword	809_1R.png	verified
D02-18764	قىلنى پىل قىلماق	headword	811_1R.png	verified
D02-18765	قىلنى قىرىق يارماق	headword	811_1R.png	verified
D02-18766	قىل ئۆتكۈزمەسلىك	headword	811_1R.png	verified
D02-18767	قىل ئۈستىدە	headword	811_1R.png	verified
D02-18768	قىلمىش - ئەتمىش	headword	812_1R.png	verified
D02-18769	قىمىر - قىمىر	headword	814_1R.png	verified
D02-18770	قىياق - ئېجرىق	headword	815_1R.png	verified
D02-18771	قىيالىق	headword	815_1R.png	verified
D02-18772	قىيپاشلاتماق	headword	815_1R.png	verified
D02-18773	قىيپاشلىق	headword	815_2L.png	verified
D02-18774	كاتاپ	headword	819_1R.png	verified
D02-18775	كاتاڭ	headword	819_1R.png	verified
D02-18776	كاتتىباش	headword	819_1R.png	verified
D02-18777	كاربونات	headword	822_1R.png	verified
D02-18778	كاركىراتماق	headword	823_1R.png	verified
D02-18779	كارىزچىلىق	headword	823_2L.png	verified
D02-18780	كارىزلىق	headword	823_2L.png	verified
D02-18781	كارىلداشماق	headword	823_2L.png	verified
D02-18782	كاسىپ	headword	825_1R.png	verified
D02-18783	كاسىلانماق	headword	825_1R.png	verified
D02-18784	كالتە قۇيرۇق	headword	827_2L.png	verified
D02-18785	كالتسىيلاشتۇرۇلماق	headword	828_1R.png	verified
D02-18786	كالتسىيلاشماق	headword	828_1R.png	verified
D02-18787	كاللىسىدىن ئىس چىقماق	headword	828_2L.png	verified
D02-18788	كاللىسى قاتماق	headword	828_2L.png	verified
D02-18789	كاللىسى قىزىپ كەتمەك	headword	828_2L.png	verified
D02-18790	كاللىسىنى سىلكىۋەتمەك	headword	828_2L.png	verified
D02-18791	كاللىمۇ يېمەي، چىشمۇ چاقماي	headword	828_2L.png	verified
D02-18792	كاللىپاي	headword	828_2L.png	verified
D02-18793	كاۋاپمۇ كۆيمىسۇن، زىخمۇ كۆيمىسۇن	headword	833_1R.png	verified
D02-18794	كەپىش	headword	834_2L.png	verified
D02-18795	كەڭرىتىلمەك	headword	841_1R.png	verified
D02-18796	كەلدى - باردى	headword	841_2L.png	verified
D02-18796-v1	باردى - كەلدى	variant	841_2L.png	verified
D02-18797	كەلمەكلىك	headword	843_1R.png	verified
D02-18798	كەمىنە	headword	845_1R.png	verified
D02-18799	كەيپچىلىك	headword	845_2L.png	verified
D02-18800	كوچىلاشتۇرماق	headword	847_1R.png	verified
D02-18801	كوچىلىماق	headword	847_2L.png	verified
D02-18802	كوكسلاشتۇرماق	headword	850_1R.png	verified
D02-18803	كولخوزچى	headword	850_2L.png	verified
D02-18804	كونارتماق	headword	854_1R.png	verified
D02-18805	كوندېنساتسىيەلىك	headword	854_2L.png	verified
D02-18806	كۆتۈلدىماق	headword	857_1R.png	verified
D02-18807	كۇمۇلەك	headword	859_1R.png	verified
D02-18808	كۆتى بىلەن ئاغزىنىڭ پەرقى يوق	headword	860_2L.png	verified
D02-18809	كۆتمەكلەشتۈرمەك	headword	861_1R.png	verified
D02-18810	كۆرە	headword	863_2L.png	verified
D02-18811	كۆز باغلانماق	headword	866_2L.png	verified
D02-18812	كۆككە سورۇماق	headword	870_1R.png	verified
D02-18813	كۆككە كۆتۈرمەك	headword	870_1R.png	verified
D02-18814	كۆك نامرات	headword	870_1R.png	verified
D02-18816	كۆكىرىشچان	headword	872_1R.png	verified
D02-18817	كۆڭۈلسىز	headword	873_2L.png	verified
D02-18818	كۆلۈ	headword	874_1R.png	verified
D02-18819	كۆۋە	headword	875_2L.png	verified
D02-18820	كۈپسەن	headword	876_2L.png	verified
D02-18821	كۈرەش	headword	878_2L.png	verified
D02-18822	كۈنچەك	headword	881_1R.png	verified
D02-18823	كېسىلمەك	headword	886_1R.png	verified
D02-18824	كېڭەيتىشمەك	headword	887_1R.png	verified
D02-18825	كېۋەزلىك	headword	889_1R.png	verified
D02-18826	كىتابلىق	headword	890_1R.png	verified
D02-18827	كىرىشتەك	headword	894_1R.png	verified
D02-18828	كىشەنلىك	headword	895_2L.png	verified
D02-18829	كىنېماتىكا	headword	898_2L.png	verified
D02-18830	كىۋارتىس	headword	899_1R.png	verified
D02-18831	گ	headword	900_1R.png	verified
D02-18832	گازلاشتۇرماق	headword	902_1R.png	verified
D02-18833	گازلاشتۇرۇشماق	headword	902_1R.png	verified
D02-18834	گازىر - پۇرچاق	headword	902_1R.png	verified
D02-18835	گاڭگىراشماق	headword	903_1R.png	verified
D02-18836	گالۋاڭلاشماق	headword	904_1R.png	verified
D02-18837	گەجسىمان	headword	905_2L.png	verified
D02-18838	گولوگرافىيەلىك	headword	908_1R.png	verified
D02-18839	گۇگۇكلاشماق	headword	909_2L.png	verified
D02-18840	گۈندىخانا	headword	912_1R.png	verified
D02-18841	گۈڭگۈرتلەشمەك	headword	915_1R.png	verified
D02-18842	گۈلخانلاتماق	headword	915_2L.png	verified
D02-18843	گۈلخانلانماق	headword	916_1R.png	verified
D02-18844	گۈللەنمەك	headword	917_2L.png	verified
D02-18845	گۈمبەزسىمان	headword	918_1R.png	verified
D02-18846	گىپىسلاتماق	headword	921_2L.png	verified
D02-18847	گىرتىلداتماق	headword	924_1R.png	verified
D02-18848	گىلىپتو	headword	927_1R.png	verified
D02-18849	ل	headword	929_1R.png	verified
D02-18850	لاتاكۇس	headword	930_2L.png	verified
D02-18851	لاقا ـ لۇقا	headword	932_1R.png	verified
D02-18852	لامپا	headword	933_1R.png	verified
D02-18853	لاۋازىماتچىلىق	headword	933_2L.png	verified
D02-18854	لاۋۇلدىماق	headword	934_1R.png	verified
D02-18855	لايىقلاشتۇرۇلماق	headword	935_1R.png	verified
D02-18856	لەپشىېرىن	headword	935_2L.png	verified
D02-18857	لەتىپىچى	headword	936_1R.png	verified
D02-18858	لەڭگۈت	headword	937_2L.png	verified
D02-18859	لەڭ - لەڭ	headword	937_2L.png	verified
D02-18860	لەھەت	headword	938_1R.png	verified
D02-18861	لەھەڭ	headword	938_1R.png	verified
D02-18861-v1	ئاكۇلا	variant	938_1R.png	verified
D02-18862	لەۋلەشتۈرمەك	headword	938_2L.png	verified
D02-18863	لودور	headword	940_1R.png	verified
D02-18864	لوڭ	headword	941_1R.png	verified
D02-18865	لۇغەتلەشتۈرۈشمەك	headword	941_2L.png	verified
D02-18866	لېپەكسىز	headword	942_2L.png	verified
D02-18867	لىبېرالىزملىق	headword	944_1R.png	verified
D02-18868	لىملىق	headword	947_1R.png	verified
D02-18869	م	headword	948_1R.png	verified
D02-18870	ما	headword	948_1R.png	verified
D02-18871	مائاشلىق	headword	948_2L.png	verified
D02-18872	ماختانچاق	headword	951_2L.png	verified
D02-18873	مادارسىزلىق	headword	952_1R.png	verified
D02-18874	مادارسىزلىنىشماق	headword	952_1R.png	verified
D02-18875	ماددىي مەدەنىيەت	headword	952_2L.png	verified
D02-18876	مارتىلداتماق	headword	953_1R.png	verified
D02-18877	مازاقلانماق	headword	954_2L.png	verified
D02-18878	ماسلاشتۇرما	headword	955_2L.png	verified
D02-18879	ماكىلداشماق	headword	958_2L.png	verified
D02-18880	مالتىلانماق	headword	961_2L.png	verified
D02-18881	مال - دۇنيا	headword	961_2L.png	verified
D02-18882	ماھىرلاشتۇرماق	headword	965_1R.png	verified
D02-18883	ماۋنەن	headword	965_2L.png	verified
D02-18884	مەتبۇئاتشۇناسلىق	headword	968_2L.png	verified
D02-18885	مەخسۇسلاشتۇرۇشماق	headword	970_1R.png	verified
D02-18886	مەسە ـ كالاچ	headword	976_2L.png	verified
D02-18887	مەستخۇشلاندۇرماق	headword	977_1R.png	verified
D02-18888	مەسخىرىلەشتۈرمەك	headword	977_2L.png	verified
D02-18889	مەسلىھەتى يوق	headword	978_2L.png	verified
D02-18890	مەسئۇلىيەتسىزلىك	headword	979_1R.png	verified
D02-18891	مەشھۇر	headword	980_1R.png	verified
D02-18892	مەمە	headword	983_2L.png	verified
D02-18893	مەھەللىي	headword	987_2L.png	verified
D02-18894	مەھكەملەنمەك	headword	988_2L.png	verified
D02-18895	مەئىشەتسىز	headword	990_1R.png	verified
D02-18896	مەيدىسىگە ئۇرماق	headword	991_1R.png	verified
D02-18897	مەيدىسىنى كەرمەك	headword	991_1R.png	verified
D02-18898	موككىدە	headword	994_1R.png	verified
D02-18899	موكلىماق	headword	994_1R.png	verified
D02-18900	موڭغۇللاشتۇرۇشماق	headword	994_2L.png	verified
D02-18901	موڭغۇللاشتۇرۇلماق	headword	994_2L.png	verified
D02-18902	مونوپول	headword	997_1R.png	verified
D02-18903	مۇتەئەسسىپلەشتۈرمەك	headword	999_1R.png	verified
D02-18904	مۇستەملىكىچى	headword	1005_2L.png	verified
D02-18905	مۇستەملىكىچىلىك	headword	1005_2L.png	verified
D02-18906	مۇسىبەتلىك	headword	1006_2L.png	verified
D02-18907	مۇشۇ تاپتا	headword	1008_1R.png	verified
D02-18908	موقاتىل دەرىخى	headword	1008_2L.png	verified
D02-18909	مۇكەممەللەنمەك	headword	1010_2L.png	verified
D02-18910	مۇڭداشقاق	headword	1010_2L.png	verified
D02-18911	مۇنازىرىچىلىق	headword	1012_2L.png	verified
D02-18912	مۇنتىزىملاشتۇرماق	headword	1013_2L.png	verified
D02-18913	مۇنتىزىملاشتۇرۇشماق	headword	1013_2L.png	verified
D02-18914	مۆكتۈرمەك	headword	1017_1R.png	verified
D02-18915	مۆلدۈرلەشمەك	headword	1018_1R.png	verified
D02-18916	مۈكچىيىشمەك	headword	1020_1R.png	verified
D02-18917	مېمارچىلىق	headword	1024_2L.png	verified
D02-18918	مىجىماق	headword	1028_1R.png	verified
D02-18919	مىرشەپ بېگى	headword	1029_1R.png	verified
D02-18920	مىژمىلاق	headword	1030_1R.png	verified
D02-18921	مىسكانتۇس	headword	1031_1R.png	verified
D02-18922	مىڭقېتى	headword	1034_2L.png	verified
D02-18922-v1	توققۇزتونلۇق	variant	1034_2L.png	verified
D02-18924	مىللىيلاشتۇرماق	headword	1036_1R.png	verified
D02-18925	مىللىيلاشتۇرۇلماق	headword	1036_1R.png	verified
D02-18926	مىنالاشتۇرۇلماق	headword	1037_1R.png	verified
D02-18927	مىننەتلىك	headword	1037_2L.png	verified
D02-18928	مىنېرالسىز	headword	1038_1R.png	verified
D02-18929	مىنېراللاندۇرماق	headword	1038_1R.png	verified
D02-18930	مىياڭلاتماق	headword	1038_2L.png	verified
D02-18931	ن	headword	1039_1R.png	verified
D02-18932	ناگۇلا	headword	1043_2L.png	verified
D02-18933	ناگۇلالىق	headword	1043_2L.png	verified
D02-18934	نامراتلاشتۇرماق	headword	1045_2L.png	verified
D02-18935	نامۇناسىپ	headword	1046_1R.png	verified
D02-18936	نائىل بولماق	headword	1048_2L.png	verified
D02-18937	نائىل قىلماق	headword	1048_2L.png	verified
D02-18938	نەدىن بىلسۇن	headword	1048_2L.png	verified
D02-18939	نەپسى ئالدىراپ كەتمەك	headword	1050_1R.png	verified
D02-18940	نەپس ئاۋارىسى	headword	1050_1R.png	verified
D02-18941	نەپسى بالا	headword	1050_1R.png	verified
D02-18942	نەزىرى ئۈستۈن	headword	1052_1R.png	verified
D02-18943	نەزەرىيەلەشمەك	headword	1052_2L.png	verified
D02-18944	نەسىللەندۈرۈلمەك	headword	1054_1R.png	verified
D02-18945	نەشتىرىنى تىقماق	headword	1054_2L.png	verified
D02-18946	نورمىلىق	headword	1059_2L.png	verified
D02-18947	نۇسرەتلىك	headword	1063_1R.png	verified
D02-18948	نۆتۈرىمەك	headword	1063_2L.png	verified
D02-18949	نىزامچىلىق	headword	1069_2L.png	verified
D02-18950	نىشانلاتماق	headword	1070_2L.png	verified
D02-18951	ھ	headword	1073_1R.png	verified
D02-18952	ھاپىتىغا شاپىتى	headword	1073_2L.png	verified
D02-18953	ھارام تاماق	headword	1075_1R.png	verified
D02-18954	ھاشاراتخورلۇق	headword	1078_1R.png	verified
D02-18955	ھاشاراتشۇناس	headword	1078_1R.png	verified
D02-18956	ھالاۋەت كۆرمەك	headword	1081_1R.png	verified
D02-18957	ھالاۋەتلىك	headword	1081_1R.png	verified
D02-18958	ھامىي بولماق	headword	1083_1R.png	verified
D02-18959	ھەجىلەتمەك	headword	1087_2L.png	verified
D02-18960	ھەجىملىك	headword	1088_1R.png	verified
D02-18961	ھەرىلەشمەك	headword	1091_1R.png	verified
D02-18962	ھەسەلچىلىك	headword	1092_1R.png	verified
D02-18963	ھەشەمەتچى	headword	1093_1R.png	verified
D02-18964	ھەققۇۋ	headword	1095_1R.png	verified
D02-18965	ھەقىقەتلىمەك	headword	1095_2L.png	verified
D02-18966	ھەقىقىي	headword	1095_2L.png	verified
D02-18967	ھەممە قازاندا قاينىماق	headword	1098_1R.png	verified
D02-18968	ھوردانماق	headword	1101_2L.png	verified
D02-18969	ھوگۇنا	headword	1102_2L.png	verified
D02-18970	ھېسابلاتماق	headword	1111_1R.png	verified
D02-18971	ھېسابلاقلىق	headword	1111_1R.png	verified
D02-18972	ھېسابلىغۇچ	headword	1111_1R.png	verified
D02-18973	ھېكايىلەشمەك	headword	1112_2L.png	verified
D02-18974	ھېلىھەم	headword	1113_2L.png	verified
D02-18975	ھىدرولىزلاتماق	headword	1115_2L.png	verified
D02-18976	ھىدروئىستاتىكىلىق	headword	1116_1R.png	verified
D02-18977	ھىلبۇۋا ئوتى	headword	1116_2L.png	verified
D02-18978	ھىمىرلاش	headword	1117_2L.png	verified
D02-18979	ھىمىق	headword	1117_2L.png	verified
D02-18981	ئوخرەك	headword	1126_1R.png	verified
D02-18983	ئورۇقلاشماق	headword	1130_1R.png	verified
D02-18984	ئوزۇق - ئوقەت	headword	1132_2L.png	verified
D02-18985	ئوساللاشتۇرماق	headword	1132_2L.png	verified
D02-18986	ئوشتۇلماق	headword	1133_2L.png	verified
D02-18987	ئوغرى ـ يالغان	headword	1134_1R.png	verified
D02-18988	ئوكسىگېنلىق	headword	1138_1R.png	verified
D02-18989	ئولتۇرغۇچ سۆڭەك نېرۋىسى	headword	1141_1R.png	verified
D02-18990	ئولغام	headword	1141_2L.png	verified
D02-18991	ئۇ قىلىپ - بۇ قىلىپ	headword	1148_2L.png	verified
D02-18992	ئۇ ـ بۇ	headword	1149_1R.png	verified
D02-18993	ئۇپىلاتماق	headword	1149_1R.png	verified
D02-18994	ئۇچارلىق - تىنارلىق	headword	1151_1R.png	verified
D02-18995	ئۇچقۇرلۇق	headword	1151_2L.png	verified
D02-18996	ئۇچۇنماق	headword	1154_1R.png	verified
D02-18997	ئۇرچۇقلۇق	headword	1156_2L.png	verified
D02-18998	ئۇرۇشقاقلىق	headword	1157_1R.png	verified
D02-18999	ئۇزاقتىن - ئۇزاق	headword	1159_2L.png	verified
D02-19000	ئۇسۇلماق	headword	1162_2L.png	verified
D02-19001	ئۇش	headword	1162_2L.png	verified
D02-19002	ئۇشت - ئۇشت	headword	1162_2L.png	verified
D02-19003	ئۇلغايتماق	headword	1166_1R.png	verified
D02-19004	ئۇماچ قورساق	headword	1167_1R.png	verified
D02-19005	ئۇۋالماق	headword	1169_2L.png	verified
D02-19006	ئۇيا	headword	1170_1R.png	verified
D02-19007	ئۆ	headword	1173_1R.png	verified
D02-19008	ئۆتۈپ كەتكەن	headword	1176_1R.png	verified
D02-19009	ئۆتۈلمەك	headword	1177_1R.png	verified
D02-19010	ئۆرتەتمەك	headword	1179_1R.png	verified
D02-19011	ئۆرتەلمەك	headword	1179_1R.png	verified
D02-19012	ئۆزلە	headword	1184_1R.png	verified
D02-19013	ئۆزلەشتۈرمە	headword	1184_1R.png	verified
D02-19014	ئۆزلەشتۈرۈلمەك	headword	1184_1R.png	unverified
D02-19015	ئۆستۈرمەك	headword	1185_2L.png	verified
D02-19016	ئۆكۈزنىڭ قۇلىقىغا تەمبۇر چالماق	headword	1187_1R.png	verified
D02-19017	ئۆكۈزنىڭ قۇلىقىغا ساتار چالماق	headword	1187_1R.png	verified
D02-19018	ئۆگەنچى	headword	1187_2L.png	verified
D02-19019	ئۆگەيسىنمەك	headword	1187_2L.png	verified
D02-19020	ئۆگەيلەتمەك	headword	1187_2L.png	verified
D02-19021	ئۆڭ جۇۋا	headword	1188_2L.png	verified
D02-19022	ئۆڭتۈرمەك	headword	1188_2L.png	verified
D02-19023	ئۆلچەتمەك	headword	1189_2L.png	verified
D02-19024	ئۆلچەم بىرلىكلىرى	headword	1189_2L.png	verified
D02-19025	ئۆلۈككە جان تىلىمەك	headword	1190_2L.png	verified
D02-19026	ئۈ	headword	1195_1R.png	verified
D02-19027	ئۈزۈپ ئېيتماق	headword	1198_1R.png	verified
D02-19028	ئۈستۈن تۇرماق	headword	1200_1R.png	verified
D02-19029	ئۈستۈن قويماق	headword	1200_1R.png	verified
D02-19030	ئۈستۈن كەلمەك	headword	1200_1R.png	verified
D02-19031	ئۈسكەن	headword	1200_1R.png	verified
D02-19032	ئۈندەلمەك	headword	1204_2L.png	verified
D02-19033	ۋ	headword	1206_1R.png	verified
D02-19034	ۋاي دېمەك	headword	1214_2L.png	verified
D02-19035	ۋاي سالماق	headword	1214_2L.png	verified
D02-19036	ۋاي قوۋۇرغام	headword	1214_2L.png	verified
D02-19037	ۋاي ئىسىت	headword	1214_2L.png	verified
D02-19038	ۋاي ئىسىتەي	headword	1214_2L.png	verified
D02-19039	ۋايداد	headword	1215_1R.png	verified
D02-19040	ۋەخپە ئەۋلاد	headword	1216_1R.png	verified
D02-19041	ۋەسسالام	headword	1217_1R.png	verified
D02-19042	ۋەسىيلىك	headword	1217_2L.png	verified
D02-19043	ۋىجىكلەشمەك	headword	1222_1R.png	verified
D02-19044	ئې	headword	1225_1R.png	verified
D02-19045	ئېتىم	headword	1228_1R.png	verified
D02-19046	ئېدىت	headword	1230_1R.png	verified
D02-19047	ئېرتىشماق	headword	1230_2L.png	verified
D02-19048	ئېرىشمە	headword	1231_2L.png	verified
D02-19049	ئېشەك قېچىرى	headword	1234_1R.png	verified
D02-19050	ئېشەكنىڭ قۇلىقىغا راۋاب چالماق	headword	1234_1R.png	verified
D02-19051	ئېغىرچىلىق	headword	1235_2L.png	verified
D02-19052	ئېغىزنى زايە قىلماق	headword	1236_2L.png	verified
D02-19053	ئېغىل	headword	1237_1R.png	verified
D02-19054	ئېقىمچانلىق	headword	1238_1R.png	verified
D02-19055	ئېكرانلىق	headword	1238_2L.png	verified
D02-19056	ئېگىز ئوقۇردىن يەم يېمەك	headword	1240_2L.png	verified
D02-19057	ئېموتسىيونال	headword	1245_1R.png	verified
D02-19058	ئېمۇلسىيەلەشتۈرۈشمەك	headword	1245_1R.png	verified
D02-19059	ئېنىقلانماق	headword	1247_1R.png	verified
D02-19060	ئىپادىلەش	headword	1251_1R.png	verified
D02-19061	ئىپتىخارلاندۇرماق	headword	1251_2L.png	verified
D02-19062	ئىتتىپاق تۈزمىگەن دۆلەتلەر	headword	1254_1R.png	verified
D02-19063	ئىجادچانلىق	headword	1255_2L.png	verified
D02-19064	ئىجارىكەشلىك	headword	1256_1R.png	verified
D02-19065	ئىجرا	headword	1257_1R.png	verified
D02-19066	ئىچىگە يۇتماق	headword	1258_2L.png	verified
D02-19067	ئىدېئاللاشتۇرۇشماق	headword	1263_1R.png	verified
D02-19068	ئىزىغا چۈشمەك	headword	1267_1R.png	verified
D02-19069	ئىزىغا سالماق	headword	1267_1R.png	verified
D02-19070	ئىزاھلاشماق	headword	1267_2L.png	verified
D02-19071	ئىزومېرلىنىش	headword	1271_1R.png	verified
D02-19072	ئىسپىراللىق	headword	1272_1R.png	verified
D02-19073	ئىسسىق ئۆتمەك	headword	1278_1R.png	verified
D02-19074	ئىسمېنىلىق	headword	1281_2L.png	verified
D02-19075	ئىسيانلىق	headword	1282_2L.png	verified
D02-19076	ئىش تارتماق	headword	1283_1R.png	verified
D02-19077	ئىش تامام ـ ۋەسسالام	headword	1283_1R.png	verified
D02-19078	ئىش يۈزىدە	headword	1283_2L.png	verified
D02-19079	ئىشپات	headword	1284_1R.png	verified
D02-19080	ئىش - پائالىيەت	headword	1284_1R.png	verified
D02-19081	ئىشچى	headword	1285_2L.png	verified
D02-19082	ئىشقار	headword	1286_2L.png	verified
D02-19083	ئىشلەنمە	headword	1287_2L.png	verified
D02-19084	ئىشمەك توقۇم	headword	1287_2L.png	verified
D02-19085	ئىقتىدارسىز	headword	1289_1R.png	verified
D02-19086	ئىقتىدارسىزلاشتۇرۇشماق	headword	1289_1R.png	verified
D02-19087	ئىككى پاختەكنى بىر چالمىدا سوقماق	headword	1290_2L.png	verified
D02-19088	ئىككى سەككىز ئون ئالتە	headword	1290_2L.png	verified
D02-19089	ئىككى موك بولۇپ قالماق	headword	1291_2L.png	verified
D02-19090	ئىككى نان تاپسا، بىرىنى داپ چالماق	headword	1291_2L.png	verified
D02-19091	ئىككىلەندۈرمەك	headword	1291_2L.png	verified
D02-19092	ئىڭراتماق	headword	1293_2L.png	verified
D02-19093	ئىلاھائامىنغا كەتمەك	headword	1293_2L.png	verified
D02-19094	ئىلتىپاتلىق	headword	1295_1R.png	verified
D02-19095	ئىلدىرلاتماق	headword	1295_2L.png	verified
D02-19096	ئىلغانماق	headword	1296_1R.png	verified
D02-19097	ئىللىقلاشتۇرۇشماق	headword	1297_1R.png	verified
D02-19098	ئىلىشاڭغۇ	headword	1298_1R.png	verified
D02-19099	ئىلىق - مىلىق	headword	1298_1R.png	verified
D02-19100	ئىلىم - مەرىپەتلىك	headword	1299_1R.png	verified
D02-19101	ئىلىم - ھېكمەت	headword	1299_1R.png	verified
D02-19102	ئىمامى ئەخپەشنىڭ ئۆچكىسى	headword	1299_2L.png	verified
D02-19103	ئىمتىھانسىز	headword	1300_2L.png	verified
D02-19104	ئىملىماق	headword	1301_2L.png	verified
D02-19105	ئىناق جەمئىيەت	headword	1302_2L.png	verified
D02-19106	ئىنچىكىلىمەك	headword	1305_2L.png	verified
D02-19107	ئىندۇكسىيون	headword	1306_1R.png	verified
D02-19108	ئىنسانىيەتچىلىك	headword	1307_2L.png	verified
D02-19109	ئىنس - جىن	headword	1307_2L.png	verified
D02-19110	ئىنقىلابىيلاشماق	headword	1308_2L.png	verified
D02-19111	ئىنكاسسىزلىق	headword	1309_1R.png	verified
D02-19112	ئىنېرتسىيەلىك	headword	1309_2L.png	verified
D02-19113	ئىنېرتلىق	headword	1309_2L.png	verified
D02-19114	ياپسام پىشارمۇ، كۆمسەم پىشارمۇ	headword	1313_1R.png	verified
D02-19115	ياپىلاقلىماق	headword	1313_2L.png	verified
D02-19116	ياخشى بولۇپ قالماق	headword	1315_2L.png	verified
D02-19117	ياخشىلىماق	headword	1316_1R.png	verified
D02-19118	ياراغدىماق	headword	1318_1R.png	verified
D02-19119	ياراغسىز	headword	1318_1R.png	verified
D02-19120	يارتىلاتماق	headword	1319_1R.png	verified
D02-19121	ياردەمچى پېئىل	headword	1319_2L.png	verified
D02-19122	يارغا	headword	1320_1R.png	verified
D02-19123	ياغسىرىماق	headword	1327_1R.png	verified
D02-19124	ياغلىق دان	headword	1327_2L.png	verified
D02-19125	ياڭرىماق	headword	1330_2L.png	verified
D02-19126	يالتايتماق	headword	1332_1R.png	verified
D02-19127	يالغۇزسىراتماق	headword	1333_1R.png	verified
D02-19128	يالمىماق	headword	1334_2L.png	verified
D02-19129	ياماتماق	headword	1335_2L.png	verified
D02-19130	يېنىنى توملىماق	headword	1337_2L.png	verified
D02-19131	ياندۇرمىلاتماق	headword	1339_2L.png	verified
D02-19132	ياندۇرمىلاشماق	headword	1339_2L.png	verified
D02-19133	ياندۇرمىلانماق	headword	1339_2L.png	verified
D02-19134	ياندۇرمىلىماق	headword	1339_2L.png	verified
D02-19135	يايمىكەش	headword	1342_2L.png	verified
D02-19136	يەتتە ئەزا	headword	1342_2L.png	verified
D02-19137	يەتتە تاغنىڭ نېرىسى	headword	1342_2L.png	verified
D02-19138	يەتتە خۇپتەن	headword	1342_2L.png	verified
D02-19139	يەتتە نەزىر	headword	1342_2L.png	verified
D02-19140	يەتتە ئىقلىم	headword	1342_2L.png	verified
D02-19141	يەتمىش پۇشتىنى كۆزىگە كۆرسەتمەك	headword	1343_2L.png	verified
D02-19142	يەر يۇتقۇر	headword	1344_2L.png	verified
D02-19143	يەرۇكۆك	headword	1345_2L.png	verified
D02-19144	يەكلەشمەك	headword	1346_2L.png	verified
D02-19145	يەكلىمەك	headword	1346_2L.png	verified
D02-19146	يەكمۇيەك	headword	1346_2L.png	verified
D02-19147	يەڭگىلىك	headword	1348_1R.png	verified
D02-19148	يەھۇدىي دىنى	headword	1350_1R.png	verified
D02-19149	يوتۇقماق	headword	1351_1R.png	verified
D02-19150	يورغىلاتماق	headword	1351_2L.png	verified
D02-19151	يۇلغۇن مېۋىسى	headword	1359_2L.png	verified
D02-19152	يۆگىنىشمەك	headword	1363_2L.png	verified
D02-19153	يۈرەك	headword	1364_2L.png	verified
D02-19154	يۈرىكى پوكولدىماق	headword	1366_1R.png	verified
D02-19155	يۈرىكى ئويناپ كەتمەك	headword	1366_2L.png	verified
D02-19156	يۈرىكى يارا	headword	1367_1R.png	verified
D02-19157	يۈرەكسىز	headword	1367_2L.png	verified
D02-19158	يۈزلەشتۈرۈشمەك	headword	1371_1R.png	verified
D02-19159	يېتىشسىزلىك	headword	1375_2L.png	verified
D02-19160	يېرىملىق	headword	1377_2L.png	verified
D02-19161	يېلىملىق	headword	1383_2L.png	verified
D02-19162	يېنىچىلاپ	headword	1385_1R.png	verified
D02-19163	يېنىكلىمەك	headword	1386_1R.png	verified
D02-19164	يېيىلاڭغۇ	headword	1386_2L.png	verified
D02-19165	يېيىلدۇرماق	headword	1386_2L.png	verified
D02-19166	يىرىڭلىماق	headword	1389_2L.png	verified
D02-19167	يىغىنچاقلاشماق	headword	1391_2L.png	verified
D02-19168	يىغىنچاقلانماق	headword	1391_2L.png	verified
D02-19169	يىقىتىلماق	headword	1392_1R.png	verified
D02-19170	يىلمۇيىل	headword	1395_2L.png	verified
