row_id	entry	type	source_page	status_v1
D90-2-00001	ت	headword	001_1R.png	verified
D90-2-00003	تا	headword	001_1R.png	verified
D90-2-00004	تائام	headword	001_2L.png	verified
D90-2-00005	تائاملانماق	headword	001_2L.png	verified
D90-2-00006	تائەبەت	headword	001_2L.png	verified
D90-2-00007	تائەت	headword	002_1R.png	verified
D90-2-00008	تائەت-ئىبادەت	headword	002_1R.png	verified
D90-2-00009	تابارا	headword	002_1R.png	verified
D90-2-00010	تابان	headword	002_1R.png	verified
D90-2-00011	تابغاچ	headword	002_2L.png	verified
D90-2-00012	تابلېتكا	headword	002_2L.png	verified
D90-2-00013	تابىئە	headword	002_2L.png	verified
D90-2-02121	تەۋە	headword	205_2L.png	unverified
D90-2-00014	تاپ	headword	002_2L.png	verified
D90-2-00017	تاپ باسماق	headword	003_1R.png	verified
D90-2-00018	تاپتىن چىقماق	headword	003_1R.png	verified
D90-2-00019	تاپقا كىرمەك	headword	003_1R.png	verified
D90-2-00023	تاپا	headword	003_2L.png	verified
D90-2-00025	تاپا-تەنە	headword	003_2L.png	verified
D90-2-09462	تاپا-تەنە قىلماق	headword	004_1R.png	verified
D90-2-00026	تاپارمەن	headword	004_1R.png	verified
D90-2-00027	تاپان	headword	004_1R.png	verified
D90-2-00029	تاپان باستۇرۇپ	headword	004_1R.png	verified
D90-2-00029-v1	تاپ بېسىپ	variant	004_1R.png	verified
D90-2-00030	تاپان باسقۇچ	headword	004_2L.png	unverified
D90-2-00031	تاپان بېلىق	headword	004_2L.png	unverified
D90-2-00032	تاپان تەشتى	headword	004_2L.png	unverified
D90-2-00033	تاپان تۇزاق	headword	004_2L.png	unverified
D90-2-00034	تاپان تۇزاق قۇرماق	headword	004_2L.png	unverified
D90-2-00035	تاپان تىرىگۇچ	headword	004_2L.png	unverified
D90-2-00036	تاپان چوكا	headword	005_1R.png	unverified
D90-2-00037	تاپان دەسسەپ	headword	005_1R.png	unverified
D90-2-00038	تاپان سۆڭىكى	headword	005_1R.png	unverified
D90-2-00039	تاپان كۆتىكى	headword	005_1R.png	unverified
D90-2-00040	تاپان ھەققى	headword	005_1R.png	unverified
D90-2-00041	تاپان يالىماق	headword	005_1R.png	unverified
D90-2-00042	تاپىنى تېشىلگۈدەك بولماق	headword	005_2L.png	unverified
D90-2-00043	تاپىنىدىن كىرىپ مېڭىسىدىن چىقماق	headword	005_2L.png	unverified
D90-2-00044	تاپىنى قىزىماق	headword	005_2L.png	unverified
D90-2-00045	تاپىنىنىڭ كىرىنى شۈمۈمەك	headword	005_2L.png	unverified
D90-2-00045-v1	تاپىنىنى يالىماق	variant	005_2L.png	unverified
D90-2-00046	تاپىنىنى يەرگە تەگكۈزمەي	headword	005_2L.png	unverified
D90-2-00047	تاپىنى يەرگە تەگمەي	headword	005_2L.png	unverified
D90-2-00048	تاپانچا	headword	006_1R.png	unverified
D90-2-00049	تاپانچىلىق	headword	006_1R.png	unverified
D90-2-00050	تاپانداشماق	headword	006_1R.png	unverified
D90-2-00051	تاپاندىماق	headword	006_1R.png	unverified
D90-2-00052	تاپانلىق	headword	006_1R.png	unverified
D90-2-00053	تاپاۋەت	headword	006_1R.png	unverified
D90-2-00055	تاپاۋەت قىلماق	headword	006_2L.png	unverified
D90-2-00056	تاپاۋەتچى	headword	006_2L.png	unverified
D90-2-00057	تاپاۋەتلىك	headword	006_2L.png	unverified
D90-2-00058	تاپتاتىراڭ	headword	006_2L.png	unverified
D90-2-00059	تاپتازا	headword	006_2L.png	unverified
D90-2-00060	تاپتاقىر	headword	006_2L.png	unverified
D90-2-00061	تاپتايىن	headword	007_1R.png	unverified
D90-2-00062	تاپتايىنلىق	headword	007_1R.png	unverified
D90-2-00063	تاپتۇرماق	headword	007_1R.png	unverified
D90-2-00064	تاپتۇرۇشماق	headword	007_1R.png	unverified
D90-2-00065	تاپتۇرۇلماق	headword	007_1R.png	unverified
D90-2-00066	تاپسا	headword	007_1R.png	unverified
D90-2-00067	تاپىسلىق	headword	007_1R.png	unverified
D90-2-00068	تاپشۇرتقۇزماق	headword	007_1R.png	unverified
D90-2-00069	تاپشۇرتماق	headword	007_2L.png	unverified
D90-2-00070	تاپشۇرما	headword	007_2L.png	unverified
D90-2-00071	تاپشۇرماق	headword	007_2L.png	unverified
D90-2-00072	تاپشۇرۇشماق	headword	007_2L.png	unverified
D90-2-00073	تاپشۇرۇق	headword	007_2L.png	unverified
D90-2-00074	تاپشۇرۇق بەرمەك	headword	008_1R.png	unverified
D90-2-00075	تاپشۇرۇلماق	headword	008_1R.png	unverified
D90-2-00076	تاپقاق	headword	008_1R.png	unverified
D90-2-00077	تاپقان	headword	008_1R.png	unverified
D90-2-00078	تاپقىنىنى تەڭ كۆرمەك	headword	008_1R.png	unverified
D90-2-00079	تاپقان-تەرگەن	headword	008_2L.png	unverified
D90-2-00080	تاپقان-تۈگكەن	headword	008_2L.png	unverified
D90-2-00081	تاپقۇر	headword	008_2L.png	unverified
D90-2-00082	تاپقۇرلۇق	headword	008_2L.png	unverified
D90-2-00083	تاپماق	headword	008_2L.png	unverified
D90-2-00084	تاپىر	headword	009_1R.png	verified
D90-2-00085	تاپىلاشماق	headword	009_1R.png	unverified
D90-2-00086	تاپىلانماق	headword	009_1R.png	unverified
D90-2-00087	تاپىلىماق	headword	009_2L.png	unverified
D90-2-00088	تات	headword	009_2L.png	unverified
D90-2-00089	تاتاتلاتماق	headword	009_2L.png	unverified
D90-2-00090	تاتاتلىماق	headword	009_2L.png	unverified
D90-2-00091	تاتار	headword	009_2L.png	unverified
D90-2-00092	تاتارتماق	headword	009_2L.png	unverified
D90-2-00093	تاتارچە	headword	009_2L.png	unverified
D90-2-00094	تاتارلار	headword	010_1R.png	unverified
D90-2-00095	تاتارماق	headword	010_1R.png	unverified
D90-2-00097	تات-تات	headword	010_1R.png	unverified
D90-2-00098	تاتلىق	headword	010_1R.png	unverified
D90-2-00099	تاتلىق ئاپېلسىن	headword	010_2L.png	unverified
D90-2-00100	تاتلىق بامبۇك	headword	010_2L.png	unverified
D90-2-00101	تاتلىق پولۇ	headword	010_2L.png	unverified
D90-2-00102	تاتلىق زەنجىۋىل	headword	011_1R.png	unverified
D90-2-00103	تاتلىق زىسەي	headword	011_1R.png	unverified
D90-2-00104	تاتلىق-تۇرۇم	headword	011_1R.png	unverified
D90-2-00105	تاتلىقلىق	headword	011_1R.png	unverified
D90-2-00106	تاتلىقياڭيۇ	headword	011_1R.png	verified
D90-2-00107	تاتۇق	headword	011_2L.png	unverified
D90-2-00108	تاتىراڭ	headword	011_2L.png	unverified
D90-2-00109	تاتىراڭغۇ	headword	011_2L.png	unverified
D90-2-00110	تاتىراڭلىق	headword	011_2L.png	unverified
D90-2-00111	تاتىرىشماق	headword	011_2L.png	unverified
D90-2-00112	تاتىلاتماق	headword	011_2L.png	unverified
D90-2-00113	تاتىلاشتۇرماق	headword	012_1R.png	unverified
D90-2-00114	تاتىلاشماق	headword	012_1R.png	unverified
D90-2-00115	تاتىلانماق	headword	012_1R.png	unverified
D90-2-00116	تاتىلداتماق	headword	012_1R.png	unverified
D90-2-00117	تاتىلدىماق	headword	012_1R.png	unverified
D90-2-00118	تاتىلىغۇچ	headword	012_1R.png	unverified
D90-2-00119	تاتىلىماق	headword	012_1R.png	unverified
D90-2-00120	تاج	headword	012_2L.png	unverified
D90-2-00123	تاجا	nonstandard	012_2L.png	unverified
D90-2-00124	تاجاۋۇز	headword	012_2L.png	unverified
D90-2-00125	تاجاۋۇز قىلماق	headword	013_1R.png	unverified
D90-2-00126	تاجاۋۇزچى	headword	013_1R.png	unverified
D90-2-00127	تاجاۋۇزچىلىق	headword	013_1R.png	verified
D90-2-00128	تاج-تەخت	headword	013_1R.png	unverified
D90-2-00129	تاجدار	headword	013_2L.png	verified
D90-2-00130	تاج-دۆلەت	headword	013_2L.png	unverified
D90-2-00131	تاجسىز	headword	013_2L.png	unverified
D90-2-00132	تاجسىمان	headword	013_2L.png	unverified
D90-2-00134	تاجلىق	headword	013_2L.png	unverified
D90-2-00136	تاجىك	headword	014_1R.png	unverified
D90-2-00137	تاجىك تىلى	headword	014_1R.png	unverified
D90-2-00138	تاجىكچە	headword	014_1R.png	unverified
D90-2-00139	تاجىكلار	headword	014_1R.png	unverified
D90-2-00140	تاجىگۈل	headword	014_1R.png	verified
D90-2-00141	تاخ	headword	014_2L.png	unverified
D90-2-00142	تاختا	headword	014_2L.png	unverified
D90-2-00143	تاختا بولماق	headword	015_1R.png	unverified
D90-2-00144	تاختا جۇۋا	headword	015_1R.png	unverified
D90-2-00145	تاختا قىلماق	headword	015_1R.png	unverified
D90-2-00165	تاختىلىماق	headword	017_1R.png	unverified
D90-2-00146	تاختا كاھىش	headword	015_1R.png	unverified
D90-2-00147	تاختا كۆۋرۈكى	headword	015_1R.png	unverified
D90-2-00148	تاختىدىن سۇغا سەكرەش	headword	015_1R.png	unverified
D90-2-00149	تاختاي	headword	015_1R.png	unverified
D90-2-00150	تاختاي گېزىتى	headword	015_2L.png	unverified
D90-2-00151	تاختايباھاسى	headword	015_2L.png	verified
D90-2-00152	تاختايلىق	headword	015_2L.png	unverified
D90-2-00153	تاختىبېشى	headword	015_2L.png	verified
D90-2-00154	تاختىپەردە	headword	016_1R.png	unverified
D90-2-00155	تاختىسمان	headword	016_1R.png	unverified
D90-2-00157	تاختىسىمان يىلتىز	headword	016_2L.png	unverified
D90-2-00158	تاختىلاپ	headword	016_2L.png	unverified
D90-2-00159	تاختىلاپ سۇغىرىش	headword	016_2L.png	unverified
D90-2-00160	تاختىلاتماق	headword	016_2L.png	unverified
D90-2-00161	تاختىلاشتۇرماق	headword	016_2L.png	unverified
D90-2-00162	تاختىلاشتۇرۇلماق	headword	016_2L.png	unverified
D90-2-00163	تاختىلاشماق	headword	016_2L.png	unverified
D90-2-00164	تاختىلانماق	headword	016_2L.png	unverified
D90-2-00166	تاختىمۈشۈك	headword	017_1R.png	verified
D90-2-00167	تاخلاش	nonstandard	017_1R.png	unverified
D90-2-00167-c1	تاقلاش	corrected_form	017_1R.png	unverified
D90-2-00168	تاخلىماق	nonstandard	017_1R.png	unverified
D90-2-00640	تاقلىماق	headword	064_1R.png	unverified
D90-2-00169	تاخېئومېتىر	headword	017_1R.png	unverified
D90-2-00170	تادان	headword	017_1R.png	unverified
D90-2-00171	تادانلىق	headword	017_1R.png	unverified
D90-2-00172	تار	headword	017_2L.png	unverified
D90-2-00173	تار بۇلۇڭ	headword	018_1R.png	unverified
D90-2-00174	تار بۇلۇڭلۇق ئۈچ بۇلۇڭ	headword	018_1R.png	unverified
D90-2-00175	تار تۇمشۇق ئۆردەك	headword	018_1R.png	unverified
D90-2-00176	تار كوللېكتىپچىلىق	headword	018_1R.png	unverified
D90-2-00177	تار مەھكىمىچىلىك	headword	018_1R.png	unverified
D90-2-00178	تار ئىككى ياقلىق بۇلۇڭ	headword	018_2L.png	unverified
D90-2-00179	تار يوپكا	headword	018_2L.png	unverified
D90-2-00181	تاراتقۇزماق	headword	018_2L.png	unverified
D90-2-00182	تاراتماق	headword	018_2L.png	unverified
D90-2-00184	تاراچلىماق	nonstandard	018_2L.png	unverified
D90-2-00200	تاراشلىماق	headword	019_2L.png	unverified
D90-2-00185	تارازا	headword	018_2L.png	unverified
D90-2-00186	تارازا-مىزان	headword	018_2L.png	unverified
D90-2-00187	تارازىچى	headword	018_2L.png	unverified
D90-2-00188	تاراس	headword	018_2L.png	unverified
D90-2-00189	تاراس-تاراس	headword	019_1R.png	unverified
D90-2-00190	تاراس-تۇرۇس	headword	019_1R.png	unverified
D90-2-00191	تاراسلاتماق	headword	019_1R.png	unverified
D90-2-00192	تاراسلىماق	headword	019_1R.png	unverified
D90-2-00193	تاراش	headword	019_1R.png	unverified
D90-2-00194	تاراشلاتماق	headword	019_1R.png	unverified
D90-2-00195	تاراشلاشماق	headword	019_1R.png	unverified
D90-2-00196	تاراشلاق	headword	019_2L.png	unverified
D90-2-00198	تاراشلاقلىق	headword	019_2L.png	unverified
D90-2-00197	تاراشلاقسىز	headword	019_2L.png	unverified
D90-2-00199	تاراشلانماق	headword	019_2L.png	unverified
D90-2-00201	تاراشماق	headword	019_2L.png	unverified
D90-2-00203	تاراق	headword	019_2L.png	unverified
D90-2-00292	تارغاق	headword	029_1R.png	unverified
D90-2-00205	تاراق-تاراق	headword	019_2L.png	unverified
D90-2-00206	تاراقچۆپ	headword	020_1R.png	unverified
D90-2-00207	تاراقشىتماق	headword	020_1R.png	unverified
D90-2-00208	تاراقشىتىلماق	headword	020_1R.png	unverified
D90-2-00209	تاراقشىشماق	headword	020_1R.png	unverified
D90-2-00210	تاراقشىماق	headword	020_1R.png	unverified
D90-2-00211	تاراققىدە	headword	020_2L.png	unverified
D90-2-00212	تاراقلاتماق	headword	020_2L.png	unverified
D90-2-00213	تاراقلاشماق	headword	020_2L.png	unverified
D90-2-00214	تاراقلىماق	headword	020_2L.png	unverified
D90-2-00215	تاراكان	headword	020_2L.png	unverified
D90-2-00216	تاراڭ	headword	020_2L.png	unverified
D90-2-00217	تاراڭ-تاراق	headword	020_2L.png	unverified
D90-2-00218	تاراڭ-تۇرۇڭ	headword	020_2L.png	unverified
D90-2-00219	تاراڭشىتماق	headword	021_1R.png	unverified
D90-2-00220	تاراڭشىماق	headword	021_1R.png	unverified
D90-2-00221	تاراڭگا	headword	021_1R.png	unverified
D90-2-00222	تاراڭلاتقۇزماق	headword	021_1R.png	unverified
D90-2-00223	تاراڭلاتماق	headword	021_1R.png	unverified
D90-2-00224	تاراڭلىماق	headword	021_1R.png	unverified
D90-2-00225	تارالماق	headword	021_1R.png	unverified
D90-2-00227	تارام	headword	021_2L.png	unverified
D90-2-00228	تارام-تارام	headword	021_2L.png	unverified
D90-2-00229	تاراملىق	headword	021_2L.png	unverified
D90-2-00230	تاراملىماق	headword	021_2L.png	unverified
D90-2-00231	تاران	headword	022_1R.png	unverified
D90-2-01899	تەلۋە بېدە	headword	184_1R.png	unverified
D90-2-00233	تارانچى	headword	022_1R.png	unverified
D90-2-00234	تاراندۇرماق	headword	022_1R.png	unverified
D90-2-00235	تارانماق	headword	022_1R.png	unverified
D90-2-00236	تاراۋى	headword	022_1R.png	unverified
D90-2-00237	تارايتماق	headword	022_1R.png	unverified
D90-2-00238	تارايتىشماق	headword	022_1R.png	unverified
D90-2-00239	تارايتىلماق	headword	022_1R.png	unverified
D90-2-00240	تارايماق	headword	022_1R.png	unverified
D90-2-00241	تارت	headword	022_2L.png	unverified
D90-2-00242	تار-تاپچۇق	headword	022_2L.png	unverified
D90-2-00243	تارت-تۈرت	headword	022_2L.png	unverified
D90-2-00244	تارترات	headword	022_2L.png	unverified
D90-2-00245	تارترات كىسلاتا	headword	022_2L.png	unverified
D90-2-00246	تارتقا	nonstandard	022_2L.png	unverified
D90-2-00247	تارتقۇ	headword	022_2L.png	unverified
D90-2-00250	تارتقۇچ	headword	023_1R.png	unverified
D90-2-00251	تارتقۇچلانماق	headword	023_1R.png	unverified
D90-2-00252	تارتقۇچلىماق	headword	023_1R.png	unverified
D90-2-00253	تارتقۇزماق	headword	023_1R.png	unverified
D90-2-00254	تارتقۇزۇشماق	headword	023_2L.png	unverified
D90-2-00255	تارتقۇزۇلماق	headword	023_2L.png	unverified
D90-2-00256	تارتقۇلۇق	headword	023_2L.png	unverified
D90-2-00257	تارتما	headword	023_2L.png	unverified
D90-2-00262	تارتماق	headword	024_1R.png	unverified
D90-2-00263	تارتۇق	headword	025_2L.png	unverified
D90-2-00264	تارتۇق قىلماق	headword	026_1R.png	unverified
D90-2-00265	تارتۇقلاشماق	headword	026_1R.png	unverified
D90-2-00266	تارتۇقلانماق	headword	026_1R.png	unverified
D90-2-00267	تارتۇقلىماق	headword	026_1R.png	unverified
D90-2-00268	تارتىپ	headword	026_2L.png	unverified
D90-2-00269	تارتىش	headword	026_2L.png	unverified
D90-2-00271	تارتىشتۇرماق	headword	026_2L.png	unverified
D90-2-00272	تارتىشماق	headword	026_2L.png	unverified
D90-2-00273	تارتىشىش	headword	027_1R.png	unverified
D90-2-00274	تارتىلماق	headword	027_1R.png	unverified
D90-2-00275	تارتىم	headword	027_2L.png	unverified
D90-2-00276	تارتىملىق	headword	027_2L.png	unverified
D90-2-00277	تارتىنچاق	headword	028_1R.png	unverified
D90-2-00278	تارتىنچاقلىق	headword	028_1R.png	unverified
D90-2-00279	تارتىنماق	headword	028_1R.png	unverified
D90-2-00280	تارچوپ	headword	028_1R.png	verified
D90-2-00281	تارچۇق	headword	028_1R.png	unverified
D90-2-00282	تارچىلىقى	headword	028_2L.png	unverified
D90-2-00283	تارخان	headword	028_2L.png	unverified
D90-2-00284	تارس	headword	028_2L.png	unverified
D90-2-00285	تارس- تارس	headword	028_2L.png	unverified
D90-2-00286	تارس-تۇرس	headword	028_2L.png	unverified
D90-2-00287	تارسسىدە	headword	028_2L.png	unverified
D90-2-00288	تارسىلداتقۇزماق	headword	029_1R.png	unverified
D90-2-00289	تارسىلداتماق	headword	029_1R.png	unverified
D90-2-00290	تارسىلداشماق	headword	029_1R.png	unverified
D90-2-00291	تارسىلدىماق	headword	029_1R.png	unverified
D90-2-00293	تارغاقچى	headword	029_1R.png	unverified
D90-2-00294	تارغاق-سۈزگۈچ	headword	029_1R.png	unverified
D90-2-00295	تارقاتقۇچى	headword	029_2L.png	unverified
D90-2-00298	تارقاتقۇزماق	headword	029_2L.png	unverified
D90-2-00299	تارقاتماق	headword	029_2L.png	unverified
D90-2-00300	تارقاشماق	headword	030_1R.png	unverified
D90-2-00301	تارقاق	headword	030_1R.png	unverified
D90-2-00303	تارقاقچىلىق	headword	030_2L.png	unverified
D90-2-00307	تارقاقلىق	headword	030_2L.png	unverified
D90-2-00304	تارقاقلاشتۇرماق	headword	030_2L.png	unverified
D90-2-00305	تارقاقلاشتۇرۇلماق	headword	030_2L.png	unverified
D90-2-00306	تارقاقلاشماق	headword	030_2L.png	unverified
D90-2-00308	تارقالماق	headword	031_1R.png	unverified
D90-2-00316	تارقىماق	headword	031_2L.png	unverified
D90-2-00309	تارقىتىشماق	headword	031_1R.png	unverified
D90-2-00310	تارقىتىلماق	headword	031_1R.png	unverified
D90-2-00311	تارقىلىشچان	headword	031_1R.png	unverified
D90-2-00312	تارقىلىشچان زۇكام	headword	031_1R.png	unverified
D90-2-00313	تارقىلىشچان ۋىرۇس	headword	031_2L.png	unverified
D90-2-00314	تارقىلىشچانلىق	headword	031_2L.png	unverified
D90-2-00315	تارقىلىشماق	headword	031_2L.png	unverified
D90-2-00317	تارلاتماق	headword	032_1R.png	unverified
D90-2-00318	تارلاشتۇرماق	headword	032_1R.png	unverified
D90-2-00319	تارلاشتۇرۇلماق	headword	032_1R.png	unverified
D90-2-00320	تارلاشماق	headword	032_1R.png	unverified
D90-2-00326	تارلىماق	headword	032_2L.png	unverified
D90-2-00321	تارلاك	headword	032_1R.png	unverified
D90-2-00322	تارلىق	headword	032_1R.png	unverified
D90-2-00327	تارمار	headword	032_2L.png	unverified
D90-2-00329	تارمار بولماق	headword	032_2L.png	unverified
D90-2-00328	تارمار ئەيلىمەك	headword	032_2L.png	unverified
D90-2-00330	تارمار قىلماق	headword	032_2L.png	unverified
D90-2-00331	تارمار كەلتۈرمەك	headword	033_1R.png	unverified
D90-2-00332	تارماق	headword	033_1R.png	unverified
D90-2-00333	تارماق جۈملە	headword	033_2L.png	unverified
D90-2-00334	تارماق ئۆستەڭ	headword	033_2L.png	unverified
D90-2-00335	تارماق ئېقىن	headword	033_2L.png	unverified
D90-2-00336	تارماقلانماق	headword	033_2L.png	unverified
D90-2-00337	تارماقلىق	headword	033_2L.png	unverified
D90-2-00338	تارىخ	headword	033_2L.png	unverified
D90-2-00339	تارىخ قاراش	headword	034_1R.png	unverified
D90-2-00340	تارىخ ئىلمى	headword	034_1R.png	unverified
D90-2-00344	تارىخشۇناسلىق	headword	034_2L.png	unverified
D90-2-00341	تارىخچى	headword	034_1R.png	unverified
D90-2-00342	تارىخچىلىق	headword	034_1R.png	unverified
D90-2-00343	تارىخشۇناس	headword	034_2L.png	verified
D90-2-00345	تارىخىي	headword	034_2L.png	unverified
D90-2-00346	تارىخىي داستان	headword	035_1R.png	unverified
D90-2-00346-v1	ئېپوس	variant	035_1R.png	unverified
D90-2-00347	تارىخىي رەسىم	headword	035_1R.png	unverified
D90-2-00348	تارىخىي رومان	headword	035_1R.png	unverified
D90-2-00349	تارىخىي سېلىشتۇرما تىلشۇناسلىق	headword	035_1R.png	unverified
D90-2-00350	تارىخىي سېلىشتۇرما ئۇسۇل	headword	035_1R.png	unverified
D90-2-00351	تارىخىي قوشاقلار	headword	035_2L.png	unverified
D90-2-00352	تارىخىي قول يازمىلار	headword	035_2L.png	unverified
D90-2-00353	تارىخىي گېئولوگىيە	headword	035_2L.png	unverified
D90-2-00354	تارىخىي ماتېرىيال	headword	035_2L.png	unverified
D90-2-00355	تارىخىي ماتېرىيالىزم	headword	035_2L.png	unverified
D90-2-00356	تارىخىي ئىدېئالىزم	headword	036_1R.png	unverified
D90-2-00357	تارىخىي يادىكارلىق	headword	036_1R.png	unverified
D90-2-00358	تارىخىيلىق	headword	036_1R.png	unverified
D90-2-00359	تارىشا	headword	036_1R.png	unverified
D90-2-00361	تارىشا گۈڭگۈرت	headword	036_2L.png	unverified
D90-2-00362	تارىشىدەك	headword	036_2L.png	unverified
D90-2-00363	تارىشىسىمان	headword	036_2L.png	unverified
D90-2-00365	تارىشىلانماق	headword	036_2L.png	unverified
D90-2-00366	تارىشىلىنىش	headword	036_2L.png	unverified
D90-2-00367	تارىقاي	headword	036_2L.png	unverified
D90-2-00368	تارىماق	headword	037_1R.png	unverified
D90-2-00370	تارىمۇش	headword	037_1R.png	unverified
D90-2-00371	تارىنىشماق	headword	037_2L.png	unverified
D90-2-00372	تاز	headword	037_2L.png	unverified
D90-2-00376	تېزىنى باسسا، مېزى چىقماق	headword	037_2L.png	unverified
D90-2-00377	تازا	headword	038_1R.png	unverified
D90-2-00379	تازىلاتقۇزماق	headword	038_2L.png	unverified
D90-2-00380	تازىلاتماق	headword	038_2L.png	unverified
D90-2-00381	تازىلاشماق	headword	038_2L.png	unverified
D90-2-00382	تازىلانماق	headword	038_2L.png	unverified
D90-2-00383	تازىلىق	headword	038_2L.png	unverified
D90-2-00384	تازىلىق ئۆيى	headword	039_1R.png	unverified
D90-2-00385	تازىلىماق	headword	039_1R.png	unverified
D90-2-00386	تاس	headword	039_1R.png	unverified
D90-2-00389	تاسادىپ	headword	039_2L.png	unverified
D90-2-00390	تاسادىپەن	headword	039_2L.png	unverified
D90-2-00391	تاسادىپىي	headword	039_2L.png	verified
D90-2-00392	تاسادىپىي بەلگە	headword	040_1R.png	unverified
D90-2-00393	تاسادىپىيلىق	headword	040_1R.png	unverified
D90-2-00394	تاس-تاماس	headword	040_1R.png	unverified
D90-2-00395	تاس-تۇس	headword	040_1R.png	unverified
D90-2-00396	تاسىسىدە	headword	040_1R.png	unverified
D90-2-00397	تاسقاتماق	headword	040_1R.png	unverified
D90-2-00398	تاسقاشماق	headword	040_1R.png	unverified
D90-2-00399	تاسقاقچىلىق	headword	040_1R.png	unverified
D90-2-00400	تاسقاقسىز	headword	040_2L.png	unverified
D90-2-00401	تاسقاقلىق	headword	040_2L.png	unverified
D90-2-00402	تاسقالماق	headword	040_2L.png	unverified
D90-2-00403	تاسقام	headword	040_2L.png	unverified
D90-2-00404	تاسقىماق	headword	040_2L.png	unverified
D90-2-00405	تاسما	headword	041_1R.png	unverified
D90-2-00410	تاس-ماس	headword	041_1R.png	unverified
D90-2-00411	تاس-ماس قالماق	headword	041_1R.png	unverified
D90-2-00412	تاسماچى	headword	041_1R.png	unverified
D90-2-00413	تاسمىچىلىق	headword	041_2L.png	unverified
D90-2-00414	تاسمىلىق	headword	041_2L.png	unverified
D90-2-00416	تاش	headword	041_2L.png	unverified
D90-2-00417	تاش باسما	headword	042_1R.png	unverified
D90-2-00433	تاش مەتبەئە	headword	043_1R.png	unverified
D90-2-00418	تاش باسماق	headword	042_1R.png	unverified
D90-2-00419	تاش بەت	headword	042_1R.png	unverified
D90-2-00420	تاش بېلىق	headword	042_1R.png	verified
D90-2-00421	تاش پۈتۈك	headword	042_1R.png	unverified
D90-2-00422	تاش تاختا	headword	042_1R.png	unverified
D90-2-00423	تاشتىن ياغ چىقىرىدىغان	headword	042_1R.png	unverified
D90-2-00424	تاش چۈشكەن يېرىدە ئەزىز	headword	042_1R.png	unverified
D90-2-00425	تاش چىشلىۋالغاندەك	headword	042_2L.png	unverified
D90-2-00426	تاشقا مۆمۈر باسقاندەك	headword	042_2L.png	unverified
D90-2-00427	تاش قورال	headword	042_2L.png	unverified
D90-2-00428	تاش قورال دەۋرى	headword	042_2L.png	unverified
D90-2-00429	تاش قۇلۇپ	headword	042_2L.png	unverified
D90-2-00430	تاش كۆۋرۈك	headword	042_2L.png	unverified
D90-2-00431	تاش گۆر	headword	042_2L.png	verified
D90-2-00432	تاش گۈمبەز	headword	042_2L.png	unverified
D90-2-00435	تاشنى تاياققا تاڭماق	headword	043_1R.png	unverified
D90-2-00436	تاش ھۈجەيرە	headword	043_1R.png	unverified
D90-2-00437	تاش ئۆزەك	headword	043_1R.png	unverified
D90-2-00438	تاش ئۆستەڭ	headword	043_2L.png	unverified
D90-2-00439	تاش يەپ، قۇم چىقىرىدىغان	headword	043_2L.png	unverified
D90-2-00440	تاش يۈرەك	headword	043_2L.png	unverified
D90-2-00441	تاش يۈسۈنى	headword	043_2L.png	unverified
D90-2-00443	تاش ئات	headword	044_1R.png	unverified
D90-2-00444	تاش پەش	headword	044_1R.png	unverified
D90-2-00445	تاش كامېر	headword	044_1R.png	unverified
D90-2-00446	تاش كۆڭلەك	headword	044_1R.png	unverified
D90-2-00447	تاش كىيىم	headword	044_1R.png	unverified
D90-2-00449	تاش مايماق	headword	044_1R.png	unverified
D90-2-00450	تاش يەرلىك	headword	044_1R.png	unverified
D90-2-00451	تاش يۇرت	headword	044_1R.png	unverified
D90-2-00451-v1	ياقا يۇرت	variant	044_1R.png	unverified
D90-2-00452	تاشا	headword	044_2L.png	unverified
D90-2-00454	تاشاقىماق	headword	044_2L.png	unverified
D90-2-00455	تاشئالما	headword	044_2L.png	unverified
D90-2-00456	تاشايىن	headword	044_2L.png	unverified
D90-2-00457	تاشئەينەك	headword	045_1R.png	unverified
D90-2-00458	تاشبۈرگۈن	headword	045_1R.png	verified
D90-2-00459	تاشپاختا	headword	045_1R.png	unverified
D90-2-00460	تاشپاقا	headword	045_1R.png	unverified
D90-2-00461	تاشپۇرچاق	headword	045_2L.png	verified
D90-2-00462	تاشتەرمەك	headword	045_2L.png	unverified
D90-2-00463	تاشتەك	headword	045_2L.png	unverified
D90-2-00464	تاش-توقماق	headword	045_2L.png	unverified
D90-2-00465	تاش-تۇپراق	headword	045_2L.png	unverified
D90-2-00466	تاشتۇرماق	headword	045_2L.png	verified
D90-2-00467	تاشتۈز	headword	046_1R.png	unverified
D90-2-00468	تاش-تۆمۈر	headword	046_1R.png	unverified
D90-2-00469	تاش-تۆمۈر مېتېئورىت	headword	046_1R.png	unverified
D90-2-00470	تاشتۈلەك	headword	046_1R.png	unverified
D90-2-00471	تاشتىراش	headword	046_1R.png	unverified
D90-2-00472	تاشچاي	headword	046_1R.png	unverified
D90-2-00473	تاشچېچەك	headword	046_1R.png	unverified
D90-2-00474	تاشچى	headword	046_2L.png	unverified
D90-2-00475	تاشچىلىق	headword	046_2L.png	unverified
D90-2-00476	تاشچىۋىنى	headword	046_2L.png	verified
D90-2-00477	تاشسامساق	headword	046_2L.png	verified
D90-2-00479	تاشسىز	headword	047_1R.png	unverified
D90-2-00480	تاشقى	headword	047_1R.png	unverified
D90-2-00481	تاشقى ئاجرىتىش	headword	047_1R.png	unverified
D90-2-00482	تاشقى ئالاقە	headword	047_2L.png	unverified
D90-2-00485	تاشقى باغلىنىش	headword	047_2L.png	unverified
D90-2-00483	تاشقى ئالماش بۇلۇڭلار	headword	047_2L.png	unverified
D90-2-00484	تاشقى ئەزا	headword	047_2L.png	unverified
D90-2-00486	تاشقى باللىستىكا	headword	047_2L.png	unverified
D90-2-00487	تاشقى بوۋاسىر	headword	047_2L.png	unverified
D90-2-00488	تاشقى بۇلۇڭ	headword	048_1R.png	unverified
D90-2-00489	تاشقى پارازىتلىق	headword	048_1R.png	unverified
D90-2-00490	تاشقى پورت	headword	048_1R.png	unverified
D90-2-00491	تاشقى پېرېۋوت	headword	048_1R.png	unverified
D90-2-00492	تاشقى توكسىن	headword	048_1R.png	unverified
D90-2-00493	تاشقى دەريا	headword	048_1R.png	unverified
D90-2-00494	تاشقى دۇنيا	headword	048_2L.png	unverified
D90-2-00495	تاشقى دۈشمەن	headword	048_2L.png	unverified
D90-2-00496	تاشقى زىددىيەت	headword	048_2L.png	unverified
D90-2-00497	تاشقى سەۋەب	headword	048_2L.png	unverified
D90-2-00499	تاشقى سەۋەب نەزەرىيىسى	headword	048_2L.png	unverified
D90-2-00500	تاشقى سودا	headword	049_1R.png	unverified
D90-2-00501	تاشقى سودا قىممىتى	headword	049_1R.png	unverified
D90-2-00502	تاشقى سىياسەت	headword	049_1R.png	unverified
D90-2-00503	تاشقى قەرز	headword	049_1R.png	unverified
D90-2-00504	تاشقى قۇلاق	headword	049_1R.png	unverified
D90-2-00505	تاشقى كۆرۈنۈش	headword	049_1R.png	unverified
D90-2-00506	تاشقى كېسەللىكلەر بۆلۈمى	headword	049_1R.png	unverified
D90-2-00507	تاشقى كىيىم	headword	049_1R.png	unverified
D90-2-00508	تاشقى گورمون	headword	049_1R.png	unverified
D90-2-00509	تاشقى مەركەز	headword	049_2L.png	unverified
D90-2-00510	تاشقى ئىشلار	headword	049_2L.png	unverified
D90-2-00511	تاشقىرى	headword	049_2L.png	unverified
D90-2-00512	تاشقىرىقى	headword	049_2L.png	unverified
D90-2-00513	تاشقىلىماق	headword	050_1R.png	unverified
D90-2-00514	تاشقىن	headword	050_1R.png	unverified
D90-2-00515	تاشقىنلىماق	headword	050_1R.png	unverified
D90-2-00516	تاشكۆمۈر	headword	050_1R.png	verified
D90-2-00517	تاشگۈل	headword	050_2L.png	unverified
D90-2-00518	تاشلاتقۇزماق	headword	050_2L.png	verified
D90-2-00519	تاشلاتماق	headword	050_2L.png	verified
D90-2-00521	تاشلاشماق	headword	050_2L.png	verified
D90-2-00523	تاشلاق	headword	050_2L.png	verified
D90-2-00524	تاشلاندۇق	headword	051_1R.png	unverified
D90-2-00525	تاشلاندى	headword	051_1R.png	unverified
D90-2-00526	تاشلانماق	headword	051_1R.png	unverified
D90-2-00528	تاشلىق	headword	051_2L.png	unverified
D90-2-08560	خاما	headword	819_2L.png	unverified
D90-2-00533	تاشلىماق	headword	052_1R.png	unverified
D90-2-00535	تاشما	headword	053_1R.png	unverified
D90-2-00535-v1	ئىلغا	variant	053_1R.png	unverified
D90-2-00536	تاشماق	headword	053_1R.png	unverified
D90-2-00537	تاشئوت	headword	053_1R.png	unverified
D90-2-00538	تاشئېگىر	headword	053_2L.png	verified
D90-2-00539	تاشىرقىماق	headword	053_2L.png	unverified
D90-2-00540	تاشيارغان	headword	053_2L.png	verified
D90-2-00541	تاشيول	headword	053_2L.png	unverified
D90-2-00542	تاغ	headword	054_1R.png	unverified
D90-2-00543	تاغ ئارقىسىغا ئۆتمەك	headword	054_1R.png	unverified
D90-2-00544	تاغ ئاغزى	headword	054_1R.png	unverified
D90-2-00545	تاغ تېرىكى	headword	054_2L.png	unverified
D90-2-00546	تاغ تېكىسى	headword	054_2L.png	unverified
D90-2-00547	تاغ تىزمىسى	headword	054_2L.png	unverified
D90-2-00548	تاغ جىنسى	headword	054_2L.png	unverified
D90-2-00549	تاغ جىنس رايونى	headword	055_1R.png	unverified
D90-2-00550	تاغ چوققىسى	headword	055_1R.png	unverified
D90-2-00551	تاغدىن سورىسا، باغدىن جاۋاب بەرمەك	headword	055_1R.png	unverified
D90-2-00552	تاغ زەمبىرىكى	headword	055_1R.png	unverified
D90-2-00553	تاغ سۈيى	headword	055_1R.png	unverified
D90-2-00554	تاغ سېرىسى	headword	055_1R.png	unverified
D90-2-00555	تاغ قارىمۇچى	headword	055_2L.png	unverified
D90-2-00556	تاغ قامچىئوتى	headword	055_2L.png	unverified
D90-2-00557	تاغ كېسەللىكى	headword	055_2L.png	unverified
D90-2-00558	تاغ كىلىماتى	headword	056_1R.png	unverified
D90-2-00559	تاغ لەيلىسى	headword	056_1R.png	unverified
D90-2-00560	تاغ مۈشۈكى	headword	056_2L.png	unverified
D90-2-00561	تاغنى تالقان، چۆلنى بوستان قىلماق	headword	056_2L.png	unverified
D90-2-00562	تاغنى تالقان قىلىدىغان	headword	056_2L.png	unverified
D90-2-00563	تاغ ئورمانلىقى	headword	056_2L.png	unverified
D90-2-00564	تاغ ئومۇرتقىسى	headword	056_2L.png	unverified
D90-2-00565	تاغ ئېتىكى	headword	056_2L.png	unverified
D90-2-00566	تاغ ئىتتۈزۈمى	headword	056_2L.png	unverified
D90-2-00567	تاغ ياڭىقى	headword	057_1R.png	unverified
D90-2-00568	تاغ يۇلتۇزگۈلى	headword	057_1R.png	unverified
D90-2-00569	تاغ يۈرەك	headword	057_1R.png	unverified
D90-2-00570	تاغا	headword	057_1R.png	unverified
D90-2-00571	تاغار	headword	057_2L.png	unverified
D90-2-00572	تاغاردا بىر	headword	057_2L.png	unverified
D90-2-00573	تاغار قېقىندىسى	headword	057_2L.png	unverified
D90-2-00574	تاغار-تاغار	headword	057_2L.png	unverified
D90-2-00575	تاغارچى	headword	057_2L.png	unverified
D90-2-00576	تاغارچىلىق	headword	058_1R.png	unverified
D90-2-00577	تاغارلاپ	headword	058_1R.png	unverified
D90-2-00578	تاغاق	headword	058_1R.png	unverified
D90-2-00580	تاغچى	headword	058_1R.png	unverified
D90-2-00581	تاغچىلىق	headword	058_1R.png	unverified
D90-2-00582	تاغ-دالا	headword	058_2L.png	unverified
D90-2-00583	تاغ-داۋان	headword	058_2L.png	unverified
D90-2-00584	تاغ-دەريا	headword	058_2L.png	unverified
D90-2-00585	تاغدەك	headword	058_2L.png	unverified
D90-2-00586	تاغدېنى	headword	058_2L.png	verified
D90-2-00588	تاغدىن-باغدىن	headword	059_1R.png	unverified
D90-2-00588-v1	باغدىن-تاغدىن	variant	059_1R.png	unverified
D90-2-00589	تاغلىق	headword	059_1R.png	unverified
D90-2-00590	تاغمۇتاغ	headword	059_1R.png	unverified
D90-2-00591	تاغۇتاش	headword	059_2L.png	unverified
D90-2-00592	تاغىل	headword	059_2L.png	unverified
D90-2-00593	تاق	headword	059_2L.png	unverified
D90-2-00595	تاق پەللىلىك ئۆسۈملۈكلەر	headword	060_1R.png	unverified
D90-2-00595-v1	بىر پەللىلىك ئۆسۈملۈكلەر	variant	060_1R.png	unverified
D90-2-00596	تاق تورنىك	headword	060_1R.png	unverified
D90-2-00597	تاق جىنسلىق	headword	060_1R.png	unverified
D90-2-00598	تاق جىنسلىق تۇپ	headword	060_1R.png	unverified
D90-2-00599	تاق جىنسلىق زىگوتا	headword	060_1R.png	unverified
D90-2-00600	تاق جىنسلىق شالغۇت	headword	060_1R.png	unverified
D90-2-00601	تاق جىنسلىق كۆپىيىش	headword	060_1R.png	unverified
D90-2-00602	تاق جىنسلىق گۈل	headword	060_1R.png	unverified
D90-2-00603	تاق سان	headword	060_1R.png	verified
D90-2-00604	تاق شادا	headword	060_1R.png	unverified
D90-2-00605	تاق لىنىيە	headword	060_2L.png	unverified
D90-2-00606	تاق ھەسسىلىك تەنچە	headword	060_2L.png	unverified
D90-2-00607	تاق ھۈجەيرىلىك ھايۋان	headword	060_2L.png	unverified
D90-2-00607-v1	بىر ھۈجەيرىلىك جانلىقلار	variant	060_2L.png	unverified
D90-2-00610	تاقا	headword	060_2L.png	unverified
D90-2-00612	تاقابىل	headword	061_1R.png	unverified
D90-2-00613	تاقابىل تۇرماق	headword	061_1R.png	unverified
D90-2-00614	تاقابىل كەلمەك	headword	061_1R.png	unverified
D90-2-00615	تاقا راشتۇرماق	headword	061_1R.png	unverified
D90-2-00616	تاقاراشماق	headword	061_2L.png	unverified
D90-2-00617	تاقاشماق	headword	061_2L.png	unverified
D90-2-00618	تاقاق	headword	061_2L.png	unverified
D90-2-00620	تاقاقخانا	headword	062_1R.png	unverified
D90-2-00621	تاقاقلىق	headword	062_1R.png	unverified
D90-2-00622	تاقالماق	headword	062_1R.png	unverified
D90-2-00623	تاقەت	headword	062_1R.png	verified
D90-2-00624	تاقەت قىلماق	headword	062_2L.png	unverified
D90-2-00625	تاقىتى تاق بولماق	headword	062_2L.png	unverified
D90-2-00626	تاقەتسىز	headword	062_2L.png	unverified
D90-2-00627	تاقەتسىزلەندۈرمەك	headword	063_1R.png	unverified
D90-2-00628	تاقەتسىزلەنمەك	headword	063_1R.png	unverified
D90-2-00629	تاقەتسىزلىك	headword	063_1R.png	unverified
D90-2-00630	تاقەتلىك	headword	063_1R.png	unverified
D90-2-00631	تاق-تاق	headword	063_1R.png	unverified
D90-2-00632	تاق-تۇق	headword	063_1R.png	unverified
D90-2-00633	تاققا-تۇققا	headword	063_2L.png	unverified
D90-2-00634	تاققىدە	headword	063_2L.png	unverified
D90-2-00635	تاقلاتماق	headword	063_2L.png	unverified
D90-2-00637	تاقلىشماق	headword	063_2L.png	unverified
D90-2-00638	تاقلاشماق	headword	064_1R.png	unverified
D90-2-00639	تاقلانماق	headword	064_1R.png	unverified
D90-2-00642	تاقىچى	headword	064_1R.png	unverified
D90-2-00643	تاقىچىلىق	headword	064_1R.png	unverified
D90-2-00644	تاقىر	headword	064_2L.png	unverified
D90-2-00647	تاقىراق	headword	064_2L.png	unverified
D90-2-00648	تاقىراق-تاقىراق	headword	065_1R.png	unverified
D90-2-00649	تاقىراق-تۇقۇرۇق	headword	065_1R.png	unverified
D90-2-00650	تاقىر-تۇقۇر	headword	065_1R.png	unverified
D90-2-00651	تاقىرلاتماق	headword	065_1R.png	unverified
D90-2-00652	تاقىرلاشماق	headword	065_1R.png	unverified
D90-2-00654	تاقىرلىق	headword	065_1R.png	unverified
D90-2-00655	تاقىرلىماق	headword	065_1R.png	unverified
D90-2-00656	تاقلاتقۇزماق	headword	065_1R.png	unverified
D90-2-00657	تاقلاتقۇزۇلماق	headword	065_1R.png	unverified
D90-2-00658	تاقىلاتماق	headword	065_2L.png	unverified
D90-2-00659	تاقىلاشماق	headword	065_2L.png	unverified
D90-2-00660	تاقىلانماق	headword	065_2L.png	unverified
D90-2-00661	تاقىلدا تقۇزماق	headword	065_2L.png	unverified
D90-2-00662	تاقىلدا تماق	headword	065_2L.png	unverified
D90-2-00663	تاقىلداشماق	headword	065_2L.png	unverified
D90-2-00664	تاقىلدىماق	headword	065_2L.png	unverified
D90-2-00665	تاقىلىق	headword	066_1R.png	unverified
D90-2-00666	تاقىلىماق	headword	066_1R.png	unverified
D90-2-00667	تاقىم	headword	066_1R.png	unverified
D90-2-00668	تاقىم ئاراللار	headword	066_1R.png	unverified
D90-2-00669	تاقىماق	headword	066_1R.png	unverified
D90-2-00670	تالك	headword	067_1R.png	unverified
D90-2-00671	تاكا	headword	067_1R.png	unverified
D90-2-00672	تاكاس	headword	067_1R.png	unverified
D90-2-00673	تاكاس-تۇكۇس	headword	067_1R.png	unverified
D90-2-00674	تاكاسلىماق	headword	067_1R.png	unverified
D90-2-00675	تاكاللاشقاق	headword	067_1R.png	unverified
D90-2-00676	تاكاللاشماق	headword	067_1R.png	unverified
D90-2-00677	تاكامۇل	headword	067_1R.png	unverified
D90-2-00678	تاكامۇللاشتۇرماق	headword	067_2L.png	unverified
D90-2-00679	تاكامۇللاشتۇرۇلماق	headword	067_2L.png	unverified
D90-2-00680	تاكامۇللاشماق	headword	067_2L.png	unverified
D90-2-00681	تاكت	headword	067_2L.png	verified
D90-2-00683	تاكتاك	headword	067_2L.png	unverified
D90-2-00684	تاك-تاك	headword	068_1R.png	unverified
D90-2-00685	تاكتاكچى	headword	068_1R.png	unverified
D90-2-00686	تاكتاكچىلىق	headword	068_1R.png	unverified
D90-2-00687	تاكتلىق	headword	068_1R.png	unverified
D90-2-00688	تاكتىكا	headword	068_1R.png	unverified
D90-2-00689	تاكتىكىچى	headword	068_2L.png	unverified
D90-2-00690	تاكتىكسىز	headword	068_2L.png	unverified
D90-2-00691	تاكتىكسىزلىق	headword	068_2L.png	unverified
D90-2-00692	تاكتىكىلىق	headword	068_2L.png	unverified
D90-2-00693	تاكسى	headword	068_2L.png	unverified
D90-2-00694	تاككىدە	headword	068_2L.png	unverified
D90-2-00696	تاكى	headword	069_1R.png	unverified
D90-2-00697	تاكىراڭ	headword	069_1R.png	unverified
D90-2-00699	تاكىراڭ-تاكىراڭ	headword	069_1R.png	unverified
D90-2-00700	تاكىراڭ-تۇكۇرۇڭ	headword	069_1R.png	unverified
D90-2-00701	تاكىراڭشىتماق	headword	069_1R.png	unverified
D90-2-00702	تاكىراڭشىماق	headword	069_1R.png	unverified
D90-2-00703	تاكىراڭلاتماق	headword	069_1R.png	unverified
D90-2-00704	تاكىراڭلىماق	headword	069_1R.png	unverified
D90-2-00705	تاكىلدا تماق	headword	069_1R.png	unverified
D90-2-00706	تاكىلداشماق	headword	069_2L.png	unverified
D90-2-00707	تاڭ	headword	069_2L.png	unverified
D90-2-00708	تاڭ ئاتماق	headword	069_2L.png	unverified
D90-2-00709	تاڭ ئاشۇرماق	headword	069_2L.png	unverified
D90-2-00710	تاڭ سەھەر	headword	069_2L.png	unverified
D90-2-00711	تاڭ سۈزۈلمەك	headword	070_1R.png	unverified
D90-2-00712	تاڭ قاراڭغۇسى	headword	070_1R.png	unverified
D90-2-00713	تاڭ يورىماق	headword	070_1R.png	unverified
D90-2-00716	تاڭ قالماق	headword	070_1R.png	unverified
D90-2-00718	تاڭەي	headword	070_2L.png	unverified
D90-2-00719	تاڭ-تاڭ	headword	070_2L.png	unverified
D90-2-00720	تاڭ-تۇڭ	headword	070_2L.png	unverified
D90-2-00723	تاڭدۇرتماق	headword	070_2L.png	unverified
D90-2-00724	تاڭدۇرماق	headword	071_1R.png	unverified
D90-2-00725	تاڭدۇرۇشماق	headword	071_1R.png	unverified
D90-2-00726	تاڭدۇرۇلماق	headword	071_1R.png	unverified
D90-2-00728	تاڭزۇڭزىچى	headword	071_1R.png	unverified
D90-2-00729	تاڭسۇق	headword	071_1R.png	unverified
D90-2-00730	تاڭغۇت	headword	071_1R.png	unverified
D90-2-00732	تاڭغۇتلار	headword	071_1R.png	unverified
D90-2-00731	تاڭغۇتچە	headword	071_1R.png	unverified
D90-2-00735	تاڭگازىچى	headword	071_2L.png	unverified
D90-2-00736	تاڭگازىچىلىق	headword	071_2L.png	unverified
D90-2-00737	تاڭگىر-تۇڭگۇر	headword	071_2L.png	unverified
D90-2-00737-v1	تارال-تۇرال	variant	071_2L.png	unverified
D90-2-00738	تاڭڭىدە	headword	071_2L.png	unverified
D90-2-00739	تاڭلا	headword	071_2L.png	unverified
D90-2-00741	تاڭلاي	headword	072_1R.png	unverified
D90-2-00742	تاڭلاي يېرىقى	headword	072_1R.png	unverified
D90-2-00743	تاڭماق	headword	072_1R.png	unverified
D90-2-00744	تاڭنا	headword	072_2L.png	unverified
D90-2-00745	تال	headword	072_2L.png	unverified
D90-2-00751	تال دۆلمىمە	headword	073_1R.png	unverified
D90-2-00752	تالا	headword	073_2L.png	unverified
D90-2-00760	تالاپەت	headword	074_2L.png	verified
D90-2-00761	تالاپەت يەتمەك	headword	074_2L.png	unverified
D90-2-00761-v1	تالاپەت كۆرمەك	variant	074_2L.png	unverified
D90-2-00762	تالاپەتسىز	headword	074_2L.png	unverified
D90-2-00763	تالاپەتلىك	headword	074_2L.png	unverified
D90-2-00764	تالا-تالا	headword	074_2L.png	unverified
D90-2-00765	تالاتقۇزماق	headword	075_1R.png	unverified
D90-2-00766	تالاتنماق	headword	075_1R.png	unverified
D90-2-00767	تالا-تۈز	headword	075_1R.png	unverified
D90-2-00768	تالاش	headword	075_1R.png	unverified
D90-2-00771	تالاش-تارتىش	headword	075_1R.png	unverified
D90-2-00772	تالاشتۇرماق	headword	075_2L.png	unverified
D90-2-00773	تالاشتۇرۇلماق	headword	075_2L.png	unverified
D90-2-00774	تالاشماق	headword	075_2L.png	unverified
D90-2-00775	تالاق	headword	076_1R.png	unverified
D90-2-00776	تالاق خەت	headword	076_1R.png	unverified
D90-2-00777	تالاق قىلماق	headword	076_1R.png	unverified
D90-2-00778	تالاڭ	headword	076_1R.png	unverified
D90-2-00779	تالاڭ قىلماق	headword	076_1R.png	unverified
D90-2-00780	تالاڭچى	headword	076_2L.png	unverified
D90-2-00781	تالاڭچىلىق	headword	076_2L.png	unverified
D90-2-00782	تالالىق	headword	076_2L.png	unverified
D90-2-00788	تالان	headword	077_2L.png	unverified
D90-2-00789	تالانت	headword	077_2L.png	unverified
D90-2-00790	تالان-تاراچ	headword	077_2L.png	unverified
D90-2-00790-v1	بۇلاڭ-تالاڭ	variant	077_2L.png	unverified
D90-2-00792	تالانتسىز	headword	077_2L.png	unverified
D90-2-00793	تالانتسىزلىق	headword	077_2L.png	unverified
D90-2-00794	تالانتشۇناس	headword	077_2L.png	unverified
D90-2-00795	تالانتلىق	headword	078_1R.png	unverified
D90-2-00796	تالانماق	headword	078_1R.png	unverified
D90-2-00797	تالاۋەت	headword	078_1R.png	unverified
D90-2-04846	تىلاۋەت	headword	486_1R.png	verified
D90-2-00798	تالاي	headword	078_1R.png	unverified
D90-2-00799	تالاي-تالاي	headword	078_1R.png	unverified
D90-2-00800	تال-تال	headword	078_1R.png	unverified
D90-2-00801	تالتۇز	headword	078_1R.png	unverified
D90-2-00802	تالجىقماق	headword	078_2L.png	unverified
D90-2-00803	تالدۇرماق	headword	078_2L.png	unverified
D90-2-00804	تالستوپكا	headword	078_2L.png	unverified
D90-2-00805	تالقالىق	headword	078_2L.png	verified
D90-2-00806	تالقان	headword	078_2L.png	unverified
D90-2-00807	تالقان تۆكتى	headword	079_1R.png	unverified
D90-2-00808	تالقان قىلماق	headword	079_1R.png	unverified
D90-2-00809	تالقىنماق	headword	079_1R.png	unverified
D90-2-00811	تالگۈل	headword	079_2L.png	unverified
D90-2-00811-v1	سۆگەتگۈل	variant	079_2L.png	unverified
D90-2-00812	تاللاتقۇزماق	headword	079_2L.png	unverified
D90-2-00813	تاللاتماق	headword	079_2L.png	unverified
D90-2-00814	تاللاش	headword	079_2L.png	unverified
D90-2-00816	تاللاشچانلىق	headword	079_2L.png	unverified
D90-2-00817	تاللاشماق	headword	080_1R.png	unverified
D90-2-00818	تاللانما	headword	080_1R.png	unverified
D90-2-00821	تاللانماق	headword	080_1R.png	unverified
D90-2-00822	تاللىق	headword	080_1R.png	unverified
D90-2-00823	تاللىماق	headword	080_2L.png	unverified
D90-2-00824	تاللىي	headword	080_2L.png	unverified
D90-2-00825	تالماق	headword	080_2L.png	unverified
D90-2-00826	تالمۇد	headword	080_2L.png	unverified
D90-2-00827	تالون	headword	081_1R.png	unverified
D90-2-00828	تالونسىز	headword	081_1R.png	unverified
D90-2-00829	تالونلۇق	headword	081_1R.png	unverified
D90-2-00830	تالىپ	headword	081_1R.png	unverified
D90-2-00831	تالىپلىق	headword	081_1R.png	unverified
D90-2-00832	تالىق	nonstandard	081_1R.png	unverified
D90-2-01081	تەئەللۇق	headword	103_1R.png	unverified
D90-2-00833	تالىماق	headword	081_1R.png	unverified
D90-2-00834	تام	headword	081_2L.png	unverified
D90-2-00839	تام رەسىملىرى	headword	082_1R.png	unverified
D90-2-00840	تام سائەت	headword	082_1R.png	unverified
D90-2-00841	تامغا ئۈسۈۋالماق	headword	082_1R.png	unverified
D90-2-00842	تام قوشنا	headword	082_1R.png	unverified
D90-2-00843	تام گېزىت	headword	082_1R.png	unverified
D90-2-00844	تام مەش	headword	082_1R.png	unverified
D90-2-00845	تامنىڭمۇ قۇلىقى بار	headword	082_1R.png	unverified
D90-2-00846	تاماشا	headword	082_2L.png	unverified
D90-2-00847	تاماشا قىلماق	headword	082_2L.png	unverified
D90-2-00848	تاماشا كۆرمەك	headword	083_1R.png	unverified
D90-2-00849	تاماشىبىن	headword	083_1R.png	unverified
D90-2-00850	تاماشىچى	headword	083_1R.png	unverified
D90-2-00851	تاماق	headword	083_1R.png	verified
D90-2-00853	تامىقى چاكىلداپ كەتمەك	headword	083_2L.png	unverified
D90-2-00854	تامىقى چۈشۈپ قالماق	headword	083_2L.png	unverified
D90-2-00855	تامىقىنى چەكمەك	headword	083_2L.png	unverified
D90-2-00856	تامىقىنى قىرماق	headword	083_2L.png	unverified
D90-2-00857	تامىقى ئېشىپ قالماق	headword	083_2L.png	unverified
D90-2-00859	تاماق شەجەرىسى	headword	084_1R.png	unverified
D90-2-00860	تاماققا كىرىشمەك	headword	084_1R.png	unverified
D90-2-00861	تاماق ئۈستىلى	headword	084_1R.png	unverified
D90-2-00862	تامىقىدا قالماق	headword	084_1R.png	unverified
D90-2-00865	تاماقباغ	headword	084_1R.png	verified
D90-2-00866	تاماق-پاماق	headword	084_1R.png	unverified
D90-2-00867	تاماقخانا	headword	084_2L.png	unverified
D90-2-00868	تاماقلاندۇرماق	headword	084_2L.png	unverified
D90-2-00869	تاماقلانماق	headword	084_2L.png	unverified
D90-2-00870	تاماقلىماق	headword	084_2L.png	unverified
D90-2-00871	تاماكا	headword	084_2L.png	unverified
D90-2-00873	تاماكا پىتى	headword	085_1R.png	unverified
D90-2-00874	تاماكا كىسلاتاسى	headword	085_1R.png	unverified
D90-2-00875	تاماكا ئىشقارى	headword	085_1R.png	unverified
D90-2-00876	تاماكىچى	headword	085_1R.png	unverified
D90-2-00877	تاماكىچىلىق	headword	085_1R.png	unverified
D90-2-00878	تامام	headword	085_2L.png	unverified
D90-2-00880	تامامەت	headword	085_2L.png	unverified
D90-2-00881	تاماملاتماق	headword	086_1R.png	unverified
D90-2-00882	تاماملاشماق	headword	086_1R.png	unverified
D90-2-00883	تاماملانماق	headword	086_1R.png	unverified
D90-2-00884	تاماملىماق	headword	086_1R.png	unverified
D90-2-00885	تامامىي	headword	086_1R.png	verified
D90-2-00886	تامان	headword	086_2L.png	unverified
D90-2-00887	تامبال	headword	086_2L.png	unverified
D90-2-00889	تامپېلەك	headword	086_2L.png	verified
D90-2-00890	تام-تورۇس	headword	086_2L.png	unverified
D90-2-00891	تامتۇق	headword	086_2L.png	verified
D90-2-09461	تامتۇقى يوق	headword	086_2L.png	verified
D90-2-00892	تامچە	headword	086_2L.png	unverified
D90-2-00893	تامچە-تامچە	headword	087_1R.png	unverified
D90-2-00894	تامچى	headword	087_1R.png	unverified
D90-2-00895	تامچقۇرت	headword	087_1R.png	unverified
D90-2-00896	تامچىلاتقۇزماق	headword	087_1R.png	unverified
D90-2-00897	تامچىلاتماق	headword	087_1R.png	unverified
D90-2-00898	تامچىلىق	headword	087_1R.png	unverified
D90-2-00899	تامچىلىماق	headword	087_1R.png	unverified
D90-2-00900	تامچىماق	nonstandard	087_2L.png	unverified
D90-2-00901	تامدەك	headword	087_2L.png	unverified
D90-2-00902	تامدۇرماق	headword	087_2L.png	unverified
D90-2-00903	تامدۇرۇلماق	headword	087_2L.png	unverified
D90-2-00904	تامشىماق	nonstandard	087_2L.png	unverified
D90-2-01958	تەمشىمەك	headword	190_1R.png	unverified
D90-2-00905	تامغا	headword	087_2L.png	unverified
D90-2-00907	تامغىلاتماق	headword	088_1R.png	unverified
D90-2-00908	تامغىلاشماق	headword	088_1R.png	unverified
D90-2-00909	تامغىلانماق	headword	088_1R.png	unverified
D90-2-00910	تامغىلىق	headword	088_1R.png	unverified
D90-2-00912	تامغىلىماق	headword	088_1R.png	unverified
D90-2-00913	تاملىق	headword	088_1R.png	unverified
D90-2-00914	تامىماق	headword	088_2L.png	unverified
D90-2-00915	تاموژنا	headword	088_2L.png	unverified
D90-2-00916	تانا	headword	088_2L.png	unverified
D90-2-00917	تاناب	headword	088_2L.png	unverified
D90-2-00918	تانابىنى تارتماق	headword	088_2L.png	unverified
D90-2-00919	تانابتەك	headword	089_1R.png	unverified
D90-2-00920	تانابلىماق	headword	089_1R.png	unverified
D90-2-00921	تاناسىپ	headword	089_1R.png	unverified
D90-2-00923	تاناسىپلىق	headword	089_1R.png	unverified
D90-2-00926	تاناسىل	headword	089_1R.png	unverified
D90-2-00929	تانتال	headword	089_1R.png	unverified
D90-2-00930	تاندۇرماق	headword	089_2L.png	unverified
D90-2-00931	تاندۇرۇشماق	headword	089_2L.png	unverified
D90-2-00932	تاندۇرۇلماق	headword	089_2L.png	unverified
D90-2-00933	تانسا	headword	089_2L.png	unverified
D90-2-00934	تانسىچى	headword	089_2L.png	unverified
D90-2-00935	تانسىخانا	headword	089_2L.png	unverified
D90-2-00936	تانسىكەش	headword	089_2L.png	unverified
D90-2-00937	تانكا	headword	090_1R.png	verified
D90-2-00938	تانكىچى	headword	090_1R.png	unverified
D90-2-00939	تانكىچىلار	headword	090_1R.png	unverified
D90-2-00940	تانكست	headword	090_1R.png	unverified
D90-2-00941	تانگو	headword	090_1R.png	verified
D90-2-00942	تانگېنىس	headword	090_1R.png	unverified
D90-2-00943	تاننا	headword	090_1R.png	unverified
D90-2-00944	تاننات	headword	090_2L.png	unverified
D90-2-00945	تاننات كىسلاتا	headword	090_2L.png	unverified
D90-2-00946	تانماق	headword	090_2L.png	unverified
D90-2-00947	تاھارەت	headword	090_2L.png	unverified
D90-2-00949	تاۋ	headword	091_1R.png	unverified
D90-2-00955	تاۋا	headword	091_1R.png	unverified
D90-2-00956	تاۋا كاۋاپ	headword	091_2L.png	unverified
D90-2-00957	تاۋابىئات	headword	091_2L.png	unverified
D90-2-00958	تاۋاپ	headword	091_2L.png	unverified
D90-2-00959	تاۋاپ ئەتمەك	headword	091_2L.png	unverified
D90-2-00960	تاۋاپ قىلماق	headword	091_2L.png	unverified
D90-2-00961	تاۋاپچى	headword	091_2L.png	unverified
D90-2-00962	تاۋاپگاھ	headword	091_2L.png	unverified
D90-2-00963	تاۋار	headword	092_1R.png	unverified
D90-2-00970	تاۋار ئىشلەپچىقىرىش	headword	092_2L.png	unverified
D90-2-00971	تاۋار ئىگىلىكى	headword	092_2L.png	unverified
D90-2-00972	تاۋار يەرمەنكىسى	headword	092_2L.png	unverified
D90-2-00973	تاۋار-تورقا	headword	092_2L.png	unverified
D90-2-00974	تاۋار-دۇردۇن	headword	092_2L.png	unverified
D90-2-00975	تاۋارگۈل	headword	092_2L.png	unverified
D90-2-00975-v1	لەيلىگۈل	variant	092_2L.png	unverified
D90-2-00976	تاۋاق	headword	092_2L.png	verified
D90-2-00977	تاۋاق قىلماق	headword	093_1R.png	unverified
D90-2-00978	تاۋىقىغا توپا چۈشمەك	headword	093_1R.png	unverified
D90-2-00980	تاۋاق-تاۋاق	headword	093_1R.png	unverified
D90-2-00981	تاۋاقچى	headword	093_1R.png	unverified
D90-2-00982	تاۋاقچىلىق	headword	093_1R.png	unverified
D90-2-00983	تاۋكا	headword	093_2L.png	unverified
D90-2-00985	تاۋكاچى	headword	093_2L.png	unverified
D90-2-00986	تاۋلاتماق	headword	093_2L.png	unverified
D90-2-00987	تاۋلاشماق	headword	093_2L.png	unverified
D90-2-00988	تاۋلاندۇرماق	headword	093_2L.png	unverified
D90-2-00989	تاۋلانماق	headword	093_2L.png	unverified
D90-2-00990	تاۋلىق	headword	094_1R.png	unverified
D90-2-00991	تاۋلىماق	headword	094_1R.png	unverified
D90-2-00992	تاۋۇت	headword	094_1R.png	unverified
D90-2-00993	تاۋۇز	headword	094_2L.png	unverified
D90-2-00998	تاۋۇزى قولتۇقىدىن چۈشۈپ كەتمەك	headword	094_2L.png	unverified
D90-2-00999	تاۋۇزەك	headword	095_1R.png	unverified
D90-2-01000	تاۋۇزلۇق	headword	095_1R.png	unverified
D90-2-01001	تاۋۇش	headword	095_1R.png	unverified
D90-2-01003	تاۋۇش تېمبرى	headword	095_2L.png	unverified
D90-2-01004	تاۋۇش چۈشۈپ قېلىش	headword	095_2L.png	unverified
D90-2-01005	تاۋۇش چىقىرىش ئورنى	headword	095_2L.png	unverified
D90-2-01006	تاۋۇش كۆپىيىپ قېلىش	headword	095_2L.png	unverified
D90-2-01007	تاۋۇش كۈچى	headword	095_2L.png	unverified
D90-2-01008	تاۋۇشلارنىڭ ماسلىشىشى	headword	095_2L.png	unverified
D90-2-01009	تاۋۇشلارنىڭ نۆۋەتلىشىشى	headword	096_1R.png	unverified
D90-2-01010	تاۋۇش ئۇزۇنلۇقى	headword	096_1R.png	unverified
D90-2-01011	تاۋۇش ئۆزگىرىشى	headword	096_1R.png	unverified
D90-2-01012	تاۋۇش ئېگىزلىكى	headword	096_1R.png	unverified
D90-2-01013	تاۋۇش ئېلېمېنتى	headword	096_1R.png	unverified
D90-2-01014	تاۋۇشسىز	headword	096_2L.png	unverified
D90-2-01015	تاۋۇشلۇق	headword	096_2L.png	unverified
D90-2-01018	تاۋىدا	headword	096_2L.png	unverified
D90-2-01019	تاۋدان	headword	096_2L.png	unverified
D90-2-01020	تائىپە	headword	096_2L.png	unverified
D90-2-01021	تاي	headword	097_1R.png	unverified
D90-2-01023	تاياق	headword	097_1R.png	unverified
D90-2-01024	تاياق-توقماق	headword	097_2L.png	unverified
D90-2-01025	تاياقچە	headword	097_2L.png	unverified
D90-2-01026	تاياقچە باكتېرىيە	headword	097_2L.png	unverified
D90-2-01027	تاياقچى	headword	097_2L.png	unverified
D90-2-01028	تاياق-دۇمبا	headword	098_1R.png	unverified
D90-2-01029	تاياقۋاز	headword	098_1R.png	unverified
D90-2-01030	تاياقۋازلىق	headword	098_1R.png	unverified
D90-2-01031	تايانچ	headword	098_1R.png	unverified
D90-2-01033	تايانچسىز	headword	098_2L.png	unverified
D90-2-01034	تايانچلىق	headword	098_2L.png	unverified
D90-2-01035	تايانچۇق	headword	098_2L.png	unverified
D90-2-01036	تاياندۇرماق	headword	098_2L.png	unverified
D90-2-01037	تايانماق	headword	099_1R.png	unverified
D90-2-01038	تايتاڭ	headword	099_1R.png	unverified
D90-2-01039	تايتاڭلاتماق	headword	099_1R.png	unverified
D90-2-01040	تايتاڭلاشماق	headword	099_1R.png	unverified
D90-2-01041	تايتاڭلىماق	headword	099_2L.png	unverified
D90-2-01042	تايچاق	headword	099_2L.png	unverified
D90-2-01043	تايدۇرماق	headword	099_2L.png	unverified
D90-2-01044	تايدۇرۇشماق	headword	099_2L.png	unverified
D90-2-01045	تايدۇرۇلماق	headword	099_2L.png	unverified
D90-2-01046	تايغاق	headword	099_2L.png	unverified
D90-2-01047	تايغان	headword	099_2L.png	unverified
D90-2-01048	تايغان بۇغا	headword	100_1R.png	unverified
D90-2-01048-v1	سۇ بۇغىسى	variant	100_1R.png	unverified
D90-2-01049	تايلاتماق	headword	100_1R.png	unverified
D90-2-01050	تايلاشماق	headword	100_1R.png	unverified
D90-2-01051	تايلاق	headword	100_1R.png	unverified
D90-2-01052	تايلاقلىق	headword	100_1R.png	unverified
D90-2-01054	تايلاقلىماق	headword	100_1R.png	unverified
D90-2-01055	تايلانماق	headword	100_1R.png	unverified
D90-2-01056	تايلىق	headword	100_1R.png	unverified
D90-2-01058	تايلىماق	headword	100_2L.png	unverified
D90-2-01059	تايماق	headword	100_2L.png	unverified
D90-2-01060	تايىن	headword	100_2L.png	unverified
D90-2-01061	تايىن تاپماق	headword	101_1R.png	unverified
D90-2-01062	تايىنى بار	headword	101_1R.png	unverified
D90-2-01063	تايىنى يوق	headword	101_1R.png	unverified
D90-2-01064	تايىنچا	headword	101_1R.png	unverified
D90-2-01065	تايىنسىز	headword	101_1R.png	unverified
D90-2-01066	تايىنلانماق	headword	101_1R.png	unverified
D90-2-01067	تايىنلىق	headword	101_2L.png	unverified
D90-2-01068	تايىنىش	headword	101_2L.png	unverified
D90-2-01070	تايىنىشلىق	headword	101_2L.png	unverified
D90-2-01071	تايىنىلماق	headword	102_1R.png	unverified
D90-2-01072	تەئەججۈپ	headword	102_1R.png	unverified
D90-2-01073	تەئەججۈپلەندۈرمەك	headword	102_2L.png	unverified
D90-2-01074	تەئەججۈپلەندۈرۈلمەك	headword	102_2L.png	unverified
D90-2-01075	تەئەججۈپلەنمەك	headword	102_2L.png	unverified
D90-2-01076	تەئەججۈپلىنەرلىك	headword	102_2L.png	unverified
D90-2-01077	تەئەججۈپلۈك	headword	102_2L.png	unverified
D90-2-01078	تەئەددى	headword	102_2L.png	unverified
D90-2-01079	تەئەددى قىلماق	headword	103_1R.png	unverified
D90-2-01080	تەئەسسۇپ	headword	103_1R.png	unverified
D90-2-01082	تەئەللۇقات	headword	103_1R.png	unverified
D90-2-01083	تەبەر	headword	103_2L.png	unverified
D90-2-01084	تەبەسسۇم	headword	103_2L.png	unverified
D90-2-01086	تەبدىل	headword	103_2L.png	verified
D90-2-01088	تەبرىك	headword	104_1R.png	unverified
D90-2-01091	تەبرىكلەشمەك	headword	104_1R.png	unverified
D90-2-01092	تەبرىكلەنمەك	headword	104_1R.png	unverified
D90-2-01093	تەبرىكلىمەك	headword	104_1R.png	unverified
D90-2-01094	تەبرىكنامە	headword	104_2L.png	unverified
D90-2-01095	تەبىئەت	headword	104_2L.png	unverified
D90-2-01097	تەبىئەت دۇنياسى	headword	105_1R.png	unverified
D90-2-01098	تەبىئەت دىئالېكتىكىسى	headword	105_1R.png	unverified
D90-2-01099	تەبىئەت قارىشى	headword	105_1R.png	unverified
D90-2-01100	تەبىئەت لىرىكىسى	headword	105_2L.png	unverified
D90-2-01101	تەبىئەت مەنزىرىسى	headword	105_2L.png	unverified
D90-2-01102	تەبىئىتى نازۇك	headword	105_2L.png	unverified
D90-2-01102-v1	كۆڭلى نازۇك	variant	105_2L.png	unverified
D90-2-01103	تەبىئەتشۇناس	headword	105_2L.png	unverified
D90-2-01104	تەبىئەتشۇناسلىق	headword	106_1R.png	unverified
D90-2-01105	تەبىئەتلىك	headword	106_1R.png	unverified
D90-2-01106	تەبىر	headword	106_1R.png	unverified
D90-2-01107	تەبىر بەرمەك	headword	106_1R.png	unverified
D90-2-01108	تەبىر بېرىلگۈچى	headword	106_1R.png	unverified
D90-2-01109	تەبىر ئېيتماق	headword	106_1R.png	unverified
D90-2-01110	تەبىرچى	headword	106_2L.png	unverified
D90-2-01111	تەبىرلەنمەك	headword	106_2L.png	verified
D90-2-01112	تەبىرنامە	headword	106_2L.png	verified
D90-2-01113	تەبىقە	headword	106_2L.png	unverified
D90-2-01114	تەبىقىچىلىك	headword	106_2L.png	unverified
D90-2-01115	تەبىقىلەنمەك	headword	107_1R.png	unverified
D90-2-01116	تەبىقىلىك	headword	107_1R.png	unverified
D90-2-01117	تەبىئىي	headword	107_1R.png	unverified
D90-2-01118	تەبىئىي ئاپەت	headword	107_2L.png	verified
D90-2-01119	تەبىئىي ئادەم	headword	107_2L.png	verified
D90-2-01120	تەبىئىي ئالتۇن	headword	107_2L.png	unverified
D90-2-01121	تەبىئىي بايلىق	headword	107_2L.png	unverified
D90-2-01122	تەبىئىي پەن	headword	107_2L.png	unverified
D90-2-01123	تەبىئىي پەن ماتېرىيالىزمى	headword	108_1R.png	unverified
D90-2-01124	تەبىئىي پلاتىنا	headword	108_1R.png	unverified
D90-2-01125	تەبىئىي تاللىنىش	headword	108_1R.png	unverified
D90-2-01126	تاللىنىش	headword	108_2L.png	unverified
D90-2-01127	تەبىئىي جىسىم	headword	108_2L.png	unverified
D90-2-01128	تەبىئىي چېتىلىشىش	headword	108_2L.png	unverified
D90-2-01129	تەبىئىي خۇسۇسىيەت	headword	108_2L.png	unverified
D90-2-01130	تەبىئىي سان	headword	108_2L.png	verified
D90-2-01131	تەبىئىي سىماب	headword	108_2L.png	unverified
D90-2-01132	تەبىئىي شارائىتقا كۆندۈرۈش	headword	108_2L.png	unverified
D90-2-01133	تەبىئىي شەخس	headword	109_1R.png	unverified
D90-2-01134	تەبىئىي شۇلتا	headword	109_1R.png	unverified
D90-2-01135	تەبىئىي كەنت	headword	109_1R.png	unverified
D90-2-01136	تەبىئىي گاز	headword	109_1R.png	unverified
D90-2-01137	تەبىئىي گۈڭگۈرت	headword	109_1R.png	unverified
D90-2-01138	تەبىئىي لوگارىنما	headword	109_2L.png	unverified
D90-2-01139	تەبىئىي مىس	headword	109_2L.png	unverified
D90-2-01140	تەبىئىي ئىممۇنىتېت	headword	109_2L.png	unverified
D90-2-01141	تەپ	headword	109_2L.png	unverified
D90-2-09474	تەپ تارتماق	headword	110_1R.png	verified
D90-2-01143	تەپەككۇر	headword	110_1R.png	verified
D90-2-01145	تەپت	headword	110_2L.png	unverified
D90-2-01146	تەپتەكشى	headword	110_2L.png	unverified
D90-2-01147	تەپتۈرمەك	headword	110_2L.png	unverified
D90-2-01148	تەپتۈرۈلمەك	headword	110_2L.png	unverified
D90-2-01149	تەپتىش	headword	111_1R.png	unverified
D90-2-01150	تەپتىش قىلماق	headword	111_1R.png	unverified
D90-2-01151	تەپچە	headword	111_1R.png	unverified
D90-2-01152	تەپچۈلۈك	nonstandard	111_1R.png	unverified
D90-2-01174	تەپكۈچ	headword	113_1R.png	unverified
D90-2-01153	تەپچىتمەك	headword	111_1R.png	unverified
D90-2-01155	تەپچىرىمەك	headword	111_1R.png	unverified
D90-2-01156	تەپچىشمەك	headword	111_2L.png	unverified
D90-2-01157	تەپچىمەك	headword	111_2L.png	unverified
D90-2-01159	تەپرىقە	headword	111_2L.png	unverified
D90-2-01160	تەپرىقىچى	headword	111_2L.png	unverified
D90-2-01161	تەپرىقىچىلىك	headword	112_1R.png	unverified
D90-2-01162	تەپرىقىۋاز	headword	112_1R.png	unverified
D90-2-01163	تەپرىقىۋازلىق	headword	112_1R.png	unverified
D90-2-01164	تەپسىر	headword	112_1R.png	unverified
D90-2-01166	تەپسىرچى	headword	112_1R.png	unverified
D90-2-01167	تەپسىلات	headword	112_2L.png	unverified
D90-2-01168	تەپسىلىي	headword	112_2L.png	unverified
D90-2-01169	تەپكە	headword	112_2L.png	unverified
D90-2-01173	تەپكەلەك	headword	113_1R.png	unverified
D90-2-01175	تەپكۈچلىك	headword	113_1R.png	unverified
D90-2-01176	تەپمە	headword	113_1R.png	unverified
D90-2-01180	تەپمەك	headword	113_2L.png	unverified
D90-2-01181	تەشمە	headword	113_2L.png	unverified
D90-2-01182	تەپسە تەۋرىمەس	headword	113_2L.png	unverified
D90-2-01183	تەپمۇتەڭ	headword	114_1R.png	unverified
D90-2-01184	تەپمۇتەڭلىك	headword	114_1R.png	unverified
D90-2-01185	تەپىلە	headword	114_1R.png	unverified
D90-2-01186	تەتبىق	headword	114_1R.png	unverified
D90-2-01187	تەتبىق قىلماق	headword	114_1R.png	unverified
D90-2-01191	تەتبىقلىماق	headword	114_2L.png	unverified
D90-2-01188	تەتبىقلاتماق	headword	114_2L.png	unverified
D90-2-01189	تەتبىقلاشماق	headword	114_2L.png	unverified
D90-2-01190	تەتبىقلانماق	headword	114_2L.png	unverified
D90-2-01192	تەتقىق قىلماق	headword	114_2L.png	unverified
D90-2-01193	تەتقىقات	headword	114_2L.png	unverified
D90-2-01194	تەتقىقاتچى	headword	115_1R.png	unverified
D90-2-01195	تەتقىقاتچىلىق	headword	115_1R.png	unverified
D90-2-01196	تەتۈر	headword	115_1R.png	unverified
D90-2-01197	تەتۈر ئەمەل	headword	115_2L.png	unverified
D90-2-01198	تەتۈر بايان	headword	115_2L.png	unverified
D90-2-01199	تەتۈر پەلەك	headword	115_2L.png	unverified
D90-2-01200	تەتۈر پېشانە	headword	115_2L.png	unverified
D90-2-01201	تەتۈر تاناسىپ	headword	116_1R.png	unverified
D90-2-01203	تەتۈر ترىگونومېترىيىلىك فۇنكسىيە	headword	116_1R.png	unverified
D90-2-01204	تەتۈر تېمپېراتۇرا	headword	116_1R.png	unverified
D90-2-01205	تەتۈر تېئورېما	headword	116_1R.png	unverified
D90-2-01206	تەتۈر شامال	headword	116_2L.png	unverified
D90-2-01208	تەتۈر فۇنكسىيە	headword	116_2L.png	unverified
D90-2-01209	تەتۈر قارىماق	headword	116_2L.png	unverified
D90-2-01210	تەتۈر قۇيۇن	headword	117_1R.png	unverified
D90-2-01211	تەتۈر قۇيۇن چىقارماق	headword	117_1R.png	unverified
D90-2-01211-v1	تەتۈر شامال چىقارماق	variant	117_1R.png	unverified
D90-2-01212	تەتۈر نىسبەتلىك مۇناسىۋەت	headword	117_1R.png	unverified
D90-2-01213	تەتۈر ھاۋا قاينىمى	headword	117_2L.png	unverified
D90-2-01214	تەتۈر ھېساب ئالماق	headword	117_2L.png	unverified
D90-2-01215	تەتۈر ئوقۇر	headword	117_2L.png	unverified
D90-2-01217	تەتۈر ئۈزۈلمە	headword	118_1R.png	unverified
D90-2-01218	تەتۈر ئىسپاتلاش	headword	118_1R.png	unverified
D90-2-01219	تەتۈر ئىنقىلابچى	headword	118_1R.png	unverified
D90-2-01220	تەتۈر يول تۇتماق	headword	118_1R.png	unverified
D90-2-01221	تەتۈرلۈك	headword	118_1R.png	unverified
D90-2-01223	تەتۈرىچە	headword	118_2L.png	unverified
D90-2-01224	تەتىل	headword	118_2L.png	unverified
D90-2-01225	تەتىل قىلماق	headword	118_2L.png	unverified
D90-2-01226	تەتىللا	headword	118_2L.png	unverified
D90-2-01227	تەجەللى	headword	118_2L.png	unverified
D90-2-01228	تەجرىبە	headword	119_1R.png	unverified
D90-2-01229	تەجرىبە پېترولوگىيىسى	headword	119_1R.png	unverified
D90-2-01230	تەجرىبە پىسخولوگىيىسى	headword	119_1R.png	unverified
D90-2-01231	تەجرىبە تەتقىقاتچىلىقى	headword	119_2L.png	unverified
D90-2-01232	تەجرىبە دەرسى	headword	119_2L.png	unverified
D90-2-01233	تەجرىبە قىلماق	headword	119_2L.png	unverified
D90-2-01234	تەجرىبە مىنېرالوگىيىسى	headword	119_2L.png	unverified
D90-2-01235	تەجرىبە ئېتىزى	headword	120_1R.png	unverified
D90-2-01236	تەجرىبە-ساۋاق	headword	120_1R.png	unverified
D90-2-01237	تەجرىبىچىلىك	headword	120_1R.png	verified
D90-2-01238	تەجرىبىخانا	headword	120_2L.png	unverified
D90-2-01239	تەجرىبىسىز	headword	120_2L.png	unverified
D90-2-01240	تەجرىبىسىزلىك	headword	120_2L.png	unverified
D90-2-01241	تەجرىبىلىك	headword	120_2L.png	unverified
D90-2-01242	تەخ	headword	120_2L.png	unverified
D90-2-01243	تەخ بولماق	headword	120_2L.png	unverified
D90-2-01244	تەخ قىلماق	headword	120_2L.png	unverified
D90-2-01245	تەخەللۇس	headword	121_1R.png	unverified
D90-2-01246	تەخەللۇسلوق	headword	121_1R.png	unverified
D90-2-01247	تەخەي	headword	121_1R.png	unverified
D90-2-01248	تەخەيلىك	headword	121_1R.png	unverified
D90-2-01249	تەخەيلىمەك	headword	121_1R.png	unverified
D90-2-01250	تەخت	headword	121_1R.png	unverified
D90-2-01251	تەختتىن چۈشمەك	headword	121_2L.png	unverified
D90-2-01252	تەختكە چىقماق	headword	121_2L.png	unverified
D90-2-01253	تەختكە ئولتۇرماق	headword	121_2L.png	unverified
D90-2-01254	تەختلىك	headword	121_2L.png	unverified
D90-2-01255	تەختلىك سپورا	headword	122_1R.png	unverified
D90-2-01256	تەختىراۋان	headword	122_1R.png	unverified
D90-2-01257	تەختىراۋانچى	headword	122_1R.png	unverified
D90-2-01258	تەختىراۋانكەش	headword	122_1R.png	verified
D90-2-01259	تەخسە	headword	122_1R.png	unverified
D90-2-01262	تەخسىچى	headword	122_2L.png	unverified
D90-2-01263	تەخسىچىلىك	headword	122_2L.png	unverified
D90-2-01264	تەخسىرات	headword	122_2L.png	unverified
D90-2-01265	تەخسىراتقا كەتمەك	headword	122_2L.png	unverified
D90-2-01266	تەخسىكەش	headword	122_2L.png	unverified
D90-2-01267	تەخىكەشلىك	headword	123_1R.png	unverified
D90-2-01268	تەخسىلىك	headword	123_1R.png	unverified
D90-2-01269	تەخلەتمەك	headword	123_1R.png	unverified
D90-2-01270	تەخلەشمەك	headword	123_1R.png	unverified
D90-2-01271	تەخلەنمەك	headword	123_1R.png	unverified
D90-2-01272	تەخلىمەك	headword	123_1R.png	unverified
D90-2-01273	تەخمۇتەخ	headword	123_1R.png	unverified
D90-2-01274	تەخمىس	headword	123_2L.png	unverified
D90-2-01275	تەخمىن	headword	123_2L.png	unverified
D90-2-01277	تەخمىنەن	headword	123_2L.png	unverified
D90-2-01278	تەخمىنلەنمەك	headword	123_2L.png	unverified
D90-2-01279	تەخمىنلىمەك	headword	123_2L.png	unverified
D90-2-01280	تەخمىنىي	headword	124_1R.png	unverified
D90-2-01283	تەخىر	headword	124_1R.png	unverified
D90-2-01286	تەخىرسىز	headword	124_2L.png	unverified
D90-2-01287	تەخىرسىزلىك	headword	124_2L.png	unverified
D90-2-01288	تەدبىر	headword	124_2L.png	unverified
D90-2-01290	تەدبىرچان	headword	125_1R.png	unverified
D90-2-01291	تەدبىرسىز	headword	125_1R.png	unverified
D90-2-01292	تەدبىرسىزلىك	headword	125_1R.png	unverified
D90-2-01293	تەدبىرلىك	headword	125_1R.png	unverified
D90-2-01294	تەدرىجىي	headword	125_1R.png	unverified
D90-2-01296	تەر	headword	125_1R.png	unverified
D90-2-01297	تەر ئاققۇزماق	headword	125_2L.png	unverified
D90-2-01301	تەر تۆكمەك	headword	125_2L.png	unverified
D90-2-01298	تەر باسماق	headword	125_2L.png	unverified
D90-2-01299	تەر بېزى	headword	125_2L.png	unverified
D90-2-01300	تەر تۆشۈكى	headword	125_2L.png	unverified
D90-2-01307	تەراۋىم	headword	126_1R.png	unverified
D90-2-01308	تەرەپ	headword	126_1R.png	unverified
D90-2-01309	تەرەپ كۆرسەتكۈچ	headword	126_2L.png	unverified
D90-2-01310	تەرەپباز	headword	127_1R.png	unverified
D90-2-01311	تەرەپبازلىق	headword	127_1R.png	unverified
D90-2-01312	تەرەپ-تەرەپ	headword	127_1R.png	unverified
D90-2-01313	تەرەپدار	headword	127_1R.png	unverified
D90-2-01314	تەرەپدارلىقى	headword	127_2L.png	unverified
D90-2-01315	تەرەپلىك	headword	127_2L.png	unverified
D90-2-01316	تەرەپلىمە	headword	127_2L.png	unverified
D90-2-01317	تەرەپلىمىلىك	headword	127_2L.png	unverified
D90-2-01318	تەرەت	headword	127_2L.png	unverified
D90-2-01319	تەرەت سۇندۇرماق	headword	127_2L.png	unverified
D90-2-01321	تەرەت قىلماق	headword	128_1R.png	unverified
D90-2-01320	تەرەت قەغىزى	headword	127_2L.png	unverified
D90-2-01322	تەرەت لاتىسى	headword	128_1R.png	unverified
D90-2-01323	تەرىتى بوش	headword	128_1R.png	unverified
D90-2-01324	تەرىتى چىڭ	headword	128_1R.png	unverified
D90-2-01325	تەرىتىگە سۇ بەرمەك	headword	128_1R.png	unverified
D90-2-01326	تەرىتى ئورنىدا بولۇپ قالماق	headword	128_1R.png	unverified
D90-2-01327	تەرەتخانا	headword	128_1R.png	unverified
D90-2-01328	تەرەتسىز	headword	128_2L.png	unverified
D90-2-01329	تەرەتلىك	headword	128_2L.png	unverified
D90-2-01330	تەرەددۇت	headword	128_2L.png	unverified
D90-2-01331	تەرەددۇت قىلماق	headword	128_2L.png	unverified
D90-2-01332	تەرەددۇتسىز	headword	128_2L.png	unverified
D90-2-01333	تەرەددۇتسىزلىق	headword	128_2L.png	unverified
D90-2-01334	تەرەددۇتلانماق	headword	129_1R.png	unverified
D90-2-01335	تەرەققىي	headword	129_1R.png	unverified
D90-2-01336	تەرەققىي قىلماق	headword	129_1R.png	unverified
D90-2-01337	تەرەققىيات	headword	129_1R.png	unverified
D90-2-01338	تەرەققىيپەرۋەر	headword	129_1R.png	unverified
D90-2-01339	تەرەققىيپەرۋەرلىك	headword	129_2L.png	unverified
D90-2-01340	تەرەققىيلەشتۈرمەك	headword	129_2L.png	unverified
D90-2-01341	تەرەققىيلەشتۈرۈلمەك	headword	129_2L.png	unverified
D90-2-01342	تەرەققىيلەشمەك	headword	129_2L.png	unverified
D90-2-01343	تەرەڭ	headword	129_2L.png	unverified
D90-2-01344	تەرەڭلىك	headword	129_2L.png	unverified
D90-2-01346	تەرەنجىۋىل	headword	130_1R.png	unverified
D90-2-01347	تەرەننۇم	headword	130_1R.png	unverified
D90-2-01348	تەرەھھۇم	headword	130_1R.png	unverified
D90-2-01349	تەربىيە	headword	130_1R.png	unverified
D90-2-01350	تەربىيەت	headword	130_1R.png	unverified
D90-2-01351	تەربىيىچى	headword	130_1R.png	unverified
D90-2-01352	تەربىيىسىز	headword	130_2L.png	unverified
D90-2-01353	تەربىيىسىزلىك	headword	130_2L.png	unverified
D90-2-01354	تەربىيىلەتمەك	headword	130_2L.png	unverified
D90-2-01355	تەربىيىلەشمەك	headword	130_2L.png	unverified
D90-2-01356	تەربىيىلەنمەك	headword	130_2L.png	unverified
D90-2-01357	تەربىيىلىك	headword	130_2L.png	unverified
D90-2-01358	تەربىيىلىگۈچى	headword	130_2L.png	unverified
D90-2-01359	تەربىيىلىمەك	headword	131_1R.png	unverified
D90-2-01360	تەربىيىۋى	headword	131_1R.png	unverified
D90-2-01361	تەرتىپ	headword	131_1R.png	unverified
D90-2-01363	تەرتىپ-تۈزۈم	headword	131_2L.png	unverified
D90-2-01364	تەرتىپسىز	headword	131_2L.png	unverified
D90-2-01365	تەرتىپسىزلەشمەك	headword	131_2L.png	unverified
D90-2-01366	تەرتىپسىزلەنمەك	headword	131_2L.png	unverified
D90-2-01367	تەرتىپسىزلىك	headword	132_1R.png	unverified
D90-2-01368	تەرتىپلىك	headword	132_1R.png	unverified
D90-2-01369	تەرتىپ-ئىنتىزام	headword	132_1R.png	unverified
D90-2-01370	تەرجىمان	headword	132_1R.png	unverified
D90-2-01371	تەرجىمانلىق	headword	132_1R.png	unverified
D90-2-01372	تەرجىمە	headword	132_1R.png	unverified
D90-2-01374	تەرجىمىشۇناس	headword	132_2L.png	unverified
D90-2-01375	تەرجىمىشۇناسلىق	headword	132_2L.png	unverified
D90-2-01376	تەرجىمىچىلىك	headword	132_2L.png	unverified
D90-2-01377	تەرجىمىھال	headword	132_2L.png	verified
D90-2-01378	تەرجىئىبەند	headword	132_2L.png	unverified
D90-2-01379	تەرخەمەك	headword	132_2L.png	unverified
D90-2-01380	تەرخەمەكلىك	headword	133_1R.png	unverified
D90-2-01381	تەرز	headword	133_1R.png	unverified
D90-2-01382	تەرزدە	headword	133_1R.png	unverified
D90-2-01383	تەرسا	headword	133_1R.png	unverified
D90-2-01384	تەرسالاشماق	headword	133_1R.png	unverified
D90-2-01385	تەرسالىق	headword	133_1R.png	unverified
D90-2-01386	تەرغىبات	headword	133_2L.png	unverified
D90-2-01387	تەرغىباتچى	headword	133_2L.png	unverified
D90-2-01388	تەرغىباتچىلىق	headword	133_2L.png	unverified
D90-2-01389	تەرغىپ	headword	133_2L.png	unverified
D90-2-01390	تەركى	headword	134_1R.png	unverified
D90-2-01391	تەرك ئەتمەك	headword	134_1R.png	unverified
D90-2-01392	تەرك قىلماق	headword	134_1R.png	unverified
D90-2-01393	تەركىب	headword	134_1R.png	unverified
D90-2-01394	تەركىبباز	headword	134_1R.png	verified
D90-2-01395	تەركىببازلىق	headword	134_1R.png	unverified
D90-2-01396	تەركىبىي	headword	134_2L.png	unverified
D90-2-01397	تەركىجاھان	headword	134_2L.png	unverified
D90-2-01398	تەركىدۇنيا	headword	134_2L.png	unverified
D90-2-01399	تەركىدۇنياچىلىق	headword	135_1R.png	unverified
D90-2-01400	تەركىدۇنيالىق	headword	135_1R.png	unverified
D90-2-01401	تەرگا	headword	135_1R.png	unverified
D90-2-01402	تەرگەشمەك	headword	135_1R.png	unverified
D90-2-01403	تەرگەلمەك	headword	135_1R.png	unverified
D90-2-01404	تەرگەن-تۈگكەن	headword	135_1R.png	unverified
D90-2-01405	تەرگەۋ	headword	135_1R.png	unverified
D90-2-01406	تەرگەۋ قىلماق	headword	135_2L.png	unverified
D90-2-01407	تەرگەۋچى	headword	135_2L.png	unverified
D90-2-01408	تەرگەۋچىلىك	headword	135_2L.png	unverified
D90-2-01409	تەرگەۋسىز	headword	135_2L.png	unverified
D90-2-01410	تەرگۈزمەك	headword	135_2L.png	unverified
D90-2-01411	تەرگۈزۈلمەك	headword	135_2L.png	unverified
D90-2-01412	تەرگىمەك	headword	135_2L.png	unverified
D90-2-01413	تەرلەپ-پىشىپ	headword	135_2L.png	unverified
D90-2-01414	تەرلەپ-تەپچىرەپ	headword	136_1R.png	unverified
D90-2-01415	تەرلەتمەك	headword	136_1R.png	unverified
D90-2-01416	تەرلەنمەك	headword	136_1R.png	unverified
D90-2-01417	تەرلىك	headword	136_1R.png	unverified
D90-2-01418	تەرلىمەك	headword	136_2L.png	unverified
D90-2-01419	تەرمە	headword	136_2L.png	verified
D90-2-01420	تەرمەچ	headword	136_2L.png	unverified
D90-2-01421	تەرمەك	headword	136_2L.png	unverified
D90-2-01422	تەرمىلەر	headword	136_2L.png	unverified
D90-2-01423	تەرۋاز	headword	137_1R.png	unverified
D90-2-01424	تەرىپ	headword	137_1R.png	unverified
D90-2-01425	تەرىپىنى قىلماق	headword	137_1R.png	unverified
D90-2-01426	تەرىپلەتمە	headword	137_1R.png	unverified
D90-2-01427	تەرىپلەشمەك	headword	137_1R.png	unverified
D90-2-01428	تەرىپلەنمەك	headword	137_1R.png	unverified
D90-2-01429	تەرىپلىمەك	headword	137_2L.png	unverified
D90-2-01430	تەرىقە	headword	137_2L.png	unverified
D90-2-01431	تەرىقىدە	headword	137_2L.png	verified
D90-2-01432	تەزدۈرمەك	headword	137_2L.png	unverified
D90-2-01433	تەزدۈرۈلمە	headword	138_1R.png	unverified
D90-2-01434	تەزكىرە	headword	138_1R.png	unverified
D90-2-01435	تەزكىرىچى	headword	138_1R.png	unverified
D90-2-01436	تەزكىرىچىلىك	headword	138_1R.png	unverified
D90-2-01437	تەزمەك	headword	138_1R.png	unverified
D90-2-01438	تەزىم	headword	138_1R.png	unverified
D90-2-01440	تەزىيە	headword	138_2L.png	verified
D90-2-01441	تەزىيە بىلدۈرمەك	headword	138_2L.png	unverified
D90-2-01442	تەزىيە سۆزى	headword	138_2L.png	unverified
D90-2-01443	تەزىيە نۇتۇقى	headword	138_2L.png	unverified
D90-2-01444	تەزىيەدە تۇرماق	headword	138_2L.png	unverified
D90-2-01445	تەزىيەنامە	headword	138_2L.png	verified
D90-2-01446	تە س	headword	138_2L.png	unverified
D90-2-01447	تەسكە توختىماق	headword	139_1R.png	unverified
D90-2-01448	تەسكە چۈشمەك	headword	139_1R.png	unverified
D90-2-01449	تەس كۈنگە قالماق	headword	139_1R.png	unverified
D90-2-01450	تەس گەپ	headword	139_1R.png	unverified
D90-2-01451	تەسەددۇق	headword	139_1R.png	unverified
D90-2-01452	تەسەددۇق قىلماق	headword	139_1R.png	unverified
D90-2-01453	تەسەررۇپ	headword	139_2L.png	unverified
D90-2-01454	تەسەللا	headword	139_2L.png	unverified
D90-2-01455	تەسەللى	headword	139_2L.png	unverified
D90-2-01456	تەسەللى مۇسابىقىسى	headword	140_1R.png	unverified
D90-2-01457	تەسەللى ئېيتماق	headword	140_1R.png	unverified
D90-2-01457-v1	تەسەللى بەرمەك	variant	140_1R.png	unverified
D90-2-01458	تەسەۋۋۇپ	headword	140_1R.png	unverified
D90-2-01459	تەسەۋۋۇپچى	headword	140_1R.png	unverified
D90-2-01460	تەسەۋۋۇپچىلىق	headword	140_1R.png	unverified
D90-2-01461	تەسەۋۋۇر	headword	140_1R.png	unverified
D90-2-01462	تەسەۋۋۇر خىيال	headword	140_2L.png	unverified
D90-2-01463	تەسەۋۋۇر قىلماق	headword	140_2L.png	unverified
D90-2-01464	تەسەۋۋۇر كۈچى	headword	140_2L.png	unverified
D90-2-01465	تەسەۋۋۇر ئىقتىدارى	headword	140_2L.png	unverified
D90-2-01466	تەستەك	headword	141_1R.png	unverified
D90-2-01467	تەستەكلەتمەك	headword	141_1R.png	unverified
D90-2-01468	تەستەكلەشمەك	headword	141_1R.png	unverified
D90-2-01469	تەستەكلەنمەك	headword	141_1R.png	unverified
D90-2-01470	تەستەكلىمەك	headword	141_1R.png	unverified
D90-2-01471	تەستىق	headword	141_1R.png	unverified
D90-2-01472	تەستىق سالماق	headword	141_1R.png	unverified
D90-2-01477	تەستىقلىماق	headword	141_2L.png	unverified
D90-2-01473	تەستىق سۆزى	headword	141_1R.png	unverified
D90-2-01474	تەستىقلاتماق	headword	141_2L.png	unverified
D90-2-01475	تەستىقلاشماق	headword	141_2L.png	unverified
D90-2-01476	تەستىقلىنماق	headword	141_2L.png	unverified
D90-2-01478	تەستىقىي	headword	142_1R.png	unverified
D90-2-01482	تەسكەن	headword	142_1R.png	unverified
D90-2-01484	تەسكەي	headword	142_1R.png	unverified
D90-2-01486	تەسكىن	headword	142_2L.png	unverified
D90-2-01487	تەسكىن تاپماق	headword	142_2L.png	unverified
D90-2-01488	تەسلەشتۈرمەك	headword	142_2L.png	unverified
D90-2-01489	تەسلەشتۈرۈلمەك	headword	142_2L.png	unverified
D90-2-01490	تەسلەشمەك	headword	142_2L.png	unverified
D90-2-01491	تەسلىك	headword	142_2L.png	unverified
D90-2-01492	تەسلىم	headword	143_1R.png	unverified
D90-2-01493	تەسلىم بولماق	headword	143_1R.png	unverified
D90-2-01494	تەسلىم قىلماق	headword	143_1R.png	unverified
D90-2-01495	تەسلىمچى	headword	143_1R.png	unverified
D90-2-01496	تەسلىمچىلىك	headword	143_2L.png	verified
D90-2-01497	تەسلىمنامە	headword	143_2L.png	unverified
D90-2-01498	تەسۋى	headword	143_2L.png	unverified
D90-2-01499	تەسۋى تارتاق	headword	143_2L.png	unverified
D90-2-01500	تەسۋى سىيرىماق	headword	143_2L.png	unverified
D90-2-01501	تەسۋىر	headword	144_1R.png	unverified
D90-2-01502	تەسۋىر كۆرسەتكۈچ لامپا	headword	144_1R.png	unverified
D90-2-01503	تەسۋىر يېيىش	headword	144_1R.png	unverified
D90-2-01504	تەسۋىرلەتمەك	headword	144_1R.png	unverified
D90-2-01505	تەسۋىرلەش	headword	144_1R.png	unverified
D90-2-01506	تەسۋىرلەشمەك	headword	144_2L.png	unverified
D90-2-01507	تەسۋىرلەنمەك	headword	144_2L.png	unverified
D90-2-01508	تەسۋىرلىمەك	headword	144_2L.png	unverified
D90-2-01509	تەسۋىرىي	headword	144_2L.png	unverified
D90-2-01510	تەسۋىسمان	headword	144_2L.png	unverified
D90-2-01511	تەسۋىقوناق	headword	144_2L.png	unverified
D90-2-01512	تەسىر	headword	145_1R.png	unverified
D90-2-01517	تەسىرات	headword	145_2L.png	unverified
D90-2-01518	تەسىرچان	headword	145_2L.png	unverified
D90-2-01519	تەسىرچانلىق	headword	145_2L.png	unverified
D90-2-01520	تەسىرلەندۈرمەك	headword	145_2L.png	unverified
D90-2-01521	تەسىرلەنمەك	headword	146_1R.png	unverified
D90-2-01522	تەسىرلىك	headword	146_1R.png	unverified
D90-2-01523	تەسىس	headword	146_1R.png	unverified
D90-2-01524	تەسىس قىلماق	headword	146_1R.png	unverified
D90-2-01525	تەشەببۇس	headword	146_2L.png	unverified
D90-2-01526	تەشەببۇس قىلماق	headword	146_2L.png	unverified
D90-2-01527	تەشەببۇسچان	headword	146_2L.png	unverified
D90-2-01531	تەشەببۇسكار	headword	146_2L.png	unverified
D90-2-01528	تەشەببۇسچانلىق	headword	146_2L.png	unverified
D90-2-01529	تەشەببۇسچى	headword	146_2L.png	unverified
D90-2-01530	تەشەببۇسچىلىق	headword	146_2L.png	unverified
D90-2-01532	تەشەببۇسكارلىق	headword	147_1R.png	unverified
D90-2-01533	تەشەببۇسنامە	headword	147_1R.png	verified
D90-2-01534	تەشەككۈر	headword	147_1R.png	unverified
D90-2-01537	تەشەككۈرنامە	headword	147_2L.png	unverified
D90-2-01538	تەشتەك	headword	147_2L.png	unverified
D90-2-01539	تەشتۈرمەك	headword	147_2L.png	unverified
D90-2-01540	تەشتۈرۈلمەك	headword	147_2L.png	unverified
D90-2-01541	تەشخىس	headword	147_2L.png	unverified
D90-2-01541-v1	دىئاگنوز	variant	147_2L.png	unverified
D90-2-01542	تەشكىلات	headword	147_2L.png	unverified
D90-2-01543	تەشكۈچى	headword	147_2L.png	unverified
D90-2-01545	تەشكىل	headword	148_1R.png	unverified
D90-2-01551	تەشكىلاتچى	headword	148_2L.png	unverified
D90-2-01552	تەشكىلاتچىلىق	headword	148_2L.png	unverified
D90-2-01553	تەشكىلچان	headword	148_2L.png	unverified
D90-2-01554	تەشكىلچانلىق	headword	148_2L.png	unverified
D90-2-01555	تەشكىلسىز	headword	149_1R.png	unverified
D90-2-01556	تەشكىلسىزلىك	headword	149_1R.png	unverified
D90-2-01557	تەشكىللەتمەك	headword	149_1R.png	unverified
D90-2-01558	تەشكىللەشتۈرمەك	headword	149_1R.png	unverified
D90-2-01559	تەشكىللەشتۈرۈلمەك	headword	149_1R.png	unverified
D90-2-01560	تەشكىللەنمەك	headword	149_1R.png	unverified
D90-2-01561	تەشكىللىك	headword	149_2L.png	unverified
D90-2-01562	تەشكىللىمەك	headword	149_2L.png	unverified
D90-2-01563	تەشكىلىي	headword	149_2L.png	unverified
D90-2-01566	تەشمەك	headword	150_1R.png	unverified
D90-2-01567	تەشنا	headword	150_1R.png	unverified
D90-2-01569	تەشنالىق	headword	150_2L.png	unverified
D90-2-01570	تەشۋىش	headword	150_2L.png	unverified
D90-2-01571	تەشۋىش چەكمەك	headword	150_2L.png	unverified
D90-2-01575	تەشۋىشلەنمەك	headword	151_1R.png	unverified
D90-2-01572	تەشۋىش قىلماق	headword	150_2L.png	unverified
D90-2-01573	تەشۋىشسىز	headword	150_2L.png	unverified
D90-2-01574	تەشۋىشلەندۈرمەك	headword	150_2L.png	unverified
D90-2-01576	تەشۋىشلىك	headword	151_1R.png	unverified
D90-2-01577	تەشۋىق	headword	151_1R.png	unverified
D90-2-01578	تەشۋىق قىلماق	headword	151_1R.png	unverified
D90-2-01579	تەشۋىقات	headword	151_2L.png	unverified
D90-2-01580	تەشۋىقاتچى	headword	151_2L.png	unverified
D90-2-01581	تەشۋىقاتچىلىق	headword	151_2L.png	unverified
D90-2-01582	تەشۋىق-تەربىيە	headword	151_2L.png	unverified
D90-2-01583	تەشۋىق-تەرغىپ	headword	151_2L.png	unverified
D90-2-01584	تەشۋىقىي	headword	151_2L.png	unverified
D90-2-01585	تەق	nonstandard	151_2L.png	unverified
D90-2-01586	تەقەززا	headword	151_2L.png	unverified
D90-2-01587	تەقەززا بولماق	headword	152_1R.png	unverified
D90-2-01588	تەقەززا قىلماق	headword	152_1R.png	unverified
D90-2-01589	تەقەززالانماق	headword	152_1R.png	unverified
D90-2-01590	تەقەززالىق	headword	152_1R.png	unverified
D90-2-01591	تەقدىر	headword	152_2L.png	unverified
D90-2-01594	تەقدىر-تەنقىد	headword	153_1R.png	unverified
D90-2-01595	تەقدىرچىلىك	headword	153_1R.png	unverified
D90-2-01596	تەقدىرداش	headword	153_1R.png	unverified
D90-2-01597	تەقدىردە	headword	153_1R.png	unverified
D90-2-01598	تەقدىرنامە	headword	153_1R.png	unverified
D90-2-01599	تەقدىرلەشمەك	headword	153_2L.png	unverified
D90-2-01600	تەقدىرلەنمەك	headword	153_2L.png	unverified
D90-2-01601	تەقدىرلىمەك	headword	153_2L.png	unverified
D90-2-01602	تەقدىم	headword	153_2L.png	unverified
D90-2-01603	تەقدىم قىلماق	headword	153_2L.png	unverified
D90-2-01604	تەقرىبىي	headword	154_1R.png	unverified
D90-2-01605	تەقرىز	headword	154_1R.png	unverified
D90-2-01606	تەقرىزچى	headword	154_1R.png	unverified
D90-2-01607	تەقرىزچىلىك	headword	154_1R.png	unverified
D90-2-01608	تەقسىر	headword	154_1R.png	verified
D90-2-01609	تەقسىم	headword	154_1R.png	unverified
D90-2-01610	تەقسىم سان	headword	154_2L.png	verified
D90-2-01611	تەقسىم قىلماق	headword	154_2L.png	unverified
D90-2-01612	تەقسىمات	headword	154_2L.png	unverified
D90-2-01613	تەقسىملەتمەك	headword	154_2L.png	unverified
D90-2-01614	تەقسىملەشمەك	headword	154_2L.png	unverified
D90-2-01615	تەقسىملەنمەك	headword	154_2L.png	unverified
D90-2-01616	تەقسىملىمەك	headword	155_1R.png	unverified
D90-2-01617	تەققاس	headword	155_1R.png	unverified
D90-2-01618	تەققاس قىلماق	headword	155_1R.png	unverified
D90-2-01619	تەققاسلىماق	headword	155_1R.png	unverified
D90-2-01620	تەقلىد	headword	155_1R.png	unverified
D90-2-01623	تەقلىد قىلماق	headword	155_2L.png	unverified
D90-2-01624	تەقلىدتە	headword	155_2L.png	unverified
D90-2-01625	تەقلىدچى	headword	155_2L.png	unverified
D90-2-01626	تەقلىدچىلىك	headword	156_1R.png	unverified
D90-2-01627	تەقلىدىي	headword	156_1R.png	unverified
D90-2-01630	تەقۋا	headword	156_2L.png	verified
D90-2-01631	تەقۋادار	headword	156_2L.png	unverified
D90-2-01632	تەقۋادارلىق	headword	157_1R.png	unverified
D90-2-01633	تەقىب	headword	157_1R.png	unverified
D90-2-01634	تەقىب قىلماق	headword	157_1R.png	unverified
D90-2-01637	تەقىبلىمەك	headword	157_2L.png	unverified
D90-2-01635	تەقىبلەشمەك	headword	157_1R.png	verified
D90-2-01636	تەقىبلەنمەك	headword	157_2L.png	verified
D90-2-01638	تەقى-تۇرقى	headword	157_2L.png	unverified
D90-2-01639	تەقىيە	headword	157_2L.png	unverified
D90-2-01640	تەك	headword	157_2L.png	unverified
D90-2-01641	تەكامىل	nonstandard	157_2L.png	unverified
D90-2-01642	تەكەببۇر	headword	157_2L.png	unverified
D90-2-01643	تەكەببۇرانە	headword	158_1R.png	unverified
D90-2-01644	تەكەببۇرلاشتۇرماق	headword	158_1R.png	unverified
D90-2-01645	تەكەببۇرلاشماق	headword	158_1R.png	unverified
D90-2-01646	تەكەببۇرلۇق	headword	158_1R.png	unverified
D90-2-01647	تەكەلدۈرۈك	headword	158_1R.png	unverified
D90-2-01647-v1	ئودا	variant	158_1R.png	unverified
D90-2-01648	تەكەللۇپ	headword	158_1R.png	unverified
D90-2-01649	تەكەللۇپ قىلماق	headword	158_1R.png	unverified
D90-2-01650	تەكەللۇپچان	headword	158_2L.png	unverified
D90-2-01651	تەكەللۇپچى	headword	158_2L.png	unverified
D90-2-01652	تەكەللۇپسىز	headword	158_2L.png	unverified
D90-2-01653	تەكەللۇپلۇق	headword	158_2L.png	unverified
D90-2-01654	تەكەللۇم	headword	158_2L.png	unverified
D90-2-01655	تەكبىر	headword	158_2L.png	unverified
D90-2-01656	تەكبىر ئوقۇماق	headword	159_1R.png	unverified
D90-2-01657	تەكبىر ئېيتماق	headword	159_1R.png	unverified
D90-2-01658	تەكت	headword	159_1R.png	unverified
D90-2-01658-i1	تەكتى	inflected	159_1R.png	unverified
D90-2-01660	تەكتىگە يەتمەك	headword	159_1R.png	unverified
D90-2-01661	تەكچە	headword	159_2L.png	unverified
D90-2-01662	تەكرار	headword	159_2L.png	verified
D90-2-01663	تەكرار تېرىماق	headword	159_2L.png	verified
D90-2-01664	تەكرار قىلماق	headword	159_2L.png	unverified
D90-2-01673	تەكرارلىماق	headword	160_2L.png	unverified
D90-2-01665	تەكرار مۇسابىقە	headword	159_2L.png	verified
D90-2-01666	تەكرارەن	headword	160_1R.png	unverified
D90-2-01667	تەكرارلاتماق	headword	160_1R.png	unverified
D90-2-01668	تەكرارلاش	headword	160_1R.png	unverified
D90-2-01671	تەكرارلاشماق	headword	160_1R.png	unverified
D90-2-01672	تەكرارلانماق	headword	160_2L.png	unverified
D90-2-01674	تەكسە	headword	160_2L.png	unverified
D90-2-01675	تەكسە باھا	headword	160_2L.png	unverified
D90-2-01676	تەكشۈرتكۈزمەك	headword	160_2L.png	unverified
D90-2-01677	تەكشۈرتمەك	headword	160_2L.png	unverified
D90-2-01678	تەكشۈرۈشمەك	headword	161_1R.png	unverified
D90-2-01679	تەكشۈرمەك	headword	161_1R.png	unverified
D90-2-01680	تەكشۈرۈلمەك	headword	161_1R.png	unverified
D90-2-01681	تەكشى	headword	161_2L.png	unverified
D90-2-01683	تەكشىسىز	headword	161_2L.png	unverified
D90-2-01684	تەكشسىزلىك	headword	162_1R.png	unverified
D90-2-01685	تەكشىلەتمەك	headword	162_1R.png	unverified
D90-2-01686	تەكشىلەنمەك	headword	162_1R.png	unverified
D90-2-01687	تەكشىلىتىلمەك	headword	162_1R.png	unverified
D90-2-01688	تەكشىلىك	headword	162_1R.png	unverified
D90-2-01690	تەكشىلىمەك	headword	162_1R.png	unverified
D90-2-01691	تەكلىپ	headword	162_2L.png	unverified
D90-2-01692	تەكلىپ قىلماق	headword	162_2L.png	unverified
D90-2-01694	تەكلىپنامە	headword	163_1R.png	unverified
D90-2-01695	تەكلىك	headword	163_1R.png	unverified
D90-2-01696	تەكىتلەش	headword	163_1R.png	unverified
D90-2-01697	تەكىتلىمەك	headword	163_1R.png	unverified
D90-2-01698	تەكىتلەنمەك	headword	163_1R.png	verified
D90-2-01699	تەكىيە	headword	163_1R.png	unverified
D90-2-01701	تەكىيە ياغاچ	headword	163_2L.png	verified
D90-2-01701-v1	شپال	variant	163_2L.png	verified
D90-2-01702	تەكىيىسىمان سەپ	headword	163_2L.png	unverified
D90-2-01703	تەكىيىسىمان تۈزۈلمە	headword	163_2L.png	unverified
D90-2-01704	تەگ	headword	163_2L.png	unverified
D90-2-01705	تېگى	headword	164_1R.png	unverified
D90-2-01706	تېگى بار گەپ	headword	164_1R.png	unverified
D90-2-01707	تېگى بوش	headword	164_1R.png	unverified
D90-2-01708	تېگى بۇزۇق	headword	164_1R.png	unverified
D90-2-01709	تېگى پەس	headword	164_1R.png	unverified
D90-2-01710	تېگى يوق	headword	164_2L.png	unverified
D90-2-01711	تەگبىر	nonstandard	164_2L.png	unverified
D90-2-01712	تەگدۈرمەك	headword	164_2L.png	unverified
D90-2-01713	تەگدۈرۈلمەك	headword	164_2L.png	unverified
D90-2-01714	تەگسىز	headword	164_2L.png	unverified
D90-2-01715	تەگكۈزمەك	headword	164_2L.png	unverified
D90-2-01716	تەگكۈزۈلمەك	headword	165_1R.png	unverified
D90-2-01717	تەگلىك	headword	165_1R.png	unverified
D90-2-01718	تەگمەك	headword	165_1R.png	unverified
D90-2-01723	تەگمىش	headword	166_1R.png	unverified
D90-2-01724	تەگۋاز	headword	166_1R.png	unverified
D90-2-01725	تەڭ	headword	166_1R.png	verified
D90-2-01726	تەڭ ئايرىملىق قاتار	headword	166_2L.png	unverified
D90-2-01727	تەڭ بولماق	headword	166_2L.png	unverified
D90-2-01728	تەڭ بېسىم سىزىقى	headword	166_2L.png	unverified
D90-2-01729	تەڭ بېسىملىق جەريان	headword	167_1R.png	unverified
D90-2-01730	تەڭ تەرەپلىك ئۈچ بۇلۇڭ	headword	167_1R.png	unverified
D90-2-01731	تەڭ تەقسماتچىلىق	headword	167_1R.png	unverified
D90-2-01732	تەڭ تۇرماق	headword	167_1R.png	unverified
D90-2-01733	تەڭ تېمپېراتۇرا سىزىقى	headword	167_1R.png	verified
D90-2-01734	تەڭ دانلىق تۈزۈلمە	headword	167_1R.png	unverified
D90-2-01735	تەڭ شەكىللەر	headword	167_1R.png	unverified
D90-2-01736	تەڭ شېرىك	headword	167_2L.png	unverified
D90-2-01737	تەڭ شېرىك بولماق	headword	167_2L.png	unverified
D90-2-01738	تەڭ قۇرام	headword	167_2L.png	unverified
D90-2-01739	تەڭ قېلىنلىق سىزىقى	headword	167_2L.png	unverified
D90-2-01740	تەڭ قىلماق	headword	167_2L.png	unverified
D90-2-01741	تەڭ قىممەتتە ئالماشتۇرۇش	headword	167_2L.png	unverified
D90-2-01742	تەڭ قىممەت سىزىقى	headword	168_1R.png	unverified
D90-2-01743	تەڭ كەلمەك	headword	168_1R.png	unverified
D90-2-01744	تەڭ كۆرمەك	headword	168_1R.png	unverified
D90-2-01745	تەڭ كۆزدە قارىماق	headword	168_1R.png	unverified
D90-2-01746	تەڭ نەملىك سىزىقى	headword	168_2L.png	unverified
D90-2-01747	تەڭ نىسبەتلىك سانلار ئارقىمۇئارقىلىقى	headword	168_2L.png	unverified
D90-2-01748	تەڭ نىسبەتلىك قاتار	headword	168_2L.png	unverified
D90-2-01749	تەڭ ھەجىملىك جەريان	headword	168_2L.png	unverified
D90-2-01750	تەڭ ھەجىملىك جەسىملار	headword	168_2L.png	unverified
D90-2-01778	تەڭداش جىسىملار	headword	171_2L.png	unverified
D90-2-01751	تەڭ ھوقۇقسىز شەرتنامە	headword	168_2L.png	unverified
D90-2-01752	تەڭ ئورتاق	headword	169_1R.png	unverified
D90-2-01753	تەڭ ئورۇنلۇق گېن	headword	169_1R.png	unverified
D90-2-01754	تەڭ ئوقلۇق كرىستال سىستېمىسى	headword	169_1R.png	unverified
D90-2-01755	تەڭ ئويۇن	headword	169_1R.png	unverified
D90-2-01756	تەڭ ئېگىزلىك سىزىقى	headword	169_1R.png	unverified
D90-2-01757	تەڭ يانلىق تراپېتسىيە	headword	169_2L.png	unverified
D90-2-01758	تەڭ يانلىق ئۈچ بۇلۇڭ	headword	169_2L.png	unverified
D90-2-01759	تەڭ يۈزلۈك شەكىللەر	headword	169_2L.png	unverified
D90-2-01779	تەڭداش شەكىللەر	headword	171_2L.png	unverified
D90-2-01760	تەڭ يېرىم	headword	169_2L.png	unverified
D90-2-01761	تەڭ يېغىن سىزىقى	headword	169_2L.png	unverified
D90-2-01762	تەڭ-باراۋەر	headword	169_2L.png	unverified
D90-2-01763	تەڭباسقۇ	headword	169_2L.png	verified
D90-2-01764	تەڭپۇڭ	headword	170_1R.png	unverified
D90-2-01766	تەڭپۇڭسىز	headword	170_1R.png	unverified
D90-2-01767	تەڭپۇڭسىزلىق	headword	170_1R.png	unverified
D90-2-01768	تەڭپۇڭسىزلانماق	headword	170_1R.png	unverified
D90-2-01769	تەڭپۇڭلاشتۇرماق	headword	170_1R.png	unverified
D90-2-01770	تەڭپۇڭلاشتۇرۇلماق	headword	170_1R.png	unverified
D90-2-01771	تەڭپۇڭلاشماق	headword	170_2L.png	unverified
D90-2-01772	تەڭپۇڭلۇق	headword	170_2L.png	unverified
D90-2-01776	تەڭتۇش	headword	171_1R.png	unverified
D90-2-01777	تەڭداش	headword	171_1R.png	unverified
D90-2-01780	تەڭداش كۈچەيتىلمە	headword	171_2L.png	unverified
D90-2-01781	تەڭداش مۇناسىۋەت	headword	171_2L.png	unverified
D90-2-01782	تەڭداش ئۇقۇم	headword	171_2L.png	unverified
D90-2-01783	تەڭداشسىز	headword	171_2L.png	unverified
D90-2-01784	تەڭداشلىق	headword	171_2L.png	unverified
D90-2-01785	تەڭدېمەت	headword	172_1R.png	verified
D90-2-01786	تەڭدېمەتلىك	headword	172_1R.png	unverified
D90-2-01787	تەڭرى	headword	172_1R.png	unverified
D90-2-01788	تەڭرىقۇت	headword	172_1R.png	unverified
D90-2-01789	تەڭسىز	headword	172_1R.png	unverified
D90-2-01790	تەڭسىزلىك	headword	172_1R.png	unverified
D90-2-01791	تەڭشەتمەك	headword	172_2L.png	unverified
D90-2-01792	تەڭشەشمەك	headword	172_2L.png	unverified
D90-2-01793	تەڭشەك	headword	172_2L.png	unverified
D90-2-01794	تەڭشەكلىك	headword	173_1R.png	unverified
D90-2-01795	تەڭشەلمەلە	headword	173_1R.png	unverified
D90-2-01796	تەڭشەلمىگەن	headword	173_1R.png	unverified
D90-2-01797	تەڭشىگۈچ	headword	173_1R.png	unverified
D90-2-01798	تەڭشىگۈچ تۆشۈك	headword	173_2L.png	unverified
D90-2-01799	تەڭشىگۈچ گېن	headword	173_2L.png	unverified
D90-2-01800	تەڭشىمە	headword	173_2L.png	unverified
D90-2-01802	تەڭشىمەك	headword	173_2L.png	unverified
D90-2-01803	تەڭقۇر	headword	174_1R.png	verified
D90-2-01804	تەڭقۇرام	headword	174_1R.png	verified
D90-2-01805	تەڭقۇراملىق	headword	174_1R.png	unverified
D90-2-01806	تەڭقىس	headword	174_1R.png	unverified
D90-2-01807	تەڭقىس بولماق	headword	174_2L.png	unverified
D90-2-01808	تەڭقىسلىق	headword	174_2L.png	unverified
D90-2-01809	تەڭكەش	headword	174_2L.png	unverified
D90-2-01811	تەڭكەشلەنمەك	headword	175_1R.png	unverified
D90-2-01812	تەڭكەشلىمەك	headword	175_1R.png	unverified
D90-2-01813	تەڭگە	headword	175_1R.png	unverified
D90-2-01814	تەڭگە موخ	headword	175_1R.png	unverified
D90-2-01815	تەڭگە-تىللا	headword	175_1R.png	unverified
D90-2-01816	تەڭگىتەمرەتكە	headword	175_2L.png	unverified
D90-2-01817	تەڭگىچە	headword	175_2L.png	unverified
D90-2-01821	تەڭگىچە يوپۇرماق	headword	176_1R.png	unverified
D90-2-01822	تەڭگىچە يوپۇرماق ئىزى	headword	176_1R.png	unverified
D90-2-01823	تەڭگىلىك	headword	176_1R.png	unverified
D90-2-01824	تەڭگىيوپۇرماق	headword	176_1R.png	unverified
D90-2-01825	تەڭلەشتۈرمەك	headword	176_2L.png	unverified
D90-2-01826	تەڭلەشتۈرۈلمەك	headword	176_2L.png	unverified
D90-2-01827	تەڭلەشمەك	headword	176_2L.png	unverified
D90-2-01828	تەڭلەنمەك	headword	176_2L.png	unverified
D90-2-01829	تەڭلىك	headword	176_2L.png	unverified
D90-2-01830	تەڭلىك بەلگىسى	headword	177_1R.png	unverified
D90-2-01831	تەڭلىك تارتماق	headword	177_1R.png	unverified
D90-2-01832	تەڭلىكتە قالماق	headword	177_1R.png	unverified
D90-2-01833	تەڭلىكتە قويماق	headword	177_1R.png	unverified
D90-2-01834	تەڭلىكتىن چىقارماق	headword	177_2L.png	unverified
D90-2-01835	تەڭلىككە سالماق	headword	177_2L.png	unverified
D90-2-01836	تەڭلىمات	headword	177_2L.png	unverified
D90-2-01837	تەڭلىمە	headword	177_2L.png	unverified
D90-2-01839	تەڭلىمەك	headword	177_2L.png	unverified
D90-2-01840	تەڭمۇتەڭ	headword	178_1R.png	unverified
D90-2-01841	تەڭنە	headword	178_1R.png	unverified
D90-2-01842	تەل	headword	178_1R.png	unverified
D90-2-01843	تەل بولماق	headword	178_1R.png	unverified
D90-2-01844	تەل قىلماق	headword	178_1R.png	unverified
D90-2-01845	تەلە	headword	178_2L.png	unverified
D90-2-01846	تەلە ئوقۇماق	headword	178_2L.png	unverified
D90-2-01847	تەلەپ	headword	178_2L.png	unverified
D90-2-01848	تەلەپپۇز	headword	179_1R.png	unverified
D90-2-01851	تەلەپچان	headword	179_1R.png	unverified
D90-2-01852	تەلەپچانلىق	headword	179_1R.png	unverified
D90-2-01853	تەلەپكار	headword	179_2L.png	unverified
D90-2-01854	تەلەپكارلىق	headword	179_2L.png	unverified
D90-2-01855	تەلەپنامە	headword	179_2L.png	unverified
D90-2-01856	تەلەت	headword	179_2L.png	unverified
D90-2-01857	تەلەتى بۇزۇق	headword	180_1R.png	unverified
D90-2-01861	تەلەتى يامان	headword	180_1R.png	unverified
D90-2-01858	تەلەتىدىن مۇز ياغىدىغان	headword	180_1R.png	unverified
D90-2-01859	تەلەتى سۆرۈن	headword	180_1R.png	unverified
D90-2-01860	تەلەتى قۇرغۇر	headword	180_1R.png	unverified
D90-2-01862	تەلەڭگە	headword	180_1R.png	unverified
D90-2-01863	تەلەي	headword	180_1R.png	unverified
D90-2-01864	تەلەيدە بوڭ-بوڭ	headword	180_2L.png	unverified
D90-2-01865	تەلەي سىنىماق	headword	180_2L.png	unverified
D90-2-01866	تەلەي قۇشى قونماق	headword	180_2L.png	unverified
D90-2-01867	تەلىيى بار	headword	180_2L.png	unverified
D90-2-01868	تەلىيى تەتۈر	headword	180_2L.png	unverified
D90-2-01870	تەلىيى كاج	headword	181_1R.png	unverified
D90-2-01869	تەلىيىدىن كۆرمەك	headword	181_1R.png	unverified
D90-2-01871	تەلىيى كېلىمەك	headword	181_1R.png	unverified
D90-2-01872	تەلىيى ئوڭ	headword	181_1R.png	unverified
D90-2-01873	تەلىيى ئۈستۈن	headword	181_1R.png	unverified
D90-2-01874	تەلىيى يوق	headword	181_1R.png	unverified
D90-2-01875	تەلەيسىز	headword	181_1R.png	unverified
D90-2-01876	تەلەيسىزلىك	headword	181_2L.png	unverified
D90-2-01877	تەلەيلىك	headword	181_2L.png	unverified
D90-2-01878	تەلپەك	headword	181_2L.png	unverified
D90-2-01881	تەلپىكى يەرگە چۈشمەك	headword	182_1R.png	unverified
D90-2-01882	تەلپەكساز	headword	182_1R.png	unverified
D90-2-01883	تەلپەكسازلىق	headword	182_1R.png	unverified
D90-2-01884	تەلپۈندۈرمەك	headword	182_1R.png	unverified
D90-2-01885	تەلپۈنمەك	headword	182_1R.png	unverified
D90-2-01886	تەلپۈنۈشچان	headword	182_2L.png	unverified
D90-2-01887	تەلپۈنۈشچانلىق	headword	182_2L.png	unverified
D90-2-01888	تەلپۈنۈشمەك	headword	182_2L.png	unverified
D90-2-01889	تەلتۆكۈس	headword	182_2L.png	unverified
D90-2-01890	تەلقە	nonstandard	182_2L.png	unverified
D90-2-01891	تەلقىن	headword	182_2L.png	unverified
D90-2-01892	تەلقىن سالماق	headword	183_1R.png	unverified
D90-2-01893	تەلقىن قىلماق	headword	183_1R.png	unverified
D90-2-01894	تەلمۈتەل	headword	183_1R.png	unverified
D90-2-01895	تەلمۈرتمەك	headword	183_1R.png	unverified
D90-2-01896	تەلمۈرمەك	headword	183_2L.png	unverified
D90-2-01897	تەلمۈرۈشمەك	headword	183_2L.png	unverified
D90-2-01898	تەلۋە	headword	183_2L.png	unverified
D90-2-01900	تەلۋە خىيال	headword	184_1R.png	unverified
D90-2-01901	تەلۋىتال	headword	184_1R.png	unverified
D90-2-01902	تەلۋىلەرچە	headword	184_1R.png	unverified
D90-2-01903	تەلۋىلەشمەك	headword	184_1R.png	unverified
D90-2-01904	تەلۋىلىك	headword	184_2L.png	unverified
D90-2-01905	تەلۋىلىقات	headword	184_2L.png	unverified
D90-2-01906	تەلىم	headword	184_2L.png	unverified
D90-2-01907	تەلىم ئالماق	headword	185_1R.png	unverified
D90-2-01908	تەلىم بەرمەك	headword	185_1R.png	unverified
D90-2-01909	تەلىمات	headword	185_1R.png	unverified
D90-2-01910	تەلىم-تەربىيە	headword	185_1R.png	unverified
D90-2-01911	تەلىيىگە	headword	185_1R.png	unverified
D90-2-01912	تەم	headword	185_2L.png	unverified
D90-2-01913	تەم بەرمەك	headword	185_2L.png	unverified
D90-2-01914	تەم سەزگۈسى	headword	185_2L.png	unverified
D90-2-01915	تەم كىرمەك	headword	186_1R.png	unverified
D90-2-01916	تەمى تىلدا قالغۇدەك	headword	186_1R.png	unverified
D90-2-04754	تىلدا تەمى قالغۇدەك	headword	478_2L.png	unverified
D90-2-01917	تەمى تىلدىن كەتمەسلىك	headword	186_1R.png	unverified
D90-2-01918	تەمىنى تېتىماق	headword	186_1R.png	unverified
D90-2-01919	تەمى ئېغىزدا قالغۇدەك	headword	186_1R.png	unverified
D90-2-01920	تەمى ئېغىزدىن كەتمەسلىك	headword	186_1R.png	unverified
D90-2-01921	تەمە	headword	186_2L.png	unverified
D90-2-01922	تەمە قىلماق	headword	186_2L.png	unverified
D90-2-01923	تەمەچى	headword	186_2L.png	unverified
D90-2-01924	تەمەخور	headword	186_2L.png	verified
D90-2-01925	تەمەخورلۇق	headword	187_1R.png	unverified
D90-2-01926	تەمەسىز	headword	187_1R.png	unverified
D90-2-01927	تەمەگەر	headword	187_1R.png	unverified
D90-2-01928	تەمەگەرلىك	headword	187_1R.png	unverified
D90-2-01929	تەمەلىك	headword	187_1R.png	unverified
D90-2-01930	تەمەننا	headword	187_1R.png	unverified
D90-2-01931	تەمەننا ئەيلىمەك	headword	187_1R.png	unverified
D90-2-01933	تەمەننا قىلماق	headword	187_2L.png	unverified
D90-2-01932	تەمەننا قويماق	headword	187_2L.png	unverified
D90-2-01934	تەمەنناچى	headword	187_2L.png	unverified
D90-2-01935	تەمەننالىق	headword	187_2L.png	unverified
D90-2-01936	تەمبەل	headword	187_2L.png	unverified
D90-2-01937	تەمبەللىك	headword	188_1R.png	unverified
D90-2-01938	تەمبۇر	headword	188_1R.png	unverified
D90-2-01939	تەمبۇرچى	headword	188_1R.png	unverified
D90-2-01940	تەمتەك	headword	188_1R.png	unverified
D90-2-02029	تەنتەك	headword	196_2L.png	unverified
D90-2-01942	تەمتىرىتمەك	headword	188_2L.png	unverified
D90-2-01943	تەمتىرەشمەك	headword	188_2L.png	unverified
D90-2-01944	تەمتىرىمەك	headword	188_2L.png	unverified
D90-2-01945	تەمتىلەشمەك	headword	189_1R.png	unverified
D90-2-01946	تەمتىلىمەك	headword	189_1R.png	unverified
D90-2-01947	تەمتىم	headword	189_1R.png	unverified
D90-2-01948	تەمرەتكە	headword	189_1R.png	unverified
D90-2-01949	تەمسىز	headword	189_1R.png	unverified
D90-2-01950	تەمسىزلىك	headword	189_1R.png	unverified
D90-2-01951	تەمسىل	headword	189_1R.png	unverified
D90-2-01952	تەمسىلچى	headword	189_2L.png	unverified
D90-2-01953	تەمشەلدۈرمەك	headword	189_2L.png	unverified
D90-2-01954	تەمشەلمە	headword	189_2L.png	unverified
D90-2-01955	تەمشەلمە تۈس	headword	189_2L.png	unverified
D90-2-01956	تەمشەلمەك	headword	189_2L.png	unverified
D90-2-01957	تەمشىلىشمەك	headword	190_1R.png	unverified
D90-2-01959	تەمكىن	headword	190_1R.png	unverified
D90-2-01961	تەمكىنسىز	headword	190_1R.png	unverified
D90-2-01962	تەمكىنسىزلىك	headword	190_1R.png	unverified
D90-2-01963	تەمكىنلەشمەك	headword	190_2L.png	unverified
D90-2-01964	تەمكىنلىك	headword	190_2L.png	unverified
D90-2-01965	تەملىك	headword	190_2L.png	unverified
D90-2-01966	تەممەت	headword	190_2L.png	unverified
D90-2-01967	تەمىر	headword	190_2L.png	unverified
D90-2-01968	تەمىر قىلماق	headword	190_2L.png	unverified
D90-2-01969	تەمىن	headword	190_2L.png	unverified
D90-2-01970	تەمىن ئەتمەك	headword	190_2L.png	unverified
D90-2-01971	تەمىن قىلماق	headword	191_1R.png	unverified
D90-2-01982	تەمىنلىمەك	headword	192_1R.png	unverified
D90-2-01972	تەمىنات	headword	191_1R.png	unverified
D90-2-01973	تەمىنات تۈزۈمى	headword	191_2L.png	unverified
D90-2-01974	تەمىنات كوپىراتىپى	headword	191_2L.png	unverified
D90-2-01978	تەمىنات-سودا كوپىراتىپى	headword	191_2L.png	unverified
D90-2-01975	تەمىناتچى	headword	191_2L.png	unverified
D90-2-01976	تەمىناتچىلىق	headword	191_2L.png	unverified
D90-2-01977	تەمىنات-سودا	headword	191_2L.png	unverified
D90-2-01979	تەمىناتسىز	headword	192_1R.png	unverified
D90-2-01980	تەمىناتلىق	headword	192_1R.png	unverified
D90-2-01981	تەمىنلەنمەك	headword	192_1R.png	unverified
D90-2-01983	تەن	headword	192_2L.png	unverified
D90-2-01987	تەن جازاسى	headword	193_1R.png	unverified
D90-2-01988	تەن دىۋارى	headword	193_1R.png	unverified
D90-2-01989	تەن سۈرمەك	headword	193_1R.png	unverified
D90-2-01992	تەن قويماق	headword	193_1R.png	unverified
D90-2-01990	تەن سىرتىدا ئۇرۇقلىنىش	headword	193_1R.png	unverified
D90-2-01991	تەن سىرتىدا يېتىلىش	headword	193_1R.png	unverified
D90-2-01993	تەنگە سىڭمەك	headword	193_1R.png	unverified
D90-2-01994	تەن ھۇجەيرىسى	headword	193_2L.png	unverified
D90-2-01995	تېنى تىكەنلەشمەك	headword	193_2L.png	unverified
D90-2-01996	تېنى جۇغۇلدىماق	headword	193_2L.png	unverified
D90-2-01997	تېنى شۈركۈنمەك	headword	193_2L.png	unverified
D90-2-01998	تېنىگە پاتماسلىق	headword	193_2L.png	unverified
D90-2-01999	تېنىگە سىغماسلىق	headword	193_2L.png	unverified
D90-2-02001	تەن ئالماق	headword	194_1R.png	unverified
D90-2-02002	تەن بەرمەك	headword	194_1R.png	unverified
D90-2-02003	تەنە	headword	194_2L.png	unverified
D90-2-02004	تەنە قىلماق	headword	194_2L.png	unverified
D90-2-02005	تەنە ئۇرماق	headword	194_2L.png	unverified
D90-2-02006-v1	تەن I	variant	195_1R.png	unverified
D90-2-02007	تەنەپپۇس	headword	195_1R.png	unverified
D90-2-02008	تەنەززۇل	headword	195_1R.png	unverified
D90-2-02009	تەنەززۇللانماق	headword	195_1R.png	unverified
D90-2-02010	تەنبىھ	headword	195_1R.png	unverified
D90-2-02013	تەنبىم قىلماق	headword	195_2L.png	unverified
D90-2-02013-v1	تەنبىھ بەرمەك	variant	195_2L.png	unverified
D90-2-02014	تەنبىھلىمەك	headword	195_2L.png	unverified
D90-2-02015	تەنبىھلىك	headword	195_2L.png	unverified
D90-2-02016	تەنبىيە	nonstandard	195_2L.png	unverified
D90-2-02017	تەنتەربىيە	headword	195_2L.png	unverified
D90-2-02021	تەنتەربىيە كۇلۇبى	headword	196_1R.png	unverified
D90-2-02022	تەنتەربىيە گىگېنىسى	headword	196_1R.png	unverified
D90-2-02023	تەنتەربىيە مەكتىپى	headword	196_1R.png	unverified
D90-2-02024	تەنتەربىيە مەيدانى	headword	196_2L.png	unverified
D90-2-02025	تەنتەربىيە مۇنبىرى	headword	196_2L.png	unverified
D90-2-02026	تەنتەربىيە ھەرىكىتى	headword	196_2L.png	unverified
D90-2-02027	تەنتەربىيە ئىلمى	headword	196_2L.png	unverified
D90-2-02028	تەنتەربىيىچى	headword	196_2L.png	unverified
D90-2-02028-v1	تەنمەرىكەتچى	variant	196_2L.png	unverified
D90-2-02030	تەنتەك كېسىلى	headword	197_1R.png	unverified
D90-2-02031	تەنتەكلىش	headword	197_1R.png	unverified
D90-2-02032	تەنتەكلىك	headword	197_1R.png	unverified
D90-2-02033	تەنتەنە	headword	197_1R.png	unverified
D90-2-02034	تەنتەنىلىك	headword	197_2L.png	unverified
D90-2-02035	تەنتىمەك	headword	197_2L.png	unverified
D90-2-02036	تەندۇرۇس	headword	197_2L.png	verified
D90-2-02039	تەنزىچى	headword	198_1R.png	unverified
D90-2-02040	تەنزىچىلىك	headword	198_1R.png	unverified
D90-2-02041	تەنزىكەش	headword	198_1R.png	unverified
D90-2-02042	تەنزىكەشلىك	headword	198_1R.png	unverified
D90-2-02043	تەنقىد	headword	198_2L.png	unverified
D90-2-02044	تەنقىد بەرمەك	headword	198_2L.png	unverified
D90-2-02053	تەنقىدلىمەك	headword	199_1R.png	unverified
D90-2-02045	تەنقىد قىلماق	headword	198_2L.png	unverified
D90-2-02046	تەنقىد ۋە ئۆز-ئۆزىنى تەنقىد	headword	198_2L.png	unverified
D90-2-02047	تەنقىد-تەربىيە	headword	198_2L.png	unverified
D90-2-02048	تەنقىدچى	headword	198_2L.png	unverified
D90-2-02049	تەنقىدچىلىك	headword	199_1R.png	unverified
D90-2-02050	تەنقىدلەنمەك	headword	199_1R.png	unverified
D90-2-02051	تەنقىدلەشمەك	headword	199_1R.png	unverified
D90-2-02054	تەنقىدىي	headword	199_1R.png	unverified
D90-2-02055	تەنقىدىي رېئالىزم	headword	199_1R.png	unverified
D90-2-02057	تەنناز	headword	199_2L.png	unverified
D90-2-02058	تەننازلىق	headword	199_2L.png	unverified
D90-2-02059	تەننەرخ	headword	199_2L.png	unverified
D90-2-02062	تەنھا	headword	200_1R.png	unverified
D90-2-02063	تەنھالىق	headword	200_1R.png	unverified
D90-2-02064	تەنھەرىكەت	headword	200_1R.png	unverified
D90-2-02065	تەنھەرىكەت ئاناتومىيىسى	headword	200_2L.png	unverified
D90-2-02066	تەنھەرىكەت بىئوخىمىيىسى	headword	200_2L.png	unverified
D90-2-02067	تەنھەرىكەت بىئومېخانىكىسى	headword	200_2L.png	unverified
D90-2-02068	تەنھەرىكەت پىسخولوگىيىسى	headword	200_2L.png	unverified
D90-2-02069	تەنھەرىكەت تىببىي ئىلمى	headword	200_2L.png	unverified
D90-2-02070	تەنھەرىكەت سائىتى	headword	201_1R.png	unverified
D90-2-02071	تەنھەرىكەت فىزىئولوگىيىسى	headword	201_1R.png	unverified
D90-2-02072	تەنھەرىكەت كىيىمى	headword	201_1R.png	unverified
D90-2-02073	تەنھەرىكەت ماھىرى	headword	201_1R.png	unverified
D90-2-02074	تەنھەرىكەت مەيدانى	headword	201_2L.png	unverified
D90-2-02075	تەنھەرىكەت مورفولوگىيىسى	headword	201_2L.png	unverified
D90-2-02076	تەنھەرىكەت مۇسابىقىسى	headword	201_2L.png	unverified
D90-2-02077	تەنھەرىكەت يىغىنى	headword	201_2L.png	unverified
D90-2-02078	تەنھەرىكەتچى	headword	201_2L.png	unverified
D90-2-02079	تەنھەرىكەتشۇناسلىق	headword	202_1R.png	unverified
D90-2-02080	تەنىلىك	headword	202_1R.png	unverified
D90-2-02081	تەھتىسارا	headword	202_1R.png	unverified
D90-2-02082	تەھدىت	headword	202_1R.png	unverified
D90-2-02084	تەھرىر	headword	202_2L.png	unverified
D90-2-02087	تەھرىر-تەرجىمە	headword	202_2L.png	unverified
D90-2-02088	تەھرىرلەتمەك	headword	202_2L.png	unverified
D90-2-02089	تەھرىرلەنمەك	headword	202_2L.png	unverified
D90-2-02090	تەھرىرلىك	headword	202_2L.png	unverified
D90-2-02091	تەھرىرلىمەك	headword	202_2L.png	unverified
D90-2-02092	تەھسىل	headword	202_2L.png	unverified
D90-2-02095	تەھسىن	headword	203_1R.png	unverified
D90-2-02096	تەھسىن ئەيلىمەك	headword	203_1R.png	unverified
D90-2-02097	تەھسىن قىلماق	headword	203_1R.png	unverified
D90-2-02098	تەھسىن ئوقۇماق	headword	203_1R.png	unverified
D90-2-02099	تەھسىن ئېيتماق	headword	203_1R.png	unverified
D90-2-02100	تەھقىر	headword	203_1R.png	unverified
D90-2-02101	تەھقىر قىلماق	headword	203_1R.png	unverified
D90-2-02102	تەھقىق	headword	203_2L.png	unverified
D90-2-02103	تەھقىقكى	headword	203_2L.png	unverified
D90-2-02104	تەھقىقلەتمەك	headword	203_2L.png	unverified
D90-2-02105	تەھقىقلەشتۈرمەك	headword	203_2L.png	unverified
D90-2-02106	تەھقىقلەشمەك	headword	203_2L.png	unverified
D90-2-02107	تەھقىقلەنمەك	headword	204_1R.png	unverified
D90-2-02108	تەھقىقلىمەك	headword	204_1R.png	unverified
D90-2-02109	تەھلىكە	headword	204_1R.png	unverified
D90-2-02111	تەھلىل	headword	204_2L.png	unverified
D90-2-02112	تەھلىل قىلماق	headword	204_2L.png	unverified
D90-2-02113	تەھلىلچى	headword	205_1R.png	unverified
D90-2-02114	تەھلىلگرامما	headword	205_1R.png	unverified
D90-2-02115	تەھلىلىي	headword	205_1R.png	unverified
D90-2-02116	تەۋاز	headword	205_1R.png	unverified
D90-2-02117	تەۋازلىق	headword	205_1R.png	unverified
D90-2-02118	تەۋازۇ	headword	205_1R.png	unverified
D90-2-02119	تەۋازۇلانماق	headword	205_1R.png	unverified
D90-2-02120	تەۋازۇلۇق	headword	205_1R.png	unverified
D90-2-02124	تەۋەججۇ	headword	205_2L.png	unverified
D90-2-02126	تەۋەر	headword	205_2L.png	unverified
D90-2-02127	تەۋەررۈك	headword	205_2L.png	unverified
D90-2-02131	تەۋەككۈل	headword	206_2L.png	unverified
D90-2-02134	تەۋەككۈلچى	headword	206_2L.png	unverified
D90-2-02135	تەۋەككۈلچىلىك	headword	207_1R.png	unverified
D90-2-02136	تەۋەككۈلىگە	headword	207_1R.png	unverified
D90-2-02137	تەۋەڭ	headword	207_1R.png	unverified
D90-2-02138	تەۋەڭ تاشلىماق	headword	207_1R.png	unverified
D90-2-02139	تەۋەڭ-تەۋەڭ	headword	207_1R.png	unverified
D90-2-02140	تەۋەڭلەپ	headword	207_2L.png	unverified
D90-2-02141	تەۋەللۇت	headword	207_2L.png	unverified
D90-2-02142	تەۋەللۇت ئەيلىمەك	headword	207_2L.png	unverified
D90-2-02144	تەۋەللۇت قىلماق	headword	207_2L.png	unverified
D90-2-02143	تەۋەللۇت بولماق	headword	207_2L.png	unverified
D90-2-02145	تەۋەلىك	headword	207_2L.png	unverified
D90-2-02146	تەۋپىق	headword	208_1R.png	unverified
D90-2-02147	تەۋرات	headword	208_1R.png	unverified
D90-2-02148	تەۋرەتكۈ	headword	208_1R.png	unverified
D90-2-02149	تەۋرەتمەك	headword	208_1R.png	unverified
D90-2-02150	تەۋرەشمەك	headword	208_2L.png	unverified
D90-2-02151	تەۋرەنمە	headword	208_2L.png	unverified
D90-2-02153	تەۋرەنمەك	headword	208_2L.png	unverified
D90-2-02154	تەۋرىتىلمەك	headword	208_2L.png	unverified
D90-2-02155	تەۋرىمەك	headword	209_1R.png	unverified
D90-2-02156	تەۋسىپ	headword	209_1R.png	unverified
D90-2-02157	تەۋسىيە	headword	209_1R.png	unverified
D90-2-02158	تەۋسىيە قىلماق	headword	209_2L.png	unverified
D90-2-02159	تەي	headword	209_2L.png	unverified
D90-2-02160	تەي بولماق	headword	209_2L.png	unverified
D90-2-02161	تەي قىلماق	headword	209_2L.png	unverified
D90-2-02162	تەيەممۇم	headword	209_2L.png	unverified
D90-2-02163	تەيەممۇم قىلماق	headword	209_2L.png	unverified
D90-2-02164	تەيپۇن	headword	210_1R.png	unverified
D90-2-02165	تەيپۇنەم	headword	210_1R.png	unverified
D90-2-02166	تەيپۇنەم زامانىدا	headword	210_1R.png	unverified
D90-2-02168	تەيتۇللا	nonstandard	210_1R.png	unverified
D90-2-02171	تەيجىلىك	headword	210_2L.png	unverified
D90-2-02174	تەيۋەن	headword	210_2L.png	unverified
D90-2-02175	تەيۋەن ئاكاسيىسى	headword	210_2L.png	unverified
D90-2-02176	تەيىن قىلماق	headword	211_1R.png	unverified
D90-2-02177	تەيىن ئەتمەك	headword	211_1R.png	unverified
D90-2-02179	تەيىنلەتكۈزمەك	headword	211_1R.png	unverified
D90-2-02180	تەيىنلەتمەك	headword	211_1R.png	unverified
D90-2-02181	تەيىنلەشمەك	headword	211_1R.png	unverified
D90-2-02182	تەيىنلەنمەك	headword	211_1R.png	unverified
D90-2-02183	تەيىنلىمەك	headword	211_1R.png	unverified
D90-2-02184	تەييار	headword	211_2L.png	unverified
D90-2-02185	تەييار ئەيلىمەك	headword	211_2L.png	unverified
D90-2-02203	تەييارلىماق	headword	213_1R.png	unverified
D90-2-02186	تەييار بولماق	headword	211_2L.png	verified
D90-2-02188	تەييارغا ھەييار بولماق	headword	212_1R.png	verified
D90-2-02189	تەييار قىلماق	headword	212_1R.png	verified
D90-2-02190	تەييار نانچى	headword	212_1R.png	verified
D90-2-02191	تەييارتاپ	headword	212_2L.png	verified
D90-2-02192	تەييارتاپلىق	headword	212_2L.png	verified
D90-2-02193	تەييارگەرلىك	headword	212_2L.png	verified
D90-2-02194	تەييارلاتقۇزماق	headword	212_2L.png	verified
D90-2-02195	تەييارلاتماق	headword	212_2L.png	verified
D90-2-02196	تەييارلاشماق	headword	212_2L.png	verified
D90-2-02197	تەييارلانماق	headword	212_2L.png	verified
D90-2-02198	تەييارلىق	headword	213_1R.png	unverified
D90-2-02199	تەييارلىق قىلماق	headword	213_1R.png	unverified
D90-2-02200	تەييارلىق كۆرمەك	headword	213_1R.png	unverified
D90-2-02201	تەييارلىق مۇسابىقىسى	headword	213_1R.png	unverified
D90-2-02202	تەييارلىقسىز	headword	213_1R.png	unverified
D90-2-02204	تەييارلىنىشماق	headword	213_2L.png	unverified
D90-2-02205	تراپېتسىيە	headword	213_2L.png	unverified
D90-2-02206	تراخوما	headword	213_2L.png	unverified
D90-2-02207	تراخىت	headword	214_1R.png	unverified
D90-2-02208	تراخىتلىق	headword	214_1R.png	unverified
D90-2-02211	ترادىتسىيە	headword	214_1R.png	unverified
D90-2-02211-v1	ئەنئەنە	variant	214_1R.png	unverified
D90-2-02212	تراكتور	headword	214_1R.png	unverified
D90-2-02213	تراكتورچى	headword	214_2L.png	unverified
D90-2-02214	تراكتورچىلىق	headword	214_2L.png	unverified
D90-2-02215	تراكتورسازلىق	headword	214_2L.png	unverified
D90-2-02216	تراكتورلاشتۇرماق	headword	214_2L.png	unverified
D90-2-02217	تراكتورلاشماق	headword	214_2L.png	unverified
D90-2-02218	تراگېدىيە	headword	214_2L.png	unverified
D90-2-02219	تراگېدىيىلىك	headword	215_1R.png	unverified
D90-2-02220	تراگېدىيىلىك كومېدىيە	headword	215_1R.png	unverified
D90-2-02221	تراللىبۇس	headword	215_1R.png	unverified
D90-2-02222	ترامۋاي	headword	215_1R.png	unverified
D90-2-02223	ترانسپورت	headword	215_1R.png	unverified
D90-2-02225	ترانسفورماتور	headword	215_1R.png	unverified
D90-2-02226	ترانسكرىپسىيە	headword	215_2L.png	unverified
D90-2-02227	ترانسكرىپسىيە بەرمەك	headword	215_2L.png	unverified
D90-2-02228	ترانسكرىپسىيە شتۇرۇمەك	headword	215_2L.png	unverified
D90-2-02229	ترانسكرىپسىيە شتۇرۇلمەك	headword	215_2L.png	unverified
D90-2-02230	ترانسكرىپسىيىلىك	headword	215_2L.png	unverified
D90-2-02231	ترايېكتورىيە	headword	215_2L.png	unverified
D90-2-02232	تروپىك	headword	215_2L.png	unverified
D90-2-02237	تروپىك سىكلونى	headword	216_2L.png	unverified
D90-2-02238	تروپىك كىلىماتى	headword	216_2L.png	unverified
D90-2-02239	تروپىك يىلى	headword	216_2L.png	unverified
D90-2-02240	تروتىل	headword	216_2L.png	unverified
D90-2-02241	تروتىل ئېكۋىۋالېنتى	headword	216_2L.png	unverified
D90-2-02242	ترومبون	headword	216_2L.png	unverified
D90-2-02243	ترېنېر	headword	217_1R.png	unverified
D90-2-02244	ترىپسىن	headword	217_1R.png	unverified
D90-2-02245	ترىتىي	headword	217_1R.png	unverified
D90-2-02246	ترىگلا	headword	217_1R.png	unverified
D90-2-02247	ترىگونومېترىيە	headword	217_1R.png	unverified
D90-2-02248	ترىگونومېترىيىلىك	headword	217_2L.png	unverified
D90-2-02251	ترىلوگىيە	headword	217_2L.png	unverified
D90-2-02253	توپ	headword	217_2L.png	unverified
D90-2-02257	توپ پالىقى	headword	218_2L.png	unverified
D90-2-02258	توپ تۈرلىرى	headword	218_2L.png	unverified
D90-2-02259	توپ تېخنىكىسى	headword	218_2L.png	unverified
D90-2-02260	توپ كامېرى	headword	218_2L.png	unverified
D90-2-02261	توپ مەيدانى	headword	218_2L.png	unverified
D90-2-02262	توپ مۇسابىقىسى	headword	218_2L.png	unverified
D90-2-02264	توپ ئاتماق	headword	219_1R.png	unverified
D90-2-02265	توپ مۇنارىسى	headword	219_1R.png	unverified
D90-2-02266	توپ ئوقى	headword	219_1R.png	unverified
D90-2-02267	توپا	headword	219_1R.png	unverified
D90-2-02268	توپا باسماق	headword	219_2L.png	unverified
D90-2-02269	توپا بېشى	headword	219_2L.png	unverified
D90-2-02269-v1	تۈيراق بېشى	variant	219_2L.png	unverified
D90-2-02270	توپا تەرەت	headword	219_2L.png	unverified
D90-2-02271	توپا تۇتماق	headword	219_2L.png	unverified
D90-2-02272	توپا رەڭ	headword	219_2L.png	unverified
D90-2-02273	توپا قۇرۇلۇشى	headword	219_2L.png	unverified
D90-2-02274	توپا كولاش ماشىنىسى	headword	220_1R.png	unverified
D90-2-02275	توپا مېخانىكىسى	headword	220_1R.png	unverified
D90-2-02276	توپا ئۈسۈش ماشىنىسى	headword	220_1R.png	unverified
D90-2-02277	توپا ئىتتىرىش ماشىنىسى	headword	220_1R.png	unverified
D90-2-02278	توپا يۆلىمەك	headword	220_1R.png	unverified
D90-2-02279	توپىسىنى كۆزگە سۈرتكۈدەك بولماق	headword	220_1R.png	unverified
D90-2-02280	تۆپىسى ئېغىر	headword	220_1R.png	unverified
D90-2-02281	توپا-توزان	headword	220_2L.png	unverified
D90-2-02282	توپا-تۇمان	headword	220_2L.png	unverified
D90-2-02283	توپا-چاڭ	headword	220_2L.png	unverified
D90-2-02284	توپاز	headword	220_2L.png	verified
D90-2-02285	توپان	headword	220_2L.png	unverified
D90-2-02287	توپان بالاسى	headword	221_1R.png	unverified
D90-2-02288	توپان بالاسى كەلسە ئوشۇقىغا كەلمەيدىغان	headword	221_1R.png	unverified
D90-2-02289	توپبېشى	headword	221_1R.png	verified
D90-2-02290	توپ-توپ	headword	221_1R.png	unverified
D90-2-02291	توپتوغرا	headword	221_2L.png	unverified
D90-2-02292	توپتولۇق	headword	221_2L.png	unverified
D90-2-02293	توپچا	headword	221_2L.png	unverified
D90-2-02295	توپچە	headword	221_2L.png	unverified
D90-2-02294	توپچاق	headword	221_2L.png	unverified
D90-2-02296	توپچى	headword	222_1R.png	unverified
D90-2-02300	توپلاتقۇزماق	headword	222_1R.png	unverified
D90-2-02301	توپلاتماق	headword	222_1R.png	unverified
D90-2-02302	توپلاشتۇرماق	headword	222_1R.png	unverified
D90-2-02303	توپلاشتۇرۇلغان	headword	222_1R.png	unverified
D90-2-02305	توپلاشتۇرۇلماق	headword	222_2L.png	unverified
D90-2-02306	توپلاشماق	headword	222_2L.png	unverified
D90-2-02307	توپلام	headword	222_2L.png	unverified
D90-2-02309	توپلانماق	headword	222_2L.png	unverified
D90-2-02310	توپلەي	headword	223_1R.png	unverified
D90-2-02311	توپلۇق	headword	223_1R.png	verified
D90-2-02312	توپلىماق	headword	223_1R.png	unverified
D90-2-02313	توپلىنىشماق	headword	223_2L.png	unverified
D90-2-02314	توپمۇتوغرا	headword	223_2L.png	unverified
D90-2-02315	توپوگراف	headword	223_2L.png	unverified
D90-2-02316	توپوگرافىيە	headword	223_2L.png	unverified
D90-2-02317	توپوگېئولوگىيە	headword	223_2L.png	unverified
D90-2-02318	توپولوگىيە	headword	223_2L.png	unverified
D90-2-02319	توپۇر	headword	224_1R.png	unverified
D90-2-02321	توپۇر-توپۇر	headword	224_1R.png	unverified
D90-2-02322	توپۇرلاشماق	headword	224_1R.png	unverified
D90-2-02323	توپۇرلىماق	headword	224_1R.png	unverified
D90-2-02324	توپۇق	headword	224_1R.png	unverified
D90-2-02325	توپۇق ئويۇنى	headword	224_2L.png	unverified
D90-2-02326	توپىگۈل	headword	224_2L.png	unverified
D90-2-02326-v1	قوغۇنگۈل	variant	224_2L.png	unverified
D90-2-02327	توپىلاتماق	headword	224_2L.png	unverified
D90-2-02328	توپىلاشماق	headword	224_2L.png	unverified
D90-2-02329	توپىلاڭ	headword	224_2L.png	unverified
D90-2-02330	توپىلاڭ چىقماق	headword	225_1R.png	unverified
D90-2-02331	توپىلاڭدىن توقاچ ئوغرىلىماق	headword	225_1R.png	unverified
D90-2-02332	توپىلاڭ كۆتۈرمەك	headword	225_1R.png	unverified
D90-2-02332-v1	ئىسيان كۆتۈرمەك	variant	225_1R.png	unverified
D90-2-02334	توپىلاڭچى	headword	225_2L.png	unverified
D90-2-02335	توپىلانماق	headword	225_2L.png	unverified
D90-2-02336	توپىلىق	headword	225_2L.png	unverified
D90-2-02337	توپىلىماق	headword	226_1R.png	unverified
D90-2-02338	توتېم	headword	226_1R.png	verified
D90-2-02339	توتېمىزم	headword	226_1R.png	unverified
D90-2-02340	توچكا	headword	226_1R.png	unverified
D90-2-02341	توختاپ تۇر	headword	226_2L.png	unverified
D90-2-02342	توختاتماق	headword	226_2L.png	unverified
D90-2-02343	توختاشماق	headword	227_1R.png	unverified
D90-2-02344	توختالغۇ	headword	227_1R.png	unverified
D90-2-02346	توختالغۇسىز	headword	227_2L.png	unverified
D90-2-02347	توختالماق	headword	227_2L.png	unverified
D90-2-02348	توختام	headword	227_2L.png	unverified
D90-2-02349	توختام باھا	headword	228_1R.png	unverified
D90-2-02350	توختام بولماق	headword	228_1R.png	unverified
D90-2-02351	توختام تۈزمەك	headword	228_1R.png	unverified
D90-2-02352	توختام خەت	headword	228_1R.png	unverified
D90-2-02353	توختام سۇ	headword	228_1R.png	unverified
D90-2-02354	توختاملاشماق	headword	228_2L.png	unverified
D90-2-02355	توختاملىق	headword	229_1R.png	unverified
D90-2-02357	توختامنامە	headword	229_1R.png	unverified
D90-2-02358	توختاۋسىز	headword	229_1R.png	unverified
D90-2-02359	توختىتىپ	headword	229_1R.png	unverified
D90-2-02361	توختىتىشماق	headword	229_2L.png	unverified
D90-2-02362	توختىتىلماق	headword	229_2L.png	unverified
D90-2-02363	توختىماق	headword	229_2L.png	unverified
D90-2-02364	توختىماي	headword	230_2L.png	unverified
D90-2-02365	توخۇ	headword	230_2L.png	unverified
D90-2-02368	توخۇ پوق يېمەستە	headword	231_1R.png	unverified
D90-2-02369	توخۇ پىتى	headword	231_1R.png	unverified
D90-2-02370	توخۇ پىيىزى	headword	231_1R.png	unverified
D90-2-02371	توخۇ جىرىم غاجىغاندا	headword	231_1R.png	unverified
D90-2-02372	توخۇ سۈتىدىن باشقا	headword	231_1R.png	unverified
D90-2-02373	توخۇسىنى تاخ، مۈشۈكىنى پەش دېمەس	headword	231_1R.png	unverified
D90-2-02374	توخۇ شورپىسى	headword	231_2L.png	unverified
D90-2-02375	توخۇ فېرمىسى	headword	231_2L.png	unverified
D90-2-02376	توخۇ قارىمۈچى	headword	231_2L.png	unverified
D90-2-02377	توخۇ قونداققا چىقماستا	headword	231_2L.png	unverified
D90-2-02378	توخۇ كۆز	headword	231_2L.png	unverified
D90-2-02379	توخۇ كۆزلۈك قىلماق	headword	231_2L.png	unverified
D90-2-02380	توخۇ يۈرەك	headword	231_2L.png	unverified
D90-2-02381	توخۇ يىلى	headword	232_1R.png	unverified
D90-2-02382	توخۇچى	headword	232_1R.png	unverified
D90-2-02383	توخۇچىلىق	headword	232_1R.png	unverified
D90-2-02384	توخۇخانا	headword	232_1R.png	unverified
D90-2-02386	تور	headword	232_1R.png	unverified
D90-2-02387	تور باغلىماق	headword	232_2L.png	unverified
D90-2-02396	تورغا كىرمەك	headword	233_2L.png	unverified
D90-2-02397	تور كۆڭلەك	headword	233_2L.png	unverified
D90-2-02398	تورنى كەڭ يايماق	headword	233_2L.png	unverified
D90-2-02399	تور يىغماق	headword	233_2L.png	unverified
D90-2-02401	تور كەتمەك	headword	234_1R.png	unverified
D90-2-02402	تورى بار	headword	234_1R.png	unverified
D90-2-02403	توراشماق	headword	234_1R.png	unverified
D90-2-02404	تورالغۇ	headword	234_1R.png	unverified
D90-2-02478	توسالغۇ	headword	240_2L.png	unverified
D90-2-02405	تورالغۇسىز	headword	234_1R.png	unverified
D90-2-02479	توسالغۇسىز	headword	241_1R.png	unverified
D90-2-02406	تورالماق	headword	234_1R.png	unverified
D90-2-02407	تورپاق	headword	234_1R.png	verified
D90-2-02409	تورپاقتەك	headword	234_2L.png	unverified
D90-2-02410	تورپاقلىق	headword	234_2L.png	unverified
D90-2-02411	تورت	headword	234_2L.png	unverified
D90-2-02412	تورسۇق	headword	234_2L.png	unverified
D90-2-06854	چاناچ	headword	663_2L.png	unverified
D90-2-02413	تورسىمان	headword	234_2L.png	unverified
D90-2-02415	تورغا	headword	235_1R.png	unverified
D90-2-02416	تورغاي	headword	235_1R.png	unverified
D90-2-02417	تورغاي چۈچۈلىماستا	headword	235_1R.png	unverified
D90-2-02418	تورف	headword	235_1R.png	unverified
D90-2-02419	تورقا	headword	235_1R.png	unverified
D90-2-02420	تورقاق	headword	235_1R.png	unverified
D90-2-02421	تورلاتقۇزماق	headword	235_1R.png	unverified
D90-2-02422	تورلاتماق	headword	235_2L.png	unverified
D90-2-02423	تورلاشتۇرماق	headword	235_2L.png	unverified
D90-2-02424	تورلاشتۇرۇلماق	headword	235_2L.png	unverified
D90-2-02425	تورلاشماق	headword	235_2L.png	unverified
D90-2-02426	تورلانماق	headword	235_2L.png	unverified
D90-2-02427	تورلۇق	headword	235_2L.png	unverified
D90-2-02429	تورلىماق	headword	236_1R.png	unverified
D90-2-02430	تورمۇز	headword	236_1R.png	unverified
D90-2-02431	تورمۇز بەرمەك	headword	236_1R.png	unverified
D90-2-02432	تورمۇز قىلماق	headword	236_1R.png	unverified
D90-2-02433	تورموزى تۇتماسلىق	headword	236_2L.png	unverified
D90-2-02434	تورموزسىز	headword	236_2L.png	unverified
D90-2-02435	تورموزلاتماق	headword	236_2L.png	unverified
D90-2-02436	تورموزلاشماق	headword	236_2L.png	unverified
D90-2-02437	تورموزلانماق	headword	236_2L.png	unverified
D90-2-02438	تورموزلوق	headword	236_2L.png	unverified
D90-2-02439	تورموزلىماق	headword	237_1R.png	unverified
D90-2-02440	تورنىك	headword	237_1R.png	unverified
D90-2-02441	تورۇس	headword	237_1R.png	unverified
D90-2-02442	تورۇشەن	headword	237_1R.png	unverified
D90-2-02443	تورۇق	headword	237_1R.png	unverified
D90-2-02446	تورۇك-تورۇك	headword	237_2L.png	unverified
D90-2-02447	تورۇككىدە	headword	237_2L.png	unverified
D90-2-02448	تورۇكلاتماق	headword	237_2L.png	unverified
D90-2-02449	تورۇكلىماق	headword	237_2L.png	unverified
D90-2-02450	تورۇڭ	headword	237_2L.png	unverified
D90-2-02451	تورۇڭ-تورۇڭ	headword	237_2L.png	unverified
D90-2-02452	تورۇڭڭىدە	headword	238_1R.png	unverified
D90-2-02453	تورۇڭلاتماق	headword	238_1R.png	unverified
D90-2-02454	تورۇڭلىماق	headword	238_1R.png	unverified
D90-2-02455	تورۇلغا	headword	238_1R.png	verified
D90-2-02456	تورۇنقاي	headword	238_1R.png	unverified
D90-2-02457	تورۇئا	headword	238_1R.png	unverified
D90-2-02917	توۋرا	headword	293_2L.png	unverified
D90-2-02458	تورىت	headword	238_1R.png	unverified
D90-2-02459	تورىماق	headword	238_2L.png	unverified
D90-2-02460	تورىي	headword	238_2L.png	unverified
D90-2-02461	توز	headword	238_2L.png	unverified
D90-2-02463	توزان	headword	239_1R.png	unverified
D90-2-02464	توزدەك	headword	239_1R.png	unverified
D90-2-02465	توزغاق	headword	239_1R.png	unverified
D90-2-02467	توزۇتماق	headword	239_1R.png	unverified
D90-2-02468	توزۇتۇلماق	headword	239_2L.png	unverified
D90-2-02469	توزۇشماق	headword	239_2L.png	unverified
D90-2-02470	توزۇماق	headword	239_2L.png	unverified
D90-2-02471	توزۇندى	headword	240_1R.png	unverified
D90-2-02472	توس	headword	240_1R.png	unverified
D90-2-02473	توساتتىن	headword	240_1R.png	unverified
D90-2-02474	توساتتىن ئۆزگەرگۈچ	headword	240_2L.png	unverified
D90-2-02475	توساتتىن ئۆزگىرىش	headword	240_2L.png	unverified
D90-2-02476	توساتتىن ئۆزگىرىش نىسبىتى	headword	240_2L.png	unverified
D90-2-02477	توساق	nonstandard	240_2L.png	unverified
D90-2-02498	توسۇق	headword	244_1R.png	unverified
D90-2-02480	توسالغۇلۇق	headword	241_1R.png	unverified
D90-2-02481	توس-توس	headword	241_2L.png	unverified
D90-2-02482	توستۇرغۇزماق	headword	241_2L.png	unverified
D90-2-02483	توستۇرماق	headword	241_2L.png	unverified
D90-2-02485	توسقۇچى	headword	241_2L.png	unverified
D90-2-02487	توسقۇن	headword	242_1R.png	unverified
D90-2-02488	توسقۇن بولماق	headword	242_1R.png	unverified
D90-2-02489	توسقۇنسىز	headword	242_1R.png	unverified
D90-2-02490	توسقۇنلۇق	headword	242_1R.png	unverified
D90-2-02491	توسقۇنلۇقسىز	headword	242_2L.png	unverified
D90-2-02492	توسما	headword	242_2L.png	unverified
D90-2-02493	توسماق	headword	243_1R.png	unverified
D90-2-02496	توسمىلىق	headword	244_1R.png	unverified
D90-2-02497	توسۇشماق	headword	244_1R.png	unverified
D90-2-02499	توسۇقلۇق	headword	244_2L.png	unverified
D90-2-02500	توسۇلماق	headword	245_1R.png	unverified
D90-2-02502	توسۇن	headword	245_1R.png	unverified
D90-2-02503	توشتۇرماق	headword	245_1R.png	unverified
D90-2-02504	توشتۇرۇشماق	headword	245_1R.png	unverified
D90-2-02505	توشتۇرۇلماق	headword	245_1R.png	unverified
D90-2-02506	توشقان	headword	245_2L.png	verified
D90-2-02507	توشقان زەدىكى	headword	245_2L.png	unverified
D90-2-02508	توشقان قومۇشى	headword	245_2L.png	unverified
D90-2-02509	توشقان يۈرەك	headword	246_1R.png	unverified
D90-2-02510	توشقان يىلى	headword	246_1R.png	unverified
D90-2-02512	توشقانچى	headword	246_1R.png	unverified
D90-2-02513	توشقانقۇلاق	headword	246_1R.png	unverified
D90-2-02514	توشقانقۇيرۇق	headword	246_1R.png	verified
D90-2-02515	توشقانكالبۇلە	headword	246_2L.png	verified
D90-2-02516	توشقانئوت	headword	246_2L.png	unverified
D90-2-02517	توشماق	headword	246_2L.png	unverified
D90-2-02518	توشۇتقۇزماق	headword	247_2L.png	unverified
D90-2-02519	توشۇتماق	headword	247_2L.png	unverified
D90-2-02520	توشۇشماق	headword	247_2L.png	unverified
D90-2-02521	توشۇغۇچى	headword	247_2L.png	unverified
D90-2-02524	توشۇق	headword	247_2L.png	unverified
D90-2-02529	توشۇڭلۇق	headword	248_1R.png	unverified
D90-2-02530	توشۇلماق	headword	248_1R.png	unverified
D90-2-02531	توشۇماق	headword	248_1R.png	unverified
D90-2-02532	توشىماق	headword	248_2L.png	unverified
D90-2-02533	توغ	headword	248_2L.png	unverified
D90-2-02534	توغاچ	headword	248_2L.png	unverified
D90-2-02535	توغاچتەك	headword	248_2L.png	verified
D90-2-02536	توغرا	headword	248_2L.png	unverified
D90-2-02538	توغرا بولماق	headword	249_2L.png	unverified
D90-2-02539	توغرا بۇلۇڭ	headword	250_1R.png	unverified
D90-2-04647	تىك بۇلۇڭ	headword	468_2L.png	unverified
D90-2-02540	توغرا تاپماق	headword	250_1R.png	unverified
D90-2-02541	توغرا تۇرماق	headword	250_1R.png	unverified
D90-2-02542	توغرا دولقۇن	headword	250_1R.png	unverified
D90-2-02543	توغرا سىزىق	headword	250_1R.png	unverified
D90-2-02544	توغرا شپات جىنس	headword	250_1R.png	unverified
D90-2-02545	توغرا قىلماق	headword	250_1R.png	unverified
D90-2-02546	توغرا كەسىر	headword	250_2L.png	unverified
D90-2-02547	توغرا كەلمەك	headword	250_2L.png	unverified
D90-2-02548	توغرا كېلەر	headword	251_1R.png	unverified
D90-2-02549	توغرا يول	headword	251_2L.png	unverified
D90-2-02550	توغرا يوللۇق مۇسكۇل	headword	251_2L.png	unverified
D90-2-02551	توغرا يۆلىنىشتىكى كۈچ	headword	251_2L.png	unverified
D90-2-02553	توغراتماق	headword	251_2L.png	unverified
D90-2-02554	توغرا-خاتا	headword	251_2L.png	unverified
D90-2-02555	توغراشماق	headword	251_2L.png	unverified
D90-2-02556	توغراق	headword	251_2L.png	unverified
D90-2-02557	توغراقتەك	headword	252_1R.png	unverified
D90-2-02558	توغراقلىق	headword	252_1R.png	unverified
D90-2-02559	توغرالماق	headword	252_1R.png	unverified
D90-2-02560	توغرام	headword	252_2L.png	unverified
D90-2-02561	توغرىلىق	headword	252_2L.png	unverified
D90-2-02562	توغرىدا	headword	252_2L.png	unverified
D90-2-02562-v1	ھەققىدە	variant	252_2L.png	unverified
D90-2-02563	توغرىدىن-توغرا	headword	252_2L.png	unverified
D90-2-02564	توغرىسى	headword	253_1R.png	unverified
D90-2-02565	توغرىسىدا	headword	253_1R.png	verified
D90-2-02566	توغرىسىدىن	headword	253_1R.png	unverified
D90-2-02567	توغرىسىغا	headword	253_2L.png	unverified
D90-2-02568	توغرىغا	headword	253_2L.png	unverified
D90-2-02569	توغرىلاتماق	headword	253_2L.png	unverified
D90-2-02570	توغرىلاشماق	headword	253_2L.png	unverified
D90-2-02571	توغرىلانماق	headword	253_2L.png	unverified
D90-2-02573	توغرىلىماق	headword	254_1R.png	unverified
D90-2-02574	توغرىماق	headword	255_1R.png	unverified
D90-2-02575	توغلىماق	headword	255_2L.png	unverified
D90-2-02576	توغۇنا	headword	255_2L.png	unverified
D90-2-02577	توق	headword	255_2L.png	unverified
D90-2-02578	توق رەڭلىك مىنېرال	headword	256_1R.png	verified
D90-2-03638	تۆمۈر ماگنىيلىق مىنېرال	headword	369_1R.png	unverified
D90-2-02579	توق قاپىيە	headword	256_1R.png	unverified
D90-2-02580	توقا	headword	256_1R.png	unverified
D90-2-02582	توقاچ	headword	256_2L.png	unverified
D90-2-02584	توقال	headword	256_2L.png	unverified
D90-2-02586	توقاللىق	headword	256_2L.png	unverified
D90-2-02587	توقاي	headword	257_1R.png	unverified
D90-2-02589	توقايلىق	headword	257_1R.png	unverified
D90-2-02590	توق-توق	headword	257_2L.png	unverified
D90-2-02591	توقچىلىق	headword	257_2L.png	unverified
D90-2-02592	توقسان	headword	257_2L.png	unverified
D90-2-02593	توقسىنىنچى	headword	257_2L.png	unverified
D90-2-02594	توققۇز	headword	257_2L.png	unverified
D90-2-02595	توققۇز تەزىم قىلماق	headword	258_1R.png	unverified
D90-2-02596	توققۇز تولغىقى قوزغالماق	headword	258_1R.png	unverified
D90-2-02597	توققۇز تۇرالار	headword	258_1R.png	unverified
D90-2-02597-v1	توققۇز ئوغۇزلار	variant	258_1R.png	unverified
D90-2-02598	توققۇز تۈلەسلەر	headword	258_1R.png	unverified
D90-2-02599	توققۇز قىزنىڭ تولغىقى بىر تۇتماق	headword	258_1R.png	unverified
D90-2-02599-v1	توققۇز قىزنىڭ تولغىقى بىر كۈندە تۇتماق	variant	258_1R.png	unverified
D90-2-02600	توققۇز قىزنىڭ تولغىقى تەڭ تۇتماق	headword	258_1R.png	unverified
D90-2-02601	توققۇز ئۇيغۇرلار	headword	258_1R.png	unverified
D90-2-02602	توققۇزى تەل	headword	258_2L.png	unverified
D90-2-02603	توققۇزى تەل بولماق	headword	258_2L.png	unverified
D90-2-02604	توققۇز ئاتار	headword	258_2L.png	unverified
D90-2-02605	توققۇزەيلەن	headword	258_2L.png	unverified
D90-2-02606	توققۇزتونلۇق	headword	258_2L.png	verified
D90-2-02607	توققۇزكۆز	headword	258_2L.png	unverified
D90-2-02608	توققۇزكۆز سۆڭىكى	headword	258_2L.png	unverified
D90-2-02609	توققۇز كۆز ئومۇرتقىسى	headword	259_1R.png	unverified
D90-2-02610	توققۇزلۇق	headword	259_1R.png	unverified
D90-2-02611	توققۇزىنچى	headword	259_1R.png	unverified
D90-2-02612	توققۇزىنچى دېكابر ھەرىكىتى	headword	259_1R.png	unverified
D90-2-02613	توقلا	headword	259_1R.png	unverified
D90-2-02614	توقلاتماق	headword	259_1R.png	unverified
D90-2-02615	توقلاشماق	headword	259_1R.png	unverified
D90-2-02616	توقلانماق	headword	259_1R.png	unverified
D90-2-02617	توقلۇق	headword	259_2L.png	unverified
D90-2-02618	توقلىماق	headword	259_2L.png	unverified
D90-2-02619	توقماق	headword	259_2L.png	unverified
D90-2-02620	توقماق بېلىق	headword	260_1R.png	unverified
D90-2-02621	توقماقچى	headword	260_1R.png	unverified
D90-2-02622	توقماقلاتماق	headword	260_1R.png	unverified
D90-2-02623	توقماقلاشماق	headword	260_1R.png	unverified
D90-2-02624	توقماقلانماق	headword	260_1R.png	unverified
D90-2-02625	توقماقلىماق	headword	260_2L.png	unverified
D90-2-02626	توقۇتماق	headword	260_2L.png	unverified
D90-2-02628	توقۇچ	headword	260_2L.png	unverified
D90-2-06285	جىيەك	headword	615_1R.png	unverified
D90-2-02629	توقۇچ تۇتماق	headword	260_2L.png	unverified
D90-2-06295	جىيەك تۇتماق	headword	616_1R.png	unverified
D90-2-02630	توقۇچ قاتۇرماق	headword	260_2L.png	unverified
D90-2-02630-v1	لېۋەك ئەتمەك	variant	260_2L.png	unverified
D90-2-02631	توقۇر	headword	260_2L.png	unverified
D90-2-02632	توقۇشماق	headword	260_2L.png	unverified
D90-2-02634	توقۇقلۇق	headword	260_2L.png	unverified
D90-2-02636	توقۇلما	headword	261_1R.png	unverified
D90-2-02637	توقۇلما سۇيۇقلۇقى	headword	261_1R.png	unverified
D90-2-02638	توقۇلما ئۆستۈرۈش	headword	261_2L.png	unverified
D90-2-02639	توقۇلماق	headword	261_2L.png	unverified
D90-2-02641	توقۇلمىشۇناس	headword	261_2L.png	unverified
D90-2-02642	توقۇلمىشۇناسلىق	headword	261_2L.png	unverified
D90-2-02643	توقۇلمىلىق	headword	261_2L.png	verified
D90-2-02644	توقۇلمىلىق داۋالاش ئۇسۇلى	headword	262_1R.png	unverified
D90-2-02645	توقۇم	headword	262_1R.png	unverified
D90-2-02646	توقۇم تىكمەك	headword	262_2L.png	unverified
D90-2-02647	توقۇما	headword	262_2L.png	verified
D90-2-02648	توقۇماق	headword	262_2L.png	unverified
D90-2-02650	توقۇملۇق	headword	263_2L.png	unverified
D90-2-02651	توقۇمىچى	headword	263_2L.png	unverified
D90-2-02653	توقۇمىچىلىق	headword	263_2L.png	unverified
D90-2-02654	توقۇناق	headword	264_1R.png	unverified
D90-2-02655	توقۇناق بالا	headword	264_1R.png	unverified
D90-2-02656	توقۇناق قاغا	headword	264_1R.png	unverified
D90-2-02657	توقۇناقلىق	headword	264_1R.png	unverified
D90-2-02658	توقۇنۇش	headword	264_2L.png	unverified
D90-2-02659	توقۇنۇشتۇرماق	headword	265_1R.png	unverified
D90-2-02660	توقۇنۇشتۇرۇلماق	headword	265_1R.png	unverified
D90-2-02661	توقۇنۇشسىز	headword	265_1R.png	unverified
D90-2-02662	توقۇنۇشلۇق	headword	265_1R.png	unverified
D90-2-02663	توقۇنۇشماق	headword	265_1R.png	unverified
D90-2-02664	توقىچاق	headword	265_2L.png	unverified
D90-2-02666	توقىلەنەت	headword	265_2L.png	verified
D90-2-02667	توقىلىق	headword	266_1R.png	unverified
D90-2-02668	توك	headword	266_1R.png	unverified
D90-2-02673	توك تەمنلەش سىستېمىسى	headword	266_2L.png	unverified
D90-2-02674	توك توساق	headword	266_2L.png	unverified
D90-2-02675	توك توغرىلىغۇچ	headword	266_2L.png	unverified
D90-2-02676	توك تۇراقلاشتۇرغۇچ	headword	266_2L.png	unverified
D90-2-02677	توك تۆگمەن	headword	266_2L.png	unverified
D90-2-02678	توك چۆگۈن	headword	266_2L.png	unverified
D90-2-02679	توك چىغرىق	headword	266_2L.png	unverified
D90-2-02680	توك دەزمال	headword	267_1R.png	unverified
D90-2-02681	توك دۇخوپكىسى	headword	267_1R.png	unverified
D90-2-02682	توك سائىتى	headword	267_1R.png	unverified
D90-2-02683	توك سىمى	headword	267_1R.png	unverified
D90-2-02684	توك شامالدۇرغۇچ	headword	267_1R.png	unverified
D90-2-02685	توك قەلەم	headword	267_1R.png	unverified
D90-2-02686	توك مەنبەسى	headword	267_1R.png	unverified
D90-2-02687	توك ھەرە	headword	267_1R.png	unverified
D90-2-02688	توك ئوچىقى	headword	267_2L.png	verified
D90-2-02689	توك ئۈشكە	headword	267_2L.png	unverified
D90-2-02690	توك ئېقىمى	headword	267_2L.png	unverified
D90-2-02690-v1	توك I	variant	267_2L.png	unverified
D90-2-02691	توك يولى	headword	267_2L.png	unverified
D90-2-02691-v1	ئېلېكتر يولى	variant	267_2L.png	unverified
D90-2-02693	توكار	headword	267_2L.png	unverified
D90-2-02695	توك-توك	headword	268_1R.png	unverified
D90-2-02696	توكچى	headword	268_1R.png	unverified
D90-2-02697	توكسىن	headword	268_1R.png	unverified
D90-2-02698	توككىدە	headword	268_1R.png	unverified
D90-2-02699	توكلوق	headword	268_1R.png	unverified
D90-2-02700	توكۇ-توكۇڭ	headword	268_2L.png	unverified
D90-2-02701	توكۇر	headword	268_2L.png	unverified
D90-2-02703	توكۇراڭ	headword	268_2L.png	unverified
D90-2-02704	توكۇراڭچى	headword	269_1R.png	unverified
D90-2-02705	توكۇر-توكۇر	headword	269_1R.png	unverified
D90-2-02706	توكۇرلاتماق	headword	269_1R.png	unverified
D90-2-02707	توكۇرلاشماق	headword	269_1R.png	unverified
D90-2-02708	توكۇرلىماق	headword	269_1R.png	unverified
D90-2-02709	توكۇس	headword	269_1R.png	unverified
D90-2-02710	توكۇسسىدە	headword	269_1R.png	unverified
D90-2-02711	توكۇسلاتماق	headword	269_1R.png	unverified
D90-2-02712	توكۇسلىماق	headword	269_2L.png	unverified
D90-2-02713	توكۇلداتماق	headword	269_2L.png	unverified
D90-2-02714	توكۇلداشماق	headword	269_2L.png	unverified
D90-2-02715	توكۈلداق	headword	269_2L.png	unverified
D90-2-03643	تۆمۈرتۇمشۇق	headword	369_2L.png	unverified
D90-2-02716	توكۇلدىماق	headword	269_2L.png	unverified
D90-2-02717	توڭ	headword	269_2L.png	unverified
D90-2-02718	توڭ تۇخۇم	headword	270_1R.png	verified
D90-2-02719	توڭ تېشىلمەك	headword	270_1R.png	unverified
D90-2-02723	توڭ كۆتۈرۈلمەك	headword	270_2L.png	unverified
D90-2-02720	توڭ سويما	headword	270_1R.png	unverified
D90-2-02721	توڭ قاپاق	headword	270_2L.png	unverified
D90-2-02722	توڭ قاغا	headword	270_2L.png	unverified
D90-2-02724	توڭ گەپ	headword	270_2L.png	unverified
D90-2-02725	توڭ ئوسا	headword	270_2L.png	unverified
D90-2-02726	توڭ ئۆلچىگۈچ	headword	270_2L.png	verified
D90-2-02727	توڭ ئىسكىلات	headword	270_2L.png	unverified
D90-2-02729	توڭ-توڭ	headword	271_1R.png	unverified
D90-2-02730	توڭدۇرماق	headword	271_1R.png	unverified
D90-2-02731	توڭرا	headword	271_1R.png	unverified
D90-2-02733	توڭرىلىق	headword	271_1R.png	unverified
D90-2-02734	توڭغاق	headword	271_2L.png	unverified
D90-2-02735	توڭكاي	headword	271_2L.png	unverified
D90-2-02736	توڭگۇز	headword	271_2L.png	verified
D90-2-02739	توڭگۇز تاراق	headword	272_1R.png	unverified
D90-2-02740	توڭگۇز تېرىقى	headword	272_1R.png	verified
D90-2-02741	توڭگۇزلۇك	headword	272_1R.png	verified
D90-2-02742	توڭگۇز ياڭىقى	headword	272_1R.png	verified
D90-2-02742-v1	بەللۇت	variant	272_1R.png	verified
D90-2-02743	توڭڭىدە	headword	272_1R.png	unverified
D90-2-02744	توڭلاتقۇ	headword	272_1R.png	unverified
D90-2-02745	توڭلاتماق	headword	272_1R.png	unverified
D90-2-02746	توڭلاش	headword	272_2L.png	unverified
D90-2-02748	توڭلۇق	headword	272_2L.png	unverified
D90-2-02749	توڭلىتىش	headword	272_2L.png	unverified
D90-2-02750	توڭلىتىلماق	headword	272_2L.png	unverified
D90-2-02751	توڭلىماق	headword	272_2L.png	unverified
D90-2-02752	توڭماق	headword	273_1R.png	unverified
D90-2-02753	توڭۇشماق	headword	273_1R.png	unverified
D90-2-02754	تولا	headword	273_1R.png	unverified
D90-2-02755	تولاتقۇزماق	headword	273_2L.png	unverified
D90-2-02756	تولاتماق	headword	273_2L.png	unverified
D90-2-02757	تولا-تېرىم	headword	273_2L.png	unverified
D90-2-02758	تولاشماق	headword	273_2L.png	unverified
D90-2-02759	تولام	headword	273_2L.png	unverified
D90-2-02760	تولامچاق	headword	273_2L.png	unverified
D90-2-02761	تولانماق	headword	274_1R.png	unverified
D90-2-02762	تولتا	headword	274_1R.png	unverified
D90-2-02763	تولتىلىق	headword	274_1R.png	unverified
D90-2-02764	تولدۇرغۇچى	headword	274_1R.png	unverified
D90-2-02768	تولدۇرما	headword	274_2L.png	unverified
D90-2-02770	تولدۇرماق	headword	274_2L.png	unverified
D90-2-02771	تولدۇرۇشماق	headword	275_1R.png	unverified
D90-2-02772	تولدۇرۇلماق	headword	275_1R.png	unverified
D90-2-02773	تولغاتماق	headword	275_1R.png	unverified
D90-2-02774	تولغاش	headword	275_1R.png	unverified
D90-2-02775	تولغاشتۇرماق	headword	275_1R.png	unverified
D90-2-02776	تولغاشماق	headword	275_1R.png	unverified
D90-2-02777	تولغاق	headword	275_1R.png	unverified
D90-2-02778	تولغاق تاياقچە باكتېرىيىسى	headword	275_2L.png	unverified
D90-2-02779	تولغاق تۇتماق	headword	275_2L.png	unverified
D90-2-02780	تولغاق كەلمەك	headword	275_2L.png	unverified
D90-2-02781	تولغاق يىمەك	headword	275_2L.png	unverified
D90-2-02782	تولغام	headword	275_2L.png	unverified
D90-2-02783	تولغان	headword	276_1R.png	unverified
D90-2-02784	تولغاندۇرماق	headword	276_1R.png	unverified
D90-2-02785	تولغانماق	headword	276_1R.png	unverified
D90-2-02786	تولغىما	headword	276_2L.png	unverified
D90-2-02788	تولغىماچ	headword	277_1R.png	unverified
D90-2-02789	تولغىماق	headword	277_1R.png	unverified
D90-2-02790	تولغىنىش	headword	277_2L.png	unverified
D90-2-02791	تولغىنىش دېفورماتسىيىسى	headword	277_2L.png	unverified
D90-2-02792	تولماق	headword	277_2L.png	unverified
D90-2-02794	تولۇق	headword	278_2L.png	unverified
D90-2-02797	تولۇق ئاۋاز	headword	279_2L.png	unverified
D90-2-02798	تولۇق تۇتۇلۇش	headword	279_2L.png	unverified
D90-2-02799	تولۇق سان	headword	279_2L.png	verified
D90-2-02800	تولۇق سايە	headword	279_2L.png	unverified
D90-2-02801	تولۇق شەكىل ئۆزگەرتىش	headword	279_2L.png	unverified
D90-2-02802	تولۇق قايتىش	headword	280_1R.png	unverified
D90-2-02803	تولۇق كۆرۈنۈش	headword	280_1R.png	unverified
D90-2-02804	تولۇق كۆرۈنۈشلۈك كىنو	headword	280_1R.png	unverified
D90-2-02805	تولۇق ماس مۇناسىۋەت	headword	280_1R.png	unverified
D90-2-02806	تولۇق ئوتتۇرا مەكتەپ	headword	280_1R.png	unverified
D90-2-02807	تولۇق ئىندۇكسىيىلىك خۇلاسە	headword	280_2L.png	unverified
D90-2-02808	تولۇق يوپۇرماق	headword	280_2L.png	unverified
D90-2-02809	تولۇق يۈك	headword	280_2L.png	verified
D90-2-02810	تولۇقسىز	headword	280_2L.png	unverified
D90-2-02811	تولۇقسىز بۆلۈنمە	headword	281_1R.png	unverified
D90-2-02812	تولۇقسىز پېئىل	headword	281_1R.png	unverified
D90-2-02812-v1	ياردەمچى پېئىل	variant	281_1R.png	unverified
D90-2-02813	تولۇقسىز تاكت	headword	281_1R.png	unverified
D90-2-02814	تولۇقسىز جۈملە	headword	281_1R.png	unverified
D90-2-02815	تولۇقسىز ئوتتۇرا مەكتەپ	headword	281_1R.png	unverified
D90-2-02816	تولۇقسىز ئىندۇكسىيىلىك ئەقلىي خۇلاسە	headword	281_1R.png	unverified
D90-2-02817	تولۇقلاتقۇزماق	headword	281_2L.png	unverified
D90-2-02818	تولۇقلاتماق	headword	281_2L.png	unverified
D90-2-02819	تولۇقلاشماق	headword	281_2L.png	unverified
D90-2-02820	تولۇقلاندۇرماق	headword	281_2L.png	unverified
D90-2-02821	تولۇقلاندۇرۇلماق	headword	281_2L.png	unverified
D90-2-02822	تولۇقلانما	headword	281_2L.png	unverified
D90-2-02823	تولۇقلانماق	headword	281_2L.png	unverified
D90-2-02824	تولۇقلىغۇچى	headword	282_1R.png	unverified
D90-2-02825	تولۇقلىما	headword	282_1R.png	unverified
D90-2-02826	تولۇقلىماق	headword	282_1R.png	unverified
D90-2-02827	تولۇن	headword	282_2L.png	unverified
D90-2-02828	تولۇن ئاي	headword	282_2L.png	unverified
D90-2-02829	تولۇئۇل	headword	282_2L.png	unverified
D90-2-02829-v1	مېتىل بېنزول	variant	282_2L.png	unverified
D90-2-02830	تولۋۇر	headword	282_2L.png	unverified
D90-2-02831	تولىلىماق	headword	282_2L.png	unverified
D90-2-02832	تولما	headword	282_2L.png	unverified
D90-2-02834	توم	headword	283_1R.png	unverified
D90-2-02837	توم تۇياق	headword	283_1R.png	unverified
D90-2-02838	توم تۇياقلىقلار	headword	283_2L.png	unverified
D90-2-02839	توم تۇياقلىقلار ئەترىتى	headword	283_2L.png	unverified
D90-2-02840	توم قوشلاڭ	headword	283_2L.png	unverified
D90-2-02841	توم كەلمەك	headword	283_2L.png	unverified
D90-2-02842	توم گىرى	headword	283_2L.png	unverified
D90-2-02844	توما	headword	283_2L.png	unverified
D90-2-02845	توماتقۇ	headword	284_1R.png	unverified
D90-2-02845-v1	بۆك	variant	284_1R.png	unverified
D90-2-02846	تومبالقا	headword	284_1R.png	unverified
D90-2-02847	تومبۇلاق	headword	284_1R.png	unverified
D90-2-02848	تومپاي	headword	284_1R.png	unverified
D90-2-02849	تومپايتماق	headword	284_1R.png	unverified
D90-2-02850	تومپايلىق	headword	284_2L.png	unverified
D90-2-02851	تومپايماق	headword	284_2L.png	unverified
D90-2-02852	تومپۇچكا	headword	284_2L.png	unverified
D90-2-02853	تومپۇر	headword	284_2L.png	unverified
D90-2-02854	تومتاق	headword	284_2L.png	unverified
D90-2-02855	تومتاقلىماق	headword	285_1R.png	unverified
D90-2-02856	تومتاياق	headword	285_1R.png	unverified
D90-2-02857	توملاشماق	headword	285_1R.png	unverified
D90-2-02858	توملۇق	headword	285_1R.png	unverified
D90-2-02860	توملىماق	headword	285_2L.png	unverified
D90-2-02861	تومۇر	headword	285_2L.png	unverified
D90-2-02862	تومۇر تۇتماق	headword	286_1R.png	unverified
D90-2-02863	تومۇرى سوقماق	headword	286_1R.png	unverified
D90-2-02864	تومۇرچى	headword	286_1R.png	unverified
D90-2-02865	تومۇرداش	headword	286_2L.png	unverified
D90-2-02866	تومۇردان	headword	286_2L.png	unverified
D90-2-02867	تومۇرلۇق	headword	286_2L.png	unverified
D90-2-02869	تومۇز	headword	287_1R.png	unverified
D90-2-02870	تومۇزغا	headword	287_1R.png	unverified
D90-2-02871	تومىلاق	nonstandard	287_1R.png	unverified
D90-2-02871-c1	دومىلاق	corrected_form	287_1R.png	unverified
D90-2-02872	تون	headword	287_1R.png	unverified
D90-2-02874	تون پىچماق	headword	287_2L.png	unverified
D90-2-02875	تون كىيدۈرمەك	headword	287_2L.png	unverified
D90-2-02878	تون ياپماق	headword	288_1R.png	unverified
D90-2-02876	تونىغا كىرمەك	headword	287_2L.png	unverified
D90-2-02877	توننى تەتۈر كىيمەك	headword	288_1R.png	unverified
D90-2-02877-v1	چاپاننى تەتۈر كىيمەك	variant	288_1R.png	unverified
D90-2-02879	تونا	headword	288_1R.png	verified
D90-2-02879-v1	تونا دەرىخى	variant	288_1R.png	verified
D90-2-02881	تونچە	headword	288_1R.png	unverified
D90-2-02883	تونسىز	headword	288_1R.png	unverified
D90-2-02885	تونلۇق	headword	288_1R.png	unverified
D90-2-02886	توننا	headword	288_2L.png	unverified
D90-2-02887	تونناژ	headword	288_2L.png	unverified
D90-2-02888	توننىلىق	headword	288_2L.png	unverified
D90-2-02889	توننىلىماق	headword	288_2L.png	unverified
D90-2-02890	تونۇتماق	headword	288_2L.png	unverified
D90-2-02891	تونۇر	headword	289_1R.png	unverified
D90-2-02893	تونۇش	headword	289_1R.png	unverified
D90-2-02896	تونۇش-بىلىش	headword	289_2L.png	unverified
D90-2-02897	تونۇشتۇرغۇچى	headword	289_2L.png	unverified
D90-2-02898	تونۇشتۇرماق	headword	290_1R.png	unverified
D90-2-02899	تونۇشتۇرۇش	headword	290_1R.png	unverified
D90-2-02900	تونۇشتۇرۇلما	headword	290_2L.png	unverified
D90-2-02901	تونۇشتۇرۇلماق	headword	290_2L.png	unverified
D90-2-02902	تونۇشسىز	headword	290_2L.png	unverified
D90-2-02903	تونۇشلۇق	headword	290_2L.png	unverified
D90-2-02904	تونۇشماق	headword	291_1R.png	unverified
D90-2-02905	تونۇغۇسىز	headword	291_2L.png	unverified
D90-2-02906	تونۇلماق	headword	291_2L.png	unverified
D90-2-02907	تونۇماق	headword	291_2L.png	unverified
D90-2-02908	تونىل	headword	292_1R.png	verified
D90-2-02909	توۋا	headword	292_1R.png	unverified
D90-2-02910	توۋا خۇدايىم	headword	292_2L.png	verified
D90-2-02911	توۋا دېمەك	headword	292_2L.png	unverified
D90-2-02912	توۋا قىلماق	headword	293_1R.png	unverified
D90-2-02913	توۋا-تەزەررۇ	headword	293_1R.png	unverified
D90-2-02914	توۋا-ئىستىغپار	headword	293_1R.png	unverified
D90-2-02915	توۋا-ئىستىغپار ئوقۇماق	headword	293_2L.png	unverified
D90-2-02916	توۋا-ئىستىغپار ئېيتماق	headword	293_2L.png	unverified
D90-2-02918	توۋلاتماق	headword	293_2L.png	unverified
D90-2-02919	توۋلاشماق	headword	293_2L.png	unverified
D90-2-02920	توۋلانماق	headword	294_1R.png	unverified
D90-2-02921	توۋلىماق	headword	294_1R.png	unverified
D90-2-02922	توۋىنامە	headword	294_2L.png	verified
D90-2-02923	توي	headword	294_2L.png	unverified
D90-2-02924	توي بولماق	headword	294_2L.png	unverified
D90-2-02925	توي بېشى	headword	295_1R.png	unverified
D90-2-02926	توي تارتماق	headword	295_1R.png	unverified
D90-2-02927	توي چېيى	headword	295_1R.png	unverified
D90-2-02928	توي خېتى	headword	295_1R.png	unverified
D90-2-02929	توي قىلماق	headword	295_1R.png	unverified
D90-2-02931	توي ئوينىماق	headword	295_2L.png	unverified
D90-2-02932	توي ئۈستىگە توي بولماق	headword	295_2L.png	unverified
D90-2-02933	توي-تاماشا	headword	295_2L.png	unverified
D90-2-02934	توي-تاماشا قىلماق	headword	295_2L.png	unverified
D90-2-02935	توي-تۆكۈن	headword	296_1R.png	unverified
D90-2-02936	تويچى	headword	296_1R.png	unverified
D90-2-02937	تويدۇرماق	headword	296_1R.png	unverified
D90-2-02938	تويدۇرۇشماق	headword	296_1R.png	unverified
D90-2-02939	تويدۇرۇلماق	headword	296_1R.png	unverified
D90-2-02940	تويغۇلۇق	headword	296_1R.png	unverified
D90-2-02941	تويغۇچە	headword	296_1R.png	unverified
D90-2-02942	تويلاتماق	headword	296_2L.png	unverified
D90-2-02943	تويلاشماق	headword	296_2L.png	unverified
D90-2-02944	تويلۇق	headword	296_2L.png	unverified
D90-2-02945	تويلۇق سالماق	headword	297_1R.png	unverified
D90-2-02946	تويلىماق	headword	297_1R.png	unverified
D90-2-02947	تويماس	headword	297_1R.png	unverified
D90-2-02948	تويماق	headword	297_1R.png	unverified
D90-2-02949	توي-مەرىكە	headword	297_2L.png	unverified
D90-2-02950	تويمىغۇر	headword	297_2L.png	unverified
D90-2-02951	تويمىغۇرلۇق	headword	297_2L.png	unverified
D90-2-02952	تويۇشماق	headword	298_1R.png	unverified
D90-2-02953	تويۇمسىز	headword	298_1R.png	unverified
D90-2-02954	تويۇمسىزلىق	headword	298_1R.png	unverified
D90-2-02955	تويۇندۇرماق	headword	298_1R.png	unverified
D90-2-02956	تويۇنغان	headword	298_1R.png	unverified
D90-2-02960	تويۇنماق	headword	298_2L.png	unverified
D90-2-02961	تويۇنۇش	headword	298_2L.png	unverified
D90-2-02963	تويۇنۇش دەرىجىسى	headword	299_1R.png	verified
D90-2-02964	تويۇنئۆرۈك	headword	299_1R.png	verified
D90-2-02967	تۇەنجاڭلىق	headword	299_1R.png	unverified
D90-2-02968	تۇبا	headword	299_1R.png	verified
D90-2-02969	تۇبېركۇليوز	headword	299_2L.png	unverified
D90-2-02970	تۇپراق	headword	299_2L.png	unverified
D90-2-02971	تۇپراق بېشى	headword	300_1R.png	unverified
D90-2-02972	تۇپراق تېمپېراتۇرىسى	headword	300_1R.png	verified
D90-2-02973	تۇپراق سۈيى	headword	300_1R.png	verified
D90-2-02974	تۇپراقچىلىق	headword	300_1R.png	unverified
D90-2-02976	تۇپراقشۇناسلىق	headword	300_1R.png	verified
D90-2-02975	تۇپراقشۇناس	headword	300_1R.png	unverified
D90-2-02977	تۇپراقلىق	headword	300_2L.png	unverified
D90-2-02978	تۇت	headword	300_2L.png	unverified
D90-2-02979	تۇتاتقۇ	headword	300_2L.png	unverified
D90-2-02980	تۇتاش	headword	300_2L.png	unverified
D90-2-02981	تۇتاش بەرگلىك گۈل تاجى	headword	301_1R.png	unverified
D90-2-02982	تۇتاش سپېكتر	headword	301_1R.png	unverified
D90-2-02983	تۇتاش قاچىلار	headword	301_1R.png	unverified
D90-2-02984	تۇتاش كېمىر دامبا	headword	301_1R.png	unverified
D90-2-02985	تۇتاشتۇرغۇچى	headword	301_1R.png	unverified
D90-2-02986	تۇتاشتۇرغۇچى تۆمۈر	headword	301_1R.png	unverified
D90-2-02987	تۇتاشتۇرما	headword	301_1R.png	unverified
D90-2-02988	تۇتاشتۇرماق	headword	301_2L.png	unverified
D90-2-02990	تۇتاشتۇرۇلماق	headword	301_2L.png	unverified
D90-2-02992	تۇتاشماق	headword	301_2L.png	unverified
D90-2-02994	تۇتال	headword	302_1R.png	unverified
D90-2-02996	تۇتال بولماق	headword	302_1R.png	unverified
D90-2-02997	تۇتام	headword	302_1R.png	unverified
D90-2-02998	تۇتامى بار	headword	302_2L.png	unverified
D90-2-02999	تۇتامى يوق	headword	302_2L.png	unverified
D90-2-03000	تۇتامسىز	headword	302_2L.png	unverified
D90-2-03001	تۇتامسىزلىق	headword	303_1R.png	unverified
D90-2-03002	تۇتاملاتماق	headword	303_1R.png	unverified
D90-2-03003	تۇتاملاشماق	headword	303_1R.png	unverified
D90-2-03004	تۇتاملىق	headword	303_1R.png	unverified
D90-2-03005	تۇتاملىماق	headword	303_1R.png	unverified
D90-2-03006	تۇت-تۇت	headword	303_2L.png	unverified
D90-2-03006-v1	تۇت-تۇت قىلماق	variant	303_2L.png	unverified
D90-2-03007	تۇترۇق	headword	303_2L.png	unverified
D90-2-03008	تۇتقا	headword	303_2L.png	unverified
D90-2-03011	تۇتقاق	headword	303_2L.png	unverified
D90-2-03013	تۇتقاقلىق	headword	304_1R.png	unverified
D90-2-03015	تۇتقامىش	headword	304_1R.png	unverified
D90-2-03016	تۇتقان	headword	304_1R.png	unverified
D90-2-03018	تۇتقان-پۈتكىنى	headword	304_1R.png	unverified
D90-2-03019	تۇتقاۋۇل	headword	304_1R.png	unverified
D90-2-03020	تۇتتاۋۇنلۇق	headword	304_2L.png	unverified
D90-2-03021	تۇتقۇچ	headword	304_2L.png	unverified
D90-2-03022	تۇتقۇزماق	headword	304_2L.png	unverified
D90-2-03023	تۇتقۇزماي	headword	304_2L.png	unverified
D90-2-03024	تۇتقۇزماي ئالماق	headword	304_2L.png	unverified
D90-2-03025	تۇتقۇزۇشماق	headword	305_1R.png	unverified
D90-2-03026	تۇتقۇزۇلماق	headword	305_1R.png	unverified
D90-2-03027	تۇتقۇن	headword	305_1R.png	unverified
D90-2-03030	تۇتقۇن قىلماق	headword	305_2L.png	unverified
D90-2-03031	تۇتقۇنلۇق	headword	305_2L.png	unverified
D90-2-03032	تۇتقىسىز	headword	305_2L.png	unverified
D90-2-03033	تۇتقىلىق	headword	305_2L.png	unverified
D90-2-03034	تۇتماق	headword	306_1R.png	unverified
D90-2-03042	تۇتۇپ	headword	309_1R.png	unverified
D90-2-03043	تۇتۇپ بەرمەك	headword	309_1R.png	unverified
D90-2-03044	تۇتۇپ تۇرماق	headword	309_1R.png	unverified
D90-2-03045	تۇتۇپ تۇرۇپ ئەمگەككە سېلىش	headword	309_2L.png	unverified
D90-2-03046	تۇتۇپ قېلىش	headword	309_2L.png	unverified
D90-2-03047	تۇتۇرۇق	headword	309_2L.png	unverified
D90-2-03048	تۇتۇرۇق بولماق	headword	309_2L.png	unverified
D90-2-03050	تۇتۇرۇقسىز	headword	310_1R.png	unverified
D90-2-03051	تۇتۇرۇقسىزلىق	headword	310_1R.png	unverified
D90-2-03052	تۇتۇش	headword	310_1R.png	unverified
D90-2-03053	تۇتۇش قىلماق	headword	310_2L.png	unverified
D90-2-03054	تۇتۇش نىسبىتى	headword	310_2L.png	unverified
D90-2-03055	تۇتۇشتۇرماق	headword	310_2L.png	unverified
D90-2-03056	تۇتۇشماق	headword	310_2L.png	unverified
D90-2-03057	تۇتۇق	headword	311_1R.png	unverified
D90-2-03062	تۇتۇقلاشتۇرماق	headword	311_2L.png	unverified
D90-2-03063	تۇتۇقلاشماق	headword	311_2L.png	unverified
D90-2-03064	تۇتۇقلۇق	headword	312_1R.png	unverified
D90-2-03066	تۇتۇلماق	headword	312_1R.png	unverified
D90-2-03067	تۇتۇنماق	headword	312_2L.png	unverified
D90-2-03068	تۇتى	headword	313_1R.png	unverified
D90-2-03069	تۇتى قۇش	headword	313_1R.png	unverified
D90-2-03069-v1	شاتۇتى	variant	313_1R.png	unverified
D90-2-03070	تۇتىيا	headword	313_1R.png	unverified
D90-2-03073	تۇجا	headword	313_2L.png	unverified
D90-2-03075	تۇجاچە	headword	313_2L.png	unverified
D90-2-03076	تۇجالار	headword	313_2L.png	unverified
D90-2-03077	تۇجۇركا	headword	313_2L.png	unverified
D90-2-03078	تۇچ	headword	313_2L.png	unverified
D90-2-03080	تۇخاۋ-لېيشېن	headword	314_1R.png	unverified
D90-2-03081	تۇخۇم	headword	314_1R.png	unverified
D90-2-03084	تۇخۇم پوشكىلى	headword	314_2L.png	unverified
D90-2-03085	تۇخۇم پۆرىسى	headword	314_2L.png	unverified
D90-2-03086	تۇخۇم توخۇسى	headword	314_2L.png	unverified
D90-2-03087	تۇخۇم تۇغماق	headword	314_2L.png	unverified
D90-2-03088	تۇخۇم تۆرەلمىلىك تۇغۇش	headword	314_2L.png	unverified
D90-2-03089	تۇخۇم چۆچۈرىسى	headword	314_2L.png	unverified
D90-2-03090	تۇخۇم چىقارماق	headword	314_2L.png	unverified
D90-2-03091	تۇخۇم چىقىرىش مەزگىلى	headword	314_2L.png	unverified
D90-2-03092	تۇخۇم چېكىشمەك	headword	315_1R.png	unverified
D90-2-03093	تۇخۇمدىن تۈك ئۈندۈرمەك	headword	315_1R.png	unverified
D90-2-03094	تۇخۇمدىن چىقماق	headword	315_1R.png	unverified
D90-2-03095	تۇخۇم سالماق	headword	315_1R.png	unverified
D90-2-03096	تۇخۇم سامسىسى	headword	315_1R.png	unverified
D90-2-03097	تۇخۇم سېرىقى	headword	315_1R.png	unverified
D90-2-03098	تۇخۇم شارچىسى	headword	315_2L.png	unverified
D90-2-03099	تۇخۇم شورپىسى	headword	315_2L.png	unverified
D90-2-03100	تۇخۇم كاللىكى	headword	315_2L.png	unverified
D90-2-03101	تۇخۇم نەشپۈت	headword	315_2L.png	unverified
D90-2-03102	تۇخۇمنى تاشقا ئۇرماق	headword	315_2L.png	unverified
D90-2-03103	تۇخۇمنىڭ تۆرىلىشى	headword	315_2L.png	unverified
D90-2-03104	تۇخۇم ھۈجەيرىسى	headword	316_1R.png	unverified
D90-2-03105	تۇخۇم ئوينىماق	headword	316_1R.png	unverified
D90-2-03106	تۇخۇم ئېقى	headword	316_1R.png	unverified
D90-2-03107	تۇخۇمى بۇزۇق	headword	316_1R.png	unverified
D90-2-03108	تۇخۇمىنى قۇرۇتماق	headword	316_1R.png	unverified
D90-2-03109	تۇخۇم يۆتكەش	headword	316_1R.png	unverified
D90-2-03110	تۇخۇمەك	headword	316_1R.png	unverified
D90-2-03110-v1	تۇخۇمەك دەرىخى	variant	316_1R.png	unverified
D90-2-03111	تۇخۇمەك پۇرچىقى	headword	316_1R.png	unverified
D90-2-03112	تۇخۇمەكلىك	headword	316_2L.png	unverified
D90-2-03113	تۇخۇمچى	headword	316_2L.png	unverified
D90-2-03114	تۇخۇمچىلىق	headword	316_2L.png	unverified
D90-2-03115	تۇخۇمچىلىك	headword	316_2L.png	unverified
D90-2-03116	تۇخۇمدان	headword	316_2L.png	unverified
D90-2-03117	تۇخۇمسىمان	headword	317_1R.png	unverified
D90-2-03118	تۇخۇملاتماق	headword	317_1R.png	unverified
D90-2-03119	تۇخۇملۇق	headword	317_1R.png	unverified
D90-2-03121	تۇخۇملىماق	headword	317_1R.png	unverified
D90-2-03122	تۇر	headword	317_1R.png	unverified
D90-2-03124	تۇرا	headword	317_2L.png	unverified
D90-2-03127	تۇرار	headword	317_2L.png	unverified
D90-2-03129	تۇرارلىق	headword	318_1R.png	unverified
D90-2-03130	تۇراق	headword	318_1R.png	unverified
D90-2-03131	تۇراقسىز	headword	318_1R.png	unverified
D90-2-03136	تۇراقسىز مەبلەغ	headword	318_2L.png	unverified
D90-2-03137	تۇراقسىز يىلتىز	headword	318_2L.png	unverified
D90-2-03138	تۇراقسىزلاشماق	headword	318_2L.png	unverified
D90-2-03139	تۇراقسىزلانماق	headword	318_2L.png	unverified
D90-2-03140	تۇراقسىزلىق	headword	318_2L.png	unverified
D90-2-03141	تۇراقلاشتۇرماق	headword	318_2L.png	unverified
D90-2-03142	تۇراقلاشتۇرۇلماق	headword	319_1R.png	unverified
D90-2-03143	تۇراقلاشماق	headword	319_1R.png	unverified
D90-2-03144	تۇراقلاندۇرماق	headword	319_1R.png	unverified
D90-2-03145	تۇراقلىنماق	headword	319_1R.png	unverified
D90-2-03146	تۇراقلىق	headword	319_1R.png	unverified
D90-2-03149	تۇراقلىق توك	headword	319_2L.png	verified
D90-2-03150	تۇراقلىق تېمپېراتۇرا	headword	319_2L.png	verified
D90-2-03151	تۇراقلىق سان	headword	319_2L.png	verified
D90-2-03152	تۇراقلىق سۆز بىرىكمىسى	headword	319_2L.png	unverified
D90-2-03153	تۇراقلىق قىزىتما	headword	320_1R.png	unverified
D90-2-03154	تۇراقلىق كاپىتال	headword	320_1R.png	unverified
D90-2-03155	تۇراقلىق ماگنىت	headword	320_1R.png	unverified
D90-2-03156	تۇراقلىق مەبلەغ	headword	320_1R.png	unverified
D90-2-03157	تۇراقلىق مۈلۈك	headword	320_1R.png	unverified
D90-2-03158	تۇرالغۇ	headword	320_2L.png	unverified
D90-2-03160	تۇرالغۇسى يوق	headword	321_1R.png	unverified
D90-2-03161	تۇرالغۇسىز	headword	321_1R.png	unverified
D90-2-03162	تۇرانە	headword	321_1R.png	unverified
D90-2-03162-v1	يۈزتۇرانە	variant	321_1R.png	unverified
D90-2-03163	تۇربىنا	headword	321_1R.png	unverified
D90-2-03164	تۇربىنا ناسۇس	headword	321_1R.png	unverified
D90-2-03165	تۇربىنا ناسۇس ئىستانسىسى	headword	321_1R.png	unverified
D90-2-03166	تۇربىنلىق	headword	321_1R.png	unverified
D90-2-03167	تۇر-تۇر	headword	321_1R.png	unverified
D90-2-03168	تۇرخۇن	headword	321_1R.png	unverified
D90-2-03169	تۇرخۇنلۇق	headword	321_1R.png	unverified
D90-2-03170	تۇرسا-قوپسا	headword	321_1R.png	unverified
D90-2-03171	تۇرشاۋۇل	headword	321_2L.png	unverified
D90-2-03172	تۇرشاۋۇللۇق	headword	321_2L.png	unverified
D90-2-03173	تۇرغان	headword	321_2L.png	verified
D90-2-09463	تۇرغان تامغا ئۈسىمەك	headword	321_2L.png	verified
D90-2-09464	تۇرغان گەپ	headword	321_2L.png	verified
D90-2-09465	تۇرغان-پۈتكىنى	headword	321_2L.png	verified
D90-2-03174	تۇرغۇت	headword	321_2L.png	unverified
D90-2-03177	تۇرغۇچ	headword	322_1R.png	unverified
D90-2-03178	تۇرغۇزماق	headword	322_1R.png	unverified
D90-2-03179	تۇرغۇزۇشماق	headword	322_2L.png	unverified
D90-2-03180	تۇرغۇزۇلماق	headword	322_2L.png	unverified
D90-2-03181	تۇرغۇسىز	headword	322_2L.png	unverified
D90-2-03182	تۇرغۇسىز بولۇپ كەتمەك	headword	322_2L.png	unverified
D90-2-03183	تۇرغۇسىز قىلىۋەتمەك	headword	322_2L.png	unverified
D90-2-03184	تۇرغۇن	headword	322_2L.png	unverified
D90-2-03185	تۇرغۇن چىش	headword	323_1R.png	unverified
D90-2-03186	تۇرغۇن سۆز	headword	323_1R.png	unverified
D90-2-03187	تۇرغۇن قۇشلار	headword	323_1R.png	unverified
D90-2-03188	تۇرغۇن يۇلتۇز	headword	323_1R.png	unverified
D90-2-03190	تۇرغۇنلۇق	headword	323_1R.png	unverified
D90-2-03191	تۇرق	headword	323_2L.png	unverified
D90-2-03192	تۇرقى بار	headword	323_2L.png	unverified
D90-2-03193	تۇرقى يوق	headword	323_2L.png	unverified
D90-2-03194	تۇرماق	headword	324_1R.png	unverified
D90-2-03200	تۇرمالىن	headword	326_2L.png	unverified
D90-2-03201	تۇرمۇش	headword	326_2L.png	unverified
D90-2-03202	تۇرمۇش بۇيۇملىرى	headword	327_1R.png	unverified
D90-2-03203	تۇرمۇش خىراجىتى	headword	327_1R.png	unverified
D90-2-03204	تۇرمۇش سەۋىيىسى	headword	327_1R.png	unverified
D90-2-03205	تۇرمۇشقا چىقماق	headword	327_1R.png	unverified
D90-2-03206	تۇرمۇش قۇرماق	headword	327_2L.png	unverified
D90-2-03207	تۇرمۇش كەچۈرمەك	headword	327_2L.png	unverified
D90-2-03208	تۇرمۇش ۋاسىتىسى	headword	327_2L.png	unverified
D90-2-03209	تۇرمۇشلۇق	headword	327_2L.png	unverified
D90-2-03210	تۇرمۇشلۇق بولماق	headword	327_2L.png	unverified
D90-2-03211	تۇرمۇشلۇق قىلماق	headword	327_2L.png	unverified
D90-2-03212	تۇرنا	headword	328_1R.png	verified
D90-2-03213	تۇرۇبا	headword	328_1R.png	verified
D90-2-03215	تۇرۇبىلىق	headword	328_1R.png	unverified
D90-2-03216	تۇرۇپ	headword	328_2L.png	unverified
D90-2-03220	تۇرۇپ قالماق	headword	329_1R.png	unverified
D90-2-03221	تۇرۇپ كەتمەك	headword	329_1R.png	unverified
D90-2-03223	تۇرۇپ-تۇرۇپ	headword	329_2L.png	unverified
D90-2-03224	تۇرۇپكا	headword	329_2L.png	unverified
D90-2-03225	تۇرۇپاۋق	headword	329_2L.png	unverified
D90-2-03226	تۇرۇش	headword	329_2L.png	unverified
D90-2-03227	تۇرۇش قىلماق	headword	329_2L.png	unverified
D90-2-03228	تۇرۇشلۇق	headword	329_2L.png	unverified
D90-2-03229	تۇرۇشماق	headword	330_1R.png	unverified
D90-2-03230	تۇرۇقلۇق	headword	330_1R.png	unverified
D90-2-03231	تۇرۇلغا	headword	330_1R.png	unverified
D90-2-03232	تۇرۇلماق	headword	330_1R.png	unverified
D90-2-03233	تۇرۇم	headword	330_2L.png	unverified
D90-2-03234	تۇرۇمتاي	headword	330_2L.png	unverified
D90-2-03235	تۇرۇنچ	headword	330_2L.png	unverified
D90-2-03236	تۇرۇنقاي	headword	330_2L.png	unverified
D90-2-03237	تۇز	headword	330_2L.png	unverified
D90-2-03238	تۈز بەرمەك	headword	331_1R.png	unverified
D90-2-03239	تۇز تاماتتى	headword	331_1R.png	unverified
D90-2-03240	تۇز كىسلاتاسى	headword	331_1R.png	unverified
D90-2-03241	تۇز ھەققى	headword	331_1R.png	unverified
D90-2-03242	تۇزىغا ئېغىز تەگمەك	headword	331_1R.png	unverified
D90-2-03243	تۇزىنى ئاقلىماق	headword	331_2L.png	verified
D90-2-03244	تۇزىنى تېتىماق	headword	331_2L.png	verified
D90-2-03245	تۇزىنى قايتۇرماق	headword	331_2L.png	verified
D90-2-03246	تۇزىنى كۆرمىگەن	headword	331_2L.png	verified
D90-2-03247	تۇزىنى يەپ تۇزلۇقىنى چاقماق	headword	331_2L.png	verified
D90-2-03248	تۇزىنى يەپ تۇزلۇقىغا سىيمەڭ	headword	331_2L.png	verified
D90-2-03249	تۇزىنى يەپ كوزىسىنى سۇندۇرماق	headword	331_2L.png	verified
D90-2-03250	تۇزىنى يېمەك	headword	331_2L.png	verified
D90-2-09468	تۇزى ئېغىر	headword	332_1R.png	verified
D90-2-09468-v1	توپىسى ئېغىر	variant	332_1R.png	verified
D90-2-09469	تۇز يەپ تۇزلۇققا تۈكۈرمەك	headword	332_1R.png	verified
D90-2-03252	تۇزاق	headword	332_1R.png	verified
D90-2-03254	تۇزاققا دەسسىمەك	headword	332_2L.png	unverified
D90-2-03254-v1	تۇزاققا چۈشمەك	variant	332_2L.png	unverified
D90-2-03255	تۇزاق قويماق	headword	332_2L.png	unverified
D90-2-03256	تۇزاق قۇرماق	headword	332_2L.png	unverified
D90-2-03257	تۇزاقچى	headword	332_2L.png	unverified
D90-2-03258	تۇز-تائام	headword	332_2L.png	unverified
D90-2-03259	تۇز-تاماق	headword	333_1R.png	unverified
D90-2-03260	تۇز-تەم	headword	333_1R.png	unverified
D90-2-03261	تۇزچى	headword	333_1R.png	unverified
D90-2-03262	تۇزچىلىق	headword	333_1R.png	unverified
D90-2-03263	تۇزدان	headword	333_1R.png	unverified
D90-2-03264	تۇزسىراتماق	headword	333_1R.png	unverified
D90-2-03265	تۇزسىراشماق	headword	333_1R.png	unverified
D90-2-03266	تۇزسىرىماق	headword	333_1R.png	unverified
D90-2-03267	تۇزسىز	headword	333_2L.png	unverified
D90-2-03270	تۇزسىزلىق	headword	333_2L.png	unverified
D90-2-03271	تۇزكور	headword	333_2L.png	verified
D90-2-03272	تۇزكورلۇق	headword	333_2L.png	unverified
D90-2-03273	تۇزلاتماق	headword	334_1R.png	unverified
D90-2-03274	تۇزلاشماق	headword	334_1R.png	unverified
D90-2-03275	تۇزلانغان	headword	334_1R.png	unverified
D90-2-03277	تۇزلانماق	headword	334_1R.png	unverified
D90-2-03278	تۇزلۇق	headword	334_1R.png	unverified
D90-2-03280	تۇزلۇق كۆل	headword	334_2L.png	unverified
D90-2-03282	تۇزلۇق قاپاق	headword	334_2L.png	unverified
D90-2-03283	تۇزلىماق	headword	334_2L.png	unverified
D90-2-03284	تۇزۇ	headword	334_2L.png	verified
D90-2-03285	تۇزۇچە	headword	334_2L.png	unverified
D90-2-03286	تۇزۇلار	headword	334_2L.png	verified
D90-2-03287	تۇش	headword	334_2L.png	unverified
D90-2-03289	تۇش-تۇشتىن	headword	335_1R.png	unverified
D90-2-03290	تۈشمۇتۇشتىن	headword	335_1R.png	unverified
D90-2-03291	تۇشلۇق	headword	335_1R.png	unverified
D90-2-03292	تۇغ	headword	335_2L.png	unverified
D90-2-03293	تۇغ باغلىماق	headword	335_2L.png	unverified
D90-2-03297	تۇغان	headword	336_1R.png	unverified
D90-2-03300	تۇغ-ئەلەم	headword	336_1R.png	unverified
D90-2-03301	تۇغبېگى	headword	336_1R.png	verified
D90-2-03302	تۇغچى	headword	336_2L.png	unverified
D90-2-03303	تۇغدۇرماق	headword	336_2L.png	unverified
D90-2-03304	تۇغدۇرۇلماق	headword	336_2L.png	unverified
D90-2-03305	تۇغ-شەددە	headword	336_2L.png	unverified
D90-2-03306	تۇغقان	headword	337_1R.png	unverified
D90-2-03307	تۇغقان تىللار	headword	337_1R.png	unverified
D90-2-03308	تۇغقانچىلىق	headword	337_2L.png	unverified
D90-2-03311	تۇغقانلىق	headword	337_2L.png	unverified
D90-2-03309	تۇغقاندارچىلىق	headword	337_2L.png	unverified
D90-2-03310	تۇغقانلاشماق	headword	337_2L.png	unverified
D90-2-03312	تۇغلۇق	headword	338_1R.png	unverified
D90-2-03313	تۇغما	headword	338_1R.png	unverified
D90-2-03317	تۇغماس	headword	338_2L.png	unverified
D90-2-03318	تۇغماق	headword	338_2L.png	unverified
D90-2-03319	تۇغۇت	headword	339_1R.png	unverified
D90-2-03320	تۇغۇت ئانىسى	headword	339_1R.png	unverified
D90-2-03321	تۇغۇت بۆلۈمى	headword	339_1R.png	unverified
D90-2-03322	تۇغۇتتىن ساقلىنىش	headword	339_1R.png	unverified
D90-2-03323	تۇغۇت قىسقۇچى	headword	339_2L.png	unverified
D90-2-03324	تۇغۇتنى تېزلىتىش	headword	339_2L.png	unverified
D90-2-03325	تۇغۇت يولى	headword	339_2L.png	unverified
D90-2-03326	تۇغۇتلۇق	headword	339_2L.png	unverified
D90-2-03327	تۇغۇر	headword	339_2L.png	unverified
D90-2-03328	تۇغۇش	headword	339_2L.png	unverified
D90-2-03330	تۇغۇشلۇق	headword	340_1R.png	unverified
D90-2-03332	تۇغۇشماق	headword	340_1R.png	unverified
D90-2-03334	تۇغۇلماق	headword	340_1R.png	unverified
D90-2-03335	تۇغۇلۇش	headword	340_1R.png	unverified
D90-2-03337	تۇغۇمچان	headword	340_2L.png	unverified
D90-2-03338	تۇغۇندى	headword	340_2L.png	unverified
D90-2-03339	تۇغيان	headword	340_2L.png	unverified
D90-2-03340	تۇغيان قىلماق	headword	340_2L.png	unverified
D90-2-03341	تۇغيان كۆتۈرمەك	headword	340_2L.png	unverified
D90-2-03342	تۇف	headword	340_2L.png	unverified
D90-2-03343	تۇفېلكا	headword	341_1R.png	verified
D90-2-03345	تۇڭچى	headword	341_1R.png	unverified
D90-2-03346	تۇڭچىلىق	headword	341_1R.png	unverified
D90-2-03350	تۇڭگۇس	headword	341_2L.png	verified
D90-2-03352	تۇل	headword	342_1R.png	unverified
D90-2-03353	تۇل قالماق	headword	342_1R.png	unverified
D90-2-03354	تۇلپار	headword	342_1R.png	unverified
D90-2-03355	تۇللۇق	headword	342_2L.png	unverified
D90-2-03356	تۇلۇق	headword	342_2L.png	unverified
D90-2-03358	تۇلۇقچى	headword	342_2L.png	unverified
D90-2-03359	تۇلۇقچى قوڭغۇز	headword	343_1R.png	unverified
D90-2-03360	تۇلۇقلۇق	headword	343_1R.png	unverified
D90-2-03362	تۇلۇم	headword	343_1R.png	unverified
D90-2-03363	تۇلۇمدىن توقماق چىققاندەك ئېيتىلىش	headword	343_2L.png	unverified
D90-2-03364	تۇلۇم قېيىق	headword	343_2L.png	unverified
D90-2-03365	تۇلۇمچاشقان	headword	343_2L.png	unverified
D90-2-03366	تۇلۇمچە	headword	343_2L.png	verified
D90-2-03367	تۇلۇمچىلاپ	headword	344_1R.png	unverified
D90-2-03368	تۇلۇمچىلاپ سويماق	headword	344_1R.png	unverified
D90-2-03368-v1	تۇلۇمچە سويماق	variant	344_1R.png	unverified
D90-2-03369	تولۇمسىمان	headword	344_1R.png	unverified
D90-2-03370	تۇلىي	headword	344_1R.png	unverified
D90-2-03371	تۇم	headword	344_1R.png	unverified
D90-2-03372	تۇم ئاق	headword	344_1R.png	unverified
D90-2-03372-v1	ئاپئاق	variant	344_1R.png	unverified
D90-2-03373	تۇم قارا	headword	344_1R.png	unverified
D90-2-03374	تۇمار	headword	344_1R.png	unverified
D90-2-03375	تۇمارچە	headword	344_2L.png	unverified
D90-2-03376	تۇمارچىلاپ	headword	344_2L.png	unverified
D90-2-03377	تۇمارلاشتۇرماق	headword	344_2L.png	unverified
D90-2-03378	تۇمارلىق	headword	344_2L.png	unverified
D90-2-03379	تۇماغا	headword	344_2L.png	unverified
D90-2-03380	تۇماق	headword	345_1R.png	unverified
D90-2-03381	تۇماقنى ئاسمانغا ئاتماق	headword	345_1R.png	unverified
D90-2-03381-v1	دوپپىسىنى ئاسمانغا ئاتماق	variant	345_1R.png	unverified
D90-2-03382	تۇماقنى ئال دېسە بېشىنى ئالىدىغان	headword	345_1R.png	unverified
D90-2-03382-v1	دوپپىسىنى ئال دېسە بېشىنى ئالىدىغان	variant	345_1R.png	unverified
D90-2-03383	تۇماقنى قىرلاپ يۈرمەك	headword	345_1R.png	unverified
D90-2-03383-v1	دوپپىسىنى قىرلاپ يۈرمەك	variant	345_1R.png	unverified
D90-2-03384	تۇماقنى ئېلىپ قويۇپ ئويلىماق	headword	345_1R.png	unverified
D90-2-03384-v1	دوپپىسىنى ئالدىغا قويۇپ ئويلىماق	variant	345_1R.png	unverified
D90-2-03385	تۇماقچى	headword	345_1R.png	unverified
D90-2-03386	تۇماقچىلىق	headword	345_1R.png	unverified
D90-2-03387	تۇماقلىق	headword	345_1R.png	unverified
D90-2-03388	تۇمان	headword	345_2L.png	unverified
D90-2-03389	تۇمانسىز	headword	345_2L.png	unverified
D90-2-03390	تۇمانلاشتۇرماق	headword	345_2L.png	unverified
D90-2-03391	تۇمانلاشتۇرۇلماق	headword	345_2L.png	unverified
D90-2-03392	تۇمانلاشماق	headword	346_1R.png	unverified
D90-2-03393	تۇمانلىق	headword	346_1R.png	unverified
D90-2-03394	تۇمانلىماق	headword	346_2L.png	unverified
D90-2-03395	تۇمشۇق	headword	346_2L.png	unverified
D90-2-03396	تۇمشۇق بۇرىماق	headword	346_2L.png	unverified
D90-2-03397	تۇمشۇق سالماق	headword	347_1R.png	unverified
D90-2-03411	تۇمشۇقلۇق سالماق	headword	348_2L.png	unverified
D90-2-03398	تۇمشۇقىدىن سۆرىمەك	headword	347_1R.png	unverified
D90-2-03399	تۇمشۇقىدىن ئىلىنماق	headword	347_1R.png	unverified
D90-2-03399-v1	بۇرنىدىن ئىلىنماق	variant	347_1R.png	unverified
D90-2-03400	تۇمشۇقىدىن يېتىلىمەك	headword	347_1R.png	unverified
D90-2-03400-v1	بۇرنىدىن يېتىلىمەك	variant	347_1R.png	unverified
D90-2-03401	تۇمشۇقىغا يەم	headword	347_1R.png	unverified
D90-2-03401-v1	بۇرنىغا يېمەك	variant	347_1R.png	unverified
D90-2-03402	تۇمشۇقى قان بولماق	headword	347_1R.png	unverified
D90-2-03403	تۇمشۇقىنى تۈرمەك	headword	347_1R.png	unverified
D90-2-03404	تۇمشۇقىنى تىقماق	headword	347_2L.png	unverified
D90-2-03404-v1	بۇرنىنى تىقماق	variant	347_2L.png	unverified
D90-2-03405	تۇمشۇقىنى سوزماق	headword	347_2L.png	unverified
D90-2-03406	تۇمشۇقىنىڭ بېزىنى ئالماق	headword	347_2L.png	unverified
D90-2-03407	تۇمشۇقىنى ئۇچلىماق	headword	347_2L.png	unverified
D90-2-03408	تۇمشۇقى ئۇزۇن	headword	348_1R.png	unverified
D90-2-03409	تۇمشۇق يالاشماق	headword	348_1R.png	unverified
D90-2-03410	تۇمشۇقلۇق	headword	348_1R.png	unverified
D90-2-03412	تۇمۇ تى	headword	348_2L.png	unverified
D90-2-03412-v1	زۇكام	variant	348_2L.png	unverified
D90-2-03413	تۇمۇ تەگمەك	headword	348_2L.png	unverified
D90-2-03414	تۇمۇقىماق	headword	348_2L.png	unverified
D90-2-03415	تۇمۇچۇق	headword	348_2L.png	unverified
D90-2-03416	تۇنجا	headword	348_2L.png	unverified
D90-2-03417	تۇنجۇقتۇرماق	headword	349_1R.png	unverified
D90-2-03418	تۇنجۇقتۇرۇلماق	headword	349_1R.png	unverified
D90-2-03419	تۇنجۇقماق	headword	349_1R.png	unverified
D90-2-03420	تۇنجۇقۇپ	headword	349_2L.png	unverified
D90-2-03421	تۇنجۇقۇپ قالماق	headword	349_2L.png	unverified
D90-2-03422	تۇنجۇقۇشماق	headword	349_2L.png	unverified
D90-2-03423	تۇنجى	headword	349_2L.png	unverified
D90-2-03424	تۇنجى نەشرى	headword	349_2L.png	unverified
D90-2-03425	تۇندرا	headword	349_2L.png	unverified
D90-2-03426	تۇننۇس	headword	350_1R.png	unverified
D90-2-03426-v1	تۇننۇس بېلىقى	variant	350_1R.png	unverified
D90-2-03428	تۇۋاق	headword	350_1R.png	unverified
D90-2-03429	تۇۋاقلاتماق	headword	350_1R.png	unverified
D90-2-03430	تۇۋاقلاشماق	headword	350_1R.png	unverified
D90-2-03431	تۇۋاقلانماق	headword	350_1R.png	unverified
D90-2-03432	تۇۋاقلىق	headword	350_1R.png	unverified
D90-2-03433	تۇۋاقلىماق	headword	350_1R.png	unverified
D90-2-03434	تۇياق	headword	350_1R.png	unverified
D90-2-03435	تۇيىقى سۇغا چىلاشماق	headword	350_2L.png	unverified
D90-2-03436	تۇيىقى سېلىكمەك	headword	350_2L.png	unverified
D90-2-03437	تۇيىقى سىرقىرىماق	headword	350_2L.png	unverified
D90-2-03438	تۇياقلىق	headword	350_2L.png	unverified
D90-2-03439	تۇياقلىقلار	headword	350_2L.png	verified
D90-2-03440	تۇيدۇرماق	headword	350_2L.png	unverified
D90-2-03441	تۇيغۇ	headword	350_2L.png	unverified
D90-2-03442	تۇيغۇداش	headword	351_1R.png	unverified
D90-2-03443	تۇيغۇلۇق	headword	351_1R.png	unverified
D90-2-03444	تۇيغۇن	headword	351_1R.png	unverified
D90-2-03445	تۇيغۇنلۇق	headword	351_1R.png	unverified
D90-2-03446	تۇيماق	headword	351_1R.png	unverified
D90-2-03447	تۇيۇشماق	headword	351_2L.png	unverified
D90-2-03448	تۇيۇق	headword	351_2L.png	unverified
D90-2-03455	تۇيۇقسىز	headword	352_1R.png	unverified
D90-2-03456	تۇيۇقسىزدىن	headword	352_1R.png	unverified
D90-2-03457	تۇيۇقسىزلىق	headword	352_1R.png	unverified
D90-2-03458	تۇيۇلماق	headword	352_1R.png	unverified
D90-2-03459	تۇبۇت	headword	352_2L.png	unverified
D90-2-03460	تۆپە	headword	352_2L.png	unverified
D90-2-03463	تۆپىگە چىقىۋالماق	headword	353_1R.png	unverified
D90-2-03463-v1	ئۈستىگە چىقىۋالماق	variant	353_1R.png	unverified
D90-2-03465	تۆپە - تۆپىسىگە	headword	353_1R.png	unverified
D90-2-03465-v1	ئۈستى-ئۈستىگە	variant	353_1R.png	unverified
D90-2-03466	تۆپە - تۆپىلەپ	headword	353_1R.png	unverified
D90-2-03467	تۆپىلەپ رەۋ.	headword	353_1R.png	unverified
D90-2-03467-v1	ئۈستىلەپ	variant	353_1R.png	unverified
D90-2-03468	تۆپىلىك	headword	353_2L.png	unverified
D90-2-03469	تۆت	headword	353_2L.png	unverified
D90-2-03470	تۆت ئاساسىي پرىنسىپ	headword	353_2L.png	unverified
D90-2-03471	تۆت ئەتراپ	headword	353_2L.png	unverified
D90-2-03471-v1	تۆت تەرەپ	variant	353_2L.png	unverified
D90-2-03472	تۆت ئەمەل	headword	353_2L.png	unverified
D90-2-03473	تۆت بۇلۇڭلۇق	headword	353_2L.png	unverified
D90-2-03481	تۆت تەرەپلىك	headword	354_2L.png	unverified
D90-2-03474	تۆت بۇلەك تەنچە	headword	353_2L.png	unverified
D90-2-03475	تۆت بۆلەك سپورا	headword	354_1R.png	unverified
D90-2-03476	تۆت بۆلەكلىك مۇزىكا	headword	354_1R.png	unverified
D90-2-03477	تۆت پەسىل	headword	354_1R.png	unverified
D90-2-03478	تۆت پۇتلۇق بولماق	headword	354_1R.png	unverified
D90-2-03479	تۆت پۇتى ئوڭدا قالماق	headword	354_1R.png	unverified
D90-2-03480	تۆت پۇتى ئۆرە قالماق	headword	354_1R.png	unverified
D90-2-03482	تۆت تەرەپلىك قىبلە	headword	354_2L.png	unverified
D90-2-03483	تۆت توك-توك	headword	354_2L.png	unverified
D90-2-03483-v1	ئالتىن توك-توك	variant	354_2L.png	unverified
D90-2-03484	تۆت تېمىڭ قىبلە	headword	354_2L.png	unverified
D90-2-03484-v1	تۆت تەرىپىڭ قىبلە!	variant	354_2L.png	unverified
D90-2-03485	تۆت چاسا	headword	354_2L.png	unverified
D90-2-03486	تۆت كوچا	headword	354_2L.png	unverified
D90-2-03487	تۆت كوچا ئاغزى	headword	355_1R.png	unverified
D90-2-03488	تۆت كۆرەك	headword	355_1R.png	unverified
D90-2-03489	تۆت كۆز	headword	355_1R.png	unverified
D90-2-03490	تۆت كۆز بىلەن تەلمۈرمەك	headword	355_1R.png	unverified
D90-2-03491	تۆت كۆز بىلەن كۈتمەك	headword	355_1R.png	unverified
D90-2-03492	تۆت كۈنلۈكى قالماق	headword	355_1R.png	unverified
D90-2-03493	تۆت مۈچە	headword	355_1R.png	unverified
D90-2-03494	تۆتنى زامانىۋىلاشتۇرۇش	headword	355_1R.png	unverified
D90-2-03495	تۆتنىڭ بىرى	headword	355_2L.png	unverified
D90-2-03496	تۆت ئېغىز گەپ	headword	355_2L.png	unverified
D90-2-03497	تۆت ئىلىك	headword	355_2L.png	unverified
D90-2-03498	تۆت ياقلىق كرىستال سىستېمىسى	headword	355_2L.png	unverified
D90-2-03499	تۆتەيلەن	headword	355_2L.png	unverified
D90-2-03500	تۆتلەشتۈرمەك	headword	355_2L.png	unverified
D90-2-03501	تۆتلەشمەك	headword	356_1R.png	unverified
D90-2-03502	تۆتلىك	headword	356_1R.png	unverified
D90-2-03504	تۆتلىمەك	headword	356_1R.png	unverified
D90-2-03505	تۆتىنچى	headword	356_1R.png	unverified
D90-2-03506	تۆتىنچى ئاي	headword	356_2L.png	unverified
D90-2-03506-v1	ئاپرېل	variant	356_2L.png	unverified
D90-2-03507	تۆتىنچى دەۋر	headword	356_2L.png	unverified
D90-2-03508	تۆتىنچى سىستېما	headword	356_2L.png	unverified
D90-2-03510	تۆتىنچى ماي ھەرىكىتى	headword	356_2L.png	unverified
D90-2-03511	تۆتىنچى ماي ياشلار بايرىمى	headword	357_1R.png	unverified
D90-2-03512	تۆتىنچىلىك	headword	357_1R.png	unverified
D90-2-03513	تۆر	headword	357_1R.png	unverified
D90-2-03514	تۆرە	headword	357_2L.png	unverified
D90-2-03515	تۆرەل	headword	357_2L.png	unverified
D90-2-03516	تۆرەلدۈرمەك	headword	357_2L.png	unverified
D90-2-03517	تۆرەلدۈرۈلمەك	headword	357_2L.png	unverified
D90-2-03518	تۆرەلمە	headword	357_2L.png	unverified
D90-2-03519	تۆرەلمە بىخ	headword	358_1R.png	unverified
D90-2-03520	تۆرەلمە بىخ غىلىپى	headword	358_1R.png	unverified
D90-2-03521	تۆرەلمە پەردىسى	headword	358_1R.png	unverified
D90-2-03522	تۆرەلمە تەختى	headword	358_2L.png	unverified
D90-2-03523	تۆرەلمە تەخمىسى	headword	358_2L.png	unverified
D90-2-03524	تۆرەلمە تۆشۈكى	headword	358_2L.png	unverified
D90-2-03525	تۆرەلمە تۈگۈنى	headword	358_2L.png	unverified
D90-2-03526	تۆرەلمە خالتىسى	headword	358_2L.png	unverified
D90-2-03527	تۆرەلمە سۈتى	headword	358_2L.png	unverified
D90-2-03528	تۆرەلمە قاتلىمى	headword	359_1R.png	unverified
D90-2-03529	تۆرەلمە يىلتىزى	headword	359_1R.png	unverified
D90-2-03530	تۆرەلمەك	headword	359_1R.png	unverified
D90-2-03531	تۆرەلمىشۇناس	headword	359_2L.png	unverified
D90-2-03532	تۆرەلمىشۇناسلىق	headword	359_2L.png	unverified
D90-2-03533	تۆرپە	headword	359_2L.png	verified
D90-2-03534	تۆرچى	headword	359_2L.png	unverified
D90-2-03535	تۆرچى قاتار	headword	359_2L.png	unverified
D90-2-03536	تۆرۈك	headword	359_2L.png	unverified
D90-2-03538	تۆرىچىلىك	headword	359_2L.png	unverified
D90-2-03539	تۆرىلەرچە	headword	359_2L.png	unverified
D90-2-03540	تۆرىلىك	headword	360_1R.png	unverified
D90-2-03541	تۆرىمەك	headword	360_1R.png	unverified
D90-2-03542	تۆزمەك	headword	360_1R.png	unverified
D90-2-03544	تۆش	headword	360_1R.png	unverified
D90-2-03548	تۆشەك	headword	360_1R.png	unverified
D90-2-03549	تۆشباغ	headword	360_2L.png	verified
D90-2-03550	تۆشتارتقۇ	headword	360_2L.png	verified
D90-2-03551	تۆشلۈك	headword	360_2L.png	verified
D90-2-03552	تۆشلىمەك	headword	360_2L.png	verified
D90-2-03553	تۆشۈك	headword	360_2L.png	verified
D90-2-03557	تۆشۈكچە	headword	361_1R.png	unverified
D90-2-03558	تۆشۈكلۈك	headword	361_1R.png	unverified
D90-2-03560	تۆشلەڭ	headword	361_1R.png	unverified
D90-2-03561	تۆشۈكلۈكى بار	headword	361_1R.png	unverified
D90-2-03561-v1	تۆشۈكى بار	variant	361_1R.png	unverified
D90-2-03562	تۆكتۈرمەك	headword	361_1R.png	unverified
D90-2-03563	تۆكتۈرۈلمەك	headword	361_1R.png	unverified
D90-2-03564	تۆكمە	headword	361_2L.png	unverified
D90-2-03568	تۆكمەك	headword	362_1R.png	unverified
D90-2-03569	تۆكۈشمەك	headword	362_2L.png	unverified
D90-2-03570	تۆكۈلمەك	headword	362_2L.png	unverified
D90-2-03571	تۆكۈۋەتمەك	headword	362_2L.png	verified
D90-2-03572	تۆگە	headword	363_1R.png	verified
D90-2-03576	تۆگە تۆگىلەڭ قىلماق	headword	363_2L.png	unverified
D90-2-03576-v1	تۆگە تايلاق قىلماق	variant	363_2L.png	unverified
D90-2-03577	تۆگە كۆردۈغمۇ، يوق	headword	363_2L.png	unverified
D90-2-03578	تۆگىنى چۆچەكتە سۇغارغاندەك	headword	363_2L.png	unverified
D90-2-03579	تۆگىنىڭ قۇيرۇقى يەرگە تەگكەندە	headword	363_2L.png	unverified
D90-2-03580	تۆگىنىڭ قۇيرۇقى يەرگە يەتكەندە	headword	363_2L.png	unverified
D90-2-03581	تۆگە يوپۇقى	headword	363_2L.png	unverified
D90-2-03582	تۆگۈرتمەك	headword	363_2L.png	unverified
D90-2-03583	تۆگۈرمەك	headword	364_1R.png	unverified
D90-2-03584	تۆگۈرۈشمەك	headword	364_1R.png	unverified
D90-2-03585	تۆگۈرۈلمەك	headword	364_1R.png	unverified
D90-2-03586	تۆگىتاپان	headword	364_1R.png	unverified
D90-2-03587	تۆگىتاز	headword	364_1R.png	unverified
D90-2-03588	تۆگىتىكەن	headword	364_1R.png	unverified
D90-2-03589	تۆگىسىڭىر	headword	364_1R.png	verified
D90-2-03590	تۆگىچى	headword	364_1R.png	unverified
D90-2-03591	تۆگىچىلە	headword	364_2L.png	unverified
D90-2-03593	تۆگىچىلىك	headword	364_2L.png	unverified
D90-2-03594	تۆگىچىلىمەك	headword	364_2L.png	unverified
D90-2-03595	تۆگىدەك	headword	364_2L.png	unverified
D90-2-03596	تۆگىقۇش	headword	364_2L.png	unverified
D90-2-03597	تۆگىقۇلاق	headword	365_1R.png	unverified
D90-2-03598	تۆگىلىك	headword	365_1R.png	unverified
D90-2-03599	تۆڭگە	headword	365_1R.png	unverified
D90-2-03600	تۆڭگىلەك	headword	365_1R.png	unverified
D90-2-03601	تۆڭگىلەكلىمەك	headword	365_2L.png	unverified
D90-2-03602	تۆل	headword	365_2L.png	unverified
D90-2-03603	تۆل ئالماق	headword	365_2L.png	unverified
D90-2-03604	تۆلە تكۈزمەك	headword	365_2L.png	unverified
D90-2-03605	تۆلەتمەك	headword	365_2L.png	unverified
D90-2-03606	تۆلەشمەك	headword	365_2L.png	unverified
D90-2-03607	تۆلەڭ	headword	366_1R.png	unverified
D90-2-03608	تۆلەڭگە قالماق	headword	366_1R.png	unverified
D90-2-03609	تۆلەڭگە كەتمەك	headword	366_1R.png	unverified
D90-2-03610	تۆلەم	headword	366_1R.png	unverified
D90-2-03611	تۆلەم سودىسى	headword	366_1R.png	unverified
D90-2-03612	تۆلەم كەلمەك	headword	366_1R.png	unverified
D90-2-03613	تۆلەنمەك	headword	366_2L.png	unverified
D90-2-03614	تۆللەتمەك	headword	366_2L.png	unverified
D90-2-03615	تۆللىمەك	headword	366_2L.png	unverified
D90-2-03616	تۆلىمەك	headword	366_2L.png	unverified
D90-2-03617	تۆمە	headword	367_1R.png	unverified
D90-2-03618	تۆمەلمەك	headword	367_1R.png	unverified
D90-2-03660	تۆنەلمەك	headword	371_1R.png	unverified
D90-2-03619	تۆمۈر	headword	367_1R.png	unverified
D90-2-03621	تۆمۈر پەنجە	headword	367_2L.png	unverified
D90-2-03624	تۆمۈر تىرناق	headword	367_2L.png	unverified
D90-2-03622	تۆمۈر تاپان	headword	367_2L.png	unverified
D90-2-03623	تۆمۈر تاۋاق	headword	367_2L.png	unverified
D90-2-03625	تۆمۈر تىكەن	headword	367_2L.png	unverified
D90-2-03627	تۆمۈر خوراز	headword	368_1R.png	unverified
D90-2-03628	تۆمۈر خورازلىق قىلماق	headword	368_1R.png	unverified
D90-2-03629	تۆمۈر دېتى	headword	368_1R.png	unverified
D90-2-03630	تۆمۈر زاكى	headword	368_1R.png	unverified
D90-2-03631	تۆمۈر سۇلفات	headword	368_2L.png	unverified
D90-2-03633	تۆمۈر سىزىق	headword	368_2L.png	unverified
D90-2-03634	تۆمۈر قورال	headword	368_2L.png	unverified
D90-2-03635	تۆمۈر قورال دەۋرى	headword	368_2L.png	unverified
D90-2-03636	تۆمۈر كاربىد	headword	368_2L.png	unverified
D90-2-03637	تۆمۈر كۆك	headword	369_1R.png	unverified
D90-2-03637-v1	قارا كۆك	variant	369_1R.png	unverified
D90-2-03639	تۆمۈر مېتېئورىت	headword	369_1R.png	unverified
D90-2-03640	تۆمۈرنى قىزىقىدا سوق	headword	369_1R.png	unverified
D90-2-03641	تۆمۈر ئېرىتمىسى	headword	369_1R.png	unverified
D90-2-03642	تۆمۈر-تەرسەك	headword	369_1R.png	unverified
D90-2-03644	تۆمۈرتىرناق	headword	369_2L.png	unverified
D90-2-03645	تۆمۈرتىكەن	headword	369_2L.png	unverified
D90-2-03646	تۆمۈرچى	headword	369_2L.png	unverified
D90-2-03647	تۆمۈرچىلىك	headword	370_1R.png	unverified
D90-2-03648	تۆمۈر دەرەخ	headword	370_1R.png	unverified
D90-2-03649	تۆمۈردەك	headword	370_1R.png	unverified
D90-2-03650	تۆمۈر قالپاق	headword	370_1R.png	unverified
D90-2-03651	تۆمۈرلۈك	headword	370_1R.png	verified
D90-2-03653	تۆمۈريول	headword	370_2L.png	unverified
D90-2-03654	تۆمۈريولچى	headword	370_2L.png	unverified
D90-2-03656	تۆمۈنە	headword	370_2L.png	unverified
D90-2-03657	تۆمۈنە يوپۇرماق	headword	371_1R.png	unverified
D90-2-03658	تۆنەتمەك	headword	371_1R.png	unverified
D90-2-03659	تۆنەشمەك	headword	371_1R.png	unverified
D90-2-03661	تۆنىمەك	headword	371_1R.png	unverified
D90-2-03662	تۆھپە	headword	371_1R.png	unverified
D90-2-03663	تۆھپە قوشماق	headword	371_1R.png	unverified
D90-2-03664	تۆھپىسىز	headword	371_2L.png	unverified
D90-2-03665	تۆھپىكار	headword	371_2L.png	unverified
D90-2-03666	تۆھپىكارلىق	headword	371_2L.png	unverified
D90-2-03667	تۆھمەت	headword	371_2L.png	unverified
D90-2-03668	تۆھمەت چاپلىماق	headword	372_1R.png	unverified
D90-2-03669	تۆھمەت قىلماق	headword	372_1R.png	unverified
D90-2-03670	تۆھمەت تەكە	headword	372_1R.png	unverified
D90-2-03671	تۆھمەتكە ئۇچرىماق	headword	372_1R.png	unverified
D90-2-03672	تۆھمەت يېشى	headword	372_1R.png	unverified
D90-2-03673	تۆھمەتچى	headword	372_2L.png	unverified
D90-2-03674	تۆھمەتخور	headword	372_2L.png	unverified
D90-2-03675	تۆھمەتخورلۇق	headword	372_2L.png	unverified
D90-2-03676	تۆھمەتكار	headword	372_2L.png	unverified
D90-2-03677	تۆھمەتكارانە	headword	372_2L.png	unverified
D90-2-03678	تۆھمەتنامە	headword	373_1R.png	unverified
D90-2-03679	تۆۋە	headword	373_1R.png	unverified
D90-2-03680	تۆۋەن	headword	373_1R.png	unverified
D90-2-03682	تۆۋەن بېسىم	headword	373_2L.png	unverified
D90-2-03685	تۆۋەن بېسىم ئوقۇرى	headword	374_1R.png	unverified
D90-2-03686	تۆۋەن پروگرامما	headword	374_1R.png	verified
D90-2-03687	تۆۋەن تېمپېراتۇرا	headword	374_1R.png	unverified
D90-2-03688	تۆۋەن تېمپېراتۇرىلىق مىكرو ئورگانىزم	headword	374_1R.png	unverified
D90-2-03689	تۆۋەن چاستوتا	headword	374_1R.png	unverified
D90-2-03690	تۆۋەن دەرىجىلىك تاۋار	headword	374_1R.png	unverified
D90-2-03691	تۆۋەن دەرىجىلىك جانلىقلار	headword	374_1R.png	unverified
D90-2-03692	تۆۋەن دەرىجىلىك ھايۋان	headword	374_2L.png	unverified
D90-2-03693	تۆۋەن دەرىجىلىك ئۆسۈملۈكلەر	headword	374_2L.png	unverified
D90-2-03694	تۆۋەن سوزۇق تاۋۇش	headword	374_2L.png	unverified
D90-2-03695	تۆۋەن قىزىتما	headword	374_2L.png	unverified
D90-2-03696	تۆۋەن كۆرمەك	headword	374_2L.png	unverified
D90-2-03697	تۆۋەنگە چۆكمەك	headword	374_2L.png	unverified
D90-2-03698	تۆۋەنگە چۈشمەك	headword	375_1R.png	unverified
D90-2-03699	تۆۋەن نېرۋا پائالىيىتى	headword	375_1R.png	unverified
D90-2-03700	تۆۋەن ھارارەت	headword	375_1R.png	unverified
D90-2-03701	تۆۋەن ھاۋا بېسىمى	headword	375_1R.png	unverified
D90-2-03702	تۆۋەن ئوتتۇرا دېھقان	headword	375_1R.png	unverified
D90-2-03703	تۆۋەن يىللىق سىنىپلار	headword	375_1R.png	unverified
D90-2-03704	تۆۋەنچىلىك	headword	375_2L.png	unverified
D90-2-03705	تۆۋەندە	headword	375_2L.png	unverified
D90-2-03706	تۆۋەندىكى	headword	375_2L.png	unverified
D90-2-03707	تۆۋەندىكىچە	headword	375_2L.png	unverified
D90-2-03708	تۆۋەندىكىدەك	headword	375_2L.png	unverified
D90-2-03709	تۆۋەنكى جاغ	headword	376_1R.png	unverified
D90-2-03710	تۆۋەنكى مۈچە	headword	376_1R.png	unverified
D90-2-03711	تۆۋەنلەتمەك	headword	376_1R.png	unverified
D90-2-03712	تۆۋەنلەشتۈرمەك	headword	376_1R.png	unverified
D90-2-03713	تۆۋەنلەشتۈرۈلمەك	headword	376_1R.png	unverified
D90-2-03714	تۆۋەنلەشمەك	headword	376_1R.png	unverified
D90-2-03715	تۆۋەنلىتىلمەك	headword	376_1R.png	unverified
D90-2-03716	تۆۋەنلىك	headword	376_2L.png	unverified
D90-2-03717	تۆۋەنلىمەك	headword	376_2L.png	unverified
D90-2-03718	تۆۋە-ئىستىغپار	nonstandard	377_1R.png	unverified
D90-2-03719	تۆۋەينى	headword	377_1R.png	verified
D90-2-03720	تۆۋىنامە	nonstandard	377_1R.png	unverified
D90-2-03721	تۈپ	headword	377_1R.png	unverified
D90-2-03730	تۈپ تاللاش	headword	378_1R.png	unverified
D90-2-03731	تۈپەيلى	headword	378_1R.png	unverified
D90-2-03732	تۈپەيلىدىن	headword	378_1R.png	unverified
D90-2-03733	تۈپتالاس	headword	378_1R.png	unverified
D90-2-03735	تۈپتۈز	headword	378_2L.png	unverified
D90-2-03736	تۈپتۈزۈك	headword	378_2L.png	unverified
D90-2-03737	تۈپتىن	headword	378_2L.png	unverified
D90-2-03738	تۈپچەك	headword	378_2L.png	unverified
D90-2-03739	تۈپرۈك	headword	379_1R.png	unverified
D90-2-03940	تۈكۈرۈك	headword	398_2L.png	unverified
D90-2-03740	تۈپكى	headword	379_1R.png	unverified
D90-2-03741	تۈپلەتمەك	headword	379_1R.png	unverified
D90-2-03742	تۈپلەشمەك	headword	379_1R.png	unverified
D90-2-03743	تۈپلەنمەك	headword	379_1R.png	unverified
D90-2-03744	تۈپلۈك	headword	379_1R.png	unverified
D90-2-03745	تۈپلىمەك	headword	379_1R.png	unverified
D90-2-03746	تۈپ-نېگىز	headword	379_1R.png	unverified
D90-2-03747	تۈپ-يىلتىزىدىن قۇرۇتماق	headword	379_2L.png	unverified
D90-2-03748	تۈتەك	headword	379_2L.png	unverified
D90-2-03752	تۈتەكلەشمەك	headword	380_1R.png	unverified
D90-2-03753	تۇتەكلىك	headword	380_1R.png	unverified
D90-2-03754	تۈتۈ	headword	380_1R.png	unverified
D90-2-03756	تۈتۈن	headword	380_1R.png	unverified
D90-2-03757	تۈتۈنسىز	headword	380_2L.png	unverified
D90-2-03759	تۈتۈنلۈك	headword	380_2L.png	unverified
D90-2-03760	تۈتىمەك	headword	380_2L.png	unverified
D90-2-03761	تۈجۈپىلەتمەك	headword	380_2L.png	verified
D90-2-03762	تۈجۈپىلەشمەك	headword	380_2L.png	verified
D90-2-03763	تۈجۈپىلەنمەك	headword	380_2L.png	verified
D90-2-03764	تۈجۈپىلىمەك	headword	380_2L.png	unverified
D90-2-03765	تۈر	headword	381_1R.png	unverified
D90-2-03767	تۈرتەك	headword	381_2L.png	unverified
D90-2-03768	تۈرتەكلەتمەك	headword	381_2L.png	unverified
D90-2-03769	تۈرتەكلەشمەك	headword	381_2L.png	unverified
D90-2-03770	تۈرتەكلەنمەك	headword	381_2L.png	unverified
D90-2-03771	تۈرتەكلىمەك	headword	382_1R.png	unverified
D90-2-03772	تۈرتكە	headword	382_1R.png	unverified
D90-2-03773	تۈرتكە بولماق	headword	382_1R.png	unverified
D90-2-03774	تۈرتكىلىك	headword	382_1R.png	unverified
D90-2-03775	تۈرتمەك	headword	382_2L.png	unverified
D90-2-03776	تۈرتۈپ	headword	382_2L.png	unverified
D90-2-03777	تۈرتۈپ چىقماق	headword	382_2L.png	unverified
D90-2-03778	تۈرتۈشمەك	headword	382_2L.png	unverified
D90-2-03779	تۈرتۈلمەك	headword	382_2L.png	unverified
D90-2-03780	تۈرتۈم	headword	382_2L.png	unverified
D90-2-03781	تۈرتۈمچى	headword	382_2L.png	unverified
D90-2-03782	تۈرداش	headword	382_2L.png	unverified
D90-2-03783	تۈرداش ئىسىم	headword	383_1R.png	unverified
D90-2-03784	تۈرداشلىق	headword	383_1R.png	unverified
D90-2-03785	تۈردەش	nonstandard	383_1R.png	unverified
D90-2-03786	تۈرك	headword	383_1R.png	unverified
D90-2-03787	تۈرك تىلى	headword	383_1R.png	unverified
D90-2-03788	تۈركچە	headword	383_1R.png	unverified
D90-2-03789	تۈركلەر	headword	383_1R.png	unverified
D90-2-03790	تۈركمەن	headword	383_1R.png	unverified
D90-2-03791	تۈركمەنچە	headword	383_1R.png	unverified
D90-2-03792	تۈركمەنلەر	headword	383_2L.png	unverified
D90-2-03793	تۈركولوگ	headword	383_2L.png	unverified
D90-2-03806	تۈركىيشۇناس	headword	384_2L.png	unverified
D90-2-03794	تۈركولوگىيە	headword	383_2L.png	unverified
D90-2-03807	تۈركىيشۇناسلىق	headword	384_2L.png	unverified
D90-2-03795	تۈركۈم	headword	383_2L.png	unverified
D90-2-03797	تۈركۈم-تۈركۈم	headword	384_1R.png	unverified
D90-2-03798	تۈركۈم-تۈركۈملەپ	headword	384_1R.png	unverified
D90-2-03799	تۈركۈملەپ	headword	384_1R.png	unverified
D90-2-03800	تۈركۈملەشمەك	headword	384_1R.png	unverified
D90-2-03801	تۈركۈملەنمەك	headword	384_1R.png	unverified
D90-2-03802	تۈركۈملىمەك	headword	384_1R.png	unverified
D90-2-03803	تۈركىي	headword	384_1R.png	unverified
D90-2-03808	تۈرگە	headword	384_2L.png	unverified
D90-2-03809	تۈرگە پۇتى	headword	385_1R.png	unverified
D90-2-03810	تۈرگە قوزۇق	headword	385_1R.png	unverified
D90-2-03811	تۈرگۈچ	headword	385_1R.png	unverified
D90-2-03813	تۈرگۈن	headword	385_1R.png	unverified
D90-2-03814	تۈرگۈنلۈك	headword	385_1R.png	unverified
D90-2-03815	تۈرگىلىمەك	headword	385_1R.png	verified
D90-2-03816	تۈرلەتمەك	headword	385_1R.png	unverified
D90-2-03817	تۈرلەشمە	headword	385_2L.png	unverified
D90-2-03818	تۈرلەندۈرمەك	headword	385_2L.png	unverified
D90-2-03819	تۈرلەندۈرۈلمەك	headword	385_2L.png	unverified
D90-2-03820	تۈرلەنمە	headword	385_2L.png	unverified
D90-2-03821	تۈرلەنمەك	headword	385_2L.png	unverified
D90-2-03822	تۈرلۈك	headword	385_2L.png	unverified
D90-2-03824	تۈرلۈك-تۈرلۈك	headword	385_2L.png	unverified
D90-2-03825	تۈرلۈك-تۈمەن	headword	386_1R.png	unverified
D90-2-03826	تۈرلۈكچە	headword	386_1R.png	unverified
D90-2-03827	تۈرلىمەك	headword	386_1R.png	unverified
D90-2-03828	تۈرمە	headword	386_1R.png	unverified
D90-2-03830	تۈرمەك	headword	386_1R.png	unverified
D90-2-03832	تۈرمەلەنمەك	headword	386_2L.png	unverified
D90-2-03833	تۈرمەكلىمەك	headword	386_2L.png	unverified
D90-2-03834	تۈرمەل	headword	386_2L.png	unverified
D90-2-03835	تۈرمەللىمەك	headword	387_1R.png	unverified
D90-2-03836	تۈرمۈزە	headword	387_1R.png	unverified
D90-2-03837	تۈرمىداش	headword	387_1R.png	unverified
D90-2-03838	تۈرۈشتۈرمەك	headword	387_1R.png	unverified
D90-2-03839	تۈرۈشمەك	headword	387_1R.png	unverified
D90-2-03840	تۈرۈك	headword	387_2L.png	unverified
D90-2-03842	تۈرۈكلۈك	headword	387_2L.png	unverified
D90-2-03844	تۈرۈلمەك	headword	387_2L.png	unverified
D90-2-03845	تۈرۈلۈشمەك	headword	388_1R.png	unverified
D90-2-03846	تۈرۈم	headword	388_1R.png	unverified
D90-2-03850	تۈز	headword	388_1R.png	unverified
D90-2-03851	تۈز سۈرۈلگەن ئۈزۈلمە	headword	388_2L.png	unverified
D90-2-03852	تۈز سىزىق	headword	388_2L.png	unverified
D90-2-03853	تۈز قاناتلىقلار ئەترىتى	headword	388_2L.png	unverified
D90-2-03854	تۈز كۆڭۈل	headword	388_2L.png	verified
D90-2-03854-v1	كۆڭلى تۈز	variant	388_2L.png	verified
D90-2-03855	تۈز كۆڭۈللۈك	headword	389_1R.png	unverified
D90-2-03856	تۈز مەسە	headword	389_1R.png	unverified
D90-2-03857	تۈز مەش	headword	389_1R.png	unverified
D90-2-03858	تۈز ئېتىلىدىغان توپ	headword	389_1R.png	unverified
D90-2-03859	تۈز ئىشتان	headword	389_1R.png	unverified
D90-2-03860	تۈز يانچۇق	headword	389_1R.png	unverified
D90-2-03861	تۈز يەڭ	headword	389_1R.png	unverified
D90-2-03862	تۈز يۈگۈرۈش يولى	headword	389_1R.png	unverified
D90-2-03863	تۈزەتكۈزمەك	headword	389_2L.png	unverified
D90-2-03864	تۈزەتمەك	headword	389_2L.png	unverified
D90-2-03865	تۈزەشتۈرمەك	headword	389_2L.png	unverified
D90-2-03866	تۈزەشتۈرۈلمەك	headword	390_1R.png	unverified
D90-2-03867	تۈزەشمەك	headword	390_1R.png	unverified
D90-2-03868	تۈزەلمەك	headword	390_1R.png	unverified
D90-2-03869	تۈزەنمەك	headword	390_2L.png	unverified
D90-2-03870	تۈزدۈرمەك	headword	390_2L.png	unverified
D90-2-03871	تۈزگۈچى	headword	390_2L.png	unverified
D90-2-03872	تۈزگۈچى گېن	headword	391_1R.png	unverified
D90-2-03873	تۈزلەتمەك	headword	391_1R.png	unverified
D90-2-03874	تۈزلەشمەك	headword	391_1R.png	unverified
D90-2-03875	تۈزلەڭ	headword	391_1R.png	unverified
D90-2-03876	تۈزلەڭلىك	headword	391_1R.png	unverified
D90-2-03877	تۈزلەنمەك	headword	391_2L.png	unverified
D90-2-03878	تۈزلۈك	headword	391_2L.png	unverified
D90-2-03879	تۈزلىتىلمەك	headword	391_2L.png	unverified
D90-2-03880	تۈزلىمەك	headword	391_2L.png	unverified
D90-2-03881	تۈزمە	headword	392_1R.png	unverified
D90-2-03883	تۈزمەك	headword	392_1R.png	unverified
D90-2-03884	تۈزۈت	headword	392_2L.png	unverified
D90-2-03885	تۈزۈتلۈك	headword	392_2L.png	unverified
D90-2-03886	تۈزۈك	headword	393_1R.png	unverified
D90-2-03887	تۈزۈلمە	headword	393_1R.png	unverified
D90-2-03888	تۈزۈلمەك	headword	393_2L.png	unverified
D90-2-03889	تۈزۈلمىلىك	headword	393_2L.png	unverified
D90-2-03890	تۈزۈلۈش	headword	393_2L.png	unverified
D90-2-03891	تۈزۈم	headword	394_1R.png	unverified
D90-2-03892	تۈزۈمسىز	headword	394_1R.png	unverified
D90-2-03893	تۈزۈمسىزلىك	headword	394_1R.png	unverified
D90-2-03894	تۈزۈملەشتۈرمەك	headword	394_1R.png	unverified
D90-2-03895	تۈزۈملۈك	headword	394_1R.png	unverified
D90-2-03896	تۈزىتىش	headword	394_1R.png	unverified
D90-2-03898	تۈزىتىلگەن	headword	394_2L.png	unverified
D90-2-03900	تۈزىتىلمەك	headword	394_2L.png	unverified
D90-2-03901	تۈزىمەك	headword	394_2L.png	unverified
D90-2-03902	تۈس	headword	395_1R.png	unverified
D90-2-03903	تۈس ئالماق	headword	395_2L.png	unverified
D90-2-03904	تۈس بەرمەك	headword	395_2L.png	unverified
D90-2-03905	تۈسكە كىرمەك	headword	396_1R.png	unverified
D90-2-03906	تۈس ياردەمچىلىرى	headword	396_1R.png	unverified
D90-2-03907	تۈسلەندۈرمەك	headword	396_1R.png	unverified
D90-2-03908	تۈسلەنمەك	headword	396_1R.png	unverified
D90-2-03909	تۈسلۈك	headword	396_1R.png	unverified
D90-2-03911	تۇف دېمەك	headword	396_2L.png	unverified
D90-2-03912	تۇفى	headword	396_2L.png	unverified
D90-2-03913	تۈك	headword	396_2L.png	unverified
D90-2-03915	تۈك چاقىسى	headword	397_1R.png	unverified
D90-2-03916	تۈك چىقماق	headword	397_1R.png	unverified
D90-2-03917	تۈك خالتىسى	headword	397_1R.png	unverified
D90-2-03918	تۈكلىرى تەتۈر ئۆرۈلمەك	headword	397_1R.png	unverified
D90-2-03919	تۈكلىرى تەتۈر يانداق	headword	397_1R.png	unverified
D90-2-03920	تۈكى بار	headword	397_1R.png	unverified
D90-2-03921	تۈكى تەۋرىمەسلىك	headword	397_2L.png	unverified
D90-2-03921-v1	مويى تەۋرىمەسلىك	variant	397_2L.png	unverified
D90-2-03922	تۈكى چۈشمىگەن	headword	397_2L.png	unverified
D90-2-03923	تۈكى يوق	headword	397_2L.png	unverified
D90-2-03924	تۈكباش	headword	397_2L.png	unverified
D90-2-03925	تۈكچە	headword	397_2L.png	unverified
D90-2-07026	چەككۈچ	headword	677_2L.png	unverified
D90-2-03926	تۈكسىز	headword	397_2L.png	unverified
D90-2-03927	تۈكلۈك	headword	397_2L.png	unverified
D90-2-03929	تۈكلۈك ئەگرىسۈناي	headword	398_1R.png	unverified
D90-2-03930	تۈكلۈك بامبۈك	headword	398_1R.png	unverified
D90-2-03931	تۈكلۈك زەمبۇرۇغ	headword	398_1R.png	unverified
D90-2-03931-v1	ئاق كۆكىرىك زەمبۇرۇغى	variant	398_1R.png	unverified
D90-2-03932	تۈكلۈك شاپتۇل	headword	398_1R.png	unverified
D90-2-03933	تۈكلۈك قاقىلە	headword	398_1R.png	unverified
D90-2-03936	تۈكۈچ	headword	398_2L.png	unverified
D90-2-03937	تۈكۈرتىمەك	headword	398_2L.png	unverified
D90-2-03938	تۈكۈرمەك	headword	398_2L.png	unverified
D90-2-03939	تۈكۈرۈشمەك	headword	398_2L.png	unverified
D90-2-03941	تۈكۈرۈك قاچىسى	headword	398_2L.png	unverified
D90-2-03943	تۈكۈرۈكدان	headword	399_1R.png	unverified
D90-2-03942	تۈكۈرۈك يەرگە سىڭگۈچە	headword	399_1R.png	unverified
D90-2-03944	تۈكۈرۈكدىمەك	headword	399_1R.png	unverified
D90-2-03945	تۈكۈرۈكلىمەك	headword	399_1R.png	unverified
D90-2-03946	تۈكۈرۈلمەك	headword	399_1R.png	unverified
D90-2-03947	تۈگە	headword	399_1R.png	unverified
D90-2-03948	تۈگەتكۈسىز	headword	399_1R.png	unverified
D90-2-03949	تۈگەتمەك	headword	399_1R.png	unverified
D90-2-03950	تۈگەشتۈرمەك	headword	399_1R.png	unverified
D90-2-03951	تۈگەشتۈرۈلمەك	headword	399_2L.png	unverified
D90-2-03952	تۈگەشمەك	headword	399_2L.png	unverified
D90-2-03953	تۈگەل	headword	399_2L.png	unverified
D90-2-03954	تۈگەللەنمەك	headword	400_1R.png	unverified
D90-2-03955	تۈگەللەشمەك	headword	400_1R.png	unverified
D90-2-03957	تۈگەللىمەك	headword	400_1R.png	unverified
D90-2-03958	تۈگەنچە	headword	400_1R.png	unverified
D90-2-03959	تۈگەنچە مەزگىل	headword	400_2L.png	unverified
D90-2-03960	تۈگدۈرمەك	headword	400_2L.png	unverified
D90-2-03961	تۈگدۈرۈشمەك	headword	400_2L.png	unverified
D90-2-03962	تۈگدۈرۈلمەك	headword	400_2L.png	unverified
D90-2-03963	تۈگرىك	headword	400_2L.png	unverified
D90-2-03964	تۈگكەن-پۈككەن	headword	400_2L.png	unverified
D90-2-03965	تۈگمە	headword	400_2L.png	unverified
D90-2-03966	تۈگمەك	headword	400_2L.png	unverified
D90-2-03967	تۈگمەن	headword	401_1R.png	unverified
D90-2-03968	تۈگمەن تېشى	headword	401_2L.png	unverified
D90-2-03969	تۈگمەندىن پۈتۈن چىقىدىغان	headword	401_2L.png	unverified
D90-2-03970	تۈگمەن ماڭدۇرماق	headword	401_2L.png	unverified
D90-2-03971	تۈگمەننىڭ كويلىسىدىن تىرىك چىقىدىغان	headword	401_2L.png	unverified
D90-2-03972	تۈگمىنىگە سۇ قۇيماق	headword	401_2L.png	unverified
D90-2-03973	تۈگمەنچى	headword	402_1R.png	unverified
D90-2-03974	تۈگمەنچىلىك	headword	402_1R.png	unverified
D90-2-03975	تۈگمەن-تېسەك	headword	402_1R.png	unverified
D90-2-03976	تۈگمىدەك	headword	402_1R.png	unverified
D90-2-03977	تۈگمىگۈل	headword	402_1R.png	unverified
D90-2-03979	تۈگمىلەتمەك	headword	402_2L.png	unverified
D90-2-03980	تۈگمىلەنمەك	headword	402_2L.png	unverified
D90-2-03981	تۈگمىلىك	headword	402_2L.png	unverified
D90-2-03982	تۈگمىلىمەك	headword	402_2L.png	unverified
D90-2-03983	تۈگۈچ	headword	402_2L.png	unverified
D90-2-03984	تۈگۈر	headword	403_1R.png	unverified
D90-2-03985	تۈگۈرەك	headword	403_1R.png	unverified
D90-2-03986	تۈگۈر-تۈگۈر	headword	403_2L.png	unverified
D90-2-03987	تۈگۈرچەك	headword	403_2L.png	unverified
D90-2-03988	تۈگۈرلەشتۈرمەك	headword	403_2L.png	unverified
D90-2-03989	تۈگۈرلەشمەك	headword	403_2L.png	unverified
D90-2-03990	تۈگۈرلەنمەك	headword	403_2L.png	unverified
D90-2-03991	تۈگۈك	headword	403_2L.png	unverified
D90-2-03992	تۈگۈكلۈك	headword	403_2L.png	unverified
D90-2-03993	تۈگۈل	headword	404_1R.png	unverified
D90-2-03994	تۈگۈلمەك	headword	404_1R.png	unverified
D90-2-03995	تۈگۈلۈشمەك	headword	404_1R.png	unverified
D90-2-03996	تۈگۈم	headword	404_1R.png	unverified
D90-2-03997	تۈگۈن	headword	404_1R.png	unverified
D90-2-03998	تۈگۈنەك	headword	405_1R.png	unverified
D90-2-04002	تۈگۈنچە	headword	405_2L.png	unverified
D90-2-04003	تۈگۈنچەك	headword	405_2L.png	unverified
D90-2-04004	تۈگۈنچەكلەنمەك	headword	406_1R.png	unverified
D90-2-04005	تۈگۈنچەكلىمەك	headword	406_1R.png	unverified
D90-2-04006	تۈگۈنلۈك	headword	406_1R.png	unverified
D90-2-04008	تۈگۈنمەك	headword	406_1R.png	unverified
D90-2-04009	تۈگىتىلمەك	headword	406_1R.png	unverified
D90-2-04010	تۈگىمەس	headword	406_2L.png	unverified
D90-2-04011	تۈگىمەس-پۈتمەس	headword	406_2L.png	unverified
D90-2-04012	تۈگىمەك	headword	406_2L.png	unverified
D90-2-04013	تۈڭلۈك	headword	406_2L.png	unverified
D90-2-04014	تۈڭلۈكئاچار	headword	407_1R.png	verified
D90-2-04015	تۈڭلۈكئاچقۇچ	headword	407_1R.png	unverified
D90-2-04016	تۈلەتمەك	headword	407_1R.png	unverified
D90-2-04017	تۈلەشمەك	headword	407_1R.png	unverified
D90-2-04018	تۈلەك	headword	407_1R.png	unverified
D90-2-04019	تۈلكە	headword	407_1R.png	unverified
D90-2-04020	تۈلكىلىك	headword	407_1R.png	unverified
D90-2-04021	تۈلكىمايىقى	headword	407_2L.png	verified
D90-2-04022	تۈلكىمايىقى ئائىلىسى	headword	407_2L.png	unverified
D90-2-04023	تۈلىمەك	headword	407_2L.png	unverified
D90-2-04024	تۈمەن	headword	407_2L.png	unverified
D90-2-04025	تۈمەنبېشى	headword	407_2L.png	verified
D90-2-04026	تۈمەن-تۈرلۈك	headword	407_2L.png	unverified
D90-2-04027	تۈمەنلەپ	headword	408_1R.png	unverified
D90-2-04028	تۈمەنمىڭ	headword	408_1R.png	verified
D90-2-04029	تۈن	headword	408_1R.png	unverified
D90-2-04030	تۈن ئاغماق	headword	408_1R.png	unverified
D90-2-04031	تۈن بويى	headword	408_2L.png	unverified
D90-2-04032	تۈن پەردىسى	headword	408_2L.png	unverified
D90-2-04033	تۈن تەڭ	headword	408_2L.png	unverified
D90-2-04034	تۈن قاراڭغۇسى	headword	408_2L.png	unverified
D90-2-04035	تۈن قوينى	headword	408_2L.png	unverified
D90-2-04036	تۈن كېپىنىكى	headword	408_2L.png	unverified
D90-2-04037	تۈن كېچە	headword	408_2L.png	unverified
D90-2-04038	تۈن مۈزىكىسى	headword	408_2L.png	unverified
D90-2-04039	تۈننى تاڭغا ئۇلاپ	headword	409_1R.png	unverified
D90-2-04041	تۈننى كۈنگە ئۇلاپ	headword	409_1R.png	unverified
D90-2-04040	تۈن نىسپى	headword	409_1R.png	unverified
D90-2-04042	تۈن ھەسسە	headword	409_1R.png	unverified
D90-2-04043	تۈن يېرىم	headword	409_1R.png	unverified
D90-2-04044	تۈنەتمەك	headword	409_1R.png	verified
D90-2-04045	تۈنەشمەك	headword	409_2L.png	verified
D90-2-04046	تۈنەك	headword	409_2L.png	unverified
D90-2-04047	تۈنەككە ئالماق	headword	409_2L.png	unverified
D90-2-04048	تۈنەك قىلماق	headword	409_2L.png	unverified
D90-2-04058	تۈنىمەك	headword	410_2L.png	unverified
D90-2-04049	تۈنەكخانا	headword	409_2L.png	unverified
D90-2-04050	تۈنپۇراق	headword	410_1R.png	verified
D90-2-04051	تۈنلەپ	headword	410_1R.png	unverified
D90-2-04052	تۈنۈگۈن	headword	410_1R.png	unverified
D90-2-04053	تۈنۈگۈنكى	headword	410_2L.png	unverified
D90-2-04054	تۈنۈگۈنكىدەك	headword	410_2L.png	unverified
D90-2-04055	تۈنىكە	headword	410_2L.png	unverified
D90-2-04056	تۈنىكىچى	headword	410_2L.png	unverified
D90-2-04057	تۈنىكىچىلىك	headword	410_2L.png	unverified
D90-2-04059	تۈۋى	headword	411_1R.png	unverified
D90-2-04063	تۈۋرۈك	headword	411_2L.png	unverified
D90-2-04064	تۈۋرۈكلۈك	headword	411_2L.png	unverified
D90-2-04065	تۈۋلەت	headword	411_2L.png	unverified
D90-2-04066	تۈۋلەنمەك	headword	411_2L.png	unverified
D90-2-04067	تۈۋلۈك	headword	411_2L.png	unverified
D90-2-04068	تۈۋلىمەك	headword	411_2L.png	unverified
D90-2-04069	تېپچەكلەتمەك	headword	412_1R.png	verified
D90-2-04070	تېپچەكلەشمەك	headword	412_1R.png	verified
D90-2-04071	تېپچەكلىمەك	headword	412_1R.png	unverified
D90-2-04072	تېپىرلاپ	headword	412_1R.png	verified
D90-2-04073	تېپىرلاپ قالماق	headword	412_1R.png	unverified
D90-2-04074	تېپىرلاتماق	headword	412_2L.png	unverified
D90-2-04075	تېپىرلاشماق	headword	412_2L.png	unverified
D90-2-04076	تېپىرلىماق	headword	412_2L.png	unverified
D90-2-04077	تېپىشتۇرماق	headword	413_1R.png	unverified
D90-2-04078	تېپىشتۇرۇلماق	headword	413_1R.png	unverified
D90-2-04079	تېپىشتۈرمەك	headword	413_1R.png	unverified
D90-2-04080	تېپىشىش	headword	413_1R.png	unverified
D90-2-04082	تېپىشماق	headword	413_1R.png	unverified
D90-2-04083	تېپىشماقنى يەشمەك	headword	413_2L.png	unverified
D90-2-04085	تېتىقسىزلىق	headword	416_1R.png	unverified
D90-2-04086	تېتىك	headword	416_1R.png	unverified
D90-2-04087	تېتىكلەشتۈرمەك	headword	416_1R.png	unverified
D90-2-04088	تېتىكلەشتۈرۈلمەك	headword	416_1R.png	unverified
D90-2-04089	تېتىكلەشمەك	headword	416_2L.png	unverified
D90-2-04090	تېتىكلەنمەك	headword	416_2L.png	unverified
D90-2-04091	تېتىكلىك	headword	416_2L.png	unverified
D90-2-04092	تېتىكلىمەك	headword	416_2L.png	unverified
D90-2-04093	تېتىم	headword	416_2L.png	unverified
D90-2-04094	تېتىماق	headword	416_2L.png	unverified
D90-2-04095	تېتىمسىز	headword	417_1R.png	unverified
D90-2-04096	تېتىملىق	headword	417_1R.png	unverified
D90-2-04097	تېجەپ-تۆشەپ	headword	417_2L.png	verified
D90-2-04098	تېجەتمەك	headword	417_2L.png	verified
D90-2-04099	تېجەشلىك	headword	417_2L.png	verified
D90-2-04100	تېجەشمەك	headword	417_2L.png	verified
D90-2-04101	تېجەلمەك	headword	417_2L.png	verified
D90-2-04102	تېجىمەك	headword	417_2L.png	verified
D90-2-04103	تېجىمەل	headword	417_2L.png	unverified
D90-2-04104	تېجىمەللىك	headword	418_1R.png	unverified
D90-2-04105	تېخنولوگىيە	headword	418_1R.png	unverified
D90-2-04106	تېخنېتسىي	headword	418_1R.png	unverified
D90-2-04107	تېخنىك	headword	418_1R.png	unverified
D90-2-04108	تېخنىكا	headword	418_2L.png	unverified
D90-2-04110	تېخنىكا ئىنقىلابى	headword	418_2L.png	unverified
D90-2-04111	تېخنىكا يېڭىلاش	headword	418_2L.png	unverified
D90-2-04112	تېخنىكوم	headword	419_1R.png	unverified
D90-2-04113	تېخنىكىلىق	headword	419_1R.png	unverified
D90-2-04114	تېخنىكىۋى	headword	419_1R.png	unverified
D90-2-04115	تېخى	headword	419_1R.png	unverified
D90-2-04116	تېخىچە	headword	420_1R.png	unverified
D90-2-04117	تېخىمۇ	headword	420_1R.png	unverified
D90-2-04118	تېرى	headword	420_1R.png	unverified
D90-2-04119	تېرە ئاستى توقۇلمىلىرى	headword	420_2L.png	verified
D90-2-04120	تېرە ئاشلىماق	headword	420_2L.png	unverified
D90-2-04121	تېرە ئەيلىمەك	headword	420_2L.png	unverified
D90-2-04122	تېرە بېزى	headword	420_2L.png	unverified
D90-2-04123	تېرە تاراقشتماق	headword	420_2L.png	unverified
D90-2-04124	تېرە تاراقلاتماق	headword	420_2L.png	unverified
D90-2-04125	تېرە سېزىمى	headword	421_1R.png	verified
D90-2-04126	تېرە سىلى	headword	421_1R.png	unverified
D90-2-04126-v1	بۆرە چاقىسى	variant	421_1R.png	unverified
D90-2-04127	تېرە قەغەز	headword	421_1R.png	unverified
D90-2-04128	تېرە كېسەللىكى	headword	421_1R.png	unverified
D90-2-04129	تېرە ماي بېزى	headword	421_1R.png	unverified
D90-2-04130	تېرىسى قېلىن	headword	421_1R.png	unverified
D90-2-04130-v1	يۈزى قېلىن	variant	421_1R.png	unverified
D90-2-04131	تېرىسىگە پاتماي كەتمەك	headword	421_1R.png	unverified
D90-2-04132	تېرىسىگە سامان تىقماق	headword	421_2L.png	unverified
D90-2-04133	تېرىسىگە سىغماي قالماق	headword	421_2L.png	unverified
D90-2-04134	تېرىسىنى تەتۈر سويماق	headword	421_2L.png	unverified
D90-2-04135	تېرىسىنى شىلماق	headword	421_2L.png	unverified
D90-2-04136	تېرىگە ئالماق	headword	422_1R.png	unverified
D90-2-04137	تېرە-تەرسەك	headword	422_1R.png	unverified
D90-2-04138	تېرەك	headword	422_1R.png	unverified
D90-2-04140	تېرەكلىك	headword	422_1R.png	unverified
D90-2-04141	تېرەن	headword	422_2L.png	unverified
D90-2-04142	تېرەنلىك	headword	422_2L.png	unverified
D90-2-04143	تېرپىي	headword	422_2L.png	unverified
D90-2-04144	تېرراسا	headword	422_2L.png	unverified
D90-2-04145	تېررامىتسىن	headword	422_2L.png	verified
D90-2-04146	تېررامىتسىن باكتېرىيىسى	headword	423_1R.png	unverified
D90-2-04147	تېررور	headword	423_1R.png	unverified
D90-2-04148	تېررورچى	headword	423_1R.png	unverified
D90-2-04149	تېررورلۇق	headword	423_1R.png	unverified
D90-2-04150	تېررىتورىيە	headword	423_1R.png	unverified
D90-2-04151	تېررىتورىيىلىك	headword	423_1R.png	unverified
D90-2-04152	تېرگاۋ	nonstandard	423_2L.png	unverified
D90-2-04153	تېرمو	headword	423_2L.png	unverified
D90-2-04155	تېرمودىنامىكا	headword	423_2L.png	unverified
D90-2-04156	تېرموس	headword	423_2L.png	unverified
D90-2-06916	چايدان	headword	668_2L.png	unverified
D90-2-04157	تېرموستات	headword	423_2L.png	unverified
D90-2-04158	تېرمومېتامورفىزم	headword	424_1R.png	unverified
D90-2-04158-v1	كونتاكىتلىق مېتامورفىزم	variant	424_1R.png	unverified
D90-2-04159	تېرمومېتر	headword	424_1R.png	unverified
D90-2-04160	تېرموئېلېكتر	headword	424_1R.png	unverified
D90-2-04162	تېرمو ئېلېمېنت	headword	424_1R.png	unverified
D90-2-04163	تېرمىن	headword	424_1R.png	unverified
D90-2-04163-v1	ئاتالغۇ	variant	424_1R.png	unverified
D90-2-04164	تېرمىنولوگىيە	headword	424_1R.png	unverified
D90-2-04165	تېرىپ-تەرمەپ	headword	424_2L.png	unverified
D90-2-04166	تېرىپ-تۆشەپ	headword	424_2L.png	unverified
D90-2-04167	تېرىپۇرۇش	headword	424_2L.png	unverified
D90-2-04168	تېرىتقۇزماق	headword	424_2L.png	unverified
D90-2-04169	تېرىتماق	headword	424_2L.png	unverified
D90-2-04170	تېرىشتۈرمەك	headword	424_2L.png	unverified
D90-2-04171	تېرىشماق	headword	424_2L.png	unverified
D90-2-04172	تېرىشمەك	headword	424_2L.png	unverified
D90-2-04173	تېرىغان-تىككەن	headword	424_2L.png	unverified
D90-2-04174	تېرىق	headword	425_1R.png	unverified
D90-2-04175	تېرىققا ئۈشكە قويىدىغان	headword	425_1R.png	unverified
D90-2-04176	تېرىقتەك	headword	425_1R.png	unverified
D90-2-04177	تېرىقچە	headword	425_1R.png	unverified
D90-2-04178	تېرىقچى	headword	425_1R.png	unverified
D90-2-04179	تېرىقچىلىق	headword	425_2L.png	unverified
D90-2-04180	تېرىقچىلىق قىلماق	headword	425_2L.png	unverified
D90-2-04181	تېرىقسىز	headword	425_2L.png	unverified
D90-2-04182	تېرىقلىق	headword	425_2L.png	unverified
D90-2-04184	تېرىكە	headword	425_2L.png	unverified
D90-2-04185	تېرىكتۈرمەك	headword	425_2L.png	unverified
D90-2-04186	تېرىكتۈرۈشمەك	headword	425_2L.png	unverified
D90-2-04187	تېرىكتۈرۈلمەك	headword	426_1R.png	unverified
D90-2-04188	تېرىككەك	headword	426_1R.png	unverified
D90-2-04189	تېرىككەكلىك	headword	426_1R.png	unverified
D90-2-04190	تېرىكمەك	headword	426_1R.png	unverified
D90-2-04191	تېرىكىشمەك	headword	426_1R.png	unverified
D90-2-04192	تېرىلغۇ	headword	426_1R.png	unverified
D90-2-04197	تېرىلغۇلۇق	headword	426_2L.png	unverified
D90-2-04198	تېرىلماق	headword	426_2L.png	unverified
D90-2-04199	تېرىلمە	headword	426_2L.png	unverified
D90-2-04200	تېرىلمەك	headword	426_2L.png	unverified
D90-2-04201	تېرىم	headword	426_2L.png	unverified
D90-2-04203	تېرىماق	headword	427_1R.png	unverified
D90-2-04204	تېرىمچى	headword	427_1R.png	unverified
D90-2-04206	تېرىندى	headword	427_1R.png	unverified
D90-2-04207	تېز	headword	427_1R.png	unverified
D90-2-04208	تېز بول	headword	427_2L.png	unverified
D90-2-04209	تېز پۇرسەتتە	headword	427_2L.png	unverified
D90-2-04209-v1	تېز ئارىدا	variant	427_2L.png	unverified
D90-2-04210	تېز تېيىلىش كانكىسى	headword	427_2L.png	unverified
D90-2-04211	تېز سۈرئەتلىك يول	headword	427_2L.png	unverified
D90-2-04212	تېز سىزما	headword	427_2L.png	unverified
D90-2-04213	تېز مۇز تېيىلىش	headword	428_1R.png	unverified
D90-2-04214	تېز نېيترون	headword	428_1R.png	unverified
D90-2-04215	تېز ھەل قىلىش ئۇرۇشى	headword	428_1R.png	unverified
D90-2-04216	تېز ھېسابلاش	headword	428_1R.png	unverified
D90-2-04217	تېز ئۈنۈملۈك ئوغۇت	headword	428_1R.png	unverified
D90-2-04218	تېز يېزىش	headword	428_1R.png	unverified
D90-2-04219	تېزەك	headword	428_2L.png	unverified
D90-2-04220	تېزەك قوڭغۇزى	headword	428_2L.png	verified
D90-2-04221	تېزىكى قاتماق	headword	428_2L.png	unverified
D90-2-04221-v1	پوقى قاتماق	variant	428_2L.png	unverified
D90-2-04222	تېزىكىگە بىگىز ئۆتمەيدىغان	headword	428_2L.png	unverified
D90-2-04223	تېزىكىڭنى تەر	headword	428_2L.png	unverified
D90-2-04224	تېزەكچى	headword	428_2L.png	unverified
D90-2-04225	تېزەكلەت	headword	428_2L.png	unverified
D90-2-04226	تېزەكلىك	headword	428_2L.png	unverified
D90-2-04227	تېزەكلىمەك	headword	428_2L.png	unverified
D90-2-04228	تېز-تېز	headword	429_1R.png	unverified
D90-2-04229	تېزدىن	headword	429_1R.png	unverified
D90-2-04230	تېزلەتكۈچى	headword	429_1R.png	unverified
D90-2-04231	تېزلەتمەك	headword	429_1R.png	unverified
D90-2-04232	تېزلەشتۈرمەك	headword	429_2L.png	unverified
D90-2-04233	تېزلەشتۈرۈلمەك	headword	429_2L.png	unverified
D90-2-04234	تېزلەشمەك	headword	429_2L.png	unverified
D90-2-04235	تېزلەنمەك	headword	429_2L.png	unverified
D90-2-04236	تېزلىتىلمەك	headword	429_2L.png	unverified
D90-2-04237	تېزلىك	headword	429_2L.png	unverified
D90-2-04238	تېزلىك بىلەن	headword	429_2L.png	unverified
D90-2-04239	تېزلىك كوئېففىتسېنتى	headword	430_1R.png	unverified
D90-2-04240	تېزلىكتە	headword	430_1R.png	unverified
D90-2-04241	تېزلىمەك	headword	430_1R.png	unverified
D90-2-04242	تېزلىنىش	headword	430_1R.png	unverified
D90-2-04243	تېزلىنىشچان	headword	430_1R.png	unverified
D90-2-04245	تېزىس	headword	430_2L.png	unverified
D90-2-04246	تېشىرقاتماق	headword	430_2L.png	unverified
D90-2-04247	تېشىرقىماق	headword	430_2L.png	unverified
D90-2-04248	تېشىشماق	headword	430_2L.png	unverified
D90-2-04249	تېشىشمەك	headword	430_2L.png	unverified
D90-2-04250	تېشىلمەك	headword	430_2L.png	unverified
D90-2-04251	تېقىم	headword	431_1R.png	unverified
D90-2-04252	تېقىم خالتا	headword	431_1R.png	unverified
D90-2-04253	تېقىمغا باسماق	headword	431_1R.png	unverified
D90-2-04254	تېقىمىغا ئۇرۇپ گەپ تېپىپ يەردىن يالغان گەپ توقۇپ چىقماق	headword	431_2L.png	unverified
D90-2-04255	تېقىمدىماق	headword	431_2L.png	unverified
D90-2-04256	تېقىملىماق	headword	431_2L.png	unverified
D90-2-04257	تېكە	headword	431_2L.png	unverified
D90-2-04258	تېكە ساقال	headword	431_2L.png	unverified
D90-2-04259	تېكە كىرمەك	headword	431_2L.png	unverified
D90-2-04260	تېكەستىبە	headword	431_2L.png	unverified
D90-2-04261	تېكتونا	headword	431_2L.png	unverified
D90-2-04261-v1	تېكتونا دەرىخى	variant	431_2L.png	unverified
D90-2-04263	تېكتونىكا	headword	432_1R.png	unverified
D90-2-04264	تېكتونىكىلىق	headword	432_1R.png	unverified
D90-2-04267	تېكىچەك	headword	432_2L.png	unverified
D90-2-04268	تېكىچى	headword	432_2L.png	unverified
D90-2-04269	تېكىساقال	headword	432_2L.png	unverified
D90-2-04269-v1	كۆكسېغىز	variant	432_2L.png	unverified
D90-2-04270	تېكىست	headword	432_2L.png	unverified
D90-2-04271	تېكىستچى	headword	433_1R.png	unverified
D90-2-04272	تېكىستلەشتۈرمەك	headword	433_1R.png	unverified
D90-2-04273	تېكىستلەشتۈرۈلمەك	headword	433_1R.png	unverified
D90-2-04274	تېكىستسىز	headword	433_1R.png	unverified
D90-2-04275	تېكىستلىك	headword	433_1R.png	unverified
D90-2-04276	تېكىستولوگىيە	headword	433_1R.png	verified
D90-2-04277	تېكىستولوگىيىلىك	headword	433_2L.png	verified
D90-2-04278	تېكىمەت	headword	433_2L.png	unverified
D90-2-04278-v1	تەڭلىمان	variant	433_2L.png	unverified
D90-2-04279	تېكىن	headword	433_2L.png	unverified
D90-2-04281	تېكىنەك	headword	433_2L.png	unverified
D90-2-04282	تېكىنخور	headword	433_2L.png	unverified
D90-2-04283	تېكىنخورلۇق	headword	433_2L.png	unverified
D90-2-04284	تېگى-پېيى	headword	433_2L.png	unverified
D90-2-04285	تېگى-تەكتى	headword	433_2L.png	unverified
D90-2-04286	تېگى-تېگىدىن	headword	434_1R.png	unverified
D90-2-04287	تېگىرمەك	headword	434_1R.png	unverified
D90-2-04288	تېگىش	headword	434_1R.png	unverified
D90-2-04290	تېگىش قىلماق	headword	434_2L.png	unverified
D90-2-04291	تېگىشتۈرمەك	headword	434_2L.png	verified
D90-2-04292	تېگىشتۈرۈلمەك	headword	434_2L.png	unverified
D90-2-04293	تېگىشكۈسىز	headword	434_2L.png	unverified
D90-2-04294	تېگىشلىك	headword	434_2L.png	unverified
D90-2-04295	تېگىشمەك	headword	435_1R.png	unverified
D90-2-04297	تېگىشىش	headword	435_1R.png	unverified
D90-2-04300	تېگىشلىمەك	headword	435_2L.png	unverified
D90-2-04301	تېگىل	headword	435_2L.png	unverified
D90-2-04303	تېگىلمەك	headword	435_2L.png	unverified
D90-2-04304	تېڭىرقاتماق	headword	435_2L.png	unverified
D90-2-04305	تېڭىرقاش	headword	435_2L.png	unverified
D90-2-04306	تېڭىرقاشماق	headword	436_1R.png	unverified
D90-2-04307	تېڭىرقاڭ	headword	436_1R.png	unverified
D90-2-04308	تېڭىرقىماق	headword	436_1R.png	unverified
D90-2-04309	تېڭىشماق	headword	436_1R.png	unverified
D90-2-04310	تېڭىق	headword	436_1R.png	unverified
D90-2-04311	تېڭىق تاڭماق	headword	436_2L.png	unverified
D90-2-04312	تېڭىقچى	headword	436_2L.png	unverified
D90-2-04313	تېڭىقچىلىق	headword	436_2L.png	unverified
D90-2-04314	تېڭىقلىق	headword	436_2L.png	unverified
D90-2-04315	تېڭىلماق	headword	437_1R.png	unverified
D90-2-04316	تېڭىقتوتى	headword	437_1R.png	unverified
D90-2-04317	تېللۇر	headword	437_1R.png	unverified
D90-2-04318	تېلېسكوپ	headword	437_1R.png	unverified
D90-2-04319	تېلېفون	headword	437_1R.png	unverified
D90-2-04321	تېلېفونچى	headword	437_2L.png	unverified
D90-2-04322	تېلېفونىست	headword	437_2L.png	unverified
D90-2-04323	تېلېفونلاشتۇرماق	headword	437_2L.png	unverified
D90-2-04324	تېلېفونلاشتۇرۇلماق	headword	437_2L.png	unverified
D90-2-04325	تېلېفونلاشماق	headword	437_2L.png	unverified
D90-2-04326	تېلېگراف	headword	437_2L.png	unverified
D90-2-04327	تېلېگرامما	headword	437_2L.png	unverified
D90-2-04328	تېلېگرامما بەرمەك	headword	438_1R.png	unverified
D90-2-04329	تېلېمېتىر	headword	438_1R.png	unverified
D90-2-04330	تېلېۋىزور	headword	438_1R.png	unverified
D90-2-04333	تېلېۋىزىيە	headword	438_1R.png	unverified
D90-2-04336	تېلىقتۇرماق	headword	438_2L.png	unverified
D90-2-04337	تېلىقماق	headword	438_2L.png	unverified
D90-2-04338	تېما	headword	438_2L.png	unverified
D90-2-04339	تېماتىك	headword	439_1R.png	unverified
D90-2-04339-v1	تېماتىكىلىق	variant	439_1R.png	unverified
D90-2-04341	تېماتىكا	headword	439_1R.png	unverified
D90-2-04342	تېمبىر	headword	439_1R.png	unverified
D90-2-04343	تېمپا	headword	439_1R.png	unverified
D90-2-04344	تېمپېراتۇرا	headword	439_1R.png	unverified
D90-2-04348	تېمپېرامېنت	headword	439_2L.png	unverified
D90-2-04349	تېمپىلىق	headword	439_2L.png	unverified
D90-2-04350	تېمېدا	headword	439_2L.png	unverified
D90-2-04350-v1	تېمېدا ئوتى	variant	439_2L.png	unverified
D90-2-04352	تېمىتقۇچ	headword	440_1R.png	unverified
D90-2-04353	تېمىتقۇزماق	headword	440_1R.png	unverified
D90-2-04354	تېمىتماق	headword	440_1R.png	unverified
D90-2-04355	تېمىتىپ	headword	440_1R.png	unverified
D90-2-04357	تېمىتىلماق	headword	440_1R.png	unverified
D90-2-04358	تېمىلىق	headword	440_1R.png	unverified
D90-2-04360	تېمىم	headword	440_1R.png	unverified
D90-2-04361	تېنەپ-تەمترەپ	headword	440_1R.png	unverified
D90-2-04362	تېنەتمەك	headword	440_2L.png	unverified
D90-2-04363	تېنەشمەك	headword	440_2L.png	unverified
D90-2-04364	تېنور	headword	440_2L.png	unverified
D90-2-04365	تېنىمەك	headword	440_2L.png	unverified
D90-2-04366	تېئودولىت	headword	440_2L.png	unverified
D90-2-04367	تېئورېما	headword	440_2L.png	unverified
D90-2-04368	تېئورىيە	headword	440_2L.png	unverified
D90-2-04368-v1	نەزەرىيە	variant	440_2L.png	unverified
D90-2-04369	تېئوفىللىن	headword	440_2L.png	unverified
D90-2-04370	تېئولوگىيە	headword	441_1R.png	unverified
D90-2-04370-v1	ئېلاھىيەت	variant	441_1R.png	unverified
D90-2-04371	تېۋەك	headword	441_1R.png	unverified
D90-2-04371-v1	تېۋەك ئۆردەك	variant	441_1R.png	unverified
D90-2-04373	تېۋىپ	headword	441_1R.png	unverified
D90-2-04374	تېۋىپلىق	headword	441_1R.png	unverified
D90-2-04375	تېۋىلغا	headword	441_1R.png	unverified
D90-2-04376	تېۋىلغىلىق	headword	441_1R.png	unverified
D90-2-04377	تېۋىندۇرماق	headword	441_1R.png	unverified
D90-2-04378	تېۋىنىشماق	headword	441_2L.png	unverified
D90-2-04379	تېۋىنماق	headword	441_2L.png	unverified
D90-2-04380	تېيىز	headword	441_2L.png	unverified
D90-2-04381	تېيىز قۇدۇق	headword	441_2L.png	unverified
D90-2-04382	تېيىزلاشتۇرماق	headword	441_2L.png	unverified
D90-2-04383	تېيىزلاشماق	headword	441_2L.png	unverified
D90-2-04384	تېيىزلىق	headword	441_2L.png	unverified
D90-2-04385	تېيىلدۇرماق	headword	442_1R.png	unverified
D90-2-04386	تېيىلغاق	headword	442_1R.png	unverified
D90-2-04387	تېيىلغاقلىق	headword	442_1R.png	unverified
D90-2-04388	تېيىلغۇچ	headword	442_1R.png	unverified
D90-2-04390	تېيىلماق	headword	442_1R.png	unverified
D90-2-04391	تېيىلىشماق	headword	442_2L.png	unverified
D90-2-04392	تىبابەت	headword	442_2L.png	unverified
D90-2-04393	تىبابەتچىلىك	headword	442_2L.png	unverified
D90-2-04394	تىبابەتخانا	headword	442_2L.png	unverified
D90-2-04395	تىبەت	headword	442_2L.png	unverified
D90-2-04397	تىبەت قويى	headword	443_1R.png	unverified
D90-2-04398	تىببىي	headword	443_1R.png	unverified
D90-2-04401	تىپ	headword	443_1R.png	unverified
D90-2-04402	تىپ تىپ كلاسسىفىكاتسىيە قىلىش ئۇسۇلى	headword	443_2L.png	unverified
D90-2-04403	تىپ ياراتماق	headword	444_1R.png	verified
D90-2-04404	تىپتىكى	headword	444_1R.png	unverified
D90-2-04405	تىپتىنچ	headword	444_1R.png	unverified
D90-2-04406	تىپتىنىق	headword	444_1R.png	unverified
D90-2-04407	تىپچاق	headword	444_1R.png	unverified
D90-2-04408	تىپىك	headword	444_2L.png	unverified
D90-2-04409	تىپىك پېرسوناز	headword	444_2L.png	unverified
D90-2-04410	تىپىك خاراكتېر	headword	444_2L.png	unverified
D90-2-04412	تىپىكلەشتۈرمەك	headword	445_1R.png	verified
D90-2-04413	تىپىكلەشتۈرۈش	headword	445_1R.png	unverified
D90-2-04414	تىپىكلەشمەك	headword	445_2L.png	unverified
D90-2-04415	تىپىكلىك	headword	445_2L.png	unverified
D90-2-04416	تىتاڭ	headword	445_2L.png	unverified
D90-2-04419	تىتان	headword	445_2L.png	unverified
D90-2-04420	تىت-تىت بولماق	headword	446_1R.png	unverified
D90-2-04421	تىت-تىت قىلماق	headword	446_1R.png	unverified
D90-2-04422	تىتىتلىماق	headword	446_1R.png	unverified
D90-2-04423	تىترات	headword	446_1R.png	unverified
D90-2-04424	تىترەتمە	headword	446_1R.png	unverified
D90-2-04426	تىترەتمەك	headword	446_2L.png	unverified
D90-2-04427	تىترەشمەك	headword	446_2L.png	unverified
D90-2-04428	تىترەك	headword	446_2L.png	unverified
D90-2-04430	تىترەك ئولاشماق	headword	447_1R.png	unverified
D90-2-04430-v1	تىترەك باسماق	variant	447_1R.png	unverified
D90-2-04431	تىترەڭگۈ	headword	447_1R.png	unverified
D90-2-04433	تىترەڭگۈلۈك	headword	447_1R.png	unverified
D90-2-04434	تىترىگەك	headword	447_1R.png	unverified
D90-2-04435	تىترىگۈچى	headword	447_1R.png	unverified
D90-2-04436	تىترىمەك	headword	447_1R.png	unverified
D90-2-04437	تىتقۇچلىماق	headword	447_2L.png	unverified
D90-2-04438	تىتقۇزماق	headword	447_2L.png	unverified
D90-2-04439	تىتقۇزۇلماق	headword	447_2L.png	unverified
D90-2-04440	تىتىقلىماق	headword	447_2L.png	unverified
D90-2-04441	تىتما	headword	447_2L.png	unverified
D90-2-04442	تىتما-قالاڭ	headword	447_2L.png	unverified
D90-2-04444	تىتما-تىتما	headword	447_2L.png	unverified
D90-2-04445	تىتماسلىماق	headword	448_1R.png	unverified
D90-2-04446	تىتماق	headword	448_1R.png	unverified
D90-2-04447	تىتما-كاتاڭ	headword	448_1R.png	unverified
D90-2-04448	تىتۇل	headword	448_1R.png	unverified
D90-2-04449	تىتىشماق	headword	448_1R.png	unverified
D90-2-04450	تىتىلدىماق	headword	448_1R.png	unverified
D90-2-04451	تىتىلماق	headword	448_2L.png	unverified
D90-2-04452	تىتىم	headword	448_2L.png	unverified
D90-2-04453	تىتىملاپ	headword	448_2L.png	unverified
D90-2-04454	تىتمىلىماق	headword	448_2L.png	unverified
D90-2-04455	تىتىندى	headword	448_2L.png	unverified
D90-2-04456	تىجارەت	headword	448_2L.png	unverified
D90-2-04457	تىجارەت بېجى	headword	449_1R.png	unverified
D90-2-04458	تىجارەت قىلماق	headword	449_1R.png	unverified
D90-2-04459	تىجارەتچى	headword	449_1R.png	unverified
D90-2-04460	تىجارەتچىلىك	headword	449_1R.png	unverified
D90-2-04461	تىجارەتخانا	headword	449_1R.png	unverified
D90-2-04462	تىنج	nonstandard	449_1R.png	unverified
D90-2-04938	تىنچ	headword	495_2L.png	unverified
D90-2-04464	تىر	headword	449_2L.png	unverified
D90-2-04466	تىراژ	headword	449_2L.png	unverified
D90-2-04467	تىراژلىق	headword	449_2L.png	unverified
D90-2-04468	تىرەتمەك	headword	449_2L.png	unverified
D90-2-04469	تىرەجىشمەك	headword	449_2L.png	unverified
D90-2-04470	تىرەجىمەك	headword	449_2L.png	unverified
D90-2-04471	تىرەشمەك	headword	449_2L.png	unverified
D90-2-04472	تىرەك	headword	449_2L.png	unverified
D90-2-04473	تىرمىلاتماق	headword	452_1R.png	unverified
D90-2-04474	تىرمىلاشماق	headword	452_1R.png	unverified
D90-2-04475	تىرمىلانماق	headword	452_1R.png	unverified
D90-2-04476	تىرمىلىماق	headword	452_1R.png	unverified
D90-2-04477	تىرنا	headword	452_1R.png	unverified
D90-2-04480	تىرناتماق	headword	452_2L.png	unverified
D90-2-04481	تىرناشماق	headword	452_2L.png	unverified
D90-2-04482	تىرناق	headword	452_2L.png	unverified
D90-2-04483	تىرناق ئاستىدىن كىر كولىماق	headword	453_1R.png	unverified
D90-2-04484	تىرناق ئاستىدىن كىر ئىزلىمەك	headword	453_1R.png	unverified
D90-2-04485	تىرناقتا توختايدىغان	headword	453_1R.png	unverified
D90-2-04486	تىرناقتا توختىغۇدەك	headword	453_1R.png	unverified
D90-2-04487	تىرناقتىن تۈك ئۈندۈرمەك	headword	453_2L.png	unverified
D90-2-04488	تىرناقتىن كىر تاپماق	headword	453_2L.png	unverified
D90-2-04489	تىرناقتىن كىر ئىزلىمەك	headword	453_2L.png	unverified
D90-2-04490	تىرناق سىمى	headword	453_2L.png	unverified
D90-2-04491	تىرناق يارىسى	headword	453_2L.png	unverified
D90-2-04492	تىرنىقىنى تاتىلىماق	headword	453_2L.png	unverified
D90-2-04493	تىرنىقىنى كوچىلىماق	headword	453_2L.png	unverified
D90-2-04494	تىرناقچە	headword	454_1R.png	unverified
D90-2-04495	تىرناقچىلىك	headword	454_1R.png	unverified
D90-2-04496	تىرناقگۈل	headword	454_1R.png	unverified
D90-2-04497	تىرناقلاشماق	headword	454_1R.png	unverified
D90-2-04498	تىرناقلانماق	headword	454_1R.png	unverified
D90-2-04499	تىرناقلىق	headword	454_1R.png	unverified
D90-2-04500	تىرناقلىماق	headword	454_1R.png	unverified
D90-2-04501	تىرنىلاتماق	headword	454_2L.png	unverified
D90-2-04502	تىرنىلاشماق	headword	454_2L.png	unverified
D90-2-04503	تىرنىلانماق	headword	454_2L.png	unverified
D90-2-04504	تىرنىلىماق	headword	454_2L.png	unverified
D90-2-04505	تىرنىماق	headword	454_2L.png	unverified
D90-2-04506	تىرىباران	headword	454_2L.png	unverified
D90-2-04508	تىرىجان	headword	454_2L.png	unverified
D90-2-04509	تىرىپ	headword	454_2L.png	unverified
D90-2-04510	تىرىپلىماق	headword	454_2L.png	unverified
D90-2-04511	تىرىپىرەن	headword	454_2L.png	unverified
D90-2-04512	تىرىپىرەن بولماق	headword	455_1R.png	unverified
D90-2-04513	تىرىپىرەن قىلماق	headword	455_1R.png	unverified
D90-2-04514	تىرس	headword	455_1R.png	unverified
D90-2-04515	تىرسىسىدە	headword	455_1R.png	unverified
D90-2-04516	تىرىشچان	headword	455_1R.png	unverified
D90-2-04517	تىرىشچانلىق	headword	455_2L.png	unverified
D90-2-04518	تىرىشقاق	headword	455_2L.png	unverified
D90-2-04519	تىرىشقاقلىق	headword	455_2L.png	unverified
D90-2-04520	تىرىشماق	headword	455_2L.png	unverified
D90-2-04521	تىرىشىپ-تىرمىشىپ	headword	455_2L.png	unverified
D90-2-04522	تىرىق	headword	455_2L.png	unverified
D90-2-04523	تىرىق-تىرىق	headword	456_1R.png	unverified
D90-2-04524	تىرىققىدە	headword	456_1R.png	unverified
D90-2-04525	تىرىقلاتماق	headword	456_1R.png	unverified
D90-2-04526	تىرىقلىماق	headword	456_1R.png	unverified
D90-2-04527	تىرىك	headword	456_1R.png	unverified
D90-2-04529	تىرىك جان	headword	456_2L.png	unverified
D90-2-04530	تىرىك قاتما	headword	456_2L.png	unverified
D90-2-04531	تىرىك لۇغەت	headword	456_2L.png	unverified
D90-2-04532	تىرىك مۇردى	headword	456_2L.png	unverified
D90-2-04533	تىرىك ئۆلمەك	headword	456_2L.png	unverified
D90-2-04535	تىرىكتاپ	headword	457_1R.png	unverified
D90-2-04536	تىرىكتاپلىق	headword	457_1R.png	unverified
D90-2-04537	تىرىك-تىرىك	headword	457_1R.png	unverified
D90-2-04538	تىرىكچىلىك	headword	457_1R.png	unverified
D90-2-04539	تىرىكچىلىك قىلماق	headword	457_1R.png	unverified
D90-2-04540	تىرىكلىك	headword	457_2L.png	unverified
D90-2-04541	تىرىڭ	headword	457_2L.png	unverified
D90-2-04542	تىرىڭ-تىرىڭ	headword	457_2L.png	unverified
D90-2-04543	تىرىڭڭىدە	headword	457_2L.png	unverified
D90-2-04544	تىرىڭلاتماق	headword	457_2L.png	unverified
D90-2-04545	تىرىڭشىتماق	headword	457_2L.png	unverified
D90-2-04546	تىرىڭشىماق	headword	457_2L.png	unverified
D90-2-04547	تىرىڭلىماق	headword	457_2L.png	unverified
D90-2-04548	تىرىلداتماق	headword	457_2L.png	unverified
D90-2-04549	تىرىلداشماق	headword	457_2L.png	unverified
D90-2-04550	تىرىلدۈرۈلمەك	headword	458_1R.png	unverified
D90-2-04551	تىرىلدىماق	headword	458_1R.png	unverified
D90-2-04552	تىرىلمەك	headword	458_1R.png	unverified
D90-2-04553	ترىليون	headword	458_2L.png	unverified
D90-2-04554	تىرىمەك	headword	458_2L.png	unverified
D90-2-04555	تىرياق	headword	458_2L.png	unverified
D90-2-04556	تىز	headword	458_2L.png	unverified
D90-2-04557	تىز پۈكمەك	headword	459_1R.png	unverified
D90-2-04558	تىز تارتقۇ	headword	459_1R.png	unverified
D90-2-04559	تىز چۆكمەك	headword	459_1R.png	unverified
D90-2-04560	تىزدا	headword	459_1R.png	unverified
D90-2-04561	تىزىنى قۇچاقلاپ ئۆتمەك	headword	459_1R.png	unverified
D90-2-04562	تىزاپ	headword	459_2L.png	unverified
D90-2-04563	تىزباسقۇ	headword	459_2L.png	verified
D90-2-04564	تىزدۇرماق	headword	459_2L.png	unverified
D90-2-04565	تىزدۇرۇشماق	headword	459_2L.png	unverified
D90-2-04566	تىزدۇرۇلماق	headword	459_2L.png	unverified
D90-2-04567	تىزغا	headword	459_2L.png	unverified
D90-2-04568	تىزگاھ	headword	459_2L.png	unverified
D90-2-04569	تىزگىن	headword	460_1R.png	unverified
D90-2-04574	تىزگىنسىز	headword	460_2L.png	unverified
D90-2-04574-v1	يۈگەنسىز	variant	460_2L.png	unverified
D90-2-04575	تىزگىنلەتمەك	headword	460_2L.png	unverified
D90-2-04576	تىزگىنلەش	headword	460_2L.png	unverified
D90-2-04577	تىزگىنلەشمەك	headword	460_2L.png	unverified
D90-2-04578	تىزگىنلەنمەك	headword	460_2L.png	unverified
D90-2-04579	تىزگىنلىمەك	headword	461_1R.png	unverified
D90-2-04580	تىزلاپچا	headword	461_1R.png	verified
D90-2-04581	تىزلاتماق	headword	461_2L.png	unverified
D90-2-04582	تىزلاشماق	headword	461_2L.png	unverified
D90-2-04583	تىزلاق	headword	461_2L.png	unverified
D90-2-04584	تىزلاندۇرماق	headword	461_2L.png	unverified
D90-2-04585	تىزلاندۇرۇشماق	headword	461_2L.png	unverified
D90-2-04586	تىزلاندۇرۇلماق	headword	461_2L.png	unverified
D90-2-04587	تىزلانماق	headword	461_2L.png	unverified
D90-2-04588	تىزلىق	headword	462_1R.png	unverified
D90-2-04589	تىزلىماق	headword	462_1R.png	unverified
D90-2-04590	تىزما	headword	462_1R.png	unverified
D90-2-04591	تىزماق	headword	462_1R.png	unverified
D90-2-04593	تىزىشماق	headword	463_1R.png	unverified
D90-2-04594	تىزىق	headword	463_1R.png	unverified
D90-2-04595	تىزىقچە	headword	463_1R.png	unverified
D90-2-04596	تىزىقلىق	headword	463_1R.png	unverified
D90-2-04597	تىزىلدۇرماق	headword	463_1R.png	unverified
D90-2-04598	تىزىلماق	headword	463_2L.png	unverified
D90-2-04599	تىزىلىنماق	headword	463_2L.png	unverified
D90-2-04600	تىزىم	headword	463_2L.png	unverified
D90-2-04601	تىزىملاتماق	headword	463_2L.png	unverified
D90-2-04602	تىزىملاشماق	headword	464_1R.png	unverified
D90-2-04603	تىزىملانماق	headword	464_1R.png	unverified
D90-2-04604	تىزىملىك	headword	464_1R.png	unverified
D90-2-04605	تىزىملىماق	headword	464_1R.png	unverified
D90-2-04606	تىغ	headword	464_1R.png	unverified
D90-2-04608	تىغ ئالماق	headword	464_2L.png	unverified
D90-2-04614	تىغ كۆتۈرمەك	headword	465_1R.png	unverified
D90-2-04609	تىغ تارتماق	headword	464_2L.png	unverified
D90-2-04610	تىغ تەگكۈزمەك	headword	464_2L.png	unverified
D90-2-04611	تىغ تەگمىگەن	headword	465_1R.png	unverified
D90-2-04612	تىغ سالماق	headword	465_1R.png	unverified
D90-2-04613	تىغ سۆڭەككە يەتمەك	headword	465_1R.png	unverified
D90-2-04613-v1	پىچاق سۆڭەككە يەتمەك	variant	465_1R.png	unverified
D90-2-04615	تىغ ئۇچىنى قاراتماق	headword	465_1R.png	unverified
D90-2-04616	تىغ ئۇرماق	headword	465_1R.png	unverified
D90-2-04617	تىغ يالاغلىماق	headword	465_2L.png	unverified
D90-2-04618	تىغچى	headword	465_2L.png	unverified
D90-2-04619	تىغچىلىق	headword	465_2L.png	unverified
D90-2-04620	تىغدەك	headword	465_2L.png	unverified
D90-2-04621	تىغسىمان	headword	465_2L.png	unverified
D90-2-04622	تىغلاتماق	headword	465_2L.png	unverified
D90-2-04623	تىغلاشماق	headword	466_1R.png	unverified
D90-2-04624	تىغلىق	headword	466_1R.png	unverified
D90-2-04625	تىغلىماق	headword	466_1R.png	unverified
D90-2-04626	تىغمۇتىغ	headword	466_1R.png	unverified
D90-2-04627	تىغۋازلىق	headword	466_1R.png	unverified
D90-2-04628	تىق	headword	466_1R.png	unverified
D90-2-04629	تىقتۇرماق	headword	466_1R.png	unverified
D90-2-04630	تىقتۇرۇلماق	headword	466_1R.png	unverified
D90-2-04631	تىقىلىشماق	headword	466_2L.png	unverified
D90-2-04632	تىقما	headword	466_2L.png	unverified
D90-2-04633	تىقما-تىقما	headword	466_2L.png	unverified
D90-2-04634	تىقما-تىقماق	headword	466_2L.png	unverified
D90-2-04635	تىقما-تىقمىچىلىق	headword	466_2L.png	unverified
D90-2-04636	تىقماق	headword	467_1R.png	unverified
D90-2-04637	تىقىشتۇرماق	headword	467_1R.png	unverified
D90-2-04638	تىقىشتۇرۇلماق	headword	467_1R.png	unverified
D90-2-04639	تىقىشماق	headword	467_2L.png	unverified
D90-2-04640	تىقىلما	headword	467_2L.png	unverified
D90-2-04641	تىقىلماق	headword	467_2L.png	unverified
D90-2-04643	تىقىندۇرماق	headword	468_1R.png	unverified
D90-2-04644	تىقىنماق	headword	468_1R.png	unverified
D90-2-04645	تىك	headword	468_1R.png	unverified
D90-2-04646	تىك ئاساسى	headword	468_2L.png	unverified
D90-2-04648	تىك بۇلۇڭلۇق پاراللېل ئالتە ياقلىق	headword	468_2L.png	unverified
D90-2-04649	تىك بۇلۇڭلۇق سېكتور	headword	468_2L.png	unverified
D90-2-04650	تىك بۇلۇڭلۇق ئۈچ بۇلۇڭ	headword	468_2L.png	unverified
D90-2-04651	تىك پاسىل	headword	468_2L.png	unverified
D90-2-04652	تىك پرىزما	headword	468_2L.png	unverified
D90-2-04653	تىك پۈرمەك	headword	469_1R.png	verified
D90-2-04654	تىك تەكشىلىك	headword	469_1R.png	unverified
D90-2-04655	تىك تەڭ بۆلگۈچى سىزىق	headword	469_1R.png	unverified
D90-2-04656	تىك تەۋرەنمە ھەرىكەت	headword	469_1R.png	unverified
D90-2-04657	تىك تۇرماق	headword	469_1R.png	unverified
D90-2-04658	تىك تۆت تەرەپلىك	headword	469_2L.png	unverified
D90-2-04659	تىك سىزىق	headword	469_2L.png	unverified
D90-2-04660	تىك غول	headword	469_2L.png	unverified
D90-2-04661	تىك غوللۇق چىڭگىلىك	headword	469_2L.png	unverified
D90-2-04662	تىك قۇدۇق	headword	469_2L.png	unverified
D90-2-04663	تىك قىرغۇ ستانوك	headword	469_2L.png	unverified
D90-2-04664	تىك قىيا	headword	470_1R.png	unverified
D90-2-04665	تىك كەتمەك	headword	470_1R.png	unverified
D90-2-04666	تىك گۆر	headword	470_1R.png	unverified
D90-2-04667	تىك موللاق چۈشمەك	headword	470_1R.png	unverified
D90-2-04668	تىك ئۇچار ئايروپىلان	headword	470_1R.png	unverified
D90-2-04669	تىك ئىككى ياقلىق بۇلۇڭ	headword	470_1R.png	unverified
D90-2-04670	تىك ياقا	headword	470_1R.png	unverified
D90-2-04671	تىك يونۇش ستانوكى	headword	470_2L.png	unverified
D90-2-04672	تىك يىلتىز	headword	470_2L.png	unverified
D90-2-04674	تىكەن	headword	470_2L.png	unverified
D90-2-04675	تىكەن باشلىق بېلىق	headword	471_1R.png	unverified
D90-2-04676	تىكەن تېرىلىكلەر	headword	471_1R.png	unverified
D90-2-04677	تىكەن تېرىماق	headword	471_1R.png	unverified
D90-2-04678	تىكەن ئۈنمەك	headword	471_1R.png	unverified
D90-2-04679	تىكەندەك	headword	471_1R.png	unverified
D90-2-04680	تىكەنسىز	headword	471_1R.png	unverified
D90-2-04681	تىكەنگۈل	headword	471_1R.png	unverified
D90-2-04681-v1	كاكتۇس	variant	471_1R.png	unverified
D90-2-04682	تىكەنلەشتۈرمەك	headword	471_1R.png	unverified
D90-2-04683	تىكەنلەشمەك	headword	471_2L.png	unverified
D90-2-04684	تىكەنلىك	headword	471_2L.png	unverified
D90-2-04687	تىكەنلىك ئوكۇن	headword	472_1R.png	unverified
D90-2-04688	تىك-تاك	headword	472_1R.png	unverified
D90-2-04689	تىكتاك	headword	472_1R.png	unverified
D90-2-04690	تىكتاك توپ	headword	472_1R.png	unverified
D90-2-04691	تىكتولوگىيە	headword	472_2L.png	unverified
D90-2-04692	تىكتۈرگۈزمەك	headword	472_2L.png	unverified
D90-2-04693	تىكتۈرمەك	headword	472_2L.png	unverified
D90-2-04694	تىكتۈرۈشمەك	headword	472_2L.png	unverified
D90-2-04695	تىكتۈرۈلمەك	headword	472_2L.png	unverified
D90-2-04696	تىك-تىك	headword	472_2L.png	unverified
D90-2-04698	تىككەن-تەرگەن	headword	472_2L.png	unverified
D90-2-04699	تىككۈچى	headword	473_1R.png	unverified
D90-2-04700	تىككۈچىلىك	headword	473_1R.png	unverified
D90-2-04701	تىككىدە	headword	473_1R.png	unverified
D90-2-04703	تىكلەتمەك	headword	473_1R.png	unverified
D90-2-04704	تىكلەشمەك	headword	473_1R.png	unverified
D90-2-04705	تىكلەكلىك	headword	473_1R.png	unverified
D90-2-04706	تىكلەنمەك	headword	473_1R.png	unverified
D90-2-04707	تىكلىمە	headword	473_2L.png	unverified
D90-2-04709	تىكلىمەك	headword	473_2L.png	unverified
D90-2-04710	تىكمە	headword	474_1R.png	unverified
D90-2-04711	تىكمەك	headword	474_1R.png	unverified
D90-2-04712	تىكىپ-سۆكۈپ	headword	474_2L.png	unverified
D90-2-04713	تىكىچ	headword	474_2L.png	unverified
D90-2-04714	تىكىر	headword	474_2L.png	unverified
D90-2-04715	تىكىر-تىكىر	headword	475_1R.png	unverified
D90-2-04716	تىكىش	headword	475_1R.png	unverified
D90-2-04719	تىكىشمەك	headword	475_1R.png	unverified
D90-2-04720	تىكىلدۈرمەك	headword	475_1R.png	unverified
D90-2-04721	تىكىلمەك	headword	475_1R.png	unverified
D90-2-04722	تىكىلىشمەك	headword	475_2L.png	unverified
D90-2-04723	تىكىن	headword	475_2L.png	unverified
D90-2-04724	تىكىنەك	headword	475_2L.png	unverified
D90-2-04725	تىكىۋەتمەك	headword	475_2L.png	unverified
D90-2-04726	تىڭ	headword	475_2L.png	unverified
D90-2-04727	تىڭ يەر	headword	475_2L.png	unverified
D90-2-04727-v1	بوز يەر	variant	475_2L.png	unverified
D90-2-04728	تىڭتىڭلىماق	headword	475_2L.png	unverified
D90-2-04729	تىڭتىڭچى	headword	476_1R.png	unverified
D90-2-04730	تىڭچى	headword	476_1R.png	unverified
D90-2-04731	تىڭشاتماق	headword	476_1R.png	unverified
D90-2-04732	تىڭشاشماق	headword	476_1R.png	unverified
D90-2-04733	تىڭشالماق	headword	476_1R.png	unverified
D90-2-04734	تىڭشىغۇچ	headword	476_1R.png	unverified
D90-2-04735	تىڭشاماق	headword	476_2L.png	unverified
D90-2-04736	تىڭلاتماق	headword	476_2L.png	unverified
D90-2-04737	تىڭلاشماق	headword	476_2L.png	unverified
D90-2-04738	تىڭلىغۇچ	nonstandard	476_2L.png	unverified
D90-2-04739	تىڭلىماق	headword	476_2L.png	unverified
D90-2-04740	تىل	headword	476_2L.png	unverified
D90-2-04741	تىل ئاچماق	headword	477_2L.png	unverified
D90-2-04742	تىل ئارقا سوزۇق تاۋۇش	headword	477_2L.png	unverified
D90-2-04743	تىل ئاڭلىماق	headword	477_2L.png	unverified
D90-2-04744	تىل ئالدى سوزۇق تاۋۇش	headword	477_2L.png	unverified
D90-2-04745	تىل بەرمەك	headword	477_2L.png	unverified
D90-2-04746	تىل بىرىكتۈرمەك	headword	478_1R.png	unverified
D90-2-04747	تىل بىلەن يالىغۇدەك	headword	478_1R.png	unverified
D90-2-04748	تىل تارمىقى	headword	478_1R.png	unverified
D90-2-04749	تىل تاۋۇشى	headword	478_1R.png	unverified
D90-2-04750	تىل تەسۋىرى	headword	478_1R.png	unverified
D90-2-04751	تىل تەگكۈزمەك	headword	478_1R.png	unverified
D90-2-04752	تىل تەگمەك	headword	478_2L.png	unverified
D90-2-04753	تىل تۈركۈمى	headword	478_2L.png	unverified
D90-2-04755	تىل سالماق	headword	478_2L.png	unverified
D90-2-04756	تىل سەنئىتى	headword	478_2L.png	unverified
D90-2-04757	تىل سىستېمىسى	headword	479_1R.png	unverified
D90-2-04758	تىلغا ئالغۇچىلىكى يوق	headword	479_1R.png	unverified
D90-2-04759	تىلغا ئالماق	headword	479_1R.png	unverified
D90-2-04760	تىلغا قالماق	headword	479_2L.png	unverified
D90-2-04761	تىلغا كەلمەك	headword	479_2L.png	unverified
D90-2-04762	تىلغا كىرمەك	headword	479_2L.png	unverified
D90-2-04763	تىل قايرىلما تاۋۇش	headword	479_2L.png	unverified
D90-2-04764	تىل قۇرۇلۇشى	headword	479_2L.png	unverified
D90-2-04765	تىل قىسىنچىلىق	headword	479_2L.png	unverified
D90-2-04766	تىل كۆتۈرمەك	headword	480_1R.png	unverified
D90-2-04767	تىل گۇرۇپپىسى	headword	480_1R.png	unverified
D90-2-04768	تىلدا داستان	headword	480_1R.png	unverified
D90-2-04769	تىلنى قېلىپلاشتۇرۇش	headword	480_1R.png	unverified
D90-2-04770	تىلنى يارغۇدەك	headword	480_1R.png	unverified
D90-2-04771	تىل ئۇچلىماق	headword	480_1R.png	unverified
D90-2-04772	تىل ئۈچى تاۋۇشى	headword	480_1R.png	unverified
D90-2-04773	تىل ئۇچىدا	headword	480_2L.png	unverified
D90-2-04774	تىل ئۇچىدىن كەتمەسلىك	headword	480_2L.png	unverified
D90-2-04775	تىل ئۇزارتماق	headword	480_2L.png	unverified
D90-2-04776	تىل ئۈستى تاۋۇشى	headword	480_2L.png	unverified
D90-2-04777	تىلى ئاجىز	headword	480_2L.png	unverified
D90-2-04778	تىلى ئاچچىق	headword	481_1R.png	unverified
D90-2-04779	تىلى بارماسلىق	headword	481_1R.png	unverified
D90-2-04780	تىلى بىر	headword	481_1R.png	unverified
D90-2-04781	تىلى پىششىق	headword	481_2L.png	unverified
D90-2-04782	تىلى تاتلىق	headword	481_2L.png	unverified
D90-2-04783	تىلى تايماق	headword	481_2L.png	unverified
D90-2-04784	تىلى تۇتۇق	headword	481_2L.png	unverified
D90-2-04785	تىلى تۇتۇلماق	headword	481_2L.png	unverified
D90-2-04786	تىلى چۈچۈك	headword	481_2L.png	unverified
D90-2-04787	تىلى چىقماق	headword	482_1R.png	unverified
D90-2-04788	تىلىدا قالماق	headword	482_1R.png	unverified
D90-2-04788-v1	ئاغزىدا قالماق	variant	482_1R.png	unverified
D90-2-04789	تىلىدىن چۈشۈرمەسلىك	headword	482_1R.png	unverified
D90-2-04790	تىلىدىن قالماق	headword	482_1R.png	unverified
D90-2-04791	تىلىدىن كەتمەك	headword	482_1R.png	unverified
D90-2-04792	تىلىدىن ئېلىنماق	headword	482_1R.png	unverified
D90-2-04793	تىلى راۋان	headword	482_2L.png	unverified
D90-2-04794	تىلى زەھەر	headword	482_2L.png	unverified
D90-2-04795	تىلى شېرىن	headword	482_2L.png	verified
D90-2-04796	تىلى شېكەر	headword	482_2L.png	verified
D90-2-04797	تىلىغا قۇلۇپ سالماق	headword	482_2L.png	verified
D90-2-04797-v1	ئاغزىنى ئەتمەك	variant	482_2L.png	verified
D90-2-04798	تىلى قاتتىق	headword	482_2L.png	verified
D90-2-04799	تىلى قېتىپ قالماق	headword	482_2L.png	verified
D90-2-09475	تىلى قىچىشماق	headword	483_1R.png	verified
D90-2-04800	تىلى قىسقا	headword	483_1R.png	verified
D90-2-04801	تىلى قىسقارماق	headword	483_1R.png	verified
D90-2-04802	تىلى قىسىلماق	headword	483_1R.png	verified
D90-2-04803	تىلى كالۋا	headword	483_1R.png	verified
D90-2-04804	تىلى كالۋالاشماق	headword	483_1R.png	unverified
D90-2-04805	تىلى كەلمەسلىك	headword	483_1R.png	unverified
D90-2-04806	تىلى كۆيمەك	headword	483_2L.png	unverified
D90-2-04807	تىلى گەپكە كەلمەسلىك	headword	483_2L.png	unverified
D90-2-04808	تىلىڭ تۇتۇلسۇن	headword	483_2L.png	unverified
D90-2-04811	تىلىڭ قۇرۇسۇن	headword	483_2L.png	unverified
D90-2-04809	تىلىڭغا تاش-تۇپراق	headword	483_2L.png	unverified
D90-2-04809-v1	ئاغزىڭغا تاش تۇپراق	variant	483_2L.png	unverified
D90-2-04810	تىلىڭغا كۆيدۈرگە چىقسۇن	headword	483_2L.png	unverified
D90-2-04812	تىلىڭنى تارت	headword	483_2L.png	unverified
D90-2-04812-v1	تىلىڭنى يىغ	variant	483_2L.png	unverified
D90-2-04813	تىلىڭنى يۇلۇۋالىمەن	headword	483_2L.png	unverified
D90-2-04814	تىلىڭنى يىغ گېپىڭنى ئازايت، سۆزلە	headword	484_1R.png	unverified
D90-2-04815	تىلىنى باغلىماق	headword	484_1R.png	unverified
D90-2-04816	تىلىنى بىلمەك	headword	484_1R.png	unverified
D90-2-04817	تىلىنى تاتىلىماق	headword	484_1R.png	unverified
D90-2-04817-v1	ئاغزىنى تاتىلىماق	variant	484_1R.png	unverified
D90-2-04818	تىلىنى تۇتماق	headword	484_1R.png	unverified
D90-2-04819	تىلىنى چاينىماق	headword	484_2L.png	unverified
D90-2-04820	تىلىنى چىشلەپ قالماق	headword	484_2L.png	unverified
D90-2-04821	تىلىنى قاشلىماق	headword	484_2L.png	unverified
D90-2-04822	تىلىنىڭ ئاستىدا تىلى بار	headword	484_2L.png	unverified
D90-2-04823	تىلىنىڭ تىگىدە تىلى بار	headword	484_2L.png	unverified
D90-2-04824	تىلىنىڭ سۆڭىكى يوق	headword	484_2L.png	unverified
D90-2-04825	تىلىنىڭ ئۇچىدا دەپ قويماق	headword	485_1R.png	unverified
D90-2-04825-v1	ئاغزىنىڭ ئۇچىدا سۆزلەپ قويماق	variant	485_1R.png	unverified
D90-2-04826	تىلىنىڭ ئۇچىغا كەلمەك	headword	485_1R.png	unverified
D90-2-04827	تىلىنىڭ ئۇستىخىنى يوق	headword	485_1R.png	unverified
D90-2-04828	تىلىنى يىغماق	headword	485_1R.png	unverified
D90-2-04828-v1	ئاغزىنى يىغماق	variant	485_1R.png	unverified
D90-2-04829	تىلى ئوق	headword	485_1R.png	unverified
D90-2-04835	تىلى ئىتتىك	headword	485_2L.png	unverified
D90-2-04830	تىلى ئۇزارماق	headword	485_1R.png	unverified
D90-2-04831	تىلى ئۇزۇن	headword	485_1R.png	unverified
D90-2-04832	تىلى ئۆتكۈر	headword	485_1R.png	unverified
D90-2-04833	تىلى ئېچىلماق	headword	485_2L.png	unverified
D90-2-04833-v1	ئاغزى ئېچىلماق	variant	485_2L.png	unverified
D90-2-04834	تىلى ئېغىر	headword	485_2L.png	unverified
D90-2-04836	تىلى ياغلىما	headword	485_2L.png	unverified
D90-2-04837	تىلى ياغلىمىلىق قىلماق	headword	485_2L.png	unverified
D90-2-04838	تىلى يۇمشاق	headword	485_2L.png	unverified
D90-2-04839	تىلى يېنىك	headword	485_2L.png	unverified
D90-2-04840	تىل ئىشتىمەك	headword	485_2L.png	unverified
D90-2-04841	تىل يارىسى	headword	485_2L.png	unverified
D90-2-04842	تىل ياغدۇرماق	headword	486_1R.png	unverified
D90-2-04843	تىل ياقا	headword	486_1R.png	unverified
D90-2-04844	تىل ياندۇرماق	headword	486_1R.png	unverified
D90-2-04845	تىل-ئاھانەت	headword	486_1R.png	unverified
D90-2-04847	تىلاۋەت قىلماق	headword	486_1R.png	unverified
D90-2-04848	تىلاۋەتخانا	headword	486_1R.png	verified
D90-2-04849	تىلەتمەك	headword	486_2L.png	unverified
D90-2-04850	تىل-ئەدەبىيات	headword	486_2L.png	unverified
D90-2-04851	تىلەشمەك	headword	486_2L.png	unverified
D90-2-04852	تىلەك	headword	486_2L.png	unverified
D90-2-04853	تىلەكداش	headword	486_2L.png	unverified
D90-2-04854	تىلەكداشلىق	headword	487_1R.png	unverified
D90-2-04855	تىلەم	headword	487_1R.png	unverified
D90-2-04856	تىلەمچى	headword	487_1R.png	unverified
D90-2-04857	تىلەمچىلىك	headword	487_1R.png	unverified
D90-2-04858	تىلەنمەك	headword	487_1R.png	unverified
D90-2-04859	تىل-تاياق	headword	487_2L.png	unverified
D90-2-04860	تىلتۇمار	headword	487_2L.png	unverified
D90-2-04862	تىلچى	headword	488_1R.png	unverified
D90-2-04863	تىلخەت	headword	488_1R.png	verified
D90-2-04864	تىلداش	headword	488_1R.png	unverified
D90-2-04865	تىلدۇرماق	headword	488_2L.png	unverified
D90-2-04866	تىلدۇرۇلماق	headword	488_2L.png	unverified
D90-2-04867	تىلسىز	headword	488_2L.png	unverified
D90-2-04869	تىلسىزلىق	headword	489_1R.png	unverified
D90-2-04870	تىلسىم	headword	489_1R.png	verified
D90-2-04871	تىلسىم قىلماق	headword	489_1R.png	unverified
D90-2-04872	تىلسىمات	headword	489_2L.png	unverified
D90-2-04873	تىلسىماتچىلىق	headword	489_2L.png	unverified
D90-2-04874	تىلسىماتلىق	headword	489_2L.png	unverified
D90-2-04875	تىلسىمان	headword	490_1R.png	unverified
D90-2-04876	تىلسىمان گۈل	headword	490_1R.png	unverified
D90-2-04877	تىلسىملانماق	headword	490_1R.png	unverified
D90-2-04878	تىلسىملىق	headword	490_1R.png	unverified
D90-2-04879	تىلسىملىماق	headword	490_1R.png	unverified
D90-2-04880	تىلشۇناس	headword	490_2L.png	unverified
D90-2-04881	تىلشۇناسلىق	headword	490_2L.png	unverified
D90-2-04882	تىلغاتماق	headword	490_2L.png	unverified
D90-2-04883	تىلغاشماق	headword	490_2L.png	unverified
D90-2-04884	تىلغانماق	headword	490_2L.png	unverified
D90-2-04885	تىلغىماق	headword	490_2L.png	unverified
D90-2-04886	تىلقانات	headword	491_1R.png	verified
D90-2-04887	تىللا	headword	491_1R.png	unverified
D90-2-04888	تىللاقوڭغۇز	headword	491_1R.png	verified
D90-2-04889	تىللاتقۇزماق	headword	491_1R.png	unverified
D90-2-04890	تىللاتماق	headword	491_1R.png	unverified
D90-2-04891	تىللاشماق	headword	491_1R.png	unverified
D90-2-04892	تىللالىق	headword	491_2L.png	unverified
D90-2-04893	تىللانماق	headword	491_2L.png	unverified
D90-2-04894	تىللىق	headword	491_2L.png	unverified
D90-2-04895	تىللىماق	headword	491_2L.png	unverified
D90-2-04896	تىلما	headword	491_2L.png	unverified
D90-2-04897	تىلماچ	headword	492_1R.png	unverified
D90-2-04898	تىلماچلىق	headword	492_1R.png	unverified
D90-2-04899	تىلماق	headword	492_1R.png	unverified
D90-2-04900	تىلموق	headword	492_2L.png	unverified
D90-2-04901	تىل-ھاقارەت	headword	492_2L.png	unverified
D90-2-04902	تىلىشماق	headword	492_2L.png	unverified
D90-2-04903	تىلىق	headword	492_2L.png	unverified
D90-2-04904	تىلىم	headword	492_2L.png	unverified
D90-2-04905	تىلىمەك	headword	492_2L.png	unverified
D90-2-04906	تىلىم-تىلىم	headword	493_1R.png	unverified
D90-2-04907	تىلىملاتماق	headword	493_2L.png	unverified
D90-2-04908	تىلىملانماق	headword	493_2L.png	unverified
D90-2-04909	تىلىملىماق	headword	493_2L.png	unverified
D90-2-04910	تىلىنماق	headword	493_2L.png	unverified
D90-2-04911	تىل-يېزىق	headword	493_2L.png	unverified
D90-2-04912	تىم	headword	493_2L.png	unverified
D90-2-04914	تىمەن	headword	493_2L.png	unverified
D90-2-04917	تىمەنلەشمەك	headword	494_1R.png	unverified
D90-2-04918	تىمەنلىك	headword	494_1R.png	unverified
D90-2-04919	تىمتاس	headword	494_1R.png	unverified
D90-2-04921	تىمتاسچىلىق	headword	494_1R.png	unverified
D90-2-04921-v1	تىمتاسلىق	variant	494_1R.png	unverified
D90-2-04922	تىمتاسلاشماق	headword	494_1R.png	unverified
D90-2-04923	تىمتا سىلىق	headword	494_2L.png	unverified
D90-2-04924	تىم-تىم	headword	494_2L.png	unverified
D90-2-04925	تىمسال	headword	494_2L.png	unverified
D90-2-04926	تىمساھ	headword	494_2L.png	unverified
D90-2-04927	تىموزىن	headword	494_2L.png	unverified
D90-2-04928	تىمىسقىلاشماق	headword	495_1R.png	unverified
D90-2-04929	تىمىسقىلىماق	headword	495_1R.png	unverified
D90-2-04930	تىمىسقىماق	headword	495_1R.png	unverified
D90-2-04931	تىن	headword	495_1R.png	unverified
D90-2-04932	تىن ئالماق	headword	495_1R.png	unverified
D90-2-04933	تىن تارتماق	headword	495_1R.png	unverified
D90-2-04934	تىن تارتماي ئۆلمەك	headword	495_2L.png	unverified
D90-2-04935	تىنارلىقلار	headword	495_2L.png	unverified
D90-2-04936	تىنتىشماق	headword	495_2L.png	unverified
D90-2-04937	تىنتىماق	headword	495_2L.png	unverified
D90-2-04939	تىنچ بولماق	headword	496_1R.png	unverified
D90-2-04940	تىنچ ئوكيان	headword	496_1R.png	unverified
D90-2-04941	تىنچ-ئامان	headword	496_2L.png	unverified
D90-2-04942	تىنچ-ئامانلىق	headword	496_2L.png	unverified
D90-2-04943	تىنچسىز	headword	496_2L.png	unverified
D90-2-04944	تىنچسىزلاندۇرماق	headword	496_2L.png	unverified
D90-2-04945	تىنچسىزلاندۇرۇلماق	headword	497_1R.png	unverified
D90-2-04946	تىنچسىزلانماق	headword	497_1R.png	unverified
D90-2-04947	تىنچسىزلىق	headword	497_1R.png	unverified
D90-2-04948	تىنچلاندۇرماق	headword	497_1R.png	unverified
D90-2-04949	تىنچلاندۇرۇلماق	headword	497_1R.png	unverified
D90-2-04950	تىنچلانماق	headword	497_1R.png	unverified
D90-2-04951	تىنچلىق	headword	497_2L.png	verified
D90-2-04952	تىنچلىق سورىماق	headword	498_1R.png	unverified
D90-2-04953	تىنچلىق سۆيەر	headword	498_1R.png	unverified
D90-2-04954	تىنچلىق-ئامانلىق	headword	498_1R.png	unverified
D90-2-04955	تىنچلىقپەرۋەر	headword	498_2L.png	unverified
D90-2-04956	تىنچلىقپەرۋەرلىك	headword	498_2L.png	unverified
D90-2-04957	تىنچىتماق	headword	498_2L.png	unverified
D90-2-04958	تىنچىشماق	headword	498_2L.png	unverified
D90-2-04959	تىنچىق	headword	498_2L.png	unverified
D90-2-04960	تىنچىقلىق	headword	498_2L.png	unverified
D90-2-04961	تىنچىقماق	headword	498_2L.png	unverified
D90-2-04962	تىنچىتىلماق	headword	499_1R.png	unverified
D90-2-04963	تىنچىماق	headword	499_1R.png	unverified
D90-2-04964	تىندۇرما	headword	499_1R.png	unverified
D90-2-04966	تىندۇرماق	headword	499_2L.png	unverified
D90-2-04968	تىندۇرۇلماق	headword	499_2L.png	unverified
D90-2-04969	تىنما	headword	499_2L.png	unverified
D90-2-04971	تىنماستىن	headword	499_2L.png	unverified
D90-2-04974	تىنماي	headword	500_1R.png	unverified
D90-2-04972	تىنماق	headword	499_2L.png	unverified
D90-2-04975	تىنىپ	headword	500_1R.png	unverified
D90-2-04977	تىنىپ كۆتۈرۈش	headword	500_1R.png	unverified
D90-2-04978	تىنىش	headword	500_2L.png	unverified
D90-2-04980	تىنىشماق	headword	500_2L.png	unverified
D90-2-04981	تىنىق	headword	500_2L.png	unverified
D90-2-04984	تىنىقسىز	headword	501_1R.png	unverified
D90-2-04985	تىنىقلىق	headword	501_1R.png	unverified
D90-2-04986	تىنىم	headword	501_1R.png	unverified
D90-2-04987	تىنىم تاپماسلىق	headword	501_1R.png	unverified
D90-2-04988	تىنىمسىز	headword	501_2L.png	unverified
D90-2-04989	تىنىمسىزلىق	headword	501_2L.png	unverified
D90-2-04990	تىۋەڭ	headword	501_2L.png	unverified
D90-2-04991	تىۋىت	headword	501_2L.png	unverified
D90-2-04992	تىۋىت شال	headword	502_1R.png	unverified
D90-2-04993	تىۋىتسىز	headword	502_1R.png	unverified
D90-2-04994	تىۋىتلىق	headword	502_1R.png	unverified
D90-2-04995	تىۋىتلىق پەردە	headword	502_1R.png	unverified
D90-2-04996	تىۋىش	headword	502_1R.png	unverified
D90-2-04997	تىۋىشسىز	headword	502_1R.png	unverified
D90-2-04998	تىياتىر	headword	502_2L.png	unverified
D90-2-05000	تىياتىرچىلىق	headword	502_2L.png	unverified
D90-2-05001	تىياتىرخانا	headword	502_2L.png	verified
D90-2-05002	تىياتىرلىشىش	headword	502_2L.png	unverified
D90-2-05004	تىيانشان شەمشادى	headword	503_1R.png	unverified
D90-2-05005	تيەنجىن	headword	503_1R.png	unverified
D90-2-05006	تيەنجىن شەرتنامىسى	headword	503_1R.png	unverified
D90-2-05007	تىيدۇرماق	headword	503_1R.png	unverified
D90-2-05009	تىيلىق	headword	503_2L.png	unverified
D90-2-05010	تىيىشماق	headword	503_2L.png	unverified
D90-2-05011	تىيماق	headword	503_2L.png	unverified
D90-2-05012	تىيىلماق	headword	503_2L.png	unverified
D90-2-05013	تىيىن	headword	503_2L.png	unverified
D90-2-05017	ج	headword	504_1R.png	unverified
D90-2-05022	جابدۇتماق	headword	504_1R.png	unverified
D90-2-05023	جابدۇشماق	headword	504_2L.png	unverified
D90-2-05024	جابدۇق	headword	504_2L.png	unverified
D90-2-05025	جابدۇقلانماق	headword	505_1R.png	unverified
D90-2-05026	جابدۇقلۇق	headword	505_1R.png	unverified
D90-2-05027	جابدۇلماق	headword	505_1R.png	unverified
D90-2-05028	جابدۇماق	headword	505_1R.png	unverified
D90-2-05029	جابدۇنماق	headword	505_2L.png	unverified
D90-2-05030	جابدۇنۇشماق	headword	505_2L.png	unverified
D90-2-05031	جاپا	headword	505_2L.png	unverified
D90-2-05032	جاپا تارتماق	headword	505_2L.png	unverified
D90-2-05033	جاپا چەكمەك	headword	506_1R.png	unverified
D90-2-05034	جاپا سالماق	headword	506_1R.png	unverified
D90-2-05035	جاپا قىلماق	headword	506_1R.png	unverified
D90-2-05036	جاپاسىز	headword	506_1R.png	unverified
D90-2-05037	جاپاكار	headword	506_1R.png	unverified
D90-2-05038	جاپاكەش	headword	506_2L.png	unverified
D90-2-05039	جاپاكەشلىك	headword	506_2L.png	unverified
D90-2-05040	جاپالىق	headword	506_2L.png	unverified
D90-2-05041	جاپا-مۇشەققەت	headword	506_2L.png	unverified
D90-2-05042	جاپا-مۇشەققەتلىك	headword	507_1R.png	unverified
D90-2-05043	جاپجاپ	headword	507_1R.png	unverified
D90-2-05044	جاپجاپلىق	headword	507_1R.png	unverified
D90-2-05045	جاپىلداتماق	headword	507_1R.png	unverified
D90-2-05046	جاپىلداشماق	headword	507_1R.png	unverified
D90-2-05047	جاپىلداق	headword	507_1R.png	unverified
D90-2-05048	جاپىلدىماق	headword	507_1R.png	unverified
D90-2-05049	جاجا	headword	507_1R.png	unverified
D90-2-05050	جاجىسنى بەرمەك	headword	507_2L.png	unverified
D90-2-05050-v1	جازاسنى بەرمەك	variant	507_2L.png	unverified
D90-2-05051	جاجىسنى يېمەك	headword	507_2L.png	unverified
D90-2-05051-v1	جازاسنى يېمەك	variant	507_2L.png	unverified
D90-2-05054	جادۇ	headword	507_2L.png	unverified
D90-2-05057	جادۇگەر	headword	507_2L.png	unverified
D90-2-05058	جادۇگەرلىك	headword	508_1R.png	unverified
D90-2-05059	جادىھەرە	headword	508_1R.png	verified
D90-2-05060	جار	headword	508_1R.png	unverified
D90-2-05061-v1	جار سالماق	variant	508_1R.png	unverified
D90-2-05063	جاراستان	headword	508_2L.png	unverified
D90-2-05064	جاراق	headword	508_2L.png	unverified
D90-2-05065	جاراق-جاراق	headword	508_2L.png	unverified
D90-2-05066	جاراق-جۇرۇق	headword	508_2L.png	unverified
D90-2-05067	جاراقشىتماق	headword	508_2L.png	unverified
D90-2-05068	جاراقشىماق	headword	508_2L.png	unverified
D90-2-05069	جاراققىدە	headword	508_2L.png	unverified
D90-2-05070	جاراڭ	headword	509_1R.png	unverified
D90-2-05071	جاراڭ-جاراڭ	headword	509_1R.png	unverified
D90-2-05072	جاراڭ-جۇرۇڭ	headword	509_1R.png	unverified
D90-2-05073	جاراڭسىز	headword	509_1R.png	unverified
D90-2-05075	جاراڭسىزلاشتۇرماق	headword	509_1R.png	unverified
D90-2-05076	جاراڭسىزلاشتۇرۇلماق	headword	509_1R.png	unverified
D90-2-05077	جاراڭسىزلاشماق	headword	509_1R.png	unverified
D90-2-05078	جاراڭسىزلىشىش	headword	509_2L.png	unverified
D90-2-05079	جاراڭشىماق	headword	509_2L.png	unverified
D90-2-05085	جاراڭلىماق	headword	510_1R.png	unverified
D90-2-05080	جاراڭڭىدە	headword	509_2L.png	unverified
D90-2-05081	جاراڭلاتقۇزماق	headword	509_2L.png	unverified
D90-2-05082	جاراڭلاتماق	headword	509_2L.png	unverified
D90-2-05083	جاراڭلىق	headword	509_2L.png	unverified
D90-2-05086	جاراھەت	headword	510_1R.png	unverified
D90-2-05088	جاراھەتلەندۈرمەك	headword	510_1R.png	unverified
D90-2-05089	جاراھەتلەندۈرۈشمەك	headword	510_2L.png	verified
D90-2-05090	جاراھەتلەندۈرۈلمەك	headword	510_2L.png	verified
D90-2-05091	جاراھەتلەنمەك	headword	510_2L.png	unverified
D90-2-05092	جاراھەتلىك	headword	510_2L.png	unverified
D90-2-05093	جاراھەتلىمەك	headword	510_2L.png	unverified
D90-2-05094	جارت	headword	510_2L.png	unverified
D90-2-05095	جارتتىدە	headword	511_1R.png	unverified
D90-2-05096	جارت-جارت	headword	511_1R.png	unverified
D90-2-05097	جارت-جۇرت	headword	511_1R.png	unverified
D90-2-05098	جارتلىداتماق	headword	511_1R.png	unverified
D90-2-05100	جارجات	headword	511_1R.png	unverified
D90-2-05101	جار-جۈر	headword	511_1R.png	unverified
D90-2-05102	جارچى	headword	511_1R.png	unverified
D90-2-05103	جاررىدە	headword	511_2L.png	unverified
D90-2-05104	جارقىراتماق	headword	511_2L.png	unverified
D90-2-05105	جارقىراشماق	headword	511_2L.png	unverified
D90-2-05106	جارقىرىماق	headword	511_2L.png	unverified
D90-2-05107	جارى	headword	511_2L.png	unverified
D90-2-05108	جارى بولماق	headword	511_2L.png	unverified
D90-2-05109	جارى قىلماق	headword	511_2L.png	unverified
D90-2-05110	جاز	headword	511_2L.png	unverified
D90-2-07287	چوم	headword	699_1R.png	unverified
D90-2-05111	جازا	headword	512_1R.png	unverified
D90-2-05111-i1	جازاسى	inflected	512_1R.png	unverified
D90-2-05120	جازا يۈرۈشى	headword	513_1R.png	unverified
D90-2-05122	جازىسى ئۈستۈن	headword	513_1R.png	unverified
D90-2-05122-v1	ئوقۇرى ئېگىز	variant	513_1R.png	unverified
D90-2-05123	جازا-پازا	headword	513_1R.png	unverified
D90-2-05124	جازالاتقۇزماق	headword	513_2L.png	unverified
D90-2-05125	جازالاتماق	headword	513_2L.png	unverified
D90-2-05126	جازالاشماق	headword	513_2L.png	unverified
D90-2-05127	جازالانماق	headword	513_2L.png	unverified
D90-2-05128	جازالىماق	headword	513_2L.png	unverified
D90-2-05129	جازانامە	headword	513_2L.png	unverified
D90-2-05130	جازانە	headword	514_1R.png	unverified
D90-2-05132	جازانىگە ئالماق	headword	514_1R.png	unverified
D90-2-05133	جازانىگە بەرمەك	headword	514_1R.png	unverified
D90-2-05134	جازانىخور	headword	514_1R.png	unverified
D90-2-05135	جازانىخورلۇق	headword	514_1R.png	unverified
D90-2-05136	جازىبە	headword	514_2L.png	unverified
D90-2-05137	جازىپۇش	headword	514_2L.png	unverified
D90-2-05138	جازىسىز	headword	514_2L.png	unverified
D90-2-05139	جازىلاتقۇزماق	headword	514_2L.png	unverified
D90-2-05140	جازىلاتماق	headword	514_2L.png	unverified
D90-2-05141	جازىلاشماق	headword	514_2L.png	unverified
D90-2-05142	جازىلانماق	headword	514_2L.png	unverified
D90-2-05143	جازىلىق	headword	514_2L.png	unverified
D90-2-05144	جازىلىماق	headword	514_2L.png	unverified
D90-2-05145	جاسارەت	headword	514_2L.png	unverified
D90-2-05146	جاسارەتسىز	headword	515_1R.png	unverified
D90-2-05147	جاسارەتسىزلىك	headword	515_1R.png	unverified
D90-2-05148	جاسارەتلەندۈرمەك	headword	515_1R.png	unverified
D90-2-05149	جاسارەتلەندۈرۈلمەك	headword	515_1R.png	unverified
D90-2-05150	جاسارەتلەنمەك	headword	515_1R.png	unverified
D90-2-05151	جاسارەتلىك	headword	515_1R.png	unverified
D90-2-05152	جاساق	headword	515_1R.png	unverified
D90-2-05154	جاسۇس	headword	515_2L.png	unverified
D90-2-05155	جاسۇسلۇق	headword	515_2L.png	unverified
D90-2-05156	جاغ	headword	515_2L.png	unverified
D90-2-05158	جاغال	headword	515_2L.png	unverified
D90-2-05160	جاغالمان	nonstandard	516_1R.png	unverified
D90-2-05161	جاغالماي	headword	516_1R.png	unverified
D90-2-05162	جاغالۋاي	nonstandard	516_1R.png	unverified
D90-2-05163	جاغ-جاغ	headword	516_1R.png	unverified
D90-2-05164	جاغجاغئوت	headword	516_1R.png	verified
D90-2-05165	جاغدا	headword	516_2L.png	unverified
D90-2-05166	جاغىل	nonstandard	516_2L.png	unverified
D90-2-05167	جاغىلداتماق	headword	516_2L.png	unverified
D90-2-05168	جاغىلدىماق	headword	516_2L.png	unverified
D90-2-05169	جاق	headword	516_2L.png	unverified
D90-2-05170	جاق تويماق	headword	516_2L.png	unverified
D90-2-05171	جاقاڭ	headword	516_2L.png	unverified
D90-2-05172	جاقاڭ-جاقاڭ	headword	517_1R.png	unverified
D90-2-05173	جاقاڭ-جۇقۇڭ	headword	517_1R.png	unverified
D90-2-05174	جاقاڭشىتماق	headword	517_1R.png	unverified
D90-2-05175	جاقاڭشىماق	headword	517_1R.png	unverified
D90-2-05176	جاقاڭلاتماق	headword	517_1R.png	unverified
D90-2-05177	جاقاڭلىماق	headword	517_1R.png	unverified
D90-2-05178	جاق-جاق	headword	517_1R.png	unverified
D90-2-05179	جاق-جۇق	headword	517_1R.png	unverified
D90-2-05180	جاققىدە	headword	517_1R.png	unverified
D90-2-05181	جاقىلداتماق	headword	517_1R.png	unverified
D90-2-05182	جاقىلداق	headword	517_2L.png	unverified
D90-2-05183	جاك	headword	517_2L.png	unverified
D90-2-05183-v1	كۆلتۈك	variant	517_2L.png	unverified
D90-2-05185	جاكار	headword	517_2L.png	unverified
D90-2-05186	جاكار ئەتمەك	headword	517_2L.png	unverified
D90-2-05193	جاكارلىماق	headword	518_1R.png	unverified
D90-2-05187	جاكار ئەيلىمەك	headword	517_2L.png	verified
D90-2-05188	جاكار قىلماق	headword	518_1R.png	unverified
D90-2-05189	جاكارچى	headword	518_1R.png	unverified
D90-2-05190	جاكارلاتماق	headword	518_1R.png	unverified
D90-2-05191	جاكارلاشماق	headword	518_1R.png	unverified
D90-2-05192	جاكارلانماق	headword	518_1R.png	unverified
D90-2-05194	جاكارنامە	headword	518_2L.png	unverified
D90-2-05195	جاك-جاك	headword	518_2L.png	unverified
D90-2-05196	جاكىت	headword	518_2L.png	unverified
D90-2-05199	جاڭ ئۇرماق	headword	519_1R.png	unverified
D90-2-05202	جاڭ-جاڭ	headword	519_1R.png	unverified
D90-2-05203	جاڭجال	headword	519_1R.png	unverified
D90-2-05204	جاڭجال قىلماق	headword	519_1R.png	unverified
D90-2-05209	جاڭجاللاشماق	headword	519_2L.png	unverified
D90-2-05205	جاڭجالچى	headword	519_2L.png	unverified
D90-2-05206	جاڭجالسىز	headword	519_2L.png	unverified
D90-2-05207	جاڭجالكەش	headword	519_2L.png	unverified
D90-2-05208	جاڭجاللاشتۇرماق	headword	519_2L.png	unverified
D90-2-05210	جاڭچى	headword	519_2L.png	unverified
D90-2-05211	جاڭداشماق	headword	520_1R.png	unverified
D90-2-05213	جاڭدۇلۇق	headword	520_1R.png	unverified
D90-2-05214	جاڭدىماق	headword	520_1R.png	unverified
D90-2-05215	جاڭڭىدە	headword	520_1R.png	unverified
D90-2-05216	جاڭگال	headword	520_1R.png	unverified
D90-2-05217	جاڭگال دۇمباتچسى	headword	520_2L.png	unverified
D90-2-05218	جاڭگاللىق	headword	520_2L.png	unverified
D90-2-05219	جاڭگۇر	headword	520_2L.png	unverified
D90-2-05220	جاڭگۇر-جۇڭگۇر	headword	520_2L.png	unverified
D90-2-05221	جاڭىلداتماق	headword	520_2L.png	unverified
D90-2-05222	جاڭىلدىتىشماق	headword	520_2L.png	unverified
D90-2-05223	جاڭىلدىماق	headword	520_2L.png	unverified
D90-2-05225	جالا	headword	520_2L.png	unverified
D90-2-05226	جالاپ	headword	521_1R.png	unverified
D90-2-05227	جالاپباز	headword	521_1R.png	unverified
D90-2-05227-v1	پاھىشۋاز	variant	521_1R.png	unverified
D90-2-05228	جالاپبازلىق	headword	521_1R.png	unverified
D90-2-05228-v1	پاھىشۋازلىق	variant	521_1R.png	unverified
D90-2-05229	جالاپخانا	headword	521_1R.png	unverified
D90-2-05229-v1	پاھىشخانا	variant	521_1R.png	unverified
D90-2-05230	جالاپلىق	headword	521_1R.png	unverified
D90-2-05231	جالاشتۇرماق	headword	521_1R.png	unverified
D90-2-05232	جالاشلىق	headword	521_1R.png	unverified
D90-2-05233	جالاشماق	headword	521_1R.png	unverified
D90-2-05234	جالاق	headword	521_1R.png	unverified
D90-2-05236	جالاق-جالاق	headword	521_1R.png	unverified
D90-2-05237	جالاق-جۇلۇق	headword	521_1R.png	unverified
D90-2-05238	جالاقشىتماق	headword	521_2L.png	unverified
D90-2-05239	جالاقشىماق	headword	521_2L.png	unverified
D90-2-05240	جالاققىدە	headword	521_2L.png	unverified
D90-2-05241	جالاقلاتماق	headword	521_2L.png	unverified
D90-2-05242	جالاقلاشماق	headword	521_2L.png	unverified
D90-2-05243	جالاقلىتىلماق	headword	521_2L.png	unverified
D90-2-05244	جالاقلىماق	headword	521_2L.png	unverified
D90-2-05245	جالداق	headword	521_2L.png	unverified
D90-2-05246	جالداق-جالداق	headword	522_1R.png	unverified
D90-2-05247	جالداق-جۇلدۇق	headword	522_1R.png	unverified
D90-2-05248	جالداقشىتماق	headword	522_1R.png	unverified
D90-2-05249	جالداقشىماق	headword	522_1R.png	unverified
D90-2-05250	جالداققىدە	headword	522_1R.png	unverified
D90-2-05251	جالدىر	headword	522_1R.png	unverified
D90-2-05252	جالدىر-جالدىر	headword	522_1R.png	unverified
D90-2-05253	جالدىر-جۇلدۇر	headword	522_1R.png	unverified
D90-2-05254	جالدىرلاتماق	headword	522_2L.png	unverified
D90-2-05255	جالدىرلاشماق	headword	522_2L.png	unverified
D90-2-05256	جالدىرلىماق	headword	522_2L.png	unverified
D90-2-05257	جالغاي	headword	522_2L.png	unverified
D90-2-05258	جاللا	headword	522_2L.png	unverified
D90-2-05259	جاللاپ	headword	522_2L.png	unverified
D90-2-05260	جاللاپلىق	headword	522_2L.png	unverified
D90-2-05261	جاللات	headword	522_2L.png	unverified
D90-2-05262	جاللاتلىق	headword	523_1R.png	unverified
D90-2-05263	جالىق	headword	523_1R.png	unverified
D90-2-05264	جالىق قىلماق	headword	523_1R.png	unverified
D90-2-05265	جام	headword	523_1R.png	unverified
D90-2-05266	جاما	headword	523_1R.png	unverified
D90-2-05268	جامائە	headword	523_1R.png	unverified
D90-2-05269	جامائەت	headword	523_2L.png	unverified
D90-2-05274	جامائەتچىلىك	headword	523_2L.png	unverified
D90-2-05275	جامائەتلىك	headword	524_1R.png	unverified
D90-2-05276	جامادىيەلئاخىر	headword	524_1R.png	unverified
D90-2-05277	جامادىيەلئەۋۋەل	headword	524_1R.png	unverified
D90-2-05278	جامال	headword	524_1R.png	unverified
D90-2-05279	جامە	headword	524_1R.png	unverified
D90-2-05281	جامكا	headword	524_1R.png	unverified
D90-2-05282	جان	headword	524_2L.png	unverified
D90-2-05283	جان ئاچچىقى بىلەن	headword	525_1R.png	unverified
D90-2-05284	جان ئاچچىقىدا	headword	525_1R.png	unverified
D90-2-05285	جان ئارام ئالماق	headword	525_1R.png	unverified
D90-2-05286	جان ئارام تاپماق	headword	525_1R.png	unverified
D90-2-05287	جان ئاغرىتماق	headword	525_1R.png	unverified
D90-2-05288	جان ئالماق	headword	525_1R.png	unverified
D90-2-05289	جان ئايىماق	headword	525_2L.png	unverified
D90-2-05290	جان باقار	headword	525_2L.png	unverified
D90-2-05291	جان باقتى	headword	525_2L.png	unverified
D90-2-05292	جان باقماق	headword	525_2L.png	unverified
D90-2-05293	جان بەرمەك	headword	525_2L.png	unverified
D90-2-05294	جان بىلەن ئويناشماق	headword	526_1R.png	unverified
D90-2-05295	جان پىدا	headword	526_1R.png	unverified
D90-2-05296	جان پىدا قىلماق	headword	526_1R.png	unverified
D90-2-05297	جان پىدالىق بىلەن	headword	526_1R.png	unverified
D90-2-05298	جان تاپماق	headword	526_1R.png	unverified
D90-2-05299	جان تاتلىق	headword	526_2L.png	unverified
D90-2-05300	جان تالىشىش	headword	526_2L.png	unverified
D90-2-05301	جان تەسەددۇق	headword	526_2L.png	unverified
D90-2-05302	جان تەلۋىسىدە	headword	526_2L.png	unverified
D90-2-05303	جان توشىماسلىق	headword	526_2L.png	unverified
D90-2-05304	جان تومۇر	headword	526_2L.png	unverified
D90-2-05305	جان تۇمشۇققا كەلمەك	headword	527_1R.png	unverified
D90-2-05306	جان تۇمشۇققا يەتمەك	headword	527_1R.png	unverified
D90-2-05307	جان تىكمەك	headword	527_1R.png	unverified
D90-2-05308	جان چىققاندا ياسىن ئوقۇماق	headword	527_1R.png	unverified
D90-2-05308-v1	ئۆلگەندە ياسىن ئوقۇماق	variant	527_1R.png	unverified
D90-2-05309	جان دەپ	headword	527_1R.png	unverified
D90-2-05310	جان دوست	headword	527_1R.png	unverified
D90-2-05311	جاندىن بىزار بولماق	headword	527_2L.png	unverified
D90-2-05312	جاندىن تويماق	headword	527_2L.png	unverified
D90-2-05313	جاندىن جاق تويماق	headword	527_2L.png	unverified
D90-2-05314	جاندىن جۇدا بولماق	headword	527_2L.png	unverified
D90-2-05315	جاندىن كەچمەك	headword	527_2L.png	unverified
D90-2-05316	جاندىن ئۆتمەك	headword	527_2L.png	unverified
D90-2-05317	جان ساتتى	headword	528_1R.png	unverified
D90-2-05318	جان ساقلىماق	headword	528_1R.png	unverified
D90-2-05319	جان سىزىپ كەتمەك	headword	528_1R.png	unverified
D90-2-05357	جان ئېقىپ كەتمەك	headword	531_1R.png	unverified
D90-2-05320	جانغا ئارا بولماق	headword	528_1R.png	unverified
D90-2-05321	جانغا ئارام بولماق	headword	528_1R.png	unverified
D90-2-05322	جانغا ئەسقاتماق	headword	528_1R.png	unverified
D90-2-05323	جانغا پاتاڭ سالماق	headword	528_2L.png	unverified
D90-2-05324	جانغا پاتماق	headword	528_2L.png	unverified
D90-2-05325	جانغا تەگمەك	headword	528_2L.png	unverified
D90-2-05326	جانغا تۇشلۇق ئىش قىلماق	headword	528_2L.png	unverified
D90-2-05327	جانغا جان ئالماق	headword	528_2L.png	unverified
D90-2-05328	جانغا جان، قانغا قان ئالماق	headword	528_2L.png	unverified
D90-2-05329	جانغا جان قوشماق	headword	528_2L.png	unverified
D90-2-05330	جانغا جان ئۇلىماق	headword	529_1R.png	unverified
D90-2-05331	جانغا زامىن بولماق	headword	529_1R.png	unverified
D90-2-05332	جان قاقشىماق	headword	529_1R.png	unverified
D90-2-05333	جان قاقماق	headword	529_1R.png	unverified
D90-2-05334	جان قالماسلىق	headword	529_1R.png	unverified
D90-2-05335	جان قايغۇسى	headword	529_1R.png	unverified
D90-2-05336	جان كەتسىمۇ جان چىقىمۇ	headword	529_1R.png	unverified
D90-2-05337	جان كۆيەر	headword	529_1R.png	unverified
D90-2-05338	جان كۆيدۈرمەك	headword	529_2L.png	unverified
D90-2-05339	جان كۈندە چېچەكلەمدۇ	headword	529_2L.png	unverified
D90-2-05340	جان كىرمەك	headword	529_2L.png	unverified
D90-2-05341	جاننى ئالىقانغا ئالماق	headword	530_1R.png	unverified
D90-2-05342	جاننى دالدىغا ئالماق	headword	530_1R.png	unverified
D90-2-05343	جاننى قولغا ئالماق	headword	530_1R.png	unverified
D90-2-05344	جاننى قۇتۇلدۇرماق	headword	530_1R.png	unverified
D90-2-05345	جاننى قىينىماق	headword	530_1R.png	unverified
D90-2-05346	جاننى ئاكىسى	headword	530_1R.png	unverified
D90-2-05347	جاننى ئوغرىغا بەرمەسلىك	headword	530_1R.png	unverified
D90-2-05348	جاننى ئۇپراتماق	headword	530_1R.png	unverified
D90-2-05349	جاننى ئېلىپ جاڭگالدا قويماق	headword	530_2L.png	unverified
D90-2-05350	جاننى ئېلىپ قاچماق	headword	530_2L.png	unverified
D90-2-05351	جاننى ئېلىپ يەردە قويماق	headword	530_2L.png	unverified
D90-2-05352	جاننى ياقىغا ئالماق	headword	530_2L.png	unverified
D90-2-05353	جان ھەلقۇمىدا	headword	530_2L.png	unverified
D90-2-05354	جان ھەلقۇمغا كەلمەك	headword	530_2L.png	unverified
D90-2-05355	جان ئويۇنى	headword	530_2L.png	unverified
D90-2-05356	جان ئۈزمەك	headword	531_1R.png	unverified
D90-2-05358	جان يايرىماق	headword	531_1R.png	unverified
D90-2-05359	جان يەر	headword	531_1R.png	unverified
D90-2-05360	جېنى ئاز قالماق	headword	531_1R.png	unverified
D90-2-05361	جېنى بار	headword	531_1R.png	unverified
D90-2-05362	جېنى بار گەپ	headword	531_2L.png	unverified
D90-2-05363	جېنى بوش	headword	531_2L.png	unverified
D90-2-05364	جېنى تاقىلداپ كەتمەك	headword	531_2L.png	unverified
D90-2-05365	جېنى تۇيماق	headword	531_2L.png	unverified
D90-2-05366	جېنى چىققۇر	headword	531_2L.png	unverified
D90-2-05367	جېنى چىقماق	headword	531_2L.png	unverified
D90-2-05368	جېنى چىڭ	headword	532_1R.png	unverified
D90-2-05369	جېنىدىن ئارتۇق كۆرمەك	headword	532_1R.png	unverified
D90-2-05370	جېنىدىن جۇدا قىلماق	headword	532_1R.png	unverified
D90-2-05371	جېنى سۆيۈنمەك	headword	532_1R.png	unverified
D90-2-05372	جېنىغا بېقىپ	headword	532_1R.png	unverified
D90-2-05373	جېنىغا ۋاي	headword	532_1R.png	unverified
D90-2-05374	جېنىم بىلەن	headword	532_1R.png	unverified
D90-2-05375	جېنىنى ئاتىماق	headword	532_1R.png	unverified
D90-2-05376	جېنىنى تېنىدىن جۇدا قىلماق	headword	532_1R.png	unverified
D90-2-05377	جېنىنى جان ئەتمەك	headword	532_2L.png	unverified
D90-2-05378	جېنىنى چىقارماق	headword	532_2L.png	unverified
D90-2-05379	جېنىنى دوغا تىكمەك	headword	532_2L.png	unverified
D90-2-05380	جېنىنى سىغدۇرماق	headword	532_2L.png	unverified
D90-2-05381	جېنىنى سېلىپ بەرمەك	headword	532_2L.png	unverified
D90-2-05382	جېنىنى قويۇشقا جاي تاپالماسلىق	headword	532_2L.png	unverified
D90-2-05383	جېنىنىڭ بارىچە	headword	532_2L.png	unverified
D90-2-05384	جېنىنى ھەلقۇمغا ئاپارماق	headword	533_1R.png	unverified
D90-2-05385	جېنى ئون بولسىمۇ	headword	533_1R.png	unverified
D90-2-05386	جېنى ئىچىگە پاتماسلىق	headword	533_1R.png	unverified
D90-2-05387	جېنى ئىچىگە سىغماسلىق	headword	533_1R.png	unverified
D90-2-05388	جېنى يوق	headword	533_1R.png	unverified
D90-2-05389	جاناب	headword	533_1R.png	unverified
D90-2-05390	جانابىي	headword	533_2L.png	unverified
D90-2-05392	جانان	headword	533_2L.png	unverified
D90-2-05393	جانانە	headword	533_2L.png	unverified
D90-2-05394	جانباز	headword	533_2L.png	unverified
D90-2-05395	جانبازلىق	headword	534_1R.png	unverified
D90-2-05396	جان-پان	headword	534_1R.png	unverified
D90-2-05397	جان-پېنى چىقماق	headword	534_1R.png	unverified
D90-2-05398	جان-تەن	headword	534_1R.png	unverified
D90-2-05399	جان-جانىۋار	headword	534_1R.png	unverified
D90-2-05400	جان-جەھل	headword	534_2L.png	unverified
D90-2-05401	جان-جېنى	headword	534_2L.png	unverified
D90-2-05402	جانجىگەر	headword	534_2L.png	unverified
D90-2-05403	جاندار	headword	534_2L.png	unverified
D90-2-05405	جان-دىل	headword	534_2L.png	unverified
D90-2-05406	جانسىز	headword	535_1R.png	unverified
D90-2-05408	جانسىزلاندۇرماق	headword	535_1R.png	unverified
D90-2-05409	جانسىزلاندۇرۇلماق	headword	535_1R.png	unverified
D90-2-05410	جانسىزلانماق	headword	535_1R.png	unverified
D90-2-05411	جانسىزلىق	headword	535_2L.png	unverified
D90-2-05412	جانلاندۇرماق	headword	535_2L.png	unverified
D90-2-05413	جانلاندۇرۇش	headword	535_2L.png	unverified
D90-2-05414	جانلاندۇرۇشماق	headword	535_2L.png	unverified
D90-2-05415	جانلاندۇرۇلماق	headword	535_2L.png	unverified
D90-2-05416	جانلانماق	headword	535_2L.png	unverified
D90-2-05417	جانلىق	headword	536_1R.png	unverified
D90-2-05418	جانلىق ئەمگەك	headword	536_2L.png	unverified
D90-2-05419	جانلىق تەبىئەت	headword	536_2L.png	unverified
D90-2-05420	جانلىق تىل	headword	536_2L.png	unverified
D90-2-05421	جانلىق كۈچ	headword	536_2L.png	unverified
D90-2-05422	جانلىق ئورگانىزم	headword	536_2L.png	unverified
D90-2-05425	جانلىقلار	headword	536_2L.png	unverified
D90-2-05423	جانلىقشۇناس	headword	536_2L.png	unverified
D90-2-05423-v1	بىئولوگ	variant	536_2L.png	unverified
D90-2-05424	جانلىقشۇناسلىق	headword	536_2L.png	unverified
D90-2-05424-v1	بىئولوگىيە	variant	536_2L.png	unverified
D90-2-05426	جانلىقلار ئەۋرىشكىسى	headword	536_2L.png	unverified
D90-2-05427	جانلىقلار تۈركۈمى	headword	537_1R.png	unverified
D90-2-05428	جانلىقلىق	headword	537_1R.png	unverified
D90-2-05429	جان-مان	headword	537_1R.png	unverified
D90-2-05430	جان-مېنى چىقماق	headword	537_1R.png	unverified
D90-2-05431	جانىجان	headword	537_1R.png	unverified
D90-2-05432	جان-ئىمانى چىقماق	headword	537_2L.png	unverified
D90-2-05433	جانىۋار	headword	537_2L.png	unverified
D90-2-05434	جاھات	headword	537_2L.png	unverified
D90-2-05435	جاھاز	headword	538_1R.png	unverified
D90-2-05436	جاھازلاتماق	headword	538_1R.png	unverified
D90-2-05437	جاھازلاشتۇرماق	headword	538_1R.png	unverified
D90-2-05438	جاھازلاشتۇرۇلماق	headword	538_1R.png	unverified
D90-2-05439	جاھازلاشماق	headword	538_1R.png	unverified
D90-2-05440	جاھازلانماق	headword	538_1R.png	unverified
D90-2-05441	جاھازلىق	headword	538_1R.png	unverified
D90-2-05442	جاھازلىماق	headword	538_1R.png	unverified
D90-2-05443	جاھالەت	headword	538_2L.png	unverified
D90-2-05444	جاھالەتپەرەس	headword	538_2L.png	unverified
D90-2-05445	جاھالەتپەرەسلىك	headword	538_2L.png	unverified
D90-2-05446	جاھالەتچى	headword	538_2L.png	unverified
D90-2-05447	جاھالەتچىلىك	headword	538_2L.png	unverified
D90-2-05448	جاھالەتلىك	headword	539_1R.png	unverified
D90-2-05449	جاھان	headword	539_1R.png	unverified
D90-2-05450	جاھان ئارا	headword	539_2L.png	unverified
D90-2-05451	جاھان تۇتماق	headword	539_2L.png	unverified
D90-2-05452	جاھاندا بىر	headword	539_2L.png	unverified
D90-2-05453	جاھاندىن كەتمەك	headword	539_2L.png	unverified
D90-2-05454	جاھان رەپتارى	headword	539_2L.png	unverified
D90-2-05455	جاھان رەپتارىغا باقماق	headword	539_2L.png	unverified
D90-2-05456	جاھان رەپتارىغا كىرىۋالماق	headword	540_1R.png	unverified
D90-2-05457	جاھان سارىڭى	headword	540_1R.png	unverified
D90-2-05458	جاھانغا پاتماي	headword	540_1R.png	unverified
D90-2-05458-v1	جاھانغا سىغماي	variant	540_1R.png	unverified
D90-2-05459	جاھانغا كۆز ئاچماق	headword	540_1R.png	unverified
D90-2-05459-v1	ئالەمگە كۆز ئاچماق	variant	540_1R.png	unverified
D90-2-05460	جاھان قىنىغا چۈشمەك	headword	540_1R.png	unverified
D90-2-05461	جاھان كەزمەك	headword	540_2L.png	unverified
D90-2-05461-v1	ئالەم كەزمەك	variant	540_2L.png	unverified
D90-2-05462	جاھان كۆرگەن	headword	540_2L.png	unverified
D90-2-05463	جاھاننى ئاستىن-ئۈستۈن قىلماق	headword	540_2L.png	unverified
D90-2-05463-v1	ئالەمنى باشقا كىيمەك	variant	540_2L.png	unverified
D90-2-05464	جاھاننى بېشىغا كىيمەك	headword	540_2L.png	unverified
D90-2-05465	جاھاننىڭ كارى	headword	540_2L.png	unverified
D90-2-05466	جاھاننىڭ كارى چاغلىق	headword	541_1R.png	unverified
D90-2-05467	جاھاننىڭ كارى شۇنچىلىك	headword	541_1R.png	unverified
D90-2-05468	جاھاننىڭ ئېتىكى كەڭ	headword	541_1R.png	unverified
D90-2-05469	جاھان ئوڭلانماق	headword	541_1R.png	unverified
D90-2-05470	جاھان ئۆزگەرمەك	headword	541_1R.png	unverified
D90-2-05471	جاھانچە	headword	541_1R.png	unverified
D90-2-05472	جاھاندارچىلىق	headword	541_2L.png	unverified
D90-2-05473	جاھاندارچىلىق قىلماق	headword	541_2L.png	unverified
D90-2-05474	جاھانسازلىق	headword	541_2L.png	unverified
D90-2-05475	جاھانشۇمۇل	headword	542_1R.png	unverified
D90-2-05475-v1	ئالەمشۇمۇل	variant	542_1R.png	unverified
D90-2-05476	جاھانكەزدى	headword	542_1R.png	verified
D90-2-05477	جاھانكەزدىلىك	headword	542_1R.png	unverified
D90-2-05478	جاھانگەشتى	headword	542_1R.png	unverified
D90-2-05479	جاھانگەشتىلىك	headword	542_1R.png	unverified
D90-2-05480	جاھانگىر	headword	542_1R.png	unverified
D90-2-05481	جاھانگىرپەرەس	headword	542_2L.png	unverified
D90-2-05482	جاھانگىرپەرەسلىك	headword	542_2L.png	unverified
D90-2-05483	جاھانگىرلىك	headword	542_2L.png	unverified
D90-2-05484	جاھاننامە	nonstandard	542_2L.png	unverified
D90-2-05485	جاھاننەما	headword	542_2L.png	unverified
D90-2-05486	جاھىل	headword	543_1R.png	unverified
D90-2-05487	جاھىلى قاتماق	headword	543_1R.png	unverified
D90-2-05487-v1	جۈدۇنى قاتماق	variant	543_1R.png	unverified
D90-2-05488	جاھىلانە	headword	543_1R.png	unverified
D90-2-05489	جاھىللاشتۇرماق	headword	543_2L.png	unverified
D90-2-05490	جاھىللاشماق	headword	543_2L.png	unverified
D90-2-05491	جاھىللىق	headword	543_2L.png	unverified
D90-2-05492	جاھىللىق قىلماق	headword	543_2L.png	unverified
D90-2-05493	جاۋا	headword	543_2L.png	unverified
D90-2-05494	جاۋاب	headword	543_2L.png	unverified
D90-2-05495	جاۋاب ئالماق	headword	544_1R.png	unverified
D90-2-05496	جاۋاب بەرمەك	headword	544_1R.png	unverified
D90-2-05497	جاۋاب قىلماق	headword	544_2L.png	unverified
D90-2-05498	جاۋاب ياندۇرماق	headword	544_2L.png	unverified
D90-2-05499	جاۋابەن	headword	544_2L.png	unverified
D90-2-05500	جاۋابسىز	headword	545_1R.png	unverified
D90-2-05501	جاۋابكار	headword	545_1R.png	verified
D90-2-05502	جاۋابكار بولماق	headword	545_1R.png	unverified
D90-2-05503	جاۋابكارلىق	headword	545_2L.png	unverified
D90-2-05505	جاۋابلاشماق	headword	545_2L.png	unverified
D90-2-05506	جاۋابلىق	headword	545_2L.png	unverified
D90-2-05507	جاۋابنامە	headword	545_2L.png	unverified
D90-2-05508	جاۋاھىر	headword	546_1R.png	unverified
D90-2-05509	جاۋاھىرات	headword	546_1R.png	verified
D90-2-05510	جاۋاھىرپۇرۇش	headword	546_1R.png	unverified
D90-2-05512	جاۋۇر	headword	546_1R.png	unverified
D90-2-05513	جاۋىخانا	headword	546_2L.png	unverified
D90-2-05514	جاۋىغا	headword	546_2L.png	unverified
D90-2-05515	جاۋىغاي	headword	546_2L.png	unverified
D90-2-05516	جاۋىلداتماق	headword	546_2L.png	unverified
D90-2-05517	جاۋىلداشماق	headword	546_2L.png	unverified
D90-2-05518	جاۋىلداق	headword	546_2L.png	unverified
D90-2-05519	جاۋىلدىماق	headword	546_2L.png	unverified
D90-2-05520	جاۋىماق	nonstandard	546_2L.png	unverified
D90-2-05746	جوۋىماق	headword	567_2L.png	unverified
D90-2-05521	جاي	headword	547_1R.png	unverified
D90-2-05522	جاي ئالماق	headword	547_2L.png	unverified
D90-2-05523	جاي بەرمەك	headword	547_2L.png	unverified
D90-2-05524	جاي تۇتماق	headword	547_2L.png	unverified
D90-2-05525	جاي راسلىماق	headword	548_1R.png	unverified
D90-2-05526	جايىغا تەگكۈزمەك	headword	548_1R.png	unverified
D90-2-05527	جايىغا چۈشمەك	headword	548_1R.png	unverified
D90-2-05528	جايىغا قويماق	headword	548_1R.png	unverified
D90-2-05529	جايىغا كەلتۈرمەك	headword	548_1R.png	unverified
D90-2-05530	جايىغا يەتكۈزمەك	headword	548_1R.png	unverified
D90-2-05531	جايىنى تاپماق	headword	548_1R.png	unverified
D90-2-05532	جايىنى قىلماق	headword	548_1R.png	unverified
D90-2-05533	جاي-جايى	headword	548_2L.png	unverified
D90-2-05534	جايلاتماق	headword	548_2L.png	unverified
D90-2-05535	جايلاشتۇرماق	headword	548_2L.png	unverified
D90-2-05536	جايلاشتۇرۇلماق	headword	548_2L.png	unverified
D90-2-05537	جايلاشماق	headword	549_1R.png	unverified
D90-2-05538	جايلانماق	headword	549_1R.png	unverified
D90-2-05539	جايلىماق	headword	549_1R.png	unverified
D90-2-05540	جايناماز	headword	550_1R.png	unverified
D90-2-05541	جايىدا	headword	550_1R.png	unverified
D90-2-05542	جايىز	headword	550_1R.png	unverified
D90-2-05543	جايىل	nonstandard	550_1R.png	unverified
D90-2-05544	جەبىر	headword	550_1R.png	unverified
D90-2-05545	جەبىرلەنمەك	headword	550_2L.png	unverified
D90-2-05546	جەبىر چەكمەك	headword	550_2L.png	unverified
D90-2-05546-v1	جەبىر تارتماق	variant	550_2L.png	unverified
D90-2-05547	جەبىر قىلماق	headword	550_2L.png	unverified
D90-2-05548	جەبىر كۆرمەك	headword	550_2L.png	unverified
D90-2-05549	جەبىر-جاپا	headword	550_2L.png	unverified
D90-2-05550	جەبىر-زۇلۇم	headword	550_2L.png	unverified
D90-2-05552	جەپسەك	headword	551_1R.png	unverified
D90-2-05553	جەد	headword	551_1R.png	unverified
D90-2-05553-i1	جەددى	inflected	551_1R.png	unverified
D90-2-05554	جەدە	headword	551_1R.png	unverified
D90-2-05555	جەددال	nonstandard	551_2L.png	unverified
D90-2-05555-c1	دەججال	corrected_form	551_2L.png	unverified
D90-2-05556	جەددى-جەمەت	headword	551_2L.png	unverified
D90-2-05557	جەدۋەل	headword	551_2L.png	unverified
D90-2-05558	جەدۋەللەشتۈرمەك	headword	551_2L.png	unverified
D90-2-05559	جەدۋەللەشتۈرۈلمەك	headword	552_1R.png	unverified
D90-2-05561	جەدىت	headword	552_1R.png	unverified
D90-2-05562	جەدىتلىك	headword	552_1R.png	unverified
D90-2-05563	جەدىۋار	headword	552_1R.png	unverified
D90-2-05563-v1	پارپا	variant	552_1R.png	unverified
D90-2-05564	جەدى	headword	552_1R.png	unverified
D90-2-05565	جەدى بۇرجى	headword	552_1R.png	unverified
D90-2-05567	جەرە	headword	552_2L.png	unverified
D90-2-05672	جەھرە	headword	562_2L.png	unverified
D90-2-05568	جەرەن	headword	552_2L.png	unverified
D90-2-05569	جەرراھ	headword	552_2L.png	unverified
D90-2-05570	جەرراھلىق	headword	552_2L.png	unverified
D90-2-05571	جەرراھىيە	headword	552_2L.png	unverified
D90-2-05572	جەرىمانە	headword	552_2L.png	verified
D90-2-05573	جەرىمانە قويماق	headword	553_1R.png	unverified
D90-2-05574	جەريان	headword	553_1R.png	unverified
D90-2-05575	جەز	headword	553_1R.png	verified
D90-2-05577	جەزب	headword	553_2L.png	unverified
D90-2-05578	جەزبۇزار	headword	553_2L.png	verified
D90-2-05579	جەزبدار	headword	554_1R.png	unverified
D90-2-05580	جەزبدارلىق	headword	554_1R.png	unverified
D90-2-05581	جەزبىلىك	headword	554_1R.png	unverified
D90-2-05582	جەزخانا	headword	554_1R.png	unverified
D90-2-05583	جەزخور	headword	554_1R.png	unverified
D90-2-05584	جەزخورلۇق	headword	554_1R.png	unverified
D90-2-05585	جەزلىك	headword	554_1R.png	unverified
D90-2-05586	جەزم	headword	554_2L.png	unverified
D90-2-05587	جەزمەن	headword	554_2L.png	unverified
D90-2-05588	جەزمەنلەشتۈرمەك	headword	554_2L.png	unverified
D90-2-05589	جەزمەنلەشمەك	headword	554_2L.png	unverified
D90-2-05591	جەزملەشتۈرۈلمەك	headword	555_1R.png	unverified
D90-2-05592	جەزملەشمەك	headword	555_1R.png	unverified
D90-2-05593	جەزىرە	headword	555_1R.png	unverified
D90-2-05594	جەزىرىمە	headword	555_1R.png	unverified
D90-2-05595	جەسەت	headword	555_1R.png	unverified
D90-2-05596	جەسۇر	headword	555_2L.png	unverified
D90-2-05597	جەسۇرانە	headword	555_2L.png	unverified
D90-2-05598	جەسۇرلاشماق	headword	555_2L.png	unverified
D90-2-05599	جەسۇرلۇق	headword	555_2L.png	unverified
D90-2-05600	جەگە	headword	555_2L.png	unverified
D90-2-05601	جەگىلىك	headword	556_1R.png	unverified
D90-2-05602	جەڭ	headword	556_1R.png	unverified
D90-2-05606	جەڭگە ئاتلانماق	headword	556_2L.png	unverified
D90-2-05607	جەڭ مەيدانى	headword	556_2L.png	unverified
D90-2-05608	جەڭ ئېلان قىلماق	headword	556_2L.png	unverified
D90-2-05609	جەڭچى	headword	556_2L.png	unverified
D90-2-05610	جەڭچىلىك	headword	556_2L.png	unverified
D90-2-05611	جەڭگاھ	headword	556_2L.png	unverified
D90-2-05612	جەڭگى-جېدەل	headword	556_2L.png	unverified
D90-2-05613	جەڭگىۋار	headword	557_1R.png	unverified
D90-2-05614	جەڭگىۋارلاشتۇرماق	headword	557_2L.png	unverified
D90-2-05615	جەڭگىۋارلاشتۇرۇلماق	headword	557_2L.png	unverified
D90-2-05616	جەڭگىۋارلاشماق	headword	557_2L.png	unverified
D90-2-05617	جەڭگىۋارلىق	headword	557_2L.png	unverified
D90-2-05618	جەڭنامە	headword	557_2L.png	unverified
D90-2-05619	جەلپ	headword	558_1R.png	verified
D90-2-09476	جەلپ قىلماق	headword	558_1R.png	verified
D90-2-05620	جەلپكار	headword	558_1R.png	unverified
D90-2-05621	جەلپكارلىق	headword	558_1R.png	unverified
D90-2-05622	جەلپلىك	headword	558_1R.png	unverified
D90-2-05623	جەلەق	headword	558_1R.png	unverified
D90-2-05624	جەللە	headword	558_1R.png	unverified
D90-2-05625	جەللىگۈر	headword	558_1R.png	unverified
D90-2-05626	جەللىگۈرخانا	headword	558_2L.png	unverified
D90-2-05627	جەللىگۈرلۈك	headword	558_2L.png	unverified
D90-2-05628	جەم	headword	558_2L.png	unverified
D90-2-05629	جەم بولماق	headword	558_2L.png	unverified
D90-2-05630	جەم قىلماق	headword	558_2L.png	unverified
D90-2-05631	جەمەتى	headword	558_2L.png	unverified
D90-2-05632	جەمەتلىك	headword	559_1R.png	unverified
D90-2-05633	جەمبىل	headword	559_1R.png	unverified
D90-2-05634	جەملەتمەك	headword	559_1R.png	unverified
D90-2-05635	جەملەشمەك	headword	559_1R.png	unverified
D90-2-05636	جەملەنمەك	headword	559_1R.png	unverified
D90-2-05637	جەملىمەك	headword	559_2L.png	unverified
D90-2-05638	جەمئىي	headword	559_2L.png	unverified
D90-2-05639	جەمئىيەت	headword	559_2L.png	unverified
D90-2-05640	جەمئىيەتنىڭ تۈپ زىددىيىتى	headword	560_1R.png	unverified
D90-2-05641	جەمئىيەتنىڭ ئىقتىسادىي فورماتسىيىسى	headword	560_1R.png	unverified
D90-2-05642	جەمئىيەتنىڭ ئىقتىسادىي قۇرۇلمىسى	headword	560_1R.png	unverified
D90-2-05643	جەمئىيەتشۇناس	headword	560_1R.png	unverified
D90-2-05644	جەمئىيەتشۇناسلىق	headword	560_1R.png	unverified
D90-2-05645	جەمئىيەتلىك	headword	560_1R.png	unverified
D90-2-05646	جەندە	headword	560_1R.png	verified
D90-2-05647	جەندىر	headword	560_2L.png	unverified
D90-2-05648	جەننەت	headword	560_2L.png	unverified
D90-2-05649	جەننەت قۇشى	headword	560_2L.png	verified
D90-2-05650	جەنۇب	headword	560_2L.png	unverified
D90-2-05651	جەنۇبىي	headword	561_1R.png	unverified
D90-2-05652	جەنۇبىي ئاراللار تىللىرى سىستېمىسى	headword	561_1R.png	unverified
D90-2-05653	جەنۇبىي ئاسىيا تىللىرى سىستېمىسى	headword	561_1R.png	unverified
D90-2-05654	جەنۇبىي تروپىك سىزىقى	headword	561_1R.png	unverified
D90-2-05655	جەنۇبىي چوڭ قۇرۇقلۇق	headword	561_1R.png	unverified
D90-2-05655-v1	گوندىۋانا قۇرۇقلۇقى	variant	561_1R.png	unverified
D90-2-05656	جەنۇبىي سوغۇق بەلباغ	headword	561_1R.png	unverified
D90-2-05657	جەنۇبىي قۇتۇپ	headword	561_2L.png	unverified
D90-2-05658	جەنۇبىي قۇتۇپ چەمبىرى	headword	561_2L.png	unverified
D90-2-05659	جەنۇبىي كەڭلىك	headword	561_2L.png	unverified
D90-2-05660	جەنۇبىي كرېست يۇلتۇز تۈركۈمى	headword	561_2L.png	unverified
D90-2-05661	جەنۇبىي ماگنىت قۇتۇپى	headword	561_2L.png	unverified
D90-2-05662	جەنۇبىي مۆتدىل بەلباغ	headword	561_2L.png	unverified
D90-2-05663	جەنۇبىي يېرىم شار	headword	561_2L.png	unverified
D90-2-05664	جەھەت	headword	562_1R.png	unverified
D90-2-05665	جەھەتتە	headword	562_1R.png	unverified
D90-2-05666	جەھەتتىن	headword	562_1R.png	unverified
D90-2-05667	جەھەننەم	headword	562_1R.png	unverified
D90-2-05668	جەھەننەمگە ئەۋەتمەك	headword	562_1R.png	unverified
D90-2-05668-v1	جەھەننەمگە ئۆتمەك	variant	562_1R.png	unverified
D90-2-05669	جەھەننەمگە راۋان بولماق	headword	562_1R.png	unverified
D90-2-05669-v1	جەھەننەمگە كەتمەك	variant	562_1R.png	unverified
D90-2-05670	جەھەننەمگە ئۇزاتماق	headword	562_2L.png	unverified
D90-2-05671	جەھەننەمگە يوللىماق	headword	562_2L.png	unverified
D90-2-05674	جەھرىخانا	headword	562_2L.png	unverified
D90-2-05675	جەۋزا	headword	563_1R.png	unverified
D90-2-05675-v1	جەۋزا بۇرجى	variant	563_1R.png	unverified
D90-2-05678	جەۋلان	headword	563_1R.png	unverified
D90-2-05681	جەۋلان ئۇرماق	headword	563_2L.png	unverified
D90-2-05681-v1	جەۋلان قىلماق	variant	563_2L.png	unverified
D90-2-05682	جەۋھەر	headword	563_2L.png	unverified
D90-2-05683	جەينەك	headword	564_1R.png	unverified
D90-2-05687	جەينەك تەك	headword	564_1R.png	unverified
D90-2-05688	جەينەكلىمەك	headword	564_2L.png	unverified
D90-2-05689	جەينەكلىشمەك	headword	564_2L.png	unverified
D90-2-05690	جەينەكلەنمەك	headword	564_2L.png	unverified
D90-2-05691	جەينەكلىك	headword	564_2L.png	unverified
D90-2-05696	جوجو	headword	565_1R.png	unverified
D90-2-05697	جودا	headword	565_1R.png	unverified
D90-2-05700	جوداچى	headword	565_1R.png	unverified
D90-2-05701	جوداكەش	headword	565_1R.png	unverified
D90-2-05702	جودالاشماق	headword	565_1R.png	unverified
D90-2-05703	جور	headword	565_2L.png	unverified
D90-2-05706	جورا	headword	565_2L.png	unverified
D90-2-05707	جورا بولماق	headword	566_1R.png	unverified
D90-2-05708	جوراتماق	headword	566_1R.png	unverified
D90-2-05709	جورلۇق	headword	566_1R.png	unverified
D90-2-05711	جورۇتماق	headword	566_1R.png	unverified
D90-2-05712	جورۇشماق	headword	566_1R.png	unverified
D90-2-05713	جورۇق	headword	566_1R.png	unverified
D90-2-05714	جورۇقچىلىق	headword	566_1R.png	unverified
D90-2-05715	جورىماق	headword	566_2L.png	unverified
D90-2-05717	جوغا	headword	566_2L.png	unverified
D90-2-05720	جوغدا	headword	567_1R.png	unverified
D90-2-05721	جوغداي	headword	567_1R.png	unverified
D90-2-05722	جوغدۇن	headword	567_1R.png	unverified
D90-2-05723	جوغدىيەك	headword	567_1R.png	unverified
D90-2-05724	جوغىلىق	headword	567_1R.png	unverified
D90-2-05725	جوقا	headword	567_1R.png	unverified
D90-2-05726	جوگسا	headword	567_1R.png	unverified
D90-2-05727	جوڭقۇرماق	headword	567_1R.png	unverified
D90-2-05728	جول	headword	567_1R.png	unverified
D90-2-05729	جولاپ	headword	567_1R.png	unverified
D90-2-05731	جولاتماق	headword	567_1R.png	unverified
D90-2-05732	جولاشماق	headword	567_1R.png	unverified
D90-2-05733	جولانماق	headword	567_1R.png	unverified
D90-2-05734	جولىماق	headword	567_2L.png	unverified
D90-2-05735	جومباق	headword	567_2L.png	unverified
D90-2-05736	جون	headword	567_2L.png	unverified
D90-2-05739	جونداق	headword	567_2L.png	unverified
D90-2-05740	جونلانماق	headword	567_2L.png	unverified
D90-2-05741	جوھۇت	headword	567_2L.png	unverified
D90-2-05742	جوۋاتماق	headword	567_2L.png	unverified
D90-2-05743	جوۋاشماق	headword	567_2L.png	unverified
D90-2-05744	جوۋالغۇ	headword	567_2L.png	unverified
D90-2-05748	جۇاڭزۇ	headword	568_1R.png	unverified
D90-2-05749	جۇاڭزۇ تىلى	headword	568_1R.png	unverified
D90-2-05750	جۇاڭزۇلار	headword	568_1R.png	unverified
D90-2-05751	جۇت	headword	568_1R.png	unverified
D90-2-05752	جۇت بولماق	headword	568_2L.png	unverified
D90-2-05753	جۇت چۈشمەك	headword	568_2L.png	unverified
D90-2-05755	جۇتاقاتماق	headword	568_2L.png	unverified
D90-2-05756	جۇتاقىماق	headword	568_2L.png	unverified
D90-2-05757	جۇتچىلىق	headword	568_2L.png	unverified
D90-2-05758	جۇت-شىۋىرغان	headword	568_2L.png	unverified
D90-2-05759	جۇتلاق	headword	569_1R.png	unverified
D90-2-05760	جۇخارگۈل	headword	569_1R.png	verified
D90-2-05761	جۇدا	headword	569_1R.png	verified
D90-2-09470	جۇدا ئەتمەك	headword	569_2L.png	verified
D90-2-05763	جۇدا قىلماق	headword	569_2L.png	verified
D90-2-09471	جۇدا ئەيلىمەك	headword	569_2L.png	verified
D90-2-05762	جۇدا بولماق	headword	569_2L.png	verified
D90-2-05764	جۇدالاشماق	headword	569_2L.png	unverified
D90-2-05765	جۇدالىق	headword	570_1R.png	unverified
D90-2-05766	جۇدۇن	headword	570_1R.png	unverified
D90-2-05768	جۇدۇنى قاتماق	headword	570_2L.png	unverified
D90-2-05768-v1	جۇدۇنى تۇتماق	variant	570_2L.png	unverified
D90-2-05769	جۇدۇنى ئۆرلىمەك	headword	570_2L.png	unverified
D90-2-05770	جۇدۇن-چاپقۇن	headword	570_2L.png	unverified
D90-2-05771	جۇدۇن-چاپقۇنلۇق	headword	570_2L.png	unverified
D90-2-05772	جۇدۇنلۇق	headword	570_2L.png	unverified
D90-2-05773	جۇدۇنلىماق	headword	570_2L.png	unverified
D90-2-05774	جۇزام	headword	571_1R.png	unverified
D90-2-05774-v1	ماخاۋ كېسەللىكى	variant	571_1R.png	unverified
D90-2-05775	جۇزبۇۋا	headword	571_1R.png	unverified
D90-2-05776	جۇش	headword	571_1R.png	unverified
D90-2-05777	جۇش ئۇرماق	headword	571_1R.png	unverified
D90-2-05778	جۇشقۇن	headword	571_1R.png	unverified
D90-2-05779	جۇشقۇنلاتماق	headword	571_1R.png	unverified
D90-2-05780	جۇشقۇنلاشماق	headword	571_2L.png	unverified
D90-2-05781	جۇشقۇنلاندۇرماق	headword	571_2L.png	unverified
D90-2-05782	جۇشقۇنلانماق	headword	571_2L.png	unverified
D90-2-05783	جۇشقۇنلۇق	headword	571_2L.png	unverified
D90-2-05784	جۇشقۇنلىماق	headword	571_2L.png	unverified
D90-2-05785	جۇغ	headword	571_2L.png	unverified
D90-2-05788	جۇغ-جەمى	headword	572_1R.png	unverified
D90-2-05789	جۇغراپىيە	headword	572_1R.png	unverified
D90-2-05790	جۇغراپىيەچى	headword	572_1R.png	unverified
D90-2-05791	جۇغراپىيىلىك	headword	572_1R.png	unverified
D90-2-05792	جۇغراپىيىلىك كەڭلىك	headword	572_2L.png	unverified
D90-2-05793	جۇغراپىيىلىك مۇھىت	headword	572_2L.png	unverified
D90-2-05794	جۇغراپىيىلىك ئورۇن	headword	572_2L.png	unverified
D90-2-05795	جۇغراپىيىۋى	headword	572_2L.png	unverified
D90-2-05796	جۇغغىدە	headword	572_2L.png	unverified
D90-2-05797	جۇغلاتماق	headword	573_1R.png	unverified
D90-2-05798	جۇغلاشماق	headword	573_1R.png	unverified
D90-2-05799	جۇغلانما	headword	573_1R.png	unverified
D90-2-05802	جۇغلانماق	headword	573_1R.png	unverified
D90-2-05803	جۇغلىماق	headword	573_1R.png	unverified
D90-2-05804	جۇغۇلداتماق	headword	573_1R.png	unverified
D90-2-05805	جۇغۇلداشماق	headword	573_1R.png	unverified
D90-2-05806	جۇغۇلدىماق	headword	573_2L.png	unverified
D90-2-05807	جۇگۇۋاز	headword	573_2L.png	unverified
D90-2-05809	جۇڭ سۆرەشمەلە	headword	573_2L.png	unverified
D90-2-05813	جۇڭخۇا مىللىتى	headword	574_1R.png	unverified
D90-2-05814	جۇڭخۇا مىنگو	headword	574_1R.png	unverified
D90-2-05824	جۇڭگو تىبابىتى	headword	575_2L.png	unverified
D90-2-05826	جۇڭگو خەلق ئازادلىق ئۇرۇشى	headword	575_2L.png	unverified
D90-2-05827	جۇڭگو دېموكراتىك ئىتتىپاقى	headword	575_2L.png	unverified
D90-2-05830	جۇڭگو كوممۇنىستىك پارتىيىسى	headword	576_1R.png	unverified
D90-2-05831	جۇڭگو مەرمىرى	headword	576_2L.png	unverified
D90-2-05833	جۇڭگو مۇھاجىرلىرى	headword	576_2L.png	unverified
D90-2-05835	جۇڭگو ئىتتىپاقداشلار جەمئىيىتى	headword	577_1R.png	unverified
D90-2-05836	جۇڭگوچە	headword	577_1R.png	unverified
D90-2-05837	جۇڭگوچە رەسىم	headword	577_2L.png	unverified
D90-2-05838	جۇڭگوچە شاھمات	headword	577_2L.png	unverified
D90-2-05839	جۇڭگو-روسىيە	headword	577_2L.png	unverified
D90-2-05840	جۇڭگو-روسىيە ئىلى شەرتنامىسى	headword	577_2L.png	unverified
D90-2-05841	جۇڭگوشۇناس	headword	578_1R.png	unverified
D90-2-05842	جۇڭگوشۇناسلىق	headword	578_1R.png	unverified
D90-2-05843	جۇڭگو-فرانسىيە	headword	578_1R.png	unverified
D90-2-05844	جۇڭگو-فرانسىيە ئۇرۇشى	headword	578_1R.png	unverified
D90-2-05845	جۇڭگولۇق	headword	578_2L.png	unverified
D90-2-05846	جۇڭگو-ياپونىيە	headword	578_2L.png	unverified
D90-2-05847	جۇڭگو-ياپونىيە جاۋۇ ئۇرۇشى	headword	578_2L.png	unverified
D90-2-05849	جۇل	headword	579_1R.png	unverified
D90-2-05850	جۇلا	headword	579_2L.png	unverified
D90-2-05851	جۇلا ئەتمەك	headword	579_2L.png	unverified
D90-2-05863	جۇلالىماق	headword	580_2L.png	unverified
D90-2-05852	جۇلا تاش	headword	579_2L.png	unverified
D90-2-05852-v1	پىروكسېن	variant	579_2L.png	unverified
D90-2-05853	جۇلا چاچماق	headword	579_2L.png	unverified
D90-2-05854	جۇلا قىلماق	headword	579_2L.png	unverified
D90-2-05856	جۇلاسىز	headword	580_1R.png	unverified
D90-2-05857	جۇلالانماق	headword	580_1R.png	unverified
D90-2-05858	جۇلالىق	headword	580_1R.png	unverified
D90-2-05864	جۇلان	headword	580_2L.png	unverified
D90-2-05865	جۇل-جۇل	headword	580_2L.png	unverified
D90-2-05866	جۇلدارىماق	headword	580_2L.png	unverified
D90-2-05867	جۇلدۇ-جاساق	headword	581_1R.png	unverified
D90-2-05868	جۇلدۇر	headword	581_1R.png	unverified
D90-2-05869	جۇلدۇر كېپەن	headword	581_1R.png	unverified
D90-2-05870	جۇلدۇرلاشماق	headword	581_1R.png	unverified
D90-2-05871	جۇللە	headword	581_1R.png	unverified
D90-2-05872	جۇلۇق	headword	581_1R.png	unverified
D90-2-05872-v1	جۇلۇقى چىقماق	variant	581_1R.png	unverified
D90-2-05874	جۇمقۇلىماق	headword	581_2L.png	unverified
D90-2-05875	جۇمھۇرىيەت	headword	581_2L.png	unverified
D90-2-05876	جۇمھۇرىيەتچى	headword	581_2L.png	unverified
D90-2-05877	جۇمھۇرىيەتلىك	headword	581_2L.png	unverified
D90-2-05878	جۇمۇ	headword	581_2L.png	unverified
D90-2-05879	جۇمۇسىلا	headword	582_1R.png	unverified
D90-2-05880	جۇنۇپ	headword	582_1R.png	unverified
D90-2-05881	جۇنۇشماق	headword	582_1R.png	unverified
D90-2-05882	جۇنۇماق	headword	582_1R.png	unverified
D90-2-05883	جۇنۇن	headword	582_1R.png	unverified
D90-2-05884	جۇنۇنلۇق	headword	582_2L.png	unverified
D90-2-05885	جۇۋا	headword	582_2L.png	unverified
D90-2-05886	جۇۋا تاراقشىتماق	headword	582_2L.png	unverified
D90-2-05886-v1	تېرە تاراقشىتماق	variant	582_2L.png	unverified
D90-2-05887	جۈۋىسىنى تەتۈر كىيمەك	headword	582_2L.png	unverified
D90-2-05889	جۇۋاز	headword	582_2L.png	unverified
D90-2-05891	جۇۋازچى	headword	583_1R.png	unverified
D90-2-05892	جۇۋازچىلىق	headword	583_1R.png	unverified
D90-2-05893	جۇۋازخانا	headword	583_1R.png	unverified
D90-2-05894	جۇۋالدۇرۇز	headword	583_1R.png	unverified
D90-2-05895	جۇۋان	headword	583_1R.png	unverified
D90-2-05896	جۇۋان تويى	headword	583_1R.png	unverified
D90-2-05898	جۇۋاينىمەك	headword	583_2L.png	unverified
D90-2-05899	جۇۋاينىمەك كەتكۈر	headword	583_2L.png	unverified
D90-2-05900	جۇۋۇشقا	headword	583_2L.png	unverified
D90-2-05901	جۇۋىچى	headword	583_2L.png	unverified
D90-2-05902	جۇۋىچىلىق	headword	583_2L.png	unverified
D90-2-05903	جۇۋىلىق	headword	583_2L.png	unverified
D90-2-05904	جۇۋىنە	headword	584_1R.png	unverified
D90-2-05907	جۆدەر	headword	584_1R.png	unverified
D90-2-05908	جۆنەتمەك	headword	584_1R.png	unverified
D90-2-05909	جۆنەشمەك	headword	584_1R.png	unverified
D90-2-05910	جۆنەلمەك	headword	584_2L.png	unverified
D90-2-05911	جۆندەتمەك	headword	584_2L.png	unverified
D90-2-05912	جۆندەشمەك	headword	584_2L.png	unverified
D90-2-05913	جۆندەلمەك	headword	584_2L.png	unverified
D90-2-05914	جۆندىمەك	headword	584_2L.png	unverified
D90-2-05915	جۆنىمەك	headword	585_1R.png	unverified
D90-2-05916	جۆۋەندە	headword	585_1R.png	unverified
D90-2-05917	جۆيلۈشمەك	headword	585_1R.png	verified
D90-2-05918	جۆيلۈمەك	headword	585_1R.png	unverified
D90-2-05919	جۈپ	headword	585_1R.png	verified
D90-2-05920	جۈپ سان	headword	585_2L.png	verified
D90-2-05921	جۈپ سۆز	headword	585_2L.png	unverified
D90-2-05922	جۈپ شادا	headword	585_2L.png	unverified
D90-2-05923	جۈپ فۇنكسىيە	headword	585_2L.png	unverified
D90-2-05924	جۈپ كۈچ	headword	586_1R.png	unverified
D90-2-05925	جۈپتەك	headword	586_1R.png	unverified
D90-2-05926	جۈپتەكلىمەك	headword	586_1R.png	unverified
D90-2-05927	جۈپ-جۈپ	headword	586_1R.png	unverified
D90-2-05928	جۈپسىز	headword	586_1R.png	unverified
D90-2-05929	جۈپلەتمەك	headword	586_1R.png	unverified
D90-2-05930	جۈپلەشتۈرمەك	headword	586_2L.png	unverified
D90-2-05931	جۈپلەشتۈرۈلمەك	headword	586_2L.png	unverified
D90-2-05932	جۈپلەشمەك	headword	586_2L.png	unverified
D90-2-05933	جۈپلەنمەك	headword	586_2L.png	unverified
D90-2-05934	جۈپلۈك	headword	586_2L.png	unverified
D90-2-05935	جۈپلىمە	headword	586_2L.png	unverified
D90-2-05936	جۈپلىمەك	headword	587_1R.png	unverified
D90-2-05937	جۈجەم	headword	587_1R.png	unverified
D90-2-05938	جۈدەتمەك	headword	587_1R.png	unverified
D90-2-05939	جۈدەڭ	headword	587_1R.png	unverified
D90-2-05940	جۈدەڭگۈ	headword	587_1R.png	unverified
D90-2-05941	جۈدىمەك	headword	587_1R.png	unverified
D90-2-05942	جۈرئەت	headword	587_1R.png	unverified
D90-2-05943	جۈرئەت قىلماق	headword	587_2L.png	unverified
D90-2-05944	جۈرئەتچان	headword	587_2L.png	unverified
D90-2-05945	جۈرئەتسىز	headword	587_2L.png	unverified
D90-2-05946	جۈرئەتسىزلەشمەك	headword	587_2L.png	unverified
D90-2-05947	جۈرئەتسىزلەنمەك	headword	587_2L.png	unverified
D90-2-05948	جۈرئەتسىزلىك	headword	588_1R.png	unverified
D90-2-05949	جۈرئەتلەنمەك	headword	588_1R.png	verified
D90-2-05950	جۈرئەتلىك	headword	588_1R.png	unverified
D90-2-05951	جۈزنەك	headword	588_1R.png	unverified
D90-2-05952	جۈزئىي	headword	588_1R.png	unverified
D90-2-05953	جۈزئىي تەستىقىي ھۆكۈم	headword	588_2L.png	unverified
D90-2-05954	جۈزئىي ھۆكۈم	headword	588_2L.png	unverified
D90-2-05955	جۈزئىي ئىنكار ھۆكۈم	headword	588_2L.png	unverified
D90-2-05956	جۈزئىيلىك	headword	588_2L.png	unverified
D90-2-05958	جۈسۈن	headword	588_2L.png	unverified
D90-2-05959	جۈسۈنلەشمەك	headword	588_2L.png	unverified
D90-2-05960	جۈسۈنلىمەك	headword	588_2L.png	unverified
D90-2-05961	جۈلگۈمەك	headword	588_2L.png	unverified
D90-2-05962	جۈمە	headword	589_1R.png	unverified
D90-2-05963	جۈمە قىلماق	headword	589_1R.png	unverified
D90-2-05968	جۈمەلىمەك	headword	589_1R.png	unverified
D90-2-05964	جۈمە نامىزى	headword	589_1R.png	unverified
D90-2-05965	جۈمەك	headword	589_1R.png	unverified
D90-2-05966	جۈمەكلىك	headword	589_1R.png	unverified
D90-2-05967	جۈمەلەتمەك	headword	589_1R.png	unverified
D90-2-05968-v1	ئازنىلىماق	variant	589_1R.png	unverified
D90-2-05969	جۈملە	headword	589_1R.png	unverified
D90-2-05970	جۈملە ئالەم	headword	589_2L.png	unverified
D90-2-05971	جۈملە بۆلەكلىرى	headword	589_2L.png	unverified
D90-2-05972	جۈملە تۈزمەك	headword	589_2L.png	unverified
D90-2-05973	جۈملىدىن	headword	589_2L.png	unverified
D90-2-05974	جۈملىمۇجۈملە	headword	589_2L.png	unverified
D90-2-05979	جې	headword	590_1R.png	unverified
D90-2-05980	جېدەل	headword	590_1R.png	unverified
D90-2-05981	جېدەل تېرىماق	headword	590_1R.png	unverified
D90-2-05981-v1	جېدەل چىقارماق	variant	590_1R.png	unverified
D90-2-05982	جېدەلچى	headword	590_2L.png	unverified
D90-2-05983	جېدەلخور	headword	590_2L.png	unverified
D90-2-05984	جېدەلخورلۇق	headword	590_2L.png	unverified
D90-2-05985	جېدەل-غوۋغا	headword	590_2L.png	unverified
D90-2-05986	جېدەللەتمەك	headword	590_2L.png	unverified
D90-2-05987	جېدەللەشمەك	headword	591_1R.png	unverified
D90-2-05988	جېدەللىمەك	headword	591_1R.png	unverified
D90-2-05989	جېدەل-ماجىرا	headword	591_1R.png	unverified
D90-2-05990	جېرىمانە	nonstandard	591_1R.png	unverified
D90-2-05991	جېسەك	headword	591_1R.png	verified
D90-2-05992	جېسەكچى	headword	591_1R.png	unverified
D90-2-05993	جېسەكچىلىك	headword	591_1R.png	unverified
D90-2-05995	جېكىلەتمەك	headword	591_2L.png	unverified
D90-2-05996	جېكىلەشمەك	headword	591_2L.png	unverified
D90-2-05997	جېكىلەنمەك	headword	591_2L.png	unverified
D90-2-05998	جېكىلىمەك	headword	591_2L.png	unverified
D90-2-05999	جېكىمەك	nonstandard	591_2L.png	unverified
D90-2-06000	جېمە	headword	591_2L.png	unverified
D90-2-06001	جېنە ستە	headword	591_2L.png	unverified
D90-2-06002	جېنتىيانا	headword	592_1R.png	unverified
D90-2-06003	جېندەن	headword	592_1R.png	unverified
D90-2-06007	جېپ	headword	592_1R.png	verified
D90-2-06008	جىپسا	headword	592_2L.png	verified
D90-2-09472	جىپسا قىلماق	headword	592_2L.png	verified
D90-2-06013	جىپسىلىماق	headword	593_1R.png	verified
D90-2-09473	جىپسا كەلمەك	headword	592_2L.png	verified
D90-2-06009	جىپسىلاتماق	headword	592_2L.png	verified
D90-2-06010	جىپسىلاشتۇرماق	headword	592_2L.png	verified
D90-2-06011	جىپسىلاشتۇرۇلماق	headword	592_2L.png	verified
D90-2-06012	جىپسىلاشماق	headword	592_2L.png	verified
D90-2-09467	جىجىق	headword	593_1R.png	verified
D90-2-06015	جىجىماق	headword	593_1R.png	verified
D90-2-06016	جىددىي	headword	593_1R.png	verified
D90-2-06018	جىددىيەت	headword	593_2L.png	verified
D90-2-06019	جىددىيەتلىك	headword	593_2L.png	unverified
D90-2-06024	جىددىيلىك	headword	594_1R.png	unverified
D90-2-06021	جىددىيلەشتۈرمەك	headword	594_1R.png	unverified
D90-2-06022	جىددىيلەشتۈرۈلمەك	headword	594_1R.png	unverified
D90-2-06023	جىددىيلەشمەك	headword	594_1R.png	unverified
D90-2-06025	جىر	headword	594_1R.png	unverified
D90-2-06026	جىرا	headword	594_1R.png	unverified
D90-2-06027	جىراتماق	headword	594_2L.png	unverified
D90-2-06028	جىراشماق	headword	594_2L.png	unverified
D90-2-06029	جىرەن	headword	594_2L.png	unverified
D90-2-06030	جىرتاق	headword	594_2L.png	unverified
D90-2-06031	جىرچى	headword	594_2L.png	unverified
D90-2-06032	جىرغا	headword	594_2L.png	unverified
D90-2-06033	جىرغاتماق	headword	595_1R.png	unverified
D90-2-06034	جىرغىشماق	headword	595_1R.png	unverified
D90-2-06035	جىرغىلاڭ	headword	595_1R.png	unverified
D90-2-06036	جىرغىماق	headword	595_1R.png	unverified
D90-2-06037	جىرمە	headword	595_1R.png	unverified
D90-2-06038	جىرىس	headword	595_1R.png	unverified
D90-2-06039	جىرىڭ	headword	595_2L.png	unverified
D90-2-06040	جىرىڭ-جىرىڭ	headword	595_2L.png	unverified
D90-2-06041	جىرىڭشىماق	headword	595_2L.png	unverified
D90-2-06042	جىرىڭڭىدە	headword	595_2L.png	unverified
D90-2-06043	جىرىڭلاتماق	headword	595_2L.png	unverified
D90-2-06044	جىرىڭلاشماق	headword	595_2L.png	unverified
D90-2-06045	جىرىڭلىماق	headword	595_2L.png	unverified
D90-2-06046	جىرىم	headword	595_2L.png	unverified
D90-2-06048	جىرىماق	headword	596_1R.png	unverified
D90-2-06049	جىرىملىق	headword	596_1R.png	unverified
D90-2-06050	جىز	headword	596_1R.png	unverified
D90-2-06052	جىزا قىلماق	headword	596_1R.png	unverified
D90-2-06052-v1	يىلتىلىمە لەك	variant	596_1R.png	unverified
D90-2-06053	جىز-جىز	headword	596_1R.png	unverified
D90-2-06054	جىزىلداتماق	headword	596_1R.png	unverified
D90-2-06055	جىزىلداشماق	headword	596_2L.png	unverified
D90-2-06056	جىزىلدىماق	headword	596_2L.png	unverified
D90-2-06057	جىس	headword	596_2L.png	unverified
D90-2-06059	جىسالىق	headword	596_2L.png	unverified
D90-2-06060	جىسمانىي	headword	596_2L.png	unverified
D90-2-06061	جىسمانىي ئەمگەك	headword	597_1R.png	unverified
D90-2-06062	جىسمانىيەت	headword	597_1R.png	unverified
D90-2-06063	جىسىم	headword	597_1R.png	unverified
D90-2-06066	جىغ	headword	597_2L.png	unverified
D90-2-06067	جىغا	headword	597_2L.png	unverified
D90-2-06068	جىغان	headword	597_2L.png	unverified
D90-2-06069	جىغانلىق	headword	598_1R.png	unverified
D90-2-06070	جىغ-جىغ	headword	598_1R.png	unverified
D90-2-06071	جىغغىدە	headword	598_1R.png	unverified
D90-2-06072	جىغىلداتماق	headword	598_1R.png	unverified
D90-2-06073	جىغىلداشماق	headword	598_1R.png	unverified
D90-2-06074	جىغىلدىماق	headword	598_1R.png	unverified
D90-2-06075	جىق	headword	598_1R.png	unverified
D90-2-06076	جىقايتماق	headword	598_2L.png	unverified
D90-2-06077	جىقايماق	headword	598_2L.png	unverified
D90-2-06081	جىقلىماق	headword	598_2L.png	unverified
D90-2-06078	جىقلاتماق	headword	598_2L.png	unverified
D90-2-06079	جىقلانماق	headword	598_2L.png	unverified
D90-2-06080	جىقلىق	headword	598_2L.png	unverified
D90-2-06082	جىگەر	headword	598_2L.png	unverified
D90-2-06083	جىگەر راكى	headword	599_1R.png	unverified
D90-2-06084	جىگەر رەڭ	headword	599_1R.png	unverified
D90-2-06085	جىگەر شورىغۇچ قۇرت	headword	599_2L.png	unverified
D90-2-06086	جىگەر قېتىش	headword	599_2L.png	unverified
D90-2-06087	جىگەر كاۋىپى	headword	599_2L.png	unverified
D90-2-06088	جىگەر ئۇيقۇلۇق بېزى	headword	599_2L.png	unverified
D90-2-06089	جىگەر ياللۇغى	headword	600_1R.png	unverified
D90-2-06090	جىگىرى بار	headword	600_1R.png	unverified
D90-2-06091	جىگىرى يوق	headword	600_1R.png	unverified
D90-2-06092	جىگەر پارە	headword	600_1R.png	unverified
D90-2-06093	جىگەرسىز	headword	600_1R.png	unverified
D90-2-06094	جىگەرسىزلىك	headword	600_1R.png	unverified
D90-2-06095	جىگەرلىك	headword	600_2L.png	unverified
D90-2-06096	جىگدە	headword	600_2L.png	unverified
D90-2-06097	جىگدە پۇراپ قالماق	headword	600_2L.png	unverified
D90-2-06098	جىگدە پۇرىقى تەگكەن	headword	600_2L.png	unverified
D90-2-06099	جىگدىچى	headword	600_2L.png	unverified
D90-2-06100	جىگدىزار	headword	600_2L.png	unverified
D90-2-06101	جىگدىلىك	headword	601_1R.png	unverified
D90-2-06102	جىگىر شەلك	headword	601_1R.png	unverified
D90-2-06107	جىڭپو	headword	601_2L.png	unverified
D90-2-06108	جىڭپو تىلى	headword	601_2L.png	unverified
D90-2-06109	جىڭپوچە	headword	602_1R.png	unverified
D90-2-06110	جىڭپولار	headword	602_1R.png	unverified
D90-2-06111	جىڭچى	headword	602_1R.png	unverified
D90-2-06112	جىڭدو	headword	602_1R.png	unverified
D90-2-06112-v1	جىڭدو شېلى	variant	602_1R.png	unverified
D90-2-06114	جىڭزۇ	headword	602_1R.png	unverified
D90-2-06116	جىڭزۇچە	headword	602_1R.png	unverified
D90-2-06117	جىڭزۇلار	headword	602_1R.png	unverified
D90-2-06118	جىڭغاتماق	headword	602_1R.png	unverified
D90-2-06119	جىڭغىماق	headword	602_2L.png	unverified
D90-2-06120	جىڭگۇك	headword	602_2L.png	unverified
D90-2-06121	جىڭگىر	headword	602_2L.png	unverified
D90-2-06122	جىڭگىل	headword	602_2L.png	unverified
D90-2-06123	جىڭگىلماچ	headword	602_2L.png	unverified
D90-2-06124	جىڭلاتقۇزماق	headword	602_2L.png	unverified
D90-2-06125	جىڭلاتقۇزۇلماق	headword	602_2L.png	unverified
D90-2-06126	جىڭلاتماق	headword	602_2L.png	unverified
D90-2-06127	جىڭلاشماق	headword	602_2L.png	unverified
D90-2-06128	جىڭلانماق	headword	602_2L.png	unverified
D90-2-06129	جىڭلىق	headword	602_2L.png	unverified
D90-2-06131	جىڭلىماق	headword	603_1R.png	unverified
D90-2-06133	جىلە	headword	603_1R.png	unverified
D90-2-06137	جىلتە	headword	603_1R.png	unverified
D90-2-06137-v1	بوغچا	variant	603_1R.png	unverified
D90-2-06138	جىلد	headword	603_1R.png	unverified
D90-2-06139	جىلدلىماق	headword	603_2L.png	unverified
D90-2-06140	جىلدلىق	headword	603_2L.png	unverified
D90-2-06142	جىلدىر	headword	603_2L.png	unverified
D90-2-06143	جىلدىر-جىلدىر	headword	603_2L.png	unverified
D90-2-06144	جىلدىرلاتماق	headword	603_2L.png	unverified
D90-2-06145	جىلدىرلاشماق	headword	603_2L.png	unverified
D90-2-06146	جىلدىرلىما	headword	603_2L.png	unverified
D90-2-06147	جىلدىرلىماق	headword	604_1R.png	unverified
D90-2-06149	جىلغا	headword	604_1R.png	unverified
D90-2-06150	جىلغىلىق	headword	604_1R.png	unverified
D90-2-06151	جىلمايتماق	headword	604_1R.png	unverified
D90-2-06152	جىلمايماق	headword	604_1R.png	unverified
D90-2-06153	جىلۋە	headword	604_2L.png	unverified
D90-2-06154	جىلۋە ئەيلىمەك	headword	604_2L.png	unverified
D90-2-06155	جىلۋە قىلماق	headword	604_2L.png	unverified
D90-2-06162	جىلۋىلەنمەك	headword	605_1R.png	unverified
D90-2-06156	جىلۋىدار	headword	604_2L.png	unverified
D90-2-06157	جىلۋىكار	headword	604_2L.png	unverified
D90-2-06158	جىلۋىگاھ	headword	604_2L.png	unverified
D90-2-06159	جىلۋىگەر	headword	605_1R.png	verified
D90-2-06160	جىلۋىلەندۈرمەك	headword	605_1R.png	unverified
D90-2-06161	جىلۋىلەندۈرۈلمەك	headword	605_1R.png	unverified
D90-2-06163	جىلۋىلىك	headword	605_1R.png	unverified
D90-2-06164	جىم	headword	605_1R.png	unverified
D90-2-06165	جىلىتكە	headword	605_2L.png	unverified
D90-2-06166	جىلىتكىلىق	headword	605_2L.png	unverified
D90-2-06167	جىلىچىلىك	headword	605_2L.png	unverified
D90-2-06168	جىلىغور	headword	605_2L.png	unverified
D90-2-06170	جىم بولماق	headword	606_1R.png	unverified
D90-2-06171	جىم تۇرماق	headword	606_1R.png	unverified
D90-2-06172	جىم ياتقان يىلاننىڭ بېشىنى قوزغىماق	headword	606_1R.png	unverified
D90-2-06174	جىمبىل	headword	606_2L.png	unverified
D90-2-06175	جىمجىت	headword	606_2L.png	unverified
D90-2-06176	جىمجىت بولماق	headword	606_2L.png	unverified
D90-2-06177	جىمجىتلاشماق	headword	606_2L.png	unverified
D90-2-06178	جىمجىتلىق	headword	606_2L.png	unverified
D90-2-06179	جىم-جىم	headword	606_2L.png	unverified
D90-2-06180	جىملىق	headword	607_1R.png	unverified
D90-2-06181	جىممىدە	headword	607_1R.png	unverified
D90-2-06182	جىمى	headword	607_1R.png	unverified
D90-2-06183	جىپىتماق	headword	607_1R.png	unverified
D90-2-06184	جىمىر	headword	607_1R.png	unverified
D90-2-06185	جىمىر-جىمىر	headword	607_1R.png	unverified
D90-2-06186	جىمىرلاتماق	headword	607_1R.png	unverified
D90-2-06187	جىمىرلىشماق	headword	607_1R.png	unverified
D90-2-06188	جىمىرلىماق	headword	607_1R.png	unverified
D90-2-06189	جىمىشماق	headword	607_2L.png	unverified
D90-2-06190	جىمىغۇر	headword	607_2L.png	unverified
D90-2-06191	جىمىغۇرلاشماق	headword	607_2L.png	unverified
D90-2-06192	جىمىغۇرلۇق	headword	607_2L.png	unverified
D90-2-06193	جىمىقتۇرماق	headword	608_1R.png	unverified
D90-2-06194	جىمىقتۇرۇشماق	headword	608_1R.png	unverified
D90-2-06195	جىمىقتۇرۇلماق	headword	608_1R.png	unverified
D90-2-06196	جىمىقماق	headword	608_1R.png	unverified
D90-2-06197	جىمىقىشماق	headword	608_1R.png	unverified
D90-2-06198	جىمىكى	headword	608_1R.png	unverified
D90-2-06198-v1	جېمى	variant	608_1R.png	unverified
D90-2-06199	جىمىلەشمەك	headword	608_1R.png	unverified
D90-2-06200	جىمىلىمەك	headword	608_1R.png	unverified
D90-2-06201	جىمىماق	headword	608_2L.png	unverified
D90-2-06202	جىن	headword	608_2L.png	unverified
D90-2-06203	جىن تەپمەك	headword	608_2L.png	unverified
D90-2-06205	جىن چاپلاشماق	headword	609_1R.png	unverified
D90-2-06204	جىن تەگمەك	headword	608_2L.png	unverified
D90-2-06206	جىن سوقماق	headword	609_1R.png	unverified
D90-2-06207	جىننىڭ قەستى شاپتۇلدا	headword	609_1R.png	unverified
D90-2-06208	جىننى ئۇسسۇلغا سالىدىغان	headword	609_1R.png	unverified
D90-2-06209	جىن ئولاشماق	headword	609_1R.png	unverified
D90-2-06210	جىنى تۇتماق	headword	609_1R.png	unverified
D90-2-06211	جىنى قوزغالماق	headword	609_1R.png	unverified
D90-2-06212	جىنى كەلمەك	headword	609_1R.png	unverified
D90-2-06213	جىنازا	headword	609_2L.png	verified
D90-2-06214	جىنازا نامىزى	headword	609_2L.png	unverified
D90-2-06214-v1	مېيىت نامىزى	variant	609_2L.png	unverified
D90-2-06215	جىن- ئالۋاستى	headword	609_2L.png	unverified
D90-2-06216	جىنايەت	headword	609_2L.png	unverified
D90-2-06218	جىنايەت قىلماق	headword	609_2L.png	unverified
D90-2-06222	جىنايەت ئۆتكۈزمەك	headword	610_1R.png	unverified
D90-2-06219	جىنايەت نامى	headword	609_2L.png	unverified
D90-2-06220	جىنايەت تىنك ئالدىنى ئېلىش	headword	609_2L.png	unverified
D90-2-06221	جىنايەت ئوبيېكتى	headword	610_1R.png	unverified
D90-2-06223	جىنايەتچى	headword	610_1R.png	unverified
D90-2-06224	جىنايەتچىلىك	headword	610_1R.png	unverified
D90-2-06225	جىنايەتكار	headword	610_1R.png	unverified
D90-2-06226	جىنايەتكارانە	headword	610_1R.png	unverified
D90-2-06228	جىنايى	headword	610_2L.png	unverified
D90-2-06234	جىنايى ئىشلار دەۋاسى	headword	611_1R.png	unverified
D90-2-06235	جىنايى ئىشلار قانۇنى	headword	611_1R.png	unverified
D90-2-06236	جىنايى ئىشلار ھۆكۈمى	headword	611_1R.png	unverified
D90-2-06237	جىن-ئەرۋاھ	headword	611_1R.png	unverified
D90-2-06238	جىنئەنجۈرى	headword	611_1R.png	verified
D90-2-06239	جىنتەك	headword	611_1R.png	unverified
D90-2-06240	جىنچاتقىلى	headword	611_2L.png	verified
D90-2-06241	جىنچىراغ	headword	611_2L.png	unverified
D90-2-06242	جىندەك	headword	611_2L.png	unverified
D90-2-06244	جىندىخانا	headword	611_2L.png	unverified
D90-2-06245	جىندىي	headword	611_2L.png	unverified
D90-2-06247	جىنسقا ئەگەشكەن ئىرسىيەت	headword	612_1R.png	unverified
D90-2-06248	جىنسقا مۇناسىۋەتلىك ئىرسىيەت	headword	612_1R.png	unverified
D90-2-06249	جىنس كاتېگورىيىسى	headword	612_1R.png	unverified
D90-2-06250	جىنس ھاسىل قىلغۇچى مىنېرال	headword	612_2L.png	unverified
D90-2-06251	جىنس ئۇقۇم	headword	612_2L.png	unverified
D90-2-06252	جىنسداش	headword	612_2L.png	unverified
D90-2-06253	جىنسداشلىق	headword	612_2L.png	unverified
D90-2-06254	جىنسىز	headword	612_2L.png	unverified
D90-2-06255	جىنسىز چېتىشتۇرۇش	headword	612_2L.png	unverified
D90-2-06256	جىنسسىز كۆپەيگەن نەسىلداش	headword	613_1R.png	unverified
D90-2-06257	جىنسسىز كۆپىيىش	headword	613_1R.png	unverified
D90-2-06258	جىنسلىق	headword	613_1R.png	unverified
D90-2-06259	جىنسلىق چېتىشتۇرۇش	headword	613_1R.png	unverified
D90-2-06260	جىنسلىق كۆپىيىش	headword	613_2L.png	unverified
D90-2-06261	جىنسىي	headword	613_2L.png	unverified
D90-2-06262	جىنسىي ئاجىزلىق	headword	613_2L.png	unverified
D90-2-06263	جىنسىي ئانا ھۈجەيرە	headword	613_2L.png	unverified
D90-2-06264	جىنسىي ئايرىما	headword	613_2L.png	unverified
D90-2-06269	جىنسىي پەرق	headword	614_1R.png	unverified
D90-2-06265	جىنسىي ئەزا	headword	613_2L.png	unverified
D90-2-06266	جىنسىي باغلىنىش	headword	613_2L.png	unverified
D90-2-06267	جىنسىي بەز	headword	613_2L.png	unverified
D90-2-06268	جىنسىي پائالىيەت	headword	614_1R.png	unverified
D90-2-06270	جىنسىي تاللىنىش	headword	614_1R.png	unverified
D90-2-06271	جىنسىي خروموسوما	headword	614_1R.png	unverified
D90-2-06272	جىنسىي سپورا	headword	614_1R.png	unverified
D90-2-06273	جىنسىي گورمون	headword	614_1R.png	unverified
D90-2-06274	جىنسىي ھۈجەيرە	headword	614_2L.png	unverified
D90-2-06275	جىنسىي يول	headword	614_2L.png	unverified
D90-2-06276	جىنسىي يېتىلىش	headword	614_2L.png	unverified
D90-2-06277	جىنسىيەت	headword	614_2L.png	unverified
D90-2-06278	جىن-شاياتۇن	headword	614_2L.png	unverified
D90-2-06279	جىن-شەيتان	headword	614_2L.png	unverified
D90-2-06280	جىنكەش	headword	614_2L.png	unverified
D90-2-06282	جىنكېۋىزى	headword	615_1R.png	verified
D90-2-06283	جىنئۈزۈمى	headword	615_1R.png	verified
D90-2-06284	جىنياڭيۇسى	headword	615_1R.png	verified
D90-2-06286	جىۋىر	headword	615_2L.png	unverified
D90-2-06287	جىۋىر-جىۋىر	headword	615_2L.png	unverified
D90-2-06288	جىۋىرلاشماق	headword	615_2L.png	unverified
D90-2-06289	جىۋىرلىماق	headword	615_2L.png	unverified
D90-2-06294	جىيەك تارتماق	headword	616_1R.png	unverified
D90-2-06296	جىيەكلىك	headword	616_1R.png	unverified
D90-2-06297	جىيەن	headword	616_2L.png	unverified
D90-2-06298	جىيىن	headword	616_2L.png	unverified
D90-2-06299	جىيىنلىق	headword	616_2L.png	unverified
D90-2-06301	چابدار	headword	617_1R.png	unverified
D90-2-06302	چاپ	headword	617_1R.png	unverified
D90-2-06303	چاپار ئېتى	headword	617_1R.png	unverified
D90-2-06304	چاپارمەن	headword	617_1R.png	unverified
D90-2-06305	چاپارمەنلىك	headword	617_2L.png	unverified
D90-2-06306	چاپاق	headword	617_2L.png	unverified
D90-2-06307	چاپاق باسماق	headword	618_1R.png	unverified
D90-2-06308	چاپىقىنى ئالىمەن دەپ قارىغۇ قىلماق	headword	618_1R.png	unverified
D90-2-06309	چاپىقىنى ئالىمەن دەپ كۆزىنى قارىغۇ قىلماق	headword	618_1R.png	unverified
D90-2-06310	چاپاقلاشماق	headword	618_1R.png	unverified
D90-2-06311	چاپان	headword	618_1R.png	unverified
D90-2-06312	چاپان چۆرۈمەك	headword	618_2L.png	unverified
D90-2-06313	چاپان سالماق	headword	618_2L.png	unverified
D90-2-06314	چاپانغا قاراپ مۇئامىلە قىلماق	headword	618_2L.png	unverified
D90-2-06315	چاپان كۆتۈرمەك	headword	618_2L.png	unverified
D90-2-06316	چاپان ياپماق	headword	618_2L.png	unverified
D90-2-06317	چاپىنى تىزىدىن ئاشماسلىق	headword	618_2L.png	unverified
D90-2-06318	چاپىنىمىز تىزدىن ئاشمايدىغان بولۇپ قالدى.	headword	619_1R.png	unverified
D90-2-06319	چاپان-چارا	headword	619_1R.png	unverified
D90-2-06320	چاپانچى	headword	619_1R.png	unverified
D90-2-06321	چاپانچىلىق	headword	619_1R.png	unverified
D90-2-06322	چاپانچىلىق قىلماق	headword	619_1R.png	unverified
D90-2-06323	چاپانلىق	headword	619_1R.png	unverified
D90-2-06324	چاپاۋۇل	headword	619_2L.png	unverified
D90-2-06325	چاپتۇرماق	headword	619_2L.png	unverified
D90-2-06329	چاپتۇرۇشماق	headword	619_2L.png	unverified
D90-2-06333	چاپتۇرۇلماق	headword	619_2L.png	unverified
D90-2-06337	چاپتىكەش	headword	620_1R.png	unverified
D90-2-06338	چاپچا	headword	620_1R.png	unverified
D90-2-06339	چاپ-چاپ	headword	620_1R.png	unverified
D90-2-06342	چاپچىش	headword	620_2L.png	unverified
D90-2-06343	چاپچىشماق	headword	620_2L.png	unverified
D90-2-06344	چاپچىماق	headword	620_2L.png	unverified
D90-2-06345	چاپراس	headword	620_2L.png	unverified
D90-2-06346	چاپراس قىلماق	headword	620_2L.png	unverified
D90-2-06347	چاپسا	headword	621_1R.png	unverified
D90-2-06348	چاپسان	headword	621_1R.png	unverified
D90-2-06349	چاپسانلاتماق	headword	621_1R.png	unverified
D90-2-06350	چاپسانلاشتۇرماق	headword	621_1R.png	unverified
D90-2-06351	چاپسانلاشتۇرۇشماق	headword	621_1R.png	unverified
D90-2-06352	چاپسانلاشتۇرۇلماق	headword	621_1R.png	unverified
D90-2-06353	چاپسانلاشماق	headword	621_1R.png	unverified
D90-2-06354	چاپسانلىق	headword	621_1R.png	unverified
D90-2-06355	چاپسانلىماق	headword	621_1R.png	unverified
D90-2-06356	چاپقاق	headword	621_2L.png	unverified
D90-2-06357	چاپقۇر	headword	621_2L.png	unverified
D90-2-06358	چاپقۇرلۇق	headword	621_2L.png	unverified
D90-2-06359	چاپقۇن	headword	621_2L.png	unverified
D90-2-06361	چاپقۇنلۇق	headword	621_2L.png	unverified
D90-2-06362	چاپقۇنلىماق	headword	622_1R.png	unverified
D90-2-06363	چاپقۇدماق	headword	622_1R.png	unverified
D90-2-06364	چاپلاتقۇزماق	headword	622_1R.png	unverified
D90-2-06365	چاپلاتماق	headword	622_1R.png	unverified
D90-2-06366	چاپلاشتۇرماق	headword	622_1R.png	unverified
D90-2-06367	چاپلاشتۇرۇلماق	headword	622_1R.png	unverified
D90-2-06368	چاپلاشقاق	headword	622_1R.png	unverified
D90-2-06369	چاپلاشقاقلىق	headword	622_1R.png	unverified
D90-2-06370	چاپلاشماق	headword	622_1R.png	unverified
D90-2-06371	چاپلاقلىق	headword	622_2L.png	unverified
D90-2-06372	چاپلانماق	headword	622_2L.png	unverified
D90-2-06373	چاپلىشىش	headword	622_2L.png	unverified
D90-2-06375	چاپلىما	headword	623_1R.png	unverified
D90-2-06377	چاپلىماق	headword	623_1R.png	unverified
D90-2-06378	چاپما	headword	623_2L.png	unverified
D90-2-06385	چاپماق	headword	623_2L.png	unverified
D90-2-06389	چاپمۇچاپ	headword	624_1R.png	unverified
D90-2-06390	چاپمىلىق	headword	624_1R.png	unverified
D90-2-06391	چاپى	headword	624_1R.png	unverified
D90-2-06392	چات	headword	624_1R.png	unverified
D90-2-06393	چاتراق	headword	624_2L.png	unverified
D90-2-06394	چات كەرمەك	headword	624_2L.png	unverified
D90-2-06395	چاتاتماق	headword	624_2L.png	unverified
D90-2-06396	چاتاشماق	headword	624_2L.png	unverified
D90-2-06397	چاتاق	headword	624_2L.png	unverified
D90-2-06398	چاتاق بولماق	headword	625_1R.png	unverified
D90-2-06399	چاتاق تاپماق	headword	625_2L.png	unverified
D90-2-06400	چاتاق تېرىماق	headword	625_2L.png	unverified
D90-2-06401	چاتاق چىقماق	headword	625_2L.png	unverified
D90-2-06402	چاتاق سالماق	headword	626_1R.png	unverified
D90-2-06403	چاتاق قىلماق	headword	626_1R.png	unverified
D90-2-06404	چاتاق يوق	headword	626_2L.png	unverified
D90-2-06405	چاتىقى بار	headword	626_2L.png	unverified
D90-2-06406	چاتىقى يوق	headword	626_2L.png	unverified
D90-2-06408	چاتاقچى	headword	626_2L.png	unverified
D90-2-06409	چاتاقلاشتۇرماق	headword	627_1R.png	unverified
D90-2-06410	چاتاقلاشماق	headword	627_1R.png	unverified
D90-2-06411	چاتاقلىق	headword	627_1R.png	unverified
D90-2-06413	چاتاقلىماق	headword	627_1R.png	unverified
D90-2-06414	چاتالماق	headword	627_1R.png	unverified
D90-2-06416	چاتقال	headword	627_2L.png	unverified
D90-2-06417	چاتقاللىق	headword	627_2L.png	unverified
D90-2-06418	چاتقۇچ	headword	627_2L.png	unverified
D90-2-06420	چاتقۇزماق	headword	628_1R.png	unverified
D90-2-06421	چاتقۇزۇشماق	headword	628_1R.png	unverified
D90-2-06422	چاتقۇزۇلماق	headword	628_1R.png	unverified
D90-2-06423	چاتما	headword	628_1R.png	unverified
D90-2-06426	جات	headword	628_1R.png	unverified
D90-2-06427	ئاۋارە قىلماق	headword	628_1R.png	unverified
D90-2-06428	چاتماق	headword	628_2L.png	unverified
D90-2-06429	چاتىماق	headword	628_2L.png	unverified
D90-2-06433	چاجۇپ	headword	629_1R.png	unverified
D90-2-06434	چاجۇش	nonstandard	629_1R.png	unverified
D90-2-06910	چايجۇش	headword	668_1R.png	unverified
D90-2-06435	چاچ	headword	629_1R.png	unverified
D90-2-06437	چاچ تەمرەتكىسى	headword	629_2L.png	unverified
D90-2-06437-v1	ئاق تەمرەتكە	variant	629_2L.png	unverified
D90-2-06438	چاچ چۈشۈرگە	headword	629_2L.png	unverified
D90-2-06439	چاچ سالماق	headword	629_2L.png	unverified
D90-2-06440	چاچ ماي	headword	629_2L.png	unverified
D90-2-06441	چاچاق	headword	629_2L.png	unverified
D90-2-06442	چاچباغ	headword	629_2L.png	verified
D90-2-06443	چاچپۆپۈك	headword	629_2L.png	verified
D90-2-06444	چاچتەڭگە	headword	629_2L.png	unverified
D90-2-06445	چاچتۇرماق	headword	630_1R.png	unverified
D90-2-06446	چاچتۇرۇشماق	headword	630_1R.png	unverified
D90-2-06447	چاچتۇرۇلماق	headword	630_1R.png	unverified
D90-2-06448	چاچراتقۇ	headword	630_1R.png	unverified
D90-2-06449	چاچراتماق	headword	630_1R.png	unverified
D90-2-06450	چاچراشماق	headword	630_1R.png	unverified
D90-2-06451	چاچرىماق	headword	630_2L.png	unverified
D90-2-06452	چاچ-ساقال	headword	631_1R.png	unverified
D90-2-06453	چاچسىز	headword	631_1R.png	unverified
D90-2-06454	چاچقۇ	headword	631_1R.png	unverified
D90-2-06455	چاچقۇ چاچماق	headword	631_1R.png	unverified
D90-2-06456	چاچقۇ قىلماق	headword	631_1R.png	unverified
D90-2-06457	چاچقۇن	headword	631_1R.png	verified
D90-2-06458	چاچقىرىق	headword	631_2L.png	unverified
D90-2-06459	چاچلاشماق	headword	631_2L.png	unverified
D90-2-06460	چاچلىق	headword	631_2L.png	unverified
D90-2-06462	چاچما	headword	631_2L.png	unverified
D90-2-06464	چاچما چۆگۈن	headword	632_1R.png	unverified
D90-2-06465	چاچما شېئىر	headword	632_1R.png	unverified
D90-2-06465-v1	ئەركىن شېئىر	variant	632_1R.png	unverified
D90-2-06466	چاچما كان ياتمىسى	headword	632_1R.png	unverified
D90-2-06467	چاچما گۈل	headword	632_1R.png	unverified
D90-2-06468	چاچما مىلتىق	headword	632_1R.png	unverified
D90-2-06469	چاچما ئوق	headword	632_1R.png	unverified
D90-2-06470	چاچما يىلتىز	headword	632_2L.png	unverified
D90-2-06471	چاچماق	headword	632_2L.png	unverified
D90-2-06472	چاچۋان	headword	633_1R.png	unverified
D90-2-06473	چاچى-پاچى	headword	633_1R.png	unverified
D90-2-06474	چار	headword	633_1R.png	unverified
D90-2-06476	چار پاقا	headword	633_2L.png	unverified
D90-2-06477	چار يىلان	headword	633_2L.png	unverified
D90-2-06480	چارا	headword	633_2L.png	unverified
D90-2-06481	چارا كۆز	headword	633_2L.png	unverified
D90-2-06482	چاراس	headword	634_1R.png	unverified
D90-2-06483	چاراس-چاراس	headword	634_1R.png	unverified
D90-2-06484	چاراس-چۇرۇس	headword	634_1R.png	unverified
D90-2-06485	چاراسىدە	headword	634_1R.png	unverified
D90-2-06486	چاراسلاتماق	headword	634_1R.png	unverified
D90-2-06487	چاراسلىماق	headword	634_1R.png	unverified
D90-2-06488	چارە	headword	634_1R.png	verified
D90-2-06489	چارە تاپماق	headword	634_2L.png	unverified
D90-2-06490	چارە قىلماق	headword	634_2L.png	unverified
D90-2-06491	چارە كۆرمەك	headword	634_2L.png	unverified
D90-2-06493	چارە-ئامال	headword	635_1R.png	unverified
D90-2-06494	چارە-تەدبىر	headword	635_1R.png	unverified
D90-2-06495	چارە-تەدبىرلىك	headword	635_1R.png	unverified
D90-2-06496	چارەك	headword	635_1R.png	unverified
D90-2-06498	چارەكلەتمەك	headword	635_2L.png	unverified
D90-2-06499	چارەكلەشمەك	headword	635_2L.png	unverified
D90-2-06500	چارەكلەنمەك	headword	635_2L.png	unverified
D90-2-06501	چارەكلىتىلمەك	headword	635_2L.png	unverified
D90-2-06502	چارەكلىك	headword	635_2L.png	unverified
D90-2-06504	چارەكلىمەك	headword	635_2L.png	unverified
D90-2-06505	چاربازار	headword	635_2L.png	unverified
D90-2-06506	چاربازارچى	headword	636_1R.png	unverified
D90-2-06507	چاربازارچىلىق	headword	636_1R.png	unverified
D90-2-06508	چارباغ	headword	636_1R.png	unverified
D90-2-06509	چاربۇرجەك	headword	636_1R.png	unverified
D90-2-06510	چارپادىشاھ	headword	636_1R.png	unverified
D90-2-06511	چارپاي	headword	636_1R.png	unverified
D90-2-06511-v1	چارۋا چارپاي يىغاق	variant	636_1R.png	unverified
D90-2-06512	چارپۇتلاتماق	headword	636_2L.png	unverified
D90-2-06513	چارپۇتلاشماق	headword	636_2L.png	unverified
D90-2-06514	چارپۇتلانماق	headword	636_2L.png	unverified
D90-2-06515	چارپۇتلىماق	headword	636_2L.png	unverified
D90-2-06516	چارپىلەك	headword	636_2L.png	unverified
D90-2-06517	چارتال	headword	636_2L.png	unverified
D90-2-06518	چارچاپ	headword	636_2L.png	unverified
D90-2-06519	چارچاتماق	headword	637_1R.png	unverified
D90-2-06520	چارچاش	headword	637_1R.png	unverified
D90-2-06521	چارچاشماق	headword	637_1R.png	unverified
D90-2-06522	چارچاڭ	headword	637_1R.png	unverified
D90-2-06523	چارچاڭغۇ	headword	637_1R.png	unverified
D90-2-06524	چارچۈرۈك	headword	637_1R.png	unverified
D90-2-06525	چارچىماق	headword	637_2L.png	unverified
D90-2-06526	چارداش	headword	637_2L.png	unverified
D90-2-06527	چاردان	headword	637_2L.png	unverified
D90-2-06528	چارروسىيە	headword	637_2L.png	unverified
D90-2-06529	چارزەپ	headword	637_2L.png	unverified
D90-2-06530	چارس	headword	637_2L.png	unverified
D90-2-06531	چارس-چارس	headword	637_2L.png	unverified
D90-2-06532	چارس-چۈرس	headword	637_2L.png	unverified
D90-2-06533	چارسسىدە	headword	637_2L.png	unverified
D90-2-06534	چارسىلداتماق	headword	638_1R.png	unverified
D90-2-06535	چارسىلداشماق	headword	638_1R.png	unverified
D90-2-06536	چارسىلدىماق	headword	638_1R.png	unverified
D90-2-06537	چارشەنبە	headword	638_1R.png	unverified
D90-2-06539	چارگاھ	headword	638_1R.png	unverified
D90-2-06541	چارلاتماق	headword	638_1R.png	unverified
D90-2-06542	چارلاش	headword	638_2L.png	unverified
D90-2-06544	چارلاشماق	headword	638_2L.png	unverified
D90-2-06546	چارلانماق	headword	638_2L.png	unverified
D90-2-06547	چارلىغۇچى	headword	639_1R.png	unverified
D90-2-06548	چارلىماق	headword	639_1R.png	unverified
D90-2-06549	چارئوت	headword	639_1R.png	unverified
D90-2-06550	چارۋا	headword	639_1R.png	unverified
D90-2-06554	چارۋىچى	headword	639_2L.png	unverified
D90-2-06555	چارۋىچىلىق	headword	639_2L.png	unverified
D90-2-06556	چارۋىدار	headword	639_2L.png	unverified
D90-2-06557	چارىزم	headword	639_2L.png	unverified
D90-2-06558	چارىسىز	headword	639_2L.png	unverified
D90-2-06559	چارىسىزلىق	headword	639_2L.png	unverified
D90-2-06560	چاريار	headword	640_1R.png	unverified
D90-2-06561	چازا	headword	640_1R.png	unverified
D90-2-06561-v1	باداشقان	variant	640_1R.png	unverified
D90-2-06564	چاس	headword	640_1R.png	unverified
D90-2-06567	چاسا	headword	640_2L.png	unverified
D90-2-06574	چاسا ياغاچ	headword	641_1R.png	verified
D90-2-06575	چاستوتا	headword	641_1R.png	unverified
D90-2-06577	چاسلىق	headword	641_2L.png	unverified
D90-2-06578	چاسىلاتماق	headword	641_2L.png	unverified
D90-2-06579	چاسىلاشماق	headword	641_2L.png	unverified
D90-2-06580	چاسىلانماق	headword	641_2L.png	unverified
D90-2-06581	چاسىلىماق	headword	641_2L.png	unverified
D90-2-06582	چاسۇۋەك	headword	641_2L.png	unverified
D90-2-06583	چاشقان	headword	641_2L.png	unverified
D90-2-06586	چاشقانغا كېپەك ئالدۇرمايدىغان	headword	642_1R.png	unverified
D90-2-06587	چاشقان قۇلاق بولماق	headword	642_1R.png	unverified
D90-2-06588	چاشقان ئۇۋىسى ساراي بولماق	headword	642_1R.png	unverified
D90-2-06588-v1	چاشقان تۆشۈكى ساراي بولماق	variant	642_1R.png	unverified
D90-2-06589	چاشقان يارىسى	headword	642_1R.png	unverified
D90-2-06590	چاشقان يىلى	headword	642_1R.png	unverified
D90-2-06591	چاشكا	headword	642_1R.png	unverified
D90-2-06592	چاشگاھ	headword	642_2L.png	unverified
D90-2-06593	چاغ	headword	642_2L.png	unverified
D90-2-06598	چاغاتاي	headword	642_2L.png	verified
D90-2-06600	چاغاتاي تىلى	headword	643_1R.png	unverified
D90-2-06601	چاغاتاي خانلىقى	headword	643_1R.png	unverified
D90-2-06602	چاغان	headword	643_1R.png	unverified
D90-2-06603	چاغانلىق	headword	643_2L.png	unverified
D90-2-06604	چاغلاشماق	headword	643_2L.png	unverified
D90-2-06606	چاغلام	headword	643_2L.png	unverified
D90-2-06607	چاغلانماق	headword	643_2L.png	unverified
D90-2-06609	چاغلىغۇچ	headword	643_2L.png	unverified
D90-2-06610	چاغلىق	headword	643_2L.png	unverified
D90-2-06611	چاغلىماق	headword	644_1R.png	unverified
D90-2-06613	چاغىرچاي	headword	644_1R.png	unverified
D90-2-06614	چاق	headword	644_2L.png	unverified
D90-2-06617	چاقا	headword	644_2L.png	unverified
D90-2-06620	چاقپەلەك	headword	645_1R.png	unverified
D90-2-06621	چاقپەلەكلىك	headword	645_1R.png	unverified
D90-2-06622	چاقتۇرماق	headword	645_1R.png	unverified
D90-2-06623	چاقتۇرۇشماق	headword	645_1R.png	unverified
D90-2-06624	چاقتۇرۇلماق	headword	645_1R.png	unverified
D90-2-06625	چاقچاق	headword	645_1R.png	unverified
D90-2-06626	چاقچاق قىلماق	headword	645_2L.png	unverified
D90-2-06627	چاقچاقچى	headword	645_2L.png	unverified
D90-2-06628	چاقچاقسىز	headword	645_2L.png	unverified
D90-2-06629	چاقچاقلاشماق	headword	645_2L.png	unverified
D90-2-06630	چاقچاقلىق	headword	645_2L.png	unverified
D90-2-06631	چاقچۇق	headword	646_1R.png	unverified
D90-2-06632	چاقچى	headword	646_1R.png	unverified
D90-2-06633	چاقچىقىز	headword	646_1R.png	unverified
D90-2-06634	چاقچىلىق	headword	646_1R.png	unverified
D90-2-06635	چاقچىلىقاي	headword	646_1R.png	unverified
D90-2-06636	چاقچىلىقايچىلىق	headword	646_1R.png	unverified
D90-2-06637	چاقچىلىقايلىق	headword	646_1R.png	unverified
D90-2-06638	چاقسا	headword	646_1R.png	unverified
D90-2-06639	چاققاق	headword	646_2L.png	unverified
D90-2-06642	چاققان	headword	646_2L.png	unverified
D90-2-06644	چاققان كەلمەك	headword	647_1R.png	unverified
D90-2-06645	چاققانلاشتۇرماق	headword	647_1R.png	unverified
D90-2-06646	چاققانلاشماق	headword	647_1R.png	unverified
D90-2-06647	چاققانلىق	headword	647_1R.png	unverified
D90-2-06648	چاقلاتماق	headword	647_1R.png	unverified
D90-2-06649	چاقلاش	headword	647_1R.png	unverified
D90-2-06651	چاقلاشماق	headword	647_2L.png	unverified
D90-2-06653	چاقلانماق	headword	647_2L.png	unverified
D90-2-06654	چاقلىق	headword	647_2L.png	unverified
D90-2-06655	چاقلىماق	headword	647_2L.png	unverified
D90-2-06656	چاقما	headword	647_2L.png	unverified
D90-2-06658	چاقماق	headword	647_2L.png	verified
D90-2-06659	چاقماق تېزلىكىدىكى ئۇرۇش	headword	648_1R.png	verified
D90-2-06660	چاقماق چاقماق	headword	648_1R.png	verified
D90-2-06661	چاقماق قايتۇرغۇچ	headword	648_1R.png	verified
D90-2-06663	چاقماق تېشى	headword	648_1R.png	verified
D90-2-06664	چاقماق تېشى جىنىس	headword	648_2L.png	unverified
D90-2-06670	چاقماقتەك	headword	649_2L.png	unverified
D90-2-06671	چاقماقلىق	headword	649_2L.png	unverified
D90-2-06674	چاقناتماق	headword	649_2L.png	unverified
D90-2-06675	چاقناشماق	headword	649_2L.png	unverified
D90-2-06676	چاقناق	headword	650_1R.png	unverified
D90-2-06677	چاقنىماق	headword	650_1R.png	unverified
D90-2-06678	چاقۇ	headword	650_1R.png	unverified
D90-2-06679	چاقىرتقۇزماق	headword	650_1R.png	unverified
D90-2-06680	چاقىرتماق	headword	650_1R.png	unverified
D90-2-06681	چاقىرتىشماق	headword	650_1R.png	unverified
D90-2-06682	چاقىرتىلماق	headword	650_1R.png	unverified
D90-2-06683	چاقىرماق	headword	650_1R.png	unverified
D90-2-06684	چاقىرىشماق	headword	650_2L.png	unverified
D90-2-06685	چاقىرىق	headword	650_2L.png	unverified
D90-2-06686	چاقىرىق قەغىزى	headword	650_2L.png	unverified
D90-2-06687	چاقىرىق قىلماق	headword	650_2L.png	unverified
D90-2-06688	چاقىرىقنامە	headword	651_1R.png	unverified
D90-2-06689	چاقىرىلماق	headword	651_1R.png	verified
D90-2-06690	چاقىرىم	headword	651_1R.png	unverified
D90-2-06691	چاقىلدىغۇچ	headword	651_1R.png	unverified
D90-2-06692	چاقىماق	headword	651_1R.png	unverified
D90-2-06693	چاك	headword	651_1R.png	unverified
D90-2-06694	چاك ئەتمەك	headword	651_2L.png	unverified
D90-2-06695	چالە ئەيلىمەك	headword	651_2L.png	unverified
D90-2-06696	چاك باسماق	headword	651_2L.png	unverified
D90-2-06697	چاك سۈيى	headword	651_2L.png	unverified
D90-2-06698	چاك كەتمەك	headword	651_2L.png	unverified
D90-2-06700	چاكار	headword	652_1R.png	unverified
D90-2-06703	چاكار-چۇكار	headword	652_1R.png	unverified
D90-2-06704	چاكارلىق	headword	652_2L.png	unverified
D90-2-06705	چاكاندا	headword	652_2L.png	unverified
D90-2-06706	چاكاندىلىق	headword	652_2L.png	unverified
D90-2-06707	چاك-پارە	headword	652_2L.png	verified
D90-2-06708	چاك-چاك	headword	652_2L.png	unverified
D90-2-06709	چاك-چېكى	headword	652_2L.png	unverified
D90-2-06711	چاككىدە	headword	652_2L.png	unverified
D90-2-06712	چاكىلداتماق	headword	653_1R.png	unverified
D90-2-06713	چاكىلدىماق	headword	653_1R.png	unverified
D90-2-06714	چاكىمۇخ	headword	653_1R.png	unverified
D90-2-06715	چاكىنا	headword	653_1R.png	unverified
D90-2-06716	چاكىنا ماتېرىيالىزم	headword	653_1R.png	unverified
D90-2-06717	چاكىنا ئېۋوليۇتىسيە نەزەرىيىسى	headword	653_2L.png	unverified
D90-2-06718	چاكىنا-چۈكۈنە	headword	653_2L.png	unverified
D90-2-06719	چاكىنالاشتۇرماق	headword	653_2L.png	unverified
D90-2-06719-v1	چاكىنالاشماق پېئىلىنىڭ مەجبۇرىي دەرىجىسى	variant	653_2L.png	unverified
D90-2-06720	چاكىنىلاشتۇرۇلماق	headword	654_1R.png	unverified
D90-2-06721	چاكىنىلاشماق	headword	654_1R.png	unverified
D90-2-06722	چاكىنىلىق	headword	654_1R.png	unverified
D90-2-06723	چاڭ	headword	654_1R.png	unverified
D90-2-06727	چاڭ باسماق	headword	654_2L.png	unverified
D90-2-06728	چاڭ چىقارماق	headword	654_2L.png	unverified
D90-2-06729	چاڭ سۈمۈرگۈچ	headword	654_2L.png	unverified
D90-2-06730	چاڭ كۆتۈرۈلمەك	headword	654_2L.png	unverified
D90-2-06732	چاڭ سالماق	headword	654_2L.png	unverified
D90-2-06737	چاڭ-توپا	headword	655_1R.png	unverified
D90-2-06738	چاڭ-توزان	headword	655_1R.png	unverified
D90-2-06739	چاڭ-تۇمان	headword	655_2L.png	unverified
D90-2-06740	چاڭ-چاڭ	headword	655_2L.png	unverified
D90-2-06741	چاڭ-چۇڭ	headword	655_2L.png	unverified
D90-2-06742	چاڭچى	headword	655_2L.png	unverified
D90-2-06744	چاڭچىلىچى	headword	655_2L.png	unverified
D90-2-06745	چاڭچىلىكەش	headword	655_2L.png	verified
D90-2-06746	چاڭدان	headword	655_2L.png	unverified
D90-2-06747	چاڭغا	headword	655_2L.png	unverified
D90-2-06748	چاڭغا تايىقى	headword	656_1R.png	unverified
D90-2-06749	چاڭغا تېيىلىش	headword	656_1R.png	unverified
D90-2-06750	چاڭغىچى	headword	656_1R.png	unverified
D90-2-06751	چاڭغىراق	headword	656_1R.png	unverified
D90-2-06752	چاڭقاتماق	headword	656_1R.png	unverified
D90-2-06753	چاڭقاشماق	headword	656_1R.png	unverified
D90-2-06754	چاڭقاغا	headword	656_1R.png	unverified
D90-2-06755	چاڭقاق	headword	656_1R.png	unverified
D90-2-06756	چاڭقاقچىلىق	headword	656_1R.png	unverified
D90-2-06757	چاڭقاقلىق	headword	656_2L.png	unverified
D90-2-06758	چاڭقىماق	headword	656_2L.png	unverified
D90-2-06759	چاڭگا	headword	656_2L.png	unverified
D90-2-06760	چاڭگا باش	headword	657_1R.png	verified
D90-2-06760-v1	پاخما باش	variant	657_1R.png	verified
D90-2-06761	چاڭگا تىزماق	headword	657_1R.png	unverified
D90-2-06762	چاڭگا سالماق	headword	657_1R.png	unverified
D90-2-06763	چاڭگىسىنى بۇزماق	headword	657_1R.png	unverified
D90-2-06764	چاڭگاق	headword	657_1R.png	unverified
D90-2-06765	چاڭگاق-چاڭگاق	headword	657_1R.png	unverified
D90-2-06766	چاڭگاك	headword	657_2L.png	unverified
D90-2-06767	چاڭگال	headword	657_2L.png	unverified
D90-2-06769	چاڭگىلىدا تۇتماق	headword	658_1R.png	unverified
D90-2-06770	چاڭگىلىدىن قۇتۇلماق	headword	658_1R.png	unverified
D90-2-06771	چاڭگىلىغا ئالماق	headword	658_1R.png	unverified
D90-2-06772	چاڭگىلىغا چۈشمەك	headword	658_1R.png	unverified
D90-2-06772-v1	قولىغا چۈشمەك	variant	658_1R.png	unverified
D90-2-06773	چاڭگىلىغا كىرگۈزۈۋالماق	headword	658_1R.png	unverified
D90-2-06773-v1	قولىغا كىرگۈزۈۋالماق	variant	658_1R.png	unverified
D90-2-06774	چاڭگاللاتماق	headword	658_2L.png	unverified
D90-2-06775	چاڭگاللاشماق	headword	658_2L.png	unverified
D90-2-06776	چاڭگاللانماق	headword	658_2L.png	unverified
D90-2-06777	چاڭگاللىماق	headword	658_2L.png	unverified
D90-2-06778	چاڭگىسىمان	headword	658_2L.png	unverified
D90-2-06779	چاڭڭىدە	headword	658_2L.png	unverified
D90-2-06780	چاڭلاشتۇرماق	headword	658_2L.png	unverified
D90-2-06782	چاڭلاشتۇرۇلماق	headword	658_2L.png	unverified
D90-2-06783	چاڭلاشماق	headword	659_1R.png	unverified
D90-2-06785	چاڭىلداتماق	headword	659_1R.png	unverified
D90-2-06786	چاڭىلداشماق	headword	659_1R.png	unverified
D90-2-06787	چاڭىلداق	headword	659_1R.png	unverified
D90-2-06788	چاڭىلدىماق	headword	659_1R.png	unverified
D90-2-06789	چال	headword	659_1R.png	unverified
D90-2-06790	چالا	headword	659_1R.png	unverified
D90-2-06791	چالا ساۋات	headword	659_2L.png	unverified
D90-2-06792	چالا شەكىل ئۆزگەرتىش	headword	659_2L.png	verified
D90-2-06793	چالا مەست	headword	659_2L.png	unverified
D90-2-06794	چالا موللا	headword	659_2L.png	unverified
D90-2-06795	چالا ئۇيقۇ	headword	659_2L.png	unverified
D90-2-06796	چالا ئۆلۈك	headword	659_2L.png	unverified
D90-2-06797	چالا يانار تاغ جىنىس	headword	660_1R.png	unverified
D90-2-06798	چالا يوپۇرماق	headword	660_1R.png	unverified
D90-2-06799	چالا-بۇلا	headword	660_1R.png	unverified
D90-2-06800	چالا-پۇچۇق	headword	660_1R.png	unverified
D90-2-06801	چالا-چوتا	headword	660_1R.png	unverified
D90-2-06802	چالپاق	headword	660_1R.png	unverified
D90-2-06803	چالپۇتلىماق	headword	660_1R.png	unverified
D90-2-06804	چالتاي-پالتاي	headword	660_1R.png	unverified
D90-2-06805	چالدۇرماق	headword	660_1R.png	unverified
D90-2-06806	چالغا	headword	660_2L.png	unverified
D90-2-06807	چالغۇ	headword	660_2L.png	unverified
D90-2-06809	چالغۇت	headword	660_2L.png	unverified
D90-2-06810	چالغۇچى	headword	660_2L.png	unverified
D90-2-06811	چالغىتماق	headword	660_2L.png	unverified
D90-2-06812	چالغىتىشماق	headword	660_2L.png	unverified
D90-2-06813	چالغىتىلماق	headword	660_2L.png	unverified
D90-2-06814	چالغىچى	headword	661_1R.png	unverified
D90-2-06815	چالغىماق	headword	661_1R.png	unverified
D90-2-06816	چاللىق	headword	661_1R.png	unverified
D90-2-06817	چالما	headword	661_1R.png	unverified
D90-2-06819	چالمىسى سۇغا چۈشمەك	headword	661_1R.png	unverified
D90-2-06819-v1	چالمىسى سۇغا چىلاشماق	variant	661_1R.png	unverified
D90-2-06821	چالماق	headword	661_1R.png	unverified
D90-2-06823	چالما-كېسەك	headword	661_2L.png	unverified
D90-2-06825	چالمىلىق	headword	661_2L.png	unverified
D90-2-06826	چالۋا قاتماق	headword	661_2L.png	unverified
D90-2-06827	چالۋاقاشماق	headword	661_2L.png	unverified
D90-2-06828	چالۋاقىماق	headword	661_2L.png	unverified
D90-2-06829	چالىلىق	headword	662_1R.png	unverified
D90-2-06830	چام	headword	662_1R.png	unverified
D90-2-06832	چاما	headword	662_1R.png	unverified
D90-2-06833	چامادان	headword	662_1R.png	unverified
D90-2-06834	چامادانلىق	headword	662_1R.png	unverified
D90-2-06835	چامباش	headword	662_2L.png	unverified
D90-2-06836	چامباشچى	headword	662_2L.png	unverified
D90-2-06837	چامباشچىلىق	headword	662_2L.png	unverified
D90-2-06838	چامبۇل	headword	662_2L.png	unverified
D90-2-06839	چامچا	headword	662_2L.png	unverified
D90-2-06840	چامداتماق	headword	662_2L.png	unverified
D90-2-06841	چامداشماق	headword	662_2L.png	unverified
D90-2-06842	چامدالماق	headword	662_2L.png	unverified
D90-2-06843	چامدام	headword	662_2L.png	unverified
D90-2-06844	چامدىماق	headword	662_2L.png	unverified
D90-2-06845	چامغۇر	headword	662_2L.png	unverified
D90-2-06846	چامغۇرلۇق	headword	663_1R.png	unverified
D90-2-06847	چامىلاتماق	headword	663_1R.png	unverified
D90-2-06848	چامىلاشماق	headword	663_1R.png	unverified
D90-2-06849	چامىلانماق	headword	663_1R.png	unverified
D90-2-06850	چامىلىماق	headword	663_1R.png	unverified
D90-2-06851	چانا	headword	663_1R.png	unverified
D90-2-06853	چاناتماق	headword	663_2L.png	unverified
D90-2-06855	چاناشماق	headword	663_2L.png	unverified
D90-2-06856	چاناق	headword	663_2L.png	unverified
D90-2-06857	چانالماق	headword	663_2L.png	unverified
D90-2-06858	چاندۇرماق	headword	663_2L.png	unverified
D90-2-06859	چاندۇرۇشماق	headword	664_1R.png	unverified
D90-2-06860	چاندىر	headword	664_1R.png	unverified
D90-2-06861	چانماق	headword	664_1R.png	unverified
D90-2-06862	چانىماق	headword	664_1R.png	unverified
D90-2-06863	چاۋا	headword	664_2L.png	unverified
D90-2-06867	چاۋات	headword	664_2L.png	unverified
D90-2-06868	چاۋار	headword	664_2L.png	unverified
D90-2-06869	چاۋارتقا	headword	664_2L.png	unverified
D90-2-06870	چاۋارتماق	headword	664_2L.png	unverified
D90-2-06871	چاۋار-چاتقال	headword	665_1R.png	unverified
D90-2-06872	چاۋارماق	headword	665_1R.png	unverified
D90-2-06873	چاۋاك	headword	665_1R.png	unverified
D90-2-06874	چاۋاك چالماق	headword	665_1R.png	unverified
D90-2-06875	چاۋاكلاشماق	headword	665_1R.png	unverified
D90-2-06876	چاۋاكلىماق	headword	665_1R.png	unverified
D90-2-06877	چاۋشيەن	headword	665_2L.png	unverified
D90-2-06881	چاۋشيەنزۇلار	headword	665_2L.png	unverified
D90-2-06882	چاۋشيەنشۇناس	headword	665_2L.png	unverified
D90-2-06883	چاۋشيەنشۇناسلىق	headword	665_2L.png	unverified
D90-2-06884	چاي	headword	666_1R.png	unverified
D90-2-06885	چاي ئاپارماق	headword	666_1R.png	unverified
D90-2-06886	چاي ئەكىرمەك	headword	666_1R.png	unverified
D90-2-06887	چاي بەرمەك	headword	666_2L.png	unverified
D90-2-06888	چاي پۇلى	headword	666_2L.png	unverified
D90-2-06889	چاي پۇلى بەرمەك	headword	666_2L.png	unverified
D90-2-06890	چاي جەۋھىرى	headword	666_2L.png	verified
D90-2-06891	چاي چىنىسى	headword	666_2L.png	unverified
D90-2-06892	چاي دورىسى	headword	666_2L.png	unverified
D90-2-06893	چاي زىياپىتى	headword	666_2L.png	unverified
D90-2-06894	چاي قوشۇقى	headword	667_1R.png	unverified
D90-2-06895	چاي قويماق	headword	667_1R.png	unverified
D90-2-06896	چاي قىلماق	headword	667_1R.png	unverified
D90-2-06897	چاي كېپىنىكى	headword	667_1R.png	unverified
D90-2-06898	چاي مەھەلى	headword	667_1R.png	unverified
D90-2-06899	چاي ئۆتكۈزمەك	headword	667_2L.png	unverified
D90-2-06900	چاي ئۈستىلى	headword	667_2L.png	unverified
D90-2-06901	چاي ۋاقتى	headword	667_2L.png	unverified
D90-2-06902	چاي ئىچۈرمەك	headword	667_2L.png	unverified
D90-2-06904	چايان	headword	667_2L.png	unverified
D90-2-06905	چايانلىق	headword	668_1R.png	unverified
D90-2-06906	چايانئوت	headword	668_1R.png	unverified
D90-2-06908	چاي-پاي	headword	668_1R.png	unverified
D90-2-06909	چايپەش	headword	668_1R.png	unverified
D90-2-06911	چايچىلىق	headword	668_2L.png	unverified
D90-2-06912	چايخانا	headword	668_2L.png	unverified
D90-2-06913	چايخانىچى	headword	668_2L.png	unverified
D90-2-06914	چايخور	headword	668_2L.png	unverified
D90-2-06915	چايخورلۇق	headword	668_2L.png	unverified
D90-2-06917	چايشاپ	headword	668_2L.png	unverified
D90-2-06918	چايقاتقۇزماق	headword	669_1R.png	unverified
D90-2-06919	چايقاتماق	headword	669_1R.png	unverified
D90-2-06920	چايقاشماق	headword	669_1R.png	unverified
D90-2-06921	چايقاق	headword	669_1R.png	unverified
D90-2-06922	چايقالدۇرماق	headword	669_1R.png	unverified
D90-2-06923	چايقالماق	headword	669_1R.png	unverified
D90-2-06924	چايقىماق	headword	669_1R.png	unverified
D90-2-06925	چايكا	headword	669_2L.png	unverified
D90-2-06926	چايگۈل	headword	669_2L.png	unverified
D90-2-06927	چايىلماق	headword	669_2L.png	unverified
D90-2-06928	چايناپ	headword	669_2L.png	unverified
D90-2-06929	چايناتماق	headword	669_2L.png	unverified
D90-2-06930	چايناشماق	headword	670_1R.png	unverified
D90-2-06931	چاينالماق	headword	670_1R.png	unverified
D90-2-06932	چاينام	headword	670_1R.png	unverified
D90-2-06933	چاينىماق	headword	670_1R.png	unverified
D90-2-06934	چايئوت	headword	670_1R.png	unverified
D90-2-06935	چەبدەس	headword	670_2L.png	unverified
D90-2-06936	چەبدەسلىك	headword	670_2L.png	unverified
D90-2-06937	چەبىيات	headword	670_2L.png	unverified
D90-2-06939	چەپ	headword	671_1R.png	unverified
D90-2-06942	چەپبېگى	headword	671_1R.png	verified
D90-2-06943	چەپچەك	headword	671_1R.png	unverified
D90-2-06944	چەپچەكلىك	headword	671_1R.png	unverified
D90-2-06945	چەپراس	nonstandard	671_1R.png	unverified
D90-2-06946	چەت	headword	671_1R.png	unverified
D90-2-06947	چەت ئەل	headword	671_2L.png	unverified
D90-2-06948	چەت ئەل تەۋەلىكى	headword	671_2L.png	unverified
D90-2-06949	چەت ئەل تىلى	headword	671_2L.png	unverified
D90-2-06950	چەت ئەللىك	headword	671_2L.png	unverified
D90-2-06951	چەت ئەل مەبلىغى	headword	671_2L.png	unverified
D90-2-06952	چەت ئەل مۇھاجىرى	headword	671_2L.png	unverified
D90-2-06953	چەت تىل	headword	672_1R.png	unverified
D90-2-06954	چەتتىن چاڭلىشىش	headword	672_1R.png	unverified
D90-2-06955	چەتتىن كىرگەن سۆز	headword	672_1R.png	unverified
D90-2-06956	چەتتىن ئوزۇقلىنىدىغان جانلىقلار	headword	672_1R.png	unverified
D90-2-06957	چەت رايون	headword	672_1R.png	unverified
D90-2-06958	چەتكە چىقماق	headword	672_2L.png	unverified
D90-2-06959	چەتكە چىقىرىپ قويماق	headword	672_2L.png	unverified
D90-2-06960	چەتكە قاقماق	headword	672_2L.png	unverified
D90-2-06961	چەتلەپ	headword	672_2L.png	unverified
D90-2-06962	چەتلەپ تۇرۇش	headword	672_2L.png	unverified
D90-2-06963	چەتلەش	headword	673_1R.png	unverified
D90-2-06965	چەت-چۆرە	headword	673_1R.png	unverified
D90-2-06966	چەتلەتمەك	headword	673_1R.png	unverified
D90-2-06967	چەتلەشتۈرمەك	headword	673_1R.png	unverified
D90-2-06968	چەتلەشتۈرۈلمەك	headword	673_1R.png	unverified
D90-2-06969	چەتلەشمەك	headword	673_1R.png	unverified
D90-2-06970	چەتلەمچى	headword	673_2L.png	unverified
D90-2-06971	چەتلەنمەك	headword	673_2L.png	unverified
D90-2-06972	چەتلىمەك	headword	673_2L.png	unverified
D90-2-06973	چەتنەتمەك	headword	673_2L.png	unverified
D90-2-06974	چەتنىشمەك	headword	673_2L.png	unverified
D90-2-06975	چەتنەك	headword	674_1R.png	unverified
D90-2-06976	چەتنو	headword	674_1R.png	unverified
D90-2-06977	چەتنىمەك	headword	674_1R.png	unverified
D90-2-06978	چەتىش	headword	674_1R.png	unverified
D90-2-06979	چەت-ياقا	headword	674_1R.png	unverified
D90-2-06980	چەرەندە	headword	674_1R.png	unverified
D90-2-06981	چەرەندە-پەرەندە	headword	674_1R.png	unverified
D90-2-06982	چەرچىن	headword	674_1R.png	unverified
D90-2-06983	چەرچىن مال	headword	674_2L.png	unverified
D90-2-06984	چەرۋە	headword	674_2L.png	verified
D90-2-06985	چەش	headword	674_2L.png	verified
D90-2-06986	چەش رەڭ	headword	674_2L.png	unverified
D90-2-06987	چەش كۆز	headword	674_2L.png	unverified
D90-2-06989	چەش بەلگىسى	headword	674_2L.png	unverified
D90-2-06990	چەش بۇرنى	headword	674_2L.png	unverified
D90-2-06991	چەشلەتمەك	headword	675_1R.png	unverified
D90-2-06992	چەشلەشمەك	headword	675_1R.png	unverified
D90-2-06993	چەشلەنمەك	headword	675_1R.png	unverified
D90-2-06994	چەشلىمەك	headword	675_1R.png	verified
D90-2-06995	چەشمە	headword	675_1R.png	unverified
D90-2-06997	چەك	headword	675_1R.png	unverified
D90-2-06999	چەك تاشلىماق	headword	675_2L.png	unverified
D90-2-07000	چەكتە گەلسە چاكىلىماسلىق	headword	675_2L.png	unverified
D90-2-07003	چەكتىن ئاشماق	headword	676_1R.png	unverified
D90-2-07004	چەك قويماق	headword	676_1R.png	unverified
D90-2-07005	چەككە يەتمەك	headword	676_1R.png	unverified
D90-2-07006	چە-چە	headword	676_1R.png	unverified
D90-2-07007	چەكادە	headword	676_2L.png	unverified
D90-2-07008	چەكتۈرمەك	headword	676_2L.png	unverified
D90-2-07010	چەكتۈرۈشمەك	headword	676_2L.png	unverified
D90-2-07012	چەكتۈرۈلمەك	headword	676_2L.png	unverified
D90-2-07014	چەكچەيتمەك	headword	676_2L.png	unverified
D90-2-07015	چەكچەيتىشمەك	headword	677_1R.png	unverified
D90-2-07016	چەكچەيتىلمەك	headword	677_1R.png	unverified
D90-2-07017	چەكچەيمەك	headword	677_1R.png	unverified
D90-2-07018	چەك-چېگرا	headword	677_1R.png	unverified
D90-2-07019	چەكچىيىشمەك	headword	677_1R.png	unverified
D90-2-07020	چەكرەك	headword	677_1R.png	unverified
D90-2-07022	چەكسىز	headword	677_1R.png	unverified
D90-2-07023	چەكسىز تۈرداش ئۇقۇم	headword	677_2L.png	unverified
D90-2-07024	چەكسىزلىك	headword	677_2L.png	unverified
D90-2-07025	چەككە	headword	677_2L.png	unverified
D90-2-07027	چەككىلەتمەك	headword	677_2L.png	unverified
D90-2-07028	چەككىلەشمەك	headword	677_2L.png	unverified
D90-2-07029	چەككىلەنمەك	headword	677_2L.png	unverified
D90-2-07030	چەككىلىگۈچ	headword	677_2L.png	unverified
D90-2-07031	چەككىلىمەك	headword	677_2L.png	unverified
D90-2-07032	چەكلەتمەك	headword	678_1R.png	unverified
D90-2-07033	چەكلەش	headword	678_1R.png	unverified
D90-2-07035	چەكلەشمەك	headword	678_1R.png	unverified
D90-2-07036	چەكلەنمەك	headword	678_1R.png	unverified
D90-2-07037	چەكلىك تۈرداش ئۇقۇم	headword	678_2L.png	unverified
D90-2-07038	چەكلىك شىركەت	headword	678_2L.png	unverified
D90-2-07039	چەكلىك كۈنلۈكسىمان گۈل رېتى	headword	678_2L.png	unverified
D90-2-07040	چەكلىك گۈل رېتى	headword	678_2L.png	unverified
D90-2-07041	چەكلىك ئونلۇق كەسىر	headword	678_2L.png	unverified
D90-2-07042	چەكلىكلىك	headword	678_2L.png	unverified
D90-2-07043	چەكلىمە	headword	678_2L.png	unverified
D90-2-07044	چەكلىمە قويماق	headword	679_1R.png	unverified
D90-2-07045	چەكلىمە ياي تاختىسى	headword	679_1R.png	unverified
D90-2-07046	چەكلىمەك	headword	679_1R.png	unverified
D90-2-07047	چەكلىمىلىك	headword	679_1R.png	unverified
D90-2-07048	چەكمە	headword	679_1R.png	unverified
D90-2-07049	چەكمەك	headword	679_1R.png	unverified
D90-2-07051	چەكمەن	headword	679_2L.png	unverified
D90-2-07052	چەگ	headword	680_1R.png	unverified
D90-2-07053	چەل	headword	680_1R.png	unverified
D90-2-07054	چەلەڭ	headword	680_1R.png	unverified
D90-2-07055	چەلپەك	headword	680_1R.png	unverified
D90-2-07056	چەلپەكچى	headword	680_1R.png	unverified
D90-2-07056-v1	پوشكالچى	variant	680_1R.png	unverified
D90-2-07057	چەلكەشتۈرمەك	headword	680_1R.png	unverified
D90-2-07058	چەلكەشتۈرۈلمەك	headword	680_1R.png	unverified
D90-2-07059	چەلكەشمەك	headword	680_1R.png	unverified
D90-2-07060	چەلگىتمەك	headword	680_1R.png	unverified
D90-2-07061	چەلگىمەك	headword	680_2L.png	unverified
D90-2-07062	چەلگىنمەك	headword	680_2L.png	unverified
D90-2-07063	چەللە	headword	680_2L.png	unverified
D90-2-07065	چەللىلىك	headword	680_2L.png	unverified
D90-2-07066	چەم	headword	680_2L.png	unverified
D90-2-07067	چەمەچ	headword	681_1R.png	unverified
D90-2-07068	چەمەك	headword	681_1R.png	unverified
D90-2-07069	چەمبەر	headword	681_1R.png	unverified
D90-2-07072	چەمبەرچاس	headword	681_2L.png	unverified
D90-2-07073	چەمبەرسىمان	headword	681_2L.png	unverified
D90-2-07074	چەمبەرلەتمەك	headword	681_2L.png	unverified
D90-2-07075	چەمبەرلەشمەك	headword	681_2L.png	unverified
D90-2-07076	چەمبەرلەنمەك	headword	681_2L.png	unverified
D90-2-07077	چەمبەرلىمەك	headword	682_1R.png	unverified
D90-2-07078	چەمبىرەك	headword	682_1R.png	unverified
D90-2-07079	چەملەتمەك	headword	682_1R.png	unverified
D90-2-07080	چەملەشمەك	headword	682_1R.png	unverified
D90-2-07081	چەملىك	headword	682_1R.png	unverified
D90-2-07082	چەملىمەك	headword	682_1R.png	unverified
D90-2-07087	چەندان	headword	683_1R.png	unverified
D90-2-07088	چەنلەتكۈزمەك	headword	683_1R.png	unverified
D90-2-07089	چەنلەتمەك	headword	683_1R.png	unverified
D90-2-07090	چەنلەشمەك	headword	683_1R.png	unverified
D90-2-07091	چەنلىمەك	headword	683_1R.png	unverified
D90-2-07092	چەۋەنداز	headword	683_2L.png	unverified
D90-2-07093	چەۋەندازلىق	headword	683_2L.png	unverified
D90-2-07094	چەۋرە	headword	683_2L.png	unverified
D90-2-07098	چەيزە ئائىلىسى	headword	684_1R.png	unverified
D90-2-07099	چەيزە دۈملىمىسى	headword	684_1R.png	unverified
D90-2-07100	چەيزە رەڭ	headword	684_1R.png	unverified
D90-2-07101	چەيلەتكۈزمەك	headword	684_1R.png	unverified
D90-2-07102	چەيلەتمەك	headword	684_1R.png	unverified
D90-2-07103	چەيلەشمەك	headword	684_1R.png	unverified
D90-2-07104	چەيلەنمەك	headword	684_2L.png	unverified
D90-2-07105	چەيلىمەك	headword	684_2L.png	unverified
D90-2-07106	چەينەك	headword	684_2L.png	unverified
D90-2-07107	چوبگەز	headword	684_2L.png	unverified
D90-2-07108	چوپچوق	headword	684_2L.png	unverified
D90-2-07109	چوپسا	headword	684_2L.png	unverified
D90-2-07110	چوت	headword	685_1R.png	unverified
D90-2-07114	چوتار	headword	685_1R.png	unverified
D90-2-07117	چوتارچى	headword	685_2L.png	unverified
D90-2-07118	چوتارچىلىق	headword	685_2L.png	unverified
D90-2-07119	چوتكا	headword	685_2L.png	unverified
D90-2-07120	چوتكىلاتماق	headword	685_2L.png	unverified
D90-2-07121	چوتكىلاشماق	headword	685_2L.png	unverified
D90-2-07122	چوتكىلانماق	headword	685_2L.png	unverified
D90-2-07123	چوتكىلىماق	headword	685_2L.png	unverified
D90-2-07124	چوتۇر	nonstandard	686_1R.png	unverified
D90-2-07125	چورت	headword	686_1R.png	unverified
D90-2-07126	چورتان	headword	686_1R.png	unverified
D90-2-07127	چورنىك	headword	686_1R.png	unverified
D90-2-07128	چورۇق	headword	686_1R.png	unverified
D90-2-07129	چورۇقلۇق	headword	686_2L.png	unverified
D90-2-07130	چوسۇنكا	headword	686_2L.png	verified
D90-2-07131	چوسېنىيە	headword	686_2L.png	unverified
D90-2-07131-v1	چوسېنىيە دەرىخى	variant	686_2L.png	unverified
D90-2-07132	چوسېنىيە دەرىغى	headword	686_2L.png	unverified
D90-2-07133	چوش	headword	686_2L.png	unverified
D90-2-07134	چوشقا	headword	687_1R.png	unverified
D90-2-07135	چوشقىچىلىق	headword	687_1R.png	unverified
D90-2-07136	چوغ	headword	687_1R.png	unverified
D90-2-07137	چوغ چايقىماق	headword	687_1R.png	unverified
D90-2-07138	چوغدان	headword	687_1R.png	unverified
D90-2-07139	چوغلاتماق	headword	687_1R.png	unverified
D90-2-07140	چوغلانما	headword	687_1R.png	unverified
D90-2-07142	چوغلانماق	headword	687_2L.png	unverified
D90-2-07143	چوغۇندەك	headword	687_2L.png	verified
D90-2-07144	چوقا	headword	687_2L.png	unverified
D90-2-07145	چوقام	headword	687_2L.png	unverified
D90-2-07146	چوقاي	headword	687_2L.png	unverified
D90-2-07147	چوقچا	headword	687_2L.png	unverified
D90-2-07148	چوقچايتماق	headword	687_2L.png	unverified
D90-2-07149	چوقچايماق	headword	688_1R.png	unverified
D90-2-07150	چوققا	headword	688_1R.png	unverified
D90-2-07156	چوماق	headword	688_2L.png	unverified
D90-2-07157	چوقۇ	headword	688_2L.png	unverified
D90-2-07158	چوقۇتماق	headword	688_2L.png	unverified
D90-2-07159	چوقۇر	headword	688_2L.png	unverified
D90-2-07161	چوقۇش	headword	688_2L.png	unverified
D90-2-07162	چوقۇشماق	headword	688_2L.png	unverified
D90-2-07163	چوقۇلاتماق	headword	688_2L.png	unverified
D90-2-07164	چوقۇلاشماق	headword	688_2L.png	unverified
D90-2-07165	چوقۇلانماق	headword	689_1R.png	unverified
D90-2-07166	چوقۇلىماق	headword	689_1R.png	unverified
D90-2-07167	چوقۇم	headword	689_1R.png	unverified
D90-2-07168	چوقۇماق	headword	689_1R.png	unverified
D90-2-07169	چوقۇملاشتۇرماق	headword	689_1R.png	unverified
D90-2-07170	چوقۇملاشتۇرۇلماق	headword	689_1R.png	unverified
D90-2-07171	چوقۇملاشماق	headword	689_1R.png	unverified
D90-2-07172	چوقۇندۇرماق	headword	689_1R.png	unverified
D90-2-07173	چوقۇندۇرۇلماق	headword	689_2L.png	unverified
D90-2-07174	چوقۇنماق	headword	689_2L.png	unverified
D90-2-07175	چوقۇنۇشماق	headword	689_2L.png	unverified
D90-2-07176	چولە	headword	689_2L.png	unverified
D90-2-07177	چوكا	headword	689_2L.png	unverified
D90-2-07179	چوكان	headword	690_1R.png	unverified
D90-2-07180	چوكانتال	headword	690_1R.png	unverified
D90-2-07181	چوكان-سېكىلەك	headword	690_1R.png	unverified
D90-2-07182	چوكانلىق	headword	690_1R.png	unverified
D90-2-07183	چوك-چوك	headword	690_1R.png	unverified
D90-2-07184	چوكچوك	headword	690_2L.png	unverified
D90-2-07185	چوككىدە	headword	690_2L.png	unverified
D90-2-07186	چوكۇلداتماق	headword	690_2L.png	unverified
D90-2-07187	چوكۇلداشماق	headword	690_2L.png	unverified
D90-2-07188	چوكۇلدىماق	headword	690_2L.png	unverified
D90-2-07189	چوكىدان	headword	690_2L.png	unverified
D90-2-07190	چوكىدەرىخى	headword	690_2L.png	verified
D90-2-07191	چوكىلاڭ	headword	690_2L.png	unverified
D90-2-07192	چوكىمۇز	headword	690_2L.png	unverified
D90-2-07193	چوگ	headword	691_1R.png	unverified
D90-2-07194	چوڭ	headword	691_1R.png	unverified
D90-2-07195	چوڭ ئاپا	headword	691_2L.png	unverified
D90-2-07201	چوڭ ئانا	headword	691_2L.png	unverified
D90-2-07196	چوڭ ئاتا	headword	691_2L.png	unverified
D90-2-07214	چوڭ دادا	headword	693_1R.png	unverified
D90-2-07197	چوڭ ئاتالغۇ	headword	691_2L.png	unverified
D90-2-07198	چوڭ ئاچا	headword	691_2L.png	unverified
D90-2-07199	چوڭ ئاساس	headword	691_2L.png	unverified
D90-2-07200	چوڭ ئاكا	headword	691_2L.png	unverified
D90-2-07202	چوڭ ئاي	headword	692_1R.png	unverified
D90-2-07203	چوڭ ئەترەت	headword	692_1R.png	unverified
D90-2-07204	چوڭ بولماق	headword	692_1R.png	unverified
D90-2-07205	چوڭ بۇرژۇئازىيە	headword	692_1R.png	unverified
D90-2-07206	چوڭ بىلمەك	headword	692_2L.png	unverified
D90-2-07207	چوڭ پاراڭ	headword	692_2L.png	unverified
D90-2-07231	چوڭ گەپ	headword	694_2L.png	unverified
D90-2-07208	چوڭ پىيىزەك	headword	692_2L.png	unverified
D90-2-07209	چوڭ تاماكا	headword	692_2L.png	unverified
D90-2-07210	چوڭ تەرەت	headword	692_2L.png	unverified
D90-2-07211	چوڭ تولغاق	headword	692_2L.png	unverified
D90-2-07212	چوڭ جاغ	headword	692_2L.png	unverified
D90-2-07213	چوڭ خوخا	headword	693_1R.png	unverified
D90-2-07215	چوڭ دوغداق	headword	693_1R.png	unverified
D90-2-07216	چوڭ دولانا	headword	693_1R.png	unverified
D90-2-07217	چوڭ دۆلەت شوۋىنىزمى	headword	693_2L.png	verified
D90-2-07218	چوڭ رالە	headword	693_2L.png	unverified
D90-2-07219	چوڭ سۆزلىمەك	headword	693_2L.png	unverified
D90-2-07220	چوڭ سۈپەت	headword	693_2L.png	unverified
D90-2-07221	چوڭ سېرىق ھەرە	headword	693_2L.png	unverified
D90-2-07222	چوڭ قازاننىڭ تامىقى	headword	694_1R.png	unverified
D90-2-07224	چوڭ قاناش	headword	694_1R.png	unverified
D90-2-07225	چوڭ قان ئايلىنىشى	headword	694_1R.png	unverified
D90-2-07226	چوڭ قۇرۇقلۇق	headword	694_1R.png	unverified
D90-2-07227	چوڭ قېرىن	headword	694_1R.png	unverified
D90-2-07228	چوڭ قىزىل بېلىق	headword	694_1R.png	unverified
D90-2-07229	چوڭ كلارنېت	headword	694_2L.png	verified
D90-2-07230	چوڭ كۆلۇنغۇ	headword	694_2L.png	unverified
D90-2-07230-v1	ماھايانا	variant	694_2L.png	unverified
D90-2-07232	چوڭ گەپ قىلماق	headword	694_2L.png	unverified
D90-2-07233	چوڭلار مائارىپى	headword	694_2L.png	unverified
D90-2-07234	چوڭ مېڭە	headword	695_1R.png	unverified
D90-2-07235	چوڭ مېڭە پوستلىقى	headword	695_1R.png	unverified
D90-2-07236	چوڭ مىللەتچىلىك	headword	695_1R.png	unverified
D90-2-07237	چوڭ ھەرپلىك گۇرۇپپا	headword	695_2L.png	unverified
D90-2-07238	چوڭ ئۆي	headword	695_2L.png	unverified
D90-2-07239	چوڭ ئۈچەي تايىاقچە باكتېرىيىسى	headword	695_2L.png	unverified
D90-2-07240	چوڭ ۋېنالار	headword	695_2L.png	unverified
D90-2-07241	چوڭ ئېيىق يۇلتۇز تۈركۈمى	headword	695_2L.png	unverified
D90-2-07242	چوڭ ئىت يۇلتۇز تۈركۈمى	headword	696_1R.png	unverified
D90-2-07243	چوڭ يادرو	headword	696_1R.png	unverified
D90-2-07244	چوڭ ياي	headword	696_1R.png	unverified
D90-2-07245	چوڭ يەپ، چوڭ ئىچمەك	headword	696_1R.png	unverified
D90-2-07246	چوڭ يەڭ	headword	696_1R.png	unverified
D90-2-07247	چوڭ يوپۇرماقلىق قارىياغاچ	headword	696_1R.png	unverified
D90-2-07248	چوڭ يۈرەك	headword	696_1R.png	unverified
D90-2-07249	چوڭ يىغىن	headword	696_1R.png	unverified
D90-2-07250	چوڭايتقۇچ	headword	696_2L.png	unverified
D90-2-07252	چوڭايتقۇزماق	headword	696_2L.png	unverified
D90-2-07253	چوڭايتماق	headword	696_2L.png	unverified
D90-2-07254	چوڭايتىشماق	headword	696_2L.png	unverified
D90-2-07255	چوڭايتىلماق	headword	696_2L.png	unverified
D90-2-07256	چوڭايماق	headword	696_2L.png	unverified
D90-2-07257	چوڭ-چوڭ	headword	696_2L.png	unverified
D90-2-07258	چوڭچى	headword	696_2L.png	unverified
D90-2-07259	چوڭچىلىق	headword	697_1R.png	unverified
D90-2-07260	چوڭقۇر	headword	697_1R.png	unverified
D90-2-07262	چوڭقۇرلاتماق	headword	697_1R.png	unverified
D90-2-07263	چوڭقۇرلاشتۇرماق	headword	697_1R.png	unverified
D90-2-07264	چوڭقۇرلاشتۇرۇلماق	headword	697_1R.png	unverified
D90-2-07265	چوڭقۇرلاشماق	headword	697_2L.png	unverified
D90-2-07266	چوڭقۇرلۇق	headword	697_2L.png	unverified
D90-2-07267	چوڭقۇرلىماق	headword	697_2L.png	unverified
D90-2-07268	چوڭ-كىچىك	headword	697_2L.png	unverified
D90-2-07269	چوڭلۇق	headword	697_2L.png	unverified
D90-2-07271	چوڭلىماق	headword	698_1R.png	unverified
D90-2-07272	چولا	headword	698_1R.png	unverified
D90-2-07274	چولاتماق	headword	698_1R.png	unverified
D90-2-07275	چولاشماق	headword	698_1R.png	unverified
D90-2-07276	چولاق	headword	698_1R.png	unverified
D90-2-07277	چولپان	headword	698_2L.png	unverified
D90-2-07278	چولتا	headword	698_2L.png	unverified
D90-2-07279	چولتوك	headword	698_2L.png	unverified
D90-2-07281	چولتوككىدە	headword	699_1R.png	unverified
D90-2-07282	چولتوكلاتماق	headword	699_1R.png	unverified
D90-2-07283	چولتوكلاشماق	headword	699_1R.png	unverified
D90-2-07284	چولتوكلىماق	headword	699_1R.png	unverified
D90-2-07285	چولتىلىق	headword	699_1R.png	unverified
D90-2-07286	چولىماق	headword	699_1R.png	unverified
D90-2-07290	چوماقچى	headword	699_2L.png	unverified
D90-2-07291	چوماقچىلىق	headword	699_2L.png	unverified
D90-2-07292	چوماقلاتماق	headword	699_2L.png	unverified
D90-2-07293	چوماقلاشماق	headword	699_2L.png	unverified
D90-2-07294	چوماقلانماق	headword	699_2L.png	unverified
D90-2-07295	چوماقلىق	headword	699_2L.png	unverified
D90-2-07296	چوماقلىماق	headword	699_2L.png	unverified
D90-2-07297	چومچى	headword	700_1R.png	unverified
D90-2-07298	چومچىلىق	headword	700_1R.png	unverified
D90-2-07299	چوملۇق	headword	700_1R.png	unverified
D90-2-07300	چون	headword	700_1R.png	unverified
D90-2-07301	چوناق	headword	700_1R.png	unverified
D90-2-07302	چونسىز	headword	700_1R.png	unverified
D90-2-07303	چويلا	headword	700_1R.png	unverified
D90-2-07306	چويلىدا توختايدىغان	headword	700_2L.png	unverified
D90-2-07307	چويلىدا توختىغۇدەك	headword	700_2L.png	unverified
D90-2-07308	چويلىدا توختىمايدىغان	headword	700_2L.png	unverified
D90-2-07309	چويلىسىغا چۆپ چىقمايدىغان	headword	700_2L.png	unverified
D90-2-07310	چويلىچىلىق	headword	700_2L.png	unverified
D90-2-07311	چويۇن	headword	700_2L.png	unverified
D90-2-07312	چويۇن توپ	headword	701_1R.png	unverified
D90-2-07313	چويۇن مەش	headword	701_1R.png	unverified
D90-2-07314	چۇ	headword	701_1R.png	unverified
D90-2-07316	چۇپان	headword	701_2L.png	unverified
D90-2-07317	چۈپانلىق	headword	701_2L.png	unverified
D90-2-07318	چۇپۇر	headword	702_1R.png	unverified
D90-2-07319	چۇپۇرلۇق	headword	702_1R.png	unverified
D90-2-07320	چۇچا	headword	702_1R.png	unverified
D90-2-07322	چۇچاق	headword	702_1R.png	unverified
D90-2-07323	چۇچىلا	headword	702_1R.png	unverified
D90-2-07324	چۇچىلىق	headword	702_1R.png	unverified
D90-2-07326	چۇخچىلاتماق	headword	702_2L.png	unverified
D90-2-07327	چۇخچىلاشماق	headword	702_2L.png	unverified
D90-2-07328	چۇخچىلانماق	headword	702_2L.png	unverified
D90-2-07329	چۇخچىلىماق	headword	702_2L.png	unverified
D90-2-07330	چۇر	headword	702_2L.png	unverified
D90-2-07331	چۇر-چۇر	headword	702_2L.png	unverified
D90-2-07332	چۇرچۇق	headword	702_2L.png	unverified
D90-2-07333	چۈررىدە	headword	702_2L.png	unverified
D90-2-07334	چۇرقى	headword	702_2L.png	unverified
D90-2-07335	چۇرقىراتماق	headword	703_1R.png	unverified
D90-2-07336	چۇرقىراشماق	headword	703_1R.png	unverified
D90-2-07337	چۇرقىرىماق	headword	703_1R.png	unverified
D90-2-07338	چۇرچىلىق	headword	703_1R.png	unverified
D90-2-07339	چۇرۇق	headword	703_1R.png	unverified
D90-2-07341	چۇرۇق-چۇرۇق	headword	703_1R.png	unverified
D90-2-07342	چۇرۇقلاتماق	headword	703_1R.png	unverified
D90-2-07343	چۇرۇقلاشماق	headword	703_1R.png	unverified
D90-2-07344	چۇرۇقلىماق	headword	703_1R.png	unverified
D90-2-07345	چۇرۇلداتماق	headword	703_2L.png	unverified
D90-2-07346	چۇرۇلداشماق	headword	703_2L.png	unverified
D90-2-07347	چۇرۇلدىماق	headword	703_2L.png	unverified
D90-2-07348	چۇس	headword	703_2L.png	unverified
D90-2-07349	چۇسا	headword	703_2L.png	verified
D90-2-07350	چۇسالاشماق	headword	703_2L.png	unverified
D90-2-07351	چۇسلۇق	headword	704_1R.png	unverified
D90-2-07352	چۇشلۇق	nonstandard	704_1R.png	unverified
D90-2-07353	چۇغلۇق	headword	704_1R.png	unverified
D90-2-07354	چۇغۇندان	headword	704_1R.png	unverified
D90-2-07355	چۇغۇندەك	headword	704_2L.png	unverified
D90-2-07356	چۇقا	headword	704_2L.png	unverified
D90-2-07358	چۇقاتماق	headword	704_2L.png	unverified
D90-2-07359	چۇقان	headword	704_2L.png	unverified
D90-2-07361	چۇقان كۆتۈرمەك	headword	705_1R.png	unverified
D90-2-07362	چۇقانچى	headword	705_1R.png	unverified
D90-2-07363	چۇقان-سۈرەن	headword	705_1R.png	unverified
D90-2-07364	چۇقانلىق	headword	705_1R.png	unverified
D90-2-07365	چۇقۇر	headword	705_1R.png	unverified
D90-2-07366	چۈك	headword	705_1R.png	unverified
D90-2-07367	چۈك-چۈك	headword	705_1R.png	unverified
D90-2-07368	چۇكۇلداتماق	headword	705_1R.png	unverified
D90-2-07369	چۈكۈلداشماق	headword	705_1R.png	unverified
D90-2-07370	چۈكۈلدىماق	headword	705_1R.png	unverified
D90-2-07371	چۈڭ	headword	705_2L.png	unverified
D90-2-07372	چۇڭ-چۇڭ	headword	705_2L.png	unverified
D90-2-07373	چۇڭچىڭ	headword	705_2L.png	unverified
D90-2-07375	چۈل-چۈل	headword	705_2L.png	unverified
D90-2-07377	چۈل-چۈل قىلماق	headword	706_1R.png	unverified
D90-2-07378	چۇلدا	headword	706_1R.png	unverified
D90-2-07379	چۇلدۇر	headword	706_1R.png	unverified
D90-2-07380	چۇلدۇرلاشماق	headword	706_1R.png	unverified
D90-2-07381	چۈلدۇرلىماق	headword	706_1R.png	unverified
D90-2-07382	چۇلدىلىق	headword	706_1R.png	unverified
D90-2-07383	چۇلغاتماق	headword	706_1R.png	unverified
D90-2-07384	چۇلغاشماق	headword	706_1R.png	unverified
D90-2-07385	چۇلغانماق	headword	706_2L.png	unverified
D90-2-07386	چۇلغىماق	headword	706_2L.png	unverified
D90-2-07387	چۇلۇق	headword	706_2L.png	unverified
D90-2-07389	چۇلۋۇر	headword	706_2L.png	unverified
D90-2-07390	چۇلۋۇرلۇق	headword	706_2L.png	unverified
D90-2-07391	چۇما	headword	706_2L.png	unverified
D90-2-07392	چۇمبەت	nonstandard	707_1R.png	unverified
D90-2-07626	چۈمپەردە	headword	728_2L.png	unverified
D90-2-07393	چۇمۇل	headword	707_1R.png	verified
D90-2-07394	چۇھ	headword	707_1R.png	unverified
D90-2-07395	چۇۋاش	headword	707_1R.png	verified
D90-2-07396	چۇۋاش تىلى	headword	707_1R.png	unverified
D90-2-07397	چۇۋاشچە	headword	707_1R.png	unverified
D90-2-07398	چۇۋاشلار	headword	707_1R.png	verified
D90-2-07399	چۈۋالچاق	headword	707_1R.png	unverified
D90-2-07400	چۇۋالچاقلاشماق	headword	707_2L.png	unverified
D90-2-07401	چۇۋالچاقلىق	headword	707_2L.png	unverified
D90-2-07402	چۇۋۇتماق	headword	707_2L.png	unverified
D90-2-07403	چۇۋۇر	headword	707_2L.png	unverified
D90-2-07404	چۇۋۇر-چۇۋۇر	headword	707_2L.png	unverified
D90-2-07405	چۇۋۇرلاشماق	headword	707_2L.png	unverified
D90-2-07406	چۇۋۇرلىماق	headword	707_2L.png	unverified
D90-2-07407	چۇۋۇشتۇرماق	headword	708_1R.png	unverified
D90-2-07408	چۇۋۇشماق	headword	708_1R.png	unverified
D90-2-07409	چۇۋۇق	headword	708_1R.png	unverified
D90-2-07410	چۇۋۇلماق	headword	708_1R.png	unverified
D90-2-07411	چۇۋۇماق	headword	708_1R.png	unverified
D90-2-07412	چۆپ	headword	708_1R.png	unverified
D90-2-07414	چۆپ-چۆپ	headword	708_2L.png	unverified
D90-2-07415	چۆپچۈل	headword	708_2L.png	unverified
D90-2-07416	چۆپخانا	headword	708_2L.png	unverified
D90-2-07418	چۆپ-خەس	headword	708_2L.png	unverified
D90-2-07418-v1	ئوت-خەس	variant	708_2L.png	unverified
D90-2-07419	چۆپسىز	headword	708_2L.png	unverified
D90-2-07420	چۆپقەت	headword	709_1R.png	unverified
D90-2-07421	چۆپقەت بولماق	headword	709_1R.png	unverified
D90-2-07422	چۆپقەتچىلىك	headword	709_1R.png	unverified
D90-2-07423	چۆپقەتسىز	headword	709_1R.png	unverified
D90-2-07424	چۆپقەتلىك	headword	709_1R.png	unverified
D90-2-07425	چۆپلۈك	headword	709_1R.png	unverified
D90-2-07426	چۆچەك	headword	709_2L.png	verified
D90-2-07428	چۆچەكتەك	headword	709_2L.png	unverified
D90-2-07429	چۆچۈتمەك	headword	709_2L.png	unverified
D90-2-07430	چۆچۈتۈشمەك	headword	709_2L.png	unverified
D90-2-07431	چۆچۈرە	headword	709_2L.png	unverified
D90-2-07434	چۆچۈرىچى	headword	710_1R.png	unverified
D90-2-07435	چۆچۈرىخانا	headword	710_1R.png	unverified
D90-2-07436	چۆچۈرىدەك	headword	710_1R.png	unverified
D90-2-07437	چۆچۈشمەك	headword	710_1R.png	unverified
D90-2-07438	چۆچۈمەك	headword	710_1R.png	unverified
D90-2-07439	چۆرە	headword	710_2L.png	unverified
D90-2-07441	چۆرنەك	headword	710_2L.png	unverified
D90-2-07442	چۆرۈتمەك	headword	710_2L.png	unverified
D90-2-07443	چۆرۈشمەك	headword	710_2L.png	unverified
D90-2-07444	چۆرۈلدۈرمەك	headword	710_2L.png	unverified
D90-2-07445	چۆرۈلمە	headword	710_2L.png	unverified
D90-2-07446	چۆرۈلمەك	headword	710_2L.png	unverified
D90-2-07447	چۆرۈمەك	headword	711_1R.png	unverified
D90-2-07448	چۆرۈۋەتمەك	headword	711_1R.png	unverified
D90-2-07449	چۆرىپۇرۇش	headword	711_1R.png	unverified
D90-2-07450	چۆرىدەتمەك	headword	711_1R.png	unverified
D90-2-07451	چۆرىدەشمەك	headword	711_2L.png	unverified
D90-2-07452	چۆرىدەلمەك	headword	711_2L.png	unverified
D90-2-07453	چۆرىدىمەك	headword	711_2L.png	unverified
D90-2-07454	چۆك	headword	711_2L.png	unverified
D90-2-07456	چۆكتۈرمە	headword	711_2L.png	unverified
D90-2-07457	چۆكتۈرمەك	headword	711_2L.png	unverified
D90-2-07458	چۆكتۈرۈشمەك	headword	711_2L.png	unverified
D90-2-07459	چۆكتۈرۈلمەك	headword	711_2L.png	unverified
D90-2-07460	چۆكمە	headword	711_2L.png	unverified
D90-2-07461	چۆكمە دەۋرىيلىكى	headword	712_1R.png	verified
D90-2-07462	چۆكمە ساندۇق	headword	712_1R.png	unverified
D90-2-07463	چۆكمە سۇ	headword	712_1R.png	unverified
D90-2-07465	چۆكمەك	headword	712_2L.png	unverified
D90-2-07466	چۆكۈرمەك	headword	712_2L.png	unverified
D90-2-07467	چۆكۈرۈلمەك	headword	713_1R.png	unverified
D90-2-07468	چۆكۈش	headword	713_1R.png	unverified
D90-2-07471	چۆكۈشمەك	headword	713_2L.png	unverified
D90-2-07472	چۆكۈندى	headword	713_2L.png	unverified
D90-2-07475	چۆگەن	headword	714_1R.png	unverified
D90-2-07476	چۆگۈن	headword	714_1R.png	unverified
D90-2-07477	چۆگىلە	headword	714_1R.png	unverified
D90-2-07478	چۆگىلەتمەك	headword	714_1R.png	unverified
D90-2-07479	چۆگىلەشمەك	headword	714_1R.png	unverified
D90-2-07480	چۆگىلىمەچ	headword	714_1R.png	unverified
D90-2-07482	چۆل	headword	714_2L.png	unverified
D90-2-07483	چۆل پاقىسى	headword	715_1R.png	unverified
D90-2-07484	چۆل تۇرا	headword	715_1R.png	unverified
D90-2-07485	چۆل رەيھىنى	headword	715_1R.png	unverified
D90-2-07486	چۆل يالپۇزى	headword	715_1R.png	unverified
D90-2-07487	چۆلەتمەك	headword	715_1R.png	unverified
D90-2-07488	چۆلەشمەك	headword	715_1R.png	unverified
D90-2-07489	چۆلەنمەك	headword	715_1R.png	unverified
D90-2-07490	چۆل-باياۋان	headword	715_1R.png	unverified
D90-2-07491	چۆل-جەزىرە	headword	715_2L.png	unverified
D90-2-07492	چۆلدەرەشمەك	headword	715_2L.png	unverified
D90-2-07493	چۆلدەرىمەك	headword	715_2L.png	unverified
D90-2-07494	چۆلدىمەك	headword	715_2L.png	unverified
D90-2-07495	چۆلسىرىمەك	headword	715_2L.png	unverified
D90-2-07496	چۆللەشمەك	headword	715_2L.png	unverified
D90-2-07497	چۆللۈك	headword	715_2L.png	unverified
D90-2-07498	چۆل-ئورمان	headword	715_2L.png	unverified
D90-2-07500	چۆلىمەك	headword	716_1R.png	unverified
D90-2-07501	چۆمەش	headword	716_1R.png	unverified
D90-2-07502	چۆمدۈرمەك	headword	716_1R.png	unverified
D90-2-07503	چۆمدۈرۈشمەك	headword	716_1R.png	unverified
D90-2-07504	چۆمدۈرۈلمەك	headword	716_1R.png	unverified
D90-2-07505	چۆممەك	headword	716_1R.png	unverified
D90-2-07506	چۆمۈچ	headword	716_2L.png	unverified
D90-2-07507	چۆمۈرمەك	headword	716_2L.png	unverified
D90-2-07508	چۆمۈرۈشمەك	headword	716_2L.png	unverified
D90-2-07509	چۆمۈرۈلمەك	headword	716_2L.png	unverified
D90-2-07510	چۆمۈشمەك	headword	716_2L.png	unverified
D90-2-07511	چۆمۈلدۈرمەك	headword	716_2L.png	unverified
D90-2-07512	چۆمۈلدۈرۈشمەك	headword	716_2L.png	unverified
D90-2-07513	چۆمۈلمەك	headword	716_2L.png	unverified
D90-2-07514	چۆمۈلۈشمەك	headword	717_1R.png	unverified
D90-2-07515	چۆنەك	headword	717_1R.png	unverified
D90-2-07516	چۆنەك ئاچقۇچ	headword	717_1R.png	verified
D90-2-07517	چۆنەكلەتمەك	headword	717_1R.png	verified
D90-2-07518	چۆنەكلەشمەك	headword	717_1R.png	verified
D90-2-07519	چۆنەكلەنمەك	headword	717_1R.png	verified
D90-2-07520	چۆنەكلىك	headword	717_1R.png	verified
D90-2-07521	چۆنەكلىمەك	headword	717_1R.png	verified
D90-2-07522	چۆنتەك	headword	717_1R.png	verified
D90-2-07523	چۆۋەك	headword	717_2L.png	unverified
D90-2-07524	چۈپەي	headword	717_2L.png	unverified
D90-2-07525	چۈپەيلەشتۈرمەك	headword	717_2L.png	unverified
D90-2-07526	چۈپەيلەشمەك	headword	717_2L.png	unverified
D90-2-07527	چۈپەيلىك	headword	717_2L.png	unverified
D90-2-07528	چۈپرەندە	headword	717_2L.png	unverified
D90-2-07529	چۈپۈرشاڭ	headword	718_1R.png	unverified
D90-2-07530	چۈجە	headword	718_1R.png	unverified
D90-2-07531	چۈجە خوراز	headword	718_1R.png	unverified
D90-2-07532	چۈجىنى كۈزدە سانىماق	headword	718_1R.png	unverified
D90-2-07533	چۈچگۈن	headword	718_2L.png	unverified
D90-2-07534	چۈجگۈن قوناق	headword	718_2L.png	unverified
D90-2-07535	چۈجگۈنلۈك	headword	718_2L.png	unverified
D90-2-07536	چۈجلىك	headword	718_2L.png	unverified
D90-2-07537	چۈچۈتمەك	headword	718_2L.png	unverified
D90-2-07538	چۈچۈك	headword	718_2L.png	unverified
D90-2-07539	چۈچۈك ئاپېلسىن	headword	719_1R.png	unverified
D90-2-07540	چۈچۈك بۇيا	headword	719_1R.png	unverified
D90-2-07543	چۈچۈكدىمەك	headword	719_1R.png	unverified
D90-2-07544	چۈچۈلە	nonstandard	719_1R.png	unverified
D90-2-07545	چۈچۈمەك	headword	719_1R.png	unverified
D90-2-07546	چۈچۈمەل	headword	719_1R.png	unverified
D90-2-07547	چۈچۈمەللەشمەك	headword	719_2L.png	unverified
D90-2-07548	چۈچۈمەللىك	headword	719_2L.png	unverified
D90-2-07549	چۈچۈنچە	headword	719_2L.png	unverified
D90-2-07550	چۈرۈش	headword	719_2L.png	unverified
D90-2-07551	چۈرۈك	headword	719_2L.png	unverified
D90-2-07552	چۈرۈكلۈك	headword	719_2L.png	unverified
D90-2-07553	چۈش	headword	720_1R.png	unverified
D90-2-07557	چۈشەتمەك	headword	720_2L.png	unverified
D90-2-07558	چۈشەشمەك	headword	720_2L.png	unverified
D90-2-07559	چۈشەك	headword	720_2L.png	unverified
D90-2-07562	چۈشەكەشمەك	headword	720_2L.png	verified
D90-2-07563	چۈشەكلەنمەك	headword	720_2L.png	unverified
D90-2-07564	چۈشەكلىك	headword	720_2L.png	unverified
D90-2-07565	چۈشەكلىمەك	headword	720_2L.png	unverified
D90-2-07566	چۈشەكەپ	headword	721_1R.png	unverified
D90-2-07567	چۈشەلمەك	headword	721_1R.png	unverified
D90-2-07568	چۈشەنچە	headword	721_1R.png	unverified
D90-2-07569	چۈشەندۈرمەك	headword	721_2L.png	unverified
D90-2-07570	چۈشەندۈرۈش	headword	721_2L.png	unverified
D90-2-07571	چۈشەندۈرۈشمەك	headword	721_2L.png	unverified
D90-2-07572	چۈشەندۈرۈلمەك	headword	721_2L.png	unverified
D90-2-07574	چۈش-پېشىن	headword	722_1R.png	unverified
D90-2-07575	چۈشكەن	headword	722_1R.png	unverified
D90-2-07578	چۈشكۈرتمەك	headword	722_1R.png	unverified
D90-2-07579	چۈشكۈرمەك	headword	722_1R.png	unverified
D90-2-07580	چۈشكۈرۈشمەك	headword	722_1R.png	unverified
D90-2-07581	چۈشكۈن	headword	722_1R.png	unverified
D90-2-07582	چۈشكۈنلەشتۈرمەك	headword	722_2L.png	unverified
D90-2-07583	چۈشكۈنلەشمەك	headword	722_2L.png	unverified
D90-2-07584	چۈشكۈنلۈك	headword	722_2L.png	unverified
D90-2-07585	چۈشلۈك	headword	722_2L.png	unverified
D90-2-07586	چۈشلىمەك	headword	722_2L.png	verified
D90-2-07587	چۈشمەك	headword	722_2L.png	unverified
D90-2-07590	چۈشمىگەن	headword	725_2L.png	unverified
D90-2-07591	چۈشمىگەن تاياققا ۋاي دېمەك	headword	725_2L.png	unverified
D90-2-07592	چۈشۈرتىمەك	headword	725_2L.png	unverified
D90-2-07593	چۈشۈرگە	headword	726_1R.png	unverified
D90-2-07594	چۈشۈرمەك	headword	726_1R.png	unverified
D90-2-07595	چۈشۈرۈشمەك	headword	726_1R.png	unverified
D90-2-07596	چۈشۈرۈلمەك	headword	726_2L.png	unverified
D90-2-07597	چۈشۈش	headword	726_2L.png	unverified
D90-2-07600	چۈشۈشمەك	headword	726_2L.png	unverified
D90-2-07601	چۈشۈك	headword	726_2L.png	unverified
D90-2-07602	چۈشۈم	headword	726_2L.png	unverified
D90-2-07603	چۈشۈم كېلىش	headword	727_1R.png	verified
D90-2-07604	چۈشۈملۈك	headword	727_1R.png	unverified
D90-2-07607	چۈشىنەرلىك	headword	727_2L.png	unverified
D90-2-07608	چۈشىنىش	headword	727_2L.png	unverified
D90-2-07609	چۈشىنىشلىك	headword	727_2L.png	unverified
D90-2-07610	چۈشىنىشمەك	headword	727_2L.png	verified
D90-2-07611	چۈشىنىك	headword	727_2L.png	unverified
D90-2-07612	چۈشىنىكسىز	headword	727_2L.png	unverified
D90-2-07613	چۈشىنىكسىزلىك	headword	728_1R.png	unverified
D90-2-07614	چۈشىنىلمەك	headword	728_1R.png	unverified
D90-2-07615	چۈكچۈك	headword	728_1R.png	unverified
D90-2-07616	چۈكۈنە	headword	728_1R.png	unverified
D90-2-07617	چۈكۈنەم	headword	728_1R.png	unverified
D90-2-07618	چۈڭكىمەك	nonstandard	728_1R.png	unverified
D90-2-07634	چۈمكىمەك	headword	729_2L.png	unverified
D90-2-07619	چۈلە	headword	728_1R.png	unverified
D90-2-07620	چۈلۈك	headword	728_1R.png	unverified
D90-2-07622	چۈلىزاڭ	headword	728_2L.png	verified
D90-2-07623	چۈمەك	headword	728_2L.png	unverified
D90-2-07624	چۈمبەك	nonstandard	728_2L.png	unverified
D90-2-07625	چۈمبەل	headword	728_2L.png	unverified
D90-2-07627	چۈمپەردىلىك	headword	729_1R.png	unverified
D90-2-07628	چۈمپەردىلىمەك	headword	729_1R.png	unverified
D90-2-07629	چۈمپۈتمەك	nonstandard	729_1R.png	unverified
D90-2-08290	چىنپۈتمەك	headword	790_1R.png	verified
D90-2-07630	چۈمكەتمەك	headword	729_1R.png	unverified
D90-2-07631	چۈمكەشمەك	headword	729_1R.png	unverified
D90-2-07632	چۈمكەلمەك	headword	729_1R.png	unverified
D90-2-07633	چۈمكەنمەك	headword	729_1R.png	unverified
D90-2-07635	چۈمگەك	headword	729_2L.png	unverified
D90-2-07636	چۈمۈلە	headword	729_2L.png	unverified
D90-2-07637	چۈنچە	headword	729_2L.png	unverified
D90-2-07639	چۈنكى	headword	730_1R.png	unverified
D90-2-07640	چۈۋە	headword	730_1R.png	unverified
D90-2-07641	چېپىشماق	headword	730_1R.png	unverified
D90-2-07644	چېپىق	headword	730_2L.png	unverified
D90-2-07645	چېپىلغاق	headword	730_2L.png	unverified
D90-2-07646	چېپىلماق	headword	730_2L.png	unverified
D90-2-07650	چېپىندى	headword	731_1R.png	unverified
D90-2-07651	چېتىر	headword	731_1R.png	unverified
D90-2-07652	چېتىش	headword	731_1R.png	unverified
D90-2-07653	چېتىشتۇرماق	headword	731_1R.png	unverified
D90-2-07654	چېتىشتۇرۇلماق	headword	731_1R.png	unverified
D90-2-07655	چېتىشلىق	headword	731_1R.png	unverified
D90-2-07656	چېتىشىش	headword	731_2L.png	unverified
D90-2-07658	چېتىق	headword	731_2L.png	unverified
D90-2-07659	چېتىقلىق	headword	731_2L.png	unverified
D90-2-07660	چېتىك	headword	732_1R.png	unverified
D90-2-07661	چېتىلدۇرماق	headword	732_1R.png	unverified
D90-2-07662	چېتىلماق	headword	732_1R.png	unverified
D90-2-07663	چېتىلىشماق	headword	732_1R.png	unverified
D90-2-07664	چېتىن	headword	732_1R.png	unverified
D90-2-07665	چېچەك	headword	732_1R.png	unverified
D90-2-07670	چېچەك سالماق	headword	733_1R.png	unverified
D90-2-07671	چېچەك-چوكان	headword	733_1R.png	verified
D90-2-07672	چېچەكچى	headword	733_1R.png	verified
D90-2-07673	چېچەكسەي	headword	733_1R.png	verified
D90-2-07674	چېچەكلەتمەك	headword	733_1R.png	verified
D90-2-07675	چېچەكلەشمەك	headword	733_1R.png	verified
D90-2-07676	چېچەكلىك	headword	733_1R.png	verified
D90-2-07677	چېچەكلىمەك	headword	733_2L.png	verified
D90-2-07678	چېچەن	headword	733_2L.png	unverified
D90-2-07679	چېچەنلەشمەك	headword	733_2L.png	unverified
D90-2-07680	چېچەنلىك	headword	733_2L.png	unverified
D90-2-07681	چېچىشماق	headword	734_1R.png	unverified
D90-2-07682	چېچىلاڭغۇ	headword	734_1R.png	unverified
D90-2-07683	چېچىلاڭغۇلاشماق	headword	734_1R.png	unverified
D90-2-07684	چېچىلاڭغۇلۇق	headword	734_1R.png	unverified
D90-2-07685	چېچىلدۇرماق	headword	734_1R.png	unverified
D90-2-07686	چېچىلغاق	headword	734_2L.png	unverified
D90-2-07687	چېچىلغاقلىق	headword	734_2L.png	unverified
D90-2-07688	چېچىلما	headword	734_2L.png	unverified
D90-2-07689	چېچىلماق	headword	734_2L.png	unverified
D90-2-07690	چېچىلىش	headword	734_2L.png	unverified
D90-2-07691	چېخ	headword	735_1R.png	verified
D90-2-07692	چېخلار	headword	735_1R.png	verified
D90-2-07693	چېدەر	headword	735_1R.png	unverified
D90-2-07694	چېدەرلەتمەك	headword	735_1R.png	unverified
D90-2-07695	چېدەرلەشمەك	headword	735_1R.png	unverified
D90-2-07696	چېدەرلەنمەك	headword	735_1R.png	unverified
D90-2-07697	چېدەرلىمەك	headword	735_1R.png	unverified
D90-2-07698	چېدىر	headword	735_1R.png	unverified
D90-2-07699	چېرتيوژ	headword	735_2L.png	unverified
D90-2-07705	چېرتيوژچى	headword	735_2L.png	unverified
D90-2-07706	چېرتيوژچىلىق	headword	735_2L.png	unverified
D90-2-07707	چېركاۋ	headword	735_2L.png	unverified
D90-2-07708	چېرىپاشكا	headword	735_2L.png	unverified
D90-2-07709	چېرىك	headword	736_1R.png	verified
D90-2-07710	چېرىكلىك	headword	736_1R.png	unverified
D90-2-07711	چېسلا	headword	736_1R.png	unverified
D90-2-07712	چېسلالىق	headword	736_1R.png	unverified
D90-2-07713	چېقىر	headword	736_1R.png	unverified
D90-2-07714	چېقىر تىكەن	headword	736_1R.png	unverified
D90-2-07714-v1	كەيرەك	variant	736_1R.png	unverified
D90-2-07715	چېقىر كۆز	headword	736_1R.png	unverified
D90-2-07716	چېقىر ئۈجمە	headword	736_2L.png	unverified
D90-2-07717	چېقىشتۇرماق	headword	736_2L.png	unverified
D90-2-07718	چېقىشتۇرۇلماق	headword	736_2L.png	unverified
D90-2-07719	چېقىشقاق	headword	736_2L.png	unverified
D90-2-07720	چېقىشماق	headword	737_1R.png	unverified
D90-2-07721	چېقىق	headword	737_1R.png	unverified
D90-2-07722	چېقىل	headword	737_1R.png	unverified
D90-2-07723	چېقىل-چۇقۇل	headword	737_1R.png	unverified
D90-2-07724	چېقىلدۇرغۇچ	headword	737_1R.png	unverified
D90-2-07725	چېقىلدۇرماق	headword	737_2L.png	unverified
D90-2-07726	چېقىلدۇرۇق	headword	737_2L.png	unverified
D90-2-07727	چېقىلغان	headword	737_2L.png	unverified
D90-2-07729	چېقىلغۇ	headword	737_2L.png	unverified
D90-2-07730	چېقىلماق	headword	737_2L.png	unverified
D90-2-07731	چېقىم	headword	738_1R.png	unverified
D90-2-07732	چېقىمچى	headword	738_1R.png	unverified
D90-2-07733	چېقىمچىلىق	headword	738_1R.png	unverified
D90-2-07734	چېقىن	headword	738_1R.png	unverified
D90-2-07734-v1	چاقماق 1	variant	738_1R.png	unverified
D90-2-07735	چېقىندى	headword	738_1R.png	unverified
D90-2-07736	چېقىندىماق	headword	738_2L.png	unverified
D90-2-07737	چېكە	headword	738_2L.png	unverified
D90-2-07742	چېكىسكە قىسماق	headword	739_1R.png	unverified
D90-2-07742-v1	چېكىسكە تاڭغاق	variant	739_1R.png	unverified
D90-2-07743	چېكەتكە	headword	739_1R.png	verified
D90-2-07744	چېكەتكە ئاپىتى	headword	739_1R.png	verified
D90-2-07745	چېكەرمەن	headword	739_1R.png	verified
D90-2-07746	چېكىت	headword	739_1R.png	unverified
D90-2-07747	چېكىت قويماق	headword	739_1R.png	unverified
D90-2-07748	چېكىتسىز	headword	739_2L.png	unverified
D90-2-07749	چېكىتلىك	headword	739_2L.png	unverified
D90-2-07751	چېكىتمە	headword	739_2L.png	unverified
D90-2-07752	چېكىشتۈرمەك	headword	739_2L.png	unverified
D90-2-07753	چېكىشمەك	headword	739_2L.png	unverified
D90-2-07755	چېكىلمە	headword	740_1R.png	unverified
D90-2-07756	چېكىلمەك	headword	740_1R.png	unverified
D90-2-07759	چېكىلىك	headword	740_2L.png	unverified
D90-2-07760	چېكىلىمەك	headword	740_2L.png	unverified
D90-2-07761	چېكىم	headword	740_2L.png	unverified
D90-2-07763	چېكىم-چېكىم	headword	741_1R.png	unverified
D90-2-07764	چېكىملەشمەك	headword	741_1R.png	unverified
D90-2-07765	چېكىملەنمەك	headword	741_1R.png	unverified
D90-2-07766	چېكىملىك	headword	741_1R.png	unverified
D90-2-07767	چېكىملىمەك	headword	741_1R.png	unverified
D90-2-07768	چېكىندۈرمەك	headword	741_1R.png	unverified
D90-2-07769	چېكىندۈرۈلمەك	headword	741_1R.png	unverified
D90-2-07770	چېكىنمەك	headword	741_2L.png	unverified
D90-2-07771	چېكىنمە بايان	headword	741_2L.png	unverified
D90-2-07772	چېكىنىش	headword	741_2L.png	verified
D90-2-07773	چېكىنىشمەك	headword	742_1R.png	verified
D90-2-07774	چېگەلەك	headword	742_1R.png	unverified
D90-2-07775	چېگرا	headword	742_1R.png	unverified
D90-2-07777	چېگرا رايون	headword	742_2L.png	unverified
D90-2-07778	چېگرا سودىسى	headword	742_2L.png	unverified
D90-2-07779	چېگرا مۇداپئەسى	headword	742_2L.png	unverified
D90-2-07780	چېگرا يۈزى	headword	742_2L.png	unverified
D90-2-07781	چېگرىدىن قوغلاپ چىقىرىش	headword	742_2L.png	unverified
D90-2-07782	چېگرىداش	headword	742_2L.png	unverified
D90-2-07783	چېگرىلاشماق	headword	742_2L.png	unverified
D90-2-07784	چېگرىلانماق	headword	743_1R.png	unverified
D90-2-07785	چېلەك	headword	743_1R.png	unverified
D90-2-07787	چېلەكلە	headword	743_1R.png	unverified
D90-2-07788	چېلو	headword	743_1R.png	verified
D90-2-07789	چېلىش	headword	743_1R.png	unverified
D90-2-07793	چېلىشتۇرماق	headword	743_2L.png	unverified
D90-2-07794	چېلىشچان	headword	743_2L.png	unverified
D90-2-07795	چېلىشچانلىق	headword	744_1R.png	unverified
D90-2-07796	چېلىشچى	headword	744_1R.png	unverified
D90-2-07797	چېلىشچىلىق	headword	744_1R.png	unverified
D90-2-07798	چېلىشخۇمار	headword	744_1R.png	unverified
D90-2-07799	چېلىشقاق	headword	744_1R.png	unverified
D90-2-07800	چېلىشماق	headword	744_1R.png	unverified
D90-2-07803	چېلىشۋاز	headword	744_2L.png	unverified
D90-2-07804	چېلىشۋازلىق	headword	744_2L.png	unverified
D90-2-07805	چېلىقتۇرماق	headword	744_2L.png	unverified
D90-2-07806	چېلىقتۇرۇشماق	headword	744_2L.png	unverified
D90-2-07807	چېلىقماق	headword	744_2L.png	unverified
D90-2-07808	چېلىنماق	headword	745_1R.png	unverified
D90-2-07810	چېمپىيون	headword	745_1R.png	unverified
D90-2-07811	چېمپىيونلۇق	headword	745_1R.png	unverified
D90-2-07813	چېنىلمەك	headword	745_1R.png	unverified
D90-2-07814	چېنىشمەك	headword	745_1R.png	unverified
D90-2-07815	چېنەك	headword	745_1R.png	unverified
D90-2-07817	چېنىشماق	headword	745_2L.png	unverified
D90-2-07818	چېنىقتۇرماق	headword	745_2L.png	unverified
D90-2-07819	چېنىقتۇرۇلماق	headword	745_2L.png	unverified
D90-2-07820	چېنىقماق	headword	745_2L.png	unverified
D90-2-07821	چېنىقىش	headword	746_1R.png	unverified
D90-2-07823	چېنىقىشماق	headword	746_1R.png	unverified
D90-2-07824	چېنىمەك	headword	746_1R.png	unverified
D90-2-07825	چېھرە	headword	746_1R.png	unverified
D90-2-07826	چېھرىلىك	headword	746_1R.png	unverified
D90-2-07827	چېۋ	headword	746_2L.png	unverified
D90-2-07828	چېۋەر	headword	746_2L.png	unverified
D90-2-07829	چېۋەرلىك	headword	746_2L.png	unverified
D90-2-07830	چېۋ-چېۋ	headword	746_2L.png	unverified
D90-2-07832	چىبەرقۇت	headword	747_1R.png	unverified
D90-2-07834	چىبرى	headword	747_1R.png	unverified
D90-2-07835	چىپ	headword	747_1R.png	unverified
D90-2-07838	چىپار	headword	747_1R.png	unverified
D90-2-07839	چىپار بۇغا	headword	747_2L.png	unverified
D90-2-07840	چىپار سۇختا بېلىق	headword	747_2L.png	unverified
D90-2-07841	چىپار مىس تاش	headword	747_2L.png	unverified
D90-2-07842	چىپار ئوت	headword	747_2L.png	unverified
D90-2-07843	چىپپىدە	headword	748_1R.png	unverified
D90-2-07844	چىپتا	headword	748_1R.png	unverified
D90-2-07845	چىپ-چاپ	headword	748_1R.png	unverified
D90-2-07846	چىپ-چىپ	headword	748_1R.png	unverified
D90-2-07847	چىپچىرايلىق	headword	748_1R.png	unverified
D90-2-07848	چىپمۇچىپ	headword	748_2L.png	unverified
D90-2-07849	چىپىلداتماق	headword	748_2L.png	unverified
D90-2-07850	چىپىلداشماق	headword	748_2L.png	unverified
D90-2-07851	چىپىلدىماق	headword	748_2L.png	unverified
D90-2-07852	چىت	headword	748_2L.png	unverified
D90-2-07855	چىتەن	headword	748_2L.png	unverified
D90-2-07856	چىتلاتقۇزماق	headword	749_1R.png	unverified
D90-2-07857	چىتلاتماق	headword	749_1R.png	unverified
D90-2-07858	چىتلاشماق	headword	749_1R.png	unverified
D90-2-07859	چىتلاق	headword	749_1R.png	unverified
D90-2-07860	چىتلانماق	headword	749_1R.png	unverified
D90-2-07861	چىتلىق	headword	749_1R.png	unverified
D90-2-07862	چىتلىماق	headword	749_2L.png	unverified
D90-2-07863	چىچاڭ	headword	749_2L.png	unverified
D90-2-07864	چىچاڭشىتماق	headword	749_2L.png	unverified
D90-2-07865	چىچاڭشىشماق	headword	749_2L.png	unverified
D90-2-07866	چىچاڭشىماق	headword	749_2L.png	unverified
D90-2-07869	چىچاڭلىماق	headword	749_2L.png	unverified
D90-2-07867	چىچاڭلاتماق	headword	749_2L.png	unverified
D90-2-07868	چىچاڭلاشماق	headword	749_2L.png	unverified
D90-2-07870	چىچقاق	headword	750_1R.png	unverified
D90-2-07871	چىچقۇلۇق	headword	750_1R.png	verified
D90-2-07873	چىچماق	headword	750_1R.png	unverified
D90-2-07874	چىچۈرماق	headword	750_1R.png	unverified
D90-2-07875	چىچۇرغا	headword	750_1R.png	unverified
D90-2-07876	چىچىشماق	headword	750_1R.png	unverified
D90-2-07877	چىداشچانلىق	headword	750_1R.png	unverified
D90-2-07878	چىداشلىق	headword	750_1R.png	unverified
D90-2-07879	چىداشماق	headword	750_2L.png	unverified
D90-2-07880	چىدام	headword	750_2L.png	unverified
D90-2-07881	چىدامسىز	headword	750_2L.png	unverified
D90-2-07882	چىدامسىزلىق	headword	750_2L.png	unverified
D90-2-07883	چىداملىق	headword	751_1R.png	unverified
D90-2-07884	چىدىغۇسىز	headword	751_1R.png	unverified
D90-2-07885	چىدىماس	headword	751_1R.png	unverified
D90-2-07886	چىدىماسلىق	headword	751_1R.png	unverified
D90-2-07887	چىدىماق	headword	751_2L.png	unverified
D90-2-07888	چىدىغانغا چىقارغان	headword	751_2L.png	unverified
D90-2-07889	چىر	headword	751_2L.png	unverified
D90-2-07890	چىراغ	headword	751_2L.png	unverified
D90-2-07891	چىراغقا قالماق	headword	752_1R.png	unverified
D90-2-07892	چىراغ ئۆچتى قىلماق	headword	752_1R.png	unverified
D90-2-07893	چىرىغى چىقماسلىق	headword	752_1R.png	unverified
D90-2-07894	چىرىغىنى ياقماق	headword	752_1R.png	unverified
D90-2-07895	چىرىغىنى ياندۇرماق	headword	752_1R.png	unverified
D90-2-07896	چىرىغى ئۆچمەك	headword	752_1R.png	unverified
D90-2-07897	چىراغپاي	headword	752_2L.png	unverified
D90-2-07898	چىراغچى	headword	752_2L.png	unverified
D90-2-07899	چىراغدان	headword	752_2L.png	unverified
D90-2-07900	چىراي	headword	752_2L.png	unverified
D90-2-07903	چىرايى تۇتۇلماق	headword	753_1R.png	unverified
D90-2-07904	چىرايى تۈرۈلمەك	headword	753_1R.png	unverified
D90-2-07905	چىرايىدا قان قالماسلىق	headword	753_1R.png	unverified
D90-2-07906	چىرايىدىن توپا ياغماق	headword	753_1R.png	unverified
D90-2-07907	چىرايىدىن مۇز ياغماق	headword	753_1R.png	unverified
D90-2-07908	چىراي-شەكىل	headword	753_2L.png	unverified
D90-2-07909	چىرايلىق	headword	753_2L.png	unverified
D90-2-07910	چىرايلىق ئاشق	headword	753_2L.png	unverified
D90-2-07911	چىرايلىق كۈن	headword	754_1R.png	unverified
D90-2-07912	چىرايلىق ئۆتمەك	headword	754_1R.png	unverified
D90-2-07913	چىرايلىقچە	headword	754_1R.png	unverified
D90-2-07914	چىرايلىقلاشماق	headword	754_1R.png	unverified
D90-2-07915	چىرت	headword	754_1R.png	unverified
D90-2-07916	چىرتتىدە	headword	754_1R.png	unverified
D90-2-07917	چىرتىڭ-پىرتىڭ	headword	754_2L.png	unverified
D90-2-07918	چىر-چىر	headword	754_2L.png	unverified
D90-2-07919	چىررىدە	headword	754_2L.png	unverified
D90-2-07920	چىرس	headword	754_2L.png	unverified
D90-2-07921	چىرسىلداتماق	headword	754_2L.png	unverified
D90-2-07922	چىرسىلدىماق	headword	754_2L.png	unverified
D90-2-07923	چىرقىراتماق	headword	754_2L.png	unverified
D90-2-07924	چىرقىراشماق	headword	754_2L.png	unverified
D90-2-07925	چىرقىراق	headword	755_1R.png	unverified
D90-2-07926	چىرقىرىغاق	headword	755_1R.png	unverified
D90-2-07927	چىرقىرىماق	headword	755_1R.png	unverified
D90-2-07928	چىركىن	headword	755_1R.png	unverified
D90-2-07929	چىرماتماق	headword	755_1R.png	unverified
D90-2-07930	چىرماش	headword	755_1R.png	unverified
D90-2-07931	چىرماشتۇرماق	headword	755_1R.png	unverified
D90-2-07932	چىرماشماق	headword	755_2L.png	unverified
D90-2-07933	چىرماق	headword	755_2L.png	unverified
D90-2-07935	چىرمالماق	headword	755_2L.png	unverified
D90-2-07936	چىرمۇخ	headword	756_1R.png	unverified
D90-2-07936-v1	قۇلماق	variant	756_1R.png	unverified
D90-2-07937	چىرمىماق	headword	756_1R.png	unverified
D90-2-07938	چىرىتكۈچ	headword	756_1R.png	unverified
D90-2-07939	چىرىتمەك	headword	756_1R.png	unverified
D90-2-07940	چىرىتىشمەك	headword	756_1R.png	unverified
D90-2-07941	چىرىتىلمەك	headword	756_1R.png	unverified
D90-2-07942	چىرىق	headword	756_1R.png	unverified
D90-2-07943	چىرىق-چىرىق	headword	756_2L.png	unverified
D90-2-07944	چىرىققىدە	headword	756_2L.png	unverified
D90-2-07945	چىرىقلاشماق	headword	756_2L.png	unverified
D90-2-07946	چىرىقلىماق	headword	756_2L.png	unverified
D90-2-07947	چىرىك	headword	756_2L.png	unverified
D90-2-07948	چىرىكلەشتۈرمەك	headword	756_2L.png	unverified
D90-2-07949	چىرىكلەشتۈرۈلمەك	headword	756_2L.png	unverified
D90-2-07950	چىرىكلەشمەك	headword	756_2L.png	unverified
D90-2-07951	چىرىكلىك	headword	757_1R.png	unverified
D90-2-07952	چىرىڭ	headword	757_1R.png	unverified
D90-2-07953	چىرىلداتماق	headword	757_1R.png	unverified
D90-2-07954	چىرىلداشماق	headword	757_1R.png	unverified
D90-2-07955	چىرىلداق	headword	757_1R.png	unverified
D90-2-07956	چىرىلدىماق	headword	757_1R.png	unverified
D90-2-07957	چىرىمەك	headword	757_2L.png	unverified
D90-2-07958	چىرىمتال	headword	757_2L.png	unverified
D90-2-07959	چىرىمدان	headword	757_2L.png	unverified
D90-2-07960	چىرىمدانلىق	headword	757_2L.png	unverified
D90-2-07961	چىرىندى	headword	757_2L.png	unverified
D90-2-07962	چىرىندىخور	headword	758_1R.png	unverified
D90-2-07963	چىرىندىخور باكتېرىيىلەر	headword	758_1R.png	unverified
D90-2-07964	چىرىندىخور مىكروئورگانىزم	headword	758_1R.png	unverified
D90-2-07965	چىرىندىلىك	headword	758_1R.png	unverified
D90-2-07967	چىزىلاتماق	headword	758_1R.png	unverified
D90-2-07968	چىزىلاشماق	headword	758_1R.png	unverified
D90-2-07969	چىزىلانماق	headword	758_1R.png	unverified
D90-2-07970	چىزىلىماق	headword	758_2L.png	unverified
D90-2-07971	چىش	headword	758_2L.png	unverified
D90-2-07977	چىش تىرەپ	headword	758_2L.png	unverified
D90-2-07978	چىش سالماق	headword	759_1R.png	unverified
D90-2-07979	چىش سۆڭىكى	headword	759_1R.png	unverified
D90-2-07980	چىشلىرى غۇچۇرلىماق	headword	759_1R.png	unverified
D90-2-07981	چىشلىرى گەز-گەز بولماق	headword	759_1R.png	unverified
D90-2-07982	چىش ماددىسى	headword	759_1R.png	unverified
D90-2-07983	چىش مىلىكى	headword	759_1R.png	unverified
D90-2-07984	چىش ئوقۇرى	headword	759_1R.png	unverified
D90-2-07985	چىشى پاتماق	headword	759_2L.png	unverified
D90-2-07986	چىشى سارغايماق	headword	759_2L.png	unverified
D90-2-07987	چىشىغا تەگمەك	headword	759_2L.png	unverified
D90-2-07988	چىشى قېرىشماق	headword	759_2L.png	unverified
D90-2-07989	چىشى كىرىشمەك	headword	759_2L.png	unverified
D90-2-07990	چىشىنى بىلىمەك	headword	759_2L.png	unverified
D90-2-07991	چىشىنى چىشىغا باسماق	headword	760_1R.png	unverified
D90-2-07993	چىشىنى چىشلىمەك	headword	760_1R.png	unverified
D90-2-07992	چىشىنى چىشىغا قويماق	headword	760_1R.png	unverified
D90-2-07994	چىشنىڭ كىرىنى شۈممەك	headword	760_1R.png	unverified
D90-2-07995	چىشنىڭ ئېقىنى چىقارماق	headword	760_1R.png	unverified
D90-2-07995-v1	چىشنىڭ ئېقىنى كۆرسەتمەك	variant	760_1R.png	unverified
D90-2-07996	چىشىنىڭ ئېقىنى كۆرسەتمەك	headword	760_2L.png	unverified
D90-2-07997	چىشى ئۇزارماق	headword	760_2L.png	unverified
D90-2-07998	چىشى ئۆتمەك	headword	760_2L.png	unverified
D90-2-07999	چىش يارماق	headword	760_2L.png	unverified
D90-2-08000	چىش ياللۇغى	headword	760_2L.png	unverified
D90-2-08001	چىش يىلتىزى	headword	760_2L.png	unverified
D90-2-08002	چىش يىلىكى	headword	760_2L.png	unverified
D90-2-08003	چىشا	headword	761_1R.png	unverified
D90-2-08004	چىش-تىرناق	headword	761_1R.png	unverified
D90-2-08005	چىشسىز	headword	761_1R.png	unverified
D90-2-08006	چىشسىمان	headword	761_1R.png	unverified
D90-2-08009	چىششا	headword	761_1R.png	verified
D90-2-08010	چىششا قىلماق	headword	761_2L.png	verified
D90-2-08011	چىشقۇلۇق	headword	761_2L.png	unverified
D90-2-08012	چىشلەپ	headword	761_2L.png	unverified
D90-2-08013	چىشلەپ تارتماق	headword	761_2L.png	unverified
D90-2-08014	چىشلەتمەك	headword	761_2L.png	unverified
D90-2-08015	چىشلەشتۈرمەك	headword	761_2L.png	unverified
D90-2-08016	چىشلەشتۈرۈلمەك	headword	761_2L.png	unverified
D90-2-08017	چىشلەشمەك	headword	761_2L.png	unverified
D90-2-08018	چىشلەكلىك	headword	762_1R.png	unverified
D90-2-08019	چىشلەم	headword	762_1R.png	unverified
D90-2-08020	چىشلەنمەك	headword	762_1R.png	unverified
D90-2-08021	چىش-لەۋ	headword	762_1R.png	unverified
D90-2-08023	چىشلىق	headword	762_1R.png	unverified
D90-2-08024	چىشلىق چاق	headword	762_2L.png	unverified
D90-2-08026	چىشلىمەك	headword	762_2L.png	unverified
D90-2-08027	چىشى	headword	763_1R.png	unverified
D90-2-08030	چىشى زەرنىخ	headword	763_2L.png	unverified
D90-2-08031	چىشىمەك	headword	763_2L.png	unverified
D90-2-08032	چىشىمەل	headword	763_2L.png	unverified
D90-2-08033	چىغ	headword	763_2L.png	unverified
D90-2-08037	چىغان	nonstandard	763_2L.png	unverified
D90-2-08038	چىغچى	headword	764_1R.png	unverified
D90-2-08040	چىغچىغىر	headword	764_1R.png	unverified
D90-2-08041	چىغچىلىق	headword	764_1R.png	unverified
D90-2-08042	چىغدان	headword	764_1R.png	unverified
D90-2-08043	چىغرىق	headword	764_1R.png	unverified
D90-2-08045	چىغلىق	headword	764_2L.png	unverified
D90-2-08046	چىغىتماق	headword	764_2L.png	unverified
D90-2-08047	چىغىر	headword	764_2L.png	unverified
D90-2-08050	چىغىرتماق	headword	764_2L.png	unverified
D90-2-08051	چىغىرتماقگۈل	headword	765_1R.png	unverified
D90-2-08052	چىغىرتماقلىق	headword	765_1R.png	unverified
D90-2-08053	چىقار	headword	765_1R.png	unverified
D90-2-08054	چىقارتماق	headword	765_1R.png	unverified
D90-2-08055	چىقارماق	headword	765_1R.png	unverified
D90-2-08056	چىقاغدىماق	headword	765_1R.png	unverified
D90-2-08057	چىقان	headword	765_1R.png	unverified
D90-2-08058	چىقچىقلار	headword	765_2L.png	unverified
D90-2-08059	چىققان	headword	765_2L.png	unverified
D90-2-08060	چىققان دۆۋىسى ئېگىز بولسۇن	headword	765_2L.png	unverified
D90-2-08061	چىققان دۆۋىسى ئېگىز بولغاي	headword	765_2L.png	unverified
D90-2-08062	چىققان دۆۋىسىنى ئېگىز قىلسۇن	headword	765_2L.png	unverified
D90-2-08063	چىققان دۆۋىسىنى ئېگىز قىلغاي	headword	765_2L.png	unverified
D90-2-08064	چىقماق	headword	765_2L.png	unverified
D90-2-08067	چىقىرىشماق	headword	769_1R.png	unverified
D90-2-08068	چىقىرىلماق	headword	769_1R.png	unverified
D90-2-08069	چىقىرنىدى	headword	769_1R.png	unverified
D90-2-08070	چىقىش	headword	769_2L.png	unverified
D90-2-08071	چىقىش قىلماق	headword	769_2L.png	unverified
D90-2-08072	چىقىش كېلىش	headword	769_2L.png	unverified
D90-2-08073	چىقىش نۇقتىسى	headword	770_1R.png	unverified
D90-2-08074	چىقىش نۇقتىسى قىلماق	headword	770_1R.png	unverified
D90-2-08075	چىقىش يولى	headword	770_1R.png	unverified
D90-2-08076	چىقىشقاق	headword	770_2L.png	unverified
D90-2-08077	چىقىشقاقلىق	headword	770_2L.png	unverified
D90-2-08078	چىقىشماق	headword	770_2L.png	unverified
D90-2-08079	چىقىق	headword	771_1R.png	unverified
D90-2-08080	چىقىم	headword	771_1R.png	verified
D90-2-08081	چىقىم بولماق	headword	771_1R.png	unverified
D90-2-08082	چىقىم تارتماق	headword	771_1R.png	unverified
D90-2-08083	چىقىمغا ئۇچرىماق	headword	771_2L.png	unverified
D90-2-08084	چىقىم قىلماق	headword	771_2L.png	verified
D90-2-08085	چىقىمدار	headword	771_2L.png	unverified
D90-2-08086	چىقىمدار بولماق	headword	771_2L.png	unverified
D90-2-08087	چىقىمدار قىلماق	headword	772_1R.png	unverified
D90-2-08088	چىقىمسىز	headword	772_1R.png	unverified
D90-2-08090	چىقىنماق	headword	772_1R.png	unverified
D90-2-08091	چېك	headword	772_2L.png	unverified
D90-2-08092	چىكانكىلىماق	headword	772_2L.png	unverified
D90-2-08093	چېك-چاك	headword	772_2L.png	unverified
D90-2-08094	چېك-چېك	headword	772_2L.png	unverified
D90-2-08095	چېككە	headword	772_2L.png	unverified
D90-2-08096	چىككىدە	headword	773_1R.png	unverified
D90-2-08097	چىكىلداتماق	headword	773_1R.png	verified
D90-2-08098	چىكىلداشماق	headword	773_1R.png	verified
D90-2-08099	چىكىلداق	headword	773_1R.png	unverified
D90-2-08100	چىكىلدىماق	headword	773_1R.png	unverified
D90-2-08101	چىگە	headword	773_2L.png	unverified
D90-2-08102	چىگدۈرمەك	headword	773_2L.png	unverified
D90-2-08103	چىگدۈرۈشمەك	headword	773_2L.png	unverified
D90-2-08104	چىگدۈرۈلمەك	headword	773_2L.png	unverified
D90-2-08105	چىگرىن	headword	773_2L.png	unverified
D90-2-08106	چىگمەك	headword	773_2L.png	unverified
D90-2-08107	چىگۇڭ	headword	774_1R.png	unverified
D90-2-08108	چىگىت	headword	774_1R.png	unverified
D90-2-08111	چىگىتسىز	headword	774_1R.png	unverified
D90-2-08112	چىگىتلىك پاختا	headword	774_2L.png	unverified
D90-2-08114	چىگىرتەلە	headword	774_2L.png	unverified
D90-2-08114-v1	جىگىردەك	variant	774_2L.png	unverified
D90-2-08115	چىگىش	headword	774_2L.png	unverified
D90-2-08116	چىگىش كىرمەك	headword	774_2L.png	unverified
D90-2-08117	چىگىشتۈرمەك	headword	775_1R.png	unverified
D90-2-08118	چىگىشلەشتۈرمەك	headword	775_1R.png	unverified
D90-2-08119	چىگىشلەشتۈرۈلمەك	headword	775_1R.png	unverified
D90-2-08120	چىگىشلەشمەك	headword	775_1R.png	unverified
D90-2-08121	چىگىشلەنمەك	headword	775_1R.png	verified
D90-2-08122	چىگىشلىك	headword	775_2L.png	unverified
D90-2-08123	چىگىشمەك	headword	775_2L.png	unverified
D90-2-08124	چىگىك	headword	775_2L.png	unverified
D90-2-08125	چىگىكلىك	headword	775_2L.png	unverified
D90-2-08126	چىگىل	headword	775_2L.png	unverified
D90-2-08127	چىگىلمەك	headword	775_2L.png	unverified
D90-2-08128	چىگىلىشمەك	headword	776_1R.png	unverified
D90-2-08129	چىگىندان	headword	776_1R.png	unverified
D90-2-08130	چىڭ	headword	776_1R.png	unverified
D90-2-08131	چىڭ تۇتماق	headword	776_2L.png	unverified
D90-2-08132	چىڭ تۇرماق	headword	777_1R.png	unverified
D90-2-08133	چىڭ چوش	headword	777_1R.png	unverified
D90-2-08133-v1	چىڭقى چوش	variant	777_1R.png	unverified
D90-2-08134	چىڭغا چىقماق	headword	777_1R.png	unverified
D90-2-08135	چىڭ يەرگە بېرىپ تاقالماق	headword	777_1R.png	unverified
D90-2-08136	چىڭ يېرىگە چىقماق	headword	777_1R.png	unverified
D90-2-08137-v1	چىڭ سۇلالىسى	variant	777_1R.png	unverified
D90-2-08140	چىڭ-چىڭ	headword	777_2L.png	unverified
D90-2-08141	چىڭداتقۇزماق	headword	777_2L.png	unverified
D90-2-08142	چىڭداتماق	headword	777_2L.png	unverified
D90-2-08143	چىڭداشماق	headword	777_2L.png	unverified
D90-2-08144	چىڭداق	headword	777_2L.png	unverified
D90-2-08146	چىڭدالماق	headword	777_2L.png	unverified
D90-2-08147	چىڭدىتىلماق	headword	778_1R.png	unverified
D90-2-08148	چىڭدىماق	headword	778_1R.png	unverified
D90-2-08150	چىڭقاتماق	headword	778_1R.png	unverified
D90-2-08151	چىڭقاشماق	headword	778_1R.png	unverified
D90-2-08152	چىڭقاق	headword	778_1R.png	unverified
D90-2-08153	چىڭقالماق	headword	778_2L.png	unverified
D90-2-08154	چىڭقى	headword	778_2L.png	unverified
D90-2-08156	چىڭقىماق	headword	778_2L.png	unverified
D90-2-08157	چىڭكىرىش	headword	778_2L.png	unverified
D90-2-08158	چىڭگىز	headword	778_2L.png	unverified
D90-2-08160	چىڭگىزلىك	headword	779_1R.png	unverified
D90-2-08161	چىڭگىل	headword	779_1R.png	unverified
D90-2-08162	چىڭگىلەك	headword	779_1R.png	unverified
D90-2-08163	چىڭگىلىك	headword	779_1R.png	unverified
D90-2-08165	چىڭگىلماچ	nonstandard	779_2L.png	unverified
D90-2-08165-c1	جەڭگىلماچ	corrected_form	779_2L.png	unverified
D90-2-08166	چىڭگىدە	headword	779_2L.png	unverified
D90-2-08168	چىڭلىق	headword	779_2L.png	unverified
D90-2-08169	چىڭىتماق	headword	780_1R.png	unverified
D90-2-08170	چىڭىتىلماق	headword	780_1R.png	unverified
D90-2-08171	چىڭىماق	headword	780_1R.png	unverified
D90-2-08172	چىل	headword	780_1R.png	unverified
D90-2-08174	چىلاپچا	headword	780_1R.png	unverified
D90-2-08175	چىلاتماق	headword	780_2L.png	unverified
D90-2-08176	چىلاشتۇرماق	headword	780_2L.png	unverified
D90-2-08177	چىلاشتۇرۇلماق	headword	780_2L.png	unverified
D90-2-08178	چىلاشماق	headword	780_2L.png	unverified
D90-2-08179	چىلاقلىق	headword	780_2L.png	verified
D90-2-08180	چىلان	headword	780_2L.png	verified
D90-2-08181	چىلان تورۇق	headword	781_1R.png	unverified
D90-2-08182	چىلان رەڭ	headword	781_1R.png	unverified
D90-2-08183	چىلانغان	headword	781_1R.png	unverified
D90-2-08185	چىلانلىق	headword	781_1R.png	unverified
D90-2-08186	چىلانماق	headword	781_1R.png	unverified
D90-2-08187	چىلە	headword	781_2L.png	unverified
D90-2-08188	چىلە قىلماق	headword	781_2L.png	verified
D90-2-08189	چىلە كېسىلى	headword	781_2L.png	unverified
D90-2-08190	چىلبۆرە	headword	781_2L.png	unverified
D90-2-08191	چىلپايە	headword	781_2L.png	unverified
D90-2-08192	چىلتار	headword	782_1R.png	unverified
D90-2-08193	چىلتەك	headword	782_1R.png	unverified
D90-2-08194	چىلتەن	headword	782_1R.png	unverified
D90-2-08195	چىلچۇپ	headword	782_1R.png	unverified
D90-2-08196	چىلغوزا	headword	782_1R.png	unverified
D90-2-08197	چىلغوزا تەنچە	headword	782_2L.png	unverified
D90-2-08198	چىلگە	headword	782_2L.png	unverified
D90-2-08199	چىلگە ئارپا	headword	782_2L.png	unverified
D90-2-08200	چىلگە ئالما	headword	782_2L.png	unverified
D90-2-08201	چىلگە توغاچ	headword	782_2L.png	unverified
D90-2-08202	چىلگە شاپتۇل	headword	782_2L.png	unverified
D90-2-08203	چىلگە شال	headword	782_2L.png	unverified
D90-2-08204	چىلگە قوناق	headword	783_1R.png	unverified
D90-2-08206	چىللاتماق	headword	783_1R.png	unverified
D90-2-08207	چىلاشقا	headword	783_1R.png	unverified
D90-2-08209	چىللاق	headword	783_1R.png	unverified
D90-2-08208	چىللاشماق	headword	783_1R.png	unverified
D90-2-08210	چىللانماق	headword	783_1R.png	unverified
D90-2-08211	چىللە	headword	783_1R.png	unverified
D90-2-08212	چىللە قىزىتمىسى	headword	783_2L.png	unverified
D90-2-08213	چىللىك	headword	783_2L.png	unverified
D90-2-08214	چىللىگۈل	headword	783_2L.png	unverified
D90-2-08215	چىللىلىك	headword	784_1R.png	unverified
D90-2-08216	چىللىماق	headword	784_1R.png	unverified
D90-2-08217	چىلۋۇر	headword	784_1R.png	unverified
D90-2-08218	چىلىغان	headword	784_1R.png	unverified
D90-2-08220	چىلىق	headword	784_2L.png	unverified
D90-2-08221	چىلىق-چىلىق	headword	784_2L.png	unverified
D90-2-08222	چىلىقلىماق	headword	784_2L.png	unverified
D90-2-08223	چىلىم	headword	784_2L.png	unverified
D90-2-08224	چىلىماق	headword	785_1R.png	unverified
D90-2-08226	چىم	headword	785_1R.png	unverified
D90-2-08227	چىم بولماق	headword	785_2L.png	unverified
D90-2-08231	چىماق	nonstandard	786_1R.png	unverified
D90-2-08232	چىمالتا	headword	786_1R.png	unverified
D90-2-08233	چىمانجار	headword	786_1R.png	unverified
D90-2-08234	چىمەلتەك	headword	786_1R.png	unverified
D90-2-08235	چىمەن	headword	786_1R.png	unverified
D90-2-08237	چىمەنتاز	headword	786_1R.png	unverified
D90-2-08237-v1	لەيلەك	variant	786_1R.png	unverified
D90-2-08238	چىمەنزار	headword	786_1R.png	unverified
D90-2-08240	چىمەنلىك	headword	786_2L.png	unverified
D90-2-08239	چىمەنزارلىق	headword	786_2L.png	unverified
D90-2-08241	چىمچاچاق	headword	786_2L.png	unverified
D90-2-08242	چىمچىق	headword	786_2L.png	unverified
D90-2-08243	چىمچىقلاتماق	headword	787_1R.png	unverified
D90-2-08244	چىمچىقلاشماق	headword	787_1R.png	unverified
D90-2-08245	چىمچىقلىماق	headword	787_1R.png	unverified
D90-2-08246	چىمچىلاق	headword	787_1R.png	verified
D90-2-08250	چىم-چىم	headword	787_1R.png	unverified
D90-2-08251	چىم-چىم قىلماق	headword	787_2L.png	unverified
D90-2-08274	چىمىلدىماق	headword	789_1R.png	unverified
D90-2-08252	چىمچىماق	headword	787_2L.png	unverified
D90-2-08253	چىمدىتماق	headword	787_2L.png	unverified
D90-2-08254	چىمدىشماق	headword	787_2L.png	unverified
D90-2-08255	چىمدىق	headword	787_2L.png	unverified
D90-2-08256	چىمدىم	headword	787_2L.png	unverified
D90-2-08257	چىمدىماق	headword	787_2L.png	unverified
D90-2-08258	چىملىق	headword	788_1R.png	unverified
D90-2-08259	چىملىماق	headword	788_1R.png	unverified
D90-2-08260	چىممىدە	headword	788_1R.png	unverified
D90-2-08261	چىمئوت	headword	788_1R.png	verified
D90-2-08262	چىمىت	headword	788_1R.png	unverified
D90-2-08263	چىمىتمەك	headword	788_1R.png	unverified
D90-2-08264	چىمىر	headword	788_1R.png	unverified
D90-2-08265	چىمىر-چىمىر	headword	788_1R.png	unverified
D90-2-08266	چىمىرلاتماق	headword	788_1R.png	unverified
D90-2-08267	چىمىرلىماق	headword	788_2L.png	unverified
D90-2-08268	چىمىرمەك	headword	788_2L.png	verified
D90-2-08269	چىمىرىلمەك	headword	788_2L.png	unverified
D90-2-08270	چىمىلداتماق	headword	788_2L.png	unverified
D90-2-08272	چىمىلدىق	headword	789_1R.png	unverified
D90-2-08273	چىمىلدىقلىق	headword	789_1R.png	unverified
D90-2-08275	چىمگە	headword	789_1R.png	unverified
D90-2-08276	چىن	headword	789_1R.png	unverified
D90-2-08278	چىن دىلدىن	headword	789_2L.png	unverified
D90-2-08281	چىن كۆڭۈلدىن	headword	789_2L.png	unverified
D90-2-08279	چىن قەلبىدىن	headword	789_2L.png	unverified
D90-2-08280	چىن قىچقىرىش	headword	789_2L.png	unverified
D90-2-08282	چىن يۈرەكتىن	headword	789_2L.png	unverified
D90-2-08284	چىنار	headword	790_1R.png	unverified
D90-2-08285	چىنارگۈل	headword	790_1R.png	unverified
D90-2-08286	چىنارلىق	headword	790_1R.png	unverified
D90-2-08287	چىنە	headword	790_1R.png	unverified
D90-2-08288	چىنە سىرى	headword	790_1R.png	unverified
D90-2-08289	چىنە-قاچا	headword	790_1R.png	unverified
D90-2-08291	چىن-پىششىق	headword	790_2L.png	unverified
D90-2-08292	چىنتاش	headword	790_2L.png	unverified
D90-2-08293	چىندان	headword	790_2L.png	unverified
D90-2-08294	چىندىن	headword	790_2L.png	unverified
D90-2-08296	چىندىنلىققا	headword	790_2L.png	unverified
D90-2-08297	چىنلىق	headword	790_2L.png	unverified
D90-2-08298	چىنلىق نەزەرىيىسى	headword	791_1R.png	unverified
D90-2-08298-v1	رېئالىزم	variant	791_1R.png	unverified
D90-2-08299	چىنلىقچىلىق	headword	791_1R.png	unverified
D90-2-08300	چىنتاۋاق	headword	791_1R.png	unverified
D90-2-08301	چىنىتەخسە	headword	791_1R.png	unverified
D90-2-08302	چىنىچەينەك	headword	791_1R.png	unverified
D90-2-08303	چىنىدەك	headword	791_1R.png	unverified
D90-2-08304	چىنىگۈل	headword	791_1R.png	unverified
D90-2-08305	چىنىگۈل ئائىلىسى	headword	791_2L.png	unverified
D90-2-08306	چىۋ	headword	791_2L.png	unverified
D90-2-08307	چىۋە	headword	791_2L.png	unverified
D90-2-08309	چىۋ-چىۋ	headword	791_2L.png	unverified
D90-2-08311	چىۋى	headword	791_2L.png	unverified
D90-2-08312	چىۋىش	headword	791_2L.png	unverified
D90-2-08313	چىۋىق	headword	792_1R.png	unverified
D90-2-08315	چىۋىقداتماق	headword	792_1R.png	verified
D90-2-08316	چىۋىقداشماق	headword	792_1R.png	verified
D90-2-08317	چىۋىقدالماق	headword	792_1R.png	verified
D90-2-08318	چىۋىقدىماق	headword	792_1R.png	verified
D90-2-08322	چىۋىقلىماق	headword	792_2L.png	verified
D90-2-08319	چىۋىقلاتماق	headword	792_1R.png	verified
D90-2-08320	چىۋىقلاشماق	headword	792_1R.png	verified
D90-2-08321	چىۋىقلانماق	headword	792_1R.png	verified
D90-2-08323	چىۋىلداتماق	headword	792_2L.png	verified
D90-2-08324	چىۋىلداشماق	headword	792_2L.png	verified
D90-2-08325	چىۋىلدىماق	headword	792_2L.png	unverified
D90-2-08326	چىۋىللاشماق	headword	792_2L.png	unverified
D90-2-08327	چىۋىن	headword	792_2L.png	unverified
D90-2-08329	چىۋىن يەۋالغاندەك	headword	793_1R.png	unverified
D90-2-08330	چىۋىن يۇتۇۋالغاندەك	headword	793_1R.png	unverified
D90-2-08331	چىۋىن يۇلتۇز تۈركۈمى	headword	793_1R.png	unverified
D90-2-08332	چىۋىنغە ئازار بەرمەيدىغان	headword	793_1R.png	unverified
D90-2-08333	چىۋىنخور	headword	793_1R.png	unverified
D90-2-08335	چىۋىنغور ئۆمۈچۈك	headword	793_2L.png	unverified
D90-2-08336	چىۋىنقىماق	headword	793_2L.png	unverified
D90-2-08337	چياڭزۇ	headword	793_2L.png	unverified
D90-2-08339	چياڭزۇلار	headword	793_2L.png	unverified
D90-2-08340	خ	headword	794_1R.png	unverified
D90-2-08341	خا	nonstandard	794_1R.png	unverified
D90-2-08627	خاھى	headword	826_2L.png	unverified
D90-2-08342	خاپا	headword	794_1R.png	unverified
D90-2-08344	خاپان	headword	794_2L.png	unverified
D90-2-08345	خاپىچان	headword	794_2L.png	unverified
D90-2-08347	خاپىغان	headword	794_2L.png	unverified
D90-2-08346	خاپىچىلىق	headword	794_2L.png	unverified
D90-2-08349	خاپىلىق	headword	795_1R.png	unverified
D90-2-08348	خاپىغان كېسەل	headword	795_1R.png	unverified
D90-2-08348-v1	نېرۋا فۇنكسىيىسى بۇزۇلۇش كېسەللىرى	variant	795_1R.png	unverified
D90-2-08350	خاتا	headword	795_1R.png	unverified
D90-2-08353	خاتا كەتمەك	headword	795_2L.png	unverified
D90-2-08354	خاتا ئولتۇرۇش	headword	795_2L.png	unverified
D90-2-08355	خاتاسىز	headword	795_2L.png	unverified
D90-2-08356	خاتاكەش	headword	795_2L.png	unverified
D90-2-08357	خاتالاشتۇرماق	headword	796_1R.png	unverified
D90-2-08358	خاتالاشتۇرۇلماق	headword	796_1R.png	unverified
D90-2-08359	خاتالاشماق	headword	796_1R.png	unverified
D90-2-08360	خاتالىق	headword	796_1R.png	unverified
D90-2-08361	خاتىپ	headword	796_1R.png	unverified
D90-2-08692	خەتىپ	headword	832_2L.png	verified
D90-2-08362	خاتىر	headword	796_2L.png	unverified
D90-2-08363	خاتىرە	headword	796_2L.png	unverified
D90-2-08364	خاتىرە تاش	headword	797_1R.png	verified
D90-2-08365	خاتىرە دەپتەر	headword	797_1R.png	unverified
D90-2-08366	خاتىرە مۇنار	headword	797_2L.png	unverified
D90-2-08367	خاتىرە ھەيكەل	headword	797_2L.png	unverified
D90-2-08368	خاتىرىسىگە ئالماق	headword	797_2L.png	unverified
D90-2-08369	خاتىرىسىگە كەلمەك	headword	797_2L.png	unverified
D90-2-08370	خاتىرىسىنى جەم قىلماق	headword	797_2L.png	unverified
D90-2-08371	خاتىرجەم	headword	798_1R.png	unverified
D90-2-08372	خاتىرجەم بولماق	headword	798_2L.png	unverified
D90-2-08373	خاتىرجەم قىلماق	headword	798_2L.png	unverified
D90-2-08374	خاتىرجەمسىز	headword	798_2L.png	unverified
D90-2-08375	خاتىرجەمسىزلەندۈرمەك	headword	798_2L.png	unverified
D90-2-08376	خاتىرجەمسىزلەنمەك	headword	798_2L.png	unverified
D90-2-08377	خاتىرجەمسىزلىك	headword	799_1R.png	unverified
D90-2-08378	خاتىرجەملەشمەك	headword	799_1R.png	unverified
D90-2-08379	خاتىرجەملەندۈرمەك	headword	799_1R.png	unverified
D90-2-08380	خاتىرجەملەنمەك	headword	799_1R.png	unverified
D90-2-08381	خاتىرجەملىك	headword	799_1R.png	unverified
D90-2-08382	خاتىرىخانا	headword	799_2L.png	unverified
D90-2-08383	خاتىرلەتكۈزمەك	headword	799_2L.png	unverified
D90-2-08384	خاتىرىلەشمەك	headword	799_2L.png	unverified
D90-2-08385	خاتىرىلەنمەك	headword	799_2L.png	unverified
D90-2-08386	خاتىرىلىك	headword	799_2L.png	unverified
D90-2-08387	خاتىرىلىمەك	headword	799_2L.png	unverified
D90-2-08388	خاتىرنامە	headword	800_1R.png	unverified
D90-2-08389	خاتىمە	headword	800_1R.png	unverified
D90-2-08390	خاتىمە بەرمەك	headword	800_2L.png	unverified
D90-2-08392	خاجې	headword	800_2L.png	verified
D90-2-08393	خاجې تىلى	headword	800_2L.png	unverified
D90-2-08394	خاجېلار	headword	800_2L.png	verified
D90-2-08395	خا-خا	headword	800_2L.png	unverified
D90-2-08396	خادا	headword	801_1R.png	unverified
D90-2-08399	خاداك	headword	801_1R.png	unverified
D90-2-08400	خادانى	headword	801_1R.png	verified
D90-2-08401	خادىك	headword	801_2L.png	unverified
D90-2-08402	خادىقلىق	headword	801_2L.png	unverified
D90-2-08403	خادىم	headword	801_2L.png	unverified
D90-2-08404	خادىمە	headword	801_2L.png	unverified
D90-2-08405	خادىملىق	headword	801_2L.png	unverified
D90-2-08406	خار	headword	802_1R.png	unverified
D90-2-08408	خار ئەتمەك	headword	802_1R.png	unverified
D90-2-08409	خار ئەيلىمەك	headword	802_1R.png	unverified
D90-2-08445	خارلىماق	headword	807_2L.png	unverified
D90-2-08410	خار بولماق	headword	802_1R.png	unverified
D90-2-08412	خاراب	headword	802_2L.png	unverified
D90-2-08413	خارابات	headword	803_1R.png	unverified
D90-2-08414	خارابە	headword	803_1R.png	unverified
D90-2-08415	خارابزار	headword	803_2L.png	verified
D90-2-08416	خارابزارلىق	headword	803_2L.png	unverified
D90-2-08416-v1	خارابىلىك	variant	803_2L.png	unverified
D90-2-08417	خارابلاشتۇرماق	headword	803_2L.png	unverified
D90-2-08418	خارابلاشتۇرۇلماق	headword	803_2L.png	unverified
D90-2-08419	خارابلاشماق	headword	803_2L.png	unverified
D90-2-08420	خارابلىق	headword	803_2L.png	unverified
D90-2-08421	خارەك	headword	806_1R.png	unverified
D90-2-08702	خەرەك	headword	833_1R.png	unverified
D90-2-08422	خارتۇم	headword	806_1R.png	unverified
D90-2-08423	خارتۇملۇقلار	headword	806_1R.png	unverified
D90-2-08424	خارتۇملۇقلار ئەترىتى	headword	806_1R.png	unverified
D90-2-08425	خارت	headword	806_1R.png	unverified
D90-2-08426	خارت-خارت	headword	806_1R.png	unverified
D90-2-08427	خارت-خۇرت	headword	806_1R.png	unverified
D90-2-08428	خارتىلداتقۇزماق	headword	806_2L.png	unverified
D90-2-08429	خارتىلداتماق	headword	806_2L.png	unverified
D90-2-08430	خارتىلدىشماق	headword	806_2L.png	unverified
D90-2-08431	خارتىلدىماق	headword	806_2L.png	unverified
D90-2-08432	خارجي	headword	806_2L.png	verified
D90-2-08433	خار-خار	headword	806_2L.png	unverified
D90-2-08434	خار-خۇر	headword	806_2L.png	unverified
D90-2-08435	خاررىدە	headword	806_2L.png	unverified
D90-2-08436	خار-زار	headword	806_2L.png	unverified
D90-2-08437	خار-زارلىق	headword	807_1R.png	unverified
D90-2-08438	خارقىراتماق	headword	807_1R.png	unverified
D90-2-08439	خارقىراشماق	headword	807_1R.png	unverified
D90-2-08440	خارقىرىماق	headword	807_1R.png	unverified
D90-2-08441	خارلاتماق	headword	807_1R.png	unverified
D90-2-08442	خارلاشماق	headword	807_1R.png	unverified
D90-2-08443	خارلانماق	headword	807_2L.png	unverified
D90-2-08444	خارلىق	headword	807_2L.png	unverified
D90-2-08446	خارۇزار	headword	807_2L.png	unverified
D90-2-08447	خارىج	headword	807_2L.png	unverified
D90-2-08448	خارىچ قىلماق	headword	808_1R.png	unverified
D90-2-08449	خارىلداتماق	headword	808_1R.png	unverified
D90-2-08450	خارىلداشماق	headword	808_1R.png	unverified
D90-2-08451	خارىلدىماق	headword	808_1R.png	unverified
D90-2-08452	خازان	headword	808_1R.png	verified
D90-2-08455	خازانلىق	headword	808_2L.png	unverified
D90-2-08456	خاس	headword	808_2L.png	unverified
D90-2-08459	خاس چاستوتا	headword	809_1R.png	unverified
D90-2-08460	خاس ھۆكۈم	headword	809_1R.png	unverified
D90-2-08461	خاس ئۇقۇم	headword	809_1R.png	unverified
D90-2-08462	خاس ئىسىم	headword	809_1R.png	unverified
D90-2-08464	خاس-ئام	headword	809_1R.png	unverified
D90-2-08465	خاسلاشتۇرماق	headword	809_1R.png	unverified
D90-2-08466	خاسلاشتۇرۇلماق	headword	809_1R.png	unverified
D90-2-08467	خاسلاشماق	headword	809_1R.png	unverified
D90-2-08468	خاسلىق	headword	809_1R.png	unverified
D90-2-08470	خاسىڭلىق	headword	809_2L.png	unverified
D90-2-08471	خاسىيەت	headword	809_2L.png	unverified
D90-2-08472	خاقان	headword	809_2L.png	unverified
D90-2-08473	خاقانلىق	headword	810_1R.png	unverified
D90-2-08474	خاك شى	headword	810_1R.png	unverified
D90-2-08475	خاكسار	headword	810_1R.png	unverified
D90-2-08476	خاكسارلىق	headword	810_1R.png	unverified
D90-2-08477	خاكىپاي	headword	810_1R.png	unverified
D90-2-08480	خاڭچى	headword	810_2L.png	unverified
D90-2-08481	خاڭداتماق	headword	810_2L.png	unverified
D90-2-08482	خاڭداشماق	headword	810_2L.png	unverified
D90-2-08483	خاڭدالماق	headword	810_2L.png	unverified
D90-2-08484	خاڭدىماق	headword	810_2L.png	unverified
D90-2-08486	خاڭگا يىللىق	headword	810_2L.png	unverified
D90-2-08487	خال	headword	810_2L.png	unverified
D90-2-08488	خالا	headword	811_1R.png	unverified
D90-2-08489	خالا جاي	headword	811_1R.png	unverified
D90-2-08490	خالاپ	headword	811_1R.png	unverified
D90-2-08491	خالات	headword	811_1R.png	unverified
D90-2-08492	خالاتلىق	headword	811_1R.png	unverified
D90-2-08493	خالاس	headword	811_1R.png	unverified
D90-2-08494	خالاس ئەتمەك	headword	811_2L.png	unverified
D90-2-08497	خالاس قىلماق	headword	811_2L.png	unverified
D90-2-08495	خالاس ئەيلىمەك	headword	811_2L.png	verified
D90-2-08496	خالاس بولماق	headword	811_2L.png	unverified
D90-2-08498	خالاسكار	headword	811_2L.png	verified
D90-2-08499	خالاسكارلىق	headword	812_1R.png	unverified
D90-2-08500	خالاسلىق	headword	812_1R.png	unverified
D90-2-08501	خالاشماق	headword	812_1R.png	unverified
D90-2-08502	خالايىق	headword	812_1R.png	unverified
D90-2-08503	خالتا	headword	812_1R.png	unverified
D90-2-08504	خالتا قۇرت	headword	812_2L.png	unverified
D90-2-08505	خالتا قىلماق	headword	812_2L.png	unverified
D90-2-08506	خالتا كوچا	headword	812_2L.png	unverified
D90-2-08507	خالتا كۆڭلەك	headword	813_1R.png	unverified
D90-2-08508	خالتا يوپكا	headword	813_1R.png	unverified
D90-2-08509	خالتا-خالتا	headword	813_1R.png	unverified
D90-2-08510	خالتا-قويۇن	headword	813_1R.png	unverified
D90-2-08511	خالتىسىمان	headword	813_1R.png	unverified
D90-2-08512	خالتىلاپ	headword	813_1R.png	unverified
D90-2-08513	خالتىلاتماق	headword	813_1R.png	unverified
D90-2-08514	خالتىلاشماق	headword	813_1R.png	unverified
D90-2-08515	خالتىلىق	headword	813_2L.png	unverified
D90-2-08516	خالتىلىق زەمبۇرۇغلار	headword	813_2L.png	unverified
D90-2-08517	خالتىلىق زەمبۇرۇغلار سىنىپى	headword	813_2L.png	unverified
D90-2-08518	خالتىلىق سپورا	headword	813_2L.png	unverified
D90-2-08519	خالتىلىق سپورا مېۋىسى	headword	813_2L.png	unverified
D90-2-08520	خالتىلىق قۇرت	headword	813_2L.png	unverified
D90-2-08521	خالتىلىق ئىششىق	headword	814_1R.png	unverified
D90-2-08522	خالتىلىماق	headword	814_1R.png	unverified
D90-2-08523	خاللىق	headword	814_1R.png	unverified
D90-2-08524	خالو	headword	814_1R.png	unverified
D90-2-08525	خالۋاپ	headword	814_1R.png	unverified
D90-2-08526	خالۋاپلىق	headword	814_1R.png	unverified
D90-2-08527	خالىس	headword	814_1R.png	unverified
D90-2-08528	خالىسانە	headword	814_2L.png	verified
D90-2-08529	خالىسانىلىق	headword	814_2L.png	unverified
D90-2-08530	خالىسلىق	headword	815_1R.png	unverified
D90-2-08531	خالىغانچە	headword	815_1R.png	unverified
D90-2-08532	خالىماق	headword	815_1R.png	unverified
D90-2-08533	خالىي	headword	815_1R.png	unverified
D90-2-08535	خالىي بولماق	headword	816_1R.png	unverified
D90-2-08536	خالىي قىلماق	headword	816_1R.png	unverified
D90-2-08537	خالىيلاشتۇرماق	headword	816_1R.png	unverified
D90-2-08538	خالىيلاشمىق	headword	816_2L.png	unverified
D90-2-08539	خالىيلىق	headword	816_2L.png	unverified
D90-2-08540	خام	headword	816_2L.png	unverified
D90-2-08541	خام ئەشيا	headword	817_2L.png	unverified
D90-2-08542	خام توپا	headword	817_2L.png	verified
D90-2-08543	خام چاغلىماق	headword	817_2L.png	unverified
D90-2-08544	خام چوت	headword	818_1R.png	unverified
D90-2-08545	خام خەت	headword	818_1R.png	unverified
D90-2-08546	خام خىيال	headword	818_1R.png	unverified
D90-2-08547	خام سەي	headword	818_1R.png	unverified
D90-2-08548	خام سۇ	headword	818_2L.png	unverified
D90-2-08549	خام سۆز	headword	818_2L.png	unverified
D90-2-08550	خام سۈت ئەمگەن	headword	818_2L.png	unverified
D90-2-08551	خام سېمىز	headword	818_2L.png	unverified
D90-2-08552	خام شورپا	headword	818_2L.png	unverified
D90-2-08553	خام قايماق	headword	818_2L.png	unverified
D90-2-08554	خام كاللا	headword	819_1R.png	unverified
D90-2-08555	خام ماتېرىيال	headword	819_1R.png	unverified
D90-2-08556	خام مال	headword	819_1R.png	unverified
D90-2-08557	خېمىغا يانماق	headword	819_1R.png	unverified
D90-2-08561	خامار	headword	819_2L.png	unverified
D90-2-08562	خامان	headword	819_2L.png	unverified
D90-2-08563	خامان ئالماق	headword	820_1R.png	unverified
D90-2-08564	خامان تەپمەك	headword	820_1R.png	unverified
D90-2-08565	خامان سورۇماق	headword	820_1R.png	unverified
D90-2-08566	خامان قوشاقلىرى	headword	820_1R.png	unverified
D90-2-08567	خامان قىزى	headword	820_1R.png	unverified
D90-2-08606	خانقىز	headword	824_1R.png	verified
D90-2-08568	خامان قىلماق	headword	820_1R.png	unverified
D90-2-08569	خامانچى	headword	820_2L.png	unverified
D90-2-08571	خامانلىق	headword	820_2L.png	unverified
D90-2-08572	خامباستى	headword	820_2L.png	verified
D90-2-08574	خامپا	headword	821_1R.png	unverified
D90-2-08576	خامتالاش	headword	821_1R.png	unverified
D90-2-08577	خامتەك	headword	821_1R.png	unverified
D90-2-08579	خامچى	headword	821_2L.png	unverified
D90-2-08580	خام-خاتىلا	headword	821_2L.png	unverified
D90-2-08581	خام-خۇتا	nonstandard	821_2L.png	unverified
D90-2-08582	خامسۇق	headword	821_2L.png	unverified
D90-2-08583	خامدىماق	headword	821_2L.png	unverified
D90-2-08585	خاملىماق	headword	821_2L.png	unverified
D90-2-08584	خاملىق	headword	821_2L.png	unverified
D90-2-08586	خامۇت	headword	822_1R.png	unverified
D90-2-08587	خامۇش	headword	822_1R.png	unverified
D90-2-08588	خامۇشلانماق	headword	822_1R.png	unverified
D90-2-08589	خامۇشلۇق	headword	822_1R.png	unverified
D90-2-08590	خامېلېئون	headword	822_2L.png	verified
D90-2-08591	خامۇسكەرمەك	headword	822_2L.png	unverified
D90-2-08592	خان	headword	822_2L.png	unverified
D90-2-08593	خان ئاچا	headword	823_1R.png	unverified
D90-2-08594	خان ئاغىچا	headword	823_1R.png	unverified
D90-2-08595	خان ئانا	headword	823_1R.png	unverified
D90-2-08596	خان سارىيى	headword	823_1R.png	unverified
D90-2-08597	خان قىز	headword	823_1R.png	unverified
D90-2-08598	خانا	headword	823_1R.png	unverified
D90-2-08599	خاناقىماق	headword	823_2L.png	unverified
D90-2-08600	خانئەتلەس	headword	823_2L.png	verified
D90-2-08601	خانپەرەس	headword	824_1R.png	unverified
D90-2-08602	خانچە	headword	824_1R.png	unverified
D90-2-08603	خانىدان	headword	824_1R.png	unverified
D90-2-08603-v1	خانلىق، سۇلالە	variant	824_1R.png	unverified
D90-2-08604	خانىدانلىق	headword	824_1R.png	unverified
D90-2-08605	خانزادە	headword	824_1R.png	unverified
D90-2-08607	خانگۈل	headword	824_1R.png	unverified
D90-2-08608	خانلەيلۇن	headword	824_1R.png	unverified
D90-2-08609	خانلىق	headword	824_2L.png	unverified
D90-2-08610	خانۇمان	headword	824_2L.png	unverified
D90-2-08611	خانى	headword	824_2L.png	unverified
D90-2-08612	خانى تىلى	headword	824_2L.png	unverified
D90-2-08613	خانىچە	headword	825_1R.png	unverified
D90-2-08615	خانىش	headword	825_1R.png	unverified
D90-2-08616	خانىقا	headword	825_1R.png	unverified
D90-2-08617	خانىكە	headword	825_2L.png	unverified
D90-2-08618	خانىلار	headword	825_2L.png	unverified
D90-2-08619	خانىم	headword	825_2L.png	unverified
D90-2-08620	خانىمان	nonstandard	825_2L.png	unverified
D90-2-08622	خانۇۋەيران	headword	825_2L.png	unverified
D90-2-08623	خانىۋەيران بولماق	headword	826_1R.png	unverified
D90-2-08624	خانىۋەيران قىلماق	headword	826_1R.png	unverified
D90-2-08625	خانىۋەيرانچىلىق	headword	826_1R.png	unverified
D90-2-08626	خانىۋەيرانلىق	headword	826_1R.png	unverified
D90-2-08628	خاھىش	headword	826_2L.png	unverified
D90-2-08629	خاۋاتىر	headword	826_2L.png	unverified
D90-2-08630	خاۋاتىرلەندۈرمەك	headword	826_2L.png	unverified
D90-2-08631	خاۋاتىرلەنمەك	headword	827_1R.png	unverified
D90-2-08632	خاۋاتىرلىق	headword	827_1R.png	unverified
D90-2-08633	خاۋارىج	headword	827_1R.png	unverified
D90-2-08634	خاۋالىس	headword	827_1R.png	unverified
D90-2-08635	خائىن	headword	827_1R.png	unverified
D90-2-08636	خائىنانە	headword	827_2L.png	unverified
D90-2-08637	خائىنلارچە	headword	827_2L.png	unverified
D90-2-08638	خائىنلىق	headword	827_2L.png	unverified
D90-2-08639	خايا	headword	827_2L.png	unverified
D90-2-08640	خايان	headword	827_2L.png	unverified
D90-2-08641	خايناخا	headword	827_2L.png	unverified
D90-2-08642	خايى	nonstandard	828_1R.png	unverified
D90-2-08643	خەپ	headword	828_1R.png	unverified
D90-2-08644	خەپرۈك	headword	828_1R.png	unverified
D90-2-08644-v1	بەلغەم	variant	828_1R.png	unverified
D90-2-08645	خەپشۈك	headword	828_1R.png	verified
D90-2-08646	خەپلىمەك	headword	828_1R.png	unverified
D90-2-08647	خەت	headword	828_1R.png	unverified
D90-2-08650	خېتىنى ئالماق	headword	829_1R.png	unverified
D90-2-08651	خېتىنى بەرمەك	headword	829_1R.png	unverified
D90-2-08652	خەت-ئالاقە	headword	829_1R.png	unverified
D90-2-08653	خەتەر	headword	829_1R.png	unverified
D90-2-08654	خەتەرسىز	headword	829_2L.png	unverified
D90-2-08655	خەتەرسىزلەندۈرمەك	headword	829_2L.png	verified
D90-2-08656	خەتەرسىزلەندۈرۈلمەك	headword	829_2L.png	verified
D90-2-08657	خەتەرلەشمەك	headword	829_2L.png	verified
D90-2-08658	خەتەرلىك	headword	829_2L.png	verified
D90-2-08659	خەت-پەت	headword	830_1R.png	unverified
D90-2-08660	خەتتا	headword	830_1R.png	unverified
D90-2-08661	خەتتات	headword	830_1R.png	unverified
D90-2-08662	خەتتاتلىق	headword	830_1R.png	unverified
D90-2-08663	خەت-چەك	headword	830_1R.png	unverified
D90-2-08664	خەتچى	headword	830_1R.png	unverified
D90-2-08665	خەت-خالتا	headword	830_2L.png	unverified
D90-2-08666	خەت-خەۋەر	headword	830_2L.png	unverified
D90-2-08667	خەت-ساۋات	headword	830_2L.png	unverified
D90-2-08668	خەت-ساۋاتى بار	headword	830_2L.png	unverified
D90-2-08669	خەت-ساۋاتى چىقماق	headword	830_2L.png	unverified
D90-2-08670	خەت-ساۋاتى يوق	headword	830_2L.png	unverified
D90-2-08671	خەتسىمان	headword	830_2L.png	unverified
D90-2-08673	خەتكۈش	headword	831_1R.png	unverified
D90-2-08674	خەتلەتكۈزمەك	headword	831_1R.png	unverified
D90-2-08675	خەتلەتمەك	headword	831_1R.png	unverified
D90-2-08676	خەتلەنمەك	headword	831_1R.png	unverified
D90-2-08677	خەتلىك	headword	831_1R.png	unverified
D90-2-08678	خەتلىك گرانىت	headword	831_2L.png	unverified
D90-2-08679	خەتلىمەك	headword	831_2L.png	unverified
D90-2-08680	خەتمە	headword	831_2L.png	unverified
D90-2-08682	خەتمە - ئىستىغپار	headword	831_2L.png	unverified
D90-2-08684	خەتمە - ئىستىغپار ئوقۇماق	headword	832_1R.png	unverified
D90-2-08684-v1	خەتمە - ئىستىغپار قىلماق	variant	832_1R.png	unverified
D90-2-08685	خەتمۇخەت	headword	832_1R.png	unverified
D90-2-08686	خەتمىقۇرئان	headword	832_1R.png	verified
D90-2-08687	خەتنە	headword	832_1R.png	unverified
D90-2-08690	خەتنىچى	headword	832_1R.png	unverified
D90-2-08691	خەتنىلىك	headword	832_2L.png	unverified
D90-2-08693	خەج	headword	832_2L.png	unverified
D90-2-08694	خەج-خىراج	headword	832_2L.png	unverified
D90-2-08695	خەج-خىراجەت	headword	832_2L.png	unverified
D90-2-08696	خەجلەتمەك	headword	833_1R.png	unverified
D90-2-08697	خەجلەشمەك	headword	833_1R.png	unverified
D90-2-08698	خەجلەنمەك	headword	833_1R.png	unverified
D90-2-08699	خەجلىمەك	headword	833_1R.png	unverified
D90-2-08700	خەددەڭ	headword	833_1R.png	unverified
D90-2-08701	خەر	nonstandard	833_1R.png	unverified
D90-2-08853	خەير	headword	849_1R.png	unverified
D90-2-08703	خەرىتە	headword	833_1R.png	unverified
D90-2-08704	خەرىتىلەشتۈرمەك	headword	833_2L.png	unverified
D90-2-08705	خەرىتىلەشتۈرۈلمەك	headword	833_2L.png	unverified
D90-2-08707	خەزىنى	headword	833_2L.png	unverified
D90-2-08708	خەزىنىچى	headword	834_1R.png	unverified
D90-2-08709	خەزىنىدار	headword	834_1R.png	unverified
D90-2-08710	خەزىنىدارلىق	headword	834_1R.png	unverified
D90-2-08711	خەس	headword	834_2L.png	unverified
D90-2-08717	خەسە	headword	835_1R.png	unverified
D90-2-08718	خەستە	headword	835_1R.png	unverified
D90-2-08719	خەستىلەنمەك	headword	835_1R.png	unverified
D90-2-08720	خەسىس	headword	835_1R.png	unverified
D90-2-08721	خەسىسلىك	headword	835_2L.png	unverified
D90-2-08722	خەشەك	headword	835_2L.png	unverified
D90-2-08724	خەشەك ئۆرۈك	headword	835_2L.png	unverified
D90-2-08725	خەشلىمەك	nonstandard	835_2L.png	unverified
D90-2-08726	خەق	headword	835_2L.png	unverified
D90-2-08727	خەقنىڭ پوستۇمبىسىدا تەرلىمەك	headword	836_1R.png	unverified
D90-2-08730	خەقنىڭ جۇۋىسىدا تەرلىمەك	headword	836_1R.png	unverified
D90-2-08728	خەقنىڭ پۇلىدا نەزىر قىلماق	headword	836_1R.png	unverified
D90-2-08729	خەقنىڭ تەرىتىدە ناماز ئوقۇماق	headword	836_1R.png	unverified
D90-2-08731	خەقنىڭ داستىخىنىدا مېھمان ئۇزاتماق	headword	836_1R.png	unverified
D90-2-08732	خەقنىڭ دومبىقىنى چالماق	headword	836_1R.png	unverified
D90-2-08733	خەقنىڭ دېپىغا ئۇسسۇل ئوينىماق	headword	836_2L.png	unverified
D90-2-08734	خەقنىڭ سايىسىدا جان باقماق	headword	836_2L.png	unverified
D90-2-08735	خەقنىڭ سايىسىدا كۈن ئالماق	headword	836_2L.png	unverified
D90-2-08736	خەقنىڭ قولىغا قاراپ قالماق	headword	836_2L.png	unverified
D90-2-08737	خەقنىڭ كەتمىنىنى چايماق	headword	836_2L.png	unverified
D90-2-08738	خەقىش	headword	836_2L.png	unverified
D90-2-08740	خەقىشلىك	headword	837_1R.png	unverified
D90-2-08741	خەلپە	headword	837_1R.png	unverified
D90-2-08742	خەلپەت	headword	837_1R.png	unverified
D90-2-08743	خەلپىلىك	headword	837_1R.png	unverified
D90-2-08744	خەلدەڭ	headword	837_1R.png	unverified
D90-2-08745	خەلق	headword	837_1R.png	unverified
D90-2-08746	خەلق ئازادلىق ئۇرۇشى	headword	837_2L.png	unverified
D90-2-08747	خەلق پۇلى	headword	837_2L.png	unverified
D90-2-08748	خەلق تەپتىش مەھكىمىسى	headword	837_2L.png	unverified
D90-2-08749	خەلق تەشكىلاتلىرى	headword	837_2L.png	unverified
D90-2-08750	خەلق دېموكراتىك دىكتاتۇرىسى	headword	838_1R.png	unverified
D90-2-08751	خەلق دېموكراتىك ئىنقىلابى	headword	838_1R.png	unverified
D90-2-08751-v1	يېڭى دېموكراتىك ئىنقىلاب	variant	838_1R.png	unverified
D90-2-08752	خەلق زاسېداتېلى	headword	838_1R.png	unverified
D90-2-08753	خەلق ساقچىسى	headword	838_1R.png	unverified
D90-2-08754	خەلق سوت مەھكىمىسى	headword	838_1R.png	unverified
D90-2-08755	خەلق سوتى	headword	838_1R.png	unverified
D90-2-08756	خەلق سۆيەر	headword	838_2L.png	unverified
D90-2-08757	خەلق قوشىقى	headword	838_2L.png	unverified
D90-2-08758	خەلق قۇرۇلتىيى	headword	838_2L.png	unverified
D90-2-08759	خەلق گوڭشېسى	headword	838_2L.png	unverified
D90-2-08760	خەلق مائارىپى	headword	838_2L.png	unverified
D90-2-08761	خەلق ناخشىسى	headword	839_1R.png	unverified
D90-2-08762	خەلق ئۇرۇشى	headword	839_1R.png	unverified
D90-2-08763	خەلق ئۇسسۇلى	headword	839_1R.png	verified
D90-2-08764	خەلق ھۆكۈمىتى	headword	839_1R.png	unverified
D90-2-08765	خەلق ئېغىز ئەدەبىياتى	headword	839_1R.png	unverified
D90-2-08766	خەلق ئىچىدىكى زىددىيەت	headword	839_1R.png	unverified
D90-2-08767	خەلق ئىگىلىكى	headword	839_2L.png	unverified
D90-2-08768	خەلق ئىگىلىكى پىلانى	headword	839_2L.png	unverified
D90-2-08769	خەلق ئىگىلىكى نىسبىتى	headword	840_1R.png	unverified
D90-2-08770	خەلقئارا	headword	840_1R.png	unverified
D90-2-08772	خەلقئارا بىئولوگىيىلىك بىرلىك	headword	840_2L.png	unverified
D90-2-08773	خەلقئارا تاۋار كېلىشىمى	headword	840_2L.png	unverified
D90-2-08774	خەلقئارا ترانىكرىپسىيە	headword	840_2L.png	unverified
D90-2-08775	خەلقئارا سودا	headword	841_1R.png	unverified
D90-2-08776	خەلقئارا قانۇن	headword	841_1R.png	unverified
D90-2-08777	خەلقئارا قائىدە	headword	841_1R.png	unverified
D90-2-08778	خەلقئاراچە	headword	841_1R.png	unverified
D90-2-08780	خەلقئارالاشتۇرماق	headword	841_2L.png	unverified
D90-2-08781	خەلقئارالاشتۇرۇلماق	headword	841_2L.png	unverified
D90-2-08782	خەلقئارالاشماق	headword	841_2L.png	unverified
D90-2-08783	خەلقئارالىق	headword	841_2L.png	unverified
D90-2-08784	خەلقپەرۋەر	headword	842_1R.png	verified
D90-2-08785	خەلقپەرۋەرلىك	headword	842_1R.png	unverified
D90-2-08786	خەلقچىل	headword	842_1R.png	unverified
D90-2-08787	خەلقچىللىق	headword	842_2L.png	unverified
D90-2-08788	خەلقىئالەم	headword	842_2L.png	unverified
D90-2-08789	خەلىپە	headword	842_2L.png	unverified
D90-2-08790	خەلىپىلىك	headword	842_2L.png	unverified
D90-2-08791	خەمەك	headword	842_2L.png	unverified
D90-2-08792	خەمەلە	headword	842_2L.png	unverified
D90-2-08794	خەمەكسىز	headword	843_1R.png	unverified
D90-2-08795	خەمەكلىمەك	headword	843_1R.png	verified
D90-2-08796	خەمسە	headword	843_1R.png	unverified
D90-2-08797	خەمسىچىلىك	headword	843_1R.png	unverified
D90-2-08798	خەنجەر	headword	843_1R.png	unverified
D90-2-08800	خەنجەر يوپۇرماقلىق پىچانگۈل	headword	843_2L.png	unverified
D90-2-08801	خەنجەرىسمان	headword	843_2L.png	unverified
D90-2-08802	خەنجەرلىك	headword	843_2L.png	unverified
D90-2-08803	خەنجەرلىمەك	headword	843_2L.png	unverified
D90-2-08804	خەنجەرۋاز	headword	844_1R.png	unverified
D90-2-08805	خەنجەرۋازلىق	headword	844_1R.png	unverified
D90-2-08806	خەندان	headword	844_1R.png	unverified
D90-2-08807	خەندان ئەيلىمەك	headword	844_1R.png	unverified
D90-2-08808	خەندان ئۇرماق	headword	844_1R.png	unverified
D90-2-08809	خەندە	headword	844_1R.png	unverified
D90-2-08810	خەندەك	headword	844_2L.png	unverified
D90-2-08811	خەنزۇ	headword	844_2L.png	verified
D90-2-08812	خەنزۇ تىلى	headword	844_2L.png	unverified
D90-2-08813	خەنزۇ-زاڭزۇ تىللىرى سىستېمىسى	headword	844_2L.png	unverified
D90-2-08814	خەنزۇچە	headword	845_1R.png	unverified
D90-2-08815	خەنزۇشۇناس	headword	845_1R.png	unverified
D90-2-08816	خەنزۇشۇناسلىق	headword	845_1R.png	unverified
D90-2-08817	خەنزۇلار	headword	845_1R.png	unverified
D90-2-08818	خەۋەر	headword	845_1R.png	unverified
D90-2-08819	خەۋەر ئالماق	headword	845_2L.png	unverified
D90-2-08820	خەۋەر بەرمەك	headword	845_2L.png	unverified
D90-2-08823	خەۋەر قىلماق	headword	845_2L.png	unverified
D90-2-08821	خەۋەر تاپماق	headword	845_2L.png	unverified
D90-2-08822	خەۋەر جۈملە	headword	845_2L.png	unverified
D90-2-08822-v1	بايان جۈملە	variant	845_2L.png	unverified
D90-2-08824	خەۋىرى بار	headword	846_1R.png	unverified
D90-2-08825	خەۋىرى يوق	headword	846_1R.png	unverified
D90-2-08826	خەۋەرچى	headword	846_1R.png	unverified
D90-2-08827	خەۋەرچىلىك	headword	846_1R.png	unverified
D90-2-08828	خەۋەردار	headword	846_2L.png	unverified
D90-2-08831	خەۋەرسىز	headword	846_2L.png	unverified
D90-2-08832	خەۋەرلەشمەك	headword	847_1R.png	unverified
D90-2-08833	خەۋەرلەندۈرمەك	headword	847_1R.png	unverified
D90-2-08834	خەۋەرلەندۈرۈلمەك	headword	847_1R.png	unverified
D90-2-08835	خەۋەرلەنمەك	headword	847_1R.png	unverified
D90-2-08836	خەۋەرلىشىش	headword	847_1R.png	unverified
D90-2-08838	خەۋپ	headword	847_2L.png	unverified
D90-2-08839	خەۋپ-خەتەر	headword	847_2L.png	unverified
D90-2-08840	خەۋپ-خەتەرسىز	headword	848_1R.png	unverified
D90-2-08841	خەۋپ-خەتەرلىك	headword	848_1R.png	unverified
D90-2-08842	خەۋپسىرىمەك	headword	848_1R.png	unverified
D90-2-08843	خەۋپسىز	headword	848_1R.png	verified
D90-2-08844	خەۋپسىزلەندۈرمەك	headword	848_1R.png	unverified
D90-2-08845	خەۋپسىزلەندۈرۈلمەك	headword	848_2L.png	unverified
D90-2-08846	خەۋپسىزلەنمەك	headword	848_2L.png	unverified
D90-2-08847	خەۋپسىزلىك	headword	848_2L.png	unverified
D90-2-08849	خەۋپلەنمەك	headword	848_2L.png	unverified
D90-2-08850	خەۋپلىك	headword	849_1R.png	unverified
D90-2-08854	خەيرچى	headword	849_2L.png	unverified
D90-2-08855	خەيرخاھ	headword	849_2L.png	unverified
D90-2-08856	خەيرخاھ بولماق	headword	849_2L.png	unverified
D90-2-08857	خەيرخاھلىق	headword	849_2L.png	unverified
D90-2-08858	خەير-ساخاۋەت	headword	850_1R.png	unverified
D90-2-08859	خەير-سەدىقە	headword	850_1R.png	unverified
D90-2-08860	خەيرلەشمەك	headword	850_1R.png	unverified
D90-2-08861	خەيرلىك	headword	850_1R.png	unverified
D90-2-08862	خەيرلىك ئەتىگەن	headword	850_2L.png	unverified
D90-2-08863	خەيرلىك كەچ	headword	850_2L.png	unverified
D90-2-08864	خەير-ئېھسان	headword	850_2L.png	unverified
D90-2-08865	خەيرىيەتچى	headword	850_2L.png	unverified
D90-2-08866	خەيرىيەتچىلىك	headword	850_2L.png	unverified
D90-2-08867	خەيرىيەت	headword	850_2L.png	unverified
D90-2-08868	خەيلەمچى	headword	850_2L.png	unverified
D90-2-08870	خروم	headword	851_1R.png	unverified
D90-2-08872	خروماتىن	headword	851_1R.png	unverified
D90-2-08873	خروملۇق	headword	851_2L.png	unverified
D90-2-08875	خروموسوما	headword	851_2L.png	unverified
D90-2-08877	خرومومېر	headword	851_2L.png	unverified
D90-2-08878	خرومىت	headword	851_2L.png	unverified
D90-2-08879	خرۇستال	headword	852_1R.png	verified
D90-2-08879-v1	بللور	variant	852_1R.png	verified
D90-2-08880	خرېستوماتىيە	headword	852_1R.png	verified
D90-2-08881	خرىزو بېرىل	headword	852_1R.png	verified
D90-2-08882	خرىستوس	headword	852_1R.png	verified
D90-2-08883	خرىستىئان	headword	852_1R.png	verified
D90-2-08885	خرىستىئانچە	headword	852_2L.png	unverified
D90-2-08886	خرىستىئانلىق	headword	852_2L.png	verified
D90-2-08887	خلامىدوموناس	headword	852_2L.png	unverified
D90-2-08888	خلور	headword	852_2L.png	unverified
D90-2-08889	خلور گازى	headword	853_1R.png	unverified
D90-2-08890	خلورلۇق	headword	853_1R.png	unverified
D90-2-08891	خلوروپلاست	headword	853_1R.png	unverified
D90-2-08892	خلورو فورم	headword	853_1R.png	unverified
D90-2-08893	خلوروفىل	headword	853_2L.png	unverified
D90-2-08894	خلورومىتىسېتىن	headword	853_2L.png	unverified
D90-2-08895	خلورىت	headword	853_2L.png	unverified
D90-2-08897	خوپ	headword	854_1R.png	unverified
D90-2-08898	خوپ بولۇپتۇ	headword	854_1R.png	unverified
D90-2-08899	خوپ بولماق	headword	854_1R.png	unverified
D90-2-08900	خوپ چۈشمەك	headword	854_1R.png	unverified
D90-2-08900-v1	خوپ كەلمەك	variant	854_1R.png	unverified
D90-2-08901	خوپ قىلدى	headword	854_2L.png	unverified
D90-2-08902	خوپ قەلىمى	headword	854_2L.png	unverified
D90-2-08903	خوپ كۆرمەك	headword	854_2L.png	unverified
D90-2-08904	خوپلاشتۇرماق	headword	854_2L.png	unverified
D90-2-08905	خوپلاشتۇرۇلماق	headword	854_2L.png	unverified
D90-2-08906	خوپلاشماق	headword	854_2L.png	unverified
D90-2-08907	خوپلۇق	headword	854_2L.png	unverified
D90-2-08908	خوت	headword	855_1R.png	unverified
D90-2-08909	خوتتىن چىقماق	headword	855_1R.png	unverified
D90-2-08910	خوتقا چۈشمەك	headword	855_1R.png	unverified
D90-2-08911	خوتقا سالماق	headword	855_1R.png	unverified
D90-2-08912	خوت يۆتكىمەك	headword	855_2L.png	unverified
D90-2-08913	خوتەك	headword	855_2L.png	unverified
D90-2-08914	خوتەكلىمەك	headword	855_2L.png	unverified
D90-2-08915	خوتتىنىيە	headword	855_2L.png	verified
D90-2-08916	خوتتىنىيە ئوتى	headword	855_2L.png	unverified
D90-2-08917	خوتۈن	headword	855_2L.png	unverified
D90-2-08918	خوتۇن بولماق	headword	856_1R.png	unverified
D90-2-08919	خوتۇن تالاق	headword	856_1R.png	unverified
D90-2-08920	خوتۇن خەق	headword	856_1R.png	unverified
D90-2-08921	خوتۇن سالدى	headword	856_1R.png	unverified
D90-2-08922	خوتۇن قىلماق	headword	856_1R.png	unverified
D90-2-08923	خوتۇنۋاز	headword	856_1R.png	unverified
D90-2-08924	خوتۇن-بالا	headword	856_2L.png	unverified
D90-2-08925	خوتۇنپەرەس	headword	856_2L.png	unverified
D90-2-08926	خوتۇنپەرەسلىك	headword	856_2L.png	unverified
D90-2-08927	خوتۇنسىز	headword	856_2L.png	unverified
D90-2-08928	خوتۇنسىزلىق	headword	856_2L.png	unverified
D90-2-08929	خوتۇن-قىزلار	headword	856_2L.png	unverified
D90-2-08930	خوتۇنلۇق	headword	856_2L.png	unverified
D90-2-08931	خوجا	headword	857_1R.png	unverified
D90-2-08932	خوجا بولماق	headword	857_2L.png	unverified
D90-2-08933	خوجا كۆرسۈنگە	headword	857_2L.png	unverified
D90-2-08934	خوجا كۆرسۈن ئۈچۈن	headword	857_2L.png	unverified
D90-2-08935	خوجانىل	headword	857_2L.png	verified
D90-2-08936	خوجايىن	headword	857_2L.png	unverified
D90-2-08937	خوجايىنلارچە	headword	857_2L.png	unverified
D90-2-08938	خوجايىنلىق	headword	858_1R.png	unverified
D90-2-08939	خوجىلىق	headword	858_1R.png	unverified
D90-2-08941	خوخا	headword	858_1R.png	unverified
D90-2-08943	خۇختا	headword	858_1R.png	unverified
D90-2-08944	خور	headword	858_2L.png	unverified
D90-2-08948	خوراتقۇچى	headword	858_2L.png	unverified
D90-2-08950	خوراتماق	headword	858_2L.png	unverified
D90-2-08951	خوراز	headword	859_1R.png	unverified
D90-2-08952	خوراز-مىكىيىنى ئايرىلماق	headword	859_1R.png	unverified
D90-2-08953	خورازچىلاپ	headword	859_1R.png	unverified
D90-2-08954	خوراشچان	headword	859_1R.png	unverified
D90-2-08955	خوراشچانلىق	headword	859_1R.png	unverified
D90-2-08956	خورەك	headword	859_1R.png	unverified
D90-2-08958	خورىكى چوڭ	headword	859_2L.png	unverified
D90-2-08959	خورىكى ئۆسمەك	headword	859_2L.png	unverified
D90-2-08960	خورىكى ئۈستۈن	headword	859_2L.png	unverified
D90-2-08961	خورىكى ئېگىز	headword	859_2L.png	unverified
D90-2-08962	خورىكى يوغىنىماق	headword	859_2L.png	unverified
D90-2-08963	خورەكچى	headword	859_2L.png	unverified
D90-2-08964	خورت	headword	860_1R.png	unverified
D90-2-08965	خورت-خورت	headword	860_1R.png	unverified
D90-2-08966	خورتىلدىماق	headword	860_1R.png	unverified
D90-2-08967	خور-خور	headword	860_1R.png	unverified
D90-2-08968	خورخور	headword	860_1R.png	unverified
D90-2-08968-v1	پىستە II	variant	860_1R.png	unverified
D90-2-08969	خوردا	headword	860_1R.png	unverified
D90-2-08975	خوردان	headword	860_2L.png	unverified
D90-2-08976	خوردىلىقلار	headword	860_2L.png	unverified
D90-2-08977	خورسىندۇرماق	headword	860_2L.png	unverified
D90-2-08978	خورسىنماق	headword	860_2L.png	unverified
D90-2-08979	خورلاشماق	headword	860_2L.png	unverified
D90-2-08980	خورلانماق	headword	860_2L.png	unverified
D90-2-08981	خورلۇق	headword	861_1R.png	unverified
D90-2-08982	خورلىماق	headword	861_1R.png	unverified
D90-2-08983	خورما	headword	861_1R.png	unverified
D90-2-08984	خورما رەڭ	headword	861_1R.png	unverified
D90-2-08984-v1	بېغىر رەڭ	variant	861_1R.png	unverified
D90-2-08985	خورمىزار	headword	861_1R.png	unverified
D90-2-08986	خورمىلىق	headword	861_2L.png	unverified
D90-2-08987	خورۇلداتماق	headword	861_2L.png	unverified
D90-2-08988	خورۇلداشماق	headword	861_2L.png	unverified
D90-2-08989	خورۇلدىماق	headword	861_2L.png	unverified
D90-2-08990	خورىتىش	headword	861_2L.png	unverified
D90-2-08992	خورىتىشماق	headword	861_2L.png	unverified
D90-2-08993	خورىماس	headword	861_2L.png	unverified
D90-2-08994	خورىماق	headword	862_1R.png	unverified
D90-2-08995	خوزۇر	headword	862_1R.png	unverified
D90-2-08997	خوسا	headword	862_2L.png	unverified
D90-2-08998	خوستاگۈل	headword	862_2L.png	unverified
D90-2-08999	خوش	headword	862_2L.png	unverified
D90-2-09001	خوشاڭچى	headword	863_1R.png	unverified
D90-2-09002	خوش-خوش	headword	863_1R.png	unverified
D90-2-09003	خوشلاشماق	headword	863_2L.png	unverified
D90-2-09004	خوشنا	headword	863_2L.png	unverified
D90-2-09004-v1	قوشنا	variant	863_2L.png	unverified
D90-2-09005	خوشۇت	headword	863_2L.png	unverified
D90-2-09006	خولۇپ	headword	863_2L.png	unverified
D90-2-09008	خولۇپپىدە	headword	863_2L.png	unverified
D90-2-09009	خولۇپ-خولۇپ	headword	863_2L.png	unverified
D90-2-09010	خولۇپشىتماق	headword	864_1R.png	unverified
D90-2-09011	خولۇپشىماق	headword	864_1R.png	unverified
D90-2-09012	خولۇپلاتماق	headword	864_1R.png	unverified
D90-2-09013	خولۇپلىماق	headword	864_1R.png	unverified
D90-2-09014	خولۇم-خوشنا	headword	864_1R.png	unverified
D90-2-09014-v1	قولۇم-قوشنا	variant	864_1R.png	unverified
D90-2-09015	خولېرا	headword	864_1R.png	unverified
D90-2-09016	خولېستېرىن	headword	864_1R.png	unverified
D90-2-09017	خولىن	headword	864_2L.png	unverified
D90-2-09018	خولىن كىسلاتا	headword	864_2L.png	unverified
D90-2-09019	خولىنجان	headword	864_2L.png	unverified
D90-2-09020	خون	headword	864_2L.png	unverified
D90-2-09021	خونچا	headword	864_2L.png	unverified
D90-2-09022	خونچىلاتماق	headword	865_1R.png	unverified
D90-2-09023	خونچىلاشماق	headword	865_1R.png	unverified
D90-2-09024	خونچىلانماق	headword	865_1R.png	unverified
D90-2-09025	خونچىلىماق	headword	865_1R.png	unverified
D90-2-09026	خوندرىئوسوم	headword	865_1R.png	unverified
D90-2-09027	خوي	headword	865_2L.png	unverified
D90-2-09028	خويمۇ	headword	865_2L.png	unverified
D90-2-09032	خۇپتەن	headword	866_1R.png	unverified
D90-2-09033	خۇپتەندىن قېچىپ تاراۋىغا تۇتۇلماق	headword	866_1R.png	unverified
D90-2-09034	خۇپتەندىن قېچىپ تاراۋىغا ئۇچرىماق	headword	866_1R.png	unverified
D90-2-09035	خۇپتەن نامىزى	headword	866_1R.png	unverified
D90-2-09036	خۇپسەن	headword	866_1R.png	unverified
D90-2-09037	خۇپەنلىك	headword	866_2L.png	unverified
D90-2-09038	خۇپىيانە	headword	866_2L.png	verified
D90-2-09039	خۇتبە	headword	866_2L.png	unverified
D90-2-09040	خۇد	headword	866_2L.png	unverified
D90-2-09040-i1	خۇدى	inflected	866_2L.png	unverified
D90-2-09041	خۇدىنى بىلمەك	headword	867_1R.png	unverified
D90-2-09041-v1	ئېسىنى بىلمەك	variant	867_1R.png	unverified
D90-2-09042	خۇدىنى يوقاتماق	headword	867_1R.png	unverified
D90-2-09042-v1	ئېسىنى يوقاتماق	variant	867_1R.png	unverified
D90-2-09043	خۇدا	headword	867_1R.png	unverified
D90-2-09043-i1	خۇداسى	inflected	867_1R.png	unverified
D90-2-09044	خۇدا بەردى	headword	867_1R.png	unverified
D90-2-09045	خۇدا بۇيرۇسا	headword	867_1R.png	unverified
D90-2-09046	خۇدا خالىسا	headword	867_2L.png	unverified
D90-2-09047	خۇدا رەھمەت قىلسۇن	headword	867_2L.png	unverified
D90-2-09048	خۇدا ساقلىسۇن	headword	867_2L.png	unverified
D90-2-09049	خۇداغا ئامانەت	headword	867_2L.png	unverified
D90-2-09050	خۇداغا تاپشۇردۇم	headword	867_2L.png	unverified
D90-2-09051	خۇداغا شۈكۈر	headword	867_2L.png	unverified
D90-2-09052	خۇداغا قويدۇم	headword	868_1R.png	unverified
D90-2-09053	خۇدا كۆرسەتمىسۇن	headword	868_1R.png	unverified
D90-2-09054	خۇدانىڭ دەرگاھىغا كەتمەك	headword	868_1R.png	unverified
D90-2-09055	خۇدانىڭ قۇتلۇق كۈنى	headword	868_1R.png	unverified
D90-2-09056	خۇدانىڭ ئۇرغىنى	headword	868_1R.png	unverified
D90-2-09057	خۇدا ھەققى	headword	868_1R.png	unverified
D90-2-09058	خۇدا ئۇرسۇن	headword	868_2L.png	unverified
D90-2-09059	خۇدا ئۇرغان	headword	868_2L.png	unverified
D90-2-09060	خۇدا يولىدا	headword	868_2L.png	unverified
D90-2-09061	خۇداپەرەس	headword	868_2L.png	unverified
D90-2-09062	خۇداپەرەسلىك	headword	868_2L.png	unverified
D90-2-09063	خۇداسىز	headword	868_2L.png	unverified
D90-2-09064	خۇداسىزلىق	headword	869_1R.png	unverified
D90-2-09065	خۇداگۈي	headword	869_1R.png	unverified
D90-2-09066	خۇداگۈيلىق	headword	869_1R.png	unverified
D90-2-09067	خۇدالىق	headword	869_1R.png	unverified
D90-2-09069	خۇدايا	headword	869_2L.png	unverified
D90-2-09070	خۇدايا توۋا	headword	869_2L.png	unverified
D90-2-09071	خۇدايا شۈكرى	headword	869_2L.png	unverified
D90-2-09072	خۇدايىتائالا	headword	869_2L.png	unverified
D90-2-09073	خۇدايى	headword	869_2L.png	unverified
D90-2-09075	خۇدايى قوناق	headword	869_2L.png	unverified
D90-2-09075-v1	خۇدايى مېھمان	variant	869_2L.png	unverified
D90-2-09076	خۇدبىن	headword	870_1R.png	unverified
D90-2-09077	خۇدبىنلىق	headword	870_1R.png	unverified
D90-2-09078	خۇددى	headword	870_1R.png	unverified
D90-2-09079	خۇدۈك	headword	870_1R.png	unverified
D90-2-09080	خۇدۈكچان	headword	870_2L.png	unverified
D90-2-09081	خۇدۈكچانلىق	headword	870_2L.png	unverified
D90-2-09082	خۇدۈكسىرىمەك	headword	870_2L.png	unverified
D90-2-09086	خۇدۈكلەنمەك	headword	871_1R.png	unverified
D90-2-09083	خۇدۈكسىز	headword	870_2L.png	unverified
D90-2-09084	خۇدۈكسىنماق	headword	870_2L.png	unverified
D90-2-09085	خۇدۈكلەندۈرمەك	headword	871_1R.png	unverified
D90-2-09087	خۇراپات	headword	871_1R.png	unverified
D90-2-09088	خۇراپاتچى	headword	871_1R.png	unverified
D90-2-09089	خۇراپاتلىق	headword	871_1R.png	unverified
D90-2-09090	خۇراپىي	headword	871_2L.png	unverified
D90-2-09091	خۇراپىيلارچە	headword	871_2L.png	unverified
D90-2-09092	خۇراپىيلىق	headword	871_2L.png	unverified
D90-2-09093	خۇرال	headword	871_2L.png	unverified
D90-2-09094	خۇرام	headword	871_2L.png	unverified
D90-2-09095	خۇرامسىز	headword	871_2L.png	unverified
D90-2-09096	خۇرجۇن	headword	871_2L.png	unverified
D90-2-09097	خۇرجۇنچىلاپ	headword	872_1R.png	unverified
D90-2-09098	خۇرسەن	headword	872_1R.png	unverified
D90-2-09099	خۇرسەن بولماق	headword	872_1R.png	unverified
D90-2-09100	خۇرسەن قىلماق	headword	872_2L.png	unverified
D90-2-09101	خۇرسەنلىك	headword	872_2L.png	unverified
D90-2-09101-v1	خۇرسەنلىك «خۇرسەن» سۆزىنىڭ ئىسىم شەكلى	variant	872_2L.png	unverified
D90-2-09102	خۇرشىد	headword	872_2L.png	unverified
D90-2-09103	خۇرۇج	headword	872_2L.png	unverified
D90-2-09105	خۇرۇم	headword	873_1R.png	unverified
D90-2-09107	خۇرۇمچىلىق	headword	873_1R.png	unverified
D90-2-09108	خۇسۇس	headword	873_1R.png	unverified
D90-2-09109	خۇسۇسەن	headword	873_2L.png	unverified
D90-2-09110	خۇسۇسىي	headword	873_2L.png	unverified
D90-2-09116	خۇسۇسىيەت	headword	874_1R.png	unverified
D90-2-09118	خۇسۇسىيەتلىك	headword	874_1R.png	unverified
D90-2-09119	خۇسۇسىيلىق	headword	874_1R.png	unverified
D90-2-09120	خۇسۇمەت	headword	874_1R.png	unverified
D90-2-09121	خۇسۇمەتچى	headword	874_1R.png	unverified
D90-2-09122	خۇش	headword	874_2L.png	unverified
D90-2-09127	خۇش پۇراق	headword	875_1R.png	unverified
D90-2-09128	خۇش پېئىل	headword	875_1R.png	unverified
D90-2-09129	خۇش پىچىم	headword	875_1R.png	unverified
D90-2-09130	خۇش تەبەسسۇم	headword	875_2L.png	unverified
D90-2-09131	خۇش تەبىئەت	headword	875_2L.png	unverified
D90-2-09132	خۇش چاغ	headword	875_2L.png	unverified
D90-2-09133	خۇش چاقچاق	headword	875_2L.png	unverified
D90-2-09134	خۇش چىراي	headword	875_2L.png	unverified
D90-2-09135	خۇش خەت	headword	876_1R.png	verified
D90-2-09135-v1	ھۆسن خەت	variant	876_1R.png	verified
D90-2-09136	خۇش خەۋەر	headword	876_1R.png	unverified
D90-2-09137	خۇش خۇي	headword	876_1R.png	unverified
D90-2-09138	خۇش سۆھبەت	headword	876_1R.png	unverified
D90-2-09139	خۇش قامەت	headword	876_1R.png	unverified
D90-2-09140	خۇش قىلماق	headword	876_2L.png	unverified
D90-2-09141	خۇش كەيپ	headword	876_2L.png	unverified
D90-2-09142	خۇش كۆرمەك	headword	876_2L.png	unverified
D90-2-09143	خۇش كۆرۈم	headword	876_2L.png	unverified
D90-2-09144	خۇش كېلىپسىز	headword	876_2L.png	unverified
D90-2-09145	خۇش مۇئامىلە	headword	876_2L.png	unverified
D90-2-09146	خۇش ناۋا	headword	876_2L.png	unverified
D90-2-09147	خۇش ۋاقىت	headword	877_1R.png	unverified
D90-2-09148	خۇشى تۇتماق	headword	877_1R.png	unverified
D90-2-09149	خۇشى قالماسلىق	headword	877_1R.png	unverified
D90-2-09150	خۇشى كەتمەك	headword	877_1R.png	unverified
D90-2-09151	خۇشى كەلمەك	headword	877_1R.png	unverified
D90-2-09152	خۇش ياقماس	headword	877_1R.png	unverified
D90-2-09153	خۇش ياقماق	headword	877_2L.png	unverified
D90-2-09154	خۇشال	headword	877_2L.png	verified
D90-2-09155	خۇشال بولماق	headword	877_2L.png	unverified
D90-2-09156	خۇشال قىلماق	headword	877_2L.png	unverified
D90-2-09157	خۇشالچىلىق	nonstandard	878_1R.png	unverified
D90-2-09162	خۇشاللىق	headword	878_1R.png	unverified
D90-2-09158	خۇشال-خۇرام	headword	878_1R.png	unverified
D90-2-09159	خۇشال-خۇراملىق	headword	878_1R.png	unverified
D90-2-09160	خۇشاللاندۇرماق	headword	878_1R.png	unverified
D90-2-09161	خۇشاللانماق	headword	878_1R.png	unverified
D90-2-09163	خۇشاللىقى قىن-قىنىغا پاتماي قالماق	headword	878_2L.png	unverified
D90-2-09165	خۇشاللىقى ئىچىگە پاتماي قالماق	headword	878_2L.png	unverified
D90-2-09164	خۇشاللىقى قىن-قىنىغا سىغماي قالماق	headword	878_2L.png	unverified
D90-2-09166	خۇشاللىنارلىق	headword	878_2L.png	unverified
D90-2-09167	خۇشامەت	headword	878_2L.png	verified
D90-2-09168	خۇشامەت قىلماق	headword	879_1R.png	unverified
D90-2-09169	خۇشامەتچى	headword	879_1R.png	unverified
D90-2-09170	خۇشامەتچىلىك	headword	879_1R.png	unverified
D90-2-09171	خۇشامەتگۇي	headword	879_1R.png	unverified
D90-2-09172	خۇشامەتگۈيلۇق	headword	879_2L.png	unverified
D90-2-09173	خۇشامەتلىك	headword	879_2L.png	unverified
D90-2-09174	خۇشتار	headword	879_2L.png	unverified
D90-2-09177	خۇشتارلىق	headword	880_2L.png	unverified
D90-2-09178	خۇشلۇق	headword	880_2L.png	unverified
D90-2-09179	خۇشلىماق	headword	880_2L.png	unverified
D90-2-09180	خۇشناز	headword	880_2L.png	unverified
D90-2-09181	خۇشنۇد	headword	880_2L.png	unverified
D90-2-09182	خۇلاسە	headword	880_2L.png	unverified
D90-2-09183	خۇلاسە چىقارماق	headword	881_1R.png	unverified
D90-2-09184	خۇلاسە قىلماق	headword	881_1R.png	unverified
D90-2-09185	خۇلاسىلەتمەك	headword	881_1R.png	unverified
D90-2-09186	خۇلاسىلەشمەك	headword	881_1R.png	unverified
D90-2-09187	خۇلاسىلەنمەك	headword	881_1R.png	unverified
D90-2-09188	خۇلاسىلىمەك	headword	881_1R.png	unverified
D90-2-09189	خۇلاسىۋى	headword	881_2L.png	unverified
D90-2-09191	خۇلاڭزىچى	headword	881_2L.png	unverified
D90-2-09192	خۇلاڭزىچىلىق	headword	881_2L.png	unverified
D90-2-09193	خۇلق	headword	881_2L.png	unverified
D90-2-09194	خۇلقسىز	headword	882_1R.png	unverified
D90-2-09195	خۇلقلۇق	headword	882_1R.png	unverified
D90-2-09196	خۇلق-مىجەز	headword	882_1R.png	unverified
D90-2-09197	خۇللە سى	headword	882_1R.png	unverified
D90-2-09197-v1	خۇللە س كالام	variant	882_1R.png	unverified
D90-2-09198	خۇلىگەدەن	headword	882_2L.png	unverified
D90-2-09199	خۇلىگەدەنلىك	headword	882_2L.png	unverified
D90-2-09200	خۇلىگەن	headword	882_2L.png	unverified
D90-2-09201	خۇلىگەنلىك	headword	882_2L.png	unverified
D90-2-09202	خۇم	headword	882_2L.png	unverified
D90-2-09203	خۇمار	headword	882_2L.png	unverified
D90-2-09204	خۇمار بولماق	headword	883_1R.png	unverified
D90-2-09205	خۇماردىن چىقماق	headword	883_1R.png	unverified
D90-2-09206	خۇمار قىلماق	headword	883_1R.png	unverified
D90-2-09207	خۇمار كۆز	headword	883_2L.png	unverified
D90-2-09208	خۇمارى تۇتماق	headword	883_2L.png	unverified
D90-2-09209	خۇمارلاشتۇرماق	headword	883_2L.png	unverified
D90-2-09210	خۇمارتاشماق	headword	883_2L.png	unverified
D90-2-09211	خۇمارلىق	headword	884_1R.png	unverified
D90-2-09212	خۇمپەر	headword	884_1R.png	unverified
D90-2-09224	خۇنپەر	headword	885_2L.png	unverified
D90-2-09213	خۇمخانە	headword	884_1R.png	verified
D90-2-09214	خۇمدان	headword	884_1R.png	unverified
D90-2-09215	خۇمدانچى	headword	884_2L.png	unverified
D90-2-09216	خۇمدانچىلىق	headword	884_2L.png	unverified
D90-2-09217	خۇمرا	headword	884_2L.png	unverified
D90-2-09218	خۇمسى	nonstandard	884_2L.png	unverified
D90-2-09218-c1	خۇنىا	corrected_form	884_2L.png	unverified
D90-2-09219	خۇن	headword	884_2L.png	unverified
D90-2-09220	خۇن بولماق	headword	885_1R.png	unverified
D90-2-09221	خۇن تەۋرەش	headword	885_1R.png	unverified
D90-2-09222	خۇن تۆكمەك	headword	885_1R.png	unverified
D90-2-09223	خۇن قىلماق	headword	885_1R.png	unverified
D90-2-09225	خۇنپەرەس	headword	885_2L.png	unverified
D90-2-09226	خۇنخور	headword	885_2L.png	unverified
D90-2-09227	خۇنخورلۇق	headword	885_2L.png	unverified
D90-2-09228	خۇنخۇمار	headword	885_2L.png	unverified
D90-2-09229	خۇنسا	headword	886_1R.png	unverified
D90-2-09230	خۇنسىلىق	headword	886_1R.png	unverified
D90-2-09231	خۇنسىز	headword	886_1R.png	unverified
D90-2-09232	خۇنسىرىماق	headword	886_1R.png	unverified
D90-2-09232-v1	قان سىرىماق	variant	886_1R.png	unverified
D90-2-09233	خۇنلۇق	headword	886_1R.png	unverified
D90-2-09234	خۇنۈك	headword	886_2L.png	unverified
D90-2-09235	خۇنۈكلەشتۈرمەك	headword	886_2L.png	unverified
D90-2-09236	خۇنۈكلەشتۈرۈلمەك	headword	887_1R.png	unverified
D90-2-09237	خۇنۈڭلەشمەك	headword	887_1R.png	unverified
D90-2-09238	خۇنۈكلۈك	headword	887_1R.png	unverified
D90-2-09239	خۇۋەينى	headword	887_1R.png	unverified
D90-2-09240	خۇۋلۇق	nonstandard	887_2L.png	unverified
D90-2-09241	خۇي	headword	887_2L.png	unverified
D90-2-09247	خۇي-پەيل	headword	888_1R.png	unverified
D90-2-09248	خۇيچىلىق	headword	888_1R.png	unverified
D90-2-09250	خۇيزۇچە	headword	888_2L.png	unverified
D90-2-09251	خۇيزۇلار	headword	888_2L.png	unverified
D90-2-09252	خۇيلاشماق	headword	888_2L.png	unverified
D90-2-09253	خۇيلانماق	headword	888_2L.png	unverified
D90-2-09255	خۇيلۇق	headword	888_2L.png	unverified
D90-2-09256	خۇيلىماق	headword	888_2L.png	unverified
D90-2-09257	خې	headword	889_1R.png	unverified
D90-2-09258	خېجې	headword	889_1R.png	unverified
D90-2-09260	خېجېلار	headword	889_1R.png	unverified
D90-2-09261	خېچىر	nonstandard	889_1R.png	unverified
D90-2-09261-c1	قېچىر	corrected_form	889_1R.png	unverified
D90-2-09262	خېرىت	headword	889_1R.png	unverified
D90-2-09263	خېرىدار	headword	889_1R.png	unverified
D90-2-09264	خېرىدار بولماق	headword	889_2L.png	unverified
D90-2-09265	خېرىدارسىز	headword	889_2L.png	unverified
D90-2-09266	خېرىدارلىق	headword	889_2L.png	unverified
D90-2-09267	خېلى	headword	890_1R.png	unverified
D90-2-09268	خېلى-خېلى	headword	890_1R.png	unverified
D90-2-09269	خېمىر	headword	890_1R.png	unverified
D90-2-09270	خېمىر ھەيكەل	headword	890_1R.png	unverified
D90-2-09271	خېمىرتۇرۇچ	headword	890_2L.png	unverified
D90-2-09272	خېمىرتۇرۇچلۇق	headword	890_2L.png	unverified
D90-2-09273	خېنە	headword	890_2L.png	verified
D90-2-09274	خېنە ياقماق	headword	891_1R.png	unverified
D90-2-09274-v1	خېنە قويماق	variant	891_1R.png	unverified
D90-2-09275	خېنى	headword	891_1R.png	unverified
D90-2-09276	خېنىگۈل	headword	891_1R.png	unverified
D90-2-09277	خېنىلىك	headword	891_1R.png	unverified
D90-2-09278	خېنىم	headword	891_1R.png	unverified
D90-2-09279	خېنىمچاق	headword	891_2L.png	unverified
D90-2-09280	خېنىملىق	headword	891_2L.png	unverified
D90-2-09281	خېنىن	headword	891_2L.png	unverified
D90-2-09282	خېنىن دەرىخى	headword	891_2L.png	unverified
D90-2-09283	خېيىم-خەتەر	headword	891_2L.png	unverified
D90-2-09284	خىپچا	headword	891_2L.png	unverified
D90-2-09285	خىت	headword	891_2L.png	unverified
D90-2-09287	خىتاب	headword	891_2L.png	unverified
D90-2-09288	خىتابەت	headword	892_1R.png	unverified
D90-2-09289	خىتابچى	headword	892_1R.png	unverified
D90-2-09290	خىتابنامە	headword	892_1R.png	unverified
D90-2-09291	خىتىن	headword	892_2L.png	unverified
D90-2-09292	خىجالەت	headword	892_2L.png	unverified
D90-2-09295	خىجالەت چەكمەك	headword	893_1R.png	unverified
D90-2-09295-v1	خىجالەت بولماق	variant	893_1R.png	unverified
D90-2-09296	خىجالەت قىلماق	headword	893_1R.png	unverified
D90-2-09297	خىجالەتچىلىك	headword	893_1R.png	unverified
D90-2-09298	خىجالەتسىز	headword	893_1R.png	unverified
D90-2-09299	خىجالەتلىك	headword	893_1R.png	unverified
D90-2-09300	خىجالەتمەن	headword	893_1R.png	unverified
D90-2-09301	خىجىل	headword	893_1R.png	unverified
D90-2-09302	خىجىل بولماق	headword	893_2L.png	unverified
D90-2-09303	خىجىل قىلماق	headword	893_2L.png	unverified
D90-2-09304	خىجىلچىلىق	headword	893_2L.png	unverified
D90-2-09305	خىجىلسىرىماق	headword	893_2L.png	unverified
D90-2-09306	خىجىللىق	headword	893_2L.png	unverified
D90-2-09307	خى-خى	headword	894_1R.png	unverified
D90-2-09307-v1	ھى ھى	variant	894_1R.png	unverified
D90-2-09308	خىدىر	headword	894_1R.png	unverified
D90-2-09309	خىدىڭ	headword	894_1R.png	unverified
D90-2-09310	خىر	headword	894_1R.png	unverified
D90-2-09312	خىراچ	headword	894_1R.png	unverified
D90-2-09313	خىراجەت	headword	894_1R.png	unverified
D90-2-09315	خىراجەتسىز	headword	894_2L.png	unverified
D90-2-09316	خىراجەتلىك	headword	894_2L.png	unverified
D90-2-09317	خىرامان	headword	894_2L.png	unverified
D90-2-09318	خىرە	headword	894_2L.png	unverified
D90-2-09319	خىرە سىزىقلىق سپېكتر	headword	895_1R.png	unverified
D90-2-09320	خىرە نۇرلۇق چىراغ	headword	895_1R.png	unverified
D90-2-09321	خىرە-شىرە	headword	895_1R.png	unverified
D90-2-09322	خىرەلەشتۈرمەك	headword	895_2L.png	unverified
D90-2-09323	خىرەلەشمەك	headword	895_2L.png	unverified
D90-2-09324	خىرەلىك	headword	895_2L.png	unverified
D90-2-09325	خىرپە	headword	895_2L.png	unverified
D90-2-09325-v1	سېمىز ئوت	variant	895_2L.png	unverified
D90-2-09326	خىرت	headword	895_2L.png	unverified
D90-2-09327	خىرت-خىرت	headword	895_2L.png	unverified
D90-2-09328	خىرتىلداتماق	headword	895_2L.png	unverified
D90-2-09329	خىرتىلدىشىپ	headword	895_2L.png	unverified
D90-2-09330	خىرتىلدىماق	headword	895_2L.png	unverified
D90-2-09331	خىر-خىر	headword	896_1R.png	unverified
D90-2-09332	خىردەك	headword	896_1R.png	unverified
D90-2-09333	خىرقىراتقۇزماق	headword	896_1R.png	unverified
D90-2-09334	خىرقىراتماق	headword	896_1R.png	unverified
D90-2-09335	خىرقىراشماق	headword	896_1R.png	unverified
D90-2-09336	خىرقىراق	headword	896_1R.png	unverified
D90-2-09337	خىرقىرىماق	headword	896_1R.png	unverified
D90-2-09338	خىرۇرگ	headword	896_1R.png	unverified
D90-2-09339	خىرۇرگىيە	headword	896_2L.png	unverified
D90-2-09340	خىرىس	headword	896_2L.png	unverified
D90-2-09341	خىرىس قىلماق	headword	896_2L.png	unverified
D90-2-09342	خىرىسلىق	headword	896_2L.png	unverified
D90-2-09343	خىرىلداشماق	headword	896_2L.png	unverified
D90-2-09345	خىرىلداق	headword	896_2L.png	unverified
D90-2-09346	خىرىلدىماق	headword	897_1R.png	unverified
D90-2-09347	خىزمەت	headword	897_1R.png	unverified
D90-2-09348	خىزمەتتە بولاي	headword	897_1R.png	unverified
D90-2-09349	خىزمەت قىلماق	headword	897_2L.png	unverified
D90-2-09350	خىزمەتكە چىقماق	headword	897_2L.png	unverified
D90-2-09351	خىزمەتكە قويماق	headword	897_2L.png	unverified
D90-2-09352	خىزمەت كۆرسەتمەك	headword	897_2L.png	unverified
D90-2-09353	خىزمەت گۇرۇپپىسى	headword	897_2L.png	unverified
D90-2-09354	خىزمەت ئىشلىمەك	headword	898_1R.png	unverified
D90-2-09355	خىزمەتچى	headword	898_1R.png	unverified
D90-2-09356	خىزمەتچىلىك	headword	898_1R.png	unverified
D90-2-09357	خىزمەتداش	headword	898_2L.png	verified
D90-2-09358	خىزمەتداشلىق	headword	898_2L.png	unverified
D90-2-09359	خىزمەتكار	headword	898_2L.png	unverified
D90-2-09360	خىزىر	headword	898_2L.png	unverified
D90-2-09362	خىسلەت	headword	899_1R.png	unverified
D90-2-09363	خىسلەتداش	headword	899_1R.png	unverified
D90-2-09364	خىسلەتلىك	headword	899_1R.png	unverified
D90-2-09365	خىش	headword	899_1R.png	unverified
D90-2-09366	خىش ئويما	headword	899_2L.png	unverified
D90-2-09367	خىشچى	headword	899_2L.png	unverified
D90-2-09368	خىشچىلىق	headword	899_2L.png	unverified
D90-2-09369	خىشلىق	headword	899_2L.png	unverified
D90-2-09370	خىقوق	headword	899_2L.png	unverified
D90-2-09371	خىڭ	headword	899_2L.png	unverified
D90-2-09372	خىڭ-خىڭ	headword	900_1R.png	unverified
D90-2-09373	خىڭىلداتماق	headword	900_1R.png	unverified
D90-2-09374	خىڭىلداشماق	headword	900_1R.png	unverified
D90-2-09375	خىڭىلدىماق	headword	900_1R.png	unverified
D90-2-09376	خىل	headword	900_1R.png	unverified
D90-2-09377	خىلاپ	headword	900_2L.png	unverified
D90-2-09380	خىلاپلىق	headword	900_2L.png	unverified
D90-2-09382	خىلداش	headword	901_1R.png	unverified
D90-2-09384	خىللاتقۇزماق	headword	901_1R.png	unverified
D90-2-09385	خىللاتماق	headword	901_1R.png	unverified
D90-2-09386	خىللاشتۇرماق	headword	901_1R.png	unverified
D90-2-09387	خىللاشماق	headword	901_1R.png	unverified
D90-2-09388	خىللانماق	headword	901_1R.png	unverified
D90-2-09389	خىللىق	headword	901_2L.png	unverified
D90-2-09390	خىللىماق	headword	901_2L.png	unverified
D90-2-09391	خىلمۇخىل	headword	901_2L.png	unverified
D90-2-09392	خىلۇس	headword	901_2L.png	unverified
D90-2-09393	خىلۋەت	headword	901_2L.png	unverified
D90-2-09394	خىلىت	headword	902_1R.png	verified
D90-2-09395	خىمخام	headword	902_1R.png	unverified
D90-2-09395-v1	خىمغام قىلماق	variant	902_1R.png	unverified
D90-2-09396	خىمخام قىلماق	headword	902_1R.png	unverified
D90-2-09397	خىمىك	headword	902_1R.png	unverified
D90-2-09398	خىمىيە	headword	902_1R.png	unverified
D90-2-09400	خىمىيىلىك	headword	902_2L.png	unverified
D90-2-09402	خىمىيىلىك چۆكۈندى جىنس	headword	902_2L.png	unverified
D90-2-09403	خىمىيىلىك قوراللار	headword	902_2L.png	unverified
D90-2-09404	خىمىيىلىك ئۇرۇش	headword	902_2L.png	unverified
D90-2-09405	خىمىيىلىك يىمىرىلىش	headword	902_2L.png	unverified
D90-2-09406	خىمىيىۋى	headword	903_1R.png	unverified
D90-2-09410	خىمىيىۋى تەكشۈرۈش	headword	903_2L.png	unverified
D90-2-09411	خىمىيىۋى تەڭلىمە	headword	903_2L.png	unverified
D90-2-09412	خىمىيىۋى خۇسۇسىيەت	headword	903_2L.png	unverified
D90-2-09413	خىمىيىۋى رېئاكسىيە	headword	903_2L.png	unverified
D90-2-09414	خىمىيىۋى ئوغۇت	headword	903_2L.png	unverified
D90-2-09415	خىمىيىۋى ئۆزگىرىش	headword	904_1R.png	unverified
D90-2-09416	خىمىيىۋى ئېلېمېنت	headword	904_1R.png	unverified
D90-2-09417	خىمىيىۋى ئېنېرگىيە	headword	904_1R.png	unverified
D90-2-09418	خىنولىن	headword	904_1R.png	verified
D90-2-09419	خىيابان	headword	904_1R.png	unverified
D90-2-09420	خىيابانلىق	headword	904_2L.png	unverified
D90-2-09421	خىيال	headword	904_2L.png	unverified
D90-2-09422	خىيال ئەيلىمەك	headword	905_1R.png	unverified
D90-2-09431	خىيال قىلماق	headword	905_2L.png	unverified
D90-2-09423	خىيال باسماق	headword	905_1R.png	unverified
D90-2-09424	خىيال چاغلىما	headword	905_1R.png	unverified
D90-2-09425	خىيالدىكى دۈشمەن	headword	905_1R.png	unverified
D90-2-09426	خىيال سۈرمەك	headword	905_1R.png	unverified
D90-2-09427	خىيالغا پاتماق	headword	905_2L.png	unverified
D90-2-09428	خىيالغا چۆكمەك	headword	905_2L.png	unverified
D90-2-09429	خىيالغا چۆممەك	headword	905_2L.png	unverified
D90-2-09430	خىيالغا كەتمەك	headword	905_2L.png	unverified
D90-2-09432	خىيال كىرمەك	headword	906_1R.png	unverified
D90-2-09433	خىيالى باشقا يەردە پالاس قاقماق	headword	906_1R.png	unverified
D90-2-09434	خىيالى بۆلۈنمەك	headword	906_1R.png	unverified
D90-2-09435	خىيالىدىن ئۆتكۈزمەك	headword	906_1R.png	unverified
D90-2-09436	خىيالىغا سىغدۇرماق	headword	906_1R.png	unverified
D90-2-09437	خىيالىغا كەلمەك	headword	906_1R.png	unverified
D90-2-09438	خىيالىغا كىرىپ چىقماسلىق	headword	906_1R.png	unverified
D90-2-09439	خىيال ئىقتىدارى	headword	906_2L.png	verified
D90-2-09440	خىيالەت	headword	906_2L.png	verified
D90-2-09441	خىيالەن	headword	906_2L.png	verified
D90-2-09442	خىيالپەرەس	headword	906_2L.png	verified
D90-2-09443	خىيالپەرەسلىك	headword	907_1R.png	verified
D90-2-09444	خىيالچان	headword	907_1R.png	verified
D90-2-09445	خىيالچانلىق	headword	907_1R.png	verified
D90-2-09446	خىيالكەش	headword	907_1R.png	verified
D90-2-09447	خىيالكەشلىك	headword	907_1R.png	verified
D90-2-09449	خىياللانماق	headword	907_1R.png	verified
D90-2-09450	خىيالىي	headword	907_2L.png	verified
D90-2-09453	خىيالىيلىق	headword	908_1R.png	verified
D90-2-09454	خىيانەت	headword	908_1R.png	verified
D90-2-09455	خىيانەت قىلماق	headword	908_1R.png	verified
D90-2-09456	خىيانەتچى	headword	908_2L.png	verified
D90-2-09457	خىيانەتچىلىك	headword	908_2L.png	verified
D90-2-09458	خىيانەتكار	headword	908_2L.png	verified
D90-2-09459	خىيانەتكارانە	headword	908_2L.png	verified
D90-2-09460	خىيانەتكارلىق	headword	908_2L.png	verified
