row_id	entry	type	source_page	status_v1
D90-4-00001	ق	headword	001_1R.png	unverified
D90-4-00003	قاباھەت	headword	001_1R.png	unverified
D90-4-00004	قاباھەتلىك	headword	001_2L.png	unverified
D90-4-00005	قابىل	headword	002_1R.png	unverified
D90-4-00006	قابىللىق	headword	002_1R.png	unverified
D90-4-00007	قابىلىيەت	headword	002_1R.png	unverified
D90-4-00008	قابىلىيەتسىز	headword	002_2L.png	unverified
D90-4-00009	قابىلىيەتسىزلىك	headword	002_2L.png	unverified
D90-4-00010	قابىلىيەتلىك	headword	002_2L.png	unverified
D90-4-00011	قاپ	headword	002_2L.png	unverified
D90-4-00012	قاپ تېشەر	headword	003_1R.png	unverified
D90-4-00013	قاپ ياردى	headword	003_1R.png	unverified
D90-4-00014	قاپ يۈرەك	headword	003_1R.png	unverified
D90-4-00015	قاپ يېرىلماق	headword	003_1R.png	unverified
D90-4-00015-v1	دۇمباق يېرىلماق	variant	003_1R.png	unverified
D90-4-00016	قېپىدىن چىقمىغان	headword	003_1R.png	unverified
D90-4-00017	قېپىدىن چىقىپ كەتتمەك	headword	003_1R.png	unverified
D90-4-00017-v1	قېلىپىدىن چىقىپ كەتتمەك	variant	003_1R.png	unverified
D90-4-00018	قېپىنى يارماق	headword	003_1R.png	unverified
D90-4-00020	قاپ بەل	headword	003_2L.png	unverified
D90-4-00021	قاپ ئوتتۇرا	headword	003_2L.png	unverified
D90-4-00022	قاپارتقا	nonstandard	003_2L.png	unverified
D90-4-00023	قاپارتقۇ	headword	003_2L.png	unverified
D90-4-00025	قاپارتما	headword	003_2L.png	unverified
D90-4-00024	قاپارتقۇلۇق	headword	003_2L.png	unverified
D90-4-00026	قاپارتما بەت	headword	004_1R.png	unverified
D90-4-06285	كۆپۈنكى بەت	headword	618_2L.png	unverified
D90-4-00027	قاپارتما نەقىش	headword	004_1R.png	unverified
D90-4-00027-v1	بۆرتمە نەقىش	variant	004_1R.png	unverified
D90-4-00028	قاپارتما ھەيكەل	headword	004_1R.png	unverified
D90-4-00029	قاپارتماق	headword	004_1R.png	unverified
D90-4-00030	قاپارچۇق	headword	004_1R.png	unverified
D90-4-00031	قاپارچۇقلىماق	headword	004_1R.png	unverified
D90-4-00032	قاپارماق	headword	004_1R.png	unverified
D90-4-00033	قاپاق	headword	004_1R.png	unverified
D90-4-00034	قاپاق ئاپېلسىن	headword	004_2L.png	unverified
D90-4-00035	قاپاق ئامۇت	headword	004_2L.png	unverified
D90-4-00036	قاپاق بۆرتدىكى	headword	005_1R.png	unverified
D90-4-00037	قاپاق پۇل ئەمەس، باراڭ پۇل	headword	005_1R.png	unverified
D90-4-00038	قاپاق تېرەك	headword	005_1R.png	unverified
D90-4-00039	قاپاق جىگدە	headword	005_1R.png	unverified
D90-4-00040	قاپاق چۆگۈن	headword	005_1R.png	unverified
D90-4-00041	قاپاق گىلاس	headword	005_1R.png	unverified
D90-4-00042	قاپاق لازا	headword	005_1R.png	unverified
D90-4-00043	قاپاقنى پۇلغا ئالماي، باراڭنى ئەتىۋارلىماق	headword	005_2L.png	unverified
D90-4-00044	قاپاقنى پۇلغا ئالماي، باراڭنى پۇلغا ئالماق	headword	005_2L.png	unverified
D90-4-00046	قاپىقى تارتماق	headword	005_2L.png	unverified
D90-4-00047	قاپاقياردى	headword	008_1R.png	verified
D90-4-00048	قاپباش	headword	008_1R.png	verified
D90-4-00048-v1	بوز غورۇلاي	variant	008_1R.png	verified
D90-4-00049	قاپتال	headword	008_1R.png	unverified
D90-4-00051	قاپتىلىغا كەلمەسلىك	headword	008_1R.png	unverified
D90-4-00052	قاپتاللىق	headword	008_2L.png	unverified
D90-4-00053	قاپتاللىماق	headword	008_2L.png	unverified
D90-4-00054	قاپتەك	headword	008_2L.png	unverified
D90-4-00055	قاپچۇق	headword	008_2L.png	unverified
D90-4-00056	قاپچىغاي	headword	008_2L.png	unverified
D90-4-00057	قاپچىمال	headword	009_1R.png	unverified
D90-4-00058	قاپساتماق	headword	009_1R.png	unverified
D90-4-00059	قاپساشماق	headword	009_1R.png	unverified
D90-4-00060	قاپسالما	headword	009_1R.png	unverified
D90-4-00062	قاپسالماق	headword	009_1R.png	unverified
D90-4-00063	قاپسىماق	headword	009_2L.png	unverified
D90-4-00065	قاپقا	headword	009_2L.png	unverified
D90-4-00066	قاپقا ۋېنا	headword	010_1R.png	verified
D90-4-00067	قاپقارا	headword	010_1R.png	unverified
D90-4-00068	قاپقاراڭغۇ	headword	010_1R.png	unverified
D90-4-00069	قاپقاراڭغۇلۇق	headword	010_1R.png	unverified
D90-4-00070	قاپقارايماق	headword	010_1R.png	unverified
D90-4-00071	قاپقاق	headword	010_2L.png	unverified
D90-4-00072	قاپقاقلىق	headword	010_2L.png	unverified
D90-4-00073	قاپقاقلىق مېۋە	headword	011_1R.png	unverified
D90-4-00074	قاپقان	headword	011_1R.png	unverified
D90-4-00074-v1	تۇزاق	variant	011_1R.png	unverified
D90-4-00075	قاپقانغا چۈشمەك	headword	011_1R.png	unverified
D90-4-00075-v1	تۇزاققا چۈشمەك	variant	011_1R.png	unverified
D90-4-00076	قاپقانغا دەسسىمەك	headword	011_1R.png	unverified
D90-4-00077	قاپقان قويماق	headword	011_1R.png	unverified
D90-4-00077-v1	تۇزاق قۇرماق	variant	011_1R.png	unverified
D90-4-00078	قاپقان قۇرماق	headword	011_1R.png	unverified
D90-4-00079	قاپقان-تۇزاق	headword	011_2L.png	unverified
D90-4-00080	قاپقانچى	headword	011_2L.png	unverified
D90-4-00081	قاپقانچىلىق	headword	011_2L.png	unverified
D90-4-00082	قاپقانلىق	headword	011_2L.png	unverified
D90-4-00083	قاپقىلىق	headword	011_2L.png	unverified
D90-4-00084	قاپلاتماق	headword	011_2L.png	unverified
D90-4-00085	قاپلاشماق	headword	011_2L.png	unverified
D90-4-00086	قاپلامپۇشقۇل	headword	012_1R.png	unverified
D90-4-00087	قاپلان	headword	012_1R.png	unverified
D90-4-00087-v1	يىلپىز	variant	012_1R.png	unverified
D90-4-00088	قاپلانباش	headword	012_1R.png	verified
D90-4-00089	قاپلانغان	headword	012_1R.png	unverified
D90-4-00091	قاپلانماق	headword	012_1R.png	unverified
D90-4-00092	قاپلىق	headword	012_1R.png	unverified
D90-4-00094	قاپلىما	headword	012_2L.png	unverified
D90-4-00095	قاپلىماق	headword	012_2L.png	unverified
D90-4-00096	قاپىيە	headword	013_1R.png	unverified
D90-4-00100	قاپىيىداش	headword	013_1R.png	unverified
D90-4-00101	قاپىيىداشلىق	headword	013_2L.png	unverified
D90-4-00102	قاپىيىسىز	headword	013_2L.png	unverified
D90-4-00103	قاپىيىلەشتۈرمەك	headword	013_2L.png	unverified
D90-4-00104	قاپىيىلەشتۈرۈلمەك	headword	013_2L.png	unverified
D90-4-00105	قاپىيىلەشمەك	headword	013_2L.png	unverified
D90-4-00106	قاپىيىلەنمەك	headword	013_2L.png	unverified
D90-4-00107	قاپىيىلىك	headword	013_2L.png	unverified
D90-4-00108	قات	headword	013_2L.png	unverified
D90-4-00111	قات ئۆپكە	headword	014_2L.png	unverified
D90-4-00112	قېتىغا ئالماسلىق	headword	014_2L.png	unverified
D90-4-00113	قېتىغا ئالماق	headword	014_2L.png	unverified
D90-4-00115	قاتار	headword	014_2L.png	unverified
D90-4-00118	قاتاردا بار	headword	016_1R.png	unverified
D90-4-00119	قاتاردا يوق	headword	016_1R.png	unverified
D90-4-00120	قاتاردىن قالماق	headword	016_1R.png	unverified
D90-4-00121	قاتارغا ئالماق	headword	016_1R.png	unverified
D90-4-00122	قاتارغا قاتماق	headword	016_1R.png	unverified
D90-4-00123	قاتارغا قوشماق	headword	016_1R.png	unverified
D90-4-00124	قاتارغا كىرمەك	headword	016_2L.png	unverified
D90-4-00125	قاتارغا ئۆتمەك	headword	016_2L.png	unverified
D90-4-00126	قاتار قىلماق	headword	016_2L.png	unverified
D90-4-00127	قاتار-قاتار	headword	016_2L.png	unverified
D90-4-00128	قاتارلاشتۇرماق	headword	016_2L.png	unverified
D90-4-00129	قاتارلاشماق	headword	016_2L.png	unverified
D90-4-00130	قاتارلىق	headword	017_1R.png	unverified
D90-4-00131	قاتارلىماق	headword	017_1R.png	unverified
D90-4-00132	قاتارى	headword	017_1R.png	unverified
D90-4-00133	قاتاردا	headword	017_2L.png	unverified
D90-4-00134	قاتاڭشىماق	headword	017_2L.png	unverified
D90-4-00135	قاتاڭغۇر	headword	017_2L.png	unverified
D90-4-00136	قاتاڭغۇرلاق	headword	018_1R.png	unverified
D90-4-00137	قاتتىق	headword	018_1R.png	unverified
D90-4-00138	قاتتىق بولماق	headword	019_1R.png	unverified
D90-4-00139	قاتتىق پوستلۇق مېۋە	headword	019_1R.png	unverified
D90-4-00140	قاتتىق تاڭلاي	headword	019_2L.png	unverified
D90-4-00141	قاتتىق تەگمەك	headword	019_2L.png	unverified
D90-4-00142	قاتتىق تۇتماق	headword	019_2L.png	unverified
D90-4-00143	قاتتىق تۇرماق	headword	019_2L.png	unverified
D90-4-00144	قاتتىق تۇمشۇق	headword	020_1R.png	unverified
D90-4-00145	قاتتىق جىسىم	headword	020_1R.png	unverified
D90-4-00146	قاتتىق سوغۇق	headword	020_1R.png	unverified
D90-4-00147	قاتتىق سۇ	headword	020_1R.png	unverified
D90-4-00148	قاتتىق سۆز	headword	020_1R.png	unverified
D90-4-00162	قاتتىق گەپ	headword	021_2L.png	unverified
D90-4-00149	قاتتىق سۆز قىلماق	headword	020_1R.png	unverified
D90-4-00163	قاتتىق گەپ قىلماق	headword	021_2L.png	unverified
D90-4-00150	قاتتىق سۆڭەك	headword	020_1R.png	unverified
D90-4-00151	قاتتىق سىڭىرتاش	headword	020_2L.png	unverified
D90-4-00151-v1	قاتتىق گە	variant	020_2L.png	unverified
D90-4-00152	قاتتىق شانكىر	headword	020_2L.png	unverified
D90-4-00153	قاتتىق قاشتاش	headword	020_2L.png	unverified
D90-4-00154	قاتتىق قول	headword	020_2L.png	unverified
D90-4-00156	قاتتىق قوللۇق	headword	021_1R.png	unverified
D90-4-00157	قاتتىق قوللۇق قىلماق	headword	021_1R.png	unverified
D90-4-00158	قاتتىق قۇم تاش	headword	021_1R.png	unverified
D90-4-00159	قاتتىق كۆڭۈل	headword	021_2L.png	unverified
D90-4-07025	كۆڭلى قاتتىق	headword	675_1R.png	unverified
D90-4-00160	قاتتىق كۈن	headword	021_2L.png	unverified
D90-4-00161	قاتتىق كۈنگە قالماق	headword	021_2L.png	unverified
D90-4-00164	قاتتىق گەج	headword	022_1R.png	unverified
D90-4-00165	قاتتىق گىپىس	headword	022_1R.png	unverified
D90-4-00166	قاتتىق مانگانتئاش	headword	022_1R.png	unverified
D90-4-00167	قاتتىق ماي	headword	022_1R.png	unverified
D90-4-00172	قاتتىق ياغ	headword	022_2L.png	unverified
D90-4-00168	قاتتىق ماي كىسلاناسى	headword	022_1R.png	unverified
D90-4-00168-v1	ستىئارىن كىسلاتا	variant	022_1R.png	unverified
D90-4-00169	قاتتىق مۇقاۋا	headword	022_1R.png	unverified
D90-4-00170	قاتتىق ھالەت	headword	022_1R.png	unverified
D90-4-00171	قاتتىق ھەربىي يۈرۈش	headword	022_2L.png	unverified
D90-4-00173	قاتتىق يامغۇر	headword	022_2L.png	unverified
D90-4-00174	قاتتىق يوپۇرماقلىق كاشتان	headword	022_2L.png	unverified
D90-4-00175	قاتتىقچىلىق	headword	022_2L.png	unverified
D90-4-00176	قاتتىق-قۇرۇق	headword	022_2L.png	unverified
D90-4-00177	قاتتىق-قۇرۇق بولۇپ قالماق	headword	023_1R.png	unverified
D90-4-00178	قاتتىقلاشتۇرماق	headword	023_1R.png	unverified
D90-4-00179	قاتتىقلاشماق	headword	023_1R.png	unverified
D90-4-00180	قاتتىقلىق	headword	023_2L.png	unverified
D90-4-00181	قاتتىقلىق قىلماق	headword	023_2L.png	unverified
D90-4-00182	قاتتىق-يۇمشاق	headword	023_2L.png	unverified
D90-4-00183	قاتتىق-يىرىك	headword	024_1R.png	unverified
D90-4-00184	قاتراتماق	headword	024_1R.png	unverified
D90-4-00185	قاتراشماق	headword	024_1R.png	unverified
D90-4-00186	قاتراڭ	headword	024_1R.png	unverified
D90-4-00187	قاتراڭ-تاقىر	headword	024_1R.png	unverified
D90-4-00188	قاتراڭغۇ	headword	024_1R.png	unverified
D90-4-00190	قات-قات	headword	024_2L.png	unverified
D90-4-00191	قاتقۇزماق	headword	024_2L.png	unverified
D90-4-00192	قات-قېتى	headword	024_2L.png	unverified
D90-4-00193	قاتقىلاق	headword	024_2L.png	unverified
D90-4-00194	قاتلاتقۇزماق	headword	025_1R.png	unverified
D90-4-00195	قاتلاتقۇزۇلماق	headword	025_1R.png	unverified
D90-4-00196	قاتلاتماق	headword	025_1R.png	unverified
D90-4-00197	قاتلاشماق	headword	025_1R.png	unverified
D90-4-00198	قاتلاق	headword	025_1R.png	unverified
D90-4-00199	قاتلاقلىق	headword	025_2L.png	unverified
D90-4-00200	قاتلام	headword	025_2L.png	unverified
D90-4-00203	قاتلام-قاتلام	headword	026_1R.png	unverified
D90-4-00204	قاتلاملىق	headword	026_1R.png	unverified
D90-4-00205	قاتلىنماق	headword	026_2L.png	unverified
D90-4-00206	قاتلىشاڭغۇ	headword	026_2L.png	unverified
D90-4-00207	قاتلىق	headword	026_2L.png	unverified
D90-4-00208	قاتلىما	headword	026_2L.png	unverified
D90-4-00209	قاتلىما نان	headword	027_1R.png	unverified
D90-4-00210	قاتلىماق	headword	027_1R.png	unverified
D90-4-00211	قاتما	headword	027_2L.png	unverified
D90-4-00215	قاتما كېسەل	headword	028_1R.png	unverified
D90-4-00215-v1	قاتما II	variant	028_1R.png	unverified
D90-4-00216	قاتماق	headword	028_1R.png	unverified
D90-4-00218	قاتمال	headword	029_1R.png	unverified
D90-4-00219	قاتماللاشتۇرماق	headword	029_2L.png	unverified
D90-4-00220	قاتماللاشتۇرۇلماق	headword	029_2L.png	unverified
D90-4-00221	قاتماللاشماق	headword	029_2L.png	unverified
D90-4-00222	قاتماللىق	headword	030_1R.png	unverified
D90-4-00223	قاتمۇقات	headword	030_1R.png	unverified
D90-4-00224	قاتمىلىق	headword	030_1R.png	unverified
D90-4-00225	قاتناپ	headword	030_1R.png	unverified
D90-4-00227	قاتنىتماق	headword	030_1R.png	unverified
D90-4-00228	قاتناش	headword	030_1R.png	unverified
D90-4-00229	قاتناش ئاكوپى	headword	030_2L.png	unverified
D90-4-00230	قاتناش ساقچىسى	headword	030_2L.png	unverified
D90-4-00231	قاتناش قائىدىسى	headword	031_1R.png	unverified
D90-4-00232	قاتناش ماشىنىسى	headword	031_1R.png	unverified
D90-4-00233	قاتناش-ترانسپورت	headword	031_1R.png	unverified
D90-4-00234	قاتناشتۇرماق	headword	031_1R.png	unverified
D90-4-00235	قاتناشتۇرۇلماق	headword	031_1R.png	unverified
D90-4-00236	قاتناشچى	headword	031_1R.png	unverified
D90-4-00237	قاتناشماق	headword	031_2L.png	unverified
D90-4-00239	قاتنىماق	headword	031_2L.png	unverified
D90-4-00240	قاتۇرما	headword	031_2L.png	unverified
D90-4-00241	قاتۇرماچ	headword	032_1R.png	unverified
D90-4-02029	قوتۇرماچ	headword	229_2L.png	unverified
D90-4-00242	قاتۇرماق	headword	032_1R.png	unverified
D90-4-00243	قاتۇرۇشماق	headword	032_1R.png	unverified
D90-4-00244	قاتۇرۇلغان	headword	032_1R.png	unverified
D90-4-00246	قاتۇرۇلماق	headword	032_2L.png	unverified
D90-4-00247	قاتىرىغا	headword	032_2L.png	unverified
D90-4-00248	قاتىل	headword	032_2L.png	unverified
D90-4-00249	قاتىلاڭ	headword	032_2L.png	unverified
D90-4-00250	قاتىلاڭچىلىق	headword	032_2L.png	unverified
D90-4-00251	قاتىللىق	headword	033_1R.png	unverified
D90-4-00252	قاتىللىق قىلماق	headword	033_1R.png	unverified
D90-4-00253	قاچا	headword	033_1R.png	unverified
D90-4-00254	قاچار	headword	033_2L.png	unverified
D90-4-00255	قاچاق	headword	033_2L.png	unverified
D90-4-00268	قاچقۇن	headword	034_2L.png	unverified
D90-4-00256	قاچاقلىق	headword	033_2L.png	unverified
D90-4-00257	قاچا-قومۇچ	headword	033_2L.png	unverified
D90-4-00258	قاچا-قۇچا	headword	033_2L.png	unverified
D90-4-00259	قاچان	headword	034_1R.png	unverified
D90-4-00260	قاچانقى	headword	034_1R.png	unverified
D90-4-00261	قاچانلىققا	headword	034_1R.png	unverified
D90-4-00262	قاچانلىكى	headword	034_1R.png	unverified
D90-4-00263-v1	قاچانكى	variant	034_1R.png	unverified
D90-4-00264	قاچ-قاچ	headword	034_1R.png	unverified
D90-4-00266	قاچقاق	headword	034_2L.png	unverified
D90-4-00267	قاچقاقلىق	headword	034_2L.png	unverified
D90-4-00269	قاچقۇنلۇق	headword	035_1R.png	unverified
D90-4-00270	قاچماق	headword	035_1R.png	unverified
D90-4-00271	قاچۇرماق	headword	036_1R.png	unverified
D90-4-00272	قاچۇرۇشماق	headword	036_1R.png	unverified
D90-4-00273	قاچۇرۇلماق	headword	036_1R.png	unverified
D90-4-00274	قاچىلاتماق	headword	036_1R.png	unverified
D90-4-00275	قاچىلاشماق	headword	036_1R.png	unverified
D90-4-00276	قاچىلانماق	headword	036_1R.png	unverified
D90-4-00277	قاچىلىماق	headword	036_1R.png	unverified
D90-4-00278	قاداتماق	headword	036_2L.png	unverified
D90-4-00279	قاداشماق	headword	036_2L.png	unverified
D90-4-00280	قاداق	headword	036_2L.png	unverified
D90-4-00282	قاداق باسماق	headword	037_1R.png	unverified
D90-4-00283	قاداق تەن	headword	037_1R.png	unverified
D90-4-00285	قاداق سالماق	headword	037_1R.png	unverified
D90-4-00287	قاداقتاش	headword	037_2L.png	verified
D90-4-00288	قاداقچى	headword	037_2L.png	unverified
D90-4-00289	قاداقچىلىق	headword	037_2L.png	unverified
D90-4-00290	قاداقلاشماق	headword	037_2L.png	unverified
D90-4-00291	قاداقلىق	headword	037_2L.png	unverified
D90-4-00295	قاداڭ	headword	038_1R.png	unverified
D90-4-00297	قادالماق	headword	038_1R.png	unverified
D90-4-00298	قادۇرغۇچ	headword	038_1R.png	unverified
D90-4-00299	قادىر	headword	038_2L.png	unverified
D90-4-00300	قادىر بولماق	headword	038_2L.png	unverified
D90-4-00301	قادىغاللىماق	headword	038_2L.png	unverified
D90-4-00302	قادىلىشماق	headword	038_2L.png	unverified
D90-4-00303	قادىماق	headword	038_2L.png	unverified
D90-4-00304	قار	headword	039_1R.png	unverified
D90-4-00305	قار بوۋاي	headword	039_1R.png	unverified
D90-4-00306	قار پەردىسى	headword	039_2L.png	unverified
D90-4-00307	قار توشقىنى	headword	039_2L.png	unverified
D90-4-00308	قار تېيىلىش تەنھەرىكىتى	headword	039_2L.png	unverified
D90-4-00308-v1	چاڭغا تېيىلىش	variant	039_2L.png	unverified
D90-4-00309	قار قارىغۇسى	headword	039_2L.png	unverified
D90-4-00310	قار كۆچكۈنى	headword	040_1R.png	unverified
D90-4-00311	قار كۆچمەك	headword	040_1R.png	unverified
D90-4-00312	قار لەيلىسى	headword	040_1R.png	unverified
D90-4-00312-v1	تاغ لەيلىسى	variant	040_1R.png	unverified
D90-4-00313	قار ئۈستى تەنھەرىكىتى	headword	040_1R.png	unverified
D90-4-00314	قارا	headword	040_1R.png	unverified
D90-4-00315	قارىغا ئېتىش	headword	040_2L.png	unverified
D90-4-00331	قارا بويالغان كاتەكچە	headword	042_2L.png	unverified
D90-4-00333	قارا ئارچا	headword	042_2L.png	unverified
D90-4-00334	قارا ئاش	headword	042_2L.png	unverified
D90-4-00335	قارا ئاشلىق	headword	042_2L.png	unverified
D90-4-00336	قارا ئالا	headword	042_2L.png	unverified
D90-4-00337	قارا ئالماس	headword	042_2L.png	unverified
D90-4-00338	قارا ئەبنۇس	headword	042_2L.png	unverified
D90-4-00339	قارا ئەت	headword	043_1R.png	unverified
D90-4-00340	قارا ئەتمەك	headword	043_1R.png	unverified
D90-4-00341	قارا ئەنجۈر	headword	043_1R.png	unverified
D90-4-00342	قارا ئەندىز	headword	043_1R.png	unverified
D90-4-00343	قارا باستى قىلماق	headword	043_1R.png	unverified
D90-4-00344	قارا باسماق	headword	043_2L.png	unverified
D90-4-00345	قارا بامبۇك	headword	043_2L.png	unverified
D90-4-00346	قارا بەزگەك	headword	043_2L.png	unverified
D90-4-00347	قارا بەسەي	headword	043_2L.png	unverified
D90-4-00348	قارا توغاچ	headword	046_1R.png	unverified
D90-4-00349	قارا تۇپراق	headword	046_1R.png	unverified
D90-4-00350	قارا تۇتماق	headword	046_1R.png	unverified
D90-4-00351	قارا تۆمۈر تۇمشۇق	headword	046_1R.png	unverified
D90-4-00352	قارا تۈلكە	headword	046_1R.png	unverified
D90-4-00353	قارا تۈنىكە	headword	046_1R.png	unverified
D90-4-00354	قارا تېرەك	headword	046_2L.png	unverified
D90-4-00355	قارا تىزىملىك	headword	046_2L.png	unverified
D90-4-00356	قارا تىل	headword	046_2L.png	unverified
D90-4-00357	قارا جاڭگال	headword	046_2L.png	unverified
D90-4-00521	قاراڭغۇ جاڭگال	headword	063_1R.png	unverified
D90-4-00358	قارا جىسىم	headword	046_2L.png	unverified
D90-4-00359	قارا چاپلىماق	headword	046_2L.png	unverified
D90-4-00360	قارا چويۇن	headword	047_1R.png	unverified
D90-4-00361	قارا چېچەك	headword	047_1R.png	unverified
D90-4-00361-v1	چېچەك II	variant	047_1R.png	unverified
D90-4-00362	قارا چېكەتكە	headword	047_1R.png	unverified
D90-4-00363	قارا چىراغ	headword	047_1R.png	unverified
D90-4-00364	قارا چىلان	headword	047_2L.png	unverified
D90-4-00365	قارا چىلان تۇپراق	headword	047_2L.png	unverified
D90-4-00366	قارا خەلق	headword	047_2L.png	unverified
D90-4-00367	قارا خرۇستال	headword	047_2L.png	unverified
D90-4-00367-v1	قارا بەللۇر	variant	047_2L.png	unverified
D90-4-00368	قارا خىزمەت	headword	047_2L.png	unverified
D90-4-00368-v1	قارا ئىش	variant	047_2L.png	unverified
D90-4-00369	قارا خىزمەتچى	headword	047_2L.png	unverified
D90-4-00370	قارا داغ	headword	047_2L.png	unverified
D90-4-00371	قارا داغ كېسىلى	headword	047_2L.png	unverified
D90-4-00372	قارا زىرە	headword	048_1R.png	unverified
D90-4-00373	قارا زىرىق	headword	048_1R.png	unverified
D90-4-00374	قارا ساپال	headword	048_1R.png	verified
D90-4-00375	قارا سانىماق	headword	048_1R.png	unverified
D90-4-00376	قارا سوغۇق	headword	048_1R.png	unverified
D90-4-00377	قارا سۇ	headword	048_2L.png	unverified
D90-4-00378	قارا سۇ توخۇسى	headword	048_2L.png	unverified
D90-4-00379	قارا سۇۋاق	headword	048_2L.png	unverified
D90-4-00380	قارا سۇۋىماق	headword	048_2L.png	unverified
D90-4-00381	قارا سۆز	headword	048_2L.png	unverified
D90-4-00382	قارا سۈركىمەك	headword	048_2L.png	unverified
D90-4-00383	قارا شەمشاد	headword	049_1R.png	unverified
D90-4-00383-v1	شەمشاد	variant	049_1R.png	unverified
D90-4-00384	قارا شېكەر	headword	049_1R.png	unverified
D90-4-00385	قارا غول	headword	049_1R.png	unverified
D90-4-00386	قارا فوسفور	headword	049_1R.png	unverified
D90-4-00387	قارا قارىغاي	headword	049_1R.png	unverified
D90-4-00388	قارا قاشتىشى	headword	049_1R.png	unverified
D90-4-00389	قارا قاشقا	headword	049_1R.png	unverified
D90-4-00390	قارا قەغەز	headword	049_1R.png	unverified
D90-4-00391	قارا قورساق	headword	049_1R.png	unverified
D90-4-00392	قارا قورساق قىليورغا	headword	049_2L.png	unverified
D90-4-00393	قارا قورساقلىق	headword	049_2L.png	unverified
D90-4-00394	قارا قوڭۇر	headword	049_2L.png	unverified
D90-4-00395	قارا قول	headword	049_2L.png	unverified
D90-4-00396	قارا قولىنى سوزماق	headword	049_2L.png	unverified
D90-4-00397	قارا قۇشقاچ	headword	050_1R.png	verified
D90-4-00398	قارا قوۋۇرغا	headword	050_1R.png	unverified
D90-4-00399	قارا قۇيرۇق قىليورغا	headword	050_1R.png	unverified
D90-4-00400	قارا قۇيۇن	headword	050_1R.png	unverified
D90-4-00401	قارا قېيىن	headword	050_1R.png	unverified
D90-4-00402	قارا قىزىل	headword	050_1R.png	unverified
D90-4-00403	قارا قىسمەت	headword	050_1R.png	unverified
D90-4-00404	قارا قىلماق	headword	050_2L.png	unverified
D90-4-00405	قارا كاۋاش	headword	050_2L.png	unverified
D90-4-00406	قارا كۆز	headword	050_2L.png	unverified
D90-4-00407	قارا كۆزەينەك	headword	050_2L.png	unverified
D90-4-00408	قارا كۆز بەدىيان	headword	051_1R.png	unverified
D90-4-00409	قارا كۆك	headword	051_1R.png	unverified
D90-4-00410	قارا كۆكچە	headword	051_1R.png	unverified
D90-4-00411	قارا كۆكىرىك زەمبۇرۇغى	headword	051_1R.png	unverified
D90-4-00412	قارا كۆڭۈل	headword	051_2L.png	unverified
D90-4-00413	قارا كۆمۈك	headword	051_2L.png	unverified
D90-4-00414	قارا كۈچ	headword	051_2L.png	unverified
D90-4-00415	قارا كۈز	headword	051_2L.png	unverified
D90-4-00416	قارا كۈن	headword	051_2L.png	unverified
D90-4-00417	قارا كۆيە	headword	051_2L.png	unverified
D90-4-00417-v1	قارا توزان	variant	051_2L.png	unverified
D90-4-00418	قارا كۈيە كېسىلى	headword	052_1R.png	unverified
D90-4-00418-v1	قارا توزان كېسىلى	variant	052_1R.png	unverified
D90-4-00419	قارا كېزىك	headword	052_1R.png	unverified
D90-4-00420	قارا كىشمىش	headword	052_1R.png	unverified
D90-4-00421	قارا كىيمەك	headword	052_1R.png	unverified
D90-4-00422	قارا گۇرۇھ	headword	052_1R.png	unverified
D90-4-00423	قارا گۆش	headword	052_1R.png	unverified
D90-4-00424	قارا گىلاس	headword	052_1R.png	unverified
D90-4-00425	قارا لاي	headword	052_1R.png	unverified
D90-4-00426	قارا ماتېرىيال	headword	052_1R.png	unverified
D90-4-00427	قارا ماشىنا	headword	052_2L.png	unverified
D90-4-00428	قارا مال	headword	052_2L.png	unverified
D90-4-00429	قارا مانان	headword	052_2L.png	unverified
D90-4-00430	قارا مېتال	headword	052_2L.png	unverified
D90-4-00431	قارا مىلتىق	headword	052_2L.png	unverified
D90-4-00432	قارا نوپۇس	headword	052_2L.png	unverified
D90-4-00433	قارا نىيەت	headword	052_2L.png	unverified
D90-4-00434	قارا ھەرپ	headword	053_1R.png	unverified
D90-4-00435	قارا ھېلىلە	headword	053_1R.png	unverified
D90-4-00435-v1	ھېلىلە	variant	053_1R.png	unverified
D90-4-00436	قارا ئۆپكە كېسىلى	headword	053_1R.png	unverified
D90-4-00436-v1	كېسىلى	variant	053_1R.png	unverified
D90-4-00437	قارا ئۆي	headword	053_1R.png	unverified
D90-4-00438	قارا ئۆي چاشقىنى	headword	053_1R.png	unverified
D90-4-00439	قارا ئۈجمە	headword	053_1R.png	unverified
D90-4-00440	قارا ئۈزۈم	headword	053_1R.png	unverified
D90-4-00441	قارا ئىسىملىك	headword	053_1R.png	unverified
D90-4-00442	قارا ئىشچى	headword	053_2L.png	unverified
D90-4-00443	قارا يامغۇر	headword	053_2L.png	unverified
D90-4-00444	قارا يۈرەك	headword	053_2L.png	unverified
D90-4-00445	قارا يۈز	headword	053_2L.png	unverified
D90-4-00446	قارا يۈزلۈك	headword	053_2L.png	unverified
D90-4-00447	قارا يۈسۈن	headword	053_2L.png	unverified
D90-4-00447-v1	بېلىقلىشى	variant	053_2L.png	unverified
D90-4-00448	قارا يېتىم	headword	053_2L.png	unverified
D90-4-00449	قارا يىغىن	headword	054_1R.png	unverified
D90-4-00450	قارا يىلان	headword	054_1R.png	unverified
D90-4-00451	قارا يىلىك	headword	054_1R.png	unverified
D90-4-00452	قارىغا كەتمەك	headword	054_1R.png	unverified
D90-4-00453	قارىسى كۆرۈنمەك	headword	054_1R.png	unverified
D90-4-00454	قارىسىنى ئالماق	headword	054_1R.png	unverified
D90-4-00455	قارىسىنى ئۇشتۇماق	headword	054_2L.png	unverified
D90-4-00456	قارىسى يوقالماق	headword	054_2L.png	unverified
D90-4-00457	قارىسى يۈتمەك	headword	054_2L.png	unverified
D90-4-00458	قاراپ	headword	054_2L.png	unverified
D90-4-00459	قاراپ باقماق	headword	055_1R.png	unverified
D90-4-00460	قاراپ تۇر	headword	055_1R.png	unverified
D90-4-00461	قاراپ تۇرۇپ	headword	055_1R.png	unverified
D90-4-00462	قاراپ چىقماق	headword	055_2L.png	unverified
D90-4-00463	قاراتقۇزماق	headword	055_2L.png	unverified
D90-4-00464	قاراتما	headword	055_2L.png	unverified
D90-4-00466	قاراتماق	headword	056_1R.png	unverified
D90-4-00467	قاراتمىلىق	headword	056_1R.png	unverified
D90-4-00468	قاراخان	headword	056_1R.png	verified
D90-4-00469	قاراخانىيلار	headword	056_1R.png	unverified
D90-4-00470	قاراخانىيلار خانلىقى	headword	056_2L.png	unverified
D90-4-00471	قاراخانىيلار سۇلالىسى	headword	056_2L.png	unverified
D90-4-00472	قارار	headword	056_2L.png	unverified
D90-4-00473	قارار بەرمەك	headword	057_1R.png	unverified
D90-4-00474	قارار تاپماق	headword	057_1R.png	unverified
D90-4-00475	قارار چىقارماق	headword	057_1R.png	unverified
D90-4-00476	قارارغا كەلمەك	headword	057_2L.png	unverified
D90-4-00477	قارار قىلماق	headword	057_2L.png	unverified
D90-4-00478	قارارسىز	headword	057_2L.png	unverified
D90-4-00479	قارارسىزلانماق	headword	057_2L.png	unverified
D90-4-00480	قارارسىزلىق	headword	057_2L.png	unverified
D90-4-00481	قارارگاھ	headword	058_1R.png	unverified
D90-4-00482	قارارلاشتۇرماق	headword	058_1R.png	unverified
D90-4-00483	قارارلاشتۇرۇلماق	headword	058_1R.png	unverified
D90-4-00484	قارارلاشماق	headword	058_1R.png	unverified
D90-4-00485	قارارلىق	headword	058_2L.png	unverified
D90-4-00486	قارارلىماق	headword	058_2L.png	unverified
D90-4-00487	قاراس	headword	058_2L.png	unverified
D90-4-00488	قاراسىسىدە	headword	058_2L.png	unverified
D90-4-00489	قاراس-قۇرۇس	headword	058_2L.png	unverified
D90-4-00490	قاراسلاتماق	headword	059_1R.png	unverified
D90-4-00491	قاراسلىماق	headword	059_1R.png	unverified
D90-4-00492	قاراش	headword	059_1R.png	unverified
D90-4-00493	قاراش ئەينىكى	headword	059_2L.png	unverified
D90-4-00493-v1	ئوگۇليار	variant	059_2L.png	unverified
D90-4-00494	قاراش بۇلۇڭى	headword	059_2L.png	unverified
D90-4-00495	قاراشەھەر	headword	059_2L.png	verified
D90-4-00497	قاراشتۇرماق	headword	059_2L.png	unverified
D90-4-00498	قاراشقۇ	headword	060_1R.png	unverified
D90-4-00499	قاراشلىق	headword	060_1R.png	unverified
D90-4-00500	قاراشماق	headword	060_1R.png	unverified
D90-4-00501	قارىغان	headword	060_2L.png	unverified
D90-4-00502	قاراق	headword	060_2L.png	unverified
D90-4-00503	قاراقالپاق	headword	060_2L.png	unverified
D90-4-00504	قاراقالپاق تىلى	headword	060_2L.png	unverified
D90-4-00505	قاراقالپاقچە	headword	061_1R.png	unverified
D90-4-00506	قاراقالپاقلار	headword	061_1R.png	verified
D90-4-00507	قاراقچى	headword	061_1R.png	unverified
D90-4-00508	قاراقچى سىياھ بېلىق	headword	061_1R.png	unverified
D90-4-00509	قاراقچىلىق	headword	061_1R.png	unverified
D90-4-00510	قاراقسىز	headword	061_2L.png	verified
D90-4-00511	قاراقلىق	headword	061_2L.png	unverified
D90-4-00512	قارا-قۇرا	headword	061_2L.png	unverified
D90-4-00513	قارا-گۈجۈر	headword	062_1R.png	unverified
D90-4-00514	قاراڭغۇ	headword	062_1R.png	unverified
D90-4-00515	قاراڭغۇ ئەنزە	headword	062_2L.png	verified
D90-4-00516	قاراڭغۇ بازار	headword	062_2L.png	unverified
D90-4-00517	قاراڭغۇ بازارچى	headword	062_2L.png	unverified
D90-4-00518	قاراڭغۇ بازارچىلىق	headword	062_2L.png	unverified
D90-4-00519	قاراڭغۇ بازار قىلماق	headword	063_1R.png	unverified
D90-4-00520	قاراڭغۇ تەرەپ	headword	063_1R.png	unverified
D90-4-00522	قاراڭغۇ چۈشمەك	headword	063_1R.png	unverified
D90-4-00523	قاراڭغۇ رېئاكسىيە	headword	063_2L.png	unverified
D90-4-00524	قاراڭغۇچىلىق	headword	063_2L.png	unverified
D90-4-00525	قاراڭغۇلاتماق	headword	063_2L.png	unverified
D90-4-00526	قاراڭغۇلاشتۇرماق	headword	063_2L.png	unverified
D90-4-00527	قاراڭغۇلاشماق	headword	063_2L.png	unverified
D90-4-00528	قاراڭغۇلۇق	headword	064_1R.png	unverified
D90-4-00529	قارال	headword	064_2L.png	unverified
D90-4-00530	قارالما	headword	064_2L.png	unverified
D90-4-00531	قارالماق	headword	064_2L.png	unverified
D90-4-00532	قارام	headword	064_2L.png	unverified
D90-4-00533	قارام بولماق	headword	065_1R.png	unverified
D90-4-00536	قارام قىلماق	headword	065_2L.png	unverified
D90-4-00537	قارامتۇر	headword	065_2L.png	unverified
D90-4-00538	قارامتۇل	headword	065_2L.png	unverified
D90-4-00539	قارامتۇل بامبۇك	headword	066_1R.png	unverified
D90-4-00540	قارامتۇللاشماق	headword	066_1R.png	unverified
D90-4-00541	قارامتۇللۇق	headword	066_1R.png	unverified
D90-4-00542	قاراملارچە	headword	066_1R.png	unverified
D90-4-00543	قاراملىق	headword	066_1R.png	unverified
D90-4-00544	قاراملىق قىلماق	headword	066_2L.png	unverified
D90-4-00546	قارانچۇق	headword	066_2L.png	unverified
D90-4-00547	قارانچۇق بولماق	headword	067_1R.png	unverified
D90-4-00548	قارانچۇقسىز	headword	067_1R.png	unverified
D90-4-00549	قاراۋۇل	headword	067_1R.png	unverified
D90-4-00550	قاراۋۇل بېكىتى	headword	067_2L.png	unverified
D90-4-00551	قاراۋۇلخانا	headword	067_2L.png	unverified
D90-4-00552	قاراۋۇلسىز	headword	067_2L.png	unverified
D90-4-00553	قاراۋۇللۇق	headword	067_2L.png	unverified
D90-4-00556	قارايتماق	headword	068_1R.png	unverified
D90-4-00557	قارايماق	headword	068_1R.png	unverified
D90-4-00558	قارت	headword	068_1R.png	unverified
D90-4-00560	قارتا	headword	068_2L.png	unverified
D90-4-00562	قارتىدە	headword	069_1R.png	unverified
D90-4-00563	قارتىچى	headword	069_1R.png	unverified
D90-4-00564	قارچىغا	headword	069_1R.png	unverified
D90-4-00566	قارچىغىلىق	headword	069_1R.png	unverified
D90-4-00567	قارس	headword	069_2L.png	unverified
D90-4-00568	قارساق	headword	069_2L.png	unverified
D90-4-00569	قارسىدە	headword	069_2L.png	unverified
D90-4-00570	قارس-قۇرس	headword	069_2L.png	unverified
D90-4-00571	قارسىلداتماق	headword	069_2L.png	unverified
D90-4-00572	قارسىلدىماق	headword	069_2L.png	unverified
D90-4-00573	قارشى	headword	070_1R.png	unverified
D90-4-00574	قارشى ئالماق	headword	070_2L.png	unverified
D90-4-00575	قارشى ئەرز	headword	071_1R.png	unverified
D90-4-00576	قارشى تەرەپ	headword	071_1R.png	unverified
D90-4-00577	قارشى تۇرماق	headword	071_1R.png	unverified
D90-4-00578	قارشى چىقماق	headword	071_1R.png	unverified
D90-4-00579	قارشى چىقىپ ئىسپاتلاش ئۇسۇلى	headword	071_2L.png	unverified
D90-4-00580	قارشىسىدىكى بۇلۇڭ	headword	071_2L.png	unverified
D90-4-00581	قارشى قويماق	headword	071_2L.png	unverified
D90-4-00582	قارشىلاشتۇرماق	headword	071_2L.png	unverified
D90-4-00583	قارشىلاشماق	headword	071_2L.png	unverified
D90-4-00584	قارشىلىشىش	headword	072_1R.png	unverified
D90-4-00586	قارشىلىق	headword	072_1R.png	unverified
D90-4-00587	قارشىلىق بىلدۈرمەك	headword	072_2L.png	unverified
D90-4-00588	قارشىلىق قىلماق	headword	072_2L.png	unverified
D90-4-00589	قارشىلىق كۆرسەتمەك	headword	072_2L.png	unverified
D90-4-00590	قارشىلىق كۈچ	headword	072_2L.png	unverified
D90-4-00591	قارشىلىقسىز	headword	073_1R.png	unverified
D90-4-00592	قارشىلىقلىق	headword	073_1R.png	unverified
D90-4-00594	قار-شىۋىرغان	headword	073_1R.png	unverified
D90-4-00595	قار-شىۋىرغانلىق	headword	073_1R.png	unverified
D90-4-00596	قارغاتماق	headword	073_1R.png	unverified
D90-4-00597	قارغاشماق	headword	073_2L.png	unverified
D90-4-00598	قارغالماق	headword	073_2L.png	unverified
D90-4-00599	قارغۇ	nonstandard	073_2L.png	unverified
D90-4-00663	قارىغۇ	headword	082_1R.png	unverified
D90-4-00600	قارغىش	headword	073_2L.png	unverified
D90-4-00601	قارغىش ئالماق	headword	073_2L.png	unverified
D90-4-00602	قارغىش تەگكۈر	headword	073_2L.png	unverified
D90-4-00603	قارغىش تەگمەك	headword	074_1R.png	unverified
D90-4-00604	قارغىشقا قالماق	headword	074_1R.png	unverified
D90-4-00605	قارغىشقا كەتمەك	headword	074_1R.png	unverified
D90-4-00606	قارغىش قېپى	headword	074_1R.png	unverified
D90-4-00607	قارغىشچى	headword	074_2L.png	unverified
D90-4-00608	قارغىشخور	headword	074_2L.png	unverified
D90-4-00609	قارغىماق	headword	074_2L.png	unverified
D90-4-00610	قارغىنا	headword	074_2L.png	unverified
D90-4-00610-v1	قاراغان	variant	074_2L.png	unverified
D90-4-00611	قارلۇق	headword	074_2L.png	unverified
D90-4-00612	قارلۇقلار	headword	074_2L.png	unverified
D90-4-00613	قارلىغاچ	headword	075_1R.png	unverified
D90-4-00616	قارلىغاچسىمان	headword	075_1R.png	unverified
D90-4-00619	قارلىغاچسمان لاچىن	headword	075_2L.png	unverified
D90-4-00620	قارلىق	headword	075_2L.png	unverified
D90-4-00623	قارماق	headword	076_1R.png	unverified
D90-4-00624	قارماق تاشلىماق	headword	076_2L.png	unverified
D90-4-00625	قارماقتىن چىقماق	headword	076_2L.png	unverified
D90-4-00626	قارماققا ئىلىنماق	headword	076_2L.png	unverified
D90-4-00627	قارماق قىسقۇچ	headword	077_1R.png	unverified
D90-4-00628	قارماقلىق	headword	077_1R.png	unverified
D90-4-00629	قارماقلىماق	headword	077_1R.png	unverified
D90-4-00630	قار-مۇز	headword	077_1R.png	unverified
D90-4-00631	قار-مۇزلۇق	headword	077_1R.png	unverified
D90-4-00632	قارمىقىدا	headword	077_1R.png	unverified
D90-4-00633	قارمىقىدىكى	headword	077_2L.png	unverified
D90-4-00635	قارنا	headword	077_2L.png	unverified
D90-4-00636	قارنى-كۆكسى	headword	077_2L.png	unverified
D90-4-00638	قارنى-كۆكسىنى بوشاتماق	headword	078_1R.png	unverified
D90-4-00639	قارو	headword	078_1R.png	unverified
D90-4-00640	قارۇغ	headword	078_1R.png	unverified
D90-4-00640-v1	قورۇق II	variant	078_1R.png	unverified
D90-4-00641	قارۇغباشى	headword	078_1R.png	verified
D90-4-00642	قارۇغچى	headword	078_1R.png	unverified
D90-4-00643	قارۇغچى باشى	headword	078_1R.png	unverified
D90-4-00644	قارى	headword	078_2L.png	unverified
D90-4-00645	قارىتا	headword	078_2L.png	unverified
D90-4-00646	قارىتاختا	headword	078_2L.png	verified
D90-4-00648	قارىتاز	headword	078_2L.png	verified
D90-4-00648-v1	غېجىر سالۋا	variant	078_2L.png	verified
D90-4-00649	قارىتەلپەك	headword	078_2L.png	verified
D90-4-00650	قارىتۈرۈك	headword	079_1R.png	verified
D90-4-00651	قارىتىشماق	headword	079_1R.png	unverified
D90-4-00652	قارىتىلماق	headword	079_1R.png	verified
D90-4-00653	قارىچاي	headword	079_1R.png	verified
D90-4-00654	قارىچايىر	headword	079_1R.png	unverified
D90-4-00655	قارىچۇق	headword	079_2L.png	verified
D90-4-00656	قارىچىلاپ	headword	079_2L.png	unverified
D90-4-00657	قارىچىلان	headword	079_2L.png	verified
D90-4-00658	قارىخانا	headword	079_2L.png	verified
D90-4-00659	قارىخەت	headword	079_2L.png	verified
D90-4-00660	قارىداتماق	headword	079_2L.png	verified
D90-4-00661	قارىداشماق	headword	079_2L.png	verified
D90-4-00662	قارىغايلىق	headword	082_1R.png	unverified
D90-4-00664	قارىغۇ ئامەت كەلمەك	headword	082_2L.png	unverified
D90-4-00665	قارىغۇ بولماق	headword	082_2L.png	unverified
D90-4-00666	قارىغۇ چاشقان	headword	082_2L.png	unverified
D90-4-00667	قارىغۇ چېرىپاشكا	headword	082_2L.png	unverified
D90-4-00668	قارىغۇدىن يول سورىماق	headword	082_2L.png	unverified
D90-4-00669	قارىغۇ قىلماق	headword	082_2L.png	unverified
D90-4-00670	قارىغۇ نۇقتا	headword	082_2L.png	unverified
D90-4-00671	قارىغۇنى ياردا قىستىماق	headword	083_1R.png	unverified
D90-4-00672	قارىغۇ ئۇچەي	headword	083_1R.png	unverified
D90-4-00672-v1	سوقۇر ئۇچەي	variant	083_1R.png	unverified
D90-4-00673	قارىغۇ ئۇچەي ياللۇغى	headword	083_1R.png	unverified
D90-4-00673-v1	سوقۇر ئۇچەي ياللۇغى	variant	083_1R.png	unverified
D90-4-00674	قارىغۇجا	headword	083_1R.png	verified
D90-4-00674-v1	قاراقۇشقاچ	variant	083_1R.png	verified
D90-4-00675	قارىغۇسىز	headword	083_1R.png	unverified
D90-4-00676	قارىغۇلارچە	headword	083_1R.png	unverified
D90-4-00677	قارىغۇلۇق	headword	083_2L.png	unverified
D90-4-00678	قارىغۇلۇق قىلماق	headword	083_2L.png	unverified
D90-4-00679	قارىغۇياپىلاق	headword	083_2L.png	verified
D90-4-00679-v1	مۈشۈكياپىلاق	variant	083_2L.png	verified
D90-4-00680	قارىقات	headword	084_1R.png	unverified
D90-4-00681	قارىقاش	headword	084_1R.png	verified
D90-4-00682	قارىقاش چاپان	headword	084_1R.png	unverified
D90-4-00682-v1	بەرچەتكە	variant	084_1R.png	unverified
D90-4-00683	قارىقوتۇر	headword	084_1R.png	verified
D90-4-00684	قارىقوغۇر	headword	084_1R.png	unverified
D90-4-00685	قارىقويۇق	headword	084_1R.png	verified
D90-4-00686	قارىقۇش	headword	084_2L.png	verified
D90-4-00687	قارىقۇمچاق	headword	084_2L.png	verified
D90-4-00688	قارىقۇيرۇق	headword	084_2L.png	verified
D90-4-00689	قارىكۆزەل	headword	084_2L.png	unverified
D90-4-00690	قارىكۆسەي	headword	084_2L.png	verified
D90-4-00691	قارىكۆل	headword	084_2L.png	verified
D90-4-00693	قارىگۈل	headword	085_1R.png	verified
D90-4-00694	قارىلاشماق	headword	085_1R.png	unverified
D90-4-00695	قارىلاق	headword	085_1R.png	unverified
D90-4-00696	قارىلانغۇچى	headword	085_1R.png	unverified
D90-4-00697	قارىلانماق	headword	085_2L.png	unverified
D90-4-00698	قارىلىق	headword	085_2L.png	unverified
D90-4-00699	قارىلىق باغلىماق	headword	085_2L.png	unverified
D90-4-00700	قارىلىق تۇتماق	headword	086_1R.png	unverified
D90-4-00701	قارىلىقىنى سۇندۇرماق	headword	086_1R.png	unverified
D90-4-00702	قارىلىقىنى ئوشتۇماق	headword	086_1R.png	unverified
D90-4-00705	قارىلىماق	headword	086_2L.png	unverified
D90-4-00707	قارىم	headword	087_1R.png	unverified
D90-4-03613	قېرىم	headword	376_1R.png	unverified
D90-4-00709	قارىماتاق	headword	087_1R.png	unverified
D90-4-00710	قارىماستىن	headword	087_1R.png	verified
D90-4-00711	قارىماق	headword	087_1R.png	unverified
D90-4-00716	قارىماققا	headword	088_2L.png	unverified
D90-4-00717	قارىماي	headword	089_1R.png	verified
D90-4-00719-v1	يامغۇراستىن	variant	089_1R.png	unverified
D90-4-00720	قارىمايلىق	headword	089_1R.png	unverified
D90-4-00722	قارىمۇتۇق	headword	089_1R.png	unverified
D90-4-00723	قارىمۇچ	headword	089_1R.png	verified
D90-4-00724	قارىمۇق	headword	089_2L.png	unverified
D90-4-00726	قارىمۇق كېسەللىك زەمبۇرۇغى	headword	089_2L.png	unverified
D90-4-00727	قارىمۇقارشى	headword	089_2L.png	unverified
D90-4-00728	قارىمۇقارشى بۇلۇڭلار	headword	090_1R.png	unverified
D90-4-00728-v1	قارىشسىدبكى بۇلۇڭ	variant	090_1R.png	unverified
D90-4-00729	قارىمۇقارشى تەرەپلەر	headword	090_1R.png	unverified
D90-4-00730	قارىمۇقارشى چوققىلىق بۇلۇڭلار	headword	090_1R.png	unverified
D90-4-00732	قارىمۇقارشى مەنىلىك سۆز	headword	090_2L.png	unverified
D90-4-00733	قارىمۇقارشى مۇناسىۋەت	headword	090_2L.png	unverified
D90-4-00734	قارىمۇقارشى ئۇقۇم	headword	090_2L.png	unverified
D90-4-00735	قارىمۇقارشى ئېقىم قاتلىمى	headword	090_2L.png	unverified
D90-4-00735-v1	كونۇېكسيە قاتلىمى	variant	090_2L.png	unverified
D90-4-00736	قارىمۇقارشى يانداشتۇرۇش	headword	090_2L.png	unverified
D90-4-00737	قارىمۇقارشىلىق	headword	090_2L.png	unverified
D90-4-00738	قارىمۇقارشىلىقنىڭ بىرلىكى	headword	091_1R.png	unverified
D90-4-00739	قارىمۇقارشىلىقنىڭ بىرلىكى قانۇنىيىتى	headword	091_1R.png	unverified
D90-4-00740	قارىن	headword	091_1R.png	unverified
D90-4-00741	قارنى ئاغرىماق	headword	091_2L.png	unverified
D90-4-00741-v1	قورساقى ئاغرىماق	variant	091_2L.png	unverified
D90-4-00742	قارنى باشقا بىر تۇغقان	headword	091_2L.png	unverified
D90-4-00743	قارنىنى بوشاتماق	headword	091_2L.png	unverified
D90-4-00743-v1	ئىچ-قارنىنى بوشاتماق	variant	091_2L.png	unverified
D90-4-00744	قارنى يامان	headword	091_2L.png	unverified
D90-4-00745	قارىنباغ	headword	091_2L.png	verified
D90-4-00746	قارىئۆرۈك	headword	091_2L.png	verified
D90-4-00749	قارىئۆڭكۈر	headword	092_1R.png	verified
D90-4-00750	قارىۋاي	headword	092_1R.png	verified
D90-4-00751	قارىئىجىرىق	headword	092_2L.png	unverified
D90-4-00752	قارىياغاچ	headword	092_2L.png	verified
D90-4-00754	قارىياغاچلىق	headword	092_2L.png	unverified
D90-4-00755	قارىياڭاق	headword	093_1R.png	verified
D90-4-00756	قار-يامغۇر	headword	093_1R.png	unverified
D90-4-00757	قار-يامغۇر يىغلىماق	headword	093_1R.png	unverified
D90-4-00758	قازا	headword	093_1R.png	unverified
D90-4-00759	قازا بولماق	headword	093_2L.png	unverified
D90-4-00760	قازا تاپماق	headword	093_2L.png	unverified
D90-4-00761	قازاسىنى ئوقۇماق	headword	093_2L.png	unverified
D90-4-00762	قازا قىلماق	headword	094_1R.png	unverified
D90-4-00763	قازا كەلمەك	headword	094_1R.png	unverified
D90-4-00764	قازا يەتمەك	headword	094_1R.png	unverified
D90-4-00765	قازارا	headword	094_2L.png	unverified
D90-4-00766	قازاق	headword	094_2L.png	verified
D90-4-00768	قازاقچە	headword	094_2L.png	unverified
D90-4-00769	قازاقلار	headword	094_2L.png	verified
D90-4-00770	قازالىماق	headword	095_1R.png	unverified
D90-4-00771	قازان	headword	095_1R.png	unverified
D90-4-00773	قازان بېشى	headword	095_2L.png	unverified
D90-4-00774	قازان بېشىدىكىلەر	headword	095_2L.png	unverified
D90-4-00775	قازان تۈۋى	headword	095_2L.png	unverified
D90-4-00776	قازان تېگى ناۋات	headword	095_2L.png	unverified
D90-4-00777	قازان چۆرىسى	headword	095_2L.png	unverified
D90-4-00778	قازان قايناتماق	headword	095_2L.png	unverified
D90-4-00779	قازان قايناتماسلىق	headword	096_1R.png	unverified
D90-4-00780	قازان كاۋىپى	headword	096_1R.png	unverified
D90-4-00781	قازانمۇ ماي، چۆمۈچمۇ ماي	headword	096_1R.png	unverified
D90-4-00782	قازانمۇ ياغ، چۆمۈچمۇ ياغ	headword	096_1R.png	unverified
D90-4-00783	قازان نېنى	headword	096_1R.png	unverified
D90-4-00784	قازىنى چېقىلماق	headword	096_1R.png	unverified
D90-4-00785	قازىننى ئاستى	headword	096_2L.png	unverified
D90-4-00787	قازانچاق	headword	096_2L.png	unverified
D90-4-00788	قازانچى	headword	096_2L.png	unverified
D90-4-00789	قازانچىلىق	headword	096_2L.png	unverified
D90-4-00790	قازانخانا	headword	096_2L.png	verified
D90-4-00791	قازاندەك	headword	097_1R.png	unverified
D90-4-00792	قازاندۇرماق	headword	097_1R.png	unverified
D90-4-00793	قازان-قومۇچ	headword	097_1R.png	unverified
D90-4-00794	قازانماق	headword	097_1R.png	unverified
D90-4-00795	قازانيۇغۇچ	headword	097_1R.png	verified
D90-4-00796	قازايىقەدەر	headword	097_1R.png	unverified
D90-4-00798	قازدۇرماق	headword	097_2L.png	unverified
D90-4-00799	قازدۇرۇلماق	headword	097_2L.png	unverified
D90-4-00800	قازما	headword	097_2L.png	unverified
D90-4-00802	قازماق	headword	098_1R.png	unverified
D90-4-00803	قازمىچىلىق	headword	098_1R.png	unverified
D90-4-00805	قازناق	headword	098_2L.png	unverified
D90-4-00806	قازى	headword	098_2L.png	unverified
D90-4-00807	قازىخانا	headword	098_2L.png	unverified
D90-4-00808	قازى-قۇززات	headword	098_2L.png	unverified
D90-4-00809	قازىكالان	headword	099_1R.png	unverified
D90-4-00810	قازىلىق	headword	099_1R.png	unverified
D90-4-00811	قازىنىشماق	headword	099_1R.png	unverified
D90-4-00812	قازىنىلماق	headword	099_1R.png	unverified
D90-4-00813	قاس	headword	099_1R.png	unverified
D90-4-00814	قاس چىقارماق	headword	099_2L.png	unverified
D90-4-00815	قاساتماق	headword	099_2L.png	unverified
D90-4-00818	قاساشماق	headword	099_2L.png	unverified
D90-4-00821	قاساق	headword	099_2L.png	unverified
D90-4-00822	قاسالماق	headword	099_2L.png	unverified
D90-4-00823	قاسراق	headword	099_2L.png	unverified
D90-4-00840	قاسىراق	headword	101_2L.png	unverified
D90-4-00824	قاسساپ	headword	099_2L.png	unverified
D90-4-00825	قاسساپچىلىق	headword	100_1R.png	unverified
D90-4-00826	قاسساپخانا	headword	100_1R.png	unverified
D90-4-00827	قاسساپلىق	headword	100_1R.png	unverified
D90-4-00828	قاسسىدە	headword	100_1R.png	unverified
D90-4-00829	قاسقان	headword	100_1R.png	unverified
D90-4-00830	قاسقان شەپكە	headword	100_2L.png	unverified
D90-4-00831	قاسقانغا تىزغان مانتىدەك	headword	100_2L.png	unverified
D90-4-00832	قاسقاننى كۆتۈر	headword	100_2L.png	unverified
D90-4-00832-v1	كۆتۈر قاسقاننى	variant	100_2L.png	unverified
D90-4-00833	قاسقانلىق	headword	100_2L.png	unverified
D90-4-00834	قاس-قۇس	headword	100_2L.png	unverified
D90-4-00835	قاسماق	headword	101_1R.png	unverified
D90-4-00837	قاسماقلاشماق	headword	101_1R.png	unverified
D90-4-00838	قاسناق	headword	101_1R.png	unverified
D90-4-00839	قاسناقلىق	headword	101_2L.png	unverified
D90-4-00841	قاسىراقچە	headword	101_2L.png	unverified
D90-4-00842	قاسىراقلىق	headword	101_2L.png	verified
D90-4-00844	قاسىر-قۇسۇر	headword	101_2L.png	unverified
D90-4-00845	قاسىرماق	headword	102_1R.png	unverified
D90-4-00846	قاسىلداتماق	headword	102_1R.png	unverified
D90-4-00847	قاسىلدىشماق	headword	102_1R.png	unverified
D90-4-00848	قاسىلدىماق	headword	102_1R.png	unverified
D90-4-00849	قاسىماق	headword	102_1R.png	unverified
D90-4-00852	قاش	headword	102_2L.png	unverified
D90-4-00853	قاش ئاتماق	headword	102_2L.png	unverified
D90-4-00854	قاش بىلەن كىرپىك ئارىسىدا	headword	102_2L.png	unverified
D90-4-00855	قاش بىلەن كىرپىك ئارىلىقىدا	headword	103_1R.png	unverified
D90-4-00856	قاش بىلەن كىرپىك ئوتتۇرىسىدا	headword	103_1R.png	unverified
D90-4-00857	قاش تاشلىماق	headword	103_1R.png	unverified
D90-4-00858	قاش قارايغاندا	headword	103_1R.png	unverified
D90-4-00859	قاش قارايماق	headword	103_2L.png	unverified
D90-4-00860	قاش قەلىمى	headword	103_2L.png	unverified
D90-4-00861	قاش قويىمەن دەپ، كۆز چىقارماق	headword	103_2L.png	unverified
D90-4-00861-v1	چاپىقىنى ئالىمەن دەپ قارىغۇ قىلىپ قويماق	variant	103_2L.png	unverified
D90-4-00862	قاش كۆتۈرمەك	headword	103_2L.png	unverified
D90-4-00863	قاش ئويناتماق	headword	103_2L.png	unverified
D90-4-00864	قاش ياسايمەن دەپ، كۆز چىقارماق	headword	103_2L.png	unverified
D90-4-00864-v1	چاپىقىنى ئالىمەن دەپ، قارىغۇ قىلىپ قويماق	variant	103_2L.png	unverified
D90-4-00865	قېشىنى سۈزمەك	headword	103_2L.png	unverified
D90-4-00866	قېشىنى ھەمەرمەك	headword	103_2L.png	unverified
D90-4-00870	قاش تىرگەن	headword	104_2L.png	unverified
D90-4-00871	قاشقا دەسسىمەك	headword	104_2L.png	unverified
D90-4-00872	قاش گۈندە	headword	104_2L.png	unverified
D90-4-00873	قاش مۇھاپىزەت ئورمىنى	headword	104_2L.png	unverified
D90-4-00874	قاشا	headword	104_2L.png	unverified
D90-4-00875	قاشادىنماق	headword	105_1R.png	unverified
D90-4-00875-v1	قاشالماق	variant	105_1R.png	unverified
D90-4-00876	قاشارتماق	headword	105_1R.png	unverified
D90-4-00877	قاشارتىلماق	headword	105_1R.png	unverified
D90-4-00878	قاشارماق	headword	105_1R.png	unverified
D90-4-00879	قاشاق	headword	105_1R.png	verified
D90-4-00880	قاشاڭ	headword	105_1R.png	unverified
D90-4-00882	قاشاڭلاشتۇرماق	headword	105_2L.png	unverified
D90-4-00882-v1	قاشاڭلاشماق » پېئىلىنىڭ مەجبۇرىي دەرىجىسى	variant	105_2L.png	unverified
D90-4-00883	قاشاڭلاشتۇرۇلماق	headword	105_2L.png	unverified
D90-4-00883-v1	قاشاڭلاشتۇرماق » پېئىلىنىڭ مەجھۇل دەرىجىسى	variant	105_2L.png	unverified
D90-4-00884	قاشاڭلاشماق	headword	105_2L.png	unverified
D90-4-00885	قاشاڭلىق	headword	105_2L.png	unverified
D90-4-00886	قاشاڭلىماق	headword	105_2L.png	unverified
D90-4-00887	قاشالاتماق	headword	105_2L.png	unverified
D90-4-00887-v1	قاشالىماق » پېئىلىنىڭ مەجبۇرىي دەرىجىسى	variant	105_2L.png	unverified
D90-4-00888	قاشالاشتۇرماق	headword	106_1R.png	unverified
D90-4-00889	قاشالاشماق	headword	106_1R.png	unverified
D90-4-00890	قاشالانماق	headword	106_1R.png	unverified
D90-4-00891	قاشالىق	headword	106_1R.png	unverified
D90-4-00892	قاشالىماق	headword	106_1R.png	unverified
D90-4-00893	قاشتاش	headword	106_1R.png	verified
D90-4-00894	قاشتاشچى	headword	106_2L.png	unverified
D90-4-00895	قاششاق	headword	106_2L.png	unverified
D90-4-00896	قاششاقلاشتۇرماق	headword	106_2L.png	unverified
D90-4-00897	قاششاقلاشتۇرۇلماق	headword	106_2L.png	unverified
D90-4-00898	قاششاقلاشماق	headword	106_2L.png	unverified
D90-4-00899	قاششاقلىق	headword	107_1R.png	unverified
D90-4-00900	قاشقا	headword	107_1R.png	unverified
D90-4-00902	قاشقا بېدە	headword	107_2L.png	unverified
D90-4-00903	قاشقىسى بار	headword	107_2L.png	unverified
D90-4-00904	قاش-قاپاق	headword	107_2L.png	unverified
D90-4-00905	قاش-قاپىقى چۈشمەك	headword	107_2L.png	unverified
D90-4-00906	قاش-قاپىقى سېلىنماق	headword	107_2L.png	unverified
D90-4-00907	قاش-قاپىقىغا قارىماق	headword	108_1R.png	unverified
D90-4-00908	قاش-قاپىقىنى تۈرمەك	headword	108_1R.png	unverified
D90-4-00909	قاش-قاپىقىنى سالماق	headword	108_1R.png	unverified
D90-4-00910	قاش-قاپىقىنى سۈزمەك	headword	108_1R.png	unverified
D90-4-00910-v1	قاش-كۆزىنى سۈزمەك	variant	108_1R.png	unverified
D90-4-00911	قاشقالداق	headword	108_1R.png	unverified
D90-4-00912	قاشقۇنچۇق	headword	108_1R.png	unverified
D90-4-00913	قاشقىر	headword	108_1R.png	unverified
D90-4-00914	قاشقىلىق	headword	108_2L.png	unverified
D90-4-00915	قاشقىنا	headword	108_2L.png	unverified
D90-4-00916	قاشقىئوغلاق	headword	108_2L.png	verified
D90-4-00917	قاش-كۆز	headword	108_2L.png	unverified
D90-4-00920	قاش-كىرپىك	headword	109_1R.png	unverified
D90-4-00921	قاش-كىرپىك چىقارماق	headword	109_1R.png	unverified
D90-4-00922	قاش-كىرپىكى تۆكۈلۈپ تۇرىدىغان	headword	109_1R.png	unverified
D90-4-00923	قاش-كىرپىكنىڭ ئارىسىدا	headword	109_1R.png	unverified
D90-4-00923-v1	قاش بىلەن كىرپىكنىڭ ئارىسىدا	variant	109_1R.png	unverified
D90-4-00924	قاش-كىرپىكنىڭ ئارىلىقىدا	headword	109_1R.png	unverified
D90-4-00924-v1	قاش بىلەن كىرپىكنىڭ ئارىلىقىدا	variant	109_1R.png	unverified
D90-4-00925	قاشلىغۇچ	headword	109_2L.png	unverified
D90-4-00926	قاشلىق	headword	109_2L.png	unverified
D90-4-00929	قاشلىقئوت	headword	109_2L.png	unverified
D90-4-00930	قاشلىماق	headword	109_2L.png	unverified
D90-4-00932	قاغا	headword	110_1R.png	unverified
D90-4-00933	قاغا تېزەك چوقۇماستا	headword	110_1R.png	unverified
D90-4-00933-v1	قاغا پوق	variant	110_1R.png	unverified
D90-4-00934	قاغا جىگدىسى	headword	110_2L.png	unverified
D90-4-00935	قاغا چۆلۈكى	headword	110_2L.png	unverified
D90-4-00936	قاغا چىلىنى	headword	110_2L.png	unverified
D90-4-00937	قاغا-قۇزغۇن	headword	111_1R.png	unverified
D90-4-00938	قاغان	headword	111_1R.png	unverified
D90-4-00939	قاغجال	headword	111_1R.png	unverified
D90-4-00940	قاغجالما	headword	111_1R.png	unverified
D90-4-00941	قاغجالمىلىق	headword	111_1R.png	unverified
D90-4-00942	قاغجىراتماق	headword	111_2L.png	unverified
D90-4-00943	قاغجىراش	headword	111_2L.png	unverified
D90-4-00945	قاغجىراشماق	headword	111_2L.png	unverified
D90-4-00946	قاغجىراق	headword	111_2L.png	unverified
D90-4-00947	قاغجىرىماق	headword	111_2L.png	unverified
D90-4-00948	قاغداڭ	headword	111_2L.png	unverified
D90-4-00949	قاغدال	headword	112_1R.png	unverified
D90-4-00950	قاغدالما	headword	112_1R.png	unverified
D90-4-00951	قاغدالماق	headword	112_1R.png	unverified
D90-4-00952	قاغدالمىلاشماق	headword	112_1R.png	unverified
D90-4-00953	قاغدالمىلىق	headword	112_1R.png	unverified
D90-4-00954	قاغدام	headword	112_1R.png	unverified
D90-4-00955	قاغىپۇتى	headword	112_1R.png	verified
D90-4-00957	قاغىتۇمشۇق	headword	112_1R.png	verified
D90-4-00958	قاغىتىرناق	headword	112_2L.png	verified
D90-4-00959	قاغىقامغىقى	headword	112_2L.png	verified
D90-4-00960	قاق	headword	113_1R.png	unverified
D90-4-00963	قاق پودا	headword	113_2L.png	unverified
D90-4-00964	قاق سالماق	headword	113_2L.png	unverified
D90-4-00968	قاق قىلماق	headword	113_2L.png	unverified
D90-4-00965	قاق سۆڭەك	headword	113_2L.png	unverified
D90-4-00966	قاق سۈيى	headword	113_2L.png	unverified
D90-4-00967	قاق شىراق	headword	113_2L.png	unverified
D90-4-00971	قاقاچ	headword	113_2L.png	unverified
D90-4-00972	قاقاس	headword	114_1R.png	unverified
D90-4-00973	قاقاسچىلىق	headword	114_1R.png	unverified
D90-4-00974	قاقاسلاشماق	headword	114_1R.png	unverified
D90-4-00975	قاقاسلىق	headword	114_1R.png	unverified
D90-4-00976	قاقاق	headword	114_2L.png	unverified
D90-4-00977	قاقاقلاتماق	headword	114_2L.png	unverified
D90-4-00978	قاقاقلاشماق	headword	114_2L.png	unverified
D90-4-00979	قاقاقلىماق	headword	114_2L.png	unverified
D90-4-00980	قاقباش	headword	114_2L.png	verified
D90-4-00981	قاقباشلىق	headword	115_1R.png	unverified
D90-4-00982	قاقتەك	headword	115_1R.png	unverified
D90-4-00983	قاقتۇرغۇزماق	headword	115_1R.png	unverified
D90-4-00984	قاقتۇرماق	headword	115_1R.png	unverified
D90-4-00985	قاقتۇرۇشماق	headword	115_1R.png	unverified
D90-4-00986	قاقتۇرۇلماق	headword	115_1R.png	unverified
D90-4-00987	قاقتى-سوقتى	headword	115_1R.png	unverified
D90-4-00988	قاقتى-سوقتى قىلماق	headword	115_2L.png	unverified
D90-4-00989	قاقرام	nonstandard	115_2L.png	unverified
D90-4-01013	قاقىرام	headword	118_2L.png	unverified
D90-4-00990	قاقشاتقۇچ	headword	115_2L.png	unverified
D90-4-00992	قاقشاتماق	headword	115_2L.png	unverified
D90-4-00993	قاقشاشماق	headword	116_1R.png	unverified
D90-4-00994	قاقشال	headword	116_1R.png	unverified
D90-4-00995	قاقشال بولماق	headword	116_1R.png	unverified
D90-4-00996	قاقشال قىلماق	headword	116_1R.png	unverified
D90-4-00997	قاقشاللاشماق	headword	116_2L.png	unverified
D90-4-00998	قاقشاللىق	headword	116_2L.png	unverified
D90-4-00999	قاقشىماق	headword	116_2L.png	unverified
D90-4-01000	قاق-قاق	headword	116_2L.png	unverified
D90-4-01001	قاققان	headword	116_2L.png	unverified
D90-4-01003	قاققۇزماق	headword	117_1R.png	unverified
D90-4-01004	قاق-قۇق	headword	117_1R.png	verified
D90-4-01005	قاقلاتقۇزماق	headword	117_1R.png	unverified
D90-4-01006	قاقلاتماق	headword	117_1R.png	unverified
D90-4-01007	قاقلاشماق	headword	117_1R.png	unverified
D90-4-01008	قاقلانماق	headword	117_1R.png	unverified
D90-4-01009	قاقلىماق	headword	117_2L.png	unverified
D90-4-01010	قاقما	headword	117_2L.png	unverified
D90-4-01011	قاقماق	headword	117_2L.png	unverified
D90-4-01012	قاقىر	headword	118_2L.png	unverified
D90-4-01014	قاقىرتۇمشۇق	headword	118_2L.png	verified
D90-4-01016	قاقىلاق	headword	119_1R.png	unverified
D90-4-01017	قاقىلاي-سوقىلاي	headword	119_1R.png	unverified
D90-4-01018	قاقىلە	headword	119_1R.png	unverified
D90-4-01019	قاقىلداتماق	headword	119_1R.png	unverified
D90-4-01020	قاقىلداشماق	headword	119_1R.png	unverified
D90-4-01021	قاقىلدىماق	headword	119_1R.png	unverified
D90-4-01022	قاڭ نى	headword	119_2L.png	unverified
D90-4-01022-v1	خاڭ	variant	119_2L.png	unverified
D90-4-01023	قاڭالتىر	headword	119_2L.png	unverified
D90-4-01024	قاڭالتىرچى	headword	119_2L.png	unverified
D90-4-01025	قاڭالتىرچىلىق	headword	119_2L.png	unverified
D90-4-01026	قاڭالتىرلاتماق	headword	119_2L.png	unverified
D90-4-01027	قاڭالتىرلاشماق	headword	119_2L.png	unverified
D90-4-01028	قاڭالتىرلانماق	headword	119_2L.png	unverified
D90-4-01029	قاڭالتىرلىق	headword	119_2L.png	unverified
D90-4-01030	قاڭالتىرلىماق	headword	120_1R.png	unverified
D90-4-01031	قاڭتايماق	headword	120_1R.png	unverified
D90-4-01032	قاڭتۇرماق	headword	120_1R.png	unverified
D90-4-01033	قاڭتۇرۇشماق	headword	120_1R.png	unverified
D90-4-01034	قاڭتۇرۇق	headword	120_1R.png	unverified
D90-4-01035	قاڭتۇرۇقلۇق	headword	120_1R.png	unverified
D90-4-01036	قاڭتۇرۇلماق	headword	120_1R.png	unverified
D90-4-01037	قاڭداتقۇزماق	headword	120_2L.png	unverified
D90-4-01038	قاڭداتماق	headword	120_2L.png	unverified
D90-4-01039	قاڭداشماق	headword	120_2L.png	unverified
D90-4-01040	قاڭدالماق	headword	120_2L.png	unverified
D90-4-01041	قاڭدىماق	headword	120_2L.png	unverified
D90-4-01042	قاڭرۇق	headword	120_2L.png	unverified
D90-4-01043	قاڭرىق	nonstandard	120_2L.png	unverified
D90-4-01044	قاڭسىتماق	headword	120_2L.png	unverified
D90-4-01045	قاڭسىق	headword	121_1R.png	unverified
D90-4-01046	قاڭسىماق	headword	121_1R.png	unverified
D90-4-01047	قاڭشار	headword	121_1R.png	unverified
D90-4-01048	قاڭشارلىق	headword	121_1R.png	unverified
D90-4-01050	قاڭغۇر	headword	121_1R.png	verified
D90-4-01051	قاڭغىر	headword	121_1R.png	unverified
D90-4-01052	قاڭغىر قاقشىماق	headword	121_1R.png	unverified
D90-4-01053	قاڭقايتماق	headword	121_1R.png	unverified
D90-4-01055	قاڭقىر	headword	121_2L.png	unverified
D90-4-01056	قاڭقىرا	headword	121_2L.png	unverified
D90-4-01057	قاڭقىرماق	headword	121_2L.png	unverified
D90-4-01058	قاڭقىش	headword	121_2L.png	unverified
D90-4-01060	قاڭقىغاق	headword	121_2L.png	unverified
D90-4-01061	قاڭقىل	headword	121_2L.png	unverified
D90-4-01062	قاڭقىللار	headword	121_2L.png	unverified
D90-4-01063	قاڭقىماق	headword	121_2L.png	unverified
D90-4-01064	قاڭلىماق	headword	122_1R.png	unverified
D90-4-01064-v1	ئاڭدىماق	variant	122_1R.png	unverified
D90-4-01065	قالاتقۇزماق	headword	122_1R.png	unverified
D90-4-01066	قالاتماق	headword	122_1R.png	unverified
D90-4-01067	قالاتشماق	headword	122_1R.png	unverified
D90-4-01068	قالاق	headword	122_1R.png	unverified
D90-4-01072	قالاقلىق	headword	122_2L.png	unverified
D90-4-01073	قالام	headword	122_2L.png	verified
D90-4-01074	قالايمىقان	headword	123_1R.png	unverified
D90-4-01075	قالايمىقانچىلىق	headword	123_2L.png	unverified
D90-4-01076	قالايمىقانلاشتۇرماق	headword	123_2L.png	unverified
D90-4-01077	قالايمىقانلاشتۇرۇلماق	headword	123_2L.png	unverified
D90-4-01078	قالايمىقانلاشماق	headword	123_2L.png	unverified
D90-4-01079	قالپاق	headword	123_2L.png	unverified
D90-4-01080	قالپاق كىيدۈرمەك	headword	124_1R.png	unverified
D90-4-01081	قالپىقى ئېلىنماق	headword	124_1R.png	unverified
D90-4-01082	قالپاقچى	headword	124_1R.png	unverified
D90-4-01083	قالپاقسىمان	headword	124_1R.png	unverified
D90-4-01084	قالپاقلاشماق	headword	124_2L.png	unverified
D90-4-01085	قالپاقلىق	headword	124_2L.png	unverified
D90-4-01089	قالتار	headword	125_1R.png	unverified
D90-4-01090	قالتىرىماق	headword	125_1R.png	unverified
D90-4-01091	قالتىس	headword	125_1R.png	unverified
D90-4-01092	قالتىسلىق	headword	125_1R.png	unverified
D90-4-01093	قالدۇرماق	headword	125_1R.png	unverified
D90-4-01094	قالدۇرۇشماق	headword	125_2L.png	unverified
D90-4-01095	قالدۇرۇق	headword	125_2L.png	unverified
D90-4-01097	قالدۇرۇق مال	headword	125_2L.png	unverified
D90-4-01097-v1	قالدۇرۇق چارۋا	variant	125_2L.png	unverified
D90-4-01098	قالدۇرۇق ئورمان	headword	126_1R.png	unverified
D90-4-01099	قالدۇرۇق يەر	headword	126_1R.png	unverified
D90-4-01100	قالدۇرۇلغان	headword	126_1R.png	unverified
D90-4-01102	قالدۇرۇلماق	headword	126_1R.png	unverified
D90-4-01103	قالدۇق	headword	126_1R.png	unverified
D90-4-01104	قالدۇق بۇلۇڭ	headword	126_2L.png	unverified
D90-4-01105	قالدۇق دۆۋىلەنمە	headword	126_2L.png	unverified
D90-4-01106	قالدۇق سان	headword	126_2L.png	verified
D90-4-01107	قالدۇق كان ياتمىسى	headword	126_2L.png	unverified
D90-4-01108	قالدۇق گەۋدە	headword	127_1R.png	unverified
D90-4-01109	قالدۇق ماگما	headword	127_1R.png	unverified
D90-4-01110	قالدۇق ماگنىت	headword	127_1R.png	unverified
D90-4-01111	قالدۇقسىز	headword	127_1R.png	unverified
D90-4-01113	قالدى	headword	127_1R.png	unverified
D90-4-01114	قالدى گەپ	headword	127_2L.png	unverified
D90-4-01115	قالدىراق	headword	127_2L.png	unverified
D90-4-01118	قالدىسى	headword	127_2L.png	unverified
D90-4-01119	قالدى-قاتتى	headword	127_2L.png	unverified
D90-4-01120	قالدى-قۇتتى	headword	128_1R.png	unverified
D90-4-01121	قالغان-قاتقان	headword	128_1R.png	unverified
D90-4-01122	قالغايتا	headword	128_1R.png	unverified
D90-4-01123	قالقا	headword	128_1R.png	unverified
D90-4-01124	قالقان	headword	128_1R.png	verified
D90-4-01127	قالقان قانات	headword	128_2L.png	unverified
D90-4-01128	قالقان قاناتلىقلار	headword	128_2L.png	unverified
D90-4-01129	قالقان قاناتلىقلار ئەترىتى	headword	128_2L.png	unverified
D90-4-01131	قالقانسىز	headword	128_2L.png	unverified
D90-4-01132	قالقانسىمان	headword	128_2L.png	unverified
D90-4-01133	قالقانسىمان بەز	headword	128_2L.png	unverified
D90-4-01134	قالقانسىمان بەز گورمونى	headword	129_1R.png	unverified
D90-4-01135	قالقانسىمان بەز ئىششىقى	headword	129_1R.png	unverified
D90-4-01136	قالقانسىمان كۆمۈرچەك	headword	129_1R.png	unverified
D90-4-01136-v1	بوغۇزىيەك	variant	129_1R.png	unverified
D90-4-01137	قالقانسىمان يان بەز	headword	129_1R.png	unverified
D90-4-01138	قالقانسىمان يوپۇرماق	headword	129_1R.png	unverified
D90-4-01139	قالقانسىمان يوپۇرماقلىق شەبنەم ئوتى	headword	129_2L.png	unverified
D90-4-01140	قالقانگۈل	headword	129_2L.png	verified
D90-4-01141	قالقانلىق	headword	129_2L.png	unverified
D90-4-01142	قالماق	headword	129_2L.png	unverified
D90-4-01147	㉖ قالماق	headword	132_2L.png	unverified
D90-4-01148	㉗ قالماق	headword	132_2L.png	unverified
D90-4-01149	قالماقچە	headword	134_2L.png	unverified
D90-4-01150	قالماقلار	headword	134_2L.png	unverified
D90-4-01151	قالۇن	headword	135_1R.png	unverified
D90-4-01153	قالىق	headword	135_1R.png	unverified
D90-4-01154	قالىماق	headword	135_1R.png	unverified
D90-4-01155	قام	headword	135_1R.png	unverified
D90-4-01156	قام كەلمەك	headword	135_1R.png	unverified
D90-4-01157	قاما	headword	135_1R.png	unverified
D90-4-01160	قاماپ	headword	135_1R.png	unverified
D90-4-01161	قاماپ تۇرۇش	headword	135_2L.png	unverified
D90-4-01162	قاماتماق	headword	135_2L.png	unverified
D90-4-01164	قاماشتۇرماق	headword	135_2L.png	unverified
D90-4-01165	قاماشماق	headword	135_2L.png	unverified
D90-4-01167	قاماق	headword	136_1R.png	unverified
D90-4-01170	قاماقخانا	headword	136_1R.png	unverified
D90-4-01171	قاماقلىق	headword	136_1R.png	unverified
D90-4-01172	قامال	headword	136_1R.png	unverified
D90-4-01173	قامال قىلماق	headword	136_2L.png	unverified
D90-4-01174	قامال قىلىپ داۋالاش ئۇسۇلى	headword	136_2L.png	unverified
D90-4-01175	قامال قىلىش	headword	137_1R.png	unverified
D90-4-01176	قاماللاتقۇزماق	headword	137_1R.png	unverified
D90-4-01177	قاماللاتماق	headword	137_1R.png	unverified
D90-4-01178	قاماللاشماق	headword	137_1R.png	unverified
D90-4-01179	قاماللىماق	headword	137_1R.png	unverified
D90-4-01180	قامالماق	headword	137_1R.png	unverified
D90-4-01181	قامان	headword	137_2L.png	verified
D90-4-01182	قامەت	headword	137_2L.png	unverified
D90-4-01183	قامەتلىك	headword	137_2L.png	unverified
D90-4-01184	قامچا	headword	137_2L.png	unverified
D90-4-01185	قامچا تۈك	headword	138_1R.png	unverified
D90-4-01186	قامچا تۈكلۈك يۈسۈن	headword	138_1R.png	unverified
D90-4-01187	قامچا ئويناتماق	headword	138_1R.png	unverified
D90-4-01188	قامچىسىدىن قان تامماق	headword	138_1R.png	unverified
D90-4-01189	قامچىسىغا تۈكۈرمەك	headword	138_2L.png	unverified
D90-4-01190	قامچىسىنى سۇغا چىلماق	headword	138_2L.png	unverified
D90-4-01191	قامچىغا باسماق	headword	138_2L.png	unverified
D90-4-01192	قامچا-توقماق	headword	138_2L.png	unverified
D90-4-01193	قامچىدەك	headword	138_2L.png	unverified
D90-4-01194	قامچىسىز	headword	138_2L.png	unverified
D90-4-01195	قامچىسىمان	headword	138_2L.png	unverified
D90-4-01196	قامچىسىمان كاكتۇس	headword	139_1R.png	unverified
D90-4-01197	قامچىگۈل	headword	139_1R.png	verified
D90-4-01198	قامچىلاتقۇزماق	headword	139_1R.png	unverified
D90-4-01199	قامچىلاتماق	headword	139_1R.png	unverified
D90-4-01200	قامچىلاشماق	headword	139_1R.png	unverified
D90-4-01201	قامچىلانماق	headword	139_1R.png	unverified
D90-4-01202	قامچىلىق	headword	139_1R.png	unverified
D90-4-01203	قامچىلىماق	headword	139_1R.png	unverified
D90-4-01204	قامچىئوت	headword	139_2L.png	verified
D90-4-01204-v1	ئەنجىبار	variant	139_2L.png	verified
D90-4-01206	قامداشماق	headword	139_2L.png	unverified
D90-4-01207	قامدالماق	headword	140_1R.png	unverified
D90-4-01208	قامدىماق	headword	140_1R.png	unverified
D90-4-01209	قامرىماق	headword	140_1R.png	unverified
D90-4-01210	قامغاق	headword	140_1R.png	verified
D90-4-01211	قامغاقلىق	headword	140_2L.png	unverified
D90-4-01212	قاملاشتۇرماق	headword	140_2L.png	unverified
D90-4-01213	قاملاشقان	headword	140_2L.png	unverified
D90-4-01214	قاملاشماق	headword	140_2L.png	unverified
D90-4-01215	قاملاشمىغان	headword	141_2L.png	unverified
D90-4-01217	قامۇس	headword	141_2L.png	unverified
D90-4-01218	قامۇسچە	headword	142_1R.png	unverified
D90-4-01219	قامۇسلۇق	headword	142_1R.png	unverified
D90-4-01220	قامۇسنامە	headword	142_1R.png	unverified
D90-4-01222	قامىماق	headword	142_2L.png	unverified
D90-4-01223	قان	headword	142_2L.png	unverified
D90-4-01224	قان ئازلىق كېسىلى	headword	143_1R.png	unverified
D90-4-01225	قان ئاققۇزماق	headword	143_1R.png	unverified
D90-4-01226	قان ئالماق	headword	143_1R.png	unverified
D90-4-01227	قان ئامبىرى	headword	143_1R.png	unverified
D90-4-01228	قان ئايلىنىش	headword	143_1R.png	unverified
D90-4-01229	قان بەرمەك	headword	143_1R.png	unverified
D90-4-01230	قان بولماق	headword	143_1R.png	unverified
D90-4-01231	قان بولۇشۇپ كەتمەك	headword	143_2L.png	unverified
D90-4-01232	قان بېجى	headword	143_2L.png	verified
D90-4-01233	قان بېسىمى	headword	143_2L.png	unverified
D90-4-01234	قان بېسىمىنى ئۆلچىگۈچ	headword	143_2L.png	unverified
D90-4-01235	قان پلازمىسى	headword	143_2L.png	unverified
D90-4-01236	قان پلاستىنكىسى	headword	144_1R.png	unverified
D90-4-01237	قان تەپمەك	headword	144_1R.png	unverified
D90-4-01288	قان يۈگۈرمەك	headword	148_2L.png	unverified
D90-4-01238	قان تەرەت قىلىش	headword	144_1R.png	unverified
D90-4-01239	قان ترومبىسى	headword	144_1R.png	unverified
D90-4-01240	قان تومۇر	headword	144_1R.png	unverified
D90-4-01241	قان تۆكمەك	headword	144_1R.png	unverified
D90-4-01242	قان تىپى	headword	144_2L.png	unverified
D90-4-01243	قان چۆكۈش	headword	144_2L.png	unverified
D90-4-01244	قان چېچىشماق	headword	144_2L.png	unverified
D90-4-01245	قان چىقارماق	headword	144_2L.png	unverified
D90-4-01246	قان دانىچىسى	headword	144_2L.png	unverified
D90-4-01247	قان رايى	headword	145_1R.png	unverified
D90-4-01248	قان رەڭ	headword	145_1R.png	unverified
D90-4-01249	قان زەردابى	headword	145_1R.png	unverified
D90-4-01250	قان زەردابى كېسەللىكى	headword	145_1R.png	unverified
D90-4-01251	قان زەھەرلىنىش كېسىلى	headword	145_1R.png	unverified
D90-4-01252	قان سۇيۇقلۇقى	headword	145_1R.png	unverified
D90-4-01253	قان شورىغۇچى	headword	145_1R.png	unverified
D90-4-01255	قان شورىغۇچى قۇرت كېسىلى	headword	145_2L.png	unverified
D90-4-01256	قان شورىماق	headword	145_2L.png	unverified
D90-4-01257	قان شېكىرى	headword	145_2L.png	unverified
D90-4-01258	قان شىرنىسى	headword	145_2L.png	unverified
D90-4-01258-v1	قان پازمىسى	variant	145_2L.png	unverified
D90-4-01259	قانغا بويىماق	headword	145_2L.png	unverified
D90-4-01260	قانغا قان، جانغا جان ئالماق	headword	146_1R.png	unverified
D90-4-01260-v1	جانغا جان، قانغا قان ئالماق	variant	146_1R.png	unverified
D90-4-01261	قان قاچماق	headword	146_1R.png	unverified
D90-4-01262	قان قەرز	headword	146_1R.png	unverified
D90-4-01263	قان قەرزگە بوغۇلماق	headword	146_1R.png	unverified
D90-4-01264	قان قۇسقۇر	headword	146_1R.png	unverified
D90-4-01265	قان قۇسماق	headword	146_2L.png	unverified
D90-4-01266	قان قۇيۇشلۇق مېتىسلاشتۇرۇش	headword	146_2L.png	unverified
D90-4-01267	قان قېرىنداش	headword	146_2L.png	unverified
D90-4-01268	قان قېيىش	headword	147_1R.png	unverified
D90-4-01269	قان قىزىقلىق	headword	147_1R.png	unverified
D90-4-01270	قان قىزىل ماددىسى	headword	147_1R.png	unverified
D90-4-01271	قان قىساسى	headword	147_1R.png	unverified
D90-4-01272	قان قىلماق	headword	147_2L.png	unverified
D90-4-01273	قان قىلىۋەتمەك	headword	147_2L.png	unverified
D90-4-01274	قان كەتمەك	headword	147_2L.png	unverified
D90-4-01275	قان كەچمەك	headword	148_1R.png	unverified
D90-4-01276	قان كېزىك	headword	148_1R.png	unverified
D90-4-01277	قان گۇرۇپپىسى	headword	148_1R.png	unverified
D90-4-01278	قان نوكچىسى	headword	148_1R.png	unverified
D90-4-01279	قاننى قان بىلەن يۇغىلى بولمايدۇ	headword	148_1R.png	unverified
D90-4-01280	قان ئۇيۇمىسى	headword	148_1R.png	unverified
D90-4-01281	قان ئېقىتماق	headword	148_1R.png	unverified
D90-4-01282	قان ئىچەر	headword	148_1R.png	unverified
D90-4-01283	قان ئىچكۈر	headword	148_2L.png	unverified
D90-4-01284	قان ئىچمەك	headword	148_2L.png	unverified
D90-4-01285	قان ئىشلەش	headword	148_2L.png	unverified
D90-4-01286	قان ئىشلىگۈچى ئەزالار	headword	148_2L.png	unverified
D90-4-01287	قان يۇتماق	headword	148_2L.png	unverified
D90-4-01289	قان يىغلىماق	headword	149_1R.png	unverified
D90-4-01290	قېنى قاينىماق	headword	149_1R.png	unverified
D90-4-01292	قېنى قىزىماق	headword	149_1R.png	unverified
D90-4-01291	قېنى قىزىق	headword	149_1R.png	unverified
D90-4-01293	قانائەت	headword	149_2L.png	unverified
D90-4-01294	قانائەت تاپماق	headword	149_2L.png	unverified
D90-4-01294-v1	قانائەتلىنەلمەك	variant	149_2L.png	unverified
D90-4-01295	قانائەت قىلماق	headword	149_2L.png	unverified
D90-4-01296	قانائەتچان	headword	149_2L.png	unverified
D90-4-01297	قانائەتچانلىق	headword	150_1R.png	unverified
D90-4-01298	قانائەتسىز	headword	150_1R.png	unverified
D90-4-01299	قانائەتسىزلىك	headword	150_1R.png	unverified
D90-4-01300	قانائەتلەندۈرەرلىك	headword	150_1R.png	unverified
D90-4-01301	قانائەتلەندۈرمەك	headword	150_1R.png	unverified
D90-4-01302	قانائەتلەندۈرۈشمەك	headword	150_2L.png	unverified
D90-4-01303	قانائەتلەندۈرۈلمەك	headword	150_2L.png	unverified
D90-4-01304	قانائەتلەنمەك	headword	150_2L.png	unverified
D90-4-01305	قانائەتلىك	headword	151_1R.png	unverified
D90-4-01306	قانائەتلىنەرلىك	headword	151_1R.png	unverified
D90-4-01307	قانات	headword	151_1R.png	unverified
D90-4-01308	قانات ئاستىغا ئالماق	headword	152_1R.png	unverified
D90-4-01309	قانات ئەيلىمەك	headword	152_1R.png	unverified
D90-4-01310	قانات بولماق	headword	152_1R.png	unverified
D90-4-01311	قانات تام	headword	152_1R.png	unverified
D90-4-01312	قانات تومۇرى	headword	152_2L.png	unverified
D90-4-01313	قانات چىقارماق	headword	152_2L.png	unverified
D90-4-01314	قانات سالماق	headword	152_2L.png	unverified
D90-4-01315	قانات سۆرنمەك	headword	152_2L.png	unverified
D90-4-01316	قانات قاقماق	headword	152_2L.png	unverified
D90-4-01317	قانات ياسىماق	headword	153_2L.png	unverified
D90-4-01318	قانات يايماق	headword	153_2L.png	unverified
D90-4-01319	قانىتىدىن ئايرىلماق	headword	153_2L.png	unverified
D90-4-01320	قانىتى سۇنماق	headword	153_2L.png	unverified
D90-4-01325	قانىتى قايرىلماق	headword	154_1R.png	unverified
D90-4-01321	قانىتى سۇنۇق	headword	153_2L.png	unverified
D90-4-01322	قانىتىغا قان تەگكۈزمەي	headword	154_1R.png	unverified
D90-4-01323	قانىتىغا قىستۇرماق	headword	154_1R.png	unverified
D90-4-01324	قانىتىغا قىسماق	headword	154_1R.png	unverified
D90-4-01326	قاناتسىز	headword	154_1R.png	unverified
D90-4-01328	قاناتسىزلىق	headword	154_1R.png	unverified
D90-4-01329	قاناتسىمان	headword	154_1R.png	unverified
D90-4-01330	قاناتسىمان قېيىش	headword	154_2L.png	verified
D90-4-01331	قانات-قۇيرۇق	headword	154_2L.png	unverified
D90-4-01336	قانات-قۇيرۇقىنى رۇسلىماق	headword	155_1R.png	unverified
D90-4-01336-v1	قانات-قۇيرۇقىنى تۈزىمەك	variant	155_1R.png	unverified
D90-4-01337	قانات-قۇيرۇقى يېتىلمەك	headword	155_1R.png	unverified
D90-4-01337-v1	قانات-قۇيرۇقى تەڭشەلمەك	variant	155_1R.png	unverified
D90-4-01338	قاناتلاندۇرماق	headword	155_1R.png	unverified
D90-4-01339	قاناتلانماق	headword	155_1R.png	unverified
D90-4-01340	قاناتلىق	headword	155_2L.png	unverified
D90-4-01341	قاناتلىق چاق	headword	156_1R.png	unverified
D90-4-01341-v1	چاپەلەك	variant	156_1R.png	unverified
D90-4-01342	قاناتلىق ماتور	headword	156_1R.png	unverified
D90-4-01343	قاناتلىق مېۋە	headword	156_1R.png	unverified
D90-4-01344	قاناتلىق ئوق	headword	156_1R.png	unverified
D90-4-01345	قاناتلىق ئۇرۇق	headword	156_1R.png	unverified
D90-4-01346	قاناتماق	headword	156_1R.png	unverified
D90-4-01347	قاناتش	headword	156_1R.png	unverified
D90-4-01348	قانال	headword	156_1R.png	unverified
D90-4-01349	قان-تەر	headword	156_2L.png	unverified
D90-4-01350	قان-تەر ئاققۇزماق	headword	156_2L.png	unverified
D90-4-01351	قان-تەر تۆكمەك	headword	156_2L.png	unverified
D90-4-01352	قان-تەرى سىڭمەك	headword	156_2L.png	unverified
D90-4-01353	قان-تەرىنى شورىماق	headword	157_1R.png	unverified
D90-4-01354	قانتۇرۇقلۇق	nonstandard	157_1R.png	unverified
D90-4-01355	قانتېپەر	headword	157_1R.png	verified
D90-4-01356	قانجۇق	headword	157_1R.png	unverified
D90-4-01357	قانچە	headword	157_1R.png	unverified
D90-4-01358	قانچە قىلسىمۇ	headword	157_2L.png	unverified
D90-4-01359	قانچە قىلىپمۇ	headword	158_1R.png	unverified
D90-4-01359-v1	قانچە قىلمۇ	variant	158_1R.png	unverified
D90-4-01360	قانچە-قانچە	headword	158_1R.png	unverified
D90-4-01361	قانچە-قانچىلاپ	headword	158_1R.png	unverified
D90-4-01362	قانچەيلەن	headword	158_1R.png	unverified
D90-4-01363	قانچىچار	headword	158_1R.png	verified
D90-4-01365	قانچىكى	headword	158_2L.png	unverified
D90-4-01366	قانچىلاپ	headword	158_2L.png	unverified
D90-4-01367	قانچىلىغان	headword	158_2L.png	unverified
D90-4-01368	قانچىلىك	headword	158_2L.png	unverified
D90-4-01369	قانچىنچى	headword	159_1R.png	unverified
D90-4-01370	قانخور	headword	159_1R.png	unverified
D90-4-01371	قانخورلۇق	headword	159_2L.png	unverified
D90-4-01372	قانخۇمار	headword	159_2L.png	verified
D90-4-01373	قانداش	headword	159_2L.png	unverified
D90-4-01374	قانداشلىق	headword	159_2L.png	unverified
D90-4-01375	قانداق	headword	160_1R.png	unverified
D90-4-01376	قانداق شامال ئوچۇرۇپ كەلدى	headword	160_2L.png	unverified
D90-4-01377	قانداق قىلاي	headword	160_2L.png	unverified
D90-4-01378	قانداق قىلسۇن	headword	160_2L.png	unverified
D90-4-01379	قانداق قىلغۇلۇق	headword	160_2L.png	unverified
D90-4-01380	قانداق قىلىپ	headword	160_2L.png	unverified
D90-4-01381	قانداق گەپ	headword	160_2L.png	unverified
D90-4-01382	قانداقلا بولمىسۇن	headword	161_1R.png	unverified
D90-4-01383	قانداقلا قىلغىنى بىلەن	headword	161_1R.png	unverified
D90-4-01384	قانداقتۇر	headword	161_1R.png	unverified
D90-4-01385	قانداقچە	headword	161_2L.png	unverified
D90-4-01386	قانداقسىغا	headword	161_2L.png	unverified
D90-4-01387	قانداقلارچە	headword	161_2L.png	unverified
D90-4-01388	قانداقلىكى	headword	162_1R.png	unverified
D90-4-01389	قانداقمۇ	headword	162_1R.png	unverified
D90-4-01390	قاندۇرماق	headword	162_1R.png	unverified
D90-4-01391	قاندۇرۇشماق	headword	162_1R.png	unverified
D90-4-01392	قاندۇرۇلماق	headword	162_1R.png	unverified
D90-4-01393	قاندىماق	headword	162_1R.png	unverified
D90-4-01394	قان-زەرداب	headword	162_1R.png	unverified
D90-4-01395	قانسىراتماق	headword	162_2L.png	verified
D90-4-01396	قانسىرىتىلماق	headword	162_2L.png	verified
D90-4-01397	قانسىرىماق	headword	162_2L.png	unverified
D90-4-01398	قانسىز	headword	163_1R.png	unverified
D90-4-01399	قانسىزلانماق	headword	163_1R.png	unverified
D90-4-01400	قانسىزلىق	headword	163_1R.png	unverified
D90-4-01401	قان-قان	headword	163_1R.png	unverified
D90-4-01402	قانقىر	headword	163_2L.png	unverified
D90-4-01403	قانقىر قاقشىماق	headword	163_2L.png	unverified
D90-4-01404	قانلانماق	headword	163_2L.png	unverified
D90-4-01405	قانلىق	headword	163_2L.png	unverified
D90-4-01406	قانلىق پاجىئە	headword	164_2L.png	unverified
D90-4-01407	قانلىق تولغاق	headword	164_2L.png	unverified
D90-4-01408	قانلىق جەڭ	headword	164_2L.png	unverified
D90-4-01409	قانلىق ساۋاق	headword	165_1R.png	unverified
D90-4-01410	قانلىق قامچا	headword	165_1R.png	unverified
D90-4-01411	قانلىق قول	headword	165_1R.png	unverified
D90-4-01412	قانلىق قىساس	headword	165_1R.png	unverified
D90-4-01413	قانلىق كۈرەش	headword	165_1R.png	unverified
D90-4-01414	قانلىق ۋەقە	headword	165_1R.png	unverified
D90-4-01415	قانلىق ئىششىق	headword	165_2L.png	unverified
D90-4-01416	قانماق	headword	165_2L.png	unverified
D90-4-01417	قانۇن	headword	165_2L.png	unverified
D90-4-01419	قانۇن تىببىي ئىلمى	headword	166_1R.png	verified
D90-4-01420	قانۇن چىقىرىش	headword	166_1R.png	unverified
D90-4-01421	قانۇن دوختۇرى	headword	166_1R.png	unverified
D90-4-01422	قانۇن ساقچىسى	headword	166_1R.png	unverified
D90-4-01423	قانۇن-بەلگىلىمە	headword	166_2L.png	unverified
D90-4-01424	قانۇن-پەرمان	headword	166_2L.png	unverified
D90-4-01425	قانۇن-تۈزۈم	headword	166_2L.png	unverified
D90-4-01426	قانۇنچى	headword	166_2L.png	unverified
D90-4-01427	قانۇنچىلىق	headword	167_1R.png	unverified
D90-4-01428	قانۇنسىز	headword	167_1R.png	unverified
D90-4-01429	قانۇنسىزلارچە	headword	167_2L.png	unverified
D90-4-01430	قانۇنسىزلىق	headword	167_2L.png	unverified
D90-4-01431	قانۇنشۇناس	headword	167_2L.png	verified
D90-4-01432	قانۇنشۇناسلىق	headword	167_2L.png	unverified
D90-4-01433	قانۇنلاشتۇرماق	headword	167_2L.png	unverified
D90-4-01434	قانۇنلاشتۇرۇلماق	headword	167_2L.png	unverified
D90-4-01435	قانۇنلاشماق	headword	168_1R.png	unverified
D90-4-01436	قانۇنلۇق	headword	168_1R.png	unverified
D90-4-01437	قانۇن-مىزان	headword	168_1R.png	unverified
D90-4-01438	قانۇن-نىزام	headword	168_1R.png	unverified
D90-4-01439	قانۇن-ئىنتىزام	headword	168_1R.png	unverified
D90-4-01440	قانۇنىي	headword	168_2L.png	unverified
D90-4-01443	قانۇنىيەت	headword	168_2L.png	unverified
D90-4-01444	قانۇنىيەتلىك	headword	168_2L.png	unverified
D90-4-01445	قانۇنىيلاشتۇرماق	headword	169_1R.png	unverified
D90-4-01446	قانۇنىيلاشتۇرۇلماق	headword	169_1R.png	unverified
D90-4-01447	قانۇنىيلاشماق	headword	169_1R.png	unverified
D90-4-01448	قانۇنىيلىق	headword	169_1R.png	unverified
D90-4-01449	قانۇن-يوسۇن	headword	169_1R.png	unverified
D90-4-01450	قانىسە	headword	169_1R.png	unverified
D90-4-01451	قانىغاق	headword	169_2L.png	unverified
D90-4-01452-v1	قانىغقاق	variant	169_2L.png	unverified
D90-4-01453	قانىماق	headword	169_2L.png	unverified
D90-4-01454	قان-ياش	headword	169_2L.png	unverified
D90-4-01455	قان-يىرىڭ	headword	169_2L.png	unverified
D90-4-01456	قاھ-قاھ سالماق	headword	170_1R.png	unverified
D90-4-01458	قاقاھلىماق	headword	170_1R.png	unverified
D90-4-01457	قاھ-قاھ قىلماق	headword	170_1R.png	unverified
D90-4-01459	قاۋ-قاۋ	headword	170_1R.png	unverified
D90-4-01460	قاۋاتماق	headword	170_1R.png	unverified
D90-4-01461	قاۋاشماق	headword	170_1R.png	unverified
D90-4-01462	قاۋاق	headword	170_2L.png	unverified
D90-4-01465	قاۋاقچى	headword	170_2L.png	unverified
D90-4-01466	قاۋاقخانا	headword	170_2L.png	unverified
D90-4-01467	قاۋالماق	headword	170_2L.png	unverified
D90-4-01468	قاۋاماش	headword	170_2L.png	unverified
D90-4-01469	قاۋان	headword	170_2L.png	unverified
D90-4-01470	قاۋانلىق	headword	171_1R.png	unverified
D90-4-01471	قاۋشىماق	headword	171_1R.png	unverified
D90-4-01475	قاۋىماق	headword	171_2L.png	unverified
D90-4-01472	قاۋلىماق	headword	171_1R.png	unverified
D90-4-01473	قاۋۇل	headword	171_1R.png	unverified
D90-4-01474	قاۋۇللۇق	headword	171_2L.png	unverified
D90-4-01477	قائىدە	headword	171_2L.png	unverified
D90-4-01478	قائىدىسىنى قىلماق	headword	172_1R.png	unverified
D90-4-01479	قائىدە-تۈزۈم	headword	172_1R.png	unverified
D90-4-01480	قائىدە-نىزام	headword	172_1R.png	unverified
D90-4-01481	قائىدە-يوسۇن	headword	172_1R.png	unverified
D90-4-01482	قائىدە-يوسۇنلۇق	headword	172_2L.png	unverified
D90-4-01483	قائىدىچانلىق	headword	172_2L.png	unverified
D90-4-01484	قائىدىسىز	headword	172_2L.png	unverified
D90-4-01485	قائىدىسىزلىق	headword	172_2L.png	unverified
D90-4-01486	قائىدىلەشتۈرمەك	headword	172_2L.png	unverified
D90-4-01487	قائىدىلەشتۈرۈلمەك	headword	172_2L.png	unverified
D90-4-01488	قائىدىلەشمەك	headword	173_1R.png	unverified
D90-4-01489	قائىدىلىك	headword	173_1R.png	unverified
D90-4-01490	قاي	headword	173_1R.png	unverified
D90-4-01493	قاياش	headword	173_1R.png	unverified
D90-4-01494	قاياق	headword	173_2L.png	verified
D90-4-01495	قايان	headword	174_1R.png	verified
D90-4-01496	قايبىر	headword	174_1R.png	verified
D90-4-01602	قايسىبىر	headword	183_1R.png	verified
D90-4-01497	قايتا	headword	174_1R.png	unverified
D90-4-01500	قايتا تەربىيە	headword	174_2L.png	unverified
D90-4-01501	قايتىدىن سوت قىلىش	headword	174_2L.png	unverified
D90-4-01502	قايتا قوزغىلىش	headword	174_2L.png	unverified
D90-4-01503	قايتا كىرىستاللىنىش	headword	174_2L.png	unverified
D90-4-01504	قايتا كۆكلەش	headword	175_1R.png	unverified
D90-4-01505	قايتا نەشرى	headword	175_1R.png	unverified
D90-4-01506	قايتا نەشر قىلماق	headword	175_1R.png	unverified
D90-4-01507	قايتا ھاسىل بولۇش	headword	175_1R.png	unverified
D90-4-01513	قايتا يېتىلىش	headword	175_1R.png	unverified
D90-4-01508	قايتا ئوقۇش	headword	175_1R.png	unverified
D90-4-01509	قايتا ئۆسكەن ئورمان	headword	175_1R.png	unverified
D90-4-01509-v1	ئىككىلەمچى ئورمان	variant	175_1R.png	unverified
D90-4-01510	قايتا ئۆسۈش	headword	175_1R.png	unverified
D90-4-01511	قايتا ئىمتىھان	headword	175_1R.png	unverified
D90-4-01512	قايتا يۇقۇش	headword	175_1R.png	unverified
D90-4-01514	قايتارما	headword	175_2L.png	unverified
D90-4-01523	قايتۇرما	headword	176_1R.png	unverified
D90-4-01515	قايتا-قايتا	headword	175_2L.png	unverified
D90-4-01516	قايتقان	headword	175_2L.png	unverified
D90-4-01518	قايتقۇزماق	headword	175_2L.png	unverified
D90-4-01519	قايتما	headword	175_2L.png	unverified
D90-4-01521	قايتماق	headword	175_2L.png	unverified
D90-4-01522	قايتۇرغۇچ	headword	176_1R.png	unverified
D90-4-01524	قايتۇرما زەربە	headword	176_2L.png	unverified
D90-4-01525	قايتۇرما كېزىك	headword	176_2L.png	unverified
D90-4-01525-v1	قايتىلما كېزىك	variant	176_2L.png	unverified
D90-4-01526	قايتۇرما مۇھاسىرە	headword	176_2L.png	unverified
D90-4-01527	قايتۇرما ھۇجۇم	headword	176_2L.png	unverified
D90-4-01528	قايتۇرماق	headword	176_2L.png	unverified
D90-4-01529	قايتۇرۇپ	headword	177_1R.png	unverified
D90-4-01531	قايتۇرۇش	headword	177_1R.png	unverified
D90-4-01533	قايتۇرۇشچان	headword	177_1R.png	unverified
D90-4-01534	قايتۇرۇشچانلىق	headword	177_1R.png	unverified
D90-4-01535	قايتۇرۇشماق	headword	177_2L.png	unverified
D90-4-01536	قايتۇرۇلماق	headword	177_2L.png	unverified
D90-4-01537	قايتىباشتىن	headword	177_2L.png	verified
D90-4-01538	قايتىدىن	headword	177_2L.png	unverified
D90-4-01539	قايتىش	headword	177_2L.png	unverified
D90-4-01541	قايتىشچان	headword	178_1R.png	unverified
D90-4-01542	قايتىشچانلىق	headword	178_1R.png	unverified
D90-4-01543	قايتىشماق	headword	178_1R.png	unverified
D90-4-01544	قايتىلاتماق	headword	178_1R.png	unverified
D90-4-01545	قايتىلانما	headword	178_1R.png	unverified
D90-4-01546	قايتىلانماق	headword	178_1R.png	unverified
D90-4-01547	قايتىلىما	headword	178_1R.png	unverified
D90-4-01549	قايتىلىما كېزىك	headword	178_2L.png	unverified
D90-4-01550	قايتىلىماق	headword	178_2L.png	unverified
D90-4-01551	قايچا	headword	178_2L.png	unverified
D90-4-01552	قايچا پەرق	headword	179_1R.png	unverified
D90-4-01557	قايچىسىمان پەرق	headword	179_1R.png	unverified
D90-4-01553	قايچا پۇت	headword	179_1R.png	unverified
D90-4-01554	قايچا تۇمشۇق قىزىل قۇشقاچ	headword	179_1R.png	unverified
D90-4-01555	قايچا كەلمەك	headword	179_1R.png	unverified
D90-4-01556	قايچىسىمان	headword	179_1R.png	unverified
D90-4-01558	قايچىقۇدا	headword	179_1R.png	verified
D90-4-01559	قايچىقۇدا بولماق	headword	179_1R.png	unverified
D90-4-01560	قايچىلاتماق	headword	179_2L.png	unverified
D90-4-01561	قايچىلاشتۇرماق	headword	179_2L.png	unverified
D90-4-01562	قايچىلاشتۇرۇلماق	headword	179_2L.png	unverified
D90-4-01563	قايچىلاشقان	headword	179_2L.png	unverified
D90-4-01565	قايچىلاشماق	headword	179_2L.png	unverified
D90-4-01566	قايچىلانما	headword	179_2L.png	unverified
D90-4-01567	قايچىلانما تىرەك	headword	180_1R.png	unverified
D90-4-01568	قايچىلانما دېفورماتسىيە	headword	180_1R.png	unverified
D90-4-01569	قايچىلانما كۈچ	headword	180_1R.png	unverified
D90-4-01570	قايچىلانما كۈچىنىش	headword	180_1R.png	unverified
D90-4-01571	قايچىلانماق	headword	180_1R.png	unverified
D90-4-01572	قايچىلانتىلماق	headword	180_1R.png	unverified
D90-4-01573	قايچىلاشىش	headword	180_1R.png	unverified
D90-4-01574	قايچىلىما شۈپ	headword	180_2L.png	unverified
D90-4-01574-v1	، قايچىلانما	variant	180_2L.png	unverified
D90-4-01575	قايچىلىماق	headword	180_2L.png	unverified
D90-4-01576	قايدا	headword	180_2L.png	verified
D90-4-01577	قايداغ	nonstandard	180_2L.png	unverified
D90-4-01578	قايدۇرماق	headword	180_2L.png	unverified
D90-4-01579	قايدۇرۇشماق	headword	180_2L.png	unverified
D90-4-01580	قايدۇرۇلماق	headword	180_2L.png	unverified
D90-4-01581	قايران	headword	181_1R.png	unverified
D90-4-01582-v1	قايران بېلىق	variant	181_1R.png	unverified
D90-4-01584	قايرىپ	headword	181_1R.png	unverified
D90-4-01585	قايرىشتۇرماق	headword	181_1R.png	unverified
D90-4-01586	قايرىشماق	headword	181_1R.png	unverified
D90-4-01587	قايرىلما	headword	181_1R.png	unverified
D90-4-01588	قايرىلما قاش	headword	181_2L.png	unverified
D90-4-01589	قايرىلماق	headword	181_2L.png	unverified
D90-4-01590	قايرىلىش	headword	181_2L.png	unverified
D90-4-01591	قايرىلىشماق	headword	182_1R.png	unverified
D90-4-01592	قايرىما	headword	182_1R.png	unverified
D90-4-01596	قايرىماق	headword	182_1R.png	unverified
D90-4-01597	قايسى	headword	182_2L.png	unverified
D90-4-01598	قايسى شامال ئۇچۇرۇپ كەلدى	headword	183_1R.png	unverified
D90-4-01598-v1	قانداق شامال ئۇچۇرۇپ كەلدى	variant	183_1R.png	unverified
D90-4-01599	قايسى كۆزۈم بىلەن	headword	183_1R.png	unverified
D90-4-01600	قايسى كۈنى	headword	183_1R.png	unverified
D90-4-01601	قايسى يۈز بىلەن	headword	183_1R.png	unverified
D90-4-01603	قايىسكى	headword	183_2L.png	unverified
D90-4-01604	قايغۇ	headword	183_2L.png	unverified
D90-4-01605	قايغۇ باسماق	headword	184_1R.png	unverified
D90-4-01606	قايغۇغا پاتماق	headword	184_1R.png	unverified
D90-4-01608	قايغۇغا چۆممەك	headword	184_1R.png	unverified
D90-4-01607	قايغۇغا چۆكمەك	headword	184_1R.png	unverified
D90-4-01609	قايغۇغا چۈشمەك	headword	184_1R.png	unverified
D90-4-01610	قايغۇغا سالماق	headword	184_1R.png	unverified
D90-4-01611	قايغۇ قىلماق	headword	184_1R.png	unverified
D90-4-01612	قايغۇ-ئەلەم	headword	184_2L.png	unverified
D90-4-01613	قايغۇرتماق	headword	184_2L.png	unverified
D90-4-01614	قايغۇرماق	headword	184_2L.png	unverified
D90-4-01615	قايغۇرۇشماق	headword	184_2L.png	unverified
D90-4-01616	قايغۇ-زار	headword	184_2L.png	unverified
D90-4-01617	قايغۇسىز	headword	185_1R.png	unverified
D90-4-01618	قايغۇ-غەزەپ	headword	185_1R.png	unverified
D90-4-01619	قايغۇ-غەم	headword	185_1R.png	unverified
D90-4-01620	قايغۇلۇق	headword	185_1R.png	unverified
D90-4-01621	قايغۇ-نادامەت	headword	185_2L.png	unverified
D90-4-01622	قايغۇ-ھەسرەت	headword	185_2L.png	unverified
D90-4-01623	قايماق	headword	185_2L.png	unverified
D90-4-01629	قايماقتەك	headword	186_1R.png	unverified
D90-4-01630	قايماق-قېتىق	headword	186_1R.png	unverified
D90-4-01631	قايماقلىق	headword	186_1R.png	unverified
D90-4-01633	قايمۇقتۇرماق	headword	186_1R.png	unverified
D90-4-01634	قايمۇقتۇرۇشماق	headword	186_1R.png	unverified
D90-4-01635	قايمۇقماق	headword	186_2L.png	unverified
D90-4-01636	قايمۇقۇشماق	headword	186_2L.png	unverified
D90-4-01637	قايناپ	headword	186_2L.png	unverified
D90-4-01638	قايناتقۇزماق	headword	186_2L.png	unverified
D90-4-01639	قايناتما	headword	187_1R.png	unverified
D90-4-01641	قايناتماق	headword	187_1R.png	unverified
D90-4-01642	قايناش	headword	187_1R.png	unverified
D90-4-01644	قايناشماق	headword	187_2L.png	unverified
D90-4-01645	قايناق	headword	187_2L.png	unverified
D90-4-01646	قايناق ئارىشاڭ	headword	188_1R.png	unverified
D90-4-01647	قايناق سۇ	headword	188_1R.png	unverified
D90-4-01648	قاينام	headword	188_1R.png	unverified
D90-4-01649	قاينام-تاشقىن	headword	188_1R.png	unverified
D90-4-01650	قاينام-تاشقىنلىق	headword	188_2L.png	unverified
D90-4-01651	قايناملىق	headword	188_2L.png	unverified
D90-4-01652	قاينىتىشماق	headword	188_2L.png	unverified
D90-4-01653	قاينىتىلما	headword	188_2L.png	unverified
D90-4-01654	قاينىتىلماق	headword	188_2L.png	unverified
D90-4-01655	قاينىماق	headword	189_1R.png	unverified
D90-4-01656	قايىل	headword	189_2L.png	unverified
D90-4-01657	قايىل بولماق	headword	189_2L.png	unverified
D90-4-01658	قايىل قالماق	headword	189_2L.png	unverified
D90-4-01659	قايىللىق	headword	190_1R.png	unverified
D90-4-01660	قايىم	headword	190_1R.png	unverified
D90-4-01662	قەبر	nonstandard	190_1R.png	unverified
D90-4-01663	قەبرە	headword	190_1R.png	unverified
D90-4-01666	قەبرىچىلىك	headword	190_1R.png	unverified
D90-4-01667	قەبرىستان	headword	190_2L.png	unverified
D90-4-01668	قەبرىستانلىق	headword	190_2L.png	unverified
D90-4-01669	قەبرىگاھ	headword	190_2L.png	unverified
D90-4-01670	قەبرىگاھلىق	headword	190_2L.png	unverified
D90-4-01671	قەبىلە	headword	190_2L.png	unverified
D90-4-01673	قەبىلىچىلىك	headword	191_1R.png	unverified
D90-4-01674	قەبىلىلىك	headword	191_1R.png	unverified
D90-4-01675	قەبىلىۋاز	headword	191_1R.png	unverified
D90-4-01676	قەبىلىۋازلىق	headword	191_1R.png	unverified
D90-4-01677	قەبىلىۋى	headword	191_1R.png	unverified
D90-4-01678	قەبىھ	headword	191_1R.png	unverified
D90-4-01679	قەبىپلەشتۈرمەك	headword	191_2L.png	unverified
D90-4-01680	قەبىھلەشمەك	headword	191_2L.png	unverified
D90-4-01681	قەبىھلىك	headword	191_2L.png	unverified
D90-4-01682	قەپەز	headword	191_2L.png	unverified
D90-4-01683	قەپەز ئايۋان	headword	192_1R.png	unverified
D90-4-01684	قەپەزئوت	headword	192_1R.png	verified
D90-4-01685	قەپەسسىمان	headword	192_1R.png	unverified
D90-4-01686	قەپىزەك	headword	192_1R.png	unverified
D90-4-01687	قەترە	headword	192_1R.png	unverified
D90-4-01688	قەتل	headword	192_2L.png	unverified
D90-4-01689	قەتل قىلماق	headword	192_2L.png	unverified
D90-4-01690	قەتلە	headword	192_2L.png	unverified
D90-4-01691	قەتلىئام	headword	192_2L.png	unverified
D90-4-01693	قەتئىي	headword	193_1R.png	unverified
D90-4-01694	قەتئىيەت	headword	193_2L.png	unverified
D90-4-01695	قەتئىيەتسىز	headword	193_2L.png	unverified
D90-4-01696	قەتئىيەتسىزلىك	headword	194_1R.png	unverified
D90-4-01697	قەتئىيلەشتۈرمەك	headword	194_1R.png	unverified
D90-4-01698	قەتئىيلەشمەك	headword	194_1R.png	unverified
D90-4-01699	قەتئىيلىك	headword	194_1R.png	unverified
D90-4-01700	قەتئىينەزەر	headword	194_1R.png	verified
D90-4-01701	قەد	headword	194_2L.png	unverified
D90-4-01701-i1	قەددى	inflected	194_2L.png	unverified
D90-4-01702	قەددى پۈكۈلمەك	headword	194_2L.png	unverified
D90-4-01703	قەددىنى راسلىماق	headword	194_2L.png	unverified
D90-4-01704	قەددىنى رۇسلىماق	headword	194_2L.png	unverified
D90-4-01705	قەددى ئېگىلمەك	headword	194_2L.png	unverified
D90-4-01706	قەد كەرمەك	headword	195_1R.png	unverified
D90-4-01707	قەد كۆتۈرمەك	headword	195_1R.png	unverified
D90-4-01708	قەدەر	headword	195_1R.png	unverified
D90-4-01709	قەدەمدە	headword	195_2L.png	unverified
D90-4-01710	قەدەم ئالماق	headword	196_1R.png	unverified
D90-4-01711	قەدەم باسماق	headword	196_2L.png	unverified
D90-4-01712	قەدەم تاشلىماق	headword	196_2L.png	unverified
D90-4-01713	قەدەم تەشرىپ قىلماق	headword	197_1R.png	unverified
D90-4-01714	قەدەم قويماق	headword	197_1R.png	unverified
D90-4-01715	قەدەمنى خاتا باسماق	headword	197_2L.png	unverified
D90-4-01716	قەدەمنى ساناپ باسماق	headword	197_2L.png	unverified
D90-4-01717	قەدىمى تەگمەك	headword	197_2L.png	unverified
D90-4-01717-v1	قەدىمى يەتمەك	variant	197_2L.png	unverified
D90-4-01718	قەدىمىڭىزگە مۇبارەك بولسۇن	headword	197_2L.png	unverified
D90-4-01719	قەدەم يەتمەيدىغان يەرگە بارماق ياكى كەلمەك	headword	198_1R.png	unverified
D90-4-01720	قەدەم-باسقۇچ	headword	198_1R.png	unverified
D90-4-01721	قەدەم-باسقۇچلۇق	headword	198_1R.png	unverified
D90-4-01722	قەدەمجاي	headword	198_1R.png	unverified
D90-4-01724	قەدەمدە بىر	headword	198_2L.png	unverified
D90-4-01725	قەدەمگاھ	headword	198_2L.png	unverified
D90-4-01726	قەدەملەتمەك	headword	198_2L.png	unverified
D90-4-01727	قەدەملەشمەك	headword	198_2L.png	unverified
D90-4-01728	قەدەملىك	headword	198_2L.png	unverified
D90-4-01729	قەدەملىمەك	headword	198_2L.png	unverified
D90-4-01730	قەدەممۇقەدەم	headword	198_2L.png	unverified
D90-4-01731	قەدەھ	headword	199_1R.png	unverified
D90-4-01732	قەدەھ كۆتۈرمەك	headword	199_1R.png	unverified
D90-4-01733	قەددى-قامەت	headword	199_1R.png	unverified
D90-4-01734	قەددى-قامەتلىك	headword	199_1R.png	unverified
D90-4-01735	قەدىر	headword	199_2L.png	unverified
D90-4-01736	قەدىر ئاي	headword	199_2L.png	unverified
D90-4-01736-v1	رامىزان	variant	199_2L.png	unverified
D90-4-01737	قەدىر ئەھۋال	headword	199_2L.png	unverified
D90-4-01738	قەدىر كېچىسى	headword	199_2L.png	unverified
D90-4-01739	قەدرىگە يەتمەك	headword	199_2L.png	unverified
D90-4-01740	قەدرىنى بىلمەك	headword	200_1R.png	unverified
D90-4-01741	قەدرى ئۆتۈلمەك	headword	200_1R.png	unverified
D90-4-01742	قەدرى يەتمەك	headword	200_1R.png	unverified
D90-4-01743	قەدىردان	headword	200_1R.png	unverified
D90-4-01744	قەدىردانلارچە	headword	200_2L.png	unverified
D90-4-01745	قەدىردانلىق	headword	200_2L.png	unverified
D90-4-01746	قەدىرسىز	headword	200_2L.png	unverified
D90-4-01747	قەدىرسىزلەنمەك	headword	200_2L.png	unverified
D90-4-01748	قەدىرسىزلىك	headword	200_2L.png	unverified
D90-4-01749	قەدىر-قىممەت	headword	200_2L.png	unverified
D90-4-01750	قەدىرلەشمەك	headword	201_1R.png	unverified
D90-4-01751	قەدىرلىنمەك	headword	201_1R.png	unverified
D90-4-01752	قەدىرلىك	headword	201_1R.png	unverified
D90-4-01753	قەدىرلىمەك	headword	201_2L.png	unverified
D90-4-01754	قەدىم	headword	201_2L.png	unverified
D90-4-01755	قەدىمچە	headword	202_1R.png	unverified
D90-4-01757	قەدىمدىن	headword	202_1R.png	unverified
D90-4-01758	قەدىمكى	headword	202_2L.png	unverified
D90-4-01759	قەدىمكى ئامېرىكا دىنى	headword	202_2L.png	unverified
D90-4-01760	قەدىمكى تۈرك رۇنىك يېزىقى	headword	202_2L.png	unverified
D90-4-01761	قەدىمكى جانلىقلار	headword	202_2L.png	unverified
D90-4-01762	قەدىمكى جۇغراپىيە	headword	202_2L.png	unverified
D90-4-01763	قەدىمكى دىئالېكتىكا	headword	203_1R.png	unverified
D90-4-01764	قەدىمكى زامان	headword	203_1R.png	unverified
D90-4-01765	قەدىمكى سۆزلەر	headword	203_1R.png	unverified
D90-4-01766	قەدىمكى شەرق	headword	203_1R.png	unverified
D90-4-01767	قەدىمكى شەھەر خارابىلىرى	headword	203_1R.png	verified
D90-4-01768	قەدىمكى قۇرۇقلۇق	headword	203_1R.png	verified
D90-4-01769	قەدىمكى كىلىماتولوگىيە	headword	203_1R.png	verified
D90-4-01770	قەدىمكى گرېك دىنى	headword	203_1R.png	unverified
D90-4-01771	قەدىمكى مىسىر دىنى	headword	203_2L.png	unverified
D90-4-01772	قەدىمكى ھايات گۇرۇپپىسى	headword	203_2L.png	unverified
D90-4-01773	قەدىمكى ھايات ئېراسى	headword	204_1R.png	unverified
D90-4-01774	قەدىمكى ئوتتۇرا دېڭىز	headword	204_1R.png	unverified
D90-4-01775	قەدىمكى ئۇيغۇر يېزىقى	headword	204_1R.png	unverified
D90-4-01776	قەدىمكى يېزىق	headword	204_2L.png	unverified
D90-4-01777	قەدىمكىلەر	headword	204_2L.png	unverified
D90-4-01778	قەدىمىي	headword	205_1R.png	unverified
D90-4-01779	قەدىمىيلىك	headword	205_1R.png	unverified
D90-4-01780	قەدىناس	headword	205_1R.png	unverified
D90-4-01781	قەدىناسلىق	headword	205_1R.png	unverified
D90-4-01782	قەر	headword	205_1R.png	verified
D90-4-01782-i1	قەرى	inflected	205_1R.png	verified
D90-4-01783	قەرەل	headword	205_1R.png	unverified
D90-4-01784	قەرەلسىز	headword	205_2L.png	unverified
D90-4-01785	قەرەللىك	headword	205_2L.png	unverified
D90-4-01789	قەرت	nonstandard	205_2L.png	unverified
D90-4-01790	قەرز	headword	206_1R.png	unverified
D90-4-01791	قەرز ئالماق	headword	206_1R.png	unverified
D90-4-01792	قەرز بەرگۈچى	headword	206_1R.png	unverified
D90-4-01793	قەرز بەرمەك	headword	206_1R.png	unverified
D90-4-01794	قەرز پۇل	headword	206_1R.png	unverified
D90-4-01797	قەرزدار	headword	206_2L.png	verified
D90-4-01798	قەرزدار بولماق	headword	207_1R.png	unverified
D90-4-01799	قەرزدار قىلماق	headword	207_1R.png	unverified
D90-4-01800	قەرزدارلىق	headword	207_1R.png	unverified
D90-4-01801	قەرنە	headword	207_1R.png	unverified
D90-4-01802	قەسەم	headword	207_1R.png	unverified
D90-4-01803	قەسەم بەرمەك	headword	207_2L.png	unverified
D90-4-01805	قەسەم قىلماق	headword	207_2L.png	unverified
D90-4-01806	قەسەم ئىچمەك	headword	207_2L.png	unverified
D90-4-01807	قەسەمخور	headword	208_1R.png	verified
D90-4-01808	قەسەمخورلۇق	headword	208_1R.png	unverified
D90-4-01809	قەسەمنامە	headword	208_1R.png	unverified
D90-4-01810	قەسەمياد	headword	208_1R.png	unverified
D90-4-01811	قەسەمياد ئەتمەك	headword	208_1R.png	unverified
D90-4-01813	قەسەمياد قىلماق	headword	208_2L.png	unverified
D90-4-01812	قەسەمياد ئەيلىمەك	headword	208_2L.png	unverified
D90-4-01814	قەسەمياد يىغىنى	headword	208_2L.png	unverified
D90-4-01815	قەست	headword	208_2L.png	unverified
D90-4-01816	قەست ئېيىلماك	headword	209_1R.png	unverified
D90-4-01823	قەستلىمەك	headword	209_2L.png	unverified
D90-4-01817	قەست قىلماق	headword	209_1R.png	unverified
D90-4-01818	قەستىدە بولماق	headword	209_1R.png	unverified
D90-4-01819	قەستىگە چۈشمەك	headword	209_1R.png	unverified
D90-4-01820	قەستەن	headword	209_2L.png	unverified
D90-4-01821	قەستەن ئۆلتۈرمەك	headword	209_2L.png	unverified
D90-4-01822	قەستلەشمەك	headword	209_2L.png	unverified
D90-4-01824	قەسىدە	headword	210_1R.png	unverified
D90-4-01825	قەسىدىچى	headword	210_1R.png	unverified
D90-4-01826	قەسىدىخان	headword	210_1R.png	unverified
D90-4-01827	قەسىدىخانلىق	headword	210_1R.png	unverified
D90-4-01828	قەسىر	headword	210_1R.png	unverified
D90-4-01829	قەغەز	headword	210_1R.png	unverified
D90-4-01830	قەغەز پۇل	headword	210_2L.png	unverified
D90-4-01831	قەغەز دەرىخى	headword	210_2L.png	unverified
D90-4-01832	قەغەز قىيما فىلىمى	headword	211_1R.png	unverified
D90-4-01833	قەغەز يولۋاس	headword	211_1R.png	unverified
D90-4-01834	قەغەزچىلىك	headword	211_1R.png	unverified
D90-4-01835	قەغەز-قەلەم	headword	211_1R.png	unverified
D90-4-01836	قەغەزۋاز	headword	211_1R.png	unverified
D90-4-01837	قەغەزۋازلىق	headword	211_1R.png	unverified
D90-4-01838	قەغىش	headword	211_2L.png	unverified
D90-4-01838-v1	خەقىش	variant	211_2L.png	unverified
D90-4-01839	قەقنۇس	headword	211_2L.png	unverified
D90-4-01840	قەلئە	headword	211_2L.png	unverified
D90-4-01841	قەلەم	headword	211_2L.png	unverified
D90-4-01842	قەلەم ئەھلى	headword	212_1R.png	unverified
D90-4-01843	قەلەم تەۋرەتمەك	headword	212_1R.png	unverified
D90-4-01844	قەلەم قاش	headword	212_2L.png	unverified
D90-4-01845	قەلەم قاشلىق	headword	212_2L.png	unverified
D90-4-01846	قەلەم قىسقۇچ	headword	212_2L.png	unverified
D90-4-01847	قەلەم كۈرىشى	headword	212_2L.png	unverified
D90-4-01848	قەلەمنى ئىشقا سالماق	headword	213_1R.png	unverified
D90-4-01849	قەلەم ھەققى	headword	213_1R.png	unverified
D90-4-01850	قەلەم ئىگىسى	headword	213_1R.png	unverified
D90-4-01851	قەلىمى ئاجىز	headword	213_1R.png	unverified
D90-4-01852	قەلىمى پىشماق	headword	213_1R.png	unverified
D90-4-01853	قەلەمپۇر	headword	213_2L.png	verified
D90-4-01854	قەلەمتۇراچ	nonstandard	213_2L.png	unverified
D90-4-01855	قەلەمتىراش	headword	213_2L.png	verified
D90-4-01856	قەلەمچە	headword	213_2L.png	unverified
D90-4-01860	قەلەمدار	headword	214_1R.png	verified
D90-4-01861	قەلەمداش	headword	214_1R.png	unverified
D90-4-01862	قەلەمدان	headword	214_1R.png	unverified
D90-4-01863	قەلەمسىز	headword	214_1R.png	unverified
D90-4-01864	قەلەمكەش	headword	214_2L.png	verified
D90-4-01865	قەلەملىك	headword	214_2L.png	unverified
D90-4-01866	قەلەملىمەك	headword	214_2L.png	unverified
D90-4-01867	قەلەندەر	headword	214_2L.png	unverified
D90-4-01868	قەلەندەرچە	headword	214_2L.png	unverified
D90-4-01869	قەلەندەرچىلىك	headword	214_2L.png	unverified
D90-4-01870	قەلەندەرخانا	headword	215_1R.png	unverified
D90-4-01871	قەلەندەرلىك	headword	215_1R.png	unverified
D90-4-01872	قەلەي	headword	215_1R.png	unverified
D90-4-01873	قەلەي تاش	headword	215_1R.png	verified
D90-4-01874	قەلەي كەپشەر	headword	215_1R.png	unverified
D90-4-01875	قەلەيچى	headword	215_1R.png	unverified
D90-4-01876	قەلەيچىلىك	headword	215_2L.png	unverified
D90-4-01877	قەلەيسىز	headword	215_2L.png	unverified
D90-4-01878	قەلەيلەتمەك	headword	215_2L.png	unverified
D90-4-01879	قەلەيلەشمەك	headword	215_2L.png	unverified
D90-4-01880	قەلەيلەنمەك	headword	215_2L.png	unverified
D90-4-01881	قەلەيلىك	headword	215_2L.png	unverified
D90-4-01882	قەلەيلىمەك	headword	215_2L.png	unverified
D90-4-01883	قەلب	headword	215_2L.png	unverified
D90-4-01884	قەلبى پۇچۇلانماق	headword	216_1R.png	unverified
D90-4-01886	قەلبى جاراھەتلەنمەك	headword	216_1R.png	unverified
D90-4-01885	قەلبى تىلىنماق	headword	216_1R.png	unverified
D90-4-01887	قەلبى داغلانماق	headword	216_2L.png	unverified
D90-4-01888	قەلبى قارا	headword	216_2L.png	unverified
D90-4-07026	كۆڭلى قارا	headword	675_1R.png	unverified
D90-4-01889	قەلبى كۆلمەك	headword	216_2L.png	unverified
D90-4-01890	قەلبىگە پۈكمەك	headword	216_2L.png	unverified
D90-4-01890-v1	كۆڭلىگە پۈكمەك	variant	216_2L.png	unverified
D90-4-01891	قەلبى مۇجۇلماق	headword	216_2L.png	unverified
D90-4-01892	قەلبىنى تاتىلىماق	headword	216_2L.png	unverified
D90-4-01893	قەلبىنى تۆكمەك	headword	216_2L.png	unverified
D90-4-01894	قەلبى ئۆرتەنمەك	headword	216_2L.png	unverified
D90-4-01895	قەلبى ئېرىمەك	headword	217_1R.png	unverified
D90-4-07070	كۆڭلى ئېرىمەك	headword	678_1R.png	unverified
D90-4-01896	قەلبى ئىسسىماق	headword	217_1R.png	unverified
D90-4-01897	قەلبى پاك	headword	217_1R.png	unverified
D90-4-01898	قەلبى ئىللىماق	headword	217_1R.png	unverified
D90-4-01899	قەلبى يارا	headword	217_1R.png	unverified
D90-4-01900	قەلبى يارىلانماق	headword	217_1R.png	unverified
D90-4-01901	قەلبى يايرىماق	headword	217_1R.png	unverified
D90-4-01902	قەلبى يورۇماق	headword	217_1R.png	unverified
D90-4-01902-v1	كۆڭلى يورۇماق	variant	217_1R.png	unverified
D90-4-01903	قەلبەن	headword	217_1R.png	unverified
D90-4-01904	قەلبداش	headword	217_2L.png	unverified
D90-4-01905	قەلبداشلىق	headword	217_2L.png	unverified
D90-4-01906	قەلبگاھ	headword	217_2L.png	unverified
D90-4-01907	قەللە	headword	217_2L.png	unverified
D90-4-01908	قەللاب	headword	217_2L.png	unverified
D90-4-01909	قەللابلىق	headword	217_2L.png	unverified
D90-4-01911	قەلىمىي	headword	218_1R.png	unverified
D90-4-01912	قەلىيە	headword	218_1R.png	unverified
D90-4-01913	قەمەر	headword	218_1R.png	unverified
D90-4-01914	قەمەرىيە	headword	218_1R.png	unverified
D90-4-01914-v1	دېھانلار كالېندارى	variant	218_1R.png	unverified
D90-4-01915	قەنا	nonstandard	218_1R.png	unverified
D90-4-01916	قەنت	headword	218_1R.png	unverified
D90-4-01918	قەنتىڭنى چاق	headword	218_2L.png	unverified
D90-4-01919	قەنتىنى چاقماق	headword	218_2L.png	unverified
D90-4-01920	قەنتدان	headword	218_2L.png	unverified
D90-4-01921	قەنتدەك	headword	218_2L.png	unverified
D90-4-01922	قەنت-گېزەك	headword	218_2L.png	unverified
D90-4-01923	قەنت-ناۋات	headword	219_1R.png	unverified
D90-4-01924	قەندالەت	headword	219_1R.png	unverified
D90-4-01925	قەندالەتپۇرۇش	headword	219_1R.png	unverified
D90-4-01926	قەندالەتچى	headword	219_1R.png	unverified
D90-4-01927	قەندەل	headword	219_1R.png	unverified
D90-4-01928	قەندەلچى	headword	219_1R.png	unverified
D90-4-01929	قەندىل	headword	219_1R.png	unverified
D90-4-01930	قەھەت	headword	219_1R.png	unverified
D90-4-01931	قەھەتچىلىك	headword	219_1R.png	unverified
D90-4-01932	قەھر	headword	219_2L.png	unverified
D90-4-01933	قەھر قىلماق	headword	219_2L.png	unverified
D90-4-01934	قەھرىگە كەلمەك	headword	219_2L.png	unverified
D90-4-01935	قەھر-زەھىرى	headword	219_2L.png	unverified
D90-4-01936	قەھر-غەزەپ	headword	219_2L.png	unverified
D90-4-01937	قەھرلىنمەك	headword	219_2L.png	unverified
D90-4-01938	قەھرلىك	headword	220_1R.png	unverified
D90-4-01939	قەھرىتان	headword	220_1R.png	unverified
D90-4-01940	قەھرىمان	headword	220_1R.png	unverified
D90-4-01941	قەھرىمان بولماق	headword	220_2L.png	unverified
D90-4-01942	قەھرىمانانە	headword	220_2L.png	verified
D90-4-01943	قەھرىمانلارچە	headword	221_1R.png	unverified
D90-4-01944	قەھرىمانلىق	headword	221_1R.png	unverified
D90-4-01945	قەھرىمانلىق قىلماق	headword	221_1R.png	unverified
D90-4-01946	قەھرىمانلىق كۆرسەتمەك	headword	221_1R.png	unverified
D90-4-01947	قەھرىۋا	nonstandard	221_1R.png	unverified
D90-4-05565	كەھرىۋا	headword	559_2L.png	unverified
D90-4-01948	قەھقەھ	headword	221_1R.png	unverified
D90-4-01949	قەھقەھ سالماق	headword	221_2L.png	unverified
D90-4-01950	قەھقەھ ئۇرماق	headword	221_2L.png	unverified
D90-4-01951	قەھۋە	headword	221_2L.png	unverified
D90-4-01952	قەھۋىخانا	headword	221_2L.png	unverified
D90-4-01953	قەۋەت	headword	222_1R.png	unverified
D90-4-01955	قەۋەت يۈزى	headword	222_2L.png	unverified
D90-4-01955-v1	قاتلام يۈزى	variant	222_2L.png	unverified
D90-4-01956	قەۋەتسمان	headword	222_2L.png	unverified
D90-4-01957	قەۋەت-قەۋەت	headword	222_2L.png	unverified
D90-4-01958	قەۋەتلەپ	headword	222_2L.png	unverified
D90-4-01959	قەۋەتلەتمەك	headword	222_2L.png	unverified
D90-4-01960	قەۋەتلەشمەك	headword	222_2L.png	unverified
D90-4-01961	قەۋەتلەنمەك	headword	222_2L.png	unverified
D90-4-01962	قەۋەتلىك	headword	222_2L.png	unverified
D90-4-01963	قەۋەتلىك ئۆي	headword	223_1R.png	unverified
D90-4-01964	قەۋەتلىمەك	headword	223_1R.png	unverified
D90-4-01965	قەۋەتلىنىش	headword	223_1R.png	unverified
D90-4-01966	قەۋزىيەت	headword	223_1R.png	unverified
D90-4-01967	قەۋس	headword	223_1R.png	unverified
D90-4-01968	قەۋس بۇرجى	headword	223_1R.png	unverified
D90-4-01969	قەۋس يۇلتۇز تۈركۈمى	headword	223_2L.png	unverified
D90-4-01970	قەي	headword	223_2L.png	unverified
D90-4-01971	قەي قىلماق	headword	223_2L.png	unverified
D90-4-01972	قەي قىلىش	headword	223_2L.png	unverified
D90-4-01973	قەيەر	headword	223_2L.png	verified
D90-4-01974	قەيەرلىك	headword	223_2L.png	unverified
D90-4-01975	قەيت	headword	223_2L.png	unverified
D90-4-01976	قەيت قىلماق	headword	223_2L.png	unverified
D90-4-01977	قەيسەر	headword	224_1R.png	unverified
D90-4-01978	قەيسەرانە	headword	224_1R.png	unverified
D90-4-01979	قەيسەرلەشتۈرمەك	headword	224_1R.png	unverified
D90-4-01980	قەيسەرلەشمەك	headword	224_1R.png	unverified
D90-4-01981	قەيسەرلىك	headword	224_1R.png	unverified
D90-4-01982	قوبۇز	headword	224_2L.png	unverified
D90-4-01983	قوبۇل	headword	224_2L.png	unverified
D90-4-01984	قوبۇل ئەتمەك	headword	224_2L.png	unverified
D90-4-01987	قوبۇل قىلماق	headword	224_2L.png	unverified
D90-4-01985	قوبۇل بولماق	headword	224_2L.png	unverified
D90-4-01986	قوبۇل قىلغۇچى تەنچە	headword	224_2L.png	unverified
D90-4-01988	قوبۇلخانا	headword	225_2L.png	unverified
D90-4-01989	قوبۇللاتماق	headword	225_2L.png	unverified
D90-4-01990	قوبۇللانماق	headword	225_2L.png	unverified
D90-4-01991	قوبۇللىماق	headword	225_2L.png	unverified
D90-4-01992	قوپارغۇ	headword	225_2L.png	unverified
D90-4-01993	قوپارماق	headword	225_2L.png	unverified
D90-4-01994	قوپال	headword	225_2L.png	unverified
D90-4-01997	قوپاللاشتۇرماق	headword	226_2L.png	unverified
D90-4-01998	قوپاللاشماق	headword	226_2L.png	unverified
D90-4-01999	قوپاللىق	headword	226_2L.png	unverified
D90-4-02000	قوپتۇرماق	headword	226_2L.png	unverified
D90-4-02001	قوپتۇرۇشماق	headword	226_2L.png	unverified
D90-4-02002	قوپتۇرۇلماق	headword	226_2L.png	unverified
D90-4-02003	قوپماق	headword	227_1R.png	unverified
D90-4-02004	قوپۇرغۇ	headword	227_1R.png	unverified
D90-4-02005	قوپۇرغۇ سالماق	headword	227_1R.png	unverified
D90-4-02006	قوپۇرماق	headword	227_2L.png	unverified
D90-4-02007	قوپۇرۇشماق	headword	227_2L.png	unverified
D90-4-02008	قوپۇرۇلماق	headword	227_2L.png	unverified
D90-4-02009	قوپۇشماق	headword	227_2L.png	unverified
D90-4-02010	قوتاز	headword	227_2L.png	unverified
D90-4-02011	قوتازچى	headword	228_1R.png	unverified
D90-4-02012	قوتازچىلىق	headword	228_1R.png	unverified
D90-4-02013	قوتان	headword	228_1R.png	unverified
D90-4-02016	قوتانتۇمشۇق	headword	228_1R.png	verified
D90-4-02017	قوتان-قوتان	headword	228_2L.png	unverified
D90-4-02018	قوتانلاپ	headword	228_2L.png	unverified
D90-4-02019	قوتانلانماق	headword	228_2L.png	unverified
D90-4-02020	قوتانلىماق	headword	228_2L.png	unverified
D90-4-02021	قوتۇر	headword	228_2L.png	unverified
D90-4-02022	قوتۇر ئامۇت	headword	229_1R.png	unverified
D90-4-02023	قوتۇر سالجىسى	headword	229_1R.png	unverified
D90-4-02024	قوتۇر كانىسى	headword	229_1R.png	unverified
D90-4-02025	قوتۇر كۆكچە	headword	229_1R.png	unverified
D90-4-02027	قوتۇرلاشتۇرماق	headword	229_1R.png	unverified
D90-4-02028	قوتۇرلاشماق	headword	229_1R.png	unverified
D90-4-02030	قوچقار	headword	229_2L.png	unverified
D90-4-02032	قوچقارچى	headword	229_2L.png	unverified
D90-4-02033	قوچقىراق	headword	229_2L.png	unverified
D90-4-02034	قوچۇ	headword	229_2L.png	unverified
D90-4-02034-v1	قوچۇ ئۇيغۇر خانلىقى	variant	229_2L.png	unverified
D90-4-02036	قوچۇتماق	headword	229_2L.png	unverified
D90-4-02037	قوچۇرا	headword	229_2L.png	unverified
D90-4-02038	قوچۇشماق	headword	229_2L.png	unverified
D90-4-02039	قوچۇلماق	headword	229_2L.png	unverified
D90-4-02040	قوچۇماق	headword	229_2L.png	unverified
D90-4-02041	قوختا	headword	230_1R.png	unverified
D90-4-02042	قوداڭشىتماق	headword	230_1R.png	unverified
D90-4-02043	قوداڭشىماق	headword	230_1R.png	unverified
D90-4-02044	قوداڭلاشماق	headword	230_1R.png	unverified
D90-4-02045	قوداي	headword	230_1R.png	unverified
D90-4-02046	قورال	headword	230_1R.png	unverified
D90-4-02047	قورال تاپشۇرۇش	headword	230_2L.png	unverified
D90-4-02048	قورال-ئەسلىھە	headword	230_2L.png	unverified
D90-4-02049	قورال-جابدۇق	headword	230_2L.png	unverified
D90-4-02050	قورال-سايمان	headword	231_1R.png	unverified
D90-4-02051	قورالسىز	headword	231_1R.png	unverified
D90-4-02052	قورالسىزلاندۇرماق	headword	231_1R.png	unverified
D90-4-02053	قورالسىزلاندۇرۇلماق	headword	231_1R.png	unverified
D90-4-02054	قورالسىزلانماق	headword	231_1R.png	unverified
D90-4-02055	قوراللاندۇرماق	headword	231_1R.png	unverified
D90-4-02056	قوراللاندۇرۇلماق	headword	231_2L.png	unverified
D90-4-02057	قوراللانماق	headword	231_2L.png	unverified
D90-4-02058	قوراللىق	headword	231_2L.png	unverified
D90-4-02059	قوراللىق خىزمەت ئەترىتى	headword	232_1R.png	verified
D90-4-02060	قوراللىق قوزغىلاڭ	headword	232_1R.png	verified
D90-4-02061	قوراللىق قوشۇن	headword	232_1R.png	verified
D90-4-02062	قوراللىق كۈچ	headword	232_1R.png	verified
D90-4-10237	قوراللىق كۈرەش	headword	232_2L.png	verified
D90-4-02063	قورال-ياراغ	headword	232_2L.png	verified
D90-4-02065	قورام	headword	232_2L.png	verified
D90-4-02067	قورامساق	headword	232_2L.png	verified
D90-4-02068	قوراي	headword	232_2L.png	verified
D90-4-02069	قورايچى	headword	233_1R.png	unverified
D90-4-02070	قورايدەك	headword	233_1R.png	unverified
D90-4-02071	قورايزار	headword	233_1R.png	unverified
D90-4-02072	قورايلىق	headword	233_1R.png	unverified
D90-4-02073	قورچاق	headword	233_1R.png	unverified
D90-4-02076	قورچاققول	headword	233_2L.png	verified
D90-4-02077	قورچاقلىق	headword	234_1R.png	unverified
D90-4-02079	قورداق	headword	234_1R.png	unverified
D90-4-02080	قورساق	headword	234_1R.png	unverified
D90-4-02081	قورساق ئاغرىقى	headword	234_1R.png	unverified
D90-4-02082	قورساق ئاغرىماق	headword	234_1R.png	unverified
D90-4-02083	قورساق باقتى	headword	234_2L.png	unverified
D90-4-02084	قورساق باقتىلىق	headword	234_2L.png	unverified
D90-4-02085	قورساق باقتىلىق قىلماق	headword	234_2L.png	unverified
D90-4-02086	قورساق بوشاتماق	headword	235_1R.png	unverified
D90-4-02087	قورساق بوشلۇقى	headword	235_1R.png	unverified
D90-4-02088	قورساق پەردە ياللۇغى	headword	235_1R.png	verified
D90-4-02089	قورساق پەردىسى	headword	235_1R.png	unverified
D90-4-02090	قورساق پۇتلۇقلار	headword	235_1R.png	unverified
D90-4-02091	قورساق پىياز بولماق	headword	235_2L.png	unverified
D90-4-02092	قورساقتا تۇرمايدىغان	headword	235_2L.png	unverified
D90-4-02093	قورساقتا غۇم ساقلىماق	headword	235_2L.png	unverified
D90-4-02094	قورساقتا قالماق	headword	235_2L.png	unverified
D90-4-02095	قورساقتا گەپ ياتماسلىق	headword	235_2L.png	unverified
D90-4-02096	قورساق توقلىماق	headword	235_2L.png	unverified
D90-4-02097	قورساق تويماق	headword	236_1R.png	unverified
D90-4-02098	قورساقتىكىنى تاپماق	headword	236_1R.png	unverified
D90-4-02099	قورساقتىكىنى تۆكمەك	headword	236_1R.png	unverified
D90-4-02100	قورساق جېدىلى	headword	236_1R.png	unverified
D90-4-02101	قورساق چاپلىشىپ كەتمەك	headword	236_1R.png	unverified
D90-4-02102	قورساق چوتىرى بىر يەردىن چىقماق	headword	236_1R.png	unverified
D90-4-02103	قورساق ساقلىماق	headword	236_2L.png	unverified
D90-4-02104	قورساق سالماق	headword	236_2L.png	unverified
D90-4-02105	قورساق سوقۇشتۇرماق	headword	236_2L.png	unverified
D90-4-02106	قورساققا سۇ چۈشۈش	headword	236_2L.png	unverified
D90-4-02107	قورساق كولدۇرلاپ كەتمەك	headword	236_2L.png	unverified
D90-4-02108	قورساق كۆپمەك	headword	236_2L.png	unverified
D90-4-02109	قورساق كۆپۈكى	headword	237_1R.png	unverified
D90-4-02110	قورساق كۆپۈكىنى چىقارماق	headword	237_1R.png	unverified
D90-4-02111	قورساق كۆتۈرمەك	headword	237_1R.png	unverified
D90-4-02112	قورساق ناغرا چالماق	headword	237_1R.png	unverified
D90-4-02112-v1	قورساق گولدۇرلاپ كەتمەك	variant	237_1R.png	unverified
D90-4-02113	قورساقنى ئەستەرلىمەك	headword	237_1R.png	unverified
D90-4-02114	قورساقنى چىڭدىماق	headword	237_1R.png	unverified
D90-4-02115	قورساقنى قىرلىماق	headword	237_1R.png	unverified
D90-4-02116	قورساقنى كەڭ تۇتماق	headword	237_2L.png	unverified
D90-4-02117	قورسىقى ئۇرۇشى قىلماق	headword	237_2L.png	unverified
D90-4-02118	قورسىقى ئاچماق	headword	237_2L.png	unverified
D90-4-02119	قورسىقى پومپايماق	headword	237_2L.png	unverified
D90-4-02120	قورسىقى توق	headword	237_2L.png	unverified
D90-4-02121	قورسىقىدا توڭگۈز قاترايدىغان	headword	237_2L.png	unverified
D90-4-02122	قورسىقىدا جىن بار	headword	238_1R.png	unverified
D90-4-02123	قورسىقىدا جىن يوق	headword	238_1R.png	unverified
D90-4-02124	قورسىقىدا چوت سوقماق	headword	238_1R.png	unverified
D90-4-02125	قورسىقىدا سەنىپەن سوقماق	headword	238_1R.png	unverified
D90-4-02126	قورسىقىدا گەپ ياتمايدىغان	headword	238_1R.png	unverified
D90-4-02127	قورسىقىدا ھۈنىرى بار	headword	238_1R.png	unverified
D90-4-02128	قورسىقىدا ئۇمىچى بار	headword	238_1R.png	unverified
D90-4-02129	قورسىقىدا ئۈمىچى بار	headword	238_2L.png	unverified
D90-4-02130	قورسىقىدا ئۈمىچى يوق	headword	238_2L.png	unverified
D90-4-02131	قورسىقىدا ئېلىپنىڭ سۇنۇقى يوق	headword	238_2L.png	unverified
D90-4-02132	قورسىقىدىن چىقارماق	headword	238_2L.png	unverified
D90-4-02133	قورسىقىغا ئەلەم توشماق	headword	238_2L.png	unverified
D90-4-02134	قورسىقىغا پۈكمەك	headword	238_2L.png	unverified
D90-4-02135	قورسىقىغا جىن كىرمەك	headword	238_2L.png	unverified
D90-4-02135-v1	ئىچىگە جىن كىرمەك	variant	238_2L.png	unverified
D90-4-02136	قورسىقىغا سېلىپ قويماق	headword	238_2L.png	unverified
D90-4-02137	قورسىقىغا كىرىپ چىقماق	headword	239_1R.png	unverified
D90-4-02138	قورسىقى كەڭ	headword	239_1R.png	unverified
D90-4-02138-v1	قورسىقى	variant	239_1R.png	unverified
D90-4-02139	قورسىقىنى مۈشۈك تاتىلىماق	headword	239_1R.png	unverified
D90-4-02139-v1	ئىچىنى مۈشۈك تاتىلىماق	variant	239_1R.png	unverified
D90-4-02140	قورسىقىنى يارسا، ئېلىپنىڭ سۇنۇقى چىقمايدۇ	headword	239_1R.png	unverified
D90-4-02141	قورسىقى ئېسىلمەك	headword	239_1R.png	unverified
D90-4-02141-v1	قورسىقى كۆپمەك	variant	239_1R.png	unverified
D90-4-02142	قورسىقى يوغىنىماق	headword	239_1R.png	unverified
D90-4-02142-v1	نەپسى يوغىنىماق	variant	239_1R.png	unverified
D90-4-02143	قورساقلىق	headword	239_2L.png	unverified
D90-4-02144	قورشاتماق	headword	239_2L.png	unverified
D90-4-02145	قورشاشماق	headword	239_2L.png	unverified
D90-4-02146	قورشالماق	headword	239_2L.png	unverified
D90-4-02147	قورشاۋ	headword	239_2L.png	unverified
D90-4-02150	قورشىغان	headword	240_1R.png	unverified
D90-4-02151	قورشىماق	headword	240_1R.png	unverified
D90-4-02152	قورغان	headword	240_1R.png	unverified
D90-4-02153	قورغان توپ	headword	240_2L.png	unverified
D90-4-02154	قورغانلىق	headword	240_2L.png	unverified
D90-4-02155	قورققاق	headword	240_2L.png	unverified
D90-4-02156	قورققاقلىق	headword	240_2L.png	unverified
D90-4-02157	قورقماس	headword	241_1R.png	unverified
D90-4-02158	قورقماسلىق	headword	241_1R.png	unverified
D90-4-02159	قورقماق	headword	241_1R.png	unverified
D90-4-02160	قورقۇپ	headword	241_1R.png	unverified
D90-4-02161	قورقۇتماق	headword	241_1R.png	unverified
D90-4-02162	قورقۇشماق	headword	241_1R.png	unverified
D90-4-02163	قورقۇسىرىماق	headword	241_1R.png	unverified
D90-4-02164	قورقۇمسىز	headword	241_2L.png	unverified
D90-4-02165	قورقۇمسىزلىق	headword	241_2L.png	unverified
D90-4-02166	قورقۇنچ	headword	241_2L.png	unverified
D90-4-02167	قورقۇنچ باسماق	headword	241_2L.png	unverified
D90-4-02168	قورقۇنچ چۈشمەك	headword	241_2L.png	unverified
D90-4-02169	قورقۇنچ سالماق	headword	242_1R.png	unverified
D90-4-02170	قورقۇنچاق	headword	242_1R.png	unverified
D90-4-02171	قورقۇنچاقلىق	headword	242_1R.png	unverified
D90-4-02172	قورقۇنچلۇق	headword	242_1R.png	unverified
D90-4-02173	قورما	headword	242_2L.png	unverified
D90-4-02174	قورمال	headword	242_2L.png	unverified
D90-4-02175	قورۇ	headword	242_2L.png	unverified
D90-4-02176	قورۇتماق	headword	242_2L.png	unverified
D90-4-02179	قورۇ-جاي	headword	242_2L.png	unverified
D90-4-02180	قورۇشماق	headword	243_1R.png	unverified
D90-4-02183	قورۇق	headword	243_1R.png	unverified
D90-4-02189	قورۇقچى	headword	243_2L.png	unverified
D90-4-02190	قورۇقدا تماق	headword	243_2L.png	unverified
D90-4-02191	قورۇقدالماق	headword	243_2L.png	unverified
D90-4-02192	قورۇقدانماق	headword	243_2L.png	unverified
D90-4-02193	قورۇقدىماق	headword	244_1R.png	unverified
D90-4-02194	قورۇقسىز	headword	244_1R.png	unverified
D90-4-02196	قورۇقلۇق	headword	244_1R.png	unverified
D90-4-02198	قورۇقلىماق	headword	244_1R.png	unverified
D90-4-02199	قورۇل	headword	244_1R.png	unverified
D90-4-02200	قورۇلغا ئالماق	headword	244_2L.png	unverified
D90-4-02201	قورۇلتاز	headword	244_2L.png	unverified
D90-4-02202	قورۇلگاھ	headword	244_2L.png	unverified
D90-4-02203	قورۇلماق	headword	244_2L.png	unverified
D90-4-02205	قورۇلۇش	headword	245_1R.png	unverified
D90-4-02206	قورۇم	headword	245_1R.png	unverified
D90-4-02207	قورۇما	headword	245_1R.png	unverified
D90-4-02212	قورۇماق	headword	245_1R.png	unverified
D90-4-02215	قورۇنماق	headword	245_2L.png	unverified
D90-4-02216	قوزا	headword	246_1R.png	unverified
D90-4-02217	قوزا چۈش	headword	246_1R.png	unverified
D90-4-02218	قوزىنى پوزا قىلماق	headword	246_1R.png	unverified
D90-4-02219	قوزام	headword	246_1R.png	unverified
D90-4-02220	قوزا-ئوغلاق	headword	246_1R.png	unverified
D90-4-02221	قوزغاتقۇچ	headword	246_1R.png	unverified
D90-4-02222	قوزغاتقۇچ دورا	headword	246_2L.png	unverified
D90-4-02223	قوزغاتقۇچ لامپا	headword	246_2L.png	unverified
D90-4-02224	قوزغاتقۇچ ئېنېرگىيە	headword	246_2L.png	unverified
D90-4-02225	قوزغاتماق	headword	246_2L.png	unverified
D90-4-02226	قوزغالماس	headword	246_2L.png	unverified
D90-4-02228	قوزغالماق	headword	246_2L.png	unverified
D90-4-02229	قوزغىتىش	headword	246_2L.png	unverified
D90-4-02230	قوزغىتىشماق	headword	247_1R.png	unverified
D90-4-02231	قوزغىتىلماق	headword	247_1R.png	unverified
D90-4-02232	قوزغىلاڭ	headword	247_1R.png	unverified
D90-4-02233	قوزغىلاڭ كۆتۈرمەك	headword	247_1R.png	unverified
D90-4-02234	قوزغىلاڭچى	headword	247_1R.png	unverified
D90-4-02235	قوزغىلىشچان	headword	247_1R.png	unverified
D90-4-02237	قوزغىلىشچانلىق	headword	247_2L.png	unverified
D90-4-02238	قوزغىلىشماق	headword	247_2L.png	unverified
D90-4-02239	قوزغىماق	headword	247_2L.png	unverified
D90-4-02240	قوزۇق	headword	248_1R.png	unverified
D90-4-02243	قوزۇق ئۇلاق	headword	248_2L.png	unverified
D90-4-02244	قوزۇقباغ	headword	248_2L.png	verified
D90-4-02245	قوزۇقلۇق	headword	248_2L.png	unverified
D90-4-02246	قوزىچاق	headword	248_2L.png	unverified
D90-4-02247	قوزىلاتماق	headword	248_2L.png	unverified
D90-4-02248	قوزىلىق	headword	248_2L.png	unverified
D90-4-02250	قوزىلىماق	headword	248_2L.png	unverified
D90-4-02251	قوزىۋاي	headword	248_2L.png	verified
D90-4-02251-v1	تاۋۇز	variant	248_2L.png	verified
D90-4-02252	قوزىۋاي تاۋۇز	headword	249_1R.png	unverified
D90-4-02253	قوش	headword	249_1R.png	unverified
D90-4-02255	قوش ئاۋازلىق	headword	249_1R.png	unverified
D90-4-02256	قوش ئەستەر	headword	249_1R.png	unverified
D90-4-02257	قوش ئەن	headword	249_1R.png	unverified
D90-4-02258	قوش بوغۇملۇق سۆزلەر	headword	249_2L.png	verified
D90-4-02259	قوش پەللىلىك ئۆسۈملۈكلەر	headword	249_2L.png	unverified
D90-4-02260	قوش تەركىبلىك شېكەر	headword	249_2L.png	unverified
D90-4-02261	قوش توچكا	headword	249_2L.png	unverified
D90-4-02261-v1	قوش چېكىت	variant	249_2L.png	unverified
D90-4-02262	قوش تورنىك	headword	249_2L.png	unverified
D90-4-02263	قوش تۇرۇبىلىق تېلېسكوپ	headword	249_2L.png	unverified
D90-4-02264	قوش تىرناق	headword	249_2L.png	unverified
D90-4-02265	قوش تىللىق	headword	250_1R.png	unverified
D90-4-02267	قوش جىنس	headword	250_1R.png	unverified
D90-4-02268	قوش جىنسلىق	headword	250_1R.png	unverified
D90-4-02270	قوش چىشلىق ساپان	headword	250_1R.png	unverified
D90-4-02271	قوش چىكىت	headword	250_1R.png	unverified
D90-4-02272	قوش رېلىس	headword	250_2L.png	verified
D90-4-02273	قوش سۇنۇش	headword	250_2L.png	verified
D90-4-02274	قوش شارچە باكتېرىيە	headword	250_2L.png	unverified
D90-4-02275	قوش شارسىمان باكتېرىيە	headword	250_2L.png	unverified
D90-4-02276	قوش شېڭمۇ	headword	250_2L.png	unverified
D90-4-02277	قوش قاپىيە	headword	250_2L.png	unverified
D90-4-02278	قوش قانات	headword	250_2L.png	unverified
D90-4-02279	قوش قايرىما ياقىلىق	headword	250_2L.png	unverified
D90-4-02280	قوش قەۋەت	headword	250_2L.png	unverified
D90-4-02281	قوش كىندىك	headword	250_2L.png	unverified
D90-4-02282	قوش لەۋ تاۋۇشى	headword	251_1R.png	unverified
D90-4-02283	قوش لىنىيە	headword	251_1R.png	unverified
D90-4-02284	قوش لىنىيىلىك تۈزۈم	headword	251_1R.png	unverified
D90-4-02285	قوش ماكانلىقلار	headword	251_1R.png	unverified
D90-4-02286	قوش مۈڭگۈز	headword	251_2L.png	unverified
D90-4-02287	قوش مېغىز	headword	251_2L.png	unverified
D90-4-02287-v1	قوشماق مېغىز	variant	251_2L.png	unverified
D90-4-02288	قوش نىكاھ	headword	251_2L.png	unverified
D90-4-02289	قوش نىكاھلىنىش	headword	251_2L.png	unverified
D90-4-02290	قوش ئوقلۇق كرىستال	headword	251_2L.png	unverified
D90-4-02291	قوش ئۇرۇقلىنىش	headword	251_2L.png	unverified
D90-4-02292	قوش يۆتەل	headword	252_1R.png	unverified
D90-4-02293	قوش يېپىنچىلىق گۈل	headword	252_1R.png	unverified
D90-4-02296	قوشتىن چىقسا، سۆرەمگە سالماق	headword	252_1R.png	unverified
D90-4-02297	قوشتىن چىقىرىپ، سۆرەمگە سالماق	headword	252_1R.png	unverified
D90-4-02299	قوشتىن ئېلىپ، سۆرەمگە سالماق	headword	252_2L.png	unverified
D90-4-02300	قوش چىقماق	headword	252_2L.png	unverified
D90-4-02301	قوش سالماق	headword	252_2L.png	unverified
D90-4-02302	قوش قاتماق	headword	252_2L.png	unverified
D90-4-02303	قوش كالىسى	headword	252_2L.png	unverified
D90-4-02304	قوش ھەيدىمەك	headword	252_2L.png	unverified
D90-4-02306	قوش تۆگىسى	headword	253_1R.png	unverified
D90-4-02307	قوش تىكمەك	headword	253_1R.png	unverified
D90-4-02308	قوش ياغاچ	headword	253_1R.png	unverified
D90-4-02310	قوشئاتار	headword	253_1R.png	verified
D90-4-02311	قوشاق	headword	253_1R.png	unverified
D90-4-02312	قوشاق ئارغامچىسى	headword	253_1R.png	unverified
D90-4-02314	قوشاق تۈزمەك	headword	253_2L.png	unverified
D90-4-02314-v1	قوشاق توقۇماق	variant	253_2L.png	unverified
D90-4-02315	قوشاق قاتماق	headword	253_2L.png	unverified
D90-4-02316	قوشاق قوشماق	headword	253_2L.png	unverified
D90-4-02317	قوشاقچى	headword	253_2L.png	unverified
D90-4-02318	قوشاقچىلىق	headword	253_2L.png	unverified
D90-4-02319	قوشاقداتماق	headword	254_1R.png	unverified
D90-4-02320	قوشاقداشماق	headword	254_1R.png	unverified
D90-4-02321	قوشاقدالماق	headword	254_1R.png	unverified
D90-4-02322	قوشاقدىماق	headword	254_1R.png	unverified
D90-4-02323	قوشام	headword	254_1R.png	unverified
D90-4-02324	قوشتۇرماق	headword	254_1R.png	unverified
D90-4-02325	قوشتۇرۇلماق	headword	254_1R.png	unverified
D90-4-02326	قوش-جابدۇق	headword	254_1R.png	unverified
D90-4-02327	قوشچى	headword	254_1R.png	unverified
D90-4-02328	قوش-قوش	headword	254_2L.png	unverified
D90-4-02329	قوش-قوشلاپ	headword	254_2L.png	unverified
D90-4-02330	قوشقۇچى	headword	254_2L.png	unverified
D90-4-02332	قوشكېزەك	headword	254_2L.png	verified
D90-4-02333	قوشلاپ	headword	254_2L.png	unverified
D90-4-02334	قوشلاپ-قوشلاپ	headword	254_2L.png	unverified
D90-4-02335	قوشلاق	headword	255_1R.png	unverified
D90-4-02335-v1	قوشماق 1	variant	255_1R.png	unverified
D90-4-02338	قوشلىماق	headword	255_1R.png	unverified
D90-4-02339	قوشما	headword	255_1R.png	unverified
D90-4-02342	قوشما جۈملە	headword	255_2L.png	unverified
D90-4-02343	قوشما سوزۇق تاۋۇش	headword	255_2L.png	unverified
D90-4-02344	قوشما شتات	headword	255_2L.png	unverified
D90-4-02345	قوشما مىقدار سۆز	headword	255_2L.png	unverified
D90-4-02346	قوشما نۇقتا	headword	255_2L.png	unverified
D90-4-02347	قوشما ئۈزۈك تاۋۇش	headword	256_1R.png	unverified
D90-4-02348	قوشماق	headword	256_1R.png	unverified
D90-4-02353	قوشمىلىك	headword	257_2L.png	verified
D90-4-02354	قوشنا	headword	257_2L.png	unverified
D90-4-02358	قوشنا-قولۇم	headword	258_1R.png	unverified
D90-4-02746	قولۇم-قوشنا	headword	289_2L.png	unverified
D90-4-02359	قوشنىچىلىق	headword	258_1R.png	unverified
D90-4-02360	قوشنىدارچىلىق	headword	258_1R.png	unverified
D90-4-02361	قوشنىدارلىق	headword	258_1R.png	unverified
D90-4-02362	قوشنىلىق	headword	258_1R.png	unverified
D90-4-02363	قوشۇش	headword	258_1R.png	unverified
D90-4-02365	قوشۇشماق	headword	258_2L.png	verified
D90-4-02366	قوشۇق	headword	258_2L.png	unverified
D90-4-02371	قوشۇقچى	headword	258_2L.png	unverified
D90-4-02372	قوشۇقچىلىق	headword	258_2L.png	unverified
D90-4-02373	قوشۇقسىمان	headword	258_2L.png	unverified
D90-4-02374	قوشۇقلاپ	headword	259_1R.png	unverified
D90-4-02375	قوشۇقلۇق	headword	259_1R.png	unverified
D90-4-02377	قوشۇلدۇرماق	headword	259_1R.png	unverified
D90-4-02378	قوشۇلغان	headword	259_1R.png	unverified
D90-4-02380	قوشۇلغۇچى	headword	259_1R.png	unverified
D90-4-02381	قوشۇلما	headword	259_1R.png	unverified
D90-4-02382	قوشۇلما ئاۋاز	headword	259_2L.png	unverified
D90-4-02383	قوشۇلما فرونت	headword	259_2L.png	unverified
D90-4-02384	قوشۇلما كۆچ	headword	259_2L.png	unverified
D90-4-02384-v1	يىغىنما كۆچ	variant	259_2L.png	unverified
D90-4-02385	قوشۇلماق	headword	259_2L.png	unverified
D90-4-02386	قوشۇلۇش	headword	259_2L.png	unverified
D90-4-02387	قوشۇلۇشماق	headword	259_2L.png	unverified
D90-4-02388	قوشۇما	headword	259_2L.png	unverified
D90-4-02390	قوشۇمچە	headword	260_1R.png	unverified
D90-4-02392	قوشۇمچە بەت	headword	260_2L.png	unverified
D90-4-02393	قوشۇمچە بىخ	headword	260_2L.png	unverified
D90-4-02394	قوشۇمچە پۇل	headword	260_2L.png	unverified
D90-4-02395	قوشۇمچە تاپاۋەت	headword	260_2L.png	unverified
D90-4-02407	قوشۇمچە كىرىم	headword	261_1R.png	unverified
D90-4-02396	قوشۇمچە تاۋار	headword	260_2L.png	unverified
D90-4-02397	قوشۇمچە جازا	headword	260_2L.png	unverified
D90-4-02398	قوشۇمچە دەرسلىك	headword	260_2L.png	unverified
D90-4-02415	قوشۇمچە ئوقۇتۇش ماتېرىيالى	headword	261_2L.png	unverified
D90-4-02399	قوشۇمچە رول	headword	260_2L.png	unverified
D90-4-02400	قوشۇمچە سان	headword	260_2L.png	verified
D90-4-02401	قوشۇمچە قىلماق	headword	261_1R.png	unverified
D90-4-02402	قوشۇمچە قىممەت	headword	261_1R.png	unverified
D90-4-02403	قوشۇمچە قىممەت قانۇنىيىتى	headword	261_1R.png	unverified
D90-4-02404	قوشۇمچە قىممەت نەزەرىيىسى	headword	261_1R.png	unverified
D90-4-02405	قوشۇمچە كاتوشكا	headword	261_1R.png	unverified
D90-4-02405-v1	ئىككىلەمچى كاتوشكا	variant	261_1R.png	unverified
D90-4-02406	قوشۇمچە كەسىپ	headword	261_1R.png	unverified
D90-4-02408	قوشۇمچە گۈل كاسىسى	headword	261_2L.png	unverified
D90-4-02409	قوشۇمچە مەھسۇلات	headword	261_2L.png	unverified
D90-4-02410	قوشۇمچە مىنېرال	headword	261_2L.png	unverified
D90-4-02411	قوشۇمچە نېرۋا	headword	261_2L.png	unverified
D90-4-02412	قوشۇمچە ئوغۇتلىماق	headword	261_2L.png	unverified
D90-4-02413	قوشۇمچە ئوق	headword	261_2L.png	unverified
D90-4-02414	قوشۇمچە ئوقۇتقۇچى	headword	261_2L.png	unverified
D90-4-02416	قوشۇمچە ئىگىلىك	headword	262_1R.png	unverified
D90-4-02417	قوشۇمچە ياردەم	headword	262_1R.png	unverified
D90-4-02418	قوشۇمچە يېمەكلىك	headword	262_1R.png	unverified
D90-4-02419	قوشۇمچىسىز	headword	262_1R.png	unverified
D90-4-02420	قوشۇمچىلىق	headword	262_1R.png	unverified
D90-4-02421	قوشۇمچىلىماق	headword	262_1R.png	unverified
D90-4-02422	قوشۇن	headword	262_1R.png	unverified
D90-4-02423	قوشۇۋا	headword	262_2L.png	unverified
D90-4-02424	قوغ	headword	262_2L.png	unverified
D90-4-02425	قوغاجاي	headword	262_2L.png	unverified
D90-4-02426	قوغداتماق	headword	262_2L.png	unverified
D90-4-02427	قوغداش	headword	262_2L.png	unverified
D90-4-02428	قوغدالماق	headword	263_1R.png	unverified
D90-4-02429	قوغدىنماق	headword	263_1R.png	unverified
D90-4-02430	قوغدىغۇچى	headword	263_1R.png	unverified
D90-4-02431	قوغدىماق	headword	263_1R.png	unverified
D90-4-02432	قوغدىنىش	headword	263_1R.png	unverified
D90-4-02434	قوغلاتقۇزماق	headword	263_1R.png	unverified
D90-4-02435	قوغلاتماق	headword	263_2L.png	unverified
D90-4-02436	قوغلاشماق	headword	263_2L.png	unverified
D90-4-02437	قوغلاندى	headword	263_2L.png	unverified
D90-4-02440	قوغلانماق	headword	263_2L.png	unverified
D90-4-02441	قوغلىغۇچى	headword	263_2L.png	unverified
D90-4-02443	قوغلىغۇچى پاراخوت	headword	264_1R.png	unverified
D90-4-02444	قوغلىما	headword	264_1R.png	unverified
D90-4-02446	قوغلىماق	headword	264_1R.png	unverified
D90-4-02447	قوغۇشۇن	headword	264_2L.png	unverified
D90-4-02448	قوغۇشۇن زاكى	headword	264_2L.png	unverified
D90-4-02449	قوغۇشۇن سۇرۇخى	headword	265_1R.png	unverified
D90-4-02450	قوغۇشۇن سېرىقى	headword	265_1R.png	verified
D90-4-02451	قوغۇشۇن سىم	headword	265_1R.png	unverified
D90-4-02452	قوغۇشۇن ھەرپ	headword	265_1R.png	unverified
D90-4-02453	قوغۇشۇنلۇق	headword	265_1R.png	unverified
D90-4-02455	قوغۇن	headword	265_1R.png	unverified
D90-4-02456	قوغۇن تاختىسى	headword	265_2L.png	unverified
D90-4-02457	قوغۇن سەيلىسى	headword	265_2L.png	unverified
D90-4-02458	قوغۇن شىرنىسى	headword	265_2L.png	unverified
D90-4-02459	قوغۇن قېقى	headword	265_2L.png	unverified
D90-4-02460	قوغۇن مۇرابباسى	headword	265_2L.png	unverified
D90-4-02461	قوغۇن-تاۋۇز	headword	265_2L.png	unverified
D90-4-02462	قوغۇنچى	headword	265_2L.png	unverified
D90-4-02463	قوغۇنچىلىق	headword	265_2L.png	unverified
D90-4-02464	قوغۇن-قاپاق	headword	266_1R.png	unverified
D90-4-02465	قوغۇنگۈل	headword	266_1R.png	verified
D90-4-02465-v1	سېسىقيار	variant	266_1R.png	verified
D90-4-02466	قوغۇنلۇق	headword	266_1R.png	unverified
D90-4-02467	قوق	headword	266_1R.png	unverified
D90-4-02468	قوقاس	headword	266_1R.png	unverified
D90-4-02470	قوقاق	headword	266_2L.png	unverified
D90-4-02471	قوقاق تەگمەك	headword	266_2L.png	unverified
D90-4-02472	قوقاق تۇتماق	headword	266_2L.png	unverified
D90-4-02473	قوقاق تېشى	headword	266_2L.png	unverified
D90-4-02474	قوقاق سالماق	headword	266_2L.png	unverified
D90-4-02475	قوقىقى قورۇماق	headword	267_1R.png	unverified
D90-4-02476	قوقىقى ئۆرلىمەك	headword	267_1R.png	unverified
D90-4-02476-v1	، قوقىقى قورۇماق	variant	267_1R.png	unverified
D90-4-02477	قوقاقلىماق	headword	267_1R.png	unverified
D90-4-02478	قوقۇناق	headword	267_1R.png	unverified
D90-4-02481	قوڭ	headword	267_1R.png	unverified
D90-4-02482	قوڭ تاختىسى	headword	267_2L.png	unverified
D90-4-02483	قوڭ چۆرۈكى	headword	267_2L.png	unverified
D90-4-02484	قوڭى بوش	headword	267_2L.png	unverified
D90-4-02485	قوڭى پوق	headword	267_2L.png	unverified
D90-4-02486	قوڭىچە كۈلمەك	headword	267_2L.png	unverified
D90-4-02487	قوڭى چىدىماسلىق	headword	267_2L.png	unverified
D90-4-02488	قوڭى چىڭ	headword	267_2L.png	unverified
D90-4-02489	قوڭىغا تەپسە ھۆل يۇقمايدىغان	headword	267_2L.png	unverified
D90-4-02490	قوڭىغا تەپمەك	headword	268_1R.png	unverified
D90-4-02491	قوڭىنى قويالماي قالماق	headword	268_1R.png	unverified
D90-4-02492	قوڭىنى كوچىلىماق	headword	268_1R.png	unverified
D90-4-02493	قوڭىنى كولىماق	headword	268_1R.png	unverified
D90-4-02494	قوڭالتاق	headword	268_1R.png	unverified
D90-4-02495	قوڭغاق	nonstandard	268_2L.png	unverified
D90-4-02795	قونغاق	headword	294_1R.png	unverified
D90-4-02496	قوڭغۇراق	headword	268_2L.png	unverified
D90-4-02497	قوڭغۇراقباش	headword	268_2L.png	verified
D90-4-02498	قوڭغۇراقتەك	headword	268_2L.png	unverified
D90-4-02499	قوڭغۇراقتىكەن	headword	269_1R.png	verified
D90-4-02500	قوڭغۇراقچى	headword	269_1R.png	unverified
D90-4-02501	قوڭغۇراقگۈل	headword	269_1R.png	verified
D90-4-02502	قوڭغۇراقلىق	headword	269_1R.png	unverified
D90-4-02503	قوڭغۇراقلىق ئۇسسۇل	headword	269_2L.png	verified
D90-4-02504	قوڭغۇز	headword	269_2L.png	unverified
D90-4-02505	قوڭقا	headword	269_2L.png	unverified
D90-4-02506	قوڭۇر	headword	269_2L.png	unverified
D90-4-02507	قوڭۇرباش بېلىقچى	headword	269_2L.png	unverified
D90-4-02508	قوڭۇر تۆمۈرتاش	headword	269_2L.png	unverified
D90-4-02509	قوڭۇر رەڭ	headword	270_1R.png	unverified
D90-4-02510	قوڭۇر كۆز	headword	270_1R.png	unverified
D90-4-02511	قوڭۇر كۆمۈر	headword	270_1R.png	unverified
D90-4-02512	قوڭۇر ئۆي چاشقىنى	headword	270_1R.png	unverified
D90-4-02513	قوڭۇر ئېيىق	headword	270_1R.png	unverified
D90-4-02514	قوڭۇر يۈسۈن	headword	270_2L.png	unverified
D90-4-02515	قوڭىيوغان	headword	270_2L.png	verified
D90-4-02515-v1	چىقان	variant	270_2L.png	verified
D90-4-02516	قول	headword	270_2L.png	unverified
D90-4-02517	قول ئاستىدا	headword	271_1R.png	unverified
D90-4-02518	قول باسماق	headword	271_1R.png	unverified
D90-4-02519	قول باغلاپ تۇرماق	headword	271_1R.png	unverified
D90-4-02520	قول باغلاشماق	headword	271_2L.png	unverified
D90-4-02521	قول بالىسى	headword	271_2L.png	unverified
D90-4-02522	قول بالىسى قىلماق	headword	271_2L.png	unverified
D90-4-02523	قول بەرمەك	headword	271_2L.png	unverified
D90-4-02524	قول بومبا	headword	272_1R.png	unverified
D90-4-08737	گرانات	headword	821_2L.png	verified
D90-4-02525	قول بېغى	headword	272_1R.png	unverified
D90-4-02526	قول بىلەن سانىغۇدەك	headword	272_1R.png	unverified
D90-4-02526-v1	بارماق بىلەن سانىغۇدەك	variant	272_1R.png	unverified
D90-4-02527	قول تارتماق	headword	272_1R.png	unverified
D90-4-02528	قول تەگكۈزمەك	headword	272_1R.png	unverified
D90-4-02529	قول تەڭلىمەك	headword	272_1R.png	unverified
D90-4-02530	قول تراكتور	headword	272_2L.png	unverified
D90-4-02531	قول توپى	headword	272_2L.png	unverified
D90-4-02532	قول تۇتاق	headword	272_2L.png	unverified
D90-4-02533	قول تۇتۇشماق	headword	272_2L.png	unverified
D90-4-02534	قول تۆگە	headword	272_2L.png	unverified
D90-4-02535	قول تىقماق	headword	273_1R.png	unverified
D90-4-02536	قول چامادانى	headword	273_1R.png	unverified
D90-4-02537	قول چىراغ	headword	273_1R.png	unverified
D90-4-02538	قول خالتىسى	headword	273_1R.png	unverified
D90-4-02539	قولدا سانىغۇدەك	headword	273_1R.png	unverified
D90-4-02540	قولدىن بەرمەسلىك	headword	273_1R.png	unverified
D90-4-02541	قولدىن بېرىپ قويماق	headword	273_1R.png	unverified
D90-4-02542	قولدىن چۈشۈرمەسلىك	headword	273_1R.png	unverified
D90-4-02543	قولدىن چىقارماق	headword	273_2L.png	unverified
D90-4-02544	قولدىن قولغا ئۆتمەك	headword	273_2L.png	unverified
D90-4-02545	قولدىن كەتمەك	headword	273_2L.png	unverified
D90-4-02546	قول رەندە	headword	274_1R.png	unverified
D90-4-02547	قول سانائەت	headword	274_1R.png	unverified
D90-4-02548	قول سالماق	headword	274_1R.png	unverified
D90-4-02549	قول سانائەتچى	headword	274_1R.png	unverified
D90-4-02550	قول سانائەت ئىشچىلىرى	headword	274_1R.png	unverified
D90-4-02551	قول سوزماق	headword	274_1R.png	unverified
D90-4-02552	قول سومكىسى	headword	274_1R.png	unverified
D90-4-02553	قول سوۋۇماق	headword	274_2L.png	unverified
D90-4-02554	قول سۇنماق	headword	274_2L.png	unverified
D90-4-02555	قول سىلكىمەك	headword	274_2L.png	unverified
D90-4-02556	قولغا ئالماق	headword	274_2L.png	unverified
D90-4-02557	قولغا تۈكۈرمەك	headword	275_1R.png	unverified
D90-4-02558	قولغا تىغ ئالماق	headword	275_1R.png	unverified
D90-4-02559	قولغا چۈشمەك	headword	275_1R.png	unverified
D90-4-02560	قولغا چىققۇدەك	headword	275_1R.png	unverified
D90-4-02561	قولغا چىقماق	headword	275_1R.png	unverified
D90-4-02562	قولغا قول، پۇتقا پۇت بولماق	headword	275_1R.png	unverified
D90-4-02563	قولغا كەلمەك	headword	275_2L.png	unverified
D90-4-02564	قولغا كۆنمەك	headword	275_2L.png	unverified
D90-4-02565	قولغا كىرمەك	headword	275_2L.png	unverified
D90-4-02566	قولغا ئۆتمەك	headword	275_2L.png	unverified
D90-4-02567	قولغا ئۆگىنمەك	headword	275_2L.png	unverified
D90-4-02568	قولغا يېقىن	headword	275_2L.png	unverified
D90-4-02569	قول قولنى تونۇيدۇ	headword	276_1R.png	unverified
D90-4-02570	قول قولىغا تەگمەي	headword	276_1R.png	unverified
D90-4-02571	قول قوۋۇشتۇرماق	headword	276_1R.png	unverified
D90-4-02572	قول قويماق	headword	276_1R.png	unverified
D90-4-02573	قول كرانى	headword	276_2L.png	unverified
D90-4-02574	قول كۆتۈرمەك	headword	276_2L.png	unverified
D90-4-02575	قول كۆرمىكى	headword	276_2L.png	unverified
D90-4-02576	قول ماشىنىسى	headword	276_2L.png	unverified
D90-4-02577	قول مېشى	headword	276_2L.png	unverified
D90-4-02578	قول مىناسى	headword	277_1R.png	unverified
D90-4-02579	قولنى چىشلەپ قالماق	headword	277_1R.png	unverified
D90-4-02580	قولنى قولغا تۇتۇشماق	headword	277_1R.png	unverified
D90-4-02581	قولنىڭ كىرى	headword	277_1R.png	unverified
D90-4-02582	قولنىڭ ئۇچىدا	headword	277_1R.png	unverified
D90-4-02583	قول ھارۋىسى	headword	277_2L.png	unverified
D90-4-02584	قول ھەرىسى	headword	277_2L.png	unverified
D90-4-02585	قول ھۈنەر	headword	277_2L.png	unverified
D90-4-02586	قول ھۈنەرۋەن	headword	277_2L.png	unverified
D90-4-02587	قول ھۈنەرۋەنچىلىك	headword	277_2L.png	unverified
D90-4-02588	قول ئۇزارتماق	headword	277_2L.png	unverified
D90-4-02589	قولۇڭ دەرد كۆرمىسۇن	headword	277_2L.png	unverified
D90-4-02590	قولۇڭدىن كەلسە	headword	277_2L.png	unverified
D90-4-02591	قولۇڭدىن كەلسە ياغ چاينا	headword	277_2L.png	unverified
D90-4-02592	قولۇڭدىن كەلسە قىل	headword	277_2L.png	unverified
D90-4-02593	قولۇڭغا بەرىكەت بەرسۈن	headword	278_1R.png	unverified
D90-4-02594	قولۇڭغا دەرد بەرمىسۇن	headword	278_1R.png	unverified
D90-4-02595	قولۇم كۆكسۈمدە	headword	278_1R.png	unverified
D90-4-02596	قول ئۈزمەك	headword	278_1R.png	unverified
D90-4-02597	قول ئۈشكىسى	headword	278_1R.png	unverified
D90-4-02598	قول ئېلىشماق	headword	278_1R.png	unverified
D90-4-02599	قولى ئالتۇن	headword	278_2L.png	unverified
D90-4-02660	قولى گۈل	headword	283_1R.png	unverified
D90-4-02600	قولى ئەپچىل	headword	278_2L.png	unverified
D90-4-02601	قولى ئەپلىك	headword	278_2L.png	unverified
D90-4-02602	قولى ئەگرى	headword	278_2L.png	unverified
D90-4-02603	قولى بار	headword	278_2L.png	unverified
D90-4-02604	قولى بارماق	headword	278_2L.png	unverified
D90-4-02605	قولى بەرىكەتلىك	headword	278_2L.png	unverified
D90-4-02606	قولى بەند	headword	279_1R.png	unverified
D90-4-02607	قولى بوش	headword	279_1R.png	unverified
D90-4-02608	قولى بوشىماق	headword	279_1R.png	unverified
D90-4-02609	قولى بۇلغانماق	headword	279_1R.png	unverified
D90-4-02610	قولى بىكار	headword	279_1R.png	unverified
D90-4-02611	قولى پۇل كۆرمەك	headword	279_2L.png	unverified
D90-4-02612	قولى پىشماق	headword	279_2L.png	unverified
D90-4-02613	قولى تاتلىق	headword	279_2L.png	unverified
D90-4-02614	قولى تەگمەك	headword	279_2L.png	unverified
D90-4-02615	قولى تەمسىز	headword	279_2L.png	unverified
D90-4-02616	قولى تەملىك	headword	279_2L.png	unverified
D90-4-02617	قولى تۇتقاق	headword	280_1R.png	unverified
D90-4-02617-v1	قولى ئەكرى	variant	280_1R.png	unverified
D90-4-02618	قولى چولتا	headword	280_1R.png	unverified
D90-4-02654	قولى قىسقا	headword	282_2L.png	unverified
D90-4-02619	قولىدا بار	headword	280_1R.png	unverified
D90-4-02619-v1	قول-ئىلكىدە بار	variant	280_1R.png	unverified
D90-4-02620	قولىدا تۆمۈرنىڭ سۇنۇقىمۇ يوق	headword	280_1R.png	unverified
D90-4-02621	قولىدا خېتى بار	headword	280_1R.png	unverified
D90-4-02622	قولىدا قەلەم توختايدۇ	headword	280_1R.png	unverified
D90-4-02623	قولىدا ئۆسمەك	headword	280_1R.png	unverified
D90-4-02624	قولىدا يوق	headword	280_1R.png	unverified
D90-4-02624-v1	قول-ئىلكىدە يوق	variant	280_1R.png	unverified
D90-4-02625	قولى دەرد كۆرمىسۇن	headword	280_1R.png	unverified
D90-4-02626	قولىدىكى ناننى ئوڭلاپ يېيەلمەيدىغان	headword	280_2L.png	unverified
D90-4-02627	قولىدىن پوق كەلمەيدىغان	headword	280_2L.png	unverified
D90-4-02628	قولىدىن چىقماق	headword	280_2L.png	unverified
D90-4-02629	قولىدىن كەلكىتىچە	headword	280_2L.png	unverified
D90-4-02630	قولىدىن كەلكىنىنى قىلماق	headword	280_2L.png	unverified
D90-4-02631	قولىدىن كەلگىنىنى قىلماق	headword	280_2L.png	unverified
D90-4-02632	قولىدىن كەلمەك	headword	280_2L.png	unverified
D90-4-02633	قولىدىن كېلىشىچە	headword	281_1R.png	unverified
D90-4-02633-v1	قولىدىن كەلگىنىچە	variant	281_1R.png	unverified
D90-4-02634	قولىدىن گۈل ئۈنمەك	headword	281_1R.png	unverified
D90-4-02635	قولىدىن ھەر بالا كەلمەك	headword	281_1R.png	unverified
D90-4-02636	قولىدىن ھېچنېمە كەلمەسلىك	headword	281_1R.png	unverified
D90-4-02636-v1	قولىدىن پوق كەلمەسلىك	variant	281_1R.png	unverified
D90-4-02637	قولىدىن ئىش كەلمەك	headword	281_1R.png	unverified
D90-4-02638	قولى شور	headword	281_1R.png	unverified
D90-4-02639	قول ئىشى	headword	281_1R.png	unverified
D90-4-02640	قولىغا تەگمەك	headword	281_2L.png	unverified
D90-4-02641	قولىغا تەلمۈرمەك	headword	281_2L.png	unverified
D90-4-02642	قولىغا خېنە يېقىۋالماق	headword	281_2L.png	unverified
D90-4-02643	قولىغا سۇ قۇيۇپ بەرمەك	headword	281_2L.png	unverified
D90-4-02644	قولىغا سۇ قۇيۇپ بېرەلمەسلىك	headword	281_2L.png	unverified
D90-4-02645	قولىغا قارىماق	headword	281_2L.png	unverified
D90-4-02646	قولىغا قالماق	headword	281_2L.png	unverified
D90-4-02647	قولى قاتتىق	headword	282_1R.png	unverified
D90-4-02648	قولى قان	headword	282_1R.png	unverified
D90-4-02649	قولى قانغا بويالماق	headword	282_1R.png	unverified
D90-4-02650	قولى قۇرۇپ كەتكۈر	headword	282_1R.png	unverified
D90-4-02651	قولى قۇرۇق	headword	282_1R.png	unverified
D90-4-02652	قولى قېتىپ قالماق	headword	282_1R.png	unverified
D90-4-02653	قولى قىچىنماق	headword	282_1R.png	unverified
D90-4-02655	قولى قىسقىرىماق	headword	282_2L.png	unverified
D90-4-02656	قولى قىسقىلىق	headword	282_2L.png	unverified
D90-4-02657	قولى كەڭ	headword	282_2L.png	unverified
D90-4-02658	قولى كەلمەك	headword	282_2L.png	unverified
D90-4-02659	قولى گال	headword	282_2L.png	unverified
D90-4-02661	قولى لاۋزا	headword	283_1R.png	verified
D90-4-02662	قولىنى ئەگرى قىلماسلىق	headword	283_1R.png	verified
D90-4-02663	قولىنى تارتماق	headword	283_1R.png	unverified
D90-4-02664	قولىنى سوغۇق سۇغا تىقمايدىغان	headword	283_1R.png	unverified
D90-4-02665	قولىنى قايتۇرماسلىق	headword	283_1R.png	unverified
D90-4-02666	قولىنى قولتۇقىغا تىقىپ يۈرمەك	headword	283_2L.png	unverified
D90-4-02667	قولىنى كۆسەي قىلماق	headword	283_2L.png	unverified
D90-4-02669	قولىنىڭ بەرىكىتى بار	headword	283_2L.png	unverified
D90-4-02670	قولىنىڭ بەرىكىتى يوق	headword	283_2L.png	unverified
D90-4-02671	قولىنىڭ تەمى بار	headword	283_2L.png	unverified
D90-4-02672	قولىنىڭ ئۇچىنى تۇتقۇزماسلىق	headword	283_2L.png	unverified
D90-4-02673	قولىنى ياندۇرماسلىق	headword	284_1R.png	unverified
D90-4-02674	قولىنى بۇماق	headword	284_1R.png	unverified
D90-4-02675	قولىنى يىغماق	headword	284_1R.png	unverified
D90-4-02676	قولى ئوچۇق	headword	284_1R.png	unverified
D90-4-02677	قولى ئۇزارماق	headword	284_1R.png	unverified
D90-4-02678	قولى ئۇزۇن	headword	284_2L.png	unverified
D90-4-02679	قولى ئۈزۈك	headword	284_2L.png	unverified
D90-4-02680	قولى ئېغىر	headword	284_2L.png	unverified
D90-4-02681	قولى ئېگىلمەك	headword	284_2L.png	unverified
D90-4-02682	قولى ئىچىگە ئېگىلمەك	headword	284_2L.png	unverified
D90-4-02683	قولى ئىشتا	headword	284_2L.png	unverified
D90-4-02684	قولى ئىشقا بارماسلىق	headword	284_2L.png	unverified
D90-4-02685	قولى ئىشقا تەگمەك	headword	285_1R.png	unverified
D90-4-02686	قولى ئىشلىق	headword	285_1R.png	unverified
D90-4-02687	قولى يەڭگىل	headword	285_1R.png	unverified
D90-4-02691	قولى يېنىك	headword	285_1R.png	unverified
D90-4-02688	قولى يوق	headword	285_1R.png	unverified
D90-4-02689	قولى يۇمىلاق	headword	285_1R.png	unverified
D90-4-02690	قولى يېتىدۇ	headword	285_1R.png	unverified
D90-4-02692	قول ياپماق	headword	285_1R.png	unverified
D90-4-02693	قول يازما	headword	285_2L.png	unverified
D90-4-02694	قول ياغلىق	headword	285_2L.png	unverified
D90-4-02695	قول ياندۇرماق	headword	285_2L.png	unverified
D90-4-02696	قول يىڭنىسى	headword	285_2L.png	unverified
D90-4-02697	قولاش	headword	285_2L.png	unverified
D90-4-02698	قولاشماق	headword	285_2L.png	unverified
D90-4-02699	قولاي	headword	285_2L.png	unverified
D90-4-02700	قولايسىز	headword	286_1R.png	unverified
D90-4-02701	قولايسىزلىق	headword	286_1R.png	unverified
D90-4-02702	قولايلاشتۇرماق	headword	286_1R.png	unverified
D90-4-02703	قولايلاشماق	headword	286_1R.png	unverified
D90-4-02704	قولايلىق	headword	286_1R.png	unverified
D90-4-02705	قول-ئاياغ	headword	286_1R.png	unverified
D90-4-02706	قول-باش	headword	286_1R.png	unverified
D90-4-02707	قول-پۇت	headword	286_1R.png	unverified
D90-4-02708	قولتارتقۇ	headword	286_2L.png	verified
D90-4-02709	قولتۇق	headword	286_2L.png	unverified
D90-4-02710	قولتۇق بىخ	headword	287_1R.png	unverified
D90-4-02711	قولتۇق پۇراش	headword	287_1R.png	unverified
D90-4-02712	قولتۇق تاياق	headword	287_1R.png	unverified
D90-4-02713	قولتۇققا ئالماق	headword	287_1R.png	unverified
D90-4-02714	قولتۇق كۆلى	headword	287_1R.png	unverified
D90-4-02715	قولتۇق ئېقىمى	headword	287_2L.png	unverified
D90-4-02716	قولتۇقىدىن تاۋۇزى چۈشۈپ كەتمەك	headword	287_2L.png	unverified
D90-4-02717	قولتۇقىغا كىرىۋالماق	headword	287_2L.png	unverified
D90-4-02718	قولتۇقلاتماق	headword	287_2L.png	unverified
D90-4-02719	قولتۇقلاشماق	headword	287_2L.png	unverified
D90-4-02720	قولتۇقلانماق	headword	287_2L.png	unverified
D90-4-02721	قولتۇقلىماق	headword	287_2L.png	unverified
D90-4-02722	قولچوماق	headword	288_1R.png	verified
D90-4-02723	قولچوماقچى	headword	288_1R.png	unverified
D90-4-02724	قولچوماقچىلىق	headword	288_1R.png	unverified
D90-4-02725	قولچوماقچىلىق قىلماق	headword	288_1R.png	unverified
D90-4-02726	قولداش	headword	288_1R.png	unverified
D90-4-02727	قولداشلىق	headword	288_2L.png	unverified
D90-4-02728	قولدا ما	headword	288_2L.png	unverified
D90-4-02729	قولقا	headword	288_2L.png	unverified
D90-4-02731	قولقاپ	headword	288_2L.png	verified
D90-4-02731-v1	پەلەي	variant	288_2L.png	verified
D90-4-02732	قولقاپلىق	headword	288_2L.png	unverified
D90-4-02733	قول-قانات	headword	288_2L.png	unverified
D90-4-02734	قول-قانات بولماق	headword	289_1R.png	unverified
D90-4-02735	قول-قول	headword	289_1R.png	unverified
D90-4-02736	قول-قولچە	headword	289_1R.png	unverified
D90-4-02736-v1	قول-قول تۇتۇپ	variant	289_1R.png	unverified
D90-4-02737	قوللاپ-قۇۋۋەتلەپ	headword	289_1R.png	unverified
D90-4-02738	قوللاپ-قۇۋۋەتلەمەك	headword	289_1R.png	unverified
D90-4-02739	قوللاشماق	headword	289_1R.png	unverified
D90-4-02740	قوللانما	headword	289_1R.png	unverified
D90-4-02741	قوللانماق	headword	289_2L.png	unverified
D90-4-02742	قوللۇق	headword	289_2L.png	unverified
D90-4-02743	قوللىماق	headword	289_2L.png	unverified
D90-4-02744	قوللىنىلماق	headword	289_2L.png	unverified
D90-4-02745	قولمۇقول	headword	289_2L.png	unverified
D90-4-02747	قولۋاق	headword	289_2L.png	unverified
D90-4-02747-v1	قايىق	variant	289_2L.png	unverified
D90-4-02749	قولۋاق ئىلەڭگۈچ	headword	290_1R.png	unverified
D90-4-02750	قولۋاقچى	headword	290_1R.png	unverified
D90-4-02751	قولۋاقچىلىق	headword	290_1R.png	unverified
D90-4-02752	قولىچە	headword	290_1R.png	unverified
D90-4-02753	قولدا	headword	290_1R.png	unverified
D90-4-02754	قول-ئىلك	headword	290_1R.png	unverified
D90-4-02757	قوماچ	headword	290_2L.png	unverified
D90-4-02758	قوماندا	headword	290_2L.png	unverified
D90-4-02760	قوماندان	headword	290_2L.png	unverified
D90-4-02761	قوماندانلىق	headword	291_1R.png	unverified
D90-4-02762	قوماندانلىق قىلماق	headword	291_1R.png	unverified
D90-4-02763	قومدۇ	headword	291_1R.png	unverified
D90-4-02764	قومۇرتماق	headword	291_1R.png	unverified
D90-4-02765	قومۇرماق	headword	291_1R.png	unverified
D90-4-02766	قومۇرۇشماق	headword	291_2L.png	unverified
D90-4-02767	قومۇرۇلماق	headword	291_2L.png	unverified
D90-4-02768	قومۇز	nonstandard	291_2L.png	unverified
D90-4-02769	قومۇش	headword	291_2L.png	unverified
D90-4-02773	قومۇشچىلىق	headword	292_1R.png	unverified
D90-4-02774	قومۇشزار	headword	292_1R.png	unverified
D90-4-02777	قومۇشلۇق	headword	292_1R.png	unverified
D90-4-02775	قومۇشزارلىق	headword	292_1R.png	unverified
D90-4-02776	قومۇشسىز	headword	292_1R.png	unverified
D90-4-02778	قوناق	headword	292_1R.png	unverified
D90-4-02782	قوناقگۈل	headword	293_1R.png	verified
D90-4-02783	قوناقلىق	headword	293_1R.png	unverified
D90-4-02784	قونالغۇ	headword	293_1R.png	unverified
D90-4-02785	قونالغۇلۇق	headword	293_1R.png	unverified
D90-4-02786	قونچ	headword	293_1R.png	unverified
D90-4-02788	قونچاق	headword	293_2L.png	unverified
D90-4-02789	قونچلۇق	headword	293_2L.png	unverified
D90-4-02791	قونداق	headword	293_2L.png	unverified
D90-4-02792	قونداقلىق	headword	293_2L.png	unverified
D90-4-02793	قوندۇرماق	headword	293_2L.png	unverified
D90-4-02794	قوندۇرۇلماق	headword	294_1R.png	unverified
D90-4-02796	قونغاقلىماق	headword	294_1R.png	unverified
D90-4-02797	قونماق	headword	294_1R.png	unverified
D90-4-02798	قونۇشماق	headword	294_2L.png	unverified
D90-4-02799	قونۇقلۇق	headword	294_2L.png	unverified
D90-4-02800	قوۋزاق	headword	294_2L.png	unverified
D90-4-02804	قوۋزاقدارچىن	headword	295_1R.png	verified
D90-4-02805	قوۋزاقلاشماق	headword	295_1R.png	unverified
D90-4-02806	قوۋزاقلىق	headword	295_1R.png	unverified
D90-4-02807	قوۋم	headword	295_1R.png	unverified
D90-4-02808	قوۋم-قېرىنداش	headword	295_1R.png	unverified
D90-4-02809	قوۋناق	headword	295_1R.png	unverified
D90-4-02810	قوۋناقلىق	headword	295_2L.png	unverified
D90-4-02811	قوۋۇرغا	headword	295_2L.png	unverified
D90-4-02814	قوۋۇرغىسىغا ماي تولماق	headword	295_2L.png	unverified
D90-4-02815	قوۋۇرغىسىغا ماي قونماق	headword	296_1R.png	unverified
D90-4-02816	قوۋۇرغىسى كۆرۈنۈپ قالماق	headword	296_1R.png	unverified
D90-4-02817	قوۋۇرغىسىنى ئەگمەك	headword	296_1R.png	unverified
D90-4-02818	قوۋۇرغىسىنى سانىغۇدەك بولۇپ قالماق	headword	296_1R.png	unverified
D90-4-02819	قوۋۇرغىلىق	headword	296_1R.png	unverified
D90-4-02820	قوۋۇز	headword	296_1R.png	unverified
D90-4-02821	قوۋۇز تاۋۇشى	headword	296_2L.png	unverified
D90-4-02822	قوۋۇز خالتىسى	headword	296_2L.png	unverified
D90-4-02823	قوۋۇزىنى كۆپتۈرمەك	headword	296_2L.png	unverified
D90-4-02825	قوۋۇشتۇرماق	headword	296_2L.png	unverified
D90-4-02826	قوۋۇشتۇرۇلماق	headword	297_1R.png	unverified
D90-4-02828	قوۋۇق	headword	297_1R.png	verified
D90-4-02829	قوۋۇقچى	headword	297_1R.png	unverified
D90-4-02830	قوۋۇقلۇق	headword	297_1R.png	unverified
D90-4-02831	قوي	headword	297_1R.png	unverified
D90-4-02832	قوي تەمرەتكىسى	headword	297_2L.png	unverified
D90-4-02833	قوي تېرىسىگە ئورىنىۋالماق	headword	297_2L.png	unverified
D90-4-02834	قوي تېرىسىگە ئورىنىۋالغان بۆرە	headword	297_2L.png	unverified
D90-4-02835	قوي چېچىكى	headword	297_2L.png	unverified
D90-4-02836	قوي قوتۇرى	headword	297_2L.png	unverified
D90-4-02837	قوي كالاسىنى ئېسىپ قويۇپ، ئىت گۆشىنى ساتماق	headword	297_2L.png	unverified
D90-4-02838	قوي كۆز	headword	298_1R.png	unverified
D90-4-02839	قوي كۆزلۈك	headword	298_1R.png	unverified
D90-4-02840	قوينى بۆرىگە ئامانەت قويماق	headword	298_1R.png	unverified
D90-4-02840-v1	ئوغرىغا ئاچقۇچ تۇتقۇزماق	variant	298_1R.png	unverified
D90-4-02841	قوينى بۆرىگە تاپشۇرماق	headword	298_1R.png	unverified
D90-4-02842	قوينى قاسساپ سويسۇن ھەر ئىشنى شۇ ئىشنىڭ ئۇستىسى، ئەھلى قىلسۇن	headword	298_1R.png	unverified
D90-4-02843	قوينىڭ قوزىسىدەك	headword	298_1R.png	unverified
D90-4-02844	قوي يىلى	headword	298_1R.png	unverified
D90-4-02845	قويانجىن	headword	298_1R.png	unverified
D90-4-02846	قوي-پوي	headword	298_2L.png	unverified
D90-4-02847	قويچى	headword	298_2L.png	unverified
D90-4-02848	قويچىلىق	headword	298_2L.png	unverified
D90-4-02849	قويدۇرماق	headword	298_2L.png	unverified
D90-4-02850	قويدۇرۇلماق	headword	298_2L.png	unverified
D90-4-02851	قويغان-تۇتقان	headword	298_2L.png	unverified
D90-4-02853	قويكۆز	headword	298_2L.png	verified
D90-4-02854	قويكۆز ئوت	headword	298_2L.png	unverified
D90-4-02855	قويما	headword	299_1R.png	unverified
D90-4-02856	قويماق	headword	299_1R.png	unverified
D90-4-02858	پەيدا قىلماق	headword	301_2L.png	unverified
D90-4-02861	قويلۇق	headword	302_2L.png	unverified
D90-4-02862	قويۇپ	headword	302_2L.png	unverified
D90-4-02863	قويۇپ بەرمەك	headword	302_2L.png	unverified
D90-4-02864	قويۇپ بېرىش ئورنى	headword	303_1R.png	unverified
D90-4-02864-v1	ئوت توچكىسى	variant	303_1R.png	unverified
D90-4-02865	قويۇشماق	headword	303_1R.png	unverified
D90-4-02866	قويۇق	headword	303_1R.png	unverified
D90-4-02867	قويۇقئاش	headword	303_2L.png	verified
D90-4-02867-v1	پولۇ	variant	303_2L.png	verified
D90-4-02868	قويۇق-سۇيۇق	headword	303_2L.png	unverified
D90-4-02869	قويۇقلاتقۇچى	headword	303_2L.png	unverified
D90-4-02870	قويۇقلاتماق	headword	303_2L.png	unverified
D90-4-02871	قويۇقلاشتۇرماق	headword	303_2L.png	unverified
D90-4-02872	قويۇقلاشتۇرۇلغان	headword	303_2L.png	unverified
D90-4-02873	قويۇقلاشتۇرۇلماق	headword	304_1R.png	unverified
D90-4-02874	قويۇقلاشماق	headword	304_1R.png	unverified
D90-4-02875	قويۇقلاندۇرماق	headword	304_1R.png	unverified
D90-4-02877	قويۇقلۇق	headword	304_2L.png	unverified
D90-4-02880	قويۇقلىماق	headword	304_2L.png	unverified
D90-4-02881	قويۇلدۇرماق	headword	304_2L.png	unverified
D90-4-02882	قويۇلماق	headword	304_2L.png	unverified
D90-4-02884	قويۇن	headword	304_2L.png	unverified
D90-4-02884-i1	قوينى	inflected	304_2L.png	unverified
D90-4-02885	قوينىدا ياتماق	headword	305_1R.png	unverified
D90-4-02886	قوينىغا ئالماق	headword	305_1R.png	unverified
D90-4-02887	قوينىغا قول سالماق	headword	305_1R.png	unverified
D90-4-02888	قوينىغا كىرمەك	headword	305_1R.png	unverified
D90-4-02889	قوينىغا ئۆزىنى ئاتماق	headword	305_1R.png	unverified
D90-4-02890	قوينىغا ئېتىلماق	headword	305_2L.png	unverified
D90-4-02891	قوينى كەڭ	headword	305_2L.png	unverified
D90-4-02892	قويۇن ئاچماق	headword	305_2L.png	unverified
D90-4-02893	قويۇن دەپتەر	headword	305_2L.png	unverified
D90-4-02894	قويۇن سائىتى	headword	305_2L.png	unverified
D90-4-02894-v1	يانچۇق سائىتى	variant	305_2L.png	unverified
D90-4-02895	قويۇن يانچۇق	headword	305_2L.png	unverified
D90-4-02895-v1	ئىچ يانچۇق	variant	305_2L.png	unverified
D90-4-02896	قويۇۋەتمەك	headword	305_2L.png	unverified
D90-4-02897	قۇببا	headword	306_1R.png	unverified
D90-4-02898	قۇببە	headword	306_1R.png	verified
D90-4-02899	قۇببىچە	headword	306_1R.png	unverified
D90-4-02900	قۇببىلىق	headword	306_1R.png	unverified
D90-4-02901	قۇپقۇرۇق	headword	306_1R.png	unverified
D90-4-02902	قۇت	headword	306_1R.png	unverified
D90-4-02903	قۇتا	headword	306_2L.png	unverified
D90-4-02904	قۇتاتماق	headword	306_2L.png	unverified
D90-4-02905	قۇتچىلىق	headword	306_2L.png	unverified
D90-4-02906	قۇتراتقۇ	headword	306_2L.png	unverified
D90-4-02907	قۇتراتقۇچى	headword	307_1R.png	unverified
D90-4-02908	قۇتراتقۇلۇق	headword	307_1R.png	unverified
D90-4-02909	قۇتراتماق	headword	307_1R.png	unverified
D90-4-02910	قۇتراشماق	headword	307_1R.png	unverified
D90-4-02911	قۇترىماق	headword	307_2L.png	unverified
D90-4-02912	قۇتقازماق	nonstandard	307_2L.png	unverified
D90-4-02913	قۇتقۇزماق	headword	307_2L.png	unverified
D90-4-02914	قۇتقۇزۇش	headword	308_1R.png	unverified
D90-4-02915	قۇتقۇزۇشماق	headword	308_1R.png	unverified
D90-4-02916	قۇتقۇزۇلماق	headword	308_1R.png	unverified
D90-4-02917	قۇتلاشماق	headword	308_2L.png	unverified
D90-4-02918	قۇتلۇق	headword	308_2L.png	unverified
D90-4-02919	قۇتلۇق بولسۇن	headword	308_2L.png	unverified
D90-4-02920	قۇتلۇقگۈل	headword	309_1R.png	verified
D90-4-02921	قۇتلۇقلاشماق	headword	309_1R.png	unverified
D90-4-02922	قۇتلۇقلانماق	headword	309_1R.png	unverified
D90-4-02923	قۇتلۇقلىماق	headword	309_1R.png	unverified
D90-4-02924	قۇتلىماق	headword	309_2L.png	unverified
D90-4-02925	قۇتۇپ	headword	309_2L.png	unverified
D90-4-02928	قۇتۇپ چەمبىرى	headword	310_1R.png	unverified
D90-4-02929	قۇتۇپ كۈندۈزى	headword	310_1R.png	unverified
D90-4-02930	قۇتۇپ كېچىسى	headword	310_1R.png	unverified
D90-4-02931	قۇتۇپ كىلىماتى	headword	310_1R.png	unverified
D90-4-02932	قۇتۇپ نۇرى	headword	310_1R.png	unverified
D90-4-02933	قۇتۇپ ھاۋا قاينىمى	headword	310_2L.png	unverified
D90-4-02934	قۇتۇپ ئوقى	headword	310_2L.png	unverified
D90-4-02935	قۇتۇپ يۇلتۇزى	headword	310_2L.png	unverified
D90-4-02936	قۇتۇپچانلىق	headword	310_2L.png	unverified
D90-4-02937	قۇتۇپلانغان	headword	310_2L.png	unverified
D90-4-02938	قۇتۇپلانغان يورۇقلۇق	headword	311_1R.png	unverified
D90-4-02939	قۇتۇپلانماق	headword	311_1R.png	unverified
D90-4-02940	قۇتۇپلۇق	headword	311_1R.png	unverified
D90-4-02941	قۇتۇپلىنىش	headword	311_1R.png	unverified
D90-4-02942	قۇتۇلدۇرماق	headword	311_1R.png	unverified
D90-4-02943	قۇتۇلدۇرۇلماق	headword	311_1R.png	unverified
D90-4-02944	قۇتۇلغۇسىز	headword	311_2L.png	unverified
D90-4-02945	قۇتۇلماق	headword	311_2L.png	unverified
D90-4-02946	قۇتۇلۇشماق	headword	312_1R.png	unverified
D90-4-02947	قۇتىچە	headword	312_1R.png	unverified
D90-4-02948	قۇتىماق	headword	312_1R.png	unverified
D90-4-02949	قۇچاق	headword	312_2L.png	unverified
D90-4-02950	قۇچاق ئاچماق	headword	312_2L.png	unverified
D90-4-02951	قۇچىقى كەڭ	headword	313_1R.png	unverified
D90-4-02952	قۇچاق-قۇچاق	headword	313_1R.png	unverified
D90-4-02953	قۇچاقلاتقۇزماق	headword	313_1R.png	unverified
D90-4-02954	قۇچاقلاتماق	headword	313_1R.png	unverified
D90-4-02955	قۇچاقلاشما	headword	313_1R.png	unverified
D90-4-02957	قۇچاقلاشماق	headword	313_2L.png	unverified
D90-4-02959	قۇچاقلىماق	headword	313_2L.png	unverified
D90-4-02960	قۇچتۇرماق	headword	313_2L.png	unverified
D90-4-02961	قۇچماق	headword	313_2L.png	unverified
D90-4-02962	قۇدا	headword	314_1R.png	unverified
D90-4-02963	قۇدا چۈشمەك	headword	314_1R.png	unverified
D90-4-02964	قۇدا كۆرپىسى	headword	314_1R.png	unverified
D90-4-02965	قۇدا-باجا	headword	314_1R.png	unverified
D90-4-02966	قۇدا-باجىلىق	headword	314_2L.png	unverified
D90-4-02967	قۇددۇس	headword	314_2L.png	unverified
D90-4-02968	قۇدرەت	headword	314_2L.png	unverified
D90-4-02969	قۇدرەتسىز	headword	315_1R.png	unverified
D90-4-02970	قۇدرەتلەنمەك	headword	315_1R.png	unverified
D90-4-02971	قۇدرەتلىك	headword	315_1R.png	unverified
D90-4-02972	قۇدۇق	headword	315_2L.png	unverified
D90-4-02975	قۇدىچىلىق	headword	315_2L.png	unverified
D90-4-02976	قۇدىدارچىلىق	headword	315_2L.png	unverified
D90-4-02977	قۇدىغۇي	headword	315_2L.png	unverified
D90-4-02978	قۇدىلاشماق	headword	315_2L.png	unverified
D90-4-02979	قۇدىلىق	headword	316_1R.png	unverified
D90-4-02980	قۇر	headword	316_1R.png	unverified
D90-4-02983	قۇر بېشى	headword	316_2L.png	verified
D90-4-02983-v1	باش قۇر	variant	316_2L.png	verified
D90-4-02985	قۇراتماق	headword	316_2L.png	unverified
D90-4-02986	قۇراشتۇرغۇزماق	headword	316_2L.png	unverified
D90-4-02987	قۇراشتۇرما	headword	316_2L.png	unverified
D90-4-02988	قۇراشتۇرماق	headword	316_2L.png	unverified
D90-4-02989	قۇراشتۇرۇلما	headword	317_1R.png	unverified
D90-4-02992	قۇراشتۇرۇلماق	headword	317_1R.png	unverified
D90-4-02993	قۇراشما	headword	317_1R.png	unverified
D90-4-02994	قۇراق	headword	317_1R.png	unverified
D90-4-02996	قۇراق كۆرپە	headword	317_2L.png	unverified
D90-4-02997	قۇراق كىتاب	headword	317_2L.png	verified
D90-4-02999	قۇرام	headword	317_2L.png	unverified
D90-4-03000	قۇرامىغا كەلمەك	headword	317_2L.png	unverified
D90-4-03000-v1	قۇرامىغا يەتمەك	variant	317_2L.png	unverified
D90-4-03001	قۇرامغا يەتمەك	headword	317_2L.png	unverified
D90-4-03002	قۇراملىق	headword	318_1R.png	unverified
D90-4-03003	قۇرئان	headword	318_1R.png	unverified
D90-4-03005	قۇرئە	headword	318_1R.png	unverified
D90-4-03005-v1	پال	variant	318_1R.png	unverified
D90-4-03008	قۇرئەنداز	headword	318_2L.png	unverified
D90-4-03008-v1	پالچى	variant	318_2L.png	unverified
D90-4-03009	قۇرب	headword	318_2L.png	unverified
D90-4-03011	قۇربان	headword	318_2L.png	unverified
D90-4-03012	قۇربان ئەتمەك	headword	319_1R.png	unverified
D90-4-03016	قۇربان قىلماق	headword	319_2L.png	unverified
D90-4-03013	قۇربان ئەيلىمەك	headword	319_1R.png	verified
D90-4-03014	قۇربان بەرمەك	headword	319_1R.png	unverified
D90-4-03015	قۇربان بولماق	headword	319_1R.png	unverified
D90-4-03017	قۇربان ھېيت	headword	319_2L.png	unverified
D90-4-03018	قۇربان ئېيى	headword	319_2L.png	unverified
D90-4-03018-v1	زۇلھەججە	variant	319_2L.png	unverified
D90-4-03019	قۇربانى بولماق	headword	319_2L.png	unverified
D90-4-03020	قۇربانسىز	headword	319_2L.png	unverified
D90-4-03021	قۇربانلىق	headword	320_1R.png	unverified
D90-4-03023	قۇربەت	nonstandard	320_1R.png	unverified
D90-4-03024	قۇربلىق	headword	320_1R.png	unverified
D90-4-03025	قۇربېشى	headword	320_1R.png	verified
D90-4-03025-v1	مىڭبېشى	variant	320_1R.png	verified
D90-4-03026	قۇرت	headword	320_2L.png	unverified
D90-4-03027	قۇرتقا	headword	320_2L.png	unverified
D90-4-03028	قۇرت-قوڭغۇز	headword	320_2L.png	unverified
D90-4-03029	قۇرت-قۇمۇرلۇق	headword	320_2L.png	unverified
D90-4-03030	قۇرتلىماق	headword	320_2L.png	unverified
D90-4-03030-v1	قۇرتلىماق » پېئىلىنىڭ مەجبۇرىي دەرىجىسى	variant	320_2L.png	unverified
D90-4-03031	قۇرتلۇق	headword	320_2L.png	unverified
D90-4-03033	قۇرتئوت	headword	321_1R.png	verified
D90-4-03034	قۇرخانا	headword	321_1R.png	unverified
D90-4-03035	قۇرداش	headword	321_1R.png	unverified
D90-4-03036	قۇرداشلىق	headword	321_1R.png	unverified
D90-4-03037	قۇردۇرماق	nonstandard	321_2L.png	unverified
D90-4-03045	قۇرغۇزماق	headword	322_1R.png	unverified
D90-4-03038	قۇرغاق	headword	321_2L.png	unverified
D90-4-03040	قۇرغاقچىلىق	headword	321_2L.png	unverified
D90-4-03042	قۇرغاقلاشتۇرماق	headword	322_1R.png	unverified
D90-4-03043	قۇرغاقلاشماق	headword	322_1R.png	unverified
D90-4-03044	قۇرغاقلىق	headword	322_1R.png	unverified
D90-4-03046	قۇرغۇن	headword	322_1R.png	verified
D90-4-03047	قۇرغۇنلۇق	headword	322_1R.png	unverified
D90-4-03048	قۇرغۇي	headword	322_2L.png	unverified
D90-4-03051	قۇرلاپ	headword	322_2L.png	unverified
D90-4-03053	قۇرلانماق	headword	322_2L.png	unverified
D90-4-03054	قۇرلىماق	headword	323_1R.png	unverified
D90-4-03055	قۇرما	headword	323_1R.png	unverified
D90-4-03057	قۇرماق	headword	323_1R.png	unverified
D90-4-03058	قۇرۇپ	headword	323_2L.png	unverified
D90-4-03059	قۇرۇت	headword	323_2L.png	unverified
D90-4-03060	قۇرۇتقا	headword	323_2L.png	unverified
D90-4-03061	قۇرۇتماق	headword	323_2L.png	unverified
D90-4-03062	قۇرۇتۇشماق	headword	324_1R.png	unverified
D90-4-03063	قۇرۇتۇلماق	headword	324_1R.png	unverified
D90-4-03064	قۇرۇشماق	headword	324_1R.png	unverified
D90-4-03065	قۇرۇغۇر	headword	324_1R.png	unverified
D90-4-03066	قۇرۇق	headword	324_1R.png	unverified
D90-4-03068	قۇرۇق ئاكتىپ	headword	325_1R.png	unverified
D90-4-03069	قۇرۇق ئايلىنىش	headword	325_1R.png	unverified
D90-4-03070	قۇرۇق ئەمچەك	headword	325_1R.png	unverified
D90-4-03071	قۇرۇق ئەمچەك سالماق	headword	325_2L.png	unverified
D90-4-03072	قۇرۇق باشنى ئېلىپ كەتمەك	headword	325_2L.png	unverified
D90-4-03073	قۇرۇق پاراڭ	headword	325_2L.png	unverified
D90-4-03074	قۇرۇق تەمرەتكە	headword	325_2L.png	verified
D90-4-03075	قۇرۇق تولغاق	headword	325_2L.png	verified
D90-4-03076	قۇرۇق تۆھمەت	headword	325_2L.png	unverified
D90-4-03077	قۇرۇق جازا بولۇپ قالماق	headword	326_1R.png	unverified
D90-4-03078	قۇرۇق جۇۋا تاراقشتماق	headword	326_1R.png	unverified
D90-4-03078-v1	تېرە تاراقشتماق	variant	326_1R.png	unverified
D90-4-03079	قۇرۇق جۇۋا تاراقلاتماق	headword	326_1R.png	unverified
D90-4-03080	قۇرۇق جىنازا	headword	326_1R.png	unverified
D90-4-03081	قۇرۇق چاغلىماق	headword	326_1R.png	unverified
D90-4-03082	قۇرۇق چاقماقتىن ئوت چىقارماق	headword	326_1R.png	unverified
D90-4-03083	قۇرۇق چاي	headword	326_1R.png	unverified
D90-4-03084	قۇرۇق خىيال	headword	326_1R.png	unverified
D90-4-03085	قۇرۇق دەرەخ	headword	326_2L.png	unverified
D90-4-03086	قۇرۇق سوغۇق	headword	326_2L.png	unverified
D90-4-03087	قۇرۇق سۆز	headword	326_2L.png	unverified
D90-4-03096	قۇرۇق گەپ	headword	327_2L.png	unverified
D90-4-03088	قۇرۇق سۆڭەك	headword	326_2L.png	unverified
D90-4-03089	قۇرۇق سۆلەت	headword	326_2L.png	unverified
D90-4-03090	قۇرۇق غازاڭنى سۈپۈرگەندەك	headword	327_1R.png	unverified
D90-4-03091	قۇرۇق قالماق	headword	327_1R.png	unverified
D90-4-03092	قۇرۇق قان پلازمىسى	headword	327_1R.png	unverified
D90-4-03093	قۇرۇق قول	headword	327_1R.png	unverified
D90-4-03094	قۇرۇق قويماق	headword	327_1R.png	unverified
D90-4-03095	قۇرۇق كەلمەك	headword	327_2L.png	unverified
D90-4-03097	قۇرۇق گەپ ساتماق	headword	327_2L.png	unverified
D90-4-03098	قۇرۇق گەپكە قالماق	headword	328_1R.png	unverified
D90-4-03099	قۇرۇق گەپكە قويماق	headword	328_1R.png	unverified
D90-4-03100	قۇرۇق گەپكە مۈشۈك ئاپتاپقا چىقمايدۇ	headword	328_1R.png	unverified
D90-4-03101	قۇرۇق مەنسەپ	headword	328_1R.png	unverified
D90-4-03102	قۇرۇق مۇز	headword	328_1R.png	unverified
D90-4-03103	قۇرۇق مۇقام	headword	328_2L.png	unverified
D90-4-03104	قۇرۇق مېۋە	headword	328_2L.png	unverified
D90-4-03105	قۇرۇق نامى قالماق	headword	328_2L.png	unverified
D90-4-03106	قۇرۇق ھارۋىنى ئەپقاچماق	headword	328_2L.png	unverified
D90-4-03107	قۇرۇق ھەيدەش	headword	329_1R.png	unverified
D90-4-03108	قۇرۇق ھۆ	headword	329_1R.png	unverified
D90-4-03109	قۇرۇق ئوت تاياقچە باكتېرىيىسى	headword	329_1R.png	unverified
D90-4-03110	قۇرۇق ئوستىخان بولۇپ قالماق	headword	329_1R.png	unverified
D90-4-03111	قۇرۇق ئوستىخان قىلىپ قويماق	headword	329_1R.png	unverified
D90-4-03112	قۇرۇق ئۆستەڭگە مىراب بولماق	headword	329_1R.png	unverified
D90-4-03113	قۇرۇق ئۈزۈم	headword	329_2L.png	unverified
D90-4-03114	قۇرۇق ئېمىزگە	headword	329_2L.png	unverified
D90-4-03115	قۇرۇق ئىسسىق	headword	329_2L.png	unverified
D90-4-03116	قۇرۇق ئىنجىق	headword	329_2L.png	unverified
D90-4-03117	قۇرۇق يۆتەل	headword	329_2L.png	unverified
D90-4-03118	قۇرۇقتىن-قۇرۇق	headword	330_1R.png	unverified
D90-4-03119	قۇرۇقچىلىق	headword	330_1R.png	unverified
D90-4-03120	قۇرۇقدالماق	headword	330_2L.png	unverified
D90-4-03121	قۇرۇقدىماق	headword	330_2L.png	unverified
D90-4-03122	قۇرۇقشىمال	headword	331_1R.png	unverified
D90-4-03123	قۇرۇقلۇق	headword	331_1R.png	unverified
D90-4-03126	قۇرۇقلۇق تەنھەرىكىتى	headword	331_2L.png	verified
D90-4-03127	قۇرۇقلۇق شامىلى	headword	331_2L.png	unverified
D90-4-03128	قۇرۇقلۇق فاتسىيە چۆكۈندىسى	headword	331_2L.png	unverified
D90-4-03129	قۇرۇقلۇق فاتسىيە يەر قاتلىمى	headword	331_2L.png	unverified
D90-4-03130	قۇرۇقلۇققا چىققۇچى قىسىم	headword	331_2L.png	unverified
D90-4-03133	قۇرۇقلىماق	headword	332_1R.png	unverified
D90-4-03134	قۇرۇلتاي	headword	332_1R.png	unverified
D90-4-03135	قۇرۇلما	headword	332_1R.png	unverified
D90-4-03140	قۇرۇلماق	headword	332_2L.png	unverified
D90-4-03141	قۇرۇلمىچىلىق	headword	333_1R.png	unverified
D90-4-03142	قۇرۇلمىشۇناس	headword	333_1R.png	unverified
D90-4-03143	قۇرۇلمىشۇناسلىق	headword	333_1R.png	unverified
D90-4-03144	قۇرۇلمىلىق	headword	333_1R.png	unverified
D90-4-03145	قۇرۇلۇش	headword	333_1R.png	unverified
D90-4-03150	قۇرۇلۇش لىفتى	headword	334_1R.png	unverified
D90-4-03151	قۇرۇلۇش ماتېرىياللىرى	headword	334_1R.png	unverified
D90-4-03152	قۇرۇلۇش ماشىنىلىرى	headword	334_1R.png	unverified
D90-4-03153	قۇرۇلۇش مەيدانى	headword	334_1R.png	verified
D90-4-03154	قۇرۇلۇش ئورنى	headword	334_1R.png	unverified
D90-4-03155	قۇرۇلۇش ئۈسكۈنىلىرى	headword	334_1R.png	unverified
D90-4-03156	قۇرۇلۇشچى	headword	334_1R.png	unverified
D90-4-03157	قۇرۇم	headword	334_1R.png	unverified
D90-4-03158	قۇرۇماق	headword	334_2L.png	unverified
D90-4-03159	قۇرۇمداتماق	headword	334_2L.png	unverified
D90-4-03160	قۇرۇمداشماق	headword	334_2L.png	unverified
D90-4-03161	قۇرۇمدالماق	headword	334_2L.png	unverified
D90-4-03162	قۇرۇمدىماق	headword	335_1R.png	unverified
D90-4-03163	قۇرۇملۇق	headword	335_1R.png	unverified
D90-4-03164	قۇرئى	nonstandard	335_1R.png	unverified
D90-4-03166	قۇز	headword	335_1R.png	unverified
D90-4-03167	قۇززات	headword	335_1R.png	unverified
D90-4-03168	قۇزغۇن	headword	335_1R.png	unverified
D90-4-03169	قۇستە	headword	335_1R.png	unverified
D90-4-03170	قۇستۇرماق	headword	335_2L.png	unverified
D90-4-03171	قۇستۇرۇلماق	headword	335_2L.png	unverified
D90-4-03172	قۇسماق	headword	335_2L.png	unverified
D90-4-03173	قۇسۇر	headword	335_2L.png	unverified
D90-4-03175	قۇسۇر چىقارماق	headword	336_1R.png	unverified
D90-4-03175-v1	قۇسۇر تاپماق	variant	336_1R.png	unverified
D90-4-03176	قۇسۇر ئىزدەمەك	headword	336_1R.png	unverified
D90-4-03177	قۇسۇرچى	headword	336_1R.png	unverified
D90-4-03178	قۇسۇرسىز	headword	336_1R.png	unverified
D90-4-03179	قۇسۇش	headword	336_1R.png	unverified
D90-4-03180	قۇسۇشماق	headword	336_2L.png	unverified
D90-4-03181	قۇسۇق	headword	336_2L.png	unverified
D90-4-03182	قۇش	headword	336_2L.png	unverified
D90-4-03183	قۇش بۇرۇن	headword	336_2L.png	unverified
D90-4-03184	قۇش خوجىلىقى	headword	336_2L.png	unverified
D90-4-03185	قۇشباش	headword	336_2L.png	verified
D90-4-03186	قۇشباش ئېگەر	headword	337_1R.png	unverified
D90-4-03187	قۇشبېگى	headword	337_1R.png	verified
D90-4-03188	قۇشتەك	headword	337_1R.png	unverified
D90-4-03189	قۇشچى	headword	337_1R.png	unverified
D90-4-03190	قۇشچىلىق	headword	337_1R.png	unverified
D90-4-03191	قۇشخانا	headword	337_1R.png	unverified
D90-4-03192	قۇشقاچ	headword	337_1R.png	unverified
D90-4-03193	قۇشقاچ تىللىرى چىقماق	headword	337_2L.png	unverified
D90-4-03194	قۇشقاچ جېڭى	headword	337_2L.png	unverified
D90-4-03195	قۇشقاچ گۆشىمۇ گۆش	headword	337_2L.png	unverified
D90-4-03196	قۇشقاچ ئوپېراتسىيىسى	headword	337_2L.png	unverified
D90-4-03197	قۇشقاچتەك	headword	338_1R.png	unverified
D90-4-03198	قۇشقاچتىل	headword	338_1R.png	verified
D90-4-03200	قۇشقونماس	headword	338_1R.png	verified
D90-4-03201	قۇشقۇن	headword	338_1R.png	unverified
D90-4-03203	قۇشقۇنغا ئولتۇرماق	headword	338_2L.png	unverified
D90-4-03204	قۇشقۇن يانبېغى	headword	338_2L.png	unverified
D90-4-03205	قۇشلاتماق	headword	338_2L.png	unverified
D90-4-03206	قۇشلاشماق	headword	338_2L.png	unverified
D90-4-03207	قۇشلانماق	headword	338_2L.png	unverified
D90-4-03208	قۇشلىماق	headword	338_2L.png	unverified
D90-4-03209	قۇشناچ	headword	339_1R.png	unverified
D90-4-03210	قۇل	headword	339_1R.png	unverified
D90-4-03211	قۇل بولماق	headword	339_2L.png	unverified
D90-4-03212	قۇل قىلماق	headword	339_2L.png	unverified
D90-4-03213	قۇلا	headword	339_2L.png	unverified
D90-4-03214	قۇلاق	headword	339_2L.png	unverified
D90-4-03216	قۇلاق ئاغرىتماق	headword	340_2L.png	unverified
D90-4-03217	قۇلاق ئاقماق	headword	340_2L.png	unverified
D90-4-03218	قۇلاق ئاڭلىمىغان	headword	340_2L.png	unverified
D90-4-03219	قۇلاق پەردىسى	headword	340_2L.png	unverified
D90-4-03220	قۇلاقتا تۇتماق	headword	340_2L.png	unverified
D90-4-03221	قۇلاقتا ساقلىماق	headword	341_1R.png	unverified
D90-4-03222	قۇلاق تۈۋىدە	headword	341_1R.png	unverified
D90-4-03223	قۇلاق تىكمەك	headword	341_1R.png	unverified
D90-4-03224	قۇلاق تىنچ	headword	341_1R.png	unverified
D90-4-03225	قۇلاقتىن قۇلاققا ئاڭلانماق	headword	341_1R.png	unverified
D90-4-03226	قۇلاقتىن كەتمەك	headword	341_2L.png	unverified
D90-4-03227	قۇلاق سالماق	headword	341_2L.png	unverified
D90-4-03228	قۇلاق سۇپرىسى	headword	341_2L.png	unverified
D90-4-03229	قۇلاق سېغىزى	headword	341_2L.png	unverified
D90-4-03230	قۇلاققا ئالماق	headword	341_2L.png	unverified
D90-4-03231	قۇلاققا سىڭمەك	headword	341_2L.png	unverified
D90-4-03232	قۇلاق قاقتى گەپ	headword	341_2L.png	unverified
D90-4-03233	قۇلاق قاقماق	headword	342_1R.png	unverified
D90-4-03234	قۇلاققا كىرمەك	headword	342_1R.png	unverified
D90-4-03235	قۇلاققا مۇشتلىغاندەك	headword	342_1R.png	unverified
D90-4-03236	قۇلاققا مۇشت ئۇرغاندەك	headword	342_1R.png	unverified
D90-4-03237	قۇلاققا ياقماق	headword	342_1R.png	unverified
D90-4-03238	قۇلاققا يەتمەك	headword	342_2L.png	unverified
D90-4-03239	قۇلاق قۇلۇلىسى	headword	342_2L.png	verified
D90-4-03240	قۇلاق كولىغۇچ	headword	342_2L.png	unverified
D90-4-03241	قۇلاق كۆرسىتىپ مۈڭگۈز چىقارماق	headword	342_2L.png	unverified
D90-4-09019	گۆش كۆرسىتىپ ئۆپكە ساتماق	headword	847_1R.png	unverified
D90-4-03242	قۇلاق كىرى	headword	342_2L.png	unverified
D90-4-03243	قۇلاق گىجىكى	headword	342_2L.png	unverified
D90-4-03244	قۇلاق موللىسى	headword	343_1R.png	unverified
D90-4-03245	قۇلاق مونچىقى	headword	343_1R.png	unverified
D90-4-03246	قۇلاقنى پاڭ قىلىۋەتمەك	headword	343_1R.png	unverified
D90-4-03247	قۇلاقنى دىڭ تۇتماق	headword	343_1R.png	unverified
D90-4-03248	قۇلاقنى سوزماق	headword	343_1R.png	unverified
D90-4-03249	قۇلاقنى قۇلاققا ياقماق	headword	343_2L.png	unverified
D90-4-03250	قۇلاقنى قىزىتماق	headword	343_2L.png	unverified
D90-4-03251	قۇلاقنىڭ توپىسىنى قېقىۋېتىپ	headword	343_2L.png	unverified
D90-4-03252	قۇلاقنى يارماق	headword	343_2L.png	unverified
D90-4-03253	قۇلاقنى يوپۇرماق	headword	343_2L.png	unverified
D90-4-03254	قۇلاقنى يېمەك	headword	343_2L.png	unverified
D90-4-03255	قۇلاق ئېقىش	headword	343_2L.png	unverified
D90-4-03264	قۇلىقىدىن تۇتۇپ	headword	344_2L.png	unverified
D90-4-03265	قۇلىقىدىن خوراز قىچقارتماق	headword	344_2L.png	unverified
D90-4-03266	قۇلىقىدىن كەتمەسلىك	headword	344_2L.png	unverified
D90-4-03267	قۇلىقىغا چۈشۈپ قالماق	headword	344_2L.png	unverified
D90-4-03268	قۇلىقىغا سېلىپ قويماق	headword	344_2L.png	unverified
D90-4-03269	قۇلىقىغا قۇيۇپ قويماق	headword	344_2L.png	unverified
D90-4-03270	قۇلىقىغا گەپ كىرمەسلىك	headword	345_1R.png	unverified
D90-4-03271	قۇلىقىغا مىخ قاققاندەك	headword	345_1R.png	unverified
D90-4-03272	قۇلىقىغا ناغرا چالغاندەك	headword	345_1R.png	unverified
D90-4-03273	قۇلىقىغا ئىشەنمەسلىك	headword	345_1R.png	unverified
D90-4-03274	قۇلىقىغا يىپ باغلاپ قويماق	headword	345_1R.png	verified
D90-4-03275	قۇلىقىم سەندە	headword	345_2L.png	unverified
D90-4-03276	قۇلىقىمنى چالمىدا كېسىپ بېرىمەن	headword	345_2L.png	unverified
D90-4-03278	قۇلىقىمنى كېسىپ بېرىمەن	headword	345_2L.png	unverified
D90-4-03277	قۇلىقىمنى ساپالدا كېسىپ بېرىمەن	headword	345_2L.png	unverified
D90-4-03279	قۇلىقىمنى كېسىۋېتىمەن	headword	345_2L.png	unverified
D90-4-03280	قۇلىقىنى بۇرىماق	headword	345_2L.png	unverified
D90-4-03281	قۇلىقىنى پىشۇرماق	headword	345_2L.png	unverified
D90-4-03282	قۇلىقىنى چىشلىتىپ قويماق	headword	346_1R.png	unverified
D90-4-03283	قۇلىقىنى دىڭگايتاق	headword	346_1R.png	unverified
D90-4-03283-v1	قۇلىقىنى دىڭ تۇتماق	variant	346_1R.png	unverified
D90-4-03284	قۇلىقى ئۇزۇن	headword	346_1R.png	unverified
D90-4-03285	قۇلىقى ئېغىر	headword	346_1R.png	unverified
D90-4-03286	قۇلىقى يۇمشاق	headword	346_1R.png	unverified
D90-4-03287	قۇلاقباغ	headword	346_1R.png	unverified
D90-4-03288	قۇلاقچا	headword	346_1R.png	unverified
D90-4-03289	قۇلاقچە	headword	346_2L.png	unverified
D90-4-03290	قۇلاقچوپ	headword	346_2L.png	unverified
D90-4-03291	قۇلاقچېچەك	headword	346_2L.png	unverified
D90-4-03292	قۇلاقچى	headword	346_2L.png	verified
D90-4-03293	قۇلاقچىلىق	headword	346_2L.png	unverified
D90-4-03294	قۇلاقچىلىك	headword	346_2L.png	unverified
D90-4-03295	قۇلاقكەستى	headword	347_1R.png	verified
D90-4-03296	قۇلاقلاشماق	headword	347_1R.png	unverified
D90-4-03297	قۇلاقلىق	headword	347_1R.png	unverified
D90-4-03299	قۇلاق-مېڭە	headword	347_1R.png	unverified
D90-4-03302	قۇلان	headword	347_2L.png	unverified
D90-4-03303	قۇلانلىق	headword	347_2L.png	unverified
D90-4-03304	قۇلاي	headword	347_2L.png	unverified
D90-4-03305	قۇلپۇرۇش	headword	347_2L.png	unverified
D90-4-03306	قۇلچاق	headword	347_2L.png	unverified
D90-4-03307	قۇل-چۆرە	headword	348_1R.png	unverified
D90-4-03308	قۇلچىلىق	headword	348_1R.png	unverified
D90-4-03309	قۇلدار	headword	348_1R.png	unverified
D90-4-03310	قۇلدارلار سىنىپى	headword	348_1R.png	unverified
D90-4-03311	قۇلدارلىق	headword	348_1R.png	unverified
D90-4-03312	قۇلدارلىق تۈزۈم	headword	348_1R.png	unverified
D90-4-03321	قۇللۇق تۈزۈم	headword	349_1R.png	unverified
D90-4-03313	قۇلدارلىق جەمئىيەت	headword	348_1R.png	unverified
D90-4-03322	قۇللۇق جەمئىيەت	headword	349_1R.png	unverified
D90-4-03314	قۇللاپ	headword	348_1R.png	unverified
D90-4-03315	قۇللار	headword	348_1R.png	unverified
D90-4-03316	قۇللار سىنىپى	headword	348_1R.png	unverified
D90-4-03317	قۇللارچە	headword	348_2L.png	unverified
D90-4-03318	قۇللاشتۇرماق	headword	348_2L.png	unverified
D90-4-03319	قۇللۇق	headword	348_2L.png	unverified
D90-4-03320	قۇللۇق بىلدۈرمەك	headword	349_1R.png	unverified
D90-4-03323	قۇللۇق قىلماق	headword	349_1R.png	unverified
D90-4-03324	قۇلماق	headword	349_2L.png	unverified
D90-4-03325	قۇلماقلىق	headword	349_2L.png	unverified
D90-4-03326	قۇلۇبناي	headword	349_2L.png	unverified
D90-4-03327	قۇلۇبنىك	headword	349_2L.png	unverified
D90-4-03328	قۇلۇپ	headword	349_2L.png	unverified
D90-4-03329	قۇلۇپ سالماق	headword	350_1R.png	unverified
D90-4-03330	قۇلۇپساز	headword	350_1R.png	unverified
D90-4-03331	قۇلۇپسازلىق	headword	350_1R.png	unverified
D90-4-03332	قۇلۇپلاتقۇزماق	headword	350_1R.png	unverified
D90-4-03333	قۇلۇپلاتماق	headword	350_1R.png	unverified
D90-4-03334	قۇلۇپلاشماق	headword	350_1R.png	unverified
D90-4-03335	قۇلۇپلاقلىق	headword	350_1R.png	unverified
D90-4-03336	قۇلۇپلانماق	headword	350_2L.png	unverified
D90-4-03337	قۇلۇپلۇق	headword	350_2L.png	unverified
D90-4-03338	قۇلۇپلىماق	headword	350_2L.png	unverified
D90-4-03339	قۇلۇلە	headword	350_2L.png	unverified
D90-4-03340	قۇلۇلە بۇيۇملار	headword	351_1R.png	unverified
D90-4-03341	قۇلۇلە ئويما	headword	351_1R.png	unverified
D90-4-03342	قۇلۇلىخور	headword	351_1R.png	unverified
D90-4-03343	قۇلۇلىخور بېلىق	headword	351_1R.png	unverified
D90-4-03343-v1	پاللاس بېلىق	variant	351_1R.png	unverified
D90-4-03344	قۇلۇلىخور قىليورغا	headword	351_1R.png	unverified
D90-4-03345	قۇلۇلىسىمان	headword	351_1R.png	unverified
D90-4-03346	قۇلۇن	headword	351_2L.png	unverified
D90-4-03347	قۇلۇنجى	headword	351_2L.png	unverified
D90-4-03348	قۇلۇنچاق	headword	351_2L.png	unverified
D90-4-03349	قۇلۇنلۇق	headword	351_2L.png	verified
D90-4-03350	قۇلۇنلىماق	headword	351_2L.png	unverified
D90-4-03351	قۇلىقەت	headword	351_2L.png	unverified
D90-4-03352	قۇم	headword	351_2L.png	unverified
D90-4-03353	قۇم ئالما	headword	352_1R.png	unverified
D90-4-03354	قۇم ئامۇت	headword	352_1R.png	unverified
D90-4-03355	قۇم بارخىنى	headword	352_1R.png	unverified
D90-4-03356	قۇم باغلىماق	headword	352_1R.png	unverified
D90-4-03357	قۇم بىلەي	headword	352_1R.png	unverified
D90-4-03358	قۇم تاش	headword	352_2L.png	unverified
D90-4-03359	قۇم تاۋۇز	headword	352_2L.png	unverified
D90-4-03360	قۇم توپا	headword	352_2L.png	unverified
D90-4-03361	قۇم تۇمشۇق	headword	352_2L.png	unverified
D90-4-03362	قۇم جىگدە	headword	352_2L.png	unverified
D90-4-03363	قۇم چاق	headword	352_2L.png	unverified
D90-4-03364	قۇم چۆگۈن	headword	352_2L.png	unverified
D90-4-03365	قۇم چېچەكلىگەندە، تۆگىنىڭ قۇيرۇقى يەرگە يەتكەندە	headword	353_1R.png	unverified
D90-4-03366	قۇم خالتىسى	headword	353_1R.png	unverified
D90-4-03367	قۇم داڭقان	headword	353_1R.png	unverified
D90-4-03368	قۇم ساپال	headword	353_1R.png	unverified
D90-4-03369	قۇم سانىماق	headword	353_1R.png	unverified
D90-4-03370	قۇم سۇۋاق	headword	353_2L.png	unverified
D90-4-03371	قۇم شېكەر	headword	353_2L.png	unverified
D90-4-03371-v1	شېكەر	variant	353_2L.png	unverified
D90-4-03372	قۇمغا سۇ سىڭگەندەك	headword	353_2L.png	unverified
D90-4-03373	قۇمغا مۆھۈر باسقاندەك	headword	353_2L.png	unverified
D90-4-03374	قۇم قازان	headword	353_2L.png	unverified
D90-4-03375	قۇم قەغەز	headword	353_2L.png	unverified
D90-4-03376	قۇم قۇرتى	headword	353_2L.png	unverified
D90-4-03377	قۇم قېلىپ	headword	353_2L.png	unverified
D90-4-03378	قۇم لاي	headword	354_1R.png	unverified
D90-4-03379	قۇم مودېل	headword	354_1R.png	unverified
D90-4-03380	قۇم ئۆزەك	headword	354_1R.png	unverified
D90-4-03381	قۇما	headword	354_1R.png	unverified
D90-4-03382	قۇماق	headword	354_1R.png	unverified
D90-4-03383	قۇماق بابىماق	headword	354_1R.png	unverified
D90-4-03384	قۇماق تاز	headword	354_1R.png	unverified
D90-4-03385	قۇم-بوران	headword	354_1R.png	unverified
D90-4-03386	قۇمتەللە	headword	354_2L.png	unverified
D90-4-03387	قۇمتوۋرىسى	headword	354_2L.png	unverified
D90-4-03388	قۇمچاق	headword	354_2L.png	unverified
D90-4-03389	قۇمچاق بېلىق	headword	354_2L.png	unverified
D90-4-03391	قۇمچۆچەك	headword	354_2L.png	unverified
D90-4-03392	قۇمداتماق	headword	354_2L.png	unverified
D90-4-03393	قۇمداشماق	headword	354_2L.png	unverified
D90-4-03394	قۇمدالماق	headword	354_2L.png	unverified
D90-4-03395	قۇمدەك	headword	354_2L.png	unverified
D90-4-03396	قۇمدىماق	headword	355_1R.png	unverified
D90-4-03397	قۇمساژ	headword	355_1R.png	unverified
D90-4-03398	قۇمساڭ	headword	355_1R.png	unverified
D90-4-03401	قۇمساڭغۇ	headword	355_2L.png	unverified
D90-4-03402	قۇمسال	headword	355_2L.png	unverified
D90-4-03403	قۇمسىرىماق	headword	355_2L.png	unverified
D90-4-03404	قۇم-شېغىل	headword	355_2L.png	unverified
D90-4-03405	قۇمغان	headword	355_2L.png	unverified
D90-4-03406	قۇمقازى	headword	355_2L.png	unverified
D90-4-03407	قۇملاشماق	headword	355_2L.png	unverified
D90-4-03408	قۇملۇق	headword	355_2L.png	unverified
D90-4-03409	قۇملۇق ساپال	headword	356_1R.png	unverified
D90-4-03410	قۇملىماق	headword	356_1R.png	unverified
D90-4-03411	قۇممەت	headword	356_1R.png	unverified
D90-4-03412	قۇمۇل	headword	356_1R.png	unverified
D90-4-03413	قۇمۇل قوزغىلىڭى	headword	356_1R.png	unverified
D90-4-03414	قۇمۇلاڭ	headword	356_2L.png	unverified
D90-4-03415	قۇمىق	headword	356_2L.png	unverified
D90-4-03417	قۇمىقلار	headword	357_1R.png	unverified
D90-4-03418	قۇمىلاق	headword	357_1R.png	unverified
D90-4-03419	قۇمىلاق سالماق	headword	357_1R.png	unverified
D90-4-03419-v1	پال سالماق	variant	357_1R.png	unverified
D90-4-03420	قۇمىلاقچى	headword	357_1R.png	unverified
D90-4-03421	قۇمىلاقلاشماق	headword	357_1R.png	unverified
D90-4-03423	قۇمىلاقلىماق	headword	357_1R.png	unverified
D90-4-03423-v1	ماياقلىماق	variant	357_1R.png	unverified
D90-4-03424	قۇنتلاپ	headword	357_1R.png	unverified
D90-4-03425	قۇندۇز	headword	357_1R.png	unverified
D90-4-03426	قۇندۇز چاچ	headword	357_2L.png	unverified
D90-4-03427	قۇندۇز لېشى	headword	357_2L.png	unverified
D90-4-03428	قۇندۇز ئوت	headword	357_2L.png	unverified
D90-4-03429	قۇندۇزدەك	headword	358_1R.png	unverified
D90-4-03430	قۇنۇن	headword	358_1R.png	unverified
D90-4-03431	قۇۋ	headword	358_1R.png	unverified
D90-4-03434	قۇۋانچ	headword	358_2L.png	unverified
D90-4-03435	قۇۋانچلىق	headword	358_2L.png	unverified
D90-4-03436	قۇۋاندۇرماق	headword	358_2L.png	unverified
D90-4-03437	قۇۋانماق	headword	358_2L.png	unverified
D90-4-03438	قۇۋ-چۇۋ	headword	358_2L.png	unverified
D90-4-03439	قۇۋلاشتۇرماق	headword	358_2L.png	unverified
D90-4-03440	قۇۋلاشماق	headword	359_1R.png	unverified
D90-4-03441	قۇۋلۇق	headword	359_1R.png	unverified
D90-4-03442	قۇۋلۇق قىلماق	headword	359_1R.png	unverified
D90-4-03443	قۇۋلۇق-شۇملۇق	headword	359_2L.png	unverified
D90-4-03444	قۇۋۇرماق	headword	359_2L.png	unverified
D90-4-03445	قۇۋۋەت	headword	359_2L.png	unverified
D90-4-03447	قۇۋۋەت ناسوسى	headword	360_1R.png	unverified
D90-4-03448	قۇۋۋەتسىز	headword	360_1R.png	unverified
D90-4-03449	قۇۋۋەتسىزلەندۈرمەك	headword	360_1R.png	unverified
D90-4-03450	قۇۋۋەتسىزلەنمەك	headword	360_1R.png	unverified
D90-4-03451	قۇۋۋەتسىزلىك	headword	360_1R.png	unverified
D90-4-03452	قۇۋۋەتلەشمەك	headword	360_1R.png	unverified
D90-4-03453	قۇۋۋەتلەندۈرمەك	headword	360_1R.png	unverified
D90-4-03454	قۇۋۋەتلەنمەك	headword	360_2L.png	unverified
D90-4-03455	قۇۋۋەتلىك	headword	360_2L.png	unverified
D90-4-03456	قۇۋۋەتلىمەك	headword	360_2L.png	unverified
D90-4-03457	قۇياش	headword	361_1R.png	unverified
D90-4-03459	قۇياشتىن يىراق نۇقتا	headword	361_2L.png	unverified
D90-4-03460	قۇياش دالا شپاتى	headword	361_2L.png	unverified
D90-4-03461	قۇياش سوتكىسى	headword	361_2L.png	unverified
D90-4-03462	قۇياش سىستېمىسى	headword	361_2L.png	unverified
D90-4-03463	قۇياش قارا دېغى	headword	361_2L.png	unverified
D90-4-03464	قۇياشقا يېقىن نۇقتا	headword	362_1R.png	unverified
D90-4-03465	قۇياش كالېندارى	headword	362_1R.png	unverified
D90-4-03466	قۇياش مەركەز تەلىماتى	headword	362_1R.png	unverified
D90-4-03467	قۇياش ئوچىقى	headword	362_1R.png	unverified
D90-4-03468	قۇياش ئۆسۈكى	headword	362_1R.png	unverified
D90-4-03469	قۇياش ۋاقتى	headword	362_2L.png	unverified
D90-4-03470	قۇياش ۋاننىسى	headword	362_2L.png	unverified
D90-4-03471	قۇياش يىلى	headword	362_2L.png	unverified
D90-4-03471-v1	تروپىك يىلى	variant	362_2L.png	unverified
D90-4-03472	قۇياشسىز	headword	362_2L.png	unverified
D90-4-03473	قۇياشلىق	headword	362_2L.png	unverified
D90-4-03474	قۇياق	headword	363_1R.png	unverified
D90-4-03475	قۇياقلىق	headword	363_1R.png	unverified
D90-4-03476	قۇيت	headword	363_1R.png	unverified
D90-4-03477	قۇيدۇرماق	headword	363_1R.png	unverified
D90-4-03478	قۇيدۇرۇشماق	headword	363_1R.png	unverified
D90-4-03479	قۇيدۇرۇلماق	headword	363_1R.png	unverified
D90-4-03480	قۇيرۇق	headword	363_1R.png	unverified
D90-4-03481	قۇيرۇق تۇتقۇزماسلىق	headword	364_1R.png	unverified
D90-4-03482	قۇيرۇق چۆرىگۈچ	headword	364_2L.png	unverified
D90-4-03483	قۇيرۇق سۆڭىكى	headword	364_2L.png	unverified
D90-4-03484	قۇيرۇق سېلىپ يۈرمەك	headword	364_2L.png	unverified
D90-4-03485	قۇيرۇق شىپپاڭشىتداق	headword	364_2L.png	unverified
D90-4-03486	قۇيرۇق شىپپاڭلاتماق	headword	364_2L.png	unverified
D90-4-03487	قۇيرۇق كۆرسىتىپ، ئۆپكە ساتماق	headword	364_2L.png	unverified
D90-4-03487-v1	گۆش كۆرسىتىپ، ئۆپكە ساتماق	variant	364_2L.png	unverified
D90-4-03488	قۇيرۇق ماي	headword	365_1R.png	unverified
D90-4-03503	قۇيرۇق ياغ	headword	366_1R.png	unverified
D90-4-03489	قۇيرۇقى بولماق	headword	365_1R.png	unverified
D90-4-03490	قۇيرۇقى بىر تۇتام	headword	365_1R.png	unverified
D90-4-03491	قۇيرۇقىغا چاتماق	headword	365_1R.png	unverified
D90-4-03492	قۇيرۇقىنى تالىماق	headword	365_1R.png	unverified
D90-4-03493	قۇيرۇقىنى تىكىۋەتمەك	headword	365_1R.png	unverified
D90-4-03494	قۇيرۇقىنى خادا قىلماق	headword	365_2L.png	unverified
D90-4-03495	قۇيرۇقىنى دىڭگايتىۋالماق	headword	365_2L.png	unverified
D90-4-03495-v1	قۇيرۇقىنى كۆتۈرۈۋالماق	variant	365_2L.png	unverified
D90-4-03496	قۇيرۇقىنى قۇم باسماق	headword	365_2L.png	unverified
D90-4-03497	قۇيرۇقىنى قىسماق	headword	365_2L.png	unverified
D90-4-03498	قۇيرۇقىنى كەسمەك	headword	365_2L.png	unverified
D90-4-03499	قۇيرۇقىنى ئۈزمەك	headword	366_1R.png	unverified
D90-4-03500	قۇيرۇقىنى ئىچىگە تىقىۋالماق	headword	366_1R.png	unverified
D90-4-03501	قۇيرۇقى ئۈزۈلمەسلىك	headword	366_1R.png	unverified
D90-4-03502	قۇيرۇقى ئۈزۈلمەك	headword	366_1R.png	unverified
D90-4-03504	قۇيرۇقچى	headword	366_1R.png	unverified
D90-4-03505	قۇيرۇقچىلىق	headword	366_1R.png	unverified
D90-4-03506	قۇيرۇقسىز	headword	366_2L.png	unverified
D90-4-03507	قۇيرۇقسىزلار ئەترىتى	headword	366_2L.png	unverified
D90-4-03508	قۇيرۇقسىمان	headword	366_2L.png	unverified
D90-4-03509	قۇيرۇقلۇق	headword	366_2L.png	unverified
D90-4-03510	قۇيرۇقلۇقلار ئەترىتى	headword	366_2L.png	unverified
D90-4-03511	قۇيرۇقلۇق لىچىنكا	headword	367_1R.png	unverified
D90-4-03512	قۇيرۇقلۇق يۇلتۇز	headword	367_1R.png	unverified
D90-4-03513	قۇيغان	headword	367_1R.png	unverified
D90-4-03514	قۇيغان ئۆپكىدەك	headword	367_1R.png	unverified
D90-4-03515	قۇيغۇزماق	headword	367_1R.png	unverified
D90-4-03516	قۇيقا	headword	367_2L.png	unverified
D90-4-03520	قۇيقا چېچى دىڭ تۇرماق	headword	368_1R.png	unverified
D90-4-03520-v1	قۇيقا چېچى تىك تۇرماق	variant	368_1R.png	unverified
D90-4-03521	قۇيقا چېچى قىرىق گەز كۆتۈرۈلمەك	headword	368_1R.png	unverified
D90-4-03522	قۇيقا چېچى قىرىق گەز ئۆرلىمەك	headword	368_1R.png	unverified
D90-4-03523	قۇيقا چېچى ئۆرە بولماق	headword	368_1R.png	unverified
D90-4-03524	قۇيقىسىنى ئۆرلەتمەك	headword	368_1R.png	unverified
D90-4-03526	قۇي-قۇي	headword	368_2L.png	unverified
D90-4-03527	قۇيقىلاتقۇزماق	headword	368_2L.png	unverified
D90-4-03528	قۇيقىلاتماق	headword	368_2L.png	unverified
D90-4-03529	قۇيقىلاشماق	headword	368_2L.png	unverified
D90-4-03530	قۇيقىلىنماق	headword	368_2L.png	unverified
D90-4-03531	قۇيقىلىماق	headword	368_2L.png	unverified
D90-4-03531-v1	ئۈتلىمەك	variant	368_2L.png	unverified
D90-4-03532	قۇيما	headword	368_2L.png	unverified
D90-4-03534	قۇيماق	headword	368_2L.png	unverified
D90-4-03536	قۇيمىچى	headword	369_1R.png	unverified
D90-4-03537	قۇيمىچىلىق	headword	369_1R.png	unverified
D90-4-03538	قۇيمىگەر	headword	369_2L.png	unverified
D90-4-03539	قۇيۇپ	headword	369_2L.png	verified
D90-4-03541	قۇيۇت	headword	369_2L.png	unverified
D90-4-03542	قۇيۇتلىماق	headword	369_2L.png	unverified
D90-4-03543	قۇيۇچ	headword	369_2L.png	unverified
D90-4-03545	قۇيۇشماق	headword	370_1R.png	unverified
D90-4-03546	قۇيۇلما	headword	370_1R.png	unverified
D90-4-03547	قۇيۇلماق	headword	370_1R.png	unverified
D90-4-03548	قۇيۇمچاق	headword	370_2L.png	unverified
D90-4-03548-v1	توققۇزكۆز	variant	370_2L.png	unverified
D90-4-03549	قۇيۇمچاق سۆڭىكى	headword	370_2L.png	unverified
D90-4-03549-v1	توققۇزكۆز سۆڭىكى	variant	370_2L.png	unverified
D90-4-03550	قۇيۇن	headword	370_2L.png	unverified
D90-4-03551	قۇيۇن توك	headword	370_2L.png	unverified
D90-4-03552	قۇيۇن چىقارماق	headword	370_2L.png	unverified
D90-4-03553	قۇيۇنتاز	headword	371_1R.png	unverified
D90-4-03554	قۇيۇندەك	headword	371_1R.png	unverified
D90-4-03555	قۇيۇۋەتمەك	headword	371_1R.png	unverified
D90-4-03556	قې	headword	371_1R.png	unverified
D90-4-03557	قېپىشماق	headword	371_1R.png	verified
D90-4-03558	قېپىنماق	headword	371_1R.png	unverified
D90-4-03559	قېتىرقانماق	headword	371_1R.png	unverified
D90-4-03560	قېتىرق قىنىشماق	headword	371_2L.png	unverified
D90-4-03561	قېتىش	headword	371_2L.png	unverified
D90-4-03563	قېتىشتۇرماق	headword	371_2L.png	unverified
D90-4-03564	قېتىش-قۇراش	headword	371_2L.png	unverified
D90-4-03566	قېتىشما	headword	371_2L.png	unverified
D90-4-03568	قېتىشماق	headword	372_1R.png	unverified
D90-4-03570	قېتىق	headword	372_1R.png	unverified
D90-4-03571	قېتىقتا ئاغزى كۆيمەك	headword	372_1R.png	unverified
D90-4-03571-v1	ئاغزى قېتىقتا كۆيمەك	variant	372_1R.png	unverified
D90-4-03572	قېتىقنى پېتىق قىلماق	headword	372_1R.png	unverified
D90-4-03573	قېتىقى ئۇيۇماسلىق	headword	372_1R.png	unverified
D90-4-03574	قېتىقچى	headword	372_1R.png	unverified
D90-4-03575	قېتىقلىق	headword	372_1R.png	unverified
D90-4-03576	قېتىلماق	headword	372_2L.png	unverified
D90-4-03577	قېتىلىشماق	headword	372_2L.png	unverified
D90-4-03578	قېتىم	headword	372_2L.png	unverified
D90-4-03580	قېتىمقى	headword	373_1R.png	unverified
D90-4-03581	قېتىملاپ	headword	373_1R.png	unverified
D90-4-03582	قېتىملىق	headword	373_1R.png	unverified
D90-4-03583	قېتىۋالماق	headword	373_1R.png	unverified
D90-4-03584	قېچىر	headword	373_1R.png	unverified
D90-4-03585	قېچىرنىڭ قۇلىقىغا ساتار چالماق	headword	373_2L.png	unverified
D90-4-03585-v1	ئېشەكنىڭ قۇلىقىغا راۋاب چالماق	variant	373_2L.png	unverified
D90-4-03586	قېچىرچى	headword	373_2L.png	unverified
D90-4-03587	قېچىرچىلىق	headword	374_1R.png	unverified
D90-4-03588	قېچىرلىق	headword	374_1R.png	unverified
D90-4-03589	قېچىرلىماق	headword	374_1R.png	unverified
D90-4-03590	قېچىشماق	headword	374_1R.png	unverified
D90-4-03591	قېدىناس	nonstandard	374_1R.png	unverified
D90-4-03592	قېرى	headword	374_1R.png	unverified
D90-4-03594	قېرى قىز	headword	374_2L.png	unverified
D90-4-03595	قېرى كالىغا پىچاق ياققاندەك	headword	374_2L.png	unverified
D90-4-03596	قېرى يىلىك	headword	374_2L.png	unverified
D90-4-03598	قېرىتماق	headword	374_2L.png	unverified
D90-4-03599	قېرى-چۈرى	headword	374_2L.png	unverified
D90-4-03600	قېرىسال	headword	375_1R.png	unverified
D90-4-03601	قېرىشتۇرماق	headword	375_1R.png	unverified
D90-4-03602	قېرىشقاق	headword	375_1R.png	unverified
D90-4-03603	قېرىشقاقلىق	headword	375_1R.png	unverified
D90-4-03604	قېرىشقاندەك	headword	375_1R.png	unverified
D90-4-03605	قېرىشماق	headword	375_2L.png	unverified
D90-4-03606	قېرىق	headword	375_2L.png	unverified
D90-4-03608	قېرى-قاتاڭ	headword	376_1R.png	unverified
D90-4-03609	قېرىقلىق	headword	376_1R.png	unverified
D90-4-03610	قېرىقىز	headword	376_1R.png	unverified
D90-4-03611	قېرىلىق	headword	376_1R.png	unverified
D90-4-03614	قېرىماق	headword	376_2L.png	unverified
D90-4-03615	قېرىمدىماق	headword	376_2L.png	unverified
D90-4-03616	قېرىن	headword	376_2L.png	unverified
D90-4-03618	قېرىنچە	headword	376_2L.png	unverified
D90-4-03619	قېرىنداش	headword	376_2L.png	unverified
D90-4-03620	قېرىنداش تىللار	headword	377_1R.png	verified
D90-4-03622	قېرىنداشلارچە	headword	377_1R.png	unverified
D90-4-03623	قېرىنداشلىق	headword	377_2L.png	unverified
D90-4-03624	قېرىنسىمان	headword	377_2L.png	unverified
D90-4-03626	قېرىنقۇلاق	headword	377_2L.png	unverified
D90-4-03627	قېرى-ياش	headword	377_2L.png	unverified
D90-4-03628	قېزا	headword	378_1R.png	unverified
D90-4-03630	قېزىشماق	headword	378_1R.png	unverified
D90-4-03631	قېزىلما	headword	378_1R.png	unverified
D90-4-03634	قېزىلماق	headword	378_1R.png	unverified
D90-4-03635	قېزىقلىق	headword	378_2L.png	unverified
D90-4-03636	قېزىۋەتمەك	headword	378_2L.png	unverified
D90-4-03637	قېقىشتۇرماق	headword	378_2L.png	unverified
D90-4-03638	قېقىشماق	headword	378_2L.png	unverified
D90-4-03639	قېقىقلىق	headword	378_2L.png	unverified
D90-4-03640	قېقىلماق	headword	378_2L.png	unverified
D90-4-03641	قېقىلىپ-سوقۇلۇپ	headword	379_1R.png	unverified
D90-4-03642	قېقىندى-سوقۇندى	headword	379_1R.png	unverified
D90-4-03643	قېقىندى-سوقۇندى بولماق	headword	379_1R.png	unverified
D90-4-03644	قېلىپ	headword	379_1R.png	unverified
D90-4-03645	قېلىپ پولتى	headword	379_2L.png	unverified
D90-4-03646	قېلىپتا يوق	headword	379_2L.png	unverified
D90-4-03647	قېلىپتىن چىقماق	headword	379_2L.png	unverified
D90-4-03648	قېلىپقا تارتماق	headword	379_2L.png	unverified
D90-4-03649	قېلىپقا چۈشمەك	headword	379_2L.png	unverified
D90-4-03650	قېلىپقا سالماق	headword	379_2L.png	unverified
D90-4-03651	قېلىپپاز	headword	380_1R.png	unverified
D90-4-03652	قېلىپپازلىق	headword	380_1R.png	unverified
D90-4-03653	قېلىپچى	headword	380_1R.png	unverified
D90-4-03654	قېلىپسىز	headword	380_1R.png	unverified
D90-4-03655	قېلىپلاپ	headword	380_1R.png	unverified
D90-4-03657	قېلىپلاشتۇرماق	headword	380_2L.png	unverified
D90-4-03658	قېلىپلاشتۇرۇش	headword	380_2L.png	unverified
D90-4-03659	قېلىپلاشتۇرۇلماق	headword	380_2L.png	unverified
D90-4-03660	قېلىپلاشقان	headword	380_2L.png	unverified
D90-4-03662	قېلىپلاشماق	headword	380_2L.png	unverified
D90-4-03663	قېلىپلىق	headword	380_2L.png	unverified
D90-4-03664	قېلىپلىما	headword	381_1R.png	verified
D90-4-10238	قېلىپلىما ئورۇنلاش	headword	381_1R.png	verified
D90-4-03665	قېلىپلىماق	headword	381_1R.png	verified
D90-4-03666	قېلىشقۇچىلىك	headword	381_1R.png	verified
D90-4-10239	قېلىشقۇچىلىكى يوق	headword	381_1R.png	verified
D90-4-03667	قېلىشماق	headword	381_1R.png	verified
D90-4-03668	قېلىن	headword	381_1R.png	unverified
D90-4-03669	قېلىن ئەلگەك	headword	382_1R.png	unverified
D90-4-03670	قېلىن بۇلۇڭلۇق توقۇلما	headword	382_1R.png	unverified
D90-4-03671	قېلىن پوستلۇق توقۇلما	headword	382_1R.png	unverified
D90-4-03672	قېلىن پوستلۇق سپورا	headword	382_1R.png	unverified
D90-4-03673	قېلىن سۇغىرىش	headword	382_1R.png	unverified
D90-4-03674	قېلىن شۆپۈكلۈك ئاپېلسىن	headword	382_2L.png	unverified
D90-4-03675	قېلىنلاتماق	headword	382_2L.png	unverified
D90-4-03676	قېلىنلاشتۇرماق	headword	382_2L.png	unverified
D90-4-03677	قېلىنلاشماق	headword	382_2L.png	unverified
D90-4-03678	قېلىنلىق	headword	382_2L.png	unverified
D90-4-03679	قېلىنلىماق	headword	383_1R.png	unverified
D90-4-03680	قېلىنماق	headword	383_1R.png	unverified
D90-4-03681	قېنى	headword	383_1R.png	unverified
D90-4-03682	قېنىشماق	headword	383_2L.png	unverified
D90-4-03683	قېنىق	headword	383_2L.png	unverified
D90-4-03686	قېنىقارلىق	headword	383_2L.png	unverified
D90-4-03688	قېنىقماق	headword	383_2L.png	unverified
D90-4-03689	قېھ-قېھ	headword	383_2L.png	unverified
D90-4-03690	قېيىداشچىلىق	headword	383_2L.png	unverified
D90-4-03691	قېيىداشلىق	headword	383_2L.png	unverified
D90-4-03692	قېيىداشماق	headword	384_1R.png	unverified
D90-4-03693	قېيىدىغاق	headword	384_1R.png	unverified
D90-4-03694	قېيىدىماق	headword	384_1R.png	unverified
D90-4-03695	قېيىش	headword	384_1R.png	unverified
D90-4-03696	قېيىشتۇرماق	headword	384_1R.png	unverified
D90-4-03697	قېيىشتۇرۇلماق	headword	384_2L.png	unverified
D90-4-03698	قېيىشماق	headword	384_2L.png	unverified
D90-4-03699	قېيىغاچ	headword	384_2L.png	unverified
D90-4-03700	قېيىق	headword	384_2L.png	unverified
D90-4-03702	قېيىقچى	headword	384_2L.png	unverified
D90-4-03703	قېيىقچىلىق	headword	384_2L.png	unverified
D90-4-03704	قېيىن	headword	385_1R.png	unverified
D90-4-03714	قېيىن-بويان	headword	385_2L.png	unverified
D90-4-03716	قېيىنزارلىق	headword	385_2L.png	unverified
D90-4-03717	قېيىنلىق	headword	385_2L.png	verified
D90-4-03718	قىبلە	headword	385_2L.png	unverified
D90-4-03719	قىبلىگاھ	headword	386_1R.png	unverified
D90-4-03720	قىبلىنامە	headword	386_1R.png	unverified
D90-4-03721	قىپچا	headword	386_1R.png	unverified
D90-4-03722	قىپچاق	headword	386_2L.png	unverified
D90-4-03723	قىپچاقلار	headword	386_2L.png	unverified
D90-4-03724	قىپچانماق	headword	386_2L.png	unverified
D90-4-03725	قىپقىزىل	headword	386_2L.png	unverified
D90-4-03726	قىپقىزىللىق	headword	386_2L.png	unverified
D90-4-03727	قىپيالىڭاچ	headword	387_1R.png	unverified
D90-4-03728	قىتات	headword	387_1R.png	unverified
D90-4-03729	قىتاتلاتماق	headword	387_1R.png	unverified
D90-4-03730	قىتاتلانماق	headword	387_1R.png	unverified
D90-4-03731	قىتاتلىماق	headword	387_1R.png	unverified
D90-4-03732	قىتان	headword	387_1R.png	unverified
D90-4-03733	قىتانلار	headword	387_1R.png	unverified
D90-4-03734	قىتئە	headword	387_1R.png	unverified
D90-4-03735	قىتئەلەر ئارا باشقۇرۇلىدىغان بومبا	headword	387_2L.png	unverified
D90-4-03736	قىتئەلەرنىڭ ئۈزۈش قىياسى	headword	387_2L.png	unverified
D90-4-03737	قىتلانماق	headword	387_2L.png	unverified
D90-4-03738	قىتمال	headword	388_1R.png	unverified
D90-4-03739	قىتماللاشتۇرماق	headword	388_1R.png	unverified
D90-4-03740	قىتماللاشماق	headword	388_1R.png	unverified
D90-4-03741	قىتماللىق	headword	388_1R.png	unverified
D90-4-03742	قىتىغۇر	headword	388_1R.png	unverified
D90-4-03743	قىتىغۇرلۇق	headword	388_1R.png	unverified
D90-4-03744	قىتىغىر	nonstandard	388_1R.png	unverified
D90-4-03745	قىتىڭشىماق	headword	388_1R.png	unverified
D90-4-03746	قىتىلالما	headword	388_2L.png	unverified
D90-4-03747	قىچا	headword	388_2L.png	unverified
D90-4-03749	قىچقارتماق	headword	388_2L.png	unverified
D90-4-03750	قىچقارغۇزماق	headword	388_2L.png	unverified
D90-4-03751	قىچقارماق	headword	388_2L.png	unverified
D90-4-03752	قىچقىرماق	headword	389_1R.png	unverified
D90-4-03753	قىچقىرىشماق	headword	389_1R.png	unverified
D90-4-03754	قىچقىرىلماق	headword	389_1R.png	unverified
D90-4-03755	قى-چۇ	headword	389_1R.png	unverified
D90-4-03756	قىچىشتۇرماق	headword	389_1R.png	unverified
D90-4-03757	قىچىشماق	headword	389_2L.png	unverified
D90-4-10240	قىچىشمىغان يەرنى تاتىلماق	headword	389_2L.png	verified
D90-4-03759	قىچىشش	headword	389_2L.png	unverified
D90-4-03760	قىچىق	headword	389_2L.png	unverified
D90-4-03760-v1	غىدىق	variant	389_2L.png	unverified
D90-4-03761	قىچىقلاشماق	headword	389_2L.png	unverified
D90-4-03761-v1	غىدىقلاشماق	variant	389_2L.png	unverified
D90-4-03762	قىچىقلىماق	headword	390_1R.png	unverified
D90-4-03762-v1	غىدىقلىماق	variant	390_1R.png	unverified
D90-4-03763	قىچىلىق	headword	390_1R.png	unverified
D90-4-03764	قىدام	headword	390_1R.png	unverified
D90-4-03764-v1	قىدام كەكىگە	variant	390_1R.png	unverified
D90-4-03765	قىدىرتمىاق	headword	390_1R.png	unverified
D90-4-03766	قىدىرماق	headword	390_1R.png	unverified
D90-4-03767	قىدىرىشماق	headword	390_1R.png	unverified
D90-4-03768	قىدىرىلماق	headword	390_1R.png	unverified
D90-4-03769	قىر	headword	390_2L.png	unverified
D90-4-03770	قىر ئاشماق	headword	390_2L.png	unverified
D90-4-03771	قىر چاپماق	headword	390_2L.png	unverified
D90-4-03772	قىر سالماق	headword	390_2L.png	unverified
D90-4-03773	قىر يېغى	headword	390_2L.png	unverified
D90-4-03774	قىرائەت	headword	390_2L.png	unverified
D90-4-03775	قىرائەتخان	headword	391_1R.png	unverified
D90-4-03776	قىرائەتخانا	headword	391_1R.png	unverified
D90-4-03777	قىرائەتخانلىق	headword	391_1R.png	unverified
D90-4-03778	قىران	headword	391_2L.png	unverified
D90-4-03779	قىرانلىق	headword	391_2L.png	unverified
D90-4-03780	قىراۋ	headword	391_2L.png	unverified
D90-4-03784	قىراۋ مەزگىلى	headword	392_1R.png	unverified
D90-4-03785	قىراۋدىماق	headword	392_1R.png	unverified
D90-4-03786	قىراۋسىز	headword	392_1R.png	unverified
D90-4-03788	قىراۋلىق	headword	392_1R.png	unverified
D90-4-03789	قىرت	headword	392_1R.png	unverified
D90-4-03790	قىرتاق	headword	392_1R.png	unverified
D90-4-03791	قىرتاقلاشماق	headword	392_1R.png	unverified
D90-4-03792	قىرتو	headword	392_1R.png	unverified
D90-4-03793	قىر-تىرگەن	headword	392_1R.png	unverified
D90-4-03794	قىرتىش	headword	392_2L.png	unverified
D90-4-03795	قىر-چاپ	headword	392_2L.png	unverified
D90-4-03796	قىرچاڭغۇ	headword	392_2L.png	unverified
D90-4-03797	قىرچىلاقغۇ	headword	392_2L.png	unverified
D90-4-03798	قىرچىلدۇرماق	headword	392_2L.png	unverified
D90-4-03799	قىرچىلما	headword	392_2L.png	unverified
D90-4-03800	قىرچىلماق	headword	392_2L.png	unverified
D90-4-03801	قىرچىن	headword	393_1R.png	unverified
D90-4-03802	قىرچىنتال	headword	393_1R.png	unverified
D90-4-03803	قىر-دالا	headword	393_1R.png	unverified
D90-4-03804	قىردۇرماق	headword	393_1R.png	unverified
D90-4-03805	قىرس	headword	393_2L.png	unverified
D90-4-03806	قىرسىدە	headword	393_2L.png	unverified
D90-4-03807	قىرس-قىرس	headword	393_2L.png	unverified
D90-4-03808	قىرسلاتماق	headword	393_2L.png	unverified
D90-4-03809	قىرسلىماق	headword	393_2L.png	unverified
D90-4-03810	قىرسىق	headword	393_2L.png	unverified
D90-4-03811	قىرسىقلىق	headword	393_2L.png	unverified
D90-4-03812	قىرسىلداتماق	headword	393_2L.png	unverified
D90-4-03813	قىرسىلدىماق	headword	393_2L.png	unverified
D90-4-03814	قىرغاق	headword	393_2L.png	unverified
D90-4-03815	قىرغاقچى	headword	394_1R.png	unverified
D90-4-03816	قىرغاقلىق	headword	394_1R.png	unverified
D90-4-03817	قىرغاۋۇل	headword	394_1R.png	unverified
D90-4-03818	قىرغۇ	headword	394_1R.png	unverified
D90-4-03822	قىرغۇ ستانوكى	headword	394_2L.png	unverified
D90-4-03822-v1	قىرىش ستانوكى	variant	394_2L.png	unverified
D90-4-03823	قىرغۇ ئىشچىسى	headword	394_2L.png	unverified
D90-4-03824	قىرغۇچ	headword	394_2L.png	unverified
D90-4-03826	قىرغۇچى	headword	394_2L.png	unverified
D90-4-03828	قىرغۇزماق	headword	394_2L.png	unverified
D90-4-03829	قىرغۇزۇلماق	headword	394_2L.png	unverified
D90-4-03830	قىرغۇل	nonstandard	394_2L.png	unverified
D90-4-03831	قىرغىز	headword	394_2L.png	verified
D90-4-03832	قىرغىزچە	headword	395_1R.png	unverified
D90-4-03833	قىرغىزلار	headword	395_1R.png	verified
D90-4-03834	قىرغىن	headword	395_1R.png	unverified
D90-4-03836	قىرغىن-چاپقۇن	headword	395_2L.png	unverified
D90-4-03837	قىرغىنچى	headword	395_2L.png	unverified
D90-4-03838	قىرغىنچىلىق	headword	395_2L.png	unverified
D90-4-03839	قىر-قاش	headword	395_2L.png	unverified
D90-4-03840	قىر قۇم	headword	396_1R.png	unverified
D90-4-05874	كولكاز	headword	585_1R.png	unverified
D90-4-03841	قىرقىتماق	headword	396_1R.png	unverified
D90-4-03842	قىر-قىر	headword	396_1R.png	unverified
D90-4-03843	قىرقىشماق	headword	396_1R.png	unverified
D90-4-03844	قىرقىلما	headword	396_1R.png	unverified
D90-4-03845	قىرقىلما ق	headword	396_1R.png	unverified
D90-4-03846	قىرقىم	headword	396_1R.png	unverified
D90-4-03847	قىرقىما	headword	396_1R.png	unverified
D90-4-03848	قىرقىماق	headword	396_1R.png	unverified
D90-4-03849	قىرقىندى	headword	396_2L.png	unverified
D90-4-03850	قىرلاتماق	headword	396_2L.png	unverified
D90-4-03851	قىرلاشماق	headword	396_2L.png	unverified
D90-4-03852	قىرلاقلىق	headword	396_2L.png	unverified
D90-4-03853	قىرلانماق	headword	396_2L.png	unverified
D90-4-03854	قىرلىق	headword	396_2L.png	unverified
D90-4-03855	قىرلىق پىندەك	headword	397_1R.png	unverified
D90-4-03856	قىرلىق پىيىزەك	headword	397_1R.png	unverified
D90-4-03857	قىرلىق تىپچاق	headword	397_2L.png	unverified
D90-4-03857-v1	تىپچاق	variant	397_2L.png	unverified
D90-4-03858	قىرلىق قورام تاش	headword	397_2L.png	unverified
D90-4-03859	قىرلىماق	headword	397_2L.png	unverified
D90-4-03860	قىرماق	headword	397_2L.png	unverified
D90-4-03862	قىرمىزى	headword	398_2L.png	unverified
D90-4-03863	قىرمىزاق	headword	398_2L.png	unverified
D90-4-03864	قىرىچە	headword	398_2L.png	unverified
D90-4-03866	قىرىش	headword	398_2L.png	unverified
D90-4-03869	قىرىشماق	headword	399_1R.png	unverified
D90-4-03870	قىرىق	headword	399_1R.png	unverified
D90-4-03873	قىرىقى چىچى	headword	399_2L.png	unverified
D90-4-03874	قىرىقى سۈيى	headword	399_2L.png	unverified
D90-4-03876	قىرىقى نەزىر	headword	399_2L.png	unverified
D90-4-03877	قىرىقىنى بەرمەك	headword	399_2L.png	unverified
D90-4-03878	قىرىقىنى قىلماق	headword	399_2L.png	unverified
D90-4-03879	قىرىقئاياغ	headword	400_1R.png	unverified
D90-4-03880	قىرىقبوغۇم	headword	400_1R.png	unverified
D90-4-03881	قىرىقبوغۇمسىمان	headword	400_1R.png	unverified
D90-4-03883	قىرىققۇلاق	headword	400_1R.png	unverified
D90-4-03884	قىرىقىنچى	headword	400_2L.png	unverified
D90-4-03885	قىرىلماق	headword	400_2L.png	unverified
D90-4-03886	قىرىم	headword	400_2L.png	unverified
D90-4-03889	قىرىم يېرىم ئارىلى	headword	401_1R.png	unverified
D90-4-03888	قىرىم خانلىقى	headword	400_2L.png	unverified
D90-4-03890	قىرىندا	nonstandard	401_1R.png	unverified
D90-4-03891	قىرىندى	headword	401_1R.png	unverified
D90-4-03893	قىز	headword	401_1R.png	unverified
D90-4-03894	قىز ئالماق	headword	401_2L.png	unverified
D90-4-03895	قىز ئەپقېچىماق	headword	401_2L.png	unverified
D90-4-03896	قىز بەرمەك	headword	401_2L.png	unverified
D90-4-03897	قىز تالاق	headword	401_2L.png	verified
D90-4-03898	قىز تەرەپ	headword	402_1R.png	unverified
D90-4-03899	قىز تەگكەن	headword	402_1R.png	unverified
D90-4-03900	قىز چىقارماق	headword	402_1R.png	unverified
D90-4-03901	قىز قولدىشى	headword	402_1R.png	unverified
D90-4-03902	قىز كۈچۈرمەك	headword	402_1R.png	unverified
D90-4-03903	قىز مېلى	headword	402_2L.png	unverified
D90-4-03904	قىز نەۋرە	headword	402_2L.png	unverified
D90-4-03905	قىز يۆتكىمەك	headword	402_2L.png	unverified
D90-4-03905-v1	قىز كۆچۈرمەك	variant	402_2L.png	unverified
D90-4-03906	قىزارتماق	headword	402_2L.png	unverified
D90-4-03907	قىزارتىشماق	headword	402_2L.png	unverified
D90-4-03908	قىزارتىلماق	headword	402_2L.png	unverified
D90-4-03909	قىزارماق	headword	402_2L.png	unverified
D90-4-03910	قىز-جۇۋان	headword	403_1R.png	unverified
D90-4-03911	قىزچاق	headword	403_1R.png	unverified
D90-4-03912	قىز-چوكان	headword	403_1R.png	unverified
D90-4-03913	قىزدۇرغۇچ	headword	403_1R.png	unverified
D90-4-03914	قىزدۇرماق	headword	403_2L.png	unverified
D90-4-03915	قىزدۇرۇپ	headword	403_2L.png	unverified
D90-4-03917	قىزغانچۇق	headword	403_2L.png	unverified
D90-4-03918	قىزغانچۇقلۇق	headword	403_2L.png	unverified
D90-4-03919	قىزغانچۇقلۇق قىلماق	headword	403_2L.png	unverified
D90-4-03920	قىزغاندۇرماق	headword	404_1R.png	unverified
D90-4-03921	قىزغانماق	headword	404_1R.png	unverified
D90-4-03922	قىزغۇچ	headword	404_1R.png	unverified
D90-4-03924	قىزغىن	headword	404_1R.png	unverified
D90-4-03925	قىزغىنلىق	headword	404_2L.png	unverified
D90-4-03926	قىزغىنىش	headword	404_2L.png	unverified
D90-4-03927	قىزقۇۋار	headword	404_2L.png	verified
D90-4-03928	قىزلىق	headword	404_2L.png	unverified
D90-4-03929	قىزلىق پەردىسى	headword	405_1R.png	unverified
D90-4-03930	قىزىتقۇ	headword	405_1R.png	unverified
D90-4-03931	قىزىتما	headword	405_1R.png	unverified
D90-4-03932	قىزىتماق	headword	405_2L.png	unverified
D90-4-03933	قىزىتىشماق	headword	405_2L.png	unverified
D90-4-03934	قىزىتىلماق	headword	405_2L.png	unverified
D90-4-03935	قىزىرىشماق	headword	405_2L.png	unverified
D90-4-03936	قىزىشماق	headword	405_2L.png	unverified
D90-4-03937	قىزىق	headword	406_1R.png	unverified
D90-4-03938	قىزىقارلىق	headword	406_2L.png	unverified
D90-4-03939	قىزىقتۇرماق	headword	406_2L.png	unverified
D90-4-03940	قىزىقتۇرۇلماق	headword	406_2L.png	unverified
D90-4-03941	قىزىقچى	headword	406_2L.png	unverified
D90-4-03942	قىزىقچىلىق	headword	406_2L.png	unverified
D90-4-03943	قىزىقچىلىق قىلماق	headword	407_1R.png	unverified
D90-4-03944	قىزىقسىندۇرماق	headword	407_1R.png	unverified
D90-4-03945	قىزىقسىنماق	headword	407_1R.png	unverified
D90-4-03946	قىزىقسىنىشماق	headword	407_1R.png	unverified
D90-4-03947	قىزىققاق	headword	407_1R.png	unverified
D90-4-03948	قىزىققان	headword	407_2L.png	unverified
D90-4-03949	قىزىققانلىق	headword	407_2L.png	unverified
D90-4-03950	قىزىق-قىزىق	headword	407_2L.png	unverified
D90-4-03951	قىزىقلىق	headword	407_2L.png	unverified
D90-4-03952	قىزىقماق	headword	408_1R.png	unverified
D90-4-03953	قىزىقىدا	headword	408_1R.png	unverified
D90-4-03954	قىزىقىش	headword	408_1R.png	unverified
D90-4-03955	قىزىقىشلىق	headword	408_2L.png	unverified
D90-4-03956	قىزىقىشماق	headword	408_2L.png	verified
D90-4-03957	قىزىل	headword	408_2L.png	unverified
D90-4-03958	قىزىل ئارچا	headword	409_1R.png	unverified
D90-4-03959	قىزىل ئارمىيە	headword	409_1R.png	unverified
D90-4-03960	قىزىل ئالۇچا	headword	409_1R.png	unverified
D90-4-03961	قىزىل ئەپيۇنگۈل	headword	409_2L.png	unverified
D90-4-03962	قىزىل ئەتىرگۈل	headword	409_2L.png	unverified
D90-4-03963	قىزىل ئەنجۈرشاپتۇل	headword	409_2L.png	unverified
D90-4-03964	قىزىل باش چىۋىن	headword	409_2L.png	unverified
D90-4-03965	قىزىل باش قۇرت	headword	409_2L.png	unverified
D90-4-03966	قىزىل باش قۇشقاچ	headword	409_2L.png	unverified
D90-4-03967	قىزىل باش يۈلغۇن	headword	410_1R.png	unverified
D90-4-03968	قىزىل بايراق	headword	410_1R.png	unverified
D90-4-03969	قىزىل بويۇن قىليورغا	headword	410_1R.png	unverified
D90-4-03970	قىزىل بويۇن ئۆردەك	headword	410_1R.png	unverified
D90-4-03971	قىزىل بۇرۇن	headword	410_1R.png	unverified
D90-4-03972	قىزىل بۇغداش	headword	410_1R.png	unverified
D90-4-03973	قىزىل بۇغداي	headword	410_2L.png	unverified
D90-4-03974	قىزىل بېلىق	headword	410_2L.png	unverified
D90-4-03975	قىزىل پاچاق	headword	410_2L.png	unverified
D90-4-03976	قىزىل پاچاق قىلىبورغا	headword	410_2L.png	unverified
D90-4-03977	قىزىل پاچاق لاچىن	headword	410_2L.png	unverified
D90-4-03978	قىزىل پاچاق ھەيران	headword	411_1R.png	unverified
D90-4-03979	قىزىل پەرەگكۈل	headword	411_1R.png	unverified
D90-4-03980	قىزىل پەمىلچاي	headword	411_1R.png	unverified
D90-4-03981	قىزىل پۇرچاق	headword	411_1R.png	unverified
D90-4-03982	قىزىل پۇرچاق دەرىخى	headword	411_2L.png	unverified
D90-4-03983	قىزىل پىچانگۈل	headword	411_2L.png	unverified
D90-4-03984	قىزىل پىياز	headword	411_2L.png	unverified
D90-4-03985	قىزىل تال	headword	411_2L.png	unverified
D90-4-03986	قىزىل توپا	headword	411_2L.png	unverified
D90-4-03987	قىزىل توپا رەڭ	headword	411_2L.png	unverified
D90-4-03988	قىزىل تۇغ	headword	412_1R.png	unverified
D90-4-03989	قىزىل تۇمشۇق بېلىقچى	headword	412_1R.png	unverified
D90-4-03990	قىزىل تۆمۈر تاش	headword	412_1R.png	unverified
D90-4-03991	قىزىل تۈلكە	headword	412_1R.png	unverified
D90-4-03992	قىزىل چەش	headword	412_1R.png	unverified
D90-4-03993	قىزىل چەيزە	headword	412_1R.png	unverified
D90-4-03994	قىزىل چوغلۇق	headword	412_2L.png	unverified
D90-4-03995	قىزىل چىراغ	headword	412_2L.png	unverified
D90-4-03996	قىزىل چىقماق	headword	412_2L.png	unverified
D90-4-03997	قىزىل خۇن	headword	412_2L.png	unverified
D90-4-03998	قىزىل دولانا	headword	412_2L.png	unverified
D90-4-03999	قىزىل رەقەم	headword	412_2L.png	verified
D90-4-04000	قىزىل ساپال	headword	412_2L.png	verified
D90-4-04001	قىزىل سايۋا	headword	413_1R.png	unverified
D90-4-04002	قىزىل سۇۋادان	headword	413_1R.png	unverified
D90-4-04003	قىزىل شەمشاد	headword	413_1R.png	unverified
D90-4-04004	قىزىل فوسفور	headword	413_1R.png	unverified
D90-4-04005	قىزىل قارىغاي	headword	413_1R.png	unverified
D90-4-04006	قىزىل قاشقا تۇرنا	headword	413_2L.png	unverified
D90-4-04007	قىزىل قانات ئۆردەك	headword	413_2L.png	unverified
D90-4-04008	قىزىل قان تۇزى	headword	413_2L.png	unverified
D90-4-04009	قىزىل قان دانىچىسى	headword	413_2L.png	unverified
D90-4-04010	قىزىل قان ھۈجەيرىسى	headword	413_2L.png	unverified
D90-4-04011	قىزىل قەغەز ئالماق	headword	413_2L.png	unverified
D90-4-04012	نىكاھ قەغىزى ئالماق	headword	414_1R.png	unverified
D90-4-04013	قىزىل قوچۇر	headword	414_1R.png	unverified
D90-4-04014	قىزىل قولتۇق پاقا	headword	414_1R.png	unverified
D90-4-04015	قىزىل قونداق	headword	414_1R.png	unverified
D90-4-04016	قىزىل قوۋزاق قارىغاي	headword	414_1R.png	unverified
D90-4-04016-v1	ماي قارىغاي	variant	414_1R.png	unverified
D90-4-04017	قىزىل قۇرت	headword	414_1R.png	unverified
D90-4-04018	قىزىل قۇشقاچ	headword	414_2L.png	unverified
D90-4-04019	قىزىل قۇيرۇق بۇلبۇل	headword	414_2L.png	unverified
D90-4-04020	قىزىل قۇيرۇق غورۇلاي	headword	414_2L.png	unverified
D90-4-04021	قىزىل قىيامەت	headword	414_2L.png	unverified
D90-4-04022	قىزىل قىيامەت بولماق	headword	415_1R.png	unverified
D90-4-04023	قىزىل كرېست	headword	415_1R.png	unverified
D90-4-04025	قىزىل كۆكچى	headword	415_1R.png	unverified
D90-4-04026	قىزىل كۈيە	headword	415_1R.png	unverified
D90-4-04027	قىزىل گۋاردىيە	headword	415_1R.png	unverified
D90-4-04028	قىزىل لازا	headword	415_2L.png	unverified
D90-4-04029	قىزىل لەھەل	headword	415_2L.png	unverified
D90-4-04030	قىزىل لەيلى	headword	415_2L.png	unverified
D90-4-04031	قىزىل مارشال	headword	415_2L.png	unverified
D90-4-04032	قىزىل مېۋىلىك شاقاقال	headword	415_2L.png	unverified
D90-4-04032-v1	شاقاقۇل	variant	415_2L.png	unverified
D90-4-04033	قىزىل مىس تاش	headword	415_2L.png	unverified
D90-4-04034	قىزىل ھاراق	headword	415_2L.png	unverified
D90-4-04035	قىزىل ھىلال ئاي جەمئىيىتى	headword	415_2L.png	verified
D90-4-04036	قىزىل ئۆمۈچۈك	headword	416_1R.png	unverified
D90-4-04037	قىزىل ئۈچقۇلاق	headword	416_1R.png	unverified
D90-4-04038	قىزىل ئېچىتقۇ	headword	416_1R.png	unverified
D90-4-04039	قىزىل ئېيىقئۈزۈمى	headword	416_1R.png	unverified
D90-4-04040	قىزىل ياقۇت	headword	416_1R.png	unverified
D90-4-04041	قىزىل يالپۇز	headword	416_2L.png	unverified
D90-4-04042	قىزىل يۇلتۇز	headword	416_2L.png	unverified
D90-4-04043	قىزىل يۈسۈنلەر	headword	416_2L.png	unverified
D90-4-04044	قىزىل يىلىك	headword	416_2L.png	unverified
D90-4-04045	قىزىلاڭ	headword	417_1R.png	unverified
D90-4-04046	قىزىلباش	headword	417_1R.png	unverified
D90-4-04048	قىزىلباشلار	headword	417_1R.png	unverified
D90-4-04049	قىزىلتاسما	headword	417_1R.png	unverified
D90-4-04050	قىزىل-تىزىل	headword	417_1R.png	unverified
D90-4-04051	قىزىلچا	headword	417_1R.png	unverified
D90-4-04053	قىزىلچىلىق	headword	417_1R.png	unverified
D90-4-04054	قىزىلقۇلاق	headword	417_2L.png	unverified
D90-4-04054-v1	كاككەچ	variant	417_2L.png	unverified
D90-4-04055	قىزىلكوس	headword	417_2L.png	unverified
D90-4-04056	قىزىلكۆز	headword	417_2L.png	unverified
D90-4-04057	قىزىلكۆزلۈك	headword	417_2L.png	unverified
D90-4-04058	قىزىلكۆزلۈك قىلماق	headword	417_2L.png	unverified
D90-4-04059	قىزىلگۈل	headword	417_2L.png	unverified
D90-4-04060	قىزىلگۈللۈك	headword	417_2L.png	unverified
D90-4-04061	قىزىللاشتۇرماق	headword	418_1R.png	unverified
D90-4-04062	قىزىللاشتۇرۇلماق	headword	418_1R.png	unverified
D90-4-04063	قىزىللاشماق	headword	418_1R.png	unverified
D90-4-04064	قىزىللىق	headword	418_1R.png	unverified
D90-4-04065	قىزىلمارال	headword	418_1R.png	unverified
D90-4-04066	قىزىل مۇچ	headword	418_2L.png	unverified
D90-4-04067	قىزىلئۆڭگەچ	headword	418_2L.png	unverified
D90-4-04073	قىزىلئىشتان	headword	418_2L.png	unverified
D90-4-04074	قىزىل-يېشىل	headword	418_2L.png	unverified
D90-4-04076	قىزىماق	headword	419_1R.png	unverified
D90-4-04077	قىز-يىگىت	headword	419_1R.png	unverified
D90-4-04078	قىس	headword	419_2L.png	unverified
D90-4-04079	قىساس	headword	419_2L.png	unverified
D90-4-04082	قىساسچى	headword	420_1R.png	unverified
D90-4-04083	قىساسچىلىق	headword	420_1R.png	unverified
D90-4-04084	قىساسخور	headword	420_1R.png	unverified
D90-4-04085	قىساسخورلۇق	headword	420_1R.png	unverified
D90-4-04086	قىساسكار	headword	420_1R.png	unverified
D90-4-04087	قىساسكارلىق	headword	420_2L.png	unverified
D90-4-04088	قىساسلىق	headword	420_2L.png	unverified
D90-4-04089	قىساسنامە	headword	420_2L.png	unverified
D90-4-04090	قىستاتماق	headword	420_2L.png	unverified
D90-4-04091	قىنتاشماق	headword	420_2L.png	unverified
D90-4-04092	قىستاق	headword	420_2L.png	unverified
D90-4-04093	قىستاققا ئالماق	headword	421_1R.png	unverified
D90-4-04094	قىستاقچىلىق	headword	421_1R.png	unverified
D90-4-04099	قىستاڭچىلىق	headword	421_2L.png	unverified
D90-4-04095	قىستا-قىستاڭ	headword	421_1R.png	unverified
D90-4-04096	قىستا-قىستاڭچىلىق	headword	421_1R.png	unverified
D90-4-04097	قىستا-قىستاڭلىق	headword	421_1R.png	unverified
D90-4-04098	قىستاڭ	headword	421_2L.png	unverified
D90-4-04100	قىستاڭغۇ	headword	421_2L.png	unverified
D90-4-04101	قىستاڭلىق	headword	422_1R.png	unverified
D90-4-04102	قىستالماق	headword	422_1R.png	unverified
D90-4-04103	قىستۇرما	headword	422_1R.png	unverified
D90-4-04108	قىستۇرما سۆز	headword	422_2L.png	unverified
D90-4-04109	قىستۇرما سۈرەت	headword	422_2L.png	unverified
D90-4-04109-v1	قىستۇرما رەسىم	variant	422_2L.png	unverified
D90-4-04110	قىستۇرما ئۇلاق	headword	422_2L.png	unverified
D90-4-04111	قىستۇرماق	headword	422_2L.png	unverified
D90-4-04112	قىستۇرۇشماق	headword	423_1R.png	unverified
D90-4-04113	قىستۇرۇقلۇق	headword	423_2L.png	unverified
D90-4-04114	قىستۇرۇلما	headword	423_2L.png	unverified
D90-4-04116	قىستۇرۇلماق	headword	423_2L.png	unverified
D90-4-04117	قىستىلاڭ	headword	423_2L.png	unverified
D90-4-04118	قىستىلىشماق	headword	423_2L.png	unverified
D90-4-04119	قىستىما	headword	423_2L.png	unverified
D90-4-04120	قىستىما خۇلاسە	headword	424_1R.png	unverified
D90-4-04121	قىستىماق	headword	424_1R.png	unverified
D90-4-04122	قەستلىق	headword	424_2L.png	unverified
D90-4-04123	قىسسە	headword	425_1R.png	verified
D90-4-04124	قىسسىخان	headword	425_1R.png	verified
D90-4-04125	قىسسىخانلىق	headword	425_1R.png	unverified
D90-4-04126	قىسقا	headword	425_1R.png	unverified
D90-4-04127	قىسقا ئارىلىققا يۈگۈرۈش	headword	425_2L.png	unverified
D90-4-04128	قىسقا ئارىلىققا يۈگۈرۈش مۇسابىقىسى	headword	425_2L.png	unverified
D90-4-04129	قىسقا ئايلانمىلىق مۇز تېيىلىش مۇسابىقىسى	headword	425_2L.png	unverified
D90-4-04130	قىسقا پاس	headword	426_1R.png	verified
D90-4-04131	قىسقا پەم	headword	426_1R.png	unverified
D90-4-04131-v1	كالتە پەم	variant	426_1R.png	unverified
D90-4-04132	قىسقا تۇتىشىش	headword	426_1R.png	unverified
D90-4-04133	قىسقا دولقۇن	headword	426_1R.png	unverified
D90-4-04134	قىسقا سۆڭەك	headword	426_2L.png	unverified
D90-4-04135	قىسقا قۇيرۇق قارىغۇ چاشقان	headword	426_2L.png	unverified
D90-4-04136	قىسقا مۇددەتلىك ھاۋا رايى مەلۇماتى	headword	426_2L.png	unverified
D90-4-04137	قىسقا مۈڭگۈزلۈك بۆكەن	headword	426_2L.png	unverified
D90-4-04137-v1	بۆكەن كالا	variant	426_2L.png	unverified
D90-4-04138	قىسقا ئويلىماق	headword	426_2L.png	unverified
D90-4-04139	قىسقا يىلتىزلىق ياۋا سامساق	headword	426_2L.png	unverified
D90-4-04140	قىسقاچ	headword	427_1R.png	unverified
D90-4-04141	قىسقارتما	headword	427_1R.png	unverified
D90-4-04142	قىسقارتماق	headword	427_1R.png	unverified
D90-4-04143	قىسقارتىش	headword	427_1R.png	unverified
D90-4-04145	قىسقارتىلما	headword	427_2L.png	unverified
D90-4-04147	قىسقارتىلماق	headword	427_2L.png	unverified
D90-4-04148	قىسقارماق	headword	427_2L.png	unverified
D90-4-04149	قىسقۇچ	headword	428_1R.png	unverified
D90-4-04155	قىسقۇچپاقا	headword	428_2L.png	unverified
D90-4-04156	قىسقۇزماق	headword	428_2L.png	unverified
D90-4-04157	قىسقىچە	headword	428_2L.png	unverified
D90-4-04158	قىسقىرىشچان	headword	428_2L.png	unverified
D90-4-04159	قىسقىرىشچانلىق	headword	428_2L.png	unverified
D90-4-04160	قىسقىسى	headword	428_2L.png	unverified
D90-4-04161	قىسقىلىق	headword	429_1R.png	unverified
D90-4-04162	قىسقىيان	headword	429_1R.png	unverified
D90-4-04163	قىسلىق	headword	429_1R.png	unverified
D90-4-04164	قىسما	headword	429_1R.png	unverified
D90-4-04167	قىسماق	headword	429_1R.png	unverified
D90-4-04168	قىسماققا ئالماق	headword	429_2L.png	unverified
D90-4-04169	قىسماققا چۈشمەك	headword	429_2L.png	unverified
D90-4-04170	قىسماق قۇرماق	headword	429_2L.png	unverified
D90-4-04174	قىسماقدىماق	headword	430_2L.png	unverified
D90-4-04175	قىسما-قىسما	headword	430_2L.png	unverified
D90-4-04176	قىسمەت	headword	430_2L.png	unverified
D90-4-04177	قىسمەتلىك	headword	431_1R.png	unverified
D90-4-04178	قىسمەن	headword	431_1R.png	unverified
D90-4-04180	قىسمەن سۈپەت ئۆزگىرىشى	headword	431_2L.png	unverified
D90-4-04181	قىسمەن ماس مۇناسىۋەت	headword	431_2L.png	unverified
D90-4-04182	قىسمەن ھەجىملىك	headword	431_2L.png	unverified
D90-4-04183	قىسمەنلىك	headword	431_2L.png	unverified
D90-4-04184	قىسىپ	headword	431_2L.png	unverified
D90-4-04185	قىسىپ داۋالاش ئۈسۇلى	headword	432_1R.png	unverified
D90-4-04186	قىسىر	headword	432_1R.png	unverified
D90-4-04187	قىسىر قالماق	headword	432_1R.png	unverified
D90-4-04188	قىسىرماق	nonstandard	432_1R.png	unverified
D90-4-04189	قىسىش	headword	432_1R.png	unverified
D90-4-04191	قىسىشتۇرماق	headword	432_1R.png	unverified
D90-4-04192	قىسىشماق	headword	432_1R.png	unverified
D90-4-04193	قىسىق	headword	432_1R.png	unverified
D90-4-04194	قىسىقلىق	headword	432_2L.png	unverified
D90-4-04195	قىسىلچاق	headword	432_2L.png	unverified
D90-4-04197	قىسىلدۇرماق	headword	432_2L.png	unverified
D90-4-04198	قىسىلماق	headword	433_1R.png	unverified
D90-4-04199	قىسىلىشماق	headword	433_1R.png	unverified
D90-4-04200	قىسىم	headword	433_1R.png	unverified
D90-4-04201	قىسىم تۈرى	headword	433_2L.png	verified
D90-4-04203	قىسىملىق	headword	433_2L.png	unverified
D90-4-04204	قىسىنچىلىق	headword	433_2L.png	unverified
D90-4-04205	قىسىنماق	headword	434_1R.png	unverified
D90-4-04206	قىسىي	headword	434_1R.png	unverified
D90-4-04207	قىسىي قالماق	headword	434_1R.png	unverified
D90-4-04208	قىش	headword	434_1R.png	unverified
D90-4-04209	قىشايماق ( توغرىسى: قىيسايماق) قىيسايماق	headword	434_2L.png	verified
D90-4-04210	قىشقى	headword	434_2L.png	verified
D90-4-04217	قىشلىق	headword	434_2L.png	unverified
D90-4-04211	قىش-قىراۋ	headword	434_2L.png	verified
D90-4-04212	قىشقىل	headword	434_2L.png	verified
D90-4-04213	قىشلاتماق	headword	434_2L.png	unverified
D90-4-04214	قىشلاشماق	headword	434_2L.png	unverified
D90-4-04215	قىشلاق	headword	434_2L.png	unverified
D90-4-04216	قىشلايدىغان	headword	434_2L.png	unverified
D90-4-04218	قىشلىق بىخ	headword	435_1R.png	unverified
D90-4-04219	قىشلىق تەتىل	headword	435_1R.png	unverified
D90-4-04220	قىشلىق تەنھەرىكەت	headword	435_1R.png	unverified
D90-4-04221	قىشلىق سپورا	headword	435_1R.png	unverified
D90-4-04222	قىشلىق كۈن توختىشى	headword	435_1R.png	unverified
D90-4-04223	قىشلىق لىمون	headword	435_2L.png	unverified
D90-4-04224	قىشلىق موگۇ	headword	435_2L.png	unverified
D90-4-04225	قىشلىق ئولىمپىك تەنھەرىكەت يىغىنى	headword	435_2L.png	unverified
D90-4-04226	قىشلىق ئۇيقۇ	headword	435_2L.png	unverified
D90-4-04226-v1	ئۈچەك	variant	435_2L.png	unverified
D90-4-04227	قىشلىق يايلاق	headword	435_2L.png	unverified
D90-4-04228	قىشلىقى	headword	435_2L.png	unverified
D90-4-04229	قىشلىماق	headword	435_2L.png	unverified
D90-4-04230	قىشۇياز	headword	436_1R.png	unverified
D90-4-04231	قىشىچە	headword	436_1R.png	unverified
D90-4-04232	قىش-ياز	headword	436_1R.png	unverified
D90-4-04233	قىغچى	headword	436_1R.png	unverified
D90-4-04234	قىغسىز	headword	436_1R.png	unverified
D90-4-04235	قىغ-قات	headword	436_1R.png	unverified
D90-4-04236	قىغلاتماق	headword	436_1R.png	unverified
D90-4-04237	قىغلاشماق	headword	436_1R.png	unverified
D90-4-04238	قىغلىق	headword	436_1R.png	unverified
D90-4-04239	قىغلىماق	headword	436_2L.png	unverified
D90-4-04240	قىق	headword	436_2L.png	unverified
D90-4-04241	قىقۇ-ماچۇ	headword	436_2L.png	unverified
D90-4-04242	قىڭراق	headword	436_2L.png	unverified
D90-4-04244	قىڭراق سۆڭەك	headword	436_2L.png	unverified
D90-4-04244-v1	پاقالچاق سۆڭىكى	variant	436_2L.png	unverified
D90-4-04245	قىڭراقتۇش	headword	436_2L.png	verified
D90-4-04246	قىڭغايتماق	headword	436_2L.png	unverified
D90-4-04247	قىڭغايماق	headword	437_1R.png	unverified
D90-4-04248	قىڭغىر	headword	437_1R.png	unverified
D90-4-04249	قىڭغىر تۇمشۇق قىليورغا	headword	437_2L.png	unverified
D90-4-04250	قىڭغىر دەسسىمەك	headword	437_2L.png	unverified
D90-4-04251	قىڭغىر قوللۇق قىلماق	headword	437_2L.png	unverified
D90-4-04252	قىڭغىر گەپ	headword	437_2L.png	unverified
D90-4-04253	قىڭغىر گەپ قىلماق	headword	438_1R.png	unverified
D90-4-04253-v1	ياپتا گەپ قىلماق	variant	438_1R.png	unverified
D90-4-04254	قىڭغىر ئېغىز	headword	438_1R.png	unverified
D90-4-04255	قىڭغىر يول	headword	438_1R.png	unverified
D90-4-04256	قىڭغىر-سىڭغىر	headword	438_1R.png	unverified
D90-4-04257	قىڭغىر-قىيسىق	headword	438_1R.png	unverified
D90-4-04258	قىڭغىرلىق	headword	438_1R.png	unverified
D90-4-04259	قىڭغىر-مايماق	headword	438_2L.png	unverified
D90-4-04260	قىل	headword	438_2L.png	unverified
D90-4-04263	قىل تەۋرىمەسلىك	headword	438_2L.png	unverified
D90-4-04264	قىل تومۇر	headword	439_1R.png	unverified
D90-4-04265	قىل چاغلىق	headword	439_1R.png	unverified
D90-4-04266	قىلدىن قىيىق كەتمەك	headword	439_1R.png	unverified
D90-4-04268	قىلدىن قىيسىق كەتسە	headword	439_1R.png	verified
D90-4-10241	قىلدىن قىيىق كەتسە	headword	439_1R.png	verified
D90-4-10242	قىلدىن قىيىق كەتمۈدەك بولسا	headword	439_1R.png	verified
D90-4-10243	قىلدىن ئىنچىكە	headword	439_2L.png	verified
D90-4-10244	قىل سىغماسلىق	headword	439_2L.png	verified
D90-4-04269	قىل قالماق	headword	439_2L.png	unverified
D90-4-04270	قىل قان تومۇر	headword	440_1R.png	verified
D90-4-04271	قىل كۆتۈرمەيدۇ	headword	440_1R.png	unverified
D90-4-04272	قىلنى پىل قىلماق	headword	440_1R.png	unverified
D90-4-04273	قىلنى پىل قورسىتىمەك	headword	440_1R.png	unverified
D90-4-04274	قىلنى قىرىق يارماق	headword	440_2L.png	unverified
D90-4-04275	قىل ھەرە	headword	440_2L.png	unverified
D90-4-04276	قىل ئۆتكۈزمەسلىك	headword	440_2L.png	unverified
D90-4-04277	قىل ئۈستىدە	headword	440_2L.png	unverified
D90-4-04278	قىل ئۈستىدە تۇرماق	headword	441_1R.png	unverified
D90-4-04279	قىل ئۈستىدە قالماق	headword	441_1R.png	unverified
D90-4-04280	قىلىغا چىقالماسلىق	headword	441_1R.png	unverified
D90-4-04281	قىلىغا تەگمەسلىك	headword	441_1R.png	unverified
D90-4-04282	قىل يوپۇرماقلىق ئەمەن	headword	441_1R.png	unverified
D90-4-04283	قىل يوپۇرماقلىق شىۋاق	headword	441_1R.png	unverified
D90-4-04284	قىل يوپۇرماقلىق قارىغاي	headword	441_1R.png	unverified
D90-4-04285	قىلات	headword	441_2L.png	unverified
D90-4-04286	قىلاتىنى چىقارماق	headword	441_2L.png	unverified
D90-4-04287	قىلتاجى	headword	441_2L.png	unverified
D90-4-04288	قىلتاق	headword	441_2L.png	unverified
D90-4-04289	قىلتاققا چۈشمەك	headword	442_1R.png	unverified
D90-4-04290	قىلتاققا دەسسىمەك	headword	442_1R.png	unverified
D90-4-04291	قىلتاققا ئىلىنماق	headword	442_1R.png	unverified
D90-4-04292	قىلتاق قويماق	headword	442_1R.png	unverified
D90-4-04293	قىلتاق قۇرماق	headword	442_2L.png	unverified
D90-4-04294	قىلتاقچى	headword	442_2L.png	unverified
D90-4-04295	قىلتاقچىلىق	headword	442_2L.png	unverified
D90-4-04296	قىلتاماق	headword	442_2L.png	unverified
D90-4-04296-v1	قىزىلئۆڭگەچ راكى	variant	442_2L.png	unverified
D90-4-04297	قىلتىرىق	headword	442_2L.png	unverified
D90-4-04298	قىلتىرىقسىز	headword	442_2L.png	unverified
D90-4-04299	قىلتىرىقسىز ئارپىخان	headword	443_1R.png	unverified
D90-4-04300	قىلتىرىقلىق	headword	443_1R.png	unverified
D90-4-04301	قىلتىرىقلىق مېۋە	headword	443_1R.png	unverified
D90-4-04302	قىلچاق	headword	443_1R.png	unverified
D90-4-04304	قىلچە	headword	443_1R.png	unverified
D90-4-04305	قىلچىق	headword	443_1R.png	unverified
D90-4-04306	قىلچىلىك	headword	443_2L.png	unverified
D90-4-04307	قىلچىمۇ	headword	443_2L.png	unverified
D90-4-04308	قىلدەك	headword	443_2L.png	unverified
D90-4-04309	قىلدەك تولغانماق	headword	443_2L.png	unverified
D90-4-04309-v1	ئوتقا چۈشكەن قىلدەك تولغانماق	variant	443_2L.png	unverified
D90-4-04310	قىلدۇرماق	headword	443_2L.png	unverified
D90-4-04311	قىلدۇرۇلماق	headword	444_1R.png	verified
D90-4-04312	قىلغان - ئەتكەن	headword	444_1R.png	unverified
D90-4-04313	قىلغۇلۇق	headword	444_1R.png	unverified
D90-4-04314	قىلقاش	headword	444_2L.png	unverified
D90-4-04315	قىلقۇرت	headword	444_2L.png	unverified
D90-4-04316	قىلقۇرت كېسەللىكى	headword	444_2L.png	unverified
D90-4-04317	قىلقۇرت يېمەلە	headword	444_2L.png	unverified
D90-4-04318	قىل-قىل	headword	444_2L.png	unverified
D90-4-04319	قىل-قىل قالماق	headword	444_2L.png	unverified
D90-4-04320	قىلماق	headword	444_2L.png	unverified
D90-4-04322	قىلغىلى قىلىق تاپالماسلىق	headword	446_2L.png	unverified
D90-4-04323	قىلمىش	headword	446_2L.png	unverified
D90-4-04324	قىلمىش-ئەتمىش	headword	446_2L.png	unverified
D90-4-04325	قىلمىغان	headword	447_1R.png	unverified
D90-4-04326	قىلمىغىنى قالماسلىق	headword	447_1R.png	unverified
D90-4-04327	قىلۋا	nonstandard	447_1R.png	unverified
D90-4-04328	قىلىچ	headword	447_1R.png	unverified
D90-4-04333	قىلىچىنى يالىڭاچلىماق	headword	447_2L.png	unverified
D90-4-04334	قىلىچلىماق	headword	447_2L.png	verified
D90-4-04335	قىلىچلىشماق	headword	447_2L.png	unverified
D90-4-04336	قىلىچلانماق	headword	447_2L.png	unverified
D90-4-04338	قىلىچۋاز	headword	447_2L.png	unverified
D90-4-04339	قىلىچۋازلىق	headword	448_1R.png	unverified
D90-4-04341	قىلىشماق	headword	448_1R.png	unverified
D90-4-04342	قىلىق	headword	448_1R.png	unverified
D90-4-04343	قىلىق چىقارماق	headword	448_2L.png	unverified
D90-4-04344	قىلىقسىز	headword	448_2L.png	unverified
D90-4-04345	قىلىقسىزلىق	headword	449_1R.png	unverified
D90-4-04346	قىلىقلانماق	headword	449_1R.png	unverified
D90-4-04347	قىلىقلىق	headword	449_1R.png	unverified
D90-4-04348	قىلىنماق	headword	449_1R.png	unverified
D90-4-04349	قىليورغا	headword	449_2L.png	unverified
D90-4-04350	قىليىلان	headword	449_2L.png	unverified
D90-4-04351	قىم	headword	449_2L.png	unverified
D90-4-04352	قىماپ	headword	449_2L.png	unverified
D90-4-04353	قىمار	headword	449_2L.png	unverified
D90-4-04354	قىمارغا تىكمەك	headword	450_1R.png	unverified
D90-4-04354-v1	دو تىكمەك	variant	450_1R.png	unverified
D90-4-04355	قىمارخانا	headword	450_1R.png	unverified
D90-4-04356	قىمارۋاز	headword	450_1R.png	unverified
D90-4-04357	قىمارۋازلىق	headword	450_1R.png	unverified
D90-4-04358	قىمدىماق	headword	450_2L.png	unverified
D90-4-04359	قىمدىنماق	headword	450_2L.png	unverified
D90-4-04360	قىمشىتماق	headword	450_2L.png	unverified
D90-4-04361	قىمشىماق	headword	450_2L.png	unverified
D90-4-04362	قىم-قىم	headword	450_2L.png	unverified
D90-4-04363	قىممەت	headword	450_2L.png	unverified
D90-4-04369	قىممەتچى	headword	452_1R.png	unverified
D90-4-04370	قىممەتچىلىك	headword	452_1R.png	unverified
D90-4-04371	قىممەتداش	headword	452_1R.png	unverified
D90-4-04372	قىممەتسىنماق	headword	452_1R.png	unverified
D90-4-04373	قىممەتلىتمەك	headword	452_1R.png	unverified
D90-4-04374	قىممەتلەشتۈرمەك	headword	452_1R.png	unverified
D90-4-04375	قىممەتلەشمەك	headword	452_1R.png	unverified
D90-4-04376	قىممەتلىك	headword	452_1R.png	unverified
D90-4-04377	قىممەتلىنمەك	headword	452_2L.png	unverified
D90-4-04378	قىمىر قىلماق	headword	452_2L.png	unverified
D90-4-04379	قىمىر-چىمىر	headword	453_1R.png	unverified
D90-4-04380	قىمىر-سىدىر	headword	453_1R.png	unverified
D90-4-04381	قىمىر-سىدىر قىلماسلىق	headword	453_1R.png	unverified
D90-4-04382	قىمىر-قىمىر	headword	453_1R.png	unverified
D90-4-04383	قىمىرلاتماق	headword	453_1R.png	unverified
D90-4-04384	قىمىرلاشماق	headword	453_1R.png	unverified
D90-4-04385	قىمىرلىماق	headword	453_1R.png	unverified
D90-4-04386	قىمىرلاپ قويمىسلىق	headword	453_2L.png	unverified
D90-4-04387	قىمىز	headword	453_2L.png	unverified
D90-4-04388	قىمىلداتماق	headword	453_2L.png	unverified
D90-4-04389	قىمىلداشماق	headword	453_2L.png	unverified
D90-4-04390	قىمىلدىماق	headword	453_2L.png	unverified
D90-4-04391	قىن	headword	453_2L.png	unverified
D90-4-04392	قىنىغا پاتماسلىق	headword	454_1R.png	unverified
D90-4-04393	قىنىغا پاتماي قالماق	headword	454_1R.png	unverified
D90-4-04394	قىنىغا پاتماي كەتمەك	headword	454_1R.png	unverified
D90-4-04395	قىنىغا چۈشمەك	headword	454_2L.png	unverified
D90-4-04396	قىنىغا سالماق	headword	454_2L.png	unverified
D90-4-04397	قىنىغا سىغماسلىق	headword	454_2L.png	unverified
D90-4-04398	قىن-قىنى	headword	454_2L.png	unverified
D90-4-04399	قىن-قىنىغا پاتماسلىق	headword	454_2L.png	unverified
D90-4-04400	قىن-قىنىغا پاتماي قالماق	headword	454_2L.png	unverified
D90-4-04402	قىناق	headword	455_1R.png	unverified
D90-4-04404	قىنلىق	headword	455_1R.png	unverified
D90-4-04405	قىنىماق	headword	455_1R.png	unverified
D90-4-04406	قىھ	headword	455_1R.png	unverified
D90-4-04407	قىيا	headword	455_2L.png	unverified
D90-4-04409	قىيا تاش	headword	456_1R.png	unverified
D90-4-04410	قىيا رەسىملىرى	headword	456_1R.png	unverified
D90-4-04411	قىيا كۆزىنى سالماق	headword	456_1R.png	unverified
D90-4-04412	قىياپەت	headword	456_1R.png	unverified
D90-4-04413	قىياپەت تەسۋىرى	headword	456_2L.png	unverified
D90-4-04414	قىياپىتىنى بۇزماق	headword	456_2L.png	unverified
D90-4-04415	قىياپىتى ئۆزگەرمەك	headword	456_2L.png	unverified
D90-4-04416	قىياپەتشۇناس	headword	456_2L.png	unverified
D90-4-04417	قىياپەتلىك	headword	457_1R.png	unverified
D90-4-04418	قىيا-چىيا	headword	457_1R.png	unverified
D90-4-04419	قىيا-چىيا قىلماق	headword	457_1R.png	unverified
D90-4-04420	قىيا-چىيا كۆتۈرمەك	headword	457_1R.png	unverified
D90-4-04421	قىياس	headword	457_2L.png	unverified
D90-4-04422	قىياس ئەتمەك	headword	457_2L.png	unverified
D90-4-04423	قىياس قىلماق	headword	457_2L.png	unverified
D90-4-04425	قىياسەن	headword	457_2L.png	unverified
D90-4-04426	قىياسىي	headword	458_1R.png	unverified
D90-4-04427	قىياق	headword	458_1R.png	unverified
D90-4-04429	قىياقلىق	headword	458_1R.png	unverified
D90-4-04430	قىيالىق	headword	458_1R.png	unverified
D90-4-04431	قىيام	headword	458_2L.png	unverified
D90-4-04432	قىيام بولماق	headword	458_2L.png	unverified
D90-4-04433	قىيامىغا كەلمەك	headword	458_2L.png	unverified
D90-4-04434	قىيامىغا يەتمەك	headword	458_2L.png	unverified
D90-4-04436	قىيامەت	headword	459_1R.png	unverified
D90-4-04437	قىيامەت ئازابىنى تارتماق	headword	459_2L.png	unverified
D90-4-04438	قىيامەت بولماق	headword	459_2L.png	unverified
D90-4-04439	قىيامەت قايىم	headword	460_1R.png	unverified
D90-4-04440	قىيامەت قايىم بولماق	headword	460_1R.png	unverified
D90-4-04441	قىيامەت قايىم قوپماق	headword	460_1R.png	unverified
D90-4-04442	قىيامەت قەرزى	headword	460_1R.png	unverified
D90-4-04443	قىيامەتگاھ	headword	460_2L.png	verified
D90-4-04444	قىيامەتلىك	headword	460_2L.png	unverified
D90-4-04447	قىيان	headword	460_2L.png	unverified
D90-4-04448	قىيان-تاشقىن	headword	460_2L.png	unverified
D90-4-04449	قىيانلىق	headword	460_2L.png	unverified
D90-4-04450	قىيپاش	headword	461_1R.png	unverified
D90-4-04451	قىيپاشلانماق	headword	461_1R.png	unverified
D90-4-04452	قىيپاشلىق	headword	461_1R.png	unverified
D90-4-04453	قىي-چۇ	headword	461_1R.png	unverified
D90-4-04455	قىيدامچى	headword	461_2L.png	unverified
D90-4-04456	قىيدۇرماق	headword	461_2L.png	unverified
D90-4-04457	قىيدۇرۇشماق	headword	461_2L.png	unverified
D90-4-04458	قىيدۇرۇلماق	headword	461_2L.png	unverified
D90-4-04459	قىيسايتماق	headword	461_2L.png	unverified
D90-4-04460	قىيسايتىشماق	headword	461_2L.png	unverified
D90-4-04461	قىيسايتىلماق	headword	461_2L.png	unverified
D90-4-04462	قىيسايماق	headword	461_2L.png	unverified
D90-4-04463	قىيسىق	headword	462_1R.png	unverified
D90-4-04466	قىيسىيىشماق	headword	462_1R.png	unverified
D90-4-04467	قىيشايماق	nonstandard	462_2L.png	unverified
D90-4-04468	قىيشىق	nonstandard	462_2L.png	unverified
D90-4-04469	قىيغاتماق	headword	462_2L.png	unverified
D90-4-04470	قىيغاچ	headword	462_2L.png	unverified
D90-4-04471	قىيغىتىشماق	headword	462_2L.png	unverified
D90-4-04472	قىيقاس	headword	463_1R.png	unverified
D90-4-04473	قىيقاس سالماق	headword	463_1R.png	unverified
D90-4-04474	قىيقاس-چۇقان	headword	463_1R.png	unverified
D90-4-04475	قىيقاس-چۇقان سالماق	headword	463_1R.png	unverified
D90-4-04476	قىيقاس-چۇقان كۆتۈرمەك	headword	463_1R.png	unverified
D90-4-04477	قىيقاس-سۈرەن	headword	463_1R.png	unverified
D90-4-04478	قىيقىتمەلك	headword	463_2L.png	unverified
D90-4-04479	قىيما	headword	463_2L.png	unverified
D90-4-04485	قىيما-چىيما	headword	463_2L.png	unverified
D90-4-04488	قىيما-قىيما	headword	464_1R.png	unverified
D90-4-04488-v1	قىيما-چىيما قىلماق	variant	464_1R.png	unverified
D90-4-04489	قىيما-قىيما قىلماق	headword	464_1R.png	unverified
D90-4-04490	قىيماق	headword	464_1R.png	unverified
D90-4-04491	قىيمىلاتماق	headword	464_1R.png	unverified
D90-4-04492	قىيمىلانماق	headword	464_1R.png	unverified
D90-4-04493	قىيمىلىق	headword	464_2L.png	unverified
D90-4-04497	قىيمىلىماق	headword	464_2L.png	unverified
D90-4-04498	قىيناپ	headword	464_2L.png	unverified
D90-4-04500	قىپناتماق	headword	464_2L.png	unverified
D90-4-04501	قىيناشماق	headword	464_2L.png	unverified
D90-4-04502	قىيناق	headword	464_2L.png	unverified
D90-4-04503	قىيناقخانا	headword	465_1R.png	unverified
D90-4-04504	قىينالماق	headword	465_1R.png	unverified
D90-4-04505	قىينىماق	headword	465_1R.png	unverified
D90-4-04506	قىيىشماق	headword	465_2L.png	unverified
D90-4-04507	قىيىق	headword	465_2L.png	unverified
D90-4-04509	قىيىقچە	headword	465_2L.png	unverified
D90-4-04510	قىيىقلىق	headword	465_2L.png	unverified
D90-4-04512	قىيىلماق	headword	466_1R.png	unverified
D90-4-04513	قىيىن	headword	466_1R.png	unverified
D90-4-04514	قىيىن تۇغۇت	headword	466_2L.png	unverified
D90-4-04515	قىيىنغا چۈشمەك	headword	466_2L.png	unverified
D90-4-04515-v1	تەسكە چۈشمەك	variant	466_2L.png	unverified
D90-4-04516	قىيىن كۈنگە قالماق	headword	466_2L.png	unverified
D90-4-04516-v1	تەسكە كۈنگە قالماق	variant	466_2L.png	unverified
D90-4-04517	قىيىنچىلىق	headword	466_2L.png	unverified
D90-4-04518	قىيىنچىلىق تارتماق	headword	467_1R.png	unverified
D90-4-04519	قىيىنچىلىقسىز	headword	467_1R.png	unverified
D90-4-04520	قىيىنداق	headword	467_1R.png	unverified
D90-4-04521	قىيىندى	headword	467_1R.png	unverified
D90-4-04522	قىيىنسىنماق	headword	467_1R.png	unverified
D90-4-04523	قىيىن-قىستاق	headword	467_1R.png	unverified
D90-4-04524	قىيىن-قىستاققا ئالماق	headword	467_2L.png	unverified
D90-4-04525	قىيىنلاشتۇرماق	headword	467_2L.png	unverified
D90-4-04526	قىيىنلاشتۇرۇلماق	headword	467_2L.png	unverified
D90-4-04527	قىيىنلاشماق	headword	467_2L.png	unverified
D90-4-04528	قىيىنلىق	headword	467_2L.png	unverified
D90-4-04529	ك	headword	468_1R.png	unverified
D90-4-04530	كابېل	headword	468_1R.png	unverified
D90-4-04531	كابىنكا	headword	468_1R.png	unverified
D90-4-04532	كاپىنېت	headword	468_2L.png	unverified
D90-4-04532-v1	ئىشخانا	variant	468_2L.png	unverified
D90-4-04533	كاپ	headword	468_2L.png	unverified
D90-4-04534	كاپقا تارتماق	headword	468_2L.png	unverified
D90-4-04535	كاپقا كەلمەك	headword	468_2L.png	unverified
D90-4-04538	كاپ ئەتمەك	headword	469_1R.png	unverified
D90-4-04539	كاپ قىلماق	headword	469_1R.png	unverified
D90-4-04540	كاپالەت	headword	469_1R.png	unverified
D90-4-04541	كاپالەت بەرمەك	headword	469_1R.png	unverified
D90-4-04542	كاپالەتسىز	headword	469_1R.png	unverified
D90-4-04543	كاپالەتلەندۈرمەك	headword	469_1R.png	unverified
D90-4-04544	كاپالەتلەندۈرۈلمەك	headword	469_2L.png	unverified
D90-4-04545	كاپالەتلەنمەك	headword	469_2L.png	unverified
D90-4-04546	كاپالەتلىك	headword	469_2L.png	unverified
D90-4-04548	كاپالەتنامە	headword	469_2L.png	unverified
D90-4-04549	كاپام	headword	469_2L.png	unverified
D90-4-04550	كاپاملاتماق	headword	470_1R.png	unverified
D90-4-04551	كاپاملاشماق	headword	470_1R.png	unverified
D90-4-04552	كاپاملىماق	headword	470_1R.png	unverified
D90-4-04553	كاپپىدە	headword	470_1R.png	unverified
D90-4-04554	كاپراس	headword	470_1R.png	verified
D90-4-04555	كاپرون	headword	470_1R.png	verified
D90-4-04556	كاپرىس	headword	470_1R.png	unverified
D90-4-04557	كاپسۇل	headword	470_1R.png	unverified
D90-4-04559	كاپشىتماق	headword	470_2L.png	unverified
D90-4-04560	كاپشىشماق	headword	470_2L.png	unverified
D90-4-04561	كاپشىماق	headword	470_2L.png	unverified
D90-4-04562	كاپكاپ	headword	470_2L.png	unverified
D90-4-04562-v1	مامكاپ	variant	470_2L.png	unverified
D90-4-04563	كاپكازچە	headword	470_2L.png	unverified
D90-4-04564	كاپ-كۆپ	headword	470_2L.png	unverified
D90-4-04565	كاپلاتماق	headword	470_2L.png	unverified
D90-4-04566	كاپلاشماق	headword	470_2L.png	unverified
D90-4-04567	كاپلانماق	headword	470_2L.png	unverified
D90-4-04568	كاپلىغۇچ	headword	471_1R.png	unverified
D90-4-04569	كاپلىماق	headword	471_1R.png	unverified
D90-4-04570	كاپوت	headword	471_1R.png	unverified
D90-4-04571	كاپۇر	headword	471_1R.png	unverified
D90-4-04571-v1	كامغارا	variant	471_1R.png	unverified
D90-4-04572	كاپىتال	headword	471_1R.png	unverified
D90-4-04575	كاپىتالنىڭ ئايلىنىشى	headword	471_2L.png	unverified
D90-4-04576	كاپىتالنىڭ توپلىنىشى	headword	471_2L.png	unverified
D90-4-04577	كاپىتالنىڭ جۇغلىنىشى	headword	471_2L.png	unverified
D90-4-04578	كاپىتالنىڭ مەركەزلىشىشى	headword	471_2L.png	unverified
D90-4-04579	كاپىتالنىڭ ئوبوروت سۈرئىتى	headword	472_1R.png	unverified
D90-4-04580	كاپىتالنىڭ ئېشىشى	headword	472_1R.png	unverified
D90-4-04581	كاپىتال ئوبوروتى	headword	472_1R.png	unverified
D90-4-04582	كاپىتاللىق	headword	472_1R.png	unverified
D90-4-04583	كاپىتالىزم	headword	472_1R.png	unverified
D90-4-04584	كاپىتالىست	headword	472_1R.png	unverified
D90-4-04585	كاپىتالىستىك	headword	472_1R.png	unverified
D90-4-04587	كاپىتان	headword	472_2L.png	unverified
D90-4-04588	كاپىر	headword	472_2L.png	unverified
D90-4-04589	كاپىرلىق	headword	472_2L.png	unverified
D90-4-04590	كاپىلداشماق	headword	472_2L.png	unverified
D90-4-04592	كاپىلدىماق	headword	473_1R.png	unverified
D90-4-04593	كاپىلليار	headword	473_1R.png	unverified
D90-4-04595	كاپىلليارلىق	headword	473_1R.png	unverified
D90-4-04598	كات	headword	473_2L.png	unverified
D90-4-04600	كاتاپ	headword	473_2L.png	unverified
D90-4-04601	كاتاڭ	headword	473_2L.png	unverified
D90-4-04602	كاتاڭلاشماق	headword	473_2L.png	unverified
D90-4-04603	كاتاڭلىق	headword	473_2L.png	unverified
D90-4-04604	كاتالپا	headword	473_2L.png	unverified
D90-4-04605	كاتالوگ	headword	473_2L.png	unverified
D90-4-04606	كاتالىزاتور	headword	473_2L.png	unverified
D90-4-04607	كاتالىزاتورلۇق	headword	474_1R.png	unverified
D90-4-04608	كاتام	nonstandard	474_1R.png	unverified
D90-4-04608-c1	كاتال	corrected_form	474_1R.png	unverified
D90-4-04609	كاتايا	headword	474_1R.png	unverified
D90-4-04609-v1	كاتايا دەرىخى	variant	474_1R.png	unverified
D90-4-04611	كاتەك	headword	474_1R.png	unverified
D90-4-04612	كاتەكتەك	headword	474_1R.png	unverified
D90-4-04613	كاتەكچە	headword	474_1R.png	unverified
D90-4-04615	كاتەكلىك	headword	474_2L.png	unverified
D90-4-04616	كاتتا	headword	474_2L.png	unverified
D90-4-04617	كاتتىباش	headword	474_2L.png	unverified
D90-4-04618	كاتتىلىق	headword	475_1R.png	unverified
D90-4-04619	كاتلېت	headword	475_1R.png	unverified
D90-4-04620	كاتھىندى	headword	475_1R.png	unverified
D90-4-04621	كاتود	headword	475_1R.png	unverified
D90-4-04622	كاتود نۇرلىرى	headword	475_2L.png	unverified
D90-4-04623	كاتولىك	headword	475_2L.png	unverified
D90-4-04624	كاتولىك دىنى	headword	475_2L.png	unverified
D90-4-04625	كاتۇشكا	headword	475_2L.png	unverified
D90-4-04626	كاتېت	headword	475_2L.png	unverified
D90-4-04627	كاتېر	headword	475_2L.png	unverified
D90-4-04628	كاتېگورىيە	headword	475_2L.png	unverified
D90-4-04629	كاتىبات	headword	476_1R.png	unverified
D90-4-04630	كاتىباتلىق	headword	476_1R.png	unverified
D90-4-04631	كاتىپ	headword	476_1R.png	unverified
D90-4-04632	كاتىپلىق	headword	476_1R.png	unverified
D90-4-04633	كاتىۋال	headword	476_1R.png	unverified
D90-4-04634	كاتىۋاللىق	headword	476_1R.png	unverified
D90-4-04635	كاتيۇشا	headword	476_2L.png	verified
D90-4-04636	كاج	headword	476_2L.png	unverified
D90-4-04637	كاج پەلەك	headword	476_2L.png	unverified
D90-4-04638	كاج پېشانە	headword	476_2L.png	unverified
D90-4-04638-v1	تەتۈر پېشانە	variant	476_2L.png	unverified
D90-4-04639	كاج تەقدىر	headword	476_2L.png	unverified
D90-4-04640	كاج تەلەي	headword	476_2L.png	unverified
D90-4-04641	كاج زامان	headword	477_1R.png	unverified
D90-4-04642	كاجانىس	headword	477_1R.png	unverified
D90-4-04643	كاجانىس چاتقىلى	headword	477_1R.png	unverified
D90-4-04644	كاجلارچە	headword	477_1R.png	unverified
D90-4-04645	كاجلاشتۇرماق	headword	477_1R.png	unverified
D90-4-04646	كاجلاشماق	headword	477_1R.png	unverified
D90-4-04647	كاجلىق	headword	477_1R.png	unverified
D90-4-04649	كاجۇ	headword	477_2L.png	unverified
D90-4-04650	كاجۇپ	headword	477_2L.png	unverified
D90-4-04651	كاجۇۋا	headword	477_2L.png	unverified
D90-4-04653	كاچات	headword	477_2L.png	unverified
D90-4-04654	كاچات سالماق	headword	478_1R.png	unverified
D90-4-04655	كاچات يېمەك	headword	478_1R.png	unverified
D90-4-04656	كاچاتلاتماق	headword	478_1R.png	unverified
D90-4-04657	كاچاتلاشماق	headword	478_1R.png	unverified
D90-4-04658	كاچاتلىماق	headword	478_1R.png	unverified
D90-4-04659	كاچكۇل	headword	478_1R.png	unverified
D90-4-04660	كاخېكسىيە	headword	478_1R.png	unverified
D90-4-04661	كاداڭ	nonstandard	478_1R.png	unverified
D90-4-04661-c1	كارداق	corrected_form	478_1R.png	unverified
D90-4-04662	كادمىي	headword	478_2L.png	unverified
D90-4-04663	كادىر	headword	478_2L.png	unverified
D90-4-04664	كادىرلىق	headword	478_2L.png	unverified
D90-4-04665	كار	headword	478_2L.png	unverified
D90-4-04667	كارغا يارىماق	headword	479_1R.png	unverified
D90-4-04667-v1	كارغا كەلمەك	variant	479_1R.png	unverified
D90-4-04668	كار قىلماق	headword	479_1R.png	unverified
D90-4-04669	كارى بولماسلىق	headword	479_1R.png	unverified
D90-4-04670	كارى چاغلىق	headword	479_1R.png	unverified
D90-4-04671	كارى يوق	headword	479_1R.png	unverified
D90-4-04673	كارات	headword	479_2L.png	unverified
D90-4-04674	كاراس	headword	479_2L.png	unverified
D90-4-04675	كاراسسىدە	headword	479_2L.png	unverified
D90-4-04676	كاراس-كاراس	headword	479_2L.png	unverified
D90-4-04677	كاراس-كۇرۇس	headword	479_2L.png	unverified
D90-4-04678	كاراسلاتماق	headword	479_2L.png	unverified
D90-4-04679	كاراك	headword	479_2L.png	verified
D90-4-04680	كارامەت	headword	479_2L.png	unverified
D90-4-04681	كارامەت قىلماق	headword	480_1R.png	unverified
D90-4-04682	كارامەت كۆرسەتمەك	headword	480_1R.png	unverified
D90-4-04683	كارامىتى ئاشكارا بولماق	headword	480_1R.png	unverified
D90-4-04684	كارامىتى بار	headword	480_1R.png	unverified
D90-4-04685	كارامەتچى	headword	480_2L.png	unverified
D90-4-04686	كارامەتلىك	headword	480_2L.png	unverified
D90-4-04687	كارانتن	headword	480_2L.png	unverified
D90-4-04688	كارانتن قىلماق	headword	480_2L.png	unverified
D90-4-04689	كارايىت	headword	481_1R.png	unverified
D90-4-04689-v1	كارايىتى چاغلىق	variant	481_1R.png	unverified
D90-4-04692	كارەك	headword	481_1R.png	unverified
D90-4-04693	كاربازول	headword	481_1R.png	verified
D90-4-04694	كاربوسىل	headword	481_1R.png	unverified
D90-4-04696	كاربون	headword	481_2L.png	unverified
D90-4-04697	كاربون چالا ئوكسىد	headword	481_2L.png	unverified
D90-4-04704	كاربون (II) ئوكسىد	headword	482_1R.png	unverified
D90-4-04698	كاربون دەۋرى	headword	481_2L.png	unverified
D90-4-04699	كاربون سۇ بىرىكمىلىرى	headword	481_2L.png	unverified
D90-4-04700	كاربون سىستېمىسى	headword	481_2L.png	unverified
D90-4-04701	كاربون گىدرىدلار	headword	481_2L.png	unverified
D90-4-04702	كاربون مەنبەسى	headword	482_1R.png	unverified
D90-4-04703	كاربون (IV) ئوكسىد	headword	482_1R.png	unverified
D90-4-04705	كاربونات	headword	482_2L.png	unverified
D90-4-04708	كاربونات كىسلاتا تۇزلىرى	headword	482_2L.png	unverified
D90-4-04706	كاربونات ئانگىدرىد	headword	482_2L.png	unverified
D90-4-04707	كاربونات كىسلاتا	headword	482_2L.png	unverified
D90-4-04709	كاربونات كىسلاتا گازى	headword	482_2L.png	unverified
D90-4-04710	كاربونلۇق	headword	482_2L.png	unverified
D90-4-04712	كاربونىل	headword	483_1R.png	unverified
D90-4-04713	كاربىد	headword	483_1R.png	unverified
D90-4-04714	كاربىلئامىن	headword	483_2L.png	unverified
D90-4-04715	كاربىن	headword	483_2L.png	unverified
D90-4-04716	كاربيۇراتور	headword	483_2L.png	unverified
D90-4-04717	كارت	headword	483_2L.png	unverified
D90-4-04718	كارتا	headword	483_2L.png	unverified
D90-4-04719	كارتتىدە	headword	483_2L.png	unverified
D90-4-04720	كارتوچكا	headword	483_2L.png	unverified
D90-4-04721	كارتون	headword	484_1R.png	unverified
D90-4-04722	كارتون فىلىم	headword	484_1R.png	unverified
D90-4-04723	كارتون قەغەز	headword	484_1R.png	unverified
D90-4-04724	كارتېل	headword	484_1R.png	unverified
D90-4-04725	كارتىلداتماق	headword	484_1R.png	unverified
D90-4-04726	كارخانا	headword	484_1R.png	unverified
D90-4-04727	كارخانىچى	headword	484_2L.png	unverified
D90-4-04728	كارخانىلاشتۇرماق	headword	484_2L.png	unverified
D90-4-04729	كارخانىلاشتۇرۇلماق	headword	484_2L.png	unverified
D90-4-04730	كارخانىلاشماق	headword	484_2L.png	unverified
D90-4-04731	كاردار	headword	484_2L.png	unverified
D90-4-04732	كارداڭ	headword	484_2L.png	unverified
D90-4-04733	كاردىنال	headword	484_2L.png	unverified
D90-4-04734	كاردىناللىق	headword	484_2L.png	unverified
D90-4-04735	كاردىئوگراف	headword	485_1R.png	unverified
D90-4-04735-v1	ئېلېكتروكاردىئوگراف	variant	485_1R.png	unverified
D90-4-04736	كاررىدە	headword	485_1R.png	unverified
D90-4-04737	كارساك	headword	485_1R.png	unverified
D90-4-04738	كارسىت	headword	485_1R.png	verified
D90-4-04740	كار-كار	headword	485_1R.png	unverified
D90-4-04741	كاركىراپ	headword	485_1R.png	unverified
D90-4-04742	كاركىراتماق	headword	485_1R.png	unverified
D90-4-04743	كاركىرىماق	headword	485_2L.png	unverified
D90-4-04744	كارناللىت	headword	485_2L.png	unverified
D90-4-04745	كاروتىن	headword	485_2L.png	unverified
D90-4-04746	كارول	headword	486_1R.png	unverified
D90-4-04747	كارۋان	headword	486_1R.png	unverified
D90-4-04749	كارىدور	headword	486_1R.png	unverified
D90-4-04750	كارىدورلۇق	headword	486_1R.png	unverified
D90-4-04751	كارىز	headword	486_1R.png	unverified
D90-4-04752	كارىزچى	headword	486_2L.png	unverified
D90-4-04753	كارىزچىلىق	headword	486_2L.png	unverified
D90-4-04754	كارىزلىق	headword	486_2L.png	unverified
D90-4-04755	كارىۋات	headword	486_2L.png	unverified
D90-4-04756	كارىۋاتلىق	headword	486_2L.png	unverified
D90-4-04757	كاززاپ	headword	487_1R.png	unverified
D90-4-04758	كاززاپلار	headword	487_1R.png	unverified
D90-4-04759	كاززاپلىق	headword	487_1R.png	unverified
D90-4-04760	كازۇئارىن	headword	487_1R.png	unverified
D90-4-04761	كازۇئارىن دەرىخى	headword	487_2L.png	unverified
D90-4-04762	كازېئىن	headword	487_2L.png	unverified
D90-4-04763	كاژ	headword	487_2L.png	unverified
D90-4-04764	كاژ-كۇژ	headword	487_2L.png	unverified
D90-4-04765	كاژىلداتماق	headword	487_2L.png	unverified
D90-4-04766	كاژىلداشماق	headword	487_2L.png	unverified
D90-4-04767	كاژىلدىماق	headword	487_2L.png	unverified
D90-4-04768	كاس	headword	487_2L.png	unverified
D90-4-04769	كاسا	headword	488_1R.png	unverified
D90-4-04772	كاساپەت	headword	488_1R.png	unverified
D90-4-04774	كاساپەتكە كەتمەك	headword	488_2L.png	unverified
D90-4-04775	كاساپەتچىلىك	headword	488_2L.png	unverified
D90-4-04776	كاسات	headword	488_2L.png	verified
D90-4-04777	كاساتچىلىق	headword	488_2L.png	unverified
D90-4-04778	كاساتلاشتۇرماق	headword	488_2L.png	unverified
D90-4-04779	كاساتلاشتۇرۇلماق	headword	489_1R.png	unverified
D90-4-04780	كاساتلاشماق	headword	489_1R.png	unverified
D90-4-04781	كاساتلىق	headword	489_1R.png	unverified
D90-4-04782	كاساس	headword	489_1R.png	unverified
D90-4-04783	كاساڭ	headword	489_1R.png	unverified
D90-4-04784	كاستروما	headword	489_1R.png	unverified
D90-4-04786	كاستۇرۇلكا	headword	489_1R.png	unverified
D90-4-04787	كاستۇم	headword	489_1R.png	unverified
D90-4-04788	كاستۇم-بۇرۇلكا	headword	489_1R.png	unverified
D90-4-04789	كاستۇملۇق	headword	489_2L.png	unverified
D90-4-04790	كاستۇم-يوپكا	headword	489_2L.png	unverified
D90-4-04791	كاسسا	headword	489_2L.png	unverified
D90-4-04792	كاسسىدە	headword	489_2L.png	unverified
D90-4-04793	كاسسىر	headword	489_2L.png	verified
D90-4-04794	كاسسىرلىق	headword	489_2L.png	unverified
D90-4-04795	كاسسىئوپىيە	headword	489_2L.png	unverified
D90-4-04796	كاسسىئوپىيە يۇلتۇز تۈركۈمى	headword	489_2L.png	unverified
D90-4-04797	كاسكا	headword	490_1R.png	unverified
D90-4-04798	كاسكاس	headword	490_1R.png	unverified
D90-4-04799	كاس-كاس	headword	490_1R.png	unverified
D90-4-04800	كاسكاسلىق	headword	490_1R.png	unverified
D90-4-04801	كاسكى	nonstandard	490_1R.png	unverified
D90-4-04802	كاسىپ	headword	490_1R.png	unverified
D90-4-04803	كاسىپلىق	headword	490_1R.png	unverified
D90-4-04804	كاسىلاتماق	headword	490_1R.png	unverified
D90-4-04805	كاسىلاشماق	headword	490_1R.png	unverified
D90-4-04806	كاسىلانماق	headword	490_1R.png	unverified
D90-4-04807	كاسىلدا تماق	headword	490_1R.png	unverified
D90-4-04808	كاسىلداشماق	headword	490_2L.png	unverified
D90-4-04809	كاسىلداق	headword	490_2L.png	unverified
D90-4-04810	كاسىلىق	headword	490_2L.png	unverified
D90-4-04811	كاسىلىماق	headword	490_2L.png	unverified
D90-4-04812	كاسىمق	headword	490_2L.png	unverified
D90-4-04813	كاسنا	headword	490_2L.png	unverified
D90-4-04814	كاسىنە	headword	490_2L.png	unverified
D90-4-04815	كاسىنىچى	headword	491_1R.png	unverified
D90-4-04816	كاسىنىچىلىق	headword	491_1R.png	unverified
D90-4-04817	كاسىۋال	headword	491_1R.png	unverified
D90-4-04818	كاشا	headword	491_1R.png	unverified
D90-4-04819	كاشال	nonstandard	491_1R.png	unverified
D90-4-04827	كاشىلا	headword	491_2L.png	unverified
D90-4-04820	كاشتان	headword	491_1R.png	unverified
D90-4-04823	كاشتانلىق	headword	491_2L.png	unverified
D90-4-04824	كاشكاپ	headword	491_2L.png	unverified
D90-4-04825	كاشكى	headword	491_2L.png	unverified
D90-4-04826	كاشى	headword	491_2L.png	unverified
D90-4-04828	كاشىلا بولماق	headword	492_1R.png	unverified
D90-4-04829	كاشىلا قىلماق	headword	492_1R.png	unverified
D90-4-04830	كاشىلىسىز	headword	492_1R.png	unverified
D90-4-04831	كاشىلىق	headword	492_1R.png	unverified
D90-4-04832	كاشىم	headword	492_1R.png	unverified
D90-4-04833	كافېدرا	headword	492_1R.png	unverified
D90-4-04834	كاكا	headword	492_2L.png	unverified
D90-4-04835	كاكار	headword	492_2L.png	unverified
D90-4-04836	كاكائو	headword	492_2L.png	unverified
D90-4-04837	كاكتۇس	headword	492_2L.png	unverified
D90-4-04838	كاكچا	headword	492_2L.png	unverified
D90-4-04839	كاككۈك	headword	493_1R.png	unverified
D90-4-04840	كاككۈك بىلەن زەينەپتەك	headword	493_1R.png	unverified
D90-4-04841	كاككۈك زىغىرى	headword	493_1R.png	unverified
D90-4-04842	كاككۈكگۈل	headword	493_1R.png	unverified
D90-4-04843	كاكىسالتاڭ	headword	493_1R.png	unverified
D90-4-04844	كاكىل	headword	493_2L.png	unverified
D90-4-04845	كاكىل لاي	headword	493_2L.png	unverified
D90-4-04846	كاكىللىق	headword	493_2L.png	unverified
D90-4-04847	كاكىلىماق	headword	493_2L.png	unverified
D90-4-04848	كاكىنەچ	headword	493_2L.png	unverified
D90-4-04852	كاڭشاڭتماق	headword	494_1R.png	unverified
D90-4-04853	كاڭشىشماق	headword	494_1R.png	unverified
D90-4-04854	كاڭشىماق	headword	494_1R.png	unverified
D90-4-04855	كاڭكا	headword	494_1R.png	unverified
D90-4-04857	كاڭ-كاڭ	headword	494_1R.png	unverified
D90-4-04858	كاڭلىق	headword	494_2L.png	unverified
D90-4-04860	كاڭىلداق	headword	494_2L.png	unverified
D90-4-04861	كالا	headword	494_2L.png	unverified
D90-4-04864	كالا كۆز	headword	495_1R.png	unverified
D90-4-04865	كالا يىلى	headword	495_1R.png	unverified
D90-4-04867	كالاچ	headword	495_1R.png	unverified
D90-4-04868	كالاسكا	headword	495_1R.png	unverified
D90-4-04869	كالا-كۈتە	nonstandard	495_1R.png	unverified
D90-4-04911	كالتە-كۈتە	headword	498_2L.png	unverified
D90-4-04870	كالاڭ	headword	495_1R.png	unverified
D90-4-04871	كالاڭ كەتمەك	headword	495_1R.png	unverified
D90-4-04872	كالاڭپاي	nonstandard	495_1R.png	unverified
D90-4-04874	كالام	headword	495_2L.png	unverified
D90-4-04875	كالامۇس	headword	495_2L.png	unverified
D90-4-04876	كالامۇس پېلىكى	headword	495_2L.png	unverified
D90-4-04877	كالامۇللا	headword	495_2L.png	unverified
D90-4-04878	كالامۇللا ئۇرۇسۇن	headword	495_2L.png	unverified
D90-4-04879	كالامىتېس	headword	496_1R.png	unverified
D90-4-04880	كالامىتېس دەرىخى	headword	496_1R.png	unverified
D90-4-04881	كالامىشە رىپ	headword	496_1R.png	unverified
D90-4-04881-v1	كالاموللا	variant	496_1R.png	unverified
D90-4-04882	كالان	headword	496_1R.png	unverified
D90-4-04883	كالانپاي	headword	496_1R.png	unverified
D90-4-04884	كالانپايلاشماق	headword	496_1R.png	unverified
D90-4-04885	كالانپايىلىق	headword	496_1R.png	unverified
D90-4-04886	كالپۇك	headword	496_1R.png	unverified
D90-4-04887	كالپۇكى يەر سۈپۈرمەك	headword	496_2L.png	unverified
D90-4-04888	كالپۇكىنى چىشلىمەك	headword	496_2L.png	unverified
D90-4-04889	كالپۇكسىمان	headword	496_2L.png	unverified
D90-4-04891	كالپۇكسىمان گۈللۈكلەر ئائىلىسى	headword	496_2L.png	unverified
D90-4-04892	كالپۇكلۇق	headword	497_1R.png	unverified
D90-4-04893	كالتە	headword	497_1R.png	unverified
D90-4-04900	كالتە قونچلۇق ئۆتۈك	headword	497_2L.png	unverified
D90-4-04901	كالتە قۇيرۇق	headword	497_2L.png	unverified
D90-4-04902	كالتە ئويلىماق	headword	497_2L.png	unverified
D90-4-04903	كالتە يۆتەل	headword	497_2L.png	unverified
D90-4-04904	كالتەك	headword	497_2L.png	unverified
D90-4-04905	كالتەك توپ	headword	497_2L.png	verified
D90-4-04906	كالتەكچى	headword	498_1R.png	unverified
D90-4-04907	كالتەكلەتمەك	headword	498_1R.png	unverified
D90-4-04908	كالتەكلەشمەك	headword	498_1R.png	unverified
D90-4-04909	كالتەكلەنمەك	headword	498_1R.png	unverified
D90-4-04910	كالتەكلىمەك	headword	498_1R.png	unverified
D90-4-04912	كالتە-كۆسەي	headword	498_2L.png	unverified
D90-4-04913	كالتىساق	headword	498_2L.png	unverified
D90-4-04914	كالتسىت	headword	498_2L.png	unverified
D90-4-04915	كالتسىي	headword	498_2L.png	unverified
D90-4-04916	كالتسىي تۆمۈرلۈك پىروكسېن	headword	499_1R.png	unverified
D90-4-04917	كالتسىي خلورىد	headword	499_1R.png	unverified
D90-4-04918	كالتسىي سۇلفات	headword	499_1R.png	unverified
D90-4-04919	كالتسىي فوسفات	headword	499_1R.png	unverified
D90-4-04920	كالتىسىيلاش تۇرماق	headword	499_2L.png	unverified
D90-4-04921	كالتىسىيلاش تۇرۇلماق	headword	499_2L.png	unverified
D90-4-04922	كالتىسىيلاشماق	headword	499_2L.png	unverified
D90-4-04923	كالچارىماق	headword	499_2L.png	unverified
D90-4-04926	كالچايماق	headword	499_2L.png	unverified
D90-4-04924	كالچاڭ	headword	499_2L.png	unverified
D90-4-04925	كالچايتماق	headword	499_2L.png	unverified
D90-4-04927	كالدىر	headword	499_2L.png	unverified
D90-4-04928	كالدىر-كالدىر	headword	499_2L.png	unverified
D90-4-04929	كالدىر-كۇلدۇر	headword	499_2L.png	unverified
D90-4-04930	كالدىرلاتماق	headword	500_1R.png	unverified
D90-4-04931	كالدىرلاشماق	headword	500_1R.png	unverified
D90-4-04932	كالدىرلىماق	headword	500_1R.png	unverified
D90-4-04933	كاللا	headword	500_1R.png	unverified
D90-4-04937	كاللا قاتماق	headword	500_2L.png	unverified
D90-4-04937-v1	باش قاتماق	variant	500_2L.png	unverified
D90-4-04938	كاللا قاتۇرماق	headword	500_2L.png	unverified
D90-4-04938-v1	باش قاتۇرماق	variant	500_2L.png	unverified
D90-4-04939	كاللا قويماق	headword	500_2L.png	unverified
D90-4-04940	كاللا كەتمەك	headword	500_2L.png	unverified
D90-4-04941	كاللاڭغا ئاگاھ بول	headword	500_2L.png	unverified
D90-4-04942	كاللاڭغا ھېزى بول	headword	500_2L.png	unverified
D90-4-04943	كاللاڭ نەدە	headword	500_2L.png	unverified
D90-4-04944	كاللاڭ نەگە كەتتى	headword	500_2L.png	unverified
D90-4-04945	كاللا ئىشلەتمەك	headword	501_1R.png	unverified
D90-4-04946	كاللا يەتمەك	headword	501_1R.png	unverified
D90-4-04947	كاللىسى بار	headword	501_1R.png	unverified
D90-4-04948	كاللىسى بىر يەردە ئەمەس	headword	501_1R.png	unverified
D90-4-04949	كاللىسى بىلەن جاۋاب بەرمەك	headword	501_1R.png	unverified
D90-4-04950	كاللىسى جايىدا	headword	501_1R.png	unverified
D90-4-04951	كاللىسى چىگىشلەشمەك	headword	501_1R.png	unverified
D90-4-04952	كاللىسىدىن تۆتۈن چىقارماق	headword	501_1R.png	unverified
D90-4-04953	كاللىسىدىن تۇتۇن چىقىپ كەتمەك	headword	501_1R.png	unverified
D90-4-04953-v1	بېشىدىن تۈتۈن چىقىپ كەتمەك	variant	501_1R.png	unverified
D90-4-04954	كاللىسىدىن تۈڭلۈك ئاچماق	headword	501_2L.png	unverified
D90-4-04955	كاللىسىدىن ئۆتمەك	headword	501_2L.png	unverified
D90-4-04956	كاللىسىدىن ئىس چىقماق	headword	501_2L.png	unverified
D90-4-04957	كاللىسىغا سىغماسلىق	headword	501_2L.png	unverified
D90-4-04958	كاللىسىغا كەلمەك	headword	501_2L.png	unverified
D90-4-04959	كاللىسىغا كىرىۋالماق	headword	501_2L.png	unverified
D90-4-04960	كاللىسى قاپاق	headword	501_2L.png	unverified
D90-4-04961	كاللىسى قاتماق	headword	502_1R.png	unverified
D90-4-04962	كاللىسى قىزىپ كەتمەك	headword	502_1R.png	unverified
D90-4-04963	كاللىسىنى ئالماق	headword	502_1R.png	unverified
D90-4-04964	كاللىسىنى بىر قىلىۋالماق	headword	502_1R.png	unverified
D90-4-04965	كاللىسىنى چىرمىۋالماق	headword	502_1R.png	unverified
D90-4-04966	كاللىسىنى سىلكىۋەتمەك	headword	502_1R.png	unverified
D90-4-04967	كاللىسىنى قوچۇماق	headword	502_2L.png	unverified
D90-4-04968	كاللىسىنىڭ زاغۇنى بار	headword	502_2L.png	unverified
D90-4-04968-v1	بېشىنىڭ سۈيى بار	variant	502_2L.png	unverified
D90-4-04969	كاللىسىنىڭ سۈيى بار	headword	502_2L.png	unverified
D90-4-04970	كاللىسىنىڭ قېتىقى چىقماق	headword	502_2L.png	unverified
D90-4-04971	كاللىسىنى ئۈزمەك	headword	502_2L.png	unverified
D90-4-04972	كاللىسىنى ئىشقا سالماق	headword	502_2L.png	unverified
D90-4-04973	كاللىسى ئېلىشماق	headword	502_2L.png	unverified
D90-4-04974	كاللىسى ئىشلەيدىغان	headword	502_2L.png	unverified
D90-4-04975	كاللىسى يوق	headword	503_1R.png	unverified
D90-4-04976	كاللىمۇ يىمەي چىشمۇ چاقماي	headword	503_1R.png	unverified
D90-4-04977	كاللا-پاچاق	headword	503_1R.png	unverified
D90-4-04978	كاللا-پاقالچاق	headword	503_1R.png	unverified
D90-4-04979	كاللەك	headword	503_1R.png	unverified
D90-4-04982	كاللەكبەسەي	headword	503_2L.png	verified
D90-4-04983	كاللەك-كاللەك	headword	503_2L.png	unverified
D90-4-04984	كاللەكلەشتۈرمەك	headword	503_2L.png	unverified
D90-4-04985	كاللەكلەشتۈرۈلمەك	headword	503_2L.png	unverified
D90-4-04986	كاللەكلەشمەك	headword	503_2L.png	unverified
D90-4-04987	كاللەكلەنمەك	headword	503_2L.png	unverified
D90-4-04988	كاللەكلىمەك	headword	503_2L.png	unverified
D90-4-04989	كاللىپاي	headword	504_1R.png	unverified
D90-4-04990	كاللىپەز	headword	504_1R.png	unverified
D90-4-04991	كاللىپەزخانا	headword	504_1R.png	unverified
D90-4-04992	كاللىپەزلىك	headword	504_1R.png	verified
D90-4-04993	كاللىكېسەر	headword	504_1R.png	unverified
D90-4-04994	كاللىگەر	headword	504_1R.png	unverified
D90-4-04994-v1	پاشنا	variant	504_1R.png	unverified
D90-4-04995	كاللىماشاك	headword	504_1R.png	unverified
D90-4-04996	كالورىمېتر	headword	504_1R.png	unverified
D90-4-04997	كالورىيە	headword	504_1R.png	unverified
D90-4-04998	كالوگ	headword	504_2L.png	unverified
D90-4-04999	كالوگ ئوتى	headword	504_2L.png	unverified
D90-4-05000	كالومېل	headword	504_2L.png	unverified
D90-4-05001	كالون	headword	504_2L.png	unverified
D90-4-05002	كالوننا	headword	504_2L.png	unverified
D90-4-05003	كالۇ	headword	504_2L.png	unverified
D90-4-05004	كالۋا	headword	504_2L.png	unverified
D90-4-05005	كالۋالاشتۇرماق	headword	505_1R.png	unverified
D90-4-05006	كالۋالاشتۇرۇلماق	headword	505_1R.png	unverified
D90-4-05007	كالۋالاشماق	headword	505_1R.png	verified
D90-4-05008	كالۋالىق	headword	505_1R.png	unverified
D90-4-05009	كالۋۇتۇن	headword	505_1R.png	unverified
D90-4-05011	كولېدون	headword	505_1R.png	unverified
D90-4-05012	كالېدون ھەرىكىتى	headword	505_1R.png	unverified
D90-4-05013	كالېندار	headword	505_2L.png	unverified
D90-4-05014	كالېندارچىلىق	headword	505_2L.png	unverified
D90-4-05015	كالېندارلىق	headword	505_2L.png	unverified
D90-4-05016	كالىبىر	headword	505_2L.png	verified
D90-4-05017	كالىبىرلىق	headword	505_2L.png	unverified
D90-4-05018	كالىچىلىق	headword	505_2L.png	unverified
D90-4-05019	كالىفورنىي	headword	505_2L.png	unverified
D90-4-05020	كالىقۇلاق	headword	506_1R.png	unverified
D90-4-05021	كالىكە ندىر	headword	506_1R.png	unverified
D90-4-05022	كالىكومشار	headword	506_1R.png	unverified
D90-4-05023	كالىكومشارلىق	headword	506_2L.png	unverified
D90-4-05024	كالىنا	headword	506_2L.png	unverified
D90-4-05024-v1	كالىنا دەرىخى	variant	506_2L.png	unverified
D90-4-05026	كالىۋا	headword	506_2L.png	unverified
D90-4-05027	كالىي	headword	506_2L.png	unverified
D90-4-05028	كالىي پېرمانگانات	headword	506_2L.png	unverified
D90-4-05029	كالىي تۇزى	headword	506_2L.png	unverified
D90-4-05030	كالىي گىدروكسىد	headword	507_1R.png	unverified
D90-4-05031	كالىي نىترات	headword	507_1R.png	unverified
D90-4-05032	كالىيلىق	headword	507_1R.png	unverified
D90-4-05035	كامار	headword	507_2L.png	unverified
D90-4-05036	كامال	headword	507_2L.png	unverified
D90-4-05037	كامال تاپماق	headword	507_2L.png	unverified
D90-4-05039	كامالەت	headword	507_2L.png	unverified
D90-4-05040	كامالەت تاپماق	headword	507_2L.png	unverified
D90-4-05041	كامالەتكە يەتمەك	headword	507_2L.png	unverified
D90-4-05042	كامالەتلىك	headword	508_1R.png	unverified
D90-4-05043	كامالەك	headword	508_1R.png	unverified
D90-4-05044	كامان	headword	508_1R.png	unverified
D90-4-05045	كامانچە	headword	508_2L.png	unverified
D90-4-05046	كامانچىلىق	headword	508_2L.png	unverified
D90-4-05047	كاماندار	headword	508_2L.png	unverified
D90-4-05048	كاماندارلىق	headword	508_2L.png	unverified
D90-4-05049	كاماندىروپكا	headword	508_2L.png	unverified
D90-4-05050	كامبالا	headword	509_1R.png	verified
D90-4-05051	كامپاش	headword	509_1R.png	unverified
D90-4-05052	كامفارا	headword	509_1R.png	unverified
D90-4-05053	كامفان	headword	509_1R.png	unverified
D90-4-05054	كامفورا	headword	509_1R.png	unverified
D90-4-05055	كامفورا پىلە قۇرتى	headword	509_2L.png	unverified
D90-4-05056	كامفورا دەرىخى	headword	509_2L.png	unverified
D90-4-05057	كامېر	headword	509_2L.png	unverified
D90-4-05058	كامېرتون	headword	509_2L.png	unverified
D90-4-05059	كامىل	headword	509_2L.png	unverified
D90-4-05060	كامىلا	headword	510_1R.png	unverified
D90-4-05061	كان	headword	510_1R.png	unverified
D90-4-05070	كانا	headword	510_2L.png	unverified
D90-4-05071	كانىدەك چاپلاشماق	headword	511_1R.png	unverified
D90-4-05072	كاناپ	headword	511_1R.png	unverified
D90-4-05073	كانار	headword	511_1R.png	unverified
D90-4-05074	كانارا	headword	511_1R.png	unverified
D90-4-05075	كانال	headword	511_1R.png	unverified
D90-4-05077	كاناي	headword	511_2L.png	unverified
D90-4-05078	كاناي پۇچقاق ئىشتان	headword	512_1R.png	unverified
D90-4-05079	كانايغا يوق، سۇنايغا نەدە	headword	512_1R.png	unverified
D90-4-05080	كانىيىغا تىقماق	headword	512_1R.png	unverified
D90-4-05081	كانىيىغا ئۇرماق	headword	512_1R.png	unverified
D90-4-05082	كانىيىغا ئېسىلماق	headword	512_1R.png	unverified
D90-4-05083	كانىيىغىچە تويماق	headword	512_2L.png	unverified
D90-4-05084	كانىيىغىچە قەرزگە بوغۇلماق	headword	512_2L.png	unverified
D90-4-05085	كانىيىنى كەرمەك	headword	512_2L.png	unverified
D90-4-05086	كانىيىنى مايلىماق	headword	512_2L.png	unverified
D90-4-05087	كانىيىنى ياغلىماق	headword	512_2L.png	unverified
D90-4-05088	كانىيى يوغاناپ كەتمەك	headword	512_2L.png	unverified
D90-4-05089	كانىيى يىرتىلغۇچە	headword	512_2L.png	unverified
D90-4-05090	كانايچە	headword	512_2L.png	unverified
D90-4-05091	كانايچى	headword	513_1R.png	unverified
D90-4-05092	كانايگۈل	headword	513_1R.png	unverified
D90-4-05092-v1	ھەشقىپىچەك	variant	513_1R.png	unverified
D90-4-05093	كانايلىق	headword	513_1R.png	unverified
D90-4-05094	كانت	headword	513_1R.png	unverified
D90-4-05095	كانتىزم	headword	513_1R.png	verified
D90-4-05096	كانتۇ	headword	513_2L.png	unverified
D90-4-05097	كانتۇلۇق	headword	513_2L.png	unverified
D90-4-05098	كانتۇلىماق	headword	513_2L.png	unverified
D90-4-05099	كانجا	headword	513_2L.png	unverified
D90-4-05100	كانجىلاتماق	headword	513_2L.png	unverified
D90-4-05101	كانجىلاشماق	headword	513_2L.png	unverified
D90-4-05102	كانجىلانماق	headword	513_2L.png	unverified
D90-4-05103	كانجىلماق	headword	513_2L.png	unverified
D90-4-05103-v1	توڭ باتتۇزاق	variant	513_2L.png	unverified
D90-4-05104	كانچى	headword	513_2L.png	unverified
D90-4-05105	كانچىلىق	headword	513_2L.png	unverified
D90-4-05106	كاندۇك	headword	513_2L.png	unverified
D90-4-05108	كاندۇكلاشتۇرماق	headword	513_2L.png	unverified
D90-4-05109	كاندۇكلاشتۇرۇلماق	headword	513_2L.png	unverified
D90-4-05110	كاندۇكلاشماق	headword	514_1R.png	unverified
D90-4-05111	كاندۇكلىماق	headword	514_1R.png	unverified
D90-4-05112	كاندېلا	headword	514_1R.png	unverified
D90-4-05113	كاندىدات	headword	514_1R.png	unverified
D90-4-05114	كاندىداتلىق	headword	514_1R.png	unverified
D90-4-05115	كانسېرىۋا	nonstandard	514_2L.png	unverified
D90-4-06020	كونسېرۋا	headword	598_2L.png	unverified
D90-4-05116	كانسىپىك	nonstandard	514_2L.png	unverified
D90-4-05116-c1	كونسىپىك	corrected_form	514_2L.png	unverified
D90-4-05117	كانشۇناس	headword	514_2L.png	unverified
D90-4-05118	كانشۇناسلىق	headword	514_2L.png	unverified
D90-4-05119	كانكى	headword	514_2L.png	unverified
D90-4-05121	كاننىگۈل	headword	514_2L.png	unverified
D90-4-05122	كانۋا	headword	514_2L.png	verified
D90-4-05123	كانۋاي	headword	515_1R.png	unverified
D90-4-05124	كانۋوي	headword	515_1R.png	unverified
D90-4-05125	كانكول	headword	515_1R.png	unverified
D90-4-05125-v1	تە تىل	variant	515_1R.png	unverified
D90-4-05126	كانماشار	headword	515_1R.png	unverified
D90-4-05126-v1	باقلى	variant	515_1R.png	unverified
D90-4-05127	كانىنون	headword	515_1R.png	unverified
D90-4-05129	كانيەك	headword	515_1R.png	unverified
D90-4-05130	كاھ	headword	515_1R.png	unverified
D90-4-05133	كاھ-كاھ	headword	515_2L.png	unverified
D90-4-05135	كاھىش	headword	515_2L.png	unverified
D90-4-05136	كاھىشچى	headword	515_2L.png	unverified
D90-4-05137	كاھىشلىق	headword	515_2L.png	unverified
D90-4-05138	كاھىن	headword	515_2L.png	unverified
D90-4-05139	كاھىنلىق	headword	515_2L.png	unverified
D90-4-05140	كاۋا	headword	516_1R.png	unverified
D90-4-05145	كاۋاپ	headword	516_1R.png	unverified
D90-4-05146	كاۋاپ بولماق	headword	516_2L.png	unverified
D90-4-05147	كاۋاپ قىلماق	headword	516_2L.png	unverified
D90-4-05148	كاۋاپۇ كۆيمىسۇن، زىخمۇ كۆيمىسۇن	headword	516_2L.png	unverified
D90-4-05149	كاۋاپ ئوت	headword	516_2L.png	unverified
D90-4-05150	كاۋاپچى	headword	516_2L.png	unverified
D90-4-05151	كاۋاپخانا	headword	516_2L.png	verified
D90-4-05152	كاۋاپدان	headword	516_2L.png	verified
D90-4-05153	كاۋاش	headword	516_2L.png	unverified
D90-4-05154	كاۋاك	headword	516_2L.png	unverified
D90-4-05155	كاۋاك بېتون تاختا	headword	517_1R.png	unverified
D90-4-05156	كاۋاك تام	headword	517_1R.png	unverified
D90-4-05157	كاۋاك تۆۋرۈك	headword	517_1R.png	unverified
D90-4-05158	كاۋاكتىن پايدىلانماق	headword	517_1R.png	unverified
D90-4-05159	كاۋاك خىش	headword	517_1R.png	unverified
D90-4-05160	كاۋاك سۈيى	headword	517_2L.png	unverified
D90-4-05161	كاۋاك لىم	headword	517_2L.png	unverified
D90-4-05162	كاۋاك ئىچلىكلەر	headword	517_2L.png	unverified
D90-4-05163	كاۋاك ئىزدىمەك	headword	517_2L.png	unverified
D90-4-05164	كاۋاكلاشماق	headword	517_2L.png	unverified
D90-4-05165	كاۋاكلىق	headword	517_2L.png	unverified
D90-4-05166	كاۋاكلىماق	headword	517_2L.png	unverified
D90-4-05167	كاۋاۋىچىن	headword	518_1R.png	unverified
D90-4-05168	كاۋچۇك	headword	518_1R.png	unverified
D90-4-05170	كائىنات	headword	518_2L.png	unverified
D90-4-05171	كاياك	headword	518_2L.png	unverified
D90-4-05172	كايىتماق	headword	518_2L.png	unverified
D90-4-05173	كايىشماق	headword	518_2L.png	unverified
D90-4-05174	كايىماق	headword	518_2L.png	unverified
D90-4-05175	كەبە	headword	519_1R.png	unverified
D90-4-05176	كەبى	headword	519_1R.png	unverified
D90-4-05177	كەبىسە	headword	519_1R.png	unverified
D90-4-05179	كەبىسە كۈن	headword	519_2L.png	unverified
D90-4-05180	كەبىسە يىل	headword	519_2L.png	unverified
D90-4-05181	كەبىنكە	headword	519_2L.png	unverified
D90-4-05182	كەپ	headword	519_2L.png	unverified
D90-4-05184	كەپە	headword	519_2L.png	unverified
D90-4-05186	كەپتاۋۇل	headword	520_1R.png	verified
D90-4-05187	كەپتەر	headword	520_1R.png	unverified
D90-4-05188	كەپتەرخانا	headword	520_1R.png	unverified
D90-4-05189	كەپتەرۋاز	headword	520_2L.png	unverified
D90-4-05190	كەپتەرۋازلىق	headword	520_2L.png	unverified
D90-4-05191	كەپتۈك	headword	520_2L.png	unverified
D90-4-05191-v1	ئات توپى	variant	520_2L.png	unverified
D90-4-05192	كەپسەن	headword	520_2L.png	unverified
D90-4-05193	كەپسەنچى	headword	520_2L.png	unverified
D90-4-05194	كەپسەنچىلىك	headword	520_2L.png	unverified
D90-4-05195	كەپسەنلىمەك	headword	521_1R.png	unverified
D90-4-05196	كەپسىز	headword	521_1R.png	unverified
D90-4-05197	كەپسىزلىشمەك	headword	521_1R.png	unverified
D90-4-05198	كەپسىزلىك	headword	521_1R.png	unverified
D90-4-05199	كەپشەر	headword	521_1R.png	unverified
D90-4-05201	كەپشەر چوكىسى	headword	521_2L.png	unverified
D90-4-05202	كەپشەر دورىسى	headword	521_2L.png	unverified
D90-4-05203	كەپشەر قىلماق	headword	521_2L.png	unverified
D90-4-05211	كەپشەرلىمەك	headword	522_1R.png	unverified
D90-4-05204	كەپشەر ئىشچىسى	headword	521_2L.png	unverified
D90-4-05205	كەپشەرچى	headword	521_2L.png	unverified
D90-4-05206	كەپشەرچىلىك	headword	521_2L.png	unverified
D90-4-05207	كەپشەرلەتمەك	headword	521_2L.png	unverified
D90-4-05208	كەپشەرلەشمەك	headword	521_2L.png	unverified
D90-4-05209	كەپشەرلەنمەك	headword	521_2L.png	unverified
D90-4-05210	كەپشەرلىگۈچ	headword	522_1R.png	unverified
D90-4-05212	كەپشى	nonstandard	522_1R.png	unverified
D90-4-05366	كەش	headword	539_2L.png	unverified
D90-4-05213	كەپكە	headword	522_1R.png	unverified
D90-4-05214	كەپكۈر	headword	522_1R.png	unverified
D90-4-05215	كەپىچان	headword	522_2L.png	unverified
D90-4-05216	كەپلەشتۈرمەك	headword	522_2L.png	unverified
D90-4-05217	كەپلەشتۈرۈلمەك	headword	522_2L.png	unverified
D90-4-05218	كەپلەشمەك	headword	522_2L.png	unverified
D90-4-05219	كەپلەنمەك	headword	522_2L.png	unverified
D90-4-05220	كەپلىمەك	headword	522_2L.png	unverified
D90-4-05221	كەپىش	headword	523_1R.png	unverified
D90-4-05222	كەپىنكە	headword	523_1R.png	unverified
D90-4-05223	كەترەن	headword	523_1R.png	unverified
D90-4-05224	كەتكەن	headword	523_1R.png	unverified
D90-4-05226	كەتكۈزمەك	headword	523_1R.png	unverified
D90-4-05227	كەتكۈزۈشمەك	headword	523_1R.png	unverified
D90-4-05228	كەتمەك	headword	523_2L.png	unverified
D90-4-05229	كەتمەن	headword	525_2L.png	unverified
D90-4-05230	كەتمەن ساقال	headword	525_2L.png	unverified
D90-4-05231	كەتمەن سېپىنى تۇتۇپ باقمىغان	headword	525_2L.png	unverified
D90-4-05232	كەتمىنىنى چاپماق	headword	525_2L.png	unverified
D90-4-05233	كەتمەنچى	headword	526_1R.png	unverified
D90-4-05234	كەتمەنقوڭغۇز	headword	526_1R.png	unverified
D90-4-05235	كەتمەنلىمەك	headword	526_1R.png	unverified
D90-4-05236	كەتو	headword	526_1R.png	unverified
D90-4-05237	كەتىرا	headword	526_1R.png	unverified
D90-4-05238	كەتىل	headword	526_2L.png	unverified
D90-4-05239	كەتىمەك	headword	526_2L.png	unverified
D90-4-05240	كەتىۋال	headword	526_2L.png	unverified
D90-4-05241	كەچ	headword	526_2L.png	unverified
D90-4-05243	كەچ قالماق	headword	527_1R.png	unverified
D90-4-05244	كەچ قىراۋ	headword	527_1R.png	unverified
D90-4-05245	كەچ قىلماق	headword	527_1R.png	unverified
D90-4-05246	كەچ كۇرس	headword	527_1R.png	unverified
D90-4-05247	كەچ كۈز	headword	527_1R.png	unverified
D90-4-05249	كەچتە-پاتتا	headword	527_2L.png	unverified
D90-4-05250	كەچقۇرۇن	headword	527_2L.png	unverified
D90-4-05251	كەچقۇرۇنلۇق	headword	527_2L.png	unverified
D90-4-05252	كەچقۇرۇنلۇققا	headword	528_1R.png	unverified
D90-4-05253	كەچقۇرۇنلۇقى	headword	528_1R.png	unverified
D90-4-05254	كەچكى	headword	528_1R.png	unverified
D90-4-05256	كەچكىچە	headword	528_1R.png	unverified
D90-4-05257	كەچلىك	headword	528_1R.png	unverified
D90-4-05259	كەچلىمەك	headword	528_2L.png	unverified
D90-4-05260	كەچمەك	headword	528_2L.png	unverified
D90-4-05261	كەچمىش	headword	529_1R.png	unverified
D90-4-05262	كەچمىش-كەچۈرمىش	headword	529_1R.png	unverified
D90-4-05263	كەچۈرگۈسىز	headword	529_1R.png	unverified
D90-4-05264	كەچۈرمە	headword	529_2L.png	unverified
D90-4-05265	كەچۈرمەك	headword	529_2L.png	unverified
D90-4-05266	كەچۈرمىش	headword	529_2L.png	unverified
D90-4-05267	كەچۈرۈشمەك	headword	530_1R.png	unverified
D90-4-05268	كەچۈرۈلمەك	headword	530_1R.png	unverified
D90-4-05269	كەچۈرۈم	headword	530_1R.png	unverified
D90-4-05270	كەچۈرۈم سورىماق	headword	530_1R.png	unverified
D90-4-05271	كەچۈرۈم قىلماق	headword	530_1R.png	unverified
D90-4-05272	كەچۈرۈملۈك	headword	530_2L.png	unverified
D90-4-05273	كەر	headword	530_2L.png	unverified
D90-4-07649	كېر	headword	726_1R.png	unverified
D90-4-05274	كەرەپىشە	headword	530_2L.png	unverified
D90-4-05275	كەرەشمە	headword	530_2L.png	unverified
D90-4-05276	كەرەم	headword	530_2L.png	unverified
D90-4-05277	كەرەم قىلماق	headword	530_2L.png	unverified
D90-4-05278	كەرەملىك	headword	530_2L.png	unverified
D90-4-05279	كەربالا	headword	531_1R.png	verified
D90-4-05281	كەرتمەك	headword	531_1R.png	verified
D90-4-05283	كەرتىك	headword	531_1R.png	verified
D90-4-05284	كەرتىلمەك	headword	531_1R.png	verified
D90-4-05285	كەررە	headword	531_1R.png	verified
D90-4-05286	كەررە جەدۋىلى	headword	531_2L.png	unverified
D90-4-06251	كۆپەيتىش جەدۋىلى	headword	616_1R.png	unverified
D90-4-05287	كەررەك	headword	531_2L.png	unverified
D90-4-05289	كەررىلەتمەك	headword	531_2L.png	unverified
D90-4-05290	كەررىلەشمەك	headword	531_2L.png	unverified
D90-4-05291	كەررىلىمەك	headword	531_2L.png	unverified
D90-4-05292	كەركەك	nonstandard	531_2L.png	unverified
D90-4-05293	كەركىدان	headword	531_2L.png	unverified
D90-4-05294	كەركىدانگۈل	headword	532_1R.png	unverified
D90-4-05295	كەرگە	headword	532_1R.png	unverified
D90-4-05296	كەرگۈچى	headword	532_1R.png	unverified
D90-4-05298	كەرگۈزمەك	headword	532_1R.png	unverified
D90-4-05299	كەرمان	headword	532_1R.png	unverified
D90-4-05300	كەرمەك	headword	532_2L.png	unverified
D90-4-05301	كەرىقۇر	headword	532_2L.png	unverified
D90-4-05302	كەرىك	headword	532_2L.png	unverified
D90-4-05303	كەز	headword	532_2L.png	unverified
D90-4-05304	كېزى كەلگەندە	headword	533_1R.png	unverified
D90-4-05305	كەزدۈرمەك	headword	533_1R.png	unverified
D90-4-05306	كەزدۈرۈلمەك	headword	533_1R.png	unverified
D90-4-05307	كەزمەك	headword	533_1R.png	unverified
D90-4-05308	كەسپىي	headword	533_1R.png	unverified
D90-4-05309	كەسپىي ئەخلاق	headword	533_2L.png	unverified
D90-4-05310	كەسپىي بىلىم	headword	533_2L.png	unverified
D90-4-05311	كەسپىي راسخوت	headword	533_2L.png	unverified
D90-4-05312	كەسپىي سەۋىيە	headword	533_2L.png	unverified
D90-4-05313	كەسپىي سۆز	headword	533_2L.png	unverified
D90-4-05314	كەستۈرمەك	headword	534_1R.png	unverified
D90-4-05315	كەستۈرۈشمەك	headword	534_1R.png	unverified
D90-4-05316	كەستۈرۈلمەك	headword	534_1R.png	unverified
D90-4-05317	كەسكە سلا	headword	534_1R.png	unverified
D90-4-05318	كەسكەك	headword	534_2L.png	unverified
D90-4-05319	كەسكەكچى	headword	534_2L.png	unverified
D90-4-05319-v1	خەتنىچى	variant	534_2L.png	unverified
D90-4-05320	كەسكۈچى	headword	534_2L.png	unverified
D90-4-05321	كەسكىن	headword	534_2L.png	unverified
D90-4-05322	كەسكىنلەشتۈرمەك	headword	535_1R.png	unverified
D90-4-05323	كەسكىنلەشتۈرۈلمەك	headword	535_1R.png	unverified
D90-4-05324	كەسكىنلەشمەك	headword	535_1R.png	unverified
D90-4-05325	كەسكىنلىك	headword	535_1R.png	unverified
D90-4-05326	كەسلەتمەك	headword	535_1R.png	unverified
D90-4-05327	كەسلەشمەك	headword	535_2L.png	unverified
D90-4-05328	كەسلەم	headword	535_2L.png	unverified
D90-4-05329	كەسلەملىك	headword	535_2L.png	unverified
D90-4-05330	كەسلەنچۈك	headword	535_2L.png	unverified
D90-4-05331	كەسلەندى	headword	535_2L.png	unverified
D90-4-05332	كەسلەنمەك	headword	535_2L.png	unverified
D90-4-05333	كەسلىمەك	headword	536_1R.png	unverified
D90-4-05334	كەسمە	headword	536_1R.png	unverified
D90-4-05340	كەسمە ئۇلاق	headword	536_2L.png	unverified
D90-4-05341	كەسمە ئۈچ ھۆكۈملۈك	headword	536_2L.png	unverified
D90-4-05342	كەسمە يۈز	headword	536_2L.png	unverified
D90-4-05343	كەسمە يۈز خەرىتىسى	headword	536_2L.png	unverified
D90-4-05344	كەسمىنى ئېلېكترلىك ئۆلچەش	headword	536_2L.png	unverified
D90-4-05345	كەسمەك	headword	537_1R.png	unverified
D90-4-05346	كەسىپ	headword	538_1R.png	unverified
D90-4-05348	كەسىپ قىلماق	headword	538_1R.png	unverified
D90-4-05349	كەسىپكە توغرىلاش	headword	538_1R.png	unverified
D90-4-05350	كەسىپچانلىق	headword	538_1R.png	unverified
D90-4-05351	كەسىپدار	headword	538_2L.png	unverified
D90-4-05352	كەسىپداش	headword	538_2L.png	unverified
D90-4-05353	كەسىپداشلىق	headword	538_2L.png	unverified
D90-4-05354	كەسىپسىز	headword	538_2L.png	unverified
D90-4-05355	كەسىپلەشتۈرمەك	headword	538_2L.png	unverified
D90-4-05356	كەسىپلەشتۈرۈلمەك	headword	538_2L.png	unverified
D90-4-05357	كەسىپلەشمەك	headword	538_2L.png	unverified
D90-4-05358	كەسىر	headword	538_2L.png	unverified
D90-4-05359	كەسىر سان	headword	539_1R.png	verified
D90-4-05360	كەسىر سىزىقى	headword	539_1R.png	unverified
D90-4-05361	كەسىر كۆرسەتكۈچ	headword	539_1R.png	unverified
D90-4-05362	كەسىرلەرنى قىسقارتىش	headword	539_1R.png	unverified
D90-4-05363	كەسىر ئىپادە	headword	539_1R.png	unverified
D90-4-05363-v1	راتسىئونال كەسىر ئىپادە	variant	539_1R.png	unverified
D90-4-05364	كەسىرسىز	headword	539_1R.png	unverified
D90-4-05365	كەسىرلىك	headword	539_1R.png	unverified
D90-4-05367	كەش بازىرىدا قالماق	headword	539_2L.png	unverified
D90-4-05368	كەشىنى توغرىلىماق	headword	539_2L.png	unverified
D90-4-05369	كەشىنى قولتۇقلىماق	headword	539_2L.png	unverified
D90-4-05371	كەشىنى قولتۇقىغا قىستۇرماق	headword	540_1R.png	unverified
D90-4-05372	كەشىنىڭ چۈشۈپ قالغىنىغا قارىماي	headword	540_1R.png	unverified
D90-4-05373	كەشىنىڭ سوڭىدا ناس كاپ ئېتىدىغان	headword	540_1R.png	unverified
D90-4-05374	كەشپ	headword	540_1R.png	unverified
D90-4-05375	كەشپ ئەتمەك	headword	540_1R.png	unverified
D90-4-05376	كەشپ قىلماق	headword	540_1R.png	unverified
D90-4-05377	كەشپىيات	headword	540_2L.png	verified
D90-4-05378	كەشپىياتچى	headword	540_2L.png	unverified
D90-4-05379	كەشپىياتچىلىق	headword	540_2L.png	unverified
D90-4-05380	كەشتە	headword	540_2L.png	unverified
D90-4-05381	كەشتە تىكمەك	headword	540_2L.png	unverified
D90-4-05384	كەشتىچى	headword	541_1R.png	unverified
D90-4-05385	كەشتىچىلىك	headword	541_1R.png	unverified
D90-4-05386	كەشتىلەتمەك	headword	541_1R.png	unverified
D90-4-05387	كەشتىلەشمەك	headword	541_1R.png	unverified
D90-4-05388	كەشتىلەنمەك	headword	541_1R.png	unverified
D90-4-05389	كەشتىلىك	headword	541_1R.png	unverified
D90-4-05390	كەشتىلىمەك	headword	541_1R.png	unverified
D90-4-05391	كەشكۈن	headword	541_1R.png	unverified
D90-4-05392	كەشمىر	headword	541_2L.png	unverified
D90-4-05394	كەشمىر ياغلىق	headword	541_2L.png	unverified
D90-4-05395	كەك	headword	541_2L.png	unverified
D90-4-05397	كەكە	headword	541_2L.png	unverified
D90-4-05398	كەكرە	headword	542_1R.png	unverified
D90-4-05399	كەكرى	nonstandard	542_1R.png	unverified
D90-4-05400	كەكرىلىك	headword	542_1R.png	unverified
D90-4-05401	كەكلىك	headword	542_1R.png	unverified
D90-4-05402	كەكلىك قاش	headword	542_1R.png	unverified
D90-4-05403	كەكلىكۋاز	headword	542_1R.png	unverified
D90-4-05404	كەكساقال	headword	542_2L.png	unverified
D90-4-05405	كەڭ	headword	542_2L.png	unverified
D90-4-05406	كەڭ بۇلۇڭ	headword	543_1R.png	unverified
D90-4-05407	كەڭ تۇمشۇق قىليورغا	headword	543_1R.png	unverified
D90-4-05408	كەڭ تۈردە	headword	543_1R.png	unverified
D90-4-05409	كەڭ سوزۇق تاۋۇش	headword	543_1R.png	unverified
D90-4-05409-v1	تۆۋەن سوزۇق تاۋۇش	variant	543_1R.png	unverified
D90-4-05410	كەڭ قورساق	headword	543_1R.png	unverified
D90-4-05410-v1	قورساقى كەڭ	variant	543_1R.png	unverified
D90-4-05411	كەڭ قورساق بولماق	headword	543_2L.png	unverified
D90-4-05412	كەڭ قورساقلىق	headword	543_2L.png	unverified
D90-4-05413	كەڭ قول	headword	543_2L.png	unverified
D90-4-05414	كەڭ قوللۇق	headword	543_2L.png	unverified
D90-4-05415	كەڭ قوللۇق بىلەن	headword	543_2L.png	unverified
D90-4-05416	كەڭ قوللۇق قىلماق	headword	543_2L.png	unverified
D90-4-05417	كەڭ كۆلەملىك	headword	543_2L.png	unverified
D90-4-05418	كەڭ مەنىلىك نىسبىيلىك نەزەرىيىسى	headword	543_2L.png	unverified
D90-4-05419	كەڭ ئېكرانلىق كىنو	headword	544_1R.png	unverified
D90-4-05420	كەڭ ئىككى ياقلىق بۇلۇڭ	headword	544_1R.png	unverified
D90-4-05421	كەڭ يوپۇرماقلىق دەرەخلەر	headword	544_1R.png	unverified
D90-4-05422	كەڭ يوپۇرماقلىق زىزانىيە	headword	544_1R.png	unverified
D90-4-05423	كەڭ يوپۇرماقلىق ئورمان	headword	544_2L.png	unverified
D90-4-05424	كەڭتاشا	headword	544_2L.png	unverified
D90-4-05425	كەڭتاشالىق	headword	544_2L.png	unverified
D90-4-05426	كەڭچىلىك	headword	544_2L.png	unverified
D90-4-05427	كەڭچىلىك قىلماق	headword	545_1R.png	unverified
D90-4-05428	كەڭرى	headword	545_1R.png	unverified
D90-4-05429	كەڭرىتمەك	headword	545_1R.png	unverified
D90-4-05430	كەڭرىتىشمەك	headword	545_1R.png	unverified
D90-4-05431	كەڭرىتىلمەك	headword	545_2L.png	unverified
D90-4-05432	كەڭرىچىلىك	headword	545_2L.png	unverified
D90-4-05433	كەڭرىمەك	headword	545_2L.png	unverified
D90-4-05434	كەڭ-كەڭرى	headword	545_2L.png	unverified
D90-4-05435	كەڭ-كۇشادە	headword	545_2L.png	unverified
D90-4-05436	كەڭكى	headword	545_2L.png	unverified
D90-4-05437	كەڭلىك	headword	546_1R.png	unverified
D90-4-05440	كەلپىغۇن	headword	546_1R.png	unverified
D90-4-05441	كەلتۈرمەك	headword	546_1R.png	unverified
D90-4-05442	كەلتۈرۈشمەك	headword	546_2L.png	unverified
D90-4-05443	كەلتۈرۈلمەك	headword	546_2L.png	unverified
D90-4-05444	كەلدى-باردى	headword	546_2L.png	unverified
D90-4-05444-v1	باردى-كەلدى	variant	546_2L.png	unverified
D90-4-05445	كەلدى-كەتتى	headword	546_2L.png	unverified
D90-4-05446	كەلسە-كەلمەس	headword	546_2L.png	unverified
D90-4-05447	كەلسە-كەلمەس سۆزلىمەك	headword	546_2L.png	unverified
D90-4-05448	كەلكۈن	headword	547_1R.png	unverified
D90-4-05454	كەلگۈسى	headword	547_2L.png	unverified
D90-4-05455	كەلگۈسىپەرەس	headword	547_2L.png	verified
D90-4-05456	كەلگۈسىشۇناس	headword	547_2L.png	unverified
D90-4-05457	كەلگۈلۈك	headword	547_2L.png	unverified
D90-4-05458	كەلگۈندى	headword	548_1R.png	unverified
D90-4-05459	كەلمەس	headword	548_1R.png	verified
D90-4-05460	كەلمەسكە كەتمەك	headword	548_1R.png	unverified
D90-4-05461	كەلمەك	headword	548_1R.png	unverified
D90-4-05468	13	headword	549_2L.png	unverified
D90-4-05469	14	headword	549_2L.png	unverified
D90-4-05470	15	headword	549_2L.png	unverified
D90-4-05471	كېلىپ چىقماق	headword	551_1R.png	unverified
D90-4-05472	كېلىپ چىقىشى	headword	551_1R.png	verified
D90-4-05473	كەلىمە	headword	551_1R.png	unverified
D90-4-05474	كەم	headword	551_2L.png	unverified
D90-4-05475	كەم ئەقىللىق قىلما	headword	552_1R.png	unverified
D90-4-05476	كەم ئەقىللىق قىلماق	headword	552_1R.png	unverified
D90-4-05477	كەم بولماق	headword	552_1R.png	unverified
D90-4-05478	كەم خەج	headword	552_1R.png	unverified
D90-4-05479	كەم خەجلىك	headword	552_1R.png	unverified
D90-4-05480	كەم دېگەندە	headword	552_1R.png	unverified
D90-4-05481	كەم دىدار	headword	552_2L.png	unverified
D90-4-05482	كەم دىدار بولماق	headword	552_2L.png	unverified
D90-4-05483	كەم سۆخەن	headword	552_2L.png	unverified
D90-4-05485	كەم سۆز	headword	552_2L.png	unverified
D90-4-05484	كەم سۇندۇرماق	headword	552_2L.png	unverified
D90-4-05486	كەم سۆزلۈك	headword	552_2L.png	unverified
D90-4-05487	كەم قانلىق	headword	552_2L.png	unverified
D90-4-05488	كەم قۇۋۋەت	headword	553_1R.png	unverified
D90-4-05489	كەم ماغدۇر	headword	553_1R.png	unverified
D90-4-05490	كەم ھوسۇل	headword	553_1R.png	unverified
D90-4-05491	كەم ئىشتىھا	headword	553_1R.png	unverified
D90-4-05493	كەمەر	headword	553_1R.png	unverified
D90-4-05494	كەمەك	headword	553_1R.png	unverified
D90-4-05495	كەمەك ھەييار	headword	553_2L.png	unverified
D90-4-05496	كەمەلدۈرۈك	headword	553_2L.png	unverified
D90-4-05497	كەمەن	headword	553_2L.png	unverified
D90-4-05497-v1	سالما	variant	553_2L.png	unverified
D90-4-05498	كەمبەغەل	headword	553_2L.png	unverified
D90-4-05499	كەمبەغەل دېھقان	headword	554_1R.png	unverified
D90-4-05500	كەمبەغەلچىلىك	headword	554_1R.png	unverified
D90-4-05504	كەمبەغەللىك	headword	554_2L.png	unverified
D90-4-05501	كەمبەغەللەشتۈرمەك	headword	554_1R.png	unverified
D90-4-05502	كەمبەغەللەشتۈرۈلمەك	headword	554_1R.png	unverified
D90-4-05503	كەمبەغەللەشمەك	headword	554_1R.png	unverified
D90-4-05505	كەمپۈت	headword	554_2L.png	unverified
D90-4-05506	كەمپىر	headword	554_2L.png	unverified
D90-4-05507	كەمتەر	headword	554_2L.png	unverified
D90-4-05508	كەمتەرانە	headword	555_1R.png	unverified
D90-4-05509	كەمتەرلىك	headword	555_1R.png	unverified
D90-4-05510	كەمتەرلىك قىلماق	headword	555_1R.png	unverified
D90-4-05511	كەمتەرىن	headword	555_1R.png	unverified
D90-4-05512	كەمتۈك	headword	555_1R.png	unverified
D90-4-05513	كەمتۈكلۈك	headword	555_2L.png	unverified
D90-4-05519	كەمتۈكلەشمەك	headword	555_2L.png	unverified
D90-4-05521	كەمچەنلەنمەك	headword	556_1R.png	unverified
D90-4-05522	كەمچەنلىمەك	headword	556_1R.png	unverified
D90-4-05523	كەمچىل	headword	556_1R.png	unverified
D90-4-05524	كەمچىللىك	headword	556_1R.png	unverified
D90-4-05525	كەمچىلىك	headword	556_1R.png	unverified
D90-4-05526	كەمچىلىكىنى يۇماق	headword	556_1R.png	unverified
D90-4-05527	كەمچىلىكسىز	headword	556_1R.png	unverified
D90-4-05528	كەمدىنكەم	headword	556_2L.png	unverified
D90-4-05529	كەمزۇل	headword	556_2L.png	unverified
D90-4-05530	كەمزۇللۇق	headword	556_2L.png	unverified
D90-4-05531	كەمسىتمەك	headword	556_2L.png	unverified
D90-4-05532	كەمسىتىشمەك	headword	556_2L.png	unverified
D90-4-05533	كەمسىتىلمەك	headword	556_2L.png	unverified
D90-4-05534	كەمسىنمەك	headword	557_1R.png	unverified
D90-4-05535	كەمشۈك	headword	557_1R.png	verified
D90-4-05536	كەم-كۈتە	headword	557_1R.png	unverified
D90-4-05537	كەم-كۈتسىز	headword	557_1R.png	unverified
D90-4-05538	كەم-كۆسە	headword	557_1R.png	unverified
D90-4-05539	كەملەتمەك	headword	557_1R.png	unverified
D90-4-05545	كەملىمەك	headword	557_2L.png	unverified
D90-4-05541	كەملەشمەك	headword	557_2L.png	unverified
D90-4-05542	كەملەنمەك	headword	557_2L.png	unverified
D90-4-05543	كەملىك	headword	557_2L.png	unverified
D90-4-05544	كەملىك قىلماق	headword	557_2L.png	unverified
D90-4-05547	كەمىنە	headword	558_1R.png	unverified
D90-4-05548	كەنە	headword	558_1R.png	unverified
D90-4-05549	كەنت	headword	558_1R.png	unverified
D90-4-05550	كەنتىر	headword	558_2L.png	unverified
D90-4-05552	كەنجى	headword	558_2L.png	verified
D90-4-05553	كەنجى تۈر	headword	559_1R.png	unverified
D90-4-05554	كەنجى تىپ	headword	559_1R.png	unverified
D90-4-05555	كەنجى ئۈزۈم	headword	559_1R.png	unverified
D90-4-05556	كەندىر	headword	559_1R.png	unverified
D90-4-05557	كەندىر چىۋىن	headword	559_1R.png	unverified
D90-4-05558	كەندىر كاكىلى	headword	559_2L.png	unverified
D90-4-05559	كەندىر كېپىنىكى	headword	559_2L.png	unverified
D90-4-05560	كەندىر يوپۇرماقلىق سېسىق تال	headword	559_2L.png	unverified
D90-4-05561	كەندىر يېگەن خورازدەك	headword	559_2L.png	unverified
D90-4-05562-v1	سۇ چېچەك	variant	559_2L.png	unverified
D90-4-05563	كەندىرسىمان	headword	559_2L.png	unverified
D90-4-05564	كەندىرلىك	headword	559_2L.png	unverified
D90-4-05566	كەھرىۋا كىسلاتاسى	headword	560_1R.png	unverified
D90-4-05567	كەۋرەك	headword	560_1R.png	unverified
D90-4-05568	كەۋزە	headword	560_1R.png	unverified
D90-4-05569	كەۋسەر	headword	560_1R.png	unverified
D90-4-05570	كەيپ	headword	560_2L.png	unverified
D90-4-05571	كەيپ بولماق	headword	560_2L.png	unverified
D90-4-05572	كەيپ سۈرمەك	headword	560_2L.png	unverified
D90-4-05573	كەيپ قىلماق	headword	561_1R.png	unverified
D90-4-05574	كەيپى بار	headword	561_1R.png	unverified
D90-4-05575	كەيپى بۇزۇق	headword	561_1R.png	unverified
D90-4-05587	كەيپى يامان	headword	562_1R.png	unverified
D90-4-05576	كەيپى تازا	headword	561_1R.png	unverified
D90-4-05580	كەيپى چاغ	headword	561_2L.png	unverified
D90-4-05577	كەيپى تۇتماق	headword	561_1R.png	unverified
D90-4-05578	كەيپى تۆۋەن	headword	561_1R.png	unverified
D90-4-05579	كەيپى جايىدا	headword	561_2L.png	unverified
D90-4-05581	كەيپى خۇش	headword	561_2L.png	unverified
D90-4-05582	كەيپى ساز	headword	561_2L.png	unverified
D90-4-05583	كەيپى كۆتۈرۈلمەك	headword	561_2L.png	unverified
D90-4-05584	كەيپىنى بۇزماق	headword	561_2L.png	unverified
D90-4-05585	كەيپى ئۇچماق	headword	561_2L.png	unverified
D90-4-05586	كەيپى ئۆرلىمەك	headword	562_1R.png	unverified
D90-4-05588	كەيپى يوق	headword	562_1R.png	unverified
D90-4-05589	كەيپى يېشىللەمەك	headword	562_1R.png	unverified
D90-4-05590	كەيپچىلىك	headword	562_1R.png	unverified
D90-4-05591	كەيپ-ساپا	headword	562_1R.png	unverified
D90-4-05592	كەيپ-ساپا سۈرمەك	headword	562_2L.png	unverified
D90-4-05593	كەيپ-ساپا قىلماق	headword	562_2L.png	unverified
D90-4-05594	كەيپسىز	headword	562_2L.png	unverified
D90-4-05595	كەيپسىزلەندۈرمەك	headword	562_2L.png	unverified
D90-4-05596	كەيپسىزلەنمەك	headword	562_2L.png	unverified
D90-4-05597	كەيپسىزلىك	headword	562_2L.png	unverified
D90-4-05598	كەيپلىك	headword	562_2L.png	unverified
D90-4-05599	كەيپىيات	headword	563_1R.png	unverified
D90-4-05600	كەيپىيات ئىپادىلەش	headword	563_1R.png	unverified
D90-4-05602	كەيلۇك	headword	563_1R.png	unverified
D90-4-05603	كەيمەك	nonstandard	563_1R.png	unverified
D90-4-08226	كىيمەك	headword	777_2L.png	unverified
D90-4-05604	كەين	headword	563_2L.png	unverified
D90-4-05604-i1	كەينى	inflected	563_2L.png	unverified
D90-4-05607	كەينىدە گەپ قىلماق	headword	564_1R.png	unverified
D90-4-05607-v1	ئارقىسىدا گەپ قىلماق	variant	564_1R.png	unverified
D90-4-05608	كەينىدىن كۈلمەك	headword	564_1R.png	unverified
D90-4-05608-v1	ئارقىسىدىن كۈلمەك	variant	564_1R.png	unverified
D90-4-05609	كەينىگە تارتماق	headword	564_1R.png	unverified
D90-4-05609-v1	ئارقىغا تارتماق	variant	564_1R.png	unverified
D90-4-05610	كەينىگە تېپىش كۈچى	headword	564_1R.png	unverified
D90-4-05610-v1	رېئاكتىپ كۈچ	variant	564_1R.png	unverified
D90-4-05611	كەينىگە چۈشمەك	headword	564_1R.png	unverified
D90-4-05611-v1	ئارقىسىغا كىر، ئىزىغا چۈشمەك، ئەگەشمەك	variant	564_1R.png	unverified
D90-4-05612	كەينىگە سالماق	headword	564_1R.png	unverified
D90-4-05612-v1	ئارقىسىغا سالماق	variant	564_1R.png	unverified
D90-4-05613	كەينىگە سۆرىمەك	headword	564_1R.png	unverified
D90-4-05614	كەينىگە سىيمەك	headword	564_1R.png	unverified
D90-4-05615	كەينىگە قارىماق	headword	564_1R.png	unverified
D90-4-05615-v1	ئارقىغا قارىماق	variant	564_1R.png	unverified
D90-4-05616	كەينىگە كەتمەك	headword	564_2L.png	unverified
D90-4-05616-v1	ئارقىغا چېكىنمەك	variant	564_2L.png	unverified
D90-4-05617	كەينىگە كىرمەك	headword	564_2L.png	unverified
D90-4-05618	كەينىنى قىلماق	headword	564_2L.png	unverified
D90-4-05619	كەينىچە	headword	564_2L.png	unverified
D90-4-05620	كەينىچىلەپ	headword	564_2L.png	unverified
D90-4-05621	كەينى-كەينىدىن	headword	564_2L.png	unverified
D90-4-05621-v1	ئارقا-ئارقىدىن	variant	564_2L.png	unverified
D90-4-05622	كەينى-كەينلەپ	headword	565_1R.png	unverified
D90-4-05623	كراخمال	headword	565_1R.png	unverified
D90-4-05625	كراخماللاتماق	headword	565_1R.png	unverified
D90-4-05626	كراخماللانماق	headword	565_1R.png	unverified
D90-4-05627	كراخماللىماق	headword	565_1R.png	unverified
D90-4-05628	كران	headword	565_1R.png	unverified
D90-4-05629	كرانلىق	headword	565_2L.png	unverified
D90-4-05631	كرېپوستنوي	headword	565_2L.png	unverified
D90-4-05631-v1	يانچى	variant	565_2L.png	unverified
D90-4-05632	كرېتىن	headword	565_2L.png	unverified
D90-4-05634	كرېدىت	headword	565_2L.png	unverified
D90-4-05635	كرېست	headword	565_2L.png	unverified
D90-4-05636	كرېست ئارمىيىسى	headword	566_1R.png	unverified
D90-4-05636-v1	ئە ھەلسە لپ	variant	566_1R.png	unverified
D90-4-05637	كرېست تاش	headword	566_1R.png	unverified
D90-4-05638	كرېست شەكىللىك گۈل تاجى	headword	566_1R.png	unverified
D90-4-05639	كرېست گۈللۈكلەر ئائىلىسى	headword	566_1R.png	unverified
D90-4-05640	كرېسلو	headword	566_2L.png	unverified
D90-4-05641	كرېمنىي	headword	566_2L.png	unverified
D90-4-05641-v1	سېلىتسىي	variant	566_2L.png	unverified
D90-4-05643	كرېيسېر	headword	566_2L.png	unverified
D90-4-05643-v1	ئوكيان چارلاش پاراخوتى	variant	566_2L.png	unverified
D90-4-05644	كرىپتومېرىيە	headword	566_2L.png	unverified
D90-4-05644-v1	كرىپتومېرىيە دەرىخى	variant	566_2L.png	unverified
D90-4-05646	كرىپتون	headword	566_2L.png	unverified
D90-4-05647	كرىتىك	headword	567_1R.png	unverified
D90-4-05653	كرىتىك نۇقتا	headword	567_2L.png	unverified
D90-4-05654	كرىتىك ھالەت	headword	567_2L.png	unverified
D90-4-05655	كرىتىك ھەجىم	headword	567_2L.png	unverified
D90-4-05656	كرىتىك يۈك	headword	567_2L.png	verified
D90-4-05657	كرىزىس	headword	567_2L.png	unverified
D90-4-05658	كرىستال	headword	568_1R.png	unverified
D90-4-05659	كرىستال بەلبېغى	headword	568_1R.png	unverified
D90-4-05660	كرىستال پەنجىرىسى	headword	568_1R.png	unverified
D90-4-05660-v1	بوشلۇق پەنجىرىسى	variant	568_1R.png	unverified
D90-4-05661	كرىستال سۇ	headword	568_1R.png	unverified
D90-4-05662	كرىستال سىستېمىسى	headword	568_1R.png	unverified
D90-4-05663	كرىستال فىزىكىسى	headword	568_2L.png	unverified
D90-4-05664	كرىستال كاتەكچىسى	headword	568_2L.png	unverified
D90-4-05665	كرىستال گۇرۇپپىسى	headword	568_2L.png	unverified
D90-4-05666	كرىستال لامپا	headword	569_1R.png	unverified
D90-4-05667	كرىستال ماددىسى	headword	569_1R.png	unverified
D90-4-05668	كرىستال ھۈجەيرىسى	headword	569_1R.png	unverified
D90-4-05669	كرىستال ئوپتىكىسى	headword	569_2L.png	unverified
D90-4-05670	كرىستال ئوقى	headword	569_2L.png	unverified
D90-4-05671	كرىستال ئۆسمىسى	headword	569_2L.png	unverified
D90-4-05672	كرىستال يۈزى	headword	570_1R.png	unverified
D90-4-05673	كرىستال يۈزى بەلگىسى	headword	570_1R.png	unverified
D90-4-05674	كرىستالسىز	headword	570_2L.png	unverified
D90-4-05677	كرىستاللاشماق	headword	570_2L.png	unverified
D90-4-05678	كرىستاللانماق	headword	570_2L.png	unverified
D90-4-05679	كرىستاللوگرافىيە	headword	570_2L.png	unverified
D90-4-05680	كرىستاللىق	headword	571_1R.png	unverified
D90-4-05682	كرىستاللىنىش	headword	571_1R.png	unverified
D90-4-05684	كرىئولىت	headword	571_1R.png	verified
D90-4-05685	كسانتوفىل	headword	571_1R.png	verified
D90-4-05686	كسېنوتىم	headword	571_1R.png	unverified
D90-4-05687	كسېنون	headword	571_2L.png	unverified
D90-4-05688	كلاپان	headword	571_2L.png	unverified
D90-4-05689	كلادونىيە	headword	571_2L.png	unverified
D90-4-05689-v1	كلادونىيە ئوتى	variant	571_2L.png	unverified
D90-4-05691	كلارك	headword	572_1R.png	unverified
D90-4-05692	كلارك قىممىتى	headword	572_1R.png	unverified
D90-4-05693	كلارنېت	headword	572_1R.png	unverified
D90-4-05694	كلاس	headword	572_1R.png	unverified
D90-4-05695	كلاسسىزم	headword	572_1R.png	unverified
D90-4-05696	كلاسسىفىكاتسىيە	headword	572_1R.png	unverified
D90-4-05697	كلاسسىفىكاتسىيە قىلماق	headword	572_1R.png	unverified
D90-4-05697-v1	كلاسسىفىكاتسىيەلىك	variant	572_1R.png	unverified
D90-4-05698	كلاسسىفىكاتسىيىلىمەك	headword	572_2L.png	unverified
D90-4-05699	كلاسسىك	headword	572_2L.png	unverified
D90-4-05701	كلاۋىئاتور	headword	572_2L.png	unverified
D90-4-05702	كلىنومېتر	headword	572_2L.png	unverified
D90-4-05703	كلىنىكا	headword	572_2L.png	unverified
D90-4-05704	كلىنىكىلىق	headword	573_1R.png	unverified
D90-4-05708	كليون	headword	573_1R.png	unverified
D90-4-05708-v1	زەرەڭ	variant	573_1R.png	unverified
D90-4-05709	كوبالت	headword	573_1R.png	unverified
D90-4-05711	كوبالت توپىسى	headword	573_1R.png	verified
D90-4-05712	كوبالت چېچىكى	headword	573_2L.png	unverified
D90-4-05713	كوپ	headword	573_2L.png	unverified
D90-4-05714	كوپپىدە	headword	573_2L.png	unverified
D90-4-05715	كوپتا	headword	573_2L.png	unverified
D90-4-05716	كوپۇش	headword	573_2L.png	unverified
D90-4-05717	كوپېرنىك	headword	573_2L.png	unverified
D90-4-05718	كوپېرنىك سىستېمىسى	headword	574_1R.png	unverified
D90-4-05719	كوپىراتسىيە	headword	574_1R.png	unverified
D90-4-05720	كوپىراتسىيىلەشتۈرمەك	headword	574_1R.png	unverified
D90-4-05721	كوپىراتسىيىلەشتۈرۈلمەك	headword	574_1R.png	unverified
D90-4-05723	كوپىراتىپ	headword	574_1R.png	unverified
D90-4-05725	كوپىروپكا	headword	574_2L.png	unverified
D90-4-05727	كوت	headword	574_2L.png	unverified
D90-4-05728	كوتا	headword	574_2L.png	unverified
D90-4-05729	كوتانگېنس	headword	574_2L.png	unverified
D90-4-05730	كوتكوت	headword	574_2L.png	unverified
D90-4-05731	كوتكوتلىماق	headword	574_2L.png	unverified
D90-4-05734	كوتۇلدىماق	headword	575_1R.png	unverified
D90-4-05732	كوتۇلداتماق	headword	574_2L.png	unverified
D90-4-05733	كوتۇلداشماق	headword	575_1R.png	unverified
D90-4-05735	كوتىنۇس	headword	575_1R.png	unverified
D90-4-05735-v1	كوتىنۇس دەرىخى	variant	575_1R.png	unverified
D90-4-05737	كوچا	headword	575_1R.png	unverified
D90-4-05738	كوچا ئاغزى	headword	575_2L.png	unverified
D90-4-05739	كوچا تىياتىرى	headword	575_2L.png	verified
D90-4-05740	كوچا چىڭدىماق	headword	575_2L.png	unverified
D90-4-05741	كوچا قاڭدىماق	headword	575_2L.png	unverified
D90-4-05742	كوچا ناخشىسى	headword	575_2L.png	unverified
D90-4-05743	كوچا ئۇرۇشتى	headword	575_2L.png	unverified
D90-4-05744	كوچىدا بېرگەپ	headword	575_2L.png	unverified
D90-4-05745	كوچىدا تۆرەلمەك	headword	575_2L.png	unverified
D90-4-05746	كوچىدا قالماق	headword	575_2L.png	unverified
D90-4-05747	كوچىغا چىقماق	headword	575_2L.png	unverified
D90-4-05748	كوچىغا چىقىپ قالماق	headword	576_1R.png	unverified
D90-4-05749	كوچىغا چىقىپ كەتمەك	headword	576_1R.png	unverified
D90-4-05750	كوچىغا يايماق	headword	576_1R.png	unverified
D90-4-05752	كوچا-كوي	headword	576_1R.png	unverified
D90-4-05753	كوچىگار	headword	576_2L.png	verified
D90-4-05754	كوچىلاتماق	headword	576_2L.png	unverified
D90-4-05755	كوچىلاشتۇرماق	headword	576_2L.png	unverified
D90-4-05756	كوچىلاشماق	headword	576_2L.png	unverified
D90-4-05757	كوچىلانماق	headword	576_2L.png	unverified
D90-4-05758	كوچىلىماق	headword	576_2L.png	unverified
D90-4-05759	كوچىمۇكوچا	headword	576_2L.png	unverified
D90-4-05760	كود	headword	577_1R.png	unverified
D90-4-05761	كوداڭ	headword	577_1R.png	unverified
D90-4-05762	كودەي	headword	577_1R.png	unverified
D90-4-05763	كور	headword	577_1R.png	unverified
D90-4-05766	كور بىخ	headword	577_2L.png	unverified
D90-4-05767	كورا	headword	577_2L.png	unverified
D90-4-05768	كوراچ	headword	577_2L.png	unverified
D90-4-05769	كورەك	headword	577_2L.png	unverified
D90-4-05771	كورپۇس	headword	577_2L.png	unverified
D90-4-05772	كورت	headword	577_2L.png	unverified
D90-4-05773	كۆترناق	headword	577_2L.png	unverified
D90-4-05774	كورتىزون	headword	577_2L.png	unverified
D90-4-05775	كوردوبا	headword	578_1R.png	unverified
D90-4-05776	كورديېرىت	headword	578_1R.png	verified
D90-4-05777	كوررېكتور	headword	578_1R.png	verified
D90-4-05779	كوررېكتورلۇق	headword	578_1R.png	unverified
D90-4-05781	كوررىدە	headword	578_2L.png	unverified
D90-4-05782	كوررىدىل	headword	578_2L.png	unverified
D90-4-05784	كور-كور	headword	578_2L.png	unverified
D90-4-05785	كوركىراتماق	headword	578_2L.png	unverified
D90-4-05786	كوركىراشماق	headword	578_2L.png	unverified
D90-4-05787	كوركىرام	headword	578_2L.png	unverified
D90-4-05788	كوركىرىماق	headword	578_2L.png	unverified
D90-4-05789	كورلا	headword	579_1R.png	unverified
D90-4-05790	كورلا نەشپۈتى	headword	579_1R.png	unverified
D90-4-05791	كورلۇق	headword	579_1R.png	unverified
D90-4-05792	كورنۇس	headword	579_1R.png	unverified
D90-4-05793	كورنۇس دەرىخى	headword	579_1R.png	unverified
D90-4-05794	كورنېت	headword	579_2L.png	unverified
D90-4-05795	كوروپكا	headword	579_2L.png	unverified
D90-4-05796	كورونوگراف	headword	579_2L.png	unverified
D90-4-05797	كورۇفائېنا	headword	579_2L.png	unverified
D90-4-05797-v1	كورۇفائېنا بېلىقى	variant	579_2L.png	unverified
D90-4-05799	كورۇلدىماق	headword	579_2L.png	unverified
D90-4-05800	كورونا	headword	579_2L.png	unverified
D90-4-05801	كورىلۇس	headword	579_2L.png	unverified
D90-4-05801-v1	كورىلۇس دەرىخى	variant	579_2L.png	unverified
D90-4-05803	كوزا	headword	580_1R.png	unverified
D90-4-05804	كوزا-كوزاڭ	headword	580_1R.png	unverified
D90-4-05805	كوزا-كوزاڭ قىلماق	headword	580_1R.png	unverified
D90-4-05805-v1	كۆز-كۆز قىلماق	variant	580_1R.png	unverified
D90-4-05806	كوزۇپ	headword	580_1R.png	verified
D90-4-05807	كوزۇپلۇق	headword	580_1R.png	unverified
D90-4-05808	كوزىر	headword	580_1R.png	unverified
D90-4-05809	كوزىر كۆرسەتمەك	headword	580_2L.png	unverified
D90-4-05810	كوس	headword	580_2L.png	unverified
D90-4-05812	كوسا	headword	580_2L.png	unverified
D90-4-05813	كوسا ساقال	headword	581_1R.png	unverified
D90-4-05815	كوساتماق	headword	581_1R.png	unverified
D90-4-05816	كوسپاك	headword	581_1R.png	unverified
D90-4-05817	كوسسىدە	headword	581_1R.png	unverified
D90-4-05818	كوس-كوس	headword	581_1R.png	unverified
D90-4-05819	كوسموپولىتىزم	headword	581_1R.png	unverified
D90-4-05820	كوسمولوگىيە	headword	581_2L.png	unverified
D90-4-05821	كوسمولوگىيىلىك	headword	581_2L.png	unverified
D90-4-05822	كوسۇغۇر	headword	581_2L.png	unverified
D90-4-05823	كوسۇلداتماق	headword	581_2L.png	unverified
D90-4-05824	كوسۇلداشماق	headword	581_2L.png	unverified
D90-4-05825	كوسۇلدىماق	headword	581_2L.png	unverified
D90-4-05826	كوسېكانىس	headword	581_2L.png	unverified
D90-4-05827	كوسىلىق	headword	581_2L.png	unverified
D90-4-05828	كوسىنۇس	headword	581_2L.png	unverified
D90-4-05829	كوش	nonstandard	582_1R.png	unverified
D90-4-06068	كويۇش	headword	602_2L.png	unverified
D90-4-05830	كوفى	headword	582_1R.png	unverified
D90-4-05831	كوفىخانا	headword	582_1R.png	unverified
D90-4-05831-v1	قەھۋەخانا	variant	582_1R.png	unverified
D90-4-05832	كوكا	headword	582_1R.png	unverified
D90-4-05833	كوكات	headword	582_1R.png	unverified
D90-4-05834	كوكاتلىق	headword	582_1R.png	unverified
D90-4-05835	كوكائىن	headword	582_1R.png	unverified
D90-4-05836	كوكس	headword	582_1R.png	unverified
D90-4-05837	كوكس كۆمۈرى	headword	582_2L.png	unverified
D90-4-05838	كوكس مېيى	headword	582_2L.png	unverified
D90-4-05838-v1	سىمۇلا	variant	582_2L.png	unverified
D90-4-05839	كوكسلاشتۇرماق	headword	582_2L.png	unverified
D90-4-05840	كوكسلاشماق	headword	582_2L.png	unverified
D90-4-05841	كوكۇس	headword	582_2L.png	verified
D90-4-05842	كوكۇس پالمىسى	headword	582_2L.png	unverified
D90-4-05843	كوكۇس ياڭىقى	headword	583_1R.png	unverified
D90-4-05844	كوكۇلا	headword	583_1R.png	unverified
D90-4-05848	كوكۇلىلىق	headword	583_1R.png	unverified
D90-4-05849	كوكۇلىلىق تۇرنا	headword	583_2L.png	unverified
D90-4-05850	كوكۇنە	headword	583_2L.png	unverified
D90-4-05851	كوكۇنچىلىق	headword	583_2L.png	unverified
D90-4-05852	كوڭكا	headword	583_2L.png	unverified
D90-4-05853	كولا	nonstandard	583_2L.png	unverified
D90-4-05853-c1	قويلا	corrected_form	583_2L.png	unverified
D90-4-05854	كولاتقۇزماق	headword	583_2L.png	unverified
D90-4-05855	كولاتماق	headword	583_2L.png	unverified
D90-4-05856	كولاشتۇرماق	headword	584_1R.png	unverified
D90-4-05857	كولاشماق	headword	584_1R.png	unverified
D90-4-05858	كولانماق	headword	584_1R.png	unverified
D90-4-05859	كولبا	headword	584_1R.png	unverified
D90-4-05861	كولباسا	headword	584_1R.png	unverified
D90-4-05862	كولخوز	headword	584_1R.png	unverified
D90-4-05863	كولخوزچى	headword	584_1R.png	unverified
D90-4-05864	كولخوزلاشتۇرماق	headword	584_2L.png	unverified
D90-4-05865	كولخوزلاشتۇرۇلماق	headword	584_2L.png	unverified
D90-4-05866	كولخوزلاشماق	headword	584_2L.png	unverified
D90-4-05867	كولدۇر	headword	584_2L.png	unverified
D90-4-05868	كولدۇر-كولدۇر	headword	584_2L.png	unverified
D90-4-05869	كولدۇرلاتماق	headword	584_2L.png	unverified
D90-4-05870	كولدۇرلاشماق	headword	584_2L.png	unverified
D90-4-05871	كولدۇرلىماق	headword	584_2L.png	unverified
D90-4-05872	كولدۇرما	headword	584_2L.png	unverified
D90-4-05873	كولدۈرمىلىق	headword	585_1R.png	unverified
D90-4-05875	كوللاپس	headword	585_1R.png	unverified
D90-4-05876	كوللوزا	headword	585_1R.png	unverified
D90-4-05877	كوللوزا ماددىسى	headword	585_2L.png	unverified
D90-4-05878	كوللوزىلىق	headword	585_2L.png	unverified
D90-4-05880	كوللوئىد	headword	585_2L.png	unverified
D90-4-05882	كوللېكتور	headword	586_1R.png	unverified
D90-4-05883	كوللېكتىپ	headword	586_1R.png	unverified
D90-4-05886	كوللېكتىپ ئۇسسۇل	headword	586_2L.png	unverified
D90-4-05887	كوللېكتىپچىلىق	headword	586_2L.png	unverified
D90-4-05888	كوللېكتىپچىلىق تەربىيىسى	headword	586_2L.png	unverified
D90-4-05889	كوللېكتىپلاشتۇرماق	headword	586_2L.png	unverified
D90-4-05890	كوللېكتىپلاشتۇرۇلماق	headword	586_2L.png	unverified
D90-4-05891	كوللېكتىپلاشماق	headword	586_2L.png	unverified
D90-4-05892	كوللېكتىپلىق	headword	587_1R.png	unverified
D90-4-05893	كوللېكتىۋىزم	headword	587_1R.png	verified
D90-4-05894	كوللېكتىۋىزملىق	headword	587_1R.png	unverified
D90-4-05895	كوللېگىيە	headword	587_1R.png	unverified
D90-4-05896	كولىغۇچ	headword	587_1R.png	unverified
D90-4-05897	كولىما	headword	587_1R.png	unverified
D90-4-05899	كولىماق	headword	587_1R.png	unverified
D90-4-05900	كولياسكا	headword	587_2L.png	unverified
D90-4-05901	كوم	headword	587_2L.png	unverified
D90-4-05902	كوماك	headword	587_2L.png	unverified
D90-4-05903	كوماندا	headword	587_2L.png	unverified
D90-4-05905	كوماندىر	headword	588_1R.png	unverified
D90-4-05906	كوماندىر-جەڭچى	headword	588_1R.png	unverified
D90-4-05907	كوماندىرلىق	headword	588_1R.png	unverified
D90-4-05908	كومبايىن	headword	588_1R.png	unverified
D90-4-05909	كومبايىنچى	headword	588_1R.png	unverified
D90-4-05910	كومپارتىيە	headword	588_1R.png	unverified
D90-4-05911	كومپاس	headword	588_2L.png	unverified
D90-4-05912	كومپانىيە	headword	588_2L.png	unverified
D90-4-05913	كومپرادور	headword	588_2L.png	unverified
D90-4-05914	كومپرادور بۇرژۇئازىيە	headword	588_2L.png	unverified
D90-4-05915	كومپلېكس	headword	589_1R.png	unverified
D90-4-05918	كومپلېمېنت	headword	589_1R.png	unverified
D90-4-05920	كومپوزىتسىيە	headword	589_1R.png	unverified
D90-4-05921	كومپوزىتور	headword	589_1R.png	unverified
D90-4-05922	كومپوزىتورلۇق	headword	589_2L.png	unverified
D90-4-05923	كومپېنساتسىيە	headword	589_2L.png	unverified
D90-4-05924	كومزەلەك	headword	589_2L.png	unverified
D90-4-05925	كومسومول	headword	589_2L.png	unverified
D90-4-05926	كومسوموللۇق	headword	589_2L.png	unverified
D90-4-05927	كومشا	nonstandard	589_2L.png	unverified
D90-4-05928	كومشار	headword	589_2L.png	unverified
D90-4-05929	كومشايتماق	headword	590_1R.png	unverified
D90-4-05930	كومشايماق	headword	590_1R.png	unverified
D90-4-05931	كوم-كوم	headword	590_1R.png	unverified
D90-4-05932	كومكومچى	headword	590_1R.png	unverified
D90-4-05933	كوممۇنا	headword	590_1R.png	unverified
D90-4-05934	كوممۇنىزم	headword	590_1R.png	unverified
D90-4-05935	كوممۇنىزمچى	headword	590_2L.png	unverified
D90-4-05936	كوممۇنىزملىق	headword	590_2L.png	unverified
D90-4-05937	كوممۇنىزملىق دۇنيا قاراش	headword	590_2L.png	unverified
D90-4-05938	كوممۇنىست	headword	591_1R.png	unverified
D90-4-05939	كوممۇنىستىك	headword	591_1R.png	unverified
D90-4-05944	كوممۇنىستىك ياشلار ئىتتىپاقى	headword	591_2L.png	unverified
D90-4-05945	كوممۇنىستلارچە	headword	591_2L.png	unverified
D90-4-05946	كوممىدە	headword	591_2L.png	unverified
D90-4-05947	كومېتا	headword	591_2L.png	unverified
D90-4-05953	كومېدىيە	headword	592_1R.png	unverified
D90-4-05954	كومېدىيىلىك	headword	592_1R.png	unverified
D90-4-05956	كومىتېت	headword	592_1R.png	unverified
D90-4-05957	كومىسسار	headword	592_2L.png	unverified
D90-4-05958	كومىسسارىيات	headword	592_2L.png	unverified
D90-4-05959	كومىسسىيە	headword	592_2L.png	unverified
D90-4-05960	كومىسسىيون	headword	592_2L.png	verified
D90-4-05961	كونا	headword	592_2L.png	unverified
D90-4-05962	كونا ئادەت	headword	593_1R.png	unverified
D90-4-05963	كونا پەدىنى چالماق	headword	593_1R.png	unverified
D90-4-05964	كونا پېتىچە	headword	593_1R.png	unverified
D90-4-05965	كونا تاش قورال دەۋرى	headword	593_2L.png	unverified
D90-4-05966	كونا چۈشنى كۆرمەك	headword	593_2L.png	unverified
D90-4-05967	كونا خاماننى سورىماق	headword	593_2L.png	unverified
D90-4-05968	كونا دېموكراتىزملىق ئىنقىلاب	headword	593_2L.png	unverified
D90-4-05969	كونا سەنەمگە دەسسىمەك	headword	593_2L.png	unverified
D90-4-05970	كونا سەنەمگە ئۇسسۇل ئوينىماق	headword	594_1R.png	unverified
D90-4-05971	كونا قېلىپ	headword	594_1R.png	unverified
D90-4-05972	كونا كېسىلى تۇتماق	headword	594_1R.png	unverified
D90-4-05973	كونا كېسىلى قوزغالماق	headword	594_1R.png	unverified
D90-4-05974	كونا گەپ	headword	594_1R.png	unverified
D90-4-05975	كونا ماتېرىيالىزم	headword	594_1R.png	unverified
D90-4-05976	كونا مۇقام	headword	594_1R.png	unverified
D90-4-05977	كونا مۇقامغا توۋلىماق	headword	594_2L.png	unverified
D90-4-05978	كونا ئوستىخاننى غاجىماق	headword	594_2L.png	unverified
D90-4-05979	كونا ئۈچىنچى دەۋر	headword	594_2L.png	unverified
D90-4-05980	كونا يىلتىز	headword	595_1R.png	unverified
D90-4-05981	كونا يىل كالېندارى	headword	595_1R.png	unverified
D90-4-05981-v1	دېھقانلار كالېندارى	variant	595_1R.png	unverified
D90-4-05982	كونىنىڭ ئورنىنى يېڭىنىڭ ئېلىشى	headword	595_1R.png	unverified
D90-4-05983	كونارتماق	headword	595_1R.png	unverified
D90-4-05984	كونارتىشماق	headword	595_2L.png	unverified
D90-4-05985	كونارتىلماق	headword	595_2L.png	unverified
D90-4-05986	كونارماق	headword	595_2L.png	unverified
D90-4-05987	كونتاكت	headword	595_2L.png	unverified
D90-4-05988	كونتاكتلىق	headword	595_2L.png	unverified
D90-4-05990	كونتراست	headword	595_2L.png	unverified
D90-4-05992	كونترول	headword	596_1R.png	unverified
D90-4-05994	كونترول قىلماق	headword	596_1R.png	unverified
D90-4-05996	كونترول نەزەرىيىسى	headword	596_2L.png	unverified
D90-4-05996-v1	كېبەرنېتىكا	variant	596_2L.png	unverified
D90-4-05997	كونترولچان	headword	596_2L.png	unverified
D90-4-05998	كونترولچانلىق	headword	596_2L.png	unverified
D90-4-05999	كونتروللاش	headword	596_2L.png	unverified
D90-4-06000	كونتروللاش تاختىسى	headword	596_2L.png	unverified
D90-4-06001	كونتروللاش قوزۇقى	headword	596_2L.png	unverified
D90-4-06002	كونتروللۇق	headword	596_2L.png	unverified
D90-4-06003	كونتروللىماق	headword	597_1R.png	unverified
D90-4-06004	كونتېكىست	headword	597_1R.png	unverified
D90-4-06005	كونتېكىستسىز	headword	597_1R.png	unverified
D90-4-06006	كونتېكىستشۇناس	headword	597_1R.png	unverified
D90-4-06007	كونتېكىستشۇناسلىق	headword	597_1R.png	unverified
D90-4-06008	كوندۇكتور	headword	597_1R.png	unverified
D90-4-06009	كوندېنساتور	headword	597_1R.png	unverified
D90-4-06010	كونسپىك	headword	597_2L.png	unverified
D90-4-06011	كونستىتۇتسىيە	headword	597_2L.png	unverified
D90-4-06011-v1	ئاساسىي قانۇن	variant	597_2L.png	unverified
D90-4-06012	كونسۇل	headword	597_2L.png	unverified
D90-4-06014	كونسۇلتاتسىيە	headword	597_2L.png	unverified
D90-4-06015	كونسۇلخانا	headword	597_2L.png	unverified
D90-4-06016	كونسۇللۇق	headword	598_1R.png	unverified
D90-4-06017	كونسېرت	headword	598_1R.png	unverified
D90-4-06019	كونسېرن	headword	598_1R.png	unverified
D90-4-06021	كونسېرۋاتور	headword	598_2L.png	unverified
D90-4-06022	كونسېرۋاتىپ	headword	598_2L.png	unverified
D90-4-06023	كونسېرۋاتىپلىق	headword	598_2L.png	unverified
D90-4-06024	كونسېرۋاتىزم	headword	598_2L.png	unverified
D90-4-06025	كونسېسسىيە	headword	598_2L.png	verified
D90-4-06026	كونكرېت	headword	599_1R.png	unverified
D90-4-06029	كونكرېت ئۇقۇم	headword	599_2L.png	unverified
D90-4-06030	كونكرېتلاشتۇرماق	headword	599_2L.png	unverified
D90-4-06031	كونكرېتلاشتۇرۇلماق	headword	599_2L.png	unverified
D90-4-06032	كونكرېتلاشماق	headword	599_2L.png	unverified
D90-4-06033	كونكرېتلىق	headword	599_2L.png	unverified
D90-4-06034	كونگو	headword	599_2L.png	unverified
D90-4-06035	كونگو قىزىلى	headword	599_2L.png	unverified
D90-4-06036	كونۇس	headword	600_1R.png	unverified
D90-4-06037	كونۇسسىمان	headword	600_1R.png	unverified
D90-4-06039	كونۋېرت	headword	600_1R.png	unverified
D90-4-06040	كونۋېرتسىز	headword	600_1R.png	unverified
D90-4-06041	كونۋېرتلىق	headword	600_1R.png	unverified
D90-4-06042	كونۋېكسىيە	headword	600_1R.png	unverified
D90-4-06043	كونۋېكسىيە قاتلىمى	headword	600_2L.png	unverified
D90-4-06044	كونۋېكسىيىلىك	headword	600_2L.png	unverified
D90-4-06046	كونىچە	headword	600_2L.png	unverified
D90-4-06047	كونىرىماق	nonstandard	601_1R.png	unverified
D90-4-06048	كونىلار	headword	601_1R.png	unverified
D90-4-06049	كونىلىق	headword	601_1R.png	unverified
D90-4-06050	كوھىش	nonstandard	601_1R.png	unverified
D90-4-06051	كوئوردىنات	headword	601_1R.png	unverified
D90-4-06054	كوۋا	headword	601_2L.png	unverified
D90-4-06055	كوئېففىتسېنت	headword	601_2L.png	unverified
D90-4-06056	كوي	headword	601_2L.png	unverified
D90-4-06059	كويىدا يۈرمەك	headword	601_2L.png	unverified
D90-4-06059-v1	كويىدا بولماق	variant	601_2L.png	unverified
D90-4-06062	كويچەن	headword	602_1R.png	unverified
D90-4-06062-v1	كوي III	variant	602_1R.png	unverified
D90-4-06065	كويزا-كىشەن	headword	602_1R.png	unverified
D90-4-06066	كويلا	headword	602_2L.png	unverified
D90-4-06067	كويلۇق	headword	602_2L.png	unverified
D90-4-06068-v1	كويۇش قىلماق	variant	602_2L.png	unverified
D90-4-06069	كۇب	headword	602_2L.png	unverified
D90-4-06076	كۇبانكا	headword	603_1R.png	unverified
D90-4-06077	كۇبانكا تۇماق	headword	603_1R.png	unverified
D90-4-06078	كۇپايە	headword	603_1R.png	unverified
D90-4-06081	كۇپايىلەنمەك	headword	603_1R.png	unverified
D90-4-06082	كۇپايىلىنىشمەك	headword	603_1R.png	unverified
D90-4-06083	كۇپپار	headword	603_1R.png	unverified
D90-4-06084	كۇپپارلىق	headword	603_1R.png	unverified
D90-4-06085	كۈپلېت	headword	603_2L.png	unverified
D90-4-06086	كۈپلېتسىز	headword	603_2L.png	unverified
D90-4-06087	كۈپلېتلىق	headword	603_2L.png	unverified
D90-4-06088	كۇپۇر	headword	603_2L.png	unverified
D90-4-06089	كۇپۇر سۆزلىمەك	headword	603_2L.png	unverified
D90-4-06090	كۇپۇرانە	headword	603_2L.png	unverified
D90-4-06091	كۇپۇرانلىق	headword	603_2L.png	unverified
D90-4-06092	كۇپۇرلۇق	headword	604_1R.png	unverified
D90-4-06093	كۇت	headword	604_1R.png	unverified
D90-4-06094	كۇت-كۇت	headword	604_1R.png	unverified
D90-4-06095	كۇت-كۇت پاراڭ	headword	604_1R.png	unverified
D90-4-06096	كۇت-كۇت گەپ	headword	604_1R.png	unverified
D90-4-06097	كۇتكويلۇق	headword	604_1R.png	unverified
D90-4-06098	كۇتلا	headword	604_1R.png	unverified
D90-4-06099	كۇتۈبىم	headword	604_1R.png	unverified
D90-4-06100	كۇتۇپخانا	headword	604_1R.png	unverified
D90-4-06101	كۇتۇلدىماق	headword	604_2L.png	unverified
D90-4-06102	كۇچا	headword	604_2L.png	unverified
D90-4-06104	كۇچۇلا	headword	604_2L.png	unverified
D90-4-06105	كۇدرانىيە	headword	604_2L.png	unverified
D90-4-06105-v1	كۇدرانىيە چاتقىلى	variant	604_2L.png	unverified
D90-4-06107	كۇدۇڭداس	headword	605_1R.png	unverified
D90-4-06108	كۇر	headword	605_1R.png	verified
D90-4-06109	كۇررىدەك	headword	605_1R.png	unverified
D90-4-06110	كۇررىدە	headword	605_1R.png	unverified
D90-4-06111	كۇرس	headword	605_1R.png	unverified
D90-4-06114	كۇرسانت	headword	605_2L.png	unverified
D90-4-06115	كۇرسى	headword	605_2L.png	unverified
D90-4-06116	كۇر-كۇر	headword	605_2L.png	unverified
D90-4-06117	كۇرۇژوك	headword	605_2L.png	unverified
D90-4-06118	كۇرۇشكا	headword	605_2L.png	unverified
D90-4-06119	كۇس	headword	605_2L.png	unverified
D90-4-06120	كۇسا	nonstandard	605_2L.png	unverified
D90-4-06122	كۇسپاڭ	headword	605_2L.png	unverified
D90-4-06123	كۇسپۇرۇچ	nonstandard	605_2L.png	unverified
D90-4-08088	كىسپۇرۇش	headword	766_2L.png	unverified
D90-4-06124	كۇس-كۇس	headword	606_1R.png	unverified
D90-4-06125	كۇس-كۇس پاراڭ	headword	606_1R.png	unverified
D90-4-06126	كۇس-كۇس قىلماق	headword	606_1R.png	unverified
D90-4-06127	كۇس-كۇس گەپ	headword	606_1R.png	unverified
D90-4-06128	كۇسۇر	headword	606_1R.png	unverified
D90-4-06129	كۇسۇر-كۇسۇر	headword	606_1R.png	unverified
D90-4-06130	كۇسۇرلاشماق	headword	606_1R.png	unverified
D90-4-06131	كۇسۇرلىماق	headword	606_1R.png	unverified
D90-4-06132	كۇسۇڭ	headword	606_2L.png	unverified
D90-4-06133	كۇسۇڭ-كۇسۇڭ	headword	606_2L.png	unverified
D90-4-06134	كۇسۇلدىشماق	headword	606_2L.png	unverified
D90-4-06135	كۇسۇلدىماق	headword	606_2L.png	unverified
D90-4-06136	كۇش	headword	606_2L.png	unverified
D90-4-06137	كۇشادە	headword	606_2L.png	unverified
D90-4-06138	كۇشادىچىلىق	headword	606_2L.png	unverified
D90-4-06139	كۇشادىلىق	headword	606_2L.png	unverified
D90-4-06140	كۇش-كۇش	headword	606_2L.png	unverified
D90-4-06141	كۇشكۈشلىماق	headword	606_2L.png	unverified
D90-4-06142	كۇشۇلدىماق	headword	607_1R.png	unverified
D90-4-06143	كۇكۇ	headword	607_1R.png	unverified
D90-4-06143-v1	پىستە II	variant	607_1R.png	unverified
D90-4-06144	كۇكۇم	headword	607_1R.png	unverified
D90-4-06145	كۇكۇم-تالقان	headword	607_1R.png	unverified
D90-4-06148	كۇڭ	headword	607_1R.png	unverified
D90-4-06149	كۇلا	headword	607_1R.png	unverified
D90-4-06150	كۇلال	headword	607_1R.png	unverified
D90-4-06151	كۇلالچى	headword	607_2L.png	unverified
D90-4-06152	كۇلالچىلىق	headword	607_2L.png	unverified
D90-4-06153	كۇلاھ	headword	607_2L.png	unverified
D90-4-06154	كۇلاھ-جەندە	headword	607_2L.png	unverified
D90-4-06155	كۇلاھلىق	headword	607_2L.png	unverified
D90-4-06156	كۇلتېر	headword	607_2L.png	unverified
D90-4-06157	كۇلتىۋاتسىيە	headword	607_2L.png	unverified
D90-4-06159	كۇلتىۋاتور	headword	608_1R.png	unverified
D90-4-06160	كۇللى	nonstandard	608_1R.png	unverified
D90-4-07493	كۈللى	headword	708_2L.png	unverified
D90-4-06161	كۈلمىناتسىيە	headword	608_1R.png	unverified
D90-4-06162	كۇلۇب	headword	608_1R.png	unverified
D90-4-06163	كۇلۇچ	headword	608_1R.png	unverified
D90-4-06165	كۇلۇك	headword	608_1R.png	unverified
D90-4-06166	كۇلۇڭ	headword	608_1R.png	unverified
D90-4-06167	كۇلۇن	headword	608_2L.png	unverified
D90-4-06168	كۇلۇنمېتر	headword	608_2L.png	unverified
D90-4-06169	كۇلېكس	headword	608_2L.png	unverified
D90-4-06169-v1	كۇلېكس پاشىسى	variant	608_2L.png	unverified
D90-4-06173	كۇلى بىھىسى	headword	609_1R.png	unverified
D90-4-06174	كۇمپەيكۇم	headword	609_1R.png	unverified
D90-4-06175	كۇمپەيكۇم بولماق	headword	609_1R.png	unverified
D90-4-06176	كۇموس	headword	609_2L.png	unverified
D90-4-06177	كۇمۇتا	headword	609_2L.png	unverified
D90-4-06178	كۇمۇتا قىزىتمىسى	headword	609_2L.png	unverified
D90-4-06179	كۇمۇلەك	headword	610_1R.png	unverified
D90-4-06180	كۇمىلاچ	headword	610_1R.png	unverified
D90-4-06184	كۇمىلاچلاتماق	headword	610_1R.png	unverified
D90-4-06185	كۇمىلاچلاشماق	headword	610_1R.png	unverified
D90-4-06186	كۇمىلاچلانماق	headword	610_1R.png	unverified
D90-4-06187	كۇمىلاچلىماق	headword	610_1R.png	unverified
D90-4-06188	كۇننۇس	headword	610_2L.png	unverified
D90-4-06189	كۇنۇپكا	headword	610_2L.png	verified
D90-4-06190	كۇھ	headword	610_2L.png	unverified
D90-4-06191	كۇھى دارا	headword	610_2L.png	unverified
D90-4-06192	كۇھىقاپ	headword	610_2L.png	unverified
D90-4-06193	كۇۋاس	headword	610_2L.png	unverified
D90-4-06194	كۇۋۇك	headword	610_2L.png	unverified
D90-4-06195	كۆپ	headword	610_2L.png	verified
D90-4-06196	كۆپ ئەزالىق	headword	611_1R.png	unverified
D90-4-06199	كۆپ بوغۇملۇق سۆز	headword	611_1R.png	unverified
D90-4-06200	كۆپ پەردىلىك تىياتىر	headword	611_1R.png	verified
D90-4-06201	كۆپ پۇتلۇق لىچىنكا	headword	611_1R.png	verified
D90-4-06202	كۆپ تەرەپلىك شەكىل	headword	611_1R.png	verified
D90-4-06203	كۆپ تەرەپلىمىلىك	headword	611_1R.png	verified
D90-4-06205	كۆپ تۆرەلمىلىك كۆپىيىش	headword	611_2L.png	verified
D90-4-06206	كۆپ تۆشۈكلۈكلەر	headword	611_2L.png	verified
D90-4-06207	كۆپ تۆشۈكلۈك زەمبۇرۇغلار	headword	611_2L.png	verified
D90-4-06208	كۆپ تۈر تەنھەرىكىتى	headword	611_2L.png	verified
D90-4-06209	كۆپ تىپلىق ھادىسە	headword	612_1R.png	unverified
D90-4-06210	كۆپ چېكىت	headword	612_1R.png	unverified
D90-4-06211	كۆپ خانىلىق سان	headword	612_2L.png	verified
D90-4-06212	كۆپ خۇدالىق دىن	headword	612_2L.png	unverified
D90-4-06213	كۆپ خىل ئىگىلىك	headword	612_2L.png	unverified
D90-4-06214	كۆپ خىللىق ئوقۇتۇش	headword	612_2L.png	unverified
D90-4-06215	كۆپ قار	headword	612_2L.png	verified
D90-4-06216	كۆپ قەنتلىكلەر	headword	612_2L.png	unverified
D90-4-06217	كۆپ قەۋەتلىك ئورمان	headword	612_2L.png	unverified
D90-4-06218	كۆپ كاۋاكلىق موگۇ	headword	612_2L.png	unverified
D90-4-06219	كۆپ كرىستاللىق جىسىم	headword	613_1R.png	unverified
D90-4-06220	كۆپ گۈللۈك قامچئوت	headword	613_1R.png	unverified
D90-4-06221	كۆپ گۈللۈك يۇلغۇن	headword	613_1R.png	unverified
D90-4-06222	كۆپ لىنىيىلىك تۆمۈريول	headword	613_1R.png	unverified
D90-4-06223	كۆپ مەنبەچىلىك	headword	613_2L.png	verified
D90-4-06224	كۆپ مەنىلىك سۆز	headword	613_2L.png	unverified
D90-4-06225	كۆپ مېتاللىق كان ياتمىسى	headword	613_2L.png	unverified
D90-4-06226	كۆپ مىقدارلىق گېن	headword	613_2L.png	unverified
D90-4-06227	كۆپ مىقدارلىق ئېلېمېنت	headword	613_2L.png	unverified
D90-4-06228	كۆپ مىنېراللىق جىنس	headword	614_1R.png	unverified
D90-4-06229	كۆپ نېگىزلىك كىسلاتا	headword	614_1R.png	unverified
D90-4-06230	كۆپنى كۆرگەن	headword	614_1R.png	unverified
D90-4-06231	كۆپنىڭ كۆزى كۆپ	headword	614_1R.png	unverified
D90-4-06232	كۆپ ھاللاردا	headword	614_1R.png	unverified
D90-4-06233	كۆپ ھەسسىلىك تەنچە	headword	614_1R.png	unverified
D90-4-06234	كۆپ ھەسسىلىك تەنچە ئۆسۈملۈكلىرى	headword	614_1R.png	unverified
D90-4-06235	كۆپ ھۈجەيرىلىك جانلىقلار	headword	614_2L.png	unverified
D90-4-06236	كۆپ ئوقلۇق شاخلىنىش	headword	614_2L.png	unverified
D90-4-06237	كۆپ ئۈگىلىك راكېتا	headword	614_2L.png	unverified
D90-4-06238	كۆپ ئېلاھچىلىق	headword	615_1R.png	unverified
D90-4-06239	كۆپ ئېلاھلىق دىن	headword	615_1R.png	unverified
D90-4-06240	كۆپ ياقلىق بولۇش	headword	615_1R.png	unverified
D90-4-06241	كۆپ ياقلىق جىسىم	headword	615_1R.png	unverified
D90-4-06242	كۆپ يىللىق ئۆسۈملۈك	headword	615_1R.png	unverified
D90-4-06243	كۆپەيتكۈچى	headword	615_1R.png	unverified
D90-4-06244	كۆپەيتكۈچى ئىپادە	headword	615_2L.png	unverified
D90-4-06245	كۆپەيتمە	headword	615_2L.png	unverified
D90-4-06246	كۆپەيتمە نۇسخا	headword	615_2L.png	unverified
D90-4-06247	كۆپەيتمەك	headword	615_2L.png	unverified
D90-4-06248	كۆپەيتىش	headword	615_2L.png	unverified
D90-4-06250	كۆپەيتىش بەلگىسى	headword	616_1R.png	unverified
D90-4-06252	كۆپەيتىلمەك	headword	616_1R.png	unverified
D90-4-06254	كۆپەيمەك	headword	616_1R.png	unverified
D90-4-06255	كۆپتۈرمە	headword	616_1R.png	unverified
D90-4-06256	كۆپتۈرمەك	headword	616_2L.png	unverified
D90-4-06257	كۆپتۈرمىچى	headword	616_2L.png	unverified
D90-4-06258	كۆپتۈرۈشمەك	headword	616_2L.png	unverified
D90-4-06259	كۆپتۈرۈلمەك	headword	616_2L.png	unverified
D90-4-06260	كۆپتىن كۆپ	headword	616_2L.png	unverified
D90-4-06261	كۆپجۈمەك	headword	616_2L.png	unverified
D90-4-06262	كۆپچىلىك	headword	617_1R.png	unverified
D90-4-06263	كۆپسىمەك	headword	617_1R.png	unverified
D90-4-06264	كۆپكۆك	headword	617_1R.png	unverified
D90-4-06265	كۆپلە	headword	617_1R.png	unverified
D90-4-06266	كۆپلىگەن	headword	617_1R.png	unverified
D90-4-06267	كۆپمە	headword	617_1R.png	unverified
D90-4-06269	كۆپمەك	headword	617_1R.png	unverified
D90-4-06270	كۆپۈش	headword	617_2L.png	unverified
D90-4-06272	كۆپۈشمەك	headword	617_2L.png	unverified
D90-4-06273	كۆپۈك	headword	617_2L.png	unverified
D90-4-06274	كۆپۈككە ئايلانماق	headword	617_2L.png	unverified
D90-4-06275	كۆپۈكچە	headword	617_2L.png	unverified
D90-4-06276	كۆپۈكلەشمەك	headword	617_2L.png	unverified
D90-4-06277	كۆپۈكلەندۈرگۈچ	headword	618_1R.png	unverified
D90-4-06278	كۆپۈكلەندۈرمەك	headword	618_1R.png	unverified
D90-4-06279	كۆپۈكلەنمەك	headword	618_1R.png	unverified
D90-4-06280	كۆپۈكلۈك	headword	618_1R.png	unverified
D90-4-06283	كۆپۈنكى	headword	618_1R.png	unverified
D90-4-06286	كۆپۈنكى لىنزا	headword	618_2L.png	unverified
D90-4-06287	كۆپىنچە	headword	618_2L.png	unverified
D90-4-06288	كۆپىيىش	headword	618_2L.png	unverified
D90-4-06290	كۆپىيىش بېزى	headword	619_1R.png	unverified
D90-4-06290-v1	جىنسىي بەز	variant	619_1R.png	unverified
D90-4-06291	كۆپىيىش قابىلىيىتى	headword	619_1R.png	unverified
D90-4-06292	كۆپىيىش نىسبىتى	headword	619_1R.png	unverified
D90-4-06293	كۆپىيىش ھۈجەيرىسى	headword	619_1R.png	unverified
D90-4-06293-v1	جىنسىي ھۈجەيرە	variant	619_1R.png	unverified
D90-4-06294	كۆپىيىش ئۈچۈن كۆچۈش	headword	619_1R.png	unverified
D90-4-06295	كۆپىيىش ئىقتىدارى	headword	619_1R.png	unverified
D90-4-06296	كۆت	headword	619_1R.png	unverified
D90-4-06299	كۆتى پوق	headword	619_2L.png	unverified
D90-4-06300	كۆتى چىدىناسلىق	headword	619_2L.png	unverified
D90-4-06301	كۆتى چىڭ	headword	619_2L.png	unverified
D90-4-06302	كۆتگە پوق كەپلەشمەك	headword	619_2L.png	unverified
D90-4-06303	كۆتىگە تەپمەك	headword	619_2L.png	unverified
D90-4-06304	كۆتىگە سۆيگۈدەك بولماق	headword	619_2L.png	unverified
D90-4-06305	كۆتىگە سېرىق تۈك ئۈنمىگەن	headword	619_2L.png	unverified
D90-4-06306	كۆتىگە كىرىۋالماق	headword	619_2L.png	unverified
D90-4-06306-v1	ئارقىسىغا كىرىۋالماق	variant	619_2L.png	unverified
D90-4-06307	كۆتىگە يىپ ساپماق	headword	619_2L.png	unverified
D90-4-06308	كۆتىنى ئاچماق	headword	619_2L.png	unverified
D90-4-06309	كۆتىنى قىسماق	headword	620_1R.png	unverified
D90-4-06310	كۆتىنى كولىماق	headword	620_1R.png	unverified
D90-4-06311	كۆتىنىڭ پىرى تۇتماق	headword	620_1R.png	unverified
D90-4-06312	كۆتىنى ئېلىپ يۈزىگە چاپلىماق	headword	620_1R.png	unverified
D90-4-06313	كۆتىنى يۈزىگە چاپلىماق	headword	620_1R.png	unverified
D90-4-06314	كۆتى ئوچۇق	headword	620_1R.png	unverified
D90-4-06315	كۆتى ئوچۇق قالماق	headword	620_1R.png	unverified
D90-4-06316	كۆتى ئېچىلماق	headword	620_1R.png	unverified
D90-4-06317	كۆتى ئېغىر	headword	620_1R.png	unverified
D90-4-06318	كۆتەك	headword	620_2L.png	unverified
D90-4-06322	كۆتەڭگەي	headword	620_2L.png	unverified
D90-4-06323	كۆتەل	headword	620_2L.png	unverified
D90-4-06324	كۆتەن	headword	620_2L.png	unverified
D90-4-06325	كۆتەن باش	headword	621_1R.png	unverified
D90-4-06326	كۆتەن ئۈچەي	headword	621_1R.png	verified
D90-4-06327	كۆتلەش	headword	621_1R.png	unverified
D90-4-06328	كۆتلۈك	headword	621_1R.png	unverified
D90-4-06329	كۆتمەك	headword	621_1R.png	unverified
D90-4-06331	كۆتمەكلەشتۈرمەك	headword	621_1R.png	unverified
D90-4-06332	كۆتمەكلەشتۈرۈلمەك	headword	621_1R.png	unverified
D90-4-06333	كۆتمەكلەشمەك	headword	621_1R.png	unverified
D90-4-06334	كۆتۈر	headword	621_1R.png	unverified
D90-4-06335	كۆتۈر كەشىڭنى	headword	621_2L.png	unverified
D90-4-06335-v1	كۆتۈر قاسقىنىڭنى	variant	621_2L.png	unverified
D90-4-06336	كۆتۈر كۈدە-كۆرپەڭنى	headword	621_2L.png	unverified
D90-4-06337	كۆتۈر لاقا-لۇقاڭنى	headword	621_2L.png	unverified
D90-4-06338	كۆتۈرە	headword	621_2L.png	unverified
D90-4-06339	كۆتۈرە ئالماق	headword	621_2L.png	unverified
D90-4-06340	كۆتۈرە بەرمەك	headword	621_2L.png	unverified
D90-4-06341	كۆتۈرە ئىش	headword	621_2L.png	unverified
D90-4-06342	كۆتۈرەڭگۈ	headword	622_1R.png	unverified
D90-4-06343	كۆتۈرەڭگۈلەشمەك	headword	622_1R.png	unverified
D90-4-06344	كۆتۈرەڭگۈلۈك	headword	622_1R.png	unverified
D90-4-06345	كۆتۈرەلىگۈسىز	headword	622_1R.png	unverified
D90-4-06346	كۆتۈرەم	headword	622_1R.png	unverified
D90-4-06347	كۆتۈرتكۈزمەك	headword	622_1R.png	unverified
D90-4-06348	كۆتۈرتمەك	headword	622_1R.png	unverified
D90-4-06349	كۆتۈر-كۆتۈر	headword	622_1R.png	unverified
D90-4-06349-v1	كۆتۈر-كۆتۈر قىلماق	variant	622_1R.png	unverified
D90-4-06350	كۆتۈرمە	headword	622_2L.png	unverified
D90-4-06354	كۆتۈرمەك	headword	622_2L.png	unverified
D90-4-06355	كۆتۈرمىچى	headword	623_2L.png	unverified
D90-4-06356	كۆتۈرمىچىلىك	headword	623_2L.png	unverified
D90-4-06357	كۆتۈرمىكەش	headword	623_2L.png	unverified
D90-4-06358	كۆتۈرمىكەشلىك	headword	623_2L.png	unverified
D90-4-06359	كۆتۈرمىلىك	headword	623_2L.png	unverified
D90-4-06360	كۆتۈرۈپ	headword	624_1R.png	unverified
D90-4-06361	كۆتۈرۈش	headword	624_1R.png	unverified
D90-4-06366	كۆتۈرۈشچان	headword	624_1R.png	unverified
D90-4-06367	كۆتۈرۈشچانلىق	headword	624_1R.png	unverified
D90-4-06368	كۆتۈرۈشلۈك	headword	624_1R.png	unverified
D90-4-06369	كۆتۈرۈشمەك	headword	624_1R.png	unverified
D90-4-06370	كۆتۈرۈلمەك	headword	624_2L.png	unverified
D90-4-06371	كۆتۈرۈم	headword	624_2L.png	unverified
D90-4-06372	كۆتۈل	headword	624_2L.png	unverified
D90-4-06373	كۆتۈۋەللىك	headword	624_2L.png	unverified
D90-4-06374	كۆتىچەك	headword	624_2L.png	unverified
D90-4-06375	كۆتىيوغان	headword	624_2L.png	unverified
D90-4-06376	كۆجە	headword	625_1R.png	unverified
D90-4-06377	كۆجۈم	headword	625_1R.png	unverified
D90-4-06378	كۆجۈملەشتۈرمەك	headword	625_1R.png	unverified
D90-4-06379	كۆجۈملەشتۈرۈلمەك	headword	625_1R.png	unverified
D90-4-06380	كۆجۈملەشمەك	headword	625_1R.png	unverified
D90-4-06381	كۆجۈملۈك	headword	625_1R.png	unverified
D90-4-06382	كۆچ	headword	625_1R.png	unverified
D90-4-06383	كۆچە	headword	625_2L.png	unverified
D90-4-06384	كۆچەت	headword	625_2L.png	unverified
D90-4-06390	كۆچەتچىلىك	headword	626_1R.png	unverified
D90-4-06391	كۆچەتخانا	headword	626_1R.png	unverified
D90-4-06392	كۆچەتزار	headword	626_1R.png	unverified
D90-4-06394	كۆچەتلىك	headword	626_1R.png	unverified
D90-4-06393	كۆچەتزارلىق	headword	626_1R.png	unverified
D90-4-06395	كۆچكۆچ	headword	626_1R.png	unverified
D90-4-06396	كۆچكۈن	headword	626_2L.png	unverified
D90-4-06397	كۆچمە	headword	626_2L.png	unverified
D90-4-06400	كۆچمە لوڭقا تالىشىش مۇسابىقىسى	headword	627_1R.png	unverified
D90-4-06401	كۆچمە مەبلەغ	headword	627_1R.png	verified
D90-4-06401-v1	تۇراقسىز مەبلەغ	variant	627_1R.png	verified
D90-4-06402	كۆچمە مەكتەپ	headword	627_1R.png	verified
D90-4-06402-v1	سەييارە مەكتەپ	variant	627_1R.png	verified
D90-4-06403	كۆچمە مەنە	headword	627_1R.png	unverified
D90-4-06404	كۆچمە مۈلۈك	headword	627_1R.png	unverified
D90-4-06405	كۆچمەس	headword	627_1R.png	unverified
D90-4-06406	كۆچمەس مۈلۈك	headword	627_1R.png	unverified
D90-4-06407	كۆچمەك	headword	627_1R.png	unverified
D90-4-06408	كۆچمەن	headword	627_2L.png	unverified
D90-4-06411	كۆچمەنلىك	headword	628_1R.png	unverified
D90-4-06412	كۆچۈرتمەك	headword	628_1R.png	unverified
D90-4-06413	كۆچۈرتۈلمەك	headword	628_1R.png	unverified
D90-4-06414	كۆچۈرگۈچى	headword	628_1R.png	unverified
D90-4-06415	كۆچۈرگۈزمەك	nonstandard	628_1R.png	unverified
D90-4-06416	كۆچۈرمە	headword	628_1R.png	unverified
D90-4-06417	كۆچۈرمە بۆلەك	headword	628_2L.png	unverified
D90-4-06418	كۆچۈرمە جۈملە	headword	628_2L.png	unverified
D90-4-06419	كۆچۈرمە گەپ	headword	628_2L.png	unverified
D90-4-06420	كۆچۈرمە نۇسخا	headword	628_2L.png	verified
D90-4-06420-v1	كۆپەيتىلگەن نۇسخا	variant	628_2L.png	verified
D90-4-06421	كۆچۈرمەك	headword	628_2L.png	unverified
D90-4-06422	كۆچۈرمىچى	headword	629_1R.png	unverified
D90-4-06423	كۆچۈرمىچىلىك	headword	629_1R.png	unverified
D90-4-06424	كۆچۈرمىكەش	headword	629_1R.png	unverified
D90-4-06425	كۆچۈرمىكەشلىك	headword	629_1R.png	unverified
D90-4-06426	كۆچۈرۈشمەك	headword	629_1R.png	unverified
D90-4-06427	كۆچۈرۈلمە	headword	629_1R.png	unverified
D90-4-06428	كۆچۈرۈلمەك	headword	629_1R.png	unverified
D90-4-06429	كۆچۈشمەك	headword	629_1R.png	unverified
D90-4-06430	كۆرە	headword	629_1R.png	unverified
D90-4-06431	كۆرەر	headword	629_2L.png	unverified
D90-4-06432	كۆرەر كۆزى يوق	headword	629_2L.png	unverified
D90-4-06433	كۆرەك	headword	629_2L.png	unverified
D90-4-06434	كۆرەڭ	headword	629_2L.png	unverified
D90-4-06435	كۆرەڭلەتمەك	headword	629_2L.png	unverified
D90-4-06436	كۆرەڭلەشمەك	headword	630_1R.png	unverified
D90-4-06437	كۆرەڭلىك	headword	630_1R.png	unverified
D90-4-06439	كۆرەڭلىمەك	headword	630_1R.png	unverified
D90-4-06440	كۆرەلمەس	headword	630_1R.png	unverified
D90-4-06441	كۆرەلمەسلىك	headword	630_1R.png	unverified
D90-4-06442	كۆرپە	headword	630_2L.png	unverified
D90-4-06444	كۆرپەز	headword	630_2L.png	unverified
D90-4-06445	كۆرپە-ياستۇق	headword	630_2L.png	unverified
D90-4-06446	كۆرپىچەك	headword	630_2L.png	unverified
D90-4-06447	كۆرپىلىك	headword	630_2L.png	unverified
D90-4-06448	كۆرتە	headword	630_2L.png	unverified
D90-4-06449	كۆرسەتكۈچ	headword	630_2L.png	unverified
D90-4-06450	كۆرسەتكۈچ بارماق	headword	631_1R.png	verified
D90-4-06451	كۆرسەتكۈچ تاياق	headword	631_1R.png	unverified
D90-4-06452	كۆرسەتكۈچلۈك	headword	631_1R.png	unverified
D90-4-06454	كۆرسەتكۈچلۈك فۇنكسىيە	headword	631_2L.png	unverified
D90-4-06455	كۆرسەتمە	headword	631_2L.png	unverified
D90-4-06456	كۆرسەتمەك	headword	631_2L.png	unverified
D90-4-06457	كۆرسىتىپ قويماق	headword	632_1R.png	unverified
D90-4-06458	كۆرسەتمىلىك	headword	632_1R.png	unverified
D90-4-06460	كۆرسەم	headword	632_1R.png	unverified
D90-4-06461	كۆرسىتىش	headword	632_2L.png	unverified
D90-4-06463	كۆرسىتىشچانلىق	headword	632_2L.png	unverified
D90-4-06464	كۆرسىتىشمەلك	headword	632_2L.png	unverified
D90-4-06465	كۆرسىتىلمەك	headword	632_2L.png	unverified
D90-4-06466	كۆرك	headword	632_2L.png	unverified
D90-4-06467	كۆركە	nonstandard	632_2L.png	unverified
D90-4-07404	كۈركە	headword	703_2L.png	unverified
D90-4-06468	كۆركەم	headword	632_2L.png	unverified
D90-4-06469	كۆركە مسز	headword	633_1R.png	unverified
D90-4-06470	كۆركەملەشتۈرمەك	headword	633_1R.png	unverified
D90-4-06471	كۆركەملەشتۈرۈلمەك	headword	633_1R.png	unverified
D90-4-06472	كۆركەملەشمەك	headword	633_1R.png	unverified
D90-4-06473	كۆركەملىك	headword	633_1R.png	unverified
D90-4-06474	كۆركۈتمە	headword	633_1R.png	unverified
D90-4-06475	كۆرگە	headword	633_1R.png	unverified
D90-4-06476	كۆرگەزمە	headword	633_1R.png	unverified
D90-4-06477	كۆرگەزمىخانا	headword	633_2L.png	unverified
D90-4-06478	كۆرگەن-بىلگەن	headword	633_2L.png	unverified
D90-4-06479	كۆرگۈلۈك	headword	633_2L.png	unverified
D90-4-06480	كۆرگۈلۈكىنى كۆرسەتمەك	headword	633_2L.png	unverified
D90-4-06481	كۆرگۈلۈكىنى كۆرمەك	headword	633_2L.png	unverified
D90-4-06482	كۆرمەس	headword	634_1R.png	unverified
D90-4-06483	كۆرمەسكە سالماق	headword	634_1R.png	unverified
D90-4-06484	كۆرمەك	headword	634_1R.png	unverified
D90-4-06485	كۆرمىگەن	headword	635_1R.png	unverified
D90-4-06486	كۆرمىگەن بولۇۋالماق	headword	635_1R.png	unverified
D90-4-06487	كۆرمىگەن كۈنى قالماسلىق	headword	635_1R.png	unverified
D90-4-06488	كۆرمىگەننى كۆرمەك	headword	635_1R.png	unverified
D90-4-06489	كۆرۈپ	headword	635_1R.png	unverified
D90-4-06491	كۆرۈپ قويماق	headword	635_1R.png	unverified
D90-4-06492	كۆرۈش	headword	635_2L.png	unverified
D90-4-06501	كۆرۈش كۈچى	headword	636_1R.png	unverified
D90-4-06501-v1	كۆرۈش قۇۋۋىتى	variant	636_1R.png	unverified
D90-4-06502	كۆرۈشكىچە ئامان بول	headword	636_1R.png	unverified
D90-4-06503	كۆرۈشتۈرمەك	headword	636_1R.png	unverified
D90-4-06504	كۆرۈشمەك	headword	636_1R.png	unverified
D90-4-06506	كۆرۈك	headword	636_1R.png	unverified
D90-4-06508	كۆرۈلمەك	headword	636_2L.png	unverified
D90-4-06509	كۆرۈم	headword	636_2L.png	unverified
D90-4-06510	كۆرۈمسىز	headword	636_2L.png	unverified
D90-4-06511	كۆرۈمسىزلەشمەك	headword	637_1R.png	unverified
D90-4-06512	كۆرۈمسىزلىك	headword	637_1R.png	unverified
D90-4-06513	كۆرۈملۈك	headword	637_1R.png	unverified
D90-4-06514	كۆرۈنەرلىك	headword	637_1R.png	unverified
D90-4-06515	كۆرۈنمە	headword	637_1R.png	unverified
D90-4-06517	كۆرۈنمەك	headword	637_1R.png	unverified
D90-4-06518	كۆرۈنۈش	headword	637_2L.png	unverified
D90-4-06521	كۆرۈنۈش دەرىجىسى	headword	638_1R.png	unverified
D90-4-06522	كۆرۈنۈش ئورۇنلاشتۇرۇش	headword	638_1R.png	unverified
D90-4-06523	كۆرۈنۈشلۈك	headword	638_1R.png	unverified
D90-4-06524	كۆرۈنۈشمەك	headword	638_2L.png	unverified
D90-4-06525	كۆرۈنىدىغان	headword	638_2L.png	unverified
D90-4-06527	كۆرىدىغىنىنى كۆرمەك	headword	638_2L.png	unverified
D90-4-06528	كۆز	headword	638_2L.png	unverified
D90-4-06529	يۇتانتى	headword	639_1R.png	unverified
D90-4-06530	كۆز ئاچماق	headword	639_2L.png	unverified
D90-4-06531	كۆز ئارقا دالانچىسى	headword	639_2L.png	unverified
D90-4-06532	كۆز ئالايتماق	headword	639_2L.png	unverified
D90-4-06533	كۆز ئالدىدا	headword	639_2L.png	unverified
D90-4-06534	كۆز ئالدى دالانچىسى	headword	639_2L.png	unverified
D90-4-06535	كۆز ئالدىدىن كەتمەسلىك	headword	639_2L.png	unverified
D90-4-06536	كۆز ئالدىدىن ئۆتمەك	headword	639_2L.png	unverified
D90-4-06537	كۆز ئالدىغا كەلمەك	headword	640_1R.png	unverified
D90-4-06538	كۆز ئالمىسى	headword	640_1R.png	unverified
D90-4-06539	كۆز باغلانغان چاغ	headword	640_1R.png	unverified
D90-4-06540	كۆز باغلانغاندا	headword	640_1R.png	unverified
D90-4-06541	كۆز باغلانماق	headword	640_1R.png	unverified
D90-4-06542	كۆز باغلىغۇچى	headword	640_1R.png	unverified
D90-4-06543	كۆز باغلىماق	headword	640_1R.png	unverified
D90-4-06544	كۆز بويامچى	headword	640_1R.png	unverified
D90-4-06545	كۆز بويامچىلىق	headword	640_2L.png	unverified
D90-4-06546	كۆز بويىماق	headword	640_2L.png	unverified
D90-4-06547	كۆز بۇرجىكى	headword	640_2L.png	unverified
D90-4-06548	كۆز بۆلۈمى	headword	640_2L.png	unverified
D90-4-06549	كۆز بېقىشماق	headword	640_2L.png	unverified
D90-4-06550	كۆز بىرىكتۈرگۈچى پەردىسى	headword	640_2L.png	unverified
D90-4-06550-v1	بىرىكتۈرگۈچى پەردە	variant	640_2L.png	unverified
D90-4-06551	كۆز بىلەن ئۆلچەش	headword	640_2L.png	unverified
D90-4-06552	كۆز پۇلتىيىشچان قالقان بەز ئىششىقى	headword	640_2L.png	unverified
D90-4-06553	كۆز تاختا	headword	641_1R.png	unverified
D90-4-06554	كۆز تاشلىماق	headword	641_1R.png	unverified
D90-4-06555	كۆز تەگمەك	headword	641_1R.png	unverified
D90-4-06556	كۆز توچكىسى	headword	641_2L.png	unverified
D90-4-06557	كۆز تورلىشىش	headword	641_2L.png	unverified
D90-4-06558	كۆز تۇمار	headword	641_2L.png	unverified
D90-4-06559	كۆز تىكمەك	headword	641_2L.png	unverified
D90-4-06560	كۆز چانىقى	headword	641_2L.png	unverified
D90-4-06561	كۆز چېنى	headword	642_1R.png	unverified
D90-4-06562	كۆز خۇمارىنى چىقارماق	headword	642_1R.png	unverified
D90-4-06563	كۆزدە تۇتماق	headword	642_1R.png	unverified
D90-4-06564	كۆزدىن چىقىپ قالماق	headword	642_1R.png	unverified
D90-4-06565	كۆزدىن غايىب بولماق	headword	642_1R.png	unverified
D90-4-06566	كۆزدىن قاچۇرماسلىق	headword	642_1R.png	unverified
D90-4-06567	كۆزدىن قان-يىرىڭ ئاقماق	headword	642_1R.png	unverified
D90-4-06568	كۆزدىن كەچۈرمەك	headword	642_1R.png	unverified
D90-4-06569	كۆزدىن نېرى قىلماق	headword	642_2L.png	unverified
D90-4-06570	كۆزدىن ئوت چىقىپ كەتمەك	headword	642_2L.png	unverified
D90-4-06571	كۆزدىن ئۇچماق	headword	642_2L.png	unverified
D90-4-06572	كۆزدىن ئۆتكۈزمەك	headword	642_2L.png	unverified
D90-4-06573	كۆزدىن يوقاتماق	headword	642_2L.png	unverified
D90-4-06574	كۆزدىن يوق قىلماق	headword	643_1R.png	unverified
D90-4-06575	كۆزدىن يۈتمەك	headword	643_1R.png	unverified
D90-4-06576	كۆزدىن يىراق تۇتماق	headword	643_1R.png	unverified
D90-4-06577	كۆز سالماق	headword	643_1R.png	unverified
D90-4-06578	كۆز سوقۇشتۇرماق	headword	643_1R.png	unverified
D90-4-06579	كۆز-قارنى توق	headword	643_1R.png	unverified
D90-4-06580	كۆز قاراش	headword	643_1R.png	unverified
D90-4-06580-v1	نۇقتىئىنەزەر	variant	643_1R.png	unverified
D90-4-06581	كۆز قارىچۇقى	headword	643_1R.png	unverified
D90-4-06582	كۆز قارىچۇقىدەك ئاسرىماق	headword	643_1R.png	unverified
D90-4-06583	كۆز قارىسى	headword	643_2L.png	unverified
D90-4-06584	كۆز قارىقى	headword	643_2L.png	unverified
D90-4-06585	كۆز قىرىنى تاشلىماق	headword	643_2L.png	unverified
D90-4-06586	كۆز قىرىنى سالماق	headword	643_2L.png	unverified
D90-4-06587	كۆز قىسماق	headword	643_2L.png	unverified
D90-4-06588	كۆز كىرپىكسىمان تەنچىسى	headword	643_2L.png	unverified
D90-4-06588-v1	كىرپىكسىمان تەنچە	variant	643_2L.png	unverified
D90-4-06589	كۆزگە تاشلانماق	headword	643_2L.png	unverified
D90-4-06590	كۆزگە تۈتىيا بولماق	headword	643_2L.png	unverified
D90-4-06590-v1	تۈتىيا بولماق	variant	643_2L.png	unverified
D90-4-06591	كۆزگە چۈشمەك	headword	643_2L.png	unverified
D90-4-06592	كۆزگە چېلىقماق	headword	644_1R.png	unverified
D90-4-06593	كۆزگە سۈرتكۈدەك بولماق	headword	644_1R.png	unverified
D90-4-06594	كۆزگە سۈرتمەك	headword	644_1R.png	unverified
D90-4-06595	كۆزگە سىغماق	headword	644_1R.png	unverified
D90-4-06596	كۆزگە سىڭىپ قالماق	headword	644_1R.png	unverified
D90-4-06597	كۆزگە قادالغان تىكەن	headword	644_1R.png	unverified
D90-4-06597-v1	كۆزگە قادالغان مىخ	variant	644_1R.png	unverified
D90-4-06598	كۆزگە قاراڭغۇلۇق تىقىلماق	headword	644_2L.png	unverified
D90-4-06599	كۆزگە كۆرۈنەرلىك	headword	644_2L.png	unverified
D90-4-06600	كۆزگە كۆرۈنگەن	headword	644_2L.png	unverified
D90-4-06601	كۆزگە كۆرۈنمەك	headword	644_2L.png	unverified
D90-4-06602	كۆزگە ئوت كۆرۈنمەك	headword	644_2L.png	unverified
D90-4-06603	كۆزگە ئىلماسلىق	headword	645_1R.png	unverified
D90-4-06604	كۆزگە ئىلىنماق	headword	645_1R.png	unverified
D90-4-06605	كۆز گۆھىرى	headword	645_1R.png	unverified
D90-4-06606	كۆز گۆھىرى دۇغلىنىش كېسەللىكى	headword	645_1R.png	unverified
D90-4-06607	كۆز گۆھىرىگە ئاق چۈشۈش كېسەللىكى	headword	645_1R.png	unverified
D90-4-06608	كۆزلىرى ئالاق-جالاق بولۇپ كەتمەك	headword	645_1R.png	unverified
D90-4-06609	كۆزلىرى چاقناپ كەتمەك	headword	645_2L.png	unverified
D90-4-06615	كۆزلىرى ئويناپ كەتمەك	headword	645_2L.png	unverified
D90-4-06610	كۆزلىرى چەكچىيىپ كەتمەك	headword	645_2L.png	unverified
D90-4-06611	كۆزلىرىدىن ياش ئەگىيتتى	headword	645_2L.png	unverified
D90-4-06612	كۆزلىرىنى چەكچەيتمەك	headword	645_2L.png	unverified
D90-4-06613	كۆزلىرىنى ئويناتماق	headword	645_2L.png	unverified
D90-4-06614	كۆزلىرى ئولتۇرۇشماق	headword	645_2L.png	unverified
D90-4-06616	كۆز مونچاق	headword	645_2L.png	unverified
D90-4-06617	كۆز مۇسكۇلى	headword	645_2L.png	unverified
D90-4-06618	كۆز مۆلچىرى	headword	646_1R.png	unverified
D90-4-06619	كۆز نۇرى	headword	646_1R.png	unverified
D90-4-06620	كۆزنى چاقماق	headword	646_1R.png	unverified
D90-4-06621	كۆزنى چاقناتماق	headword	646_1R.png	unverified
D90-4-06622	كۆزنىڭ ئاچچىقىنى چىقارماق	headword	646_1R.png	unverified
D90-4-06623	كۆزنى ھەرىكەتلەندۈرگۈچى نېرۋا	headword	646_2L.png	unverified
D90-4-06624	كۆزنى يۇمۇپ-ئاچقۇچە	headword	646_2L.png	unverified
D90-4-06625	كۆزنى يۇمۇپلا تەۋەككۈل قىلىپ	headword	646_2L.png	unverified
D90-4-06626	كۆز ئۇچراشتۇرماق	headword	646_2L.png	unverified
D90-4-06627	كۆز ئۇرۇشتۇرماق	headword	646_2L.png	unverified
D90-4-06628	كۆز ئۇلاق	headword	647_1R.png	unverified
D90-4-06629	كۆز ئۈزمەي	headword	647_1R.png	unverified
D90-4-06630	كۆزۈڭگە بىرنەرسە كىرىپ قالدىمۇ	headword	647_1R.png	unverified
D90-4-06631	كۆزۈڭگە قارا	headword	647_1R.png	unverified
D90-4-06632	كۆزۈڭگە قاراپ سۆزلە	headword	647_1R.png	unverified
D90-4-06633	كۆزۈڭنى ئاچ	headword	647_1R.png	unverified
D90-4-06634	كۆزۈڭ يوقمۇ	headword	647_1R.png	unverified
D90-4-06635	كۆزۈمدىن يوقال	headword	647_1R.png	unverified
D90-4-06636	كۆز ئېچىپ كۆرگەن	headword	647_1R.png	unverified
D90-4-06637	كۆز ئېقى	headword	647_2L.png	unverified
D90-4-06638	كۆزى ئاچ	headword	647_2L.png	unverified
D90-4-06638-v1	ئاچكۆز	variant	647_2L.png	unverified
D90-4-06639	كۆزى ئارقىدا قالماق	headword	647_2L.png	unverified
D90-4-06640	كۆزى ئالىچەكمەن بولماق	headword	647_2L.png	unverified
D90-4-06641	كۆزى بار	headword	647_2L.png	unverified
D90-4-06642	كۆزى بولۇپ قالماق	headword	647_2L.png	unverified
D90-4-06643	كۆزى پىششىق	headword	647_2L.png	unverified
D90-4-06644	كۆزى پىشماق	headword	648_1R.png	unverified
D90-4-06645	كۆزى تالادا قالماق	headword	648_1R.png	unverified
D90-4-06646	كۆزى تورلاشماق	headword	648_1R.png	unverified
D90-4-06647	كۆزى توق	headword	648_1R.png	unverified
D90-4-06648	كۆزى تويماسلىق	headword	648_1R.png	unverified
D90-4-06649	كۆزى تۇتۇلماق	headword	648_1R.png	unverified
D90-4-06650	كۆزى تۆت بولماق	headword	648_1R.png	unverified
D90-4-06651	كۆزى تېتىلمەك	headword	648_1R.png	unverified
D90-4-06652	كۆزى تىنماق	headword	648_2L.png	unverified
D90-4-06653	كۆزى چاچراپ چىقىپ كەتكۈدەك بولماق	headword	648_2L.png	unverified
D90-4-06654	كۆزنى چاققان	headword	648_2L.png	unverified
D90-4-06655	كۆزى چاقنىماق	headword	648_2L.png	unverified
D90-4-06656	كۆزى چانىقىدىن چىقىپ كەتمەك	headword	648_2L.png	unverified
D90-4-06657	كۆزى چۈشمەك	headword	648_2L.png	unverified
D90-4-06658	كۆزىدە بولماق	headword	649_1R.png	unverified
D90-4-06659	كۆزى دۈمبىسىگە ئۆتۈپ قالماق	headword	649_1R.png	unverified
D90-4-06660	كۆزىدىن ئوت چاقنىماق	headword	649_1R.png	unverified
D90-4-06661	كۆزىدىن ئوت چىقىرىۋەتمەك	headword	649_1R.png	unverified
D90-4-06662	كۆزىدىن ياش قۇرىماسلىق	headword	649_1R.png	unverified
D90-4-06663	كۆز ئىچكى بېسىمى	headword	649_1R.png	unverified
D90-4-06664	كۆزى سەندە	headword	649_1R.png	unverified
D90-4-06665	كۆزى قاراڭغۇلاشماق	headword	649_2L.png	unverified
D90-4-06666	كۆزى قورقماق	headword	649_2L.png	unverified
D90-4-06667	كۆزى قىزارماق	headword	649_2L.png	unverified
D90-4-06668	كۆزى قىيماسلىق	headword	649_2L.png	unverified
D90-4-06669	كۆزى كۆرمەس، قۇلىقى ئاڭلىماس بولۇۋالماق	headword	649_2L.png	unverified
D90-4-06670	كۆزى كىچىك	headword	649_2L.png	unverified
D90-4-06671	كۆزىگە ئاي كۆرۇنماك	headword	650_1R.png	unverified
D90-4-06672	كۆزىگە باقماق	headword	650_1R.png	unverified
D90-4-06680	كۆزىگە قارىماق	headword	650_1R.png	unverified
D90-4-06673	كۆزىگە تەلمۈرمەك	headword	650_1R.png	unverified
D90-4-06674	كۆزىگە توپا چاچماق	headword	650_1R.png	unverified
D90-4-06674-v1	كۆز بويماق	variant	650_1R.png	unverified
D90-4-06675	كۆزىگە توپا ئۇرماق	headword	650_1R.png	unverified
D90-4-06676	كۆزىگە تور باغلىماق	headword	650_1R.png	unverified
D90-4-06677	كۆزىگە تىقماق	headword	650_1R.png	unverified
D90-4-06678	كۆزىگە تىكىلمەك	headword	650_1R.png	unverified
D90-4-06679	كۆزىگە قادالماق	headword	650_1R.png	unverified
D90-4-06681	كۆزىگە قاراپ	headword	650_2L.png	unverified
D90-4-06682	كۆزىگە قارىيالماي قالماق	headword	650_2L.png	unverified
D90-4-06683	كۆزىگە قان تولماق	headword	650_2L.png	unverified
D90-4-06684	كۆزىگە توم تىغماق	headword	650_2L.png	unverified
D90-4-06685	كۆزىگە كىرىۋالماق	headword	650_2L.png	unverified
D90-4-06686	كۆزىگە گۈل كۆرۈنمەك	headword	650_2L.png	unverified
D90-4-06686-v1	كۆزىگە ئاي كۆرۈنمەك	variant	650_2L.png	unverified
D90-4-06687	كۆزىگە ماي تولماق	headword	650_2L.png	unverified
D90-4-06695	كۆزىگە ياغ تولماق	headword	651_1R.png	unverified
D90-4-06689	كۆزىگە ھېچنېمە كۆرۈنمەسلىك	headword	650_2L.png	unverified
D90-4-06690	كۆزىگە ئۇيقۇ كەلمەسلىك	headword	651_1R.png	unverified
D90-4-06691	كۆزىگە ئىسسىق كۆرۈنمەك	headword	651_1R.png	unverified
D90-4-06692	كۆزىگە ئىللىق كۆرۈنمەك	headword	651_1R.png	unverified
D90-4-06693	كۆزىگە ياش ئالماق	headword	651_1R.png	unverified
D90-4-06694	كۆزىگە ياش كەلمەك	headword	651_1R.png	unverified
D90-4-06696	كۆزىگە ياغاچ تىقماق	headword	651_2L.png	unverified
D90-4-06697	كۆزى نۇرلانماق	headword	651_2L.png	unverified
D90-4-06698	كۆزىنى ئاچماق	headword	651_2L.png	unverified
D90-4-06699	كۆزىنى ئالالماسلىق	headword	651_2L.png	unverified
D90-4-06700	كۆزىنى ئالماق	headword	651_2L.png	unverified
D90-4-06701	كۆزىنى بىلمەك	headword	652_1R.png	unverified
D90-4-06701-v1	تىلىنى بىلمەك	variant	652_1R.png	unverified
D90-4-06702	كۆزىنى پارقىرىتىپ تۇرماق	headword	652_1R.png	unverified
D90-4-06703	كۆزىنى تاپماق	headword	652_1R.png	unverified
D90-4-06704	كۆزىنى چاپاق باسماق	headword	652_1R.png	unverified
D90-4-06705	كۆزىنى چەكچەيتمەك	headword	652_1R.png	unverified
D90-4-06706	كۆزىنى چوقۇلىماق	headword	652_1R.png	unverified
D90-4-06707	كۆزىنى چوقۇماق	headword	652_1R.png	unverified
D90-4-06708	كۆزىنى قاچۇرماق	headword	652_1R.png	unverified
D90-4-06709	كۆزىنى قىيامەتنىڭ مۈشۈكىدەك يۇمماق	headword	652_2L.png	unverified
D90-4-06710	كۆزىنىڭ پاختىسىنى چىقارماق	headword	652_2L.png	unverified
D90-4-06711	كۆزىنىڭ سۈيىنى تېمىتماق	headword	652_2L.png	unverified
D90-4-06718	كۆزىنىڭ يۇندىسىنى چىقارماق	headword	653_1R.png	unverified
D90-4-06712	كۆزىنىڭ سۈيىنى ئېقىتماق	headword	652_2L.png	unverified
D90-4-06713	كۆزىنىڭ ئىچىگە كىرىۋالماق	headword	652_2L.png	unverified
D90-4-06714	كۆزىنىڭ ئوچۇقلۇقىدا	headword	652_2L.png	unverified
D90-4-06716	كۆزىنىڭ ئوچۇقىدا	headword	652_2L.png	unverified
D90-4-06715	كۆزىنىڭ ئوچۇق ۋاقتىدا	headword	652_2L.png	unverified
D90-4-06717	كۆزىنىڭ ئىچىگە قارىماق	headword	653_1R.png	unverified
D90-4-06719	كۆزىنى مۆلدۈرلەتمەك	headword	653_1R.png	unverified
D90-4-06720	كۆزىنى نەملىمەك	headword	653_1R.png	unverified
D90-4-06721	كۆزىنى ئويناتماق	headword	653_1R.png	unverified
D90-4-06722	كۆزىنى ئېچىپ قويماق	headword	653_1R.png	unverified
D90-4-06723	كۆزىنى يوشۇرماق	headword	653_1R.png	unverified
D90-4-06724	كۆزىنى يۇمۇۋېلىپ گەپ قىلماق	headword	653_2L.png	unverified
D90-4-06724-v1	كۆزىنى يۇمۇۋېلىپ دەۋەرمەك	variant	653_2L.png	unverified
D90-4-06725	كۆزى ئوچۇق قارىغۇ	headword	653_2L.png	unverified
D90-4-06726	كۆزى ئوچۇق كەتمەك	headword	653_2L.png	unverified
D90-4-06727	كۆزى ئۇيقۇغا بارماق	headword	653_2L.png	unverified
D90-4-06728	كۆزى ئۇيقۇغا كەتمەك	headword	653_2L.png	unverified
D90-4-06729	كۆزى ئۆتكۈر	headword	653_2L.png	unverified
D90-4-06730	كۆزى ئېچىلماق	headword	653_2L.png	unverified
D90-4-06731	كۆزى ئېقىپ كەتكۈر	headword	654_1R.png	unverified
D90-4-06732	كۆزى ئىتتىك	headword	654_1R.png	unverified
D90-4-06733	كۆزى ئىلىنماق	headword	654_1R.png	unverified
D90-4-06734	كۆزى يورۇماق	headword	654_1R.png	unverified
D90-4-06735	كۆز ياشلىماق	headword	654_1R.png	unverified
D90-4-06736	كۆزى يامان	headword	654_1R.png	unverified
D90-4-06737	كۆز يەتكۈسىز	headword	654_2L.png	unverified
D90-4-06738	كۆز يەتمەس	headword	654_2L.png	unverified
D90-4-06739	كۆز يەتمەك	headword	654_2L.png	unverified
D90-4-06740	كۆز يورۇغاندىلا	headword	654_2L.png	unverified
D90-4-06741	كۆز يورۇقىدا	headword	654_2L.png	unverified
D90-4-06742	كۆز يۇمماق	headword	654_2L.png	unverified
D90-4-06743	كۆز يۇمۇچلاپ قويماق	headword	654_2L.png	unverified
D90-4-06745	كۆز يۈگۈرتمەك	headword	655_1R.png	unverified
D90-4-06746	كۆز يېتىم يەر	headword	655_1R.png	unverified
D90-4-06747	كۆز يېشى قۇرۇماسلىق	headword	655_1R.png	unverified
D90-4-06748	كۆز يېشى قىلماق	headword	655_1R.png	unverified
D90-4-06749	كۆزەت	headword	655_1R.png	unverified
D90-4-06750	كۆزەتتە تۇرماق	headword	655_1R.png	unverified
D90-4-06751	كۆزەت قىلماق	headword	655_1R.png	unverified
D90-4-06752	كۆزەتچى	headword	655_1R.png	unverified
D90-4-06753	كۆزەتچىلىك	headword	655_2L.png	unverified
D90-4-06754	كۆزەتمەك	headword	655_2L.png	unverified
D90-4-06755	كۆزەل	headword	655_2L.png	unverified
D90-4-06756	كۆزەينەك	headword	655_2L.png	unverified
D90-4-06757	كۆزەينەكلىك	headword	655_2L.png	unverified
D90-4-06759	كۆزسىمان	headword	656_1R.png	unverified
D90-4-06761	كۆز-قارىن	headword	656_1R.png	unverified
D90-4-06763	كۆز-قۇلاق	headword	656_1R.png	unverified
D90-4-06765	كۆز-قۇلىقى پىشماق	headword	656_2L.png	unverified
D90-4-06766	كۆز-كۆز	headword	656_2L.png	unverified
D90-4-06767	كۆزگۈ	headword	656_2L.png	unverified
D90-4-06768	كۆزگۈنەك	headword	656_2L.png	unverified
D90-4-06769	كۆزلەشمەك	headword	656_2L.png	unverified
D90-4-06770	كۆزلەنمەك	headword	656_2L.png	unverified
D90-4-06771	كۆزلۈك	headword	656_2L.png	unverified
D90-4-06772	كۆزلىمەك	headword	657_1R.png	unverified
D90-4-06773	كۆزنەك	headword	657_1R.png	unverified
D90-4-06774	كۆزىتىش	headword	657_2L.png	unverified
D90-4-06779	كۆسەك	headword	657_2L.png	unverified
D90-4-06780	كۆسەي	headword	657_2L.png	unverified
D90-4-06781	كۆشەتمەك	headword	658_1R.png	unverified
D90-4-06782	كۆشەشمەك	headword	658_1R.png	unverified
D90-4-06783	كۆشەك	headword	658_1R.png	unverified
D90-4-06784	كۆشۈك	headword	658_1R.png	unverified
D90-4-06786	كۆشۈكى بىر تىيىن	headword	658_1R.png	unverified
D90-4-06787	كۆشۈكى ئىككى پۇل	headword	658_2L.png	unverified
D90-4-06787-v1	كۆشۈكى	variant	658_2L.png	unverified
D90-4-06788	كۆشۈكلۈك	headword	658_2L.png	unverified
D90-4-06789	كۆشۈگە	headword	658_2L.png	unverified
D90-4-06790	كۆشۈگۈچىلەر	headword	658_2L.png	unverified
D90-4-06791	كۆشىمەك	headword	658_2L.png	unverified
D90-4-06792	كۆك	headword	659_1R.png	unverified
D90-4-06794	كۆك ئامفىبوللۇق تارىشا جىنس	headword	659_2L.png	verified
D90-4-06795	كۆك ئامۇت	headword	659_2L.png	unverified
D90-4-06796	كۆك ئەمەن	headword	659_2L.png	unverified
D90-4-06797	كۆك باستۇرماق	headword	660_1R.png	unverified
D90-4-06798	كۆك بانان	headword	660_1R.png	unverified
D90-4-06799	كۆك بۇيا	headword	660_1R.png	unverified
D90-4-06799-v1	چۈچۈك بۇيا	variant	660_1R.png	unverified
D90-4-06800	كۆك پاچاق قىليورغا	headword	660_1R.png	unverified
D90-4-06801	كۆك پۇرچاق	headword	660_1R.png	unverified
D90-4-06801-v1	سەي پۇرچىقى	variant	660_1R.png	unverified
D90-4-06802	كۆك تارىشا جىنس	headword	660_1R.png	verified
D90-4-06802-v1	كۆك ئامفىبوللوق تارىشا جىنس	variant	660_1R.png	verified
D90-4-06803	كۆك تاشپاختا	headword	660_1R.png	verified
D90-4-06804	كۆك تاشقا مىنمەك	headword	660_2L.png	unverified
D90-4-06805	كۆك تاماكا	headword	660_2L.png	unverified
D90-4-06806	كۆك تەڭرى	headword	660_2L.png	unverified
D90-4-06807	كۆك تومۇر	headword	660_2L.png	unverified
D90-4-06807-v1	ۋېنا	variant	660_2L.png	unverified
D90-4-06808	كۆك تېرەك	headword	660_2L.png	unverified
D90-4-06809	كۆك جۇخار	headword	660_2L.png	unverified
D90-4-06810	كۆك چاي	headword	660_2L.png	unverified
D90-4-06811	كۆك چۈشمەك	headword	661_1R.png	unverified
D90-4-06812	كۆك چېرتيوز	headword	661_1R.png	unverified
D90-4-06813	كۆك دۈمبىلىك مۇكا بېلىق	headword	661_1R.png	unverified
D90-4-06814	كۆك رەڭ	headword	661_1R.png	unverified
D90-4-06815	كۆك رەيھان	headword	661_1R.png	unverified
D90-4-06816	كۆلە زەمىش	headword	661_2L.png	unverified
D90-4-06817	كۆك سامىسى	headword	661_2L.png	unverified
D90-4-06818	كۆك سۈت	headword	661_2L.png	unverified
D90-4-06819	كۆك سۈيى	headword	661_2L.png	unverified
D90-4-06820	كۆك سېغىز	headword	661_2L.png	unverified
D90-4-06820-v1	، تالك	variant	661_2L.png	unverified
D90-4-06821	كۆك قاشتېشى	headword	661_2L.png	unverified
D90-4-06822	كۆك قاشقىر	headword	661_2L.png	unverified
D90-4-06823	كۆك قاغا	headword	661_2L.png	unverified
D90-4-06824	كۆك قامچىئوت	headword	661_2L.png	unverified
D90-4-06825	كۆك كاۋا	headword	661_2L.png	unverified
D90-4-06825-v1	، تەگىيە كاۋا	variant	661_2L.png	unverified
D90-4-06826	كۆك كەپتەر	headword	661_2L.png	unverified
D90-4-06827	كۆككە سورۇماق	headword	662_1R.png	unverified
D90-4-06828	كۆككە سېغىنىش	headword	662_1R.png	unverified
D90-4-06829	كۆككە كۆتۈرمەك	headword	662_1R.png	unverified
D90-4-06830	كۆككە ئۇچۇرماق	headword	662_1R.png	unverified
D90-4-06831	كۆك كېزەك	headword	662_1R.png	unverified
D90-4-06831-v1	خام سەي	variant	662_1R.png	unverified
D90-4-06832	كۆك گۆھەر	headword	662_1R.png	unverified
D90-4-06833	كۆك لازا	headword	662_1R.png	unverified
D90-4-06834	كۆك مەشرىپى	headword	662_1R.png	unverified
D90-4-06835	كۆك مىس	headword	662_2L.png	unverified
D90-4-06836	كۆك مىس تاش	headword	662_2L.png	unverified
D90-4-06837	كۆك نامرات	headword	663_1R.png	unverified
D90-4-06838	كۆك ئوغۇت	headword	663_1R.png	unverified
D90-4-06838-v1	يېشىل ئوغۇت	variant	663_1R.png	unverified
D90-4-06839	كۆك ئوغۇت زىرائەتلىرى	headword	663_1R.png	unverified
D90-4-06839-v1	يېشىل ئوغۇت زىرائەتلىرى	variant	663_1R.png	unverified
D90-4-06840	كۆك ئېرىق	headword	663_1R.png	unverified
D90-4-06841	كۆك ئىنەك سۈتى	headword	663_1R.png	unverified
D90-4-06842	كۆكىنى ساتماق	headword	663_1R.png	unverified
D90-4-06843	كۆك ياقۇت	headword	663_1R.png	unverified
D90-4-06844	كۆك يۈسۈن	headword	663_1R.png	unverified
D90-4-06849	كۆكەرتىلمەك	headword	663_1R.png	unverified
D90-4-06850	كۆكەرتىشمەك	headword	663_2L.png	unverified
D90-4-06852	كۆكەرمە	headword	663_2L.png	unverified
D90-4-06853	كۆكەرمەك	headword	663_2L.png	unverified
D90-4-06854	كۆكەرمىلىك	headword	663_2L.png	unverified
D90-4-06855	كۆكباش	headword	664_1R.png	unverified
D90-4-06856	كۆكبوغۇم	headword	664_1R.png	unverified
D90-4-06857	كۆكبېشى	headword	664_1R.png	unverified
D90-4-06858	كۆكبېشىلىك	headword	664_1R.png	unverified
D90-4-06859	كۆكپىت	headword	664_1R.png	unverified
D90-4-06860	كۆكتات	headword	664_2L.png	unverified
D90-4-06866	كۆكتاتچى	headword	664_2L.png	unverified
D90-4-06867	كۆكتاتچىلىق	headword	664_2L.png	unverified
D90-4-06868	كۆكتاتلىق	headword	665_1R.png	unverified
D90-4-06869	كۆكتارغاق	headword	665_1R.png	unverified
D90-4-06870	كۆكتارغاقلار	headword	665_1R.png	unverified
D90-4-06871	كۆكتاش	headword	665_1R.png	unverified
D90-4-06872	كۆكتالغۇ	headword	665_1R.png	unverified
D90-4-06872-v1	تۆمۈر تۇمشۇق	variant	665_1R.png	unverified
D90-4-06873	كۆكتولغاق	headword	665_1R.png	unverified
D90-4-06874	كۆكتۈرك	headword	665_1R.png	unverified
D90-4-06876	كۆكتۈركچە	headword	665_2L.png	unverified
D90-4-06877	كۆكتىكەن	headword	665_2L.png	unverified
D90-4-06878	كۆكچە	headword	665_2L.png	unverified
D90-4-06879	كۆكچېچەك	headword	665_2L.png	unverified
D90-4-06880	كۆكچىچقاق	headword	665_2L.png	unverified
D90-4-06881	كۆكرەك	headword	665_2L.png	unverified
D90-4-06882	كۆكرەك بوشلۇقى	headword	666_1R.png	unverified
D90-4-06883	كۆكرەك بېزى	headword	666_1R.png	unverified
D90-4-06884	كۆكرەك پالاقچىسى	headword	666_1R.png	unverified
D90-4-06885	كۆكرەك پەردە ياللۇغى	headword	666_1R.png	unverified
D90-4-06886	كۆكرەك پەردىسى	headword	666_2L.png	unverified
D90-4-06887	كۆكرەك تام	headword	666_2L.png	unverified
D90-4-06887-v1	توسما تام	variant	666_2L.png	unverified
D90-4-06888	كۆكرەك قەپىسى	headword	666_2L.png	unverified
D90-4-06889	كۆكرەك كەرمەك	headword	666_2L.png	unverified
D90-4-06890	كۆكرەك ئومۇرتقىسى	headword	666_2L.png	unverified
D90-4-06891	كۆكرەك يانچۇق	headword	666_2L.png	unverified
D90-4-06892	كۆكرەكلىك	headword	667_1R.png	unverified
D90-4-06893	كۆكس	headword	667_1R.png	unverified
D90-4-06894	كۆكسگە باسماق	headword	667_1R.png	unverified
D90-4-06894-v1	باغرىغا باسماق	variant	667_1R.png	unverified
D90-4-06895	كۆكسى ئېچىلماق	headword	667_1R.png	unverified
D90-4-07069	كۆڭلى ئېچىلماق	headword	677_2L.png	unverified
D90-4-06896	كۆكس-قارىن	headword	667_1R.png	unverified
D90-4-06897	كۆكسى-قارنى بوشىماق	headword	667_1R.png	unverified
D90-4-06898	كۆكسى-قارنى توق	headword	667_1R.png	unverified
D90-4-06899	كۆكسى-قارنى كەڭ	headword	667_1R.png	unverified
D90-4-06949	كۆڭلى-كۆكسى كەڭ	headword	670_2L.png	unverified
D90-4-06900	كۆكسى-قارنى ئېچىلماق	headword	667_2L.png	unverified
D90-4-06901	كۆكسى-قارنى يايرىماق	headword	667_2L.png	unverified
D90-4-06902	كۆكسۇ	headword	667_2L.png	unverified
D90-4-06903	كۆكسۇلتان	headword	667_2L.png	unverified
D90-4-06904	كۆكسېغىز	headword	667_2L.png	unverified
D90-4-06905	كۆكسىمەك	headword	667_2L.png	unverified
D90-4-06906	كۆكشال	headword	667_2L.png	unverified
D90-4-06907	كۆكلەتمەك	headword	667_2L.png	verified
D90-4-06909	كۆكلەم	headword	667_2L.png	unverified
D90-4-06910	كۆكلەمزار	headword	668_1R.png	unverified
D90-4-06911	كۆكلىتىلمەك	headword	668_1R.png	unverified
D90-4-06912	كۆكلىمەك	headword	668_1R.png	unverified
D90-4-06914	كۆكمارال	headword	668_2L.png	unverified
D90-4-06915	كۆكمەت	headword	668_2L.png	unverified
D90-4-06916	كۆكنار	headword	668_2L.png	unverified
D90-4-06918	كۆكنارچى	headword	668_2L.png	unverified
D90-4-06919	كۆكنارخانا	headword	669_1R.png	unverified
D90-4-06920	كۆكۈچ	headword	669_1R.png	unverified
D90-4-06921	كۆكۈر	headword	669_1R.png	unverified
D90-4-06922	كۆكۈشكەن	headword	669_1R.png	unverified
D90-4-06923	كۆكۈلمەيدان	headword	669_1R.png	unverified
D90-4-06924	كۆكۈمتۇل	headword	669_1R.png	unverified
D90-4-06925	كۆكۈيۈن	headword	669_1R.png	unverified
D90-4-06926	كۆكىرىشچان	headword	669_1R.png	unverified
D90-4-06927	كۆكىرىشچانلىق	headword	669_2L.png	unverified
D90-4-06928	كۆكىرىك	headword	669_2L.png	unverified
D90-4-06929	كۆكىرىك زەمبۇرۇغى	headword	669_2L.png	unverified
D90-4-06930	كۆكىرىك كېسىلى	headword	669_2L.png	unverified
D90-4-06931	كۆكىمەك	headword	669_2L.png	unverified
D90-4-06932	كۆكىنەك	headword	669_2L.png	unverified
D90-4-06933	كۆكيار	headword	669_2L.png	verified
D90-4-06934	كۆكيامان	headword	669_2L.png	unverified
D90-4-06935	كۆكيۆتەل	headword	670_1R.png	unverified
D90-4-06936	كۆگە	headword	670_1R.png	unverified
D90-4-06936-v1	پىيىزەك	variant	670_1R.png	unverified
D90-4-06938	كۆگەشمەك	headword	670_1R.png	unverified
D90-4-06939	كۆگەل	headword	670_1R.png	unverified
D90-4-06940	كۆگەن	headword	670_1R.png	unverified
D90-4-06941	كۆگەنلىمەك	headword	670_1R.png	unverified
D90-4-06943	كۆڭلەك	headword	670_1R.png	unverified
D90-4-06944	كۆڭلەكچان	headword	670_2L.png	unverified
D90-4-06945	كۆڭلەكلىك	headword	670_2L.png	unverified
D90-4-06946	كۆڭلەن	headword	670_2L.png	unverified
D90-4-06947	كۆڭلەن سىزما	headword	670_2L.png	unverified
D90-4-06948	كۆڭلى-كۆكسى	headword	670_2L.png	unverified
D90-4-06950	كۆڭۈل	headword	671_1R.png	unverified
D90-4-06957	كۆڭلى ئەلەڭ-سەلەڭ بولماق	headword	671_2L.png	unverified
D90-4-06958	كۆڭلى ئەمىن تايماق	headword	671_2L.png	unverified
D90-4-06981	كۆڭلى تەسكىن تاپماق	headword	672_2L.png	unverified
D90-4-06959	كۆڭلى بار	headword	671_2L.png	unverified
D90-4-06960	كۆڭلى بارماسلىق	headword	671_2L.png	unverified
D90-4-06961	كۆڭلى باشقا	headword	671_2L.png	unverified
D90-4-06962	كۆڭلى باشقىچە بولماق	headword	671_2L.png	unverified
D90-4-06963	كۆڭلى باي	headword	671_2L.png	unverified
D90-4-06964	كۆڭلى بوشىماق	headword	671_2L.png	unverified
D90-4-06965	كۆڭلى بوزۇق	headword	672_1R.png	unverified
D90-4-06966	كۆڭلى بوزۇلماق	headword	672_1R.png	unverified
D90-4-06967	كۆڭلى بۆلەكچە بولماق	headword	672_1R.png	unverified
D90-4-06968	كۆڭلى بۆلۈنمەك	headword	672_1R.png	unverified
D90-4-06969	كۆڭلى بىئارام	headword	672_1R.png	unverified
D90-4-06970	كۆڭلى بىئارام بولماق	headword	672_1R.png	unverified
D90-4-06971	كۆڭلى بىرقىسما بولماق	headword	672_1R.png	unverified
D90-4-06972	كۆڭلى پاراكەندە	headword	672_1R.png	unverified
D90-4-06974	كۆڭلى پەرىشان	headword	672_1R.png	unverified
D90-4-06973	كۆڭلى پاراكەندە بولماق	headword	672_1R.png	unverified
D90-4-06975	كۆڭلى پەرىشان بولماق	headword	672_2L.png	unverified
D90-4-06976	كۆڭلى پەس	headword	672_2L.png	unverified
D90-4-06977	كۆڭلى پۈتۈن	headword	672_2L.png	unverified
D90-4-06978	كۆڭلى تار	headword	672_2L.png	unverified
D90-4-06978-v1	ئىچى تار	variant	672_2L.png	unverified
D90-4-06979	كۆڭلى تارتماق	headword	672_2L.png	unverified
D90-4-06980	كۆڭلى تاش	headword	672_2L.png	unverified
D90-4-06980-v1	باغرى تاش	variant	672_2L.png	unverified
D90-4-06982	كۆڭلى توڭلىماق	headword	672_2L.png	unverified
D90-4-06983	كۆڭلى تۈز	headword	673_1R.png	unverified
D90-4-06984	كۆڭلى تىنچىماق	headword	673_1R.png	unverified
D90-4-06985	كۆڭلى تىنماق	headword	673_1R.png	unverified
D90-4-06986	كۆڭلى جايىدا	headword	673_1R.png	unverified
D90-4-06987	كۆڭلى جايىدا ئەمەس	headword	673_1R.png	unverified
D90-4-06988	كۆڭلى جايىغا چۈشمەك	headword	673_1R.png	unverified
D90-4-07065	كۆڭلى ئورنىغا چۈشمەك	headword	677_2L.png	unverified
D90-4-06989	كۆڭلى چۈشمەك	headword	673_1R.png	unverified
D90-4-06990	كۆڭلى چېچىلماق	headword	673_1R.png	unverified
D90-4-06990-v1	كۆڭلى پەريشان بولماق	variant	673_1R.png	unverified
D90-4-06991	كۆڭلى چىگىش	headword	673_1R.png	unverified
D90-4-06992	كۆڭلى چىگىشلەشمەك	headword	673_2L.png	unverified
D90-4-06993	كۆڭلى چىگىلمەك	headword	673_2L.png	unverified
D90-4-06994	كۆڭلى خالىماق	headword	673_2L.png	unverified
D90-4-06995	كۆڭلى خامۇش بولماق	headword	673_2L.png	unverified
D90-4-06996	كۆڭلى خۇش	headword	673_2L.png	unverified
D90-4-06997	كۆڭلى خىرە	headword	673_2L.png	unverified
D90-4-06998	كۆڭلىدە بولماق	headword	673_2L.png	unverified
D90-4-06999	كۆڭلىدە چوت سوقماق	headword	673_2L.png	unverified
D90-4-07000	كۆڭلى دەريا	headword	673_2L.png	unverified
D90-4-07001	كۆڭلىدە ساقلىماق	headword	673_2L.png	unverified
D90-4-07002	كۆڭلىدە سان بولماق	headword	673_2L.png	unverified
D90-4-07003	كۆڭلىدە غۇم ساقلىماق	headword	674_1R.png	unverified
D90-4-07004	كۆڭلىدە كىر ساقلىماق	headword	674_1R.png	unverified
D90-4-07005	كۆڭلىدە كىر يوق	headword	674_1R.png	unverified
D90-4-07006	كۆڭلىدە گۈدرەت ساقلىماق	headword	674_1R.png	unverified
D90-4-07007	كۆڭلىدىكىنى بىلمەك	headword	674_1R.png	unverified
D90-4-07008	كۆڭلىدىكىنى دېمەك	headword	674_1R.png	unverified
D90-4-07009	كۆڭلىدىن جاي ئالماق	headword	674_1R.png	unverified
D90-4-07010	كۆڭلىدىن كەچمەك	headword	674_1R.png	unverified
D90-4-07011	كۆڭلى زەھەر	headword	674_1R.png	unverified
D90-4-07012	كۆڭلى ساپ	headword	674_1R.png	unverified
D90-4-07013	كۆڭلى سوۋۇماق	headword	674_2L.png	unverified
D90-4-07014	كۆڭلى سۇس	headword	674_2L.png	unverified
D90-4-07015	كۆڭلى سۇنماق	headword	674_2L.png	unverified
D90-4-07016	كۆڭلى سۇنۇق	headword	674_2L.png	unverified
D90-4-07017	كۆڭلى سۇ ئىچمەك	headword	674_2L.png	unverified
D90-4-07018	كۆڭلى سۇيۇق	headword	674_2L.png	unverified
D90-4-07019	كۆڭلى سۆيۈنمەك	headword	674_2L.png	unverified
D90-4-07020	كۆڭلى سىيرىلماق	headword	674_2L.png	unverified
D90-4-07021	كۆڭلى شېكەستە	headword	674_2L.png	unverified
D90-4-07021-v1	دىلى شېكەستە	variant	674_2L.png	unverified
D90-4-07022	كۆڭلى غەش	headword	675_1R.png	unverified
D90-4-07023	كۆڭلى غەش بولماق	headword	675_1R.png	unverified
D90-4-07024	كۆڭلى غەلىتە بولماق	headword	675_1R.png	unverified
D90-4-07027	كۆڭلى قارىلىق قىلماق	headword	675_1R.png	unverified
D90-4-07028	كۆڭلى قالماق	headword	675_1R.png	unverified
D90-4-07029	كۆڭلى قايتماق	headword	675_2L.png	unverified
D90-4-07030	كۆڭلى قويماسلىق	headword	675_2L.png	unverified
D90-4-07030-v1	كۆڭلى ئۇنىماسلىق	variant	675_2L.png	unverified
D90-4-07031	كۆڭلى قىيماسلىق	headword	675_2L.png	unverified
D90-4-07032	كۆڭلى كەڭ	headword	675_2L.png	unverified
D90-4-07033	كۆڭلى كۆتۈرمەك	headword	675_2L.png	unverified
D90-4-07034	كۆڭلى كۆتۈرۈلمەك	headword	675_2L.png	unverified
D90-4-07036	كۆڭلىگە ئارام بەرمەك	headword	675_2L.png	unverified
D90-4-07037	كۆڭلىگە ئارام بولماق	headword	676_1R.png	unverified
D90-4-07038	كۆڭلىگە ئازار بەرمەك	headword	676_1R.png	unverified
D90-4-07038-v1	دىلىغا ئازار بەرمەك	variant	676_1R.png	unverified
D90-4-07039	كۆڭلىگە ئالماسلىق	headword	676_1R.png	unverified
D90-4-07040	كۆڭلىگە بارماق	headword	676_1R.png	unverified
D90-4-07050	كۆڭلىگە قارىماق	headword	676_2L.png	unverified
D90-4-07041	كۆڭلىگە تەسەللى بەرمەك	headword	676_1R.png	unverified
D90-4-07041-v1	تەسەللى بەرمەك	variant	676_1R.png	unverified
D90-4-07042	كۆڭلىگە تۈگمەك	headword	676_1R.png	unverified
D90-4-07115	كۆڭۈلگە پۈكمەك	headword	681_1R.png	unverified
D90-4-07043	كۆڭلىگە جىن كىرمەك	headword	676_1R.png	unverified
D90-4-07044	كۆڭلىگە سايە چۈشمەك	headword	676_1R.png	unverified
D90-4-07129	كۆڭۈلنى خىرە قىلماق	headword	682_1R.png	unverified
D90-4-07045	كۆڭلىگە سۇ يۈگۈرمەك	headword	676_1R.png	unverified
D90-4-07046	كۆڭلىگە سۇ سەپمەك	headword	676_2L.png	unverified
D90-4-07047	كۆڭلىگە سېلىپ قويماق	headword	676_2L.png	unverified
D90-4-07048	كۆڭلىگە شەك چۈشمەك	headword	676_2L.png	unverified
D90-4-07049	كۆڭلىگە شەك كەلمەك	headword	676_2L.png	unverified
D90-4-07051	كۆڭلىگە قول سالماق	headword	676_2L.png	unverified
D90-4-07052	كۆڭلىگە كەلمەك	headword	676_2L.png	unverified
D90-4-07052-v1	كۆڭلى ئاغرىماق	variant	676_2L.png	unverified
D90-4-07053	كۆڭلىگە گۇمان چۈشمەك	headword	676_2L.png	unverified
D90-4-07054	كۆڭلى نازۇك	headword	677_1R.png	unverified
D90-4-07055	كۆڭلىنى ئاستىن-ئۈستۈن قىلماق	headword	677_1R.png	unverified
D90-4-07056	كۆڭلىنى ئاۋۇندۇرماق	headword	677_1R.png	unverified
D90-4-07057	كۆڭلىنى پاراكەندە قىلماق	headword	677_1R.png	unverified
D90-4-07058	كۆڭلىنى تارتماق	headword	677_1R.png	unverified
D90-4-07059	كۆڭلىنى توختاتماق	headword	677_1R.png	unverified
D90-4-07060	كۆڭلىنى رام قىلماق	headword	677_1R.png	unverified
D90-4-07061	كۆڭلىنى ساراسىمىگە سالماق	headword	677_1R.png	unverified
D90-4-07062	كۆڭلىنى قايتۇرماق	headword	677_2L.png	unverified
D90-4-07063	كۆڭلىنى مالال قىلماق	headword	677_2L.png	unverified
D90-4-07064	كۆڭلى ئوچۇق	headword	677_2L.png	unverified
D90-4-07066	كۆڭلى ئۆسمەك	headword	677_2L.png	unverified
D90-4-07067	كۆڭلى ئۆيمەك	headword	677_2L.png	unverified
D90-4-07068	كۆڭلى ئۈزۈك	headword	677_2L.png	unverified
D90-4-07068-v1	كۆڭلى سۈنۇق	variant	677_2L.png	unverified
D90-4-07071	كۆڭلى ئېزىلمەك	headword	678_1R.png	unverified
D90-4-07072	كۆڭلى ئىزىغا چۈشمەك	headword	678_1R.png	unverified
D90-4-07073	كۆڭلى ياخشى	headword	678_1R.png	unverified
D90-4-07074	كۆڭلى ياش	headword	678_1R.png	unverified
D90-4-07075	كۆڭلى يانماق	headword	678_1R.png	unverified
D90-4-07076	كۆڭلى يوق	headword	678_1R.png	unverified
D90-4-07077	كۆڭلى يۇمشاق	headword	678_1R.png	unverified
D90-4-07078	كۆڭلى يۇمشاقلىق	headword	678_1R.png	unverified
D90-4-07079	كۆڭلى يېقىن	headword	678_2L.png	unverified
D90-4-07080	كۆڭلى يېنىك	headword	678_2L.png	unverified
D90-4-07081	كۆڭۈل ئاچماق	headword	678_2L.png	unverified
D90-4-07082	كۆڭۈل ئارام تاپماق	headword	678_2L.png	unverified
D90-4-07083	كۆڭۈل ئارامىغا چۈشمەك	headword	678_2L.png	unverified
D90-4-07084	كۆڭۈل ئارامى يوق	headword	678_2L.png	unverified
D90-4-07085	كۆڭۈل ئازادىلىكى	headword	678_2L.png	unverified
D90-4-07086	كۆڭۈل ئاغرىقى	headword	679_1R.png	unverified
D90-4-07087	كۆڭۈل ئاغرىماق	headword	679_1R.png	unverified
D90-4-07088	كۆڭۈل ئاۋۇتماق	headword	679_1R.png	unverified
D90-4-07089	كۆڭۈل ئاينىماق	headword	679_1R.png	unverified
D90-4-07090	كۆڭۈل ئايىماق	headword	679_1R.png	unverified
D90-4-07091	كۆڭۈل باغلىماق	headword	679_1R.png	unverified
D90-4-07092	كۆڭۈل بەرمەك	headword	679_1R.png	unverified
D90-4-07093	كۆڭۈل بۆلمەك	headword	679_2L.png	unverified
D90-4-07094	كۆڭۈل تاۋارەن	headword	679_2L.png	unverified
D90-4-07095	كۆڭۈل تاۋىخا	headword	679_2L.png	unverified
D90-4-07096	كۆڭۈل توختاتماق	headword	679_2L.png	unverified
D90-4-07097	كۆڭۈل توق	headword	679_2L.png	unverified
D90-4-07098	كۆڭۈل تۇيماق	headword	679_2L.png	unverified
D90-4-07099	كۆڭۈل تىنىقى	headword	679_2L.png	unverified
D90-4-07100	كۆڭۈل خۇشى	headword	679_2L.png	unverified
D90-4-07101	كۆڭۈلدە تۇتماق	headword	680_1R.png	unverified
D90-4-07102	كۆڭۈلدە ھېسابلاش	headword	680_1R.png	unverified
D90-4-07103	كۆڭۈلدىكى گەپ	headword	680_1R.png	unverified
D90-4-07104	كۆڭۈلدىكىنى تاپماق	headword	680_1R.png	unverified
D90-4-07105	كۆڭۈلدىن چىقارماق	headword	680_1R.png	unverified
D90-4-07106	كۆڭۈلدىن ئورۇن ئالماق	headword	680_1R.png	unverified
D90-4-07107	كۆڭۈلدىن ئۆتكۈزمەك	headword	680_1R.png	unverified
D90-4-07108	كۆڭۈلدىن ئۆچمەك	headword	680_2L.png	unverified
D90-4-07109	كۆڭۈل رىشتىسى	headword	680_2L.png	unverified
D90-4-07110	كۆڭۈل سانىماق	headword	680_2L.png	unverified
D90-4-07111	كۆڭۈل سورىماق	headword	680_2L.png	unverified
D90-4-07112	كۆڭۈل قويماق	headword	680_2L.png	unverified
D90-4-07113	كۆڭۈلگە ئايان	headword	680_2L.png	unverified
D90-4-07114	كۆڭۈلگە ئەگەشمەك	headword	681_1R.png	unverified
D90-4-07116	كۆڭۈلگە تايىن	headword	681_1R.png	unverified
D90-4-07117	كۆڭۈلگە تەگمەك	headword	681_1R.png	unverified
D90-4-07118	كۆڭۈلگە ئوت سالماق	headword	681_1R.png	unverified
D90-4-07119	كۆڭۈلگە يارىشا	headword	681_1R.png	unverified
D90-4-07120	كۆڭۈلگە ياقماق	headword	681_1R.png	unverified
D90-4-07121	كۆڭۈلنى ئالماق	headword	681_1R.png	unverified
D90-4-07122	كۆڭۈلنى ئەزمەك	headword	681_2L.png	unverified
D90-4-07123	كۆڭۈلنى بەند ئەتمەك	headword	681_2L.png	unverified
D90-4-07124	كۆڭۈلنى بىئارام قىلماق	headword	681_2L.png	unverified
D90-4-07125	كۆڭۈلنى تاتلىق قىلماق	headword	681_2L.png	unverified
D90-4-07126	كۆڭۈلنى توق تۇتماق	headword	681_2L.png	unverified
D90-4-07127	كۆڭۈلنى چۈشەنمەك	headword	681_2L.png	unverified
D90-4-07128	كۆڭۈلنى چىگمەك	headword	681_2L.png	unverified
D90-4-07132	كۆڭۈلنى غەش قىلماق	headword	682_1R.png	unverified
D90-4-07130	كۆڭۈلنى رەنجىتمەك	headword	682_1R.png	unverified
D90-4-07130-v1	رەنجىتمەك	variant	682_1R.png	unverified
D90-4-07131	كۆڭۈلنى زېدە قىلماق	headword	682_1R.png	unverified
D90-4-07133	كۆڭۈلنى كۆتۈرمەك	headword	682_1R.png	unverified
D90-4-07134	كۆڭۈلنىڭ چىگىشىنى يەشمەك	headword	682_1R.png	unverified
D90-4-07135	كۆڭۈلنىڭ رايىغا باقماق	headword	682_1R.png	unverified
D90-4-07136	كۆڭۈلنىڭ كەينىگە كىرمەك	headword	682_1R.png	unverified
D90-4-07137	كۆڭۈلنىڭ كۆزى يوق	headword	682_2L.png	unverified
D90-4-07138	كۆڭۈلنىڭ كىرىنى ئالماق	headword	682_2L.png	unverified
D90-4-07139	كۆڭۈلنى ئۇتماق	headword	682_2L.png	unverified
D90-4-07140	كۆڭۈلنى ئۈزمەك	headword	682_2L.png	unverified
D90-4-07141	كۆڭۈلنى ئىزھار قىلماق	headword	682_2L.png	unverified
D90-4-07142	كۆڭۈلنى ياندۇرماسلىق	headword	682_2L.png	unverified
D90-4-07143	كۆڭۈلنى يېرىم قىلماق	headword	683_1R.png	unverified
D90-4-07144	كۆڭۈل ئوۋلىماق	headword	683_1R.png	unverified
D90-4-07145	كۆڭۈل ئېيتماق	headword	683_1R.png	unverified
D90-4-07146	كۆڭۈل ئىزدىمەك	headword	683_1R.png	unverified
D90-4-07147	كۆڭۈل ئىلىشماق	headword	683_1R.png	unverified
D90-4-07148	كۆڭۈل يارىسى	headword	683_1R.png	unverified
D90-4-07149	كۆڭۈل ياسىماق	headword	683_2L.png	unverified
D90-4-07150	كۆڭۈل يايرىماق	headword	683_2L.png	unverified
D90-4-07151	كۆڭۈل يورۇق	headword	683_2L.png	unverified
D90-4-07152	كۆڭۈل يورۇماق	headword	683_2L.png	unverified
D90-4-07153	كۆڭۈل يېرىم	headword	683_2L.png	unverified
D90-4-07154	كۆڭۈل يېرىم بولماق	headword	683_2L.png	unverified
D90-4-07155	كۆڭۈلچەك	headword	683_2L.png	unverified
D90-4-07156	كۆڭۈلچەكلىك	headword	684_1R.png	unverified
D90-4-07157	كۆڭۈلداشلار	headword	684_1R.png	unverified
D90-4-07158	كۆڭۈلدىكىدەك	headword	684_1R.png	unverified
D90-4-07159	كۆڭۈلسىز	headword	684_1R.png	unverified
D90-4-07160	كۆڭۈلسىز بولماق	headword	684_2L.png	unverified
D90-4-07161	كۆڭۈلسىز قىلماق	headword	684_2L.png	unverified
D90-4-07162	كۆڭۈلسىزلەنمەك	headword	684_2L.png	unverified
D90-4-07163	كۆڭۈلسىزلەندۈرمەك	headword	684_2L.png	unverified
D90-4-07164	كۆڭۈلسىزلىك	headword	684_2L.png	unverified
D90-4-07165	كۆڭۈلشىمەك	headword	684_2L.png	unverified
D90-4-07166	كۆڭۈللۈك	headword	685_1R.png	unverified
D90-4-07167	كۆل	headword	685_1R.png	unverified
D90-4-07172	كۆلەڭگە	headword	685_1R.png	unverified
D90-4-07173	كۆلەڭگە تاشلىماق	headword	685_2L.png	unverified
D90-4-07174	كۆلەڭگىسىدىن ئۈركۈمەك	headword	685_2L.png	unverified
D90-4-07175	كۆلەڭگىسىز	headword	685_2L.png	unverified
D90-4-07177	كۆلەڭگىلىك	headword	685_2L.png	unverified
D90-4-07178	كۆلەم	headword	686_1R.png	unverified
D90-4-07179	كۆلەملىك	headword	686_1R.png	unverified
D90-4-07180	كۆلچەك	headword	686_1R.png	unverified
D90-4-07182	كۆلۈ	headword	686_1R.png	unverified
D90-4-07183	كۆلۈك	headword	686_1R.png	unverified
D90-4-07184	كۆلۈگەچ	headword	686_1R.png	unverified
D90-4-07185	كۆمەچ	headword	686_1R.png	unverified
D90-4-07186	كۆمەچ نان	headword	686_1R.png	unverified
D90-4-07187	كۆمەچدان	headword	686_2L.png	unverified
D90-4-07188	كۆمەك	headword	686_2L.png	unverified
D90-4-07190	كۆمەكلەشمەك	headword	686_2L.png	unverified
D90-4-07191	كۆمەل	headword	686_2L.png	unverified
D90-4-07193	كۆمتۈرتمەك	headword	686_2L.png	unverified
D90-4-07194	كۆمتۈرمەك	headword	686_2L.png	unverified
D90-4-07195	كۆمتۈرۈشمەك	headword	686_2L.png	unverified
D90-4-07196	كۆمتۈرۈلمەك	headword	686_2L.png	unverified
D90-4-07197	كۆمدۈرگۈزمەك	headword	686_2L.png	unverified
D90-4-07198	كۆمدۈرمەك	headword	686_2L.png	unverified
D90-4-07199	كۆمدۈرۈشمەك	headword	686_2L.png	unverified
D90-4-07200	كۆممە	headword	686_2L.png	unverified
D90-4-07202	كۆممە نان	headword	687_1R.png	unverified
D90-4-07203	كۆممەك	headword	687_1R.png	unverified
D90-4-07204	كۆممىقوناق	headword	687_1R.png	unverified
D90-4-07205	كۆممىقوناق پەرۋانىسى	headword	687_1R.png	unverified
D90-4-07206	كۆمۈر	headword	687_2L.png	unverified
D90-4-07207	كۆمۈر پېترولوگىيىسى	headword	687_2L.png	unverified
D90-4-07208	كۆمۈر سانائىتى	headword	687_2L.png	unverified
D90-4-07209	كۆمۈر سۇلفىسى	headword	687_2L.png	unverified
D90-4-07210	كۆمۈر قاتلىمى	headword	688_1R.png	unverified
D90-4-07211	كۆمۈر گازى	headword	688_1R.png	unverified
D90-4-07212	كۆمۈرەڭگۈ	headword	688_1R.png	unverified
D90-4-07213	كۆمۈرچەك	headword	688_1R.png	unverified
D90-4-07214	كۆمۈرچەكلىك	headword	688_2L.png	unverified
D90-4-07216	كۆمۈرچەكلىك بېلىقلار تۈركۈمى	headword	688_2L.png	unverified
D90-4-07217	كۆمۈرچى	headword	688_2L.png	unverified
D90-4-07218	كۆمۈرچىلىك	headword	688_2L.png	unverified
D90-4-07219	كۆمۈرخانا	headword	688_2L.png	unverified
D90-4-07220	كۆمۈرلەشمەك	headword	688_2L.png	unverified
D90-4-07221	كۆمۈرلۈك	headword	688_2L.png	unverified
D90-4-07222	كۆمۈرلۈك گېئولوگىيىسى	headword	688_2L.png	unverified
D90-4-07223	كۆمۈرلىشىش	headword	689_1R.png	unverified
D90-4-07224	كۆمۈرمەك	headword	689_1R.png	unverified
D90-4-07225	كۆمۈرۈشمەك	headword	689_1R.png	unverified
D90-4-07226	كۆمۈرۈلمەك	headword	689_1R.png	unverified
D90-4-07227	كۆمۈك	headword	689_1R.png	unverified
D90-4-07228	كۆمۈكلۈك	headword	689_1R.png	unverified
D90-4-07229	كۆمۈلمەس	headword	689_1R.png	unverified
D90-4-07230	كۆمۈلمەك	headword	689_1R.png	unverified
D90-4-07231	كۆن	headword	689_1R.png	unverified
D90-4-07232	كۆنەك	headword	689_1R.png	unverified
D90-4-07233	كۆنەلگە قېرىن	headword	689_2L.png	unverified
D90-4-07233-v1	ئۆپكە ئاغزى	variant	689_2L.png	unverified
D90-4-07234	كۆنەلگۈ	headword	689_2L.png	unverified
D90-4-07235	كۆنەلگۈ زەمبۇرۇغى	headword	689_2L.png	unverified
D90-4-07236	كۆنەلگۈلۈك	headword	689_2L.png	unverified
D90-4-07237	كۆنجەك	headword	689_2L.png	unverified
D90-4-07238	كۆنچى	headword	689_2L.png	unverified
D90-4-07239	كۆنچىلىك	headword	689_2L.png	unverified
D90-4-07240	كۆندۈرمەك	headword	690_1R.png	unverified
D90-4-07241	كۆندۈرۈشمەك	headword	690_1R.png	unverified
D90-4-07242	كۆندۈرۈلمەك	headword	690_1R.png	unverified
D90-4-07243	كۆندۈك	headword	690_1R.png	unverified
D90-4-07244	كۆندىلەڭ	headword	690_1R.png	unverified
D90-4-07247	كۆندىلەڭ سەپ	headword	690_2L.png	unverified
D90-4-07248	كۆندىلەڭ ئوقۇر	headword	690_2L.png	unverified
D90-4-07249	كۆنمەك	headword	690_2L.png	unverified
D90-4-07250	كۆنۈشمەك	headword	690_2L.png	unverified
D90-4-07251	كۆنۈك	headword	690_2L.png	unverified
D90-4-07252	كۆنۈكتۈرمەك	headword	690_2L.png	unverified
D90-4-07253	كۆنۈكمە	headword	690_2L.png	unverified
D90-4-07254	كۆنۈكمەك	headword	690_2L.png	unverified
D90-4-07255	كۆنۈكۈشمەك	headword	691_1R.png	unverified
D90-4-07256	كۆۋە	headword	691_1R.png	unverified
D90-4-07257	كۆۋەجىمەك	headword	691_1R.png	unverified
D90-4-07258	كۆۋرۈك	headword	691_1R.png	unverified
D90-4-07263	كۆۋرۈكچە	headword	691_1R.png	unverified
D90-4-07264	كۆۋرۈكلۈك	headword	691_2L.png	unverified
D90-4-07265	كۆۋرىمەك	headword	691_2L.png	unverified
D90-4-07266	كۆۋگۈچ	headword	691_2L.png	unverified
D90-4-07267	كۆيە	headword	691_2L.png	unverified
D90-4-07268	كۆيەك	headword	691_2L.png	unverified
D90-4-07289	كۆيۈك	headword	693_2L.png	unverified
D90-4-07269	كۆيدۈرگە	headword	691_2L.png	unverified
D90-4-07270	كۆيدۈرگۈچى	headword	692_1R.png	unverified
D90-4-07273	كۆيدۈرگىلىك	headword	692_1R.png	unverified
D90-4-07274	كۆيدۈرمە	headword	692_2L.png	unverified
D90-4-07274-v1	كۆيدۈرمە قاش	variant	692_2L.png	unverified
D90-4-07275	كۆيدۈرمەك	headword	692_2L.png	unverified
D90-4-07276	كۆيدۈرۈشمەك	headword	692_2L.png	unverified
D90-4-07277	كۆيدۈرۈلمەك	headword	692_2L.png	unverified
D90-4-07278	كۆيدى-پىشتى	headword	692_2L.png	unverified
D90-4-07278-v1	كۆيدى-پىشتى بولماق	variant	692_2L.png	unverified
D90-4-07280	كۆيمەك	headword	692_2L.png	unverified
D90-4-07281	كۆيۈپ قالماق	headword	693_1R.png	unverified
D90-4-07282	كۆينەك	nonstandard	693_1R.png	verified
D90-4-07283	كۆيۈپ-پىشىپ	headword	693_1R.png	unverified
D90-4-07284	كۆيۈش	headword	693_1R.png	verified
D90-4-07285	كۆيۈش نۇقتىسى	headword	693_2L.png	unverified
D90-4-07286	كۆيۈشچان	headword	693_2L.png	unverified
D90-4-07287	كۆيۈشچانلىق	headword	693_2L.png	unverified
D90-4-07288	كۆيۈشمەك	headword	693_2L.png	unverified
D90-4-07290	كۆيۈك ئازابى تارتماق	headword	694_1R.png	unverified
D90-4-07291	كۆيۈك توپ	headword	694_1R.png	unverified
D90-4-07292	كۆيۈك توپ ئويۇنى	headword	694_1R.png	unverified
D90-4-07293	كۆيۈكلۈك	headword	694_1R.png	unverified
D90-4-07294	كۆيۈكۈش	headword	694_1R.png	unverified
D90-4-07295	كۆيۈم	headword	694_1R.png	unverified
D90-4-07296	كۆيۈمچان	headword	694_2L.png	unverified
D90-4-07297	كۆيۈمچانلىق	headword	694_2L.png	unverified
D90-4-07298	كۆيۈمسىز	headword	694_2L.png	unverified
D90-4-07299	كۆيۈملۈك	headword	694_2L.png	unverified
D90-4-07300	كۆيۈندى	headword	694_2L.png	unverified
D90-4-07301	كۆيۈنمەك	headword	694_2L.png	unverified
D90-4-07302	كۆيۈنۈشمەك	headword	694_2L.png	unverified
D90-4-07303	كۈپ	headword	695_1R.png	unverified
D90-4-07304	كۈپسەن	headword	695_1R.png	unverified
D90-4-07305	كۈپكۈندۈز	headword	695_1R.png	unverified
D90-4-07306	كۈتتۈرمەك	headword	695_1R.png	unverified
D90-4-07309	كۈتكۈزمەك	headword	695_1R.png	unverified
D90-4-07307	كۈتكۈچى	headword	695_1R.png	unverified
D90-4-07308	كۈتكۈچىلىك	headword	695_1R.png	unverified
D90-4-07310	كۈتمەك	headword	695_1R.png	unverified
D90-4-07311	كۈتكەن يېرىدىن چىقماق	headword	695_2L.png	unverified
D90-4-07312	كۈتۈشمەك	headword	695_2L.png	unverified
D90-4-07313	كۈتۈلمەك	headword	695_2L.png	unverified
D90-4-07314	كۈتۈلمىگەن	headword	695_2L.png	unverified
D90-4-07315	كۈتۈلمىگەندە	headword	695_2L.png	unverified
D90-4-07316	كۈتۈم	headword	696_1R.png	unverified
D90-4-07317	كۈتۈمسىز	headword	696_1R.png	unverified
D90-4-07318	كۈتۈنمەك	headword	696_1R.png	unverified
D90-4-07319	كۈجە	headword	696_1R.png	unverified
D90-4-07320	كۈجىدان	headword	696_1R.png	unverified
D90-4-07321	كۈچ	headword	696_1R.png	unverified
D90-4-07322	كۈچ ئالماق	headword	697_1R.png	unverified
D90-4-07323	كۈچ بەرمەك	headword	697_1R.png	unverified
D90-4-07324	كۈچ بېغىشلىماق	headword	697_1R.png	unverified
D90-4-07325	كۈچ توپلىماق	headword	697_1R.png	unverified
D90-4-07326	كۈچ چىقارماق	headword	697_1R.png	unverified
D90-4-07327	كۈچ سالماق	headword	697_1R.png	unverified
D90-4-07328	كۈچ سەرپ قىلماق	headword	697_1R.png	unverified
D90-4-07329	كۈچكە تولماق	headword	697_1R.png	unverified
D90-4-07330	كۈچكە ئىگە	headword	697_2L.png	unverified
D90-4-07331	كۈچكە ئىگە مۇددىتى	headword	697_2L.png	unverified
D90-4-07332	كۈچ كىرمەك	headword	697_2L.png	unverified
D90-4-07333	كۈچ مەيدانى	headword	697_2L.png	unverified
D90-4-07334	كۈچ مومېنتى	headword	697_2L.png	unverified
D90-4-07335	كۈچ نۇقتىسى	headword	697_2L.png	unverified
D90-4-07336	كۈچ ئۇلاپ يۈگۈرۈش مۇسابىقىسى	headword	697_2L.png	unverified
D90-4-07337	كۈچ ئۇلاش تايىقى	headword	698_1R.png	unverified
D90-4-07338	كۈچ ئۇلىماق	headword	698_1R.png	unverified
D90-4-07339	كۈچ ئېلىشماق	headword	698_1R.png	unverified
D90-4-07340	كۈچىدىن قالماق	headword	698_1R.png	unverified
D90-4-07341	كۈچىنى كۆرسەتمەك	headword	698_1R.png	unverified
D90-4-07342	كۈچى ھالال، ئۆزى ھارام	headword	698_2L.png	unverified
D90-4-07342-v1	ئۆزى ھارام، كۈچى ھالال	variant	698_2L.png	unverified
D90-4-07343	كۈچ ئىشلىتىپ	headword	698_2L.png	unverified
D90-4-07344	كۈچى يەتمەك	headword	698_2L.png	unverified
D90-4-07345	كۈچ يەلكىسى	headword	698_2L.png	unverified
D90-4-07346	كۈچەشمەك	headword	698_2L.png	unverified
D90-4-07347	كۈچەنمەك	headword	698_2L.png	unverified
D90-4-07348	كۈچەيتمەك	headword	698_2L.png	unverified
D90-4-07349	كۈچەيتىپ تەكرارلاش	headword	698_2L.png	unverified
D90-4-07350	كۈچەيتكۈچ	headword	699_1R.png	unverified
D90-4-07351	كۈچەيتىلمەك	headword	699_1R.png	unverified
D90-4-07352	كۈچەيمەك	headword	699_1R.png	unverified
D90-4-07353	كۈچتۈڭگۈر	headword	699_1R.png	unverified
D90-4-07354	كۈچتۈڭگۈرلۈك	headword	699_1R.png	unverified
D90-4-07355	كۈچسىز	headword	699_1R.png	unverified
D90-4-07356	كۈچسىزلەندۈرمەك	headword	699_1R.png	unverified
D90-4-07357	كۈچسىزلەندۈرۈلمەك	headword	699_1R.png	unverified
D90-4-07358	كۈچسىزلەنمەك	headword	699_2L.png	unverified
D90-4-07359	كۈچسىزلىك	headword	699_2L.png	unverified
D90-4-07360	كۈچ-قۇدرەت	headword	699_2L.png	unverified
D90-4-07361	كۈچ-قۇۋۋەت	headword	699_2L.png	unverified
D90-4-07362	كۈچلەندۈرمەك	headword	699_2L.png	unverified
D90-4-07363	كۈچلەندۈرۈلمەك	headword	699_2L.png	unverified
D90-4-07364	كۈچلەنمەك	headword	699_2L.png	unverified
D90-4-07365	كۈچلۈك	headword	699_2L.png	unverified
D90-4-07366	كۈچلۈك ئاساس	headword	700_1R.png	unverified
D90-4-07367	كۈچلۈك كەلمەك	headword	700_1R.png	unverified
D90-4-07368	كۈچلۈك كىسلاتا	headword	700_1R.png	unverified
D90-4-07369	كۈچلۈكلۈك	headword	700_2L.png	unverified
D90-4-07370	كۈچ-مادار	headword	700_2L.png	unverified
D90-4-07371	كۈچىنىش	headword	700_2L.png	unverified
D90-4-07372	كۈچۈك	headword	700_2L.png	unverified
D90-4-07373	كۈچۈكلەنمەك	headword	700_2L.png	unverified
D90-4-07374	كۈچۈكلىمەك	headword	701_1R.png	unverified
D90-4-07375	كۈچۈكۈم-كۈچۈكۈم دەپ قويسا	headword	701_1R.png	unverified
D90-4-07376	كۈچىمەك	headword	701_1R.png	unverified
D90-4-07377	كۈچىنىشلىك	headword	701_1R.png	unverified
D90-4-07378	كۈدە	headword	701_1R.png	unverified
D90-4-07379	كۈدە-كۆرپە	headword	701_1R.png	unverified
D90-4-07381	كۈدەي	headword	701_2L.png	unverified
D90-4-07382	كۈدىلىك	headword	701_2L.png	unverified
D90-4-07383	كۈرە	headword	701_2L.png	unverified
D90-4-07385	كۈرەش	headword	701_2L.png	unverified
D90-4-07386	كۈرەش قىلماق	headword	702_1R.png	unverified
D90-4-07387	كۈرەشكە ئالماق	headword	702_1R.png	unverified
D90-4-07388	كۈرەشكە تارتماق	headword	702_1R.png	unverified
D90-4-07389	كۈرەشچان	headword	702_1R.png	unverified
D90-4-07390	كۈرەشچانلىق	headword	702_2L.png	unverified
D90-4-07391	كۈرەشچى	headword	702_2L.png	unverified
D90-4-07393	كۈرەشسىز	headword	702_2L.png	unverified
D90-4-07394	كۈرەشمەك	headword	702_2L.png	unverified
D90-4-07395	كۈرەك	headword	703_1R.png	unverified
D90-4-07398	كۈرەڭ	headword	703_1R.png	unverified
D90-4-07399	كۈرەلمەك	headword	703_1R.png	unverified
D90-4-07400	كۈرپە	headword	703_1R.png	unverified
D90-4-07401	كۈرچۈك	headword	703_1R.png	unverified
D90-4-07402	كۈرسۈك	headword	703_1R.png	unverified
D90-4-07403	كۈرسۈمەك	headword	703_2L.png	unverified
D90-4-07404-v1	كۈركە توخۇ	variant	703_2L.png	unverified
D90-4-07406	كۈركۈم	headword	703_2L.png	unverified
D90-4-07407	كۈرمەك	headword	703_2L.png	unverified
D90-4-07408	كۈرمىڭ	headword	703_2L.png	unverified
D90-4-07409	كۈرۈك	headword	704_1R.png	unverified
D90-4-07413	كۈرىمەلە	headword	704_1R.png	unverified
D90-4-07414	كۈز	headword	704_1R.png	unverified
D90-4-07415	كۈز پەسلى	headword	704_1R.png	unverified
D90-4-07416	كۈز ئوتتۇرىسى	headword	704_1R.png	unverified
D90-4-07417	كۈزەك	headword	704_2L.png	unverified
D90-4-07419	كۈزەم	headword	704_2L.png	unverified
D90-4-07419-v1	كۈزەم يۇڭ	variant	704_2L.png	unverified
D90-4-07421	كۈزەيمەك	headword	704_2L.png	unverified
D90-4-07422	كۈزگى	headword	704_2L.png	unverified
D90-4-07427	كۈزلەك	headword	704_2L.png	unverified
D90-4-07428	كۈزلۈك	headword	704_2L.png	unverified
D90-4-07429	كۈزلۈك تېرىم	headword	705_1R.png	unverified
D90-4-07429-v1	كۈزدە تېرىش	variant	705_1R.png	unverified
D90-4-07430	كۈزلۈك زىرائەتلەر	headword	705_1R.png	unverified
D90-4-07431	كۈزلۈك قوغۇن	headword	705_1R.png	unverified
D90-4-07432	كۈزلۈك كۈن تەڭلىكى	headword	705_1R.png	unverified
D90-4-07433	كۈزلۈك لىيۈۇن	headword	705_1R.png	unverified
D90-4-07433-v1	قىشلىق لىيۈۇن	variant	705_1R.png	unverified
D90-4-07434	كۈزلۈك ھەيدەش	headword	705_1R.png	unverified
D90-4-07434-v1	كۈزلۈك ئاختارما	variant	705_1R.png	unverified
D90-4-07435	كۈزلۈك ئوسا	headword	705_1R.png	unverified
D90-4-07435-v1	توك ئوسا	variant	705_1R.png	unverified
D90-4-07436	كۈزلۈك ئۈچ ئىش	headword	705_1R.png	unverified
D90-4-07437	كۈزلۈك ئېتىز	headword	705_1R.png	unverified
D90-4-07438	كۈزلۈك يايلاق	headword	705_1R.png	unverified
D90-4-07439	كۈزلۈك يىغىم	headword	705_1R.png	unverified
D90-4-07440	كۈزلۈك يىغىم قوزغىلىڭى	headword	705_1R.png	unverified
D90-4-07441	كۈسۈتكە	headword	705_1R.png	unverified
D90-4-07441-v1	سېرىق چاشقان	variant	705_1R.png	unverified
D90-4-07442	كۈش	headword	705_2L.png	unverified
D90-4-07443	كۈشەندە	headword	705_2L.png	unverified
D90-4-07445	كۈشەندىلىك	headword	705_2L.png	unverified
D90-4-10236	كۈشكۈرتكۈچى	headword	705_2L.png	verified
D90-4-07446	كۈشكۈرتكۈچى جىنايەتچى	headword	705_2L.png	verified
D90-4-07447	كۈشكۈرتىمەك	headword	705_2L.png	verified
D90-4-07448	كۈشكۈرتۈشمەك	headword	706_1R.png	unverified
D90-4-07449	كۈش-كۈش	headword	706_1R.png	unverified
D90-4-07451	كۈشكۈشلىمەڭ	headword	706_1R.png	unverified
D90-4-07452	كۈشكۈشلىمەك	headword	706_1R.png	unverified
D90-4-07453	كۈشۈك	headword	706_1R.png	unverified
D90-4-07454	كۈشىمەك	headword	706_1R.png	unverified
D90-4-07455	كۈكۈنەۋرە	headword	706_1R.png	unverified
D90-4-07456	كۈل	headword	706_1R.png	unverified
D90-4-07459	كۈل رەڭ	headword	706_2L.png	unverified
D90-4-07460	كۈل رەڭ ئەمەن	headword	706_2L.png	unverified
D90-4-07461	كۈل قىلماق	headword	706_2L.png	unverified
D90-4-07462	كۈل رەڭ قىليورغا	headword	706_2L.png	unverified
D90-4-07463	كۈلىنى كۆككە سورۇماق	headword	706_2L.png	unverified
D90-4-07464	كۈلپەت	headword	706_2L.png	unverified
D90-4-07465	كۈلپەت چەكمەك	headword	707_1R.png	unverified
D90-4-07466	كۈلپەت چۈشمەك	headword	707_1R.png	unverified
D90-4-07467	كۈلپەت سالماق	headword	707_1R.png	unverified
D90-4-07468	كۈلپەتلىك	headword	707_1R.png	unverified
D90-4-07469	كۈلتۈك	headword	707_1R.png	unverified
D90-4-07472	كۈلخانا	headword	707_1R.png	unverified
D90-4-07473	كۈلدان	headword	707_1R.png	unverified
D90-4-07474	كۈلدۈرگە	headword	707_2L.png	unverified
D90-4-07475	كۈلدۈرگۈچى	headword	707_2L.png	unverified
D90-4-07477	كۈلدۈرمەك	headword	707_2L.png	unverified
D90-4-07478	كۈلدۈرۈشمەك	headword	707_2L.png	unverified
D90-4-07479	كۈلدۈرۈلمەك	headword	707_2L.png	unverified
D90-4-07480	كۈل-قوقاس	headword	707_2L.png	unverified
D90-4-07481	كۈلكە	headword	707_2L.png	unverified
D90-4-07482	كۈلكىگە قالماق	headword	708_1R.png	unverified
D90-4-07483	كۈلكە - چاقچاق	headword	708_1R.png	unverified
D90-4-07484	كۈلكىسىز	headword	708_1R.png	unverified
D90-4-07485	كۈلكىلىك	headword	708_1R.png	unverified
D90-4-07487	كۈلگەك	headword	708_1R.png	unverified
D90-4-07488	كۈلگەكلىك	headword	708_1R.png	unverified
D90-4-07489	كۈلگۈن	headword	708_2L.png	unverified
D90-4-07490	كۈلگۈنچەك	headword	708_2L.png	unverified
D90-4-07491	كۈلگۈنچەكلىك	headword	708_2L.png	unverified
D90-4-07492	كۈللۈك	headword	708_2L.png	unverified
D90-4-07494	كۈلمەك	headword	708_2L.png	unverified
D90-4-07495	كۈلۈشمەك	headword	708_2L.png	unverified
D90-4-07496	كۈلۈمسىرەتمەك	headword	708_2L.png	unverified
D90-4-07497	كۈلۈمسىرەشمەك	headword	708_2L.png	unverified
D90-4-07498	كۈلۈمسىرىمەك	headword	709_1R.png	unverified
D90-4-07499	كۈمۈش	headword	709_1R.png	unverified
D90-4-07500	كۈمۈش باشاق	headword	709_1R.png	unverified
D90-4-07501	كۈمۈش پۇل	headword	709_1R.png	verified
D90-4-07502	كۈمۈش رەڭ	headword	709_1R.png	unverified
D90-4-07503	كۈمۈش رەڭ لاتقا بېلىق	headword	709_2L.png	unverified
D90-4-07504	كۈمۈش يودىد	headword	709_2L.png	unverified
D90-4-07505	كۈمۈشئوت	headword	709_2L.png	unverified
D90-4-07506	كۈمۈشئۆرۈك	headword	709_2L.png	unverified
D90-4-07507	كۈن	headword	710_1R.png	unverified
D90-4-07508	كۈن ئاتلىماق	headword	710_2L.png	unverified
D90-4-07509	كۈن ئارىلىماق	headword	710_2L.png	unverified
D90-4-07510	كۈن ئالماق	headword	710_2L.png	unverified
D90-4-07511	كۈن بەرمەسلىك	headword	710_2L.png	unverified
D90-4-07512	كۈن بويى	headword	710_2L.png	unverified
D90-4-07513	كۈن تارتماق	headword	710_2L.png	unverified
D90-4-07514	كۈن توختاش	headword	710_2L.png	unverified
D90-4-07515	كۈن تۇتۇلماق	headword	710_2L.png	unverified
D90-4-07516	كۈن تۇتۇلۇش	headword	711_1R.png	unverified
D90-4-07517	كۈن دېسە كۆزى، ئاي دېسە ئاغزى بار	headword	711_1R.png	unverified
D90-4-07518	كۈندىن قېچىشچانلىق	headword	711_1R.png	unverified
D90-4-07519	كۈن غەربتىن چىقىپتۇ	headword	711_1R.png	unverified
D90-4-07520	كۈن قاياقتىن چىقتى	headword	711_1R.png	unverified
D90-4-07521	كۈن قايتماق	headword	711_1R.png	unverified
D90-4-07551	كۈن يانماق	headword	713_1R.png	unverified
D90-4-07522	كۈن قوتانلىشىش	headword	711_1R.png	unverified
D90-4-07523	كۈن كالېندارى	headword	711_2L.png	unverified
D90-4-07524	كۈن كەچۈرمەك	headword	711_2L.png	unverified
D90-4-07525	كۈن كۆرمەك	headword	711_2L.png	unverified
D90-4-07526	كۈن كۆيمەك	headword	711_2L.png	unverified
D90-4-07527	كۈن گەردىشى	headword	711_2L.png	unverified
D90-4-07528	كۈنلەردىن بىركۈن	headword	711_2L.png	unverified
D90-4-07529	كۈنلەرنىڭ بىرىدە	headword	711_2L.png	unverified
D90-4-07530-v1	كۈنلەردىن بىركۈنى	variant	711_2L.png	unverified
D90-4-07531	كۈن نەيزە بويى ئۆرلىگەندە	headword	711_2L.png	unverified
D90-4-07532	كۈن نۇرلۇق لامپا	headword	711_2L.png	unverified
D90-4-07533	كۈن نۇرى	headword	712_1R.png	unverified
D90-4-07534	كۈن نۇرى چۈشۈش	headword	712_1R.png	unverified
D90-4-07535	كۈن نۇرى ئۆلچىگۈچ	headword	712_1R.png	unverified
D90-4-07536	كۈننىڭ تولۇق تۇتۇلۇشى	headword	712_1R.png	unverified
D90-4-07537	كۈننىڭ چالا تۇتۇلۇشى	headword	712_1R.png	unverified
D90-4-07538	كۈننىڭ سېرىقىنى كۆرمەك	headword	712_2L.png	unverified
D90-4-07539	كۈننىڭ ھالقىسىمان تۇتۇلۇشى	headword	712_2L.png	unverified
D90-4-07540	كۈن ئۇزۇن	headword	712_2L.png	unverified
D90-4-07541	كۈن ئۇ ياققا، پۇل بۇ ياققا	headword	712_2L.png	unverified
D90-4-07542	كۈن ئۇ ياققا، گۈڭ بۇ ياققا	headword	712_2L.png	unverified
D90-4-07543	كۈن ئۆتكۈزمەك	headword	712_2L.png	unverified
D90-4-07544	كۈنى تەس	headword	712_2L.png	unverified
D90-4-07545	كۈنى توشماق	headword	713_1R.png	unverified
D90-4-07546	كۈنى تۇغۇلماق	headword	713_1R.png	unverified
D90-4-07547	كۈنى تۈگىمەك	headword	713_1R.png	unverified
D90-4-07548	كۈنىنى كۈن ئەتمەك	headword	713_1R.png	unverified
D90-4-07549	كۈنى ئېغىر	headword	713_1R.png	unverified
D90-4-07550	كۈنى ياخشى	headword	713_1R.png	unverified
D90-4-07552	كۈنەكىمەلك	headword	713_2L.png	unverified
D90-4-07553	كۈنپېتىش	headword	713_2L.png	unverified
D90-4-07554	كۈنتەرتىپ	headword	713_2L.png	unverified
D90-4-07555	كۈن-تۈن	headword	713_2L.png	unverified
D90-4-07556	كۈنجۈت	headword	713_2L.png	unverified
D90-4-07557	كۈيلىمەك	headword	718_1R.png	unverified
D90-4-07559	كۈيمەسلىك	headword	718_1R.png	unverified
D90-4-07560	كۈيمۈنۈش	headword	718_1R.png	unverified
D90-4-07561	كۈيئوغۇل	headword	718_1R.png	unverified
D90-4-07562	كۈيئوغۇللۇق	headword	718_1R.png	unverified
D90-4-07563	كۈيۆ	headword	718_1R.png	unverified
D90-4-07564	كۈيۆلۈك	headword	718_1R.png	unverified
D90-4-07565	كۈيۈشمەك	headword	718_1R.png	unverified
D90-4-07566	كۆيۈندە	headword	718_2L.png	unverified
D90-4-07567	كۆيىباش	headword	718_2L.png	unverified
D90-4-07568	كۋاچا	headword	718_2L.png	unverified
D90-4-07569	كۋادرات	headword	718_2L.png	unverified
D90-4-07573	كۋادراتلىق	headword	719_1R.png	unverified
D90-4-07575	كۋارتس	headword	719_1R.png	unverified
D90-4-07578	كۋارتسلىق	headword	719_2L.png	unverified
D90-4-07582	كۋارك	headword	719_2L.png	unverified
D90-4-07583	كۋانت	headword	719_2L.png	unverified
D90-4-07584	كۋانت مېخانىكىسى	headword	720_1R.png	unverified
D90-4-07585	كېپەك	headword	720_1R.png	unverified
D90-4-07586	كېپەك ئالتۇن	headword	720_1R.png	unverified
D90-4-07587	كېپەكسىمان	headword	720_1R.png	verified
D90-4-07589	كېپەكلەشتۈرمەك	headword	720_1R.png	verified
D90-4-07590	كېپەكلەشمەك	headword	720_1R.png	verified
D90-4-07591	كېپەكلىك	headword	720_2L.png	unverified
D90-4-07592	كېپەن	headword	720_2L.png	unverified
D90-4-07593	كېپەن پىچماق	headword	720_2L.png	unverified
D90-4-07594	كېپەنگە ئالماق	headword	720_2L.png	unverified
D90-4-07595	كېپەن ئوغرىسى	headword	720_2L.png	unverified
D90-4-07596	كېپەنسىز	headword	721_1R.png	unverified
D90-4-07597	كېپەنلەشمەك	headword	721_1R.png	unverified
D90-4-07598	كېپەنلەنمەك	headword	721_1R.png	unverified
D90-4-07599	كېپەنلىك	headword	721_1R.png	unverified
D90-4-07600	كېپەنلىككە ئالماق	headword	721_2L.png	unverified
D90-4-07601	كېپەنلىمەك	headword	721_2L.png	unverified
D90-4-07602	كېپىش	headword	721_2L.png	unverified
D90-4-07603	كېپىل	headword	721_2L.png	verified
D90-4-07605	كېپىللىك	headword	722_1R.png	unverified
D90-4-07606	كېپىللىك قىلماق	headword	722_1R.png	unverified
D90-4-07607	كېپىللىككە ئالماق	headword	722_1R.png	unverified
D90-4-07608	كېپىللىككە بەرمەك	headword	722_1R.png	unverified
D90-4-07609	كېپىلەك	nonstandard	722_1R.png	unverified
D90-4-07611	كېپىنەك	headword	722_2L.png	unverified
D90-4-07610	كېپىلىماق	headword	722_1R.png	unverified
D90-4-07612	كېپىنەك سۆڭەك	headword	722_2L.png	unverified
D90-4-07613	كېپىنەك كېسىلى	headword	722_2L.png	unverified
D90-4-07614	كېپىنەكچىلەپ	headword	722_2L.png	unverified
D90-4-07615	كېپىنەكچىلەپ ئۈزۈش	headword	722_2L.png	unverified
D90-4-07616	كېپىنەكسىمان	headword	723_1R.png	unverified
D90-4-07618	كېپىنە كگۈل	headword	723_1R.png	unverified
D90-4-07619	كېپتەرلىك	headword	723_1R.png	unverified
D90-4-07620	كېتسال	headword	723_2L.png	unverified
D90-4-07621	كېتىشمەك	headword	723_2L.png	unverified
D90-4-07622	كېتىلمەك	headword	723_2L.png	unverified
D90-4-07623	كېچە	headword	723_2L.png	unverified
D90-4-07624	كېچە دېمەي كۈندۈز دېمەي	headword	723_2L.png	unverified
D90-4-07624-v1	كېچىنى كېچە، كۈندۈزنى كۈندۈز دېمەي	variant	723_2L.png	unverified
D90-4-07625	كېچىنى كۈندۈزگە، كۈندۈزنى كېچىگە ئۇلاپ	headword	723_2L.png	unverified
D90-4-07626	كېچىنى كۈندۈزگە ئۇلاپ	headword	723_2L.png	unverified
D90-4-07627	كېچەيۇ كۈندۈز	headword	724_1R.png	unverified
D90-4-07628	كېچە-كۈندۈز	headword	724_1R.png	unverified
D90-4-07629	كېچە-كۈندۈز دېمەي	headword	724_1R.png	unverified
D90-4-07630	كېچە-كۈندۈزلەپ	headword	724_1R.png	unverified
D90-4-07631	كېچە-كېچىلەپ	headword	724_1R.png	unverified
D90-4-07632	كېچىچە	headword	724_2L.png	unverified
D90-4-07633	كېچىرىم	nonstandard	724_2L.png	unverified
D90-4-07634	كېچىسىز	headword	724_2L.png	unverified
D90-4-07635	كېچىشمەك	headword	724_2L.png	unverified
D90-4-07636	كېچىك	headword	724_2L.png	unverified
D90-4-07638	كېچىكتۈرمەك	headword	725_1R.png	unverified
D90-4-07639	كېچىكتۈرۈلمەك	headword	725_1R.png	unverified
D90-4-07640	كېچىكمەك	headword	725_1R.png	unverified
D90-4-07641	كېچىكمەي	headword	725_1R.png	unverified
D90-4-07642	كېچىكشمەك	headword	725_1R.png	unverified
D90-4-07643	كېچىلەپ	headword	725_2L.png	unverified
D90-4-07644	كېچىلىك	headword	725_2L.png	unverified
D90-4-07647	كېچىلىمەك	headword	725_2L.png	unverified
D90-4-07648	كېدىر	headword	726_1R.png	unverified
D90-4-07650	كېراتوفېرا	headword	726_1R.png	unverified
D90-4-07651	كېرەجىمەك	headword	726_1R.png	unverified
D90-4-07652	كېرەك	headword	726_1R.png	unverified
D90-4-07653	كېرەك بولماق	headword	726_2L.png	unverified
D90-4-07654	كېرەكتىن چىقماق	headword	726_2L.png	unverified
D90-4-07654-v1	كاردىن چىقماق	variant	726_2L.png	unverified
D90-4-07655	كېرەك قىلماق	headword	727_1R.png	unverified
D90-4-07656	كېرەككە كەلمەك	headword	727_1R.png	unverified
D90-4-07657	كېرەك يوق	headword	727_1R.png	unverified
D90-4-07658	كېرىكى بار	headword	727_1R.png	unverified
D90-4-07659	كېرىكى يوق	headword	727_1R.png	verified
D90-4-07660	كېرەكسىز	headword	727_2L.png	unverified
D90-4-07661	كېرەكلىك	headword	727_2L.png	unverified
D90-4-07662	كېرەك-ياراق	headword	728_1R.png	unverified
D90-4-07663	كېرىس	nonstandard	728_1R.png	unverified
D90-4-07663-c1	كرېىت	corrected_form	728_1R.png	unverified
D90-4-07664	كېرىشمەك	headword	728_1R.png	unverified
D90-4-07665	كېرىگە	headword	728_1R.png	unverified
D90-4-07666	كېرىگە ت	headword	728_1R.png	unverified
D90-4-07666-v1	دىئافراگما	variant	728_1R.png	unverified
D90-4-07667	كېرىگە ت چۇقۇقى	headword	728_1R.png	unverified
D90-4-07668	كېرىگە ت گىرىزى	headword	728_1R.png	unverified
D90-4-07669	كېرىلدۈرمەك	headword	728_1R.png	unverified
D90-4-07670	كېرىلدۈرۈلمەك	headword	728_1R.png	unverified
D90-4-07671	كېرىلمەك	headword	728_2L.png	unverified
D90-4-07672	كېرىلىش	headword	728_2L.png	unverified
D90-4-07674	كېرىلىشمەك	headword	728_2L.png	unverified
D90-4-07675	كېرىمدانە	headword	728_2L.png	unverified
D90-4-07676	كېزەك	headword	728_2L.png	unverified
D90-4-07678	كېزەك تۇتماق	headword	729_1R.png	unverified
D90-4-07679	كېزەكلىك	headword	729_1R.png	unverified
D90-4-07680	كېزو	headword	729_1R.png	unverified
D90-4-07681	كېزىك	headword	729_1R.png	unverified
D90-4-07682	كېزىكلىمەك	headword	729_1R.png	unverified
D90-4-07683	كېزىكمەك	headword	729_1R.png	unverified
D90-4-07684	كېزىلمەك	headword	729_1R.png	unverified
D90-4-07685	كېسەك	headword	729_2L.png	unverified
D90-4-07686	كېسەكچى	headword	729_2L.png	unverified
D90-4-07687	كېسەكچىلىك	headword	729_2L.png	unverified
D90-4-07688	كېسەل	headword	729_2L.png	unverified
D90-4-07689	كېسەل بولماق	headword	730_1R.png	unverified
D90-4-07690	كېسەل پەيدا بولۇش	headword	730_1R.png	unverified
D90-4-07691	كېسەل پەيدا بولۇش نىسبىتى	headword	730_1R.png	unverified
D90-4-07692	كېسەل پەيدا قىلمايدىغان باكتېرىيىلەر	headword	730_2L.png	unverified
D90-4-07693	كېسەل تۈپ	headword	730_2L.png	unverified
D90-4-07694	كېسەل تېپىشقا تەپىمەك	headword	730_2L.png	unverified
D90-4-07695	كېسەل چاقماق	headword	730_2L.png	unverified
D90-4-07696	كېسەل دان	headword	730_2L.png	unverified
D90-4-07697	كېسەل قوزغاتقۇچى تەنچە	headword	730_2L.png	unverified
D90-4-07698	كېسەل قوزغاتقۇچى مىكروب	headword	731_1R.png	unverified
D90-4-07699	كېسەل قىلغۇچى باكتېرىيە	headword	731_1R.png	unverified
D90-4-07706	كېسەل مىكروبى	headword	731_1R.png	unverified
D90-4-07700	كېسەل قىلمايدىغان باكتېرىيە	headword	731_1R.png	unverified
D90-4-07701	كېسەل كارۋىتى	headword	731_1R.png	unverified
D90-4-07702	كېسەل كۆرپىسى	headword	731_1R.png	unverified
D90-4-07703	كېسەلگە چىداملىق سورت	headword	731_1R.png	unverified
D90-4-07704	كېسەللەر بۆلۈمى	headword	731_1R.png	unverified
D90-4-07714	كېسەلخانا	headword	731_2L.png	unverified
D90-4-07705	كېسەل مىسالى	headword	731_1R.png	unverified
D90-4-07707	كېسەل ھالەت	headword	731_2L.png	unverified
D90-4-07708	كېسەل ئوچىقى	headword	731_2L.png	unverified
D90-4-07709	كېسەل ئۇرۇق	headword	731_2L.png	unverified
D90-4-07709-v1	كېسەلدان	variant	731_2L.png	unverified
D90-4-07710	كېسەلى پىشماق	headword	731_2L.png	unverified
D90-4-07711	كېسەلى يانچۇقىدا	headword	731_2L.png	unverified
D90-4-07712	كېسەلچان	headword	731_2L.png	unverified
D90-4-07713	كېسەلچانلىق	headword	731_2L.png	unverified
D90-4-07715	كېسەللەندۈرمەك	headword	732_1R.png	unverified
D90-4-07716	كېسەللەنمەك	headword	732_1R.png	unverified
D90-4-07717	كېسەللىك	headword	732_1R.png	unverified
D90-4-07721	كېسەللىك سەۋەبى	headword	732_2L.png	unverified
D90-4-07722	كېسەللىك قانۇنىيىتى	headword	732_2L.png	unverified
D90-4-07723	كېسەلمەن	headword	732_2L.png	unverified
D90-4-07724	كېسەلمەنلىك	headword	732_2L.png	unverified
D90-4-07725	كېسىپ	headword	732_2L.png	unverified
D90-4-07726	كېسىش	headword	732_2L.png	unverified
D90-4-07728	كېسىشىش	headword	733_1R.png	unverified
D90-4-07731	كېسىشمەك	headword	733_1R.png	unverified
D90-4-07732	كېسىك	headword	733_1R.png	unverified
D90-4-07734	كېسىك شار	headword	733_2L.png	unverified
D90-4-07735	كېسىك كونۈس	headword	733_2L.png	unverified
D90-4-07736	كېسىك يۈز	headword	733_2L.png	unverified
D90-4-07737	كېسىلمەك	headword	733_2L.png	unverified
D90-4-07738	كېسىلىش	headword	733_2L.png	unverified
D90-4-07739	كېسىم	headword	733_2L.png	unverified
D90-4-07740	كېسىم سۆز	headword	734_1R.png	unverified
D90-4-07740-v1	ھۆكۈم	variant	734_1R.png	unverified
D90-4-07741	كېسىم قەغىزى	headword	734_1R.png	unverified
D90-4-07741-v1	ھۆكۈمنامە	variant	734_1R.png	unverified
D90-4-07742	كېسىم قىلماق	headword	734_1R.png	unverified
D90-4-07743	كېسىمچى	headword	734_1R.png	unverified
D90-4-07744	كېسىمچىلىك	headword	734_1R.png	unverified
D90-4-07745	كېشەك	headword	734_1R.png	unverified
D90-4-07746	كېشەك كران	headword	734_1R.png	unverified
D90-4-07747	كېشەكسىمان	headword	734_1R.png	unverified
D90-4-07748	كېشەكسىمان رەندىلىگۈچى ستانوك	headword	734_1R.png	unverified
D90-4-07749	كېشەكسىمان شىلىش ستانوكى	headword	734_2L.png	unverified
D90-4-07750	كېكەچ	headword	734_2L.png	unverified
D90-4-07751	كېكەچلىك	headword	735_1R.png	unverified
D90-4-07752	كېكەچلىمەك	headword	735_1R.png	unverified
D90-4-07753	كېككەيمەك	headword	735_1R.png	unverified
D90-4-07754	كېكىتمە	headword	735_1R.png	unverified
D90-4-07755	كېكىردەك	headword	735_1R.png	unverified
D90-4-07758	كېكىردەك قىرماق	headword	735_2L.png	unverified
D90-4-07759	كېكىردەك كۆمۈرچىكى	headword	735_2L.png	unverified
D90-4-07760	كېكىردىكىدىن ئالماق	headword	735_2L.png	unverified
D90-4-07761	كېكىردىكىدىن تاماق ئۆتمەسلىك	headword	735_2L.png	unverified
D90-4-07762	كېكىردىكىگىچە تويماق	headword	735_2L.png	unverified
D90-4-07763	كېكىردىكىنى مايلىماق	headword	735_2L.png	unverified
D90-4-08377	گېلىنى مايلىماق	headword	791_1R.png	unverified
D90-4-07764	كېكىردىكىنى ياغىماق	headword	736_1R.png	unverified
D90-4-07765	كېكىردىكى يىرتىلغۇچە	headword	736_1R.png	unverified
D90-4-07766	كېكىرتمەك	headword	736_1R.png	unverified
D90-4-07767	كېكىرمەك	headword	736_1R.png	unverified
D90-4-07768	كېكىرىپ كەتمەك	headword	736_1R.png	unverified
D90-4-07769	كېكىرىشمەك	headword	736_2L.png	unverified
D90-4-07770	كېكىرىك	headword	736_2L.png	unverified
D90-4-07771	كېڭەش	headword	736_2L.png	unverified
D90-4-07772	كېڭەش ئەزاسى	headword	737_1R.png	unverified
D90-4-07773	كېڭەش پالاتاسى	headword	737_1R.png	unverified
D90-4-07774	كېڭەشچى	headword	737_1R.png	unverified
D90-4-07775	كېڭەشسىز	headword	737_1R.png	unverified
D90-4-07776	كېڭەشلىك	headword	737_1R.png	unverified
D90-4-07777	كېڭەشمە	headword	737_1R.png	unverified
D90-4-07778	كېڭەشمە سوت	headword	737_2L.png	unverified
D90-4-07779	كېڭەشمە سودا	headword	737_2L.png	unverified
D90-4-07780	كېڭەشمەك	headword	737_2L.png	unverified
D90-4-07781	كېڭەيتىمەك	headword	737_2L.png	unverified
D90-4-07782	كېڭەيتىشمەك	headword	738_1R.png	unverified
D90-4-07783	كېڭەيتىلگەن	headword	738_1R.png	unverified
D90-4-07787	كېڭەيتىلمەك	headword	738_1R.png	unverified
D90-4-07788	كېڭەيمەك	headword	738_1R.png	unverified
D90-4-07789	كېڭەيمىچى	headword	738_2L.png	unverified
D90-4-07790	كېڭەيمىچىلىك	headword	738_2L.png	unverified
D90-4-07791	كېڭىشىپ	headword	738_2L.png	unverified
D90-4-07793	كېڭىشىش	headword	738_2L.png	unverified
D90-4-07795	كېڭىيىش	headword	739_1R.png	unverified
D90-4-07797	كېلەپ	headword	739_1R.png	unverified
D90-4-07798	كېلەچەك	headword	739_1R.png	unverified
D90-4-07799	كېلەچەكشۇناس	headword	739_2L.png	unverified
D90-4-07800	كېلەچەكشۇناسلىق	headword	739_2L.png	unverified
D90-4-07801	كېلەچ	headword	739_2L.png	unverified
D90-4-07803	كېلەركى	headword	740_1R.png	unverified
D90-4-07804	كېلەڭسىز	headword	740_1R.png	unverified
D90-4-07805	كېلەڭسىزلەشمەك	headword	740_1R.png	unverified
D90-4-07806	كېلەڭسىزلىك	headword	740_1R.png	unverified
D90-4-07807	كېلۋىن	headword	740_1R.png	unverified
D90-4-07808	كېلۋىن تېمپېراتۇرا شكالىسى	headword	740_2L.png	unverified
D90-4-07809	كېلىش	headword	740_2L.png	unverified
D90-4-07810	كېلىشەڭگۈ	headword	740_2L.png	unverified
D90-4-07811	كېلىشەلمەسلىك	headword	741_1R.png	unverified
D90-4-07812	كېلىشتۈرگۈچى	headword	741_1R.png	unverified
D90-4-07813	كېلىشتۈرمەك	headword	741_1R.png	unverified
D90-4-07814	كېلىشتۈرمىچىلىك	headword	741_1R.png	unverified
D90-4-07815	كېلىشتۈرۈلمەك	headword	741_1R.png	unverified
D90-4-07816	كېلىشكەن	headword	741_2L.png	unverified
D90-4-07817	كېلىشمەسلىك	headword	741_2L.png	unverified
D90-4-07818	كېلىشمەك	headword	741_2L.png	unverified
D90-4-07819	كېلىشىپ	headword	742_1R.png	unverified
D90-4-07820	كېلىشىپ سېتىۋېلىش	headword	742_1R.png	unverified
D90-4-07821	كېلىشىم	headword	742_1R.png	unverified
D90-4-07822	كېلىشىم باھا	headword	742_1R.png	unverified
D90-4-07823	كېلىشىملىك	headword	742_1R.png	unverified
D90-4-07824	كېلىشىمنامە	headword	742_1R.png	unverified
D90-4-07825	كېلىم-كېتىم	headword	742_2L.png	unverified
D90-4-07826	كېلىن	headword	742_2L.png	unverified
D90-4-07827	كېلىن چۈشۈرمەك	headword	742_2L.png	unverified
D90-4-07828	كېلىن كۆرمەك	headword	742_2L.png	unverified
D90-4-07829	كېلىنلىك	headword	742_2L.png	unverified
D90-4-07830	كېلىنمەك	headword	742_2L.png	unverified
D90-4-07830-v1	كېلىنمەك دەرىجىسى	variant	742_2L.png	unverified
D90-4-07831	كېمە	headword	743_1R.png	unverified
D90-4-07832	كېمە ئۆتەڭلى	headword	743_1R.png	unverified
D90-4-07833	كېمە يەتكۈچى	headword	743_1R.png	unverified
D90-4-07834	كېمە يەتمەك	headword	743_1R.png	unverified
D90-4-07837	كېمە يۈگۈچى	headword	743_1R.png	unverified
D90-4-07838	كېمەيمەك	headword	743_2L.png	unverified
D90-4-07839	كېمبرىي	headword	743_2L.png	unverified
D90-4-07840	كېمبرىي دەۋرى	headword	743_2L.png	unverified
D90-4-07841	كېمبرىي سىستېمىسى	headword	743_2L.png	unverified
D90-4-07842	كېمىچى	headword	743_2L.png	unverified
D90-4-07843	كېمىچىلىك	headword	743_2L.png	unverified
D90-4-07844	كېمىر	headword	744_1R.png	unverified
D90-4-07847	كېمىرلەنمەك	headword	744_1R.png	unverified
D90-4-07848	كېمىرمەك	headword	744_1R.png	unverified
D90-4-07849	كېمىساز	headword	744_1R.png	unverified
D90-4-07850	كېمىسازلىق	headword	744_1R.png	unverified
D90-4-07851	كېمىمەك	headword	744_1R.png	unverified
D90-4-07852	كېمىشچان	headword	744_1R.png	unverified
D90-4-07853	كېنگۇرۇ	headword	744_2L.png	unverified
D90-4-07854	كېنىزەك	headword	744_2L.png	unverified
D90-4-07855	كېۋەز	headword	744_2L.png	unverified
D90-4-07857	كېۋەز پىتى	headword	745_1R.png	unverified
D90-4-07858	كېۋەز قىزىل ئۆمۈچۈكى	headword	745_1R.png	unverified
D90-4-07859	كېۋەزلىك	headword	745_1R.png	unverified
D90-4-07860	كېيىك	headword	745_1R.png	unverified
D90-4-07861	كېيىكلىك	headword	745_1R.png	unverified
D90-4-07862	كېيىكئوت	headword	745_1R.png	unverified
D90-4-07862-v1	سۆزە	variant	745_1R.png	unverified
D90-4-07863	كېيىن	headword	745_1R.png	unverified
D90-4-07864	كېيىن قالماق	headword	745_2L.png	unverified
D90-4-07865	كېيىن كۆرەرمىز	headword	745_2L.png	unverified
D90-4-07866	كېيىنچە	headword	745_2L.png	unverified
D90-4-07867	كېيىنكى	headword	746_1R.png	unverified
D90-4-07870	كېيىنلىك	headword	746_1R.png	unverified
D90-4-07871	كى	headword	746_1R.png	unverified
D90-4-07872	كىئانىت	headword	746_2L.png	unverified
D90-4-07872-v1	زەڭگەر شات	variant	746_2L.png	unverified
D90-4-07873	كىبېرنېتىكا	headword	746_2L.png	unverified
D90-4-07874	كىبىر	headword	746_2L.png	unverified
D90-4-07875	كىبرى چوڭ	headword	747_1R.png	unverified
D90-4-07876	كىبرى ئۈستۈن	headword	747_1R.png	unverified
D90-4-07877-v1	كەپە II	variant	747_1R.png	unverified
D90-4-07878	كىبىرسىز	headword	747_1R.png	unverified
D90-4-07879	كىبىرلەنمەك	headword	747_1R.png	unverified
D90-4-07880	كىبىرلىك	headword	747_2L.png	unverified
D90-4-07881	كىپ	headword	747_2L.png	unverified
D90-4-07882	كىپارىس	headword	747_2L.png	unverified
D90-4-07882-v1	كىپارىس دەرىخى	variant	747_2L.png	unverified
D90-4-07884	كىپت	headword	747_2L.png	unverified
D90-4-07887	كىت	headword	748_1R.png	unverified
D90-4-07889	كىتا	headword	748_1R.png	unverified
D90-4-07890	كىتا بېلىقى	headword	748_1R.png	unverified
D90-4-07891	كىتاب	headword	748_1R.png	unverified
D90-4-07892	كىتاب بوتكىسى	headword	748_2L.png	unverified
D90-4-07893	كىتاب جاۋىنى	headword	748_2L.png	unverified
D90-4-07894	كىتاب خالتىسى	headword	748_2L.png	unverified
D90-4-07895	كىتاب شەكىللىك ساقاق	headword	748_2L.png	unverified
D90-4-07896	كىتابباز	headword	748_2L.png	unverified
D90-4-07897	كىتاببازلىق	headword	748_2L.png	unverified
D90-4-07898	كىتاببەرەس	headword	748_2L.png	unverified
D90-4-07899	كىتاپپەرەسلىك	headword	749_1R.png	unverified
D90-4-07900	كىتابپۇرۇش	headword	749_1R.png	unverified
D90-4-07901	كىتابپۇرۇشلۇق	headword	749_1R.png	unverified
D90-4-07902	كىتابچە	headword	749_1R.png	unverified
D90-4-07903	كىتابخان	headword	749_1R.png	unverified
D90-4-07904	كىتابخانا	headword	749_1R.png	unverified
D90-4-07905	كىتابخانلىق	headword	749_2L.png	unverified
D90-4-07907	كىتابخۇمار	headword	749_2L.png	unverified
D90-4-07908	كىتابخۇمارلىق	headword	749_2L.png	unverified
D90-4-07909	كىتابۇللا	headword	749_2L.png	verified
D90-4-07910	كىتابى	headword	749_2L.png	unverified
D90-4-07911	كىتە	headword	750_1R.png	unverified
D90-4-07911-v1	ياغلىق ئۈچەي	variant	750_1R.png	unverified
D90-4-07912	كىتە-مىتە	headword	750_1R.png	verified
D90-4-07913	كىتسىمان	headword	750_1R.png	unverified
D90-4-07915	كىت-كىت	headword	750_2L.png	unverified
D90-4-07916	كىتىر	headword	750_2L.png	unverified
D90-4-07917	كىتىر-كىتىر	headword	750_2L.png	unverified
D90-4-07918	كىتىرلاتماق	headword	750_2L.png	unverified
D90-4-07919	كىتىرلاشماق	headword	750_2L.png	unverified
D90-4-07920	كىتىرلىتىشماق	headword	750_2L.png	unverified
D90-4-07921	كىتىرلىماق	headword	750_2L.png	unverified
D90-4-07922	كىچىك	headword	751_1R.png	unverified
D90-4-07923	كىچىك ئاپا	headword	751_2L.png	unverified
D90-4-07931	كىچىك ئانا	headword	751_2L.png	unverified
D90-4-07924	كىچىك ئاتا	headword	751_2L.png	unverified
D90-4-07950	كىچىك دادا	headword	753_1R.png	unverified
D90-4-07925	كىچىك ئاتالغۇ	headword	751_2L.png	unverified
D90-4-07926	كىچىك ئاچا	headword	751_2L.png	unverified
D90-4-07927	كىچىك ئاغ	headword	751_2L.png	unverified
D90-4-07928	كىچىك ئاق قۇ	headword	751_2L.png	unverified
D90-4-07929	كىچىك ئاكا	headword	751_2L.png	unverified
D90-4-07930	كىچىك ئالدىنقى شەرت	headword	751_2L.png	unverified
D90-4-07932	كىچىك ئاي	headword	752_1R.png	unverified
D90-4-07933	كىچىك ئەترەت	headword	752_1R.png	unverified
D90-4-07934	كىچىك باشاق	headword	752_1R.png	unverified
D90-4-07935	كىچىك بەھەڭ	headword	752_1R.png	unverified
D90-4-07936	كىچىك بوۋا	headword	752_1R.png	unverified
D90-4-07937	كىچىك بېلىقچى قۇشلار	headword	752_1R.png	unverified
D90-4-07938	كىچىك پېئىل	headword	752_1R.png	unverified
D90-4-07939	كىچىك پېئىللىق	headword	752_2L.png	unverified
D90-4-07940	كىچىك تەرەت	headword	752_2L.png	unverified
D90-4-07941	كىچىك تەيجى	headword	752_2L.png	unverified
D90-4-07942	كىچىك تىل	headword	752_2L.png	unverified
D90-4-07943	كىچىك تىلى چىقماق	headword	752_2L.png	unverified
D90-4-07944	كىچىك تىلىنى بىلىمەك	headword	752_2L.png	unverified
D90-4-07945	كىچىك تىلى ئۇزارماق	headword	752_2L.png	unverified
D90-4-07946	كىچىك جاغ	headword	753_1R.png	unverified
D90-4-07947	كىچىك چوڭ دادا	headword	753_1R.png	unverified
D90-4-07948	كىچىك خوتۇن	headword	753_1R.png	unverified
D90-4-07949	كىچىك خوخا	headword	753_1R.png	unverified
D90-4-07951	كىچىك دۇپ دەرىخى	headword	753_1R.png	unverified
D90-4-07952	كىچىك دوغداق	headword	753_2L.png	unverified
D90-4-07953	كىچىك زەنجىۋىل	headword	753_2L.png	unverified
D90-4-07954	كىچىك سەمەندەر	headword	753_2L.png	unverified
D90-4-07955	كىچىك سەيياراتلار	headword	753_2L.png	unverified
D90-4-07956	كىچىك سېرىق قۇشقاچ	headword	753_2L.png	unverified
D90-4-07957	كىچىك شارسىمان يۈسۈن	headword	753_2L.png	unverified
D90-4-07958	كىچىك شەمشاد	headword	754_1R.png	unverified
D90-4-07958-v1	مېتاساكوۋىيە دەرىخى	variant	754_1R.png	unverified
D90-4-07959	كىچىك قان ئايلىنىش	headword	754_1R.png	unverified
D90-4-07959-v1	ئۆپكە قان ئايلىنىشى	variant	754_1R.png	unverified
D90-4-07960	كىچىك قىزىل بېلىق	headword	754_1R.png	unverified
D90-4-07961	كىچىك كاككۇك	headword	754_1R.png	unverified
D90-4-07962	كىچىك گامېتا خالتىسى	headword	754_2L.png	unverified
D90-4-07963	كىچىك گامېتىلىق كۆپىيىش	headword	754_2L.png	unverified
D90-4-07964	كىچىك موما	headword	754_2L.png	unverified
D90-4-07965	كىچىك مۈشۈك ئېيىق	headword	754_2L.png	unverified
D90-4-07966	كىچىك مېڭە	headword	754_2L.png	unverified
D90-4-07967	كىچىك مېۋىلىك ئەنجۈر دەرىخى	headword	754_2L.png	unverified
D90-4-07968	كىچىك ھەرپلىك گۇرۇپپا	headword	755_1R.png	unverified
D90-4-07969	كىچىك ھېكايە	headword	755_1R.png	unverified
D90-4-07970	كىچىك ئۇرۇقلۇق قارىغاي	headword	755_1R.png	unverified
D90-4-07971	كىچىك ئۆي چاشقىنى	headword	755_1R.png	unverified
D90-4-07972	كىچىك ئېيىق يۇلتۇز تۈركۈمى	headword	755_2L.png	unverified
D90-4-07973	كىچىك ئىت يۇلتۇز تۈركۈمى	headword	755_2L.png	unverified
D90-4-07974	كىچىك يادرو	headword	755_2L.png	unverified
D90-4-07975	كىچىك ياي	headword	755_2L.png	unverified
D90-4-07976	كىچىك يەڭ	headword	755_2L.png	unverified
D90-4-07977	كىچىك يوپۇرماق	headword	755_2L.png	unverified
D90-4-07978	كىچىك يوپۇرماقلىق ئەرمىدۇن	headword	756_1R.png	unverified
D90-4-07979	كىچىك يوپۇرماقلىق بۇكسۇس دەرىخى	headword	756_1R.png	unverified
D90-4-07980	كىچىك يوپۇرماقلىق تېرەك	headword	756_1R.png	unverified
D90-4-07981	كىچىك يوپۇرماقلىق قارىياغاچ	headword	756_1R.png	unverified
D90-4-07982	كىچىك يېزىلىشى	headword	756_2L.png	unverified
D90-4-07983	كىچىك يېكەن توخۇسى	headword	756_2L.png	unverified
D90-4-07984	كىچىككىنە	headword	756_2L.png	unverified
D90-4-07985	كىچىكلەتكۈزمەك	headword	756_2L.png	unverified
D90-4-07986	كىچىكلەتكۈزۈلمەك	headword	756_2L.png	unverified
D90-4-07987	كىچىكلەتمەك	headword	757_1R.png	unverified
D90-4-07988	كىچىكلىمەك	headword	757_1R.png	unverified
D90-4-07989	كىچىكلىتىلمەك	headword	757_1R.png	unverified
D90-4-07990	كىچىكلىك	headword	757_1R.png	unverified
D90-4-07991	كىچىكلىك بەلگىسى	headword	757_1R.png	unverified
D90-4-07992	كىچىكلىك قىلماق	headword	757_1R.png	unverified
D90-4-07994	كىدان	headword	757_2L.png	unverified
D90-4-07994-v1	قتان	variant	757_2L.png	unverified
D90-4-07995	كىر	headword	757_2L.png	unverified
D90-4-07996	كىر بولماق	headword	758_1R.png	unverified
D90-4-07997	كىر سوپۇن	headword	758_1R.png	unverified
D90-4-07998	كىر قىلماق	headword	758_1R.png	unverified
D90-4-07999	كىر كۆتۈرۈشلۈك	headword	758_1R.png	unverified
D90-4-08000	كىرا	headword	758_2L.png	unverified
D90-4-08001	كىرا قىلماق	headword	758_2L.png	unverified
D90-4-08002	كىراكەش	headword	759_1R.png	unverified
D90-4-08003	كىراكەشلىك	headword	759_1R.png	unverified
D90-4-08004	كىرام	headword	759_1R.png	unverified
D90-4-08005	كىران	nonstandard	759_1R.png	unverified
D90-4-08006	كىراي	headword	759_1R.png	unverified
D90-4-08007	كىرئالغۇ	headword	759_1R.png	unverified
D90-4-08008	كىرەش	headword	759_2L.png	unverified
D90-4-08009	كىرپە	headword	759_2L.png	unverified
D90-4-08010	كىرپىباش	headword	759_2L.png	unverified
D90-4-08011	كىرپىك	headword	759_2L.png	unverified
D90-4-08014	كىرپىك مۇسكۇلى	headword	760_1R.png	unverified
D90-4-08015	كىرپىك ئىلىنماق	headword	760_1R.png	unverified
D90-4-08016	كىرپىكنى قۇم باسماق	headword	760_1R.png	unverified
D90-4-08016-v1	قۇم باسماق	variant	760_1R.png	unverified
D90-4-08017	كىرپىك يۇمماق	headword	760_1R.png	unverified
D90-4-08018	كىرپىكچە	headword	760_1R.png	unverified
D90-4-08019	كىرپىكسىز	headword	760_1R.png	unverified
D90-4-08020	كىرپىكسىمان	headword	760_1R.png	unverified
D90-4-08021	كىرپىكلىك	headword	760_2L.png	unverified
D90-4-08022	كىرت	headword	760_2L.png	unverified
D90-4-08023	كىرتەيمەك	headword	760_2L.png	unverified
D90-4-08024	كىرتتىدە	headword	760_2L.png	unverified
D90-4-08025	كىرت-كىرت	headword	760_2L.png	unverified
D90-4-08026	كىرتمەك	headword	761_1R.png	unverified
D90-4-08027	كىرتىك	headword	761_1R.png	unverified
D90-4-08029	كىرتىلداتماق	headword	761_1R.png	unverified
D90-4-08030	كىرتىلدىماق	headword	761_1R.png	unverified
D90-4-08031	كىرچى	headword	761_1R.png	unverified
D90-4-08032	كىرچىلىك	headword	761_1R.png	unverified
D90-4-08033	كىرخانا	headword	761_1R.png	unverified
D90-4-08034	كەردى-چىقتى	headword	761_2L.png	unverified
D90-4-08035	كىرسىز	headword	761_2L.png	unverified
D90-4-08036	كىرسىن	headword	761_2L.png	verified
D90-4-08039	كىر-قات	headword	762_1R.png	unverified
D90-4-08040	كىرگۈل	headword	762_1R.png	unverified
D90-4-08041	كىرگۈزمەك	headword	762_1R.png	unverified
D90-4-08042	كىرگۈزۈشمەك	headword	762_1R.png	unverified
D90-4-08043	كىرگۈزۈلگەن	headword	762_1R.png	unverified
D90-4-08045	كىرگۈزۈلمەك	headword	762_1R.png	unverified
D90-4-08046	كىرلىشتۈرمەك	headword	762_1R.png	unverified
D90-4-08047	كىرلەشمەك	headword	762_2L.png	unverified
D90-4-08048	كىرلىشەڭگۈ	headword	762_2L.png	unverified
D90-4-08049	كىرلىك	headword	762_2L.png	unverified
D90-4-08050	كىرلىكلىك	headword	762_2L.png	unverified
D90-4-08051	كىرمەك	headword	762_2L.png	unverified
D90-4-08054	كىرمىگەن	headword	764_1R.png	unverified
D90-4-08055	كىرمىگەن تۆشۈكى قالماسلىق	headword	764_1R.png	unverified
D90-4-08056	كىرىچ	headword	764_1R.png	unverified
D90-4-08057	كىرىس	headword	764_2L.png	unverified
D90-4-08058	كىرىس-كىرىسم	headword	764_2L.png	unverified
D90-4-08059	كىرىش	headword	764_2L.png	unverified
D90-4-08062	كىرىشەك	headword	764_2L.png	unverified
D90-4-08063	كىرىشتۈرمە	headword	764_2L.png	unverified
D90-4-08065	كىرىشتۈرمەك	headword	765_1R.png	unverified
D90-4-08066	كىرىشتۈرۈپ	headword	765_1R.png	unverified
D90-4-08068	كىرىشتۈرۈلمەك	headword	765_1R.png	unverified
D90-4-08069	كىرىش-چىقىش	headword	765_1R.png	unverified
D90-4-08071	كىرىشمە	headword	765_2L.png	unverified
D90-4-08073	كىرىشلىمەك	headword	765_2L.png	unverified
D90-4-08073-v1	پەكەشلىمەك	variant	765_2L.png	unverified
D90-4-08074	كىرىشمەك	headword	765_2L.png	unverified
D90-4-08075	كىرىشىلمەك	headword	765_2L.png	unverified
D90-4-08076	كىرىلمەك	headword	766_1R.png	unverified
D90-4-08077	كىرىم	headword	766_1R.png	unverified
D90-4-08078	كىرىم بولماق	headword	766_1R.png	unverified
D90-4-08079	كىرىم قىلماق	headword	766_1R.png	unverified
D90-4-08080	كىرىم-چىقىم ھېساباتى	headword	766_2L.png	verified
D90-4-08081	كىژ	headword	766_2L.png	unverified
D90-4-08082	كىژىدە	headword	766_2L.png	unverified
D90-4-08083	كىژ-كىژ	headword	766_2L.png	unverified
D90-4-08084	كىژىلداتماق	headword	766_2L.png	unverified
D90-4-08085	كىژىلداشماق	headword	766_2L.png	unverified
D90-4-08086	كىژىلدىماق	headword	766_2L.png	unverified
D90-4-08087	كىسانتوفىل	headword	766_2L.png	unverified
D90-4-08089	كىسسە	headword	766_2L.png	unverified
D90-4-08091	كىسلاتا	headword	767_1R.png	unverified
D90-4-08092	كىسلاتا ئانگىدرىد	headword	767_1R.png	unverified
D90-4-08093	كىسلاتا قالدۇقى	headword	767_1R.png	unverified
D90-4-08094	كىسلاتالاشماق	headword	767_1R.png	unverified
D90-4-08095	كىسلاتالاشتۇرماق	headword	767_1R.png	unverified
D90-4-08096	كىسلاتالىق	headword	767_2L.png	unverified
D90-4-08100	كىسىلدەك	headword	767_2L.png	unverified
D90-4-08101	كىسلورود	headword	767_2L.png	unverified
D90-4-08101-v1	ئوكسىگېن	variant	767_2L.png	unverified
D90-4-08102	كىشەن	headword	767_2L.png	unverified
D90-4-08103	كىشەنلەتمەك	headword	768_1R.png	unverified
D90-4-08104	كىشەنلەنمەك	headword	768_1R.png	unverified
D90-4-08105	كىشەنلىك	headword	768_1R.png	unverified
D90-4-08106	كىشەنلىمەك	headword	768_1R.png	unverified
D90-4-08107	كىشمىش	headword	768_2L.png	unverified
D90-4-08108	كىشمىش ئۆرۈك	headword	768_2L.png	unverified
D90-4-08109	كىشمىش ئۈزۈم	headword	768_2L.png	unverified
D90-4-08110	كىشمىشلىك	headword	768_2L.png	unverified
D90-4-08111	كىشنەتمەك	headword	768_2L.png	unverified
D90-4-08112	كىشنەشمەك	headword	769_1R.png	unverified
D90-4-08113	كىشنىمەك	headword	769_1R.png	unverified
D90-4-08114	كىشى	headword	769_1R.png	unverified
D90-4-08115	كىشى قويماق	headword	769_2L.png	unverified
D90-4-08115-v1	ئادەم قويماق	variant	769_2L.png	unverified
D90-4-08116	كىشىنىڭ جۇۋىسىدا تەرلىمەك	headword	769_2L.png	unverified
D90-4-08116-v1	باشقىلارنىڭ جۇۋىسىدا تەرلىمەك	variant	769_2L.png	unverified
D90-4-08117	كىشى-قارا	headword	769_2L.png	unverified
D90-4-08118	كىشگە	headword	769_2L.png	unverified
D90-4-08119	كىشىلىك	headword	769_2L.png	unverified
D90-4-08120	كىشىلىك ئالماش	headword	770_1R.png	unverified
D90-4-08121	كىشىلىك تۇرمۇش	headword	770_1R.png	unverified
D90-4-08122	كىشىلىك تۇرمۇش پەلسەپىسى	headword	770_1R.png	unverified
D90-4-08123	كىشىلىك تۇرمۇش قارىشى	headword	770_1R.png	unverified
D90-4-08124	كىشىلىك جەمئىيىتى	headword	770_2L.png	unverified
D90-4-08124-v1	ئىنسانىيەت جەمئىيىتى	variant	770_2L.png	unverified
D90-4-08125	كىشىلىك دۇنيا	headword	770_2L.png	unverified
D90-4-08125-v1	ئىنسانىيەت دۇنياسى	variant	770_2L.png	unverified
D90-4-08126	كىشىلىك قاراش	headword	770_2L.png	unverified
D90-4-08127	كىشىلىك ھوقۇق	headword	770_2L.png	unverified
D90-4-08128	كىك	headword	770_2L.png	unverified
D90-4-08130	كىكەتكە	headword	770_2L.png	unverified
D90-4-08131	كىگىز	headword	770_2L.png	unverified
D90-4-08133	كىگىز ئۆتۈك	headword	771_1R.png	unverified
D90-4-08134	كىگىز ئۆي	headword	771_1R.png	unverified
D90-4-08135	كىگىزچى	headword	771_1R.png	unverified
D90-4-08136	كىگىزچىلىك	headword	771_1R.png	unverified
D90-4-08137	كىگىز-كېچەك	headword	771_1R.png	unverified
D90-4-08138	كىلتاڭ	headword	771_1R.png	verified
D90-4-08139	كىلو	headword	771_1R.png	unverified
D90-4-08140	كىلوكالورىيە	headword	771_1R.png	unverified
D90-4-08141	كىلوگرام	headword	771_2L.png	unverified
D90-4-08142	كىلوگراملىق	headword	771_2L.png	unverified
D90-4-08143	كىلوگېرتس	headword	771_2L.png	verified
D90-4-08144	كىلولاتماق	headword	771_2L.png	unverified
D90-4-08145	كىلولاشماق	headword	771_2L.png	unverified
D90-4-08146	كىلولانماق	headword	771_2L.png	unverified
D90-4-08147	كىلولۇق	headword	771_2L.png	unverified
D90-4-08148	كىلولىتر	headword	771_2L.png	unverified
D90-4-08149	كىلولىماق	headword	771_2L.png	unverified
D90-4-08150	كىلومېتر	headword	771_2L.png	unverified
D90-4-08151	كىلومېترلىق	headword	772_1R.png	unverified
D90-4-08152	كىلومېترلىماق	headword	772_1R.png	unverified
D90-4-08153	كىلوۋات	headword	772_1R.png	unverified
D90-4-08155	كىلېتكا	headword	772_1R.png	unverified
D90-4-08155-v1	ھۈجەيرە	variant	772_1R.png	unverified
D90-4-08156	كىلېتكىشۇناس	headword	772_1R.png	unverified
D90-4-08156-v1	ھۈجەيرەشۇناس	variant	772_1R.png	unverified
D90-4-08157	كىلت	headword	772_1R.png	unverified
D90-4-08158	كىلىزما	headword	772_1R.png	verified
D90-4-08159	كىلىزما قىلماق	headword	772_2L.png	unverified
D90-4-08159-v1	ھەمەل قىلماق	variant	772_2L.png	unverified
D90-4-08160	كىلىمات	headword	772_2L.png	unverified
D90-4-08163	كىلىماتشۇناس	headword	772_2L.png	unverified
D90-4-08163-v1	مېتېئورولوگ	variant	772_2L.png	unverified
D90-4-08164	كىلىماتشۇناسلىق	headword	772_2L.png	unverified
D90-4-08164-v1	مېتېئورولوگىيە	variant	772_2L.png	unverified
D90-4-08165	كىلىماتولوگىيە	headword	772_2L.png	unverified
D90-4-08166	كىليونكا	headword	772_2L.png	unverified
D90-4-08167	كىم	headword	772_2L.png	unverified
D90-4-08168	كىم ئارتۇق سودىسى	headword	773_1R.png	unverified
D90-4-08169	كىم ئارتۇق قىلىپ ساتماق	headword	773_1R.png	unverified
D90-4-08170	كىم بار كىم يوق	headword	773_1R.png	unverified
D90-4-08171	كىمەرسە	headword	773_2L.png	unverified
D90-4-08172	كىمبېرلىت	headword	773_2L.png	verified
D90-4-08173	كىمخاب	headword	774_1R.png	unverified
D90-4-08174	كىمدۇ	headword	774_1R.png	unverified
D90-4-08175	كىمدىكىم	headword	774_1R.png	unverified
D90-4-08176	كىم-كىملەز	headword	774_1R.png	unverified
D90-4-08177	كىمىيا	headword	774_1R.png	unverified
D90-4-08178	كىمىياگەر	headword	774_1R.png	unverified
D90-4-08179	كىنايە	headword	774_1R.png	unverified
D90-4-08180	كىنايىچى	headword	774_2L.png	unverified
D90-4-08181	كىنايىلىك	headword	774_2L.png	unverified
D90-4-08182	كىنەز	headword	774_2L.png	unverified
D90-4-08183	كىنەزلىك	headword	774_2L.png	unverified
D90-4-08184	كىندىك	headword	774_2L.png	unverified
D90-4-08185	كىندىك قېنى ئاقماق	headword	775_1R.png	unverified
D90-4-08190	كىندىك قېنى تۆكۈلمەك	headword	775_1R.png	unverified
D90-4-08186	كىندىك قېنى تامچىلىماق	headword	775_1R.png	unverified
D90-4-08187	كىندىك قېنى تامماق	headword	775_1R.png	unverified
D90-4-08188	كىندىك قېنى تۆكۈلگەن جاي	headword	775_1R.png	unverified
D90-4-08189	كىندىك قېنى تۆكۈلگەن يەر	headword	775_1R.png	unverified
D90-4-08191-v1	كىندىك قېنى چۈشمەك	variant	775_2L.png	unverified
D90-4-08192-v1	كىندىك قېنى سېڭمەك	variant	775_2L.png	unverified
D90-4-08193	كىندىك ئوق	headword	775_2L.png	unverified
D90-4-08193-v1	ئۆزەك ئوق	variant	775_2L.png	unverified
D90-4-08194	كىندىكى چۈشمەك	headword	775_2L.png	unverified
D90-4-08195	كىندىكى قوش	headword	775_2L.png	unverified
D90-4-08196	كىندىكىنى كەسمەك	headword	775_2L.png	unverified
D90-4-08197	كىندىكئانا	headword	775_2L.png	unverified
D90-4-08198	كىنو	headword	776_1R.png	unverified
D90-4-08204	كىنو فىلىمى	headword	776_2L.png	unverified
D90-4-08205	كىنو قويۇش ئاپپاراتى	headword	776_2L.png	unverified
D90-4-08206	كىنو لازىمەتلىكى	headword	776_2L.png	unverified
D90-4-08207	كىنو ئېلىش ئاپپاراتى	headword	776_2L.png	unverified
D90-4-08209	كىنو ئېلىش زالى	headword	776_2L.png	unverified
D90-4-08210	كىنوچى	headword	776_2L.png	unverified
D90-4-08211	كىنوچىلىق	headword	776_2L.png	unverified
D90-4-08212	كىنوخانا	headword	776_2L.png	unverified
D90-4-08213	كىنولاشتۇرماق	headword	776_2L.png	unverified
D90-4-08214	كىنولاشتۇرۇلماق	headword	777_1R.png	unverified
D90-4-08215	كىنولاشماق	headword	777_1R.png	unverified
D90-4-08216	كىنوۋار	headword	777_1R.png	unverified
D90-4-08217	كىنېماتىكا	headword	777_1R.png	unverified
D90-4-08218	كىنىشكا	headword	777_1R.png	verified
D90-4-08219	كىنىمەك	headword	777_2L.png	unverified
D90-4-08220	كىۋە	headword	777_2L.png	unverified
D90-4-08221	كىيدۈرمەك	headword	777_2L.png	unverified
D90-4-08222	كىيدۈرۈشمەك	headword	777_2L.png	unverified
D90-4-08223	كىيدۈرۈلمەك	headword	777_2L.png	unverified
D90-4-08224	كىيگۈزۈشمەك	nonstandard	777_2L.png	unverified
D90-4-08225	كىيگۈزۈلمەك	nonstandard	777_2L.png	unverified
D90-4-08227	كىيۇرىي	headword	778_1R.png	unverified
D90-4-08228	كىيىشمەك	headword	778_1R.png	unverified
D90-4-08229	كىيىلمەك	headword	778_1R.png	unverified
D90-4-08230	كىيىم	headword	778_1R.png	unverified
D90-4-08231	كىيىم ئاسقۇچ	headword	778_2L.png	unverified
D90-4-08232	كىيىم تىكىش ماشىنىسى	headword	778_2L.png	unverified
D90-4-08232-v1	تىكىش ماشىنىسى	variant	778_2L.png	unverified
D90-4-08233	كىيىم لايىھىلەش	headword	778_2L.png	unverified
D90-4-08234	كىيىمچىك	headword	778_2L.png	unverified
D90-4-08235	كىيىمسىز	headword	778_2L.png	unverified
D90-4-08236	كىيىم-كېچەك	headword	778_2L.png	unverified
D90-4-08237	كىيىملىك	headword	779_1R.png	unverified
D90-4-08238	كىيىندۈرمەك	headword	779_1R.png	unverified
D90-4-08239	كىيىندۈرۈشمەك	headword	779_2L.png	unverified
D90-4-08240	كىيىندۈرۈلمەك	headword	779_2L.png	unverified
D90-4-08241	كىيىنمەك	headword	779_2L.png	unverified
D90-4-08242	كىيىنىشمەك	headword	779_2L.png	unverified
D90-4-08243	گ	headword	780_1R.png	unverified
D90-4-08244	گاباردىن	headword	780_1R.png	verified
D90-4-08245	گابرو	headword	780_1R.png	unverified
D90-4-08247	گاچ	headword	780_2L.png	unverified
D90-4-08248	گاچا	headword	780_2L.png	unverified
D90-4-08249	گاچچىدە	headword	781_1R.png	unverified
D90-4-08250	گاچ-گاچ	headword	781_1R.png	unverified
D90-4-08251	گاچ-گۇچ	headword	781_1R.png	unverified
D90-4-08252	گاچىلاشماق	headword	781_1R.png	unverified
D90-4-08253	گاچىلدىماق	headword	781_1R.png	unverified
D90-4-08254	گاچىلىق	headword	781_1R.png	unverified
D90-4-08255	گادا	headword	781_1R.png	unverified
D90-4-08257	گاداچە	headword	781_2L.png	unverified
D90-4-08259	گادالاشماق	headword	781_2L.png	unverified
D90-4-08260	گاداھ	nonstandard	781_2L.png	unverified
D90-4-08261	گاداي	headword	781_2L.png	unverified
D90-4-08262	گادايچىلىق	headword	782_1R.png	unverified
D90-4-08266	گادايلىق	headword	782_2L.png	unverified
D90-4-08263	گادايلاشتۇرماق	headword	782_1R.png	unverified
D90-4-08264	گادايلاشتۇرۇلماق	headword	782_1R.png	unverified
D90-4-08265	گادايلاشماق	headword	782_1R.png	unverified
D90-4-08267	گادرون	headword	782_2L.png	unverified
D90-4-08268	گادولىنىي	headword	782_2L.png	unverified
D90-4-08269	گادىرماچ	headword	782_2L.png	unverified
D90-4-08270	گادىرماچلاشماق	headword	783_1R.png	unverified
D90-4-08271	گادىرماچلىق	headword	783_1R.png	unverified
D90-4-08272	گار	headword	783_1R.png	unverified
D90-4-08273	گارا	headword	783_1R.png	verified
D90-4-08274	گاراخ	headword	783_1R.png	unverified
D90-4-08275	گاراخلاشماق	headword	783_1R.png	unverified
D90-4-08276	گاراخشىماق	headword	783_2L.png	unverified
D90-4-08277	گاراژ	headword	783_2L.png	unverified
D90-4-08278	گاراڭ	headword	783_2L.png	unverified
D90-4-08280	گاراڭ قىلماق	headword	784_1R.png	unverified
D90-4-08282	گاراڭ-گاراڭ	headword	784_1R.png	unverified
D90-4-08283	گاراڭ-گۇرۇڭ	headword	784_1R.png	unverified
D90-4-08284	گاراڭڭىدە	headword	784_1R.png	unverified
D90-4-08285	گاراڭلىق	headword	784_1R.png	unverified
D90-4-08286	گارت	headword	784_1R.png	unverified
D90-4-08287	گارتتىدە	headword	784_2L.png	unverified
D90-4-08288	گارت-گارت	headword	784_2L.png	unverified
D90-4-08289	گارت-گۈرت	headword	784_2L.png	unverified
D90-4-08290	گارسىنىيە	headword	784_2L.png	unverified
D90-4-08291	گارسىنىيە دەرىخى	headword	784_2L.png	unverified
D90-4-08292	گارشوك	headword	784_2L.png	unverified
D90-4-08293	گارموشكا	headword	784_2L.png	unverified
D90-4-08294	گارمون	headword	785_1R.png	unverified
D90-4-08296	گارمونچى	headword	785_1R.png	unverified
D90-4-08297	گارمونىيە	headword	785_1R.png	unverified
D90-4-08298	گارمونىيىشۇناس	headword	785_1R.png	unverified
D90-4-08299	گارمونىيىشۇناسلىق	headword	785_1R.png	unverified
D90-4-08300	گارمونىيىلەشتۈرمەك	headword	785_1R.png	unverified
D90-4-08301	گارمونىيىلەشتۈرۈش	headword	785_1R.png	unverified
D90-4-08302	گارمونىيىلەشمەك	headword	785_2L.png	unverified
D90-4-08303	گارمونىيىلىك	headword	785_2L.png	unverified
D90-4-08305	گاز	headword	785_2L.png	unverified
D90-4-08312	گاز قاچىلانغان لامپۇچكا	headword	786_1R.png	unverified
D90-4-08313	گاز ھالەت	headword	786_1R.png	unverified
D90-4-08314	گاز ئوچاق	headword	786_1R.png	unverified
D90-4-08315	گاز ياغلىق	headword	786_1R.png	unverified
D90-4-08315-v1	گاز رومال	variant	786_1R.png	unverified
D90-4-08316	گازارما	headword	786_1R.png	unverified
D90-4-08317	گازسىمان	headword	786_1R.png	unverified
D90-4-08318	گازلانغان	headword	786_1R.png	unverified
D90-4-08320	گازلانماق	headword	786_2L.png	unverified
D90-4-08321	گازلىق	headword	786_2L.png	unverified
D90-4-08322	گازلىق تېرمومېتر	headword	786_2L.png	unverified
D90-4-08323	گازلىق سۇ	headword	786_2L.png	unverified
D90-4-08324	گازلىق كەسمەك	headword	786_2L.png	unverified
D90-4-08325	گازلىق يارغۇنچاق	headword	786_2L.png	unverified
D90-4-08326	گازۋان	headword	786_2L.png	unverified
D90-4-08327	گازۋاي	headword	787_1R.png	unverified
D90-4-08329	گازۋاي لامپا	headword	787_1R.png	unverified
D90-4-08329-v1	گازۋاي چىراغ	variant	787_1R.png	unverified
D90-4-08331	گازىر كۆز	headword	787_1R.png	unverified
D90-4-08332	گازىر-پۇرچاق	headword	787_2L.png	unverified
D90-4-08333	گازىرچى	headword	787_2L.png	unverified
D90-4-08334	گازىن	headword	787_2L.png	unverified
D90-4-08336	گاژژىدە	headword	787_2L.png	unverified
D90-4-08337	گاژ-گاژ	headword	787_2L.png	unverified
D90-4-08338	گاز-گۈز	headword	787_2L.png	unverified
D90-4-08339	گاژىلدىماق	headword	788_1R.png	unverified
D90-4-08340	گاس	headword	788_1R.png	unverified
D90-4-08344	گاسترودىيە	headword	788_1R.png	unverified
D90-4-08345	گاس-گاچا	headword	788_1R.png	unverified
D90-4-08346	گاشات	headword	788_2L.png	unverified
D90-4-08347	گافنىي	headword	788_2L.png	unverified
D90-4-08358	گاڭسا-جىسا	headword	789_1R.png	unverified
D90-4-08359	گاڭگا-جسا	headword	789_2L.png	unverified
D90-4-08360	گاڭگا-جسا قىلماق	headword	789_2L.png	unverified
D90-4-08361	گاڭ-گالاس	headword	789_2L.png	unverified
D90-4-08363	گاڭگۇڭلۇق	headword	789_2L.png	unverified
D90-4-08364	گاڭگىراتماق	headword	790_1R.png	unverified
D90-4-08365	گاڭگىراشماق	headword	790_1R.png	unverified
D90-4-08366	گاڭگىرىماق	headword	790_1R.png	unverified
D90-4-08367	گال	headword	790_1R.png	unverified
D90-4-08370	گېلى بوغۇلماق	headword	790_2L.png	unverified
D90-4-08371	گېلى پوق	headword	790_2L.png	unverified
D90-4-08372	گېلىدىن ئۆتمەسلىك	headword	790_2L.png	unverified
D90-4-08373	گېلىغا ئامراق	headword	790_2L.png	unverified
D90-4-08374	گېلىغا ئۇرماق	headword	790_2L.png	unverified
D90-4-08375	گېلى قىچىشماق	headword	790_2L.png	unverified
D90-4-08376	گېلىنى قىسماق	headword	790_2L.png	unverified
D90-4-08377-v1	ئاغىنى باغلىماق	variant	791_1R.png	unverified
D90-4-08378	گېلىنى ياغلىماق	headword	791_1R.png	unverified
D90-4-08378-v1	ئاغزىنى باغلىماق	variant	791_1R.png	unverified
D90-4-08379	گېلى يوغىناپ كەتمەك	headword	791_1R.png	unverified
D90-4-08381	گال پىچاق بىلەن بوغۇزلىماق	headword	791_1R.png	unverified
D90-4-08382	گالاچ	headword	791_1R.png	unverified
D90-4-08383	گالاچچىدە	headword	791_1R.png	unverified
D90-4-08384	گالاچ-گۈلۈچ	headword	791_1R.png	unverified
D90-4-08385	گالاچلاتماق	headword	791_2L.png	unverified
D90-4-08386	گالاكتىكا	headword	791_2L.png	unverified
D90-4-08386-v1	سامانيولى سىستېمىسى	variant	791_2L.png	unverified
D90-4-08387	گالاكتىكا سىرتىدىكى تۇمان	headword	791_2L.png	unverified
D90-4-08388	گالاكتىكا سىرتىدىكى يۇلتۇزلار سىستېمىسى	headword	791_2L.png	unverified
D90-4-08389	گالاكتىكا قۇتۇپى	headword	791_2L.png	unverified
D90-4-08390	گالاكتىكا كەڭلىكى	headword	791_2L.png	unverified
D90-4-08391	گالاكتىكا مەركىزى	headword	792_1R.png	unverified
D90-4-08392	گالاكتىكا ئۇزۇنلۇقى	headword	792_1R.png	unverified
D90-4-08393	گالاكتىكا ئېكۋاتورى	headword	792_1R.png	unverified
D90-4-08394	گالدۇڭ	headword	792_1R.png	unverified
D90-4-08395	گالدرماچ	nonstandard	792_1R.png	unverified
D90-4-08395-c1	گادۇرماچ	corrected_form	792_1R.png	unverified
D90-4-08396	گالدى-گۈلدۈڭ	headword	792_1R.png	unverified
D90-4-08397	گالزاڭ	headword	792_1R.png	unverified
D90-4-08398	گالستۈك	headword	792_1R.png	unverified
D90-4-08399	گالستۈكلۈك	headword	792_2L.png	unverified
D90-4-08400	گاللاشتۇرماق	headword	792_2L.png	unverified
D90-4-08401	گاللاشماق	headword	792_2L.png	unverified
D90-4-08402	گاللون	headword	792_2L.png	unverified
D90-4-08403	گاللىي	headword	792_2L.png	unverified
D90-4-08404	كالمۇش	nonstandard	793_1R.png	unverified
D90-4-08819	گومۇش	headword	829_1R.png	unverified
D90-4-08405	گالوگېن	headword	793_1R.png	unverified
D90-4-08407	گالوگېنلار	headword	793_1R.png	unverified
D90-4-08409	گالوگېنلىق	headword	793_1R.png	unverified
D90-4-08411	گالوگېنىد	headword	793_2L.png	unverified
D90-4-08412	گالوگېنىدلار	headword	793_2L.png	unverified
D90-4-08413	گالۋاڭ	headword	793_2L.png	unverified
D90-4-08416	گالۋاڭلاشتۇرماق	headword	793_2L.png	unverified
D90-4-08418	گالۋاڭلاشماق	headword	794_1R.png	unverified
D90-4-08419	گالۋاڭلىق	headword	794_1R.png	unverified
D90-4-08420	گالۋانومېتىر	headword	794_1R.png	unverified
D90-4-08422	گامەنچى	headword	794_1R.png	unverified
D90-4-08423	گامما	headword	794_1R.png	unverified
D90-4-08425	گامما نۇرى	headword	794_1R.png	unverified
D90-4-08426	گامېتا	headword	794_2L.png	unverified
D90-4-08430	گامېتىلىق	headword	794_2L.png	unverified
D90-4-08431	گانتېل	headword	794_2L.png	unverified
D90-4-08432	گاندون	headword	794_2L.png	unverified
D90-4-08433	گانگرېنا	headword	795_1R.png	unverified
D90-4-08434	گاھ	headword	795_1R.png	unverified
D90-4-08435	گاھ-گاھ	headword	795_1R.png	unverified
D90-4-08436	گاھى	headword	795_1R.png	unverified
D90-4-08437	گاھىبىر	headword	795_2L.png	unverified
D90-4-08438	گاھىدا	headword	795_2L.png	unverified
D90-4-08439	گاھى-گاھى	headword	795_2L.png	unverified
D90-4-08440	گائۇس	headword	795_2L.png	unverified
D90-4-08441	گاۋشەن	headword	795_2L.png	unverified
D90-4-08442	گاۋشەن تىلى	headword	796_1R.png	unverified
D90-4-08443	گاۋشەنچە	headword	796_1R.png	unverified
D90-4-08444	گاۋشەنلەر	headword	796_1R.png	unverified
D90-4-08446	گاۋلىڭ توپىسى	headword	796_1R.png	unverified
D90-4-08447	گاۋلىڭ تېشى	headword	796_1R.png	unverified
D90-4-08448	گاۋوت	headword	796_2L.png	unverified
D90-4-08449	گايكا	headword	796_2L.png	unverified
D90-4-08450	گايى	headword	796_2L.png	unverified
D90-4-08451-v1	گاھدا	variant	796_2L.png	unverified
D90-4-08452	گەپ	headword	796_2L.png	verified
D90-4-08453	گەپ ئاچماق	headword	797_1R.png	unverified
D90-4-08454	گەپ ئارىسىدا	headword	797_1R.png	unverified
D90-4-08455	گەپ ئارىلاپ قالماق	headword	797_1R.png	unverified
D90-4-08456	گەپ ئارىلاماق	headword	797_1R.png	unverified
D90-4-08457	گەپ ئاڭلىماق	headword	797_1R.png	unverified
D90-4-08458	گەپ ئالماق	headword	797_1R.png	unverified
D90-4-08459	گەپ ئانىسى	headword	797_2L.png	unverified
D90-4-08461	گەپ ئەپقاچماق	headword	797_2L.png	unverified
D90-4-08462	گەپ ئەگىتمەك	headword	797_2L.png	unverified
D90-4-08463	گەپ ئەۋەتمەك	headword	798_1R.png	unverified
D90-4-08464	گەپ باشقا يەردە	headword	798_1R.png	unverified
D90-4-08465	گەپ بەرمەسلىك	headword	798_1R.png	unverified
D90-4-08466	گەپ بولدى-دە	headword	798_1R.png	unverified
D90-4-08467	گەپ بولماق	headword	798_1R.png	unverified
D90-4-08468	گەپ بىر جايدىن چىقماق	headword	798_2L.png	unverified
D90-4-08470	گەپ بىر يەردىن چىقماق	headword	798_2L.png	unverified
D90-4-08469	گەپ بىر، قۇلاق ئىككى	headword	798_2L.png	unverified
D90-4-08471	گەپ بىلەن با مەسلىھەت	headword	798_2L.png	unverified
D90-4-08472	گەپ بىلەن چوقۇلىماق	headword	798_2L.png	unverified
D90-4-08473	گەپ تاپماق	headword	798_2L.png	unverified
D90-4-08474	گەپ تارقاتماق	headword	799_1R.png	unverified
D90-4-08485	گەپ توقۇماق	headword	800_1R.png	unverified
D90-4-08475	گەپ تاشلىماق	headword	799_1R.png	unverified
D90-4-08476	گەپ تالاشماق	headword	799_1R.png	unverified
D90-4-08477	گەپتە تۇتۇلماق	headword	799_1R.png	unverified
D90-4-08478	گەپتە چۈشمەك	headword	799_1R.png	unverified
D90-4-08479	گەپتە چېقىۋالماق	headword	799_1R.png	unverified
D90-4-08480	گەپ تەرگەشمەك	headword	799_2L.png	unverified
D90-4-08481	گەپتە سوقماق	headword	799_2L.png	unverified
D90-4-08482	گەپ تەشمەك	headword	799_2L.png	unverified
D90-4-08483	گەپ تەگمەك	headword	799_2L.png	unverified
D90-4-08484	گەپ توشۇماق	headword	800_1R.png	unverified
D90-4-08486	گەپ تېپىپ بەرمەك	headword	800_1R.png	unverified
D90-4-08487	گەپ تېرىماق	headword	800_1R.png	unverified
D90-4-08488	گەپ تىڭشىماق	headword	800_1R.png	unverified
D90-4-08489	گەپتىن پۇتاق چىقارماق	headword	800_2L.png	unverified
D90-4-08490	گەپتىن تۈك ئۈندۈرمەك	headword	800_2L.png	unverified
D90-4-08491	گەپتىن چۈشمەك	headword	800_2L.png	unverified
D90-4-08491-v1	گەپتىن چىقماسلىق	variant	800_2L.png	unverified
D90-4-08492	گەپتىن قالماسلىق	headword	800_2L.png	unverified
D90-4-08493	گەپتىن قالماق	headword	800_2L.png	unverified
D90-4-08494	گەپتىن گەپ چىقماق	headword	800_2L.png	unverified
D90-4-08495	گەپ خالتىسى	headword	800_2L.png	unverified
D90-4-08496	گەپ خۇمارى	headword	801_1R.png	unverified
D90-4-08497	گەپ دارىتماق	headword	801_1R.png	unverified
D90-4-08498	گەپ دېگەن بىر، قۇلاق ئىككى	headword	801_1R.png	unverified
D90-4-08499	گەپ ساتار	headword	801_1R.png	unverified
D90-4-08500	گەپ ساتتى	headword	801_1R.png	unverified
D90-4-08501	گەپ ساتماق	headword	801_1R.png	unverified
D90-4-08502	گەپ سىغمايدۇ	headword	801_2L.png	unverified
D90-4-08503	گەپ سىڭىرمەك	headword	801_2L.png	unverified
D90-4-08504	گەپ شاخلاتماق	headword	801_2L.png	unverified
D90-4-08505	گەپ شۇ	headword	801_2L.png	unverified
D90-4-08506	گەپ قاتماق	headword	802_1R.png	unverified
D90-4-08510	گەپ قىستۇرماق	headword	802_1R.png	unverified
D90-4-08507	گەپ قاچۇرماق	headword	802_1R.png	unverified
D90-4-08508	گەپ قايتۇرماق	headword	802_1R.png	unverified
D90-4-08576	گەپ ياندۇرماق	headword	807_2L.png	unverified
D90-4-08509	گەپ قۇلاققا تورماق	headword	802_1R.png	unverified
D90-4-08511	گەپ قىلماق	headword	802_1R.png	unverified
D90-4-08512	گەپكە ئارىلاشماق	headword	802_2L.png	unverified
D90-4-08513	گەپكە پوسما كىيدۈرمەك	headword	802_2L.png	unverified
D90-4-08514	گەپكە تەمە يوق	headword	802_2L.png	unverified
D90-4-08514-v1	گەپ سەغمايدۇ	variant	802_2L.png	unverified
D90-4-08515	گەپكە تويدۇرۇپ قويماق	headword	802_2L.png	unverified
D90-4-08516	گەپكە تۇتماق	headword	802_2L.png	unverified
D90-4-08517	گەپكە چۈشمەك	headword	803_1R.png	unverified
D90-4-08518	گەپكە سالماق	headword	803_1R.png	unverified
D90-4-08519	گەپكە قالماق	headword	803_1R.png	unverified
D90-4-08609	گەپ-چۆچەككە قالماق	headword	810_2L.png	unverified
D90-4-08520	گەپكە قانات-قۇيرۇق چىقارماق	headword	803_1R.png	unverified
D90-4-08521	گەپكە قوشۇق سالماق	headword	803_1R.png	unverified
D90-4-08522	گەپكە قويماق	headword	803_2L.png	unverified
D90-4-08523	گەپكە قۇلاق سالماق	headword	803_2L.png	unverified
D90-4-08524	گەپ كەلمەك	headword	803_2L.png	unverified
D90-4-08525	گەپكە كىرمەك	headword	803_2L.png	unverified
D90-4-08526	گەپكە لوقما سالماق	headword	803_2L.png	unverified
D90-4-08527	گەپ كوچىلىماق	headword	804_1R.png	unverified
D90-4-08528	گەپ كولىماق	headword	804_1R.png	unverified
D90-4-08529	گەپ كۆتۈرمەك	headword	804_1R.png	unverified
D90-4-08530	گەپ گەپ بولماق	headword	804_1R.png	unverified
D90-4-08531	گەپ مارىماق	headword	804_1R.png	unverified
D90-4-08532	گەپ مۇشۇ يەردە قالسۇن	headword	804_1R.png	unverified
D90-4-08533	گەپنى بۇرلىماق	headword	804_2L.png	unverified
D90-4-08534	گەپنى بۆلمەك	headword	804_2L.png	unverified
D90-4-08535	گەپنى بىر قىلماق	headword	804_2L.png	unverified
D90-4-08536	گەپنى تارتىۋالماق	headword	804_2L.png	unverified
D90-4-08537	گەپنى جايىغا قويماق	headword	804_2L.png	unverified
D90-4-08538	گەپنى جىڭلاپ كۆرمەك	headword	804_2L.png	unverified
D90-4-08539	گەپنى چالغىتماق	headword	805_1R.png	unverified
D90-4-08540	گەپنى چاينىماق	headword	805_1R.png	unverified
D90-4-08541	گەپنى چاينىۋېتىپ قىلماق	headword	805_1R.png	unverified
D90-4-08542	گەپنى سوزماق	headword	805_1R.png	unverified
D90-4-08543	گەپنى كەسمەك	headword	805_1R.png	unverified
D90-4-08544	گەپنى گەپ قىلماق	headword	805_1R.png	unverified
D90-4-08545	گەپنى گەپكە قوشماق	headword	805_1R.png	unverified
D90-4-08546	گەپنىڭ بولار يېرى	headword	805_2L.png	unverified
D90-4-08549	گەپنىڭ پوسكاللىسى	headword	805_2L.png	unverified
D90-4-08547	گەپنىڭ بولدىسى	headword	805_2L.png	unverified
D90-4-08548	گەپنىڭ بېلىگە تەپمەك	headword	805_2L.png	unverified
D90-4-08550	گەپنىڭ تېگىدە گەپ بار	headword	805_2L.png	unverified
D90-4-08551	گەپنىڭ تېگىگە يەتمەك	headword	805_2L.png	unverified
D90-4-08552	گەپنىڭ چۈشۈرگىسىگە تاقاق سالماق	headword	806_1R.png	unverified
D90-4-08553	گەپنىڭ شېخىغا ئۇرماق	headword	806_1R.png	unverified
D90-4-08554	گەپنىڭ قىسقىسى	headword	806_1R.png	unverified
D90-4-08555	گەپنىڭ كوتىگە تەپمەك	headword	806_1R.png	unverified
D90-4-08556	گەپنىڭ ھەقدانىسىنى ئېيتماق	headword	806_1R.png	unverified
D90-4-08557	گەپنىڭ ئوچۇقى	headword	806_1R.png	unverified
D90-4-08558	گەپنىڭ ئوڭ-تەتۈرى	headword	806_1R.png	unverified
D90-4-08559	گەپنىڭ ئۇچىنى چىقارماق	headword	806_2L.png	unverified
D90-4-08560	گەپنىڭ ئۇرانى	headword	806_2L.png	unverified
D90-4-08560-v1	سۆزنىڭ ئۇرانى	variant	806_2L.png	unverified
D90-4-08561	گەپنى مىجماق	headword	806_2L.png	unverified
D90-4-08562	گەپنى ئوچۇق قىلماق	headword	806_2L.png	unverified
D90-4-08563	گەپنى ئۈزمەك	headword	806_2L.png	unverified
D90-4-08564	گەپنى ئېزىپ ئىچۈرمەك	headword	806_2L.png	unverified
D90-4-08565	گەپنى يوغانتماق	headword	807_1R.png	unverified
D90-4-08566	گەپنى يۇتۇۋەتمەك	headword	807_1R.png	unverified
D90-4-08567	گەپنى يىرماق	headword	807_1R.png	unverified
D90-4-08568	گەپ ئوغرىسى	headword	807_1R.png	unverified
D90-4-08569	گەپ ئويناتماق	headword	807_1R.png	unverified
D90-4-08570	گەپ ئويۇنى	headword	807_1R.png	unverified
D90-4-08570-v1	سۆز ئويۇنى	variant	807_1R.png	unverified
D90-4-08571	گەپ ئۇرماق	headword	807_1R.png	unverified
D90-4-08572	گەپ ئۆگەتـمەك	headword	807_1R.png	unverified
D90-4-08573	گەپ ئۆتكۈزمەك	headword	807_2L.png	unverified
D90-4-08574	گەپ ئىشىتمەك	headword	807_2L.png	unverified
D90-4-08575	گەپ ياسماق	headword	807_2L.png	unverified
D90-4-08577	گەپ يورغىلاتماق	headword	807_2L.png	unverified
D90-4-08578	گەپ يوق	headword	808_1R.png	unverified
D90-4-08579	گەپ يۆتكىمەك	headword	808_1R.png	unverified
D90-4-08580	گەپ يېمەك	headword	808_1R.png	unverified
D90-4-08581	گېپى ئاشكارا	headword	808_1R.png	unverified
D90-4-08582	گېپى ئاقماق	headword	808_2L.png	unverified
D90-4-08604	گېپى ئۆتمەك	headword	810_1R.png	unverified
D90-4-08583	گېپى بىر	headword	808_2L.png	unverified
D90-4-08584	گېپى توڭ	headword	808_2L.png	unverified
D90-4-08585	گېپى تۇزلوق	headword	808_2L.png	unverified
D90-4-08585-v1	گېپى تۈز	variant	808_2L.png	unverified
D90-4-08586	گېپى جايىدا	headword	808_2L.png	unverified
D90-4-08587	گېپى جايىدىن چىقماق	headword	808_2L.png	unverified
D90-4-08588	گېپى چاك باسماي قالماق	headword	808_2L.png	unverified
D90-4-08589	گېپى چوك	headword	808_2L.png	unverified
D90-4-08590	گېپىدە تۇرماق	headword	808_2L.png	unverified
D90-4-08591	گېپىدىن ئىلىنماق	headword	809_1R.png	unverified
D90-4-08592	گېپىدىن يانماق	headword	809_1R.png	unverified
D90-4-08593	گېپى سېسىق	headword	809_1R.png	unverified
D90-4-08594	گېپى قىممەت	headword	809_1R.png	unverified
D90-4-08595	گېپى گەپ	headword	809_1R.png	unverified
D90-4-08596	گېپىگە كىرمەك	headword	809_1R.png	unverified
D90-4-08597	گېپىنى ئاڭلىماق	headword	809_2L.png	unverified
D90-4-08598	گېپىنى رەت قىلماق	headword	809_2L.png	unverified
D90-4-08599	گېپىنى قىپقوتۇتماق	headword	809_2L.png	unverified
D90-4-08600	گېپىنى قىلماق	headword	809_2L.png	unverified
D90-4-08601	گېپىنىڭ تۇز-تەمى يوق	headword	810_1R.png	unverified
D90-4-08602	گېپىنى يەردە قويماسلىق	headword	810_1R.png	unverified
D90-4-08603	گېپى ئوچۇق	headword	810_1R.png	unverified
D90-4-08605	گېپى ئېغىر كەلمەك	headword	810_1R.png	unverified
D90-4-08606	گېپى يەردە قالماسلىق	headword	810_1R.png	unverified
D90-4-08607	گېپى يوغان	headword	810_2L.png	unverified
D90-4-08607-v1	گېپى چوڭ	variant	810_2L.png	unverified
D90-4-08608	گەپ-چۆچەك	headword	810_2L.png	unverified
D90-4-08608-v1	سۆز-چۆچەك	variant	810_2L.png	unverified
D90-4-08610	گەپچى	headword	810_2L.png	unverified
D90-4-08611	گەپچىلىك	headword	810_2L.png	unverified
D90-4-08612	گەپخانا	headword	810_2L.png	unverified
D90-4-08613	گەپخۇمار	headword	810_2L.png	unverified
D90-4-08614	گەپدان	headword	811_1R.png	unverified
D90-4-08615	گەپدانلاشماق	headword	811_1R.png	unverified
D90-4-08616	گەپدانلىق	headword	811_1R.png	unverified
D90-4-08617	گەپ-سۆز	headword	811_1R.png	unverified
D90-4-08618	گەپ-سۆز قىلماق	headword	811_1R.png	unverified
D90-4-08619	گەپ-سۆزى جايىدا	headword	811_2L.png	unverified
D90-4-08620	گەپ-سۆز يوق	headword	811_2L.png	unverified
D90-4-08621	گەپ-سۆزسىز	headword	811_2L.png	unverified
D90-4-08622	گەپلىشتۈرمەك	headword	811_2L.png	unverified
D90-4-08623	گەپلەشمەك	headword	811_2L.png	unverified
D90-4-08624	گەج	headword	811_2L.png	verified
D90-4-08625	گەج سۇۋاق	headword	812_1R.png	unverified
D90-4-08626	گەجگە	headword	812_1R.png	unverified
D90-4-08628	گەجگە سۇيى	headword	812_1R.png	unverified
D90-4-08629	گەجگە لىم	headword	812_1R.png	unverified
D90-4-08630	گەجگىسى ئاپتاپ كۆرمىگەن	headword	812_1R.png	unverified
D90-4-08631	گەجگىسىگە مىنمەك	headword	812_2L.png	unverified
D90-4-08631-v1	شىللىسىغا مىنمەك	variant	812_2L.png	unverified
D90-4-08632	گەجگىسىنى تاتىلماق	headword	812_2L.png	unverified
D90-4-08633	گەججىمەك	headword	812_2L.png	unverified
D90-4-08634	گەدەن	headword	812_2L.png	unverified
D90-4-08635	گەدەنگە ئارتىلماق	headword	812_2L.png	unverified
D90-4-08636	گەدىنىدە قالماق	headword	812_2L.png	unverified
D90-4-08637	گەدىنى قاتتىق	headword	812_2L.png	unverified
D90-4-08637-v1	بوينى قاتتىق	variant	812_2L.png	unverified
D90-4-08638	گەدىنگە ئالماق	headword	812_2L.png	unverified
D90-4-08638-v1	بوينىغا ئالماق	variant	812_2L.png	unverified
D90-4-08639	گەدىنگە چۈشمەك	headword	813_1R.png	unverified
D90-4-08639-v1	بوينىغا چۈشمەك	variant	813_1R.png	unverified
D90-4-08640	گەدىنگە قويماق	headword	813_1R.png	unverified
D90-4-08640-v1	بوينىغا قويماق	variant	813_1R.png	unverified
D90-4-08641	گەدىنىنى باسماق	headword	813_1R.png	unverified
D90-4-08642	گەدىنىنى تاتىلىماق	headword	813_1R.png	unverified
D90-4-08643	گەدىنىنى قاشلىماق	headword	813_1R.png	unverified
D90-4-08644	گەدىنى يوغان	headword	813_1R.png	unverified
D90-4-08645	گەدەنباغ	headword	813_1R.png	verified
D90-4-08646	گەدەنكەش	headword	813_1R.png	unverified
D90-4-08647	گەدەنكەشلىك	headword	813_2L.png	unverified
D90-4-08648	گەر	headword	813_2L.png	unverified
D90-4-08649	گەرەتكە	headword	813_2L.png	unverified
D90-4-08650	گەرەج	nonstandard	813_2L.png	unverified
D90-4-08650-c1	گاراز	corrected_form	813_2L.png	unverified
D90-4-08651	گەرەھ	nonstandard	813_2L.png	unverified
D90-4-08652	گەرچە	headword	813_2L.png	unverified
D90-4-08653	گەرداب	nonstandard	814_1R.png	unverified
D90-4-09481	گىرداب	headword	883_2L.png	unverified
D90-4-08654	گەردەن	nonstandard	814_1R.png	unverified
D90-4-08655	گەردۇن	headword	814_1R.png	verified
D90-4-08657	گەردى	headword	814_1R.png	unverified
D90-4-08657-v1	پەرزىن	variant	814_1R.png	unverified
D90-4-08658	گەردىش	headword	814_1R.png	unverified
D90-4-08659	گەردىشسىمان	headword	814_2L.png	unverified
D90-4-08660	گەردىشلىك	headword	814_2L.png	unverified
D90-4-08661	گەرس	headword	814_2L.png	unverified
D90-4-08663	گەرنىز	headword	814_2L.png	unverified
D90-4-08664	گەز	headword	815_1R.png	unverified
D90-4-08666	گەز باغلىماق	headword	815_1R.png	unverified
D90-4-08667	گەزەرمە	nonstandard	815_1R.png	unverified
D90-4-08668	گەزەندە	nonstandard	815_1R.png	unverified
D90-4-09279	گېزەندە	headword	868_1R.png	unverified
D90-4-08669	گەزلەتمەك	headword	815_1R.png	verified
D90-4-08670	گەزلەشمەك	headword	815_2L.png	verified
D90-4-08671	گەزلەنمەك	headword	815_2L.png	verified
D90-4-08672	گەزلىك	headword	815_2L.png	unverified
D90-4-08673	گەزلىمە	headword	815_2L.png	unverified
D90-4-08675	گەزلىمەك	headword	815_2L.png	unverified
D90-4-08676	گەزمال	headword	815_2L.png	unverified
D90-4-08677	گەزمالچى	headword	816_1R.png	unverified
D90-4-08678	گەزمالچىلىق	headword	816_1R.png	unverified
D90-4-08679	گەزنى	headword	816_1R.png	unverified
D90-4-08680	گەژ	nonstandard	816_1R.png	unverified
D90-4-08681	گەژگە	nonstandard	816_1R.png	unverified
D90-4-08682	گەكسى	headword	816_1R.png	unverified
D90-4-08683	گەگىتمەل	headword	816_1R.png	unverified
D90-4-08684	گەلەپى	headword	816_1R.png	unverified
D90-4-08684-v1	گەلەپى شىم	variant	816_1R.png	unverified
D90-4-08686	گەمە	headword	816_2L.png	unverified
D90-4-08687	گە مىچاق	headword	816_2L.png	unverified
D90-4-08689	گەندە	headword	816_2L.png	unverified
D90-4-08691	گەنسۈي سۈتلۈكئوتى	headword	816_2L.png	unverified
D90-4-08692	گەۋدە	headword	817_1R.png	unverified
D90-4-08693	گەۋدىسىز	headword	817_1R.png	unverified
D90-4-08694	گەۋدىلەشتۈرمەك	headword	817_2L.png	unverified
D90-4-08695	گەۋدىلەشتۈرۈلمەك	headword	817_2L.png	unverified
D90-4-08696	گەۋدىلەشمەك	headword	817_2L.png	unverified
D90-4-08697	گەۋدىلەندۈرمەك	headword	817_2L.png	unverified
D90-4-08698	گەۋدىلەندۈرۈشمەك	headword	817_2L.png	unverified
D90-4-08699	گەۋدىلەندۈرۈلمەك	headword	817_2L.png	unverified
D90-4-08700	گەۋدىلەنمەك	headword	817_2L.png	unverified
D90-4-08701	گەۋدىلىك	headword	818_1R.png	unverified
D90-4-08703	گەيكە	nonstandard	818_1R.png	unverified
D90-4-08704	گرابىن	headword	818_1R.png	unverified
D90-4-08705	گراپا	nonstandard	818_1R.png	unverified
D90-4-08718	گرافىك	headword	819_2L.png	unverified
D90-4-08706	گرادۇس	headword	818_1R.png	unverified
D90-4-08707	گرادۇس بۆلگۈچ	headword	818_2L.png	unverified
D90-4-08708	گرادۇس تورى	headword	818_2L.png	unverified
D90-4-08709	گرادۇسلۇق	headword	818_2L.png	unverified
D90-4-08710	گرادىئېنت	headword	819_1R.png	verified
D90-4-08712	گراژدان	headword	819_1R.png	unverified
D90-4-08713	گراژدانلىق	headword	819_1R.png	unverified
D90-4-08714	گراژدانلىق كىنىشكىسى	headword	819_2L.png	unverified
D90-4-08715	گراف	headword	819_2L.png	unverified
D90-4-08716	گرافا	headword	819_2L.png	unverified
D90-4-08717	گرافىت	headword	819_2L.png	unverified
D90-4-08719	گرافىكا	headword	820_1R.png	unverified
D90-4-08720	گرافىكىلىق	headword	820_1R.png	unverified
D90-4-08722	گرام	headword	820_1R.png	unverified
D90-4-08723	گرام ئاتوم	headword	820_1R.png	unverified
D90-4-08724	گرام مولېكۇلا	headword	820_1R.png	unverified
D90-4-08725	گرام مولېكۇلىلىق قويۇقلۇق	headword	820_2L.png	unverified
D90-4-08726	گرام ئېكۋىۋالېنت	headword	820_2L.png	unverified
D90-4-08727	گراملاتماق	headword	820_2L.png	unverified
D90-4-08728	گراملانماق	headword	820_2L.png	unverified
D90-4-08729	گراملىق	headword	820_2L.png	unverified
D90-4-08730	گراملىماق	headword	820_2L.png	unverified
D90-4-08731	گرامماتىكا	headword	820_2L.png	unverified
D90-4-08732	گرامماتىكىلىق	headword	821_1R.png	unverified
D90-4-08739	گراناتوميوت	headword	822_1R.png	unverified
D90-4-08740	گرانىت	headword	822_1R.png	unverified
D90-4-08741	گرانىت تاش	headword	822_1R.png	unverified
D90-4-08742	گرانىت تۈزۈلمىسى	headword	822_1R.png	unverified
D90-4-08743	گرانىت جىنس	headword	822_1R.png	unverified
D90-4-08744	گرانىت قاتلىمى	headword	822_1R.png	unverified
D90-4-08745	گرانىتلىق	headword	822_1R.png	unverified
D90-4-08746	گرانىتلىق پىگماتىت	headword	822_1R.png	unverified
D90-4-08747	گرانىتلىق دىئورىت	headword	822_1R.png	unverified
D90-4-08748	گراۋىتاتسىيە	headword	822_2L.png	unverified
D90-4-08749	گراۋىتاتسىيىلىك	headword	822_2L.png	unverified
D90-4-08751	گراۋىمېترىيە	headword	822_2L.png	unverified
D90-4-08752	گروزىن	headword	823_1R.png	unverified
D90-4-08753	گروزىن تىلى	headword	823_1R.png	unverified
D90-4-08754	گروزىنچە	headword	823_1R.png	unverified
D90-4-08755	گروزىنلار	headword	823_1R.png	unverified
D90-4-08756	گرېك	headword	823_1R.png	unverified
D90-4-08757	گرېك تىلى	headword	823_1R.png	unverified
D90-4-08758	گرېك مەدەنىيىتى	headword	823_1R.png	unverified
D90-4-08759	گرېك ھەرپلىرى	headword	823_2L.png	unverified
D90-4-08760	گرېك ئېلىپبەسى	headword	823_2L.png	unverified
D90-4-08761	گرېكچە	headword	823_2L.png	unverified
D90-4-08762	گرېكلار	headword	823_2L.png	unverified
D90-4-08763	گرېلكا	headword	824_1R.png	unverified
D90-4-08764	گربيزېن	headword	824_1R.png	unverified
D90-4-08765	گرىفورت	headword	824_1R.png	unverified
D90-4-08767	گلاۋكوما	headword	824_2L.png	unverified
D90-4-08768	گلوبۇس	headword	824_2L.png	unverified
D90-4-08769	گلوبۇلىن	headword	824_2L.png	unverified
D90-4-08769-v1	شارچە ئاقسىل	variant	824_2L.png	unverified
D90-4-08770	گلۇكوزا	headword	824_2L.png	unverified
D90-4-08771	گلىكوزىد	headword	825_1R.png	unverified
D90-4-08772	گلۇكوزىدلار	headword	825_1R.png	unverified
D90-4-08773	گلىتسېرىن	headword	825_1R.png	unverified
D90-4-08774	گلىكوگېن	headword	825_1R.png	unverified
D90-4-08775	گنېيس	headword	825_2L.png	unverified
D90-4-08777	گوئارانا	headword	825_2L.png	unverified
D90-4-08779	گوپاك	headword	825_2L.png	unverified
D90-4-08782	گوداڭ	headword	826_1R.png	unverified
D90-4-08783	گوداڭلىق	headword	826_1R.png	unverified
D90-4-08784	گور	nonstandard	826_1R.png	unverified
D90-4-08982	گۆر	headword	844_2L.png	unverified
D90-4-08785	گورست	headword	826_1R.png	verified
D90-4-08785-v1	يەر سەندىلى	variant	826_1R.png	verified
D90-4-08786	گورمون	headword	826_1R.png	verified
D90-4-08787	گوروھ	nonstandard	826_2L.png	unverified
D90-4-08866	گۇرۇھ	headword	833_2L.png	unverified
D90-4-08788	گورىزونتال	headword	826_2L.png	unverified
D90-4-08791	گوسپىتال	headword	826_2L.png	unverified
D90-4-08792	گوسسامپىنۇس	headword	826_2L.png	unverified
D90-4-08792-v1	گوسسامپىنۇس دەرىخى	variant	826_2L.png	unverified
D90-4-08795	گوشۇڭلۇق	headword	826_2L.png	unverified
D90-4-08797	گول	headword	827_1R.png	unverified
D90-4-08799	گول قىلماق	headword	827_2L.png	unverified
D90-4-08800	گولىپ	headword	827_2L.png	unverified
D90-4-08801	گولف توپى	headword	827_2L.png	unverified
D90-4-08802	گولگى	headword	827_2L.png	unverified
D90-4-08803	گولگى تەنچىسى	headword	827_2L.png	unverified
D90-4-08804	گوللاشماق	headword	827_2L.png	unverified
D90-4-08805	گوللاندىيە	headword	828_1R.png	unverified
D90-4-08806	گوللاندىيە كالىسى	headword	828_1R.png	unverified
D90-4-08807	گوللانماق	headword	828_1R.png	unverified
D90-4-08808	گوللۇق	headword	828_1R.png	unverified
D90-4-08809	گوللىماق	headword	828_2L.png	unverified
D90-4-08810	گولمۇيماق	headword	828_2L.png	unverified
D90-4-08811	گولمىي	headword	828_2L.png	unverified
D90-4-08812	گولوگرافىيە	headword	828_2L.png	unverified
D90-4-08813	گولوگرافىيىلىك	headword	828_2L.png	unverified
D90-4-08815	گولوگرامما	headword	829_1R.png	unverified
D90-4-08816	گولىماق	headword	829_1R.png	unverified
D90-4-08817	گومولوگ	headword	829_1R.png	unverified
D90-4-08818	گومولوگلار	headword	829_1R.png	unverified
D90-4-08820	گومۇشلۇق	headword	829_1R.png	unverified
D90-4-08822	گومىنداڭ	headword	829_2L.png	unverified
D90-4-08823	گومىنداڭچى	headword	829_2L.png	unverified
D90-4-08824	گوندۋانا	headword	830_1R.png	unverified
D90-4-08828	گويا	headword	830_2L.png	unverified
D90-4-08829	گوياخەي	headword	830_2L.png	unverified
D90-4-08830	گوياكى	headword	830_2L.png	unverified
D90-4-08831	گۇئانىدىن	headword	831_1R.png	verified
D90-4-08832	گۇپ	nonstandard	831_1R.png	unverified
D90-4-09045	گۈپ	headword	849_2L.png	unverified
D90-4-08833	گۇپپاخ	headword	831_1R.png	unverified
D90-4-08834	گۇپپاڭ	headword	831_1R.png	unverified
D90-4-08837	گۇپپاڭچى	headword	831_1R.png	unverified
D90-4-08838	گۇپپاڭچىلىق	headword	831_1R.png	unverified
D90-4-08840	گۇتتاتۇس	headword	831_2L.png	unverified
D90-4-08841	گۇتتاتۇس بېلىقلىرى	headword	831_2L.png	unverified
D90-4-08842	گۇچ	headword	831_2L.png	unverified
D90-4-08843	گۇچچىدە	headword	831_2L.png	unverified
D90-4-08844	گۇچ-گۇچ	headword	831_2L.png	unverified
D90-4-08845	گۇچىلداقتاق	headword	831_2L.png	unverified
D90-4-08846	گۇچىلداشماق	headword	831_2L.png	unverified
D90-4-08847	گۇچىلدىماق	headword	831_2L.png	unverified
D90-4-08848	گۇدۇڭ	headword	832_1R.png	unverified
D90-4-08850	گۇدۇڭشىشماق	headword	832_1R.png	unverified
D90-4-08851	گۇدۇڭشىماق	headword	832_1R.png	unverified
D90-4-08852	گۇدۇڭ-گۇدۇڭ	headword	832_1R.png	unverified
D90-4-08854	گۇدۇڭلاشماق	headword	832_2L.png	unverified
D90-4-08855	گۇدۇڭلىماق	headword	832_2L.png	unverified
D90-4-08856	گۇردى	headword	832_2L.png	unverified
D90-4-08857	گۇرۇپپا	headword	832_2L.png	unverified
D90-4-08858	گۇرۇپپىلاش	headword	833_1R.png	unverified
D90-4-08859	گۇرۇپپىلاشتۇرماق	headword	833_1R.png	unverified
D90-4-08860	گۇرۇپپىلاشتۇرۇلماق	headword	833_1R.png	unverified
D90-4-08861	گۇرۇپپىلاشماق	headword	833_2L.png	unverified
D90-4-08862	گۇرۇپپىلىق	headword	833_2L.png	unverified
D90-4-08864	گۇرۇپپىۋاز	headword	833_2L.png	unverified
D90-4-08865	گۇرۇپپىۋازلىق	headword	833_2L.png	unverified
D90-4-08867	گۇرۇھچىلىق	headword	833_2L.png	unverified
D90-4-08868	گۇرۇھ-گۇرۇھ	headword	833_2L.png	unverified
D90-4-08869	گۇرۇھۋاز	headword	834_1R.png	unverified
D90-4-08870	گۇرۇھۋازلىق	headword	834_1R.png	unverified
D90-4-08871	گۇشا	headword	834_1R.png	unverified
D90-4-08872	گۈك	headword	834_1R.png	unverified
D90-4-08873	گۈك-گۈك	headword	834_1R.png	unverified
D90-4-08874	گۈ-گۈ	headword	834_1R.png	unverified
D90-4-08875	گۈگۈت	nonstandard	834_2L.png	unverified
D90-4-09098	گۈڭگۈرت	headword	853_2L.png	unverified
D90-4-08876	گۈگۈكلاشماق	headword	834_2L.png	unverified
D90-4-08877	گۈگۈكلىماق	headword	834_2L.png	unverified
D90-4-08878	گۈگۈلدىماق	headword	834_2L.png	unverified
D90-4-08879	گۈگۈلىماق	headword	834_2L.png	unverified
D90-4-08880	گۈگۈم	headword	834_2L.png	unverified
D90-4-08882	گۈگۈم ۋاقتى	headword	835_1R.png	unverified
D90-4-08883	گۈگۈملاشماق	headword	835_1R.png	unverified
D90-4-08891	گۇڭرىماق	headword	835_2L.png	unverified
D90-4-08893	گۇڭشېلاشتۇرماق	headword	836_1R.png	unverified
D90-4-08894	گۇڭشېلاشتۇرۇلماق	headword	836_1R.png	unverified
D90-4-08895	گۇڭشېلاشماق	headword	836_1R.png	unverified
D90-4-08896	گۇڭگا	headword	836_1R.png	unverified
D90-4-08897	گۇڭ-گۇڭ	headword	836_1R.png	unverified
D90-4-08898	گۇڭ-مۇڭ	headword	836_1R.png	unverified
D90-4-08898-v1	ھال-مۇڭ	variant	836_1R.png	unverified
D90-4-08899	گۇڭۇرلاشماق	headword	836_1R.png	unverified
D90-4-08900	گۇڭۇرلىماق	headword	836_1R.png	unverified
D90-4-08901	گۇڭۇر-مۇڭۇر	headword	836_2L.png	unverified
D90-4-08902	گۇڭۇلداتماق	headword	836_2L.png	unverified
D90-4-08903	گۇڭۇلداشماق	headword	836_2L.png	unverified
D90-4-08904	گۇڭۇلدىماق	headword	836_2L.png	unverified
D90-4-08905	گۇلا	headword	836_2L.png	unverified
D90-4-08908	گۇلاب	headword	836_2L.png	verified
D90-4-08909	گۇلابىي	headword	837_1R.png	unverified
D90-4-08911	گۇلاخ	headword	837_1R.png	unverified
D90-4-08912	گۇلدېر	headword	837_1R.png	unverified
D90-4-08913	گۇم	headword	837_1R.png	unverified
D90-4-08915	گۈممىدە	headword	837_2L.png	unverified
D90-4-08916	گۇماشتا	headword	837_2L.png	unverified
D90-4-08917	گۇمان	headword	837_2L.png	unverified
D90-4-08919	گۇمان چۈشمەك	headword	838_1R.png	unverified
D90-4-08920	گۇمان قىلماق	headword	838_1R.png	unverified
D90-4-08921	گۇمان-ئەندىشە	headword	838_1R.png	unverified
D90-4-08922	گۇمانخور	headword	838_1R.png	unverified
D90-4-08923	گۇمانخورلۇق	headword	838_1R.png	unverified
D90-4-08924	گۇمانسىرىماق	headword	838_2L.png	unverified
D90-4-08925	گۇمانسىز	headword	838_2L.png	unverified
D90-4-08926	گۇمانسىزلىق	headword	838_2L.png	unverified
D90-4-08927	گۇمانلاندۇرماق	headword	838_2L.png	unverified
D90-4-08928	گۇمانلانماق	headword	838_2L.png	unverified
D90-4-08929	گۇمانلىق	headword	838_2L.png	unverified
D90-4-08931	گۇمانىزم	headword	839_1R.png	unverified
D90-4-08932	گۇمانىست	headword	839_1R.png	unverified
D90-4-08933	گۇمانىي	headword	839_1R.png	unverified
D90-4-08934	گۇمبا-گۇمباڭ	headword	839_1R.png	unverified
D90-4-08936	گۇمباڭ-گۇمباڭ	headword	839_1R.png	unverified
D90-4-08935	گۇمباڭ	headword	839_1R.png	unverified
D90-4-08938	گۇمپا كۆرسەتمەك	headword	839_2L.png	unverified
D90-4-08939	گۇمران	headword	839_2L.png	unverified
D90-4-08940	گۇمران ئەيلىمەك	headword	839_2L.png	unverified
D90-4-08942	گۇمران قىلماق	headword	839_2L.png	unverified
D90-4-08941	گۇمران بولماق	headword	839_2L.png	unverified
D90-4-08943	گۇمرانچىلىق	headword	839_2L.png	unverified
D90-4-08944	گۇمرانلىق	headword	840_1R.png	unverified
D90-4-08945	گۇمراھ	headword	840_1R.png	unverified
D90-4-08946	گۇم-گۇم	headword	840_1R.png	unverified
D90-4-08947	گۇناھ	headword	840_1R.png	unverified
D90-4-08948	گۇناھ ئۆتكۈزمەك	headword	840_2L.png	unverified
D90-4-08949	گۇناھىدىن كەچمەك	headword	840_2L.png	unverified
D90-4-08950	گۇناھىدىن ئۆتمەك	headword	840_2L.png	unverified
D90-4-08951	گۇناھىنى تىلىمەك	headword	840_2L.png	unverified
D90-4-08952	گۇناھىنى گەدىنىگە ئالماق	headword	840_2L.png	unverified
D90-4-08953	گۇناھىنى يۇماق	headword	840_2L.png	unverified
D90-4-08954	گۇناھ يېزىش	headword	841_1R.png	unverified
D90-4-08955	گۇناھسىز	headword	841_1R.png	unverified
D90-4-08956	گۇناھكار	headword	841_1R.png	unverified
D90-4-08958	گۇناھكارلارچە	headword	841_2L.png	unverified
D90-4-08959	گۇناھكارلىق	headword	841_2L.png	unverified
D90-4-08960	گۇناھلىق	headword	841_2L.png	unverified
D90-4-08961	گۇناھىسەغىر	headword	841_2L.png	unverified
D90-4-08962	گۇناھىكەبىر	headword	841_2L.png	unverified
D90-4-08963	گۇندا	headword	841_2L.png	unverified
D90-4-08964	گۇندىپاي	headword	842_1R.png	unverified
D90-4-08965	گۇندىخانا	headword	842_1R.png	unverified
D90-4-08966	گۇۋاھ	headword	842_2L.png	unverified
D90-4-08968	گۇۋاھچى	headword	843_1R.png	unverified
D90-4-08969	گۇۋاھچىنىڭ گۇۋاھلىق سۆزى	headword	843_1R.png	unverified
D90-4-08970	گۇۋاھچىلىق	headword	843_1R.png	unverified
D90-4-08971	گۇۋاھلىق	headword	843_2L.png	unverified
D90-4-08972	گۇۋاھلىق بەرمەك	headword	843_2L.png	unverified
D90-4-08972-v1	گۇۋاھ بولماق	variant	843_2L.png	unverified
D90-4-08973	گۇۋاھلىقتىن ئۆتمەك	headword	843_2L.png	unverified
D90-4-08974	گۇۋاھلىق قىلماق	headword	843_2L.png	unverified
D90-4-08975	گۇۋاھنامە	headword	843_2L.png	unverified
D90-4-08978	گۆدەك	headword	844_1R.png	unverified
D90-4-08979	گۆدەكلەرچە	headword	844_1R.png	unverified
D90-4-08980	گۆدەكلىك	headword	844_1R.png	unverified
D90-4-08987	گۆر قاراڭغۇسى	headword	845_1R.png	unverified
D90-4-08988	گۆرگە تىقماق	headword	845_1R.png	unverified
D90-4-08989	گۆرگە كىرمەك	headword	845_1R.png	unverified
D90-4-08990	گۆرگە ئىتتەرمەك	headword	845_1R.png	unverified
D90-4-08991	گۆر لەخمىسى	headword	845_1R.png	unverified
D90-4-08992	گۆرىدە ئۆرە ئولتۇرماق	headword	845_1R.png	unverified
D90-4-08993	گۆرىدىن توڭگۈز قوپقۇر	headword	845_1R.png	unverified
D90-4-08994	گۆرىگە ئوت كەتمەك	headword	845_1R.png	unverified
D90-4-08995	گۆردەش	headword	845_2L.png	unverified
D90-4-08996	گۆركار	headword	845_2L.png	unverified
D90-4-08997	گۆركارلىق	headword	845_2L.png	unverified
D90-4-08998	گۆرلۈك	headword	845_2L.png	unverified
D90-4-09000	گۆرۈ	headword	845_2L.png	unverified
D90-4-09001	گۆرۈ خەت	headword	846_1R.png	unverified
D90-4-09002	گۆرۈگە ئالماق	headword	846_1R.png	unverified
D90-4-09003	گۆرۈگە قويماق	headword	846_1R.png	unverified
D90-4-09004	گۆرۈخانا	headword	846_1R.png	unverified
D90-4-09005	گۆرۈكەش	headword	846_1R.png	unverified
D90-4-09006	گۆرۋەن	headword	846_2L.png	unverified
D90-4-09007	گۆرىستان	headword	846_2L.png	unverified
D90-4-09008	گۆرىستانلىق	headword	846_2L.png	unverified
D90-4-09009	گۆسمە	headword	846_2L.png	unverified
D90-4-09010	گۆسمەك	headword	846_2L.png	unverified
D90-4-09011	گۆسمۈس	headword	846_2L.png	unverified
D90-4-09012	گۆش	headword	846_2L.png	unverified
D90-4-09013	گۆش تاپ	headword	847_1R.png	unverified
D90-4-09014	گۆش توخۇسى	headword	847_1R.png	unverified
D90-4-09015	گۆش خوشاڭ	headword	847_1R.png	unverified
D90-4-09016	گۆش رەڭ	headword	847_1R.png	unverified
D90-4-09017	گۆش كالىسى	headword	847_1R.png	unverified
D90-4-09018	گۆش كۆتىكى	headword	847_1R.png	unverified
D90-4-09020	گۆش گىردە	headword	847_1R.png	unverified
D90-4-09021	گۆشە يىمەك	headword	847_2L.png	unverified
D90-4-09022	گۆش-پۆش	headword	847_2L.png	unverified
D90-4-09023	گۆشتۇل	headword	847_2L.png	unverified
D90-4-09024	گۆشخور	headword	847_2L.png	unverified
D90-4-09025	گۆشخورلۇق	headword	847_2L.png	unverified
D90-4-09026	گۆشسىز	headword	847_2L.png	unverified
D90-4-09027	گۆشلەشمەك	headword	847_2L.png	unverified
D90-4-09028	گۆشلۈك	headword	847_2L.png	unverified
D90-4-09029	گۆشلۈك باشاقسمان گۈل رېتى	headword	848_1R.png	unverified
D90-4-09030	گۆشلۈك پالاقچە	headword	848_1R.png	unverified
D90-4-09031	گۆشلۈك قاشتېشى	headword	848_1R.png	unverified
D90-4-09032	گۆشلۈك يىلتىز	headword	848_1R.png	unverified
D90-4-09033	گۆش-ياغ	headword	848_1R.png	unverified
D90-4-09034	گۆكە	headword	848_1R.png	unverified
D90-4-09035	گۆلەش	headword	848_1R.png	unverified
D90-4-09036	گۆلەپمەك	headword	848_2L.png	unverified
D90-4-09037	گۆلمە	headword	848_2L.png	unverified
D90-4-09038	گۆلىيىشمەك	headword	848_2L.png	unverified
D90-4-09039	گۆھەر	headword	848_2L.png	unverified
D90-4-09040	گۆھەرپۇرۇش	headword	849_1R.png	unverified
D90-4-09041	گۆھەرشۇناس	headword	849_1R.png	unverified
D90-4-09042	گۆھەرشۇناسلىق	headword	849_1R.png	verified
D90-4-09043	گۆھەرلىك	headword	849_1R.png	unverified
D90-4-09044	گۆيەك	headword	849_1R.png	unverified
D90-4-09046	گۈپپىدە	headword	849_2L.png	unverified
D90-4-09047	گۈپ-گۈپ	headword	849_2L.png	unverified
D90-4-09048	گۈپۈر-گۈپۈر	headword	850_1R.png	unverified
D90-4-09049	گۈپۈلدەتمەك	headword	850_1R.png	unverified
D90-4-09050	گۈپۈلدەشمەك	headword	850_1R.png	unverified
D90-4-09051	گۈپۈلدىمەك	headword	850_1R.png	unverified
D90-4-09052	گۈدرەت	headword	850_1R.png	unverified
D90-4-09053	گۈدۈك	headword	850_1R.png	unverified
D90-4-09054	گۈر	headword	850_1R.png	unverified
D90-4-09056	گۈرەن	headword	850_2L.png	unverified
D90-4-09060	گۈرەنلىك	headword	850_2L.png	unverified
D90-4-09061	گۈرجەك	headword	850_2L.png	unverified
D90-4-09062	گۈرخان	headword	850_2L.png	unverified
D90-4-09063	گۈررىدە	headword	851_1R.png	unverified
D90-4-09064	گۈرزە	headword	851_1R.png	unverified
D90-4-09065	گۈرس	headword	851_1R.png	unverified
D90-4-09066	گۈرسىدە	headword	851_1R.png	unverified
D90-4-09067	گۈرس-گۈرس	headword	851_1R.png	unverified
D90-4-09068	گۈرسۈلدەتمەك	headword	851_1R.png	unverified
D90-4-09069	گۈرسۈلدىمەك	headword	851_2L.png	unverified
D90-4-09070	گۈركىرەتمە	headword	851_2L.png	unverified
D90-4-09070-v1	شارقىراتما	variant	851_2L.png	unverified
D90-4-09071	گۈركىرەتمەك	headword	851_2L.png	unverified
D90-4-09072	گۈركىرەشمەك	headword	851_2L.png	unverified
D90-4-09073	گۈركىرىمەك	headword	851_2L.png	unverified
D90-4-09074	گۈر-گۈر	headword	851_2L.png	unverified
D90-4-09075	گۈر-گۈر گاز	headword	852_1R.png	unverified
D90-4-09075-v1	پاقىلداق گاز	variant	852_1R.png	unverified
D90-4-09076	گۈرۈچ	headword	852_1R.png	unverified
D90-4-09077	گۈرۈچ ئاش	headword	852_1R.png	unverified
D90-4-09077-v1	پولو	variant	852_1R.png	unverified
D90-4-09078	گۈرۈلدەتمەك	headword	852_1R.png	unverified
D90-4-09079	گۈرۈلدەشمەك	headword	852_1R.png	unverified
D90-4-09080	گۈرۈلدىمەك	headword	852_1R.png	unverified
D90-4-09081	گۈزە	nonstandard	852_1R.png	unverified
D90-4-09082	گۈزەر	headword	852_1R.png	unverified
D90-4-09083	گۈزەل	headword	852_2L.png	unverified
D90-4-09084	گۈزەل سەنئەت	headword	852_2L.png	unverified
D90-4-09085	گۈزەل سەنئەت فىلىمى	headword	852_2L.png	unverified
D90-4-09086	گۈزەل سۈتلۈكئوت	headword	852_2L.png	unverified
D90-4-09087	گۈزەل قاغتىرنقى	headword	853_1R.png	unverified
D90-4-09705	لالە	headword	902_2L.png	unverified
D90-4-09088	گۈزەل-كۆركەم	headword	853_1R.png	unverified
D90-4-09089	گۈزەللەشتۈرمەك	headword	853_1R.png	unverified
D90-4-09090	گۈزەللەشتۈرۈلمەك	headword	853_1R.png	unverified
D90-4-09091	گۈزەللەشمەك	headword	853_1R.png	unverified
D90-4-09092	گۈزەللىك	headword	853_1R.png	unverified
D90-4-09094	گۈزەللىك تەنھەرىكىتى	headword	853_2L.png	unverified
D90-4-09095	گۈزەللىك ھېسسىياتى	headword	853_2L.png	unverified
D90-4-09096	گۈگۈسۈن	headword	853_2L.png	unverified
D90-4-09097	گۈگۈسۈنلۈك	headword	853_2L.png	unverified
D90-4-09099	گۈڭگۈرت باكتېرىيىسى	headword	853_2L.png	unverified
D90-4-09100	گۈڭگۈرت كىسلاناسى	headword	854_1R.png	unverified
D90-4-09100-v1	سۇلفات كىسلاتا	variant	854_1R.png	unverified
D90-4-09101	گۈڭگۈرت گۈلى	headword	854_1R.png	unverified
D90-4-09102	گۈڭگۈرت (IV) ئوكسىد	headword	854_1R.png	unverified
D90-4-09103	گۈڭگۈرتلەشتۈرمەك	headword	854_1R.png	unverified
D90-4-09104	گۈڭگۈرتلەشتۈرۈلمەك	headword	854_1R.png	unverified
D90-4-09105	گۈڭگۈرتلەشكەن	headword	854_1R.png	unverified
D90-4-09107	گۈڭگۈرتلەشمەك	headword	854_2L.png	unverified
D90-4-09108	گۈڭگۈرتلەنمەك	headword	854_2L.png	unverified
D90-4-09109	گۈڭگۈرتلۈك	headword	854_2L.png	unverified
D90-4-09111	گۈل	headword	854_2L.png	unverified
D90-4-09112	گۈل باسماق	headword	855_1R.png	unverified
D90-4-09113	گۈل بەرگى	headword	855_1R.png	unverified
D90-4-09116	گۈل تاجى ياپراقچىسى	headword	855_2L.png	unverified
D90-4-09114	گۈل بىخى	headword	855_1R.png	unverified
D90-4-09115	گۈل تاجى	headword	855_1R.png	unverified
D90-4-09117	گۈل تەخسسى	headword	855_2L.png	unverified
D90-4-09118	گۈل تەگلىكى	headword	855_2L.png	unverified
D90-4-09119	گۈل تىزمىسى	headword	855_2L.png	unverified
D90-4-09131	گۈل رېتى	headword	856_2L.png	unverified
D90-4-09120	گۈل تىكمەك	headword	855_2L.png	unverified
D90-4-09121	گۈل چەكمەك	headword	855_2L.png	unverified
D90-4-09122	گۈل چەمبىرەك	headword	855_2L.png	unverified
D90-4-09123	گۈل چېڭى	headword	856_1R.png	unverified
D90-4-09124	گۈل چېڭى خالتىسى	headword	856_1R.png	unverified
D90-4-09125	گۈل چېڭى نەيچىسى	headword	856_1R.png	unverified
D90-4-09126	گۈل چېھرە	headword	856_1R.png	unverified
D90-4-09127	گۈل چىراي	headword	856_1R.png	unverified
D90-4-09128	گۈل چىنىسى	headword	856_1R.png	unverified
D90-4-09128-v1	گۈل كاسسى	variant	856_1R.png	unverified
D90-4-09129	گۈل دەستە	headword	856_1R.png	unverified
D90-4-09130	گۈل دۇمباق ئۇسسۇلى	headword	856_2L.png	unverified
D90-4-09132	گۈل ساپىقى	headword	856_2L.png	unverified
D90-4-09135	گۈل سېپى	headword	856_2L.png	unverified
D90-4-09133	گۈل سەيلىسى	headword	856_2L.png	unverified
D90-4-09134	گۈل سخېمىسى	headword	856_2L.png	unverified
D90-4-09136	گۈل شېخى	headword	856_2L.png	unverified
D90-4-09137	گۈل شىرنىسى	headword	856_2L.png	unverified
D90-4-09138	گۈل فورمۇلىسى	headword	857_1R.png	unverified
D90-4-09139	گۈل قېپى	headword	857_1R.png	unverified
D90-4-09155	گۈل يېپىنچىسى	headword	858_1R.png	unverified
D90-4-09140	گۈل قېتى	headword	857_1R.png	unverified
D90-4-09141	گۈل قىيامى	headword	857_1R.png	unverified
D90-4-09142	گۈل كاپوستا	headword	857_1R.png	unverified
D90-4-09143	گۈل كاسا يايراقچىسى	headword	857_1R.png	unverified
D90-4-09144	گۈل كاسىسى	headword	857_1R.png	unverified
D90-4-09145	گۈل كەلتۈرمەك	headword	857_1R.png	unverified
D90-4-09146	گۈل كۆرۈنمەك	headword	857_2L.png	unverified
D90-4-09147	گۈل ھۆسنى ماددىسى	headword	857_2L.png	unverified
D90-4-09148	گۈل ئوقى	headword	857_2L.png	unverified
D90-4-09149	گۈل ئۈستىگە گۈل بولماق	headword	857_2L.png	unverified
D90-4-09150	گۈل ئۈستىگە گۈل چېكىلمەك	headword	857_2L.png	unverified
D90-4-09151	گۈل ئۈستىگە گۈل كەلمەك	headword	857_2L.png	unverified
D90-4-09152	گۈلى گۈلگە كەلمەك	headword	857_2L.png	unverified
D90-4-09153	گۈلنى قىسماق	headword	858_1R.png	unverified
D90-4-09154	گۈل يۈزلۈك	headword	858_1R.png	unverified
D90-4-09156	گۈل يېپى	headword	858_1R.png	unverified
D90-4-09157	گۈلە	headword	858_1R.png	unverified
D90-4-09158	گۈلەپشان	headword	858_1R.png	unverified
D90-4-09160	گۈلەخ	nonstandard	858_2L.png	unverified
D90-4-09160-c1	گۇلام	corrected_form	858_2L.png	unverified
D90-4-09162	گۈلە-قاق	headword	858_2L.png	unverified
D90-4-09163	گۈلەڭ	headword	858_2L.png	unverified
D90-4-09164	گۈلەڭگۈچ	headword	858_2L.png	unverified
D90-4-09164-v1	ئىلەڭگۈچ	variant	858_2L.png	unverified
D90-4-09165	گۈلئەنبەر	headword	858_2L.png	verified
D90-4-09166	گۈلبوغۇن	headword	858_2L.png	unverified
D90-4-09167	گۈلبىنەپشە	headword	859_1R.png	unverified
D90-4-09168	گۈلچاڭ	headword	859_1R.png	unverified
D90-4-09169	گۈل-چېچەك	headword	859_1R.png	unverified
D90-4-09170	گۈلچى	headword	859_1R.png	verified
D90-4-09171	گۈلچىلىك	headword	859_2L.png	unverified
D90-4-09172	گۈلچىمەن	headword	859_2L.png	unverified
D90-4-09173	گۈلخان	headword	859_2L.png	unverified
D90-4-09175	گۈلخان ياقماق	headword	860_1R.png	unverified
D90-4-09176	گۈلخانلاتماق	headword	860_1R.png	unverified
D90-4-09177	گۈلخانلانماق	headword	860_1R.png	unverified
D90-4-09178	گۈلدار	headword	860_1R.png	unverified
D90-4-09179	گۈلدان	headword	860_1R.png	unverified
D90-4-09180	گۈلدەك	headword	860_1R.png	unverified
D90-4-09181	گۈلدۈر	headword	860_2L.png	unverified
D90-4-09183	گۈلدۈراس	headword	860_2L.png	unverified
D90-4-09184	گۈلدۈراس ئالقىش	headword	861_1R.png	unverified
D90-4-09185	گۈلدۈر-تاراق	headword	861_1R.png	unverified
D90-4-09186	گۈلدۈر-غاراس	headword	861_1R.png	verified
D90-4-09187	گۈلدۈر-غالاپ	headword	861_1R.png	unverified
D90-4-09187-v1	گۈلدۇر-غاراس	variant	861_1R.png	unverified
D90-4-09188	گۈلدۈر-گۈپپاڭ	headword	861_1R.png	unverified
D90-4-09189	گۈلدۈر-گۇلاپ	headword	861_1R.png	unverified
D90-4-09190	گۈلدۈر-گۈلدۈر	headword	861_1R.png	unverified
D90-4-09191	گۈلدۈرلەتمەك	headword	861_2L.png	unverified
D90-4-09192	گۈلدۈرلەشمەك	headword	861_2L.png	unverified
D90-4-09193	گۈلدۈرلىمەك	headword	861_2L.png	unverified
D90-4-09194	گۈلدۈرماما	headword	861_2L.png	unverified
D90-4-09195	گۈلدۈرماملىق	headword	861_2L.png	unverified
D90-4-09196	گۈلدۈرمە	headword	861_2L.png	unverified
D90-4-09197	گۈلرەيھان	headword	862_1R.png	unverified
D90-4-09197-v1	رەيھانگۈل	variant	862_1R.png	unverified
D90-4-09198	گۈلزار	headword	862_1R.png	unverified
D90-4-09199	گۈلزارلىق	headword	862_1R.png	unverified
D90-4-09200	گۈلسامساق	headword	862_1R.png	unverified
D90-4-09201	گۈلسۇرۇخ	headword	862_1R.png	unverified
D90-4-09202	گۈلسۇرۇخ رەڭ	headword	862_1R.png	unverified
D90-4-09203	گۈلسۆسەر	headword	862_1R.png	unverified
D90-4-09204	گۈلسىز	headword	862_2L.png	unverified
D90-4-09206	گۈلسىمان	headword	862_2L.png	unverified
D90-4-09207	گۈلشەن	headword	862_2L.png	unverified
D90-4-09208	گۈلشىۋاق	headword	862_2L.png	unverified
D90-4-09209	گۈل-غۇنچە	headword	862_2L.png	unverified
D90-4-09210	گۈلقات	headword	862_2L.png	unverified
D90-4-09211	گۈلقەقە	headword	863_1R.png	unverified
D90-4-09213	گۈلقەنت	headword	863_1R.png	unverified
D90-4-09214	گۈلقىيار	headword	863_1R.png	unverified
D90-4-09215	گۈل-كەشتە	headword	863_1R.png	unverified
D90-4-09216	گۈل-گۈلىستان	headword	863_2L.png	unverified
D90-4-09217	گۈل-گۈلىستانلىق	headword	863_2L.png	unverified
D90-4-09218	گۈلگۈم	headword	863_2L.png	unverified
D90-4-09219	گۈلگۈن	headword	863_2L.png	unverified
D90-4-09220	گۈل-گىياھ	headword	863_2L.png	unverified
D90-4-09221	گۈللەتمەك	headword	863_2L.png	unverified
D90-4-09222	گۈللەندۈرمەك	headword	864_1R.png	unverified
D90-4-09223	گۈللەندۈرۈلمەك	headword	864_1R.png	unverified
D90-4-09224	گۈللىنمەك	headword	864_1R.png	unverified
D90-4-09225	گۈللۈك	headword	864_1R.png	unverified
D90-4-09226	گۈللۈك تەمرەتكە	headword	864_2L.png	unverified
D90-4-09227	گۈللۈك چاي	headword	864_2L.png	unverified
D90-4-09228	گۈللۈك مارجانتاش	headword	864_2L.png	unverified
D90-4-09229	گۈللۈك ئۆسۈملۈكلەر	headword	864_2L.png	unverified
D90-4-09230	گۈللىمەك	headword	864_2L.png	unverified
D90-4-09231	گۈلمە	headword	865_1R.png	unverified
D90-4-09232	گۈلمەريەم	headword	865_1R.png	unverified
D90-4-09233	گۈلنار	headword	865_1R.png	unverified
D90-4-09234	گۈلناز	headword	865_1R.png	unverified
D90-4-09235	گۈل-نەقىش	headword	865_1R.png	unverified
D90-4-09236	گۈلئۇزار	headword	865_1R.png	unverified
D90-4-09237	گۈلىچى	headword	865_1R.png	unverified
D90-4-09238	گۈلىستان	headword	865_1R.png	unverified
D90-4-09239	گۈلىستانلىق	headword	865_2L.png	unverified
D90-4-09240	گۈليار	headword	865_2L.png	unverified
D90-4-09241	گۈليەسىمەن	headword	865_2L.png	unverified
D90-4-09242	گۈم	headword	865_2L.png	unverified
D90-4-09243	گۈمبە	headword	866_1R.png	unverified
D90-4-09244	گۈمبەز	headword	866_1R.png	unverified
D90-4-09247	گۈمبەزچىلىك	headword	866_1R.png	unverified
D90-4-09248	گۈمبەزسىمان	headword	866_1R.png	unverified
D90-4-09249	گۈمبەزلىك	headword	866_2L.png	unverified
D90-4-09250	گۈمبۈر	headword	866_2L.png	unverified
D90-4-09251	گۈمبۈر-گۈمبۈر	headword	866_2L.png	unverified
D90-4-09252	گۈمبۈرلەتمەك	headword	866_2L.png	unverified
D90-4-09253	گۈمبۈرلەشمەك	headword	866_2L.png	unverified
D90-4-09254	گۈمبۈرلىمەك	headword	866_2L.png	unverified
D90-4-09256	گۈمۈرەڭگۈ	headword	867_1R.png	unverified
D90-4-09257	گۈمۈرۈلمەك	headword	867_1R.png	unverified
D90-4-09258	گۈن	headword	867_1R.png	unverified
D90-4-09259	گۈندە	nonstandard	867_1R.png	unverified
D90-4-09260	گۋاردىيە	headword	867_1R.png	unverified
D90-4-09261	گۋاردىيىچى	headword	867_1R.png	unverified
D90-4-09262	گې	headword	867_1R.png	unverified
D90-4-09263	گېپارىن	headword	867_1R.png	unverified
D90-4-09264	گېدە	headword	867_1R.png	unverified
D90-4-09265	گېرەم	headword	867_1R.png	unverified
D90-4-09266	گېرب	headword	867_2L.png	verified
D90-4-09267	گېرتس	headword	867_2L.png	unverified
D90-4-09268	گېرتسوگ	headword	867_2L.png	verified
D90-4-09269	گېرتسىن	headword	867_2L.png	unverified
D90-4-09271	گېركۇلېس	headword	867_2L.png	unverified
D90-4-09271-v1	گېركۇلېس يۇلتۇز تۈركۈمى	variant	867_2L.png	unverified
D90-4-09273	گېرمان	headword	868_1R.png	unverified
D90-4-09274	گېرمانلار	headword	868_1R.png	unverified
D90-4-09275	گېرمانىي	headword	868_1R.png	unverified
D90-4-09276	گېزەرمە	headword	868_1R.png	unverified
D90-4-09276-v1	بىزەك	variant	868_1R.png	unverified
D90-4-09277	گېزەرمەك	headword	868_1R.png	unverified
D90-4-09278	گېزەك	headword	868_1R.png	unverified
D90-4-09280	گېزىت	headword	868_2L.png	unverified
D90-4-09283	گېزىت ئىدارىسى	headword	868_2L.png	unverified
D90-4-09287	گېزىتخانا	headword	869_1R.png	unverified
D90-4-09284	گېزىت-پېزىت	headword	868_2L.png	unverified
D90-4-09285	گېزىتچى	headword	869_1R.png	unverified
D90-4-09286	گېزىتچىلىك	headword	869_1R.png	unverified
D90-4-09288	گېزىت-ژۇرنال	headword	869_1R.png	unverified
D90-4-09289	گېزىرىشمەك	headword	869_1R.png	unverified
D90-4-09290	گېستاپو	headword	869_1R.png	unverified
D90-4-09291	گېستاپوچى	headword	869_1R.png	unverified
D90-4-09292	گېكتار	headword	869_1R.png	unverified
D90-4-09293	گېكتوگرام	headword	869_1R.png	unverified
D90-4-09294	گېكتولىتىر	headword	869_1R.png	unverified
D90-4-09295	گېكتومېتر	headword	869_2L.png	unverified
D90-4-09296	گېگساخلوران	headword	869_2L.png	unverified
D90-4-09297	گېگىلچىلىق	headword	869_2L.png	unverified
D90-4-09298	گېگىلىزم	headword	869_2L.png	unverified
D90-4-09299	گېگىلىزملىق	headword	869_2L.png	unverified
D90-4-09300	گېلاۋ	headword	869_2L.png	unverified
D90-4-09302	گېلاۋچە	headword	870_1R.png	verified
D90-4-09303	گېلاۋخۇي	headword	870_1R.png	unverified
D90-4-09304	گېلاۋلار	headword	870_1R.png	unverified
D90-4-09305	گېلەك	headword	870_1R.png	unverified
D90-4-09306	گېلسېميۇم	headword	870_1R.png	unverified
D90-4-09307	گېلسېميۇم چاتقىلى	headword	870_1R.png	unverified
D90-4-09308	گېلىي	headword	870_2L.png	unverified
D90-4-09309	گېماتىن	headword	870_2L.png	unverified
D90-4-09310	گېموروي	headword	870_2L.png	unverified
D90-4-09310-v1	بوۋاسىر	variant	870_2L.png	unverified
D90-4-09311	گېموگلوبىن	headword	870_2L.png	unverified
D90-4-09312	گېن	headword	870_2L.png	unverified
D90-4-09313	گېن ئامبىرى	headword	871_1R.png	unverified
D90-4-09314	گېن تىپى	headword	871_1R.png	unverified
D90-4-09315	گېن چاستوتىسى	headword	871_1R.png	unverified
D90-4-09316	گېن رولى	headword	871_1R.png	unverified
D90-4-09317	گېن گۇرۇپپىسى	headword	871_1R.png	unverified
D90-4-09318	گېنتىئانا	headword	871_1R.png	unverified
D90-4-09320	گېنرى	headword	871_2L.png	unverified
D90-4-09322	گېنېتىكا	headword	871_2L.png	unverified
D90-4-09323	گېنېراتور	headword	871_2L.png	unverified
D90-4-09324	گېنېرال	headword	871_2L.png	unverified
D90-4-09325	گېنېرال ئارمىيە	headword	871_2L.png	unverified
D90-4-09325-v1	جياڭجۈن	variant	871_2L.png	unverified
D90-4-09327	گېنېرال رېپېتىتسىيە	headword	872_1R.png	unverified
D90-4-09328	گېنېرال لېيتېنانت	headword	872_1R.png	unverified
D90-4-09328-v1	جوڭجياڭ	variant	872_1R.png	unverified
D90-4-09329	گېنېرال مايور	headword	872_1R.png	unverified
D90-4-09329-v1	شاۋجياڭ	variant	872_1R.png	unverified
D90-4-09330	گېنېراللىسمۇس	headword	872_1R.png	unverified
D90-4-09331	گېئوپوتېنسىئالمېتر	headword	872_1R.png	unverified
D90-4-09332	گېئوتېرمىكا	headword	872_1R.png	unverified
D90-4-09333	گېئوتېكتونىكا	headword	872_1R.png	unverified
D90-4-09334	گېئوتېكتونىكىلىق	headword	872_1R.png	unverified
D90-4-09335	گېئوخىمىيە	headword	872_2L.png	verified
D90-4-09336	گېئۇدېزىيە	headword	872_2L.png	unverified
D90-4-09337	گېئوسىنكلىنال	headword	872_2L.png	unverified
D90-4-09338	گېئوفىزىكا	headword	872_2L.png	unverified
D90-4-09339	گېئوفىزىكىلىق	headword	872_2L.png	unverified
D90-4-09341	گېئولوگ	headword	873_1R.png	unverified
D90-4-09342	گېئولوگىيە	headword	873_1R.png	unverified
D90-4-09343	گېئولوگىيىلىك	headword	873_1R.png	unverified
D90-4-09346	گېئولوگىيىلىك دەۋرلەر	headword	873_2L.png	unverified
D90-4-09347	گېئولوگىيىلىك رول	headword	873_2L.png	unverified
D90-4-09347-v1	گېئولوگىيىلىك جەريان	variant	873_2L.png	unverified
D90-4-09348	گېئولوگىيىلىك فورماتسىيە	headword	873_2L.png	unverified
D90-4-09349	گېئولوگىيىلىك كەسمە خەرىتە	headword	873_2L.png	unverified
D90-4-09350	گېئولوگىيىلىك گەۋدە	headword	873_2L.png	unverified
D90-4-09351	گېئولوگىيىلىك ھادىسە	headword	874_1R.png	unverified
D90-4-09352	گېئومېترىك	headword	874_1R.png	unverified
D90-4-09354	گېئومېترىيىلىك	headword	874_1R.png	unverified
D90-4-09353	گېئومېترىيە	headword	874_1R.png	unverified
D90-4-09360	گېئومېخانىكا	headword	874_2L.png	unverified
D90-4-09361	گىببېرېللىن	headword	874_2L.png	unverified
D90-4-09363	گىببىست	headword	874_2L.png	unverified
D90-4-09364	گىبرىد	headword	875_1R.png	unverified
D90-4-09365	گىپس	headword	875_1R.png	unverified
D90-4-09366	گىپسلاتماق	headword	875_1R.png	unverified
D90-4-09367	گىپسلىماق	headword	875_1R.png	unverified
D90-4-09368	گىپنوز	headword	875_1R.png	unverified
D90-4-09369	گىپنوزچى	headword	875_1R.png	unverified
D90-4-09370	گىپنوزلانماق	headword	875_2L.png	unverified
D90-4-09371	گىپنوزلوق	headword	875_2L.png	unverified
D90-4-09372	گىپوخلورىت	headword	875_2L.png	verified
D90-4-09373	گىپوخلورىت كىسلاتا	headword	875_2L.png	unverified
D90-4-09374	گىپوفىز	headword	875_2L.png	unverified
D90-4-09377	گىپېر بولا	headword	875_2L.png	unverified
D90-4-09378	گىپېرون	headword	876_1R.png	unverified
D90-4-09379	گىتار	headword	876_1R.png	unverified
D90-4-09380	گىتارچى	headword	876_1R.png	unverified
D90-4-09381	گىجەك	headword	876_1R.png	unverified
D90-4-09382	گىجەكلەشمەك	headword	876_1R.png	unverified
D90-4-09383	گىجىرماچ	headword	876_1R.png	unverified
D90-4-09384	گىجىڭ	headword	876_1R.png	unverified
D90-4-09385	گىجىڭلىق	headword	876_2L.png	unverified
D90-4-09387	گىجىم	headword	876_2L.png	unverified
D90-4-09388	گىچ	headword	876_2L.png	unverified
D90-4-09389	گىچاڭلاتماق	headword	876_2L.png	verified
D90-4-09390	گىچچىدە	headword	876_2L.png	unverified
D90-4-09391	گىچ-گىچ	headword	876_2L.png	unverified
D90-4-09392	گىچماچ	headword	876_2L.png	unverified
D90-4-09393	گىچماچلاشماق	headword	876_2L.png	unverified
D90-4-09394	گىچىر	headword	877_1R.png	unverified
D90-4-09395	گىچىر-گىچىر	headword	877_1R.png	unverified
D90-4-09396	گىچىرلەتمەك	headword	877_1R.png	unverified
D90-4-09397	گىچىرلەماق	headword	877_1R.png	unverified
D90-4-09398	گىچىلداتماق	headword	877_1R.png	unverified
D90-4-09399	گىچىلدىماق	headword	877_1R.png	unverified
D90-4-09400	گىچىماچاڭ	headword	877_1R.png	unverified
D90-4-09401	گىدەيتتمەك	headword	877_1R.png	unverified
D90-4-09402	گىدەيمەك	headword	877_1R.png	unverified
D90-4-09403	گىدرات	headword	877_2L.png	unverified
D90-4-09404	گىدراتلار	headword	877_2L.png	unverified
D90-4-09405	گىدرازىن	headword	877_2L.png	unverified
D90-4-09406	گىدراۋلىكا	headword	877_2L.png	unverified
D90-4-09408	گىدراۋلىكىلىق دامكرات	headword	878_1R.png	verified
D90-4-09409	گىدراۋلىكىلىق ئۈكلون	headword	878_1R.png	verified
D90-4-09410	گىدرو	headword	878_1R.png	unverified
D90-4-09411	گىدروئاكۇستىكا	headword	878_1R.png	unverified
D90-4-09412	گىدروبىئولوگىيە	headword	878_1R.png	unverified
D90-4-09413	گىدروتېخنىك	headword	878_1R.png	unverified
D90-4-09414	گىدروتېخنىكا	headword	878_1R.png	unverified
D90-4-09415	گىدروتېخنىكىلىق	headword	878_2L.png	unverified
D90-4-09417	گىدروخىمىيە	headword	878_2L.png	unverified
D90-4-09418	گىدرودىنامىكا	headword	878_2L.png	unverified
D90-4-09419	گىدرودىنامىكىلىق	headword	878_2L.png	unverified
D90-4-09421	گىدروسىئانىد	headword	878_2L.png	verified
D90-4-09421-v1	گىدروسىئانىد كىسلاتا	variant	878_2L.png	verified
D90-4-09423	گىدروستاتىكا	headword	879_1R.png	unverified
D90-4-09424	گىدروستاتىكىلىق	headword	879_1R.png	unverified
D90-4-09427	گىدروسفېرا	headword	879_1R.png	unverified
D90-4-09428	گىدروفتورىد	headword	879_1R.png	unverified
D90-4-09429	گىدروفتورىد كىسلاتا	headword	879_1R.png	unverified
D90-4-09430	گىدروفون	headword	879_2L.png	unverified
D90-4-09431	گىدروكسىد	headword	879_2L.png	unverified
D90-4-09433	گىدروكسىل	headword	879_2L.png	unverified
D90-4-09434	گىدروكسىلئامىن	headword	879_2L.png	unverified
D90-4-09435	گىدروكلىماتولوگىيە	headword	879_2L.png	unverified
D90-4-09436	گىدروگراف	headword	879_2L.png	unverified
D90-4-09437	گىدروگېنېراتور	headword	880_1R.png	unverified
D90-4-09438	گىدروگېئولوگىيە	headword	880_1R.png	unverified
D90-4-09439	گىدروگېئولوگىيىلىك	headword	880_1R.png	unverified
D90-4-09441	گىدرولوگىيە	headword	880_1R.png	unverified
D90-4-09442	گىدرولۇق	headword	880_1R.png	unverified
D90-4-09444	گىدرولىزلىغۇچى	headword	880_2L.png	unverified
D90-4-09446	گىدرولىزلىماق	headword	880_2L.png	verified
D90-4-09447	گىدرومېترىيە	headword	880_2L.png	unverified
D90-4-09448	گىدرومېخانىزم	headword	880_2L.png	unverified
D90-4-09449	گىدرومېخانىكا	headword	881_1R.png	unverified
D90-4-09450	گىدروئېنېرگىتىكا	headword	881_1R.png	unverified
D90-4-09451	گىدروئېنېرگىيە	headword	881_1R.png	unverified
D90-4-09451-v1	سۇ ئېنېرگىيىسى	variant	881_1R.png	unverified
D90-4-09452	گىدروئېنېرگىيىلىك	headword	881_1R.png	unverified
D90-4-09454	گىدىك	headword	881_1R.png	unverified
D90-4-09455	گىدىيىشمەك	headword	881_1R.png	unverified
D90-4-09456	گىر	headword	881_1R.png	unverified
D90-4-09457	گىراپا	nonstandard	881_2L.png	unverified
D90-4-09457-c1	گرافىق	corrected_form	881_2L.png	unverified
D90-4-09458	گىرە	headword	881_2L.png	verified
D90-4-09461	گىرەچە	headword	882_1R.png	unverified
D90-4-09462	گىرەدىمەك	headword	882_1R.png	unverified
D90-4-09463	گىرە-گىرە	headword	882_1R.png	unverified
D90-4-09464	گىرەلەشتۈرمەك	headword	882_1R.png	unverified
D90-4-09465	گىرەلەشتۈرۈلمەك	headword	882_1R.png	unverified
D90-4-09466	گىرەلەشمە	headword	882_1R.png	unverified
D90-4-09467	گىرەلەشمە جەڭ	headword	882_2L.png	unverified
D90-4-09468	گىرەلەشمە رېئاكىيە	headword	882_2L.png	unverified
D90-4-09469	گىرەلەشمە كۈي شەكلى	headword	882_2L.png	unverified
D90-4-09470	گىرەلەشمەك	headword	883_1R.png	unverified
D90-4-09471	گىرەلىشىش	headword	883_1R.png	unverified
D90-4-09472	گىرەلىشىش نۇقتىسى	headword	883_1R.png	verified
D90-4-09473	گىرەلىمەك	headword	883_1R.png	unverified
D90-4-09474	گىرت	headword	883_1R.png	unverified
D90-4-09475	گىرتتىدە	headword	883_1R.png	unverified
D90-4-09476	گىرت-گىرت	headword	883_1R.png	unverified
D90-4-09477	گىرتىلداتماق	headword	883_1R.png	unverified
D90-4-09478	گىرتىلدىماق	headword	883_1R.png	unverified
D90-4-09479	گىرچى	headword	883_2L.png	unverified
D90-4-09480	گىرخانا	headword	883_2L.png	unverified
D90-4-09482	گىردە	headword	883_2L.png	unverified
D90-4-09483	گىرلەتمەك	headword	884_1R.png	unverified
D90-4-09484	گىرلەشمەك	headword	884_1R.png	unverified
D90-4-09485	گىرلەنمەك	headword	884_1R.png	unverified
D90-4-09486	گىرلىمەك	headword	884_1R.png	unverified
D90-4-09487	گىروي	headword	884_1R.png	unverified
D90-4-09488	گىرۋەك	headword	884_1R.png	unverified
D90-4-09490	گىرۋەكلىك	headword	884_1R.png	unverified
D90-4-09491	گىرى	headword	884_2L.png	unverified
D90-4-09492	گىرىپ	headword	884_2L.png	unverified
D90-4-09492-v1	گىرىپتىشىن	variant	884_2L.png	unverified
D90-4-09493-v1	تارقىلىشچان زۇكام	variant	884_2L.png	unverified
D90-4-09494	گىرىپتار	headword	884_2L.png	unverified
D90-4-09497	گىرىپسەتىن	headword	885_1R.png	unverified
D90-4-09499	گىرىۋ	headword	885_1R.png	unverified
D90-4-09500	گىرىشىم	headword	885_1R.png	unverified
D90-4-09501	گىرىلىك	headword	885_1R.png	unverified
D90-4-09502	گىرىم	headword	885_1R.png	verified
D90-4-09502-v1	پەرداز	variant	885_1R.png	verified
D90-4-09503	گىرىملىك	headword	886_1R.png	unverified
D90-4-09504	گىرىملىك رېپېتىتسىيە	headword	886_1R.png	unverified
D90-4-09505	گىرىملىمەك	headword	886_1R.png	unverified
D90-4-09506	گىريان	headword	886_1R.png	unverified
D90-4-09507	گىريانە	headword	886_1R.png	unverified
D90-4-09507-v1	گىريانە بولماق	variant	886_1R.png	unverified
D90-4-09508	گىزىنە	nonstandard	886_1R.png	unverified
D90-4-09508-c1	گەزنە	corrected_form	886_1R.png	unverified
D90-4-09509	گىژ	headword	886_1R.png	unverified
D90-4-09510	گىژ-گىژ	headword	886_1R.png	unverified
D90-4-09511	گىژ-گىژلاشماق	headword	886_2L.png	unverified
D90-4-09512	گىژىلدا تماق	headword	886_2L.png	unverified
D90-4-09513	گىژىلدا شماق	headword	886_2L.png	unverified
D90-4-09514	گىژىلدىماق	headword	886_2L.png	unverified
D90-4-09515	گىستامىن	headword	886_2L.png	unverified
D90-4-09516	گىستوفىزىئولوگىيە	headword	887_1R.png	unverified
D90-4-09517	گىستوگرامما	headword	887_1R.png	unverified
D90-4-09518	گىستولوگ	headword	887_1R.png	unverified
D90-4-09519	گىستولوگىيە	headword	887_1R.png	unverified
D90-4-09520	گىگانت	headword	887_1R.png	unverified
D90-4-09521	گىگانت شارچە ئاقسىلى	headword	887_1R.png	unverified
D90-4-09521-v1	ماكروگلوبۇلىن	variant	887_1R.png	unverified
D90-4-09522	گىگروسكوپ	headword	887_1R.png	unverified
D90-4-09523	گىگروگراف	headword	887_2L.png	unverified
D90-4-09524	گىگرومېتر	headword	887_2L.png	unverified
D90-4-09525	گىگرومېترىپە	headword	887_2L.png	unverified
D90-4-09526	گىگىنا	headword	887_2L.png	unverified
D90-4-09527	گىڭ	headword	887_2L.png	unverified
D90-4-09528	گىڭشىماق	headword	887_2L.png	unverified
D90-4-09529	گىڭ-گىڭ	headword	887_2L.png	unverified
D90-4-09530	گىڭىلداتماق	headword	887_2L.png	unverified
D90-4-09531	گىڭىلداشماق	headword	887_2L.png	unverified
D90-4-09532	گىڭىلدىماق	headword	888_1R.png	unverified
D90-4-09533	گىل	headword	888_1R.png	unverified
D90-4-09536	گىلاس	headword	888_1R.png	unverified
D90-4-09539	گىلاستۇك	nonstandard	888_1R.png	unverified
D90-4-09540	گىلاسلىق	headword	888_2L.png	unverified
D90-4-09541	گىلاڭ	headword	888_2L.png	unverified
D90-4-09542	گىلاماق	headword	888_2L.png	unverified
D90-4-09543	گىلەم	headword	888_2L.png	unverified
D90-4-09547	گىلەمچى	headword	888_2L.png	unverified
D90-4-09548	گىلەمچىلىك	headword	889_1R.png	unverified
D90-4-09549	گىلەملىك	headword	889_1R.png	unverified
D90-4-09550	گىلبېرت	headword	889_1R.png	unverified
D90-4-09551	گىلىپتو	headword	889_1R.png	unverified
D90-4-09552	گىلىپتو دەرىخى	headword	889_1R.png	unverified
D90-4-09553	گىلدىرماچ ئې	headword	889_2L.png	unverified
D90-4-09554	گىلدىڭ نەق	headword	889_2L.png	unverified
D90-4-09555	گىلدىڭ باش	headword	889_2L.png	verified
D90-4-09556	گىلدىڭشىتماق	headword	889_2L.png	unverified
D90-4-09557	گىلدىڭشىماق	headword	889_2L.png	unverified
D90-4-09558	گىلدىڭ-گىلدىڭ	headword	889_2L.png	unverified
D90-4-09559	گىلدىڭلاتماق	headword	889_2L.png	unverified
D90-4-09560	گىلدىڭلىغاق	headword	889_2L.png	unverified
D90-4-09561	گىلدىڭلىماق	headword	889_2L.png	unverified
D90-4-09562	گىلدىڭلاك	headword	890_1R.png	unverified
D90-4-09563	گىمن	headword	890_1R.png	unverified
D90-4-09564	گىمنازىيە	headword	890_1R.png	unverified
D90-4-09565	گىمناستۇركا	headword	890_1R.png	unverified
D90-4-09566	گىمناستىكا	headword	890_1R.png	unverified
D90-4-09567	گىمناستىكا شوتىسى	headword	890_2L.png	unverified
D90-4-09568	گىمناستىكا مۇسابىقىسى	headword	890_2L.png	unverified
D90-4-09569	گىنە	headword	890_2L.png	unverified
D90-4-09569-v1	ئاداۋەت	variant	890_2L.png	unverified
D90-4-09570	گىنېكولوگ	headword	890_2L.png	unverified
D90-4-09571	گىنېكولوگىيە	headword	890_2L.png	unverified
D90-4-09572	گىياھ	headword	890_2L.png	unverified
D90-4-09573	گىياھسىز	headword	891_1R.png	unverified
D90-4-09574	گىيەك	headword	891_2L.png	unverified
D90-4-09575	گيۇدىت	headword	891_2L.png	unverified
D90-4-09575-v1	يىڭنە تۆمۈر	variant	891_2L.png	unverified
D90-4-09576	ڭ	headword	892_1R.png	unverified
D90-4-09578	ل	headword	893_1R.png	unverified
D90-4-09579	لائەقەل	headword	893_1R.png	unverified
D90-4-09580	لابدۇر	headword	893_1R.png	unverified
D90-4-09581	لابدۇرلۇق	headword	893_1R.png	unverified
D90-4-09582	لابرادور	headword	893_1R.png	unverified
D90-4-09583	لابوراتورىيە	headword	893_1R.png	unverified
D90-4-09584	لابوراتورىيىلىك	headword	893_2L.png	unverified
D90-4-09585	لابورانت	headword	893_2L.png	unverified
D90-4-09586	لاپ	headword	893_2L.png	unverified
D90-4-09589	لاپ ئۆتمەك	headword	894_1R.png	unverified
D90-4-09590	لاپ قىلماق	headword	894_1R.png	unverified
D90-4-09592	لاپاس	headword	894_1R.png	unverified
D90-4-09592-v1	چەللە	variant	894_1R.png	unverified
D90-4-09594	لاپاسلىماق	headword	894_1R.png	unverified
D90-4-09595	لاپپىدە	headword	894_2L.png	unverified
D90-4-09596	لاپچايتماق	headword	894_2L.png	unverified
D90-4-09597	لاپچايماق	headword	894_2L.png	unverified
D90-4-09598	لاپچۇق	headword	894_2L.png	unverified
D90-4-09599	لاپچى	headword	894_2L.png	unverified
D90-4-09600	لاپچىيىشماق	headword	894_2L.png	unverified
D90-4-09601	لاپخور	headword	894_2L.png	unverified
D90-4-09602	لاپقۇت	headword	894_2L.png	unverified
D90-4-09603	لاپقۇتلاشتۇرۇلماق	headword	895_1R.png	unverified
D90-4-09604	لاپقۇتلاشماق	headword	895_1R.png	unverified
D90-4-09605	لاپ-لاپ	headword	895_1R.png	unverified
D90-4-09607	لاتا	headword	895_1R.png	unverified
D90-4-09610	لاتا قۇم قەغەز	headword	895_2L.png	unverified
D90-4-09611	لاتا كەش	headword	895_2L.png	unverified
D90-4-09612	لاتا كۇس-كۇس	headword	895_2L.png	unverified
D90-4-09613	لاتاپەت	headword	895_2L.png	unverified
D90-4-09614	لاتاپەتلىك	headword	895_2L.png	unverified
D90-4-09615	لاتا-پۇتا	headword	895_2L.png	unverified
D90-4-09616	لاتارىيە	headword	895_2L.png	unverified
D90-4-09617	لاتقا	headword	895_2L.png	unverified
D90-4-09618	لاتقا كارىدورى	headword	896_1R.png	unverified
D90-4-09619	لاتقا ئوغۇت	headword	896_1R.png	unverified
D90-4-09620	لاتقا ئېقىتىش مىقدارى	headword	896_1R.png	unverified
D90-4-09621	لاتقا ئېقىم مىقدارى	headword	896_1R.png	unverified
D90-4-09622	لاتقىلىق	headword	896_1R.png	unverified
D90-4-09623	لاتىپۇرۇش	headword	896_1R.png	unverified
D90-4-09624	لاتىسىز	headword	896_1R.png	unverified
D90-4-09625	لاتىغىلاپ	headword	896_2L.png	unverified
D90-4-09626	لاتىغىلاپلىق	headword	896_2L.png	unverified
D90-4-09627	لاتىقونچ	headword	896_2L.png	unverified
D90-4-09628	لاتىقونچلوق	headword	896_2L.png	unverified
D90-4-09629	لاتىلاشتۇرماق	headword	896_2L.png	verified
D90-4-09630	لاتىلاشتۇرۇلماق	headword	896_2L.png	verified
D90-4-09631	لاتىلاشماق	headword	896_2L.png	unverified
D90-4-09632	لاتىن	headword	896_2L.png	unverified
D90-4-09634	لاتىن ئامېرىكىسى	headword	897_1R.png	unverified
D90-4-09635	لاتىن تىلى	headword	897_1R.png	unverified
D90-4-09636	لاتىن ئېلىپبە جەدۋىلى	headword	897_2L.png	unverified
D90-4-09637	لاتىن ئېلىپبەسى	headword	897_2L.png	unverified
D90-4-09638	لاتىنچە	headword	897_2L.png	unverified
D90-4-09639	لاتىنلاشتۇرماق	headword	897_2L.png	unverified
D90-4-09640	لاتىنلاشتۇرۇلماق	headword	898_1R.png	unverified
D90-4-09641	لاتىنلاشماق	headword	898_1R.png	unverified
D90-4-09642	لاجۇۋەرد	headword	898_1R.png	verified
D90-4-09643	لاچىن	headword	898_1R.png	unverified
D90-4-09644	لاچىندانە	headword	898_1R.png	unverified
D90-4-09645	لاخبا	headword	898_2L.png	unverified
D90-4-09646	لاخشا	headword	898_2L.png	unverified
D90-4-09647	لاخشىگىر	headword	898_2L.png	unverified
D90-4-09648	لاخۇ	headword	898_2L.png	verified
D90-4-09650	لاخۇچە	headword	899_1R.png	unverified
D90-4-09651	لاخۇلار	headword	899_1R.png	unverified
D90-4-10246	لازا قەغىزى	headword	899_1R.png	verified
D90-4-09656	لازېر	headword	899_2L.png	unverified
D90-4-09657	لازېر نۇرى	headword	899_2L.png	unverified
D90-4-09659	لازىگۈل	headword	899_2L.png	unverified
D90-4-09660	لازىلىق	headword	900_1R.png	unverified
D90-4-09661	لازىم	headword	900_1R.png	unverified
D90-4-09662	لازىم بولماق	headword	900_1R.png	unverified
D90-4-09663	لازىم تاپماق	headword	900_1R.png	unverified
D90-4-09664	لازىم قىلماق	headword	900_1R.png	unverified
D90-4-09665	لازىمەت	headword	900_1R.png	unverified
D90-4-09666	لازىمەتلىك	headword	900_1R.png	unverified
D90-4-09667	لازىملىق	headword	900_2L.png	unverified
D90-4-09668	لاس	headword	900_2L.png	unverified
D90-4-09669	لاسسىدە	headword	900_2L.png	unverified
D90-4-09671	لاغ	headword	900_2L.png	unverified
D90-4-09672	لاغايلاشماق	headword	900_2L.png	unverified
D90-4-09673	لاغايلىماق	headword	900_2L.png	unverified
D90-4-09674	لاغ-لاغ	headword	900_2L.png	unverified
D90-4-09675	لاغىلداتماق	headword	901_1R.png	unverified
D90-4-09676	لاغىلداشماق	headword	901_1R.png	unverified
D90-4-09677	لاغىلدىماق	headword	901_1R.png	unverified
D90-4-09678	لاق	headword	901_1R.png	unverified
D90-4-09679	لاقا-لۇقا	headword	901_1R.png	unverified
D90-4-09680	لاققا	headword	901_1R.png	unverified
D90-4-09681	لاققىدە	headword	901_1R.png	unverified
D90-4-09682	لاقىلداتماق	headword	901_1R.png	unverified
D90-4-09683	لاقىلداشماق	headword	901_1R.png	unverified
D90-4-09684	لاقىلدىماق	headword	901_1R.png	unverified
D90-4-09685	لاك	headword	901_2L.png	unverified
D90-4-09686	لاكات	headword	901_2L.png	unverified
D90-4-09687	لاكاتلىق	headword	901_2L.png	unverified
D90-4-09688	لاكتات	headword	901_2L.png	unverified
D90-4-09689	لاكتات كىسلاتا	headword	901_2L.png	unverified
D90-4-09689-v1	سۈت كىسلاتاسى	variant	901_2L.png	unverified
D90-4-09690	لاكتوزا	headword	901_2L.png	unverified
D90-4-09691	لاكتومېتر	headword	901_2L.png	unverified
D90-4-09692	لاكلاتماق	headword	901_2L.png	unverified
D90-4-09693	لاكلانماق	headword	901_2L.png	unverified
D90-4-09694	لاكلىماق	headword	902_1R.png	unverified
D90-4-09695	لاكمۇس	headword	902_1R.png	unverified
D90-4-09697	لاگېر	headword	902_1R.png	verified
D90-4-09700	لاڭقا	headword	902_1R.png	unverified
D90-4-09703	لال	headword	902_2L.png	unverified
D90-4-09704	لالايماق	headword	902_2L.png	unverified
D90-4-09706	لالە رەڭ	headword	903_1R.png	unverified
D90-4-09707	لالە-رەيھان	headword	903_1R.png	unverified
D90-4-09708	لالما	headword	903_1R.png	unverified
D90-4-09709	لالمىلىق	headword	903_1R.png	unverified
D90-4-09710	لالىزار	headword	903_2L.png	unverified
D90-4-09711	لالىزارلىق	headword	903_2L.png	unverified
D90-4-09712	لالىگۈل	headword	903_2L.png	unverified
D90-4-09713	لام	headword	903_2L.png	unverified
D90-4-09715	لاما	headword	903_2L.png	verified
D90-4-09717	لامارك	headword	903_2L.png	unverified
D90-4-09719	لامپا	headword	904_1R.png	unverified
D90-4-09720	لامپۇچكا	headword	904_1R.png	unverified
D90-4-09722	لامپروفىر	headword	904_1R.png	unverified
D90-4-09723	لام-جىم	headword	904_1R.png	verified
D90-4-10247	لام-جىم دېمەي	headword	904_1R.png	verified
D90-4-09724	لامزەللە	headword	904_1R.png	unverified
D90-4-09725	لامزەللىلىك	headword	904_1R.png	unverified
D90-4-09726	لام-مىم	headword	904_2L.png	unverified
D90-4-09727	لام-مىم دېمەي	headword	904_2L.png	unverified
D90-4-09728	لانتان	headword	904_2L.png	unverified
D90-4-09729	لاندىش	headword	904_2L.png	unverified
D90-4-09729-v1	لاندىش گۈلى	variant	904_2L.png	unverified
D90-4-09731	لانسىت	headword	904_2L.png	unverified
D90-4-09731-v1	لانسىت بېلىقى	variant	904_2L.png	unverified
D90-4-09733	لانولىن	headword	904_2L.png	unverified
D90-4-09734	لاۋا	headword	905_1R.png	unverified
D90-4-09737	لاۋازىم	headword	905_1R.png	unverified
D90-4-09738	لاۋازىمات	headword	905_1R.png	unverified
D90-4-09739	لاۋازىماتچى	headword	905_1R.png	unverified
D90-4-09740	لاۋازىماتچىلىق	headword	905_1R.png	unverified
D90-4-09741	لاۋا-لاتقا	headword	905_2L.png	unverified
D90-4-09742	لاۋان	headword	905_2L.png	verified
D90-4-09742-v1	لاۋان دەرىخى	variant	905_2L.png	verified
D90-4-09744	لاۋر	headword	905_2L.png	unverified
D90-4-09744-v1	لاۋر دەرىخى	variant	905_2L.png	unverified
D90-4-09746	لاۋرېنتسىي	headword	905_2L.png	unverified
D90-4-09747	لاۋزا	headword	905_2L.png	unverified
D90-4-09748	لاۋزىلاشتۇرماق	headword	906_1R.png	unverified
D90-4-09749	لاۋزىلاشماق	headword	906_1R.png	unverified
D90-4-09750	لاۋزىلىق	headword	906_2L.png	unverified
D90-4-09751	لاۋۇلەشكەر	headword	906_2L.png	unverified
D90-4-09752	لاۋۇلداتماق	headword	906_2L.png	unverified
D90-4-09753	لاۋۇلدىماق	headword	906_2L.png	unverified
D90-4-09754	لاي	headword	906_2L.png	unverified
D90-4-09755	لاي پېچەت	headword	906_2L.png	verified
D90-4-09756	لاي تاش	headword	907_1R.png	unverified
D90-4-09757	لاي سەرراپ	headword	907_1R.png	unverified
D90-4-09758	لاي سۇدا ئۇرۇق تاللاش	headword	907_1R.png	unverified
D90-4-09759	لاي سۇدىن بېلىق تۇتماق	headword	907_1R.png	verified
D90-4-09760	لايغا پاتماق	headword	907_2L.png	unverified
D90-4-09761	لاي قېلىپ	headword	907_2L.png	unverified
D90-4-09762	لاي ھەيكەل	headword	907_2L.png	unverified
D90-4-09763	لېيى خام	headword	907_2L.png	unverified
D90-4-09764	لاياقەت	headword	907_2L.png	unverified
D90-4-09765	لاياقەتسىز	headword	908_1R.png	unverified
D90-4-09766	لاياقەتسىزلىك	headword	908_1R.png	unverified
D90-4-09767	لاياقەتلىك	headword	908_1R.png	unverified
D90-4-09769	لايپاس	headword	908_1R.png	unverified
D90-4-09770	لايچى	headword	908_1R.png	unverified
D90-4-09771	لايچىلىق	headword	908_2L.png	unverified
D90-4-09772	لايخورەڭ	headword	908_2L.png	unverified
D90-4-09773	لايخۈش	headword	908_2L.png	unverified
D90-4-09774	لايداتماق	headword	908_2L.png	unverified
D90-4-09775	لايداشماق	headword	908_2L.png	unverified
D90-4-09776	لايدالماق	headword	908_2L.png	unverified
D90-4-09777	لايدىماق	headword	908_2L.png	unverified
D90-4-09778	لايغەزەل	headword	908_2L.png	unverified
D90-4-09779	لايغەزەللەشتۈرمەك	headword	908_2L.png	unverified
D90-4-09780	لايغەزەللەشمەك	headword	909_1R.png	unverified
D90-4-09781	لايغەزەللىك	headword	909_1R.png	unverified
D90-4-09782	لايقا	headword	909_1R.png	unverified
D90-4-09785	لاپقىماق	headword	909_1R.png	unverified
D90-4-09786	لايلاتما	headword	909_1R.png	unverified
D90-4-09787	لايلاتماق	headword	909_2L.png	unverified
D90-4-09788	لايلاشماق	headword	909_2L.png	unverified
D90-4-09789	لايلانماق	headword	909_2L.png	unverified
D90-4-09790	لايلەمپە	headword	909_2L.png	unverified
D90-4-09791	لايلىق	headword	909_2L.png	unverified
D90-4-09793	لايلىماق	headword	910_1R.png	unverified
D90-4-09794	لايىق	headword	910_1R.png	unverified
D90-4-09797	لايىق كەلمەك	headword	910_2L.png	unverified
D90-4-09798	لايىقلاشتۇرماق	headword	910_2L.png	unverified
D90-4-09799	لايىقلاشتۇرۇلماق	headword	910_2L.png	unverified
D90-4-09800	لايىقلاشماق	headword	910_2L.png	unverified
D90-4-09801	لايىقلىماق	headword	910_2L.png	unverified
D90-4-09802	لايىقىدا	headword	910_2L.png	unverified
D90-4-09803	لايىھە	headword	911_1R.png	unverified
D90-4-09804	لايىھىچى	headword	911_1R.png	unverified
D90-4-09805	لايىھىلەتكۈزمەك	headword	911_1R.png	unverified
D90-4-09806	لايىھىلەتمەك	headword	911_1R.png	unverified
D90-4-09807	لايىھىلەشمەك	headword	911_1R.png	unverified
D90-4-09808	لايىھىلەنمەك	headword	911_1R.png	unverified
D90-4-09809	لايىھىلىگۈچى	headword	911_2L.png	unverified
D90-4-09809-v1	لايىھەچى	variant	911_2L.png	unverified
D90-4-09810	لايىھىلىمەك	headword	911_2L.png	unverified
D90-4-09811	لاييېگەك	headword	911_2L.png	unverified
D90-4-09812	لەئەل	headword	911_2L.png	unverified
D90-4-09813	لەب	headword	911_2L.png	unverified
D90-4-09926	لەۋ	headword	919_2L.png	unverified
D90-4-09814	لەببالەب	headword	911_2L.png	unverified
D90-4-09815	لەببەس	headword	912_1R.png	unverified
D90-4-09816	لەببەي	headword	912_1R.png	unverified
D90-4-09817	لەببەي-لەببەي	headword	912_1R.png	unverified
D90-4-09819	لەپ	headword	912_1R.png	unverified
D90-4-09820	لەپەر	headword	912_1R.png	verified
D90-4-09821	لەپەرچى	headword	912_1R.png	unverified
D90-4-09822	لەپەڭ	headword	912_1R.png	unverified
D90-4-09823	لەپەڭشىتمەك	headword	912_2L.png	unverified
D90-4-09824	لەپەڭشىمەك	headword	912_2L.png	unverified
D90-4-09827	لەپەڭلىمەك	headword	912_2L.png	unverified
D90-4-09825	لەپەڭ-لەپەڭ	headword	912_2L.png	unverified
D90-4-09826	لەپەڭلەتمەك	headword	912_2L.png	unverified
D90-4-09828	لەپپىدە	headword	912_2L.png	unverified
D90-4-09829	لەپشىتمەك	headword	912_2L.png	unverified
D90-4-09830	لەپشىرىن	headword	912_2L.png	verified
D90-4-09831	لەپشىمەك	headword	912_2L.png	unverified
D90-4-09832	لەپ-لەپ	headword	912_2L.png	unverified
D90-4-09833	لەپلىمە	headword	913_1R.png	unverified
D90-4-09835	لەپىلدەتمەك	headword	913_1R.png	unverified
D90-4-09836	لەپىلدەشمەك	headword	913_1R.png	unverified
D90-4-09837	لەپىلدىمەك	headword	913_1R.png	unverified
D90-4-09838	لەت	headword	913_1R.png	unverified
D90-4-09841	لەتىپ	headword	913_2L.png	unverified
D90-4-09842	لەتىپە	headword	913_2L.png	unverified
D90-4-09843	لەتىپىچى	headword	913_2L.png	unverified
D90-4-09844	لەتىپىلەشمەك	headword	913_2L.png	unverified
D90-4-09845	لەجۋە	headword	913_2L.png	unverified
D90-4-09846	لەختە	headword	914_1R.png	unverified
D90-4-09847	لەختە-لەختە	headword	914_1R.png	unverified
D90-4-09848	لەخشە	headword	914_1R.png	unverified
D90-4-09849	لەخشە-لەخشە	headword	914_1R.png	unverified
D90-4-09850	لەخمە	headword	914_1R.png	unverified
D90-4-09851	لەخمىلەشتۈرمەك	headword	914_1R.png	unverified
D90-4-09852	لەخمىلەشتۈرۈلمەك	headword	914_1R.png	unverified
D90-4-09853	لەخمىلەشمەك	headword	914_1R.png	unverified
D90-4-09854	لەخمىلىك	headword	914_1R.png	unverified
D90-4-09855	لەرزان	headword	914_2L.png	unverified
D90-4-09858	لەرزە	headword	914_2L.png	unverified
D90-4-09861	لەززەت	headword	915_1R.png	unverified
D90-4-09862	لەززەت ئالماق	headword	915_1R.png	unverified
D90-4-09863	لەززەت سۈرمەك	headword	915_1R.png	unverified
D90-4-09864	لەززەتسىز	headword	915_1R.png	unverified
D90-4-09865	لەززەتسىزلىك	headword	915_1R.png	unverified
D90-4-09866	لەززەتلەندۈرمەك	headword	915_1R.png	unverified
D90-4-09867	لەززەتلەنمەك	headword	915_1R.png	unverified
D90-4-09868	لەززەتلىك	headword	915_2L.png	unverified
D90-4-09869	لەززەتلىنىشمەك	headword	915_2L.png	unverified
D90-4-09870	لەزىز	headword	915_2L.png	unverified
D90-4-09871	لەس	nonstandard	915_2L.png	unverified
D90-4-09872	لەش	headword	915_2L.png	unverified
D90-4-09873	لەشكەر	headword	915_2L.png	unverified
D90-4-09874	لەشكەر بېگى	headword	915_2L.png	unverified
D90-4-09875	لەشكەر تارتماق	headword	916_1R.png	unverified
D90-4-09876	لەغمەن	headword	916_1R.png	unverified
D90-4-09905	لەڭمەن	headword	918_1R.png	unverified
D90-4-09877	لەقەم	headword	916_1R.png	unverified
D90-4-09880	لەقەمچى	headword	916_1R.png	unverified
D90-4-09881	لەقەملەنمەك	headword	916_1R.png	unverified
D90-4-09882	لەقەملىك	headword	916_2L.png	unverified
D90-4-09883	لەقۋا	headword	916_2L.png	unverified
D90-4-09884	لەقۋا كېسىلى	headword	916_2L.png	unverified
D90-4-09885	لەقۋالاشتۇرماق	headword	917_1R.png	unverified
D90-4-09886	لەقۋالاشماق	headword	917_1R.png	unverified
D90-4-09887	لەقۋالىق	headword	917_1R.png	unverified
D90-4-09888	لەك	headword	917_1R.png	unverified
D90-4-09889	لەك-لەك	headword	917_1R.png	unverified
D90-4-09890	لەگلەك	headword	917_1R.png	verified
D90-4-09959	لەيلەك	headword	922_1R.png	unverified
D90-4-09895	لەڭپۇڭچى	headword	917_2L.png	unverified
D90-4-09896	لەڭپۇڭچىلىق	headword	917_2L.png	unverified
D90-4-09898	لەڭگەر	headword	917_2L.png	unverified
D90-4-09899	لەڭگەر تاشلىماق	headword	918_1R.png	unverified
D90-4-09901	لەڭگەرچى	headword	918_1R.png	unverified
D90-4-09902	لەڭگىدە	headword	918_1R.png	unverified
D90-4-09903	لەڭ-لەڭ	headword	918_1R.png	verified
D90-4-09904	لەڭ-لەڭ كۆۋرۈك	headword	918_1R.png	unverified
D90-4-09904-v1	لەيىسە كۆۋرۈك	variant	918_1R.png	unverified
D90-4-09906	لەڭمەنتاقتاق	headword	918_1R.png	unverified
D90-4-09907	لەڭمەنخانا	headword	918_2L.png	unverified
D90-4-09908	لەلەڭشىمەك	headword	918_2L.png	unverified
D90-4-09909	لەلەڭلىمەك	headword	918_2L.png	unverified
D90-4-09910	لەلى	nonstandard	918_2L.png	unverified
D90-4-09911	لەمبۇق	headword	918_2L.png	unverified
D90-4-09912	لەمپە	headword	918_2L.png	unverified
D90-4-09913	لەمپىلىك	headword	918_2L.png	unverified
D90-4-09914	لەنەت	headword	919_1R.png	unverified
D90-4-09915	لەنەت ئوقۇماق	headword	919_1R.png	unverified
D90-4-09916	لەنەت ياغدۇرماق	headword	919_1R.png	unverified
D90-4-09917	لەنەتگەردى	headword	919_1R.png	unverified
D90-4-09920	لەنىتى	headword	919_2L.png	unverified
D90-4-09918	لەنەتلەنمەك	headword	919_1R.png	unverified
D90-4-09919	لەنەتلىك	headword	919_1R.png	unverified
D90-4-09921	لەھەت	headword	919_2L.png	unverified
D90-4-09922	لەھەڭ	headword	919_2L.png	unverified
D90-4-09922-v1	ئاكۇلا	variant	919_2L.png	unverified
D90-4-09923	لەھەل	nonstandard	919_2L.png	unverified
D90-4-09924	لەھجە	headword	919_2L.png	unverified
D90-4-09924-v1	شېۋە	variant	919_2L.png	unverified
D90-4-09925	لەھزە	headword	919_2L.png	unverified
D90-4-09927	لەۋ تاۋۇشى	headword	920_1R.png	unverified
D90-4-09928	لەۋ شەكلى	headword	920_1R.png	unverified
D90-4-09929	لېۋىگە باسماق	headword	920_1R.png	unverified
D90-4-09930	لېۋىنى چىشلەپ قالماق	headword	920_1R.png	unverified
D90-4-09931	لېۋىنى چىشلىمەك	headword	920_1R.png	unverified
D90-4-09932	لەۋەن	headword	920_1R.png	unverified
D90-4-09933	لەۋەنلەشمەك	headword	920_2L.png	unverified
D90-4-09934	لەۋەنلىك	headword	920_2L.png	unverified
D90-4-09935	لەۋەي	nonstandard	920_2L.png	unverified
D90-4-09935-c1	لەمەي	corrected_form	920_2L.png	unverified
D90-4-09936	لەۋ-چىش	headword	920_2L.png	unverified
D90-4-09938	لەۋز	headword	920_2L.png	verified
D90-4-09942	لەۋزىگە ئەمەل قىلماق	headword	921_1R.png	unverified
D90-4-09942-v1	لەۋزىدە تۇرماق	variant	921_1R.png	unverified
D90-4-09943	لەۋزىنى ئالماق	headword	921_1R.png	unverified
D90-4-09944	لەۋزىنى يەردە قويماق	headword	921_1R.png	unverified
D90-4-09945	لەۋلەشتۈرمەك	headword	921_1R.png	unverified
D90-4-09946	لەۋلەشتۈرۈلمەك	headword	921_1R.png	unverified
D90-4-09947	لەۋلەشكەن	headword	921_1R.png	unverified
D90-4-09949	لەۋلەشمەك	headword	921_1R.png	unverified
D90-4-09950	لەۋلەشمىگەن	headword	921_2L.png	unverified
D90-4-09951	لەۋلەشمىگەن سوزۇق تاۋۇش	headword	921_2L.png	unverified
D90-4-09952	لەۋھە	headword	921_2L.png	unverified
D90-4-09953	لەۋھە تالىشىش مۇسابىقىسى	headword	921_2L.png	unverified
D90-4-09954	لەيسىمەك	headword	921_2L.png	unverified
D90-4-09955	لەيلەپ	headword	921_2L.png	unverified
D90-4-09956	لەيلەپ ئۈچۈش	headword	921_2L.png	unverified
D90-4-09957	لەيلەتمەك	headword	922_1R.png	unverified
D90-4-09958	لەيلەشمەك	headword	922_1R.png	unverified
D90-4-09960	لەيلەڭگۈ	headword	922_1R.png	unverified
D90-4-09961	لەيلى	headword	922_1R.png	unverified
D90-4-09962	لەيلىتىش	headword	922_1R.png	unverified
D90-4-09964	لەيلى-رەيھان	headword	922_1R.png	unverified
D90-4-09965	لەيلىزار	headword	922_2L.png	unverified
D90-4-09966	لەيلىزارلىق	headword	922_2L.png	unverified
D90-4-09967	لەيلىقازاق	headword	922_2L.png	unverified
D90-4-09968	لەيلىگەك	headword	922_2L.png	unverified
D90-4-09969	لەيلىگۈچ	headword	923_1R.png	unverified
D90-4-09970	لەيلىگۈچى	headword	923_1R.png	unverified
D90-4-09972	لەيلىگۈل	headword	923_1R.png	unverified
D90-4-09973	لەيلىمە	headword	923_1R.png	unverified
D90-4-09974	لەيلىمە بەلگە	headword	923_2L.png	unverified
D90-4-09975	لەيلىمە تاش	headword	923_2L.png	unverified
D90-4-09976	لەيلىمە ساقىلىق قازان	headword	923_2L.png	unverified
D90-4-09977	لەيلىمە كۆۋرۈك	headword	923_2L.png	unverified
D90-4-09978	لەيلىمەك	headword	924_1R.png	unverified
D90-4-09980	لوبالار	headword	924_1R.png	unverified
D90-4-09981	لوبېلىيە	headword	924_1R.png	unverified
D90-4-09981-v1	لوبېلىيە ئوتى	variant	924_1R.png	unverified
D90-4-09983	لوپ	headword	924_1R.png	unverified
D90-4-09984-v1	لاپ III	variant	924_2L.png	unverified
D90-4-09985	لوپا	headword	924_2L.png	unverified
D90-4-09985-v1	لوپا ئەينەك	variant	924_2L.png	unverified
D90-4-09987	لوپ-لوپ	headword	924_2L.png	unverified
D90-4-09988	لوپنۇر	headword	924_2L.png	unverified
D90-4-09990	لوپولىت	headword	924_2L.png	unverified
D90-4-09991	لوپۇلداتماق	headword	925_1R.png	unverified
D90-4-09992	لوپۇلداشماق	headword	925_1R.png	unverified
D90-4-09993	لوپۇلداق	headword	925_1R.png	unverified
D90-4-09994	لوت	headword	925_1R.png	unverified
D90-4-09995	لوخا	headword	925_1R.png	unverified
D90-4-09996	لوخۇ	headword	925_1R.png	unverified
D90-4-09997	لوروپىتالۇم	headword	925_1R.png	unverified
D90-4-09997-v1	لوروپىتالۇم چاتقىلى	variant	925_1R.png	unverified
D90-4-10000	لوزۇنكا	headword	925_1R.png	unverified
D90-4-10001	لوغۇلدىماق	headword	925_2L.png	unverified
D90-4-10002	لوق	headword	925_2L.png	unverified
D90-4-10005	لوقۇلدىماق	headword	925_2L.png	unverified
D90-4-10006	لوق-لوق	headword	925_2L.png	unverified
D90-4-10007	لوقما	headword	926_1R.png	unverified
D90-4-10008	لوقما تاشلىماق	headword	926_1R.png	unverified
D90-4-10009	لوقما سالماق	headword	926_1R.png	unverified
D90-4-10010	لوقۇلداتماق	headword	926_1R.png	unverified
D90-4-10012	لوك	headword	926_1R.png	unverified
D90-4-10014	لوكا	nonstandard	926_2L.png	unverified
D90-4-10016	لوككا	headword	926_2L.png	unverified
D90-4-10015	لوكدان	headword	926_2L.png	unverified
D90-4-10016-v1	ئورۇن ش	variant	926_2L.png	unverified
D90-4-10017	لوككىدە	headword	926_2L.png	unverified
D90-4-10018	لوككىلىق	headword	926_2L.png	unverified
D90-4-10019	لوككىلىق كالا	headword	926_2L.png	unverified
D90-4-10020	لوك-لوك	headword	927_1R.png	unverified
D90-4-10021	لوكۇلداتماق	headword	927_1R.png	unverified
D90-4-10022	لوكۇلداشماق	headword	927_1R.png	unverified
D90-4-10023	لوكۇلدىماق	headword	927_1R.png	unverified
D90-4-10024	لوگارىفما	headword	927_1R.png	unverified
D90-4-10025	لوگارىفما جەدۋىلى	headword	927_1R.png	unverified
D90-4-10026	لوگارىفمىلاتماق	headword	927_1R.png	unverified
D90-4-10027	لوگارىفملانماق	headword	927_1R.png	unverified
D90-4-10028	لوگارىفملىق	headword	927_1R.png	unverified
D90-4-10030	لوگارىفمىلىق گەز	headword	927_2L.png	unverified
D90-4-10031	لوگارىفمىلاماق	headword	927_2L.png	unverified
D90-4-10032	لوگىكا	headword	927_2L.png	unverified
D90-4-10033	لوگىكىلىق	headword	927_2L.png	unverified
D90-4-10034	لوگىكىلىق تەپەككۇر	headword	927_2L.png	unverified
D90-4-10035	لوگىكىلىق كۋادرات	headword	927_2L.png	unverified
D90-4-10036	لوڭ	headword	928_1R.png	unverified
D90-4-10037	لوڭقا	headword	928_1R.png	unverified
D90-4-10040	لوڭڭىدە	headword	928_2L.png	unverified
D90-4-10041	لوڭ-لوڭ	headword	928_2L.png	unverified
D90-4-10042	لوڭۇلدىماق	headword	928_2L.png	unverified
D90-4-10044	لولا	headword	928_2L.png	unverified
D90-4-10045	لولىلىق	headword	929_1R.png	unverified
D90-4-10046	لولىلىق قىلماق	headword	929_1R.png	unverified
D90-4-10047	لوم	headword	929_1R.png	unverified
D90-4-10049	لويلا	headword	929_1R.png	unverified
D90-4-10051	لويلا چۆچۈرىسى	headword	929_2L.png	unverified
D90-4-10052	لويلا ئېشى	headword	929_2L.png	unverified
D90-4-10054	لوپىلىق	headword	929_2L.png	unverified
D90-4-10055	لۇتپ	headword	929_2L.png	unverified
D90-4-10056	لۇتپەن	headword	929_2L.png	unverified
D90-4-10058	لۇغەت	headword	930_1R.png	unverified
D90-4-10059	لۇغەت تەركىبى	headword	930_1R.png	unverified
D90-4-10060	لۇغەت مەنىسى	headword	930_1R.png	unverified
D90-4-10061	لۇغەتچى	headword	930_1R.png	unverified
D90-4-10062	لۇغەتچىلىك	headword	930_1R.png	unverified
D90-4-10063	لۇغەتشۇناس	headword	930_1R.png	unverified
D90-4-10064	لۇغەتشۇناسلىق	headword	930_1R.png	unverified
D90-4-10065	لۇگۇچىياۋ	headword	930_1R.png	unverified
D90-4-10066	لۈگۈچياۋ ۋەقەسى	headword	930_2L.png	unverified
D90-4-10067	لۇمىنال	headword	930_2L.png	unverified
D90-4-10068	لۇنغۇر	headword	931_1R.png	unverified
D90-4-10069	لۇنخۇر قۇشى	headword	931_1R.png	unverified
D90-4-10070	لۆت	headword	931_1R.png	unverified
D90-4-10071	لۆجە	headword	931_1R.png	unverified
D90-4-10072	لۆڭگە	headword	931_1R.png	unverified
D90-4-10073	لۆم	headword	931_1R.png	unverified
D90-4-10074	لۆمشىتمەك	headword	931_1R.png	unverified
D90-4-10075	لۆمشىمەك	headword	931_1R.png	unverified
D90-4-10076	لۆم-لۆم	headword	931_2L.png	unverified
D90-4-10077	لۆممىدە	headword	931_2L.png	unverified
D90-4-10078	لۆمۈلدەت	headword	931_2L.png	unverified
D90-4-10079	لۆمۈلدەشمەك	headword	931_2L.png	unverified
D90-4-10080	لۆمۈلدىمەك	headword	931_2L.png	unverified
D90-4-10080-v1	لۆمۈشمەك	variant	931_2L.png	unverified
D90-4-10081	لۈكچەك	headword	931_2L.png	unverified
D90-4-10082	لۈكچەكلىك	headword	931_2L.png	unverified
D90-4-10086	لى	headword	932_1R.png	unverified
D90-4-10087	لېپاپ	headword	932_1R.png	unverified
D90-4-10088	لېپاپلىق	headword	932_1R.png	unverified
D90-4-10089	لېپاپلىماق	headword	932_1R.png	unverified
D90-4-10090	لېپەز	headword	932_1R.png	unverified
D90-4-10091	لېپەك	headword	932_1R.png	unverified
D90-4-10092	لېپەك سۆڭىكى	headword	932_1R.png	unverified
D90-4-10093	لىپەكگۈل	headword	932_1R.png	unverified
D90-4-10094	لېپتون	headword	932_2L.png	unverified
D90-4-10095	لېيتىنىت	headword	932_2L.png	unverified
D90-4-10096	لېپرا	headword	933_1R.png	unverified
D90-4-10097	لېپرا كېسەللىكى	headword	933_1R.png	unverified
D90-4-10097-v1	ماخاۋ كېسەللىكى	variant	933_1R.png	unverified
D90-4-10098	لېپىر	headword	933_1R.png	unverified
D90-4-10101	لېچەك	headword	933_1R.png	unverified
D90-4-10102	لېچەكلىك	headword	933_1R.png	unverified
D90-4-10103	لېدېبۇر	headword	933_1R.png	unverified
D90-4-10104	لېزا	headword	933_1R.png	unverified
D90-4-10105	لېك	headword	933_1R.png	unverified
D90-4-10106	لېكتور	headword	933_1R.png	unverified
D90-4-10107	لېكتورلۇق	headword	933_1R.png	unverified
D90-4-10108	لېكسىكا	headword	933_2L.png	unverified
D90-4-10109	لېكسىكىلىق	headword	933_2L.png	unverified
D90-4-10110	لېكسىكولوگىيە	headword	933_2L.png	unverified
D90-4-10111	لېكسىيە	headword	933_2L.png	unverified
D90-4-10113	لېكىن	headword	933_2L.png	verified
D90-4-10114	لېگاتا	headword	934_1R.png	unverified
D90-4-10115	لېگەن	headword	934_1R.png	unverified
D90-4-10116	لېممېرا	headword	934_1R.png	unverified
D90-4-10117	لېنتا	headword	934_1R.png	unverified
D90-4-10118	لېنتىلىق	headword	934_2L.png	unverified
D90-4-10119	لېنىنىزم	headword	934_2L.png	verified
D90-4-10120	لېنىنىزملىق	headword	934_2L.png	unverified
D90-4-10121	لېئو	headword	935_1R.png	unverified
D90-4-10122	لېئون	headword	935_1R.png	unverified
D90-4-10123	لېۋامىزول	headword	935_1R.png	unverified
D90-4-10124	لېئىشمان	headword	935_1R.png	unverified
D90-4-10127	لېيىتماق	headword	935_1R.png	unverified
D90-4-10128	لېيتېنات	headword	935_1R.png	unverified
D90-4-10128-v1	جۇڭۋېي	variant	935_1R.png	unverified
D90-4-10129	لېيدىن	headword	935_1R.png	unverified
D90-4-10130	لېيدىن بانكىسى	headword	935_1R.png	unverified
D90-4-10131	لىبىماق	headword	935_2L.png	unverified
D90-4-10132	لىباس	headword	935_2L.png	unverified
D90-4-10133	لىبېرال	headword	935_2L.png	unverified
D90-4-10134	لىبېرالىزم	headword	935_2L.png	unverified
D90-4-10135	لىبېرالىزملىق	headword	936_1R.png	unverified
D90-4-10136	لىبېرالىست	headword	936_1R.png	unverified
D90-4-10137	لىبېرالىستلىق	headword	936_1R.png	unverified
D90-4-10138	لىپ	headword	936_1R.png	unverified
D90-4-10139	لىپا	headword	936_2L.png	unverified
D90-4-10139-v1	لىپا دەرىخى	variant	936_2L.png	unverified
D90-4-10141	لىپارى	headword	936_2L.png	unverified
D90-4-10142	لىپپىدە	headword	936_2L.png	unverified
D90-4-10143	لىپتىك	headword	936_2L.png	unverified
D90-4-10143-v1	باغىرتاق	variant	936_2L.png	unverified
D90-4-10144	لىپ-لىپ	headword	937_1R.png	unverified
D90-4-10145	لىپمۇلىپ	headword	937_1R.png	unverified
D90-4-10146	لىپىلداتماق	headword	937_1R.png	unverified
D90-4-10147	لىپىلدىشماق	headword	937_1R.png	unverified
D90-4-10148	لىپىلدىماق	headword	937_1R.png	unverified
D90-4-10149	لىتاۋرى	headword	937_1R.png	unverified
D90-4-10150	لىتوسفېرا	headword	937_1R.png	unverified
D90-4-10151	لىتر	headword	937_2L.png	unverified
D90-4-10152	لىترلىق	headword	937_2L.png	unverified
D90-4-10153	لىتىي	headword	937_2L.png	unverified
D90-4-10154	لىتىيلىق	headword	937_2L.png	unverified
D90-4-10157	لىچىنكا	headword	938_1R.png	unverified
D90-4-10158	لىرا	headword	938_1R.png	unverified
D90-4-10160	لىرا يۇلتۇز تۈركۈمى	headword	938_1R.png	unverified
D90-4-10161	لىرىك	headword	938_1R.png	unverified
D90-4-10167	لىرىكىلىق	headword	938_2L.png	unverified
D90-4-10163	لىرىك ئوبراز	headword	938_2L.png	unverified
D90-4-10163-v1	لىرىك قەھرىمان	variant	938_2L.png	unverified
D90-4-10164	لىرىكا	headword	938_2L.png	unverified
D90-4-10165	لىرىكىچى	headword	938_2L.png	unverified
D90-4-10166	لىرىكىچىلىق	headword	938_2L.png	unverified
D90-4-10171	لىزوزىما	headword	939_1R.png	unverified
D90-4-10171-v1	باكتېرىيە ئېرىتكۈچ	variant	939_1R.png	unverified
D90-4-10172	لىزول	headword	939_1R.png	unverified
D90-4-10176	لىزۇلار	headword	939_1R.png	unverified
D90-4-10179	لىسۇچە	headword	939_2L.png	unverified
D90-4-10180	لىسۇلار	headword	939_2L.png	unverified
D90-4-10181	لىشاينىك	headword	939_2L.png	unverified
D90-4-10182	لىفت	headword	939_2L.png	unverified
D90-4-10183	لىغ	headword	939_2L.png	unverified
D90-4-10184	لىڭ-لىڭ	headword	942_1R.png	unverified
D90-4-10185	لىڭىلدا تماق	headword	942_1R.png	unverified
D90-4-10186	لىڭىلداشماق	headword	942_1R.png	unverified
D90-4-10187	لىڭىلدىماق	headword	942_1R.png	unverified
D90-4-10188	لىلانگېنى	headword	942_1R.png	unverified
D90-4-10189	لىللا	headword	942_1R.png	unverified
D90-4-10190	لىللالاشماق	headword	942_1R.png	unverified
D90-4-10191	لىللالىق	headword	942_1R.png	unverified
D90-4-10195	لىمتاق	headword	942_2L.png	unverified
D90-4-10196	لىمچە	nonstandard	942_2L.png	unverified
D90-4-10196-c1	نىمچە	corrected_form	942_2L.png	unverified
D90-4-10197	لىمفا	headword	942_2L.png	unverified
D90-4-10198	لىمفا ئانا ھۈجەيرىسى	headword	943_1R.png	unverified
D90-4-10199	لىمفا بېزى	headword	943_1R.png	unverified
D90-4-10200	لىمفا توقۇلمىسى	headword	943_1R.png	unverified
D90-4-10201	لىمفا تومۇرى	headword	943_1R.png	unverified
D90-4-10208	لىمفا نەيچىسى	headword	943_2L.png	unverified
D90-4-10202	لىمفا تۈگۈنى	headword	943_1R.png	unverified
D90-4-10203	لىمفا زەھىرى	headword	943_2L.png	unverified
D90-4-10204	لىمفا سۇيۇقلۇقى	headword	943_2L.png	unverified
D90-4-10205	لىمفا شارچىسى	headword	943_2L.png	unverified
D90-4-10206	لىمفا فاكتورى	headword	943_2L.png	unverified
D90-4-10207	لىمفا كانىلى	headword	943_2L.png	unverified
D90-4-10209	لىمفا ھۈجەيرىسى	headword	943_2L.png	unverified
D90-4-10210	لىمفاتىك	headword	944_1R.png	unverified
D90-4-10211	لىملىق	headword	944_1R.png	unverified
D90-4-10212	لىمون	headword	944_1R.png	unverified
D90-4-10214	لىمونات	headword	944_1R.png	unverified
D90-4-10216	لىمونىن	headword	944_2L.png	unverified
D90-4-10217	لىمىت	headword	944_2L.png	unverified
D90-4-10218	لىمىنگراف	headword	944_2L.png	verified
D90-4-10219	لىندېرا	headword	944_2L.png	unverified
D90-4-10220	لىندېرا دەرىخى	headword	944_2L.png	unverified
D90-4-10221	لىنزا	headword	945_1R.png	unverified
D90-4-10222	لىنكولىن	headword	945_1R.png	unverified
D90-4-10224	لىنىيە	headword	945_1R.png	unverified
D90-4-10225	لىنىيە بېسىمى	headword	945_2L.png	unverified
D90-4-10226	لىنىيە توكى	headword	945_2L.png	unverified
D90-4-10228	لياڭفۇڭ ئەنجۈرى	headword	945_2L.png	unverified
D90-4-10231	ليەنجاڭلىق	headword	945_2L.png	unverified
D90-4-10232	ليوتچىك	headword	945_2L.png	unverified
D90-4-10232-v1	ئۇچقۇچى	variant	945_2L.png	unverified
D90-4-10233	ليوتېتسىي	headword	945_2L.png	unverified
D90-4-10234	ليۇكس	headword	945_2L.png	unverified
D90-4-10235	لىمېن	headword	946_1R.png	unverified
