row_id	entry	type	source_page	status_v1
D90-3-00001	د	headword	001_1R.png	unverified
D90-3-00002	داپ	headword	001_1R.png	unverified
D90-3-00003	داپ داراڭلىغان، ئېشەك ھاڭرىغان يەردە يۈرمەك	headword	001_1R.png	unverified
D90-3-00003-v1	باش قايغان، پۇت تايغان يەردە يۈرمەك	variant	001_1R.png	unverified
D90-3-00004	داپ ئوسسۇلى	headword	001_2L.png	unverified
D90-3-00005	داپ يارماق	headword	001_2L.png	unverified
D90-3-00006	داپ يۈز	headword	002_1R.png	unverified
D90-3-00006-v1	يۈزى قېلىن	variant	002_1R.png	unverified
D90-3-00007	دېپىغا ئۇسسۇل ئوينىماق	headword	002_1R.png	unverified
D90-3-00008	دېپىنى چالماق	headword	002_1R.png	unverified
D90-3-00010	داپە ندە	headword	002_1R.png	unverified
D90-3-00011	داپەندىلىك	headword	002_2L.png	verified
D90-3-00012	داپچى	headword	002_2L.png	verified
D90-3-00013	داپچىلىق	headword	002_2L.png	verified
D90-3-00014	داپخانا	nonstandard	002_2L.png	verified
D90-3-00014-c1	داپغۇن	corrected_form	002_2L.png	verified
D90-3-00015	داپخۇن	headword	002_2L.png	verified
D90-3-00016	داپ-دۇمباق	headword	002_2L.png	unverified
D90-3-00017	داپشاق	headword	002_2L.png	unverified
D90-3-00018	داپشاقلىق	headword	003_1R.png	unverified
D90-3-00019	داپشايماق	headword	003_1R.png	unverified
D90-3-00020	داپقۇر	headword	003_1R.png	unverified
D90-3-00021	داپقۇر-داپقۇر	headword	003_1R.png	unverified
D90-3-00022	داپكەش	headword	003_1R.png	unverified
D90-3-00023	داپلاتماق	headword	003_1R.png	unverified
D90-3-00024	داپلاشماق	headword	003_1R.png	unverified
D90-3-00025	داپلانماق	headword	003_1R.png	unverified
D90-3-00026	داپلىماق	headword	003_1R.png	unverified
D90-3-00027	دات	headword	003_2L.png	unverified
D90-3-00028	دات باسماق	headword	003_2L.png	unverified
D90-3-00029	دات كېسەللىكى زەمبۇرۇغى	headword	003_2L.png	unverified
D90-3-00030	دات كېسىلى	headword	003_2L.png	unverified
D90-3-00033	داتسىت	headword	004_1R.png	unverified
D90-3-00034	داتلاشتۇرماق	headword	004_1R.png	unverified
D90-3-00035	داتلاشماس	headword	004_1R.png	unverified
D90-3-00037	داتلاشماق	headword	004_1R.png	unverified
D90-3-00038	داجىتماق	headword	004_2L.png	unverified
D90-3-00039	داجىشماق	headword	004_2L.png	unverified
D90-3-00040	داجىماق	headword	004_2L.png	unverified
D90-3-00042	داچا	headword	004_2L.png	unverified
D90-3-00043	داچەن	headword	004_2L.png	unverified
D90-3-00044	داخان	headword	005_1R.png	unverified
D90-3-00045	داخانلىق	headword	005_1R.png	unverified
D90-3-00046	داخى	headword	005_1R.png	unverified
D90-3-00047	داخشالماق	headword	005_1R.png	unverified
D90-3-00048	داخىركالۋار	headword	005_1R.png	verified
D90-3-00049	داخىل	headword	005_1R.png	unverified
D90-3-00049-v1	داخىل بولماق	variant	005_1R.png	unverified
D90-3-00051	داد	headword	005_2L.png	unverified
D90-3-00052	داد دېگۈزمەك	headword	005_2L.png	unverified
D90-3-00053	داد دېمەك	headword	005_2L.png	unverified
D90-3-00054	داد سالماق	headword	006_1R.png	unverified
D90-3-00055	داد ئوقۇماق	headword	006_1R.png	unverified
D90-3-00056	داد ئېيتماق	headword	006_1R.png	unverified
D90-3-00057	دادىغا يەتمەك	headword	006_1R.png	unverified
D90-3-00058	دادا	headword	006_1R.png	unverified
D90-3-00059	دادا بولماق	headword	006_2L.png	unverified
D90-3-00060	دادا بۆلەك	headword	006_2L.png	unverified
D90-3-00061	دادا جەمەت	headword	006_2L.png	unverified
D90-3-00061-v1	ئاتا جەمەت	variant	006_2L.png	unverified
D90-3-00062	دادا يوللۇق	headword	006_2L.png	unverified
D90-3-00063	دادام	headword	006_2L.png	unverified
D90-3-00064	دادام قوۋۇرغا	headword	006_2L.png	unverified
D90-3-00066	دادەنلىك	headword	006_2L.png	unverified
D90-3-00067	داد-پەرياد	headword	006_2L.png	unverified
D90-3-00068	داد-پەرياد چەكمەك	headword	007_1R.png	unverified
D90-3-00069	داد-پەرياد سالماق	headword	007_1R.png	unverified
D90-3-00070	داد-پەرياد قىلماق	headword	007_1R.png	unverified
D90-3-00071	داد-پەرياد كۆتۈرمەك	headword	007_1R.png	unverified
D90-3-00072	داد-پەرياد ئوقۇماق	headword	007_1R.png	unverified
D90-3-00073	دادخاھ	headword	007_1R.png	unverified
D90-3-00074	دادخور	headword	007_2L.png	unverified
D90-3-00075	دادخورلۇق	headword	007_2L.png	unverified
D90-3-00076	دادگاھ	headword	007_2L.png	unverified
D90-3-00077	دادلاتماق	headword	007_2L.png	unverified
D90-3-00078	دادلانماق	headword	007_2L.png	unverified
D90-3-00079	دادلىماق	headword	007_2L.png	unverified
D90-3-00080	داد-مۇئامىلە	headword	008_1R.png	unverified
D90-3-00081	داد-مۇئامىلە قىلماق	headword	008_1R.png	unverified
D90-3-00084	دادۇر-پۇرچاق	headword	008_1R.png	unverified
D90-3-00087	دادۈيجاڭلىق	headword	008_2L.png	unverified
D90-3-00088	دادىخا	nonstandard	008_2L.png	unverified
D90-3-00089	دادىكا	headword	008_2L.png	unverified
D90-3-00090	دادىل	headword	008_2L.png	unverified
D90-3-00092	دادىللاشتۇرماق	headword	008_2L.png	unverified
D90-3-00093	دادىللاشماق	headword	008_2L.png	unverified
D90-3-00094	دادىللىق	headword	008_2L.png	unverified
D90-3-00095	دادىلىق	headword	008_2L.png	unverified
D90-3-00096	دار	headword	009_1R.png	unverified
D90-3-00099	دار ئويۇنى	headword	009_2L.png	unverified
D90-3-00100	دارا	headword	009_2L.png	unverified
D90-3-00101	داراز	headword	009_2L.png	unverified
D90-3-00103	دارازا	headword	010_1R.png	unverified
D90-3-00104	داراق	headword	010_1R.png	unverified
D90-3-00105	داراقلىماق	headword	010_1R.png	unverified
D90-3-00106	داراڭ	headword	010_1R.png	unverified
D90-3-00107	داراڭ-داراڭ	headword	010_1R.png	unverified
D90-3-00108	داراڭ-دۇرۇڭ	headword	010_1R.png	unverified
D90-3-00109	داراڭشىتماق	headword	010_1R.png	unverified
D90-3-00110	داراڭشىماق	headword	010_1R.png	unverified
D90-3-00111	داراڭڭىدە	headword	010_1R.png	unverified
D90-3-00112	داراڭلاتماق	headword	010_1R.png	unverified
D90-3-00113	داراڭلىماق	headword	010_2L.png	unverified
D90-3-00114	دارامەت	headword	010_2L.png	unverified
D90-3-00115	دارامەتسىز	headword	010_2L.png	unverified
D90-3-00116	دارامەتلىك	headword	010_2L.png	unverified
D90-3-00117	دارايى	headword	010_2L.png	unverified
D90-3-00118	دارچى	headword	011_1R.png	unverified
D90-3-00119	دارچىن	headword	011_1R.png	unverified
D90-3-00120	دار-دار	headword	011_1R.png	unverified
D90-3-00121	دارداڭ	headword	011_1R.png	unverified
D90-3-00122	داردايتماق	headword	011_1R.png	unverified
D90-3-00123	داردايماق	headword	011_1R.png	unverified
D90-3-00124	دارقا	headword	011_2L.png	unverified
D90-3-00126	دارقىراتما	headword	011_2L.png	unverified
D90-3-00127	دارقىراتماق	headword	011_2L.png	unverified
D90-3-00128	دارقىرىماق	headword	011_2L.png	unverified
D90-3-00129	دارۋاز	headword	011_2L.png	verified
D90-3-00130	دارۋازلىق	headword	012_1R.png	unverified
D90-3-00131	دارۋىنىزم	headword	012_1R.png	unverified
D90-3-00132	دارىتما	headword	012_1R.png	unverified
D90-3-00133	دارىتما گەپ	headword	012_2L.png	unverified
D90-3-00134	دارىتما گەپ قىلماق	headword	012_2L.png	unverified
D90-3-00135	دارىتماق	headword	012_2L.png	unverified
D90-3-00136	دارىتمىلاشماق	headword	012_2L.png	verified
D90-3-00137	دارىتمىلىماق	headword	012_2L.png	unverified
D90-3-00138	دارىلئاجىز	nonstandard	013_1R.png	unverified
D90-3-00139	دارىلئاجىزىن	headword	013_1R.png	unverified
D90-3-00140	دارىلپۇنۇن	headword	013_1R.png	unverified
D90-3-00141	دارىلتام	nonstandard	013_1R.png	unverified
D90-3-00142	دارىلئېتام	headword	013_1R.png	unverified
D90-3-00143	دارىلمۇئەللىمىن	headword	013_1R.png	unverified
D90-3-00144	دارىلئۇلۇم	headword	013_1R.png	unverified
D90-3-00145	دارىماق	headword	013_1R.png	unverified
D90-3-00147	داس	headword	013_2L.png	unverified
D90-3-00150	داستان	headword	014_1R.png	unverified
D90-3-00151	داستانچى	headword	014_1R.png	unverified
D90-3-00152	داستانچىلىق	headword	014_1R.png	unverified
D90-3-00153	داستانلىق	headword	014_2L.png	unverified
D90-3-00154	داستىخان	headword	014_2L.png	unverified
D90-3-00155	داستىخان ئاپارماق	headword	014_2L.png	unverified
D90-3-00156	داستىخان تەييارلىماق	headword	014_2L.png	unverified
D90-3-00157	داستىخان چىۋىنى	headword	015_1R.png	unverified
D90-3-00158	داستىخان سالماق	headword	015_1R.png	unverified
D90-3-00159	داستىخان سالغۇچىلىكى يوق	headword	015_1R.png	unverified
D90-3-00160	داستىخان قىلماق	headword	015_1R.png	unverified
D90-3-00161	داستىخانغا ئولتۇرماق	headword	015_2L.png	unverified
D90-3-00162	داستىخان كىرگۈزمەك	headword	015_2L.png	unverified
D90-3-00163	داستىخان يايماق	headword	015_2L.png	unverified
D90-3-00164	داستىخىنى چوڭ	headword	015_2L.png	unverified
D90-3-00165	داستىخىنى كەڭ	headword	015_2L.png	unverified
D90-3-00166	داستىخىنى يوق	headword	015_2L.png	unverified
D90-3-00167	داستىخانلىق	headword	016_1R.png	unverified
D90-3-00168	داسسۆڭەك	headword	016_1R.png	verified
D90-3-00169	داسلىماق	headword	016_1R.png	unverified
D90-3-00171	داش	headword	016_1R.png	unverified
D90-3-00173	داش قازان تامىقى	headword	016_2L.png	unverified
D90-3-00174	داش قازان تامىقىنى يېمەك	headword	016_2L.png	unverified
D90-3-00175	داش قازان ئېشىنى يېمەك	headword	016_2L.png	unverified
D90-3-00177	داشقال	headword	016_2L.png	unverified
D90-3-00180	داشقاللاشماق	headword	017_2L.png	unverified
D90-3-00181	داشقاللىق	headword	017_2L.png	unverified
D90-3-00182	داشقايناق	headword	017_2L.png	unverified
D90-3-00185	داغ	headword	017_2L.png	unverified
D90-3-00191	داغ بولماق	headword	018_2L.png	unverified
D90-3-00192	داغ تەگمەك	headword	018_2L.png	unverified
D90-3-00193	داغ چۈشۈرمەك	headword	018_2L.png	unverified
D90-3-00194	داغدا قالماق	headword	018_2L.png	unverified
D90-3-00195	داغدا قويماق	headword	018_2L.png	unverified
D90-3-00196	داغ سالماق	headword	018_2L.png	unverified
D90-3-00197	داغ قالماق	headword	018_2L.png	unverified
D90-3-00198	داغ قوندۇرماق	headword	018_2L.png	unverified
D90-3-00199	داغ قىلماق	headword	019_1R.png	unverified
D90-3-00200	داغ كەلتۈرمەك	headword	019_1R.png	unverified
D90-3-00203	داغ سۇ	headword	019_1R.png	unverified
D90-3-00204	داغا	headword	019_1R.png	unverified
D90-3-00205	داغال	headword	019_1R.png	unverified
D90-3-00206	داغدام	headword	019_1R.png	unverified
D90-3-00208	داغداما	nonstandard	019_1R.png	unverified
D90-3-00209	داغدۇغا	headword	019_1R.png	unverified
D90-3-00210	داغدۇغىلىق	headword	019_2L.png	unverified
D90-3-00211	داغسىز	headword	019_2L.png	unverified
D90-3-00212	داغلاتماق	headword	019_2L.png	unverified
D90-3-00214	داغلاشماق	headword	019_2L.png	unverified
D90-3-00216	داغلانماق	headword	019_2L.png	unverified
D90-3-00218	داغلىق	headword	020_1R.png	unverified
D90-3-00219	داغلىماق	headword	020_1R.png	unverified
D90-3-00221	داغمال	headword	020_1R.png	unverified
D90-3-00222	داغماللاتتۇرماق	headword	020_2L.png	unverified
D90-3-00223	داغماللاتماق	headword	020_2L.png	unverified
D90-3-00224	داغماللاشماق	headword	020_2L.png	unverified
D90-3-00225	داغماللانماق	headword	020_2L.png	unverified
D90-3-00226	داغماللىماق	headword	020_2L.png	unverified
D90-3-00227	داغۇر	headword	020_2L.png	unverified
D90-3-00229	داغۇر كىرىشى	headword	021_1R.png	unverified
D90-3-00230	داغۇرچە	headword	021_1R.png	unverified
D90-3-00231	داغۇرلار	headword	021_1R.png	unverified
D90-3-00232	داغۇل	headword	021_1R.png	unverified
D90-3-00233	داغۇللۇق	headword	021_1R.png	unverified
D90-3-00234	داغىۋاز	headword	021_1R.png	unverified
D90-3-00235	داق	headword	021_1R.png	unverified
D90-3-00238	داقا-دۇمباق	headword	021_2L.png	unverified
D90-3-00239	داقاق	headword	021_2L.png	unverified
D90-3-00241	داقاڭ	headword	021_2L.png	unverified
D90-3-00242	داقاڭ-داقاڭ	headword	021_2L.png	unverified
D90-3-00243	داقاڭشىتماق	headword	021_2L.png	unverified
D90-3-00244	داقاڭشىماق	headword	021_2L.png	unverified
D90-3-00245	داقال	headword	021_2L.png	unverified
D90-3-00246	داقاللىق	headword	022_1R.png	unverified
D90-3-00247	داق-داق	headword	022_1R.png	unverified
D90-3-00248	داقداقچى	headword	022_1R.png	unverified
D90-3-00248-v1	تاكتاكچى	variant	022_1R.png	unverified
D90-3-00249	داقداقچىلىق	headword	022_1R.png	unverified
D90-3-00249-v1	تاكتاكچىلىق	variant	022_1R.png	unverified
D90-3-00250	داقداقچىلىق قىلماق	headword	022_1R.png	unverified
D90-3-00251	داق-دوق	headword	022_1R.png	unverified
D90-3-00252	داقالچى	headword	022_1R.png	unverified
D90-3-00253	داققىدە	headword	022_1R.png	unverified
D90-3-00254	داكا	headword	022_1R.png	unverified
D90-3-00257	داگۇر	headword	022_2L.png	unverified
D90-3-00258	داڭ	headword	022_2L.png	unverified
D90-3-00259	داڭ قېتىپ قالماق	headword	022_2L.png	unverified
D90-3-00259-v1	داڭ قاتماق	variant	022_2L.png	unverified
D90-3-00261	داڭ چالماق	headword	022_2L.png	unverified
D90-3-00262	داڭ ئۇرماق	headword	022_2L.png	unverified
D90-3-00265	داڭ ئالماق	headword	023_1R.png	unverified
D90-3-00266	داڭ چىقارماق	headword	023_1R.png	unverified
D90-3-00267	داڭ قازانماق	headword	023_1R.png	unverified
D90-3-00268	داڭ كەتمەك	headword	023_1R.png	unverified
D90-3-00269	داڭ كۆتۈرمەك	headword	023_1R.png	unverified
D90-3-00270	دېغى چىقماق	headword	023_1R.png	unverified
D90-3-00270-v1	داڭقى چىقماق	variant	023_1R.png	unverified
D90-3-00271	داڭدار	headword	023_2L.png	unverified
D90-3-00272	داڭداڭ	headword	023_2L.png	unverified
D90-3-00273	داڭق	headword	023_2L.png	unverified
D90-3-00276	داڭقان	headword	023_2L.png	unverified
D90-3-00277	داڭقانپۇتى	headword	023_2L.png	unverified
D90-3-00279	داڭگال	headword	024_1R.png	unverified
D90-3-00280	داڭلاتماق	headword	024_1R.png	unverified
D90-3-00281	داڭلىشماق	headword	024_1R.png	unverified
D90-3-00282	داڭلانماق	headword	024_1R.png	unverified
D90-3-00283	داڭلىق	headword	024_1R.png	unverified
D90-3-00284	داڭلىماق	headword	024_1R.png	unverified
D90-3-00285	داڭىلداتماق	headword	024_2L.png	unverified
D90-3-00286	داڭىلدىتىشماق	headword	024_2L.png	unverified
D90-3-00287	داڭىلدىماق	headword	024_2L.png	unverified
D90-3-00288	دال	headword	024_2L.png	unverified
D90-3-00292	دال تۇرماق	headword	025_1R.png	unverified
D90-3-00293	دالا	headword	025_1R.png	unverified
D90-3-00297	دالا شپاتى	headword	025_2L.png	unverified
D90-3-00298	دالا شپاتىسىمانلار	headword	025_2L.png	unverified
D90-3-00299	دالا قارا چېكەتكىسى	headword	025_2L.png	unverified
D90-3-00300	دالا مەشقى	headword	025_2L.png	unverified
D90-3-00301	دالا ناغرىسى	headword	026_1R.png	unverified
D90-3-00302	دالا ئۇرۇشى	headword	026_1R.png	unverified
D90-3-00303	دالا يۈگۈرۈش مۇسابىقىسى	headword	026_1R.png	unverified
D90-3-00304	دالا-تۈز	headword	026_1R.png	unverified
D90-3-00305	دالالەت	headword	026_1R.png	unverified
D90-3-00306	دالالەت بەرمەك	headword	026_1R.png	unverified
D90-3-00307	دالالەتچى	headword	026_2L.png	unverified
D90-3-00308	دالان	headword	026_2L.png	unverified
D90-3-00309	دالانچە	headword	026_2L.png	unverified
D90-3-00310	دالانلىق	headword	026_2L.png	unverified
D90-3-00311	دالايماق	headword	027_1R.png	unverified
D90-3-00312	دالبېرگىيە	headword	027_1R.png	unverified
D90-3-00312-v1	دالبېرگىيە دەرىغى	variant	027_1R.png	unverified
D90-3-00314	دالتەك	headword	027_1R.png	unverified
D90-3-00315	دالجىماق	headword	027_1R.png	unverified
D90-3-00315-v1	داجماق	variant	027_1R.png	unverified
D90-3-00316	دالچىن	nonstandard	027_1R.png	unverified
D90-3-00317	دالدا	headword	027_1R.png	unverified
D90-3-00319	دالدا قىماق	headword	027_2L.png	unverified
D90-3-00320	دالدىلانماق	headword	027_2L.png	unverified
D90-3-00321	دالۋاي	headword	027_2L.png	unverified
D90-3-00323	دالۋايلاتماق	headword	027_2L.png	unverified
D90-3-00324	دالۋايلاشماق	headword	027_2L.png	unverified
D90-3-00325	دالۋايلىماق	headword	027_2L.png	unverified
D90-3-00326	دام	headword	028_1R.png	unverified
D90-3-00331	داماس	headword	028_2L.png	unverified
D90-3-00332	دامان	headword	028_2L.png	unverified
D90-3-00334	دام-تۇزاق	headword	028_2L.png	unverified
D90-3-00335	دامجۇق	headword	028_2L.png	unverified
D90-3-00337	دامچى	headword	028_2L.png	unverified
D90-3-00338	دامخور	headword	028_2L.png	unverified
D90-3-00339	دامخورلۇق	headword	028_2L.png	unverified
D90-3-00340	دام-دام	headword	028_2L.png	unverified
D90-3-00341	دام-دام قىلماق	headword	029_1R.png	unverified
D90-3-00342	دامكا	headword	029_1R.png	verified
D90-3-00343	دامكرات	headword	029_1R.png	verified
D90-3-00344	داملاتماق	headword	029_1R.png	unverified
D90-3-00345	داملاشماق	headword	029_1R.png	unverified
D90-3-00346	داملانماق	headword	029_1R.png	unverified
D90-3-00347	داملىماق	headword	029_2L.png	unverified
D90-3-00348	دامۇدام	headword	029_2L.png	unverified
D90-3-00349	دامۇدام ئەتمەك	headword	029_2L.png	unverified
D90-3-00350	داموللا	headword	029_2L.png	verified
D90-3-00351	دان	headword	029_2L.png	unverified
D90-3-00352	دان ئالماق	headword	029_2L.png	unverified
D90-3-00352-v1	دان تۇتماق	variant	029_2L.png	unverified
D90-3-00353	دان سۈرمەك	headword	030_1R.png	unverified
D90-3-00354	دان سۈيى	headword	030_1R.png	unverified
D90-3-00355	داننى ئۆيدە يەپ باشقا يەردە تۇخۇملىماق	headword	030_1R.png	unverified
D90-3-00356	داننى ئۆيدە يەپ تالادا تۇخۇملىماق	headword	030_1R.png	unverified
D90-3-00357	دانا	headword	030_1R.png	unverified
D90-3-00358	داناكچا	headword	030_2L.png	unverified
D90-3-00359	دانالىق	headword	030_2L.png	unverified
D90-3-00360	دانە	headword	030_2L.png	unverified
D90-3-00361	دانە-دانە	headword	031_1R.png	unverified
D90-3-00362	دانچە	headword	031_1R.png	unverified
D90-3-00363	دانچۇق	headword	031_1R.png	unverified
D90-3-00364	دانخور	headword	031_2L.png	unverified
D90-3-00365	دانسىز	headword	031_2L.png	unverified
D90-3-00366	دانلاتماق	headword	031_2L.png	unverified
D90-3-00367	دانلاشماق	headword	031_2L.png	unverified
D90-3-00368	دانلىق	headword	031_2L.png	unverified
D90-3-00369	دانلىماق	headword	031_2L.png	unverified
D90-3-00370	دانىش	headword	032_1R.png	unverified
D90-3-00371	دانىشمەن	headword	032_1R.png	unverified
D90-3-00372	دانىشمەنلەشمەك	headword	032_1R.png	unverified
D90-3-00373	دانىشمەنلىك	headword	032_1R.png	unverified
D90-3-00374	دانىكا	headword	032_2L.png	unverified
D90-3-00376	دانىلىماق	headword	032_2L.png	unverified
D90-3-00377	دانىمۇدانە	headword	032_2L.png	unverified
D90-3-00378	داھىي	headword	032_2L.png	unverified
D90-3-00379	داھىيانە	headword	032_2L.png	unverified
D90-3-00380	داھىيانىلىك	headword	032_2L.png	unverified
D90-3-00381	داھىيلارچە	headword	033_1R.png	unverified
D90-3-00382	داھىيلىق	headword	033_1R.png	unverified
D90-3-00383	داۋا	headword	033_1R.png	unverified
D90-3-00388	داۋىسىنى ئىشىتمەك	headword	033_1R.png	unverified
D90-3-00388-v1	داۋىسىنى يېمەك	variant	033_1R.png	unverified
D90-3-00391	داۋاسىز	headword	033_2L.png	unverified
D90-3-00392	داۋالاتقۇزماق	headword	033_2L.png	unverified
D90-3-00393	داۋالاتماق	headword	033_2L.png	unverified
D90-3-00394	داۋالاشماق	headword	033_2L.png	unverified
D90-3-00395	داۋالانماق	headword	033_2L.png	unverified
D90-3-00396	داۋالغۇتماق	headword	034_1R.png	unverified
D90-3-00397	داۋالغۇشماق	headword	034_1R.png	unverified
D90-3-00398	داۋالغۇلۇق	headword	034_1R.png	unverified
D90-3-00399	داۋالغۇماق	headword	034_1R.png	unverified
D90-3-00400	داۋالىق	headword	034_2L.png	unverified
D90-3-00401	داۋالىماق	headword	034_2L.png	unverified
D90-3-00402	داۋام	headword	035_1R.png	unverified
D90-3-00403	داۋام ئەتمەك	headword	035_1R.png	unverified
D90-3-00404	داۋام قىلماق	headword	035_1R.png	unverified
D90-3-00405	داۋامەت	headword	035_1R.png	unverified
D90-3-00406	داۋاملاشتۇرغۇزماق	headword	035_1R.png	unverified
D90-3-00407	داۋاملاشتۇرماق	headword	035_1R.png	unverified
D90-3-00408	داۋاملاشتۇرۇشماق	headword	035_1R.png	unverified
D90-3-00409	داۋاملاشتۇرۇلماق	headword	035_2L.png	unverified
D90-3-00410	داۋاملاشماق	headword	035_2L.png	unverified
D90-3-00411	داۋاملىق	headword	035_2L.png	unverified
D90-3-00412	داۋامىدا	headword	035_2L.png	unverified
D90-3-00413	داۋان	headword	035_2L.png	unverified
D90-3-00414	داۋان ئاشماق	headword	036_1R.png	unverified
D90-3-00415	داۋان تارتماق	headword	036_1R.png	unverified
D90-3-00421	داۋ-دەرەخ	headword	036_2L.png	unverified
D90-3-00421-v1	دەل-دەرەغ	variant	036_2L.png	unverified
D90-3-00422	داۋراڭ	headword	036_2L.png	unverified
D90-3-00423	داۋراڭ سالماق	headword	036_2L.png	unverified
D90-3-00424	داۋراڭ قىلماق	headword	036_2L.png	unverified
D90-3-00425	داۋراڭ كۆتۈرمەك	headword	037_1R.png	unverified
D90-3-00426	داۋراڭچى	headword	037_1R.png	unverified
D90-3-00427	داۋراڭچىلىق	headword	037_1R.png	unverified
D90-3-00428	داۋراڭسىز	headword	037_1R.png	unverified
D90-3-00429	داۋزىچوپ	headword	037_1R.png	unverified
D90-3-00430	داۋغان	headword	037_1R.png	unverified
D90-3-00433	داۋلىسىز	headword	037_1R.png	unverified
D90-3-00434	داۋلىسىزلىق	headword	037_2L.png	unverified
D90-3-00435	داۋلىلاشماق	headword	037_2L.png	unverified
D90-3-00436	داۋلىلىق	headword	037_2L.png	unverified
D90-3-00437	داۋۇل	headword	037_2L.png	unverified
D90-3-00438	داۋىخور	headword	037_2L.png	unverified
D90-3-00439	داۋىخورلۇق	headword	037_2L.png	unverified
D90-3-00440	داۋىماق	headword	037_2L.png	unverified
D90-3-00441	دائىر	headword	037_2L.png	verified
D90-3-00442	دائىرە	headword	037_2L.png	unverified
D90-3-00443	دائىرىلەنمەك	headword	038_2L.png	unverified
D90-3-00444	دائىرىلىك	headword	038_2L.png	unverified
D90-3-00445	دائىرىلىمەك	headword	038_2L.png	unverified
D90-3-00446	دائىم	headword	038_2L.png	unverified
D90-3-00447	دائىما	headword	038_2L.png	unverified
D90-3-00448	دائىملاشتۇرماق	headword	039_1R.png	unverified
D90-3-00449	دائىملاشتۇرۇلماق	headword	039_1R.png	unverified
D90-3-00450	دائىملاشماق	headword	039_1R.png	unverified
D90-3-00451	دائىملىق	headword	039_1R.png	unverified
D90-3-00452	دائىمىي	headword	039_1R.png	unverified
D90-3-00453	دائىمىي كومىتېت	headword	039_1R.png	unverified
D90-3-00454	دائىمىي ھەيئەت	headword	039_1R.png	unverified
D90-3-00456	دايمال	headword	039_1R.png	verified
D90-3-00457	دايىماق	headword	039_2L.png	unverified
D90-3-00458	دە	headword	039_2L.png	unverified
D90-3-00459	دەبى - دۇنيا	nonstandard	040_1R.png	unverified
D90-3-00460	دەبدەبە	headword	040_1R.png	unverified
D90-3-00461	دەبدەبىلىك	headword	040_1R.png	unverified
D90-3-00462	دەپ	headword	040_2L.png	unverified
D90-3-00463	دەپ بەرمەك	headword	041_1R.png	unverified
D90-3-00464	دەپ قويماق	headword	041_1R.png	unverified
D90-3-00465	دەپ كەتمەك	headword	041_2L.png	unverified
D90-3-00466	دەپ كەلە	headword	041_2L.png	unverified
D90-3-00467	دەپتەر	headword	041_2L.png	verified
D90-3-00468	دەپتەرچە	headword	041_2L.png	unverified
D90-3-00469	دەپتەرچى	headword	041_2L.png	unverified
D90-3-00470	دەپتەرچىلىك	headword	042_1R.png	unverified
D90-3-00471	دەپتەردار	headword	042_1R.png	verified
D90-3-00472	دەپتەر - قەلەم	headword	042_1R.png	unverified
D90-3-00473	دەپتىن	headword	042_1R.png	verified
D90-3-00476	دەپسە	headword	042_1R.png	unverified
D90-3-00477	دەپسەتمەك	headword	042_1R.png	unverified
D90-3-00478	دەپسەن	headword	042_1R.png	unverified
D90-3-00480	دەپسەندە	headword	042_2L.png	unverified
D90-3-00483	دەپسەندىلىك	headword	042_2L.png	unverified
D90-3-00484	دەپسەنگە	headword	042_2L.png	unverified
D90-3-00485	دەپسىمەك	headword	042_2L.png	unverified
D90-3-00486	دەپشىمەك	headword	042_2L.png	unverified
D90-3-00487	دەپىن	nonstandard	042_2L.png	unverified
D90-3-00488	دەپنە	headword	042_2L.png	unverified
D90-3-00490	دەپنە مۇراسىمى	headword	043_1R.png	unverified
D90-3-00491-v1	لاۋر	variant	043_1R.png	unverified
D90-3-00492	دەپنەگاھ	headword	043_1R.png	unverified
D90-3-00493	دەپنە - دۇنيا	nonstandard	043_1R.png	unverified
D90-3-00494	دەپئى	headword	043_1R.png	unverified
D90-3-00495	دەپئى قىلماق	headword	043_1R.png	unverified
D90-3-00496	دەپى - دۇنيا	nonstandard	043_1R.png	unverified
D90-3-00497	دەپىنە	headword	043_1R.png	unverified
D90-3-00498	دەپىنە - دۇنيا	headword	043_2L.png	unverified
D90-3-00499	دەتالاش	headword	043_2L.png	unverified
D90-3-00500	دەتالاش قىلماق	headword	043_2L.png	unverified
D90-3-00501	دەتالاشماق	headword	043_2L.png	unverified
D90-3-00502	دەتتىكام	headword	043_2L.png	unverified
D90-3-00503	دەججال	headword	044_1R.png	unverified
D90-3-00504	دەخلى	headword	044_1R.png	unverified
D90-3-00506	دەخلى قىلماق	headword	044_2L.png	unverified
D90-3-00507	دەخلى يەتمەك	headword	044_2L.png	unverified
D90-3-00508	دەخلى - تەرۇز	headword	044_2L.png	unverified
D90-3-00509	دەخلىسىز	headword	044_2L.png	unverified
D90-3-00510	دەخلىسىزلىك	headword	044_2L.png	unverified
D90-3-00511	دەخمىزە	headword	045_1R.png	unverified
D90-3-00512	دەخمىزە بولماق	headword	045_1R.png	unverified
D90-3-00513	دەرە	nonstandard	045_1R.png	unverified
D90-3-00514	دەرەخ	headword	045_1R.png	unverified
D90-3-00517	دەرەخزار	headword	045_1R.png	unverified
D90-3-00518	دەرەخزارلىق	headword	045_2L.png	unverified
D90-3-00519	دەرەخسىز	headword	045_2L.png	unverified
D90-3-00520	دەرەخسىمان	headword	045_2L.png	unverified
D90-3-00521	دەرەخلىك	headword	045_2L.png	unverified
D90-3-00522	دەرەش	headword	045_2L.png	unverified
D90-3-00523	دەرەڭگە	headword	045_2L.png	unverified
D90-3-00524	دەرەم	nonstandard	046_1R.png	unverified
D90-3-00525	دەربەدەر	headword	046_1R.png	unverified
D90-3-00526	دەربەست	headword	046_1R.png	unverified
D90-3-00527	دەرپەردە	headword	046_1R.png	unverified
D90-3-00528	دەرد	headword	046_1R.png	unverified
D90-3-00529	دەرد بولماق	headword	046_2L.png	unverified
D90-3-00530	دەرد تارتماق	headword	046_2L.png	unverified
D90-3-00531	دەردتە قالماق	headword	046_2L.png	unverified
D90-3-00532	دەردتە كەتمەك	headword	046_2L.png	unverified
D90-3-00533	دەرد تۆكمەك	headword	046_2L.png	unverified
D90-3-00534	دەرد چەكمەك	headword	047_1R.png	unverified
D90-3-00535	دەرد قىلماق	headword	047_1R.png	unverified
D90-3-00536	دەردكە دەرمان بولماق	headword	047_1R.png	unverified
D90-3-00537	دەردكە قالماق	headword	047_1R.png	unverified
D90-3-00538	دەرد كەلمەك	headword	047_1R.png	unverified
D90-3-00539	دەرد ئېيتماق	headword	047_1R.png	unverified
D90-3-00540	دەردى بىداۋا	headword	047_2L.png	unverified
D90-3-00541	دەردى چىقماق	headword	047_2L.png	unverified
D90-3-00542	دەردىگە داۋا رەنجىگە شىپا بولماق	headword	047_2L.png	unverified
D90-3-00543	دەردىگە دەرمان بولماق	headword	047_2L.png	unverified
D90-3-00544	دەردىگە دەرمان قىلماق	headword	048_1R.png	unverified
D90-3-00545	دەردىگە يەتمەك	headword	048_1R.png	unverified
D90-3-00546	دەردىنى ئالماق	headword	048_1R.png	unverified
D90-3-00547	دەردىنى باسماق	headword	048_1R.png	unverified
D90-3-00548	دەردىنى تارتماق	headword	048_1R.png	unverified
D90-3-00549	دەردىنى ئىچىدە بىلمەك	headword	048_2L.png	unverified
D90-3-00550	دەردىنى ئىچىگە يۇتماق	headword	048_2L.png	unverified
D90-3-00551	دەردى ئۆتمەك	headword	048_2L.png	unverified
D90-3-00552	دەردى ئىچىگە پاتماي	headword	048_2L.png	unverified
D90-3-00553	دەردى يامان	headword	048_2L.png	unverified
D90-3-00554	دەرد يەتمەك	headword	048_2L.png	unverified
D90-3-00555	دەرد - ئەلەم	headword	049_1R.png	unverified
D90-3-00556	دەرد - ئەلەم يەتمەك	headword	049_1R.png	unverified
D90-3-00557	دەرد - ئەھۋال	headword	049_1R.png	unverified
D90-3-00558	دەرد - پىراق	headword	049_1R.png	unverified
D90-3-00559	دەرد - پىغان	headword	049_1R.png	unverified
D90-3-00560	دەردداش	headword	049_1R.png	unverified
D90-3-00561	دەردلەشمەك	headword	049_2L.png	unverified
D90-3-00562	دەردلىك	headword	049_2L.png	unverified
D90-3-00563	دەردمەن	headword	050_1R.png	unverified
D90-3-00564	دەردمەنلىك	headword	050_1R.png	unverified
D90-3-00565	دەرد - ھەسرەت	headword	050_1R.png	unverified
D90-3-00566	دەردۇئەلەم	headword	050_1R.png	unverified
D90-3-00567	دەردۇبالا	headword	050_1R.png	unverified
D90-3-00568	دەردىسەر	headword	050_1R.png	unverified
D90-3-00570	دەررە	headword	050_2L.png	unverified
D90-3-00571	دەررۇ	headword	050_2L.png	unverified
D90-3-00572	دەررىلەتمەك	headword	050_2L.png	unverified
D90-3-00573	دەررىلەنمەك	headword	050_2L.png	unverified
D90-3-00574	دەررىلىمەك	headword	050_2L.png	unverified
D90-3-00575	دەرس	headword	051_1R.png	unverified
D90-3-00578	دەرس پىلانى	headword	051_2L.png	unverified
D90-3-00579	دەرس تەييارلاش	headword	051_2L.png	unverified
D90-3-00580	دەرس تىڭشىماق	headword	051_2L.png	unverified
D90-3-00580-v1	دەرس ئاڭلىماق	variant	051_2L.png	unverified
D90-3-00581	دەرس جەدۋىلى	headword	051_2L.png	unverified
D90-3-00582	دەرس سائىتى	headword	051_2L.png	unverified
D90-3-00583	دەرس سېتكىسى	headword	051_2L.png	unverified
D90-3-00584	دەرس ئۆتمەك	headword	052_1R.png	unverified
D90-3-00585	دەرس ئېيتماق	headword	052_1R.png	unverified
D90-3-00586	دەرسخانا	headword	052_1R.png	verified
D90-3-00587	دەرسلىك	headword	052_1R.png	unverified
D90-3-00588	دەرغەزەپ	headword	052_1R.png	unverified
D90-3-00589	دەرقەم	headword	052_2L.png	unverified
D90-3-00591	دەرقەمتە	headword	052_2L.png	unverified
D90-3-00593	دەركار	headword	052_2L.png	unverified
D90-3-00594	دەرگاھ	headword	053_1R.png	unverified
D90-3-00595	دەرگۇمان	headword	053_1R.png	unverified
D90-3-00597	دەرگۇماندا	headword	053_2L.png	unverified
D90-3-00598	دەرگۇمانلىق	headword	053_2L.png	unverified
D90-3-00599	دەرمان	headword	053_2L.png	unverified
D90-3-00600	دەرمان بولماق	headword	054_1R.png	unverified
D90-3-00601	دەرمان كىرمەك	headword	054_1R.png	unverified
D90-3-00602	دەرمانىدىن كەتمەك	headword	054_1R.png	unverified
D90-3-00603	دەرمانى كەتمەك	headword	054_1R.png	unverified
D90-3-00604	دەرمانسىز	headword	054_1R.png	unverified
D90-3-00605	دەرمانسىزلاشماق	headword	054_1R.png	unverified
D90-3-00606	دەرمانسىزلاندۇرماق	headword	054_2L.png	unverified
D90-3-00607	دەرمانسىزلاندۇرۇشماق	headword	054_2L.png	unverified
D90-3-00608	دەرمانسىزلاندۇرۇلماق	headword	054_2L.png	unverified
D90-3-00609	دەرمانسىزلانماق	headword	054_2L.png	unverified
D90-3-00610	دەرمانسىزلىق	headword	054_2L.png	unverified
D90-3-00611	دەرمانلانماق	headword	054_2L.png	unverified
D90-3-00612	دەرمەھەل	headword	054_2L.png	unverified
D90-3-00613	دەرمەھەللىككە	headword	054_2L.png	verified
D90-3-00614	دەرھال	headword	055_1R.png	unverified
D90-3-00615	دەرھەقىقەت	headword	055_1R.png	unverified
D90-3-00616	دەرھەم	headword	055_1R.png	unverified
D90-3-00617	دەرۋازا	headword	055_1R.png	unverified
D90-3-00618	دەرۋازىلىق	headword	055_2L.png	unverified
D90-3-00619	دەرۋازىۋەن	headword	055_2L.png	unverified
D90-3-00620	دەرۋازىۋەنلىك	headword	055_2L.png	unverified
D90-3-00621	دەرۋەقە	headword	055_2L.png	unverified
D90-3-00622	دەرۋىش	headword	055_2L.png	unverified
D90-3-00623	دەرۋىشانە	headword	056_1R.png	unverified
D90-3-00624	دەرۋىشخانا	headword	056_1R.png	unverified
D90-3-00625	دەرۋىشلەرچە	headword	056_1R.png	unverified
D90-3-00626	دەرۋىشلىك	headword	056_1R.png	unverified
D90-3-00627	دەرىجە	headword	056_2L.png	unverified
D90-3-00629	دەرىجە سان	headword	057_1R.png	verified
D90-3-00630	دەرىجە كاتېگورىيىسى	headword	057_1R.png	unverified
D90-3-00631	دەرىجىگە كۆتۈرۈش	headword	057_2L.png	unverified
D90-3-00632	دەرىجىلىك	headword	057_2L.png	unverified
D90-3-00633	دەرىجىلىك سوت تۈزۈمى	headword	057_2L.png	unverified
D90-3-00634	دەرىجىلىك مۇسابىقە	headword	057_2L.png	unverified
D90-3-00635	دەرىجىلىك يەر ئىجارىسى	headword	058_1R.png	unverified
D90-3-00636	دەرىجىمۇدەرىجە	headword	058_1R.png	unverified
D90-3-00637	دەرىخ	headword	058_1R.png	unverified
D90-3-00638	دەرىخا	headword	058_1R.png	unverified
D90-3-00639	دەرىزە	nonstandard	058_1R.png	unverified
D90-3-00640	دەريا	headword	058_1R.png	unverified
D90-3-00641	دەريا بويىغا ئاپىرىپ ئاغزىنى سۇغا تەگكۈزمەي ياندۇرۇپ كەلمەك	headword	058_2L.png	unverified
D90-3-00643	دەريا بويىغا ئاپىرىپ سۇغارماي ياندۇرۇپ كەلمەك	headword	058_2L.png	unverified
D90-3-00644	دەريا تاشپاقىسى	headword	058_2L.png	unverified
D90-3-00645	دەريا چوشقىسى	headword	058_2L.png	unverified
D90-3-00646	دەريا دېلغىنى	headword	058_2L.png	unverified
D90-3-00647	دەريادىن بىرتامچە	headword	059_1R.png	unverified
D90-3-00648	دەريادىن تامچە	headword	059_1R.png	unverified
D90-3-00649	دەريا قىسقۇچپاقىسى	headword	059_1R.png	unverified
D90-3-00650	دەريا قىنى	headword	059_1R.png	unverified
D90-3-00651	دەريا ۋادىسى	headword	059_1R.png	unverified
D90-3-00652	دەرياچە	headword	059_1R.png	unverified
D90-3-00653	دەريا - دەريا	headword	059_2L.png	unverified
D90-3-00654	دەريادەك	headword	059_2L.png	unverified
D90-3-00655	دەريالاپ	headword	059_2L.png	unverified
D90-3-00656	دەز	headword	059_2L.png	unverified
D90-3-00657	دەز كەتمەك	headword	059_2L.png	unverified
D90-3-00658	دەزگىل	headword	060_1R.png	unverified
D90-3-00659	دەزمال	headword	060_1R.png	unverified
D90-3-00660	دەزمال باسماق	headword	060_2L.png	unverified
D90-3-00661	دەزمال سالماق	headword	060_2L.png	unverified
D90-3-00662	دەزمالچى	headword	060_2L.png	unverified
D90-3-00663	دەزماللاتماق	headword	060_2L.png	unverified
D90-3-00664	دەزماللاشماق	headword	060_2L.png	unverified
D90-3-00665	دەزماللانماق	headword	060_2L.png	unverified
D90-3-00666	دەزماللىماق	headword	060_2L.png	unverified
D90-3-00667	دەس	headword	060_2L.png	unverified
D90-3-00668	دەس تۇرماق	headword	061_1R.png	unverified
D90-3-00669	دەس قوپماق	headword	061_1R.png	unverified
D90-3-00670	دەس كۆتۈرمەك	headword	061_1R.png	unverified
D90-3-00671	دەست	headword	061_1R.png	unverified
D90-3-00672	دەستار	headword	061_2L.png	unverified
D90-3-00673	دەستارگۈل	headword	061_2L.png	verified
D90-3-00674	دەستە	headword	061_2L.png	unverified
D90-3-00678	دەستەك	headword	062_2L.png	unverified
D90-3-00682	دەستەكچى	headword	063_1R.png	unverified
D90-3-00683	دەستەكچىلىك	headword	063_1R.png	unverified
D90-3-00684	دەستگاھ	headword	063_1R.png	unverified
D90-3-00685	دەستگاھلىق	headword	063_1R.png	unverified
D90-3-00686	دەستۇر	headword	063_1R.png	unverified
D90-3-00687	دەستۇرخان	nonstandard	063_2L.png	unverified
D90-3-00688	دەستىدە	headword	063_2L.png	unverified
D90-3-00689	دەستىدىن	headword	063_2L.png	unverified
D90-3-00690	دەستىلەتمەك	headword	064_1R.png	unverified
D90-3-00691	دەستىلەشمەك	headword	064_1R.png	unverified
D90-3-00693	دەستىلەكلىك	headword	064_1R.png	unverified
D90-3-00695	دەستىلەنمەك	headword	064_1R.png	unverified
D90-3-00697	دەستىلىك	headword	064_1R.png	unverified
D90-3-00698	دەستىلىمەك	headword	064_2L.png	unverified
D90-3-00700	دەسسەتكۈزمەك	headword	064_2L.png	unverified
D90-3-00701	دەسسەتمەك	headword	064_2L.png	unverified
D90-3-00702	دەسسەشمەك	headword	064_2L.png	unverified
D90-3-00703	دەسسەلمەك	headword	065_1R.png	unverified
D90-3-00704	دەسسىتىلمەك	headword	065_1R.png	unverified
D90-3-00705	دەسسىدە	headword	065_1R.png	unverified
D90-3-00706	دەسسىمەك	headword	065_1R.png	unverified
D90-3-00707	دەسلەپ	headword	065_2L.png	verified
D90-3-00708	دەسلەپ قىلماق	headword	065_2L.png	unverified
D90-3-00709	دەسلەپتە	headword	065_2L.png	unverified
D90-3-00710	دەسلەپكى	headword	066_1R.png	unverified
D90-3-00717-v1	دەسلىپىدە	variant	066_2L.png	unverified
D90-3-00718	دەسمال	headword	066_2L.png	unverified
D90-3-00719	دەسمالچى	headword	066_2L.png	unverified
D90-3-00720	دەسماللىق	headword	067_1R.png	unverified
D90-3-00721	دەسماللىماق	headword	067_1R.png	unverified
D90-3-00722	دەسمايە	headword	067_1R.png	verified
D90-3-00723	دەسمايە سالماق	headword	067_2L.png	unverified
D90-3-00724	دەسمايە غالتەككە چىقماق	headword	067_2L.png	unverified
D90-3-00725	دەسمايە قىلماق	headword	067_2L.png	unverified
D90-3-00726	دەسمايسىز	headword	068_1R.png	unverified
D90-3-00727	دەشت	headword	068_1R.png	unverified
D90-3-00728	دەشت - باياۋان	headword	068_1R.png	unverified
D90-3-00729	دەشت - چول	headword	068_1R.png	unverified
D90-3-00730	دەشتۇباياۋان	headword	068_1R.png	unverified
D90-3-00731	دەشتۇسەھرا	headword	068_2L.png	unverified
D90-3-00732	دەشنەم	headword	068_2L.png	unverified
D90-3-00733	دەشنەم ئاڭلىماق	headword	068_2L.png	unverified
D90-3-00734	دەشنەم بەرمەك	headword	068_2L.png	unverified
D90-3-00735	دەشنەم ئىشىتمەك	headword	068_2L.png	unverified
D90-3-00736	دەشنەم يېمەك	headword	069_1R.png	unverified
D90-3-00737	دەشكۈشلىمەك	headword	069_1R.png	unverified
D90-3-00738	دەقىقە	headword	069_1R.png	unverified
D90-3-00739	دەقىقىلىك	headword	069_2L.png	unverified
D90-3-00740	دەقيانۇس	headword	069_2L.png	unverified
D90-3-00741	دەقيانۇستىن بېرى	headword	069_2L.png	unverified
D90-3-00742	دەقيانۇستىن قالغان	headword	069_2L.png	unverified
D90-3-00743	دەقيانۇس زامانىدىن بېرى	headword	069_2L.png	unverified
D90-3-00744	دەكە-دۈرۈم	headword	069_2L.png	unverified
D90-3-00745	دەكچەك	headword	069_2L.png	unverified
D90-3-00746	دەككە	headword	069_2L.png	unverified
D90-3-00747	دەككە بەرمەك	headword	070_1R.png	unverified
D90-3-00748	دەككە يېمەك	headword	070_1R.png	unverified
D90-3-00749	دەككە - دەشنەم	headword	070_1R.png	unverified
D90-3-00750	دەككە - دۈككە	headword	070_1R.png	unverified
D90-3-00751	دەككە - دۈككە بولماق	headword	070_2L.png	unverified
D90-3-00752	دەككە - دۈككىگە چۈشمەك	headword	070_2L.png	unverified
D90-3-00753	دەككە - دۈككىگە سالماق	headword	070_2L.png	unverified
D90-3-00754	دەككە - دۈككىلىك	headword	070_2L.png	unverified
D90-3-00755	دەگدىمەك	headword	070_2L.png	unverified
D90-3-00756	دەگۈزە	headword	070_2L.png	unverified
D90-3-00759	دەڭجالىق	headword	071_1R.png	unverified
D90-3-00760	دەڭسەتمەك	headword	071_1R.png	unverified
D90-3-00761	دەڭسەشمەك	headword	071_1R.png	unverified
D90-3-00762	دەڭسەيچى	headword	071_1R.png	unverified
D90-3-00763	دەڭسىمەك	headword	071_1R.png	unverified
D90-3-00764	دەڭگىدۈگە	headword	071_2L.png	unverified
D90-3-00765	دەڭگىرەك	headword	071_2L.png	unverified
D90-3-00766	دەڭگىرەكلىمەك	headword	071_2L.png	unverified
D90-3-00767	دەل	headword	071_2L.png	unverified
D90-3-00769	دەل جايىدا	headword	072_1R.png	unverified
D90-3-00770	دەل كەلمەك	headword	072_1R.png	unverified
D90-3-00771	دەلتە	headword	072_2L.png	unverified
D90-3-00772	دەلتىلىك	headword	072_2L.png	unverified
D90-3-00773	دەل-دەرەخ	headword	072_2L.png	unverified
D90-3-00774	دەل-دەرەخلىك	headword	072_2L.png	unverified
D90-3-00775	دەلدەڭ	headword	072_2L.png	unverified
D90-3-00777	دەلدەڭشىمەك	headword	072_2L.png	unverified
D90-3-00778	دەلدەڭلەشمەك	headword	073_1R.png	unverified
D90-3-00779	دەلدەڭلىمەك	headword	073_1R.png	unverified
D90-3-00780	دەلدۈش	headword	073_1R.png	unverified
D90-3-00781	دەلدۈشلۈك	headword	073_1R.png	unverified
D90-3-00782	دەلدۈگۈنمەك	headword	073_1R.png	unverified
D90-3-00783	دەلدۈڭ	headword	073_1R.png	unverified
D90-3-00784	دەلدۈڭلۈك	headword	073_1R.png	unverified
D90-3-00785	دەللال	headword	073_1R.png	unverified
D90-3-00786	دەللال بۇرژۇئازىيە	headword	073_2L.png	unverified
D90-3-00787	دەللاللىق	headword	074_1R.png	unverified
D90-3-00788	دەللە	headword	074_1R.png	unverified
D90-3-00789	دەللەتمەك	headword	074_1R.png	unverified
D90-3-00790	دەللەشمەك	headword	074_1R.png	unverified
D90-3-00791	دەللەنمەك	headword	074_2L.png	unverified
D90-3-00792	دەللىك	headword	074_2L.png	unverified
D90-3-00793	دەللىلىك	headword	074_2L.png	unverified
D90-3-00795	دەللىمەك	headword	074_2L.png	unverified
D90-3-00796	دەلمۇدەل	headword	075_1R.png	unverified
D90-3-00797	دەلۋە	headword	075_1R.png	unverified
D90-3-00798	دەلۋە بۇرجى	headword	075_1R.png	unverified
D90-3-00799	دەلۋە يۇلتۇز تۈركۈمى	headword	075_1R.png	unverified
D90-3-00800	دەلۋىدىۋانە	headword	075_2L.png	verified
D90-3-00801	دەلىل	headword	075_2L.png	unverified
D90-3-00804	دەلىز	nonstandard	076_1R.png	unverified
D90-3-00805	دەلىلچىلىك	headword	076_1R.png	verified
D90-3-00805-v1	پوزىتىۋىزم	variant	076_1R.png	verified
D90-3-00806	دەلىلسىز	headword	076_1R.png	unverified
D90-3-00807	دەلىللەتمەك	headword	076_1R.png	unverified
D90-3-00808	دەلىللەشمەك	headword	076_1R.png	unverified
D90-3-00809	دەلىللەنمەك	headword	076_1R.png	unverified
D90-3-00810	دەلىللىك	headword	076_1R.png	unverified
D90-3-00811	دەلىللىمەك	headword	076_1R.png	unverified
D90-3-00812	دەلىل-ئىسپات	headword	076_2L.png	unverified
D90-3-00813	دەلىل-ئىسپاتسىز	headword	076_2L.png	unverified
D90-3-00814	دەلىل-ئىسپاتلىق	headword	076_2L.png	unverified
D90-3-00815	دەم	headword	076_2L.png	unverified
D90-3-00818	دەم ئالماق	headword	077_1R.png	unverified
D90-3-00819	دەم بەرمەك	headword	077_2L.png	unverified
D90-3-00820	دەم تارتماق	headword	077_2L.png	unverified
D90-3-00821	دەم تۇتماق	headword	077_2L.png	unverified
D90-3-00822	دەم تۇرماق	headword	077_2L.png	unverified
D90-3-00823	دەم سالماق	headword	077_2L.png	unverified
D90-3-00824	دەم سۈيى	headword	078_1R.png	unverified
D90-3-00825	دەم ئۇرماق	headword	078_1R.png	unverified
D90-3-00826	دەم ئېلىش	headword	078_1R.png	unverified
D90-3-00827	دەم ئېلىش بەلگىسى	headword	078_1R.png	unverified
D90-3-00828	دەم ئېلىشقا چىقماق	headword	078_1R.png	unverified
D90-3-00828-v1	پېنسىيىگە چىقماق	variant	078_1R.png	unverified
D90-3-00829	دەم ئېلىش كۈنى	headword	078_1R.png	unverified
D90-3-00830	دەم يېمەك	headword	078_1R.png	unverified
D90-3-00831	دېمى بوغۇلماق	headword	078_2L.png	unverified
D90-3-00832	دېمى تۇتۇلماق	headword	078_2L.png	unverified
D90-3-00833	دېمى سىقىلماق	headword	078_2L.png	unverified
D90-3-00834	دېمى قىسقا	headword	078_2L.png	unverified
D90-3-00835	دېمى كېسىلمەك	headword	078_2L.png	unverified
D90-3-00836	دېمىنى باسماق	headword	079_1R.png	unverified
D90-3-00837	دېمىنى چىقارماسلىق	headword	079_1R.png	unverified
D90-3-00838	دېمىنى راسلىماق	headword	079_1R.png	unverified
D90-3-00839	دېمىنى سىرتقا چىقارماسلىق	headword	079_1R.png	unverified
D90-3-00840	دېمىنى ئىچىگە تارتماق	headword	079_1R.png	unverified
D90-3-00841	دېمىنى ئىچىگە يۇتماق	headword	079_1R.png	unverified
D90-3-00842	دېمى ئۆچمەك	headword	079_2L.png	unverified
D90-3-00843	دېمى ئۆزۈلمەك	headword	079_2L.png	unverified
D90-3-00844	دېمى ئىچىدە قالماق	headword	079_2L.png	unverified
D90-3-00845	دېمى ئىچىگە چۈشمەك	headword	079_2L.png	unverified
D90-3-00846	دېمى ئىچىگە چۈشۈپ كەتمەك	headword	080_1R.png	unverified
D90-3-00847	دېمى يەتمەك	headword	080_1R.png	unverified
D90-3-00848	دەمال	headword	080_1R.png	unverified
D90-3-00849	دەماللىققا	headword	080_1R.png	unverified
D90-3-00850	دەمبەدەم	headword	080_1R.png	unverified
D90-3-00851	دەمبەس	headword	080_2L.png	unverified
D90-3-00854	دەمدان	headword	080_2L.png	unverified
D90-3-00855	دەمدەر	headword	080_2L.png	unverified
D90-3-00856	دەمدەك	headword	080_2L.png	unverified
D90-3-00857	دەم-دەم	headword	080_2L.png	unverified
D90-3-00858	دەم-دەم تۇرماق	headword	081_1R.png	unverified
D90-3-00859	دەم-دەم ماڭماق	headword	081_1R.png	unverified
D90-3-00860	دەمساز	headword	081_1R.png	unverified
D90-3-00861	دەمسىقما	headword	081_1R.png	unverified
D90-3-00861-v1	زىققە	variant	081_1R.png	unverified
D90-3-00862	دەمسىقىش	headword	081_1R.png	unverified
D90-3-00863	دەملەتكۈزمەك	headword	081_1R.png	unverified
D90-3-00865	دەملەتمەك	headword	081_2L.png	unverified
D90-3-00867	دەملەشمەك	headword	081_2L.png	unverified
D90-3-00870	دەملەنمەك	headword	081_2L.png	unverified
D90-3-00872	دەملىك	headword	082_1R.png	unverified
D90-3-00874	دەملىمەك	headword	082_1R.png	unverified
D90-3-00876	دەممۇدەم	headword	082_1R.png	unverified
D90-3-00877	دەمىدە	headword	082_2L.png	unverified
D90-3-00881	دەند	headword	082_2L.png	unverified
D90-3-00882	دەندان	headword	083_1R.png	unverified
D90-3-00883	داندانە	headword	083_1R.png	unverified
D90-3-00884	دەندەتمەك	headword	083_1R.png	unverified
D90-3-00885	دەندىمەك	headword	083_1R.png	unverified
D90-3-00886	دەھر	headword	083_1R.png	verified
D90-3-00887	دەھرىي	headword	083_1R.png	verified
D90-3-00888	دەھرىيلىك	headword	083_1R.png	unverified
D90-3-00889	دەھشەت	headword	083_1R.png	unverified
D90-3-00892	دەھشەتلىك	headword	084_1R.png	unverified
D90-3-00893	دەھلىز	headword	084_2L.png	unverified
D90-3-00894	دەھلىزلىك	headword	084_2L.png	unverified
D90-3-00895	دەۋا	headword	084_2L.png	unverified
D90-3-00896	دەۋا تەرتىپى	headword	085_1R.png	unverified
D90-3-00897	دەۋادىن كېچىش	headword	085_1R.png	unverified
D90-3-00898	دەۋاغا قاتناشقۇچى	headword	085_1R.png	unverified
D90-3-00899	دەۋا قانۇنى	headword	085_2L.png	unverified
D90-3-00900	دەۋا قىلماق	headword	085_2L.png	unverified
D90-3-00901	دەۋا ھەققى	headword	086_1R.png	unverified
D90-3-00902	دەۋا ھوقۇقى	headword	086_1R.png	unverified
D90-3-00903	دەۋا ھۆددىگىرى	headword	086_1R.png	unverified
D90-3-00904	دەۋا ۋەكالەتچىسى	headword	086_1R.png	unverified
D90-3-00905	دەۋا-دەستۇر	headword	086_1R.png	unverified
D90-3-00906	دەۋاگەر	headword	086_1R.png	verified
D90-3-00907	دەۋاگەرلىك	headword	086_2L.png	unverified
D90-3-00908	دەۋالاشقۇچىلار	headword	086_2L.png	unverified
D90-3-00909	دەۋالاشماق	headword	086_2L.png	unverified
D90-3-00910	دەۋەت	headword	087_1R.png	unverified
D90-3-00911	دەۋەت قىلماق	headword	087_1R.png	unverified
D90-3-00912	دەۋەتچى	headword	087_1R.png	unverified
D90-3-00913	دەۋەتنامە	headword	087_1R.png	unverified
D90-3-00914	دەۋر	headword	087_1R.png	unverified
D90-3-00916	دەۋر بۆلگۈچ	headword	088_1R.png	unverified
D90-3-00917	دەۋر سۈرمەك	headword	088_1R.png	unverified
D90-3-00918	دەۋر قىلماق	headword	088_1R.png	unverified
D90-3-00919	دەۋر قىلىش نەزەرىيىسى	headword	088_2L.png	unverified
D90-3-00922	دەۋران	headword	088_2L.png	unverified
D90-3-00923	دەۋران سۈرمەك	headword	088_2L.png	unverified
D90-3-00924	دەۋرداش	headword	089_1R.png	unverified
D90-3-00925	دەۋر-دەۋران	headword	089_1R.png	unverified
D90-3-00926	دەۋرىمەك	headword	089_1R.png	unverified
D90-3-00927	دەۋرىي	headword	089_1R.png	unverified
D90-3-00928	دەۋرىي قانۇنى	headword	089_1R.png	unverified
D90-3-00929	دەۋرىي ئونلۇق كەسىر	headword	089_2L.png	unverified
D90-3-00930	دەۋرىيلەنمەك	headword	090_1R.png	unverified
D90-3-00931	دەۋرىيلىك	headword	090_1R.png	unverified
D90-3-00932	دەيدەي	headword	090_1R.png	unverified
D90-3-00934	دەيدەيچى	headword	090_1R.png	unverified
D90-3-00935	دەيدەيلىمەك	headword	090_1R.png	unverified
D90-3-00936	دەيزۇ	headword	090_1R.png	unverified
D90-3-00937	دەيزۇ تىلى	headword	090_2L.png	unverified
D90-3-00938	دەيزۇلار	headword	090_2L.png	unverified
D90-3-00939	دەيۈز	headword	090_2L.png	unverified
D90-3-00940	ددت	headword	090_2L.png	unverified
D90-3-00941	ددۋ	headword	090_2L.png	unverified
D90-3-00942	دراپ	headword	091_1R.png	unverified
D90-3-00943	دراكما	headword	091_1R.png	unverified
D90-3-00944	دراماتۇرگ	headword	091_1R.png	unverified
D90-3-00945	دراماتۇرگىيە	headword	091_1R.png	unverified
D90-3-00946	درامىچىلىق	headword	091_1R.png	unverified
D90-3-00947	دراۋىد	headword	091_1R.png	unverified
D90-3-00948	دراۋىد تىللىرى سىستېمىسى	headword	091_1R.png	unverified
D90-3-00949	دو	headword	091_1R.png	unverified
D90-3-00949-v1	دو تۇتتۇرماق	variant	091_1R.png	unverified
D90-3-00951	دو تىكمەك	headword	091_2L.png	unverified
D90-3-00952	دو چىقماق	headword	091_2L.png	unverified
D90-3-00954	دوبرا	headword	091_2L.png	unverified
D90-3-00955	دوپبېگى	headword	091_2L.png	verified
D90-3-00956	دوپپا	headword	091_2L.png	unverified
D90-3-00957	دوپپىسى چۈشسە خۇدانىڭ يېرىگە چۈشىدۇ	headword	092_1R.png	unverified
D90-3-00958	دوپپىسى سۇغا چىلاشماق	headword	092_1R.png	unverified
D90-3-00959	دوپپىسىغا جىگدە تاشلىماق	headword	092_1R.png	unverified
D90-3-00960	دوپپىسىغا جىگدە چۈشمەك	headword	092_1R.png	unverified
D90-3-00961	دوپپىسىغا جىگدە سالماق	headword	092_1R.png	unverified
D90-3-00962	دوپپىسىنى ئاسمانغا ئاتماق	headword	092_2L.png	unverified
D90-3-00963	دوپپىسىنى ئال دېسە بېشىنى ئالىدىغان	headword	092_2L.png	unverified
D90-3-00964	دوپپىسىنى قىرلاپ يۈرمەك	headword	092_2L.png	unverified
D90-3-00965	دوپپىچان	headword	092_2L.png	unverified
D90-3-00966	دوپپىچى	headword	092_2L.png	unverified
D90-3-00967	دوپپىچىلىق	headword	093_1R.png	unverified
D90-3-00968	دوپپىسىمان	headword	093_1R.png	unverified
D90-3-00970	دوپپىلىق	headword	093_1R.png	unverified
D90-3-00971	دوپدوغىلاق	headword	093_1R.png	unverified
D90-3-00972	دوپدومىلاق	headword	093_1R.png	unverified
D90-3-00974	دوتەيلىك	headword	093_2L.png	unverified
D90-3-00975	دوتسېنت	headword	093_2L.png	unverified
D90-3-00976	دوتسېنتلىق	headword	093_2L.png	unverified
D90-3-00977	دوختۇر	headword	093_2L.png	unverified
D90-3-00978	دوختۇرخانا	headword	093_2L.png	unverified
D90-3-00979	دوختۇرلۇق	headword	093_2L.png	unverified
D90-3-00981	دودەنلەشتۈرمەك	headword	094_1R.png	unverified
D90-3-00982	دودەنلەشمەك	headword	094_1R.png	unverified
D90-3-00983	دودەنلىك	headword	094_1R.png	unverified
D90-3-00984	دور	headword	094_1R.png	unverified
D90-3-00985	دورا	headword	094_1R.png	unverified
D90-3-00986	دورا بولماق	headword	094_2L.png	unverified
D90-3-00987	دورا پۈركۈگۈچ	headword	094_2L.png	unverified
D90-3-00988	دورا تاشمىسى	headword	094_2L.png	unverified
D90-3-00989	دورا خالتىسى	headword	095_1R.png	unverified
D90-3-00990	دورا سەپكۈچ	headword	095_1R.png	unverified
D90-3-00991	دورا سوپۇن	headword	095_1R.png	unverified
D90-3-00992	دورا قەغىزى	headword	095_1R.png	unverified
D90-3-00992-v1	رېتېپ	variant	095_1R.png	unverified
D90-3-00993	دورا قىلماق	headword	095_1R.png	unverified
D90-3-00994	دورا ئۆسۈملۈك	headword	095_1R.png	unverified
D90-3-00994-v1	دورىلىق ئوت-چۆپ	variant	095_1R.png	unverified
D90-3-00995	دوراتماق	headword	095_1R.png	unverified
D90-3-00996	دورا-دەرمان	headword	095_1R.png	unverified
D90-3-00997	دورا-دەرمەك	headword	095_1R.png	unverified
D90-3-00998	دوراشماق	headword	095_1R.png	unverified
D90-3-00999	دورام	headword	095_2L.png	unverified
D90-3-01000	دورامچۇق	headword	095_2L.png	unverified
D90-3-01000-v1	ھورامچى	variant	095_2L.png	unverified
D90-3-01001	دورامچۇقلۇق	headword	095_2L.png	unverified
D90-3-01001-v1	ھورامچىلىق	variant	095_2L.png	unverified
D90-3-01002	دورامچى	headword	095_2L.png	unverified
D90-3-01003	دورامچىلىق	headword	095_2L.png	unverified
D90-3-01004	دورە	headword	095_2L.png	unverified
D90-3-01005	دورەم	headword	095_2L.png	unverified
D90-3-01006	دورىلىق ئوت- چۆپ	headword	098_1R.png	unverified
D90-3-01007	دورىلىماق	headword	098_1R.png	unverified
D90-3-01008	دورىماق	headword	098_1R.png	unverified
D90-3-01009	دوزاخ	headword	098_2L.png	unverified
D90-3-01010	دوزىخىي	headword	098_2L.png	unverified
D90-3-01011	دوژنا	headword	099_1R.png	unverified
D90-3-01012	دوست	headword	099_1R.png	unverified
D90-3-01013	دوست بولماق	headword	099_1R.png	unverified
D90-3-01014	دوست تارتماق	headword	099_1R.png	unverified
D90-3-01015	دوست تۇتماق	headword	099_2L.png	unverified
D90-3-01016	دوستانە	headword	099_2L.png	unverified
D90-3-01017	دوستانىلىق	headword	099_2L.png	unverified
D90-3-01018	دوست-ئاغىنە	headword	099_2L.png	unverified
D90-3-01019	دوست-بۇرادەر	headword	099_2L.png	unverified
D90-3-01020	دوست-دۈشمەن	headword	099_2L.png	unverified
D90-3-01021	دوستلارچە	headword	100_1R.png	unverified
D90-3-01022	دوستلاشتۇرماق	headword	100_1R.png	unverified
D90-3-01023	دوستلاشتۇرۇلماق	headword	100_1R.png	unverified
D90-3-01024	دوستلاشماق	headword	100_1R.png	unverified
D90-3-01025	دوستلۇق	headword	100_1R.png	unverified
D90-3-01027	دوست-ياران	headword	100_2L.png	unverified
D90-3-01027-v1	دوست-يار	variant	100_2L.png	unverified
D90-3-01028	دوسقان	nonstandard	100_2L.png	unverified
D90-3-01029	دوسكا	headword	100_2L.png	unverified
D90-3-01030	دوشاپ	headword	100_2L.png	unverified
D90-3-01032	دوغ	headword	100_2L.png	unverified
D90-3-01033	دوغا	headword	100_2L.png	unverified
D90-3-01034	دوغاپ	headword	100_2L.png	unverified
D90-3-01035	دوغاپچى	headword	101_1R.png	unverified
D90-3-01036	دوغاپچىلىق	headword	101_1R.png	unverified
D90-3-01037	دوغداق	headword	101_1R.png	unverified
D90-3-01038	دوغدايتماق	headword	101_1R.png	unverified
D90-3-01039	دوغدايماق	headword	101_1R.png	unverified
D90-3-01040	دوغدىيىشماق	headword	101_1R.png	unverified
D90-3-01041	دوغۇ	nonstandard	101_2L.png	unverified
D90-3-01041-c1	دورغا	corrected_form	101_2L.png	unverified
D90-3-01042	دوغىلاق	headword	101_2L.png	unverified
D90-3-01043	دوق	headword	101_2L.png	unverified
D90-3-01045	دوقا	headword	101_2L.png	unverified
D90-3-01046	دوقا باش	headword	102_1R.png	unverified
D90-3-01047	دوقا پېشانە	headword	102_1R.png	unverified
D90-3-01048	دوقا چاق	headword	102_1R.png	unverified
D90-3-01049	دوقا ماڭلاي	headword	102_1R.png	unverified
D90-3-01050	دوقاق	headword	102_1R.png	unverified
D90-3-01051	دوقال	headword	102_1R.png	unverified
D90-3-01052	دوقچى	headword	102_2L.png	unverified
D90-3-01053	دوق-دوق	headword	102_2L.png	unverified
D90-3-01054	دوققىدە	headword	102_2L.png	unverified
D90-3-01055	دوقمۇش	headword	102_2L.png	unverified
D90-3-01056	دوقمۇش-دوقمۇش	headword	103_1R.png	unverified
D90-3-01057	دوقۇرماق	headword	103_1R.png	unverified
D90-3-01058	دوقۇرۇشتۇرماق	headword	103_1R.png	unverified
D90-3-01059	دوقۇرۇشماق	headword	103_1R.png	unverified
D90-3-01060	دوقۇسلاتماق	headword	103_2L.png	unverified
D90-3-01061	دوقۇلداشماق	headword	103_2L.png	unverified
D90-3-01062	دوقۇلدىماق	headword	103_2L.png	unverified
D90-3-01063	دوك	headword	103_2L.png	unverified
D90-3-01064	دوك ئوق	headword	104_1R.png	unverified
D90-3-01066	دوكار	headword	104_1R.png	unverified
D90-3-01067	دوكپاپە	headword	104_1R.png	unverified
D90-3-01068	دوكتور	headword	104_1R.png	unverified
D90-3-01069	دوككىدە	headword	104_1R.png	unverified
D90-3-01070	دوكلات	headword	104_2L.png	unverified
D90-3-01073	دوكلات قىلماق	headword	104_2L.png	unverified
D90-3-01074	دوكلاتچى	headword	105_1R.png	unverified
D90-3-01075	دوكۇر	headword	105_1R.png	unverified
D90-3-01076	دوكۇلداتماق	headword	105_1R.png	unverified
D90-3-01077	دوكۇلداشماق	headword	105_1R.png	unverified
D90-3-01078	دوكۇلدىماق	headword	105_1R.png	unverified
D90-3-01079	دوگما	headword	105_2L.png	unverified
D90-3-01080	دوگماتىزم	headword	105_2L.png	unverified
D90-3-01081	دوگماتىك	headword	105_2L.png	unverified
D90-3-01082	دوگمىچى	headword	105_2L.png	unverified
D90-3-01083	دوگمىچىلىق	headword	105_2L.png	verified
D90-3-01084	دوگوۋور	headword	106_1R.png	verified
D90-3-01085	دوگوۋورلاشماق	headword	106_1R.png	unverified
D90-3-01086	دوڭ	headword	106_1R.png	unverified
D90-3-01088	دوڭ-دوڭ	headword	106_1R.png	unverified
D90-3-01089	دوڭغاس	headword	106_1R.png	unverified
D90-3-01090	دوڭغاسلىماق	headword	106_1R.png	unverified
D90-3-01091	دوڭغاق	headword	106_1R.png	unverified
D90-3-01092	دوڭغاقلاتماق	headword	106_2L.png	verified
D90-3-01093	دوڭغاقلىماق	headword	106_2L.png	unverified
D90-3-01094	دوڭغالچاق	headword	106_2L.png	unverified
D90-3-01095	دوڭغالچاقلىماق	headword	106_2L.png	unverified
D90-3-01096	دوڭغايتماق	headword	107_1R.png	unverified
D90-3-01097	دوڭغايتىشماق	headword	107_1R.png	unverified
D90-3-01098	دوڭغايتىلماق	headword	107_1R.png	unverified
D90-3-01099	دوڭغايماق	headword	107_1R.png	unverified
D90-3-01100	دوڭغىيىشماق	headword	107_1R.png	unverified
D90-3-01101	دوڭگۇر	headword	107_1R.png	unverified
D90-3-01102	دوڭگۇر-دوڭگۇر	headword	107_1R.png	unverified
D90-3-01103	دوڭڭىدە	headword	107_1R.png	unverified
D90-3-01104	دوڭغىلداتماق	headword	107_1R.png	unverified
D90-3-01105	دوڭىلدىماق	headword	107_2L.png	unverified
D90-3-01106	دولا	headword	107_2L.png	unverified
D90-3-01110	دولىسدا پال باقماق	headword	108_1R.png	unverified
D90-3-01110-v1	دۈمبىسدە پال باقماق	variant	108_1R.png	unverified
D90-3-01111	دولىسدا ئاپتاپ تېگىمەك	headword	108_1R.png	unverified
D90-3-01111-v1	دولىسى ئاپتاپ كۆرمەك	variant	108_1R.png	unverified
D90-3-01112	دولىسىنى قاقماق	headword	108_1R.png	unverified
D90-3-01113	دولانا	headword	108_1R.png	unverified
D90-3-01114	دولقۇن	headword	108_1R.png	unverified
D90-3-01115	دولقۇن ئامپلىتۇدىسى	headword	108_2L.png	unverified
D90-3-01116	دولقۇن بۆلىكى	headword	108_2L.png	unverified
D90-3-01117	دولقۇن تاسقاش	headword	108_2L.png	unverified
D90-3-01118	دولقۇن چوققىسى	headword	108_2L.png	unverified
D90-3-01119	دولقۇن سۈزۈش	headword	108_2L.png	unverified
D90-3-01120	دولقۇن سپېكترى	headword	108_2L.png	unverified
D90-3-01121	دولقۇن قىلماق	headword	109_1R.png	unverified
D90-3-01123	دولقۇن كېزىش تەنھەرىكىتى	headword	109_1R.png	unverified
D90-3-01124	دولقۇن مەنبەسى	headword	109_1R.png	unverified
D90-3-01125	دولقۇن ئويمىنى	headword	109_2L.png	unverified
D90-3-01126	دولقۇن ئۇزۇنلۇقى	headword	109_2L.png	unverified
D90-3-01127	دولقۇن ئۆتكۈزگۈچ	headword	109_2L.png	unverified
D90-3-01128	دولقۇن ئىزى	headword	109_2L.png	unverified
D90-3-01129	دولقۇنسىمان	headword	109_2L.png	unverified
D90-3-01130	دولقۇنسىمان قىزىتما	headword	109_2L.png	unverified
D90-3-01131	دولقۇنسىمان ئىلگىرىلەش	headword	110_1R.png	unverified
D90-3-01132	دولقۇنلاتماق	headword	110_1R.png	unverified
D90-3-01133	دولقۇنلاشماق	headword	110_1R.png	unverified
D90-3-01134	دولقۇنلاندۇرماق	headword	110_1R.png	unverified
D90-3-01135	دولقۇنلانماق	headword	110_1R.png	unverified
D90-3-01136	دولقۇنلۇق	headword	110_2L.png	unverified
D90-3-01137	دولقۇنلىماق	headword	110_2L.png	unverified
D90-3-01138	دوللار	headword	110_2L.png	unverified
D90-3-01139	دولومىت	headword	110_2L.png	unverified
D90-3-01141	دوما	headword	111_1R.png	unverified
D90-3-01142	دومبا	headword	111_1R.png	unverified
D90-3-01143	دومباق	headword	111_1R.png	unverified
D90-3-01144	دومباق-دومباق	headword	111_1R.png	unverified
D90-3-01145	دومبايتماق	headword	111_1R.png	unverified
D90-3-01146	دومبايماق	headword	111_1R.png	unverified
D90-3-01147	دومبىرا	headword	111_2L.png	unverified
D90-3-01148	دومبىرىچى	headword	111_2L.png	unverified
D90-3-01149	دوم-دوم	headword	111_2L.png	unverified
D90-3-01149-v1	دوم-دوم قىلماق	variant	111_2L.png	unverified
D90-3-01150	دومساق	headword	111_2L.png	unverified
D90-3-01151	دومسايتماق	headword	111_2L.png	unverified
D90-3-01152	دومسايماق	headword	111_2L.png	unverified
D90-3-01153	دومسىيىشماق	headword	111_2L.png	unverified
D90-3-01154	دوملاتماق	headword	111_2L.png	unverified
D90-3-01155	دوملاشماق	headword	112_1R.png	unverified
D90-3-01156	دوملانماق	headword	112_1R.png	unverified
D90-3-01157	دوملىماق	headword	112_1R.png	unverified
D90-3-01158	دومناپېچ	headword	112_1R.png	unverified
D90-3-01159	دومىلاتقۇزماق	headword	112_1R.png	unverified
D90-3-01160	دومىلاتما	headword	112_1R.png	unverified
D90-3-01162	دومىلاتماق	headword	112_2L.png	unverified
D90-3-01163	دومىلاشماق	headword	112_2L.png	unverified
D90-3-01164	دومىلاق	headword	112_2L.png	unverified
D90-3-01165	دومىلاق شېغىل	headword	113_1R.png	unverified
D90-3-01166	دومىلاقلاتماق	headword	113_1R.png	unverified
D90-3-01167	دومىلاقلاشماق	headword	113_1R.png	unverified
D90-3-01168	دومىلاقلىماق	headword	113_1R.png	unverified
D90-3-01169	دومىلانما	headword	113_1R.png	unverified
D90-3-01171	دومىلانماق	headword	113_1R.png	unverified
D90-3-01173	دومىلە باسماق	headword	113_2L.png	unverified
D90-3-01174	دومىلىما	headword	113_2L.png	unverified
D90-3-01176	دومىلىماق	headword	113_2L.png	unverified
D90-3-01177	دومىلاپ چۈشمەك	headword	114_1R.png	unverified
D90-3-01178	دومىنىئون	headword	114_1R.png	unverified
D90-3-01179	دون	headword	114_1R.png	unverified
D90-3-01181	دوناي	headword	114_1R.png	unverified
D90-3-01182	دونداق	headword	114_2L.png	unverified
D90-3-01183	دوۋساق	headword	114_2L.png	verified
D90-3-01185	دوۋسۇن	headword	114_2L.png	verified
D90-3-01187	دوۋۇسلىماق	headword	114_2L.png	unverified
D90-3-01188	دۇئا	headword	115_1R.png	unverified
D90-3-01191	دۇئاغا كەتمەك	headword	115_2L.png	unverified
D90-3-01192	دۇئا قىلماق	headword	115_2L.png	unverified
D90-3-01193	دۇئا ياندۇرماق	headword	115_2L.png	unverified
D90-3-01194	دۇئا-تەكبىر	headword	116_1R.png	unverified
D90-3-01195	دۇئا-تەلەپ	headword	116_1R.png	unverified
D90-3-01196	دۇئا-تىلاۋەت	headword	116_1R.png	unverified
D90-3-01197	دۇئاگۇي	headword	116_1R.png	unverified
D90-3-01198	دۇئاگۇيلۇق	headword	116_1R.png	unverified
D90-3-01199	دۇئالىزم	headword	116_2L.png	unverified
D90-3-01199-v1	ئىككى مەنىبەچىلىك	variant	116_2L.png	unverified
D90-3-01200	دۇئايىبەت	headword	116_2L.png	unverified
D90-3-01201	دۇئايىبەت قىلماق	headword	116_2L.png	unverified
D90-3-01202	دۇئايىسالام	headword	116_2L.png	verified
D90-3-01203	دۇب	headword	116_2L.png	unverified
D90-3-01203-v1	دۇب دەرىخى	variant	116_2L.png	unverified
D90-3-01206	دۇپ دىبىقى	headword	117_1R.png	unverified
D90-3-01208	دۇبەن يامۇل	headword	117_1R.png	unverified
D90-3-01209	دۇبليور	headword	117_1R.png	unverified
D90-3-01210	دۇبۇلغا	headword	117_1R.png	unverified
D90-3-01211	دۇبۇلغا-قوياق	headword	117_1R.png	unverified
D90-3-01212	دۇپىي	headword	117_2L.png	unverified
D90-3-01213	دۇت	headword	117_2L.png	unverified
D90-3-01217	دۇتار	headword	117_2L.png	unverified
D90-3-01218	دۇتارچى	headword	118_1R.png	unverified
D90-3-01219	دۇتخانا	headword	118_1R.png	unverified
D90-3-01220	دۇتلاتماق	headword	118_1R.png	unverified
D90-3-01221	دۇتلاشماق	headword	118_1R.png	unverified
D90-3-01222	دۇتلانماق	headword	118_1R.png	unverified
D90-3-01223	دۇتلىماق	headword	118_1R.png	unverified
D90-3-01224	دۇچ	headword	118_1R.png	unverified
D90-3-01225	دۇچ كەلمەك	headword	118_1R.png	unverified
D90-3-01226	دۇچار	headword	118_1R.png	unverified
D90-3-01227	دۇچار ئەتمەك	headword	118_2L.png	unverified
D90-3-01228	دۇچار بولماق	headword	118_2L.png	unverified
D90-3-01229	دۇچار قىلماق	headword	118_2L.png	unverified
D90-3-01230	دۇخاۋا	headword	118_2L.png	unverified
D90-3-01231	دۇخاۋا دوپپا	headword	118_2L.png	unverified
D90-3-01232	دۇخوپكا	headword	119_1R.png	unverified
D90-3-01233	دۇخوۋوي	headword	119_1R.png	unverified
D90-3-01233-v1	دۇخوۋوي چالغۇ	variant	119_1R.png	unverified
D90-3-01236	دۇخۇلۇر	headword	119_1R.png	unverified
D90-3-01236-v1	تۇغۇر	variant	119_1R.png	unverified
D90-3-01237	دۇد	headword	119_1R.png	unverified
D90-3-01239	دۇدۇق	headword	119_1R.png	unverified
D90-3-01240	دۇدۇق-بۇدۇق	headword	119_2L.png	unverified
D90-3-01241	دۇدۇقلاتماق	headword	119_2L.png	unverified
D90-3-01242	دۇدۇقلاشماق	headword	119_2L.png	unverified
D90-3-01243	دۇدۇقلانماق	headword	119_2L.png	unverified
D90-3-01244	دۇدۇقلىماق	headword	119_2L.png	unverified
D90-3-01245	دۇدۇلانماق	headword	119_2L.png	unverified
D90-3-01246	دۇدۇسى تۇتماق	headword	120_1R.png	unverified
D90-3-01247	دۇر	headword	120_1R.png	unverified
D90-3-01248	دۇربۇن	headword	120_1R.png	unverified
D90-3-01249	دۇردانە	headword	120_1R.png	unverified
D90-3-01250	دۇردۇن	headword	120_1R.png	unverified
D90-3-01251	دۇرراك	headword	120_1R.png	verified
D90-3-01252	دۇررىمارجان	headword	120_2L.png	verified
D90-3-01253	دۇرۇت	headword	120_2L.png	unverified
D90-3-01254	دۇرۇت ئوقۇماق	headword	120_2L.png	unverified
D90-3-01255	دۇرۇت-ئىستىغپار	headword	120_2L.png	unverified
D90-3-01256	دۇرۇس	headword	120_2L.png	unverified
D90-3-01257	دۇرۇسلاتماق	headword	121_1R.png	unverified
D90-3-01258	دۇرۇسلاشماق	headword	121_1R.png	unverified
D90-3-01259	دۇرۇسلانماق	headword	121_1R.png	unverified
D90-3-01260	دۇرۇسلۇق	headword	121_1R.png	unverified
D90-3-01261	دۇرۇسلىماق	headword	121_1R.png	unverified
D90-3-01262	دۇريان دەرىغى	headword	121_2L.png	unverified
D90-3-01263	دۇش	headword	121_2L.png	unverified
D90-3-01264	دۇشالقا	headword	121_2L.png	unverified
D90-3-01265	دۇشقار	headword	121_2L.png	unverified
D90-3-01266	دۇشقارچىلىق	headword	121_2L.png	unverified
D90-3-01267	دۇغ	headword	121_2L.png	unverified
D90-3-01268	دۇغلاشماق	headword	121_2L.png	unverified
D90-3-01269	دۇغلانماق	headword	121_2L.png	unverified
D90-3-01274	دۇكات	headword	122_1R.png	unverified
D90-3-01275	دۇكان	headword	122_1R.png	unverified
D90-3-01277	دۇكان ئاسقۇسى	headword	122_2L.png	unverified
D90-3-01278	دۇكان ئايرىماق	headword	122_2L.png	unverified
D90-3-01279	دۇكان بېشى	headword	122_2L.png	unverified
D90-3-01280	دۇكان ئورىسى	headword	122_2L.png	unverified
D90-3-01281	دۇكانچە	headword	122_2L.png	unverified
D90-3-01282	دۇكانچى	headword	122_2L.png	unverified
D90-3-01283	دۇكاندار	headword	122_2L.png	unverified
D90-3-01284	دۇكانلىق	headword	123_1R.png	unverified
D90-3-01286	دۇڭزۇ	headword	123_1R.png	verified
D90-3-01288	دۇڭزۇلار	headword	123_1R.png	verified
D90-3-01289	دۇڭشياڭ	headword	123_1R.png	verified
D90-3-01290	دۇڭشياڭ تىلى	headword	123_2L.png	unverified
D90-3-01291	دۇڭشياڭلار	headword	123_2L.png	unverified
D90-3-01292	دۇڭلاپ	headword	123_2L.png	unverified
D90-3-01293	دۇلدۇل	headword	123_2L.png	unverified
D90-3-01294	دۇلۇڭ	headword	123_2L.png	unverified
D90-3-01295	دۇلۇڭ تىلى	headword	123_2L.png	unverified
D90-3-01296	دۇلۇڭلار	headword	124_1R.png	unverified
D90-3-01297	دۇمبا	headword	124_1R.png	unverified
D90-3-01298	دۇمباق	headword	124_1R.png	unverified
D90-3-01300	دۇمباقچى	headword	124_2L.png	unverified
D90-3-01301	دۇمباقچىلىق	headword	124_2L.png	unverified
D90-3-01302	دۇمبالاتماق	headword	124_2L.png	unverified
D90-3-01303	دۇمبالاشماق	headword	124_2L.png	unverified
D90-3-01304	دۇمبالانماق	headword	124_2L.png	unverified
D90-3-01305	دۇمبالىماق	headword	124_2L.png	unverified
D90-3-01306	دۇنيا	headword	125_1R.png	unverified
D90-3-01307	دۇنيا بازىرى	headword	125_2L.png	unverified
D90-3-01308	دۇنيا بىلەن خەيرلەشمەك	headword	125_2L.png	unverified
D90-3-01309	دۇنيا بىلەن ۋاقتسىز خوشلاشماق	headword	125_2L.png	unverified
D90-3-01310	دۇنيا تىلى	headword	125_2L.png	unverified
D90-3-01311	دۇنيادىن تويماق	headword	126_1R.png	unverified
D90-3-01312	دۇنيادىن تۈگەشمەك	headword	126_1R.png	unverified
D90-3-01313	دۇنيادىن خەۋەردار بولماق	headword	126_1R.png	unverified
D90-3-01314	دۇنيادىن خوشلاشماق	headword	126_1R.png	unverified
D90-3-01314-v1	ئالەمدىن خوشلاشماق	variant	126_1R.png	unverified
D90-3-01315	دۇنيادىن كەتمەك	headword	126_1R.png	unverified
D90-3-01316	دۇنيادىن ئۆتمەك	headword	126_1R.png	unverified
D90-3-01317	دۇنيا سارىڭى	headword	126_1R.png	unverified
D90-3-01317-v1	جاھان سارىڭى	variant	126_1R.png	unverified
D90-3-01318	دونياغا پاتماي	headword	126_2L.png	unverified
D90-3-01319	دونياغا كەلمەك	headword	126_2L.png	unverified
D90-3-01320	دونياغا كۆز ئاچماق	headword	126_2L.png	unverified
D90-3-01320-v1	ئالەمگە كۆز ئاچماق	variant	126_2L.png	unverified
D90-3-01321	دونيا قاراش	headword	126_2L.png	verified
D90-3-01322	دۇنيا كۆرگەن	headword	127_1R.png	unverified
D90-3-01323	دۇنيانى ئاستىن-ئۈستۈن قىلماق	headword	127_1R.png	unverified
D90-3-01324	دۇنيانى سۇ باسا ئوشۇقىغا كەلمەيدىغان	headword	127_1R.png	unverified
D90-3-01325	دۇنيانى سۇ ئېلىپ كەتسە قاپتىلىغا كەلمەيدىغان	headword	127_1R.png	unverified
D90-3-01325-v1	دۇنيانى سۇ باسسا ئوشۇقىغا كەلمەيدىغان	variant	127_1R.png	unverified
D90-3-01326	دۇنيانى يەيدىغان	headword	127_1R.png	unverified
D90-3-01326-v1	بالانى يەيدىغان	variant	127_1R.png	unverified
D90-3-01327	دۇنيا ۋاقتى	headword	127_1R.png	unverified
D90-3-01328	دۇنيا يۈزىنى كۆرمىگەن	headword	127_1R.png	unverified
D90-3-01329	دۇنياپەرەس	headword	127_1R.png	unverified
D90-3-01330	دۇنياپەرەسلىك	headword	127_2L.png	unverified
D90-3-01331	دۇنياخور	headword	127_2L.png	unverified
D90-3-01332	دۇنياخورلۇق	headword	127_2L.png	unverified
D90-3-01333	دۇنيادار	headword	127_2L.png	unverified
D90-3-01334	دۇنيادەپىنە	headword	127_2L.png	verified
D90-3-01335	دۇنيالىق	headword	127_2L.png	unverified
D90-3-01337	دۇنياۋى	headword	128_1R.png	unverified
D90-3-01339	دۇۋۇس	headword	128_2L.png	unverified
D90-3-01340	دۇۋۇس قىلماق	headword	128_2L.png	unverified
D90-3-01341	دۇئېل	headword	128_2L.png	unverified
D90-3-01342	دۇئېلغا چاقىرماق	headword	128_2L.png	unverified
D90-3-01343	دۇئېلغا چۈشمەك	headword	128_2L.png	unverified
D90-3-01344	دۇئېلغا چىقماق	headword	128_2L.png	unverified
D90-3-01345	دۇ	headword	128_2L.png	unverified
D90-3-01346	دۆت	headword	128_2L.png	unverified
D90-3-01347	دۆت-كالۋا	headword	129_1R.png	unverified
D90-3-01348	دۆتلەشتۈرمەك	headword	129_1R.png	unverified
D90-3-01349	دۆتلەشمەك	headword	129_1R.png	unverified
D90-3-01350	دۆتلۈك	headword	129_1R.png	unverified
D90-3-01351	دۆرەسكەل	headword	129_1R.png	unverified
D90-3-01352	دۆرۈلمە	headword	129_1R.png	unverified
D90-3-01353	دۆش	headword	129_1R.png	unverified
D90-3-01354	دۆشە	headword	129_2L.png	unverified
D90-3-01355	دۆشە ئاياق	headword	129_2L.png	unverified
D90-3-01356	دۆشەش	headword	129_2L.png	unverified
D90-3-01357	دۆشكەلەتمەك	headword	129_2L.png	unverified
D90-3-01358	دۆشكەلىشمەك	headword	129_2L.png	unverified
D90-3-01359	دۆشكەلىنمەك	headword	129_2L.png	unverified
D90-3-01360	دۆشكەلىمەك	headword	129_2L.png	unverified
D90-3-01361	دۆشكۈشلىمەك	headword	130_1R.png	unverified
D90-3-01362	دۆشىلىك	headword	130_1R.png	unverified
D90-3-01363	دۆڭ	headword	130_1R.png	unverified
D90-3-01364	دۆڭ توۋلىماق	headword	130_2L.png	unverified
D90-3-01365	دۆڭ قاتۇرماق	headword	130_2L.png	unverified
D90-3-01366	دۆڭ قوپۇرماق	headword	130_2L.png	unverified
D90-3-01367	دۆڭ كەلتۈرمەك	headword	130_2L.png	unverified
D90-3-01368	دۆڭگە چىقماق	headword	130_2L.png	unverified
D90-3-01369	دۆڭگە يىقىتماق	headword	130_2L.png	unverified
D90-3-01370	دۆڭ مېڭە	headword	131_1R.png	unverified
D90-3-01371	دۆڭ ئېيتماق	headword	131_1R.png	unverified
D90-3-01372	دۆڭگە	headword	131_1R.png	unverified
D90-3-01373	دۆڭگە شمەك	headword	131_1R.png	verified
D90-3-01374	دۆڭگەلمەك	headword	131_2L.png	unverified
D90-3-01375	دۆڭگەي	headword	131_2L.png	unverified
D90-3-01376	دۆڭگۈرچەك	headword	131_2L.png	unverified
D90-3-01377	دۆڭگىمەك	headword	131_2L.png	unverified
D90-3-01378	دۆڭگىشتۈرمەك	headword	131_2L.png	unverified
D90-3-01379	دۆڭگىشمەك	headword	131_2L.png	unverified
D90-3-01380	دۆڭلەتمەك	headword	131_2L.png	unverified
D90-3-01381	دۆڭلەشمەك	headword	131_2L.png	unverified
D90-3-01382	دۆڭلۈك	headword	131_2L.png	unverified
D90-3-01383	دۆڭلىتىلمە	headword	132_1R.png	unverified
D90-3-01384	دۆڭلىمەك	headword	132_1R.png	unverified
D90-3-01385	دۆڭمۇدۆڭ	headword	132_1R.png	unverified
D90-3-01386	دۆلەت	headword	132_1R.png	unverified
D90-3-01390	دۆلەت تۈزۈلمىسى	headword	132_2L.png	verified
D90-3-01391	دۆلەت تىلى	headword	132_2L.png	unverified
D90-3-01392	دۆلەت جۇغلانمىسى	headword	132_2L.png	unverified
D90-3-01393	دۆلەت خەزىنىسى	headword	132_2L.png	unverified
D90-3-01394	دۆلەت خېتى	headword	132_2L.png	unverified
D90-3-01395	دۆلەت شېئىرى	headword	133_1R.png	unverified
D90-3-01396	دۆلەت گېربى	headword	133_1R.png	unverified
D90-3-01397	دۆلەت ماشىنىسى	headword	133_1R.png	unverified
D90-3-01398	دۆلەت مونوپول كاپىتالىزمى	headword	133_1R.png	unverified
D90-3-01399	دۆلەت مۇداپىئە ئارمىيىسى	headword	133_1R.png	unverified
D90-3-01400	دۆلەت مۇداپىئە سانائىتى	headword	133_1R.png	unverified
D90-3-01401	دۆلەت نەقچوتى	headword	133_2L.png	unverified
D90-3-01402	دۆلەت ھاكىمىيىتى	headword	133_2L.png	unverified
D90-3-01403	دۆلەت ئورگانلىرى	headword	133_2L.png	unverified
D90-3-01405	دۆلەت قۇشى قونماق	headword	134_1R.png	unverified
D90-3-01406	دۆلەت كۆرمەك	headword	134_1R.png	unverified
D90-3-01407	دۆلەتنى كۆتۈرەلمەسلىك	headword	134_1R.png	unverified
D90-3-01408	دۆلەت ئۇيقۇسى	headword	134_1R.png	unverified
D90-3-01409	دۆلەتلىرى سايىسىدا	headword	134_1R.png	unverified
D90-3-01410	دۆلىتى زىيادە بولماق	headword	134_1R.png	unverified
D90-3-01411	دۆلەتچىلىك	headword	134_2L.png	verified
D90-3-01412	دۆلەتلىك	headword	134_2L.png	unverified
D90-3-01416	دۆلەتمەن	headword	135_1R.png	verified
D90-3-01417	دۆلەتمەنلىك	headword	135_1R.png	verified
D90-3-01418	دۆلەتنۇر	headword	135_1R.png	verified
D90-3-01419	دۆلىتىڭىزدە	headword	135_1R.png	unverified
D90-3-01420	دۆمبەل	nonstandard	135_1R.png	unverified
D90-3-01421	دۆمبەلچە	nonstandard	135_1R.png	unverified
D90-3-01422	دۆمبۈل	nonstandard	135_1R.png	unverified
D90-3-01423	دۆنەن	headword	135_1R.png	unverified
D90-3-01424	دۆنجەن	headword	135_2L.png	unverified
D90-3-01425	دۆۋە	headword	135_2L.png	unverified
D90-3-01426	دۆۋە-دۆۋە	headword	135_2L.png	unverified
D90-3-01427	دۆۋەزىن	headword	135_2L.png	unverified
D90-3-01428	دۆۋەسكەل	headword	135_2L.png	unverified
D90-3-01429	دۆۋەل	headword	135_2L.png	unverified
D90-3-01430	دۆۋەل-دۆۋەل	headword	135_2L.png	unverified
D90-3-01431	دۆۋىلە	headword	135_2L.png	unverified
D90-3-01432	دۆۋىلەشمەك	headword	136_1R.png	unverified
D90-3-01433	دۆۋىلەكلىك	headword	136_1R.png	unverified
D90-3-01434	دۆۋىلەنمەك	headword	136_1R.png	unverified
D90-3-01435	دۆۋىلىك	headword	136_1R.png	unverified
D90-3-01436	دۆۋىلىمەك	headword	136_1R.png	unverified
D90-3-01437	دۆۋىلىنىش	headword	136_1R.png	unverified
D90-3-01438	دۆيلۈشمەك	headword	136_2L.png	unverified
D90-3-01439	دۆيلۈمەك	headword	136_2L.png	unverified
D90-3-01440	دۆيۈز	headword	136_2L.png	verified
D90-3-01441	دۆيۈزلۈك	headword	136_2L.png	unverified
D90-3-01442	دۈپ	headword	136_2L.png	unverified
D90-3-01443	دۈپ-دۈپ	headword	136_2L.png	unverified
D90-3-01444	دۈپدۈگىلەك	headword	136_2L.png	unverified
D90-3-01445	دۈپۈر	headword	137_1R.png	unverified
D90-3-01446	دۈپۈر-دۈپۈر	headword	137_1R.png	unverified
D90-3-01447	دۈپۈرلەتمەك	headword	137_1R.png	unverified
D90-3-01448	دۈپۈرلەشمەك	headword	137_1R.png	unverified
D90-3-01449	دۈپۈرلىمەك	headword	137_1R.png	unverified
D90-3-01450	دۈپۈلدەتمەك	headword	137_1R.png	unverified
D90-3-01451	دۈپۈلدەشمەك	headword	137_1R.png	unverified
D90-3-01452	دۈپۈلدىمەك	headword	137_2L.png	unverified
D90-3-01453	دۈت	headword	137_2L.png	unverified
D90-3-01454	دۈت-دۈت	headword	137_2L.png	unverified
D90-3-01455	دۈتۈلدەتمەك	headword	137_2L.png	unverified
D90-3-01456	دۈتۈلدىمەك	headword	137_2L.png	unverified
D90-3-01457	دۈدۈت	headword	137_2L.png	unverified
D90-3-01459	دۈدۈك	headword	137_2L.png	unverified
D90-3-01459-v1	پۈشتەك	variant	137_2L.png	unverified
D90-3-01460	دۈر	headword	137_2L.png	unverified
D90-3-01461	دۈر-دۈر	headword	138_1R.png	unverified
D90-3-01462	دۈررىدە	headword	138_1R.png	unverified
D90-3-01463	دۈركىرەشمەك	headword	138_1R.png	unverified
D90-3-01464	دۈركۈن	headword	138_1R.png	unverified
D90-3-01465	دۈركىرىمەك	headword	138_1R.png	unverified
D90-3-01466	دۈرۈك	headword	138_1R.png	unverified
D90-3-01467	دۈرۈك-دۈرۈك	headword	138_1R.png	unverified
D90-3-01468	دۈرۈككەدە	headword	138_1R.png	unverified
D90-3-01469	دۈرۈلدەتمەك	headword	138_2L.png	unverified
D90-3-01470	دۈرۈلدەشمەك	headword	138_2L.png	unverified
D90-3-01471	دۈرۈلدىمەك	headword	138_2L.png	unverified
D90-3-01472	دۈشەنبە	headword	138_2L.png	unverified
D90-3-01473	دۈشەنبە بازار	headword	138_2L.png	unverified
D90-3-01474	دۈشمەن	headword	138_2L.png	verified
D90-3-01475	دۈشمەن ئارىلىماق	headword	139_1R.png	unverified
D90-3-01476	دۈشمەن بولماق	headword	139_1R.png	unverified
D90-3-01477	دۈشمەن بىلەن ئۆز ئوتتۇرىسىدىكى زىددىيەت	headword	139_1R.png	verified
D90-3-01478	دۈشمەننىڭ سۆزى بىلەن	headword	139_1R.png	unverified
D90-3-01479	دۈشمەنسىز	headword	139_1R.png	unverified
D90-3-01480	دۈشمەنلەرچە	headword	139_1R.png	unverified
D90-3-01481	دۈشمەنلەشتۈرمەك	headword	139_2L.png	unverified
D90-3-01482	دۈشمەنلەشتۈرۈلمەك	headword	139_2L.png	unverified
D90-3-01483	دۈشمەنلەشمەك	headword	139_2L.png	unverified
D90-3-01484	دۈشمەنلىك	headword	139_2L.png	unverified
D90-3-01487	دۈشمەنلىك سالماق	headword	140_1R.png	unverified
D90-3-01488	دۈشمەنلىك قىلماق	headword	140_1R.png	unverified
D90-3-01489	دۈك	headword	140_1R.png	unverified
D90-3-01490	دۈك-دۈك	headword	140_1R.png	unverified
D90-3-01491	دۈكۈر	headword	140_1R.png	unverified
D90-3-01492	دۈكۈر-دۈكۈر	headword	140_1R.png	unverified
D90-3-01493	دۈكۈرلەتمەك	headword	140_1R.png	unverified
D90-3-01494	دۈكۈرلىمەك	headword	140_2L.png	unverified
D90-3-01495	دۈكۈلدەتمەك	headword	140_2L.png	unverified
D90-3-01496	دۈكۈلدەشمەك	headword	140_2L.png	unverified
D90-3-01497	دۈكۈلدىمەك	headword	140_2L.png	unverified
D90-3-01498	دۈكىرىمەك	nonstandard	140_2L.png	unverified
D90-3-01499	دۈگجە يمەك	nonstandard	140_2L.png	unverified
D90-3-01500	دۈگجۈمەك	headword	140_2L.png	unverified
D90-3-01501	دۈگدەرەشمەك	headword	140_2L.png	unverified
D90-3-01502	دۈگدەرىمەك	headword	141_1R.png	unverified
D90-3-01503	دۈگدەك	headword	141_1R.png	unverified
D90-3-01504	دۈگدەيتمەك	headword	141_1R.png	unverified
D90-3-01505	دۈگدەيمەك	headword	141_1R.png	unverified
D90-3-01506	دۈگدۈك	nonstandard	141_1R.png	unverified
D90-3-01507	دۈگدۈيمەك	nonstandard	141_1R.png	unverified
D90-3-01508	دۈگدىيىشمەك	headword	141_1R.png	unverified
D90-3-01509	دۈگۈلچەك	headword	141_1R.png	unverified
D90-3-01510	دۈگىلەتمەك	headword	141_2L.png	unverified
D90-3-01511	دۈگىلەك	headword	141_2L.png	unverified
D90-3-01513	دۈگىلەنمەك	headword	141_2L.png	unverified
D90-3-01514	دۈگىلىمەك	headword	141_2L.png	unverified
D90-3-01515	دۈم	headword	142_1R.png	unverified
D90-3-01516	دۈم بولماق	headword	142_1R.png	unverified
D90-3-01517	دۈم پۈرمە	headword	142_1R.png	unverified
D90-3-01518	دۈم چۈشمەك	headword	142_1R.png	unverified
D90-3-01519	دۈم قىلماق	headword	142_2L.png	unverified
D90-3-01520	دۈم كۆمتۈرمەك	headword	142_2L.png	unverified
D90-3-01521	دۈم ياتماق	headword	142_2L.png	unverified
D90-3-01522	دۈم يېتىپ دۈم قوپماق	headword	142_2L.png	unverified
D90-3-01523	دۈمبە	headword	143_1R.png	unverified
D90-3-01530	دۈمبىسى يەرگە تەگمىگەن	headword	143_2L.png	unverified
D90-3-01530-v1	يېنى يەرگە تەگمىگەن	variant	143_2L.png	unverified
D90-3-01532	دۈمبەش	headword	143_2L.png	unverified
D90-3-01533	دۈمبەل	headword	143_2L.png	unverified
D90-3-01534	دۈمبەلچە	headword	143_2L.png	unverified
D90-3-01535	دۈمبەلچەك	headword	143_2L.png	unverified
D90-3-01536	دۈمبىجىگەر	headword	143_2L.png	verified
D90-3-01537	دۈمبىچىلەپ	headword	144_1R.png	unverified
D90-3-01538	دۈمبىلىك	headword	144_1R.png	unverified
D90-3-01539	دۈمچە	headword	144_1R.png	unverified
D90-3-01540	دۈمچەك	headword	144_1R.png	unverified
D90-3-01541	دۈمچەيتمەك	headword	144_2L.png	unverified
D90-3-01542	دۈمچەيمەك	headword	144_2L.png	unverified
D90-3-01543	دۈمچىيىشمەك	headword	144_2L.png	unverified
D90-3-01544	دۇم-دۇم	headword	144_2L.png	unverified
D90-3-01545	دۈملەتمەك	headword	144_2L.png	unverified
D90-3-01546	دۈملەشمەك	headword	144_2L.png	unverified
D90-3-01547	دۈملەنمەك	headword	144_2L.png	unverified
D90-3-01548	دۈملىمە	headword	145_1R.png	unverified
D90-3-01553	دۈملىمەك	headword	145_1R.png	unverified
D90-3-01554	دۈۋەت	headword	145_2L.png	unverified
D90-3-01555	دۈۋەت-قەلەم	headword	145_2L.png	unverified
D90-3-01558	دۈيجاڭلىق	headword	145_2L.png	unverified
D90-3-01560	دۈيلەشمەك	headword	145_2L.png	unverified
D90-3-01561	دۈيلەشتۈرمەك	headword	145_2L.png	unverified
D90-3-01562	دۈيلەشتۈرۈلمەك	headword	145_2L.png	unverified
D90-3-01563	دۋىگاتېل	headword	146_1R.png	unverified
D90-3-01564	دې	headword	146_1R.png	unverified
D90-3-01565	دېبايا	headword	146_1R.png	unverified
D90-3-01566	دېبۇ	headword	146_1R.png	unverified
D90-3-01567	دېبۇت	headword	146_1R.png	unverified
D90-3-01568	دېبېت	headword	146_1R.png	unverified
D90-3-01569	دېپۇتات	headword	146_1R.png	unverified
D90-3-01570	دېتال	headword	146_1R.png	unverified
D90-3-01571	دېتسبېل	headword	146_1R.png	unverified
D90-3-01572	دېتسىگرام	headword	146_2L.png	unverified
D90-3-01573	دېتسىلىتر	headword	146_2L.png	unverified
D90-3-01574	دېتسىمېتىر	headword	146_2L.png	unverified
D90-3-01576	دېتسىمېتىرلىق	headword	146_2L.png	unverified
D90-3-01577	دېتسىمىللىمېتىر	headword	146_2L.png	unverified
D90-3-01578	دېتېرمىنىزم	headword	146_2L.png	unverified
D90-3-01579	دېدەك	headword	146_2L.png	unverified
D90-3-01580	دېدەكلىك	headword	147_1R.png	unverified
D90-3-01581	دېدۇكسىيە	headword	147_1R.png	unverified
D90-3-01582	دېدۇكسىيىلىك	headword	147_1R.png	unverified
D90-3-01584	دېدىقتۇرماق	headword	147_2L.png	unverified
D90-3-01585	دېدىقماق	headword	147_2L.png	unverified
D90-3-01586	دېدىل	nonstandard	147_2L.png	unverified
D90-3-01587	دېرەپتا	headword	147_2L.png	unverified
D90-3-01588	دېرەش	nonstandard	147_2L.png	unverified
D90-3-01589	دېرەك	headword	147_2L.png	unverified
D90-3-01590	دېرەلە بەرمەك	headword	147_2L.png	unverified
D90-3-01591	دېرىكى بولماق	headword	147_2L.png	unverified
D90-3-01592	دېرەكسىز	headword	148_1R.png	unverified
D90-3-01593	دېرەكلىمەك	headword	148_1R.png	unverified
D90-3-01594	دېرىزە	headword	148_1R.png	unverified
D90-3-01596	دېرىزىلىك	headword	148_2L.png	unverified
D90-3-01597	دېزىنفېكسىيە	headword	148_2L.png	unverified
D90-3-01599	دېزىنفېكسىيە قىلماق	headword	148_2L.png	unverified
D90-3-01600	دېزىنفېكسىيەلەنمەك	headword	148_2L.png	unverified
D90-3-01601	دېزىنفېكسىيەلىمەك	headword	148_2L.png	unverified
D90-3-01602	دېسەم-دېمىسەم	headword	148_2L.png	unverified
D90-3-01603	دېفورماتسىيە	headword	149_1R.png	unverified
D90-3-01606	دېفىس	headword	149_1R.png	unverified
D90-3-01606-v1	كونا سىزىقچە	variant	149_1R.png	unverified
D90-3-01607	دېكا بر	headword	149_1R.png	unverified
D90-3-01608	دېكابر ۋەقەسى	headword	149_2L.png	unverified
D90-3-01609	دېكاگرام	headword	149_2L.png	unverified
D90-3-01610	دېكالىتر	headword	149_2L.png	unverified
D90-3-01611	دېكامېتر	headword	149_2L.png	unverified
D90-3-01612	دېكسترىن	headword	149_2L.png	unverified
D90-3-01613	دېكلاراتسىيە	headword	149_2L.png	unverified
D90-3-01614	دېكلاماتسىيە	headword	149_2L.png	unverified
D90-3-01615	دېكلاماتسىيە قىلماق	headword	149_2L.png	unverified
D90-3-01616	دېكلاماتسىيىچى	headword	150_1R.png	unverified
D90-3-01617	دېكوراتسىيە	headword	150_1R.png	unverified
D90-3-01618	دېكوراتسىيىلىك	headword	150_1R.png	unverified
D90-3-01619	دېكوراتور	headword	150_1R.png	unverified
D90-3-01620	دېكىنمەك	headword	150_1R.png	verified
D90-3-01621	دېگەن	headword	150_1R.png	unverified
D90-3-01622	دېگەن گەپ	headword	150_2L.png	unverified
D90-3-01623	دېگەن يەردىن چىقماق	headword	150_2L.png	unverified
D90-3-01624	دېگىنىچە بار ئىكەن	headword	150_2L.png	unverified
D90-3-01625	دېگىنىدەك بولماق	headword	150_2L.png	unverified
D90-3-01626	دېگىنى دېگەن	headword	150_2L.png	unverified
D90-3-01627	دېگىنى دېگەن، قىلغىنى قىلغان	headword	150_2L.png	unverified
D90-3-01628	دېگەنبىلەن	headword	151_1R.png	verified
D90-3-01629	دېگەندە	headword	151_1R.png	unverified
D90-3-01630	دېگەندەك	headword	151_1R.png	unverified
D90-3-01631	دېگۈچىلىك	headword	151_2L.png	unverified
D90-3-01632	دېگۈدەك	headword	152_1R.png	unverified
D90-3-01633	دېگۈزمەك	headword	152_1R.png	unverified
D90-3-01634	دېگۈلۈك	headword	152_1R.png	unverified
D90-3-01635	دېڭىز	headword	152_2L.png	unverified
D90-3-01639	دېڭىز ئاستى تەۋرىشى	headword	153_1R.png	unverified
D90-3-01640	دېڭىز ئاستى كېرىلىشى	headword	153_1R.png	unverified
D90-3-01641	دېڭىز بەسىيى	headword	153_1R.png	unverified
D90-3-01642	دېڭىز بوغۇزى	headword	153_2L.png	unverified
D90-3-01643	دېڭىز بۇلۇتى	headword	153_2L.png	unverified
D90-3-01644	دېڭىز پىلى	headword	153_2L.png	unverified
D90-3-01645	دېڭىز تاشپاقىسى	headword	153_2L.png	unverified
D90-3-01646	دېڭىز تەۋەلىكى	headword	153_2L.png	unverified
D90-3-01647	دېڭىز جانلىقلىرى	headword	154_1R.png	unverified
D90-3-01648	دېڭىز چايكىسى	headword	154_1R.png	unverified
D90-3-01649	دېڭىز چوشقىسى	headword	154_1R.png	unverified
D90-3-01650	دېڭىز چۆكمىسى	headword	154_1R.png	unverified
D90-3-01651	دېڭىز دېلفىنى	headword	154_1R.png	unverified
D90-3-01652	دېڭىز ساھىلى	headword	154_1R.png	unverified
D90-3-01653	دېڭىز شىرى	headword	154_2L.png	unverified
D90-3-01654	دېڭىز فاتىيىلىك چۆكۈندى	headword	154_2L.png	unverified
D90-3-01655	دېڭىز فلوتى	headword	154_2L.png	unverified
D90-3-01656	دېڭىز قامسى	headword	154_2L.png	unverified
D90-3-01657	دېڭىز قۇلۇلىسى	headword	155_1R.png	unverified
D90-3-01658	دېڭىز قىرغىقى لىنىيىسى	headword	155_1R.png	unverified
D90-3-01659	دېڭىز قىسقۇچپاقىسى	headword	155_1R.png	unverified
D90-3-01660	دېڭىز كالىسى	headword	155_1R.png	unverified
D90-3-01661	دېڭىز كۆكتاتلىرى	headword	155_1R.png	verified
D90-3-01662	دېڭىز كىرپىسى	headword	155_1R.png	unverified
D90-3-01663	دېڭىز گۈلسامسىقى	headword	155_2L.png	unverified
D90-3-01664	دېڭىز گىگانت قۇشلىرى	headword	155_2L.png	unverified
D90-3-01665	دېڭىز مۇداپىئەسى	headword	155_2L.png	unverified
D90-3-01666	دېڭىز مۇزى	headword	155_2L.png	unverified
D90-3-01667	دېڭىز مىلى	headword	156_1R.png	unverified
D90-3-01668	دېڭىزنىڭ بېسىشى	headword	156_1R.png	unverified
D90-3-01669	دېڭىزنىڭ چېكىنىشى	headword	156_1R.png	unverified
D90-3-01670	دېڭىز ئۇرۇشى	headword	156_1R.png	unverified
D90-3-01671	دېڭىز ئىتى	headword	156_1R.png	unverified
D90-3-01672	دېڭىز يالىشى	headword	156_1R.png	unverified
D90-3-01673	دېڭىز يوتىسى	headword	156_1R.png	unverified
D90-3-01674	دېڭىز يۇلتۇزى	headword	156_1R.png	unverified
D90-3-01675	دېڭىز يۈزى	headword	156_2L.png	unverified
D90-3-01676	دېڭىز يۈسۈنى	headword	156_2L.png	unverified
D90-3-01677	دېڭىز يىلپىزى	headword	156_2L.png	unverified
D90-3-01678	دېڭىزچى	headword	157_1R.png	unverified
D90-3-01679	دېڭىز-ئوكيان	headword	157_1R.png	unverified
D90-3-01682	دېلتا	headword	157_1R.png	unverified
D90-3-01683	دېلفىن	headword	157_1R.png	verified
D90-3-01684	دېلفىنچە ئۈزۈش	headword	157_1R.png	unverified
D90-3-01685	دېلو	headword	157_2L.png	unverified
D90-3-01688	دېلىغۇل	headword	157_2L.png	unverified
D90-3-01689	دېلىغۇل بولماق	headword	157_2L.png	unverified
D90-3-01690	دېلىغۇلغا چۈشمەك	headword	157_2L.png	unverified
D90-3-01696	دېلىگەي	headword	158_1R.png	unverified
D90-3-01698	دېمەت	headword	158_1R.png	verified
D90-3-01699	دېمەتلىك	headword	158_1R.png	unverified
D90-3-01700	دېمەك	headword	158_2L.png	unverified
D90-3-01702	دېمەكچى	headword	159_1R.png	unverified
D90-3-01703	دېمەككى	headword	159_1R.png	unverified
D90-3-01704	دېمەكلىك	headword	159_2L.png	unverified
D90-3-01705	دېموكرات	headword	159_2L.png	unverified
D90-3-01706	دېموكرات سوتسىيالىستلار پارتىيىسى	headword	159_2L.png	unverified
D90-3-01707	دېموكراتلار	headword	159_2L.png	unverified
D90-3-01709	دېموكراتلاشتۇرماق	headword	160_1R.png	unverified
D90-3-01710	دېموكراتلاشتۇرۇلماق	headword	160_1R.png	unverified
D90-3-01711	دېموكراتلاشماق	headword	160_1R.png	unverified
D90-3-01712	دېموكراتىزم	headword	160_1R.png	unverified
D90-3-01713	دېموكراتىزمچى	headword	160_1R.png	unverified
D90-3-01714	دېموكراتىك	headword	160_1R.png	unverified
D90-3-01715	دېموكراتىك پارتىيە-گۇرۇھلار	headword	160_1R.png	unverified
D90-3-01716	دېموكراتىيە	headword	160_2L.png	unverified
D90-3-01717	دېموكراتىيە ھوقۇقى	headword	161_1R.png	unverified
D90-3-01718	دېموكراتىيە - مەركەزلەشتۈرۈش	headword	161_1R.png	unverified
D90-3-01719	دېموكراتىيە - مەركەزلەشتۈرۈش تۈزۈمى	headword	161_1R.png	unverified
D90-3-01720	دېموكراتىيىلەشتۈرمەك	headword	161_2L.png	verified
D90-3-01721	دېموكراتىيىلەشتۈرۈلمەك	headword	161_2L.png	verified
D90-3-01722	دېموكراتىيىلەشمەك	headword	161_2L.png	unverified
D90-3-01723	دېمىدە	headword	161_2L.png	unverified
D90-3-01724	دېمىسمۇ	headword	162_1R.png	unverified
D90-3-01725	دېمىغىزا	headword	162_1R.png	unverified
D90-3-01726	دېمىغىزا قىلماق	headword	162_1R.png	unverified
D90-3-01727	دېن	headword	162_1R.png	unverified
D90-3-01728	دېن شامال ئۆلچىگۈچى	headword	162_1R.png	unverified
D90-3-01729	دېندروبىيۇم	headword	162_1R.png	unverified
D90-3-01729-v1	دېندروبىيۇم چاتقىلى	variant	162_1R.png	unverified
D90-3-01731	دېنگى	headword	162_2L.png	verified
D90-3-01732	دېنگى قىزىتمىسى	headword	162_2L.png	unverified
D90-3-01733	دېھقان	headword	162_2L.png	unverified
D90-3-01734	دېھقانچىلىق	headword	162_2L.png	unverified
D90-3-01735	دېھقانچىلىق بېجى	headword	163_1R.png	unverified
D90-3-01736	دېھقانچىلىق دورىلىرى	headword	163_1R.png	unverified
D90-3-01737	دېھقانچىلىق سايمانلىرى	headword	163_1R.png	unverified
D90-3-01738	دېھقانچىلىق قىلماق	headword	163_1R.png	unverified
D90-3-01739	دېھقانچىلىق ماشىنىلىرى	headword	163_1R.png	unverified
D90-3-01740	دېھقانچىلىق مەيدانى	headword	163_1R.png	unverified
D90-3-01741	دېھقانچىلىق ئىشلىرى	headword	163_1R.png	unverified
D90-3-01742	دېھقانلار قوزغىلىڭى	headword	163_2L.png	unverified
D90-3-01743	دېھقانلار كالېندارى	headword	163_2L.png	unverified
D90-3-01744	دېھقانلار جەمئىيىتى	headword	163_2L.png	unverified
D90-3-01745	دېھقانلار ئۇرۇشى	headword	164_1R.png	unverified
D90-3-01746	دېۋەڭ	headword	164_1R.png	unverified
D90-3-01747	دېۋەڭلىك	headword	164_1R.png	unverified
D90-3-01748	دېۋەڭلەشمەك	headword	164_1R.png	unverified
D90-3-01749	دېۋەيلەشمەك	headword	164_1R.png	unverified
D90-3-01750	دېۋەيلىمەك	headword	164_2L.png	unverified
D90-3-01751	دېۋون	headword	164_2L.png	verified
D90-3-01752	دېۋون دەۋرى	headword	164_2L.png	unverified
D90-3-01754	دېۋىتماق	headword	165_1R.png	unverified
D90-3-01755	دېۋىتىلماق	headword	165_1R.png	unverified
D90-3-01756	دېۋىتشمق	headword	165_1R.png	unverified
D90-3-01757	دېۋىرقاي	headword	165_1R.png	unverified
D90-3-01760	دېيەرلىك	headword	165_2L.png	unverified
D90-3-01761	دېيتېرىي	headword	165_2L.png	unverified
D90-3-01762	دېيىشمەك	headword	165_2L.png	unverified
D90-3-01763	دېيىلمەك	headword	166_1R.png	unverified
D90-3-01764	دىئاباز	headword	166_1R.png	unverified
D90-3-01766	دىئابېت	headword	166_2L.png	unverified
D90-3-01766-v1	شېكەر كېسەللىكى	variant	166_2L.png	unverified
D90-3-01767	دىئاپازون	headword	166_2L.png	unverified
D90-3-01767-v1	ئاۋاز دائىرىسى	variant	166_2L.png	unverified
D90-3-01768	دىئاتومىت	headword	166_2L.png	unverified
D90-3-01769	دىئافراگما	headword	166_2L.png	unverified
D90-3-01770	دىئاكرىتىك	headword	166_2L.png	unverified
D90-3-01771	دىئاكرىتىك بەلگە	headword	166_2L.png	unverified
D90-3-01772	دىئاگرامما	headword	166_2L.png	unverified
D90-3-01773	دىئاگنوز	headword	166_2L.png	unverified
D90-3-01774	دىئاگنوز قويماق	headword	166_2L.png	unverified
D90-3-01775	دىئاگنوستىكا	headword	167_1R.png	unverified
D90-3-01776	دىئاگونال	headword	167_1R.png	unverified
D90-3-01777	دىئالوگ	headword	167_1R.png	unverified
D90-3-01778	دىئالوگسىز	headword	167_1R.png	unverified
D90-3-01779	دىئالوگلۇق	headword	167_1R.png	unverified
D90-3-01780	دىئالېكت	headword	167_1R.png	unverified
D90-3-01781	دىئالېكتشۇناس	headword	167_1R.png	unverified
D90-3-01782	دىئالېكتشۇناسلىق	headword	167_1R.png	unverified
D90-3-01783	دىئالېكتىك	headword	167_2L.png	unverified
D90-3-01784	دىئالېكتىكا	headword	167_2L.png	unverified
D90-3-01785	دىئالېكتىكىلىق	headword	167_2L.png	unverified
D90-3-01787	دىئامېتر	headword	168_1R.png	unverified
D90-3-01790	دىبىق	headword	168_2L.png	unverified
D90-3-01792	دىپەيدەك	headword	168_2L.png	unverified
D90-3-01793	دىپلومات	headword	168_2L.png	unverified
D90-3-01794	دىپلوماتلىق	headword	169_1R.png	unverified
D90-3-01795	دىپلوماتىك	headword	169_1R.png	unverified
D90-3-01800	دىپلوماتىك ۋەكىللەر ئورگىنى	headword	169_2L.png	unverified
D90-3-01801	دىپلوماتىك ئىمتىياز	headword	169_2L.png	unverified
D90-3-01802	دىپلوماتىيە	headword	170_1R.png	verified
D90-3-01803	دىپلوم	headword	170_1R.png	verified
D90-3-01804	دىت	headword	170_1R.png	unverified
D90-3-01806	دىتلىق	headword	170_2L.png	unverified
D90-3-01807	دىتىغا يارىماق	headword	170_2L.png	unverified
D90-3-01808	دىتىغا ياقماق	headword	171_1R.png	unverified
D90-3-01809	دىتى يەتمەك	headword	171_1R.png	unverified
D90-3-01810	دىتى يوق	headword	171_1R.png	unverified
D90-3-01811	دىتسىز	headword	171_1R.png	unverified
D90-3-01812	دىتسىزلىق	headword	171_1R.png	unverified
D90-3-01813	دىتلاشماق	headword	171_2L.png	unverified
D90-3-01815	دىتلىماق	headword	171_2L.png	unverified
D90-3-01816	دىجورلۇق	nonstandard	172_1R.png	unverified
D90-3-01817	دىجورنى	headword	172_1R.png	unverified
D90-3-01818	دىجورنىلىق	headword	172_1R.png	unverified
D90-3-01820	دىدار	headword	172_1R.png	unverified
D90-3-01821	دىدارلاشماق	headword	172_2L.png	unverified
D90-3-01822	دىداكتىك	headword	172_2L.png	unverified
D90-3-01823	دىداكتىكا	headword	172_2L.png	verified
D90-3-01824	دىداكتىكىلىق	headword	172_2L.png	unverified
D90-3-01825	دىداڭ	headword	172_2L.png	unverified
D90-3-01826	دىر	headword	172_2L.png	verified
D90-3-01828	دىراپ	nonstandard	173_1R.png	verified
D90-3-01829	دىرايماق	headword	173_1R.png	verified
D90-3-01830	دىرىيىپ قالماق	headword	173_1R.png	verified
D90-3-01831	دىر-دىر	headword	173_1R.png	verified
D90-3-01832	دىر-دىر تىترىمەك	headword	173_1R.png	verified
D90-3-01833	دىرت	headword	173_1R.png	verified
D90-3-01834	دىررىدە	headword	173_1R.png	verified
D90-3-01835	دىرېكتور	headword	173_2L.png	unverified
D90-3-01836	دىرېكتورلۇق	headword	173_2L.png	unverified
D90-3-01837	دىرىژابل	headword	173_2L.png	unverified
D90-3-01838	دىرىژور	headword	173_2L.png	unverified
D90-3-01839	دىرىژورلۇق	headword	173_2L.png	unverified
D90-3-01840	دىرىڭ	headword	173_2L.png	unverified
D90-3-01841	دىرىڭ-دىرىڭ	headword	173_2L.png	unverified
D90-3-01842	دىرىڭدىرىڭ	headword	173_2L.png	unverified
D90-3-01843	دىرىڭڭىدە	headword	173_2L.png	unverified
D90-3-01844	دىرىڭلاتماق	headword	173_2L.png	unverified
D90-3-01845	دىرىڭلاشماق	headword	174_1R.png	unverified
D90-3-01846	دىرىڭلىماق	headword	174_1R.png	unverified
D90-3-01847	دىرىلداتماق	headword	174_1R.png	unverified
D90-3-01848	دىرىلداشماق	headword	174_1R.png	unverified
D90-3-01849	دىرىلدىماق	headword	174_1R.png	unverified
D90-3-01850	دىرىنارىيە	headword	174_1R.png	unverified
D90-3-01850-v1	دىرىنارىيە ئوتى	variant	174_1R.png	unverified
D90-3-01852	دىزازا	headword	174_1R.png	unverified
D90-3-01853	دىزېل	headword	174_1R.png	verified
D90-3-01854	دىزېلىن	headword	174_2L.png	unverified
D90-3-01855	دىزېنتېرىيە	headword	174_2L.png	unverified
D90-3-01856	دىسپروزىي	headword	174_2L.png	unverified
D90-3-01857	دىستە	headword	174_2L.png	unverified
D90-3-01858	دىستىللىمەك	headword	174_2L.png	unverified
D90-3-01859	دىستىللياتسىيە	headword	174_2L.png	unverified
D90-3-01860	دىسسوتسئاتسىيە	headword	175_1R.png	unverified
D90-3-01861	دىسېرتاتسىيە	headword	175_1R.png	unverified
D90-3-01863	دىسسىمىلياتسىيە	headword	175_1R.png	unverified
D90-3-01864	دىسكا	headword	175_1R.png	unverified
D90-3-01866	دىسكىلىق	headword	175_2L.png	unverified
D90-3-01867	دىسلىماق	headword	175_2L.png	unverified
D90-3-01868	دىشۋار	headword	175_2L.png	unverified
D90-3-01869	دىشۋارچىلىق	headword	175_2L.png	unverified
D90-3-01870	دىشۋارلىق	headword	176_1R.png	unverified
D90-3-01871	دىغ	headword	176_1R.png	unverified
D90-3-01872	دىغمارلىماق	headword	176_1R.png	unverified
D90-3-01873	دىغىر-دىغىر	headword	176_1R.png	unverified
D90-3-01873-v1	غىچىر-غىچىر	variant	176_1R.png	unverified
D90-3-01874	دىغىرىماق	headword	176_1R.png	unverified
D90-3-01875	دىفتېرىيە	headword	176_1R.png	unverified
D90-3-01875-v1	بوغما	variant	176_1R.png	unverified
D90-3-01876	دىففۇزىيە	headword	176_1R.png	unverified
D90-3-01877	دىففېرېنسىئاتسىيە	headword	176_1R.png	unverified
D90-3-01878	دىففېرېنسىئال	headword	176_1R.png	unverified
D90-3-01879	دىففېرېنسىئال-ئىنتېگرال	headword	176_2L.png	unverified
D90-3-01880	دىففېرېنسىيە	headword	176_2L.png	unverified
D90-3-01881	دىففېرېنسىيىلىمەك	headword	176_2L.png	unverified
D90-3-01883	دىففېرېنسىيىلىنىش	headword	176_2L.png	unverified
D90-3-01884	دىففىراكسىيە	headword	177_1R.png	unverified
D90-3-01885	دىققەت	headword	177_1R.png	unverified
D90-3-01886	دىققەت بولماق	headword	177_2L.png	unverified
D90-3-01887	دىققەت قىلماق	headword	177_2L.png	unverified
D90-3-01888	دىققەتكە سازاۋەر	headword	177_2L.png	unverified
D90-3-01889	دىققەتنى بۇرىماق	headword	178_1R.png	unverified
D90-3-01890	دىققەتنى بۇزماق	headword	178_1R.png	unverified
D90-3-01891	دىققەتنى بۆلمەك	headword	178_1R.png	unverified
D90-3-01892	دىققەتنى تارتماق	headword	178_1R.png	unverified
D90-3-01893	دىققەتنى جەلپ قىلماق	headword	178_1R.png	unverified
D90-3-01894	دىققەتنى چاچماق	headword	178_2L.png	unverified
D90-3-01895	دىققەتنى قوزغىماق	headword	178_2L.png	unverified
D90-3-01896	دىققەتنى يىغماق	headword	178_2L.png	unverified
D90-3-01897	دىققەتنى چۈشمەك	headword	178_2L.png	unverified
D90-3-01898	دىققەتچىلىك	headword	178_2L.png	unverified
D90-3-01899	دىققەتسىز	headword	178_2L.png	unverified
D90-3-01900	دىققەت-نەزەر	headword	179_1R.png	unverified
D90-3-01901	دىققەتسىزلىك	headword	179_1R.png	unverified
D90-3-01902	دىققەت-ئېتىبار	headword	179_1R.png	unverified
D90-3-01903	دىقماق	headword	179_1R.png	unverified
D90-3-01904	دىك	headword	179_2L.png	unverified
D90-3-01905	دىكتاتۇرا	headword	179_2L.png	verified
D90-3-01906	دىكتاتۇرىلىق	headword	179_2L.png	unverified
D90-3-01907	دىكتور	headword	179_2L.png	unverified
D90-3-01908	دىكتورلۇق	headword	179_2L.png	unverified
D90-3-01909	دىك-دىك	headword	179_2L.png	unverified
D90-3-01910	دىككا-دىككاڭ	headword	179_2L.png	unverified
D90-3-01911	دىككىدە	headword	180_1R.png	unverified
D90-3-01912	دىكىلەشمەك	headword	180_1R.png	unverified
D90-3-01913	دىكىلدەتمەك	headword	180_1R.png	unverified
D90-3-01914	دىكىلدەشمەك	headword	180_1R.png	unverified
D90-3-01915	دىكىلدىمەك	headword	180_1R.png	unverified
D90-3-01916	دىكىلىڭ	headword	180_1R.png	unverified
D90-3-01917	دىكىلىمەك	headword	180_1R.png	unverified
D90-3-01918	دىگەر	headword	180_2L.png	unverified
D90-3-01919	دىگەلىمەك	headword	180_2L.png	unverified
D90-3-01920	دىڭ	headword	180_2L.png	unverified
D90-3-01924	دىڭ-دىڭ	headword	180_2L.png	unverified
D90-3-01925	دىڭزىيا	headword	180_2L.png	unverified
D90-3-01926	دىڭگاكلىماق	nonstandard	180_2L.png	unverified
D90-3-01926-c1	دىڭگۆكلىماق	corrected_form	180_2L.png	unverified
D90-3-01927	دىڭگايتماق	headword	180_2L.png	unverified
D90-3-01928	دىڭگايماق	headword	181_1R.png	unverified
D90-3-01929	دىڭگەك	headword	181_1R.png	unverified
D90-3-01930	دىڭگۇس	headword	181_1R.png	unverified
D90-3-01930-v1	دىڭگۈك	variant	181_1R.png	unverified
D90-3-01931	دىڭگۇسلاتماق	headword	181_1R.png	unverified
D90-3-01932	دىڭگۇسلاشماق	headword	181_1R.png	unverified
D90-3-01933	دىڭگۇسلۇق	headword	181_1R.png	unverified
D90-3-01933-v1	دىڭگۈكلۈق	variant	181_1R.png	unverified
D90-3-01934	دىڭگۇسلىماق	headword	181_2L.png	unverified
D90-3-01935	دىڭگۇك	headword	181_2L.png	unverified
D90-3-01936	دىڭگۇكلاتماق	headword	181_2L.png	unverified
D90-3-01937	دىڭگۇكلاشماق	headword	181_2L.png	unverified
D90-3-01938	دىڭگۇكلۇق	headword	181_2L.png	unverified
D90-3-01939	دىڭگۇكلىماق	headword	181_2L.png	unverified
D90-3-01940	دىڭگىل	headword	181_2L.png	unverified
D90-3-01942	دىڭگىلداتماق	headword	181_2L.png	unverified
D90-3-01943	دىڭڭىدە	headword	182_1R.png	unverified
D90-3-01946	دىڭىلدىماق	headword	182_1R.png	unverified
D90-3-01947	دىل	headword	182_1R.png	unverified
D90-3-01948	دىل بەرمەك	headword	182_2L.png	unverified
D90-3-01948-v1	كۆڭۈل بەرمەك	variant	182_2L.png	unverified
D90-3-01949	دىلدا ساقلىماق	headword	182_2L.png	unverified
D90-3-01950	دىل رىشتى	headword	182_2L.png	unverified
D90-3-01951	دىلى تاق	headword	182_2L.png	unverified
D90-3-01951-v1	تاق كۆڭۈل	variant	182_2L.png	unverified
D90-3-01952	دىلى ئاغرىماق	headword	182_2L.png	unverified
D90-3-01952-v1	كۆڭلى ئاغرىماق	variant	182_2L.png	unverified
D90-3-01953	دىلى باغلانماق	headword	182_2L.png	unverified
D90-3-01954	دىلى بىر	headword	182_2L.png	unverified
D90-3-01955	دىلى تارتماق	headword	182_2L.png	unverified
D90-3-01955-v1	كۆڭلى تارتماق	variant	182_2L.png	unverified
D90-3-01956	دىلى تاش	headword	183_1R.png	unverified
D90-3-01956-v1	تاش يۈرەك	variant	183_1R.png	unverified
D90-3-01957	دىلى تەسكىن تاپماق	headword	183_1R.png	unverified
D90-3-01958	دىلى رەنجىمەك	headword	183_1R.png	unverified
D90-3-01959	دىلى سوۋۇماق	headword	183_1R.png	unverified
D90-3-01959-v1	كۆڭلى سوۋۇماق	variant	183_1R.png	unverified
D90-3-01960	دىلى سۇنۇق	headword	183_1R.png	unverified
D90-3-01960-v1	كۆڭلى سۇنۇق	variant	183_1R.png	unverified
D90-3-01961	دىلى سۇ ئىچمەك	headword	183_1R.png	unverified
D90-3-01962	دىلى سۆيۈنمەك	headword	183_2L.png	unverified
D90-3-01963	دىلى شىكەستە	headword	183_2L.png	unverified
D90-3-01964	دىلىغا ئازار بەرمەك	headword	183_2L.png	unverified
D90-3-01965	دىلىغا ئازار يەتكۈزمەك	headword	183_2L.png	unverified
D90-3-01966	دىلىغا پۈكمەك	headword	183_2L.png	unverified
D90-3-01966-v1	كۆڭلىگە پۈكمەك	variant	183_2L.png	unverified
D90-3-01967	دىلىغا تەگمەك	headword	183_2L.png	unverified
D90-3-01968	دىلىغا سالماق	headword	184_1R.png	unverified
D90-3-01969	دىلىغا ياقماق	headword	184_1R.png	unverified
D90-3-01970	دىلى غەش بولماق	headword	184_1R.png	unverified
D90-3-01971	دىلى قاتتىق	headword	184_1R.png	unverified
D90-3-01972	دىلى قارا	headword	184_1R.png	unverified
D90-3-01972-v1	كۆڭلى قارا	variant	184_1R.png	unverified
D90-3-01973	دىلى نازۈك	headword	184_1R.png	unverified
D90-3-01973-v1	كۆڭلى نازۈك	variant	184_1R.png	unverified
D90-3-01974	دىلىنى چىگىشمەك	headword	184_1R.png	unverified
D90-3-01975	دىلىنى ياشلىماق	headword	184_1R.png	unverified
D90-3-01976	دىلى ئۈزۈك	headword	184_2L.png	unverified
D90-3-01977	دىلى ئۈزۈلمەك	headword	184_2L.png	unverified
D90-3-01978	دىلى ئېرىمەك	headword	184_2L.png	unverified
D90-3-01978-v1	كۆڭلى ئېرىمەك	variant	184_2L.png	unverified
D90-3-01979	دىلى ئېزىلمەك	headword	184_2L.png	unverified
D90-3-01980	دىلى يايرىماق	headword	184_2L.png	unverified
D90-3-01981	دىلى يورۇماق	headword	184_2L.png	unverified
D90-3-01981-v1	كۆڭلى يورۇماق	variant	184_2L.png	unverified
D90-3-01982	دىلى يۇمشاق	headword	184_2L.png	unverified
D90-3-01982-v1	كۆڭلى يۇمشاق	variant	184_2L.png	unverified
D90-3-01983	دىلا	headword	184_2L.png	unverified
D90-3-01984	دىلئارام	headword	184_2L.png	unverified
D90-3-01985	دىلئازار	headword	185_1R.png	unverified
D90-3-01989	دىلبەر	headword	185_1R.png	unverified
D90-3-01990	دىلبەند	headword	185_2L.png	unverified
D90-3-01991	دىلپارە	headword	185_2L.png	unverified
D90-3-01992	دىلتار	headword	185_2L.png	verified
D90-3-01993	دىلجەم	headword	186_1R.png	verified
D90-3-01996	دىلخاھ	headword	186_1R.png	unverified
D90-3-01997	دىلخاھلىق	headword	186_1R.png	verified
D90-3-01998	دىلخەستە	headword	186_1R.png	unverified
D90-3-01999	دىلخەستىلىك	headword	186_2L.png	unverified
D90-3-02000	دىلخەندە	headword	186_2L.png	unverified
D90-3-02001	دىلخۇمار	headword	186_2L.png	verified
D90-3-02002	دىلخىراج	headword	186_2L.png	unverified
D90-3-02003	دىلدار	headword	186_2L.png	unverified
D90-3-02004	دىلداش	headword	187_1R.png	unverified
D90-3-02005	دىلداشلىق	headword	187_1R.png	unverified
D90-3-02006	دىلرەبا	headword	187_2L.png	unverified
D90-3-02007	دىلشاد	headword	187_2L.png	unverified
D90-3-02008	دىلشادلىق	headword	187_2L.png	unverified
D90-3-02009	دىلكەش	headword	187_2L.png	unverified
D90-3-02010	دىلكەش بولماق	headword	188_1R.png	unverified
D90-3-02011	دىلكەشلىك	headword	188_2L.png	unverified
D90-3-02012	دىلكۆيەر	headword	188_2L.png	verified
D90-3-02013	دىلگىر	headword	188_2L.png	verified
D90-3-02014	دىللىق	headword	188_2L.png	unverified
D90-3-02015	دىلىستان	headword	188_2L.png	unverified
D90-3-02016	دىماغ	headword	189_1R.png	unverified
D90-3-02017	دىماغ تاۋۇشى	headword	189_1R.png	unverified
D90-3-02018	دىماغقا ئۇرماق	headword	189_1R.png	unverified
D90-3-02019	دىماغ كاۋىكى ياللۇغى	headword	189_1R.png	unverified
D90-3-02020	دىمىغىدا پىننە سورۇماق	headword	189_1R.png	unverified
D90-3-02021	دىمىغىدا كۈلمەك	headword	189_2L.png	unverified
D90-3-02022	دىمىغىدىن دۈت چىقارماق	headword	189_2L.png	unverified
D90-3-02023	دىمىغىنى قاقماق	headword	189_2L.png	unverified
D90-3-02024	دىمىغى ئۆسمەك	headword	189_2L.png	unverified
D90-3-02025	دىمىغى ئۆسۈپ قالماق	headword	190_1R.png	unverified
D90-3-02026	دىمىغى ئۈستۈن	headword	190_1R.png	unverified
D90-3-02027	دىم-دام	headword	190_1R.png	verified
D90-3-02028	دىم-دام ئۇخلىماق	headword	190_1R.png	verified
D90-3-02029	دىمىق	headword	190_1R.png	unverified
D90-3-02030	دىمىقتا	headword	190_1R.png	unverified
D90-3-02031	دىمىقتا بولماق	headword	190_2L.png	unverified
D90-3-02032	دىمىقتۇرماق	headword	190_2L.png	unverified
D90-3-02033	دىمىقتۇرۇلماق	headword	190_2L.png	unverified
D90-3-02034	دىمىقتىلىق	headword	190_2L.png	unverified
D90-3-02035	دىمىقچىلىق	headword	190_2L.png	unverified
D90-3-02036	دىمىقلىق	headword	190_2L.png	unverified
D90-3-02037	دىمىقماق	headword	191_1R.png	unverified
D90-3-02038	دىن	headword	191_1R.png	verified
D90-3-02039	دىنا	headword	191_1R.png	verified
D90-3-02040	دىنار	headword	191_1R.png	unverified
D90-3-02041	دىنارلىق	headword	191_1R.png	unverified
D90-3-02042	دىنام	headword	191_2L.png	unverified
D90-3-02042-v1	گېنېراتور	variant	191_2L.png	unverified
D90-3-02043	دىناموماشىنا	headword	191_2L.png	unverified
D90-3-02044	دىنامومېتر	headword	191_2L.png	unverified
D90-3-02045	دىنامىت	headword	191_2L.png	unverified
D90-3-02046	دىنامىكا	headword	191_2L.png	unverified
D90-3-02050	دىنامىكىلىق مېتېئورولوگىيە	headword	192_1R.png	unverified
D90-3-02051	دىنچى	headword	192_1R.png	unverified
D90-3-02052	دىندار	headword	192_1R.png	unverified
D90-3-02053	دىندارلىق	headword	192_1R.png	unverified
D90-3-02054	دىنداش	headword	192_1R.png	unverified
D90-3-02055	دىنسىز	headword	192_1R.png	unverified
D90-3-02056	دىنسىزلىق	headword	192_2L.png	unverified
D90-3-02057	دىنشۇناس	headword	192_2L.png	verified
D90-3-02058	دىنشۇناسلىق	headword	192_2L.png	unverified
D90-3-02059	دىنوزاۋر	headword	192_2L.png	unverified
D90-3-02060	دىنىي	headword	192_2L.png	unverified
D90-3-02061	دىنىي پائالىيەت	headword	193_1R.png	unverified
D90-3-02062	دىنىي زات	headword	193_1R.png	unverified
D90-3-02063	دىنىي سىياسەت	headword	193_1R.png	unverified
D90-3-02064	دىنىي مەكتەپ	headword	193_1R.png	unverified
D90-3-02065	دىنىي ئېتىقاد	headword	193_1R.png	unverified
D90-3-02066	دىنىي ئېتىقاد ئەركىنلىكى	headword	193_1R.png	unverified
D90-3-02067	دىئوپترىيە	headword	193_1R.png	unverified
D90-3-02068	دىئورىت	headword	193_2L.png	verified
D90-3-02070	دىۋار	headword	193_2L.png	unverified
D90-3-02071	دىۋان	headword	193_2L.png	unverified
D90-3-02074	دىۋانە	headword	194_1R.png	unverified
D90-3-02075	دىۋانبېگى	headword	194_1R.png	verified
D90-3-02076	دىۋانىلەرچە	headword	194_1R.png	unverified
D90-3-02077	دىۋانىلىق	headword	194_1R.png	unverified
D90-3-02078	دىۋە	headword	194_2L.png	unverified
D90-3-02079	دىۋە-پەرى	headword	194_2L.png	unverified
D90-3-02080	دىۋەز	headword	194_2L.png	unverified
D90-3-02080-v1	جىرىس	variant	194_2L.png	unverified
D90-3-02081	دىۋىندۇرماق	headword	194_2L.png	unverified
D90-3-02082	دىۋىنماق	headword	194_2L.png	unverified
D90-3-02083	دىۋىنىشماق	headword	195_1R.png	unverified
D90-3-02084	دىيار	headword	195_1R.png	unverified
D90-3-02085	دىيانەت	headword	195_1R.png	unverified
D90-3-02086	دىيانەتسىز	headword	195_1R.png	unverified
D90-3-02087	دىيانەتسىزلىك	headword	195_1R.png	unverified
D90-3-02088	دىيانەتلىك	headword	195_1R.png	unverified
D90-3-02089	دىيەك	headword	195_2L.png	unverified
D90-3-02090	دىيۇيىم	headword	195_2L.png	unverified
D90-3-02091	دىيۇيملىق	headword	195_2L.png	unverified
D90-3-02092	دىيۇگون	headword	195_2L.png	verified
D90-3-02093	رابات	headword	196_1R.png	unverified
D90-3-02094	رابىت	nonstandard	196_1R.png	unverified
D90-3-02095	رابىتە	headword	196_1R.png	verified
D90-3-02096	راپاۋەت	headword	196_2L.png	verified
D90-3-02097	راپاۋەتچىلىك	headword	196_2L.png	unverified
D90-3-02098	راپاۋەتلىك	headword	197_1R.png	unverified
D90-3-02099	راپسودىيە	headword	197_1R.png	unverified
D90-3-02100	راپىس	headword	197_1R.png	unverified
D90-3-02100-v1	راپىس پالمىسى	variant	197_1R.png	unverified
D90-3-02102	راتسىئونال	headword	197_1R.png	unverified
D90-3-02105	راتسىئونال سان	headword	197_2L.png	verified
D90-3-02106	راتسىئونال فۇنكسىيە	headword	197_2L.png	unverified
D90-3-02107	راتسىئونال كەسىر ئىپادە	headword	197_2L.png	unverified
D90-3-02108	راتسىئونال ئىپادە	headword	197_2L.png	unverified
D90-3-02109	راتسىيە	headword	197_2L.png	unverified
D90-3-02110	راخاب	headword	197_2L.png	unverified
D90-3-02111	راخابچى	headword	197_2L.png	unverified
D90-3-02112	راخابچىلىق	headword	198_1R.png	unverified
D90-3-02113	راخمان	headword	198_1R.png	unverified
D90-3-02114	راخىت	headword	198_1R.png	unverified
D90-3-02115	رادار	headword	198_1R.png	unverified
D90-3-02116	رادون	headword	198_2L.png	unverified
D90-3-02117	رادىئاتسىيە	headword	198_2L.png	unverified
D90-3-02119	رادىئاتسىيىلىك	headword	198_2L.png	unverified
D90-3-02120	رادىئاتور	headword	199_1R.png	unverified
D90-3-02121	رادىئان	headword	199_1R.png	unverified
D90-3-02122	رادىپ	headword	199_1R.png	unverified
D90-3-02123	رادىست	headword	199_1R.png	unverified
D90-3-02124	رادىستلىق	headword	199_1R.png	unverified
D90-3-02125	رادىكال	headword	199_2L.png	unverified
D90-3-02127	رادىكاللار	headword	199_2L.png	unverified
D90-3-02128	رادىكاللىق	headword	200_1R.png	unverified
D90-3-02129	رادىكالىزم	headword	200_1R.png	unverified
D90-3-02130	رادىئو	headword	200_1R.png	unverified
D90-3-02133	رادىئو تىياتىرى	headword	200_2L.png	unverified
D90-3-02134	رادىئو دولقۇنى	headword	200_2L.png	unverified
D90-3-02135	رادىئو قوبۇللىغۇچ	headword	200_2L.png	unverified
D90-3-02136	رادىئو گىمناستىكىسى	headword	201_1R.png	unverified
D90-3-02137	رادىئو ئېلېكترون ئىلمى	headword	201_1R.png	unverified
D90-3-02138	رادىئوئاكتىپ	headword	201_1R.png	unverified
D90-3-02139	رادىئوئاكتىپ بىئولوگىيە	headword	201_1R.png	unverified
D90-3-02140	رادىئوئاكتىپ كېسەللىكى	headword	201_1R.png	unverified
D90-3-02141	رادىئوئاكتىپ مېتال ئېلېمېنت	headword	201_1R.png	unverified
D90-3-02142	رادىئوئاكتىپ نۇر	headword	201_1R.png	unverified
D90-3-02143	رادىئوئاكتىپ ئېلېمېنت	headword	201_2L.png	unverified
D90-3-02144	رادىئوئاكتىپ ئىزوتوپ	headword	201_2L.png	unverified
D90-3-02145	رادىئوئاكتىپلىق	headword	201_2L.png	unverified
D90-3-02146	رادىئوئاكتىپلىق بۇلغىنىش	headword	201_2L.png	unverified
D90-3-02147	رادىئوئاكتىپلىق ئۇرۇش دورىلىرى	headword	201_2L.png	unverified
D90-3-02148	رادىئوپرىيومنىك	headword	202_1R.png	unverified
D90-3-02149	رادىئوتېخنىكا	headword	202_1R.png	unverified
D90-3-02150	رادىئوتېلېفون	headword	202_1R.png	unverified
D90-3-02151	رادىئوتېلېگراف	headword	202_1R.png	unverified
D90-3-02152	رادىئوتېلېگرامما	headword	202_1R.png	unverified
D90-3-02153	رادىئوفوتوگرافىيە	headword	202_1R.png	unverified
D90-3-02154	رادىئوگرامما	headword	202_1R.png	unverified
D90-3-02155	رادىئولاشتۇرماق	headword	202_2L.png	unverified
D90-3-02156	رادىئولاشتۇرۇلماق	headword	202_2L.png	unverified
D90-3-02157	رادىئولاشماق	headword	202_2L.png	unverified
D90-3-02158	رادىئوليارىيە	headword	202_2L.png	unverified
D90-3-02159	رادىئو ئۇزېل	headword	202_2L.png	unverified
D90-3-02160	رادىئوئىستانسا	headword	202_2L.png	unverified
D90-3-02161	رادىئۇس	headword	203_1R.png	unverified
D90-3-02162	رادىي	headword	203_1R.png	unverified
D90-3-02163	رازمېر	headword	203_1R.png	unverified
D90-3-02164	رازمېرلىق	headword	203_1R.png	unverified
D90-3-02165	رازۋېد	nonstandard	203_1R.png	unverified
D90-3-02166	رازۋېدچىك	headword	203_1R.png	unverified
D90-3-02167	رازۋېدچىكلىك	headword	203_2L.png	unverified
D90-3-02168	رازۋېدكا	headword	203_2L.png	unverified
D90-3-02171	رازۋېدكىچى	headword	203_2L.png	unverified
D90-3-02172	رازۋېدكىشۇناس	headword	204_1R.png	verified
D90-3-02173	رازۋېدكىشۇناسلىق	headword	204_1R.png	unverified
D90-3-02174	رازى	headword	204_1R.png	unverified
D90-3-02175	رازى بولماق	headword	204_1R.png	unverified
D90-3-02176	رازى قىلماق	headword	204_1R.png	unverified
D90-3-02177	رازى-رىزا	headword	204_2L.png	unverified
D90-3-02178	رازى-رىزالىق	headword	204_2L.png	unverified
D90-3-02179	رازىلاشماق	headword	204_2L.png	unverified
D90-3-02180	رازىلىق	headword	204_2L.png	unverified
D90-3-02181	رازىلىق ئالماق	headword	205_1R.png	unverified
D90-3-02182	رازىلىق بەرمەك	headword	205_1R.png	unverified
D90-3-02183	رازىلىق بىلدۈرمەك	headword	205_1R.png	unverified
D90-3-02184	رازىلىق سورىماق	headword	205_1R.png	unverified
D90-3-02185	رازىلىقسىز	headword	205_2L.png	unverified
D90-3-02186	رازىمەن	headword	205_2L.png	unverified
D90-3-02187	رازىمەنچىلىك	nonstandard	205_2L.png	unverified
D90-3-02188	رازىمەنلىك	headword	205_2L.png	unverified
D90-3-02189	رازىيانە	headword	205_2L.png	unverified
D90-3-02190	راسا	headword	206_1R.png	unverified
D90-3-02191	راست	headword	206_1R.png	unverified
D90-3-02192	راستتىن	headword	206_2L.png	unverified
D90-3-02193	راستچىل	headword	207_1R.png	unverified
D90-3-02194	راستچىللىق	headword	207_1R.png	unverified
D90-3-02195	راستگۇي	headword	207_1R.png	unverified
D90-3-02196	راستگۇيلۇق	headword	207_1R.png	unverified
D90-3-02197	راستلىق	headword	207_2L.png	unverified
D90-3-02198	راستلىماق	headword	207_2L.png	unverified
D90-3-02199	راست-يالغان	headword	207_2L.png	unverified
D90-3-02200	راسچوت	headword	207_2L.png	unverified
D90-3-02202	راسخوت	headword	207_2L.png	unverified
D90-3-02204	راسخوتسىز	headword	207_2L.png	unverified
D90-3-02205	راسكار	headword	208_1R.png	unverified
D90-3-02206	راسكارلىق	headword	208_1R.png	unverified
D90-3-02207	راسكارلىق قىلماق	headword	208_1R.png	unverified
D90-3-02208	راسلاتماق	headword	208_1R.png	verified
D90-3-02209	راسلىشماق	headword	208_1R.png	verified
D90-3-02210	راسلاقلىق	headword	208_1R.png	unverified
D90-3-02211	راسلانماق	headword	208_2L.png	unverified
D90-3-02212	راسلىماق	headword	208_2L.png	unverified
D90-3-02213	راسلىنىشماق	headword	209_1R.png	verified
D90-3-02214	راك	headword	209_1R.png	unverified
D90-3-02218	راكېتا	headword	209_2L.png	verified
D90-3-02220	راگاتكا	headword	209_2L.png	unverified
D90-3-02221	راگازا	headword	209_2L.png	unverified
D90-3-02222	رالاشماق	headword	209_2L.png	unverified
D90-3-02223	رالىماق	headword	209_2L.png	unverified
D90-3-02224	رام	headword	209_2L.png	unverified
D90-3-02228	رامكا	headword	210_2L.png	verified
D90-3-02229	رامكىلىق	headword	211_1R.png	unverified
D90-3-02230	راملىق	headword	211_1R.png	unverified
D90-3-02231	رامىزان	headword	211_1R.png	unverified
D90-3-02232	راند	headword	211_2L.png	unverified
D90-3-02233	راھەت	headword	211_2L.png	unverified
D90-3-02235	راھەتبەخش	headword	212_1R.png	unverified
D90-3-02236	راھەت-پاراغەت	headword	212_1R.png	unverified
D90-3-02237	راھەتپەرەس	headword	212_1R.png	unverified
D90-3-02238	راھەتپەرەسلىك	headword	212_2L.png	unverified
D90-3-02239	راھەتسىز	headword	212_2L.png	unverified
D90-3-02240	راھەتسىزلىك	headword	212_2L.png	unverified
D90-3-02241	راھەتلەندۈرمەك	headword	212_2L.png	unverified
D90-3-02242	راھەتلەندۈرۈلمەك	headword	212_2L.png	unverified
D90-3-02243	راھەتلەنمەك	headword	212_2L.png	unverified
D90-3-02244	راھەتلىك	headword	213_1R.png	unverified
D90-3-02245	راھەتلىنەرلىك	headword	213_1R.png	unverified
D90-3-02246	راھەتلىنمەك	headword	213_1R.png	unverified
D90-3-02247	راھمان	nonstandard	213_1R.png	unverified
D90-3-02248	راھىب	headword	213_1R.png	unverified
D90-3-02249	راھىبە	headword	213_1R.png	unverified
D90-3-02250	راھىبلىق	headword	213_1R.png	unverified
D90-3-02251	راۋا	headword	213_1R.png	unverified
D90-3-02252	راۋا بولماق	headword	213_2L.png	unverified
D90-3-02253	راۋا كۆرمەك	headword	214_1R.png	unverified
D90-3-02254	راۋاب	headword	214_1R.png	unverified
D90-3-02255	راۋابچى	headword	214_2L.png	unverified
D90-3-02256	راۋات	nonstandard	214_2L.png	verified
D90-3-02257	راۋاج	headword	214_2L.png	unverified
D90-3-02258	راۋاج تاپماق	headword	214_2L.png	unverified
D90-3-02259	راۋاجلاندۇرماق	headword	215_1R.png	unverified
D90-3-02260	راۋاجلاندۇرۇلماق	headword	215_1R.png	unverified
D90-3-02261	راۋاجلانماق	headword	215_1R.png	unverified
D90-3-02262	راۋاجلىنىش	headword	215_1R.png	unverified
D90-3-02263	راۋاق	headword	215_2L.png	unverified
D90-3-02264	راۋاقلىق	headword	215_2L.png	unverified
D90-3-02265	راۋان	headword	215_2L.png	unverified
D90-3-02266	راۋان بولماق	headword	216_1R.png	unverified
D90-3-02267	راۋان قىلماق	headword	216_1R.png	unverified
D90-3-02268	راۋانلاشتۇرماق	headword	216_1R.png	unverified
D90-3-02270	راۋانلاشماق	headword	216_2L.png	unverified
D90-3-02271	راۋانلىق	headword	216_2L.png	unverified
D90-3-02272	راۋرۇس	nonstandard	216_2L.png	verified
D90-3-02273	راۋولغىيە	headword	216_2L.png	unverified
D90-3-02274	راۋۇرۇس	headword	217_1R.png	unverified
D90-3-02275	راي	headword	217_1R.png	unverified
D90-3-02276	راي كاتېگورىيىسى	headword	217_2L.png	unverified
D90-3-02276-v1	مەيل كاتېگورىيىسى	variant	217_2L.png	unverified
D90-3-02277	راي ئېيتماق	headword	217_2L.png	unverified
D90-3-02278	رايى بارماق	headword	217_2L.png	unverified
D90-3-02279	رايى تارتماق	headword	217_2L.png	unverified
D90-3-02280	رايىغا بارماق	headword	217_2L.png	unverified
D90-3-02281	رايىغا باقماق	headword	217_2L.png	unverified
D90-3-02282	رايىغا قارىماق	headword	218_1R.png	unverified
D90-3-02283	رايىغا قويماق	headword	218_1R.png	unverified
D90-3-02284	رايى قايتماق	headword	218_1R.png	unverified
D90-3-02285	رايىنى ئالماق	headword	218_1R.png	unverified
D90-3-02286	رايىنى سىنىماق	headword	218_1R.png	unverified
D90-3-02287	رايى يانماق	headword	218_1R.png	unverified
D90-3-02288	رايال	nonstandard	218_2L.png	unverified
D90-3-02289	رايكا	nonstandard	218_2L.png	unverified
D90-3-02289-c1	رېپىكا	corrected_form	218_2L.png	unverified
D90-3-02290	رايكوم	headword	218_2L.png	unverified
D90-3-02291	رايون	headword	218_2L.png	unverified
D90-3-02292	رايونلار ئارا مۇسابىقە	headword	218_2L.png	unverified
D90-3-02293	رايونداش	headword	219_1R.png	unverified
D90-3-02294	رايونداشلىق	headword	219_1R.png	unverified
D90-3-02295	رايونلاشتۇرماق	headword	219_1R.png	unverified
D90-3-02296	رايونلاشتۇرۇلماق	headword	219_1R.png	unverified
D90-3-02297	رايونلاشماق	headword	219_1R.png	unverified
D90-3-02298	رايونلۇق	headword	219_1R.png	unverified
D90-3-02299	رايونلۇق ئاينىش	headword	219_2L.png	unverified
D90-3-02300	رايونلۇق مېتامورفىزم	headword	219_2L.png	unverified
D90-3-02301	رايونلۇق ھۆكۈمەت	headword	219_2L.png	unverified
D90-3-02302	رايىش	headword	219_2L.png	unverified
D90-3-02303	رايىشلىق	headword	219_2L.png	unverified
D90-3-02304	رەب	headword	220_1R.png	unverified
D90-3-02304-i1	رەببى	inflected	220_1R.png	unverified
D90-3-02305	رەببىنا	headword	220_1R.png	unverified
D90-3-02306	رەبىيەسسانى	headword	220_1R.png	unverified
D90-3-02307	رەبىيەلئاخىر	headword	220_1R.png	unverified
D90-3-02308	رەبىيەلئەۋۋەل	headword	220_1R.png	unverified
D90-3-02309	رەپتار	headword	220_1R.png	unverified
D90-3-02310	رەپتاي	nonstandard	220_2L.png	unverified
D90-3-02311	رەپرەپ	headword	220_2L.png	unverified
D90-3-02312	رەپىتىس	nonstandard	220_2L.png	unverified
D90-3-02312-c1	رېپېتىتىسىيە	corrected_form	220_2L.png	unverified
D90-3-02313	رەپىق	headword	220_2L.png	unverified
D90-3-02314	رەپىقە	headword	220_2L.png	unverified
D90-3-02315	رەت	headword	220_2L.png	unverified
D90-3-02316	رەت قىلماق	headword	220_2L.png	unverified
D90-3-02317	رەت قىلىش	headword	221_1R.png	unverified
D90-3-02320	رەتكە تۇرغۇزماق	headword	221_2L.png	unverified
D90-3-02321	رەتكە تىزماق	headword	221_2L.png	unverified
D90-3-02322	رەتكە چۈشمەك	headword	221_2L.png	unverified
D90-3-02323	رەتكە سالماق	headword	221_2L.png	unverified
D90-3-02324	رەتكە ئۆتمەك	headword	222_1R.png	unverified
D90-3-02325	رەتكە يارىماق	headword	222_1R.png	unverified
D90-3-02326	رەت-رەت	headword	222_1R.png	unverified
D90-3-02327	رەتسىز	headword	222_1R.png	unverified
D90-3-02328	رەتلەتكۈزمەك	headword	222_2L.png	unverified
D90-3-02329	رەتلەتمەك	headword	222_2L.png	unverified
D90-3-02330	رەتلەشمەك	headword	222_2L.png	unverified
D90-3-02331	رەتلەنمەك	headword	222_2L.png	unverified
D90-3-02332	رەتلىك	headword	222_2L.png	unverified
D90-3-02334	رەتلىمەك	headword	223_2L.png	unverified
D90-3-02335	رەتلىپ كېسىش	headword	223_2L.png	unverified
D90-3-02336	رەتمۇرەت	headword	223_2L.png	unverified
D90-3-02337	رەج	headword	224_1R.png	unverified
D90-3-02338	رەجەپ	headword	224_1R.png	unverified
D90-3-02339	رەخ	headword	224_1R.png	unverified
D90-3-02340	رەخت	headword	224_1R.png	unverified
D90-3-02341	رەخمە	headword	224_1R.png	unverified
D90-3-02342	رەخمەت	headword	224_1R.png	unverified
D90-3-02343	رەددىيە	headword	224_1R.png	unverified
D90-3-02345	رەدنامە	headword	224_2L.png	unverified
D90-3-02346	رەدنامىچى	headword	224_2L.png	unverified
D90-3-02347	رەزبا	headword	224_2L.png	unverified
D90-3-02348	رەزگى	headword	224_2L.png	unverified
D90-3-02350	رەزگىلەشمەك	headword	225_1R.png	unverified
D90-3-02351	رەزگىلىك	headword	225_2L.png	unverified
D90-3-02352	رەزمىر	nonstandard	225_2L.png	unverified
D90-3-02353	رەزىل	headword	225_2L.png	unverified
D90-3-02354	رەزىللەشتۈرمەك	headword	225_2L.png	unverified
D90-3-02355	رەزىللەشمەك	headword	225_2L.png	unverified
D90-3-02356	رەزىللىك	headword	225_2L.png	unverified
D90-3-02357	رەزىنكە	headword	226_1R.png	unverified
D90-3-02358	رەسەت	headword	226_1R.png	unverified
D90-3-02359	رەسەتچىلىك	headword	226_1R.png	unverified
D90-3-02360	رەسەتخانا	headword	226_1R.png	verified
D90-3-02361	رەستە	headword	226_1R.png	unverified
D90-3-02363	رەسسام	headword	226_2L.png	unverified
D90-3-02364	رەسسامچىلىق نى	headword	226_2L.png	unverified
D90-3-02365	رەسساملىق	headword	226_2L.png	unverified
D90-3-02366	رەسكار	nonstandard	226_2L.png	unverified
D90-3-02367	رەسمىي	headword	226_2L.png	unverified
D90-3-02368	رەسمىيەت	headword	227_1R.png	unverified
D90-3-02369	رەسمىيەتچى	headword	227_2L.png	unverified
D90-3-02370	رەسمىيەتچىلىك	headword	227_2L.png	unverified
D90-3-02371	رەسمىيەتسىز	headword	228_1R.png	unverified
D90-3-02372	رەسمىيەتسىزلىك	headword	228_1R.png	unverified
D90-3-02373	رەسمىيەتلىك	headword	228_1R.png	unverified
D90-3-02374	رەسمىيلەشتۈرمەك	headword	228_2L.png	unverified
D90-3-02375	رەسمىيلەشتۈرۈلمەك	headword	228_2L.png	unverified
D90-3-02376	رەسمىيلەشمەك	headword	228_2L.png	unverified
D90-3-02377	رەسۇم	headword	228_2L.png	unverified
D90-3-02378	رەسۋا	headword	229_1R.png	unverified
D90-3-02379	رەسۋا بولماق	headword	229_1R.png	unverified
D90-3-02380	رەسۋاسى چىقماق	headword	229_2L.png	unverified
D90-3-02381	رەسۋا قىلماق	headword	229_2L.png	unverified
D90-3-02382	رەسۋاچىلىق	headword	229_2L.png	unverified
D90-3-02383	رەسۋالارچە	headword	230_1R.png	unverified
D90-3-02384	رەسۋالاشتۇرماق	headword	230_1R.png	unverified
D90-3-02385	رەسۋالاشتۇرۇلماق	headword	230_1R.png	unverified
D90-3-02386	رەسۋالاشماق	headword	230_1R.png	unverified
D90-3-02387	رەسۋالىق	headword	230_1R.png	unverified
D90-3-02388	رەسۋايىئالەم	headword	230_2L.png	verified
D90-3-02389	رەسۋايىجاھان	headword	230_2L.png	verified
D90-3-02390	رەسىدە	headword	230_2L.png	unverified
D90-3-02392	رەسىم	headword	230_2L.png	unverified
D90-3-02394	رەسىمگە تارتماق	headword	231_1R.png	unverified
D90-3-02395	رەسىمگە چۈشمەك	headword	231_1R.png	unverified
D90-3-02396	رەسىمچى	headword	231_1R.png	unverified
D90-3-02397	رەسىمچىلىك	headword	231_1R.png	unverified
D90-3-02398	رەسىمخانا	headword	231_1R.png	unverified
D90-3-02399	رەسىم-قائىدە	headword	231_2L.png	unverified
D90-3-02400	رەسىملەشتۈرمەك	headword	231_2L.png	unverified
D90-3-02401	رەسىملەشتۈرۈلمەك	headword	231_2L.png	unverified
D90-3-02402	رەسىملىك	headword	231_2L.png	unverified
D90-3-02405	رەسىملىك يېزىق	headword	232_1R.png	unverified
D90-3-02406	رەسىم-يوسۇن	headword	232_1R.png	unverified
D90-3-02407	رەشەتكە	nonstandard	232_1R.png	unverified
D90-3-02408	رەشتە	nonstandard	232_1R.png	unverified
D90-3-02409	رەشق	nonstandard	232_1R.png	unverified
D90-3-02410	رەشك	headword	232_1R.png	verified
D90-3-02411	رەشك ئەيلىمەك	headword	232_1R.png	unverified
D90-3-02412	رەشك قىلماق	headword	232_1R.png	unverified
D90-3-02413	رەشكچى	headword	232_2L.png	unverified
D90-3-02414	رەشىلىيە	nonstandard	232_2L.png	unverified
D90-3-02414-c1	رېشىلىيى	corrected_form	232_2L.png	unverified
D90-3-02415	رەغد	headword	232_2L.png	verified
D90-3-02419	رەقەم	headword	232_2L.png	unverified
D90-3-02420	رەقەملىك	headword	232_2L.png	unverified
D90-3-02421	رەقس	headword	233_1R.png	unverified
D90-3-02422	رەققاس	headword	233_1R.png	unverified
D90-3-02423	رەقىب	headword	233_1R.png	unverified
D90-3-02424	رەقىبلىك	headword	233_1R.png	unverified
D90-3-02425	رەكەت	headword	233_2L.png	unverified
D90-3-02426	رەگەتكە	headword	233_2L.png	unverified
D90-3-02427	رەڭ	headword	233_2L.png	unverified
D90-3-02430	رەڭ تۈزمەك	headword	234_1R.png	unverified
D90-3-02431	رەڭ تۈسى	headword	234_1R.png	unverified
D90-3-02432	رەڭ خىلى	headword	234_1R.png	unverified
D90-3-02433	رەڭ دەرىجىسى	headword	234_1R.png	unverified
D90-3-02434	رەڭ سېزىمى	headword	234_2L.png	unverified
D90-3-02435	رەڭ قارىغۇسى	headword	234_2L.png	unverified
D90-3-02436	رەڭلەرگە ئاجرىلىش	headword	234_2L.png	unverified
D90-3-02437	رەڭ ئۆلچىگۈچ	headword	234_2L.png	unverified
D90-3-02438	رەڭدار	headword	235_1R.png	unverified
D90-3-02439	رەڭدار پەردە	headword	235_1R.png	unverified
D90-3-02440	رەڭدار توخۇ	headword	235_1R.png	unverified
D90-3-02441	رەڭدار شېشە بويۇملار	headword	235_2L.png	unverified
D90-3-02442	رەڭدارلىق	headword	235_2L.png	unverified
D90-3-02443	رەڭداش	headword	235_2L.png	unverified
D90-3-02444	رەڭداشلىق	headword	235_2L.png	unverified
D90-3-02445	رەڭسىز	headword	235_2L.png	unverified
D90-3-02446	رەڭسىز فىلىم	headword	236_1R.png	unverified
D90-3-02447	رەڭسىزلەنمەك	headword	236_1R.png	unverified
D90-3-02448	رەڭشۇناس	headword	236_1R.png	unverified
D90-3-02449	رەڭشۇناسلىق	headword	236_1R.png	unverified
D90-3-02450	رەڭگ	headword	236_1R.png	unverified
D90-3-02451	رەڭگى ئاقارماق	headword	236_2L.png	unverified
D90-3-02452	رەڭگى تاتارماق	headword	236_2L.png	unverified
D90-3-02453	رەڭگىنى ئاچماسلىق	headword	236_2L.png	unverified
D90-3-02454	رەڭگى ئۆچمەك	headword	236_2L.png	unverified
D90-3-02455	رەڭگى ئۆڭمەك	headword	236_2L.png	unverified
D90-3-02456	رەڭگارەڭ	headword	236_2L.png	unverified
D90-3-02457	رەڭگ-رۇخسار	headword	237_1R.png	unverified
D90-3-02458	رەڭگى-روھى	nonstandard	237_1R.png	unverified
D90-3-02459	رەڭگىروي	headword	237_1R.png	verified
D90-3-02460	رەڭلەنمەك	headword	237_1R.png	unverified
D90-3-02461	رەڭلىك	headword	237_2L.png	unverified
D90-3-02464	رەڭلىك ساپال	headword	238_1R.png	verified
D90-3-02465	رەڭلىك فوتوگرافىيە	headword	238_1R.png	unverified
D90-3-02466	رەڭلىك فىلىم	headword	238_1R.png	unverified
D90-3-02467	رەڭلىك مېتال	headword	238_1R.png	unverified
D90-3-02468	رەڭلىك نۇر	headword	238_1R.png	unverified
D90-3-02469	رەڭمۇرەڭ	headword	238_1R.png	unverified
D90-3-02470	رەڭۋاز	headword	238_2L.png	unverified
D90-3-02471	رەڭۋازلىق	headword	238_2L.png	unverified
D90-3-02472	رەللە	headword	238_2L.png	unverified
D90-3-02473	رەللە بولماق	headword	239_1R.png	unverified
D90-3-02474	رەللە قىلماق	headword	239_1R.png	unverified
D90-3-02475	رەم	headword	239_1R.png	unverified
D90-3-02476	رەم ئاچماق	headword	239_1R.png	unverified
D90-3-02477	رەم باقماق	headword	239_2L.png	unverified
D90-3-02478	رەم سالماق	headword	239_2L.png	unverified
D90-3-02479	رەمەتلىك	nonstandard	239_2L.png	unverified
D90-3-02480	رەمبال	nonstandard	239_2L.png	unverified
D90-3-02481	رەمچى	headword	239_2L.png	unverified
D90-3-02482	رەمچىلىك	headword	239_2L.png	unverified
D90-3-02483	رەممال	headword	239_2L.png	unverified
D90-3-02484	رەمماللىق	headword	239_2L.png	unverified
D90-3-02485	رەمىتى	nonstandard	240_1R.png	unverified
D90-3-02486	رەنا	headword	240_1R.png	unverified
D90-3-02487	رەناگۈل	headword	240_1R.png	verified
D90-3-02488	رەنالىق	headword	240_1R.png	unverified
D90-3-02489	رەنە	headword	240_1R.png	unverified
D90-3-02489-v1	گۆرۈ	variant	240_1R.png	unverified
D90-3-02491	رەنج	headword	240_1R.png	verified
D90-3-02492	رەنج تارتماق	headword	240_2L.png	unverified
D90-3-02493	رەنج-بالا	headword	240_2L.png	unverified
D90-3-02494	رەنجداش	headword	240_2L.png	unverified
D90-3-02495	رەنج-مۇشەققەت	headword	240_2L.png	unverified
D90-3-02496	رەنجىتمەك	headword	240_2L.png	unverified
D90-3-02497	رەنجىتىلمەك	headword	241_1R.png	unverified
D90-3-02498	رەنجىش	headword	241_1R.png	unverified
D90-3-02499	رەنجىشلىك	headword	241_1R.png	unverified
D90-3-02500	رەنجىشمەك	headword	241_1R.png	unverified
D90-3-02501	رەنجىمەك	headword	241_1R.png	unverified
D90-3-02502	رەندە	headword	241_1R.png	unverified
D90-3-02503	رەندىلەتكۈزمەك	headword	241_1R.png	unverified
D90-3-02504	رەندىلەتمەك	headword	241_1R.png	unverified
D90-3-02505	رەندىلىتمەك	headword	241_1R.png	unverified
D90-3-02506	رەندىلەش	headword	241_2L.png	unverified
D90-3-02511	رەندىلەنمەك	headword	241_2L.png	unverified
D90-3-02512	رەندىلىتىلمەك	headword	241_2L.png	unverified
D90-3-02513	رەندىلىمەك	headword	241_2L.png	unverified
D90-3-02514	رەھبەر	headword	242_1R.png	unverified
D90-3-02515	رەھبەرلىك	headword	242_1R.png	unverified
D90-3-02516	رەھبەرلىك قىلماق	headword	242_1R.png	unverified
D90-3-02517	رەھبىرىي	headword	242_2L.png	unverified
D90-3-02518	رەھمان	headword	242_2L.png	unverified
D90-3-02519	رەھمانلىق	headword	242_2L.png	unverified
D90-3-02520	رەھمە	nonstandard	242_2L.png	unverified
D90-3-02521	رەھمەت	headword	242_2L.png	unverified
D90-3-02523	رەھمەت ئېيتماق	headword	243_1R.png	unverified
D90-3-02524	رەھمەت-تەزىم	headword	243_1R.png	unverified
D90-3-02525	رەھمەتلىك	headword	243_1R.png	verified
D90-3-02526	رەھمىتى	headword	243_1R.png	unverified
D90-3-02527	رەھنەما	headword	243_2L.png	unverified
D90-3-02528	رەھنەمالىق	headword	243_2L.png	unverified
D90-3-02529	رەھنىما	nonstandard	243_2L.png	unverified
D90-3-02530	رەھىم	headword	243_2L.png	unverified
D90-3-02531	رەھىم ئەيلىمەك	headword	243_2L.png	unverified
D90-3-02532	رەھىم قىلماق	headword	243_2L.png	unverified
D90-3-02533	رەھىمدىل	headword	244_1R.png	unverified
D90-3-02534	رەھىمدىللىك	headword	244_1R.png	unverified
D90-3-02535	رەھىمسىز	headword	244_1R.png	unverified
D90-3-02536	رەھىمسىزلەرچە	headword	244_2L.png	unverified
D90-3-02537	رەھىمسىزلىك	headword	244_2L.png	unverified
D90-3-02538	رەھىم-شەپقەت	headword	244_2L.png	unverified
D90-3-02539	رەھىم-شەپقەتلىك	headword	245_1R.png	unverified
D90-3-02540	رەھىملىك	headword	245_1R.png	unverified
D90-3-02541	رەۋەت	headword	245_1R.png	unverified
D90-3-02542	رەۋەن	headword	245_1R.png	unverified
D90-3-02542-v1	تۆگىقۇلاق	variant	245_1R.png	unverified
D90-3-02543	رەۋەندە	headword	245_1R.png	unverified
D90-3-02544	رەۋەندىچىلىك	headword	245_2L.png	unverified
D90-3-02545	رەۋىش	headword	245_2L.png	unverified
D90-3-02546	رەۋىشتە	headword	245_2L.png	unverified
D90-3-02547	رەۋىشداش	headword	245_2L.png	unverified
D90-3-02548	رەۋىشلەشتۈرمەك	headword	245_2L.png	unverified
D90-3-02549	رەۋىشلەشمەك	headword	246_1R.png	unverified
D90-3-02550	رەئىس	headword	246_1R.png	unverified
D90-3-02551	رەئىسلىك	headword	246_1R.png	unverified
D90-3-02552	رەئىشە	headword	246_2L.png	unverified
D90-3-02553	رەئىيەت	headword	246_2L.png	unverified
D90-3-02554	رەئىيەتلىك	headword	247_1R.png	unverified
D90-3-02555	رەيھان	headword	247_1R.png	unverified
D90-3-02556	رەيھانگۈل	headword	247_1R.png	verified
D90-3-02557	رو	headword	247_1R.png	unverified
D90-3-02558	روبۇرو	headword	247_1R.png	unverified
D90-3-02559	روبىرو	headword	247_1R.png	unverified
D90-3-02560	روبىرو بولماق	headword	247_2L.png	unverified
D90-3-02561	روبىرو قىلماق	headword	247_2L.png	unverified
D90-3-02562	روبىرولاشماق	headword	247_2L.png	unverified
D90-3-02563	روبىرى	nonstandard	247_2L.png	unverified
D90-3-02564	روپ	headword	247_2L.png	unverified
D90-3-02565	روپ بولماق	headword	247_2L.png	unverified
D90-3-02566	روپاش	headword	247_2L.png	unverified
D90-3-02567	روپاشلىق	headword	248_1R.png	unverified
D90-3-02568	روپچىك	headword	248_1R.png	unverified
D90-3-02569	روپىرا	nonstandard	248_1R.png	unverified
D90-3-02570	روتا	headword	248_1R.png	unverified
D90-3-02571	روتور	headword	248_1R.png	unverified
D90-3-02572	روتېيل	headword	248_1R.png	unverified
D90-3-02573	روجەك	headword	248_1R.png	unverified
D90-3-02574	روجەكلىك	headword	248_2L.png	unverified
D90-3-02575	روچىۋىن	headword	248_2L.png	unverified
D90-3-02576	روداز	headword	248_2L.png	unverified
D90-3-02577	رودۇ	headword	248_2L.png	unverified
D90-3-02578	رودۇپاي	headword	248_2L.png	unverified
D90-3-02579	رودۇپايلىق	headword	249_1R.png	unverified
D90-3-02580	رودۇخروزىنت	headword	249_1R.png	unverified
D90-3-02581	رودۇلاش تۇرماق	headword	249_1R.png	unverified
D90-3-02582	رودۇلاش تۇرۇلماق	headword	249_1R.png	unverified
D90-3-02583	رودۇلاشماق	headword	249_1R.png	unverified
D90-3-02584	رودىمېنت	headword	249_1R.png	unverified
D90-3-02585	رودىمېنتلاشماق	headword	249_2L.png	unverified
D90-3-02586	رودىي	headword	249_2L.png	unverified
D90-3-02587	روزا	headword	249_2L.png	unverified
D90-3-02588	روزا ئاي	headword	249_2L.png	unverified
D90-3-02589	روزا بۇزۇلماق	headword	249_2L.png	unverified
D90-3-02590	روزا تۇتماق	headword	249_2L.png	unverified
D90-3-02591	روزا ھېيت	headword	250_1R.png	unverified
D90-3-02592	روزا-رامىزان	headword	250_1R.png	unverified
D90-3-02593	روزانە	headword	250_1R.png	unverified
D90-3-02594	روزغار	headword	250_1R.png	unverified
D90-3-02595	روزغارسىز	headword	250_2L.png	unverified
D90-3-02596	روزگار	headword	250_2L.png	unverified
D90-3-02597	روزنامە	headword	250_2L.png	unverified
D90-3-02598	روزېتكا	headword	250_2L.png	unverified
D90-3-02599	روژدېستۋو	headword	251_1R.png	unverified
D90-3-02600	روژدېستۋو بايرىمى	headword	251_1R.png	unverified
D90-3-02601	روسۇل	headword	251_1R.png	unverified
D90-3-02602	روسۇلىللا	headword	251_1R.png	unverified
D90-3-02603	روشەن	headword	251_1R.png	unverified
D90-3-02604	روشەنگۈل	headword	251_2L.png	verified
D90-3-02605	روشەنلەشتۈرمەك	headword	251_2L.png	unverified
D90-3-02606	روشەنلەشتۈرۈش	headword	252_1R.png	unverified
D90-3-02607	روشەنلەشتۈرۈلمەك	headword	252_1R.png	unverified
D90-3-02608	روشەنلەشمەك	headword	252_1R.png	unverified
D90-3-02609	روشەنلىك	headword	252_1R.png	unverified
D90-3-02610	روشدى	headword	252_2L.png	unverified
D90-3-02611	روگور	headword	252_2L.png	unverified
D90-3-02612	روڭ-روڭ	headword	252_2L.png	unverified
D90-3-02613	روڭ-روڭ قىلماق	headword	252_2L.png	unverified
D90-3-02614	رول	headword	252_2L.png	unverified
D90-3-02615	رول ئالماق	headword	253_1R.png	unverified
D90-3-02616	رولغا چۆكۈش	headword	253_1R.png	unverified
D90-3-02617	رولغا چىقماق	headword	253_1R.png	unverified
D90-3-02618	رول ئوينىماق	headword	253_1R.png	unverified
D90-3-02619	رول ئىجادىيىتى	headword	253_1R.png	unverified
D90-3-02620	رولچى	headword	253_2L.png	unverified
D90-3-02621	روللۇق	headword	253_2L.png	unverified
D90-3-02622	روللېر	headword	253_2L.png	unverified
D90-3-02623	رومال	headword	253_2L.png	unverified
D90-3-02624	روماللىق	headword	253_2L.png	unverified
D90-3-02625	رومان	headword	254_1R.png	unverified
D90-3-02626	رومانتىزم	headword	254_1R.png	unverified
D90-3-02627	رومانتىزملىق	headword	254_1R.png	unverified
D90-3-02628	رومانتىكا	headword	254_1R.png	unverified
D90-3-02629	رومانتىكىلىق	headword	254_1R.png	unverified
D90-3-02631	رومانچى	headword	254_2L.png	unverified
D90-3-02632	رومانچىلىق	headword	254_2L.png	unverified
D90-3-02633	رومانس	headword	254_2L.png	unverified
D90-3-02634	رومانىست	headword	254_2L.png	unverified
D90-3-02635	رومبا	headword	254_2L.png	unverified
D90-3-02638	رومبا مانگان تاش	headword	255_1R.png	unverified
D90-3-02640	رومبىسىمان	headword	255_1R.png	unverified
D90-3-02641	رومبىلىق	headword	255_1R.png	unverified
D90-3-02643	رۇمكا	headword	255_1R.png	unverified
D90-3-02644	روناق	headword	255_2L.png	unverified
D90-3-02646	روندو	headword	255_2L.png	verified
D90-3-02647	روھ	headword	255_2L.png	unverified
D90-3-02649	روھى سۇنماق	headword	256_2L.png	unverified
D90-3-02649-v1	روھى چۈشمەك	variant	256_2L.png	unverified
D90-3-02650	روھى كۆتۈرۈلمەك	headword	256_2L.png	unverified
D90-3-02651	روھانىي	headword	256_2L.png	unverified
D90-3-02652	روھانىيەت	headword	256_2L.png	unverified
D90-3-02653	روھانىيلىق	headword	256_2L.png	unverified
D90-3-02654	روھەن	headword	257_1R.png	unverified
D90-3-02655	روھچىلىق	headword	257_1R.png	unverified
D90-3-02656	روھسىز	headword	257_1R.png	unverified
D90-3-02657	روھسىزلاندۇرماق	headword	257_1R.png	unverified
D90-3-02658	روھسىزلاندۇرۇلماق	headword	257_1R.png	unverified
D90-3-02659	روھسىزلانماق	headword	257_1R.png	unverified
D90-3-02660	روھسىزلىق	headword	257_2L.png	unverified
D90-3-02661	روھلاندۇرماق	headword	257_2L.png	unverified
D90-3-02662	روھلاندۇرۇلماق	headword	257_2L.png	unverified
D90-3-02663	روھلانماق	headword	257_2L.png	unverified
D90-3-02664	روھلۇق	headword	257_2L.png	unverified
D90-3-02665	روھىنات	headword	258_1R.png	unverified
D90-3-02666	روھىي	headword	258_1R.png	unverified
D90-3-02670	روھىي كىشەن	headword	258_2L.png	unverified
D90-3-02671	روھىي ھالەت تەسۋىرى	headword	258_2L.png	unverified
D90-3-02671-v1	پسىخىكا تەسۋىرى	variant	258_2L.png	unverified
D90-3-02672	روھىي ئوزۇق	headword	258_2L.png	unverified
D90-3-02673	روھىيەت	headword	258_2L.png	unverified
D90-3-02674	روي	headword	259_1R.png	unverified
D90-3-02676	روياپ	headword	259_1R.png	unverified
D90-3-02676-v1	روياپقا چىقماق	variant	259_1R.png	unverified
D90-3-02678	رويال	headword	259_1R.png	unverified
D90-3-02678-v1	پىئانىنو	variant	259_1R.png	unverified
D90-3-02679	رويالچى	headword	259_1R.png	unverified
D90-3-02679-v1	پىئانىنوچى	variant	259_1R.png	unverified
D90-3-02680	رويان	headword	259_1R.png	unverified
D90-3-02681	رويخەت	headword	259_2L.png	unverified
D90-3-02682	رۇباشكا	headword	259_2L.png	unverified
D90-3-02683	رۇباشكىسىز	headword	259_2L.png	unverified
D90-3-02684	رۇباشكىلىق	headword	259_2L.png	unverified
D90-3-02685	رۇبائىي	headword	259_2L.png	unverified
D90-3-02686	رۇبائىيات	headword	260_1R.png	unverified
D90-3-02687	رۇبائىيچى	headword	260_1R.png	unverified
D90-3-02688	رۇبائىيچىلىق	headword	260_1R.png	unverified
D90-3-02689	رۇبلى	headword	260_1R.png	unverified
D90-3-02690	رۇبىدىي	headword	260_1R.png	unverified
D90-3-02691	رۇپىيە	headword	260_1R.png	unverified
D90-3-02692	رۇتا	headword	260_1R.png	unverified
D90-3-02694	رۇتېنىي	headword	260_1R.png	unverified
D90-3-02695	رۇچكا	headword	260_1R.png	unverified
D90-3-02696	رۇخسار	headword	260_2L.png	unverified
D90-3-02697	رۇخسارگۈل	headword	260_2L.png	verified
D90-3-02698	رۇخسەت	headword	260_2L.png	unverified
D90-3-02700	رۇخسەت بەرمەك	headword	261_1R.png	unverified
D90-3-02701	رۇخسەت سورىماق	headword	261_1R.png	unverified
D90-3-02702	رۇخسەت قىلماق	headword	261_1R.png	unverified
D90-3-02703	رۇخسەتسىز	headword	261_1R.png	unverified
D90-3-02704	رۇخسەتلىك	headword	261_1R.png	unverified
D90-3-02705	رۇدا	headword	261_1R.png	unverified
D90-3-02707	رۇدىلىق	headword	261_2L.png	unverified
D90-3-02709	رۇداۋ	headword	261_2L.png	verified
D90-3-02709-v1	رۇداۋ چېلىشىشى	variant	261_2L.png	verified
D90-3-02711	رۇس	headword	261_2L.png	unverified
D90-3-02713	رۇس تىلى	headword	262_1R.png	unverified
D90-3-02714	رۇستەك	headword	262_1R.png	unverified
D90-3-02715	رۇسچە	headword	262_1R.png	unverified
D90-3-02716	رۇسلاتماق	headword	262_1R.png	unverified
D90-3-02717	رۇسلار	headword	262_1R.png	unverified
D90-3-02718	رۇسلاشتۇرماق	headword	262_2L.png	unverified
D90-3-02719	رۇسلاشماق	headword	262_2L.png	unverified
D90-3-02720	رۇسلانماق	headword	262_2L.png	unverified
D90-3-02721	رۇسلىماق	headword	262_2L.png	unverified
D90-3-02722	رۇشكا	nonstandard	262_2L.png	unverified
D90-3-02723	رۇقئە	headword	262_2L.png	unverified
D90-3-02724	رۇقئەچە	headword	262_2L.png	unverified
D90-3-02725	رۇك-رۈك	headword	262_2L.png	unverified
D90-3-02726	رۇكوياتكا	headword	262_2L.png	unverified
D90-3-02727	رۇكۇ	headword	263_1R.png	unverified
D90-3-02730	رۇكۇلدىماق	headword	263_1R.png	unverified
D90-3-02731	رۇم	headword	263_1R.png	unverified
D90-3-02732	رۇمچە	headword	263_1R.png	unverified
D90-3-02733	رۇمىن	headword	263_1R.png	unverified
D90-3-02735	رۇمىنچە	headword	263_1R.png	unverified
D90-3-02736	رۇمىنلار	headword	263_1R.png	unverified
D90-3-02737	رۇۋۇكلاشماق	headword	263_2L.png	unverified
D90-3-02738	رې	headword	263_2L.png	unverified
D90-3-02739	رېئاكتىۋ	headword	263_2L.png	unverified
D90-3-02743	رېئاكتىۋ ماتور	headword	264_1R.png	unverified
D90-3-02744	رېئاكسىئون	headword	264_1R.png	unverified
D90-3-02745	رېئاكسىيە	headword	264_1R.png	unverified
D90-3-02746	رېئاكسىيە بەرمەك	headword	264_2L.png	unverified
D90-3-02747	رېئال	headword	264_2L.png	unverified
D90-3-02749	رېئاللاشتۇرماق	headword	264_2L.png	unverified
D90-3-02750	رېئاللاشتۇرۇلماق	headword	264_2L.png	unverified
D90-3-02751	رېئاللاشماق	headword	264_2L.png	unverified
D90-3-02752	رېئاللىق	headword	264_2L.png	unverified
D90-3-02753	رېئالىزم	headword	264_2L.png	unverified
D90-3-02754	رېئالىست	headword	265_1R.png	unverified
D90-3-02755	رېيېتىر	headword	265_1R.png	unverified
D90-3-02756	رېپېتىتسىيە	headword	265_1R.png	unverified
D90-3-02758	رېپىدە	headword	265_1R.png	unverified
D90-3-02759	رېپىرى	headword	265_1R.png	unverified
D90-3-02760	رېپىرىلىق	headword	265_2L.png	unverified
D90-3-02762	رېتسېپ	headword	265_2L.png	unverified
D90-3-02763	رېتسېپتور	headword	265_2L.png	unverified
D90-3-02764	رېتورتا	headword	265_2L.png	unverified
D90-3-02765	رېجىم	headword	266_1R.png	unverified
D90-3-02766	رېجىمغا ئالماق	headword	266_1R.png	unverified
D90-3-02767	رېجىم قىلماق	headword	266_1R.png	unverified
D90-3-02768	رېچىتاتىۋ	headword	266_1R.png	unverified
D90-3-02769	رېداكسىيە	headword	266_1R.png	unverified
D90-3-02769-v1	تەھرىر ھەيئىتى	variant	266_1R.png	unverified
D90-3-02770	رېزەندە	headword	266_1R.png	unverified
D90-3-02771	رېزبا	headword	266_1R.png	unverified
D90-3-02773	رېزبىلىك	headword	266_2L.png	unverified
D90-3-02774	رېزونانس	headword	266_2L.png	unverified
D90-3-02775	رېزىنكە	headword	266_2L.png	unverified
D90-3-02776	رېزىنكىلىك	headword	266_2L.png	unverified
D90-3-02777	رېژىسسور	headword	266_2L.png	unverified
D90-3-02778	رېژىسورلۇق	headword	267_1R.png	unverified
D90-3-02779	رېسپۇبلىكا	headword	267_1R.png	unverified
D90-3-02779-v1	جۇمۇرىيەت	variant	267_1R.png	unverified
D90-3-02780	رېستوران	headword	267_1R.png	unverified
D90-3-02781	رېسىدە	nonstandard	267_1R.png	unverified
D90-3-02782	رېشاتكا	headword	267_1R.png	unverified
D90-3-02783	رېشاتكىسىمان	headword	267_1R.png	unverified
D90-3-02784	رېشاتكىلانماق	headword	267_2L.png	unverified
D90-3-02785	رېشاتكىلىق	headword	267_2L.png	unverified
D90-3-02786	رېشىلىيە	headword	267_2L.png	unverified
D90-3-02787	رېشلىيەچى	headword	268_1R.png	unverified
D90-3-02788	رېفراكتور	headword	268_1R.png	unverified
D90-3-02789	رېفراكتورمېتر	headword	268_1R.png	unverified
D90-3-02790	رېفراكسىيە	headword	268_1R.png	unverified
D90-3-02791	رېفلېكتور	headword	268_1R.png	unverified
D90-3-02792	رېفلېكس	headword	268_1R.png	unverified
D90-3-02794	رېفلېكسلىق	headword	268_2L.png	unverified
D90-3-02796	رېفلېكسىيە	headword	268_2L.png	unverified
D90-3-02797	رېكورت	headword	269_1R.png	unverified
D90-3-02801	رېگرېسسىيە	headword	269_1R.png	unverified
D90-3-02802	رېل	headword	269_2L.png	unverified
D90-3-02803	رېلې	headword	269_2L.png	unverified
D90-3-02804	رېلىس	headword	269_2L.png	unverified
D90-3-02806	رېلىسسىز	headword	269_2L.png	unverified
D90-3-02807	رېلىسلىق	headword	269_2L.png	unverified
D90-3-02808	رېماتىزم	headword	270_1R.png	unverified
D90-3-02810	رېماتىزملىق	headword	270_1R.png	unverified
D90-3-02812	رېمونت	headword	270_1R.png	unverified
D90-3-02813	رېمونت قىلماق	headword	270_2L.png	unverified
D90-3-02814	رېمونتچى	headword	270_2L.png	unverified
D90-3-02815	رېمونتچىلىق	headword	270_2L.png	unverified
D90-3-02816	رېمونتخانا	headword	270_2L.png	unverified
D90-3-02817	رېمونتسىز	headword	270_2L.png	unverified
D90-3-02818	رېمېن	headword	271_1R.png	unverified
D90-3-02819	رېنتگېن	headword	271_1R.png	unverified
D90-3-02823	رېنىي	headword	271_1R.png	unverified
D90-3-02824	رېھىل	headword	271_2L.png	unverified
D90-3-02825	رېئوستات	headword	271_2L.png	unverified
D90-3-02826	رېئوميوزا	headword	271_2L.png	unverified
D90-3-02827	رېئوميوزا تېرمومېتر	headword	271_2L.png	unverified
D90-3-02828	رېيكا	headword	271_2L.png	unverified
D90-3-02829	رىئايە	headword	272_1R.png	unverified
D90-3-02830	رىئايە قىلماق	headword	272_1R.png	unverified
D90-3-02831	رىبوزا	headword	272_1R.png	unverified
D90-3-02831-v1	يادرو قەنتى	variant	272_1R.png	unverified
D90-3-02832	رىبوفلاۋىن	headword	272_1R.png	unverified
D90-3-02832-v1	ۋىتامىن B2	variant	272_1R.png	unverified
D90-3-02833	رىپاقەت	headword	272_1R.png	unverified
D90-3-02834	رىپاۋەت	headword	272_1R.png	unverified
D90-3-02835	رىتورىك	headword	272_2L.png	unverified
D90-3-02839	رىتورىكا	headword	272_2L.png	unverified
D90-3-02840	رىتىم	headword	272_2L.png	unverified
D90-3-02841	رىتىمچان	headword	273_1R.png	unverified
D90-3-02842	رىتىمچانلىق	headword	273_1R.png	unverified
D90-3-02843	رىتىمدار	headword	273_1R.png	unverified
D90-3-02844	رىتىمدارلىق	headword	273_1R.png	unverified
D90-3-02845	رىتىمسىز	headword	273_1R.png	unverified
D90-3-02846	رىتىمسىزلاشتۇرماق	headword	273_2L.png	unverified
D90-3-02847	رىتىمسىزلاشتۇرۇلماق	headword	273_2L.png	unverified
D90-3-02848	رىتىمسىزلاشماق	headword	273_2L.png	unverified
D90-3-02849	رىتىمسىزلىق	headword	273_2L.png	unverified
D90-3-02850	رىتىملىق	headword	273_2L.png	unverified
D90-3-02851	رىتىملىق گېمناستىكا	headword	273_2L.png	unverified
D90-3-02851-v1	گېمناستىكا	variant	273_2L.png	unverified
D90-3-02852	رىتىملىق ئۇدار	headword	273_2L.png	unverified
D90-3-02853	رىجە	headword	274_1R.png	unverified
D90-3-02854	رىچاگ	headword	274_1R.png	unverified
D90-3-02855	رىدكۇل	headword	274_2L.png	unverified
D90-3-02856	رىزا	headword	274_2L.png	unverified
D90-3-02857	رىزا ئەتمەك	headword	274_2L.png	unverified
D90-3-02858	رىزا بولماق	headword	274_2L.png	unverified
D90-3-02859	رىزا قىلماق	headword	274_2L.png	unverified
D90-3-02860	رىزالاشماق	headword	274_2L.png	unverified
D90-3-02861	رىزالەت	headword	274_2L.png	unverified
D90-3-02862	رىزالىق	headword	275_1R.png	unverified
D90-3-02863	رىزە	headword	275_1R.png	unverified
D90-3-02864	رىزىق	headword	275_1R.png	unverified
D90-3-02865	رىزقى پۈتمەك	headword	275_1R.png	unverified
D90-3-02866	رىزقى تۈگىمەك	headword	275_2L.png	unverified
D90-3-02867	رىزقى چۈشمەك	headword	275_2L.png	unverified
D90-3-02868	رىزقىغا توپا چاچماق	headword	275_2L.png	unverified
D90-3-02869	رىزقىغا ئولتۇرماق	headword	275_2L.png	unverified
D90-3-02870	رىزىق-نېسىۋە	headword	276_1R.png	unverified
D90-3-02871	رىزۋان	headword	276_1R.png	unverified
D90-3-02872	رىسالە	headword	276_1R.png	unverified
D90-3-02873	رىشالا	headword	276_1R.png	unverified
D90-3-02874	رىشالە	headword	276_1R.png	unverified
D90-3-02875	رىشتاپ	headword	276_1R.png	unverified
D90-3-02876	رىشتە	headword	276_2L.png	unverified
D90-3-02878	رىشتىگە	headword	276_2L.png	verified
D90-3-02879	رىغبەت	headword	276_2L.png	unverified
D90-3-02880	رىغبەتلەندۈرمەك	headword	277_1R.png	unverified
D90-3-02881	رىغبەتلەندۈرۈشمەك	headword	277_1R.png	unverified
D90-3-02882	رىغبەتلەندۈرۈلمەك	headword	277_1R.png	unverified
D90-3-02883	رىغبەتلەنمەك	headword	277_1R.png	unverified
D90-3-02884	رىقابەت	headword	277_1R.png	unverified
D90-3-02885	رىقابەتچان	headword	277_2L.png	unverified
D90-3-02886	رىقابەتچانلىق	headword	277_2L.png	unverified
D90-3-02887	رىقابەتچى	headword	277_2L.png	unverified
D90-3-02888	رىقابەتلەشتۈرمەك	headword	277_2L.png	unverified
D90-3-02889	رىقابەتلەشتۈرۈلمەك	headword	277_2L.png	unverified
D90-3-02890	رىقابەتلەشمەك	headword	277_2L.png	unverified
D90-3-02891	رىكشا	headword	277_2L.png	verified
D90-3-02892	رىكشىچى	headword	278_1R.png	unverified
D90-3-02893	رىكشىچىلىك	headword	278_1R.png	unverified
D90-3-02894	رىككېتسىيە	headword	278_1R.png	unverified
D90-3-02895	رىككېتسىيە كېسەللىكى	headword	278_1R.png	unverified
D90-3-02896	رىگىلان	headword	278_1R.png	unverified
D90-3-02897	رىگىلان پەلتو	headword	278_1R.png	unverified
D90-3-02898	رىم	headword	278_2L.png	unverified
D90-3-02899	رىم پاپاسى	headword	278_2L.png	unverified
D90-3-02899-v1	پاپا	variant	278_2L.png	unverified
D90-3-02900	رىم دىنى	headword	278_2L.png	unverified
D90-3-02900-v1	كاتولىك دىنى	variant	278_2L.png	unverified
D90-3-02901	رىم رەقەملىرى	headword	278_2L.png	unverified
D90-3-02902	رىم ئىمپېرىيىسى	headword	279_1R.png	unverified
D90-3-02903	رىمىفون	headword	279_1R.png	unverified
D90-3-02904	رىنگىت	headword	279_2L.png	unverified
D90-3-02905	رىھلەت	headword	279_2L.png	unverified
D90-3-02907	رىۋايەت	headword	279_2L.png	unverified
D90-3-02908	رىۋايەت قىلماق	headword	279_2L.png	unverified
D90-3-02909	رىۋايەتچى	headword	280_1R.png	unverified
D90-3-02910	رىۋايەتلەشتۈرمەك	headword	280_1R.png	unverified
D90-3-02911	رىۋايەتلەشتۈرۈلمەك	headword	280_1R.png	unverified
D90-3-02912	رىۋايەتلەشمەك	headword	280_1R.png	unverified
D90-3-02913	رىۋايەتلىك	headword	280_1R.png	unverified
D90-3-02914	رىيا	headword	280_1R.png	unverified
D90-3-02915	رىيازەت	headword	280_1R.png	unverified
D90-3-02917	رىيازەتسىز	headword	280_2L.png	unverified
D90-3-02918	رىيازەتلىك	headword	280_2L.png	unverified
D90-3-02919	رىيازىيات	headword	280_2L.png	unverified
D90-3-02920	رىياسەت	headword	280_2L.png	unverified
D90-3-02921	رىياسەتچى	headword	281_1R.png	unverified
D90-3-02922	رىياسەتچىلىك	headword	281_1R.png	unverified
D90-3-02923	رىياسەتچىلىك قىلماق	headword	281_1R.png	unverified
D90-3-02924	رىياكار	headword	281_2L.png	unverified
D90-3-02925	رىياكارانە	headword	281_2L.png	unverified
D90-3-02926	رىياكارلىق	headword	281_2L.png	unverified
D90-3-02927	رىيال	headword	281_2L.png	unverified
D90-3-02928	ز	headword	282_1R.png	unverified
D90-3-02929	زابوي	headword	282_1R.png	unverified
D90-3-02931	زاپاس	headword	282_1R.png	unverified
D90-3-02932	زاپاس ئارمىيە	headword	282_2L.png	unverified
D90-3-02933	زاپاس ھېسابلاش	headword	282_2L.png	unverified
D90-3-02934	زاپچاس	headword	283_1R.png	unverified
D90-3-02935	زاپخوز	headword	283_1R.png	unverified
D90-3-02936	زاپخوزلۇق	headword	283_1R.png	unverified
D90-3-02937	زاپونكا	headword	283_1R.png	unverified
D90-3-02938	زات	headword	283_1R.png	unverified
D90-3-02939	زاتى پەس	headword	283_2L.png	unverified
D90-3-02940	زاتى يامان	headword	283_2L.png	unverified
D90-3-02941	زاتەن	headword	283_2L.png	unverified
D90-3-02942	زاتىل	headword	283_2L.png	unverified
D90-3-02943	زاخا	headword	283_2L.png	unverified
D90-3-02944	زادى	headword	283_2L.png	unverified
D90-3-02945	زار	headword	284_1R.png	unverified
D90-3-02948	زار قاقشىماق	headword	284_2L.png	unverified
D90-3-02949	زار قىلماق	headword	284_2L.png	unverified
D90-3-02950	زاراتگاھ	headword	284_2L.png	unverified
D90-3-02951	زاراتگاھلىق	headword	284_2L.png	unverified
D90-3-02952	زاراتلىق	headword	284_2L.png	unverified
D90-3-02953	زاراخەتمە	headword	284_2L.png	unverified
D90-3-02954	زاراڭزا	headword	285_1R.png	unverified
D90-3-02955	زاراڭزىلىق	headword	285_1R.png	unverified
D90-3-02956	زار-زار	headword	285_1R.png	unverified
D90-3-02957	زارلاتماق	headword	285_1R.png	unverified
D90-3-02958	زارلاشماق	headword	285_1R.png	unverified
D90-3-02959	زارلانماق	headword	285_1R.png	unverified
D90-3-02960	زارلىق	headword	285_2L.png	unverified
D90-3-02961	زارلىماق	headword	285_2L.png	unverified
D90-3-02962	زارلىنىشماق	headword	285_2L.png	unverified
D90-3-02963	زارۇزار	headword	285_2L.png	unverified
D90-3-02964	زارىقتۇرماق	headword	285_2L.png	unverified
D90-3-02965	زارىقماق	headword	285_2L.png	unverified
D90-3-02966	زارىقىشماق	headword	286_1R.png	unverified
D90-3-02968	زاستاۋ	headword	286_1R.png	unverified
D90-3-02970	زاسۈيپەز	headword	286_1R.png	unverified
D90-3-02971	زاسۈيپەزلىك	headword	286_1R.png	unverified
D90-3-02972	زاسۈيچى	headword	286_1R.png	unverified
D90-3-02973	زاسۈيچىلىك	headword	286_2L.png	unverified
D90-3-02974	زاسۈيخانا	headword	286_2L.png	unverified
D90-3-02975	زاسېداتېل	headword	286_2L.png	unverified
D90-3-02976	زاسېداتېللىق	headword	286_2L.png	unverified
D90-3-02977	زاغ	headword	286_2L.png	unverified
D90-3-02978	زاغرا	headword	286_2L.png	unverified
D90-3-02979	زاغرا تىل	headword	286_2L.png	unverified
D90-3-02980	زاغرا نان	headword	286_2L.png	unverified
D90-3-02981	زاغرىچى	headword	287_1R.png	unverified
D90-3-02982	زاغزاق	headword	287_1R.png	unverified
D90-3-02983	زاغزاقلىق	headword	287_1R.png	unverified
D90-3-02984	زاغ-زۇغۇن	headword	287_1R.png	unverified
D90-3-02985	زاغۇن	headword	287_1R.png	unverified
D90-3-02986	زاغۇن باش	headword	287_2L.png	unverified
D90-3-02987	زاغۇنلۇق	headword	287_2L.png	unverified
D90-3-02988	زاقا	headword	287_2L.png	unverified
D90-3-02989	زاك	headword	287_2L.png	unverified
D90-3-02990	زاكا	headword	287_2L.png	unverified
D90-3-02994	زاكىسىدا قېرىپ قالغان	headword	288_1R.png	unverified
D90-3-02995	زاكىسىدا يۇققان كېسەل	headword	288_1R.png	unverified
D90-3-02995-v1	زاكىسىدا تەگكەن كېسەل	variant	288_1R.png	unverified
D90-3-02996	زاكات	headword	288_1R.png	unverified
D90-3-02997	زاكاتچى	headword	288_1R.png	unverified
D90-3-02998	زاكاز	headword	288_1R.png	unverified
D90-3-02999	زاكاز قىلماق	headword	288_2L.png	unverified
D90-3-03000	زاكازچى	headword	288_2L.png	unverified
D90-3-03001	زاكالەت	headword	288_2L.png	verified
D90-3-03002	زاكون	headword	288_2L.png	unverified
D90-3-03003	زاكونچى	headword	288_2L.png	unverified
D90-3-03004	زاكونلاشماق	headword	289_1R.png	unverified
D90-3-03006	زاكۇسكا	headword	289_1R.png	unverified
D90-3-03008	زاكىلاتماق	headword	289_1R.png	unverified
D90-3-03009	زاكىلاشماق	headword	289_2L.png	unverified
D90-3-03010	زاكىلاقلىق	headword	289_2L.png	unverified
D90-3-03011	زاكىلانماق	headword	289_2L.png	unverified
D90-3-03012	زاكىلىق	headword	289_2L.png	unverified
D90-3-03013	زاكىلىماق	headword	289_2L.png	unverified
D90-3-03018	زاڭاق	nonstandard	290_1R.png	unverified
D90-3-03018-c1	ياڭاق	corrected_form	290_1R.png	unverified
D90-3-03019	زاڭزۇ	headword	290_1R.png	unverified
D90-3-03021	زاڭزۇچە	headword	290_2L.png	unverified
D90-3-03022	زاڭزۇلار	headword	290_2L.png	unverified
D90-3-03023	زاڭكار	headword	290_2L.png	unverified
D90-3-03024	زاڭگا	headword	290_2L.png	unverified
D90-3-03025	زاڭگۇل-زۇڭگۇل	headword	290_2L.png	unverified
D90-3-03026	زاڭلاشتۇرماق	headword	290_2L.png	unverified
D90-3-03027	زاڭلاشتۇرۇلماق	headword	290_2L.png	unverified
D90-3-03028	زاڭلىشماق	headword	290_2L.png	unverified
D90-3-03029	زاڭلىق	headword	290_2L.png	unverified
D90-3-03030	زال	headword	291_1R.png	verified
D90-3-03032	زالىم	headword	291_1R.png	verified
D90-3-03033	زالىملىق	headword	291_1R.png	unverified
D90-3-03034	زامات	nonstandard	291_2L.png	unverified
D90-3-03035	زاماسكا	headword	291_2L.png	unverified
D90-3-03036	زاماسكىلاتقۇزماق	headword	291_2L.png	unverified
D90-3-03037	زاماسكىلاتماق	headword	291_2L.png	unverified
D90-3-03038	زاماسكىلاشماق	headword	291_2L.png	unverified
D90-3-03039	زاماسكىلانماق	headword	291_2L.png	unverified
D90-3-03040	زاماسكىلىماق	headword	291_2L.png	unverified
D90-3-03041	زامان	headword	291_2L.png	unverified
D90-3-03042	ئاخىر زامان	headword	292_2L.png	unverified
D90-3-03042-v1	زامان ئاخىر بولماق	variant	292_2L.png	unverified
D90-3-03043	زامانغا باقماق	headword	292_2L.png	unverified
D90-3-03044	زامانغا بېقىپ ئىش قىلماق	headword	292_2L.png	unverified
D90-3-03045	زامانغا يارىشا	headword	292_2L.png	unverified
D90-3-03046	زامان كاتېگورىيىسى	headword	292_2L.png	unverified
D90-3-03047	زامان كۆتۈرمەيدۇ	headword	292_2L.png	unverified
D90-3-03048	زاماننىڭ كۆزى	headword	293_1R.png	unverified
D90-3-03049	زامان ۋە ماكان	headword	293_1R.png	unverified
D90-3-03050	زامان ۋە ماكان قارشى	headword	293_1R.png	unverified
D90-3-03051	زامان ۋە ماكان نەزەرىيىسى	headword	293_2L.png	unverified
D90-3-03051-v1	زامان ۋە ماكان قارىشى	variant	293_2L.png	unverified
D90-3-03052	زامانداش	headword	293_2L.png	unverified
D90-3-03053	زامانداشلىق	headword	293_2L.png	unverified
D90-3-03054	زامان-زامان	headword	293_2L.png	unverified
D90-3-03055	زامان-زامانلاردىن بېرى	headword	293_2L.png	unverified
D90-3-03056	زامانىۋى	headword	293_2L.png	unverified
D90-3-03057	زامانىۋى بەش تۈر بويىچە تەنھەرىكەت	headword	294_1R.png	unverified
D90-3-03058	زامانىۋى ھۈنەر- سەنئەت	headword	294_1R.png	unverified
D90-3-03059	زامانىۋىلاشتۇرماق	headword	294_1R.png	unverified
D90-3-03060	زامانىۋىلاشتۇرۇلماق	headword	294_1R.png	unverified
D90-3-03061	زامانىۋىلاشماق	headword	294_2L.png	unverified
D90-3-03062	زاموك	headword	294_2L.png	unverified
D90-3-03063	زامىن	headword	294_2L.png	unverified
D90-3-03065	زانانە	headword	294_2L.png	unverified
D90-3-03066	زاھىت	headword	294_2L.png	unverified
D90-3-03067	زاھىتلىق	headword	295_1R.png	unverified
D90-3-03068	زاھىر	headword	295_1R.png	unverified
D90-3-03069	زاھىر ئەتمەك	headword	295_1R.png	unverified
D90-3-03070	زاھىر بولماق	headword	295_1R.png	unverified
D90-3-03071	زاھىر قىلماق	headword	295_1R.png	unverified
D90-3-03072	زاھىرەن	headword	295_1R.png	unverified
D90-3-03073	زاھىرىي	headword	295_2L.png	unverified
D90-3-03074	زاۋال	headword	295_2L.png	unverified
D90-3-03076	زاۋالغا يۈز تۇتماق	headword	296_1R.png	unverified
D90-3-03077	زاۋالغا يۈزلەنمەك	headword	296_1R.png	unverified
D90-3-03078	زاۋال يەتمەك	headword	296_1R.png	unverified
D90-3-03079	زاۋالسىز	headword	296_1R.png	unverified
D90-3-03080	زاۋاللىق	headword	296_1R.png	unverified
D90-3-03081	زاۋاللىق تاپماق	headword	296_2L.png	unverified
D90-3-03082	زاۋاللىققا يۈز تۇتماق	headword	296_2L.png	unverified
D90-3-03083	زاۋاللىققا يۈزلەنمەك	headword	296_2L.png	unverified
D90-3-03084	زاۋاللىق يەتمەك	headword	296_2L.png	unverified
D90-3-03085	زاۋۇت	headword	296_2L.png	unverified
D90-3-03087	زايە	headword	296_2L.png	unverified
D90-3-03088	زايە ئەيلىمەك	headword	297_1R.png	unverified
D90-3-03089	زايە بولماق	headword	297_1R.png	unverified
D90-3-03090	زايە قىلماق	headword	297_1R.png	unverified
D90-3-03091	زايە كەتمەك	headword	297_1R.png	unverified
D90-3-03092	زايوم	headword	297_1R.png	unverified
D90-3-03093	زايوم بېلىتى	headword	297_1R.png	unverified
D90-3-03094	زايوم چېكى	headword	297_2L.png	unverified
D90-3-03095	زايىر	headword	297_2L.png	unverified
D90-3-03096	زەبەردەس	headword	297_2L.png	unverified
D90-3-03097	زەبۇر	headword	297_2L.png	unverified
D90-3-03098	زەبۇن	headword	298_1R.png	unverified
D90-3-03099	زەبۇنلۇق	headword	298_1R.png	unverified
D90-3-03100	زەپ	headword	298_1R.png	unverified
D90-3-03101	زەپەر	headword	298_1R.png	unverified
D90-3-03103	زەپەر قازانماق	headword	298_2L.png	unverified
D90-3-03104	زەپەر قۇچماق	headword	298_2L.png	unverified
D90-3-03105	زەپەرنامە	headword	298_2L.png	unverified
D90-3-03106	زەپەت	headword	298_2L.png	unverified
D90-3-03107	زەپلىمەك	headword	299_1R.png	unverified
D90-3-03108	زەپىران	headword	299_1R.png	unverified
D90-3-03109	زەخمەت	headword	299_1R.png	unverified
D90-3-03112	زەخمەك	headword	299_2L.png	unverified
D90-3-03113	زەخمەيلىمەك	nonstandard	299_2L.png	unverified
D90-3-03114	زەخىم	headword	299_2L.png	unverified
D90-3-03115	زەخىم ئەيلىمەك	headword	299_2L.png	unverified
D90-3-03116	زەخىم ئۇرماق	headword	299_2L.png	unverified
D90-3-03117	زەخىم يەتمەك	headword	299_2L.png	unverified
D90-3-03118	زەخىم يېمەك	headword	300_1R.png	unverified
D90-3-03119	زەخىمدار	headword	300_1R.png	unverified
D90-3-03120	زەخىمدار بولماق	headword	300_1R.png	unverified
D90-3-03121	زەخىمدار قىلماق	headword	300_1R.png	unverified
D90-3-03122	زەخىملەندۈرمەك	headword	300_1R.png	unverified
D90-3-03123	زەخىملەندۈرۈلمەك	headword	300_1R.png	unverified
D90-3-03124	زەخىملەنمەك	headword	300_2L.png	unverified
D90-3-03125	زەخىملىك	headword	300_2L.png	unverified
D90-3-03126	زەخىمناك	headword	300_2L.png	unverified
D90-3-03127	زەدەك	headword	300_2L.png	unverified
D90-3-03128	زەدىۋال	headword	300_2L.png	unverified
D90-3-03129	زەدىۋاللىق	headword	301_1R.png	unverified
D90-3-03130	زەر	headword	301_1R.png	unverified
D90-3-03132	زەرەپشان	headword	301_1R.png	unverified
D90-3-03133	زەرەت	headword	301_2L.png	unverified
D90-3-03134	زەرەت توشۇغۇچى	headword	301_2L.png	unverified
D90-3-03135	زەرەت مىقدارى	headword	301_2L.png	unverified
D90-3-03136	زەرەتسىز	headword	301_2L.png	unverified
D90-3-03137	زەرەتسىزلەنمەك	headword	301_2L.png	unverified
D90-3-03138	زەرەتسىزلىنىش	headword	301_2L.png	unverified
D90-3-03139	زەرەتلەنمەك	headword	301_2L.png	unverified
D90-3-03140	زەرەتلىك	headword	301_2L.png	unverified
D90-3-03141	زەرەتلىمەك	headword	302_1R.png	unverified
D90-3-03142	زەرەر	headword	302_1R.png	unverified
D90-3-03143	زەرەر بولماق	headword	302_1R.png	unverified
D90-3-03144	زەرەر تارتماق	headword	302_1R.png	unverified
D90-3-03145	زەرەر سالماق	headword	302_1R.png	unverified
D90-3-03146	زەرەر قىلماق	headword	302_1R.png	unverified
D90-3-03147	زەرەر يەتمەك	headword	302_1R.png	unverified
D90-3-03148	زەرەرسىز	headword	302_1R.png	unverified
D90-3-03149	زەرەرسىزلەندۈرمەك	headword	302_2L.png	unverified
D90-3-03150	زەرەرسىزلەندۈرۈلمەك	headword	302_2L.png	unverified
D90-3-03151	زەرەرسىزلەنمەك	headword	302_2L.png	unverified
D90-3-03152	زەرەرلىك	headword	302_2L.png	unverified
D90-3-03153	زەرەڭ	headword	302_2L.png	unverified
D90-3-03154	زەرەڭ دەرىخى	headword	302_2L.png	unverified
D90-3-03155	زەرب	headword	302_2L.png	unverified
D90-3-03156	زەرباپ	headword	302_2L.png	unverified
D90-3-03157	زەربە	headword	303_1R.png	unverified
D90-3-03158	زەربە بەرمەك	headword	303_1R.png	unverified
D90-3-03159	زەربە دولقۇنى	headword	303_2L.png	verified
D90-3-03160	زەربە يېمەك	headword	303_2L.png	unverified
D90-3-03161	زەزبىدار	headword	303_2L.png	unverified
D90-3-03162	زەربىدار ئايروپىلان	headword	304_1R.png	unverified
D90-3-03163	زەربىدار ئەترەت	headword	304_1R.png	unverified
D90-3-03164	زەربىدارلىق	headword	304_2L.png	unverified
D90-3-03165	زەربىلىك	headword	304_2L.png	unverified
D90-3-03167	زەرپۇرۇش	headword	305_1R.png	unverified
D90-3-03168	زەرپۇرۇشلۇق	headword	305_1R.png	unverified
D90-3-03169	زەرچىۋە	headword	305_1R.png	unverified
D90-3-03170	زەرداب	headword	305_1R.png	unverified
D90-3-03171	زەرداب بولماق	headword	305_2L.png	unverified
D90-3-03172	زەرداب قىلماق	headword	305_2L.png	unverified
D90-3-03173	زەرداب يۇتماق	headword	305_2L.png	unverified
D90-3-03174	زەردابلىق	headword	305_2L.png	unverified
D90-3-03175	زەردار	headword	305_2L.png	unverified
D90-3-03176	زەردە	headword	306_1R.png	verified
D90-3-03177	زەردىسى قاينىماق	headword	306_1R.png	verified
D90-3-03178	زەردىسى كۈچلۈك	headword	306_1R.png	verified
D90-3-03179	زەردىسىگە تەگمەك	headword	306_1R.png	verified
D90-3-03180	زەردىگۇش	headword	307_1R.png	unverified
D90-3-03183	زەردىلىك	headword	307_2L.png	unverified
D90-3-03184	زەررە	headword	307_2L.png	unverified
D90-3-03185	زەررىچە	headword	307_2L.png	unverified
D90-3-03186	زەررىچىلىك	headword	308_1R.png	unverified
D90-3-03187	زەرقۇن	headword	308_1R.png	unverified
D90-3-03188	زەرگەر	headword	308_1R.png	unverified
D90-3-03189	زەرگەرچىلىك	nonstandard	308_1R.png	unverified
D90-3-03190	زەرگەرلىك	headword	308_1R.png	unverified
D90-3-03191	زەرلىك	headword	308_1R.png	unverified
D90-3-03192	زەرنەپ	headword	308_2L.png	unverified
D90-3-03193	زەرنەپ دەرىخى	headword	308_2L.png	unverified
D90-3-03194	زەرنىخ	headword	308_2L.png	unverified
D90-3-03195	زەقۇم	headword	308_2L.png	unverified
D90-3-03196	زەكەر	headword	308_2L.png	unverified
D90-3-03197	زەكىي	headword	308_2L.png	unverified
D90-3-03198	زەگۈندە	headword	309_1R.png	unverified
D90-3-03199	زەگۈندىلىك	headword	309_1R.png	unverified
D90-3-03200	زەڭ	headword	309_1R.png	unverified
D90-3-03202	زەڭگەر	headword	309_1R.png	unverified
D90-3-03203	زەڭگەر رەڭ	headword	309_2L.png	unverified
D90-3-03204	زەڭگەر شپات	headword	309_2L.png	unverified
D90-3-03205	زەڭگەر ياقۇت	headword	309_2L.png	unverified
D90-3-03205-v1	كۆك ياقۇت	variant	309_2L.png	unverified
D90-3-03206	زەڭگى	headword	309_2L.png	unverified
D90-3-03207	زەللە	headword	309_2L.png	unverified
D90-3-03208	زەللىچى	headword	310_1R.png	unverified
D90-3-03209	زەلىل	headword	310_1R.png	unverified
D90-3-03210	زەمباقى	headword	310_1R.png	verified
D90-3-03211	زەمبۇرۇغ	headword	310_1R.png	unverified
D90-3-03215	زەمبۇرۇغ يىپچىسى	headword	310_2L.png	unverified
D90-3-03216	زەمبۇرۇغلۇق	headword	310_2L.png	unverified
D90-3-03217	زەمبۇرۇغلۇق يىلتىز	headword	310_2L.png	unverified
D90-3-03218	زەمبىرەك	headword	311_1R.png	unverified
D90-3-03220	زەمبىرەكچى	headword	311_1R.png	unverified
D90-3-03221	زەمبىل	headword	311_1R.png	unverified
D90-3-03224	زەمبىلچى	headword	311_1R.png	unverified
D90-3-03225	زەمبىلچىلىك	headword	311_2L.png	unverified
D90-3-03226	زەمچە	headword	311_2L.png	unverified
D90-3-03227	زەمزەم	headword	311_2L.png	unverified
D90-3-03229	زەن	headword	311_2L.png	unverified
D90-3-03230	زەنجىر	headword	312_1R.png	unverified
D90-3-03232	زەنجىر تاپان	headword	312_2L.png	unverified
D90-3-03233	زەنجىر توپ	headword	312_2L.png	unverified
D90-3-03234	زەنجىرسىز	headword	312_2L.png	unverified
D90-3-03235	زەنجىرسىمان	headword	312_2L.png	unverified
D90-3-03236	زەنجىرسىمان ئەقلىي خۇلاسە	headword	313_1R.png	unverified
D90-3-03237	زەنجىرسىمان باكتېرىيە	headword	313_1R.png	unverified
D90-3-03238	زەنجىرسىمان رېئاكسىيە	headword	313_1R.png	unverified
D90-3-03239	زەنجىرسىمان شارچە باكتېرىيە	headword	313_1R.png	unverified
D90-3-03240	زەنجىرسىمان كاربون گىدرىتلار	headword	313_1R.png	unverified
D90-3-03241	زەنجىر-كىشەن	headword	313_2L.png	unverified
D90-3-03242	زەنجىرلەتكۈزمەك	headword	313_2L.png	unverified
D90-3-03243	زەنجىرلەتمەك	headword	313_2L.png	unverified
D90-3-03244	زەنجىرلەشمەك	headword	313_2L.png	unverified
D90-3-03245	زەنجىرلەكسىز	headword	313_2L.png	unverified
D90-3-03246	زەنجىرلەكلىك	headword	313_2L.png	unverified
D90-3-03247	زەنجىرلەنمەك	headword	313_2L.png	unverified
D90-3-03248	زەنجىرلىك	headword	314_1R.png	unverified
D90-3-03250	زەنجىرلىمەك	headword	314_1R.png	unverified
D90-3-03251	زەنجىر ئۈزەر	headword	314_1R.png	unverified
D90-3-03252	زەنجىۋىل	headword	314_1R.png	unverified
D90-3-03253	زەھەر	headword	314_2L.png	verified
D90-3-03254	زەھەر بولماق	headword	315_1R.png	unverified
D90-3-03255	زەھەر بېزى	headword	315_1R.png	unverified
D90-3-03256	زەھەر تارقاتماق	headword	315_1R.png	unverified
D90-3-03257	زەھەر چاچماق	headword	315_1R.png	unverified
D90-3-03258	زەھەر قايتۇرماق	headword	315_2L.png	unverified
D90-3-03259	زەھەر قىلماق	headword	315_2L.png	unverified
D90-3-03260	زەھەرنى زەھەر بىلەن قايتۇرماق	headword	315_2L.png	unverified
D90-3-03261	زەھەرنى زەھەر بىلەن ياندۇرماق	headword	315_2L.png	unverified
D90-3-03262	زەھەر يۇتماق	headword	315_2L.png	unverified
D90-3-03263	زەھىرىنى تازىلىماق	headword	315_2L.png	unverified
D90-3-03264	زەھەرخەندە	headword	316_1R.png	unverified
D90-3-03265	زەھەرخەندىلىك	headword	316_1R.png	unverified
D90-3-03267	زەھەردەك	headword	316_1R.png	unverified
D90-3-03268	زەھەر-زەقۇم	headword	316_2L.png	unverified
D90-3-03269	زەھەرسىز	headword	316_2L.png	unverified
D90-3-03270	زەھەرسىزلەندۈرمەك	headword	316_2L.png	unverified
D90-3-03271	زەھەرسىزلەندۈرۈلمەك	headword	316_2L.png	unverified
D90-3-03272	زەھەرسىزلەنمەك	headword	316_2L.png	unverified
D90-3-03273	زەھەرلەندۈرمەك	headword	316_2L.png	unverified
D90-3-03274	زەھەرلەندۈرۈلمەك	headword	316_2L.png	unverified
D90-3-03275	زەھەرلەنمەك	headword	316_2L.png	unverified
D90-3-03276	زەھەرلىك	headword	317_1R.png	unverified
D90-3-03279	زەھەرلىك كاككۈكگۈل	headword	317_2L.png	unverified
D90-3-03280	زەھەرلىك گاز	headword	317_2L.png	unverified
D90-3-03281	زەھەرلىك ئېشەكقۇرتى	headword	317_2L.png	unverified
D90-3-03282	زەھەرلىك يەم	headword	317_2L.png	unverified
D90-3-03283	زەھەرلىمەك	headword	318_1R.png	unverified
D90-3-03284	زەھەرلىنىش	headword	318_1R.png	unverified
D90-3-03285	زەۋەر	headword	318_1R.png	unverified
D90-3-03286	زەۋرەك	headword	318_1R.png	unverified
D90-3-03287	زەۋق	nonstandard	318_2L.png	unverified
D90-3-03288	زەئىپ	headword	318_2L.png	verified
D90-3-03289	زەئىپلەشتۈرمەك	headword	318_2L.png	unverified
D90-3-03290	زەئىپلەشتۈرۈلمەك	headword	318_2L.png	unverified
D90-3-03291	زەئىپلەشمەك	headword	318_2L.png	unverified
D90-3-03292	زەئىپلىك	headword	319_1R.png	unverified
D90-3-03293	زەي	headword	319_1R.png	unverified
D90-3-03295	زەي سالماق	headword	319_2L.png	unverified
D90-3-03296	زەي سالماي ئاتماق	headword	319_2L.png	unverified
D90-3-03297	زەي سالماي پاختا ئاتماق	headword	319_2L.png	unverified
D90-3-03300	زەيپانە	headword	320_1R.png	verified
D90-3-03301	زەيپانىلىك	headword	320_1R.png	unverified
D90-3-03302	زەيتۇن	headword	320_1R.png	unverified
D90-3-03303	زەيتۇن تاش	headword	320_2L.png	unverified
D90-3-03304	زەيتۇن توپ	headword	320_2L.png	unverified
D90-3-03305	زەيتۇن جىنس	headword	321_1R.png	unverified
D90-3-03306	زەيتۇن رەڭ	headword	321_1R.png	unverified
D90-3-03307	زەيتۇن يېغى	headword	321_1R.png	unverified
D90-3-03308	زەيكەش	headword	321_1R.png	unverified
D90-3-03309	زەيكەش سىستېمىسى	headword	321_2L.png	unverified
D90-3-03310	زەيكەشلىك	headword	321_2L.png	unverified
D90-3-03311	زەيلەتمەك	headword	321_2L.png	unverified
D90-3-03312	زەيلەشتۈرمەك	headword	321_2L.png	unverified
D90-3-03313	زەيلەشتۈرۈلمەك	headword	321_2L.png	unverified
D90-3-03314	زەيلەشمەك	headword	322_1R.png	unverified
D90-3-03315	زەيلىك	headword	322_1R.png	unverified
D90-3-03316	زەيلىمەك	headword	322_1R.png	unverified
D90-3-03317	زەينەپ	headword	322_1R.png	unverified
D90-3-03318	زو	headword	322_1R.png	unverified
D90-3-03320	زوتالىق	headword	322_2L.png	unverified
D90-3-03321	زوخچۇماق	headword	322_2L.png	unverified
D90-3-03322	زودىئاڭ	headword	322_2L.png	unverified
D90-3-03323	زور	headword	322_2L.png	unverified
D90-3-03324	زور بەرمەك	headword	323_1R.png	unverified
D90-3-03325	زور چىقماق	headword	323_2L.png	unverified
D90-3-03326	زور قىلماق	headword	323_2L.png	unverified
D90-3-03327	زور كەلمەك	headword	323_2L.png	unverified
D90-3-03328	زور كرىستاللىق تۈزۈلمە	headword	323_2L.png	unverified
D90-3-03329	زوراۋان	headword	323_2L.png	verified
D90-3-03330	زوراۋانلىق	headword	323_2L.png	unverified
D90-3-03331	زورايتماق	headword	324_1R.png	unverified
D90-3-03332	زورايتىشماق	headword	324_1R.png	unverified
D90-3-03333	زورايتىلماق	headword	324_1R.png	unverified
D90-3-03334	زورايماق	headword	324_1R.png	unverified
D90-3-03335	زوردىنزورغا	headword	324_2L.png	unverified
D90-3-03336	زورغا	headword	324_2L.png	unverified
D90-3-03337	زورلاتماق	headword	324_2L.png	unverified
D90-3-03338	زورلاشماق	headword	325_1R.png	unverified
D90-3-03339	زورلانماق	headword	325_1R.png	unverified
D90-3-03340	زورلۇق	headword	325_1R.png	unverified
D90-3-03341	زورلۇق قىلماق	headword	325_2L.png	unverified
D90-3-03342	زورلۇق كۈچ	headword	325_2L.png	unverified
D90-3-03343	زورلۇق ئىشلەتمەك	headword	325_2L.png	unverified
D90-3-03344	زورلۇق-زومبۇلۇق	headword	325_2L.png	unverified
D90-3-03345	زورلىماق	headword	326_1R.png	unverified
D90-3-03346	زورمۇزور	headword	326_1R.png	unverified
D90-3-03347	زورۇقتۇرماق	headword	326_1R.png	unverified
D90-3-03348	زورۇقماق	headword	326_2L.png	unverified
D90-3-03349	زورۇقۇشماق	headword	326_2L.png	unverified
D90-3-03350	زوغا	headword	326_2L.png	unverified
D90-3-03351	زوق	headword	326_2L.png	unverified
D90-3-03352	زوقى كەتمەك	headword	327_1R.png	unverified
D90-3-03353	زوقى كەلمەك	headword	327_1R.png	unverified
D90-3-03354	زوقىنى تارتماق	headword	327_1R.png	unverified
D90-3-03356	زوق-زوق	headword	327_2L.png	unverified
D90-3-03357	زوق-زوق قىلماق	headword	327_2L.png	unverified
D90-3-03357-v1	زوقۇلدىماق	variant	327_2L.png	unverified
D90-3-03358	زوق-شوق	headword	327_2L.png	unverified
D90-3-03359	زوقلاندۇرماق	headword	327_2L.png	unverified
D90-3-03360	زوقلاندۇرۇشماق	headword	327_2L.png	unverified
D90-3-03361	زوقلاندۇرۇلماق	headword	327_2L.png	unverified
D90-3-03362	زوقلانماق	headword	327_2L.png	unverified
D90-3-03363	زوقلىنارلىق	headword	327_2L.png	unverified
D90-3-03364	زوقلىنىشماق	headword	327_2L.png	unverified
D90-3-03365	زوقمەن	headword	327_2L.png	unverified
D90-3-03366	زوقمەنلىك	headword	328_1R.png	unverified
D90-3-03367	زوقۇللىنماق	headword	328_1R.png	unverified
D90-3-03368	زوڭ رۇ	headword	328_1R.png	unverified
D90-3-03368-i1	ب	inflected	328_1R.png	unverified
D90-3-03369	زوڭ ئولتۇرماق	headword	328_1R.png	unverified
D90-3-03370	زوڭزايتماق	headword	328_1R.png	unverified
D90-3-03371	زوڭزايتىشماق	headword	328_2L.png	unverified
D90-3-03372	زوڭزايماق	headword	328_2L.png	unverified
D90-3-03373	زوڭزىيىشماق	headword	328_2L.png	unverified
D90-3-03374	زولقا	headword	328_2L.png	unverified
D90-3-03375	زولۇق	headword	328_2L.png	unverified
D90-3-03376	زومچەك	headword	328_2L.png	unverified
D90-3-03377	زومچەك-زومچەك	headword	328_2L.png	unverified
D90-3-03378	زومچەيمەك	headword	329_1R.png	unverified
D90-3-03379	زومىگەر	headword	329_1R.png	unverified
D90-3-03380	زومىگەرلىك	headword	329_1R.png	unverified
D90-3-03383	زونا	headword	329_2L.png	unverified
D90-3-03384	زوئوتېخنىك	headword	329_2L.png	unverified
D90-3-03385	زوئولوگ	headword	329_2L.png	unverified
D90-3-03386	زوئولوگىيە	headword	329_2L.png	unverified
D90-3-03387	زويزا	headword	329_2L.png	unverified
D90-3-03388	زويزىئوتى	headword	329_2L.png	verified
D90-3-03389	زۇغۇي	headword	330_1R.png	unverified
D90-3-03390	زۇغۇيلۇق	headword	330_1R.png	unverified
D90-3-03391	زۇكام	headword	330_1R.png	unverified
D90-3-03392	زۇكامدىماق	headword	330_1R.png	unverified
D90-3-03395	زۇلال	headword	330_2L.png	unverified
D90-3-03396	زۇلپ	headword	330_2L.png	unverified
D90-3-03397	زۇلپەكەش	headword	330_2L.png	unverified
D90-3-03398	زۇلپىقار	headword	330_2L.png	unverified
D90-3-03399	زۇلقەدە	headword	330_2L.png	unverified
D90-3-03400	زۇلمەت	headword	330_2L.png	unverified
D90-3-03401	زۇلمەتلىك	headword	331_1R.png	unverified
D90-3-03402	زۇلھەججە	headword	331_1R.png	unverified
D90-3-03403	زۇلۇم	headword	331_1R.png	unverified
D90-3-03404	زۇلۇم بولماق	headword	331_2L.png	unverified
D90-3-03405	زۇلۇم تارتماق	headword	331_2L.png	unverified
D90-3-03406	زۇلۇم چەكمەك	headword	331_2L.png	unverified
D90-3-03407	زۇلۇم سالماق	headword	331_2L.png	unverified
D90-3-03408	زۇلۇم قىلماق	headword	331_2L.png	unverified
D90-3-03409	زۇلۇمخور	headword	332_1R.png	unverified
D90-3-03410	زۇلۇم-سىتەم	headword	332_1R.png	unverified
D90-3-03411	زۇلۇمكار	headword	332_1R.png	unverified
D90-3-03412	زۇمرەت	headword	332_1R.png	unverified
D90-3-03414	زۇنتار	headword	332_1R.png	unverified
D90-3-03415	زۇۋان	headword	332_2L.png	unverified
D90-3-03418	زۇۋانغا كەلمەك	headword	333_1R.png	unverified
D90-3-03419	زۇۋانغا كىرمەك	headword	333_1R.png	unverified
D90-3-03420	زۇۋان كىرمەك	headword	333_1R.png	unverified
D90-3-03421	زۇۋانى تۇتۇلماق	headword	333_1R.png	unverified
D90-3-03422	زۇۋانى گەپكە كەلمەك	headword	333_2L.png	unverified
D90-3-03423	زۇۋانىنى دارغا تارتماق	headword	333_2L.png	unverified
D90-3-03424	زۇۋانى ئۆچمەك	headword	333_2L.png	unverified
D90-3-03425	زۇۋانى ئىچىگە چۈشمەك	headword	333_2L.png	unverified
D90-3-03426	زۇۋانداراز	headword	333_2L.png	unverified
D90-3-03427	زۇۋاندارازلىق	headword	334_1R.png	unverified
D90-3-03428	زۇۋانسىز	headword	334_1R.png	unverified
D90-3-03429	زۇۋانسىزلىق	headword	334_1R.png	unverified
D90-3-03430	زۇۋۇلا	headword	334_1R.png	unverified
D90-3-03431	زۇۋۇلىسى چوڭ	headword	334_2L.png	unverified
D90-3-03432	زۇۋۇلىسى چوڭ ئۈزۈلگەن	headword	334_2L.png	unverified
D90-3-03433	زۇۋۇلىسى كىچىك	headword	334_2L.png	unverified
D90-3-03434	زۇۋۇلىسى كىچىك ئۈزۈلگەن	headword	334_2L.png	unverified
D90-3-03435	زۇۋۇلىسى يوغان ئۈزۈلگەن	headword	334_2L.png	unverified
D90-3-03436	زۆرۈر	headword	335_1R.png	verified
D90-3-03439	زۆرۈر بولماق	headword	335_1R.png	unverified
D90-3-03440	زۆرۈر بولمىغان ئامىنو كىسلاتا	headword	335_2L.png	unverified
D90-3-03441	زۆرۈر تاپماق	headword	335_2L.png	unverified
D90-3-03442	زۆرۈر دەرس	headword	335_2L.png	unverified
D90-3-03443	زۆرۈر شەرت	headword	335_2L.png	unverified
D90-3-03444	زۆرۈرلۈك	headword	335_2L.png	unverified
D90-3-03445	زۆرۈرىي	headword	335_2L.png	unverified
D90-3-03446	زۆرۈرىيەت	headword	335_2L.png	unverified
D90-3-03447	زۆھرە	headword	336_1R.png	unverified
D90-3-03449	زۈلۈك	headword	336_1R.png	unverified
D90-3-03450	زۈلۈك تاش	headword	336_1R.png	unverified
D90-3-03451	زۈھەل	headword	336_1R.png	unverified
D90-3-03452	زى	headword	336_1R.png	unverified
D90-3-03453	زېدە	headword	336_1R.png	unverified
D90-3-03454	زېدە بولماق	headword	336_2L.png	unverified
D90-3-03455	زېدە قىلماق	headword	336_2L.png	unverified
D90-3-03456	زېدىلەندۈرمەك	headword	336_2L.png	unverified
D90-3-03457	زېدىلەنمەك	headword	336_2L.png	unverified
D90-3-03458	زېدىلىمەك	headword	337_1R.png	unverified
D90-3-03459	زېدىماق	headword	337_1R.png	unverified
D90-3-03460	زېرەك	headword	337_1R.png	unverified
D90-3-03461	زېرەكلەشتۈرمەك	headword	337_1R.png	unverified
D90-3-03462	زېرەكلەشمەك	headword	337_1R.png	unverified
D90-3-03463	زېرەكلىك	headword	337_2L.png	unverified
D90-3-03464	زېرىكەرلىك	headword	337_2L.png	unverified
D90-3-03465	زېرىكتۈرمەك	headword	337_2L.png	unverified
D90-3-03466	زېرىككەك	headword	337_2L.png	unverified
D90-3-03467	زېرىككەكلىك	headword	337_2L.png	unverified
D90-3-03468	زېرىكمەك	headword	337_2L.png	unverified
D90-3-03469	زېرىكمەي-تېرىكمەي	headword	338_1R.png	unverified
D90-3-03470	زېرىكىشلىك	headword	338_1R.png	unverified
D90-3-03471	زېرىكىشمەك	headword	338_1R.png	unverified
D90-3-03472	زېلكوۋا	headword	338_1R.png	unverified
D90-3-03473	زېلكوۋا دەرىخى	headword	338_1R.png	unverified
D90-3-03474	زېمىن	headword	338_2L.png	unverified
D90-3-03475	زېمىن تەييارلىماق	headword	338_2L.png	unverified
D90-3-03475-v1	زېمىن ھازىرلىماق	variant	338_2L.png	unverified
D90-3-03476	زېمىن سىرتى ھوقۇقى	headword	338_2L.png	unverified
D90-3-03477	زېمىندار	headword	339_1R.png	unverified
D90-3-03478	زېنىت	headword	339_1R.png	unverified
D90-3-03481	زېنىت توپچى	headword	339_2L.png	unverified
D90-3-03482	زېنىت توپچى قىسىم	headword	339_2L.png	unverified
D90-3-03483	زېنىت تېلىسكوپى	headword	339_2L.png	unverified
D90-3-03484	زېھن	headword	339_2L.png	unverified
D90-3-03488	زېھنىنى يىغماق	headword	340_1R.png	unverified
D90-3-03489	زېھنى ئوچۇق	headword	340_1R.png	unverified
D90-3-03490	زېھنى ئېچىلماق	headword	340_1R.png	unverified
D90-3-03491	زېھىن قويماق	headword	340_1R.png	unverified
D90-3-03492	زېھنىي	headword	340_2L.png	verified
D90-3-03494	زېھىنلىك	headword	340_2L.png	unverified
D90-3-03495	زىبا	headword	340_2L.png	verified
D90-3-03496	زىبالىق	headword	340_2L.png	unverified
D90-3-03497	زىبرە	headword	340_2L.png	unverified
D90-3-03498	زىب-زىب	headword	341_1R.png	unverified
D90-3-03499	زىبۇزىننەت	headword	341_1R.png	unverified
D90-3-03500	زىبىز	headword	341_1R.png	unverified
D90-3-03501	زىبىلدىماق	headword	341_1R.png	unverified
D90-3-03502	زىپچىك	headword	341_1R.png	unverified
D90-3-03503	زىت	headword	341_1R.png	unverified
D90-3-03505	زىت ھالەتكە كەلمەك	headword	341_2L.png	unverified
D90-3-03506	زىت پىكىر	headword	341_2L.png	unverified
D90-3-03507	زىت كەلمەك	headword	341_2L.png	unverified
D90-3-03508	زىتىغا تەگمەك	headword	341_2L.png	unverified
D90-3-03509	زىت مۇناسىۋەت	headword	341_2L.png	unverified
D90-3-03510	زىت ئۇقۇم	headword	341_2L.png	unverified
D90-3-03511	زىتلاشۇرماق	headword	341_2L.png	unverified
D90-3-03512	زىتلاشتۇرۇلماق	headword	342_1R.png	unverified
D90-3-03513	زىتلاشماق	headword	342_1R.png	unverified
D90-3-03514	زىتلىق	headword	342_1R.png	unverified
D90-3-03515	زىتمەن	headword	342_1R.png	unverified
D90-3-03516	زىتمەنلىك	headword	342_1R.png	unverified
D90-3-03517	زىچ	headword	342_2L.png	unverified
D90-3-03519	زىچچىدە	headword	342_2L.png	unverified
D90-3-03520	زىچلاشتۇرماق	headword	342_2L.png	unverified
D90-3-03521	زىچلاشتۇرۇلماق	headword	342_2L.png	unverified
D90-3-03522	زىچلاشماق	headword	342_2L.png	unverified
D90-3-03523	زىچلىق	headword	343_1R.png	unverified
D90-3-03524	زىخ	headword	343_1R.png	unverified
D90-3-03525	زىخ كاۋىپى	headword	343_2L.png	unverified
D90-3-03526	زىخمۇ كۆيمەيدىغان، كاۋاپمۇ كۆيمەيدىغان	headword	343_2L.png	unverified
D90-3-03527	زىخى توشماق	headword	343_2L.png	unverified
D90-3-03528	زىخچە	headword	343_2L.png	unverified
D90-3-03529	زىخچە ئالتۇن	headword	344_1R.png	unverified
D90-3-03530	زىخچە بېلىق	headword	344_1R.png	unverified
D90-3-03530-v1	لانسىت بېلىقى	variant	344_1R.png	unverified
D90-3-03531	زىخلانماق	headword	344_1R.png	verified
D90-3-03532	زىخلىق	headword	344_1R.png	unverified
D90-3-03533	زىخلىماق	headword	344_1R.png	unverified
D90-3-03534	زىددىيەت	headword	344_1R.png	unverified
D90-3-03536	زىددىيەت قانۇنىيىتى	headword	344_2L.png	unverified
D90-3-03537	زىددىيەتنىڭ ئاساسلىق بولمىغان تەرىپى	headword	344_2L.png	unverified
D90-3-03538	زىددىيەتنىڭ ئاساسىي تەرىپى	headword	345_1R.png	unverified
D90-3-03539	زىددىيەتنىڭ ئالاھىدىلىكى	headword	345_1R.png	unverified
D90-3-03540	زىددىيەتنىڭ ئومۇمىيلىقى	headword	345_1R.png	unverified
D90-3-03541	زىددىيەتسىز	headword	345_2L.png	unverified
D90-3-03542	زىددىيەتلىك	headword	345_2L.png	unverified
D90-3-03543	زىر	headword	345_2L.png	unverified
D90-3-03545	زىراەت	headword	346_1R.png	unverified
D90-3-03546	زىراپە	headword	346_1R.png	unverified
D90-3-03547	زىراۋەندە	headword	346_1R.png	unverified
D90-3-03548	زىرە	headword	346_1R.png	unverified
D90-3-03550	زىر-زەۋەر	headword	346_2L.png	unverified
D90-3-03551	زىر-زەۋىرىنى قالدۇرماي	headword	346_2L.png	unverified
D90-3-03552	زىر-زەۋىرىنى قويماي	headword	346_2L.png	unverified
D90-3-03553	زىرىپ	headword	346_2L.png	unverified
D90-3-03554	زىرىپچى	headword	346_2L.png	unverified
D90-3-03555	زىرىپچىلىق	headword	346_2L.png	unverified
D90-3-03556	زىرىق	headword	347_1R.png	unverified
D90-3-03557	زىرىلداتماق	headword	347_1R.png	unverified
D90-3-03558	زىرىلدىماق	headword	347_1R.png	unverified
D90-3-03559	زىرىلىك	headword	347_1R.png	unverified
D90-3-03560	زىزىلىمەك	headword	347_1R.png	unverified
D90-3-03562	زىغۇىق	headword	347_1R.png	unverified
D90-3-03563	زىغزىق چىقارماق	headword	347_2L.png	unverified
D90-3-03564	زىغزىق كۆرپە	headword	347_2L.png	unverified
D90-3-03565	زىغزىقلىق	headword	347_2L.png	unverified
D90-3-03566	زىغىر	headword	347_2L.png	unverified
D90-3-03567	زىغىر رەڭ	headword	347_2L.png	unverified
D90-3-03568	زىغىر رەڭ بىللۇر	headword	348_1R.png	unverified
D90-3-03569	زىغىر رەڭ كرىستال	headword	348_1R.png	unverified
D90-3-03570	زىغىرچى	headword	348_1R.png	unverified
D90-3-03571	زىغىرچىلىك	headword	348_1R.png	unverified
D90-3-03572	زىغىردەك	headword	348_1R.png	unverified
D90-3-03573	زىغىرلاتماق	headword	348_1R.png	unverified
D90-3-03574	زىغىرلاشماق	headword	348_1R.png	unverified
D90-3-03575	زىغىرلىق	headword	348_1R.png	unverified
D90-3-03576	زىغىرلىماق	headword	348_2L.png	unverified
D90-3-03577	زىق	headword	348_2L.png	unverified
D90-3-03578	زىققا	headword	348_2L.png	unverified
D90-3-03579	زىققىنەپەس	headword	348_2L.png	unverified
D90-3-03580	زىقلىق	headword	348_2L.png	unverified
D90-3-03581	زىكىر	headword	348_2L.png	unverified
D90-3-03582	زىكىر قىلماق	headword	349_1R.png	unverified
D90-3-03583	زىكىر-تەلقىن	headword	349_1R.png	unverified
D90-3-03584	زىكىر-سۆھبەت	headword	349_1R.png	unverified
D90-3-03585	زىكىر-سۈلۈك	headword	349_1R.png	unverified
D90-3-03586	زىڭ	headword	349_1R.png	unverified
D90-3-03587	زىڭ-زىڭ	headword	349_2L.png	unverified
D90-3-03588	زىڭڭىدە	headword	349_2L.png	unverified
D90-3-03592	زىڭىلداتماق	headword	349_2L.png	unverified
D90-3-03593	زىڭىلدىشماق	headword	349_2L.png	unverified
D90-3-03594	زىڭىلدىتىشماق	headword	349_2L.png	unverified
D90-3-03595	زىڭىلدىماق	headword	349_2L.png	unverified
D90-3-03596	زىگوتا	headword	350_1R.png	unverified
D90-3-03597	زىل	headword	350_1R.png	unverified
D90-3-03599	زىلال	nonstandard	350_2L.png	unverified
D90-3-03600	زىلتار	headword	350_2L.png	unverified
D90-3-03601	زىلتاش	headword	350_2L.png	verified
D90-3-03602	زىلچا	headword	350_2L.png	unverified
D90-3-03603	زىلچا-گىلەم	headword	350_2L.png	unverified
D90-3-03604	زىلزىلە	headword	350_2L.png	unverified
D90-3-03605	زىلزىلىگە سالماق	headword	351_1R.png	unverified
D90-3-03606	زىلزىلىگە كەلمەك	headword	351_1R.png	unverified
D90-3-03607	زىللاشماق	headword	351_1R.png	unverified
D90-3-03608	زىللىق	headword	351_1R.png	unverified
D90-3-03610	زىلۋتى	headword	351_2L.png	unverified
D90-3-03611	زىلۋا	headword	351_2L.png	unverified
D90-3-03612	زىلۋالىق	headword	351_2L.png	unverified
D90-3-03613	زىممە	headword	351_2L.png	unverified
D90-3-03615	زىممىسىگە چۈشمەك	headword	352_1R.png	unverified
D90-3-03616	زىممىسىگە يۈكلىمەك	headword	352_1R.png	unverified
D90-3-03617	زىمىستان	headword	352_1R.png	unverified
D90-3-03618	زىمىستانسىز	headword	352_2L.png	unverified
D90-3-03619	زىنا	headword	352_2L.png	unverified
D90-3-03621	زىناخور	headword	352_2L.png	unverified
D90-3-03622	زىناخورلۇق	headword	352_2L.png	unverified
D90-3-03623	زىناق	headword	353_1R.png	unverified
D90-3-03623-v1	زىنىغ	variant	353_1R.png	unverified
D90-3-03624	زىندان	headword	353_1R.png	unverified
D90-3-03625	زىندانچى	headword	353_1R.png	unverified
D90-3-03626	زىننەت	headword	353_1R.png	unverified
D90-3-03628	زىننەتسىز	headword	353_2L.png	unverified
D90-3-03629	زىننەتلەتمەك	headword	353_2L.png	unverified
D90-3-03630	زىننەتلەشمەك	headword	353_2L.png	unverified
D90-3-03631	زىننەتلەنمەك	headword	353_2L.png	unverified
D90-3-03632	زىننەتلىك	headword	353_2L.png	unverified
D90-3-03633	زىننەتلىمەك	headword	354_1R.png	unverified
D90-3-03634	زىنھار	headword	354_1R.png	unverified
D90-3-03635	زىنىخ	headword	354_1R.png	unverified
D90-3-03636	زىنىخلىق	headword	354_1R.png	unverified
D90-3-03637	زىيا	headword	354_2L.png	unverified
D90-3-03638	زىياپەت	headword	354_2L.png	unverified
D90-3-03639	زىياپەتخانا	headword	354_2L.png	unverified
D90-3-03640	زىيادە	headword	354_2L.png	verified
D90-3-03641	زىيادە بولماق	headword	355_1R.png	unverified
D90-3-03642	زىيادە قىلماق	headword	355_1R.png	unverified
D90-3-03643	زىيادىلەشمەك	headword	355_1R.png	unverified
D90-3-03644	زىيادىلىك	headword	355_1R.png	unverified
D90-3-03645	زىيارەت	headword	355_1R.png	unverified
D90-3-03646	زىيارەت خاتىرىسى	headword	355_2L.png	unverified
D90-3-03647	زىيارەت قىلماق	headword	355_2L.png	unverified
D90-3-03648	زىيارەتچى	headword	356_1R.png	unverified
D90-3-03649	زىيارەتخانا	headword	356_1R.png	verified
D90-3-03650	زىيارەتگاھ	headword	356_1R.png	verified
D90-3-03651	زىيارەتگاھلىق	headword	356_1R.png	unverified
D90-3-03652	زىياسىز	headword	356_1R.png	unverified
D90-3-03653	زىيالىي	headword	356_1R.png	unverified
D90-3-03654	زىيالىيلىق	headword	356_2L.png	unverified
D90-3-03655	زىيان	headword	356_2L.png	unverified
D90-3-03656	زىيان بولماق	headword	357_1R.png	unverified
D90-3-03657	زىيان تارتماق	headword	357_1R.png	unverified
D90-3-03658	زىيان سالماق	headword	357_1R.png	unverified
D90-3-03659	زىيانغا ئۇچرىماق	headword	357_1R.png	unverified
D90-3-03660	زىيان قىلماق	headword	357_1R.png	unverified
D90-3-03661	زىيان كەلتۈرمەك	headword	357_2L.png	unverified
D90-3-03662	زىيان ئۈرماق	headword	357_2L.png	unverified
D90-3-03663	زىيان يەتمەك	headword	357_2L.png	unverified
D90-3-03664	زىيانداش قۇشلار	headword	357_2L.png	verified
D90-3-03665	زىيانداش ھايۋانلار	headword	358_1R.png	verified
D90-3-03666	زىيانداشلىق	headword	358_1R.png	unverified
D90-3-03667	زىيان-زەخمەت	headword	358_1R.png	unverified
D90-3-03668	زىيانسىز	headword	358_1R.png	unverified
D90-3-03669	زىيانكەش	headword	358_1R.png	unverified
D90-3-03670	زىيانكەشلىك	headword	358_2L.png	unverified
D90-3-03671	زىيانكەشلىك قىلماق	headword	358_2L.png	unverified
D90-3-03672	زىيانكەشلىككە ئۇچرىغۇچى	headword	358_2L.png	unverified
D90-3-03673	زىيانلانماق	headword	358_2L.png	unverified
D90-3-03674	زىيانلىق	headword	358_2L.png	unverified
D90-3-03675	ژارگون	headword	359_1R.png	unverified
D90-3-03676	ژاندارما	headword	359_1R.png	unverified
D90-3-03677	ژانىر	headword	359_1R.png	unverified
D90-3-03678	ژورنال	headword	359_1R.png	unverified
D90-3-03679	ژۇرنال فىلىم	headword	359_2L.png	verified
D90-3-03680	ژۇرنالىست	headword	359_2L.png	unverified
D90-3-03681	س	headword	360_1R.png	unverified
D90-3-03682	سا	headword	360_1R.png	unverified
D90-3-03683	سائادەت	headword	360_1R.png	unverified
D90-3-03684	سائادەتلىك	headword	360_1R.png	unverified
D90-3-03685	سائادەتمەن	headword	360_1R.png	unverified
D90-3-03686	سائادەتمەنلىك	headword	360_2L.png	unverified
D90-3-03686-v1	سائادەتمەن سۆزىنىڭ ئىسىم شەكلى	variant	360_2L.png	unverified
D90-3-03687	سائەت	headword	360_2L.png	unverified
D90-3-03688	سائەتچى	headword	361_1R.png	unverified
D90-3-03689	سائەتچىلىك	headword	361_1R.png	unverified
D90-3-03690	سائەت-سائەت	headword	361_1R.png	unverified
D90-3-03691	سائەتساز	headword	361_1R.png	unverified
D90-3-03692	سائەتسازلىق	headword	361_1R.png	unverified
D90-3-03693	سائەت تىلەپ	headword	361_1R.png	unverified
D90-3-03694	سائەتلىك	headword	361_2L.png	unverified
D90-3-03695	سابا	headword	361_2L.png	unverified
D90-3-03696-v1	ساناچ	variant	361_2L.png	unverified
D90-3-03697	ساباھەت	headword	361_2L.png	unverified
D90-3-03698	ساباھەتلىك	headword	361_2L.png	unverified
D90-3-03699	سابىق	headword	361_2L.png	unverified
D90-3-03700	ساپ	headword	362_1R.png	unverified
D90-3-03703	ساپ ئاۋاز	headword	362_2L.png	unverified
D90-3-03704	ساپ پاختا	headword	362_2L.png	unverified
D90-3-03704-v1	چىگىتسىز پاختا	variant	362_2L.png	unverified
D90-3-03705	ساپ پايدا	headword	363_1R.png	unverified
D90-3-03706	ساپ دىل	headword	363_1R.png	unverified
D90-3-03707	ساپ زىگوتا	headword	363_1R.png	unverified
D90-3-03708	ساپ قەلب	headword	363_1R.png	unverified
D90-3-03709	ساپ كۆڭۈل	headword	363_1R.png	unverified
D90-3-03710	ساپ كىرىم	headword	363_1R.png	unverified
D90-3-03711	ساپ نەسىل	headword	363_2L.png	unverified
D90-3-03712	ساپ نەسىلداشلىق كۆپەيتىش	headword	363_2L.png	unverified
D90-3-03713	ساپ نەسىللىشىش	headword	363_2L.png	unverified
D90-3-03714	ساپ نىيەت	headword	363_2L.png	unverified
D90-3-03715	ساپ ئونلۇق كەسىر	headword	363_2L.png	unverified
D90-3-03716	ساپا	headword	363_2L.png	unverified
D90-3-03717	ساپاسىز	headword	364_1R.png	unverified
D90-3-03718	ساپاق	headword	364_1R.png	unverified
D90-3-03719	ساپاققا ئېسىلماق	headword	364_1R.png	unverified
D90-3-03720	ساپىقىدا يىگلەپ قالغان	headword	364_1R.png	verified
D90-3-03721	ساپاق-ساپاق	headword	364_2L.png	unverified
D90-3-03722	ساپاقسىز	headword	364_2L.png	unverified
D90-3-03724	ساپاقلىق	headword	364_2L.png	unverified
D90-3-03725	ساپال	headword	364_2L.png	unverified
D90-3-03728	ساپال تۇرۇبا	headword	365_1R.png	unverified
D90-3-03729	ساپال خىش	headword	365_1R.png	unverified
D90-3-03730	ساپال سىرى	headword	365_1R.png	unverified
D90-3-03731	ساپال شېغىل	headword	365_1R.png	unverified
D90-3-03732	ساپال قازان	headword	365_1R.png	unverified
D90-3-03733	ساپال كاھىش	headword	365_2L.png	unverified
D90-3-03734	ساپال نوركەش	headword	365_2L.png	unverified
D90-3-03735	ساپالىق	headword	365_2L.png	unverified
D90-3-03736	ساپان	headword	365_2L.png	unverified
D90-3-03738	ساپايى	headword	365_2L.png	unverified
D90-3-03739	ساپايى چالماق	headword	366_1R.png	unverified
D90-3-03740	ساپايى سوقماق	headword	366_1R.png	unverified
D90-3-03741	ساپايىچى	headword	366_1R.png	unverified
D90-3-03742	ساپتۇرماق	headword	366_1R.png	unverified
D90-3-03743	ساپساپچى	headword	366_1R.png	unverified
D90-3-03744	ساپساق	headword	366_2L.png	unverified
D90-3-03745	ساپېرىق	headword	366_2L.png	unverified
D90-3-03746	ساپقان	headword	366_2L.png	unverified
D90-3-03747	ساپقۇچ	headword	367_1R.png	unverified
D90-3-03748	ساپلا	headword	367_1R.png	unverified
D90-3-03749	ساپلاتماق	headword	367_1R.png	unverified
D90-3-03750	ساپلاشتۇرماق	headword	367_1R.png	unverified
D90-3-03751	ساپلاشتۇرۇلماق	headword	367_1R.png	unverified
D90-3-03752	ساپلاشماق	headword	367_1R.png	unverified
D90-3-03754	ساپلانماق	headword	367_1R.png	unverified
D90-3-03756	ساپلىق	headword	367_2L.png	verified
D90-3-03759	ساپلىماق	headword	368_1R.png	unverified
D90-3-03760	ساپما	headword	368_1R.png	unverified
D90-3-03761	ساپما كەش	headword	368_1R.png	unverified
D90-3-03762	ساپماق	headword	368_1R.png	unverified
D90-3-03763	ساپمۇساق	headword	368_1R.png	unverified
D90-3-03764	ساپىئۇم	headword	368_1R.png	unverified
D90-3-03765	ساپىئۇم دەرىخى	headword	368_1R.png	unverified
D90-3-03766	ساتار	headword	368_2L.png	unverified
D90-3-03767	ساتارچى	headword	368_2L.png	unverified
D90-3-03768	ساتارمەن	headword	368_2L.png	unverified
D90-3-03769	ساتا-ساتقۇ	headword	368_2L.png	unverified
D90-3-03770	ساتا-ساتقۇلۇق	headword	369_1R.png	unverified
D90-3-03771	ساتقۇزماق	headword	369_1R.png	unverified
D90-3-03772	ساتقۇزۇشماق	headword	369_1R.png	unverified
D90-3-03773	ساتقۇزۇلماق	headword	369_1R.png	unverified
D90-3-03774	ساتقۇن	headword	369_1R.png	unverified
D90-3-03775	ساتقۇنلۇق	headword	369_1R.png	unverified
D90-3-03776	ساتقىن	nonstandard	369_2L.png	unverified
D90-3-03777	ساتما	headword	369_2L.png	unverified
D90-3-03778	ساتماق	headword	369_2L.png	unverified
D90-3-03779	ساتۇرن	headword	369_2L.png	unverified
D90-3-03780	ساتىرا	headword	370_1R.png	unverified
D90-3-03781	ساتىراش	headword	370_1R.png	unverified
D90-3-03782	ساتىراشخانا	headword	370_1R.png	unverified
D90-3-03783	ساتىراشلىق	headword	370_1R.png	unverified
D90-3-03784	ساتىراشچى	headword	370_1R.png	unverified
D90-3-03785	ساتىرىك	headword	370_2L.png	unverified
D90-3-03787	ساخا	headword	370_2L.png	unverified
D90-3-03788	ساخاروزا	headword	370_2L.png	unverified
D90-3-03789	ساخارىن	headword	370_2L.png	unverified
D90-3-03790	ساخال	headword	371_1R.png	unverified
D90-3-03791	ساخاۋەت	headword	371_1R.png	unverified
D90-3-03793	ساخاۋەتچى	headword	371_1R.png	unverified
D90-3-03794	ساخاۋەتخانا	headword	371_1R.png	unverified
D90-3-03795	ساخاۋەتلىك	headword	371_2L.png	unverified
D90-3-03796	ساختا	headword	371_2L.png	unverified
D90-3-03797	ساختا پۇت	headword	372_1R.png	unverified
D90-3-03798	ساختا دەستىلىنىش	headword	372_1R.png	unverified
D90-3-03799	ساختا رەڭ	headword	372_1R.png	unverified
D90-3-03800	ساختا شەكىل	headword	372_1R.png	unverified
D90-3-03801	ساختا غالجىر كېسىلى	headword	372_1R.png	unverified
D90-3-03802	ساختا قەۋەتلىنىش	headword	372_2L.png	unverified
D90-3-03803	ساختا قىلماق	headword	372_2L.png	unverified
D90-3-03804	ساختا كۆرۈنۈش	headword	372_2L.png	unverified
D90-3-03805	ساختا ھۆكۈم	headword	372_2L.png	unverified
D90-3-03806	ساختىپەز	headword	372_2L.png	unverified
D90-3-03807	ساختىپەزلىك	headword	373_1R.png	unverified
D90-3-03808	ساختىلاشتۇرماق	headword	373_1R.png	unverified
D90-3-03809	ساختىلاشتۇرۇلماق	headword	373_1R.png	unverified
D90-3-03810	ساختىلاشماق	headword	373_1R.png	unverified
D90-3-03811	ساختىلىق	headword	373_1R.png	unverified
D90-3-03812	ساختىيان	headword	373_2L.png	unverified
D90-3-03813	ساخو	headword	373_2L.png	unverified
D90-3-03814	سادا	headword	373_2L.png	unverified
D90-3-03817	ساداسىز	headword	374_1R.png	unverified
D90-3-03818	ساداق	headword	374_1R.png	unverified
D90-3-03819	ساداقەت	headword	374_1R.png	unverified
D90-3-03820	ساداقەتسىز	headword	374_1R.png	unverified
D90-3-03821	ساداقەتسىزلىك	headword	374_1R.png	unverified
D90-3-03822	ساداقەتلىك	headword	374_2L.png	unverified
D90-3-03823	ساداقەتمەن	headword	374_2L.png	unverified
D90-3-03824	ساداقەتمەنلىك	headword	374_2L.png	unverified
D90-3-03825	ساداقەتنامە	headword	374_2L.png	unverified
D90-3-03826	سادالىق	headword	374_2L.png	unverified
D90-3-03827	ساددا	headword	374_2L.png	unverified
D90-3-03828	ساددا چىنلىق نەزەرىيىسى	headword	375_1R.png	unverified
D90-3-03829	ساددا دىئالېكتىكا	headword	375_2L.png	verified
D90-3-03830	ساددا دىل	headword	375_2L.png	unverified
D90-3-03831	ساددا رېئالىزم	headword	375_2L.png	verified
D90-3-03832	ساددا كۆڭۈل	headword	375_2L.png	unverified
D90-3-03833	ساددا ماتېرىيالىزم	headword	375_2L.png	verified
D90-3-03834	ساددىلاشتۇرماق	headword	376_1R.png	unverified
D90-3-03835	ساددىلاشتۇرۇلماق	headword	376_1R.png	unverified
D90-3-03836	ساددىلاشماق	headword	376_1R.png	unverified
D90-3-03837	ساددىلىق	headword	376_1R.png	unverified
D90-3-03838	سادىر	headword	376_1R.png	unverified
D90-3-03839	سادىر بولماق	headword	376_1R.png	unverified
D90-3-03840	سادىر قىلماق	headword	376_1R.png	unverified
D90-3-03841	سادىغا	headword	376_2L.png	unverified
D90-3-03842	سادىغاڭ كېتەي	headword	376_2L.png	unverified
D90-3-03843	سادىق	headword	376_2L.png	verified
D90-3-03844	سادىق بولماق	headword	376_2L.png	unverified
D90-3-03845	ساداقەتلىق	headword	376_2L.png	unverified
D90-3-03846	سار	headword	377_1R.png	unverified
D90-3-03847	سارا	headword	377_1R.png	unverified
D90-3-03849	ساراپان	headword	377_1R.png	unverified
D90-3-03850	ساراسىم	nonstandard	377_1R.png	unverified
D90-3-03851	ساراسىمە	headword	377_1R.png	unverified
D90-3-03855	ساراسىمىچىلىك	headword	377_2L.png	unverified
D90-3-03856	ساراسىمىلىك	headword	377_2L.png	unverified
D90-3-03857	ساراڭ	headword	378_1R.png	unverified
D90-3-03858	ساراڭ بولماق	headword	378_1R.png	unverified
D90-3-03859	ساراڭ تاپماق	headword	378_1R.png	unverified
D90-3-03860	ساراڭ دوغ	headword	378_1R.png	unverified
D90-3-03861	ساراڭ قېتىش	headword	378_1R.png	unverified
D90-3-03862	ساراڭ قىلماق	headword	378_2L.png	unverified
D90-3-03863	ساراڭ كۆڭۈل	headword	378_2L.png	unverified
D90-3-03864	ساراڭلىق	headword	378_2L.png	unverified
D90-3-03865	ساراڭلىق قىلماق	headword	378_2L.png	unverified
D90-3-03866	ساراي	headword	379_1R.png	unverified
D90-3-03867	سارايىلىق	headword	379_2L.png	unverified
D90-3-03868	سارايۋەن	headword	379_2L.png	unverified
D90-3-03869	سارايۋەنلىك	headword	379_2L.png	unverified
D90-3-03870	سارت	headword	380_1R.png	unverified
D90-3-03871	سارجا	headword	380_1R.png	unverified
D90-3-03872	سارجان	headword	380_1R.png	unverified
D90-3-03873	سارچە	headword	380_1R.png	unverified
D90-3-03874	سارسازان	headword	380_1R.png	unverified
D90-3-03875	سارسىلماق	headword	380_1R.png	unverified
D90-3-03876	سارسىماق	headword	380_1R.png	unverified
D90-3-03877	سارغايتماق	headword	380_2L.png	unverified
D90-3-03878	سارغايىدى	headword	380_2L.png	unverified
D90-3-03879	سارغايماق	headword	380_2L.png	unverified
D90-3-03880	سارغۇچ	headword	381_1R.png	unverified
D90-3-03881	سارغىيىشماق	headword	381_1R.png	unverified
D90-3-03882	سارقىت	headword	381_1R.png	unverified
D90-3-03883	سارقىتقۇزماق	headword	381_1R.png	unverified
D90-3-03884	سارقىتماق	headword	381_1R.png	unverified
D90-3-03885	سارقىتىشماق	headword	381_1R.png	unverified
D90-3-03886	سارقىتىلماق	headword	381_1R.png	unverified
D90-3-03887	سارقىما	headword	381_2L.png	unverified
D90-3-03888	سارقىماق	headword	381_2L.png	unverified
D90-3-03889	سارقىندى	headword	381_2L.png	unverified
D90-3-03890	ساركوما	headword	382_1R.png	unverified
D90-3-03891	سارگاس	headword	382_1R.png	unverified
D90-3-03892	سارۇچكا	headword	382_1R.png	unverified
D90-3-03893	سارۋا	headword	382_1R.png	unverified
D90-3-03894	سارۋان	headword	382_1R.png	unverified
D90-3-03895	ساز	headword	382_2L.png	unverified
D90-3-03898	سازا	headword	383_1R.png	unverified
D90-3-03899	سازاڭ	headword	383_1R.png	unverified
D90-3-03900	سازاڭسىمان	headword	383_1R.png	unverified
D90-3-03901	سازاڭىمان مەددە	headword	383_2L.png	unverified
D90-3-03902	سازاڭىمان ئۆسۈكچە	headword	383_2L.png	unverified
D90-3-03904	سازاڭسىمانلار	headword	384_1R.png	unverified
D90-3-03905	سازاۋەر	headword	384_1R.png	unverified
D90-3-03907	سازايى	headword	384_2L.png	unverified
D90-3-03908	سازايى قىلماق	headword	384_2L.png	unverified
D90-3-03910	سازەندە	headword	385_1R.png	unverified
D90-3-03911	سازەندىلىك	headword	385_1R.png	unverified
D90-3-03912	سازچى	headword	385_1R.png	unverified
D90-3-03913	سازچىلىق	headword	385_1R.png	unverified
D90-3-03914	سازلاتماق	headword	385_1R.png	unverified
D90-3-03915	سازلاشماق	headword	385_1R.png	unverified
D90-3-03916	سازلانماق	headword	385_2L.png	unverified
D90-3-03917	سازلىق	headword	385_2L.png	unverified
D90-3-03919	سازلىق قىليورغىسى	headword	385_2L.png	unverified
D90-3-03919-v1	قىليورغا	variant	385_2L.png	unverified
D90-3-03920	سازلىماق	headword	385_2L.png	unverified
D90-3-03921	سازىكەپ	headword	385_2L.png	unverified
D90-3-03922	ساس	nonstandard	385_2L.png	unverified
D90-3-03922-c1	ساز III	corrected_form	385_2L.png	unverified
D90-3-03924	ساغ	nonstandard	386_1R.png	unverified
D90-3-03925	ساغاداۋا	headword	386_1R.png	unverified
D90-3-03926	ساغاداۋا بايرىمى	headword	386_1R.png	unverified
D90-3-03927	ساغان	headword	386_1R.png	unverified
D90-3-03928	ساغداق	nonstandard	386_1R.png	unverified
D90-3-03929	ساغدۇرماق	headword	386_1R.png	unverified
D90-3-03930	ساغدۇرۇشماق	headword	386_1R.png	unverified
D90-3-03931	ساغدۇرۇلماق	headword	386_1R.png	unverified
D90-3-03932	ساغرا	headword	386_1R.png	unverified
D90-3-03933	ساغرۇ	headword	386_1R.png	unverified
D90-3-03934	ساغرۇغى	headword	386_2L.png	unverified
D90-3-03935	ساغرۇلىق	headword	386_2L.png	unverified
D90-3-03936	ساغلام	headword	386_2L.png	unverified
D90-3-03937	ساغلاملاشتۇرماق	headword	387_1R.png	unverified
D90-3-03938	ساغلاملاشتۇرۇلماق	headword	387_1R.png	unverified
D90-3-03939	ساغلاملاشماق	headword	387_1R.png	unverified
D90-3-03940	ساغلاملىق	headword	387_2L.png	unverified
D90-3-03941	ساغلاملىق گىمناستىكىسى	headword	387_2L.png	unverified
D90-3-03942	ساغلاملىق-گۈزەللىك	headword	387_2L.png	unverified
D90-3-03943	ساغلاملىق-گۈزەللىك تەنھەرىكىتى	headword	387_2L.png	unverified
D90-3-03944	ساغلىق	headword	387_2L.png	unverified
D90-3-03945	ساغماق	headword	388_1R.png	unverified
D90-3-03946	سافا	headword	388_1R.png	unverified
D90-3-03948	ساق	headword	388_1R.png	unverified
D90-3-03949	ساق بولماق	headword	388_2L.png	unverified
D90-3-03950	ساق قالماق	headword	388_2L.png	unverified
D90-3-03952	ساقا	headword	389_1R.png	unverified
D90-3-03955	ساقا ئويۇنى	headword	389_2L.png	unverified
D90-3-03956	ساقسى ئالچۇ چۈشمەك	headword	389_2L.png	unverified
D90-3-03956-v1	ئالچۇ چۈشمەك	variant	389_2L.png	unverified
D90-3-03957	ساقاق	headword	389_2L.png	unverified
D90-3-03958	ساقاق ئەتراپى بوشلۇقى	headword	389_2L.png	unverified
D90-3-03959	ساقال	headword	389_2L.png	unverified
D90-3-03960	ساقال ئەرلۇباغا يەتمەك	headword	390_1R.png	unverified
D90-3-03961	ساقال تارغىقى	headword	390_1R.png	unverified
D90-3-03962	ساقال تارغىقلىق قىلماق	headword	390_1R.png	unverified
D90-3-03963	ساقال تاشلىماق	headword	390_1R.png	unverified
D90-3-03964	ساقال چىقماق	headword	390_1R.png	unverified
D90-3-03965	ساقالغا بېقىپ ئىش تۇتماق	headword	390_2L.png	unverified
D90-3-03966	ساقالغا تۈكۈرمەك	headword	390_2L.png	unverified
D90-3-03967	ساقالغا ئېسىلماق	headword	390_2L.png	unverified
D90-3-03968	ساقالغا ياماشماق	headword	390_2L.png	unverified
D90-3-03969	ساقىلىنى قىرقىماق	headword	390_2L.png	unverified
D90-3-03970	ساقىلىنىڭ ئاستىغا كىرىۋالماق	headword	391_1R.png	unverified
D90-3-03971	ساقال-بۇرۇت	headword	391_1R.png	unverified
D90-3-03972	ساقال-بۇرۇتتىن ئايرىلىپ قالماق	headword	391_1R.png	unverified
D90-3-03973	ساقال-بۇرۇتى خەت تارتماق	headword	391_1R.png	unverified
D90-3-03974	ساقال-بۇرۇتلۇق	headword	391_1R.png	unverified
D90-3-03975	ساقالدۇرۇق	headword	391_1R.png	unverified
D90-3-03976	ساقالسىز	headword	391_1R.png	unverified
D90-3-03977	ساقال-سۇمبات	headword	391_2L.png	unverified
D90-3-03978	ساقاللىق	headword	391_2L.png	unverified
D90-3-03979	ساقاللىق بۈركۈت	headword	391_2L.png	unverified
D90-3-03980	ساقاللىق شورىغۇچى بېلىق	headword	391_2L.png	unverified
D90-3-03981	ساقاۋ	headword	392_1R.png	unverified
D90-3-03982	ساقايتقۇچى	headword	392_1R.png	unverified
D90-3-03984	ساقايتقۇزماق	headword	392_1R.png	verified
D90-3-03985	ساقايتماق	headword	392_1R.png	verified
D90-3-03986	ساقايتىلماق	headword	392_2L.png	verified
D90-3-03987	ساقايماق	headword	392_2L.png	verified
D90-3-03988	ساقچى	headword	392_2L.png	unverified
D90-3-03989	ساقچىلىق	headword	393_1R.png	unverified
D90-3-03990	ساق-سالامەت	headword	393_1R.png	unverified
D90-3-03991	ساقسىز	headword	393_2L.png	unverified
D90-3-03992	ساقسىز بولماق	headword	393_2L.png	unverified
D90-3-03993	ساقسىزلىق	headword	393_2L.png	unverified
D90-3-03994	ساقلاتتۇرماق	nonstandard	393_2L.png	unverified
D90-3-03995	ساقلاتقۇزماق	headword	393_2L.png	unverified
D90-3-03996	ساقلاتماق	headword	393_2L.png	unverified
D90-3-03997	ساقلاش	headword	394_1R.png	unverified
D90-3-03999	ساقلاشماق	headword	394_1R.png	unverified
D90-3-04000	ساقلاقلىق	headword	394_1R.png	unverified
D90-3-04001	ساقلانغان	headword	394_1R.png	unverified
D90-3-04002	ساقلاندى	headword	394_1R.png	unverified
D90-3-04003	ساقلانما	headword	394_1R.png	unverified
D90-3-04004	ساقلانماق	headword	394_2L.png	unverified
D90-3-04006	ساقلىق	headword	395_1R.png	unverified
D90-3-04007	ساقلىقنى ساقلاش	headword	395_1R.png	unverified
D90-3-04008	ساقلىماق	headword	395_1R.png	unverified
D90-3-04013	ساقلىنىش	headword	396_2L.png	unverified
D90-3-04014	ساقلىنىشچانلىق	headword	396_2L.png	unverified
D90-3-04015	ساقمۇساق	headword	397_1R.png	unverified
D90-3-04016	ساقىت	headword	397_1R.png	unverified
D90-3-04017	ساقىت بولماق	headword	397_1R.png	unverified
D90-3-04018	ساقىت قىلماق	headword	397_1R.png	unverified
D90-3-04019	ساقىلىق	headword	397_1R.png	unverified
D90-3-04021	ساقىي	headword	397_2L.png	unverified
D90-3-04022	ساقىيقۇش	headword	397_2L.png	verified
D90-3-04023	ساقىيلىق	headword	397_2L.png	unverified
D90-3-04024	ساقىيىشماق	headword	397_2L.png	verified
D90-3-04025	ساكسوفون	headword	398_1R.png	unverified
D90-3-04026	ساكسىگورنى	headword	398_1R.png	unverified
D90-3-04027	ساكلار	headword	398_1R.png	unverified
D90-3-04028	ساكيامۇنى	headword	398_1R.png	unverified
D90-3-04031	ساڭا	headword	398_2L.png	unverified
D90-3-04032	ساڭچى	headword	398_2L.png	unverified
D90-3-04033	ساڭرام	headword	398_2L.png	unverified
D90-3-04034	ساڭزا	headword	398_2L.png	unverified
D90-3-04035	ساڭ-ساڭلاپ	headword	398_2L.png	unverified
D90-3-04036	ساڭقا	headword	399_1R.png	unverified
D90-3-04037	ساڭقار	headword	399_1R.png	unverified
D90-3-04038	ساڭقارا	headword	399_1R.png	unverified
D90-3-04039	ساڭقىشماق	headword	399_1R.png	unverified
D90-3-04040	ساڭقىماق	headword	399_1R.png	unverified
D90-3-04042	ساڭگاپ	headword	399_1R.png	unverified
D90-3-04043	ساڭگىلاتقۇزماق	headword	399_1R.png	unverified
D90-3-04044	ساڭگىلاتماق	headword	399_1R.png	unverified
D90-3-04045	ساڭگىلاشماق	headword	399_1R.png	unverified
D90-3-04046	ساڭگىلاقلىق	headword	399_1R.png	unverified
D90-3-04047	ساڭگىل - سۇڭگۇل	headword	399_1R.png	unverified
D90-3-04048	ساڭگىلىماق	headword	399_2L.png	unverified
D90-3-04049	ساڭلىق	headword	399_2L.png	unverified
D90-3-04050	سال	headword	399_2L.png	unverified
D90-3-04052	سالا	headword	400_1R.png	unverified
D90-3-04055	سالاغا بوش	headword	400_2L.png	unverified
D90-3-04056	سالاغا كەتمەك	headword	400_2L.png	unverified
D90-3-04057	سالا قىلماق	headword	400_2L.png	unverified
D90-3-04058	سالاپەت	headword	401_1R.png	unverified
D90-3-04059	سالاپەتلىك	headword	401_1R.png	unverified
D90-3-04060	سالات	headword	401_1R.png	unverified
D90-3-04063	سالاچى	headword	401_2L.png	unverified
D90-3-04064	سالاچىلىق	headword	401_2L.png	unverified
D90-3-04065	سالار	headword	401_2L.png	unverified
D90-3-04067	سالارچە	headword	401_2L.png	unverified
D90-3-04068	سالارلار	headword	402_1R.png	unverified
D90-3-04069	سالا-سالا	headword	402_1R.png	unverified
D90-3-04070	سالاسۇن	headword	402_1R.png	unverified
D90-3-04071	سالاسۇنلۇق	headword	402_1R.png	unverified
D90-3-04072	سالا-سۈلھ	headword	402_2L.png	unverified
D90-3-04073	سالا-سۈلھ قىلماق	headword	402_2L.png	unverified
D90-3-04073-v1	سۈلھ-سالا قىلماق	variant	402_2L.png	unverified
D90-3-04074	سالاشماق	headword	402_2L.png	unverified
D90-3-04075	سالاكەشلىك	headword	402_2L.png	unverified
D90-3-04077	سالاگەرى	headword	403_1R.png	unverified
D90-3-04078	سالاگەرچىلىك	nonstandard	403_1R.png	unverified
D90-3-04079	سالاگەرلىك	headword	403_1R.png	unverified
D90-3-04080	سالالاشتۇرماق	headword	403_1R.png	unverified
D90-3-04081	سالالاشتۇرۇلماق	headword	403_1R.png	unverified
D90-3-04082	سالالاشماق	headword	403_1R.png	unverified
D90-3-04083	سالام	headword	403_2L.png	unverified
D90-3-04084	سالام بەجا كەلتۈرمەك	headword	403_2L.png	unverified
D90-3-04085	سالام بەرمەك	headword	403_2L.png	unverified
D90-3-04087	سالام خەت	headword	404_1R.png	unverified
D90-3-04088	سالام دېمەك	headword	404_1R.png	unverified
D90-3-04089	سالامغا بارماق	headword	404_2L.png	unverified
D90-3-04090	سالامغا كەلمەك	headword	404_2L.png	unverified
D90-3-04091	سالام قايتۇرماق	headword	404_2L.png	unverified
D90-3-04092	سالام قىلماق	headword	404_2L.png	unverified
D90-3-04093	سالام ئېيىتماق	headword	404_2L.png	unverified
D90-3-04094	سالام يوللىماق	headword	404_2L.png	unverified
D90-3-04095	سالاماندار	headword	405_1R.png	unverified
D90-3-04096	سالامەت	headword	405_1R.png	unverified
D90-3-04097	سالامەتچىلىك	headword	405_2L.png	unverified
D90-3-04098	سالامەتلىك	headword	405_2L.png	unverified
D90-3-04099	سالام-تەزىم	headword	405_2L.png	unverified
D90-3-04100	سالام-سەھەت	headword	405_2L.png	unverified
D90-3-04102	سالاملاشماق	headword	406_1R.png	unverified
D90-3-04103	سالاملىق	headword	406_1R.png	unverified
D90-3-04104	سالامنامە	headword	406_1R.png	unverified
D90-3-04105	سالامۇئەلەيكۇم	headword	406_1R.png	unverified
D90-3-04105-v1	ئەسالامۇئەلەيكۇم	variant	406_1R.png	unverified
D90-3-04106	سالام-ئىلىك	headword	406_1R.png	unverified
D90-3-04108	سالاھىيەت	headword	406_2L.png	unverified
D90-3-04110	سالاھىيەتسىز	headword	406_2L.png	unverified
D90-3-04111	سالاھىيەتسىزلىك	headword	406_2L.png	unverified
D90-3-04112	سالاھىيەتلىك	headword	407_1R.png	unverified
D90-3-04113	سالاۋات	headword	407_1R.png	unverified
D90-3-04115	سالپا	headword	407_1R.png	unverified
D90-3-04116	سالپا-ساياق	headword	407_2L.png	unverified
D90-3-04117	سالپا-ساياقلىق	headword	407_2L.png	unverified
D90-3-04118	سالپا-سۇلپاڭ	headword	407_2L.png	unverified
D90-3-04119	سالپا-سۇلپى	headword	408_1R.png	unverified
D90-3-04120	سالپاڭ	headword	408_1R.png	unverified
D90-3-04123	سالپاڭلاتماق	headword	408_1R.png	unverified
D90-3-04124	سالپاڭلاشماق	headword	408_1R.png	unverified
D90-3-04125	سالپاڭلىماق	headword	408_1R.png	unverified
D90-3-04126	سالپايتماق	headword	408_2L.png	unverified
D90-3-04127	سالپايماق	headword	408_2L.png	unverified
D90-3-04128	سالپىرىماق	headword	408_2L.png	unverified
D90-3-04129	سالپى-ساياق	headword	408_2L.png	unverified
D90-3-04130	سالتاڭ	headword	409_1R.png	unverified
D90-3-04131	سالجا	headword	409_1R.png	unverified
D90-3-04132	سالجىماق	headword	409_2L.png	unverified
D90-3-04133	سالچى	headword	409_2L.png	unverified
D90-3-04134	سالچىلىق	headword	409_2L.png	unverified
D90-3-04135	سالدات	nonstandard	409_2L.png	unverified
D90-3-04136	سالدار	headword	409_2L.png	unverified
D90-3-04138	سالدۇ	headword	409_2L.png	unverified
D90-3-04139	سالدۇرماق	headword	410_1R.png	unverified
D90-3-04140	سالدۇرۇشماق	headword	410_1R.png	unverified
D90-3-04141	سالدۇرۇلماق	headword	410_1R.png	unverified
D90-3-04142	سالغا	headword	410_1R.png	unverified
D90-3-04143	سالغۇي	nonstandard	410_2L.png	unverified
D90-3-04144	سالغىچى	headword	410_2L.png	unverified
D90-3-04145	سالقىن	headword	410_2L.png	unverified
D90-3-04146	سالقىن قارىماق	headword	411_1R.png	unverified
D90-3-04147	سالقىن قان	headword	411_1R.png	unverified
D90-3-04147-v1	سوغۇق قان	variant	411_1R.png	unverified
D90-3-04148	سالقىن قانلىق	headword	411_1R.png	unverified
D90-3-04148-v1	سوغۇق قانلىق	variant	411_1R.png	unverified
D90-3-04149	سالقىن قىلماق	headword	411_1R.png	unverified
D90-3-04150	سالقىندىماق	headword	411_1R.png	unverified
D90-3-04151	سالقىنلاتماق	headword	411_1R.png	unverified
D90-3-04152	سالقىنلاشتۇرماق	headword	411_2L.png	unverified
D90-3-04153	سالقىنلاشتۇرۇلماق	headword	411_2L.png	unverified
D90-3-04154	سالقىنلاشماق	headword	411_2L.png	unverified
D90-3-04155	سالقىنلىق	headword	411_2L.png	unverified
D90-3-04156	سالقىنلىماق	headword	411_2L.png	unverified
D90-3-04157	سالما	headword	412_1R.png	unverified
D90-3-04160	سالماق	headword	412_1R.png	unverified
D90-3-04179	سالماقلاشماق	headword	417_1R.png	unverified
D90-3-04180	سالماقلانماق	headword	417_1R.png	unverified
D90-3-04181	سالماقلىق	headword	417_1R.png	unverified
D90-3-04183	سالماقلىماق	headword	417_2L.png	unverified
D90-3-04184	سالمو	headword	417_2L.png	verified
D90-3-04185	سالمو بېلىقى	headword	417_2L.png	unverified
D90-3-04186	سالمونىللا	headword	417_2L.png	unverified
D90-3-04187	سالمىچۇق	headword	418_1R.png	unverified
D90-3-04188	سالنامە	headword	418_1R.png	unverified
D90-3-04189	سالنامە شەكلى	headword	418_1R.png	unverified
D90-3-04190	سالنامىچى	headword	418_1R.png	unverified
D90-3-04191	سالون	headword	418_2L.png	verified
D90-3-04192	سالۋار	headword	418_2L.png	unverified
D90-3-04193	سالۋار تەلپەك	headword	418_2L.png	unverified
D90-3-04194	سالۋار تۇماق	headword	418_2L.png	unverified
D90-3-04195	سالۋارتماق	headword	419_1R.png	unverified
D90-3-04196	سالۋارىماق	headword	419_1R.png	unverified
D90-3-04197	سالۋاسلىماق	headword	419_1R.png	unverified
D90-3-04198	سالۋاڭ	headword	419_1R.png	unverified
D90-3-04199	سالىستىلات	headword	419_1R.png	unverified
D90-3-04200	سالىستىلات كىسلاتا	headword	419_1R.png	unverified
D90-3-04201	ساليۇت	headword	419_1R.png	unverified
D90-3-04202	ساما	headword	419_2L.png	unverified
D90-3-04204	ساما سالماق	headword	420_1R.png	unverified
D90-3-04205	ساماغا چۈشمەك	headword	420_1R.png	unverified
D90-3-04206	ساما ئۇسسۇلى	headword	420_1R.png	unverified
D90-3-04207	سامارىي	headword	420_1R.png	unverified
D90-3-04208	سامان	headword	420_2L.png	unverified
D90-3-04212	سامان قورساق	headword	421_1R.png	unverified
D90-3-04213	سامان نەرخى	headword	421_1R.png	unverified
D90-3-04214	ساماننىڭ ئاستىدىن سۇ يۈگۈرتمەك	headword	421_1R.png	unverified
D90-3-04215	ساماننىڭ تېگىدىن سۇ قويماق	headword	421_1R.png	unverified
D90-3-04216	سامانچى	headword	421_2L.png	unverified
D90-3-04218	سامانخانا	headword	421_2L.png	unverified
D90-3-04219	ساماندەك	headword	421_2L.png	unverified
D90-3-04220	ساماندەك سارغايماق	headword	421_2L.png	unverified
D90-3-04221	سامانلىق	headword	422_1R.png	unverified
D90-3-04225	سامانلىقنىڭ ئاچقۇچىنى تۇتماق	headword	422_2L.png	unverified
D90-3-04226	سامانىيلار	headword	422_2L.png	unverified
D90-3-04227	سامانىيلار خانلىقى	headword	422_2L.png	unverified
D90-3-04228	سامانيولى	headword	423_1R.png	verified
D90-3-04231	ساماۋار	headword	423_1R.png	unverified
D90-3-04232	ساماۋار قويماق	headword	423_2L.png	unverified
D90-3-04233	ساماۋارچى	headword	423_2L.png	unverified
D90-3-04234	ساماۋارخانا	headword	423_2L.png	unverified
D90-3-04235	ساماۋى	headword	423_2L.png	unverified
D90-3-04236	سامبا	headword	424_1R.png	unverified
D90-3-04237	سامبوسا	headword	424_1R.png	unverified
D90-3-04238	سامتۇر	headword	424_1R.png	unverified
D90-3-04239	سامدىماق	headword	424_1R.png	unverified
D90-3-04240	سامسا	headword	424_1R.png	unverified
D90-3-04241	سامساق	headword	424_2L.png	unverified
D90-3-04244	سامساقلىق	headword	424_2L.png	unverified
D90-3-04245	سامسىپەز	headword	424_2L.png	unverified
D90-3-04246	سامسىپەزلىك	headword	424_2L.png	unverified
D90-3-04246-v1	سامسىپەز سۆزىنىڭ كەسىپ نامى	variant	424_2L.png	unverified
D90-3-04247	سامسىخانا	headword	425_1R.png	unverified
D90-3-04248	سام-ھام	headword	425_1R.png	unverified
D90-3-04249	سام-ھام تىللىرى سىستېمىسى	headword	425_1R.png	unverified
D90-3-04250	سامۇ	headword	425_1R.png	unverified
D90-3-04250-v1	سامۇ دەرىخى	variant	425_1R.png	unverified
D90-3-04252	ساموراي	headword	425_2L.png	verified
D90-3-04253	سامورايلىق	headword	425_2L.png	unverified
D90-3-04254	سامى	headword	425_2L.png	unverified
D90-3-04255	سامى بولماق	headword	425_2L.png	unverified
D90-3-04256	سامى ئوقۇغۇچى	headword	425_2L.png	unverified
D90-3-04257	سان	headword	426_1R.png	unverified
D90-3-04259	سان تەگمەك	headword	426_2L.png	unverified
D90-3-04260	ساندا بار ھەمدەمدە يوق	headword	426_2L.png	unverified
D90-3-04261	ساندىن چىقماق	headword	427_1R.png	unverified
D90-3-04262	سانغا كىرمەك	headword	427_1R.png	unverified
D90-3-04263	سان كاتېگورىيىسى	headword	427_1R.png	unverified
D90-3-04264	سان كەلمەك	headword	427_1R.png	unverified
D90-3-04265	سان كېمەيتىپ بۆلۈنۈش	headword	427_1R.png	unverified
D90-3-04266	سانلار ئارقىمۇئارقىلىقى	headword	427_2L.png	unverified
D90-3-04267	سانلار نەزەرىيىسى	headword	427_2L.png	unverified
D90-3-04268	سان مۇئەييەنلىكى	headword	427_2L.png	unverified
D90-3-04269	سان ئوقى	headword	427_2L.png	unverified
D90-3-04270	سان ئۆزگىرىشى	headword	427_2L.png	unverified
D90-3-04271	سانىماي سەككىز دېمەك	headword	428_1R.png	unverified
D90-3-04272	سانى يوق	headword	428_1R.png	unverified
D90-3-04275	سان گۆش	headword	428_1R.png	unverified
D90-3-04276	سانا	headword	428_2L.png	unverified
D90-3-04278	سانائەت	headword	428_2L.png	unverified
D90-3-04279	سانائەت پەنلىرى	headword	429_1R.png	unverified
D90-3-04280	سانائەت زاپاس ئارمىيىسى	headword	429_1R.png	unverified
D90-3-04281	سانائەت سىستېمىسى	headword	429_1R.png	unverified
D90-3-04282	سانائەت قۇرۇلۇشى	headword	429_1R.png	unverified
D90-3-04283	سانائەت كاپىتالى	headword	429_1R.png	unverified
D90-3-04284	سانائەت كرىزىسى	headword	429_2L.png	unverified
D90-3-04285	سانائەت ئىشچىلىرى	headword	429_2L.png	unverified
D90-3-04286	سانائەت ئىنقىلابى	headword	429_2L.png	unverified
D90-3-04287	سانائەت يۇندىسى	headword	429_2L.png	unverified
D90-3-04288	سانائەتچى	headword	430_1R.png	unverified
D90-3-04289	سانائەت-قاتناش	headword	430_1R.png	unverified
D90-3-04290	سانائەتلەشتۈرمەك	headword	430_1R.png	unverified
D90-3-04291	سانائەتلەشتۈرۈلمەك	headword	430_1R.png	unverified
D90-3-04292	سانائەتلەشمەك	headword	430_1R.png	unverified
D90-3-04293	ساناتقۇزماق	headword	430_1R.png	unverified
D90-3-04294	ساناتماق	headword	430_1R.png	unverified
D90-3-04295	ساناتورىيە	headword	430_2L.png	unverified
D90-3-04296	ساناج	nonstandard	430_2L.png	unverified
D90-3-04296-c1	چاناج	corrected_form	430_2L.png	unverified
D90-3-04297	ساناشماق	headword	430_2L.png	unverified
D90-3-04298	ساناق	headword	430_2L.png	unverified
D90-3-04299	ساناق سان	headword	431_1R.png	verified
D90-3-04300	ساناقچى	headword	431_1R.png	unverified
D90-3-04301	ساناقسىز	headword	431_1R.png	unverified
D90-3-04302	ساناقلىق	headword	431_2L.png	unverified
D90-3-04305	سانالماق	headword	431_2L.png	unverified
D90-3-04306	سانايىنەپىسە	headword	431_2L.png	unverified
D90-3-04307	سانتونىن	headword	432_1R.png	unverified
D90-3-04308	سانتىگرام	headword	432_1R.png	unverified
D90-3-04309	سانتىلىتر	headword	432_1R.png	unverified
D90-3-04310	سانتىمېتر	headword	432_1R.png	unverified
D90-3-04312	سانتىمىللىمېتر	headword	432_1R.png	unverified
D90-3-04313	سانجاق	headword	432_2L.png	unverified
D90-3-04314	سانجاق-سانجاق	headword	432_2L.png	unverified
D90-3-04315	سانجىتماق	headword	432_2L.png	unverified
D90-3-04316	سانجىشماق	headword	432_2L.png	unverified
D90-3-04317	سانجىغاق	headword	432_2L.png	unverified
D90-3-04318	سانجىق	headword	433_1R.png	unverified
D90-3-04319	سانجىقئوت	headword	433_1R.png	verified
D90-3-04320	سانجىلماق	headword	433_1R.png	unverified
D90-3-04321	سانجىما	headword	433_1R.png	unverified
D90-3-04322	سانجىما ئۇلاق	headword	433_2L.png	verified
D90-3-04323	سانجىماق	headword	433_2L.png	unverified
D90-3-04324	سانداش	headword	433_2L.png	unverified
D90-3-04325	ساندۇق	headword	433_2L.png	unverified
D90-3-04326	ساندۇقچاق	headword	434_1R.png	unverified
D90-3-04327	ساندۇقچە	headword	434_1R.png	unverified
D90-3-04328	ساندۇقچى	headword	434_1R.png	unverified
D90-3-04329	ساندۇقچىلىق	headword	434_1R.png	unverified
D90-3-04330	ساندۇقسىمان	headword	434_2L.png	unverified
D90-3-04331	ساندۇقلاپ	headword	434_2L.png	unverified
D90-3-04332	ساندۇقلۇق	headword	434_2L.png	unverified
D90-3-04333	سان-ساپا	headword	434_2L.png	unverified
D90-3-04334	سان-سالماق	headword	434_2L.png	unverified
D90-3-04335	سانسان	headword	434_2L.png	unverified
D90-3-04336	سان-ساناق	headword	435_1R.png	unverified
D90-3-04337	سان-ساناقسىز	headword	435_1R.png	unverified
D90-3-04338	سان-سۈپەت	headword	435_1R.png	unverified
D90-3-04339	سانسىز	headword	435_1R.png	unverified
D90-3-04340	سانسىزلاپ	headword	435_2L.png	unverified
D90-3-04341	سانسىزلىغان	headword	435_2L.png	unverified
D90-3-04342	سان-سىفىر	headword	435_2L.png	unverified
D90-3-04343	سان-سىفىرلىق	headword	435_2L.png	unverified
D90-3-04344	سانسىكرىت	headword	435_2L.png	unverified
D90-3-04346	سانلىق	headword	436_1R.png	unverified
D90-3-04347	سانلىق ئالامەت	headword	436_1R.png	unverified
D90-3-04347-v1	سانلىق ئىرسيەت	variant	436_1R.png	unverified
D90-3-04348	سانلىق قىممەت	headword	436_1R.png	unverified
D90-3-04349	سانلىق مەلۇمات	headword	436_1R.png	unverified
D90-3-04350	سانلىق مىقدار	headword	436_2L.png	unverified
D90-3-04351	سانلىق ھاۋا رايى مەلۇماتى	headword	436_2L.png	unverified
D90-3-04352	سانلىق ئىرسىيەت	headword	436_2L.png	unverified
D90-3-04353	سانىتار	headword	436_2L.png	unverified
D90-3-04354	سانىتاركا	headword	437_1R.png	unverified
D90-3-04355	سانىغۇچ	headword	437_1R.png	unverified
D90-3-04356	سانىماق	headword	437_1R.png	unverified
D90-3-04357	ساناپ تۈگەتكۈسىز	headword	437_2L.png	unverified
D90-3-04358	ساناپ دەسسىمەك	headword	437_2L.png	unverified
D90-3-04359	سانىيەن	headword	437_2L.png	unverified
D90-3-04360	ساھابە	headword	437_2L.png	unverified
D90-3-04361	ساھە	headword	437_2L.png	unverified
D90-3-04362	ساھىب	headword	438_1R.png	unverified
D90-3-04363	ساھىبپەرمان	headword	438_1R.png	verified
D90-3-04364	ساھىبتەدبىر	headword	438_1R.png	verified
D90-3-04365	ساھىبتەدبىرلىك	headword	438_1R.png	unverified
D90-3-04366	ساھىبجامال	headword	438_1R.png	unverified
D90-3-04367	ساھىبجاماللىق	headword	438_2L.png	unverified
D90-3-04368	ساھىبخان	headword	438_2L.png	unverified
D90-3-04369	ساھىبخانا	headword	438_2L.png	unverified
D90-3-04371	ساھىبخانىلىق	headword	438_2L.png	unverified
D90-3-04372	ساھىبدەۋران	headword	438_2L.png	verified
D90-3-04373	ساھىبقىران	headword	439_1R.png	unverified
D90-3-04374	ساھىبقىرانلىق	headword	439_1R.png	unverified
D90-3-04375	ساھىبكامال	headword	439_1R.png	unverified
D90-3-04376	ساھىل	headword	439_1R.png	unverified
D90-3-04377	ساۋا	nonstandard	439_2L.png	unverified
D90-3-04378	ساۋاب	headword	439_2L.png	unverified
D90-3-04380	ساۋابلىق	headword	440_1R.png	unverified
D90-3-04381	ساۋات	headword	440_1R.png	unverified
D90-3-04382	ساۋات چىقارماق	headword	440_2L.png	unverified
D90-3-04383	ساۋاتسىز	headword	440_2L.png	unverified
D90-3-04384	ساۋاتسىزلىق	headword	441_1R.png	unverified
D90-3-04385	ساۋاتسىزلىقنى تۈگىتىش	headword	441_1R.png	unverified
D90-3-04386	ساۋاتسىزلىقنى يۇيۇش	headword	441_1R.png	unverified
D90-3-04387	ساۋاتلىق	headword	441_1R.png	unverified
D90-3-04388	ساۋاتلىق بولماق	headword	441_1R.png	unverified
D90-3-04389	ساۋاتماق	headword	441_2L.png	unverified
D90-3-04390	ساۋاشماق	headword	441_2L.png	unverified
D90-3-04391	ساۋاغ	headword	441_2L.png	unverified
D90-3-04392	ساۋاق	headword	441_2L.png	unverified
D90-3-04394	ساۋاق بەرمەك	headword	442_1R.png	unverified
D90-3-04395	ساۋاق بولماق	headword	442_1R.png	unverified
D90-3-04396	ساۋاقداش	headword	442_1R.png	unverified
D90-3-04397	ساۋاقداشلىق	headword	442_2L.png	unverified
D90-3-04398	ساۋالماق	headword	442_2L.png	unverified
D90-3-04399	ساۋام	headword	442_2L.png	unverified
D90-3-04400	ساۋۇت	headword	442_2L.png	verified
D90-3-04401	ساۋۇتچى	headword	442_2L.png	unverified
D90-3-04402	ساۋۇتلۇق	headword	442_2L.png	unverified
D90-3-04403	ساۋىدىماق	headword	443_1R.png	unverified
D90-3-04404	ساۋىلىماق	headword	443_1R.png	unverified
D90-3-04405	ساۋىماق	headword	443_1R.png	unverified
D90-3-04406	سائىل	headword	443_1R.png	unverified
D90-3-04407	ساي	headword	443_1R.png	unverified
D90-3-04409	سايا	headword	443_2L.png	unverified
D90-3-04410	ساياتىن	headword	443_2L.png	unverified
D90-3-04411	ساياز	headword	443_2L.png	unverified
D90-3-04412	سايازلىق	headword	443_2L.png	unverified
D90-3-04413	ساياق	headword	443_2L.png	unverified
D90-3-04414	ساياق باش	headword	443_2L.png	unverified
D90-3-04415	ساياقدىماق	headword	444_1R.png	unverified
D90-3-04416	ساياقلىق	headword	444_1R.png	unverified
D90-3-04417	ساياڭغۇ	headword	444_1R.png	unverified
D90-3-04418	سايان	headword	444_1R.png	unverified
D90-3-04419	ساياھەت	headword	444_1R.png	unverified
D90-3-04420	ساياھەت قىلماق	headword	444_1R.png	unverified
D90-3-04421	ساياھەتچى	headword	444_2L.png	unverified
D90-3-04422	ساياھەتچىلىك	headword	444_2L.png	unverified
D90-3-04423	ساياھەتنامە	headword	444_2L.png	unverified
D90-3-04424	سايە	headword	444_2L.png	unverified
D90-3-04425	سايە بولماق	headword	445_1R.png	unverified
D90-3-04426	سايە تاشلىماق	headword	445_2L.png	unverified
D90-3-04427	سايە چۈشۈرمەك	headword	445_2L.png	unverified
D90-3-04428	سايە سالماق	headword	445_2L.png	unverified
D90-3-04429	سايە قىلماق	headword	445_2L.png	unverified
D90-3-04430	سايىسىدىن قاچماق	headword	446_1R.png	unverified
D90-3-04431	سايىسىدىن قورقماق	headword	446_1R.png	unverified
D90-3-04432	سايىسىدىن ئۈركىمەك	headword	446_1R.png	unverified
D90-3-04433	سايىسىمۇ كۆرۈنمەسلىك	headword	446_1R.png	unverified
D90-3-04434	سايەبان	headword	446_2L.png	unverified
D90-3-04435	سايدۇرماق	headword	446_2L.png	unverified
D90-3-04436	سايراتقۇزماق	headword	446_2L.png	unverified
D90-3-04437	سايراتماق	headword	446_2L.png	unverified
D90-3-04438	سايراشماق	headword	446_2L.png	unverified
D90-3-04439	سايرىماق	headword	446_2L.png	unverified
D90-3-04440	سايغاق	headword	447_1R.png	unverified
D90-3-04443	سايغاقلىماق	headword	447_1R.png	unverified
D90-3-04444	سايغاقلىق	headword	447_2L.png	unverified
D90-3-04445	سايلاتقۇزماق	headword	447_2L.png	unverified
D90-3-04446	سايلاتماق	headword	447_2L.png	unverified
D90-3-04447	سايلاش	headword	447_2L.png	unverified
D90-3-04449	سايلاشماق	headword	447_2L.png	unverified
D90-3-04450	سايلام	headword	447_2L.png	unverified
D90-3-04451	سايلام تۈزۈمى	headword	448_1R.png	unverified
D90-3-04452	سايلام رايونى	headword	448_1R.png	unverified
D90-3-04453	سايلام رىقابىتى	headword	448_1R.png	unverified
D90-3-04454	سايلام قانۇنى	headword	448_1R.png	unverified
D90-3-04455	سايلام ھەيئىتى	headword	448_1R.png	unverified
D90-3-04456	سايلانماق	headword	448_1R.png	unverified
D90-3-04457	سايلىغۇچى	headword	448_1R.png	unverified
D90-3-04458	سايلىق	headword	448_2L.png	unverified
D90-3-04459	سايلىماق	headword	448_2L.png	unverified
D90-3-04460	سايلىنىش	headword	448_2L.png	unverified
D90-3-04462	سايلىنىشماق	headword	449_1R.png	unverified
D90-3-04463	سايماق	headword	449_1R.png	unverified
D90-3-04465	سايمان	headword	449_1R.png	unverified
D90-3-04467	سايمانلىق	headword	449_1R.png	unverified
D90-3-04469	سايناخ	nonstandard	449_1R.png	unverified
D90-3-04470	سايوز	headword	449_1R.png	unverified
D90-3-04471	سايۋا	headword	449_1R.png	unverified
D90-3-04472	سايۋا ئۈزۈم	headword	449_2L.png	unverified
D90-3-04473	سايىپ	nonstandard	449_2L.png	unverified
D90-3-04474	سايىپەرەس	headword	449_2L.png	unverified
D90-3-04475	سايىداتماق	headword	449_2L.png	unverified
D90-3-04476	سايىداشماق	headword	449_2L.png	unverified
D90-3-04477	سايىدىماق	headword	449_2L.png	unverified
D90-3-04478	سايىزار	headword	449_2L.png	unverified
D90-3-04479	سايىسىدا	headword	449_2L.png	unverified
D90-3-04480	سايىسىز	headword	450_1R.png	unverified
D90-3-04481	سايىقى	headword	450_1R.png	unverified
D90-3-04482	سايىك	headword	450_1R.png	unverified
D90-3-04483	سايىل	nonstandard	450_1R.png	unverified
D90-3-04484	سايىلاندۇرماق	headword	450_1R.png	unverified
D90-3-04485	سايىلاندۇرۇش	headword	450_1R.png	unverified
D90-3-04487	سايىلىق	headword	450_1R.png	unverified
D90-3-04488	سايىن	headword	450_2L.png	unverified
D90-3-04489	سايىۋەن	headword	450_2L.png	unverified
D90-3-04490	سايىۋەن بولماق	headword	451_1R.png	unverified
D90-3-04491	سايىۋەنلىك	headword	451_1R.png	unverified
D90-3-04492	سەبدەر	headword	451_1R.png	unverified
D90-3-04493	سەبدەر گۈل	headword	451_1R.png	unverified
D90-3-04494	سەبر	nonstandard	451_1R.png	unverified
D90-3-04495	سەبرە	headword	451_1R.png	unverified
D90-3-04496	سەبزە	nonstandard	451_2L.png	unverified
D90-3-04497	سەبىي	headword	451_2L.png	unverified
D90-3-04498	سەبىيلىك	headword	452_1R.png	unverified
D90-3-04499	سەپ	headword	452_1R.png	unverified
D90-3-04500	سەپ ئەتمەك	headword	452_2L.png	unverified
D90-3-04501	سەپ بولماق	headword	452_2L.png	unverified
D90-3-04502	سەپ بىلەن	headword	452_2L.png	unverified
D90-3-04503	سەپ تارتماق	headword	452_2L.png	unverified
D90-3-04504	سەپ تۈزمەك	headword	452_2L.png	unverified
D90-3-04505	سەپتىن چۈشۈپ قالماق	headword	453_1R.png	unverified
D90-3-04506	سەپتىن چىقماق	headword	453_1R.png	unverified
D90-3-04507	سەپتىن قالماق	headword	453_1R.png	unverified
D90-3-04508	سەپكە ئاتلانماق	headword	453_2L.png	unverified
D90-3-04509	سەپكە تۇرغۇزماق	headword	453_2L.png	unverified
D90-3-04510	سەپكە تىزماق	headword	453_2L.png	unverified
D90-3-04511	سەپكە قوشۇلماق	headword	453_2L.png	unverified
D90-3-04512	سەپكە قېتىلماق	headword	453_2L.png	unverified
D90-3-04513	سەپكە كىرمەك	headword	453_2L.png	verified
D90-3-04516	سەپەر	headword	454_1R.png	unverified
D90-3-04517	سەپەر ئاي	headword	454_1R.png	unverified
D90-3-04519	سەپەر توقىچى	headword	454_2L.png	unverified
D90-3-04520	سەپەر قىلماق	headword	454_2L.png	unverified
D90-3-04521	سەپەرگە چىقماق	headword	454_2L.png	unverified
D90-3-04522	سەپەرچى	headword	455_1R.png	unverified
D90-3-04523	سەپەرداش	headword	455_1R.png	unverified
D90-3-04524	سەپەرداشلىق	headword	455_1R.png	unverified
D90-3-04525	سەپەرەرسىز	headword	455_1R.png	unverified
D90-3-04526	سەپەرۋەر	headword	455_1R.png	unverified
D90-3-04527	سەپەرۋەر قىلماق	headword	455_2L.png	unverified
D90-3-04528	سەپەرۋەرچى	headword	455_2L.png	unverified
D90-3-04529	سەپەرۋەرلىك	headword	455_2L.png	unverified
D90-3-04530	سەپەرۋەرلىككە كەلمەك	headword	456_1R.png	unverified
D90-3-04531	سەپپەن	headword	456_1R.png	unverified
D90-3-04534	سەپتۈرمەك	headword	456_2L.png	verified
D90-3-04535	سەپتۈرۈلمەك	headword	456_2L.png	verified
D90-3-04536	سەپچى	headword	456_2L.png	unverified
D90-3-04538	سەپداش	headword	456_2L.png	verified
D90-3-04539	سەپداشلىق	headword	456_2L.png	unverified
D90-3-04540	سەپرا	headword	457_1R.png	unverified
D90-3-04541	سەپرا بولماق	headword	457_1R.png	unverified
D90-3-04542	سەپرا خالتىسى	headword	457_2L.png	unverified
D90-3-04543	سەپراسى تۇتماق	headword	457_2L.png	unverified
D90-3-04543-v1	سەپراسى ئۆرلەمەك	variant	457_2L.png	unverified
D90-3-04544	سەپراسىغا تەگمەك	headword	457_2L.png	unverified
D90-3-04545	سەپراسى قاينىماق	headword	457_2L.png	unverified
D90-3-04546	سەپراسى قوزغالماق	headword	457_2L.png	unverified
D90-3-04547	سەپراسى قىرىق گەز ئۆرلەمەك	headword	457_2L.png	unverified
D90-3-04548	سەپراسى ئۆرلىمەك	headword	458_1R.png	unverified
D90-3-04549	سەپرا مىجەز	headword	458_1R.png	unverified
D90-3-04550	سەپرا ئوت	headword	458_1R.png	unverified
D90-3-04551	سەپراس	headword	458_2L.png	unverified
D90-3-04552	سەپراس بولماق	headword	458_2L.png	unverified
D90-3-04553	سەپراس قىلماق	headword	458_2L.png	unverified
D90-3-04554	سەپرالاشماق	headword	458_2L.png	unverified
D90-3-04555	سەپرالىق	headword	458_2L.png	unverified
D90-3-04556	سە پرۇس	nonstandard	459_1R.png	unverified
D90-3-04557	سەپسالدۇرماق	headword	459_1R.png	unverified
D90-3-04558	سەپسالماق	headword	459_1R.png	unverified
D90-3-04559	سەپ-سەپ	headword	459_1R.png	unverified
D90-3-04560	سەپسەتە	headword	459_1R.png	unverified
D90-3-04561	سەپسەتە ساتماق	headword	459_2L.png	unverified
D90-3-04562	سەپسەتىچى	headword	459_2L.png	unverified
D90-3-04563	سەپسەتىچىلىك	headword	459_2L.png	unverified
D90-3-04564	سەپسەتىۋاز	headword	459_2L.png	unverified
D90-3-04565	سەپسەتىۋازلىق	headword	459_2L.png	unverified
D90-3-04566	سەپىشلەشمەك	headword	459_2L.png	unverified
D90-3-04567	سەپكۈ	headword	459_2L.png	unverified
D90-3-04568	سەپكۈچ	headword	459_2L.png	unverified
D90-3-04569	سەپكۈن	headword	459_2L.png	unverified
D90-3-04570	سەپكۈنلۈك	headword	460_1R.png	unverified
D90-3-04571	سەپكىل	nonstandard	460_1R.png	unverified
D90-3-04572	سەپكىن	nonstandard	460_1R.png	unverified
D90-3-04573	سەپلەتكۈزمەك	headword	460_1R.png	unverified
D90-3-04574	سەپلەتمەك	headword	460_1R.png	unverified
D90-3-04575	سەپلەشمەك	headword	460_1R.png	unverified
D90-3-04576	سەپلەنمەك	headword	460_1R.png	unverified
D90-3-04577	سەپلىك	headword	460_2L.png	unverified
D90-3-04578	سەپلىمە	headword	460_2L.png	unverified
D90-3-04579	سەپلىمەك	headword	460_2L.png	unverified
D90-3-04580	سەپمەك	headword	461_1R.png	unverified
D90-3-04581	سەت	headword	461_2L.png	unverified
D90-3-04582	سەتەڭ	headword	462_1R.png	unverified
D90-3-04583	سەتەڭلىك	headword	462_1R.png	unverified
D90-3-04584	سەتچىلىك	headword	462_2L.png	unverified
D90-3-04587	سەتر	headword	462_2L.png	unverified
D90-3-04588	سەتلەشتۈرمەك	headword	462_2L.png	verified
D90-3-04589	سەتلەشتۈرۈلمەك	headword	463_1R.png	verified
D90-3-04590	سەتلەشمەك	headword	463_1R.png	verified
D90-3-04591	سەتلىك	headword	463_1R.png	unverified
D90-3-04592	سەتلىمەك	headword	463_2L.png	unverified
D90-3-04593	سەتە	headword	463_2L.png	unverified
D90-3-04594	سەتىن	headword	463_2L.png	unverified
D90-3-04595	سەجئە	headword	463_2L.png	unverified
D90-3-04596	سەجدە	headword	463_2L.png	unverified
D90-3-04597	سەجدە قىلماق	headword	464_1R.png	unverified
D90-3-04598	سەجدىگاھ	headword	464_1R.png	unverified
D90-3-04599	سەدەپ	headword	464_2L.png	unverified
D90-3-04600	سەدەپ چىش	headword	464_2L.png	unverified
D90-3-04601	سەدەپ قۇلۇلىسى	headword	464_2L.png	unverified
D90-3-04602	سەدەپ يوپۇرماقلىق ئېيىقتۈزۈمى	headword	465_1R.png	unverified
D90-3-04603	سەدەپتەك	headword	465_1R.png	unverified
D90-3-04604	سەدەپسىمان	headword	465_1R.png	unverified
D90-3-04605	سەدەپگۈل	headword	465_1R.png	verified
D90-3-04605-v1	جەز بۇزار	variant	465_1R.png	verified
D90-3-04606	سەدپارە	headword	465_1R.png	unverified
D90-3-04608	سەدپارىچىلىق	headword	465_2L.png	unverified
D90-3-04609	سەددىچىن	headword	465_2L.png	unverified
D90-3-04611	سەدرە	headword	466_1R.png	unverified
D90-3-04612	سەدىر	headword	466_1R.png	unverified
D90-3-04613	سەدىقە	headword	466_1R.png	unverified
D90-3-04614	سەدىقە بەرمەك	headword	466_1R.png	unverified
D90-3-04615	سەدىقە قىلماق	headword	466_2L.png	unverified
D90-3-04616	سەدىقە-پىتىر	headword	466_2L.png	unverified
D90-3-04617	سەدىقەچى	headword	466_2L.png	unverified
D90-3-04618	سەدىقىخانا	headword	466_2L.png	unverified
D90-3-04619	سەر	headword	467_1R.png	unverified
D90-3-04621	سەرا	headword	467_1R.png	unverified
D90-3-04622	سەراپ	headword	467_1R.png	unverified
D90-3-04623-v1	ئېزىتقۇ	variant	467_1R.png	unverified
D90-3-04624	سەراسىم	nonstandard	467_1R.png	unverified
D90-3-04625	سەراسىمە	nonstandard	467_1R.png	unverified
D90-3-04626	سەرەتان	headword	467_2L.png	unverified
D90-3-04630	سەرەڭگە	headword	467_2L.png	unverified
D90-3-04631	سەرەمەس	headword	468_1R.png	unverified
D90-3-04632	سەرەمجان	headword	468_1R.png	unverified
D90-3-04633	سەرەمجان قىلماق	headword	468_1R.png	unverified
D90-3-04634	سەرەمجانلاشتۇرماق	headword	468_1R.png	unverified
D90-3-04635	سەرەمجانلاشتۇرۇلماق	headword	468_2L.png	unverified
D90-3-04636	سەرەمجانلاشماق	headword	468_2L.png	unverified
D90-3-04637	سەرەمجانلانماق	headword	468_2L.png	unverified
D90-3-04638	سەرەمجانلىق	headword	468_2L.png	unverified
D90-3-04639	سەربەست	headword	469_1R.png	unverified
D90-3-04640	سەربىز	headword	469_1R.png	unverified
D90-3-04641	سەرپ	headword	469_1R.png	unverified
D90-3-04642	سەرپ ئەتمەك	headword	469_1R.png	unverified
D90-3-04642-v1	سەرپ قىلماق	variant	469_1R.png	unverified
D90-3-04643	سەرپ بولماق	headword	469_1R.png	unverified
D90-3-04645	سەرپاي	headword	469_2L.png	unverified
D90-3-04646	سەرپلەنمەك	headword	469_2L.png	unverified
D90-3-04647	سەرپلىمەك	headword	469_2L.png	unverified
D90-3-04648	سەرپۇش	headword	470_1R.png	unverified
D90-3-04649	سەرپۇش تۇماق	headword	470_1R.png	unverified
D90-3-04650	سەرپىيات	headword	470_1R.png	unverified
D90-3-04651	سەرتال	headword	470_1R.png	verified
D90-3-04652	سەرجان	headword	470_1R.png	unverified
D90-3-04653	سەرجانلىماق	headword	470_2L.png	unverified
D90-3-04654	سەرخۇش	headword	470_2L.png	unverified
D90-3-04656	سەرخىس	headword	470_2L.png	unverified
D90-3-04657	سەرخىل	headword	470_2L.png	unverified
D90-3-04660	سەرخىللاشتۇرماق	headword	471_1R.png	unverified
D90-3-04661	سەرخىللىق	headword	471_1R.png	unverified
D90-3-04662	سەردار	headword	471_1R.png	unverified
D90-3-04663	سەردان	headword	471_2L.png	unverified
D90-3-04664	سەررا	headword	471_2L.png	verified
D90-3-04665	سەررا-بوران	headword	471_2L.png	unverified
D90-3-04666	سەرراپ	headword	471_2L.png	unverified
D90-3-04667	سەرراپخانا	headword	472_1R.png	unverified
D90-3-04668	سەرراپلىق	headword	472_1R.png	unverified
D90-3-04669	سەرراچ	headword	472_1R.png	unverified
D90-3-04670	سەرراچلىق	headword	472_1R.png	unverified
D90-3-04671	سەرسام	headword	472_1R.png	unverified
D90-3-04672	سەرسان	headword	472_1R.png	unverified
D90-3-04673	سەرسان بولماق	headword	472_2L.png	unverified
D90-3-04674	سەرسان قىلماق	headword	472_2L.png	unverified
D90-3-04675	سەرسانە	headword	472_2L.png	unverified
D90-3-04676	سەرسانچىلىق	headword	472_2L.png	unverified
D90-3-04677	سەرسان-سەرگەردان	headword	472_2L.png	unverified
D90-3-04678	سەرسانلىق	headword	473_1R.png	unverified
D90-3-04679	سەرسانلىق-سەرگەردانلىق	headword	473_1R.png	unverified
D90-3-04680	سەرسۇك	headword	473_1R.png	unverified
D90-3-04681	سەرقەلەم	headword	473_1R.png	unverified
D90-3-04682	سەركاتىپ	headword	473_1R.png	unverified
D90-3-04683	سەركار	headword	473_2L.png	unverified
D90-3-04684	سەركە	headword	473_2L.png	unverified
D90-3-04685	سەركە بولماق	headword	473_2L.png	unverified
D90-3-04686	سەركەردە	headword	474_1R.png	unverified
D90-3-04687	سەركەردىلىك	headword	474_1R.png	unverified
D90-3-04688	سەركىچۆپ	headword	474_1R.png	verified
D90-3-04689	سەرگەردان	headword	474_1R.png	unverified
D90-3-04690	سەرگەردانلىق	headword	474_2L.png	unverified
D90-3-04691	سەرگەزنى	headword	474_2L.png	unverified
D90-3-04692	سەرگۈزەشت	headword	474_2L.png	unverified
D90-3-04693	سەرلە پ- مىسقاللاپ	headword	475_1R.png	unverified
D90-3-04694	سەرلەشكەر	headword	475_1R.png	unverified
D90-3-04695	سەرلەۋھە	headword	475_1R.png	verified
D90-3-04696	سەرلەۋھىسىز	headword	475_1R.png	unverified
D90-3-04697	سەرلەۋھىلىك	headword	475_1R.png	unverified
D90-3-04698	سەرلىك	headword	475_2L.png	unverified
D90-3-04699	سەرلىمەك	headword	475_2L.png	unverified
D90-3-04700	سەرمايە	headword	475_2L.png	unverified
D90-3-04701	سەرمايىدار	headword	476_1R.png	unverified
D90-3-04702	سەرمايىسىز	headword	476_1R.png	unverified
D90-3-04703	سەرمايىلىك	headword	476_1R.png	unverified
D90-3-04704	سەرمەك	nonstandard	476_1R.png	unverified
D90-3-04705	سەرمۇنشىي	headword	476_1R.png	unverified
D90-3-04706	سەرۋاز	headword	476_1R.png	unverified
D90-3-04707	سەرۋازلىق	headword	476_1R.png	unverified
D90-3-04708	سەرۋەر	headword	476_1R.png	unverified
D90-3-04709	سەرۋى	headword	476_2L.png	unverified
D90-3-04710	سەرىچ	headword	476_2L.png	unverified
D90-3-04711	سەرىمەس	headword	476_2L.png	unverified
D90-3-04712	سەرىمەك	headword	476_2L.png	unverified
D90-3-04713	سەزدۈرمەك	headword	476_2L.png	unverified
D90-3-04714	سەزدۈرۈشمەك	headword	476_2L.png	unverified
D90-3-04715	سەزدۈرۈلمەك	headword	476_2L.png	unverified
D90-3-04716	سەزگۈ	headword	476_2L.png	unverified
D90-3-04717	سەزگۈ ئەزالىرى	headword	477_1R.png	unverified
D90-3-04718	سەزگۈ پۆپۈكى	headword	477_1R.png	unverified
D90-3-04719	سەزگۈ نېرۋىسى	headword	477_1R.png	unverified
D90-3-04720	سەزگۈچى	headword	477_2L.png	unverified
D90-3-04722	سەزگۈر	headword	477_2L.png	unverified
D90-3-04723	سەزگۈرلەشتۈرمەك	headword	478_1R.png	unverified
D90-3-04724	سەزگۈرلەشتۈرۈلمەك	headword	478_1R.png	unverified
D90-3-04725	سەزگۈرلەشمەك	headword	478_1R.png	unverified
D90-3-04726	سەزگۈرلۈك	headword	478_1R.png	unverified
D90-3-04727	سەزگۈرلۈك دەرىجىسى	headword	478_1R.png	unverified
D90-3-04728	سەزگۈرلۈك ئېشىپ كېتىش	headword	478_2L.png	unverified
D90-3-04729	سەزگۈرلۈك ئېشىپ كېتىش رېئاكسىيىسى	headword	478_2L.png	unverified
D90-3-04730	سەزگۈزمەك	nonstandard	478_2L.png	unverified
D90-3-04731	سەزمەك	headword	478_2L.png	unverified
D90-3-04732	سەس	headword	479_1R.png	unverified
D90-3-04733	سەسكەندۈرمەك	headword	479_1R.png	unverified
D90-3-04734	سەسكەندۈرۈشمەك	headword	479_1R.png	unverified
D90-3-04735	سەسكەنمەك	headword	479_1R.png	unverified
D90-3-04736	سەسكىنىشمەك	headword	479_2L.png	unverified
D90-3-04737	سەغىرە	headword	479_2L.png	unverified
D90-3-04738	سەقەنقۇر	headword	479_2L.png	unverified
D90-3-04739	سەقىمە	headword	479_2L.png	unverified
D90-3-04740	سەكە	nonstandard	480_1R.png	unverified
D90-3-04741	سەكپارە	nonstandard	480_1R.png	unverified
D90-3-04742	سەكتە	headword	480_1R.png	unverified
D90-3-04743	سەكرات	headword	480_1R.png	unverified
D90-3-04744	سەكراتقا چۈشمەك	headword	480_2L.png	unverified
D90-3-04745	سەكراتقا يەتمەك	headword	480_2L.png	unverified
D90-3-04746	سەكرەپ ئۆتۈش	headword	480_2L.png	unverified
D90-3-04748	سەكرەپ-سەكرەپ	headword	481_1R.png	unverified
D90-3-04749	سەكرەپ-سەكرەپ ئورنىغا چۈشمەك	headword	481_1R.png	unverified
D90-3-04750	سەكرەتمە	headword	481_1R.png	unverified
D90-3-04751	سەكرەتمەك	headword	481_2L.png	unverified
D90-3-04752	سەكرەش	headword	481_2L.png	unverified
D90-3-04755	سەكرەش ساندۇقى	headword	482_1R.png	unverified
D90-3-04756	سەكرەش سۇپىسى	headword	482_1R.png	unverified
D90-3-04757	سەكرەشمەك	headword	482_1R.png	unverified
D90-3-04758	سەكرەگۈچ	headword	482_1R.png	unverified
D90-3-04760	سەكرىمەك	headword	482_1R.png	unverified
D90-3-04761	سەكسەن	headword	482_2L.png	unverified
D90-3-04762	سەكسەن ياماق	headword	482_2L.png	unverified
D90-3-04763	سەكسەنئاياغ	headword	482_2L.png	verified
D90-3-04763-v1	سەكسەنپۇت I	variant	482_2L.png	verified
D90-3-04764	سەكسەنپاچاق	headword	482_2L.png	verified
D90-3-04765	سەكسەنپۇت	headword	482_2L.png	verified
D90-3-04767	سەكسەنخالتا	headword	483_1R.png	verified
D90-3-04768	سەككىز	headword	483_1R.png	unverified
D90-3-04769	سەككىز ئاياغلىق سىياھ بېلىق	headword	483_1R.png	unverified
D90-3-04771	سەككىز تەپكىلىك ئەتلەس	headword	483_2L.png	unverified
D90-3-04772	سەككىز دۆلەت بىرلەشمە قوشۇنى	headword	483_2L.png	unverified
D90-3-04773	سەككىز سانجاق تۈزۈمى	headword	483_2L.png	unverified
D90-3-04774	سەككىزەيلەن	headword	483_2L.png	unverified
D90-3-04775	سەككىزلىك	headword	484_1R.png	unverified
D90-3-04776	سەككىزىنچى	headword	484_1R.png	unverified
D90-3-04780	سەكلەشمەك	headword	484_1R.png	unverified
D90-3-04781	سەگ	headword	484_2L.png	unverified
D90-3-04782	سەگە	headword	484_2L.png	unverified
D90-3-04782-v1	سەگىتىرەك	variant	484_2L.png	unverified
D90-3-04783	سەگەك	headword	484_2L.png	unverified
D90-3-04784	سەگەكلەشتۈرمەك	headword	484_2L.png	unverified
D90-3-04785	سەگەكلەشتۈرۈلمەك	headword	485_1R.png	unverified
D90-3-04786	سەگەكلەشمەك	headword	485_1R.png	unverified
D90-3-04787	سەگەكلىك	headword	485_1R.png	unverified
D90-3-04788	سەگەنچۈك	headword	485_1R.png	unverified
D90-3-04789	سەگەنچۈكلۈك	headword	485_1R.png	unverified
D90-3-04790	سەگۈنچۈك	headword	485_2L.png	unverified
D90-3-04791	سەگىتېرەك	headword	485_2L.png	verified
D90-3-04792	سەگىتىشمەك	headword	485_2L.png	unverified
D90-3-04793	سەگىتىلمەك	headword	485_2L.png	unverified
D90-3-04794	سەگىتمەك	headword	485_2L.png	unverified
D90-3-04795	سەگىدەتمەك	headword	485_2L.png	unverified
D90-3-04796	سەگىدەشمەك	headword	486_1R.png	unverified
D90-3-04797	سەگىدىمەك	headword	486_1R.png	unverified
D90-3-04798	سەگىشمەك	headword	486_1R.png	unverified
D90-3-04799	سەگىمەك	headword	486_1R.png	unverified
D90-3-04800	سەڭكىمەك	headword	486_1R.png	unverified
D90-3-04801	سەڭگەرمەك	headword	486_1R.png	unverified
D90-3-04802	سەڭگىز	headword	486_1R.png	unverified
D90-3-04803	سەڭگىقىز تېشى	headword	486_2L.png	unverified
D90-3-04804	سەڭگىقىز ئىلمىكى	headword	486_2L.png	unverified
D90-3-04805	سەل	headword	486_2L.png	unverified
D90-3-04809	سەل قارىماق	headword	487_1R.png	unverified
D90-3-04809-v1	سەل چاغلىماق	variant	487_1R.png	unverified
D90-3-04810	سەلەب	headword	487_1R.png	unverified
D90-3-04811	سەلبىي	headword	487_1R.png	unverified
D90-3-04813	سەلبىي رول	headword	487_2L.png	unverified
D90-3-04814	سەلبىي شەخس	headword	487_2L.png	unverified
D90-3-04814-v1	سەلبىي پېرسوناژ	variant	487_2L.png	unverified
D90-3-04815	سەلبىي مەنە	headword	487_2L.png	unverified
D90-3-04816	سەلبىي ئوبراز	headword	487_2L.png	unverified
D90-3-04817	سەلبىيلىك	headword	487_2L.png	unverified
D90-3-04818	سەل-پەل	headword	487_2L.png	unverified
D90-3-04819	سەلتەنەت	headword	488_1R.png	unverified
D90-3-04820	سەلتەنەتلىك	headword	488_1R.png	unverified
D90-3-04821	سەلكىن	headword	488_2L.png	unverified
D90-3-04822	سەللە	headword	488_2L.png	unverified
D90-3-04824	سەللەمنا	headword	489_1R.png	verified
D90-3-04825	سەللەگۈل	headword	489_1R.png	verified
D90-3-04825-v1	ئاق چوغلۇق	variant	489_1R.png	verified
D90-3-04826	سەللەلىك	headword	489_1R.png	verified
D90-3-04827	سەللىمازا	headword	489_1R.png	verified
D90-3-04828	سەللىيىپ	headword	489_1R.png	verified
D90-3-04829	سەلىقە	headword	489_2L.png	unverified
D90-3-04831	سەلىقىلىغ	headword	489_2L.png	unverified
D90-3-04832	سەم	headword	489_2L.png	unverified
D90-3-04835	سەمەر	nonstandard	490_1R.png	unverified
D90-3-04836	سەمەرە	headword	490_1R.png	unverified
D90-3-04837	سەمەرقەنت	headword	490_1R.png	unverified
D90-3-04838	سەمەرقەنت تەكلىپى	headword	490_1R.png	unverified
D90-3-04839	سەمەرىسىز	headword	490_1R.png	unverified
D90-3-04840	سەمەرىلىك	headword	490_1R.png	unverified
D90-3-04841	سەمەندەر	headword	490_2L.png	unverified
D90-3-04842	سەمرىتمەك	headword	490_2L.png	unverified
D90-3-04844	سەمرىتىلمەك	headword	491_1R.png	unverified
D90-3-04845	سەمرىشمەك	headword	491_1R.png	unverified
D90-3-04846	سەمرىمەك	headword	491_1R.png	unverified
D90-3-04847	سەمىرمەك	nonstandard	491_1R.png	unverified
D90-3-04848	سەمىمىي	headword	491_1R.png	unverified
D90-3-04849	سەمىمىيەت	headword	491_2L.png	unverified
D90-3-04850	سەمىمىي ئەمەس	headword	491_2L.png	unverified
D90-3-04851	سەمىمىيەتسىزلىك	headword	491_2L.png	unverified
D90-3-04852	سەمىمىيەتلىك	headword	492_1R.png	unverified
D90-3-04853	سەمىمىيلىك	headword	492_1R.png	unverified
D90-3-04854	سەن	headword	492_1R.png	unverified
D90-3-04855	سېنىڭ مېنىڭ	headword	492_1R.png	unverified
D90-3-04856	سېنى مەن كۆرمىدىم، مېنى سەن	headword	492_1R.png	unverified
D90-3-04857	سەنئەت	headword	492_2L.png	unverified
D90-3-04858	سەنئەت ئاناتومىيىسى	headword	493_1R.png	unverified
D90-3-04859	سەنئەتچى	headword	493_1R.png	unverified
D90-3-04860	سەنئەتچىلىك	headword	493_1R.png	unverified
D90-3-04861	سەنئەتخور	headword	493_1R.png	unverified
D90-3-04862	سەنئەتسىز	headword	493_2L.png	unverified
D90-3-04863	سەنئەتكار	headword	493_2L.png	unverified
D90-3-04864	سەنئەتكارلىق	headword	493_2L.png	unverified
D90-3-04865	سەنئەتلەشتۈرمەك	headword	493_2L.png	unverified
D90-3-04866	سەنئەتلەشتۈرۈلمەك	headword	493_2L.png	unverified
D90-3-04867	سەنئەتلەشمەك	headword	494_1R.png	unverified
D90-3-04868	سەنئەتلىك	headword	494_1R.png	unverified
D90-3-04869	سەنەقەس	headword	494_1R.png	unverified
D90-3-04870	سەنەم	headword	494_1R.png	unverified
D90-3-04871	سەنەمچى	headword	494_2L.png	unverified
D90-3-04873	سەن-پەن	headword	494_2L.png	unverified
D90-3-04874	سەن-پەن دېيىشمەك	headword	494_2L.png	unverified
D90-3-04875	سەن-پەن ئېيتىشماق	headword	494_2L.png	unverified
D90-3-04876	سەن-پەنلەشمەك	headword	495_1R.png	unverified
D90-3-04878	سەنتۈرۈلمەك	headword	495_1R.png	unverified
D90-3-04879	سەندەل	headword	495_1R.png	unverified
D90-3-04882	سەندەل دەرىخى	headword	495_2L.png	unverified
D90-3-04882-v1	سەندەل II	variant	495_2L.png	unverified
D90-3-04886	سەندۈرۈلمەك	nonstandard	496_1R.png	unverified
D90-3-04887	سەندى	headword	496_1R.png	unverified
D90-3-04888	سەندىرەكلەمەك	headword	496_1R.png	unverified
D90-3-04889	سەنسەن	headword	496_1R.png	unverified
D90-3-04890	سەنكيا	headword	496_1R.png	unverified
D90-3-04891	سەنگساپال	headword	496_2L.png	unverified
D90-3-04892	سەنگۈن	headword	496_2L.png	unverified
D90-3-04893	سەنلەر	headword	496_2L.png	unverified
D90-3-04894	سەنلەشمەك	headword	496_2L.png	unverified
D90-3-04896	سەنلۇرچى	headword	496_2L.png	unverified
D90-3-04897	سەنلىمەك	headword	497_1R.png	unverified
D90-3-04899	سەنۆبەر	headword	497_1R.png	unverified
D90-3-04900	سەھەت	headword	497_1R.png	unverified
D90-3-04901	سەھەتلىك	headword	497_1R.png	unverified
D90-3-04902	سەھەر	headword	497_2L.png	unverified
D90-3-04903	سەھەرلەپ	headword	497_2L.png	unverified
D90-3-04904	سەھەرلىك	headword	497_2L.png	unverified
D90-3-04905	سەھرا	headword	497_2L.png	unverified
D90-3-04906	سەھراچە	headword	498_1R.png	unverified
D90-3-04907	سەھراچىلىق	headword	498_1R.png	unverified
D90-3-04908	سەھرالىق	headword	498_1R.png	unverified
D90-3-04909	سەھرايى	headword	498_1R.png	unverified
D90-3-04910	سەھرايىقىيامەت	headword	498_2L.png	verified
D90-3-04911	سەھنە	headword	498_2L.png	unverified
D90-3-04913	سەھنە جابدۇقى	headword	499_1R.png	unverified
D90-3-04914	سەھنە چىرىغى	headword	499_1R.png	unverified
D90-3-04915	سەھنە سەنئىتى	headword	499_1R.png	unverified
D90-3-04916	سەھنە سۆزى	headword	499_1R.png	unverified
D90-3-04917	سەھنە سۈرەتچىلىكى	headword	499_1R.png	unverified
D90-3-04918	سەھنە فوتوگرافىيىسى	headword	499_1R.png	unverified
D90-3-04919	سەھنە كىتابى	headword	499_1R.png	unverified
D90-3-04920	سەھنە گۈزەل سەنئىتى	headword	499_1R.png	unverified
D90-3-04921	سەھنە لايىھىلەش	headword	499_2L.png	unverified
D90-3-04922	سەھنە لايىھىلىگۇچى	headword	499_2L.png	unverified
D90-3-04923	سەھنە نازارەتچىسى	headword	499_2L.png	unverified
D90-3-04924	سەھنە ئېكرانى	headword	499_2L.png	unverified
D90-3-04925	سەھنىدىن چۈشمەك	headword	499_2L.png	unverified
D90-3-04926	سەھنىلەشتۈرمەك	headword	500_1R.png	unverified
D90-3-04927	سەھنىلەشتۈرۈلمەك	headword	500_1R.png	unverified
D90-3-04928	سەھىپە	headword	500_1R.png	unverified
D90-3-04929	سەھىپە ئاچماق	headword	500_2L.png	unverified
D90-3-04930	سەھىيە	headword	500_2L.png	unverified
D90-3-04931	سەۋەب	headword	500_2L.png	unverified
D90-3-04933	سەۋەب بولماق	headword	501_1R.png	unverified
D90-3-04934	سەۋەپ قىلماق	headword	501_1R.png	unverified
D90-3-04935	سەۋەبچى	headword	501_2L.png	unverified
D90-3-04937	سەۋەبسىز	headword	501_2L.png	unverified
D90-3-04938	سەۋەبكار	headword	501_2L.png	unverified
D90-3-04939	سەۋەبكارلىق	headword	502_1R.png	unverified
D90-3-04940	سەۋەبلىك	headword	502_1R.png	unverified
D90-3-04941	سەۋەب-نەتىجە	headword	502_1R.png	unverified
D90-3-04943	سەۋەب-نەتىجىلىك باغلىنىش	headword	502_2L.png	unverified
D90-3-04944	سەۋەبىيات	headword	502_2L.png	unverified
D90-3-04945	سەۋەن	headword	502_2L.png	unverified
D90-3-04946	سەۋەنلەشمەك	headword	502_2L.png	unverified
D90-3-04947	سەۋەنلىك	headword	503_1R.png	unverified
D90-3-04948	سەۋدا	headword	503_1R.png	unverified
D90-3-04949	سەۋدايى	headword	503_2L.png	unverified
D90-3-04950	سەۋدايى قىلماق	headword	504_1R.png	unverified
D90-3-04951	سەۋدايىلىق	headword	504_1R.png	unverified
D90-3-04952	سەۋر	headword	504_1R.png	unverified
D90-3-04953	سەۋر قاچىسى توشماق	headword	504_2L.png	unverified
D90-3-04953-v1	سەۋر قاچىسى تاشماق	variant	504_2L.png	unverified
D90-3-04954	سەۋر قاچىسى تولماق	headword	504_2L.png	unverified
D90-3-04955	سەۋر قاچىسى چىقىلماق	headword	504_2L.png	unverified
D90-3-04956	سەۋر قاچىسى يېرىلماق	headword	504_2L.png	unverified
D90-3-04957	سەۋر قىلماق	headword	504_2L.png	unverified
D90-3-04958	سەۋر كاسى تولماق	headword	505_1R.png	unverified
D90-3-04959	سەۋر كاسى سۇنماق	headword	505_1R.png	unverified
D90-3-04961	سەۋر بۇرجى	headword	505_1R.png	unverified
D90-3-04962	سەۋر يۇلتۇز تۈركۈمى	headword	505_1R.png	unverified
D90-3-04963	سەۋر-تاقەت	headword	505_1R.png	unverified
D90-3-04964	سەۋر-تاقەتسىز	headword	505_2L.png	unverified
D90-3-04965	سەۋر-تاقەتلىك	headword	505_2L.png	unverified
D90-3-04966	سەۋرچان	headword	505_2L.png	unverified
D90-3-04967	سەۋرچانلىق	headword	505_2L.png	unverified
D90-3-04968	سەۋرسىز	headword	505_2L.png	unverified
D90-3-04969	سەۋرسىزلەنمەك	headword	505_2L.png	unverified
D90-3-04970	سەۋرسىزلىك	headword	505_2L.png	unverified
D90-3-04971	سەۋر-قانائەت	headword	506_1R.png	unverified
D90-3-04972	سەۋرلىك	headword	506_1R.png	unverified
D90-3-04973	سەۋزە	headword	506_1R.png	unverified
D90-3-04975	سەۋزىلىك	headword	506_1R.png	unverified
D90-3-04976	سەۋزىنازۈك	headword	506_2L.png	verified
D90-3-04977	سەۋىيە	headword	506_2L.png	unverified
D90-3-04979	سەۋىيىسىز	headword	506_2L.png	unverified
D90-3-04980	سەۋىيىلىك	headword	507_1R.png	unverified
D90-3-04983	سەي پۇرچاق	headword	507_1R.png	unverified
D90-3-04984	سەي قاپىقى	headword	507_2L.png	unverified
D90-3-04985	سەي قايناق	headword	507_2L.png	unverified
D90-3-04986	سەي كاۋسى	headword	507_2L.png	unverified
D90-3-04987	سەي-پەي	headword	507_2L.png	unverified
D90-3-04989	سەيپۇڭچىلىك	nonstandard	508_1R.png	unverified
D90-3-04990	سەيپۇڭلۇق	headword	508_1R.png	unverified
D90-3-04991	سەيچى	headword	508_1R.png	unverified
D90-3-04992	سەيچىلىك	headword	508_1R.png	unverified
D90-3-04993	سەيخال	headword	508_1R.png	unverified
D90-3-04995	سەيخانا	headword	508_2L.png	unverified
D90-3-04999	سەيد	headword	508_2L.png	unverified
D90-3-05003	سەير	headword	508_2L.png	unverified
D90-3-05004	سەير ئەتمەك	headword	509_1R.png	unverified
D90-3-05005	سەير ئەيلىمەك	headword	509_1R.png	unverified
D90-3-05006	سەير قىلماق	headword	509_1R.png	unverified
D90-3-05008	سەيسىگە تۇتۇلۇپ	headword	509_2L.png	unverified
D90-3-05008-v1	سەيسىگە تۇتۇلغان	variant	509_2L.png	unverified
D90-3-05009	سەيشەنبە	headword	509_2L.png	unverified
D90-3-05010	سەيشەنبە بازار	headword	509_2L.png	unverified
D90-3-05011	سەيلان	headword	509_2L.png	unverified
D90-3-05012	سەيلانە	headword	509_2L.png	unverified
D90-3-05013	سەيلە	headword	510_1R.png	unverified
D90-3-05014	سەيلە قىلماق	headword	510_1R.png	unverified
D90-3-05015	سەيلە - تاماشا	headword	510_1R.png	unverified
D90-3-05016	سەيلەتمەك	headword	510_1R.png	unverified
D90-3-05017	سەيلە - ساياھەت	headword	510_1R.png	unverified
D90-3-05018	سەيلىچى	headword	510_2L.png	unverified
D90-3-05019	سەيلىك	headword	510_2L.png	unverified
D90-3-05020	سەيلىگاھ	headword	510_2L.png	unverified
D90-3-05021	سەيلىمەك	headword	510_2L.png	unverified
D90-3-05022	سەيلىۋاز	headword	511_1R.png	unverified
D90-3-05023	سەينا	headword	511_1R.png	unverified
D90-3-05024	سەيناق	headword	511_1R.png	unverified
D90-3-05025	سەينالىق	headword	511_1R.png	unverified
D90-3-05026	سەينەك	headword	511_2L.png	unverified
D90-3-05028	سەينىگە	headword	511_2L.png	unverified
D90-3-05028-v1	سەينەك II	variant	511_2L.png	unverified
D90-3-05030	سەپىد	headword	511_2L.png	unverified
D90-3-05031	سەييات	headword	511_2L.png	unverified
D90-3-05032	سەيياتلىق	headword	511_2L.png	unverified
D90-3-05033	سەييارە	headword	512_1R.png	verified
D90-3-05035	سەييارە مەكتەپ	headword	512_2L.png	unverified
D90-3-05036	سەييارە مۇسابىقە	headword	512_2L.png	unverified
D90-3-05037	سەيياھ	headword	512_2L.png	unverified
D90-3-05038	سپارتاك	headword	513_1R.png	unverified
D90-3-05039	سپارتاك قوزغىلىڭى	headword	513_1R.png	unverified
D90-3-05040	سپازما	headword	513_1R.png	unverified
D90-3-05041	سپورا	headword	513_1R.png	unverified
D90-3-05042	سپورا تەختى	headword	513_2L.png	unverified
D90-3-05043	سپورا تېنى	headword	513_2L.png	unverified
D90-3-05044	سپورا خالتىسى	headword	513_2L.png	unverified
D90-3-05045	سپورا غوزىكى	headword	513_2L.png	unverified
D90-3-05046	سپورا ھاسىل بولماق	headword	513_2L.png	unverified
D90-3-05047	سپورت	headword	513_2L.png	verified
D90-3-05047-v1	تەنتەربىيە	variant	513_2L.png	verified
D90-3-05048	سپورتچى	headword	513_2L.png	unverified
D90-3-05048-v1	تەنتەربىيەچى	variant	513_2L.png	unverified
D90-3-05049	سپورىسىز	headword	513_2L.png	unverified
D90-3-05050	سپورىسىز كۆپىيىش	headword	514_1R.png	unverified
D90-3-05051	سپورىلىق	headword	514_1R.png	unverified
D90-3-05052	سپورىلىق ئۆسۈملۈكلەر	headword	514_1R.png	unverified
D90-3-05053	سپورىلىق يوپۇرماق	headword	514_1R.png	unverified
D90-3-05054	سپورىلىقلار	headword	514_1R.png	unverified
D90-3-05055	سپېرما	headword	514_2L.png	verified
D90-3-05056	سپېرما ئانا ھۈجەيرىسى	headword	514_2L.png	unverified
D90-3-05057	سپېرما خالتىسى	headword	514_2L.png	unverified
D90-3-05058	سپېرما كەملىك كېسىلى	headword	514_2L.png	unverified
D90-3-05059	سپېرما ھۈجەيرىسى	headword	514_2L.png	unverified
D90-3-05060	سپېرمىدان	headword	514_2L.png	unverified
D90-3-05061	سپېكتر	headword	514_2L.png	unverified
D90-3-05062	سپېكتر ئانالىزى	headword	514_2L.png	unverified
D90-3-05063	سپېكتر تەھلىلى	headword	515_1R.png	unverified
D90-3-05063-v1	سىپېكتر ئانالىزى	variant	515_1R.png	unverified
D90-3-05064	سپېكتر سىزىقى	headword	515_1R.png	unverified
D90-3-05065	سپېكتروسكوپ	headword	515_1R.png	unverified
D90-3-05066	سپېكتروگراف	headword	515_1R.png	unverified
D90-3-05067	سپېكترومېتر	headword	515_1R.png	unverified
D90-3-05068	سپىرال	headword	515_1R.png	unverified
D90-3-05069	سپىراللىق	headword	515_1R.png	unverified
D90-3-05071	سپىروگىرا	headword	515_2L.png	unverified
D90-3-05072	سپىلىت	headword	515_2L.png	verified
D90-3-05073	ستاتا	headword	515_2L.png	unverified
D90-3-05074	ستاتور	headword	515_2L.png	unverified
D90-3-05075	ستاتىستىكا	headword	516_1R.png	unverified
D90-3-05076	ستاتىستىكىچى	headword	516_1R.png	unverified
D90-3-05077	ستاتىستىكىلىق	headword	516_1R.png	unverified
D90-3-05078	ستاتىك	headword	516_2L.png	unverified
D90-3-05081	ستارشىي	headword	516_2L.png	unverified
D90-3-05082	ستارشىي پولكوۋنىك	headword	516_2L.png	verified
D90-3-05083	ستارشىي سېرژانت	headword	516_2L.png	verified
D90-3-05084	ستارشىي لېيتېنات	headword	517_1R.png	verified
D90-3-05084-v1	شاڭ ۋىي	variant	517_1R.png	verified
D90-3-05085	ستاژ	headword	517_1R.png	unverified
D90-3-05086	ستاندارت	headword	517_1R.png	unverified
D90-3-05087	ستاندارتلىق	headword	517_1R.png	unverified
D90-3-05089	ستانوك	headword	517_1R.png	unverified
D90-3-05090	ستانوكچى	headword	517_1R.png	unverified
D90-3-05091	ستانىسلاۋسكى	headword	517_2L.png	unverified
D90-3-05092	ستانىسلاۋسكى سىستېمىسى	headword	517_2L.png	unverified
D90-3-05093	ستراتوسفېرا	headword	517_2L.png	unverified
D90-3-05094	ستراتون	headword	518_1R.png	unverified
D90-3-05095	ستراتېگىيە	headword	518_1R.png	unverified
D90-3-05096	ستراتېگىيىلىك	headword	518_1R.png	unverified
D90-3-05097	ستراخۇۋانىيە	headword	518_2L.png	unverified
D90-3-05098	سترونتىسىي	headword	518_2L.png	unverified
D90-3-05099	سترېپتومىتسىن	headword	518_2L.png	unverified
D90-3-05100	سترېلكا	headword	518_2L.png	unverified
D90-3-05101	سترېلكىلىق	headword	519_1R.png	unverified
D90-3-05102	ستوپلازما	headword	519_1R.png	unverified
D90-3-05105	ستولبا	headword	519_1R.png	unverified
D90-3-05105-v1	سىم تاناب تۈۋرۈكى	variant	519_1R.png	unverified
D90-3-05106	ستولوگىيە	headword	519_1R.png	unverified
D90-3-05107	ستودېنت	headword	519_2L.png	unverified
D90-3-05107-v1	ئالىي مەكتەپ ئوقۇغۇچىسى	variant	519_2L.png	unverified
D90-3-05108	ستۇدىيە	headword	519_2L.png	unverified
D90-3-05109	ستۋول	headword	519_2L.png	unverified
D90-3-05110	ستۋوللۇق	headword	519_2L.png	unverified
D90-3-05111	ستېئارىن	headword	519_2L.png	unverified
D90-3-05112	ستېئارىن كىسلاتا	headword	519_2L.png	unverified
D90-3-05113	ستېركۇل	headword	519_2L.png	unverified
D90-3-05113-v1	ستېركۇل دەرىخى	variant	519_2L.png	unverified
D90-3-05115	ستېرېئو	headword	520_1R.png	verified
D90-3-05116	ستېرېئوكىنو	headword	520_1R.png	unverified
D90-3-05117	ستېرېئولۇق	headword	520_1R.png	unverified
D90-3-05119	ستېرېئولۇق فوتوگرافىيە	headword	520_2L.png	unverified
D90-3-05120	ستېرېئولۇق قۇرۇلما	headword	520_2L.png	unverified
D90-3-05121	ستېرېئومېترىيە	headword	520_2L.png	unverified
D90-3-05122	ستېمۇنا	headword	520_2L.png	unverified
D90-3-05123	ستىخىيە	headword	520_2L.png	unverified
D90-3-05124	ستىخىيىلىك	headword	521_1R.png	unverified
D90-3-05125	ستىخىيىلىك ماتېرىيالىزم	headword	521_1R.png	unverified
D90-3-05126	ستىرول	headword	521_2L.png	unverified
D90-3-05127	ستىلىستىكا	headword	521_2L.png	unverified
D90-3-05128	ستىلىستىكىلىق	headword	521_2L.png	unverified
D90-3-05130	ستىمۇلىن	headword	521_2L.png	unverified
D90-3-05131	سخولاستىكا	headword	521_2L.png	verified
D90-3-05132	سخېما	headword	522_1R.png	unverified
D90-3-05133	سفالېرىت	headword	522_1R.png	verified
D90-3-05134	سفېرا	headword	522_1R.png	unverified
D90-3-05137	سفېرىلىق	headword	522_1R.png	unverified
D90-3-05138	سفېرىلىق ئەينەك	headword	522_2L.png	unverified
D90-3-05139	سفېرىلىق بۇلۇڭ	headword	522_2L.png	unverified
D90-3-05140	سفېرىلىق ترىگونومېترىيە	headword	522_2L.png	unverified
D90-3-05141	سفېرىلىق گېئومېترىيە	headword	522_2L.png	unverified
D90-3-05142	سفېرىلىق ئۈچ بۇلۇڭ	headword	522_2L.png	unverified
D90-3-05143	سكارلاتىنا	headword	522_2L.png	verified
D90-3-05144	سكاليار	headword	522_2L.png	unverified
D90-3-05145	سكاندىي	headword	523_1R.png	unverified
D90-3-05146	سكۇتتېرۇدىت	headword	523_1R.png	verified
D90-3-05146-v1	جۇلالىق كوبالت	variant	523_1R.png	verified
D90-3-05147	سكىپىدار	headword	523_1R.png	unverified
D90-3-05148	سلانېتىس	headword	523_1R.png	unverified
D90-3-05149	سليۇدا	headword	523_1R.png	verified
D90-3-05149-v1	چىرىمتال	variant	523_1R.png	verified
D90-3-05150	سمولا	headword	523_1R.png	verified
D90-3-05152	سمېنا	headword	523_2L.png	unverified
D90-3-05153	سمېنتال	headword	523_2L.png	unverified
D90-3-05155	سېمىنلىق	headword	524_1R.png	unverified
D90-3-05156	سوئال	headword	524_1R.png	unverified
D90-3-05157	سوئال ئالماش	headword	524_2L.png	unverified
D90-3-05158	سوئال بەرمەك	headword	524_2L.png	unverified
D90-3-05159	سوئال بەلگىسى	headword	524_2L.png	unverified
D90-3-05160	سوئال تاشلىماق	headword	524_2L.png	unverified
D90-3-05161	سوئال جۈملە	headword	524_2L.png	unverified
D90-3-05162	سوئال سورىماق	headword	524_2L.png	unverified
D90-3-05163	سوئال قويماق	headword	525_1R.png	unverified
D90-3-05164	سوئال-جاۋاب	headword	525_1R.png	unverified
D90-3-05165	سوئال-سوراق	headword	525_1R.png	unverified
D90-3-05166	سوپەك	headword	525_1R.png	unverified
D90-3-05167	سوپۇن	headword	525_1R.png	unverified
D90-3-05168	سوپۇنچى	headword	525_2L.png	unverified
D90-3-05169	سوپۇنچىلىق	headword	525_2L.png	unverified
D90-3-05170	سوپۇندان	headword	525_2L.png	unverified
D90-3-05171	سوپۇندەرىخى	headword	525_2L.png	verified
D90-3-05172	سوپۇندىماق	headword	525_2L.png	unverified
D90-3-05173	سوپۇنلاتماق	headword	526_1R.png	unverified
D90-3-05174	سوپۇنلاشماق	headword	526_1R.png	unverified
D90-3-05175	سوپۇنلىماق	headword	526_1R.png	unverified
D90-3-05176	سوپى	headword	526_1R.png	verified
D90-3-05177	سوپىتورغاي	headword	526_1R.png	verified
D90-3-05178	سوپىچىلىق	headword	526_2L.png	unverified
D90-3-05179	سوپى-دەرۋىش	headword	526_2L.png	unverified
D90-3-05180	سوپىزم	headword	526_2L.png	unverified
D90-3-05181	سوپىسوپىياڭ	headword	526_2L.png	verified
D90-3-05182	سوپىلىق	headword	526_2L.png	unverified
D90-3-05183	سوپى-ئىشان	headword	526_2L.png	unverified
D90-3-05184	سوپىياڭ	headword	527_1R.png	unverified
D90-3-05184-v1	سوپىوپىياڭ	variant	527_1R.png	unverified
D90-3-05185	سوت	headword	527_1R.png	unverified
D90-3-05188	سوتقا قاتنىشىش	headword	527_2L.png	unverified
D90-3-05189	سوت قىلىش	headword	527_2L.png	unverified
D90-3-05190	سوت كوللېگىيىسى	headword	527_2L.png	unverified
D90-3-05191	سوتا	headword	528_1R.png	unverified
D90-3-05192	سوتا بېلىق	headword	528_2L.png	unverified
D90-3-05193	سوتچى	headword	528_2L.png	unverified
D90-3-05194	سوتخانا	headword	528_2L.png	unverified
D90-3-05195	سوتسىيال	headword	529_1R.png	unverified
D90-3-05198	سوتسىيالىزم	headword	529_1R.png	unverified
D90-3-05199	سوتسىيالىزىچى	headword	529_2L.png	unverified
D90-3-05200	سوتسىيالىست	headword	529_2L.png	unverified
D90-3-05201	سوتسىيالىستىك	headword	529_2L.png	verified
D90-3-05203	سوتسىيالىستىك ئەمگەك مۇسابىقىسى	headword	530_1R.png	unverified
D90-3-05204	سوتسىيالىستىك تەربىيە	headword	530_1R.png	unverified
D90-3-05205	سوتسىيالىستىك تەربىيە ھەرىكىتى	headword	530_1R.png	unverified
D90-3-05206	سوتسىيالىستىك تۈزۈم	headword	530_1R.png	unverified
D90-3-05207	سوتسىيالىستىك جەمئىيەت	headword	530_1R.png	unverified
D90-3-05208	سوتسىيالىستىك جۇغلانما	headword	530_2L.png	unverified
D90-3-05209	سوتسىيالىستىك دۆلەت	headword	530_2L.png	unverified
D90-3-05210	سوتسىيالىستىك دېموكراتىيە	headword	530_2L.png	unverified
D90-3-05211	سوتسىيالىستىك رېئالىزم	headword	530_2L.png	unverified
D90-3-05212	سوتسىيالىستىك سودا	headword	530_2L.png	unverified
D90-3-05213	سوتسىيالىستىك قانۇنچىلىق	headword	530_2L.png	unverified
D90-3-05214	سوتسىيالىستىك قۇرۇلۇش	headword	531_1R.png	unverified
D90-3-05215	سوتسىيالىستىك كوللېكتىپ مۈلۈكچىلىك	headword	531_1R.png	unverified
D90-3-05216	سوتسىيالىستىك ماددىي مەدەنىيەت	headword	531_1R.png	unverified
D90-3-05217	سوتسىيالىستىك مەدەنىيەت	headword	531_1R.png	unverified
D90-3-05218	سوتسىيالىستىك مەنىۋى مەدەنىيەت	headword	531_1R.png	unverified
D90-3-05219	سوتسىيالىستىك ئومۇمىي خەلق مۈلۈكچىلىكى	headword	531_2L.png	unverified
D90-3-05220	سوتسىيالىستىك ئومۇمىي مۈلۈكچىلىك	headword	531_2L.png	unverified
D90-3-05221	سوتسىيالىستىك ئۆزگەرتىش	headword	532_1R.png	unverified
D90-3-05222	سوتسىيالىستىك ئىشلەپچىقىرىش مۇناسىۋىتى	headword	532_1R.png	unverified
D90-3-05223	سوتسىيالىستىك ئىش ھەققى	headword	532_1R.png	unverified
D90-3-05224	سوتسىيالىستىك ئىقتىساد	headword	532_1R.png	unverified
D90-3-05225	سوتسىيالىستىك ئىگىلىك	headword	532_1R.png	unverified
D90-3-05226	سوتسىيالىستىك ئىنقىلاب	headword	532_2L.png	verified
D90-3-05227	سوتكا	headword	532_2L.png	unverified
D90-3-05228	سوتكىلىق	headword	532_2L.png	unverified
D90-3-05230	سوتلاتماق	headword	532_2L.png	verified
D90-3-05231	سوتلاشماق	headword	533_1R.png	verified
D90-3-05232	سوتلانماق	headword	533_1R.png	verified
D90-3-05233	سوتلىماق	headword	533_1R.png	unverified
D90-3-05234	سوتۇق	headword	533_1R.png	unverified
D90-3-05235	سوچى	headword	533_1R.png	unverified
D90-3-05236	سوخرۇن	headword	533_1R.png	unverified
D90-3-05237	سودا	headword	533_1R.png	unverified
D90-3-05241	سودا تورى	headword	534_1R.png	unverified
D90-3-05242	سودا رەسىمچىلىكى	headword	534_1R.png	unverified
D90-3-05243	سودا سارىيى	headword	534_1R.png	unverified
D90-3-05244	سودا شەكلى	headword	534_1R.png	unverified
D90-3-05245	سودا قىلماق	headword	534_1R.png	unverified
D90-3-05246	سودا كاپىتالى	headword	534_1R.png	unverified
D90-3-05247	سودا كوپىراتىپى	headword	534_2L.png	unverified
D90-3-05247-v1	تەمىنات-سودا كوپىراتىپى	variant	534_2L.png	unverified
D90-3-05248	سودا كېمىسى	headword	534_2L.png	unverified
D90-3-05249	سودا ماركىسى	headword	534_2L.png	unverified
D90-3-05250	سودا ئىقتىسادى	headword	534_2L.png	unverified
D90-3-05253	سودا-تىجارەت	headword	534_2L.png	unverified
D90-3-05254	سودا-سانائەت	headword	535_1R.png	unverified
D90-3-05256	سودا-سانائەتچى	headword	535_1R.png	unverified
D90-3-05257	سودا-سېتىق	headword	535_1R.png	unverified
D90-3-05259	سودالېت	headword	535_2L.png	unverified
D90-3-05260	سودىگەر	headword	535_2L.png	unverified
D90-3-05262	سودىگەرچە	headword	535_2L.png	unverified
D90-3-05263	سودىگەرچىلىك	headword	536_1R.png	unverified
D90-3-05264	سودىگەرزادە	headword	536_1R.png	unverified
D90-3-05265	سودىگەرلىك	headword	536_1R.png	unverified
D90-3-05266	سودىلاشتۇرماق	headword	536_1R.png	unverified
D90-3-05267	سودىلاشماق	headword	536_1R.png	unverified
D90-3-05268	سودىلىق	headword	536_2L.png	unverified
D90-3-05269	سودىيە	headword	536_2L.png	unverified
D90-3-05270	سوراتقۇزماق	headword	536_2L.png	unverified
D90-3-05271	سوراتماق	headword	536_2L.png	unverified
D90-3-05272	سوراشتۇرماق	headword	537_1R.png	unverified
D90-3-05273	سوراشتۇرۇلماق	headword	537_1R.png	unverified
D90-3-05274	سوراشماق	headword	537_1R.png	unverified
D90-3-05275	سوراق	headword	537_1R.png	unverified
D90-3-05276	سوراق قىلماق	headword	537_2L.png	unverified
D90-3-05277	سوراققا ئالماق	headword	537_2L.png	unverified
D90-3-05278	سوراققا تارتماق	headword	537_2L.png	unverified
D90-3-05279	سورىقى بار	headword	538_1R.png	unverified
D90-3-05280	سورىقى يوق	headword	538_1R.png	unverified
D90-3-05281	سوراقچى	headword	538_1R.png	unverified
D90-3-05282	سوراقچىلىق	headword	538_1R.png	unverified
D90-3-05283	سوراقخانا	headword	538_1R.png	unverified
D90-3-05284	سوراقسىز	headword	538_1R.png	verified
D90-3-05285	سوراقلىماق	headword	538_1R.png	unverified
D90-3-05286	سورالماق	headword	538_2L.png	unverified
D90-3-05287	سورت	headword	538_2L.png	verified
D90-3-05289	سورت ياشارتىش	headword	539_1R.png	unverified
D90-3-05290	سورتداش	headword	539_1R.png	unverified
D90-3-05291	سورتلاتماق	headword	539_1R.png	unverified
D90-3-05292	سورتلاشماق	headword	539_1R.png	unverified
D90-3-05293	سورتلانماق	headword	539_1R.png	unverified
D90-3-05294	سورتلۇق	headword	539_1R.png	unverified
D90-3-05295	سورتلىماق	headword	539_1R.png	unverified
D90-3-05296	سورۇتماق	headword	539_2L.png	unverified
D90-3-05297	سورۇشماق	headword	539_2L.png	unverified
D90-3-05298	سورۇق	headword	539_2L.png	unverified
D90-3-05299	سورۇقچى	headword	539_2L.png	unverified
D90-3-05300	سورۇقچىلىق	headword	539_2L.png	unverified
D90-3-05302	سورۇلماق	headword	539_2L.png	unverified
D90-3-05303	سورۇماق	headword	539_2L.png	unverified
D90-3-05304	سورۇن	headword	540_1R.png	unverified
D90-3-05306	سورۇن كۆرگەن	headword	540_2L.png	unverified
D90-3-05307	سورۇنلۇق	headword	540_2L.png	unverified
D90-3-05308	سورۇتلانماق	headword	540_2L.png	unverified
D90-3-05309	سورىماق	headword	540_2L.png	unverified
D90-3-05310	سوزا	headword	541_1R.png	unverified
D90-3-05311	سوزدۇرماق	headword	541_1R.png	unverified
D90-3-05312	سوزدۇرۇلماق	headword	541_1R.png	unverified
D90-3-05313	سوزماق	headword	541_1R.png	unverified
D90-3-05315	سوزۇش	headword	542_1R.png	unverified
D90-3-05316	سوزۇشماق	headword	542_1R.png	unverified
D90-3-05317	سوزۇق	headword	542_1R.png	unverified
D90-3-05320	سوزۇلغاق	headword	542_2L.png	unverified
D90-3-05321	سوزۇلما	headword	542_2L.png	unverified
D90-3-05324	سوزۇلماق	headword	542_2L.png	unverified
D90-3-05325	سوزۇلمىلىق	headword	542_2L.png	unverified
D90-3-05326	سوزۇلۇش	headword	542_2L.png	unverified
D90-3-05327	سوزۇلۇش دېفورماتىسيىسى	headword	543_1R.png	unverified
D90-3-05328	سوزۇلۇشقا تاقابىلچانلىق	headword	543_1R.png	unverified
D90-3-05329	سوزۇلۇشچان	headword	543_1R.png	unverified
D90-3-05330	سوزۇلۇشچانلىق	headword	543_1R.png	unverified
D90-3-05331	سوزۇلۇشماق	headword	543_1R.png	unverified
D90-3-05331-v1	سوزۇلماق پېئىلىنىڭ ئۆملۈك دەرىجىسى	variant	543_1R.png	unverified
D90-3-05332	سوزۇنچاق	headword	543_1R.png	unverified
D90-3-05333	سوستاۋ	headword	543_2L.png	unverified
D90-3-05334	سوسكا	headword	543_2L.png	unverified
D90-3-05334-v1	ئېمىزگە	variant	543_2L.png	unverified
D90-3-05335	سوغا	headword	543_2L.png	unverified
D90-3-05336	سوغات	headword	543_2L.png	unverified
D90-3-05337	سوغان	headword	543_2L.png	verified
D90-3-05337-v1	يەل تاشما	variant	543_2L.png	verified
D90-3-05338	سوغتانماق	headword	543_2L.png	unverified
D90-3-05339	سوغد	headword	543_2L.png	unverified
D90-3-05341	سوغد يېزىقى	headword	544_1R.png	unverified
D90-3-05342	سوغداق	headword	544_1R.png	unverified
D90-3-05343	سوغۇق	headword	544_1R.png	unverified
D90-3-05344	سوغۇق ئادۋېكىيە	headword	544_2L.png	unverified
D90-3-05345	سوغۇق بەلباغ	headword	544_2L.png	unverified
D90-3-05346	سوغۇق بۇلاق	headword	544_2L.png	unverified
D90-3-05347	سوغۇق پەرچىنلەش	headword	544_2L.png	unverified
D90-3-05348	سوغۇق تەگمەك	headword	544_2L.png	unverified
D90-3-05349	سوغۇق تەلەت	headword	545_1R.png	unverified
D90-3-05349-v1	مۇز چىراي	variant	545_1R.png	unverified
D90-3-05350	سوغۇق تىترەك	headword	545_1R.png	unverified
D90-3-05351	سوغۇق چىراي	headword	545_1R.png	unverified
D90-3-05352	سوغۇق دولقۇن	headword	545_1R.png	unverified
D90-3-05353	سوغۇق سەي	headword	545_1R.png	unverified
D90-3-05354	سوغۇق سۇ	headword	545_2L.png	unverified
D90-3-05355	سوغۇق سۇ چاچماق	headword	545_2L.png	unverified
D90-3-05356	سوغۇق سۇ سەپمەك	headword	545_2L.png	unverified
D90-3-05357	سوغۇق شەبنەم	headword	545_2L.png	unverified
D90-3-05358	سوغۇق فرونت	headword	545_2L.png	unverified
D90-3-05359	سوغۇق قاداقلاش	headword	545_2L.png	unverified
D90-3-05359-v1	ماشىن	variant	545_2L.png	unverified
D90-3-05360	سوغۇق قول	headword	545_2L.png	unverified
D90-3-05361	سوغۇق قول تەگمەك	headword	546_1R.png	unverified
D90-3-05362	سوغۇق كەپشەرلەش	headword	546_1R.png	unverified
D90-3-05363	سوغۇق كۈلگە	headword	546_1R.png	unverified
D90-3-05364	سوغۇق كۈلمەك	headword	546_1R.png	unverified
D90-3-05365	سوغۇق گەپ	headword	546_1R.png	unverified
D90-3-05366	سوغۇق مۇناسىۋەتلەر ئۇرۇشى	headword	546_1R.png	unverified
D90-3-05367	سوغۇق مىجەز	headword	546_1R.png	unverified
D90-3-05368	سوغۇق نەزەر	headword	546_2L.png	unverified
D90-3-05369	سوغۇق ھاۋا ماسسىسى	headword	546_2L.png	unverified
D90-3-05370	سوغۇق ئۇرماق	headword	546_2L.png	unverified
D90-3-05371	سوغۇق ئۇرۇش	headword	546_2L.png	unverified
D90-3-05372	سوغۇق ئۆتكۈزۈش	headword	546_2L.png	unverified
D90-3-05373	سوغۇق ئۆتمەك	headword	547_1R.png	unverified
D90-3-05374	سوغۇق ئېقىم	headword	547_1R.png	unverified
D90-3-05375	سوغۇقى ئاشماق	headword	547_1R.png	unverified
D90-3-05376	سوغۇق ئىچىملىك	headword	547_1R.png	unverified
D90-3-05377	سوغۇق يەل	headword	547_1R.png	unverified
D90-3-05378	سوغۇق يورۇقلۇق	headword	547_1R.png	unverified
D90-3-05379	سوغۇق يېمەك	headword	547_1R.png	unverified
D90-3-05380	سوغۇق يېمەكلىك	headword	547_2L.png	unverified
D90-3-05381	سوغۇقچان	headword	547_2L.png	unverified
D90-3-05382	سوغۇقچىلىق	headword	547_2L.png	unverified
D90-3-05385	سوغۇققان	headword	548_1R.png	verified
D90-3-05386	سوغۇققانلىق	headword	548_1R.png	unverified
D90-3-05387	سوغۇقلاشماق	headword	548_1R.png	unverified
D90-3-05388	سوغۇقلۇق	headword	548_1R.png	unverified
D90-3-05389	سوغۇقنەپەس	headword	548_2L.png	verified
D90-3-05390	سوغۇقنەپەسلىك	headword	548_2L.png	unverified
D90-3-05391	سوغۇلدۇرماق	headword	548_2L.png	unverified
D90-3-05392	سوغۇلماق	headword	548_2L.png	unverified
D90-3-05393	سوغۇن	headword	548_2L.png	unverified
D90-3-05394	سوغىچى	headword	549_1R.png	unverified
D90-3-05395	سوغىچىلىق	headword	549_1R.png	unverified
D90-3-05396	سوغىگۈل	headword	549_1R.png	verified
D90-3-05397	سوغىلىق	headword	549_1R.png	unverified
D90-3-05398	سوفىزم	headword	549_1R.png	unverified
D90-3-05399	سوفىستىكا	headword	549_1R.png	unverified
D90-3-05400	سوق	headword	549_1R.png	unverified
D90-3-05401	سوقا	headword	549_1R.png	unverified
D90-3-05402	سوقا چىلان	headword	549_2L.png	unverified
D90-3-05403	سوقا نەشپۈت	headword	549_2L.png	unverified
D90-3-05404	سوقا يەل	headword	549_2L.png	unverified
D90-3-05409-v1	كۇرۇشكا	variant	550_1R.png	unverified
D90-3-05410	سوقا-سايمان	headword	550_1R.png	unverified
D90-3-05411	سوقا-سەندەل	headword	550_1R.png	unverified
D90-3-05412	سوقا-سەندەلدەك	headword	550_1R.png	unverified
D90-3-05413	سوقان	headword	550_2L.png	unverified
D90-3-05413-v1	لەيلەك	variant	550_2L.png	unverified
D90-3-05414	سوقتۇرماق	headword	550_2L.png	unverified
D90-3-05415	سوقتۇرۇشماق	headword	550_2L.png	unverified
D90-3-05416	سوقتۇرۇلماق	headword	550_2L.png	unverified
D90-3-05417	سوققا	headword	550_2L.png	unverified
D90-3-05420	سوقما	headword	550_2L.png	unverified
D90-3-05421	سوقما تام	headword	551_1R.png	unverified
D90-3-05423	سوقما چالغۇ ئەسۋابلىرى	headword	551_1R.png	unverified
D90-3-05424	سوقما كاۋاپ	headword	551_1R.png	unverified
D90-3-05425	سوقماق	headword	551_1R.png	unverified
D90-3-05428	سوقۇر	headword	552_2L.png	unverified
D90-3-05429	سوقۇرئۈچەي	headword	552_2L.png	verified
D90-3-05430	سوقۇرئۈچەي ياللۇغى	headword	553_1R.png	unverified
D90-3-05431	سوقۇش	headword	553_1R.png	unverified
D90-3-05432	سوقۇشتۇرماق	headword	553_1R.png	unverified
D90-3-05433	سوقۇشتۇرۇشماق	headword	553_1R.png	unverified
D90-3-05434	سوقۇشتۇرۇلماق	headword	553_1R.png	unverified
D90-3-05435	سوقۇشقاق	headword	553_2L.png	unverified
D90-3-05436	سوقۇشقاقلىق	headword	553_2L.png	unverified
D90-3-05437	سوقۇشماق	headword	553_2L.png	unverified
D90-3-05438	سوقۇلما	headword	554_1R.png	unverified
D90-3-05439	سوقۇلماق	headword	554_1R.png	unverified
D90-3-05440	سوقۇم	headword	554_1R.png	unverified
D90-3-05441	سوقۇم قىلماق	headword	554_1R.png	unverified
D90-3-05442	سوقۇندى	headword	554_1R.png	unverified
D90-3-05443	سوقۇندى بولماق	headword	554_1R.png	unverified
D90-3-05444	سوقىچاق	headword	554_1R.png	unverified
D90-3-05445	سوقىچاق شال	headword	554_1R.png	unverified
D90-3-05446	سوقىچى	headword	554_2L.png	unverified
D90-3-05447	سوك	headword	554_2L.png	unverified
D90-3-05448	سوكال	headword	554_2L.png	unverified
D90-3-05449	سوك-سوك	headword	554_2L.png	unverified
D90-3-05451	سوكنا	headword	554_2L.png	unverified
D90-3-05452	سوكۈلداتماق	headword	554_2L.png	unverified
D90-3-05453	سوكۇلداشماق	headword	554_2L.png	unverified
D90-3-05454	سوكۇلدىماق	headword	555_1R.png	unverified
D90-3-05455	سوڭ	headword	555_1R.png	unverified
D90-3-05458	سوڭغا كىرمەك	headword	555_2L.png	unverified
D90-3-05458-v1	ئارقىسىغا كىرمەك	variant	555_2L.png	unverified
D90-3-05459	سوڭباغ	headword	555_2L.png	unverified
D90-3-05460	سوڭداش	headword	555_2L.png	unverified
D90-3-05461	سوڭداشتۇرماق	headword	555_2L.png	unverified
D90-3-05462	سوڭداشماق	headword	555_2L.png	unverified
D90-3-05463	سوڭدىماق	headword	555_2L.png	unverified
D90-3-05464	سوڭرە	headword	555_2L.png	unverified
D90-3-05465	سوڭسوڭ	headword	556_1R.png	verified
D90-3-05466	سوڭسىز	headword	556_1R.png	unverified
D90-3-05467	سوڭغاق	headword	556_1R.png	unverified
D90-3-05468	سوڭغى	headword	556_1R.png	unverified
D90-3-05469	سول	headword	556_1R.png	unverified
D90-3-05470	سول ئاچماق	headword	556_1R.png	unverified
D90-3-05471	سول ئالماق	headword	556_1R.png	unverified
D90-3-05472	سول يارماق	headword	556_2L.png	unverified
D90-3-05472-v1	سول تارتماق	variant	556_2L.png	unverified
D90-3-05474	سول قانات	headword	556_2L.png	unverified
D90-3-05476	سولاتماق	headword	557_1R.png	unverified
D90-3-05477	سولاش	headword	557_1R.png	unverified
D90-3-05478	سولاشتۇرماق	headword	557_1R.png	unverified
D90-3-05479	سولاشماق	headword	557_1R.png	unverified
D90-3-05481	سولاق	headword	557_2L.png	unverified
D90-3-05482	سولاق خادىمى	headword	558_1R.png	unverified
D90-3-05483	سولاقخانا	headword	558_1R.png	unverified
D90-3-05484	سولاقلىق	headword	558_1R.png	unverified
D90-3-05485	سولامچى	headword	558_1R.png	unverified
D90-3-05486	سولامچىلىق	headword	558_1R.png	unverified
D90-3-05487	سولانماق	headword	558_2L.png	unverified
D90-3-05488	سولتايماق	headword	558_2L.png	unverified
D90-3-05489	سولتەك	headword	558_2L.png	unverified
D90-3-05490	سولچى	headword	559_1R.png	unverified
D90-3-05492	سولچىل	headword	559_1R.png	unverified
D90-3-05494	سولچىللىق	headword	559_2L.png	unverified
D90-3-05495	سولچىلىق	headword	559_2L.png	unverified
D90-3-05496	سولخاي	headword	559_2L.png	unverified
D90-3-05497	سولخەي	nonstandard	559_2L.png	unverified
D90-3-05498	سولدات	headword	559_2L.png	verified
D90-3-05499	سولداش	headword	559_2L.png	unverified
D90-3-05500	سولدۇرماق	headword	560_1R.png	unverified
D90-3-05501	سولدۇرۇشماق	headword	560_1R.png	unverified
D90-3-05502	سولغۇن	headword	560_1R.png	unverified
D90-3-05503	سولغۇنلاشماق	headword	560_1R.png	unverified
D90-3-05504	سولغۇنلۇق	headword	560_2L.png	unverified
D90-3-05505	سوللۇق	headword	560_2L.png	unverified
D90-3-05506	سولماق	headword	560_2L.png	unverified
D90-3-05507	سولۇق	headword	560_2L.png	unverified
D90-3-05508	سولۇن	headword	560_2L.png	unverified
D90-3-05509	سولېنوئىد	headword	561_1R.png	unverified
D90-3-05510	سولىماق	headword	561_1R.png	unverified
D90-3-05511	سوم	headword	561_2L.png	unverified
D90-3-05512-v1	سوم بېلىقى	variant	561_2L.png	unverified
D90-3-05514	سومكا	headword	561_2L.png	verified
D90-3-05515	سوملۇق	headword	562_1R.png	unverified
D90-3-05516	سوملىماق	headword	562_1R.png	unverified
D90-3-05517	سومما	headword	562_1R.png	unverified
D90-3-05518	سومۇن	headword	562_1R.png	unverified
D90-3-05519	سون	headword	562_1R.png	unverified
D90-3-05520	سوناتا	headword	562_1R.png	unverified
D90-3-05521	سونار	headword	562_1R.png	unverified
D90-3-05522	سونجاق	headword	562_1R.png	unverified
D90-3-05523	سونۇر	headword	562_1R.png	unverified
D90-3-05524	سونۇرقىماق	headword	562_1R.png	unverified
D90-3-05525	سونېت	headword	562_2L.png	unverified
D90-3-05526	سوۋغا	headword	562_2L.png	unverified
D90-3-05527	سوۋغا قىلماق	headword	562_2L.png	unverified
D90-3-05528	سوۋغات	headword	562_2L.png	unverified
D90-3-05529	سوۋغات قىلماق	headword	562_2L.png	unverified
D90-3-05530	سوۋغاتلىق	headword	563_1R.png	unverified
D90-3-05530-v1	سىوۋغىلىق	variant	563_1R.png	unverified
D90-3-05531	سوۋغا - سالام	headword	563_1R.png	unverified
D90-3-05532	سوۋغا - سالامسىز	headword	563_1R.png	unverified
D90-3-05533	سوۋغا-سالاملىق	headword	563_1R.png	unverified
D90-3-05534	سوۋغىلىق	headword	563_1R.png	unverified
D90-3-05535	سوۋۇتقۇ	headword	563_1R.png	unverified
D90-3-05537	سوۋۇتقۇچ	headword	563_2L.png	unverified
D90-3-05538	سوۋۇتماق	headword	563_2L.png	unverified
D90-3-05539	سوۋۇتۇش	headword	563_2L.png	unverified
D90-3-05541	سوۋۇتۇلماق	headword	563_2L.png	unverified
D90-3-05542	سوۋۇشماق	headword	563_2L.png	unverified
D90-3-05543	سوۋۇق	headword	563_2L.png	unverified
D90-3-05544	سوۋۇماق	headword	563_2L.png	unverified
D90-3-05545	سوۋېت	headword	564_1R.png	unverified
D90-3-05546	سويا	headword	564_1R.png	unverified
D90-3-05548	سويام	headword	564_2L.png	unverified
D90-3-05549	سويدۇرماق	headword	564_2L.png	unverified
D90-3-05550	سويدۇرۇشماق	headword	564_2L.png	unverified
D90-3-05551	سويدۇرۇلماق	headword	564_2L.png	unverified
D90-3-05552	سويغان	headword	564_2L.png	unverified
D90-3-05553	سويلا	headword	564_2L.png	unverified
D90-3-05554	سويلاتماق	headword	564_2L.png	unverified
D90-3-05555	سويلىماق	headword	564_2L.png	unverified
D90-3-05556	سويما	headword	565_1R.png	unverified
D90-3-05558	سويماق	headword	565_1R.png	unverified
D90-3-05559	سويمىچاق	headword	565_2L.png	unverified
D90-3-05560	سويۇشماق	headword	565_2L.png	unverified
D90-3-05561	سويۇقلۇق	headword	565_2L.png	unverified
D90-3-05562	سويۇلماق	headword	566_1R.png	unverified
D90-3-05563	سويۇم	headword	566_1R.png	unverified
D90-3-05565	سۇ	headword	566_1R.png	unverified
D90-3-05566	سۇ ئاچماق	headword	566_2L.png	unverified
D90-3-05567	سۇ ئاستى بومبىسى	headword	566_2L.png	verified
D90-3-05568	سۇ ئاستىدا ئۈزۈش تەنھەرىكىتى	headword	566_2L.png	unverified
D90-3-05569	سۇ ئاستى كېمىسى	headword	566_2L.png	verified
D90-3-05570	سۇ ئاستى ئوۋچى كېمىسى	headword	567_1R.png	unverified
D90-3-05571	سۇ ئامبىرى	headword	567_1R.png	unverified
D90-3-05572	سۇ ئەھۋالى	headword	567_1R.png	unverified
D90-3-05573	سۇ باشتىن لاي	headword	567_1R.png	unverified
D90-3-05574	سۇ باشلىماق	headword	567_1R.png	unverified
D90-3-05575	سۇ بايلىقى	headword	567_1R.png	unverified
D90-3-05576	سۇ بەرمەلە	headword	567_1R.png	unverified
D90-3-05577	سۇ بولۇپ كەتمەك	headword	567_2L.png	unverified
D90-3-05578	سۇ بوياق	headword	567_2L.png	unverified
D90-3-05580	سۇ بويىغا ئاپىرىپ، سۇغارماي كەلمەك	headword	567_2L.png	unverified
D90-3-05581	سۇ بوغىسى	headword	567_2L.png	unverified
D90-3-05582	سۇ بۇلغۇنى	headword	568_1R.png	unverified
D90-3-05583	سۇ بۆلجۈرگىنى	headword	568_1R.png	unverified
D90-3-05584	سۇ بۆلگۈچ چوققا	headword	568_1R.png	unverified
D90-3-05585	سۇ بۈرگىسى	headword	568_1R.png	unverified
D90-3-05586	سۇ بېرىش مودېلى	headword	568_1R.png	unverified
D90-3-05587	سۇ بېرىش نورمىسى	headword	568_2L.png	unverified
D90-3-05588	سۇ بېرىش يولى	headword	568_2L.png	unverified
D90-3-05589	سۇ بېسمى	headword	568_2L.png	unverified
D90-3-05590	سۇ بېشى	headword	568_2L.png	unverified
D90-3-05591	سۇ بىلەن داۋالاش	headword	568_2L.png	unverified
D90-3-05592	سۇ پىتى	headword	569_1R.png	unverified
D90-3-05593	سۇ پىيىزى	headword	569_1R.png	unverified
D90-3-05593-v1	چول پىيىزەك	variant	569_1R.png	unverified
D90-3-05594	سۇ توپى	headword	569_1R.png	unverified
D90-3-05595	سۇ توخۇسى	headword	569_1R.png	unverified
D90-3-05596	سۇ تۇتماق	headword	569_1R.png	unverified
D90-3-05597	سۇ تۇربىنىسى	headword	569_1R.png	unverified
D90-3-05598	سۇ تۇرۇبىسى	headword	569_2L.png	unverified
D90-3-05599	سۇ تۇلۇقى	headword	569_2L.png	unverified
D90-3-05600	سۇ تۈۋرۈكى	headword	569_2L.png	unverified
D90-3-05601	سۇ تېيىلىش تەنھەرىكىتى	headword	569_2L.png	unverified
D90-3-05602	سۇ جۇغراپىيىسى	headword	569_2L.png	unverified
D90-3-05603	سۇ چاقماق	headword	569_2L.png	unverified
D90-3-05604	سۇ چاڭغىسى	headword	570_1R.png	unverified
D90-3-05605	سۇ چاڭغىسى تەنھەرىكىتى	headword	570_1R.png	unverified
D90-3-05606	سۇ چەپچەك	headword	570_1R.png	unverified
D90-3-05607	سۇ چېچەك	headword	570_1R.png	unverified
D90-3-05608	سۇ چىغرىقى	headword	570_1R.png	unverified
D90-3-05609	سۇ چىڭسىيى	headword	570_1R.png	unverified
D90-3-05610	سۇ خىمىيىسى	headword	570_1R.png	unverified
D90-3-05611	سۇدەك بىلمەك	headword	570_2L.png	unverified
D90-3-05612	سۇدەك ئوقۇماق	headword	570_2L.png	unverified
D90-3-05613	سۇ رايى	headword	570_2L.png	unverified
D90-3-05614	سۇ رايى پونكىتى	headword	570_2L.png	unverified
D90-3-05615	سۇ رايى يىلى	headword	570_2L.png	unverified
D90-3-05616	سۇ رەيھىنى	headword	570_2L.png	unverified
D90-3-05617	سۇ رېيكىسى	headword	570_2L.png	unverified
D90-3-05618	سۇ سائىتى	headword	570_2L.png	unverified
D90-3-05619	سۇ سەپمە سىڭمەيدىغان، يىڭنە تىقسا ئۆتمەيدىغان قاتتىق قامال قىلىنغان:	headword	571_1R.png	unverified
D90-3-05620	سۇ سەپكۈچ	headword	571_1R.png	unverified
D90-3-05620-v1	سۇ پۈركۈگۈچ	variant	571_1R.png	unverified
D90-3-05621	سۇ سەپمەك	headword	571_1R.png	unverified
D90-3-05622	سۇ سىزىقى	headword	571_1R.png	unverified
D90-3-05623	سۇ سىستېمىسى	headword	571_1R.png	unverified
D90-3-05624	سۇغا سەكرەش	headword	571_2L.png	unverified
D90-3-05625	سۇغا كىرسە سۇغا، ئوتقا كىرسە ئوتقا كىرمەك	headword	571_2L.png	unverified
D90-3-05626	سۇ قاتنىشى	headword	572_1R.png	unverified
D90-3-05627	سۇ قامچىئوتى	headword	572_1R.png	unverified
D90-3-05628	سۇ قوڭغۇزى	headword	572_1R.png	unverified
D90-3-05629	سۇ قۇرۇلۇشى	headword	572_1R.png	unverified
D90-3-05630	سۇ قۇشى	headword	572_1R.png	unverified
D90-3-05631	سۇ قىلماق	headword	572_2L.png	unverified
D90-3-05632	سۇ كالىسى	headword	572_2L.png	unverified
D90-3-05633	سۇ كەلگىچە تۇغان تۇتماق	headword	572_2L.png	unverified
D90-3-05634	سۇ كۆتۈرمەك	headword	572_2L.png	unverified
D90-3-05635	سۇ كۆكىرىك زەمبۇرۇغى	headword	572_2L.png	unverified
D90-3-05636	سۇ كۈچى	headword	573_1R.png	unverified
D90-3-05637	سۇ كۈچى ئىستانسىسى	headword	573_1R.png	unverified
D90-3-05638	سۇ كۈدىسى	headword	573_1R.png	unverified
D90-3-05639	سۇ كېچەر ئېلىك	headword	573_1R.png	unverified
D90-3-05640	سۇ گازى	headword	573_1R.png	unverified
D90-3-05641	سۇ لەيلىسى	headword	573_2L.png	unverified
D90-3-05642	سۇ مەنبەسى	headword	573_2L.png	unverified
D90-3-05643	سۇ مەھسۇلاتى	headword	573_2L.png	unverified
D90-3-05644	سۇ مۇنارى	headword	573_2L.png	unverified
D90-3-05645	سۇ مېلوراتسيىسى	headword	573_2L.png	unverified
D90-3-05646	سۇ مىقدارى	headword	574_1R.png	unverified
D90-3-05647	سۇ مىلتىقى	headword	574_1R.png	unverified
D90-3-05648	سۇ مىناسى	headword	574_1R.png	unverified
D90-3-05649	سۇنى كۆرمەي ئۆتۈك سالماق	headword	574_1R.png	unverified
D90-3-05650	سۇنىڭ كۆتۈرۈلۈشى ۋە پەسىيىشى	headword	574_1R.png	unverified
D90-3-05651	سۇنىڭ ئېقىشىغا باقماق	headword	574_1R.png	unverified
D90-3-05651-v1	سۇنىڭ ئېقىشىغا قاراپ ئىش قىلماق	variant	574_1R.png	unverified
D90-3-05652	سۇنىڭ ئېقىشىغا بېقىپ ئىش قىلماق	headword	574_1R.png	unverified
D90-3-05653	سۇنىڭ ئېقىشىغا، تۈكنىڭ يېتىشىگە قاراپ ئىش تۇتماق	headword	574_1R.png	unverified
D90-3-05654	سۇنى لېيىتماق	headword	574_2L.png	unverified
D90-3-05655	سۇ ئوتلىرى	headword	574_2L.png	unverified
D90-3-05656	سۇ ئورنى	headword	574_2L.png	unverified
D90-3-05657	سۇ ئۆتكۈزۈشچانلىق	headword	574_2L.png	unverified
D90-3-05658	سۇ ئۆلچەش	headword	575_1R.png	unverified
D90-3-05659	سۇ ئۆلچەش نۇقتىسى	headword	575_1R.png	unverified
D90-3-05660	سۇ ئۈزمەك	headword	575_1R.png	unverified
D90-3-05661	سۇ ئۈستى ئايروپىلانى	headword	575_1R.png	unverified
D90-3-05662	سۇ ئۈستى ئايرودرومى	headword	575_1R.png	unverified
D90-3-05663	سۇ ئۈستى تەنتەربىيىسى	headword	575_2L.png	unverified
D90-3-05664	سۇ ئېپىتى	headword	575_2L.png	unverified
D90-3-05664-v1	بېگېموت	variant	575_2L.png	unverified
D90-3-05665	سۇ ئېكۋىۋالېنتى	headword	575_2L.png	unverified
D90-3-05666	سۇ ئېلېكتر ئىستانىسىسى	headword	575_2L.png	unverified
D90-3-05667	سۇ ئېنېرگىيىسى	headword	575_2L.png	unverified
D90-3-05668	سۇ ئېيىقتاپىنى	headword	575_2L.png	unverified
D90-3-05669	سۇ ئىچسە كېكىردىكىدىن كۆرۈنىدىغان	headword	575_2L.png	unverified
D90-3-05670	سۇ ئىچسە گېلىدىن كۆرۈنىدىغان	headword	575_2L.png	unverified
D90-3-05671	سۇ ئىشلىرى	headword	576_1R.png	verified
D90-3-05672	سۇ ئىگىلىكى	headword	576_1R.png	unverified
D90-3-05673	سۇ ئىنشائاتى	headword	576_1R.png	verified
D90-3-05674	سۇ ياقىلىماق	headword	576_1R.png	unverified
D90-3-05675	سۇ يالپۇزى	headword	576_1R.png	unverified
D90-3-05676	سۇ يولى	headword	576_2L.png	unverified
D90-3-05677	سۇ يۇقمايدىغان	headword	576_2L.png	unverified
D90-3-05678	سۇ يۈزى	headword	576_2L.png	unverified
D90-3-05679	سۇ يوسۇنى	headword	576_2L.png	unverified
D90-3-05680	سۇ يىلى	headword	576_2L.png	unverified
D90-3-05681	سۇ يىلىنى	headword	576_2L.png	unverified
D90-3-05682	سۈيىنى ياندۇرماق	headword	576_2L.png	unverified
D90-3-05683	سۇبات	headword	577_1R.png	unverified
D90-3-05684	سۇباتلىق	headword	577_1R.png	unverified
D90-3-05685	سۇبتروپىك	headword	577_1R.png	unverified
D90-3-05687	سۇبتروپىك كىلىمات	headword	577_2L.png	unverified
D90-3-05688	سۇبستانسىيە	headword	577_2L.png	unverified
D90-3-05689	سۇبستانسىيە قانۇنى	headword	577_2L.png	unverified
D90-3-05690	سۇبلىماتسىيە	headword	577_2L.png	unverified
D90-3-05691	سۇبلىماتسىيىلەنمەك	headword	577_2L.png	unverified
D90-3-05692	سۇبھاناللا	headword	577_2L.png	verified
D90-3-05693	سۇبيېكت	headword	578_1R.png	unverified
D90-3-05694	سۇبيېكتىپ	headword	578_1R.png	unverified
D90-3-05697	سۇبيېكتىپ ئىدېئالىزم	headword	578_2L.png	verified
D90-3-05698	سۇبيېكتىپچىلىق	headword	578_2L.png	verified
D90-3-05699	سۇبيېكتىپلىق	headword	578_2L.png	unverified
D90-3-05700	سۇبيېكتىۋىزم	headword	578_2L.png	unverified
D90-3-05701	سۇپا	headword	578_2L.png	unverified
D90-3-05702	سۇپىدىن سەكرەپ چاڭغا تېيىلىش	headword	579_1R.png	unverified
D90-3-05703	سۇپىدىن سۇغا سەكرەش	headword	579_2L.png	unverified
D90-3-05704	سۇپرا	headword	579_2L.png	unverified
D90-3-05705	سۇپسۇر	headword	579_2L.png	unverified
D90-3-05706	سۇپۇپ	headword	580_1R.png	unverified
D90-3-05707	سۇپېرفوسفات	headword	580_1R.png	unverified
D90-3-05708	سۇپېرگېتېرودېن	headword	580_1R.png	unverified
D90-3-05709	سۇپېرگېتېرودېنلىق	headword	580_1R.png	unverified
D90-3-05711	سۇپىلىق	headword	580_2L.png	unverified
D90-3-05712	سۇپىلىق ئاپتوموبىل	headword	580_2L.png	unverified
D90-3-05713	سۇتخور	headword	580_2L.png	unverified
D90-3-05714	سۇترا	headword	580_2L.png	unverified
D90-3-05715	سۈچەك	headword	580_2L.png	unverified
D90-3-05716	سۇچى	headword	580_2L.png	unverified
D90-3-05717	سۇچىلىق	headword	581_1R.png	unverified
D90-3-05718	سۇخارى	headword	581_1R.png	unverified
D90-3-05719	سۇخانا	headword	581_1R.png	unverified
D90-3-05720	سۇخەن	headword	581_2L.png	unverified
D90-3-05721	سۇخەنچى	headword	581_2L.png	unverified
D90-3-05722	سۇخەنچىلىك	headword	581_2L.png	unverified
D90-3-05723	سۇخەندان	headword	581_2L.png	verified
D90-3-05724	سۇخەندانلىق	headword	581_2L.png	unverified
D90-3-05725	سۇدان	headword	581_2L.png	unverified
D90-3-05726	سۇر	headword	582_1R.png	unverified
D90-3-05730	سۇرغۇچ	headword	582_1R.png	unverified
D90-3-05731	سۇرقى	headword	582_2L.png	unverified
D90-3-05732	سۇرقىدىماق	headword	582_2L.png	unverified
D90-3-05733	سۇرۇپ	headword	582_2L.png	unverified
D90-3-05734	سۇرۇخ	headword	582_2L.png	unverified
D90-3-05735	سۇزاپ	headword	582_2L.png	unverified
D90-3-05737	سۇژىت	headword	583_1R.png	unverified
D90-3-05738	سۇژىتلىق	headword	583_1R.png	unverified
D90-3-05740	سۇس	headword	583_1R.png	unverified
D90-3-05741	سۇس تۇمان	headword	583_2L.png	unverified
D90-3-05742	سۇس سېرىق	headword	583_2L.png	unverified
D90-3-05743	سۇس قارىماق	headword	583_2L.png	unverified
D90-3-05744	سۇس قىزىل	headword	583_2L.png	unverified
D90-3-05745	سۇس كۆك	headword	583_2L.png	unverified
D90-3-05746	سۇس يامغۇر	headword	583_2L.png	unverified
D90-3-05747	سۇس يېشىل	headword	583_2L.png	unverified
D90-3-05748	سۇسايماق	headword	584_1R.png	unverified
D90-3-05749	سۇسپېنزىيە	headword	584_1R.png	unverified
D90-3-05750	سۇسلاتماق	headword	584_1R.png	unverified
D90-3-05751	سۇسلاشتۇرماق	headword	584_1R.png	unverified
D90-3-05752	سۇسلاشتۇرۇلماق	headword	584_1R.png	unverified
D90-3-05753	سۇسلىماق	headword	584_1R.png	unverified
D90-3-05754	سۇسلۇق	headword	584_1R.png	unverified
D90-3-05755-v1	سۈسلاشماق	variant	584_2L.png	unverified
D90-3-05756	سۇسىراتماق	headword	584_2L.png	unverified
D90-3-05757	سۇسىراشماق	headword	584_2L.png	unverified
D90-3-05758	سۇسىرىماق	headword	584_2L.png	unverified
D90-3-05759	سۇسىز	headword	584_2L.png	unverified
D90-3-05760	سۇسىز مىرابىلىت	headword	585_1R.png	unverified
D90-3-05761	سۇسىز ئۆستەڭگە مىراب بولماق	headword	585_1R.png	unverified
D90-3-05761-v1	قۇرۇق ئۆستەڭگە مىراب بولماق	variant	585_1R.png	unverified
D90-3-05762	سۇسىزلاندۇرغۇچى	headword	585_1R.png	unverified
D90-3-05764	سۇسىزلاندۇرماق	headword	585_1R.png	unverified
D90-3-05765	سۇسىزلاندۇرۇلماق	headword	585_1R.png	unverified
D90-3-05766	سۇسىزلانماق	headword	585_2L.png	unverified
D90-3-05767	سۇسىزلىق	headword	585_2L.png	unverified
D90-3-05768	سۇسىزلىنىش	headword	585_2L.png	unverified
D90-3-05769	سۇغار	headword	585_2L.png	unverified
D90-3-05770	سۇغارتقۇزماق	headword	586_1R.png	unverified
D90-3-05771	سۇغارتماق	headword	586_1R.png	unverified
D90-3-05772	سۇغارماق	headword	586_1R.png	unverified
D90-3-05773	سۇغۇر	headword	586_1R.png	unverified
D90-3-05774	سۇغۇرتا	headword	586_2L.png	unverified
D90-3-05775	سۇغۇرتماق	headword	586_2L.png	unverified
D90-3-05776	سۇغۇرماق	headword	586_2L.png	unverified
D90-3-05777	سۇغۇرۇشماق	headword	586_2L.png	unverified
D90-3-05778	سۇغۇرۇلماق	headword	586_2L.png	unverified
D90-3-05779	سۇغىرىش	headword	586_2L.png	unverified
D90-3-05780	سۇغىرىش تۈزۈمى	headword	587_1R.png	unverified
D90-3-05781	سۇغىرىش رايونى	headword	587_1R.png	unverified
D90-3-05782	سۇغىرىش سىستېمىسى	headword	587_1R.png	unverified
D90-3-05783	سۇغىرىش كۆلىمى	headword	587_1R.png	unverified
D90-3-05784	سۇغىرىش نورمىسى	headword	587_1R.png	unverified
D90-3-05785	سۇغىرىش ئۈنۈمى	headword	587_1R.png	unverified
D90-3-05786	سۇغىرىشماق	headword	587_2L.png	unverified
D90-3-05787	سۇغىرىلماق	headword	587_2L.png	unverified
D90-3-05788	سۇفلېر	headword	587_2L.png	verified
D90-3-05789	سۇفلېرلىق	headword	587_2L.png	unverified
D90-3-05790	سۇقسۇر	headword	587_2L.png	unverified
D90-3-05791	سۇقماق	headword	588_1R.png	unverified
D90-3-05792	سۇقۇشماق	headword	588_1R.png	unverified
D90-3-05793	سۇقۇلماق	headword	588_1R.png	unverified
D90-3-05794	سۇقۇنماق	headword	588_1R.png	unverified
D90-3-05795	سۇقۇنۇشماق	headword	588_1R.png	unverified
D90-3-05796	سۇكات	headword	588_1R.png	unverified
D90-3-05797	سۇكرې	headword	588_2L.png	unverified
D90-3-05798	سۇكېزەك	headword	588_2L.png	unverified
D90-3-05801	سۇڭ سۇلالىسى	headword	588_2L.png	unverified
D90-3-05802	سۇڭپىياز	headword	588_2L.png	verified
D90-3-05804	سۇڭ جياڭ قوزغىلىڭى	headword	589_1R.png	unverified
D90-3-05805	سۇڭلۇق	headword	589_1R.png	unverified
D90-3-05806	سۇلاشتۇرماق	headword	589_1R.png	verified
D90-3-05807	سۇلاشماق	headword	589_1R.png	verified
D90-3-05808	سۇلاق	headword	589_1R.png	unverified
D90-3-05809	سۇلالە	headword	589_1R.png	unverified
D90-3-05810	سۇلايمان	headword	589_2L.png	unverified
D90-3-05812	سۇلتان	headword	589_2L.png	unverified
D90-3-05813	سۇلتانلىق	headword	589_2L.png	unverified
D90-3-05814	سۇلتانلىق تۈزۈم	headword	590_1R.png	unverified
D90-3-05815	سۇلتايماق	headword	590_1R.png	unverified
D90-3-05816	سۇلفات	headword	590_1R.png	unverified
D90-3-05817	سۇلفات كىسلاتا	headword	590_1R.png	unverified
D90-3-05818	سۇلفاتلار	headword	590_1R.png	unverified
D90-3-05819	سۇلفاتىئازول	headword	590_1R.png	unverified
D90-3-05820	سۇلفىد	headword	590_2L.png	unverified
D90-3-05821	سۇلفىدلار	headword	590_2L.png	unverified
D90-3-05822	سۇلۇ	headword	590_2L.png	unverified
D90-3-05823	سۇلۇق	headword	590_2L.png	unverified
D90-3-05824	سۇلۇق ئاق چىرىمتال	headword	590_2L.png	unverified
D90-3-05825	سۇلۇق بولكا دەرىخى	headword	591_1R.png	unverified
D90-3-05826	سۇلۇق تاشئالما	headword	591_1R.png	unverified
D90-3-05827	سۇلۇق سىنك تاش	headword	591_1R.png	unverified
D90-3-05828	سۇلۇق قاپاتما	headword	591_1R.png	unverified
D90-3-05829	سۇلۇق قاتلام	headword	591_2L.png	unverified
D90-3-05830	سۇلۇق گاۋلىڭ تېشى	headword	591_2L.png	unverified
D90-3-05831	سۇلۇق مانگان تېشى	headword	591_2L.png	unverified
D90-3-05832	سۇلۇق ئىششىق	headword	591_2L.png	unverified
D90-3-05833-v1	ئېغىزدوۋۇق	variant	592_1R.png	unverified
D90-3-05834	سۇلۇلۇق	headword	592_1R.png	unverified
D90-3-05835	سۇلۇن	headword	592_1R.png	unverified
D90-3-05836	سۇلېما	headword	592_1R.png	unverified
D90-3-05837	سۇلىماق	headword	592_2L.png	unverified
D90-3-05840	سۇماي	headword	593_1R.png	verified
D90-3-05841	سۇمەن	headword	593_1R.png	unverified
D90-3-05842	سۇمبات	headword	593_1R.png	unverified
D90-3-05843	سۇمباتلىق	headword	593_1R.png	unverified
D90-3-05844	سۇمبۇل	headword	593_1R.png	unverified
D90-3-05845	سۇمبۇل چاچ	headword	593_2L.png	unverified
D90-3-05846	سۇمو	headword	593_2L.png	verified
D90-3-05847	سۇمو چېلىشىشى	headword	593_2L.png	unverified
D90-3-05848	سۇمۇرغ	headword	593_2L.png	unverified
D90-3-05849	سۇمۇق	headword	594_1R.png	unverified
D90-3-05850	سۇناي	headword	594_1R.png	unverified
D90-3-05851	سۇنايچى	headword	594_1R.png	unverified
D90-3-05852	سۇنايلاشماق	headword	594_1R.png	unverified
D90-3-05853	سۇنايلانماق	headword	594_1R.png	unverified
D90-3-05854	سۇنايلىماق	headword	594_1R.png	unverified
D90-3-05855	سۇنبۇلە	headword	594_1R.png	unverified
D90-3-05855-v1	سۇنبۇلە بۇرجى	variant	594_1R.png	unverified
D90-3-05857	سۇنبۇلە يۇلتۇز تۈركۈمى	headword	594_2L.png	unverified
D90-3-05858	سۇنتاختا	headword	594_2L.png	unverified
D90-3-05860	سۇندۇرماق	headword	594_2L.png	unverified
D90-3-05861	سۇندۇرۇش	headword	595_1R.png	unverified
D90-3-05863	سۇندۇرۇشماق	headword	595_1R.png	unverified
D90-3-05864	سۇندۇرۇلغان	headword	595_1R.png	unverified
D90-3-05866	سۇندۇرۇلماق	headword	595_1R.png	unverified
D90-3-05867	سۇنغان نۇر	headword	595_2L.png	verified
D90-3-05868	سۇنغۇزماق	headword	595_2L.png	unverified
D90-3-05869	سۇنماق	headword	595_2L.png	unverified
D90-3-05871	سۇنۇ	headword	596_2L.png	unverified
D90-3-05872	سۇنۇشماق	headword	596_2L.png	unverified
D90-3-05872-v1	سۇنماق II پېئىلىنىڭ ئۆملۈك دەرىجىسى	variant	596_2L.png	unverified
D90-3-05873	سۇنۇق	headword	597_1R.png	unverified
D90-3-05874	سۇنۇق چىراي	headword	597_2L.png	unverified
D90-3-05875	سۇنۇق دىل	headword	597_2L.png	unverified
D90-3-05876	سۇنۇق سىزىق	headword	597_2L.png	unverified
D90-3-05877	سۇنۇق قوشۇقنىڭ سېپى تەگمەك	headword	597_2L.png	unverified
D90-3-05878	سۇنۇق كۆڭۈل	headword	598_1R.png	unverified
D90-3-05879	سۇنۇق يۈز	headword	598_1R.png	unverified
D90-3-05880	سۇنۇقچى	headword	598_1R.png	unverified
D90-3-05881	سۇنۇقچىلىق	headword	598_1R.png	unverified
D90-3-05882	سۇنۇلماق	headword	598_1R.png	unverified
D90-3-05883	سۇئوقياسى	headword	598_2L.png	unverified
D90-3-05884	سۇۋاتماق	headword	598_2L.png	unverified
D90-3-05885	سۇۋادان	headword	598_2L.png	unverified
D90-3-05886	سۇۋادان تېرەك	headword	598_2L.png	unverified
D90-3-05887	سۇۋادانلىق	headword	599_1R.png	unverified
D90-3-05888	سۇۋار	headword	599_1R.png	unverified
D90-3-05889	سۇۋاشقاق	headword	599_1R.png	unverified
D90-3-05890	سۇۋاشقاقلىق	headword	599_1R.png	unverified
D90-3-05891	سۇۋاشماق	headword	599_1R.png	unverified
D90-3-05892	سۇۋاق	headword	599_2L.png	unverified
D90-3-05893	سۇۋاقچى	headword	599_2L.png	unverified
D90-3-05894	سۇۋاقچىلىق	headword	599_2L.png	unverified
D90-3-05895	سۇۋاقسىز	headword	599_2L.png	unverified
D90-3-05896	سۇۋاقلىق	headword	600_1R.png	unverified
D90-3-05897	سۇۋالماق	headword	600_1R.png	unverified
D90-3-05898	سۇۋان	headword	600_1R.png	unverified
D90-3-05899	سۇۋانماق	headword	600_1R.png	unverified
D90-3-05900	سۇۋاي	headword	600_1R.png	unverified
D90-3-05902	سۇۋاي - سالتاق	headword	600_1R.png	unverified
D90-3-05903	سۇۋېرېن	headword	600_2L.png	unverified
D90-3-05904	سۇۋىماق	headword	600_2L.png	unverified
D90-3-05905	سۇياغىنى	headword	600_2L.png	unverified
D90-3-05905-v1	سۇ مېيى	variant	600_2L.png	unverified
D90-3-05906	سۇياڭىقى	headword	600_2L.png	unverified
D90-3-05907	سۇيۇر	headword	600_2L.png	unverified
D90-3-05908	سۇيۇرغال	headword	601_1R.png	unverified
D90-3-05909	سۇيۇرغاللىق	headword	601_1R.png	unverified
D90-3-05910	سۇيۇق	headword	601_1R.png	unverified
D90-3-05911	سۇيۇق ئەينەك	headword	601_2L.png	unverified
D90-3-05912	سۇيۇق جىسىم	headword	601_2L.png	unverified
D90-3-05913	سۇيۇق كۆڭۈل	headword	601_2L.png	unverified
D90-3-05913-v1	كۆڭلى سۇيۇق	variant	601_2L.png	unverified
D90-3-05914	سۇيۇق گاز	headword	601_2L.png	unverified
D90-3-05915	سۇيۇق ھالەت	headword	601_2L.png	unverified
D90-3-05916	سۇيۇق ئوغۇت	headword	601_2L.png	unverified
D90-3-05917	سۇيۇقئاش	headword	601_2L.png	verified
D90-3-05918	سۇيۇق-سەلەڭ	headword	601_2L.png	unverified
D90-3-05919	سۇيۇقلاشتۇرماق	headword	602_1R.png	unverified
D90-3-05920	سۇيۇقلاشتۇرۇلماق	headword	602_1R.png	unverified
D90-3-05921	سۇيۇقلاشماق	headword	602_1R.png	unverified
D90-3-05922	سۇيۇقلاندۇرماق	headword	602_1R.png	unverified
D90-3-05923	سۇيۇقلاندۇرۇلماق	headword	602_1R.png	unverified
D90-3-05924	سۇيۇقلانماق	headword	602_1R.png	unverified
D90-3-05925	سۇيۇقلۇق	headword	602_1R.png	unverified
D90-3-05928	سۇيۇقلىماق	headword	602_2L.png	unverified
D90-3-05929	سۇيۇلدۇرماق	headword	602_2L.png	unverified
D90-3-05930	سۇيۇلماق	headword	603_1R.png	unverified
D90-3-05931	سۇيىقەست	headword	603_1R.png	unverified
D90-3-05933	سۇيىقەستچى	headword	603_1R.png	unverified
D90-3-05934	سۇيىقەستچىلىك	headword	603_1R.png	unverified
D90-3-05935	سۇيىقەستلىك	headword	603_2L.png	unverified
D90-3-05936	سۇيىئىستېمال	headword	603_2L.png	unverified
D90-3-05937	سۇيىئىستېمالچىلىق	headword	603_2L.png	verified
D90-3-05937-v1	پراگماتىزم	variant	603_2L.png	verified
D90-3-05938	سۆجە	headword	603_2L.png	unverified
D90-3-05939	سۆرە	headword	603_2L.png	unverified
D90-3-05940	سۆرەتمە	headword	603_2L.png	unverified
D90-3-05941	سۆرەتمەك	headword	603_2L.png	unverified
D90-3-05942	سۆرەشتۈرمەك	headword	603_2L.png	unverified
D90-3-05943	سۆرەشمەك	headword	603_2L.png	unverified
D90-3-05944	سۆرەلگۈچىلەر	headword	604_1R.png	verified
D90-3-05945	سۆرەلمە	headword	604_1R.png	unverified
D90-3-05946	سۆرەلمەك	headword	604_1R.png	unverified
D90-3-05947	سۆرەلمىپالاس	headword	604_1R.png	verified
D90-3-05948	سۆرەلمىپالاسلىق	headword	604_2L.png	unverified
D90-3-05949	سۆرەلمىپالاسلىق قىلماق	headword	604_2L.png	unverified
D90-3-05950	سۆرەلمىلىك	headword	604_2L.png	verified
D90-3-05951	سۆرەم	headword	604_2L.png	unverified
D90-3-05952	سۆرەمچى	headword	605_1R.png	unverified
D90-3-05953	سۆرۈن	headword	605_1R.png	unverified
D90-3-05954	سۆرۈن تەلەت	headword	605_1R.png	unverified
D90-3-05955	سۆرۈن چىراي	headword	605_1R.png	unverified
D90-3-05956	سۆرۈنجان	headword	605_2L.png	unverified
D90-3-05957	سۆرۈنلەشتۈرمەك	headword	605_2L.png	unverified
D90-3-05958	سۆرۈنلەشمەك	headword	605_2L.png	unverified
D90-3-05959	سۆرۈنلۈك	headword	605_2L.png	unverified
D90-3-05960	سۆرىتىشمە ك	headword	606_1R.png	unverified
D90-3-05961	سۆرىگۈچى	headword	606_1R.png	unverified
D90-3-05963	سۆرىمە	headword	606_1R.png	unverified
D90-3-05966	سۆرىمەك	headword	606_1R.png	unverified
D90-3-05967	سۆز	headword	606_2L.png	unverified
D90-3-05968	سۆز ئاچماق	headword	607_1R.png	unverified
D90-3-05969	سۆز ئاخىرى	headword	607_1R.png	unverified
D90-3-05970	سۆز ئارقا ياردەمچىلىرى	headword	607_1R.png	unverified
D90-3-05971	سۆز ئارىلىماق	headword	607_2L.png	unverified
D90-3-05972	سۆز ئالماق	headword	607_2L.png	unverified
D90-3-05973	سۆز ئەركىنلىكى	headword	607_2L.png	unverified
D90-3-05974	سۆز بەرمەك	headword	607_2L.png	unverified
D90-3-05975	سۆز بولماق	headword	608_1R.png	unverified
D90-3-05976	سۆز بېشى	headword	608_1R.png	unverified
D90-3-05977	سۆز بىرىكمىسى	headword	608_1R.png	unverified
D90-3-05978	سۆز پىشۇرماق	headword	608_1R.png	unverified
D90-3-05979	سۆز تاراتماق	headword	608_1R.png	unverified
D90-3-05979-v1	گەپ تاراتماق	variant	608_1R.png	unverified
D90-3-05980	سۆز تاشلىماق	headword	608_2L.png	unverified
D90-3-05981	سۆز تالاشماق	headword	608_2L.png	unverified
D90-3-05981-v1	گەپ تالاشماق	variant	608_2L.png	unverified
D90-3-05982	سۆز تەرتىپى	headword	608_2L.png	unverified
D90-3-05983	سۆز تەشمەك	headword	608_2L.png	unverified
D90-3-05983-v1	گەپ تەشمەك	variant	608_2L.png	unverified
D90-3-05984	سۆز توشۇماق	headword	608_2L.png	unverified
D90-3-05984-v1	گەپ توشۇماق	variant	608_2L.png	unverified
D90-3-05985	سۆز تۈركۈمى	headword	608_2L.png	unverified
D90-3-05986	سۆز تۈرلىگۈچى قوشۇمچە	headword	609_1R.png	unverified
D90-3-05987	سۆز تىك كەلمەك	headword	609_1R.png	unverified
D90-3-05988	سۆز خاراكتېرى	headword	609_1R.png	unverified
D90-3-05989	سۆزدىن قالماق	headword	609_1R.png	unverified
D90-3-05989-v1	گەپتىن قالماق	variant	609_1R.png	unverified
D90-3-05990	سۆز سالماق	headword	609_1R.png	unverified
D90-3-05991	سۆز قاتماق	headword	609_2L.png	unverified
D90-3-05992	سۆز قايتۇرماق	headword	609_2L.png	unverified
D90-3-05992-v1	گەپ ياندۇرماق	variant	609_2L.png	unverified
D90-3-05993	سۆز قوشماق	headword	609_2L.png	unverified
D90-3-05994	سۆز قىستۇرماق	headword	609_2L.png	unverified
D90-3-05995	سۆز قىلماق	headword	609_2L.png	unverified
D90-3-05996	سۆز كوچىلىماق	headword	610_1R.png	unverified
D90-3-05996-v1	گەپ كوچىلىماق	variant	610_1R.png	unverified
D90-3-05997	سۆزگە ئارىلاشماق	headword	610_1R.png	unverified
D90-3-05997-v1	گەپكە ئارىلاشماق	variant	610_1R.png	unverified
D90-3-05998	سۆزگە تۇتماق	headword	610_1R.png	unverified
D90-3-05998-v1	گەپكە تۇتماق	variant	610_1R.png	unverified
D90-3-05999	سۆزگە چىقماق	headword	610_1R.png	unverified
D90-3-06000	سۆزگە سالماق	headword	610_1R.png	unverified
D90-3-06000-v1	گەپكە سالماق	variant	610_1R.png	unverified
D90-3-06001	سۆزگە سۆز كەلمەك	headword	610_1R.png	unverified
D90-3-06001-v1	گەپكە گەپ كەلمەك	variant	610_1R.png	unverified
D90-3-06002	سۆزگە كىرمەك	headword	610_1R.png	unverified
D90-3-06002-v1	گەپكە كىرمەك	variant	610_1R.png	unverified
D90-3-06003	سۆز مەنىسىنىڭ كېڭىيىشى	headword	611_1R.png	unverified
D90-3-06004	سۆزنى بوغىزىغا يۇتۇۋەتمەك	headword	611_1R.png	unverified
D90-3-06005	سۆزنى تارتىۋالماق	headword	611_2L.png	unverified
D90-3-06005-v1	گەپنى تارتىۋالماق	variant	611_2L.png	unverified
D90-3-06006	سۆزنىڭ بېلىگە تەپمەك	headword	611_2L.png	unverified
D90-3-06006-v1	گەپنىڭ بېلىگە تەپمەك	variant	611_2L.png	unverified
D90-3-06007	سۆزنىڭ تۈرلەنگەن قىسمى	headword	611_2L.png	unverified
D90-3-06008	سۆزنىڭ تېگىگە يەتمەك	headword	611_2L.png	unverified
D90-3-06008-v1	گەپنىڭ تېگىگە يەتمەك	variant	611_2L.png	unverified
D90-3-06009	سۆزنى يۆتكىمەك	headword	611_2L.png	unverified
D90-3-06009-v1	گەپنى يۆتكىمەك	variant	611_2L.png	unverified
D90-3-06010	سۆزنى يىرماق	headword	612_1R.png	unverified
D90-3-06010-v1	گەپنى يىرماق	variant	612_1R.png	unverified
D90-3-06011	سۆز ئويناتماق	headword	612_1R.png	unverified
D90-3-06011-v1	گەپ يورغىلاتماق	variant	612_1R.png	unverified
D90-3-06012	سۆز ئويۇنى	headword	612_1R.png	unverified
D90-3-06013	سۆز ئۆزىكى	headword	612_1R.png	unverified
D90-3-06014	سۆزىدە تۇرماق	headword	612_1R.png	unverified
D90-3-06014-v1	گېپىدە تۇرماق	variant	612_1R.png	unverified
D90-3-06015	سۆزىدىن چىقماسلىق	headword	612_1R.png	unverified
D90-3-06016	سۆزىدىن قايتماق	headword	612_1R.png	unverified
D90-3-06018	سۆزى سۆز	headword	612_2L.png	unverified
D90-3-06018-v1	گېپى	variant	612_2L.png	unverified
D90-3-06019	سۆزىنى ئاڭلىماق	headword	612_2L.png	unverified
D90-3-06019-v1	گېپىنى ئاڭلىماق	variant	612_2L.png	unverified
D90-3-06020	سۆزىنى ئالماق	headword	612_2L.png	unverified
D90-3-06021	سۆزىنى بۆلمەك	headword	612_2L.png	unverified
D90-3-06021-v1	گېپىنى بۆلمەك	variant	612_2L.png	unverified
D90-3-06022	سۆزىنى رەت قىلماق	headword	612_2L.png	unverified
D90-3-06022-v1	گېپىنى رەت قىلماق	variant	612_2L.png	unverified
D90-3-06023	سۆزىنى قېقىۋەتمەك	headword	612_2L.png	unverified
D90-3-06023-v1	گېپىنى قېقىۋەتمەك	variant	612_2L.png	unverified
D90-3-06024	سۆزىنى كەسمەك	headword	613_1R.png	unverified
D90-3-06025	سۆزىنى يىرماسلىق	headword	613_1R.png	unverified
D90-3-06025-v1	گېپىنى يىرماسلىق	variant	613_1R.png	unverified
D90-3-06026	سۆزى ئۆتمەك	headword	613_1R.png	unverified
D90-3-06026-v1	گېپى ئۆتمەك	variant	613_1R.png	unverified
D90-3-06027	سۆز ياساش	headword	613_1R.png	unverified
D90-3-06028	سۆز ياساش قائىدىسى	headword	613_1R.png	unverified
D90-3-06029	سۆز ياسىغۇچى قوشۇمچە	headword	613_1R.png	unverified
D90-3-06030	سۆز ياندۇرماق	headword	613_1R.png	unverified
D90-3-06031	سۆز يۇرغىلاتماق	headword	613_2L.png	unverified
D90-3-06032	سۆز يېمەك	headword	613_2L.png	unverified
D90-3-06032-v1	گەپ يېمەك	variant	613_2L.png	unverified
D90-3-06033	سۆز يىلتىزى	headword	613_2L.png	unverified
D90-3-06034	سۆزەڭگۈر	headword	613_2L.png	unverified
D90-3-06035	سۆز-چۆچەك	headword	613_2L.png	unverified
D90-3-06036	سۆز-چۆچەك بولماق	headword	613_2L.png	unverified
D90-3-06037	سۆز-چۆچەك قىلماق	headword	613_2L.png	unverified
D90-3-06038	سۆزخۇمار	headword	614_1R.png	unverified
D90-3-06039	سۆزسىز	headword	614_1R.png	unverified
D90-3-06040	سۆزسىزلىك	headword	614_2L.png	unverified
D90-3-06041	سۆزگەن	headword	614_2L.png	unverified
D90-3-06042	سۆزلەپ	headword	614_2L.png	unverified
D90-3-06043	سۆزلەتكۈزمەك	headword	614_2L.png	unverified
D90-3-06044	سۆزلەتمەك	headword	614_2L.png	unverified
D90-3-06045	سۆزلەشتۈرمەك	headword	615_1R.png	unverified
D90-3-06046	سۆزلەشەك	headword	615_1R.png	unverified
D90-3-06047	سۆزلەم	headword	615_1R.png	unverified
D90-3-06048	سۆزلەنمەك	headword	615_1R.png	unverified
D90-3-06049	سۆزلەيدىغان	headword	615_1R.png	unverified
D90-3-06050	سۆزلەيدىغان بولۇپ قالماق	headword	615_2L.png	unverified
D90-3-06051	سۆزلۈك	headword	615_2L.png	unverified
D90-3-06052	سۆزلىگەك	headword	615_2L.png	unverified
D90-3-06054	سۆزلىمەك	headword	615_2L.png	unverified
D90-3-06055	سۆزمەن	headword	616_1R.png	unverified
D90-3-06056	سۆزمەنلىك	headword	616_1R.png	unverified
D90-3-06057	سۆزمۇسۆز	headword	616_1R.png	unverified
D90-3-06058	سۆز-نەسىھەت	headword	616_2L.png	unverified
D90-3-06059	سۆزنەك	headword	616_2L.png	unverified
D90-3-06060	سۆزنەك شار باكتېرىيىسى	headword	616_2L.png	unverified
D90-3-06061	سۆز-ھەرىكەت	headword	616_2L.png	unverified
D90-3-06062	سۆز-ئىبارە	headword	616_2L.png	unverified
D90-3-06063	سۆسەر	headword	617_1R.png	unverified
D90-3-06065	سۆسەي	headword	617_1R.png	unverified
D90-3-06067	سۆسۈن	headword	617_1R.png	unverified
D90-3-06068	سۆسۈن جامكا	headword	617_1R.png	unverified
D90-3-06069	سۆسۈن چىڭگىلىك	headword	617_2L.png	unverified
D90-3-06070	سۆسۈن داغ	headword	617_2L.png	unverified
D90-3-06071	سۆسۈن رەڭ	headword	617_2L.png	unverified
D90-3-06072	سۆك	headword	617_2L.png	unverified
D90-3-06073	سۆكە	headword	618_1R.png	unverified
D90-3-06075	سۆكتۈرمەك	headword	618_1R.png	unverified
D90-3-06076	سۆكتۈرۈلمەك	headword	618_1R.png	unverified
D90-3-06077	سۆكسۆك	headword	618_1R.png	unverified
D90-3-06078	سۆكسۆكلۈك	headword	618_1R.png	unverified
D90-3-06079	سۆكمەك	headword	618_2L.png	unverified
D90-3-06081	سۆكمەن	headword	618_2L.png	unverified
D90-3-06082	سۆكۈشمەك	headword	619_1R.png	unverified
D90-3-06084	سۆكۈك	headword	619_1R.png	unverified
D90-3-06085	سۆكۈكلۈك	headword	619_1R.png	unverified
D90-3-06086	سۆكۈلمەك	headword	619_1R.png	unverified
D90-3-06087	سۆگەت	headword	619_1R.png	unverified
D90-3-06088	سۆگەتزار ئ	headword	619_2L.png	unverified
D90-3-06089	سۆگەتگۈل	headword	619_2L.png	verified
D90-3-06090	سۆگەتلىك	headword	619_2L.png	unverified
D90-3-06091	سۆگەل	headword	620_1R.png	verified
D90-3-06092	سۆگەل چىقماق	headword	620_1R.png	verified
D90-3-06093	سۆگەلسىمان	headword	620_1R.png	unverified
D90-3-06095	سۆڭەك	headword	620_1R.png	unverified
D90-3-06096	سۆڭەك ئەسۋابلار	headword	620_2L.png	unverified
D90-3-06097	سۆڭەك پۈتۈك	headword	620_2L.png	unverified
D90-3-06098	سۆڭەك كېسەللىكلىرى	headword	620_2L.png	unverified
D90-3-06099	سۆڭەك ئوغۇت	headword	620_2L.png	unverified
D90-3-06100	سۆڭەك يېتىلدۈرگۈچى ھۈجەيرە	headword	621_1R.png	unverified
D90-3-06101	سۆڭەك يېلىمى	headword	621_1R.png	unverified
D90-3-06102	سۆڭكى	headword	621_1R.png	unverified
D90-3-06104	سۆڭەكتىن ئۆتۈپ كەتمەك	headword	621_1R.png	unverified
D90-3-06104-v1	جان-جېنىدىن ئۆتۈپ كەتمەك	variant	621_1R.png	unverified
D90-3-06105	سۆڭەكلىك	headword	621_1R.png	unverified
D90-3-06106	سۆڭەكلىك بېلىقلار تۈركۈمى	headword	621_1R.png	unverified
D90-3-06107	سۆڭگەچ	headword	621_1R.png	unverified
D90-3-06108	سۆڭگەچ پۈرمە كۆڭلەك	headword	621_2L.png	unverified
D90-3-06109	سۆل	headword	621_2L.png	unverified
D90-3-06113	سۆلەت	headword	621_2L.png	unverified
D90-3-06115	سۆلەتپەرەس	headword	622_1R.png	unverified
D90-3-06116	سۆلەتپەرەسلىك	headword	622_1R.png	unverified
D90-3-06117	سۆلەتلىك	headword	622_1R.png	unverified
D90-3-06118	سۆلەتمەن	headword	622_1R.png	unverified
D90-3-06119	سۆلەتۋاز	headword	622_2L.png	unverified
D90-3-06120	سۆلەتۋازلىق	headword	622_2L.png	unverified
D90-3-06121	سۆللۈك	headword	622_2L.png	unverified
D90-3-06122	سۆلۈسۈن	nonstandard	622_2L.png	unverified
D90-3-06123	سۆنىگە	headword	622_2L.png	unverified
D90-3-06124	سۆھبەت	headword	622_2L.png	unverified
D90-3-06126	سۆھبەتخۇمار	headword	623_1R.png	verified
D90-3-06127	سۆھبەتداش	headword	623_1R.png	unverified
D90-3-06128	سۆھبەتلىش	headword	623_1R.png	unverified
D90-3-06129	سۆھبەتلىشمەك	headword	623_1R.png	unverified
D90-3-06130	سۆيدۈرمەك	headword	623_1R.png	unverified
D90-3-06131	سۆيگۈ	headword	623_2L.png	unverified
D90-3-06132	سۆيگۈسىز	headword	623_2L.png	unverified
D90-3-06133	سۆيگۈ-مۇھەببەت	headword	623_2L.png	unverified
D90-3-06134	سۆيمەك	headword	623_2L.png	unverified
D90-3-06135	سۆيۈشمەك	headword	624_1R.png	unverified
D90-3-06136	سۆيۈملۈك	headword	624_1R.png	unverified
D90-3-06137	سۆيۈنچ	headword	624_1R.png	unverified
D90-3-06138	سۆيۈنچە	headword	624_2L.png	unverified
D90-3-06139	سۆيۈنچە بەرمەك	headword	624_2L.png	unverified
D90-3-06140	سۆيۈنچلۈك	headword	624_2L.png	unverified
D90-3-06141	سۆيۈندۈرمەك	headword	625_1R.png	unverified
D90-3-06142	سۆيۈنمەك	headword	625_1R.png	unverified
D90-3-06143	سۆيۈنۈشمەك	headword	625_1R.png	unverified
D90-3-06145	سۈبھى	headword	625_1R.png	unverified
D90-3-06146	سۈپ	headword	625_1R.png	unverified
D90-3-06147	سۈپەت	headword	625_1R.png	unverified
D90-3-06149	سۈپەت ئالماشتۇرۇش	headword	626_1R.png	unverified
D90-3-06150	سۈپەت ئانالىزى	headword	626_1R.png	unverified
D90-3-06151	سۈپەت پېئىلى	headword	626_1R.png	unverified
D90-3-06152	سۈپەت دەرىجىسى	headword	626_1R.png	unverified
D90-3-06153	سۈپەت ھېسسىياتى	headword	626_1R.png	unverified
D90-3-06154	سۈپەت - ئورۇن ئالماشتۇرۇش	headword	626_1R.png	unverified
D90-3-06155	سۈپەت ئۆزگىرىشى	headword	626_2L.png	unverified
D90-3-06156	سۈپەتداش	headword	626_2L.png	unverified
D90-3-06157	سۈپەتسىز	headword	626_2L.png	unverified
D90-3-06158	سۈپەتلەشتۈرمەك	headword	626_2L.png	unverified
D90-3-06159	سۈپەتلەشمەك	headword	626_2L.png	unverified
D90-3-06160	سۈپەتلەنمەك	headword	626_2L.png	unverified
D90-3-06161	سۈپەتلىك	headword	627_1R.png	unverified
D90-3-06162	سۈپەتلىمەك	headword	627_1R.png	unverified
D90-3-06163	سۈپسۈزۈك	headword	627_1R.png	unverified
D90-3-06164	سۈپكۆچ	headword	627_1R.png	verified
D90-3-06165	سۈپكۆچلەتمەك	headword	627_1R.png	verified
D90-3-06166	سۈپكۆچلەشمەك	headword	627_1R.png	verified
D90-3-06167	سۈپكۆچلىمەك	headword	627_1R.png	unverified
D90-3-06168	سۈپۈتمۆرە	headword	627_1R.png	unverified
D90-3-06169	سۈپۈرتمەك	headword	627_1R.png	unverified
D90-3-06170	سۈپۈرگە	headword	627_2L.png	unverified
D90-3-06171	سۈپۈرگە زىيانكەش	headword	627_2L.png	unverified
D90-3-06172	سۈپۈرگە قوناق	headword	627_2L.png	unverified
D90-3-06173	سۈپۈرمەك	headword	627_2L.png	unverified
D90-3-06174	سۈپۈرۈشمەك	headword	627_2L.png	unverified
D90-3-06175	سۈپۈرۈلمەك	headword	627_2L.png	unverified
D90-3-06176	سۈپۈرۈندى	headword	627_2L.png	unverified
D90-3-06177	سۈپىتىدە	headword	627_2L.png	unverified
D90-3-06178	سۈت	headword	628_1R.png	unverified
D90-3-06183	سۈت پاراشوكى	headword	628_2L.png	unverified
D90-3-06184	سۈت چىشى	headword	628_2L.png	unverified
D90-3-06185	سۈت رەڭ	headword	628_2L.png	unverified
D90-3-06186	سۈت شۇيلىسى	headword	628_2L.png	unverified
D90-3-06187	سۈت فېرمىسى	headword	628_2L.png	unverified
D90-3-06188	سۈت قەغەز	headword	628_2L.png	unverified
D90-3-06189	سۈت كالىسى	headword	629_1R.png	unverified
D90-3-06190	سۈت كىلاتا باكتېرىيىسى	headword	629_1R.png	unverified
D90-3-06191	سۈت كىلاتاسى	headword	629_1R.png	unverified
D90-3-06192	سۈت نەيچىلىرى	headword	629_1R.png	unverified
D90-3-06193	سۈت ھەققى	headword	629_1R.png	unverified
D90-3-06194	سۈتتەك	headword	629_1R.png	unverified
D90-3-06195	سۈتچى	headword	629_1R.png	verified
D90-3-06196	سۈتچىلىك	headword	629_2L.png	verified
D90-3-06197	سۈتخور	headword	629_2L.png	verified
D90-3-06199	سۈتخورلۇق	headword	629_2L.png	verified
D90-3-06200	سۈت-قايماق	headword	629_2L.png	verified
D90-3-06201	سۈت-قىمىز	headword	629_2L.png	verified
D90-3-06202	سۈتلەتمەك	headword	629_2L.png	verified
D90-3-06203	سۈتلەنمەك	headword	629_2L.png	verified
D90-3-06204	سۈتلۈك	headword	629_2L.png	verified
D90-3-06207	سۈتلۈكئوت	headword	630_1R.png	verified
D90-3-06208	سۈتلىگەن	headword	630_1R.png	unverified
D90-3-06209	سۈتلىمەك	headword	630_1R.png	unverified
D90-3-06210	سۈتلىنىش	headword	630_1R.png	unverified
D90-3-06211	سۈتۈن	headword	630_1R.png	unverified
D90-3-06212	سۈر	headword	630_1R.png	unverified
D90-3-06216	سۈرە	headword	630_2L.png	unverified
D90-3-06217	سۈرئەت	headword	630_2L.png	unverified
D90-3-06219	سۈرەت	headword	631_1R.png	unverified
D90-3-06221	سۈرەت تارتىش ئاپپاراتى	headword	631_2L.png	unverified
D90-3-06223	سۈرەتتەك	headword	631_2L.png	unverified
D90-3-06224	سۈرەتچى	headword	631_2L.png	unverified
D90-3-06225	سۈرەتچىلىك	headword	631_2L.png	unverified
D90-3-06226	سۈرەتخانا	headword	631_2L.png	unverified
D90-3-06227	سۈرەتلەنمەك	headword	631_2L.png	unverified
D90-3-06228	سۈرەتلىك	headword	631_2L.png	unverified
D90-3-06229	سۈرەتلىمەك	headword	631_2L.png	unverified
D90-3-06230	سۈرەن	headword	631_2L.png	unverified
D90-3-06231	سۆرەن	headword	632_1R.png	unverified
D90-3-06232	سۆرەن سىز	headword	632_1R.png	unverified
D90-3-06233	سۆر-توقاي	headword	632_1R.png	unverified
D90-3-06234	سۆر-توقاي قىلماق	headword	632_1R.png	unverified
D90-3-06235	سۈرتكۈچ	headword	632_1R.png	unverified
D90-3-06236	سۈرتكۈزمەك	headword	632_1R.png	unverified
D90-3-06237	سۈرتمەك	headword	632_1R.png	unverified
D90-3-06238	سۈرتۈشمەك	headword	632_1R.png	unverified
D90-3-06239	سۈرتۈلمەك	headword	632_2L.png	unverified
D90-3-06240	سۈركەتمەك	headword	632_2L.png	unverified
D90-3-06241	سۈركەشمەك	headword	632_2L.png	unverified
D90-3-06242	سۈركەلمە	headword	632_2L.png	unverified
D90-3-06244	سۈركەلمەك	headword	632_2L.png	unverified
D90-3-06245	سۈركەنمەك	headword	632_2L.png	unverified
D90-3-06246	سۈركىلىش	headword	632_2L.png	unverified
D90-3-06247	سۈركىلىش كۈچى	headword	633_1R.png	unverified
D90-3-06248	سۈركىلىشچان	headword	633_1R.png	unverified
D90-3-06249	سۈركىلىشچانلىق	headword	633_1R.png	unverified
D90-3-06250	سۈركىمەك	headword	633_2L.png	unverified
D90-3-06251	سۈرگە	headword	633_2L.png	unverified
D90-3-06252	سۈرگۈزمەك	headword	633_2L.png	unverified
D90-3-06253	سۈرگۈن	headword	633_2L.png	unverified
D90-3-06254	سۈرگۈن بولماق	headword	634_1R.png	unverified
D90-3-06255	سۈرگۈن جازاسى	headword	634_1R.png	unverified
D90-3-06256	سۈرگۈن قىلماق	headword	634_1R.png	unverified
D90-3-06257	سۈرلەتمەك	headword	634_2L.png	unverified
D90-3-06258	سۈرلەشمەك	headword	634_2L.png	unverified
D90-3-06259	سۈرلەنمەك	headword	634_2L.png	unverified
D90-3-06260	سۈرلۈك	headword	634_2L.png	unverified
D90-3-06261	سۈرلۈكلەشتۈرمەك	headword	634_2L.png	unverified
D90-3-06262	سۈرلۈكلەشمەك	headword	634_2L.png	unverified
D90-3-06263	سۈرلىمەك	headword	634_2L.png	unverified
D90-3-06264	سۈرمە	headword	634_2L.png	unverified
D90-3-06265	سۈرمە تارتماق	headword	635_1R.png	unverified
D90-3-06266	سۈرمە تاش	headword	635_1R.png	unverified
D90-3-06266-v1	گرافىت	variant	635_1R.png	unverified
D90-3-06267	سۈرمە چېچىكى	headword	635_1R.png	unverified
D90-3-06268	سۈرمەك	headword	635_1R.png	unverified
D90-3-06269	سۈرۈپ توقاي قىلماق	headword	635_2L.png	unverified
D90-3-06269-v1	سۈر-توقاي قىلماق	variant	635_2L.png	unverified
D90-3-06271	سۈرمەل	headword	635_2L.png	unverified
D90-3-06272	سۈرمىلىك	headword	635_2L.png	unverified
D90-3-06273	سۈرۈشتە	headword	636_1R.png	unverified
D90-3-06273-v1	سۈرۈشتە قىلماق	variant	636_1R.png	unverified
D90-3-06274	سۈرۈشتۈرمەك	headword	636_1R.png	unverified
D90-3-06276	سۈرۈشتۈرۈشمەك	headword	636_1R.png	unverified
D90-3-06277	سۈرۈشتۈرۈلمەك	headword	636_1R.png	unverified
D90-3-06278	سۈرۈشمەك	headword	636_1R.png	unverified
D90-3-06280	سۈرۈك	headword	636_2L.png	unverified
D90-3-06282	سۈرۈلمەك	headword	636_2L.png	unverified
D90-3-06284	سۈز	headword	636_2L.png	unverified
D90-3-06285	سۈزە	headword	636_2L.png	unverified
D90-3-06286	سۈزدۈرمەك	headword	637_1R.png	unverified
D90-3-06287	سۈزدۈرۈشمەك	headword	637_1R.png	unverified
D90-3-06288	سۈزدۈرۈلمەك	headword	637_1R.png	unverified
D90-3-06289	سۈزگە	headword	637_1R.png	unverified
D90-3-06290	سۈزگەك	headword	637_1R.png	unverified
D90-3-06291	سۈزگۈچ	headword	637_1R.png	unverified
D90-3-06293	سۈزگۈچلىمەك	headword	637_1R.png	unverified
D90-3-06294	سۈزمە	headword	637_1R.png	unverified
D90-3-06295	سۈزمە تور	headword	637_2L.png	unverified
D90-3-06296	سۈزمە خالتىسى	headword	637_2L.png	unverified
D90-3-06298	سۈزمەك	headword	637_2L.png	unverified
D90-3-06300	سۈزۈشمەك	headword	638_1R.png	unverified
D90-3-06301	سۈزۈك	headword	638_1R.png	unverified
D90-3-06308	سۈزۈكلۈك	headword	638_2L.png	unverified
D90-3-06309	سۈزۈلدۈرمەك	headword	639_1R.png	unverified
D90-3-06310	سۈزۈلمەك	headword	639_1R.png	unverified
D90-3-06311	سۈكەن	headword	639_1R.png	unverified
D90-3-06312	سۈكۈت	headword	639_2L.png	unverified
D90-3-06313	سۈكۈتتە تۇرماق	headword	639_2L.png	unverified
D90-3-06314	سۈكۈت چۈشمەك	headword	639_2L.png	unverified
D90-3-06315	سۈكۈت قىلماق	headword	639_2L.png	unverified
D90-3-06316	سۈكۈتچان	headword	639_2L.png	unverified
D90-3-06317	سۈكۈتلۈك	headword	639_2L.png	unverified
D90-3-06318	سۈكۈنات	headword	640_1R.png	unverified
D90-3-06319	سۈڭگۈتمە	headword	640_1R.png	unverified
D90-3-06320	سۈڭگۈتمەك	headword	640_1R.png	unverified
D90-3-06321	سۈڭگۈچ	headword	640_1R.png	unverified
D90-3-06323	سۈڭگۈمەك	headword	640_2L.png	unverified
D90-3-06324	سۈلە	headword	640_2L.png	unverified
D90-3-06325	سۈلەيسۈن	headword	640_2L.png	unverified
D90-3-06326	سۈلكەت	headword	641_1R.png	unverified
D90-3-06327	سۈلكەت قىلماق	headword	641_1R.png	unverified
D90-3-06328	سۈلكەتلىك	headword	641_1R.png	unverified
D90-3-06329	سۈلھ	headword	641_1R.png	unverified
D90-3-06330	سۈلھپەرۋەر	headword	641_2L.png	verified
D90-3-06331	سۈلھپەرۋەرلىك	headword	641_2L.png	unverified
D90-3-06332	سۈلھچى	headword	641_2L.png	unverified
D90-3-06333	سۈلھچىلىك	headword	641_2L.png	unverified
D90-3-06334	سۈلھ-سالا	headword	641_2L.png	unverified
D90-3-06335	سۈلھلەشمەك	headword	641_2L.png	unverified
D90-3-06336	سۈلۈك	nonstandard	641_2L.png	unverified
D90-3-06337	سۈمە	headword	641_2L.png	unverified
D90-3-06338	سۈمەل	headword	641_2L.png	unverified
D90-3-06339	سۈمەللەشمەك	headword	641_2L.png	unverified
D90-3-06340	سۈمبە	headword	641_2L.png	unverified
D90-3-06341	سۈمبىلىك	headword	642_1R.png	unverified
D90-3-06342	سۈمۈرتمەك	headword	642_1R.png	unverified
D90-3-06343	سۈمۈرگۈچ	headword	642_1R.png	unverified
D90-3-06344	سۈمۈرمەك	headword	642_1R.png	unverified
D90-3-06345	سۈمۈرۈشمەك	headword	642_1R.png	unverified
D90-3-06346	سۈمۈرۈلگەن	headword	642_1R.png	unverified
D90-3-06348	سۈمۈرۈلمەك	headword	642_2L.png	unverified
D90-3-06349	سۈمۈلەڭ	headword	642_2L.png	unverified
D90-3-06350	سۈندۈك	headword	642_2L.png	unverified
D90-3-06351	سۈنگۈ	headword	642_2L.png	unverified
D90-3-06352	سۈننەت	headword	642_2L.png	unverified
D90-3-06353	سۈننەت توي	headword	643_1R.png	unverified
D90-3-06354	سۈننەت قىلماق	headword	643_1R.png	unverified
D90-3-06354-v1	خەتنە قىلماق	variant	643_1R.png	unverified
D90-3-06355	سۈننەتچى	headword	643_1R.png	unverified
D90-3-06356	سۈننەتلىك	headword	643_1R.png	unverified
D90-3-06357	سۈننىي	headword	643_1R.png	unverified
D90-3-06358	سۈننىي مەزھىپى	headword	643_1R.png	unverified
D90-3-06359	سۈنئىي	headword	643_2L.png	unverified
D90-3-06364	سۈنئىي كاۋچۇك	headword	644_1R.png	unverified
D90-3-06364-v1	سېنتېتىك كاۋچۇك	variant	644_1R.png	unverified
D90-3-06365	سۈنئىي كرىستال	headword	644_1R.png	verified
D90-3-06366	سۈنئىي ماگنىت	headword	644_1R.png	unverified
D90-3-06367	سۈنئىي مەرمەر	headword	644_1R.png	unverified
D90-3-06368	سۈنئىي مۇز	headword	644_1R.png	unverified
D90-3-06369	سۈنئىي مۇز مەيدانى	headword	644_1R.png	unverified
D90-3-06370	سۈنئىي نېفىت	headword	644_1R.png	verified
D90-3-06370-v1	سېنتېتىك نېفىت	variant	644_1R.png	verified
D90-3-06371	سۈنئىي ھەرىكەت	headword	644_1R.png	unverified
D90-3-06372	سۈنئىي ھەمراھ	headword	644_1R.png	unverified
D90-3-06373	سۈنئىي ئوتلاق	headword	644_2L.png	unverified
D90-3-06374	سۈنئىي ئۇرۇقلاندۇرۇش	headword	644_2L.png	unverified
D90-3-06375	سۈنئىي ئۈسۈل	headword	644_2L.png	unverified
D90-3-06376	سۈنئىي ئىممۇنىتېت	headword	644_2L.png	unverified
D90-3-06377	سۈنئىيلەشمەك	headword	644_2L.png	unverified
D90-3-06378	سۈنئىيلىك	headword	645_1R.png	unverified
D90-3-06379	سۈۋە	headword	645_1R.png	unverified
D90-3-06380	سۈۋەرەك	headword	645_1R.png	unverified
D90-3-06381	سۈيدۈك	headword	645_1R.png	unverified
D90-3-06384	سۈيدۈك نەيچىسى	headword	645_2L.png	unverified
D90-3-06385	سۈيدۈك يولى	headword	645_2L.png	unverified
D90-3-06386	سۈيدۈك يولى ياللۇغى	headword	645_2L.png	unverified
D90-3-06387	سۈيلەت	headword	645_2L.png	unverified
D90-3-06388	سۈيلەشمەك	headword	645_2L.png	unverified
D90-3-06389	سۈيلەنمەك	headword	645_2L.png	unverified
D90-3-06390	سۈيلىمەك	headword	645_2L.png	unverified
D90-3-06391	سې	headword	646_1R.png	unverified
D90-3-06392	سېپاراتور	headword	646_1R.png	unverified
D90-3-06393	سېپالۇس	headword	646_1R.png	unverified
D90-3-06394	سېپىتتىسېمىيە	headword	646_1R.png	unverified
D90-3-06395	سېپىشماق	headword	646_1R.png	unverified
D90-3-06396	سېپىشمەك	headword	646_1R.png	unverified
D90-3-06397	سېپىل	headword	646_1R.png	unverified
D90-3-06398	سېپىلماق	headword	646_2L.png	unverified
D90-3-06399	سېپىلمەك	headword	646_2L.png	unverified
D90-3-06400	سېتكا	headword	646_2L.png	unverified
D90-3-06401	سېتىشتۇرماق	headword	646_2L.png	unverified
D90-3-06402	سېتىشماق	headword	647_1R.png	unverified
D90-3-06403	سېتىق	headword	647_1R.png	unverified
D90-3-06404	سېتىق ئاش	headword	647_1R.png	unverified
D90-3-06405	سېتىقچى	headword	647_1R.png	unverified
D90-3-06406	سېتىقچىلىق	headword	647_1R.png	unverified
D90-3-06407	سېتىلما	headword	647_2L.png	unverified
D90-3-06408	سېتىلماق	headword	647_2L.png	unverified
D90-3-06409	سېتىلمىلىق	headword	647_2L.png	unverified
D90-3-06409-v1	ساتقىنلىق	variant	647_2L.png	unverified
D90-3-06410	سېتىۋالغۇچى	headword	647_2L.png	unverified
D90-3-06411	سېتىۋالماق	headword	647_2L.png	verified
D90-3-06412	سېتىۋېلىش	headword	647_2L.png	unverified
D90-3-06413	سېتىۋېلىنماق	headword	648_1R.png	unverified
D90-3-06414	سېخ	headword	648_1R.png	unverified
D90-3-06415	سېخىي	headword	648_1R.png	unverified
D90-3-06416	سېخىيلاشتۇرماق	headword	648_2L.png	unverified
D90-3-06417	سېخىيلىق	headword	648_2L.png	unverified
D90-3-06418	سېخىيلىقى تۇتماق	headword	648_2L.png	unverified
D90-3-06419	سېدە	headword	649_1R.png	unverified
D90-3-06420	سېدىلىك	headword	649_1R.png	unverified
D90-3-06421	سېرپېنتىن	headword	649_1R.png	unverified
D90-3-06423	سېرپېننىت	headword	649_1R.png	unverified
D90-3-06424	سېرىژانت	headword	649_1R.png	unverified
D90-3-06424-v1	جۇڭشى	variant	649_1R.png	unverified
D90-3-06425	سېرك	headword	649_2L.png	unverified
D90-3-06426	سېركچى	headword	649_2L.png	unverified
D90-3-06427	سېركچىلىك	headword	649_2L.png	unverified
D90-3-06428	سېرېسان	headword	649_2L.png	unverified
D90-3-06429	سېرى	headword	649_2L.png	unverified
D90-3-06430	سېرىس	headword	650_1R.png	unverified
D90-3-06431	سېرىس دەرىخى	headword	650_1R.png	unverified
D90-3-06432	سېرىس سۆگەت	headword	650_1R.png	unverified
D90-3-06433	سېرىسىس	headword	650_2L.png	verified
D90-3-06434	سېرىسىس دەرىخى	headword	650_2L.png	unverified
D90-3-06435	سېرىق	headword	650_2L.png	unverified
D90-3-06436	سېرىق ئاش	headword	650_2L.png	unverified
D90-3-06437	سېرىق ئاغمىخان	headword	650_2L.png	unverified
D90-3-06438	سېرىق ئاكاتسىيە	headword	651_1R.png	unverified
D90-3-06439	سېرىق ئالا شاخسانىغۇچ	headword	651_1R.png	unverified
D90-3-06440	سېرىق ئامۇت	headword	651_1R.png	unverified
D90-3-06441	سېرىق ئەتىرگۈل	headword	651_1R.png	unverified
D90-3-06442	سېرىق ئەمەن	headword	651_1R.png	unverified
D90-3-06442-v1	سېسىق ئەمەن	variant	651_1R.png	unverified
D90-3-06443	سېرىق ئەنجۈر	headword	651_1R.png	unverified
D90-3-06444	سېرىق بۇيا	headword	651_2L.png	unverified
D90-3-06445	سېرىق بۈركۈت	headword	651_2L.png	unverified
D90-3-06446	سېرىق بېلىق	headword	651_2L.png	unverified
D90-3-06447	سېرىق پۇرچاق	headword	651_2L.png	unverified
D90-3-06448	سېرىق تاماكا	headword	651_2L.png	unverified
D90-3-06449	سېرىق تەنچە	headword	651_2L.png	unverified
D90-3-06450	سېرىق تەن گورمونى	headword	652_1R.png	unverified
D90-3-06451	سېرىق تەنلىكلەر	headword	652_1R.png	unverified
D90-3-06452	سېرىق توپا	headword	652_1R.png	unverified
D90-3-06453	سېرىق توغاچ	headword	652_2L.png	unverified
D90-3-06454	سېرىق تۆمۈر تاش	headword	652_2L.png	unverified
D90-3-06455	سېرىق تۈك	headword	652_2L.png	unverified
D90-3-06457	سېرىق جۇخار	headword	652_2L.png	unverified
D90-3-06458	سېرىق جىنس	headword	653_1R.png	verified
D90-3-06458-v1	موڭغۇل ئىرقى	variant	653_1R.png	verified
D90-3-06459	سېرىق جىنلىقلار	headword	653_1R.png	verified
D90-3-06460	سېرىق چاشقان	headword	653_1R.png	unverified
D90-3-06461	سېرىق چۈشۈش	headword	653_1R.png	unverified
D90-3-06462	سېرىق چىرىمتال	headword	653_1R.png	unverified
D90-3-06463	سېرىق داغ	headword	653_2L.png	unverified
D90-3-06464	سېرىق سۆگەت	headword	653_2L.png	unverified
D90-3-06465	سېرىق سترېپتومىتسىن	headword	653_2L.png	unverified
D90-3-06466	سېرىق سۈندۈك	headword	653_2L.png	unverified
D90-3-06467	سېرىق شاپتۇل	headword	653_2L.png	unverified
D90-3-06468	سېرىق قار	headword	653_2L.png	unverified
D90-3-06469	سېرىق قاشقا قۇشقاچ	headword	654_1R.png	unverified
D90-3-06470	سېرىق قان تۇزى	headword	654_1R.png	unverified
D90-3-06471	سېرىق قۇشقاچ	headword	654_1R.png	unverified
D90-3-06472	سېرىق قىچا	headword	654_2L.png	unverified
D90-3-06472-v1	قىچا	variant	654_2L.png	unverified
D90-3-06473	سېرىق قىزىتما	headword	654_2L.png	unverified
D90-3-06474	سېرىق كاۋاش	headword	654_2L.png	verified
D90-3-06475	سېرىق كەندىر	headword	654_2L.png	unverified
D90-3-06476	سېرىق كۆكچە	headword	654_2L.png	unverified
D90-3-06477	سېرىق كېسەل	headword	654_2L.png	unverified
D90-3-06478	سېرىق گۈللۈك بېدە	headword	654_2L.png	unverified
D90-3-06479	سېرىق موم	headword	655_1R.png	unverified
D90-3-06480	سېرىق مىس	headword	655_1R.png	unverified
D90-3-06481	سېرىق مىس تاش	headword	655_1R.png	unverified
D90-3-06482	سېرىق ھاراق	headword	655_1R.png	unverified
D90-3-06483	سېرىق ھالقىلىق يىلان	headword	655_1R.png	unverified
D90-3-06484	سېرىق ھەرە	headword	655_2L.png	unverified
D90-3-06485	سېرىق ھېلىلە	headword	655_2L.png	unverified
D90-3-06486	سېرىق ئوسا	headword	655_2L.png	unverified
D90-3-06487	سېرىق ئۇيغۇر	headword	655_2L.png	unverified
D90-3-06487-v1	يۈغۇر	variant	655_2L.png	unverified
D90-3-06488	سېرىق ئېچىتقۇ زەمبۇرۇغى	headword	655_2L.png	unverified
D90-3-06489	سېرىق ياغلىقلىقلار قوزغىلىڭى	headword	655_2L.png	unverified
D90-3-06490	سېرىق ياللىق مايمۇن	headword	655_2L.png	unverified
D90-3-06491	سېرىق يەسىمەن	headword	656_1R.png	unverified
D90-3-06492	سېرىق يۆگەي	headword	656_1R.png	unverified
D90-3-06493	سېرىق يۈسۈنلەر تىپى	headword	656_1R.png	unverified
D90-3-06494	سېرىق يىلان	headword	656_1R.png	unverified
D90-3-06495	سېرىق يىلىك	headword	656_2L.png	unverified
D90-3-06496	سېرىقئەت	headword	656_2L.png	verified
D90-3-06497	سېرىقتال	headword	656_2L.png	verified
D90-3-06498	سېرىقتال بولماق	headword	657_1R.png	unverified
D90-3-06499	سېرىقچاي	headword	657_1R.png	verified
D90-3-06500	سېرىقچېچەك	headword	657_1R.png	verified
D90-3-06500-v1	قارىكۆز بەدىيان	variant	657_1R.png	verified
D90-3-06501	سېرىقسۇ	headword	657_1R.png	verified
D90-3-06502	سېرىقلىق	headword	657_2L.png	unverified
D90-3-06503	سېرىقمارشال	headword	657_2L.png	verified
D90-3-06504	سېرىقئېشەك	headword	657_2L.png	verified
D90-3-06504-v1	چايان	variant	657_2L.png	verified
D90-3-06505	سېرىن	headword	657_2L.png	unverified
D90-3-06506	سېرىنگۈل	headword	657_2L.png	verified
D90-3-06507	سېرىي	headword	657_2L.png	unverified
D90-3-06508	سېزىشمەك	headword	657_2L.png	verified
D90-3-06509	سېزىك	headword	658_1R.png	unverified
D90-3-06511	سېزىكلىك	headword	658_1R.png	unverified
D90-3-06512	سېزىلەر-سېزىلمەس	headword	658_1R.png	unverified
D90-3-06513	سېزىلەرلىك	headword	658_1R.png	unverified
D90-3-06514	سېزىلەرك	headword	658_2L.png	unverified
D90-3-06515	سېزىم	headword	658_2L.png	unverified
D90-3-06516	سېزىمچان	headword	658_2L.png	unverified
D90-3-06517	سېزىمچانلىق	headword	658_2L.png	unverified
D90-3-06518	سېزىي	headword	659_1R.png	unverified
D90-3-06519	سېسترا	headword	659_1R.png	unverified
D90-3-06520	سېسترالىق	headword	659_1R.png	unverified
D90-3-06521	سېسىتماق	headword	659_1R.png	unverified
D90-3-06522	سېسىشماق	headword	659_2L.png	unverified
D90-3-06523	سېسىق	headword	659_2L.png	unverified
D90-3-06524	سېسىق ئاپېلىسىن	headword	659_2L.png	unverified
D90-3-06526	سېسىق بەز	headword	660_1R.png	unverified
D90-3-06527	سېسىق چۈلۈك	headword	660_1R.png	unverified
D90-3-06527-v1	چۈلۈك	variant	660_1R.png	unverified
D90-3-06528	سېسىق سانجىقئوت	headword	660_1R.png	unverified
D90-3-06529	سېسىق كېكىرمەك	headword	660_1R.png	unverified
D90-3-06530	سېسىق گەپ	headword	660_1R.png	unverified
D90-3-06531	سېسىق لويلا	headword	660_2L.png	unverified
D90-3-06532	سېسىقتال	headword	660_2L.png	verified
D90-3-06533	سېسىقچىلىق	headword	660_2L.png	unverified
D90-3-06534	سېسىقكۈزەن	headword	661_1R.png	verified
D90-3-06535	سېسىقلىق	headword	661_1R.png	unverified
D90-3-06536	سېسىقيار	headword	661_1R.png	verified
D90-3-06537	سېسىماق	headword	661_1R.png	unverified
D90-3-06538	سېسىمچىلىق	headword	661_1R.png	unverified
D90-3-06539	سېغىز	headword	661_2L.png	unverified
D90-3-06543	سېغىزغان	headword	662_1R.png	unverified
D90-3-06544	سېغىزلىق	headword	662_1R.png	unverified
D90-3-06545	سېغىشماق	headword	662_2L.png	unverified
D90-3-06546	سېغىق	headword	662_2L.png	unverified
D90-3-06547	سېغىقسىز	headword	662_2L.png	unverified
D90-3-06548	سېغىلماق	headword	662_2L.png	unverified
D90-3-06549	سېغىن	headword	662_2L.png	unverified
D90-3-06551	سېغىن ئۆچكە	headword	663_1R.png	unverified
D90-3-06552	سېغىن ئىنەك	headword	663_1R.png	unverified
D90-3-06552-v1	سېغىن سېيىر	variant	663_1R.png	unverified
D90-3-06553	سېغىنچېچەك	headword	663_1R.png	verified
D90-3-06554	سېغىنچى	headword	663_1R.png	unverified
D90-3-06555	سېغىندۇرماق	headword	663_1R.png	unverified
D90-3-06556	سېغىنماق	headword	663_1R.png	unverified
D90-3-06557	سېغىنىش	headword	663_2L.png	unverified
D90-3-06558	سېغىنىشلىق	headword	663_2L.png	unverified
D90-3-06559	سېغىنغاق	headword	664_1R.png	unverified
D90-3-06560	سېفىي	headword	664_1R.png	verified
D90-3-06561	سېفىي يۇلتۇز تۈركۈمى	headword	664_1R.png	unverified
D90-3-06562	سېكانس	headword	664_1R.png	unverified
D90-3-06563	سېكتور	headword	664_1R.png	unverified
D90-3-06564	سېكرېتار	headword	664_1R.png	unverified
D90-3-06565	سېكسىۋۇل	headword	664_1R.png	unverified
D90-3-06566	سېكل	headword	664_1R.png	verified
D90-3-06567	سېكۇنت	headword	664_2L.png	unverified
D90-3-06568	سېكۇنتلىق	headword	664_2L.png	unverified
D90-3-06569	سېكۇندومېر	headword	664_2L.png	unverified
D90-3-06570	سېكىلەك	headword	664_2L.png	unverified
D90-3-06571	سېكىلەك چاچ	headword	665_1R.png	unverified
D90-3-06573	سېكىلەكلىك	headword	665_2L.png	unverified
D90-3-06574	سېكىن	headword	665_2L.png	unverified
D90-3-06575	سېگمېنت	headword	665_2L.png	unverified
D90-3-06576	سېلتىز	headword	665_2L.png	unverified
D90-3-06577	سېلتىز دەرىغى	headword	665_2L.png	unverified
D90-3-06578	سېلسىيە	headword	665_2L.png	unverified
D90-3-06579	سېلسىيە شكالىسى	headword	665_2L.png	unverified
D90-3-06580	سېللوفان	headword	666_1R.png	unverified
D90-3-06581	سېللىمانىت	headword	666_1R.png	unverified
D90-3-06582	سېلليۇلوزا	headword	666_1R.png	unverified
D90-3-06583	سېلليۇلوئىد	headword	666_2L.png	unverified
D90-3-06584	سېلېستىن	headword	666_2L.png	unverified
D90-3-06585	سېلىترا	headword	666_2L.png	unverified
D90-3-06586	سېلىشتۇرغۇچى	headword	666_2L.png	unverified
D90-3-06587	سېلىشتۇرغۇسىز	headword	667_1R.png	unverified
D90-3-06588	سېلىشتۇرما	headword	667_1R.png	unverified
D90-3-06590	سېلىشتۇرما باھا	headword	667_2L.png	verified
D90-3-06590-v1	ئۆزگەرمەس باھا	variant	667_2L.png	verified
D90-3-06591	سېلىشتۇرما دەرىجە	headword	667_2L.png	unverified
D90-3-06591-v1	كېمەيتمە دەرىجە	variant	667_2L.png	unverified
D90-3-06592	سېلىشتۇرما قارشىلىق	headword	667_2L.png	unverified
D90-3-06593	سېلىشتۇرما نەملىك	headword	667_2L.png	unverified
D90-3-06594	سېلىشتۇرما ئېغىرلىق	headword	667_2L.png	unverified
D90-3-06595	سېلىشتۇرماق	headword	667_2L.png	unverified
D90-3-06596	سېلىشتۇرۇش	headword	668_1R.png	unverified
D90-3-06597	سېلىشتۇرۇلماق	headword	668_1R.png	unverified
D90-3-06598	سېلىشماق	headword	668_1R.png	unverified
D90-3-06599	سېلىق	headword	668_2L.png	unverified
D90-3-06602	سېلىقلىق	headword	669_1R.png	unverified
D90-3-06603	سېلىك	headword	669_1R.png	unverified
D90-3-06605	سېلىكماك	headword	669_1R.png	unverified
D90-3-06606	سېلىم	headword	669_2L.png	unverified
D90-3-06607	سېلېن	headword	669_2L.png	unverified
D90-3-06608	سېلىنجا	nonstandard	669_2L.png	unverified
D90-3-06609	سېلىنچا	headword	669_2L.png	unverified
D90-3-06610	سېلىنچى	nonstandard	669_2L.png	unverified
D90-3-06611	سېلىنماق	headword	669_2L.png	unverified
D90-3-06612	سېماسىئولوگىيە	headword	670_1R.png	unverified
D90-3-06613	سېمانتىكا	headword	670_1R.png	unverified
D90-3-06614	سېمانتىكلىق	headword	670_1R.png	unverified
D90-3-06615	سېمونت	headword	670_1R.png	unverified
D90-3-06617	سېمونت لاي ماشىنىسى	headword	670_2L.png	unverified
D90-3-06618	سېمونتلاتماق	headword	670_2L.png	unverified
D90-3-06619	سېمونتلاشماق	headword	670_2L.png	unverified
D90-3-06620	سېمونتلىنىش	headword	670_2L.png	unverified
D90-3-06621	سېمونتلىماق	headword	670_2L.png	unverified
D90-3-06623	سېمىز	headword	670_2L.png	unverified
D90-3-06624	سېمىزلىك	headword	670_2L.png	unverified
D90-3-06625	سېمىزئوت	headword	671_1R.png	verified
D90-3-06626	سېنارىيە	headword	671_1R.png	unverified
D90-3-06627	سېنارىيەچى	headword	671_1R.png	unverified
D90-3-06628	سېنارىيەلەشتۈرمەك	headword	671_1R.png	unverified
D90-3-06629	سېنارىيەلەشتۈرۈلمەك	headword	671_1R.png	unverified
D90-3-06630	سېنتاۋر	headword	671_2L.png	unverified
D90-3-06631	سېنتاۋر يۇلتۇز تۈركۈمى	headword	671_2L.png	unverified
D90-3-06632	سېنتەبر	headword	671_2L.png	unverified
D90-3-06633	سېنتر	headword	671_2L.png	unverified
D90-3-06634	سېنتنېر	headword	671_2L.png	unverified
D90-3-06635	سېنتىمېنتالىزم	headword	671_2L.png	unverified
D90-3-06636	سېنكا	headword	671_2L.png	unverified
D90-3-06637	سېنىڭچە	headword	672_1R.png	unverified
D90-3-06638	سېنىڭكى	headword	672_1R.png	unverified
D90-3-06639	سېھىر	headword	672_1R.png	unverified
D90-3-06640	سېھىر قىلماق	headword	672_1R.png	unverified
D90-3-06640-v1	سېھىرلىمەك	variant	672_1R.png	unverified
D90-3-06641	سېھىرچى	headword	672_1R.png	unverified
D90-3-06642	سېھىرگەر	headword	672_2L.png	verified
D90-3-06643	سېھىرگەرلىك	headword	672_2L.png	unverified
D90-3-06644	سېھىرلەشمەك	headword	672_2L.png	unverified
D90-3-06645	سېھىرلەنمەك	headword	672_2L.png	unverified
D90-3-06646	سېھىرلىك	headword	672_2L.png	unverified
D90-3-06647	سېھىرلە	headword	673_1R.png	unverified
D90-3-06648	سېھىرىي	headword	673_1R.png	unverified
D90-3-06649	سېھىرىي كۈچ	headword	673_1R.png	unverified
D90-3-06650	سېئولىت	headword	673_2L.png	unverified
D90-3-06651	سېۋەپخانا	headword	673_2L.png	unverified
D90-3-06652	سېۋەت	headword	673_2L.png	unverified
D90-3-06653	سېۋەتچى	headword	673_2L.png	unverified
D90-3-06654	سېۋەتلەپ	headword	673_2L.png	unverified
D90-3-06655	سېيالكا	headword	673_2L.png	verified
D90-3-06656	سېيالكىچى	headword	674_1R.png	unverified
D90-3-06657	سېيسىمولوگىيە	headword	674_1R.png	unverified
D90-3-06658	سېيىشماق	headword	674_1R.png	unverified
D90-3-06659	سېيىلماق	headword	674_1R.png	unverified
D90-3-06660	سىئال	headword	674_1R.png	unverified
D90-3-06660-v1	سىئال قاتلىمى	variant	674_1R.png	unverified
D90-3-06663	سىئان	headword	674_2L.png	unverified
D90-3-06664	سىئانىد	headword	674_2L.png	unverified
D90-3-06665	سىئانىد كىسلاتا	headword	674_2L.png	unverified
D90-3-06667	سىپا	headword	674_2L.png	unverified
D90-3-06668	سىپار	headword	674_2L.png	unverified
D90-3-06669	سىپارگەر	headword	675_1R.png	unverified
D90-3-06670	سىپارگەرلىك	headword	675_1R.png	unverified
D90-3-06671	سىپارى	headword	675_1R.png	unverified
D90-3-06672	سىپاشماق	nonstandard	675_1R.png	unverified
D90-3-06673	سىپاھ	headword	675_1R.png	unverified
D90-3-06673-i1	سىپاھى	inflected	675_1R.png	unverified
D90-3-06674	سىپاھلىق	headword	675_1R.png	unverified
D90-3-06675	سىپايە	headword	675_2L.png	unverified
D90-3-06678	سىپايى	nonstandard	676_1R.png	unverified
D90-3-06679	سىپايىگەر	headword	676_1R.png	unverified
D90-3-06680	سىپايىگەرچىلىك	headword	676_1R.png	unverified
D90-3-06681	سىپايىگەرلىك	headword	676_1R.png	unverified
D90-3-06682	سىپايىلەشمەك	headword	676_1R.png	unverified
D90-3-06683	سىپايىلىك	headword	676_1R.png	unverified
D90-3-06684	سىپەر	headword	676_1R.png	unverified
D90-3-06685	سىپە نچى	headword	676_2L.png	unverified
D90-3-06686	سىپتا	headword	676_2L.png	unverified
D90-3-06687	سىپتىلىق	headword	676_2L.png	unverified
D90-3-06688	سىپسىدام	headword	676_2L.png	unverified
D90-3-06689	سىپسىلىق	headword	676_2L.png	unverified
D90-3-06690	سىپۇڭ	headword	676_2L.png	unverified
D90-3-06691	سىپىتمور	headword	676_2L.png	unverified
D90-3-06692	سىپىلىماق (توغرىسى: سىيپىلىماق) سىيپىلىماق	headword	676_2L.png	verified
D90-3-06693	سىپماق (توغرىسى: سىيپىماق،) سىيپىماق	headword	676_2L.png	verified
D90-3-06694	سىتەم	headword	677_1R.png	unverified
D90-3-06695	سىتەمكار	headword	677_1R.png	unverified
D90-3-06696	سىتەمكەش	headword	677_1R.png	unverified
D90-3-06697	سىجاق	headword	677_1R.png	verified
D90-3-06698	سىجىل	headword	677_1R.png	unverified
D90-3-06699	سىجىللىق	headword	677_2L.png	unverified
D90-3-06700	سىجىماق	headword	677_2L.png	unverified
D90-3-06701	سىدام	headword	677_2L.png	unverified
D90-3-06702	سىدام سىزىش	headword	678_1R.png	unverified
D90-3-06703	سىداملاشتۇرماق	headword	678_1R.png	unverified
D90-3-06704	سىداملاشماق	headword	678_1R.png	unverified
D90-3-06705	سىدىر	headword	678_1R.png	unverified
D90-3-06706	سىر	headword	678_1R.png	unverified
D90-3-06708	سىر ئاشكارىلانماق	headword	678_2L.png	unverified
D90-3-06709	سىر ئالماق	headword	678_2L.png	unverified
D90-3-06710	سىر بەرمەك	headword	678_2L.png	unverified
D90-3-06711	سىر تۇتماق	headword	679_1R.png	unverified
D90-3-06712	سىر ساقلىماق	headword	679_1R.png	unverified
D90-3-06713	سىر ئېچىلماق	headword	679_1R.png	unverified
D90-3-06714	سىرى يېشىلمەك	headword	679_1R.png	unverified
D90-3-06716	سىر دەرىخى	headword	679_2L.png	unverified
D90-3-06717	سىرىڭ چۈشۈپ كېتەمدۇ؟	headword	679_2L.png	unverified
D90-3-06718	سىرات	headword	679_2L.png	unverified
D90-3-06719	سىرات كۆۋرۈكى	headword	679_2L.png	unverified
D90-3-06719-v1	پۇلسىرات	variant	679_2L.png	unverified
D90-3-06720	سىراج	headword	679_2L.png	verified
D90-3-06720-v1	سىراج تام	variant	679_2L.png	verified
D90-3-06721	سىراچ تام	headword	680_1R.png	unverified
D90-3-06723	سىر-ئەسرار	headword	680_1R.png	unverified
D90-3-06724	سىرەك	headword	680_1R.png	unverified
D90-3-06725	سىرەك مېتاللار	headword	680_1R.png	unverified
D90-3-06726	سىرەك يەر مېتاللار	headword	680_1R.png	unverified
D90-3-06727	سىرەك يەر ئېلېمېنتلار	headword	680_1R.png	unverified
D90-3-06728	سىرەكلەشمەك	headword	680_2L.png	unverified
D90-3-06729	سىرت	headword	680_2L.png	unverified
D90-3-06730	سىرتىدىن چېپىش	headword	681_1R.png	unverified
D90-3-06731	سىرتاردۇش	headword	681_2L.png	unverified
D90-3-06732	سىرتتىن	headword	681_2L.png	unverified
D90-3-06737	سىرتقا قارىماق	headword	682_1R.png	unverified
D90-3-06737-v1	تالاغا قارىماق	variant	682_1R.png	unverified
D90-3-06738	سىرتقى	headword	682_1R.png	unverified
D90-3-06745	سىرتقى كۈچ	headword	682_2L.png	unverified
D90-3-06746	سىرتقى مۇھىت	headword	682_2L.png	unverified
D90-3-06747	سىرتقى ئوشۇق	headword	682_2L.png	unverified
D90-3-06748	سىرتقى ئومۇمىي ئۇرۇنما	headword	682_2L.png	unverified
D90-3-06749	سىرتقى ئېلېكتر زەنجىرى	headword	682_2L.png	verified
D90-3-06749-v1	سىرتقى توك يولى	variant	682_2L.png	verified
D90-3-06750	سىرتقى يالقۇن	headword	682_2L.png	unverified
D90-3-06751	سىرتقان	headword	683_1R.png	unverified
D90-3-06752	سىرتلىماق	headword	683_1R.png	unverified
D90-3-06753	سىرتماق	headword	683_1R.png	unverified
D90-3-06754	سىرتماق سالماق	headword	683_2L.png	unverified
D90-3-06755	سىرتماقلانماق	headword	683_2L.png	unverified
D90-3-06756	سىرتماقلىق	headword	683_2L.png	unverified
D90-3-06757	سىرتماقلىماق	headword	683_2L.png	unverified
D90-3-06758	سىرتىق	headword	683_2L.png	unverified
D90-3-06762	سىرتىقچى	headword	684_1R.png	unverified
D90-3-06763	سىرچى	headword	684_1R.png	unverified
D90-3-06764	سىرچىلىق	headword	684_1R.png	unverified
D90-3-06765	سىرداش	headword	684_1R.png	unverified
D90-3-06766	سىرداشلىق	headword	684_2L.png	unverified
D90-3-06767	سىرداشماق	headword	684_2L.png	unverified
D90-3-06768	سىر-سىر	headword	684_2L.png	unverified
D90-3-06769	سىرغا	headword	684_2L.png	unverified
D90-3-06770	سىرغىسىغا تايدۇرماق	headword	684_2L.png	unverified
D90-3-06771	سىرغانچۇق	headword	685_1R.png	unverified
D90-3-06772	سىرغىتماق	headword	685_1R.png	unverified
D90-3-06773	سىرغىشماق	headword	685_1R.png	unverified
D90-3-06774	سىرغىلىق	headword	685_1R.png	unverified
D90-3-06775	سىرغىم	headword	685_1R.png	unverified
D90-3-06776	سىرغىماق	headword	685_1R.png	unverified
D90-3-06777	سىرقىتماق	headword	685_2L.png	unverified
D90-3-06778	سىرقىراتماق	headword	685_2L.png	unverified
D90-3-06779	سىرقىراشماق	headword	685_2L.png	unverified
D90-3-06780	سىرقىرىماق	headword	685_2L.png	unverified
D90-3-06781	سىرقىماق	headword	685_2L.png	unverified
D90-3-06782	سىركا	headword	685_2L.png	unverified
D90-3-06783	سىركاي	headword	686_1R.png	unverified
D90-3-06784	سىركايە	headword	686_1R.png	unverified
D90-3-06784-v1	پيالە	variant	686_1R.png	unverified
D90-3-06785	سىركە	headword	686_1R.png	unverified
D90-3-06787	سىركە كىسلاتاسى	headword	686_1R.png	unverified
D90-3-06787-v1	ئاتسېتات كىسلاتا	variant	686_1R.png	unverified
D90-3-06788	سىركىسى سۇ كۆتۈرمەيدىغان	headword	686_1R.png	unverified
D90-3-06790	سىركون	headword	686_1R.png	unverified
D90-3-06791	سىركونىي	headword	686_1R.png	unverified
D90-3-06792	سىركۇل	headword	686_2L.png	unverified
D90-3-06793	سىركىپىياز	headword	686_2L.png	verified
D90-3-06794	سىركىچى	headword	686_2L.png	unverified
D90-3-06796	سىركىچىلىك	headword	686_2L.png	unverified
D90-3-06797	سىرلاتماق	headword	687_1R.png	unverified
D90-3-06798	سىرلاشماق	headword	687_1R.png	unverified
D90-3-06799	سىرلاقلىق	headword	687_1R.png	unverified
D90-3-06800	سىرلانماق	headword	687_1R.png	unverified
D90-3-06801	سىرلىق	headword	687_1R.png	unverified
D90-3-06804	سىرلىقلاشتۇرماق	headword	687_2L.png	verified
D90-3-06805	سىرلىقلاشتۇرۇش	headword	687_2L.png	verified
D90-3-06806	سىرلىقلاشتۇرۇلماق	headword	687_2L.png	unverified
D90-3-06807	سىرلىقلاشماق	headword	687_2L.png	unverified
D90-3-06808	سىرلىماق	headword	688_1R.png	unverified
D90-3-06809	سىرۇ ى	headword	688_1R.png	unverified
D90-3-06810	سىرۇ خانلىقى	headword	688_1R.png	unverified
D90-3-06811	سىز	headword	688_1R.png	unverified
D90-3-06813	سىزدۇرماق	headword	688_2L.png	unverified
D90-3-06814	سىزدۇرۇشماق	headword	688_2L.png	unverified
D90-3-06815	سىزدۇرۇلماق	headword	688_2L.png	unverified
D90-3-06816	سىزغان	headword	688_2L.png	unverified
D90-3-06817	سىزغۇ	headword	688_2L.png	unverified
D90-3-06818	سىزغۇچ	headword	688_2L.png	unverified
D90-3-06819	سىزلام	headword	688_2L.png	unverified
D90-3-06820	سىزلىمەك	headword	689_1R.png	unverified
D90-3-06821	سىزما	headword	689_1R.png	unverified
D90-3-06822	سىزما ساپال	headword	689_1R.png	unverified
D90-3-06822-v1	بوياق ساپال	variant	689_1R.png	unverified
D90-3-06824	سىزماق	headword	689_2L.png	unverified
D90-3-06826	سىزمىچىلىق	headword	690_1R.png	unverified
D90-3-06827	سىزمىخانا	headword	690_1R.png	unverified
D90-3-06828	سىزىشماق	headword	690_1R.png	unverified
D90-3-06829	سىزىق	headword	690_1R.png	unverified
D90-3-06830	سىزىقتىن چىقماسلىق	headword	690_2L.png	unverified
D90-3-06830-v1	سىزىقىدىن چىقماسلىق	variant	690_2L.png	unverified
D90-3-06831	سىزىق چىقارغۇچ	headword	690_2L.png	unverified
D90-3-06833	سىزىققا كىرمەسلىك	headword	690_2L.png	unverified
D90-3-06834	سىزىقچە	headword	690_2L.png	unverified
D90-3-06835	سىزىقسىز	headword	691_1R.png	unverified
D90-3-06836	سىزىقلىق	headword	691_1R.png	unverified
D90-3-06840	سىزىلماق	headword	691_2L.png	unverified
D90-3-06842	سىستېما	headword	691_2L.png	unverified
D90-3-06843	سىستېمىسىز	headword	692_2L.png	unverified
D90-3-06844	سىستېمىلاشتۇرماق	headword	692_2L.png	verified
D90-3-06845	سىستېمىلاشتۇرۇلماق	headword	692_2L.png	verified
D90-3-06846	سىستېمىلاشماق	headword	693_1R.png	unverified
D90-3-06847	سىستېمىلىق	headword	693_1R.png	unverified
D90-3-06849	سىغارلىق	headword	693_1R.png	unverified
D90-3-06850	سىغداشماق	headword	693_1R.png	unverified
D90-3-06851	سىغدالماق	headword	693_1R.png	unverified
D90-3-06852	سىغدۇرماق	headword	693_2L.png	unverified
D90-3-06853	سىغدۇرۇشماق	headword	693_2L.png	unverified
D90-3-06854	سىغدۇرۇلماق	headword	693_2L.png	unverified
D90-3-06856	سىغماق	headword	693_2L.png	unverified
D90-3-06857	سىغىشالمايدىغان	headword	694_1R.png	unverified
D90-3-06859	سىغىشتۇرماق	headword	694_1R.png	unverified
D90-3-06860	سىغىشلىق	headword	694_1R.png	unverified
D90-3-06861	سىغىشماق	headword	694_1R.png	unverified
D90-3-06862	سىغىشىدىغان	headword	694_1R.png	unverified
D90-3-06863	سىغىم	headword	694_2L.png	unverified
D90-3-06864	سىغىمچان	headword	694_2L.png	unverified
D90-3-06865	سىغىمچانلىق	headword	694_2L.png	unverified
D90-3-06866	سىفون	headword	694_2L.png	unverified
D90-3-06867	سىفون ھادىسىسى	headword	694_2L.png	unverified
D90-3-06868	سىفىر	headword	694_2L.png	unverified
D90-3-06869	سىفىرلىق	headword	695_1R.png	unverified
D90-3-06870	سىفىلىس	headword	695_1R.png	unverified
D90-3-06871	سىقتۇرماق	headword	695_1R.png	unverified
D90-3-06872	سىقتۇرۇشماق	headword	695_1R.png	unverified
D90-3-06873	سىقتۇرۇلماق	headword	695_1R.png	unverified
D90-3-06874	سىقماق	headword	695_1R.png	unverified
D90-3-06875	سىقىپ چىقارماق	headword	695_2L.png	unverified
D90-3-06876	سىقىپ سۈيىنى ئىچىدىغان	headword	695_2L.png	unverified
D90-3-06877	سىقىپ سۈيىنى يالايدىغان	headword	695_2L.png	unverified
D90-3-06878	سىقىپ سىقىمىدىن چىققاننى يالىماق	headword	695_2L.png	unverified
D90-3-06881	سىقىرىماق	headword	696_1R.png	unverified
D90-3-06882	سىقىشماق	headword	696_1R.png	unverified
D90-3-06883	سىقىق	headword	696_1R.png	unverified
D90-3-06884	سىقىلماق	headword	696_2L.png	unverified
D90-3-06885	سىقىلىش	headword	696_2L.png	unverified
D90-3-06887	سىقىم	headword	696_2L.png	unverified
D90-3-06888	سىقىمداقلىق	headword	697_1R.png	unverified
D90-3-06889	سىقىمداقلىماق	headword	697_1R.png	unverified
D90-3-06890	سىقىمدىماق	headword	697_1R.png	unverified
D90-3-06891	سىقىماتماق	headword	697_1R.png	unverified
D90-3-06892	سىقىملاشماق	headword	697_1R.png	unverified
D90-3-06893	سىقىملاپلىق	headword	697_1R.png	unverified
D90-3-06894	سىقىملانماق	headword	697_1R.png	unverified
D90-3-06896	سىقىندى	headword	697_2L.png	unverified
D90-3-06897	سىكات	headword	697_2L.png	unverified
D90-3-06897-v1	سىكات بېلىق	variant	697_2L.png	unverified
D90-3-06899	سىكاس	headword	697_2L.png	unverified
D90-3-06899-v1	سىكاس دەرىخى	variant	697_2L.png	unverified
D90-3-06901	سىكلون	headword	697_2L.png	unverified
D90-3-06901-v1	ھاۋا قايىنمى	variant	697_2L.png	unverified
D90-3-06902	سىگان	headword	698_1R.png	verified
D90-3-06904	سىگاھ	headword	698_1R.png	unverified
D90-3-06905	سىگنال	headword	698_1R.png	unverified
D90-3-06906	سىگنال بەت	headword	698_2L.png	verified
D90-3-06906-v1	ئاخىرقى نۇسخا	variant	698_2L.png	verified
D90-3-06907	سىگنال بەرمەك	headword	698_2L.png	unverified
D90-3-06908	سىگنال چىرىغى	headword	698_2L.png	unverified
D90-3-06909	سىگنال نۇسخا	headword	698_2L.png	verified
D90-3-06910	سىگنالچى	headword	698_2L.png	verified
D90-3-06911	سىگناللىق	headword	698_2L.png	unverified
D90-3-06912	سىگىن	headword	698_2L.png	unverified
D90-3-06913	سىڭار	headword	699_1R.png	unverified
D90-3-06914	سىڭار باقماق	headword	699_1R.png	unverified
D90-3-06915	سىڭار كۆز بېلىق	headword	699_1R.png	unverified
D90-3-06916	سىڭار كۆزىنى سالماق	headword	699_1R.png	unverified
D90-3-06917	سىڭار يان	headword	699_1R.png	unverified
D90-3-06918	سىڭار يان قاراپ يۈرمەك	headword	699_2L.png	unverified
D90-3-06919	سىڭار يان قارىماق	headword	699_2L.png	unverified
D90-3-06920	سىڭار يان قىلماق	headword	699_2L.png	unverified
D90-3-06921	سىڭەرلىك	headword	699_2L.png	unverified
D90-3-06922	سىڭدۈرمە	headword	699_2L.png	unverified
D90-3-06922-v1	ياپما	variant	699_2L.png	unverified
D90-3-06923	سىڭدۈرمەك	headword	699_2L.png	unverified
D90-3-06924	سىڭدۈرۈشچان	headword	699_2L.png	unverified
D90-3-06925	سىڭدۈرۈشچانلىق	headword	699_2L.png	unverified
D90-3-06926	سىڭدۈرۈشمەك	headword	699_2L.png	unverified
D90-3-06927	سىڭدۈرۈلمەك	headword	699_2L.png	unverified
D90-3-06928	سىڭمەك	headword	700_1R.png	unverified
D90-3-06929	سىڭىر	headword	700_2L.png	unverified
D90-3-06929-v1	پەي II	variant	700_2L.png	unverified
D90-3-06931	سىڭىرتاش	headword	700_2L.png	verified
D90-3-06932	سىڭىرمەك	headword	700_2L.png	unverified
D90-3-06933	سىڭىش	headword	700_2L.png	unverified
D90-3-06936	سىڭىشلىق	headword	701_1R.png	unverified
D90-3-06937	سىڭىشمەك	headword	701_1R.png	unverified
D90-3-06938	سىڭىل	headword	701_1R.png	unverified
D90-3-06939	سىڭىلچاق	headword	701_1R.png	unverified
D90-3-06940	سىڭىللىق	headword	701_2L.png	unverified
D90-3-06941	سىل	headword	701_2L.png	unverified
D90-3-06941-v1	تۇبېركۇليوز	variant	701_2L.png	unverified
D90-3-06942	سىل كېسەللىكى	headword	701_2L.png	unverified
D90-3-06943	سىلاپ-سىيپاپ	headword	701_2L.png	unverified
D90-3-06944	سىلاپ-سىيپاپ كۆندۈرمەك	headword	702_1R.png	unverified
D90-3-06945	سىلاپ-سىيپىلاپ	headword	702_1R.png	unverified
D90-3-06946	سىلاتماق	headword	702_1R.png	unverified
D90-3-06947	سىلاشتۇرماق	headword	702_1R.png	unverified
D90-3-06948	سىلاشماق	headword	702_1R.png	unverified
D90-3-06949	سىلانماق	headword	702_2L.png	unverified
D90-3-06950	سىلجىتماق	headword	702_2L.png	verified
D90-3-06951	سىلجىتىشماق	headword	702_2L.png	verified
D90-3-06952	سىلجىتىلماق	headword	702_2L.png	verified
D90-3-06953	سىلجىش	headword	702_2L.png	verified
D90-3-06954	سىلجىشماق	headword	702_2L.png	verified
D90-3-06955	سىلجىماق	headword	702_2L.png	verified
D90-3-06956	سىلغايتماق	headword	703_1R.png	unverified
D90-3-06957	سىلغايتىشماق	headword	703_1R.png	unverified
D90-3-06958	سىلغايتىلماق	headword	703_1R.png	unverified
D90-3-06959	سىلغايماق	headword	703_1R.png	unverified
D90-3-06960	سىلكىتمەك	headword	703_1R.png	unverified
D90-3-06961	سىلكىشتۈرمەك	headword	703_1R.png	unverified
D90-3-06962	سىلكىشلىشمەك	headword	703_1R.png	unverified
D90-3-06963	سىلكىشلىمەك	headword	703_2L.png	unverified
D90-3-06964	سىلكىشمەك	headword	703_2L.png	unverified
D90-3-06965	سىلكىمەك	headword	703_2L.png	unverified
D90-3-06966	سىلكىندۈرمەك	headword	704_1R.png	unverified
D90-3-06967	سىلكىنمەك	headword	704_1R.png	unverified
D90-3-06968	سىلوس	headword	704_1R.png	unverified
D90-3-06969	سىلوسخانا	headword	704_1R.png	unverified
D90-3-06970	سىلۇر	headword	704_1R.png	unverified
D90-3-06971	سىلۇر دەۋرى	headword	704_1R.png	unverified
D90-3-06972	سىلېسار	headword	704_2L.png	unverified
D90-3-06973	سىلېسارلىق	headword	704_2L.png	unverified
D90-3-06974	سىلى	headword	705_1R.png	unverified
D90-3-06976	سىلىتسىي	headword	705_1R.png	unverified
D90-3-06978	سىلىتسىيلىق	headword	705_2L.png	verified
D90-3-06982	سىلىق	headword	705_2L.png	verified
D90-3-06989	سىلىق مۈسكۈل	headword	706_2L.png	unverified
D90-3-06990	سىلىق يوپۇرماقلىق ئازغان	headword	706_2L.png	unverified
D90-3-06991	سىلىقدىماق	headword	706_2L.png	unverified
D90-3-06992	سىلىق-سىپايە	headword	706_2L.png	unverified
D90-3-06993	سىلىقلاتماق	headword	706_2L.png	unverified
D90-3-06994	سىلىقلاش	headword	706_2L.png	unverified
D90-3-06995	سىلىقلاش ستانوكى	headword	706_2L.png	unverified
D90-3-06996	سىلىقلاشتۇرماق	headword	707_1R.png	unverified
D90-3-06997	سىلىقلاشتۇرۇش	headword	707_1R.png	unverified
D90-3-06999	سىلىقلاشتۇرۇلماق	headword	707_1R.png	unverified
D90-3-07000	سىلىقلاشماق	headword	707_1R.png	unverified
D90-3-07001	سىلىقلانماق	headword	707_2L.png	unverified
D90-3-07002	سىلىقلىق	headword	707_2L.png	unverified
D90-3-07003	سىلىقلىماق	headword	707_2L.png	unverified
D90-3-07004	سىلىكات	headword	707_2L.png	unverified
D90-3-07006	سىلىكات كىسلاتا	headword	707_2L.png	unverified
D90-3-07008	سىلىكاتلار	headword	707_2L.png	unverified
D90-3-07011	سىلىڭلىق	headword	708_1R.png	unverified
D90-3-07013	سىلىماق	headword	708_2L.png	unverified
D90-3-07014	سىلىندىر	headword	708_2L.png	unverified
D90-3-07015	سىم	headword	708_2L.png	unverified
D90-3-07016	سىم ئارغامچا	headword	709_1R.png	unverified
D90-3-07017	سىم ئەلگەك تورى	headword	709_1R.png	unverified
D90-3-07018	سىم بۇرۇت	headword	709_1R.png	unverified
D90-3-07019	سىم تاناپ	headword	709_1R.png	unverified
D90-3-07020	سىم تاناپ تۈۋرۈكى	headword	709_1R.png	unverified
D90-3-07021	سىم تاناپ مۇنارىسى	headword	709_1R.png	unverified
D90-3-07022	سىم تور	headword	709_2L.png	unverified
D90-3-07023	سىم توساق	headword	709_2L.png	unverified
D90-3-07024	سىم ساقال	headword	709_2L.png	unverified
D90-3-07025	سىم قامچا	headword	709_2L.png	unverified
D90-3-07026	سىم كارىۋات	headword	709_2L.png	unverified
D90-3-07027	سىم كېسىش ئامبۇرى	headword	709_2L.png	unverified
D90-3-07028	سىم كۆۋرۈك	headword	709_2L.png	verified
D90-3-07029	سىم ھەرە	headword	710_1R.png	unverified
D90-3-07030	سىم ئۆلچىگۈچ	headword	710_1R.png	unverified
D90-3-07031	سىم يولى	headword	710_1R.png	unverified
D90-3-07033	سىما	nonstandard	710_1R.png	unverified
D90-3-07034	سىماب	headword	710_1R.png	unverified
D90-3-07035	سىماب برومىد	headword	710_2L.png	unverified
D90-3-07036	سىماب چىراغ	headword	710_2L.png	unverified
D90-3-07037	سىماب خلورىد	headword	710_2L.png	unverified
D90-3-07038	سىماب (II) سۇلفىد	headword	710_2L.png	unverified
D90-3-07039	سىماب قاتلىمى	headword	710_2L.png	unverified
D90-3-07040	سىمابسمان	headword	711_1R.png	unverified
D90-3-07041	سىمابلىق	headword	711_1R.png	unverified
D90-3-07043	سىماۋى	headword	711_1R.png	unverified
D90-3-07044	سىمباياۋان	headword	711_1R.png	verified
D90-3-07045	سىمبوپوگون	headword	711_1R.png	unverified
D90-3-07046	سىمبوپوگون ئوتى	headword	711_1R.png	unverified
D90-3-07047	سىمپاتىك	headword	711_2L.png	unverified
D90-3-07048	سىمتراش	headword	711_2L.png	unverified
D90-3-07049	سىمچىلاق	nonstandard	711_2L.png	unverified
D90-3-07049-c1	چىمچىلاق	corrected_form	711_2L.png	unverified
D90-3-07050	سىمسىز	headword	711_2L.png	unverified
D90-3-07051	سىم-سىم	headword	711_2L.png	unverified
D90-3-07053	سىمفونىيە	headword	712_1R.png	unverified
D90-3-07055	سىمفونىيىلىك	headword	712_1R.png	unverified
D90-3-07057	سىمكار	headword	712_1R.png	unverified
D90-3-07058	سىملىق	headword	712_1R.png	unverified
D90-3-07059	سىملىق ئەينەك	headword	712_2L.png	unverified
D90-3-07060	سىملىق رادىئو	headword	712_2L.png	unverified
D90-3-07061	سىممېترىك	headword	712_2L.png	unverified
D90-3-07063	سىممېترىيە	headword	712_2L.png	unverified
D90-3-07064	سىممېترىيە ئامىللىرى	headword	712_2L.png	unverified
D90-3-07065	سىممېترىيە تىپى	headword	713_1R.png	unverified
D90-3-07066	سىممېترىيە مەركىزى	headword	713_1R.png	unverified
D90-3-07067	سىممېترىيە ئوقى	headword	713_1R.png	unverified
D90-3-07068	سىمۋول	headword	713_2L.png	unverified
D90-3-07069	سىمۋولچىلىق	headword	714_1R.png	unverified
D90-3-07070	سىمۋوللاشتۇرماق	headword	714_1R.png	unverified
D90-3-07071	سىمۋولىزم	headword	714_1R.png	unverified
D90-3-07072	سىمىلداشماق	headword	714_1R.png	unverified
D90-3-07073	سىمىلدىماق	headword	714_1R.png	unverified
D90-3-07074	سىن	headword	714_2L.png	unverified
D90-3-07075	سىن ئالماق	headword	714_2L.png	unverified
D90-3-07076	سىن سالماق	headword	714_2L.png	unverified
D90-3-07077	سىن كىرمەك	headword	714_2L.png	unverified
D90-3-07078	سىنى ئۆزۈن	headword	714_2L.png	unverified
D90-3-07079	سىناتماق	headword	714_2L.png	unverified
D90-3-07080	سىناش	headword	714_2L.png	unverified
D90-3-07081	سىناشماق	headword	715_1R.png	unverified
D90-3-07082	سىناق	headword	715_1R.png	unverified
D90-3-07083	سىناق ئالماق	headword	715_2L.png	unverified
D90-3-07084	سىناق تېشى	headword	716_1R.png	unverified
D90-3-07085	سىناق قەغىزى	headword	716_1R.png	unverified
D90-3-07086	سىناق قىلماق	headword	716_1R.png	unverified
D90-3-07087	سىناق مۇسابىقىسى	headword	716_1R.png	unverified
D90-3-07088	سىنئالغۇ	headword	716_2L.png	verified
D90-3-07090	سىنالماق	headword	716_2L.png	unverified
D90-3-07091	سىنانتروپ	headword	717_1R.png	unverified
D90-3-07092	سىنائىت	headword	717_1R.png	unverified
D90-3-07093	سىنە	nonstandard	717_1R.png	unverified
D90-3-07094	سىنەكمەك	headword	717_1R.png	unverified
D90-3-07095	سىنبىرىك	headword	717_1R.png	unverified
D90-3-07096	سىنت	headword	717_1R.png	unverified
D90-3-07097	سىنتاش	headword	717_1R.png	verified
D90-3-07098	سىنتاكسىس	headword	717_2L.png	unverified
D90-3-07099	سىنتاكسىسلىق	headword	717_2L.png	unverified
D90-3-07100	سىنتېتىك	headword	717_2L.png	unverified
D90-3-07103	سىنتېتىك تىللار	headword	718_1R.png	unverified
D90-3-07104	سىنتېتىك سمولا	headword	718_1R.png	unverified
D90-3-07105	سىنتېتىك كاۋچۇك	headword	718_1R.png	unverified
D90-3-07106	سىنتېتىك نېفىت	headword	718_1R.png	unverified
D90-3-07107	سىنتېز	headword	718_1R.png	unverified
D90-3-07108	سىنتېزلانماق	headword	718_2L.png	unverified
D90-3-07109	سىنتېزلىماق	headword	718_2L.png	unverified
D90-3-07110	سىنچاي	headword	718_2L.png	unverified
D90-3-07111	سىنچەك	headword	718_2L.png	unverified
D90-3-07112	سىنچەكلىمەك	headword	718_2L.png	unverified
D90-3-07113	سىنچى	headword	718_2L.png	unverified
D90-3-07115	سىنچىكىلىمەك	headword	718_2L.png	unverified
D90-3-07116	سىنچىلاتماق	headword	719_1R.png	unverified
D90-3-07117	سىنچىلاشماق	headword	719_1R.png	unverified
D90-3-07118	سىنچىلىق	headword	719_1R.png	unverified
D90-3-07119	سىنچىلاپ قارىماق	headword	719_1R.png	unverified
D90-3-07120	سىنك	headword	719_1R.png	unverified
D90-3-07121	سىنك سۈلفات	headword	719_1R.png	unverified
D90-3-07122	سىنكا	headword	719_2L.png	unverified
D90-3-07123	سىنكلىك	headword	719_2L.png	unverified
D90-3-07124	سىنكلىمەك	headword	719_2L.png	verified
D90-3-07125	سىنگا	headword	719_2L.png	unverified
D90-3-07126	سىنگا كېسەللىكى	headword	719_2L.png	unverified
D90-3-07127	سىنگارمونىزم	headword	719_2L.png	unverified
D90-3-07127-v1	تاۋۇشلارنىڭ ماسلىشىشى	variant	719_2L.png	unverified
D90-3-07128	سىنوپتىكا	headword	719_2L.png	unverified
D90-3-07129	سىنونىم	headword	719_2L.png	unverified
D90-3-07129-v1	مەنىداش سۆز	variant	719_2L.png	unverified
D90-3-07130	سىنۇس	headword	720_1R.png	unverified
D90-3-07131	سىنىپ	headword	720_1R.png	verified
D90-3-07133	سىنىپ ئاتلىتماق	headword	720_2L.png	unverified
D90-3-07134	سىنىپ ئاشماق	headword	720_2L.png	unverified
D90-3-07134-v1	سىنىپ كۆچمەك	variant	720_2L.png	unverified
D90-3-07135	سىنىپ باشلىقى	headword	720_2L.png	unverified
D90-3-07136	سىنىپتا قالماق	headword	720_2L.png	unverified
D90-3-07137	سىنىپتىن كۆچمەك	headword	720_2L.png	unverified
D90-3-07138	سىنىپ ژۇرنىلى	headword	720_2L.png	unverified
D90-3-07139	سىنىپ كادىرى	headword	721_1R.png	unverified
D90-3-07140	سىنىپ مۇدىرى	headword	721_1R.png	unverified
D90-3-07141	سىنىپ ھەيئىتى	headword	721_1R.png	unverified
D90-3-07142	سىنىپ يىغىنى	headword	721_1R.png	unverified
D90-3-07143	سىنىپداش	headword	721_1R.png	verified
D90-3-07144	سىنىپداشلىق	headword	721_1R.png	unverified
D90-3-07145	سىنىپسىز	headword	721_1R.png	unverified
D90-3-07146	سىنىپلىق	headword	721_2L.png	unverified
D90-3-07147	سىنىپىي	headword	721_2L.png	unverified
D90-3-07152	سىنىپىي مەۋقە	headword	722_1R.png	unverified
D90-3-07153	سىنىپىي مەيدان	headword	722_1R.png	unverified
D90-3-07154	سىنىپىي نۇقتىئىنەزەر	headword	722_1R.png	unverified
D90-3-07155	سىنىپىيلىق	headword	722_1R.png	unverified
D90-3-07156	سىنىماق	headword	722_1R.png	unverified
D90-3-07157	سىۋىچ	headword	722_2L.png	unverified
D90-3-07157-v1	ئۇچقۇنلانقۇچ	variant	722_2L.png	unverified
D90-3-07158	سىۋىنىچ	nonstandard	722_2L.png	unverified
D90-3-07160	سىيا	headword	722_2L.png	unverified
D90-3-07162	سىياتېئا	headword	723_1R.png	unverified
D90-3-07162-v1	سىياتېئا دەرىخى	variant	723_1R.png	unverified
D90-3-07164	سىيادان	headword	723_1R.png	unverified
D90-3-07165	سىيادانلىق	headword	723_1R.png	unverified
D90-3-07166	سىياسەت	headword	723_1R.png	unverified
D90-3-07167	سىياسەتچانلىق	headword	723_2L.png	unverified
D90-3-07168	سىياسەت تىلىك	headword	723_2L.png	unverified
D90-3-07169	سىياسەتۋاز	headword	723_2L.png	verified
D90-3-07170	سىياسەتۋازلىق	headword	724_1R.png	unverified
D90-3-07171	سىياسىي	headword	724_1R.png	unverified
D90-3-07172	سىياسىي ئاڭ	headword	724_2L.png	verified
D90-3-07172-v1	سىنىپىي ئاڭ	variant	724_2L.png	verified
D90-3-07173	سىياسىي پاناھلىق	headword	724_2L.png	unverified
D90-3-07174	سىياسىي تۈزۈم	headword	724_2L.png	unverified
D90-3-07175	سىياسىي جىنايەتچى	headword	724_2L.png	unverified
D90-3-07176	سىياسىي خەرىتە	headword	724_2L.png	unverified
D90-3-07177	سىياسىي خىزمەت	headword	724_2L.png	unverified
D90-3-07178	سىياسىي رەھبەر	headword	724_2L.png	unverified
D90-3-07179	سىياسىي قانۇن	headword	725_1R.png	verified
D90-3-07180	سىياسىي قىياپەت	headword	725_1R.png	unverified
D90-3-07181	سىياسىي كومىسار	headword	725_1R.png	unverified
D90-3-07182	سىياسىي كۈرەش	headword	725_1R.png	verified
D90-3-07183	سىياسىي كېڭەش	headword	725_2L.png	unverified
D90-3-07184	سىياسىي لىرىكا	headword	725_2L.png	unverified
D90-3-07185	سىياسىي مەسلىھەت كېڭىشى	headword	725_2L.png	unverified
D90-3-07186	سىياسىي ھوقۇق	headword	725_2L.png	unverified
D90-3-07187	سىياسىي ئوبزور	headword	725_2L.png	unverified
D90-3-07188	سىياسىي ئوبزورچى	headword	725_2L.png	unverified
D90-3-07189	سىياسىي ئۆزگىرىش	headword	726_1R.png	unverified
D90-3-07190	سىياسىي ۋەزىيەت	headword	726_1R.png	unverified
D90-3-07191	سىياسىي ئىقتىساد	headword	726_1R.png	unverified
D90-3-07192	سىياسىي يانچۇقچى	headword	726_1R.png	unverified
D90-3-07193	سىياسىيچى	headword	726_1R.png	unverified
D90-3-07194	سىياسىيشۇناس	headword	726_2L.png	unverified
D90-3-07195	سىياسىيشۇناسلىق	headword	726_2L.png	unverified
D90-3-07196	سىياسىيلاشتۇرماق	headword	726_2L.png	unverified
D90-3-07197	سىياسىيون	headword	726_2L.png	unverified
D90-3-07198	سىياق	headword	726_2L.png	unverified
D90-3-07199	سىياقلىق	headword	727_1R.png	unverified
D90-3-07200	سىيانپىي	headword	727_1R.png	unverified
D90-3-07201	سىيانپىيلار	headword	727_1R.png	unverified
D90-3-07202	سىياھ	headword	727_1R.png	unverified
D90-3-07204	سىياھدان	headword	727_2L.png	unverified
D90-3-07205	سىيپاتماق	headword	727_2L.png	unverified
D90-3-07206	سىيپاشتۇرماق	headword	727_2L.png	unverified
D90-3-07207	سىيپاشماق	headword	727_2L.png	unverified
D90-3-07208	سىيپالماق	headword	727_2L.png	unverified
D90-3-07209	سىيپىلاتماق	headword	727_2L.png	unverified
D90-3-07210	سىيپىلاشتۇرماق	headword	727_2L.png	unverified
D90-3-07211	سىيپىلاشماق	headword	727_2L.png	unverified
D90-3-07212	سىيپىلانماق	headword	728_1R.png	unverified
D90-3-07213	سىيپىلماق	headword	728_1R.png	unverified
D90-3-07214	سىيپىماق	headword	728_1R.png	unverified
D90-3-07215	سىيدۈرمەك	headword	728_1R.png	unverified
D90-3-07216	سىيدۈرۈشمەك	headword	728_1R.png	unverified
D90-3-07217	سىيدۈرۈلمەك	headword	728_1R.png	unverified
D90-3-07218	سىيراپ	headword	728_1R.png	unverified
D90-3-07219	سىيراپچىلىق	headword	728_2L.png	unverified
D90-3-07220	سىيراپلىق	headword	728_2L.png	unverified
D90-3-07221	سىيرىتما	headword	728_2L.png	unverified
D90-3-07222	سىيرىتماق	headword	728_2L.png	unverified
D90-3-07223	سىيرىشماق	headword	728_2L.png	unverified
D90-3-07224	سىيرىغۇ	headword	728_2L.png	unverified
D90-3-07225	سىيرىلاڭغۇ	headword	728_2L.png	unverified
D90-3-07226	سىيرىلاڭغۇ بوغۇز تاۋۇشى	headword	729_1R.png	unverified
D90-3-07227	سىيرىلاڭغۇ تاۋۇش	headword	729_1R.png	unverified
D90-3-07228	سىيرىلدۇرماق	headword	729_1R.png	unverified
D90-3-07229	سىيرىلدۇرۇلماق	headword	729_1R.png	unverified
D90-3-07230	سىيرىلغۇچ	headword	729_1R.png	unverified
D90-3-07230-v1	تېيىلغۇچ شوتا	variant	729_1R.png	unverified
D90-3-07231	سىيرىلما	headword	729_1R.png	unverified
D90-3-07234	سىيرىلماق	headword	729_2L.png	unverified
D90-3-07235	سىيرىما	headword	730_1R.png	unverified
D90-3-07236	سىيرىماق	headword	730_1R.png	unverified
D90-3-07237	سىيگەك	headword	730_1R.png	unverified
D90-3-07238	سىيلاتماق	headword	730_2L.png	unverified
D90-3-07239	سىيلاشماق	headword	730_2L.png	unverified
D90-3-07240	سىيلانماق	headword	730_2L.png	unverified
D90-3-07241	سىيلە	headword	730_2L.png	unverified
D90-3-07242	سىيلىق	headword	730_2L.png	unverified
D90-3-07243	سىيلىماق	headword	730_2L.png	unverified
D90-3-07244	سىيما	headword	730_2L.png	verified
D90-3-07245	سىيمەك	headword	731_1R.png	unverified
D90-3-07247	سىينە	headword	731_1R.png	unverified
D90-3-07248	سىيىر ى	headword	731_2L.png	unverified
D90-3-07248-v1	ئىنەك	variant	731_2L.png	unverified
D90-3-07249	سىيىر بۆلجۈرگىنى	headword	731_2L.png	unverified
D90-3-07250	سىيىر خوجىلىقى	headword	731_2L.png	unverified
D90-3-07251	سىيىرچىلىك	headword	731_2L.png	unverified
D90-3-07252	سىيىشمەك	headword	731_2L.png	unverified
D90-3-07253	ش	headword	732_1R.png	unverified
D90-3-07254	شا	nonstandard	732_1R.png	unverified
D90-3-07255	شاپ	headword	732_1R.png	unverified
D90-3-07258	شاپ بۇرۇت	headword	732_2L.png	unverified
D90-3-07259	شاپ تارتماق	headword	733_1R.png	unverified
D90-3-07261	شاپائەت	headword	733_1R.png	unverified
D90-3-07262	شاپائەت قىلماق	headword	733_1R.png	unverified
D90-3-07263	شاپائەتچى	headword	733_2L.png	unverified
D90-3-07264	شاپائەتسىز	headword	733_2L.png	unverified
D90-3-07265	شاپائەتلىك	headword	733_2L.png	unverified
D90-3-07266	شاپاشلاتماق	headword	733_2L.png	unverified
D90-3-07267	شاپاشلاشماق	headword	734_1R.png	unverified
D90-3-07268	شاپاشلىماق	headword	734_1R.png	unverified
D90-3-07269	شاپاق	headword	734_1R.png	unverified
D90-3-07273	شاپاق يارىسى	headword	734_2L.png	unverified
D90-3-07274	شاپاقچى	headword	734_2L.png	unverified
D90-3-07275	شاپاقچىلىق	headword	734_2L.png	unverified
D90-3-07276	شاپاق-شالتاق	headword	734_2L.png	unverified
D90-3-07277	شاپاق-شالتاق ۋاقتى	headword	734_2L.png	unverified
D90-3-07278	شاپالداق	headword	735_1R.png	unverified
D90-3-07279	شاپاللىماق	headword	735_1R.png	unverified
D90-3-07280	شاپپىدە	headword	735_1R.png	unverified
D90-3-07282	شاپتۇل	headword	735_1R.png	unverified
D90-3-07283	شاپتۇل چېچىكى	headword	735_1R.png	unverified
D90-3-07284	شاپتۇل چېچىكى رەڭ	headword	735_1R.png	unverified
D90-3-07285	شاپتۇل قېقى	headword	735_1R.png	unverified
D90-3-07286	شاپتۇل مۇرابباسى	headword	735_1R.png	unverified
D90-3-07287	شاپتۇللۇق	headword	735_1R.png	unverified
D90-3-07288	شاپ-شاپ	headword	735_2L.png	unverified
D90-3-07289	شاپشىماق	headword	735_2L.png	unverified
D90-3-07289-v1	چاپچىماق	variant	735_2L.png	unverified
D90-3-07290	شاپۇر-شۇپۇر	headword	735_2L.png	unverified
D90-3-07291	شاپىگراف	headword	735_2L.png	unverified
D90-3-07292	شاپىلاق	headword	735_2L.png	unverified
D90-3-07293	شاپىلاقدىماق	headword	736_1R.png	unverified
D90-3-07294	شاپىلاقلاتماق	headword	736_1R.png	unverified
D90-3-07295	شاپىلاقلاشماق	headword	736_1R.png	unverified
D90-3-07296	شاپىلاقلانماق	headword	736_1R.png	unverified
D90-3-07297	شاپىلاقلىماق	headword	736_1R.png	unverified
D90-3-07298	شاپىلداتماق	headword	736_1R.png	unverified
D90-3-07299	شاپىلداشماق	headword	736_2L.png	unverified
D90-3-07300	شاپىلدىماق	headword	736_2L.png	unverified
D90-3-07301	شات	headword	736_2L.png	unverified
D90-3-07302	شاتارىنى	headword	736_2L.png	unverified
D90-3-07303	شاتراق	headword	736_2L.png	unverified
D90-3-07304	شاتراقلاتماق	headword	737_1R.png	unverified
D90-3-07305	شاتراقلاشماق	headword	737_1R.png	unverified
D90-3-07306	شاتراقلىماق	headword	737_1R.png	unverified
D90-3-07307	شاتۇت	headword	737_1R.png	unverified
D90-3-07308	شاتۇتلۇق	headword	737_1R.png	unverified
D90-3-07309	شاتۇتى	headword	737_1R.png	unverified
D90-3-07310	شاتۇر	headword	737_2L.png	unverified
D90-3-07311	شاتۇن	headword	737_2L.png	unverified
D90-3-07312	شاتىۋار	headword	737_2L.png	unverified
D90-3-07313	شاجا	headword	737_2L.png	unverified
D90-3-07314	شاخ	headword	737_2L.png	unverified
D90-3-07315	شاختىن شاخقا قونماق	headword	738_1R.png	unverified
D90-3-07316	شاخ رەتلەش	headword	738_1R.png	unverified
D90-3-07317	شاخ سۆرەم	headword	738_1R.png	unverified
D90-3-07318	شاخ ئۇلاق	headword	738_1R.png	unverified
D90-3-07319	شاخاب	headword	738_2L.png	unverified
D90-3-07320	شاخابچە	headword	738_2L.png	unverified
D90-3-07321	شاخار	headword	738_2L.png	unverified
D90-3-07322	شاخچە	headword	738_2L.png	unverified
D90-3-07323	شاخسانىغۇچ	headword	738_2L.png	verified
D90-3-07324	شاخسانىغۇچلار	headword	739_1R.png	unverified
D90-3-07325	شاخشا	headword	739_1R.png	unverified
D90-3-07326	شاخشارما	headword	739_1R.png	unverified
D90-3-07327	شاخشور	headword	739_1R.png	unverified
D90-3-07328	شاخ-شۇمبا	headword	739_1R.png	unverified
D90-3-07329	شاخلاتماق	headword	739_1R.png	unverified
D90-3-07330	شاخلاندۇرماق	headword	739_1R.png	unverified
D90-3-07331	شاخلانماق	headword	739_1R.png	unverified
D90-3-07332	شاخلىق	headword	739_2L.png	unverified
D90-3-07334	شاخلىما	headword	739_2L.png	unverified
D90-3-07336	شاخلىماق	headword	739_2L.png	unverified
D90-3-07337	شاخمات	nonstandard	740_1R.png	unverified
D90-3-07338	شاخىنا	headword	740_1R.png	unverified
D90-3-07340	شاخىنەك	headword	740_1R.png	verified
D90-3-07342	شاخىنىچى	headword	740_1R.png	unverified
D90-3-07343	شاد	headword	740_2L.png	unverified
D90-3-07344	شادا	headword	740_2L.png	unverified
D90-3-07345	شادا پاپورتنىك	headword	740_2L.png	unverified
D90-3-07346	شادەتنامە	nonstandard	741_1R.png	unverified
D90-3-07347	شاد-خۇرام	headword	741_1R.png	unverified
D90-3-07348	شاد-خۇراملىق	headword	741_1R.png	unverified
D90-3-07349	شادلاندۇرماق	headword	741_1R.png	unverified
D90-3-07350	شادلاندۇرۇلماق	headword	741_1R.png	unverified
D90-3-07351	شادلانماق	headword	741_1R.png	unverified
D90-3-07352	شادلىق	headword	741_1R.png	unverified
D90-3-07353	شادلىققا چۆممەك	headword	741_2L.png	unverified
D90-3-07354	شادىبۇي	headword	741_2L.png	verified
D90-3-07355	شادىپاچاق	headword	741_2L.png	verified
D90-3-07357	شادىپەن	headword	741_2L.png	verified
D90-3-07358	شادىقۇلۇپ	headword	741_2L.png	verified
D90-3-07359	شادىلاتماق	headword	742_1R.png	unverified
D90-3-07360	شادىلانماق	headword	742_1R.png	unverified
D90-3-07361	شادىلىق	headword	742_1R.png	unverified
D90-3-07362	شادىلىماق	headword	742_1R.png	unverified
D90-3-07363	شادىمان	headword	742_1R.png	unverified
D90-3-07364	شادىمان ئەيلىمەك	headword	742_1R.png	unverified
D90-3-07364-v1	شاد ئەيلىمەك	variant	742_1R.png	unverified
D90-3-07365	شادىمانلىق	headword	742_1R.png	unverified
D90-3-07366	شادىيانە	headword	742_1R.png	unverified
D90-3-07367	شادىيانىلىق	headword	742_2L.png	unverified
D90-3-07368	شار	headword	742_2L.png	unverified
D90-3-07369	شار سىرتى	headword	743_1R.png	unverified
D90-3-07370	شار سىگمېنتى	headword	743_1R.png	unverified
D90-3-07371	شار مەركىزى	headword	743_1R.png	unverified
D90-3-07373	شاراب	headword	743_1R.png	unverified
D90-3-07374	شارابار	headword	743_2L.png	unverified
D90-3-07375	شارابارا	headword	743_2L.png	unverified
D90-3-07376	شارابارىچى	headword	743_2L.png	unverified
D90-3-07377	شارابارىچىلىق	headword	743_2L.png	unverified
D90-3-07379	شارابخانا	headword	743_2L.png	unverified
D90-3-07380	شارابخور	headword	743_2L.png	unverified
D90-3-07381	شارابخورلۇق	headword	743_2L.png	unverified
D90-3-07382	شاراپەت	headword	744_1R.png	unverified
D90-3-07383	شاراپەتلىك	headword	744_1R.png	unverified
D90-3-07384	شاراجىل	headword	744_1R.png	unverified
D90-3-07385	شاراچىن	headword	744_1R.png	unverified
D90-3-07386	شاراق	headword	744_1R.png	unverified
D90-3-07387	شاراق-شاراق	headword	744_1R.png	unverified
D90-3-07388	شاراق-شۇرۇق	headword	744_2L.png	unverified
D90-3-07389	شاراقشىتماق	headword	744_2L.png	unverified
D90-3-07390	شاراقشىماق	headword	744_2L.png	unverified
D90-3-07391	شاراقلاتماق	headword	744_2L.png	unverified
D90-3-07392	شاراقلاشماق	headword	744_2L.png	unverified
D90-3-07393	شاراقلىماق	headword	744_2L.png	unverified
D90-3-07394	شاراڭ-شۇرۇڭ	headword	745_1R.png	unverified
D90-3-07395	شارائىت	headword	745_1R.png	unverified
D90-3-07396	شارپا	headword	745_1R.png	unverified
D90-3-07397	شارت	headword	745_1R.png	unverified
D90-3-07398	شارتتىدە	headword	745_2L.png	unverified
D90-3-07399	شارت-شارت	headword	745_2L.png	unverified
D90-3-07400	شارت-شۇرت	headword	745_2L.png	unverified
D90-3-07401	شارتىلداتماق	headword	745_2L.png	unverified
D90-3-07402	شارتىلدىماق	headword	745_2L.png	unverified
D90-3-07403	شارچە	headword	745_2L.png	unverified
D90-3-07404	شارچە ئاقىل	headword	746_1R.png	unverified
D90-3-07405	شارچە بىخ	headword	746_1R.png	unverified
D90-3-07406	شاررىدە	headword	746_1R.png	unverified
D90-3-07407	شارسىمان	headword	746_1R.png	unverified
D90-3-07411	شارسىمان كاكتۇس	headword	746_2L.png	unverified
D90-3-07412	شارسىمان گرافىتلىق چويۇن	headword	746_2L.png	unverified
D90-3-07413	شارسىمان مېۋە	headword	746_2L.png	unverified
D90-3-07414	شار-شار	headword	746_2L.png	unverified
D90-3-07415	شار-شۇر	headword	746_2L.png	unverified
D90-3-07416	شارقىراتما	headword	747_1R.png	unverified
D90-3-07417	شارقىراتماق	headword	747_1R.png	unverified
D90-3-07418	شارقىرىماق	headword	747_1R.png	unverified
D90-3-07419	شاركا	nonstandard	747_2L.png	unverified
D90-3-07420	شاروللىس	headword	747_2L.png	unverified
D90-3-07422	شارىك	headword	747_2L.png	unverified
D90-3-07423	شارىلداتماق	headword	747_2L.png	unverified
D90-3-07424	شارىلدىماق	headword	747_2L.png	unverified
D90-3-07426	شازىلىماق	headword	748_1R.png	unverified
D90-3-07427	شاش	headword	748_1R.png	unverified
D90-3-07428	شاشتۇرماق	headword	748_1R.png	unverified
D90-3-07429	شاشلاشماق	headword	748_1R.png	unverified
D90-3-07430	شاشلانماق	headword	748_2L.png	unverified
D90-3-07431	شاشلىق	headword	748_2L.png	unverified
D90-3-07432	شاشماق	headword	748_2L.png	unverified
D90-3-07433	شافىئىي	headword	748_2L.png	unverified
D90-3-07434	شاق	headword	748_2L.png	unverified
D90-3-07435	شاقاقۇل	headword	748_2L.png	unverified
D90-3-07436	شاقشاق	headword	749_1R.png	unverified
D90-3-07438	شاق-شۇق	headword	749_1R.png	unverified
D90-3-07439	شاققىدە	headword	749_1R.png	unverified
D90-3-07440	شاقۇر	headword	749_2L.png	unverified
D90-3-07441	شاقۇر-شۇقۇر	headword	749_2L.png	unverified
D90-3-07442	شاقىلداتماق	headword	749_2L.png	unverified
D90-3-07443	شاقىلداق	headword	749_2L.png	unverified
D90-3-07445	شاكال	headword	749_2L.png	unverified
D90-3-07446	شاكال بەدىيان	headword	750_1R.png	unverified
D90-3-07447	شاكاللاشماق	headword	750_1R.png	unverified
D90-3-07448	شاكاللىق	headword	750_1R.png	unverified
D90-3-07449	شاكىچىك	headword	750_1R.png	unverified
D90-3-07450	شاكىراب	headword	750_2L.png	unverified
D90-3-07451	شاكىلات	headword	750_2L.png	unverified
D90-3-07452	شاگىرت	headword	750_2L.png	unverified
D90-3-07453	شاگىرتلىق	headword	750_2L.png	unverified
D90-3-07454	شاڭ	headword	750_2L.png	unverified
D90-3-07459	شاڭخو	headword	751_1R.png	unverified
D90-3-07461	شاڭخوچى	headword	751_1R.png	unverified
D90-3-07462	شاڭخوچىلىق	headword	751_2L.png	unverified
D90-3-07468	شال	headword	752_1R.png	unverified
D90-3-07476	شالى ئاقماق	headword	752_2L.png	unverified
D90-3-07477	شالىنى چاچماق	headword	752_2L.png	unverified
D90-3-07479	شالا	headword	753_1R.png	unverified
D90-3-07480	شالاپ	headword	753_1R.png	unverified
D90-3-07481	شالاپپىدە	headword	753_1R.png	unverified
D90-3-07482	شالاپ-شالاپ	headword	753_1R.png	unverified
D90-3-07483	شالاپ-شۇلۇپ	headword	753_1R.png	unverified
D90-3-07484	شالاپشىتماق	headword	753_1R.png	unverified
D90-3-07485	شالاپشىماق	headword	753_2L.png	unverified
D90-3-07486	شالاپلاتماق	headword	753_2L.png	unverified
D90-3-07487	شالاپلاشماق	headword	753_2L.png	unverified
D90-3-07488	شالاپلىماق	headword	753_2L.png	unverified
D90-3-07489	شالاسۇن	headword	753_2L.png	unverified
D90-3-07490	شالاسىن	headword	753_2L.png	unverified
D90-3-07491	شالاق	headword	753_2L.png	unverified
D90-3-07492	شالاق-شۇلۇق	headword	754_1R.png	unverified
D90-3-07493	شالاقشاتماق	headword	754_1R.png	unverified
D90-3-07494	شالاقشىماق	headword	754_1R.png	unverified
D90-3-07495	شالاققىدە	headword	754_1R.png	unverified
D90-3-07496	شالاقلاتماق	headword	754_1R.png	unverified
D90-3-07497	شالاقلاشماق	headword	754_2L.png	unverified
D90-3-07498	شالاقلىماق	headword	754_2L.png	unverified
D90-3-07499	شالاڭ	headword	754_2L.png	unverified
D90-3-07502	شالاڭشىتماق	headword	754_2L.png	unverified
D90-3-07503	شالاڭشىماق	headword	754_2L.png	unverified
D90-3-07504	شالاڭلاتماق	headword	754_2L.png	verified
D90-3-07505	شالاڭلاشتۇرماق	headword	755_1R.png	verified
D90-3-07506	شالاڭلاشتۇرۇلماق	headword	755_1R.png	verified
D90-3-07507	شالاڭلاشماق	headword	755_1R.png	verified
D90-3-07508	شالاڭلىتىلماق	headword	755_1R.png	verified
D90-3-07509	شالاڭلىماق	headword	755_1R.png	unverified
D90-3-07510	شالالىق	headword	755_1R.png	unverified
D90-3-07511	شالتاق	headword	755_1R.png	unverified
D90-3-07512	شالتاق قىلماق	headword	755_2L.png	unverified
D90-3-07513	شالتىقىغا تېيىلماق	headword	755_2L.png	unverified
D90-3-07514	شالتىقىنى ئادالىماق	headword	755_2L.png	unverified
D90-3-07515	شالچى	headword	755_2L.png	unverified
D90-3-07517	شالدام	headword	755_2L.png	unverified
D90-3-07518	شالداما	headword	755_2L.png	unverified
D90-3-07519	شالدۇر	headword	756_1R.png	unverified
D90-3-07520	شالدۇر-شۇلدۇر	headword	756_1R.png	unverified
D90-3-07521	شالدۇرۇق	headword	756_1R.png	unverified
D90-3-07522	شالدىر	headword	756_1R.png	unverified
D90-3-07523	شالدىراق	headword	756_1R.png	unverified
D90-3-07525	شالدىرشاپ	headword	756_1R.png	unverified
D90-3-07526	شالدىر-شۇلدۇر	headword	756_1R.png	unverified
D90-3-07527	شالدىرلاتماق	headword	756_1R.png	unverified
D90-3-07528	شالدىرلاشماق	headword	756_1R.png	unverified
D90-3-07529	شالدىرلىماق	headword	756_1R.png	unverified
D90-3-07530	شالدىرما	headword	756_2L.png	unverified
D90-3-07531	شالغۇت	headword	756_2L.png	unverified
D90-3-07532	شالغۇت ئەجدادى	headword	757_1R.png	unverified
D90-3-07533	شالغۇت ئەۋزەللىكى	headword	757_1R.png	unverified
D90-3-07534	شالغۇت زىگوتا	headword	757_1R.png	unverified
D90-3-07535	شالغۇتلاشتۇرماق	headword	757_1R.png	verified
D90-3-07536	شالغۇتلاشتۇرۇش	headword	757_1R.png	verified
D90-3-07537	شالغۇتلاشتۇرۇپ نەسىل يېتىشتۈرۈش	headword	757_1R.png	unverified
D90-3-07538	شالغۇتلاشتۇرۇلماق	headword	757_2L.png	unverified
D90-3-07539	شالغۇتلاشماق	headword	757_2L.png	unverified
D90-3-07540	شاللاتماق	headword	757_2L.png	unverified
D90-3-07541	شاللاش	headword	757_2L.png	unverified
D90-3-07543	شاللاشماق	headword	758_1R.png	unverified
D90-3-07544	شاللاق	headword	758_1R.png	unverified
D90-3-07545	شاللاقلىق	headword	758_1R.png	unverified
D90-3-07546	شاللانماق	headword	758_1R.png	unverified
D90-3-07547	شاللىق	headword	758_1R.png	unverified
D90-3-07548	شاللىماق	headword	758_1R.png	unverified
D90-3-07549	شالۈك	headword	758_2L.png	unverified
D90-3-07550	شالۋاق	headword	758_2L.png	unverified
D90-3-07551	شالۋۇر	headword	758_2L.png	verified
D90-3-07552	شام	headword	758_2L.png	unverified
D90-3-07556	شاما	headword	758_2L.png	unverified
D90-3-07557	شاما بولماق	headword	759_1R.png	unverified
D90-3-07558	شاما قىلىۋەتمەك	headword	759_1R.png	unverified
D90-3-07559	شامال	headword	759_1R.png	unverified
D90-3-07561	شامال ئارقىلىق چاڭلىشىدىغان ئۆسۈملۈك	headword	759_2L.png	unverified
D90-3-07562	شامال بايقاش شارى	headword	759_2L.png	verified
D90-3-07563	شامال بېسىمى	headword	759_2L.png	verified
D90-3-07564	شامال تەگمەك	headword	760_1R.png	verified
D90-3-07565	شامال چىقارماق	headword	760_1R.png	unverified
D90-3-07566	شامال دارىماق	headword	760_1R.png	unverified
D90-3-07567	شامال دەرىجىسى	headword	760_1R.png	unverified
D90-3-07568	شامالدىن ئۆركۆمەك	headword	760_1R.png	unverified
D90-3-07568-v1	سايىسىدىن ئۆركۆمەك	variant	760_1R.png	unverified
D90-3-07569	شامال ساندۇقى	headword	760_1R.png	verified
D90-3-07570	شامال سۈرئىتى	headword	760_2L.png	unverified
D90-3-07571	شامال سۈرئىتىنىڭ كۈندىلىك ئۆزگىرىشى	headword	760_2L.png	unverified
D90-3-07572	شامالغا ئەگەشمەك	headword	760_2L.png	unverified
D90-3-07573	شامالغا باقماق	headword	760_2L.png	unverified
D90-3-07574	شامالغا سورۇۋەتمەك	headword	760_2L.png	unverified
D90-3-07575	شامالغا قاراپ خامان سورۇماق	headword	760_2L.png	unverified
D90-3-07576	شامالغا كەتمەك	headword	761_1R.png	unverified
D90-3-07578	شامالغا ئۇچماق	headword	761_1R.png	unverified
D90-3-07579	شامالغا ئۇچۇپ كەتمەك	headword	761_1R.png	unverified
D90-3-07580	شامال كۆرسە تۈكۈچ	headword	761_1R.png	unverified
D90-3-07581	شامال كۈچى	headword	761_1R.png	unverified
D90-3-07582	شامال كېپىنىكى	headword	761_1R.png	unverified
D90-3-07583	شامال كىرمەسلىك	headword	761_1R.png	unverified
D90-3-07584	شامال ئېغىزى	headword	761_2L.png	verified
D90-3-07585	شامال يۆنىلىشى	headword	761_2L.png	verified
D90-3-07586	شامال يۆنىلىشىنىڭ كۈندىلىك ئۆزگىرىشى	headword	761_2L.png	verified
D90-3-07587	شامال يۈكى	headword	761_2L.png	verified
D90-3-07588	شامال يېمەك	headword	761_2L.png	unverified
D90-3-07589	شامىلى چىقماق	headword	761_2L.png	unverified
D90-3-07590	شامالپەرەس	headword	762_1R.png	unverified
D90-3-07591	شامالپەرەسلىك	headword	762_1R.png	unverified
D90-3-07592	شامالداتماق	headword	762_1R.png	unverified
D90-3-07593	شامالداشماق	headword	762_1R.png	unverified
D90-3-07594	شامالدۇرغۇچ	headword	762_1R.png	unverified
D90-3-07595	شامالدىتىلماق	headword	762_2L.png	unverified
D90-3-07596	شامالدىماق	headword	762_2L.png	unverified
D90-3-07597	شامالداپ قالماق	headword	762_2L.png	unverified
D90-3-07598	شاماللاتماق	headword	762_2L.png	unverified
D90-3-07599	شاماللىق	headword	762_2L.png	unverified
D90-3-07600	شاماللىماق	headword	763_1R.png	unverified
D90-3-07601	شامان	headword	763_1R.png	unverified
D90-3-07602	شامانىزم	headword	763_1R.png	unverified
D90-3-07602-v1	شامان دىنى	variant	763_1R.png	unverified
D90-3-07603	شامپان	headword	763_1R.png	unverified
D90-3-07605	شامپانىسكىي	headword	763_2L.png	unverified
D90-3-07606	شامچى	headword	763_2L.png	unverified
D90-3-07607	شامچىلىق	headword	763_2L.png	unverified
D90-3-07608	شامدار	headword	763_2L.png	unverified
D90-3-07609	شامدان	headword	763_2L.png	unverified
D90-3-07610	شاملىق	headword	763_2L.png	unverified
D90-3-07611	شامۇسەھەر	headword	763_2L.png	unverified
D90-3-07613	شان	headword	764_1R.png	unverified
D90-3-07614	شانا	headword	764_1R.png	unverified
D90-3-07616	شان-شەرەپ	headword	764_1R.png	unverified
D90-3-07618	شان-شەۋكەت	headword	764_1R.png	unverified
D90-3-07619	شان-شۆھرەت	headword	764_2L.png	unverified
D90-3-07620	شانكر	headword	764_2L.png	unverified
D90-3-07621	شانلىق	headword	764_2L.png	unverified
D90-3-07622	شانۇشەۋكەت	headword	764_2L.png	unverified
D90-3-07623	شاھ	headword	764_2L.png	unverified
D90-3-07623-i1	شاھى	inflected	764_2L.png	unverified
D90-3-07624	شاھ بەرمەك	headword	765_1R.png	unverified
D90-3-07625	شاھادەت	headword	765_1R.png	unverified
D90-3-07626	شاھادەتنامە	headword	765_2L.png	unverified
D90-3-07627	شاھانە	headword	765_2L.png	unverified
D90-3-07628	شاھزادە	headword	765_2L.png	unverified
D90-3-07629	شاھزادىلىك	headword	765_2L.png	unverified
D90-3-07630	شاھلىق	headword	766_1R.png	unverified
D90-3-07631	شاھمات	headword	766_1R.png	unverified
D90-3-07632	شاھمات تاختىسى	headword	766_1R.png	unverified
D90-3-07633	شاھنامە رىسالىسى	headword	766_2L.png	verified
D90-3-07634	شاھنامە	headword	766_2L.png	unverified
D90-3-07635	شاھىت	headword	766_2L.png	unverified
D90-3-07637	شاھىتلىق	headword	766_2L.png	unverified
D90-3-07638	شاھىنشاھ	headword	766_2L.png	unverified
D90-3-07640	شاۋرۇن	headword	767_1R.png	unverified
D90-3-07641	شاۋ-شۇۋ	headword	767_1R.png	unverified
D90-3-07644	شاۋقۇن	headword	767_1R.png	unverified
D90-3-07645	شاۋقۇن سالماق	headword	767_2L.png	unverified
D90-3-07646	شاۋقۇن كۆتۈرمەك	headword	767_2L.png	unverified
D90-3-07647	شاۋقۇن-سۈرەن	headword	767_2L.png	unverified
D90-3-07648	شاۋقۇنسىز	headword	767_2L.png	unverified
D90-3-07649	شاۋقۇنلاتماق	headword	768_1R.png	unverified
D90-3-07650	شاۋقۇنلانماق	headword	768_1R.png	unverified
D90-3-07651	شاۋقۇنلۇق	headword	768_1R.png	unverified
D90-3-07653	شاۋقۇنلىماق	headword	768_1R.png	unverified
D90-3-07655	شائىر	headword	768_1R.png	unverified
D90-3-07656	شائىرانە	headword	768_2L.png	unverified
D90-3-07657	شائىرە	headword	768_2L.png	unverified
D90-3-07658	شائىرچاق	headword	768_2L.png	unverified
D90-3-07659	شائىرلارچە	headword	768_2L.png	unverified
D90-3-07660	شائىرلىق	headword	768_2L.png	unverified
D90-3-07661	شاي	headword	769_1R.png	unverified
D90-3-07662	شاياتۇن	headword	769_1R.png	unverified
D90-3-07663	شاياردى	headword	769_1R.png	unverified
D90-3-07664	شايان	headword	769_1R.png	unverified
D90-3-07665	شايەت	headword	769_1R.png	unverified
D90-3-07666	شايبا	headword	769_1R.png	verified
D90-3-07667	شايپا	nonstandard	769_2L.png	unverified
D90-3-07667-c1	شاييا	corrected_form	769_2L.png	unverified
D90-3-07668	شايكا	headword	769_2L.png	unverified
D90-3-07669	شايلىماق	headword	769_2L.png	unverified
D90-3-07670	شايى	headword	769_2L.png	unverified
D90-3-07672	شايى ئۇسسۇلى	headword	770_1R.png	unverified
D90-3-07673	شايى ياغلىق	headword	770_1R.png	unverified
D90-3-07674	شايى-ئەتلەس	headword	770_1R.png	unverified
D90-3-07675	شايىپەتتا	headword	770_1R.png	verified
D90-3-07676	شايىپۈتۈك	headword	770_1R.png	verified
D90-3-07677	شايىچى	headword	770_2L.png	unverified
D90-3-07678	شەب	headword	770_2L.png	unverified
D90-3-07679	شەبان	headword	770_2L.png	unverified
D90-3-07680	شەببادە	headword	770_2L.png	unverified
D90-3-07681	شەبنەم	headword	770_2L.png	unverified
D90-3-07682	شەبنەم نۇقتىسى	headword	771_1R.png	unverified
D90-3-07683	شەبنەملىك	headword	771_1R.png	unverified
D90-3-07684	شەبىستان	headword	771_1R.png	unverified
D90-3-07685	شەپە	headword	771_1R.png	unverified
D90-3-07686	شەپە بەرمەك	headword	771_2L.png	unverified
D90-3-07687	شەپە بولماق	headword	771_2L.png	unverified
D90-3-07688	شەپەرەڭ	headword	771_2L.png	unverified
D90-3-07689	شەپەق	headword	771_2L.png	unverified
D90-3-07690	شەپەقسىمان	headword	772_1R.png	unverified
D90-3-07691	شەپەقلىق	headword	772_1R.png	unverified
D90-3-07692	شەپشەك	headword	772_1R.png	unverified
D90-3-07693	شەپشەكلىك	headword	772_1R.png	unverified
D90-3-07694	شەپقەت	headword	772_1R.png	unverified
D90-3-07695	شەپقەتچان	headword	772_2L.png	unverified
D90-3-07696	شەپقەتچانلىق	headword	772_2L.png	unverified
D90-3-07697	شەپقەتچى	headword	772_2L.png	unverified
D90-3-07698	شەپقەتسىز	headword	772_2L.png	unverified
D90-3-07699	شەپقەتسىزلىك	headword	773_1R.png	unverified
D90-3-07700	شەپقەتلىك	headword	773_1R.png	unverified
D90-3-07701	شەپكە	headword	773_1R.png	unverified
D90-3-07702	شەپكىچى	headword	773_1R.png	unverified
D90-3-07703	شەپكىچىلىك	headword	773_2L.png	unverified
D90-3-07704	شەپكىلىك	headword	773_2L.png	unverified
D90-3-07705	شەپسىز	headword	773_2L.png	unverified
D90-3-07706	شەتلەڭگە	headword	773_2L.png	unverified
D90-3-07707	شەجەرە	headword	773_2L.png	unverified
D90-3-07708	شەخس	headword	774_1R.png	unverified
D90-3-07710	شەخسكە چوقۇنۇش	headword	774_2L.png	unverified
D90-3-07711	شەخسەن	headword	774_2L.png	verified
D90-3-07712	شەخسىي	headword	774_2L.png	unverified
D90-3-07713	شەخسىي قەھرىمانلىق	headword	774_2L.png	unverified
D90-3-07714	شەخسىي مەنپەئەتپەرەسلىك	headword	775_1R.png	unverified
D90-3-07715	شەخسىيەت	headword	775_1R.png	unverified
D90-3-07717	شەخسىيەتچى	headword	775_1R.png	unverified
D90-3-07718	شەخسىيەتچىل	headword	775_1R.png	unverified
D90-3-07719	شەخسىيەتچىلىك	headword	775_2L.png	unverified
D90-3-07720	شەخسىيەتسىز	headword	775_2L.png	unverified
D90-3-07721	شەخسىيەتسىزلىك	headword	775_2L.png	unverified
D90-3-07721-v1	شەخسىيەتسىز سۆزىنىڭ ئېسىم شەكىلى	variant	775_2L.png	unverified
D90-3-07722	شەخسىيپەرەس	headword	776_1R.png	unverified
D90-3-07723	شەددات	headword	776_1R.png	unverified
D90-3-07724	شەددە	headword	776_1R.png	unverified
D90-3-07725	شەددىئەلەم	headword	776_1R.png	verified
D90-3-07726	شەرەپ	headword	776_2L.png	unverified
D90-3-07727	شەرەپ-شان	headword	776_2L.png	unverified
D90-3-07728	شەرەپلىك	headword	777_1R.png	unverified
D90-3-07729	شەرەت	nonstandard	777_1R.png	unverified
D90-3-07729-c1	ئىشارەت	corrected_form	777_1R.png	unverified
D90-3-07730	شەربەت	headword	777_1R.png	unverified
D90-3-07731	شەربەتلىك	headword	777_1R.png	unverified
D90-3-07732	شەرت	headword	777_1R.png	unverified
D90-3-07733	شەرت بۆلەك	headword	777_2L.png	unverified
D90-3-07734	شەرت قويماق	headword	777_2L.png	unverified
D90-3-07735	شەرت قىلماق	headword	778_1R.png	unverified
D90-3-07736	شەرتى پىشماق	headword	778_1R.png	unverified
D90-3-07737	شەرتسىز	headword	778_1R.png	unverified
D90-3-07738	شەرتسىز رېفلېكس	headword	778_2L.png	unverified
D90-3-07739	شەرت-شارائىت	headword	778_2L.png	unverified
D90-3-07740	شەرتلەشمەك	headword	779_1R.png	unverified
D90-3-07741	شەرتلىك	headword	779_1R.png	unverified
D90-3-07743	شەرتلىك تەڭسىزلىك	headword	779_2L.png	unverified
D90-3-07744	شەرتلىك رېفلېكس	headword	779_2L.png	unverified
D90-3-07745	شەرتلىك غىدىقلاش	headword	779_2L.png	unverified
D90-3-07746	شەرتلىك قويۇپ بېرىش	headword	779_2L.png	unverified
D90-3-07747	شەرتلىك مۇناسىۋەت	headword	780_1R.png	unverified
D90-3-07748	شەرتلىك ھۆكۈم	headword	780_1R.png	unverified
D90-3-07749	شەرتلىك ئۈچ ھۆكۈملۈك	headword	780_1R.png	unverified
D90-3-07750	شەرتنامە	headword	780_1R.png	unverified
D90-3-07751	شەرق	headword	780_1R.png	unverified
D90-3-07752	شەرق شامىلى	headword	780_2L.png	unverified
D90-3-07753	شەرق قامچىئوتى	headword	780_2L.png	unverified
D90-3-07754	شەرق نەرگىز گۈلى	headword	780_2L.png	unverified
D90-3-07755	شەرقشۇناس	headword	780_2L.png	unverified
D90-3-07756	شەرقشۇناسلىق	headword	780_2L.png	unverified
D90-3-07757	شەرقىي	headword	781_1R.png	verified
D90-3-07758	شەرقىي ئاسىيا	headword	781_1R.png	unverified
D90-3-07759	شەرقىي ئافرىقا	headword	781_1R.png	unverified
D90-3-07760	شەرقىي توڭگۇسلار	headword	781_1R.png	unverified
D90-3-07761	شەرقىي جەنۇب	headword	781_1R.png	unverified
D90-3-07762	شەرقىي جەنۇبىي ئاسىيا	headword	781_1R.png	unverified
D90-3-07763	شەرقىي جۇ خانلىقى	headword	781_2L.png	unverified
D90-3-07764	شەرقىي جىن	headword	781_2L.png	unverified
D90-3-07765	شەرقىي جىن خانلىقى	headword	781_2L.png	unverified
D90-3-07766	شەرقىي خەن	headword	781_2L.png	unverified
D90-3-07767	شەرقىي خەن خانلىقى	headword	781_2L.png	unverified
D90-3-07768	شەرقىي شىمال	headword	781_2L.png	unverified
D90-3-07769	شەرقىي غوزلار	headword	781_2L.png	unverified
D90-3-07769-v1	توڭگۇسلار	variant	781_2L.png	unverified
D90-3-07770	شەرقىي ئوزۇنلۇق	headword	782_1R.png	unverified
D90-3-07771	شەرقىي ۋېي	headword	782_1R.png	unverified
D90-3-07772	شەرقىي ۋېي خانلىقى	headword	782_1R.png	unverified
D90-3-07773	شەرقىي ياۋروپا	headword	782_1R.png	unverified
D90-3-07774	شەرم	headword	782_1R.png	unverified
D90-3-07775	شەرمەندە	headword	782_1R.png	unverified
D90-3-07776	شەرمەندىچىلىك	headword	782_2L.png	unverified
D90-3-07777	شەرمەندىلەرچە	headword	782_2L.png	unverified
D90-3-07778	شەرمەندىلىك	headword	782_2L.png	unverified
D90-3-07779	شەرمىسار	headword	782_2L.png	unverified
D90-3-07780	شەرمىسارلىق	headword	782_2L.png	unverified
D90-3-07781	شەرم-ھايا	headword	783_1R.png	unverified
D90-3-07782	شەرھ	headword	783_1R.png	unverified
D90-3-07783	شەرھچى	headword	783_1R.png	unverified
D90-3-07784	شەرھلەتمەك	headword	783_1R.png	unverified
D90-3-07785	شەرھلەشمەك	headword	783_1R.png	unverified
D90-3-07786	شەرھلىمەك	headword	783_2L.png	unverified
D90-3-07787	شەرۋەت	nonstandard	783_2L.png	unverified
D90-3-07788	شەرئى	headword	783_2L.png	unverified
D90-3-07790	شەرىئەت	headword	783_2L.png	unverified
D90-3-07791	شەرىپ	headword	784_1R.png	unverified
D90-3-07792	شەرىپە	headword	784_1R.png	unverified
D90-3-07793	شەرىمم	nonstandard	784_1R.png	unverified
D90-3-07794	شەشبەر	headword	784_1R.png	unverified
D90-3-07795	شە شەشمەك	headword	784_2L.png	unverified
D90-3-07795-v1	يەشمەك	variant	784_2L.png	unverified
D90-3-07796	شەقىقە	headword	784_2L.png	unverified
D90-3-07798	شەك	headword	784_2L.png	unverified
D90-3-07801	شەكسىز	headword	785_1R.png	unverified
D90-3-07802	شەك-شۈبھە	headword	785_1R.png	unverified
D90-3-07803	شەك-شۈبھىسىز	headword	785_1R.png	unverified
D90-3-07804	شەكلەن	headword	785_1R.png	unverified
D90-3-07805	شەكلەندۈرمەك	headword	785_1R.png	unverified
D90-3-07806	شەكلەنمەك	headword	785_1R.png	unverified
D90-3-07807	شەكلىك	headword	785_2L.png	unverified
D90-3-07808	شەكىل	headword	785_2L.png	unverified
D90-3-07809	شەكلى ئۆزگەرگەن غول	headword	786_1R.png	unverified
D90-3-07810	شەكلى ئۆزگەرگەن يوپۇرماق	headword	786_1R.png	unverified
D90-3-07811	شەكلى ئۆزگەرگەن يىلتىز	headword	786_1R.png	unverified
D90-3-07812	شەكىل تۈزەش خىرورگىيىسى	headword	786_1R.png	unverified
D90-3-07813	شەكىل مىنېرالشۇناسلىقى	headword	786_2L.png	verified
D90-3-07814	شەكىل ئۆزگەرتىش	headword	786_2L.png	unverified
D90-3-07815	شەكىل يارىتىش سەنئىتى	headword	787_1R.png	unverified
D90-3-07816	شەكىلچىلىك	headword	787_1R.png	unverified
D90-3-07817	شەكىلداش	headword	787_1R.png	unverified
D90-3-07820	شەكىلداشلىق	headword	787_2L.png	unverified
D90-3-07821	شەكىلسىز	headword	787_2L.png	unverified
D90-3-07822	شەكىلسىز خوراش	headword	787_2L.png	unverified
D90-3-07823	شەكىللەندۈرمەك	headword	787_2L.png	verified
D90-3-07824	شەكىللەندۈرۈلمەك	headword	788_1R.png	verified
D90-3-07825	شەكىللەنمەك	headword	788_1R.png	unverified
D90-3-07826	شەكىللىك	headword	788_1R.png	unverified
D90-3-07828	شەكىللىك خوراش	headword	788_2L.png	unverified
D90-3-07829	شەكىلۋاز	headword	788_2L.png	unverified
D90-3-07830	شەكىلۋازلىق	headword	788_2L.png	unverified
D90-3-07833	شەلپەر	headword	789_1R.png	unverified
D90-3-07835	شەلپەرلەنمەك	headword	789_1R.png	unverified
D90-3-07836	شەلدەم	headword	789_2L.png	unverified
D90-3-07839	شەلۋەرەتمەك	headword	789_2L.png	unverified
D90-3-07840	شەلۋەرىمەك	headword	789_2L.png	unverified
D90-3-07841	شەمەر	headword	789_2L.png	unverified
D90-3-07842	شەمس	headword	790_1R.png	unverified
D90-3-07843	شەمسىيە	headword	790_1R.png	unverified
D90-3-07844	شەمشاد	headword	790_1R.png	unverified
D90-3-07845	شەمشەر	headword	790_1R.png	unverified
D90-3-07846	شەمشەر بېلىق	headword	790_2L.png	unverified
D90-3-07847	شەمشەر چىشلىق پىل	headword	790_2L.png	unverified
D90-3-07848	شەمشەر چىشلىق يولۋاس	headword	790_2L.png	unverified
D90-3-07849	شەمشەردەك	headword	791_1R.png	unverified
D90-3-07850	شەمشەرقۇيرۇق	headword	791_1R.png	verified
D90-3-07851	شەمشەرلىك	headword	791_1R.png	unverified
D90-3-07852	شەمشەرۋاز	headword	791_1R.png	unverified
D90-3-07853	شەمشەرۋازلىق	headword	791_1R.png	unverified
D90-3-07854	شەمئى	headword	791_1R.png	unverified
D90-3-07855	شەن	headword	791_1R.png	unverified
D90-3-07856	شەنىگە چىچماق	headword	791_2L.png	unverified
D90-3-07857	شەنىگە داغ تەگكۈزمەك	headword	791_2L.png	unverified
D90-3-07858	شەنىگە داغ چۈشۈرمەك	headword	791_2L.png	unverified
D90-3-07859	شەنىگە داغ كەلتۈرمەك	headword	791_2L.png	unverified
D90-3-07860	شەنىگە چۈشۈرىدىغان گەپ-سۆزلەر بولماق	headword	792_1R.png	unverified
D90-3-07861	شەنىگە ئولتۇرماق	headword	792_1R.png	unverified
D90-3-07862	شەنىنى بۇلغىماق	headword	792_1R.png	unverified
D90-3-07863	شەنى يامان	headword	792_1R.png	unverified
D90-3-07864	شەنبە	headword	792_1R.png	unverified
D90-3-07865	شەنبە بازار	headword	792_1R.png	unverified
D90-3-07866	شەنبىلىك	headword	792_2L.png	unverified
D90-3-07867	شەھەر	headword	792_2L.png	unverified
D90-3-07868	شەھەر ئالىدىغاندەك	headword	793_1R.png	unverified
D90-3-07869	شەھەر سورىماق	headword	793_1R.png	unverified
D90-3-07870	شەھەر كۆرمىگەن	headword	793_1R.png	unverified
D90-3-07871	شەھەر كىلىماتى	headword	793_1R.png	unverified
D90-3-07872	شەھەرلەر ئارا مۇسابىقە	headword	793_1R.png	unverified
D90-3-07873	شەھەرچە	headword	793_2L.png	unverified
D90-3-07874	شەھەرچىلەپ	headword	793_2L.png	unverified
D90-3-07875	شەھەرلىك	headword	793_2L.png	unverified
D90-3-07876	شەھلا	headword	794_1R.png	unverified
D90-3-07878	شەھۋانە	headword	794_1R.png	unverified
D90-3-07879	شەھۋانىي	headword	794_1R.png	unverified
D90-3-07880	شەھۋانىيەت	headword	794_1R.png	unverified
D90-3-07881	شەھۋانىيلىق	headword	794_2L.png	unverified
D90-3-07882	شەھۋەت	headword	794_2L.png	unverified
D90-3-07883	شەھۋەتپەرەس	headword	794_2L.png	unverified
D90-3-07884	شەھۋەتپەرەسلىك	headword	794_2L.png	unverified
D90-3-07885	شەھۋەتخور	headword	794_2L.png	verified
D90-3-07886	شەھۋەتخورلۇق	headword	795_1R.png	unverified
D90-3-07887	شەھەد	headword	795_1R.png	unverified
D90-3-07887-v1	شەھەت	variant	795_1R.png	unverified
D90-3-07888	شەۋق	headword	795_1R.png	unverified
D90-3-07889	شەۋكەت	headword	795_1R.png	unverified
D90-3-07890	شەۋكەتلىك	headword	795_1R.png	unverified
D90-3-07891	شەۋۋال	headword	795_1R.png	unverified
D90-3-07892	شەيتان	headword	795_1R.png	unverified
D90-3-07893	شەيتان ئاتلىماق	headword	796_1R.png	unverified
D90-3-07894	شەيتان ئارىلاشماق	headword	796_1R.png	unverified
D90-3-07895	شەيتان تارازا	headword	796_1R.png	unverified
D90-3-07896	شەيتانغا دەرس بېرىدىغان	headword	796_1R.png	unverified
D90-3-07897	شەيتانغا دەرس ئۆگىتىدىغان	headword	796_1R.png	unverified
D90-3-07898	شەيتانغا دەرس بېرىدىغان:	headword	796_1R.png	unverified
D90-3-07899	شەيتانغا ساۋاق بېرىدىغان	headword	796_2L.png	unverified
D90-3-07900	شەيتانغا نوختا سالىدىغان	headword	796_2L.png	unverified
D90-3-07901	شەيتاننى ئالدايدىغان	headword	796_2L.png	unverified
D90-3-07902	شەيتاننىڭ بۇرنىغا چۈلۈك ئۆتكۈزىدىغان	headword	796_2L.png	unverified
D90-3-07903	شەيتاننىڭ پەيلى	headword	796_2L.png	unverified
D90-3-07904	شەيتاننىڭ كەينىگە كىرمەك	headword	796_2L.png	unverified
D90-3-07905	شەيتاننىڭ ۋەسۋەسىسىگە ئالدانماق	headword	797_1R.png	unverified
D90-3-07906	شەيتاننى ئۇسۇلغا سالىدىغان	headword	797_1R.png	unverified
D90-3-07907	شەيتان ھارۋا	headword	797_1R.png	unverified
D90-3-07908	شەيتان تۇرسۇن	headword	797_1R.png	unverified
D90-3-07909	شەيتان ۋەسۋەسىگە سالماق	headword	797_1R.png	unverified
D90-3-07910	شەيتىنى پۈۋلىمەك	headword	797_1R.png	unverified
D90-3-07911	شەيتىنى تۇتماق	headword	797_2L.png	unverified
D90-3-07912	شەيتىنى غالىب	headword	797_2L.png	unverified
D90-3-07913	شەيتىنى غالىب كەلمەك	headword	797_2L.png	unverified
D90-3-07914	شەيتىنى غالىس	headword	797_2L.png	unverified
D90-3-07915	شەيتىنى قوزغىماق	headword	798_1R.png	unverified
D90-3-07917	شەيتىنى كۈچلۈك	headword	798_1R.png	unverified
D90-3-07918	شەيتىنى ئۆرلىمەك	headword	798_1R.png	unverified
D90-3-07920	شەيتان تېرىسى	headword	798_2L.png	verified
D90-3-07921	شەيتانچاق	headword	798_2L.png	unverified
D90-3-07922	شەيتانلىق	headword	798_2L.png	unverified
D90-3-07923	شەيتانلىق قىلماق	headword	798_2L.png	unverified
D90-3-07924	شەيخ	headword	799_1R.png	unverified
D90-3-07925	شەيخۇلئىسلام	headword	799_2L.png	unverified
D90-3-07926	شەيدا	headword	799_2L.png	unverified
D90-3-07927	شەيدا ئەتمەك	headword	799_2L.png	unverified
D90-3-07927-v1	شەيدا قىلماق	variant	799_2L.png	unverified
D90-3-07928	شەيدالىق	headword	800_1R.png	unverified
D90-3-07929	شەيدايى	headword	800_1R.png	unverified
D90-3-07930	شەيدايىلىق	headword	800_1R.png	unverified
D90-3-07931	شەيئى	headword	800_1R.png	verified
D90-3-07932	شپال	headword	800_2L.png	unverified
D90-3-07934	شپىرىس	headword	800_2L.png	unverified
D90-3-07935	شتاب	headword	800_2L.png	unverified
D90-3-07936	شتات	headword	801_1R.png	unverified
D90-3-07938	شتاتلىق	headword	801_1R.png	unverified
D90-3-07939	شتانكا	headword	801_1R.png	unverified
D90-3-07940	شتانگېتسىركۇل	headword	801_1R.png	unverified
D90-3-07941	شتېپسېل	headword	801_2L.png	verified
D90-3-07942	شكالا	headword	801_2L.png	unverified
D90-3-07943	شلانكا	headword	801_2L.png	verified
D90-3-07944	شۋېت	headword	801_2L.png	unverified
D90-3-07945	شۋېتلار	headword	801_2L.png	unverified
D90-3-07946	شوئار	headword	801_2L.png	unverified
D90-3-07947	شوئارۋاز	headword	802_1R.png	unverified
D90-3-07948	شوئارۋازلىق	headword	802_1R.png	unverified
D90-3-07950	شوپاڭچى	headword	802_2L.png	unverified
D90-3-07951	شوپاڭچىلىق	headword	802_2L.png	unverified
D90-3-07952	شوپاڭكەش	headword	802_2L.png	unverified
D90-3-07953	شوپاڭكەشلىك	headword	802_2L.png	unverified
D90-3-07954	شوپۇر	headword	802_2L.png	unverified
D90-3-07955	شوپۇرلۇق	headword	802_2L.png	unverified
D90-3-07956	شوتا	headword	802_2L.png	unverified
D90-3-07957	شوتا قويۇپ بەرمەك	headword	803_1R.png	unverified
D90-3-07959	شوتىلىق	headword	803_1R.png	unverified
D90-3-07960	شوخ	headword	803_1R.png	unverified
D90-3-07961	شوخا	headword	803_2L.png	unverified
D90-3-07962	شوخشۇتماق	headword	803_2L.png	unverified
D90-3-07963	شوخشۇماق	headword	803_2L.png	unverified
D90-3-07964	شوخلا	headword	804_1R.png	unverified
D90-3-07965	شوخلاشتۇرماق	headword	804_1R.png	unverified
D90-3-07966	شوخلاشماق	headword	804_1R.png	unverified
D90-3-07967	شوخلاندۇرماق	headword	804_1R.png	unverified
D90-3-07968	شوخلانماق	headword	804_1R.png	unverified
D90-3-07969	شوخلەك	nonstandard	804_1R.png	unverified
D90-3-07970	شوخلۇق	headword	804_1R.png	unverified
D90-3-07973	شوخلىماق	headword	804_2L.png	unverified
D90-3-07974	شور	headword	804_2L.png	unverified
D90-3-07975	شور ئاپىتى	headword	805_1R.png	unverified
D90-3-07976	شور توپا	headword	805_1R.png	unverified
D90-3-07977	شور تۇپراق	headword	805_1R.png	unverified
D90-3-07978	شور كۆتۈرمەك	headword	805_1R.png	unverified
D90-3-07979	شور ئۆرلەش	headword	805_1R.png	unverified
D90-3-07980-i1	شورى	inflected	805_1R.png	verified
D90-3-07981	شور پېشانە	headword	805_2L.png	unverified
D90-3-07982	شور تۇمشۇق	headword	805_2L.png	unverified
D90-3-07983	شور ئېغىز	headword	805_2L.png	unverified
D90-3-07984	شورىغا شورپا تۆكۈلگۈر	headword	805_2L.png	unverified
D90-3-07985	شورى قۇرۇسۇن	headword	805_2L.png	unverified
D90-3-07986	شورى قۇرۇماق	headword	806_1R.png	unverified
D90-3-07987	شورا	headword	806_1R.png	unverified
D90-3-07989	شوراتقۇزماق	headword	806_2L.png	unverified
D90-3-07990	شوراتقۇزۇلماق	headword	806_2L.png	unverified
D90-3-07991	شوراتماق	headword	806_2L.png	unverified
D90-3-07992	شوراش	headword	806_2L.png	unverified
D90-3-07994	شوراشماق	headword	806_2L.png	unverified
D90-3-07995	شورالماق	headword	806_2L.png	unverified
D90-3-07996	شورپا	headword	807_1R.png	unverified
D90-3-07998	شورپا-شەلەڭ	headword	807_1R.png	unverified
D90-3-07999	شورپىلانماق	headword	807_1R.png	unverified
D90-3-08000	شورتاڭ	headword	807_1R.png	unverified
D90-3-08001	شورتاڭلىق	headword	807_2L.png	unverified
D90-3-08002	شورسىز	headword	807_2L.png	unverified
D90-3-08003	شورسىزلاندۇرماق	headword	807_2L.png	unverified
D90-3-08004	شورسىزلاندۇرۇلماق	headword	807_2L.png	unverified
D90-3-08005	شورسىزلانماق	headword	807_2L.png	unverified
D90-3-08006	شورلاتماق	headword	807_2L.png	unverified
D90-3-08007	شورلاشتۇرماق	headword	807_2L.png	unverified
D90-3-08008	شورلاشماق	headword	808_1R.png	unverified
D90-3-08009	شورلانماق	headword	808_1R.png	unverified
D90-3-08010	شورلۇق	headword	808_1R.png	unverified
D90-3-08012	شورلىماق	headword	808_2L.png	unverified
D90-3-08013	شورىتىلماق	headword	808_2L.png	unverified
D90-3-08014	شورىخانا	headword	808_2L.png	unverified
D90-3-08014-v1	باجخانا	variant	808_2L.png	unverified
D90-3-08015	شورىدىماق	headword	808_2L.png	unverified
D90-3-08016	شورىغۇچ	headword	808_2L.png	unverified
D90-3-08018	شورىگۈل	headword	808_2L.png	verified
D90-3-08019	شورىماق	headword	809_1R.png	unverified
D90-3-08020	شوشاڭ	headword	809_1R.png	unverified
D90-3-08022	شوق	headword	809_1R.png	unverified
D90-3-08022-i1	شوقى	inflected	809_1R.png	unverified
D90-3-08023	شوقلانماق	headword	809_1R.png	unverified
D90-3-08024	شوكۈم	headword	809_2L.png	unverified
D90-3-08026	شول	headword	809_2L.png	unverified
D90-3-08027	شولا	headword	809_2L.png	unverified
D90-3-08028	شولىگۈل	headword	809_2L.png	verified
D90-3-08029	شولىلىق	headword	810_1R.png	unverified
D90-3-08030	شوۋا	nonstandard	810_1R.png	unverified
D90-3-08031	شوۋۇرماق	headword	810_1R.png	unverified
D90-3-08032	شوۋىچى	headword	810_1R.png	unverified
D90-3-08033	شوۋىچىلىق	headword	810_1R.png	unverified
D90-3-08034	شوۋىگۈرۈچ	headword	810_1R.png	verified
D90-3-08035	شوۋىنىزم	headword	810_2L.png	unverified
D90-3-08036	شوۋىنىزمچىلىق	headword	810_2L.png	unverified
D90-3-08037	شوۋىنىست	headword	810_2L.png	unverified
D90-3-08038	شويلا	headword	810_2L.png	unverified
D90-3-08039	شوينا	headword	810_2L.png	unverified
D90-3-08041	شو	headword	811_1R.png	unverified
D90-3-08042	شۇ ئارىدا	headword	811_2L.png	unverified
D90-3-08043	شۇ ئان	headword	811_2L.png	unverified
D90-3-08044	شۇ ئاي، شۇ كۈنلەردە	headword	811_2L.png	unverified
D90-3-08045	شۇ ئەسنادا	headword	811_2L.png	unverified
D90-3-08046	شۇ بۇ	headword	811_2L.png	unverified
D90-3-08046-v1	مۇشۇ	variant	811_2L.png	unverified
D90-3-08047	شۇ پېتى	headword	811_2L.png	unverified
D90-3-08048	شۇ تاپ	headword	812_1R.png	unverified
D90-3-08049	شۇ تەرىقىدە	headword	812_1R.png	unverified
D90-3-08050	شۇ تۇرقى	headword	812_1R.png	unverified
D90-3-08051	شۇ دەم	headword	812_1R.png	unverified
D90-3-08052	شۇ زامات	headword	812_1R.png	unverified
D90-3-08053	شۇ زامان	headword	812_2L.png	unverified
D90-3-08054	شۇ قەدەر	headword	812_2L.png	unverified
D90-3-08055	شۇ كەم	headword	812_2L.png	unverified
D90-3-08056	شۇ مەھەل	headword	812_2L.png	unverified
D90-3-08057	شۇنىڭ بىلەن	headword	812_2L.png	unverified
D90-3-08058	شۇنىڭ ئۈچۈن	headword	812_2L.png	unverified
D90-3-08059	شۇ ھالى بىلەن	headword	813_1R.png	unverified
D90-3-08060	شۇ ھامان	headword	813_1R.png	unverified
D90-3-08061	شۇ ياق	headword	813_1R.png	unverified
D90-3-08062	شۇ يان	headword	813_1R.png	unverified
D90-3-08064	شۇ خانلىقى	headword	813_1R.png	unverified
D90-3-08065	شۇپۇڭ	headword	813_1R.png	unverified
D90-3-08066	شۇپۇڭدىماق	headword	813_1R.png	unverified
D90-3-08068	شۇجىلىق	headword	813_2L.png	unverified
D90-3-08069	شۇدلۇق	headword	813_2L.png	verified
D90-3-08070	شۇر	headword	813_2L.png	unverified
D90-3-08071	شۇررىدە	headword	813_2L.png	unverified
D90-3-08072	شۇر-شۇر	headword	813_2L.png	unverified
D90-3-08073	شۇرقىراتماق	headword	813_2L.png	unverified
D90-3-08074	شۇرقىراشماق	headword	813_2L.png	unverified
D90-3-08075	شۇرقىرىماق	headword	813_2L.png	unverified
D90-3-08076	شۇرۇق	headword	814_1R.png	unverified
D90-3-08079	شۇغۈللاندۇرماق	headword	814_1R.png	unverified
D90-3-08080	شۇغۈللاندۇرۇلماق	headword	814_1R.png	unverified
D90-3-08081	شۇغۇللانماق	headword	814_1R.png	unverified
D90-3-08082	شۇغىنىسى	headword	814_1R.png	unverified
D90-3-08083	شۇك	nonstandard	814_2L.png	unverified
D90-3-08084	شۇڭ	headword	814_2L.png	unverified
D90-3-08087	شۇڭا	headword	814_2L.png	unverified
D90-3-08088	شۇڭپەن	nonstandard	814_2L.png	unverified
D90-3-08088-c1	شۇمپەن	corrected_form	814_2L.png	unverified
D90-3-08089	شۇڭغۇتماق	headword	814_2L.png	unverified
D90-3-08091	شۇڭغۇتۇشماق	headword	815_1R.png	unverified
D90-3-08092	شۇڭغۇتۇلماق	headword	815_1R.png	unverified
D90-3-08093	شۇڭغۇشماق	headword	815_1R.png	unverified
D90-3-08094	شۇڭغۇماق	headword	815_1R.png	unverified
D90-3-08095	شۇڭقار	headword	815_1R.png	unverified
D90-3-08096	شۇڭلاشقا	headword	815_1R.png	unverified
D90-3-08097	شۇلتا	headword	815_2L.png	verified
D90-3-08098	شۇلۇق	headword	815_2L.png	unverified
D90-3-08099	شۇلۇق-شۇلۇق	headword	815_2L.png	unverified
D90-3-08100	شۇلۇقلىماق	headword	815_2L.png	unverified
D90-3-08101	شۇم	headword	815_2L.png	unverified
D90-3-08102	شۇم ئاياغ	headword	816_1R.png	unverified
D90-3-08103	شۇم پەلەك	headword	816_1R.png	unverified
D90-3-08104	شۇم پېشانە	headword	816_1R.png	unverified
D90-3-08104-v1	شور پىشانە	variant	816_1R.png	unverified
D90-3-08105	شۇم تەلەپ	headword	816_1R.png	unverified
D90-3-08106	شۇم تەلەي	headword	816_1R.png	unverified
D90-3-08107	شۇم خەۋەر	headword	816_1R.png	unverified
D90-3-08108	شۇم قەدەم	headword	816_2L.png	unverified
D90-3-08109	شۇم نىيەت	headword	816_2L.png	unverified
D90-3-08110	شۇم ئېغىز	headword	816_2L.png	unverified
D90-3-08111	شۇمبا	headword	816_2L.png	unverified
D90-3-08112	شۇمبۇيا	headword	816_2L.png	verified
D90-3-08113	شۇمبۇيىدەك ئۈنمەك	headword	817_1R.png	unverified
D90-3-08114	شۇمبۇيىلىق	headword	817_1R.png	unverified
D90-3-08116	شۇمتال	headword	817_1R.png	verified
D90-3-08116-v1	مانجۇرىيە ئەرمۇدۇنى	variant	817_1R.png	verified
D90-3-08117	شۇمتەك	headword	817_2L.png	unverified
D90-3-08118	شۇمقۇش	headword	817_2L.png	verified
D90-3-08119	شۇملۇق	headword	817_2L.png	unverified
D90-3-08123	شۇنچە	headword	818_1R.png	unverified
D90-3-08124	شۇنچىزا	headword	818_1R.png	unverified
D90-3-08125	شۇنچىكى	headword	818_1R.png	unverified
D90-3-08126	شۇنچىلىك	headword	818_2L.png	unverified
D90-3-08127	شۇنچىۋالا	headword	818_2L.png	unverified
D90-3-08128	شۇندا	headword	818_2L.png	unverified
D90-3-08129	شۇنداق	headword	818_2L.png	unverified
D90-3-08130	شۇنداق قىلىپ	headword	819_1R.png	unverified
D90-3-08131	شۇنداقتا	headword	819_2L.png	unverified
D90-3-08132	شۇنداقلا	headword	819_2L.png	unverified
D90-3-08133	شۇنىسى	headword	819_2L.png	unverified
D90-3-08134	شۇۋ	headword	820_1R.png	unverified
D90-3-08135	شۇۋۇلداتماق	headword	820_1R.png	unverified
D90-3-08136	شۇۋۇلدىماق	headword	820_1R.png	unverified
D90-3-08137	شۇبە	headword	820_1R.png	unverified
D90-3-08138	شۆپەك	nonstandard	820_2L.png	unverified
D90-3-08139	شۆپۈك	headword	820_2L.png	unverified
D90-3-08140	شۆپۈكدىمەك	headword	820_2L.png	unverified
D90-3-08141	شۆپۈكلۈك	headword	820_2L.png	unverified
D90-3-08142	شۆلگەي	headword	820_2L.png	unverified
D90-3-08143	شۆلگەي بېزى	headword	821_1R.png	unverified
D90-3-08144	شۆلگەيلىرى ئاقماق	headword	821_1R.png	unverified
D90-3-08145	شۆھرەت	headword	821_1R.png	unverified
D90-3-08146	شۆھرەت تاپماق	headword	821_1R.png	unverified
D90-3-08147	شۆھرەت قازانماق	headword	821_1R.png	unverified
D90-3-08148	شۆھرەتپەرەس	headword	821_2L.png	unverified
D90-3-08149	شۆھرەتپەرەسلىك	headword	821_2L.png	unverified
D90-3-08150	شۆھرەتلەندۈرمەك	headword	821_2L.png	unverified
D90-3-08151	شۆھرەتلەنمەك	headword	821_2L.png	unverified
D90-3-08152	شۆھرەتلىك	headword	821_2L.png	unverified
D90-3-08153	شۆھرەتۋاز	headword	822_1R.png	unverified
D90-3-08154	شۆھرەتۋازلىق	headword	822_1R.png	unverified
D90-3-08156	شۈبھە	headword	822_1R.png	unverified
D90-3-08157	شۈبھە چۈشمەك	headword	822_1R.png	unverified
D90-3-08158	شۈبھە قىلماق	headword	822_1R.png	unverified
D90-3-08159	شۈبھىچى	headword	822_2L.png	unverified
D90-3-08160	شۈبھىچىلىك	headword	822_2L.png	verified
D90-3-08161	شۈبھىسىز	headword	822_2L.png	unverified
D90-3-08162	شۈبھىلەندۈرمەك	headword	822_2L.png	unverified
D90-3-08163	شۈبھىلەنمەك	headword	822_2L.png	unverified
D90-3-08164	شۈبھىلىك	headword	823_1R.png	unverified
D90-3-08165	شۈبھىلىنىشمەك	headword	823_1R.png	unverified
D90-3-08166	شۈپۈشۈك	headword	823_1R.png	unverified
D90-3-08167	شۈدە	headword	823_1R.png	unverified
D90-3-08168	شۇدىگەر	headword	823_1R.png	unverified
D90-3-08169	شۈركۈندۈرمەك	headword	823_2L.png	unverified
D90-3-08170	شۈركۈنمەك	headword	823_2L.png	unverified
D90-3-08171	شۈرمەل	headword	823_2L.png	unverified
D90-3-08172	شۈك	headword	823_2L.png	unverified
D90-3-08174	شۈكرانە	headword	824_1R.png	unverified
D90-3-08175	شۈكرانە ئوقۇماق	headword	824_1R.png	unverified
D90-3-08176	شۈكرانە ئېيتماق	headword	824_1R.png	unverified
D90-3-08177	شۈككىدە	headword	824_1R.png	unverified
D90-3-08178	شۈكلەشمەك	headword	824_2L.png	unverified
D90-3-08179	شۈكلىمەك	headword	824_2L.png	unverified
D90-3-08180	شۈكۈر	headword	824_2L.png	unverified
D90-3-08181	شۈكۈر دېمەك	headword	824_2L.png	unverified
D90-3-08182	شۈكۈر قىلماق	headword	824_2L.png	unverified
D90-3-08183	شۈكۈر-سانا	headword	825_1R.png	unverified
D90-3-08184	شۈكۈرسىزلىك	headword	825_1R.png	unverified
D90-3-08185	شۈكۈر-قانائەت	headword	825_1R.png	unverified
D90-3-08186	شۈكۈرلۈك	headword	825_1R.png	unverified
D90-3-08188	شۈڭگەنلىك	headword	825_1R.png	unverified
D90-3-08189	شۈلمەك	nonstandard	825_1R.png	unverified
D90-3-08190	شۈلۈك	headword	825_2L.png	unverified
D90-3-08191	شۈمەك	headword	825_2L.png	unverified
D90-3-08193	شۈمدەكلىمەك	headword	825_2L.png	unverified
D90-3-08194	شۈمدۈرمەك	headword	825_2L.png	unverified
D90-3-08195	شۈمشەرىمەك	headword	825_2L.png	unverified
D90-3-08196	شۈمشەيتمەك	headword	825_2L.png	unverified
D90-3-08197	شۈمشەيمەك	headword	825_2L.png	unverified
D90-3-08198	شۈمشۈك	headword	826_1R.png	unverified
D90-3-08199	شۈمشىيىشمەك	headword	826_1R.png	unverified
D90-3-08200	شۈممەك	headword	826_1R.png	unverified
D90-3-08201	شۈمۈشمەك	headword	826_1R.png	unverified
D90-3-08202	شۈمۈمەك	nonstandard	826_1R.png	unverified
D90-3-08203	شۇيزۇ	headword	826_1R.png	unverified
D90-3-08204	شۈيزۇچە	headword	826_2L.png	unverified
D90-3-08205	شۈيزۇلار	headword	826_2L.png	unverified
D90-3-08206	شى	headword	826_2L.png	unverified
D90-3-08207	شېپى	headword	826_2L.png	unverified
D90-3-08209	شېپىلىك	headword	827_1R.png	unverified
D90-3-08213	شېتىلە	headword	827_2L.png	unverified
D90-3-08214	شېتىلىلىك	headword	827_2L.png	unverified
D90-3-08215	شېرىس	headword	827_2L.png	unverified
D90-3-08216	شېرىك	headword	827_2L.png	unverified
D90-3-08217	شېرىك بولماق	headword	828_1R.png	unverified
D90-3-08218	شېرىكچىلىك	headword	828_1R.png	unverified
D90-3-08219	شېرىكلەشمەك	headword	828_2L.png	unverified
D90-3-08220	شېرىكلىك	headword	828_2L.png	unverified
D90-3-08221	شېرىن	headword	828_2L.png	unverified
D90-3-08222	شېرىنسۇخەن	headword	829_1R.png	unverified
D90-3-08223	شېرىن-شېكەر	headword	829_1R.png	unverified
D90-3-08224	شېرىنكارە	headword	829_1R.png	unverified
D90-3-08225	شېرىنلەشتۈرمەك	headword	829_2L.png	unverified
D90-3-08226	شېرىنلەشمەك	headword	829_2L.png	unverified
D90-3-08227	شېرىنلىك	headword	829_2L.png	unverified
D90-3-08228	شېزۇ	headword	829_2L.png	verified
D90-3-08229	شېزۇلار	headword	829_2L.png	verified
D90-3-08230	شېشە	headword	829_2L.png	unverified
D90-3-08232	شېشىدان	headword	830_1R.png	unverified
D90-3-08233	شېشىلمەك	nonstandard	830_1R.png	unverified
D90-3-08233-c1	يېشىلمەك	corrected_form	830_1R.png	unverified
D90-3-08234	شېغىل	headword	830_1R.png	unverified
D90-3-08235	شېغىل تاش	headword	830_1R.png	unverified
D90-3-08236	شېغىللىق	headword	830_2L.png	unverified
D90-3-08237	شېكەر	headword	830_2L.png	unverified
D90-3-08238	شېكەر پالمىسى	headword	831_1R.png	unverified
D90-3-08239	شېكەر تاپ	headword	831_1R.png	unverified
D90-3-08240	شېكەر سىيىش كېسەللىكى	headword	831_1R.png	unverified
D90-3-08241	شېكەر فېرمېنتى	headword	831_1R.png	unverified
D90-3-08242	شېكەر قومۇشى	headword	831_2L.png	unverified
D90-3-08243	شېكەر قوناق	headword	831_2L.png	unverified
D90-3-08244	شېكەر قىيامى	headword	831_2L.png	unverified
D90-3-08245	شېكەر مانتا	headword	831_2L.png	unverified
D90-3-08246	شېكەر رەڭلىك ئوكسىگېنسىز پارچىلىنىش	headword	831_2L.png	unverified
D90-3-08247	شېكەر يالىتىلغان زەمبىرەك ئوقى	headword	832_1R.png	unverified
D90-3-08248	شېكەرسۈيى	headword	832_1R.png	unverified
D90-3-08249	شېكەشۈن	headword	832_1R.png	unverified
D90-3-08252	شېھىت	headword	832_1R.png	unverified
D90-3-08253	شېھىتلىك	headword	832_2L.png	unverified
D90-3-08254	شېۋە	headword	832_2L.png	unverified
D90-3-08255	شېئىر	headword	833_1R.png	unverified
D90-3-08257	شېئىرىي	headword	833_1R.png	verified
D90-3-08258	شېئىرىي تېپىشماق	headword	833_2L.png	unverified
D90-3-08259	شېئىرىي دراما	headword	833_2L.png	unverified
D90-3-08260	شېئىرىي رومان	headword	833_2L.png	unverified
D90-3-08261	شېئىرىيەت	headword	833_2L.png	unverified
D90-3-08262	شېئىرىيەتلىك	headword	833_2L.png	unverified
D90-3-08263	شېيخ	nonstandard	833_2L.png	unverified
D90-3-08265	شىئە	headword	834_1R.png	unverified
D90-3-08266	شىئە مەزھىپى	headword	834_1R.png	unverified
D90-3-08267	شىئە مۇرىتلىرى	headword	834_1R.png	unverified
D90-3-08268	شىئەلەر	headword	834_1R.png	unverified
D90-3-08270	شىئەن ۋەقەسى	headword	834_1R.png	unverified
D90-3-08271	شىبە	headword	834_2L.png	unverified
D90-3-08272	شىبەچە	headword	834_2L.png	unverified
D90-3-08273	شىبەلەر	headword	834_2L.png	unverified
D90-3-08275	شىبلىت	headword	834_2L.png	unverified
D90-3-08276	شىبلىتلىق	headword	835_1R.png	unverified
D90-3-08277	شىپ	headword	835_1R.png	unverified
D90-3-08277-v1	تورۇس	variant	835_1R.png	unverified
D90-3-08279	شىپا	headword	835_1R.png	unverified
D90-3-08280	شىپا بولماق	headword	835_2L.png	unverified
D90-3-08281	شىپا تاپماق	headword	835_2L.png	unverified
D90-3-08282	شىپابەخش	headword	836_1R.png	unverified
D90-3-08283	شىپاخانا	headword	836_1R.png	unverified
D90-3-08284	شىپاگەر	headword	836_1R.png	unverified
D90-3-08286	شىپالانماق	headword	836_2L.png	unverified
D90-3-08287	شىپالىق	headword	836_2L.png	unverified
D90-3-08289	شىپپاڭ	headword	837_1R.png	unverified
D90-3-08290	شىپپاڭ-شىپپاڭ	headword	837_1R.png	verified
D90-3-08291	شىپپاڭشىتماق	headword	837_1R.png	verified
D90-3-08292	شىپپاڭشىتىشماق	headword	837_1R.png	verified
D90-3-08293	شىپپاڭلىماق	headword	837_2L.png	unverified
D90-3-08294	شىپپاڭلاتماق	headword	837_2L.png	unverified
D90-3-08296	شىپپىدە	headword	837_2L.png	unverified
D90-3-08297	شىپتۇر	headword	837_2L.png	unverified
D90-3-08298	شىپ-شىپ	headword	837_2L.png	unverified
D90-3-08299	شىپشىر	headword	838_1R.png	unverified
D90-3-08300	شىپقىماق	headword	838_1R.png	unverified
D90-3-08301	شىپۇن	headword	838_1R.png	unverified
D90-3-08304	شىپىر	headword	838_1R.png	unverified
D90-3-08306	شىپىر-شىپىر	headword	838_2L.png	unverified
D90-3-08307	شىپىرلىماق	headword	838_2L.png	unverified
D90-3-08308	شىپىلداتماق	headword	838_2L.png	unverified
D90-3-08309	شىپىلداشماق	headword	838_2L.png	unverified
D90-3-08310	شىپىلداق	headword	838_2L.png	unverified
D90-3-08311	شىپىلدىماق	headword	838_2L.png	unverified
D90-3-08312	شىپىنېل	headword	839_1R.png	verified
D90-3-08313	شىتارى	headword	839_1R.png	unverified
D90-3-08314	شىتلىق	headword	839_1R.png	unverified
D90-3-08316	شىتىر	headword	839_1R.png	unverified
D90-3-08317	شىتىر-شىتىر	headword	839_2L.png	unverified
D90-3-08318	شىتىرلاتماق	headword	839_2L.png	unverified
D90-3-08319	شىتىرلاشماق	headword	839_2L.png	unverified
D90-3-08320	شىتىرلىماق	headword	839_2L.png	unverified
D90-3-08321	شىجائەت	headword	839_2L.png	unverified
D90-3-08322	شىجائەتسىز	headword	839_2L.png	unverified
D90-3-08323	شىجائەتلىك	headword	839_2L.png	unverified
D90-3-08324	شىدار	headword	840_1R.png	unverified
D90-3-08325	شىددەت	headword	840_1R.png	unverified
D90-3-08326	شىددەتلىك	headword	840_1R.png	unverified
D90-3-08327	شىر	headword	840_2L.png	unverified
D90-3-08328	شىر ئۇسسۇلى	headword	840_2L.png	unverified
D90-3-08329	شىر يۈرەك	headword	840_2L.png	unverified
D90-3-08332	شىرازا	headword	841_1R.png	unverified
D90-3-08333	شىرازىچى	headword	841_1R.png	unverified
D90-3-08334	شىرازىلاتماق	headword	841_1R.png	unverified
D90-3-08335	شىرازىلاشماق	headword	841_1R.png	unverified
D90-3-08336	شىرازىلانماق	headword	841_1R.png	unverified
D90-3-08337	شىرازىلىماق	headword	841_1R.png	unverified
D90-3-08338	شىراغول	headword	841_1R.png	unverified
D90-3-08339	شىراق	headword	841_1R.png	unverified
D90-3-08340	شىرە	headword	841_2L.png	unverified
D90-3-08346	شىرەم	headword	842_1R.png	unverified
D90-3-08348	شىرت	headword	842_1R.png	unverified
D90-3-08349	شىرتتىدە	headword	842_1R.png	unverified
D90-3-08350	شىرت-شىرت	headword	842_1R.png	unverified
D90-3-08351	شىرتىلداتماق	headword	842_1R.png	verified
D90-3-08352	شىرتىلدىماق	headword	842_2L.png	verified
D90-3-08353	شىرداق	headword	842_2L.png	unverified
D90-3-08354	شىردان	headword	842_2L.png	unverified
D90-3-08355	شىردىمال	headword	842_2L.png	unverified
D90-3-08356	شىر-شىر	headword	842_2L.png	unverified
D90-3-08357	شىرشىم	headword	843_1R.png	unverified
D90-3-08358	شىرشىملىق	headword	843_1R.png	unverified
D90-3-08359	شىرغا	headword	843_1R.png	unverified
D90-3-08360-v1	شىرغا ئات	variant	843_1R.png	unverified
D90-3-08362	شىرقىراتماق	headword	843_1R.png	unverified
D90-3-08363	شىرقىراشماق	headword	843_1R.png	unverified
D90-3-08364	شىرقىرىماق	headword	843_1R.png	unverified
D90-3-08365	شىركەت	headword	843_2L.png	unverified
D90-3-08366	شىركەتچىلىك	headword	843_2L.png	unverified
D90-3-08367	شىركەيپ	headword	843_2L.png	unverified
D90-3-08368	شىركەيپلىك	headword	843_2L.png	unverified
D90-3-08369	شىرما	headword	844_1R.png	verified
D90-3-08370	شىرمەننان	headword	844_1R.png	verified
D90-3-08371	شىرنە	headword	844_1R.png	unverified
D90-3-08372	شىرنىخور	headword	844_2L.png	unverified
D90-3-08374	شىرنىلەشمەك	headword	844_2L.png	unverified
D90-3-08375	شىرنىلىك	headword	845_1R.png	unverified
D90-3-08377	شىرىتماق	headword	845_1R.png	unverified
D90-3-08378	شىرىشماق	headword	845_1R.png	unverified
D90-3-08379	شىرىق	headword	845_1R.png	unverified
D90-3-08382	شىرىق قىلماق	headword	845_1R.png	unverified
D90-3-08383	شىرىقشىتماق	headword	845_1R.png	unverified
D90-3-08384	شىرىق-شىرىق	headword	845_2L.png	unverified
D90-3-08385	شىرىقشىماق	headword	845_2L.png	unverified
D90-3-08386	شىرىقلاتماق	headword	845_2L.png	unverified
D90-3-08387	شىرىقلاشماق	headword	845_2L.png	unverified
D90-3-08388	شىرىقلىماق	headword	845_2L.png	unverified
D90-3-08389	شىرىلداتماق	headword	845_2L.png	unverified
D90-3-08390	شىرىلداشماق	headword	845_2L.png	unverified
D90-3-08391	شىرىلدىماق	headword	845_2L.png	unverified
D90-3-08392	شىرىلماق	headword	846_1R.png	unverified
D90-3-08393	شىرىلىك	headword	846_1R.png	unverified
D90-3-08394	شىرىما	headword	846_1R.png	unverified
D90-3-08395	شىرىما چاپان	headword	846_1R.png	unverified
D90-3-08395-v1	شىرىق چاپان	variant	846_1R.png	unverified
D90-3-08396	شىرىماق	headword	846_1R.png	unverified
D90-3-08398	شىزاندرا	headword	846_2L.png	unverified
D90-3-08399	شىش	headword	846_2L.png	unverified
D90-3-08400	شىشخال	headword	846_2L.png	unverified
D90-3-08401	شىغىرتما	headword	847_1R.png	unverified
D90-3-08402	شىفىر	headword	847_1R.png	unverified
D90-3-08403	شىق	headword	847_1R.png	unverified
D90-3-08404	شىقىلداشماق	headword	847_1R.png	unverified
D90-3-08405	شىقىلداق	headword	847_1R.png	unverified
D90-3-08407	شىقىلدىماق	headword	847_1R.png	unverified
D90-3-08408	شىكار	headword	847_1R.png	unverified
D90-3-08409	شىكارگاھ	headword	847_2L.png	unverified
D90-3-08410	شىكايەت	headword	847_2L.png	unverified
D90-3-08411	شىكايەت ئەيلىمەك	headword	848_1R.png	unverified
D90-3-08412	شىكايەت قىلماق	headword	848_1R.png	unverified
D90-3-08413	شىكايەت يىغىنى	headword	848_1R.png	unverified
D90-3-08414	شىكايەتچى	headword	848_1R.png	unverified
D90-3-08415	شىكايەتلەنمەك	headword	848_1R.png	unverified
D90-3-08416	شىكايەتنامە	headword	848_2L.png	unverified
D90-3-08417	شىكەستە	headword	848_2L.png	unverified
D90-3-08418	شىكەستە بولماق	headword	848_2L.png	unverified
D90-3-08419	شىكەستە يەتمەك	headword	848_2L.png	unverified
D90-3-08420	شىكەستىلەندۈرمەك	headword	849_1R.png	unverified
D90-3-08421	شىكەستىلەنمەك	headword	849_1R.png	unverified
D90-3-08422	شىگېللا	headword	849_1R.png	unverified
D90-3-08422-v1	شىگېللا باكتېرىيىسى	variant	849_1R.png	unverified
D90-3-08426	شىڭتايماق	nonstandard	849_2L.png	unverified
D90-3-08427	شىڭ-شىڭ	headword	849_2L.png	unverified
D90-3-08428	شىڭغالتاق	headword	849_2L.png	verified
D90-3-08429	شىڭگىل	headword	849_2L.png	unverified
D90-3-08430	شىڭلاتماق	headword	849_2L.png	unverified
D90-3-08431	شىڭلاشماق	headword	849_2L.png	unverified
D90-3-08432	شىڭلانماق	headword	849_2L.png	unverified
D90-3-08434	شىڭلىماق	headword	850_1R.png	unverified
D90-3-08435	شىڭىلدىماق	headword	850_1R.png	unverified
D90-3-08436	شىلامچى	headword	850_1R.png	unverified
D90-3-08437	شىلەپە	headword	850_1R.png	unverified
D90-3-08438	شىلەپىلىك	headword	850_1R.png	unverified
D90-3-08439	شىلتىشماق	headword	850_2L.png	unverified
D90-3-08440	شىلتىڭ	headword	850_2L.png	unverified
D90-3-08441	شىلتىڭ ئاتماق	headword	850_2L.png	unverified
D90-3-08442	شىلتىماق	headword	850_2L.png	unverified
D90-3-08443	شىلدۇرماق	headword	850_2L.png	unverified
D90-3-08444	شىلدىر	headword	850_2L.png	unverified
D90-3-08445	شىلدىرشاپ	headword	851_1R.png	unverified
D90-3-08445-v1	شىلدىرشاق	variant	851_1R.png	unverified
D90-3-08446	شىلدىر-شىلدىر	headword	851_1R.png	unverified
D90-3-08447	شىلدىرلاتماق	headword	851_1R.png	unverified
D90-3-08448	شىلدىرلاشماق	headword	851_1R.png	unverified
D90-3-08449	شىلدىرلىماق	headword	851_1R.png	unverified
D90-3-08450	شىلدىرما	headword	851_1R.png	unverified
D90-3-08452	شىلغاق	headword	851_2L.png	unverified
D90-3-08453	شىللاق	headword	851_2L.png	unverified
D90-3-08454	شىللاق قۇرت	headword	851_2L.png	unverified
D90-3-08455	شىللە	headword	851_2L.png	unverified
D90-3-08458	شىللىباغ	headword	852_1R.png	unverified
D90-3-08459	شىللىق	headword	852_1R.png	unverified
D90-3-08461	شىللىڭ	headword	852_1R.png	unverified
D90-3-08462	شىلماق	headword	852_1R.png	unverified
D90-3-08463	شىلۋى	headword	852_2L.png	unverified
D90-3-08464	شىلىپ	headword	852_2L.png	unverified
D90-3-08465	شىلىپ قىلماق	headword	852_2L.png	unverified
D90-3-08466	شىلىپپىدە	headword	852_2L.png	unverified
D90-3-08467	شىلىپ-شىلىپ	headword	852_2L.png	unverified
D90-3-08468	شىلىپلىتماق	headword	852_2L.png	unverified
D90-3-08469	شىلىپلىماق	headword	852_2L.png	unverified
D90-3-08470	شىلىش	headword	852_2L.png	unverified
D90-3-08472	شىلىش ئىشچىسى	headword	853_1R.png	unverified
D90-3-08473	شىلىشماق	headword	853_1R.png	unverified
D90-3-08474	شىلىق	headword	853_1R.png	unverified
D90-3-08475	شىلىق-شىلىق	headword	853_1R.png	unverified
D90-3-08476	شىلىققىدە	headword	853_1R.png	unverified
D90-3-08477	شىلىقلاتماق	headword	853_1R.png	unverified
D90-3-08478	شىلىقلىماق	headword	853_1R.png	unverified
D90-3-08479	شىلىم	headword	853_1R.png	unverified
D90-3-08480	شىلىمشىق	headword	853_1R.png	unverified
D90-3-08481	شىلىملاشتۇرماق	headword	853_2L.png	unverified
D90-3-08482	شىلىملاشتۇرۇلماق	headword	853_2L.png	unverified
D90-3-08483	شىلىملاشماق	headword	853_2L.png	unverified
D90-3-08484	شىلىملانماق	headword	853_2L.png	unverified
D90-3-08485	شىلىملىماق	headword	853_2L.png	unverified
D90-3-08486	شىلىنماق	headword	853_2L.png	unverified
D90-3-08487	شىليۇز	headword	853_2L.png	verified
D90-3-08487-v1	كېمە ئۆتكىلى	variant	853_2L.png	verified
D90-3-08488	شىم	headword	853_2L.png	unverified
D90-3-08488-v1	ئىشتان	variant	853_2L.png	unverified
D90-3-08489	شىمال	headword	853_2L.png	unverified
D90-3-08491	شىمالغا يۈرۈش قىلىش ئۇرۇشى	headword	854_1R.png	unverified
D90-3-08492	شىمالىي	headword	854_1R.png	unverified
D90-3-08493	شىمالىي ئاسمان يۇلتۇز تۈركۈملىرى	headword	854_1R.png	unverified
D90-3-08494	شىمالىي ئافرىقا	headword	854_1R.png	unverified
D90-3-08495	شىمالىي ئامېرىكا	headword	854_1R.png	unverified
D90-3-08496	شىمالىي ئامېرىكا ئادەمگىياھى	headword	854_1R.png	unverified
D90-3-08497	شىمالىي ئامېرىكا قىتئەسى	headword	854_1R.png	unverified
D90-3-08498	شىمالىي تاج يۇلتۇز تۈركۈمى	headword	854_2L.png	unverified
D90-3-08499	شىمالىي تروپىك سىزىقى	headword	854_2L.png	unverified
D90-3-08500	شىمالىي جۇڭگو	headword	854_2L.png	unverified
D90-3-08501	شىمالىي چوڭ قۇرۇقلۇق	headword	854_2L.png	unverified
D90-3-08502	شىمالىي سوغۇق بەلباغ	headword	855_1R.png	unverified
D90-3-08503	شىمالىي سۇڭ	headword	855_1R.png	unverified
D90-3-08504	شىمالىي سۇڭ خانلىقى	headword	855_1R.png	unverified
D90-3-08505	شىمالىي قۇتۇپ	headword	855_1R.png	unverified
D90-3-08507	شىمالىي قۇتۇپ تۈلكىسى	headword	855_1R.png	unverified
D90-3-08507-v1	ئاق تۈلكە	variant	855_1R.png	unverified
D90-3-08508	شىمالىي قۇتۇپ چەمبىرىكى	headword	855_1R.png	unverified
D90-3-08509	شىمالىي قۇتۇپ ئېيىقى	headword	855_1R.png	unverified
D90-3-08510	شىمالىي قۇتۇپ يۇلتۇزى	headword	855_1R.png	unverified
D90-3-08511	شىمالىي قۇرۇقلۇق	headword	855_2L.png	unverified
D90-3-08512	شىمالىي كەڭلىك	headword	855_2L.png	unverified
D90-3-08513	شىمالىي مۇز ئوكيان	headword	855_2L.png	unverified
D90-3-08514	شىمالىي مىلىتارىستلار	headword	855_2L.png	unverified
D90-3-08515	شىمالىي ۋېي	headword	856_1R.png	unverified
D90-3-08516	شىمالىي ۋېي خانلىقى	headword	856_1R.png	unverified
D90-3-08517	شىمالىي يېرىم شار	headword	856_1R.png	unverified
D90-3-08518	شىمايلاتماق	headword	856_1R.png	unverified
D90-3-08519	شىمايلاشماق	headword	856_1R.png	unverified
D90-3-08520	شىمايلانماق	headword	856_1R.png	unverified
D90-3-08521	شىمايلىماق	headword	856_1R.png	unverified
D90-3-08522	شىمپەنزە	headword	856_1R.png	unverified
D90-3-08523	شىم-تۇجۇركا	headword	856_2L.png	unverified
D90-3-08524	شىملىق	headword	856_2L.png	unverified
D90-3-08525	شىمىرمەك	headword	856_2L.png	unverified
D90-3-08526	شىنا	headword	856_2L.png	verified
D90-3-08527	شىنا يوپۇرماقلىق شەمشاد	headword	856_2L.png	unverified
D90-3-08528	شىنتايتماق	headword	857_1R.png	unverified
D90-3-08529	شىنتايتىشماق	headword	857_1R.png	unverified
D90-3-08530	شىنتايماق	headword	857_1R.png	unverified
D90-3-08533	شىنچۈ	headword	857_2L.png	unverified
D90-3-08534	شىنچۈ شەرتنامىسى	headword	857_2L.png	unverified
D90-3-08535	شىنخەي	headword	858_1R.png	unverified
D90-3-08536	شىنخەي ئىنقىلابى	headword	858_1R.png	unverified
D90-3-08537	شىنخۇا	headword	858_1R.png	unverified
D90-3-08539	شىۋاق	headword	858_2L.png	unverified
D90-3-08540	شىۋاقلىق	headword	858_2L.png	unverified
D90-3-08541	شىۋەك	headword	858_2L.png	unverified
D90-3-08542	شىۋەكلىك	headword	858_2L.png	unverified
D90-3-08543	شىۋىر	headword	858_2L.png	unverified
D90-3-08544	شىۋىر-شىۋىر	headword	859_1R.png	unverified
D90-3-08545	شىۋىرغان	headword	859_1R.png	verified
D90-3-08546	شىۋىرغانلىق	headword	859_1R.png	unverified
D90-3-08547	شىۋىرلاشماق	headword	859_1R.png	unverified
D90-3-08548	شىۋىرلىماق	headword	859_1R.png	unverified
D90-3-08549	شىۋىق	nonstandard	859_1R.png	unverified
D90-3-08549-c1	چىۋىق	corrected_form	859_1R.png	unverified
D90-3-08554	شىيلاشماق	headword	859_2L.png	unverified
D90-3-08556	شىيلامچى	headword	859_2L.png	unverified
D90-3-08557	شىيلامچىلىق	headword	859_2L.png	unverified
D90-3-08558	شىيلانماق	headword	860_1R.png	unverified
D90-3-08559	شىيلىماق	headword	860_1R.png	unverified
D90-3-08561	شيۇجېڭجۇيىچى	headword	860_2L.png	unverified
D90-3-08562	شيۇجېڭجۇيىلىق	headword	860_2L.png	unverified
D90-3-08563	غ	headword	861_1R.png	unverified
D90-3-08564	غاپ رەق	headword	861_1R.png	unverified
D90-3-08565	غاپ ئەتمەك	headword	861_1R.png	unverified
D90-3-08566	غاپشىماق	headword	861_1R.png	unverified
D90-3-08567	غاپىل	headword	861_1R.png	unverified
D90-3-08569	غاپىللىق	headword	861_2L.png	unverified
D90-3-08570	غاجاتماق	headword	861_2L.png	unverified
D90-3-08571	غاجاشماق	headword	861_2L.png	unverified
D90-3-08572	غاجالماق	headword	862_1R.png	unverified
D90-3-08573	غاجىغۇچى	headword	862_1R.png	unverified
D90-3-08574	غاجىلاتقۇزماق	headword	862_1R.png	unverified
D90-3-08575	غاجىلاتماق	headword	862_1R.png	unverified
D90-3-08576	غاجىلىغۇچ	headword	862_1R.png	unverified
D90-3-08577	غاجىلىغۇچىلار	headword	862_1R.png	unverified
D90-3-08578	غاجىلىماق	headword	862_1R.png	unverified
D90-3-08579	غاجىماق	headword	862_1R.png	unverified
D90-3-08580	غاچ	headword	862_2L.png	unverified
D90-3-08581	غاچچىدە	headword	862_2L.png	unverified
D90-3-08582	غاچ-غاچ	headword	862_2L.png	unverified
D90-3-08583	غاچ-غۇچ	headword	862_2L.png	unverified
D90-3-08584	غاچىر	headword	863_1R.png	unverified
D90-3-08585	غاچىر-غۇچۇر	headword	863_1R.png	unverified
D90-3-08586	غاچىرلاتقۇزماق	headword	863_1R.png	unverified
D90-3-08587	غاچىرلاتماق	headword	863_1R.png	unverified
D90-3-08588	غاچىرلاشماق	headword	863_1R.png	unverified
D90-3-08589	غاچىرلىماق	headword	863_1R.png	unverified
D90-3-08590	غاچىلداتقۇزماق	headword	863_1R.png	unverified
D90-3-08591	غاچىلداتماق	headword	863_1R.png	unverified
D90-3-08592	غاچىلدىلاشماق	headword	863_1R.png	unverified
D90-3-08593	غاچىلدىتىشماق	headword	863_1R.png	unverified
D90-3-08594	غاچىلدىماق	headword	863_1R.png	unverified
D90-3-08595	غادايتماق	headword	863_2L.png	unverified
D90-3-08596	غادايماق	headword	863_2L.png	unverified
D90-3-08597	غادىر-سۇكۈر	headword	863_2L.png	unverified
D90-3-08598	غادىيىشماق	headword	863_2L.png	unverified
D90-3-08599	غار	headword	863_2L.png	unverified
D90-3-08601	غاراس	headword	864_1R.png	unverified
D90-3-08602	غاراسىسىدە	headword	864_1R.png	unverified
D90-3-08603	غاراس-غاراس	headword	864_1R.png	unverified
D90-3-08604	غاراس-غۇرۇس	headword	864_1R.png	unverified
D90-3-08605	غاراسلاتقۇزماق	headword	864_1R.png	unverified
D90-3-08606	غاراسلاتماق	headword	864_1R.png	unverified
D90-3-08607	غاراسلىماق	headword	864_1R.png	unverified
D90-3-08608	غاراڭ-غۇرۇڭ	headword	864_1R.png	unverified
D90-3-08609	غاراڭلاتماق	headword	864_2L.png	unverified
D90-3-08610	غاراڭلاشماق	headword	864_2L.png	unverified
D90-3-08611	غاراڭلىماق	headword	864_2L.png	unverified
D90-3-08612	غارال	headword	864_2L.png	unverified
D90-3-08613	غارام	headword	864_2L.png	unverified
D90-3-08614	غارايىپ	headword	864_2L.png	unverified
D90-3-08615	غارت	headword	865_1R.png	unverified
D90-3-08616	غارتتىدە	headword	865_1R.png	unverified
D90-3-08617	غارت-غارت	headword	865_1R.png	unverified
D90-3-08618	غارت-غۇرت	headword	865_1R.png	unverified
D90-3-08619	غارتىلداتقۇزماق	headword	865_1R.png	unverified
D90-3-08620	غارتىلداتماق	headword	865_1R.png	unverified
D90-3-08621	غارتىلدىماق	headword	865_1R.png	unverified
D90-3-08622	غارس	headword	865_1R.png	unverified
D90-3-08623	غارسىسىدە	headword	865_1R.png	unverified
D90-3-08624	غارس-غۇرس	headword	865_2L.png	unverified
D90-3-08625	غارسىلدا تقۇز زماق	headword	865_2L.png	unverified
D90-3-08626	غارسىلداتماق	headword	865_2L.png	unverified
D90-3-08627	غارسىلدىماق	headword	865_2L.png	unverified
D90-3-08628	غارىشتامال	headword	865_2L.png	unverified
D90-3-08629	غار-غار	headword	865_2L.png	unverified
D90-3-08630	غار-غار دەرىخى	headword	865_2L.png	unverified
D90-3-08632	غارغالتا	headword	865_2L.png	unverified
D90-3-08633	غار-غۇر	headword	865_2L.png	unverified
D90-3-08634	غارقىراتقۇزماق	headword	866_1R.png	unverified
D90-3-08635	غارقىراتماق	headword	866_1R.png	unverified
D90-3-08636	غارقىراشماق	headword	866_1R.png	unverified
D90-3-08637	غارقىرىماق	headword	866_1R.png	unverified
D90-3-08638	غارىقۇن	headword	866_1R.png	unverified
D90-3-08639	غارىلداتقۇزماق	headword	866_1R.png	unverified
D90-3-08640	غارىلداتماق	headword	866_1R.png	unverified
D90-3-08641	غارىلداشماق	headword	866_2L.png	unverified
D90-3-08643	غاز	headword	866_2L.png	unverified
D90-3-08646	غازات	headword	866_2L.png	unverified
D90-3-08647	غازات قىلماق	headword	867_1R.png	unverified
D90-3-08648	غازاڭ	headword	867_1R.png	unverified
D90-3-08649	غازاڭ بولماق	headword	867_1R.png	unverified
D90-3-08650	غازاڭ پەرۋانىسى	headword	867_1R.png	unverified
D90-3-08651	غازاڭ قىلماق	headword	867_2L.png	unverified
D90-3-08652	غازاڭ كېپىنكىسى	headword	867_2L.png	unverified
D90-3-08653	غازاڭ-غۇزۇڭ	headword	867_2L.png	unverified
D90-3-08654	غازاڭلىق	headword	867_2L.png	unverified
D90-3-08655	غازتاپان	headword	867_2L.png	verified
D90-3-08656	غازتاپان ئېرەن	headword	868_1R.png	unverified
D90-3-08657	غازقانات	headword	868_1R.png	verified
D90-3-08658	غازقانات ئوت	headword	868_1R.png	unverified
D90-3-08659	غازئوت	headword	868_1R.png	verified
D90-3-08660	غازىي	headword	868_2L.png	unverified
D90-3-08661	غازىيانە	headword	868_2L.png	unverified
D90-3-08662	غازيېمەس	headword	868_2L.png	unverified
D90-3-08664	غاز-غاز	headword	869_1R.png	unverified
D90-3-08665	غاز-غۇز	headword	869_1R.png	unverified
D90-3-08666	غاز-غۇزلاشماق	headword	869_1R.png	unverified
D90-3-08667	غازىلداتقۇزماق	headword	869_1R.png	unverified
D90-3-08668	غازىلداتماق	headword	869_1R.png	unverified
D90-3-08669	غازىلداشماق	headword	869_1R.png	unverified
D90-3-08670	غازىلدىماق	headword	869_1R.png	unverified
D90-3-08671	غاش	headword	869_1R.png	unverified
D90-3-08673	غاغىرا	headword	869_2L.png	unverified
D90-3-08674	غاق	headword	869_2L.png	unverified
D90-3-08675	غاق-غاق	headword	869_2L.png	unverified
D90-3-08676	غاقىلداتقۇزماق	headword	869_2L.png	unverified
D90-3-08677	غاقىلداتماق	headword	869_2L.png	unverified
D90-3-08678	غاقىلداشماق	headword	869_2L.png	unverified
D90-3-08679	غاقىلدىماق	headword	869_2L.png	unverified
D90-3-08680	غاڭزا	headword	869_2L.png	unverified
D90-3-08681	غاڭشىماق	headword	870_1R.png	unverified
D90-3-08682	غالتەك	headword	870_1R.png	unverified
D90-3-08683	غالتەك تاياق	headword	870_2L.png	unverified
D90-3-08684	غالتەك كانكى	headword	870_2L.png	unverified
D90-3-08685	غالتەك كانكىدا تېيىلىش	headword	870_2L.png	unverified
D90-3-08686	غالتەكچى	headword	871_1R.png	unverified
D90-3-08687	غالتەكلىك	headword	871_1R.png	unverified
D90-3-08688	غالجاق	headword	871_1R.png	unverified
D90-3-08689	غالجىر	headword	871_1R.png	unverified
D90-3-08691	غالجىرانە	headword	871_2L.png	unverified
D90-3-08692	غالجىرلارچە	headword	871_2L.png	unverified
D90-3-08693	غالجىرلاشتۇرماق	headword	871_2L.png	unverified
D90-3-08694	غالجىرلاشماق	headword	872_1R.png	unverified
D90-3-08695	غالجىرلىق	headword	872_1R.png	unverified
D90-3-08696	غالچا	headword	872_1R.png	unverified
D90-3-08697	غالچەك	headword	872_1R.png	unverified
D90-3-08698	غالچىلىق	headword	872_2L.png	unverified
D90-3-08699	غالداڭ	headword	872_2L.png	unverified
D90-3-08700	غالداڭشىتماق	headword	872_2L.png	unverified
D90-3-08701	غالداڭشىشماق	headword	872_2L.png	unverified
D90-3-08702	غالداڭشىماق	headword	872_2L.png	unverified
D90-3-08703	غالداڭ-غالداڭ	headword	872_2L.png	unverified
D90-3-08704	غالداڭ-غۇلدۇڭ	headword	872_2L.png	unverified
D90-3-08705	غالداڭلاتماق	headword	873_1R.png	unverified
D90-3-08706	غالداڭلىماق	headword	873_1R.png	unverified
D90-3-08707	غالدىر	headword	873_1R.png	unverified
D90-3-08708	غالدىراڭ	headword	873_1R.png	unverified
D90-3-08708-v1	غالدىراڭ قومۇش	variant	873_1R.png	unverified
D90-3-08710	غالدىر-غۇلدۇر	headword	873_1R.png	unverified
D90-3-08711	غال-غال	headword	873_1R.png	unverified
D90-3-08712	غالغۇي	headword	873_1R.png	unverified
D90-3-08713	غالمۇس-غۇلماس	headword	873_1R.png	unverified
D90-3-08714	غالۋارىماق	headword	873_1R.png	unverified
D90-3-08715	غالىب	headword	873_2L.png	unverified
D90-3-08716	غالىب بولماق	headword	873_2L.png	unverified
D90-3-08717	غالىب چىقماق	headword	873_2L.png	unverified
D90-3-08718	غالىب كەلمەك	headword	874_1R.png	unverified
D90-3-08719	غالىبانە	headword	874_1R.png	unverified
D90-3-08720	غالىبلارچە	headword	874_1R.png	unverified
D90-3-08721	غالىبلىق	headword	874_1R.png	unverified
D90-3-08722	غالىبىيەت	headword	874_1R.png	unverified
D90-3-08723	غالىس	headword	874_2L.png	unverified
D90-3-08724	غالىلداتماق	headword	874_2L.png	unverified
D90-3-08725	غالىلداشماق	headword	874_2L.png	unverified
D90-3-08726	غالىلدىماق	headword	874_2L.png	unverified
D90-3-08727	غانجۇغا	headword	874_2L.png	unverified
D90-3-08728	غانجۇغا بوقۇش	headword	874_2L.png	unverified
D90-3-08728-v1	دەۋر تاسمىسى	variant	874_2L.png	unverified
D90-3-08729	غانجۇغىدا كۆرۈشمەك	headword	875_1R.png	unverified
D90-3-08730	غانجۈغىلاتقۇزماق	headword	875_1R.png	unverified
D90-3-08731	غانجۇغىلاتماق	headword	875_1R.png	unverified
D90-3-08732	غانجۇغىلاشماق	headword	875_1R.png	unverified
D90-3-08733	غانجۇغىلانماق	headword	875_1R.png	unverified
D90-3-08734	غانجۇغىلىماق	headword	875_1R.png	unverified
D90-3-08735	غاۋۇر-غۇۋۇر	headword	875_1R.png	unverified
D90-3-08736	غايە	headword	875_1R.png	unverified
D90-3-08737	غايەت	headword	875_2L.png	unverified
D90-3-08738	غايىلماق	headword	875_2L.png	unverified
D90-3-08739	غايغۇق	headword	875_2L.png	unverified
D90-3-08740	غايىب	headword	875_2L.png	unverified
D90-3-08743	غايىب قىلماق	headword	876_1R.png	unverified
D90-3-08744	غايىب ئوق	headword	876_1R.png	unverified
D90-3-08745	غايىبانە	headword	876_1R.png	unverified
D90-3-08746	غايىسىز	headword	876_1R.png	unverified
D90-3-08747	غايىلىك	headword	876_1R.png	unverified
D90-3-08748	غايىۋى	headword	876_1R.png	unverified
D90-3-08749	غايىۋىلەشتۈرمەك	headword	876_2L.png	unverified
D90-3-08750	غايىۋىلەشتۈرۈلمەك	headword	876_2L.png	unverified
D90-3-08751	غايىۋىلەشمەك	headword	876_2L.png	unverified
D90-3-08752	غايىۋىلىك	headword	876_2L.png	unverified
D90-3-08753	غەپسە	headword	877_1R.png	unverified
D90-3-08754	غەپلەت	headword	877_1R.png	unverified
D90-3-08758	غەپلەت ئۇيقۇسى باسماق	headword	877_2L.png	unverified
D90-3-08759	غەپلەت ئۇيقۇسىدا ياتماق	headword	877_2L.png	unverified
D90-3-08760	غەپلەتلىك	headword	877_2L.png	unverified
D90-3-08761	غەجەپ	headword	877_2L.png	unverified
D90-3-08762	غەچچە	headword	877_2L.png	unverified
D90-3-08763	غەر	headword	877_2L.png	unverified
D90-3-08764	غەرەز	headword	877_2L.png	unverified
D90-3-08765	غەرەزچى	headword	878_1R.png	unverified
D90-3-08766	غەرەزسىز	headword	878_1R.png	unverified
D90-3-08767	غەرەزگۈي	headword	878_1R.png	unverified
D90-3-08768	غەرەزلىك	headword	878_2L.png	unverified
D90-3-08769	غەرب	headword	878_2L.png	unverified
D90-3-08774	غەرب شامىلى دولقۇنى	headword	879_1R.png	unverified
D90-3-08775	غەربچە	headword	879_1R.png	unverified
D90-3-08776	غەربلەشتۈرمەك	headword	879_1R.png	unverified
D90-3-08777	غەربلەشمەك	headword	879_1R.png	unverified
D90-3-08778	غەربلىك	headword	879_1R.png	unverified
D90-3-08779	غەربىي	headword	879_1R.png	unverified
D90-3-08780	غەربىي ئافرىقا	headword	879_2L.png	unverified
D90-3-08781	غەربىي جۇ	headword	879_2L.png	unverified
D90-3-08782	غەربىي جۇ خانلىقى	headword	879_2L.png	unverified
D90-3-08783	غەربىي خەن	headword	879_2L.png	unverified
D90-3-08784	غەربىي خەن خانلىقى	headword	879_2L.png	unverified
D90-3-08785	غەربىي دىيار	headword	879_2L.png	unverified
D90-3-08786	غەربىي زېمىن	headword	880_1R.png	unverified
D90-3-08787	غەربىي ئۈزۇنلۇق	headword	880_1R.png	unverified
D90-3-08788	غەربىي ياۋروپا	headword	880_1R.png	unverified
D90-3-08789	غەربىي ياۋروپا ئورتاق بازىرى	headword	880_1R.png	unverified
D90-3-08790	غەرق سۇپ	headword	880_1R.png	unverified
D90-3-08791	غەرق بولماق	headword	880_1R.png	unverified
D90-3-08792	غەرق قىلماق	headword	880_1R.png	unverified
D90-3-08793	غەرق مەست	headword	880_2L.png	unverified
D90-3-08794	غەرق مەست بولماق	headword	880_2L.png	unverified
D90-3-08795	غەزەپ	headword	880_2L.png	unverified
D90-3-08796	غەزەپكە تولماق	headword	880_2L.png	unverified
D90-3-08797	غەزەپكە كەلمەك	headword	881_1R.png	unverified
D90-3-08798	غەزىپى قاينىماق	headword	881_1R.png	unverified
D90-3-08799	غەزىپى قوزغالماق	headword	881_1R.png	unverified
D90-3-08800	غەزىپى قىرىق	headword	881_1R.png	unverified
D90-3-08801	غەزىپى كەلمەك	headword	881_1R.png	unverified
D90-3-08802	غەزىپىگە بەس كېلەلمەسلىك	headword	881_1R.png	unverified
D90-3-08802-v1	ئاچچىقىغا بەس كېلەلمەسلىك	variant	881_1R.png	unverified
D90-3-08803	غەزىپىنى باسالماي	headword	881_1R.png	unverified
D90-3-08804	غەزىپى مىڭ گەز ئۆرلىمەك	headword	881_2L.png	unverified
D90-3-08805	غەزىپىنى ئىچىگە يۇتماق	headword	881_2L.png	unverified
D90-3-08806	غەزىپىنى يۇتماق	headword	881_2L.png	unverified
D90-3-08807	غەزىپى ئۆرلىمەك	headword	881_2L.png	unverified
D90-3-08808	غەزەپلەندۈرمەك	headword	881_2L.png	unverified
D90-3-08809	غەزەپلەنمەك	headword	882_1R.png	unverified
D90-3-08810	غەزەپلىك	headword	882_1R.png	unverified
D90-3-08811	غەزەپلىنىشمەك	headword	882_1R.png	unverified
D90-3-08812	غەزەپ-نەپرەت	headword	882_1R.png	unverified
D90-3-08813	غەزەل	headword	882_1R.png	verified
D90-3-08814	غەزەلچى	headword	882_2L.png	unverified
D90-3-08815	غەزەلخان	headword	882_2L.png	unverified
D90-3-08816	غەزەلخانلىق	headword	882_2L.png	unverified
D90-3-08817	غەزەلىيات	headword	882_2L.png	unverified
D90-3-08818	غەزۋە	headword	882_2L.png	unverified
D90-3-08819	غەزىنە	nonstandard	883_1R.png	unverified
D90-3-08819-c1	خەزىنە	corrected_form	883_1R.png	unverified
D90-3-08820	غەزىنەت	headword	883_1R.png	unverified
D90-3-08821	غەسسال	headword	883_1R.png	unverified
D90-3-08822	غەسىل	headword	883_1R.png	unverified
D90-3-08824	غەش	headword	883_1R.png	unverified
D90-3-08827	غەشچىلىك	headword	883_1R.png	unverified
D90-3-08828	غەشلىك	headword	883_1R.png	unverified
D90-3-08830	غەلە	nonstandard	883_2L.png	unverified
D90-3-08831	غەلەپ	headword	883_2L.png	unverified
D90-3-08832	غەلەت	headword	883_2L.png	unverified
D90-3-08834	غەلدى-غەش	headword	883_2L.png	unverified
D90-3-08835	غەللە	headword	883_2L.png	unverified
D90-3-08837	غەللەچى	headword	884_1R.png	unverified
D90-3-08838	غەلۋە	headword	884_1R.png	unverified
D90-3-08839	غەلۋە قىلماق	headword	884_1R.png	unverified
D90-3-08840	غەلۋىچى	headword	884_1R.png	unverified
D90-3-08841	غەلۋە-غوۋغا	headword	884_2L.png	unverified
D90-3-08842	غەلۋىخور	headword	884_2L.png	unverified
D90-3-08843	غەلۋىر	headword	884_2L.png	unverified
D90-3-08844	غەلۋىر سۆڭەك	headword	884_2L.png	unverified
D90-3-08845	غەلۋىرەك	headword	884_2L.png	unverified
D90-3-08846	غەلۋىرچى	headword	884_2L.png	unverified
D90-3-08847	غەلۋىرسىمان	headword	884_2L.png	unverified
D90-3-08848	غەلۋىرسىمان ھۈجەيرە	headword	885_1R.png	unverified
D90-3-08849	غەلىبە	headword	885_1R.png	unverified
D90-3-08850	غەلىبە قىلماق	headword	885_1R.png	unverified
D90-3-08851	غەلىبىسېرى	headword	885_2L.png	unverified
D90-3-08852	غەلىبىلىك	headword	885_2L.png	unverified
D90-3-08853	غەلىتە	headword	885_2L.png	unverified
D90-3-08854	غەلىتىلەشمەك	headword	886_1R.png	unverified
D90-3-08855	غەلىتىلىك	headword	886_1R.png	unverified
D90-3-08856	غەلىيان	headword	886_1R.png	unverified
D90-3-08858	غەلىيانچى	headword	886_1R.png	unverified
D90-3-08859	غەلىيانلىق	headword	886_2L.png	unverified
D90-3-08860	غەم	headword	886_2L.png	unverified
D90-3-08861	غەم تارتماق	headword	886_2L.png	unverified
D90-3-08862	غەم چەكمەك	headword	886_2L.png	unverified
D90-3-08863	غەم قىلماق	headword	886_2L.png	unverified
D90-3-08864	غەمگە پاتماق	headword	887_1R.png	unverified
D90-3-08865	غەمگە چۆكمەك	headword	887_1R.png	unverified
D90-3-08866	غەمگە چۈشمەك	headword	887_1R.png	unverified
D90-3-08867	غەمگە سالماق	headword	887_1R.png	unverified
D90-3-08868	غەم يۇتتاق	headword	887_1R.png	unverified
D90-3-08869	غەم يېمەك	headword	887_1R.png	unverified
D90-3-08870	غېمىدە بولماق	headword	887_1R.png	unverified
D90-3-08871	غېمگە چۈشمەك	headword	887_2L.png	unverified
D90-3-08872	غېمىنى قىلماق	headword	887_2L.png	unverified
D90-3-08873	غېمىنى يېمەك	headword	887_2L.png	unverified
D90-3-08874	غەم-ئەندىشە	headword	887_2L.png	unverified
D90-3-08875	غەمخان	headword	887_2L.png	unverified
D90-3-08876	غەمخانە	headword	888_1R.png	unverified
D90-3-08877	غەمخور	headword	888_1R.png	verified
D90-3-08878	غەمخورلۇق	headword	888_1R.png	unverified
D90-3-08879	غەمسىز	headword	888_1R.png	unverified
D90-3-08880	غەمكىنماق	headword	888_1R.png	unverified
D90-3-08881	غەم-غۇسسە	headword	888_2L.png	unverified
D90-3-08882	غەم-غۇسسىگە چۆممەك	headword	888_2L.png	unverified
D90-3-08882-v1	غەمگە چۆممەك	variant	888_2L.png	unverified
D90-3-08883	غەم-غۇسسىگە چۈشمەك	headword	888_2L.png	unverified
D90-3-08884	غەم-قايغۇ	headword	888_2L.png	unverified
D90-3-08885	غەمكىن	headword	888_2L.png	unverified
D90-3-08886	غەمكىن بولماق	headword	889_1R.png	unverified
D90-3-08887	غەمكىنلەشمەك	headword	889_1R.png	unverified
D90-3-08888	غەمكىنلىك	headword	889_1R.png	unverified
D90-3-08889	غەمگۇزار	headword	889_1R.png	verified
D90-3-08890	غەملەتمەك	headword	889_1R.png	unverified
D90-3-08891	غەملەشمەك	headword	889_1R.png	unverified
D90-3-08892	غەملەنمەك	headword	889_1R.png	unverified
D90-3-08893	غەملىك	headword	889_2L.png	unverified
D90-3-08894	غەملىمەك	headword	889_2L.png	unverified
D90-3-08895	غەمناك	headword	889_2L.png	verified
D90-3-08897	غەم-ھەسرەت	headword	889_2L.png	unverified
D90-3-08898	غە نىخۇ	headword	890_1R.png	unverified
D90-3-08899	غەنىي	headword	890_1R.png	unverified
D90-3-08900	غەنىيلىك	headword	890_1R.png	unverified
D90-3-08901	غەنىيمەت	headword	890_1R.png	unverified
D90-3-08902	غەۋغا	nonstandard	890_2L.png	unverified
D90-3-08903	غەۋۋاس	headword	890_2L.png	unverified
D90-3-08905	غەۋۋاسلىق	headword	891_1R.png	unverified
D90-3-08906	غەيرەت	headword	891_1R.png	unverified
D90-3-08907	غەيرەت قىلماق	headword	891_1R.png	unverified
D90-3-08908	غەيرەتكە كەلمەك	headword	891_1R.png	unverified
D90-3-08909	غەيرەت كۆرسەتمەك	headword	891_2L.png	unverified
D90-3-08910	غەيرەت كىرمەك	headword	891_2L.png	unverified
D90-3-08911	غەيرەت-جاسارەت	headword	891_2L.png	unverified
D90-3-08912	غەيرەتچان	headword	891_2L.png	unverified
D90-3-08913	غەيرەتسىز	headword	891_2L.png	unverified
D90-3-08914	غەيرەتسىزلىك	headword	891_2L.png	unverified
D90-3-08915	غەيرەت-شىجائەت	headword	891_2L.png	unverified
D90-3-08916	غەيرەتلەندۈرمەك	headword	891_2L.png	unverified
D90-3-08917	غەيرەتلەندۈرۈلمەك	headword	892_1R.png	unverified
D90-3-08918	غەيرەتلىنمەك	headword	892_1R.png	unverified
D90-3-08919	غەيرەتلىك	headword	892_1R.png	unverified
D90-3-08920	غەيرىي	headword	892_1R.png	unverified
D90-3-08921	غەيرىي ئاۋاز	headword	892_2L.png	unverified
D90-3-08922	غەيرىي بويىلىدىغان دانچە	headword	892_2L.png	unverified
D90-3-08923	غەيرىي بويىلىدىغان ماددا	headword	892_2L.png	unverified
D90-3-08924	غەيرىي خروموسوما	headword	892_2L.png	unverified
D90-3-08925	غەيرىي دېتېرمىنىزم	headword	892_2L.png	unverified
D90-3-08926	غەيرىي لاتقا ئېقىم	headword	892_2L.png	unverified
D90-3-08927	غەيرىي ئورگانىك ماددا	headword	893_1R.png	unverified
D90-3-08928	غەيرىي يادرولۇق تەنچە	headword	893_1R.png	unverified
D90-3-08929	غەيرىيلىك	headword	893_1R.png	unverified
D90-3-08930	غەينۇلا	nonstandard	893_1R.png	unverified
D90-3-08930-c1	ئەينۇلا	corrected_form	893_1R.png	unverified
D90-3-08931	غەيۇر	headword	893_1R.png	unverified
D90-3-08932	غەيۇرانە	headword	893_1R.png	unverified
D90-3-08933	غەيۇرلۇق	headword	893_1R.png	unverified
D90-3-08934	غەيۋەت	headword	893_2L.png	unverified
D90-3-08936	غەيۋەتچى	headword	893_2L.png	unverified
D90-3-08937	غەيۋەتچىلىك	headword	893_2L.png	unverified
D90-3-08938	غەيۋەتخور	headword	893_2L.png	unverified
D90-3-08939	غەيۋەتخورلۇق	headword	894_1R.png	unverified
D90-3-08940	غەيۋەت-شىكايەت	headword	894_1R.png	unverified
D90-3-08941	غوپ	headword	894_1R.png	unverified
D90-3-08942	غوپپىدە	headword	894_1R.png	unverified
D90-3-08943	غوپ-غوپىلاڭ	headword	894_1R.png	verified
D90-3-08944	غوت	headword	894_1R.png	unverified
D90-3-08945	غوت-غوت	headword	894_1R.png	unverified
D90-3-08946	غوت-غوت قىلماق	headword	894_1R.png	unverified
D90-3-08947	غوتۇلداتماق	headword	894_1R.png	unverified
D90-3-08948	غوتۇلداشماق	headword	894_1R.png	unverified
D90-3-08949	غوتۇلدىماق	headword	894_2L.png	unverified
D90-3-08950	غوجا	headword	894_2L.png	unverified
D90-3-08951	غوجا تام	headword	894_2L.png	unverified
D90-3-08952	غوجا كۆرسۇن	headword	894_2L.png	unverified
D90-3-08953	غوجام چاڭگىلى قىلماق	headword	895_1R.png	unverified
D90-3-08954	غوجىدار	headword	895_1R.png	unverified
D90-3-08955	غوجىدارلىق	headword	895_1R.png	unverified
D90-3-08956	غوجىزادە	headword	895_1R.png	unverified
D90-3-08957	غوداي	headword	895_2L.png	unverified
D90-3-08958	غودايماق	nonstandard	895_2L.png	unverified
D90-3-08959	غودۇدۇڭ	headword	895_2L.png	unverified
D90-3-08960	غودۇر	headword	895_2L.png	unverified
D90-3-08962	غودۇراڭغۇ	headword	895_2L.png	unverified
D90-3-08963	غودۇر-بۇدۇر	headword	895_2L.png	unverified
D90-3-08964	غودۇر - غودۇر	headword	896_1R.png	unverified
D90-3-08965	غودۇرلاشماق	headword	896_1R.png	unverified
D90-3-08966	غودۇرلۇق	headword	896_1R.png	unverified
D90-3-08967	غودۇرلىماق	headword	896_1R.png	unverified
D90-3-08968	غودۇرىماق	headword	896_1R.png	unverified
D90-3-08968-v1	غودۇڭلىماق	variant	896_1R.png	unverified
D90-3-08969	غودۇڭشىتماق	headword	896_1R.png	unverified
D90-3-08970	غودۇڭشىشماق	headword	896_1R.png	unverified
D90-3-08971	غودۇڭشىغاق	headword	896_1R.png	unverified
D90-3-08972	غودۇڭشىماق	headword	896_1R.png	unverified
D90-3-08973	غور	headword	896_2L.png	unverified
D90-3-08975	غورا	headword	896_2L.png	unverified
D90-3-08976	غوراپ	headword	897_1R.png	unverified
D90-3-08977	غورەك	headword	897_1R.png	unverified
D90-3-08978	غورتەك	headword	897_1R.png	unverified
D90-3-08979	غور-غور	headword	897_1R.png	unverified
D90-3-08981	غورۇ	headword	897_1R.png	unverified
D90-3-08982	غورۇڭ	headword	897_2L.png	unverified
D90-3-08983	غورۇڭ-غورۇڭ	headword	897_2L.png	unverified
D90-3-08984	غورۇلانماق	headword	897_2L.png	unverified
D90-3-08985	غورۇلاي	headword	897_2L.png	unverified
D90-3-08986	غورۇلدا تماق	headword	898_1R.png	unverified
D90-3-08987	غورۇلدىماق	headword	898_1R.png	unverified
D90-3-08988	غورۇلۇق	headword	898_1R.png	unverified
D90-3-08989	غورۇلىماق	headword	898_1R.png	unverified
D90-3-08990	غورىگىل	headword	898_1R.png	unverified
D90-3-08991	غورىگىلچىلىك	headword	898_2L.png	unverified
D90-3-08992	غورىگىللىق	headword	898_2L.png	unverified
D90-3-08993	غورىلىماق	headword	898_2L.png	unverified
D90-3-08994	غوزا	headword	898_2L.png	unverified
D90-3-08998	غوزا قۇرتى	headword	899_1R.png	unverified
D90-3-08999	غوزا قىزىل قۇرتى	headword	899_1R.png	unverified
D90-3-09000	غوزا مېۋە	headword	899_1R.png	unverified
D90-3-09001	غوزەك	headword	899_1R.png	unverified
D90-3-09003	غوزەكلىمەك	headword	899_2L.png	unverified
D90-3-09004	غۇزو	headword	899_2L.png	unverified
D90-3-09005	غوزىلىماق	headword	899_2L.png	unverified
D90-3-09006	غوڭ	headword	899_2L.png	unverified
D90-3-09007	غوڭشىشماق	headword	899_2L.png	unverified
D90-3-09009	غوڭشىماق	headword	899_2L.png	unverified
D90-3-09010	غوڭغارىماق	headword	900_1R.png	unverified
D90-3-09011	غوڭ-غوڭ	headword	900_1R.png	unverified
D90-3-09012	غوڭقا	headword	900_1R.png	unverified
D90-3-09013	غوڭڭىدە	headword	900_1R.png	unverified
D90-3-09014	غوڭۇلداتماق	headword	900_1R.png	unverified
D90-3-09015	غوڭۇلداشماق	headword	900_1R.png	unverified
D90-3-09016	غوڭۇلداق	headword	900_1R.png	unverified
D90-3-09017	غوڭۇلدىماق	headword	900_1R.png	unverified
D90-3-09018	غول	headword	900_2L.png	unverified
D90-3-09019	غول ئەستەر	headword	901_1R.png	unverified
D90-3-09020	غول تارتماق	headword	901_1R.png	unverified
D90-3-09021	غول خالتىسى	headword	901_1R.png	unverified
D90-3-09022	غول نوتا	headword	901_1R.png	unverified
D90-3-09023	غول ئورايدىغان چىڭگىلىك	headword	901_2L.png	unverified
D90-3-09024	غول ئۆستەڭ	headword	901_2L.png	unverified
D90-3-09025	غول ئېرىق	headword	901_2L.png	unverified
D90-3-09026	غولى ئاپتاپ كۆرمىگەن	headword	902_1R.png	unverified
D90-3-09027	غول ياغاچ	headword	902_1R.png	unverified
D90-3-09029	غولاسەن	headword	902_1R.png	unverified
D90-3-09030	غولچېچى	headword	902_1R.png	verified
D90-3-09031	غولدا	headword	902_2L.png	unverified
D90-3-09032	غولداتماق	headword	902_2L.png	unverified
D90-3-09033	غولداشماق	headword	902_2L.png	unverified
D90-3-09034	غولدۇر	headword	902_2L.png	unverified
D90-3-09035	غولدۇر-غولدۇر	headword	902_2L.png	unverified
D90-3-09036	غولدۇرلاتماق	headword	903_1R.png	unverified
D90-3-09037	غولدۇرلاشماق	headword	903_1R.png	unverified
D90-3-09038	غولدۇرلىماق	headword	903_1R.png	unverified
D90-3-09039	غولدىماق	headword	903_1R.png	unverified
D90-3-09040	غولسىز	headword	903_1R.png	unverified
D90-3-09041	غولغۇن	headword	903_1R.png	unverified
D90-3-09042	غوللۇق	headword	903_1R.png	unverified
D90-3-09043	غوللىماق	headword	903_2L.png	unverified
D90-3-09044	غوۋغا	headword	903_2L.png	verified
D90-3-09047	غوۋغا كۆتۈرمەك	headword	904_1R.png	unverified
D90-3-09047-v1	غوۋغا چىقارماق	variant	904_1R.png	unverified
D90-3-09048	غوۋغاچى	headword	904_1R.png	unverified
D90-3-09049	غوۋغاسىز	headword	904_1R.png	unverified
D90-3-09050	غوۋغالاشماق	headword	904_1R.png	unverified
D90-3-09051	غوۋغالىق	headword	904_1R.png	unverified
D90-3-09052	غۇبار	headword	904_1R.png	unverified
D90-3-09053	غۇبارسىز	headword	904_2L.png	unverified
D90-3-09054	غۇپ	headword	904_2L.png	unverified
D90-3-09055	غۇپپىدە	headword	904_2L.png	unverified
D90-3-09056	غۇجۇم	headword	904_2L.png	unverified
D90-3-09057	غۇج	headword	904_2L.png	unverified
D90-3-09058	غۇچچىدە	headword	904_2L.png	unverified
D90-3-09059	غۇچچۇق	headword	905_1R.png	unverified
D90-3-09060	غۇچ-غۇچ	headword	905_1R.png	unverified
D90-3-09061	غۇچۇر	headword	905_1R.png	unverified
D90-3-09062	غۇچۇر-غۇچۇر	headword	905_1R.png	unverified
D90-3-09063	غۇچۇرلاتماق	headword	905_1R.png	unverified
D90-3-09064	غۇچۇرلىتىشماق	headword	905_1R.png	unverified
D90-3-09065	غۇچۇرلىماق	headword	905_1R.png	unverified
D90-3-09066	غۇدۇراتماق	headword	905_2L.png	unverified
D90-3-09067	غۇدۇراشماق	headword	905_2L.png	unverified
D90-3-09068	غۇدۇرىماق	headword	905_2L.png	unverified
D90-3-09069	غۇر	headword	905_2L.png	unverified
D90-3-09070	غۇربەت	headword	905_2L.png	verified
D90-3-09071	غۇربەتچىلىك	headword	906_1R.png	verified
D90-3-09072	غۇربەتسىرىماق	headword	906_1R.png	unverified
D90-3-09073	غۇربەتلەشمەك	headword	906_1R.png	unverified
D90-3-09074	غۇربەتلىك	headword	906_1R.png	unverified
D90-3-09075	غۇرت	headword	906_2L.png	unverified
D90-3-09076	غۇرتەك	headword	906_2L.png	unverified
D90-3-09077	غۇرتتىدە	headword	906_2L.png	unverified
D90-3-09078	غۇرت-غۇرت	headword	906_2L.png	unverified
D90-3-09079	غۇرتۇلداتماق	headword	906_2L.png	unverified
D90-3-09080	غۇرتۇلداشماق	headword	906_2L.png	unverified
D90-3-09081	غۇرتۇلدىماق	headword	907_1R.png	unverified
D90-3-09082	غۇررىك	headword	907_1R.png	unverified
D90-3-09083	غۇررىدە	headword	907_1R.png	unverified
D90-3-09084	غۇر-غۇر	headword	907_1R.png	unverified
D90-3-09085	غۇرقىراتماق	headword	907_1R.png	unverified
D90-3-09086	غۇرقىراشماق	headword	907_1R.png	unverified
D90-3-09087	غۇرقىرىماق	headword	907_1R.png	unverified
D90-3-09088	غۇرۇر	headword	907_1R.png	verified
D90-3-09089	غۇرۇرى تۇتماق	headword	907_2L.png	unverified
D90-3-09090	غۇرۇرىغا تەگمەك	headword	907_2L.png	unverified
D90-3-09091	غۇرۇرلانماق	headword	907_2L.png	unverified
D90-3-09092	غۇرۇرلۇق	headword	907_2L.png	unverified
D90-3-09093	غۇز	headword	907_2L.png	unverified
D90-3-09094	غۇژژىدە	headword	908_1R.png	unverified
D90-3-09095	غۇژ-غۇژ	headword	908_1R.png	unverified
D90-3-09096	غۇژغۇن	headword	908_1R.png	unverified
D90-3-09097	غۇژغۇنلاشماق	headword	908_1R.png	unverified
D90-3-09098	غۇژغۇنلۇق	headword	908_1R.png	unverified
D90-3-09099	غۇژمەك	headword	908_1R.png	unverified
D90-3-09101	غۇژمەك مېۋە	headword	908_2L.png	unverified
D90-3-09102	غۇژمەك ئۆسۈش	headword	908_2L.png	unverified
D90-3-09103	غۇژمەك-غۇژمەك	headword	908_2L.png	unverified
D90-3-09104	غۇژمەكلەشتۈرمەك	headword	908_2L.png	unverified
D90-3-09105	غۇژمەكلەشتۈرۈلمەك	headword	908_2L.png	unverified
D90-3-09106	غۇژمەكلەشمەك	headword	909_1R.png	unverified
D90-3-09107	غۇژمەكلەنمەك	headword	909_1R.png	unverified
D90-3-09108	غۇژۇلداتماق	headword	909_1R.png	unverified
D90-3-09109	غۇژۇلداشماق	headword	909_1R.png	unverified
D90-3-09110	غۇژۇلدىماق	headword	909_1R.png	unverified
D90-3-09111	غۇسسە	headword	909_1R.png	unverified
D90-3-09112	غۇسۇل	headword	909_1R.png	unverified
D90-3-09114	غۇسۇل-تاھارەت	headword	909_2L.png	unverified
D90-3-09115	غۇلاتماق	headword	909_2L.png	unverified
D90-3-09116	غۇلاچ	headword	909_2L.png	unverified
D90-3-09117	غۇلاچ ئاتماق	headword	910_1R.png	unverified
D90-3-09118	غۇلاچ ئاچماق	headword	910_1R.png	unverified
D90-3-09119	غۇلاچ تاشلاپ ئۈزۈش	headword	910_1R.png	unverified
D90-3-09120	غۇلاچ تاشلىماق	headword	910_1R.png	unverified
D90-3-09121	غۇلاچ كەرمەك	headword	910_1R.png	unverified
D90-3-09122	غۇلاچ يايماق	headword	910_1R.png	unverified
D90-3-09123	غۇلىچى تۆڭەپ، غېرىچى قالماق	headword	910_1R.png	unverified
D90-3-09124	غۇلاچلاتماق	headword	910_2L.png	unverified
D90-3-09125	غۇلاچلاشماق	headword	910_2L.png	unverified
D90-3-09126	غۇلاچلىق	headword	910_2L.png	unverified
D90-3-09127	غۇلاچلىماق	headword	910_2L.png	unverified
D90-3-09128	غۇلاش	headword	910_2L.png	unverified
D90-3-09129	غۇلاشماق	headword	911_1R.png	unverified
D90-3-09130	غۇلام	headword	911_1R.png	unverified
D90-3-09131	غۇلجا	headword	911_1R.png	unverified
D90-3-09132	غۇلغۇلا	headword	911_1R.png	unverified
D90-3-09134	غۇلغۇي	headword	911_2L.png	unverified
D90-3-09135	غۇلغۇيچىلىق	headword	911_2L.png	unverified
D90-3-09136	غۇلغۇيلۇق	headword	911_2L.png	unverified
D90-3-09137	غۇلۇپ	nonstandard	911_2L.png	unverified
D90-3-09137-c1	قۇلۇپ	corrected_form	911_2L.png	unverified
D90-3-09138	غۇلى	headword	911_2L.png	unverified
D90-3-09139	غۇلىماق	headword	911_2L.png	unverified
D90-3-09140	غۇم	headword	912_1R.png	unverified
D90-3-09141	غۇم ساقلىماق	headword	912_1R.png	unverified
D90-3-09142	غۇمسىنماق	headword	912_1R.png	unverified
D90-3-09143	غۇملىماق	headword	912_1R.png	unverified
D90-3-09144	غۇمۇكلىشە	headword	912_1R.png	unverified
D90-3-09145	غۇنان	headword	912_1R.png	unverified
D90-3-09146	غۇنچا	headword	912_1R.png	unverified
D90-3-09147	غۇنچە	headword	912_2L.png	unverified
D90-3-09149	غۇنچە ئۈزۈم	headword	912_2L.png	unverified
D90-3-09150	غۇنچىسىمان	headword	912_2L.png	unverified
D90-3-09151	غۇنچىسىمان مېۋە	headword	913_1R.png	unverified
D90-3-09152	غۇنچىلىماق	headword	913_1R.png	unverified
D90-3-09153	غۇنىجىن	headword	913_1R.png	unverified
D90-3-09154	غۇنىجىن ئازابى	headword	913_1R.png	unverified
D90-3-09155	غۇۋا	headword	913_1R.png	unverified
D90-3-09156	غۇۋالاشتۇرماق	headword	913_1R.png	unverified
D90-3-09157	غۇۋالاشتۇرۇلماق	headword	913_1R.png	unverified
D90-3-09158	غۇۋالاشماق	headword	913_2L.png	unverified
D90-3-09159	غۇۋالىق	headword	913_2L.png	unverified
D90-3-09160	غۇي	headword	913_2L.png	unverified
D90-3-09161	غۇي-غۇي	headword	913_2L.png	unverified
D90-3-09162	غۇيۇلداتماق	headword	913_2L.png	unverified
D90-3-09163	غۇيۇلداشماق	headword	913_2L.png	unverified
D90-3-09164	غۇيۇلدىماق	headword	913_2L.png	unverified
D90-3-09165	غۇيياڭشىماق	headword	913_2L.png	unverified
D90-3-09166	غۇييىدە	headword	913_2L.png	unverified
D90-3-09167	غې	headword	913_2L.png	unverified
D90-3-09168	غېچەك	headword	913_2L.png	unverified
D90-3-09169	غېجەكچى	headword	914_1R.png	unverified
D90-3-09170	غېچىر	headword	914_1R.png	unverified
D90-3-09171	غېچىر سالۋا	headword	914_1R.png	unverified
D90-3-09172	غېدىر	headword	914_1R.png	unverified
D90-3-09173	غېرىب	headword	914_1R.png	unverified
D90-3-09174	غېرىبانە	headword	914_2L.png	unverified
D90-3-09175	غېرىبپەرۋەر	headword	914_2L.png	unverified
D90-3-09176	غېرىبچە	headword	914_2L.png	unverified
D90-3-09177	غېرىبچە يېپىنماق	headword	915_1R.png	unverified
D90-3-09178	غېرىبچىلاپ	headword	915_1R.png	unverified
D90-3-09179	غېرىبخان	headword	915_1R.png	unverified
D90-3-09180	غېرىبسىنماق	headword	915_1R.png	unverified
D90-3-09181	غېرىب-غۇرۋا	headword	915_1R.png	unverified
D90-3-09182	غېرىبلاشتۇرماق	headword	915_1R.png	verified
D90-3-09183	غېرىبلاشماق	headword	915_1R.png	unverified
D90-3-09184	غېرىبلىق	headword	915_2L.png	unverified
D90-3-09185	غېرىب-مۇساپىر	headword	915_2L.png	unverified
D90-3-09186	غېرىب-مۇسكىن	headword	915_2L.png	unverified
D90-3-09187	غېرىچ	headword	915_2L.png	unverified
D90-3-09189	غېرىچلاتماق	headword	916_1R.png	unverified
D90-3-09190	غېرىچلاشماق	headword	916_1R.png	unverified
D90-3-09191	غېرىچلانماق	headword	916_1R.png	unverified
D90-3-09192	غېرىچلىماق	headword	916_1R.png	unverified
D90-3-09193	غىپ	headword	916_1R.png	unverified
D90-3-09194	غىپپىدە	headword	916_1R.png	unverified
D90-3-09196	غىپچا	headword	916_1R.png	unverified
D90-3-09197	غىپچىدىماق	headword	916_2L.png	unverified
D90-3-09198	غىپچىنماق	headword	916_2L.png	unverified
D90-3-09199	غىپ-غىپ	headword	916_2L.png	unverified
D90-3-09200	غىپلا	headword	916_2L.png	unverified
D90-3-09201	غىپىلداتماق	headword	916_2L.png	unverified
D90-3-09202	غىپىلداشماق	headword	916_2L.png	unverified
D90-3-09203	غىپىلداق	headword	916_2L.png	unverified
D90-3-09204	غىت	headword	916_2L.png	unverified
D90-3-09206	غىت-غىت	headword	916_2L.png	unverified
D90-3-09207	غىتمەك	headword	917_1R.png	unverified
D90-3-09208	غىتىلداتماق	headword	917_1R.png	unverified
D90-3-09209	غىتىلداشماق	headword	917_1R.png	unverified
D90-3-09210	غىتىلدىماق	headword	917_1R.png	unverified
D90-3-09211	غىجىڭ	headword	917_1R.png	unverified
D90-3-09212	غىجىڭلىق	headword	917_1R.png	unverified
D90-3-09213	غىجىم	headword	917_1R.png	unverified
D90-3-09216	غىجىمدىماق	headword	917_1R.png	unverified
D90-3-09217	غىجىملانماق	headword	917_1R.png	unverified
D90-3-09218	غىجىلمىماق	headword	917_1R.png	unverified
D90-3-09219	غىجىنماق	headword	917_1R.png	unverified
D90-3-09220	غىچ	headword	917_2L.png	unverified
D90-3-09222	غىچچىدە	headword	917_2L.png	unverified
D90-3-09223	غىچىر	headword	917_2L.png	unverified
D90-3-09224	غىچىر - غىچىر	headword	917_2L.png	unverified
D90-3-09225	غىچىرلاتماق	headword	917_2L.png	unverified
D90-3-09226	غىچىرلاشماق	headword	918_1R.png	unverified
D90-3-09227	غىچىرلىماق	headword	918_1R.png	unverified
D90-3-09228	غىچىلداتماق	headword	918_1R.png	unverified
D90-3-09229	غىچىلدىلاشماق	headword	918_1R.png	unverified
D90-3-09230	غىچىلدىتىلماق	headword	918_1R.png	unverified
D90-3-09231	غىچىلدىماق	headword	918_1R.png	unverified
D90-3-09232	غىدىقئوغۇچ	headword	918_1R.png	unverified
D90-3-09233	غىدىق	headword	918_1R.png	unverified
D90-3-09234	غىدىقى كەلمەك	headword	918_2L.png	unverified
D90-3-09235	غىدىق-پىدىق	headword	918_2L.png	unverified
D90-3-09236	غىدىقلاتماق	headword	918_2L.png	unverified
D90-3-09237	غىدىقلاشماق	headword	918_2L.png	unverified
D90-3-09238	غىدىقلانماق	headword	918_2L.png	unverified
D90-3-09239	غىدىقلىغۇچ	headword	918_2L.png	unverified
D90-3-09240	غىدىقلىماق	headword	918_2L.png	unverified
D90-3-09241	غىدىڭ	headword	919_1R.png	unverified
D90-3-09242	غىدىڭ-پىدىڭ	headword	919_1R.png	unverified
D90-3-09244	غىر	headword	919_2L.png	unverified
D90-3-09245	غىرە-شىرە	headword	919_2L.png	unverified
D90-3-09246	غىرت	headword	919_2L.png	unverified
D90-3-09247	غىرتتىدە	headword	919_2L.png	unverified
D90-3-09248	غىرت-غىرت	headword	919_2L.png	unverified
D90-3-09249	غىرتىلداتماق	headword	919_2L.png	unverified
D90-3-09250	غىرتىلدىشماق	headword	919_2L.png	unverified
D90-3-09251	غىرتىلدىماق	headword	919_2L.png	unverified
D90-3-09252	غىرتىلداق	headword	919_2L.png	unverified
D90-3-09253	غىرداشماق	headword	919_2L.png	unverified
D90-3-09255	غىردالماق	headword	919_2L.png	unverified
D90-3-09256	غىردىماق	headword	919_2L.png	unverified
D90-3-09257	غىررىدە	headword	919_2L.png	unverified
D90-3-09258	غىر-غىر	headword	920_1R.png	unverified
D90-3-09259	غىرقىراتماق	headword	920_1R.png	unverified
D90-3-09260	غىرقىراشماق	headword	920_1R.png	unverified
D90-3-09261	غىرقىراق	headword	920_1R.png	unverified
D90-3-09262	غىرقىرىماق	headword	920_1R.png	unverified
D90-3-09263	غىرىس	headword	920_1R.png	unverified
D90-3-09264	غىرىس-غىرىس	headword	920_1R.png	unverified
D90-3-09265	غىرىسلاتماق	headword	920_1R.png	unverified
D90-3-09266	غىرىسلىماق	headword	920_1R.png	unverified
D90-3-09267	غىرىش	headword	920_1R.png	unverified
D90-3-09267-v1	غىدىش	variant	920_1R.png	unverified
D90-3-09268	غىرىڭ-پىرىڭ	headword	920_2L.png	unverified
D90-3-09269	غىرىڭ-پىرىڭ قىلماق	headword	920_2L.png	unverified
D90-3-09269-v1	غىدىڭ-پىدىڭ قىلماق	variant	920_2L.png	unverified
D90-3-09270	غىرىلدا تماق	headword	920_2L.png	unverified
D90-3-09271	غىرىلدا شماق	headword	920_2L.png	unverified
D90-3-09272	غىرىلداپماق	headword	920_2L.png	unverified
D90-3-09273	غىزا	headword	920_2L.png	unverified
D90-3-09274	غىزا تارتماق	headword	920_2L.png	unverified
D90-3-09274-v1	ئاش تارتماق	variant	920_2L.png	unverified
D90-3-09275	غىزالاندۇرماق	headword	920_2L.png	unverified
D90-3-09276	غىزالاندۇرۇلماق	headword	920_2L.png	unverified
D90-3-09277	غىزالانماق	headword	920_2L.png	unverified
D90-3-09278	غىزالىق	headword	921_1R.png	unverified
D90-3-09279	غىزالىنماق	headword	921_1R.png	unverified
D90-3-09280	غىژ	headword	921_1R.png	unverified
D90-3-09281	غىژ-غاژ	headword	921_1R.png	unverified
D90-3-09282	غىژ-غىژ	headword	921_1R.png	unverified
D90-3-09283	غىژ-غىژلاشماق	headword	921_1R.png	unverified
D90-3-09284	غىژمۇدۇن	headword	921_1R.png	verified
D90-3-09285	غىژىلداتماق	headword	921_1R.png	verified
D90-3-09286	غىژىلداشماق	headword	921_1R.png	verified
D90-3-09287	غىژىلدىماق	headword	921_2L.png	verified
D90-3-09288	غىق	headword	921_2L.png	unverified
D90-3-09289	غىق-غىق	headword	921_2L.png	unverified
D90-3-09290	غىققىدە	headword	921_2L.png	unverified
D90-3-09291	غىقىلدىتماق	headword	921_2L.png	unverified
D90-3-09292	غىقىلداشماق	headword	921_2L.png	unverified
D90-3-09293	غىقىلدىماق	headword	921_2L.png	unverified
D90-3-09294	غىڭ	headword	921_2L.png	unverified
D90-3-09296	غىڭ-پىڭ	headword	922_1R.png	unverified
D90-3-09297	غىڭ-پىڭ قىلماسلىق	headword	922_1R.png	unverified
D90-3-09298	غىڭشىتماق	headword	922_1R.png	unverified
D90-3-09299	غىڭشىشماق	headword	922_1R.png	unverified
D90-3-09300	غىڭشىغاق	headword	922_1R.png	unverified
D90-3-09301	غىڭشىماق	headword	922_1R.png	unverified
D90-3-09302	غىڭ-غىڭ	headword	922_2L.png	unverified
D90-3-09303	غىڭىلداتماق	headword	922_2L.png	unverified
D90-3-09304	غىڭىلداشماق	headword	922_2L.png	unverified
D90-3-09305	غىڭىلدىماق	headword	922_2L.png	unverified
D90-3-09306	غىل	headword	922_2L.png	unverified
D90-3-09308	غىل تېيىلماق	headword	922_2L.png	unverified
D90-3-09309	غىلاپ	headword	922_2L.png	unverified
D90-3-09310	غىلاپ بەندىسى	headword	923_1R.png	unverified
D90-3-09311	غىلاپسىز	headword	923_1R.png	unverified
D90-3-09312	غىلاپلىق	headword	923_1R.png	unverified
D90-3-09313	غىلاڭ	headword	923_1R.png	unverified
D90-3-09314	غىل-پال	headword	923_1R.png	unverified
D90-3-09315	غىلتاڭ	headword	923_1R.png	unverified
D90-3-09316	غىلجىڭ	headword	923_2L.png	unverified
D90-3-09317	غىلجىڭشىماق	headword	923_2L.png	unverified
D90-3-09318	غىلجىڭلاشماق	headword	923_2L.png	unverified
D90-3-09319	غىلجىڭلىق	headword	923_2L.png	unverified
D90-3-09320	غىلجىڭلىماق	headword	923_2L.png	unverified
D90-3-09321	غىلدىر	headword	923_2L.png	unverified
D90-3-09322	غىلدىرەك	headword	923_2L.png	unverified
D90-3-09323	غىلدۇرغۇچ	headword	923_2L.png	unverified
D90-3-09324	غىلدىر-غىلدىر	headword	924_1R.png	unverified
D90-3-09325	غىلدىرلاتماق	headword	924_1R.png	unverified
D90-3-09326	غىلدىرلاشماق	headword	924_1R.png	unverified
D90-3-09327	غىلدىرلىماق	headword	924_1R.png	unverified
D90-3-09328	غىل-غىل	headword	924_1R.png	unverified
D90-3-09329	غىللىدە	headword	924_2L.png	unverified
D90-3-09330	غىلمان	headword	924_2L.png	unverified
D90-3-09331	غىمسا	headword	924_2L.png	unverified
D90-3-09332	غىمىسىدە	headword	924_2L.png	unverified
D90-3-09333	غىمىسسىماق	headword	924_2L.png	unverified
D90-3-09334	غىنجە	headword	924_2L.png	unverified
D90-3-09335	غىنجىباغ	headword	924_2L.png	unverified
D90-3-09336	غىۋا	nonstandard	924_2L.png	unverified
D90-3-09337	غىۋە	headword	924_2L.png	unverified
D90-3-09338	ف	headword	925_1R.png	unverified
D90-3-09339	فا	headword	925_1R.png	unverified
D90-3-09340	فابرىكا	headword	925_1R.png	unverified
D90-3-09341	فابرىكانت	headword	925_1R.png	unverified
D90-3-09342	فارادا	headword	925_1R.png	unverified
D90-3-09343	فارفور	headword	925_2L.png	unverified
D90-3-09346	فارماكوپىيە	headword	925_2L.png	unverified
D90-3-09347	فارېنگېيت	headword	926_1R.png	unverified
D90-3-09350	فازا	headword	926_1R.png	unverified
D90-3-09353	فازا كۈچىنىشى	headword	926_1R.png	unverified
D90-3-09353-v1	فازا بېسىمى	variant	926_1R.png	unverified
D90-3-09354	فاسسىئولا	headword	926_2L.png	unverified
D90-3-09355	فاشىزم	headword	926_2L.png	unverified
D90-3-09356	فاشىزمچى	headword	926_2L.png	unverified
D90-3-09357	فاشىست	headword	926_2L.png	unverified
D90-3-09358	فاشىستلارچە	headword	927_1R.png	unverified
D90-3-09359	فاشىستلاشماق	headword	927_1R.png	unverified
D90-3-09360	فاشىستلىق	headword	927_1R.png	unverified
D90-3-09361	فاكتور	headword	927_1R.png	unverified
D90-3-09362	فاكۇلتېت	headword	927_1R.png	unverified
D90-3-09364	فاگوت	headword	927_1R.png	unverified
D90-3-09366	فامىلە	headword	927_2L.png	unverified
D90-3-09367	فانتازىيە	headword	927_2L.png	unverified
D90-3-09368	فانتازىيىلىك	headword	927_2L.png	unverified
D90-3-09369	فەرد	headword	928_1R.png	unverified
D90-3-09370	فتور	headword	928_1R.png	unverified
D90-3-09371	فتور شپاتى	headword	928_1R.png	unverified
D90-3-09371-v1	فليوئورىت	variant	928_1R.png	unverified
D90-3-09372	فتورلۇق	headword	928_1R.png	unverified
D90-3-09374	فتورىد	headword	928_1R.png	unverified
D90-3-09375	فتورىد كىسلاتا	headword	928_1R.png	unverified
D90-3-09376	فرازىئولوگىيە	headword	928_2L.png	unverified
D90-3-09377	فرازىئولوگىيىلىك	headword	928_2L.png	unverified
D90-3-09379	فرانسۇز	headword	928_2L.png	verified
D90-3-09380	فرانسۇز تىلى	headword	928_2L.png	unverified
D90-3-09381	فرانسۇزچە	headword	928_2L.png	unverified
D90-3-09382	فرانسۇزلار	headword	929_1R.png	verified
D90-3-09383	فرانسىي	headword	929_1R.png	unverified
D90-3-09384	فرانك	headword	929_1R.png	unverified
D90-3-09385	فرونت	headword	929_1R.png	unverified
D90-3-09387	فرونتنىڭ پەيدا بولۇشى	headword	929_2L.png	unverified
D90-3-09388	فرونتنىڭ يوقىلىشى	headword	929_2L.png	unverified
D90-3-09389	فرونت يۈزى	headword	929_2L.png	unverified
D90-3-09390	فرىكتوزا	headword	929_2L.png	unverified
D90-3-09391	فلاگېللار	headword	929_2L.png	unverified
D90-3-09392	فلانگى	headword	929_2L.png	unverified
D90-3-09392-v1	فلانگى تەخە	variant	929_2L.png	unverified
D90-3-09394	فلانېل	headword	930_1R.png	unverified
D90-3-09395	فلوت	headword	930_1R.png	verified
D90-3-09396	فلورېن	headword	930_1R.png	unverified
D90-3-09397	فلورىن	headword	930_1R.png	unverified
D90-3-09398	فلېيتا	headword	930_1R.png	unverified
D90-3-09399	فوتو	headword	930_1R.png	unverified
D90-3-09400	فوتو ئاپپارات	headword	930_2L.png	verified
D90-3-09401	فوتو باسما	headword	930_2L.png	unverified
D90-3-09402	فوتو باسما ماتېرىيال	headword	930_2L.png	unverified
D90-3-09403	فوتو بىئولوگىيە	headword	930_2L.png	unverified
D90-3-09404	فوتو تېلېگراف	headword	930_2L.png	unverified
D90-3-09405	فوتو تېلېگرامما	headword	930_2L.png	unverified
D90-3-09406	فوتو سۈرەت	headword	930_2L.png	unverified
D90-3-09407	فوتو سۈرەتچىلىك	headword	930_2L.png	unverified
D90-3-09408	فوتو قارشىلىق	headword	931_1R.png	unverified
D90-3-09409	فوتو مۇخبىر	headword	931_1R.png	unverified
D90-3-09410	فوتو نۇسخا	headword	931_1R.png	unverified
D90-3-09411	فوتو ئېلېكتر كۆز	headword	931_1R.png	unverified
D90-3-09412	فوتو ئېلېكتر لامپا	headword	931_1R.png	unverified
D90-3-09413	فوتو ئېلېكتر ھادىسىسى	headword	931_1R.png	unverified
D90-3-09414	فوتو ئېلېكتر ئېففېكتى	headword	931_2L.png	unverified
D90-3-09415	فوتو ئېلېمېنت	headword	931_2L.png	unverified
D90-3-09416	فوتوسىنتېز	headword	931_2L.png	unverified
D90-3-09417	فوتوسىنتېز باكتېرىيىسى	headword	931_2L.png	unverified
D90-3-09418	فوتوسىنتېز رولى	headword	931_2L.png	unverified
D90-3-09419	فوتوگراف	headword	932_1R.png	unverified
D90-3-09420	فوتوگرافىيە	headword	932_1R.png	unverified
D90-3-09422	فوتومېتر	headword	932_1R.png	verified
D90-3-09423	فوتون	headword	932_2L.png	unverified
D90-3-09424	فورا مىنفېرا	headword	932_2L.png	unverified
D90-3-09425	فورما	headword	932_2L.png	unverified
D90-3-09426	فورمات	headword	932_2L.png	unverified
D90-3-09427	فورماتسىيە	headword	933_1R.png	unverified
D90-3-09428	فورمال	headword	933_1R.png	unverified
D90-3-09430	فورمالدېگىد	headword	933_2L.png	unverified
D90-3-09431	فورمالىزم	headword	933_2L.png	unverified
D90-3-09432	فورمالىزمچى	headword	933_2L.png	unverified
D90-3-09433	فورمالىن	headword	933_2L.png	unverified
D90-3-09434	فورمۇلا	headword	933_2L.png	unverified
D90-3-09435	فورمۇلىلاشتۇرماق	headword	934_1R.png	unverified
D90-3-09436	فورمۇلىلاشتۇرۇلماق	headword	934_1R.png	unverified
D90-3-09437	فورمىئات	headword	934_1R.png	unverified
D90-3-09438	فورمىئات كىسلاتا	headword	934_1R.png	unverified
D90-3-09439	فورىنت	headword	934_1R.png	unverified
D90-3-09440	فوسفات	headword	934_1R.png	unverified
D90-3-09441	فوسفات كىسلاتا	headword	934_1R.png	unverified
D90-3-09442	فوسفاتلار	headword	934_2L.png	unverified
D90-3-09443	فوسفاتلاشتۇرغۇچى	headword	934_2L.png	unverified
D90-3-09444	فوسفاتلاشتۇرغۇچى ئېنزىم	headword	934_2L.png	unverified
D90-3-09445	فوسفاتلىق	headword	934_2L.png	unverified
D90-3-09446	فوسفاتلىق ماي	headword	934_2L.png	unverified
D90-3-09447	فوسفور	headword	934_2L.png	unverified
D90-3-09448	فوسفور نۇرى	headword	935_1R.png	unverified
D90-3-09449	فوسفور يالقۇنى	headword	935_1R.png	unverified
D90-3-09450	فوسفورلۇق	headword	935_1R.png	unverified
D90-3-09451	فوسفورلۇق ئوغۇت	headword	935_2L.png	unverified
D90-3-09452	فوسفورىت	headword	935_2L.png	unverified
D90-3-09453	فوسفىن	headword	935_2L.png	unverified
D90-3-09454	فوسگېن	headword	935_2L.png	verified
D90-3-09455	فوكستروت	headword	935_2L.png	unverified
D90-3-09456	فوكۇس	headword	936_1R.png	unverified
D90-3-09461	فولكلور	headword	936_1R.png	verified
D90-3-09462	فونتان	headword	936_1R.png	unverified
D90-3-09463	فونتانگۈل	headword	936_2L.png	verified
D90-3-09464	فونتانلىق	headword	936_2L.png	unverified
D90-3-09465	فوند	headword	936_2L.png	unverified
D90-3-09467	فوند ستېرلىڭ	headword	936_2L.png	unverified
D90-3-09468	فونولوگىيە	headword	937_1R.png	unverified
D90-3-09469	فونولىت	headword	937_1R.png	unverified
D90-3-09470	فونون	headword	937_1R.png	unverified
D90-3-09471	فونېتىكا	headword	937_1R.png	unverified
D90-3-09472	فونېتىكىلىق	headword	937_1R.png	unverified
D90-3-09474	فونېما	headword	937_1R.png	unverified
D90-3-09475	فونىزم	headword	937_1R.png	unverified
D90-3-09476	فۇراتسىلىن	headword	937_2L.png	unverified
D90-3-09477	فۇران	headword	937_2L.png	unverified
D90-3-09478	فۇرفۇرول	headword	937_2L.png	unverified
D90-3-09479	فۇگا	headword	937_2L.png	unverified
D90-3-09481	فۇلىمىنات	headword	938_1R.png	unverified
D90-3-09482	فۇلىمىنات كىسلاتا	headword	938_1R.png	unverified
D90-3-09483	فۇندامېنت	headword	938_1R.png	unverified
D90-3-09483-v1	ئۇل	variant	938_1R.png	unverified
D90-3-09484	فۇنستاتۇس	headword	938_1R.png	unverified
D90-3-09485	فۇنكسىئونال	headword	938_1R.png	unverified
D90-3-09487	فۇنكسىيە	headword	938_2L.png	unverified
D90-3-09488	فۇنكسىيىلىك	headword	939_1R.png	unverified
D90-3-09489	فېتىشىزم	headword	939_1R.png	unverified
D90-3-09490	فېدېراتسىيە	headword	939_1R.png	unverified
D90-3-09491	فېدېراتىپ	headword	939_2L.png	unverified
D90-3-09492	فېرما	headword	939_2L.png	unverified
D90-3-09493	فېرمېنت	headword	939_2L.png	unverified
D90-3-09494	فېرمى	headword	939_2L.png	unverified
D90-3-09495	فېرمىئون	headword	939_2L.png	unverified
D90-3-09496	فېرمىي	headword	940_1R.png	unverified
D90-3-09497	فېستىۋال	headword	940_1R.png	verified
D90-3-09498	فېشىر	headword	940_1R.png	verified
D90-3-09499	فېشىر سۈتلۈكئوتى	headword	940_1R.png	verified
D90-3-09500	فېلدشېر	headword	940_1R.png	verified
D90-3-09501	فېلدشېرلىق	headword	940_1R.png	unverified
D90-3-09502	فېليەتون	headword	940_1R.png	verified
D90-3-09503	فېنانترېن	headword	940_2L.png	verified
D90-3-09505	فېنوباربېتال	headword	940_2L.png	verified
D90-3-09505-v1	لۇمىنال	variant	940_2L.png	verified
D90-3-09506	فېنوكرىست	headword	940_2L.png	verified
D90-3-09507	فېنول	headword	940_2L.png	verified
D90-3-09508	فېنولفتالېئىن	headword	941_1R.png	unverified
D90-3-09509	فېنولوگىيە	headword	941_1R.png	unverified
D90-3-09510	فېنىلئامىن	headword	941_1R.png	unverified
D90-3-09511	فېنىلئىتىلىن	headword	941_1R.png	unverified
D90-3-09512	فېئودال	headword	941_1R.png	unverified
D90-3-09513	فېئوداللىق	headword	941_2L.png	unverified
D90-3-09515	فېئوداللىق تۈزۈم	headword	942_1R.png	unverified
D90-3-09516	فېئوداللىق جەمئىيەت	headword	942_1R.png	unverified
D90-3-09517	فېئوداللىق مەدەنىيەت	headword	942_1R.png	unverified
D90-3-09518	فېئودالىزم	headword	942_1R.png	unverified
D90-3-09519	فېۋرال	headword	942_2L.png	unverified
D90-3-09520	فىرۇزە	headword	942_2L.png	unverified
D90-3-09521	فىزىك	headword	942_2L.png	unverified
D90-3-09522	فىزىكا	headword	942_2L.png	unverified
D90-3-09523	فىزىكىلىق	headword	942_2L.png	unverified
D90-3-09525	فىزىكىلىق داۋالاش	headword	943_1R.png	unverified
D90-3-09526	فىزىكىلىق دىئاگنوز	headword	943_1R.png	unverified
D90-3-09527	فىزىكىلىق مىقدار	headword	943_1R.png	unverified
D90-3-09528	فىزىكىلىق ئۆزگىرىش	headword	943_1R.png	unverified
D90-3-09529	فىزىئولوگ	headword	943_2L.png	unverified
D90-3-09530	فىزىئولوگىيە	headword	943_2L.png	unverified
D90-3-09531	فىزىئولوگىيىلىك	headword	943_2L.png	unverified
D90-3-09533	فكۇس	headword	944_1R.png	unverified
D90-3-09534	فىگۇرا	headword	944_1R.png	unverified
D90-3-09535	فىگۇرا چىقىرىپ مۇز تېيىلىش	headword	944_1R.png	unverified
D90-3-09536	فىگۇرا كانكىسى	headword	944_1R.png	unverified
D90-3-09537	فىلادېلفۇن	headword	944_1R.png	unverified
D90-3-09538	فىلتر	headword	944_2L.png	unverified
D90-3-09540	فىلترلاتماق	headword	944_2L.png	unverified
D90-3-09541	فىلترلانغان	headword	944_2L.png	unverified
D90-3-09543	فىلترلانماق	headword	944_2L.png	unverified
D90-3-09544	فىلترلىماق	headword	944_2L.png	unverified
D90-3-09545	فىللتى	headword	944_2L.png	unverified
D90-3-09546	فىلولوگ	headword	945_1R.png	unverified
D90-3-09547	فىلولوگىيە	headword	945_1R.png	unverified
D90-3-09548	فىلىم	headword	945_1R.png	unverified
D90-3-09551	فىليۇگېر	headword	945_2L.png	verified
D90-3-09552	فىليۇئورىت	headword	945_2L.png	unverified
D90-3-09553	فىن	headword	945_2L.png	unverified
D90-3-09554	فىنچە	headword	945_2L.png	unverified
D90-3-09555	فىنلار	headword	945_2L.png	unverified
D90-3-09556	فىنىك	headword	945_2L.png	verified
D90-3-09557	فېنىك ئېلىپبەسى	headword	946_2L.png	verified
D90-3-09558	زەردىسى ئۆرلىمەك	headword	306_2L.png	verified
D90-3-09559	زەردىسى يامان	headword	306_2L.png	verified
D90-3-09560	زەردۇشت	headword	306_2L.png	verified
D90-3-09561	زەردۇشت دىنى	headword	306_2L.png	verified
D90-3-09562	سەپكە ئۆتمەك	headword	454_1R.png	verified
D90-3-09563	سەپنى يارماق	headword	454_1R.png	verified
D90-3-09564	شىرتىلداشماق	headword	842_2L.png	verified
