row_id	entry	type	source_page	status_v1
D90-6-00001	ۋ	headword	001_1R.png	unverified
D90-6-00002	ۋابا	headword	001_1R.png	unverified
D90-6-00005	ۋابال	headword	001_1R.png	unverified
D90-6-00006	ۋابال قىلماق	headword	001_2L.png	unverified
D90-6-00007	ۋاپا	headword	001_2L.png	unverified
D90-6-00009	ۋاپا قىلماق	headword	002_1R.png	unverified
D90-6-00010	ۋاپات	headword	002_1R.png	unverified
D90-6-00011	ۋاپات بولماق	headword	002_1R.png	unverified
D90-6-00012	ۋاپات قىلماق	headword	002_1R.png	unverified
D90-6-00013	ۋاپادار	headword	002_1R.png	unverified
D90-6-00014	ۋاپادارلىق	headword	002_1R.png	unverified
D90-6-00015	ۋاپاسىز	headword	002_1R.png	unverified
D90-6-00016	ۋاپاسىزلىق	headword	002_1R.png	unverified
D90-6-00017	ۋاپالىق	headword	002_2L.png	unverified
D90-6-00018	ۋاپانامە	headword	002_2L.png	unverified
D90-6-00019	ۋاپباغ	headword	002_2L.png	unverified
D90-6-00021	ۋاپۇرۇش	headword	002_2L.png	unverified
D90-6-00022	ۋاپۇرۇشلۇق	headword	002_2L.png	unverified
D90-6-00023	ۋات	headword	002_2L.png	verified
D90-6-00028	ۋات-ۋات	headword	003_1R.png	unverified
D90-6-00026	ۋاتلىق	headword	002_2L.png	unverified
D90-6-00027	ۋاتمېتىر	headword	003_1R.png	unverified
D90-6-00029	ۋاتېرپاس	headword	003_1R.png	verified
D90-6-00029-v1	شەيتان	variant	003_1R.png	verified
D90-6-00030	ۋاتىلداتماق	headword	003_1R.png	unverified
D90-6-00031	ۋاتىلداشماق	headword	003_1R.png	unverified
D90-6-00032	ۋاتىلداق	headword	003_1R.png	unverified
D90-6-00033	ۋاتىلدىماق	headword	003_1R.png	unverified
D90-6-00034	ۋاجىپ	headword	003_1R.png	unverified
D90-6-00035	ۋاجىپلىق	headword	003_1R.png	unverified
D90-6-00036	ۋاچ	headword	003_2L.png	unverified
D90-6-00037	ۋاچچىدە	headword	003_2L.png	unverified
D90-6-00038	ۋاچ-ۋۇچ	headword	003_2L.png	unverified
D90-6-00039	ۋاچىر	headword	003_2L.png	unverified
D90-6-00040	ۋاچىر-ۋاچىر	headword	003_2L.png	unverified
D90-6-00041	ۋاچىر-ۋۇچۇر	headword	003_2L.png	unverified
D90-6-00042	ۋاچىلداتماق	headword	003_2L.png	unverified
D90-6-00043	ۋاچىلداشماق	headword	003_2L.png	unverified
D90-6-00044	ۋاچىلدىماق	headword	003_2L.png	unverified
D90-6-00045	ۋاخ	headword	003_2L.png	unverified
D90-6-00046	ۋاخان	headword	003_2L.png	unverified
D90-6-00047	ۋاخلىق	headword	003_2L.png	unverified
D90-6-00048	ۋاخىنا	headword	004_1R.png	unverified
D90-6-00049	ۋاخىنا قىلماق	headword	004_1R.png	unverified
D90-6-00050	ۋادەرىخ	headword	004_1R.png	unverified
D90-6-00051	ۋادەرىخا	headword	004_1R.png	unverified
D90-6-00052	ۋادەك	headword	004_1R.png	unverified
D90-6-00054	ۋادەكلەتمەك	headword	004_2L.png	unverified
D90-6-00055	ۋادەكلىمەك	headword	004_2L.png	unverified
D90-6-00057	ۋادى	headword	004_2L.png	verified
D90-6-00058	ۋار	headword	004_2L.png	unverified
D90-6-00060	ۋاراتا	headword	004_2L.png	unverified
D90-6-00061	ۋاراتار	headword	005_1R.png	unverified
D90-6-00062	ۋاراتوك	headword	005_1R.png	unverified
D90-6-00063	ۋاراس	headword	005_1R.png	unverified
D90-6-00064	ۋاراس-ۋاراس	headword	005_1R.png	unverified
D90-6-00065	ۋاراس-ۋۇرۇس	headword	005_1R.png	unverified
D90-6-00066	ۋاراسلاتماق	headword	005_1R.png	verified
D90-6-00067	ۋاراسلىماق	headword	005_1R.png	unverified
D90-6-00068	ۋاراق	headword	005_1R.png	unverified
D90-6-00070	ۋاراقچە	headword	005_2L.png	unverified
D90-6-00071	ۋاراقچى	headword	005_2L.png	unverified
D90-6-00072	ۋاراقشىماق	headword	005_2L.png	unverified
D90-6-00073	ۋاراقلاتقۇزماق	headword	005_2L.png	unverified
D90-6-00075	ۋاراقلاتماق	headword	005_2L.png	unverified
D90-6-00077	ۋاراقلاشماق	headword	005_2L.png	unverified
D90-6-00078	ۋاراقلانماق	headword	006_1R.png	unverified
D90-6-00079	ۋاراقلىماق	headword	006_1R.png	unverified
D90-6-00081	ۋاراقلىق	headword	006_1R.png	unverified
D90-6-00082	ۋاراق-ۋاراق	headword	006_1R.png	unverified
D90-6-00083	ۋاراڭ	headword	006_1R.png	unverified
D90-6-00084	ۋاراڭ-چۇرۇڭ	headword	006_1R.png	unverified
D90-6-00087	ۋاراڭلاشماق	headword	006_1R.png	unverified
D90-6-00088	ۋاراڭ-ۋاراڭ	headword	006_2L.png	unverified
D90-6-00089	ۋاران	headword	006_2L.png	unverified
D90-6-00090	ۋاران كەسلەنچۈكى	headword	006_2L.png	unverified
D90-6-00091	ۋارت	headword	006_2L.png	unverified
D90-6-00092	ۋارتتىدە	headword	006_2L.png	unverified
D90-6-00093	ۋاررىدە	headword	006_2L.png	unverified
D90-6-00094	ۋارس	headword	006_2L.png	unverified
D90-6-00095	ۋارسىلداتماق	headword	006_2L.png	unverified
D90-6-00096	ۋارسىلدىماق	headword	006_2L.png	unverified
D90-6-00097	ۋارقىراپ-جارقىراپ	headword	006_2L.png	unverified
D90-6-00098	ۋارقىراتماق	headword	007_1R.png	unverified
D90-6-00099	ۋارقىراش-جارقىراش	headword	007_1R.png	unverified
D90-6-00100	ۋارقىراشماق	headword	007_1R.png	unverified
D90-6-00101	ۋارقىرىغاق	headword	007_1R.png	unverified
D90-6-00102	ۋارقىرىماق	headword	007_1R.png	unverified
D90-6-00103	ۋارونكا	headword	007_1R.png	unverified
D90-6-00104	ۋارۇنا	headword	007_1R.png	unverified
D90-6-00104-v1	كۆك تەڭرى	variant	007_1R.png	unverified
D90-6-00105	ۋار-ۋار	headword	007_1R.png	verified
D90-6-00106	ۋار-ۋۇر	headword	007_1R.png	verified
D90-6-00107	ۋارىئاتسىيە	headword	007_2L.png	unverified
D90-6-00108	ۋارىئاتسىيىلەشتۈرمەك	headword	007_2L.png	unverified
D90-6-00109	ۋارىئاتسىيىلەشتۈرۈلمەك	headword	007_2L.png	unverified
D90-6-00110	ۋارىئاتسىيىلەشمەك	headword	007_2L.png	unverified
D90-6-00111	ۋارىئاتسىيىلىك	headword	007_2L.png	unverified
D90-6-00113	ۋارىس	headword	007_2L.png	unverified
D90-6-00114	ۋارىس بولماق	headword	008_1R.png	unverified
D90-6-00115	ۋارىستىس	headword	008_1R.png	unverified
D90-6-00116	ۋارىستىس ھەرىكىتى	headword	008_1R.png	unverified
D90-6-00117	ۋارىسچانلىق	headword	008_1R.png	unverified
D90-6-00118	ۋارىسلىق	headword	008_1R.png	unverified
D90-6-00119	ۋارىسلىق تەرتىپى	headword	008_1R.png	unverified
D90-6-00120	ۋارىسلىق قىلماق	headword	008_1R.png	unverified
D90-6-00121	ۋارىسلىق ھوقۇقى	headword	008_2L.png	unverified
D90-6-00122	ۋارىنە	headword	008_2L.png	unverified
D90-6-00123	ۋارىئومېتىر	headword	008_2L.png	unverified
D90-6-00124	ۋارى-ۋارى	headword	008_2L.png	unverified
D90-6-00126	ۋارىيانت	headword	008_2L.png	unverified
D90-6-00127	ۋارىيانتلىق	headword	009_1R.png	unverified
D90-6-00128	ۋاز	headword	009_1R.png	unverified
D90-6-00129	ۋاز كەچمەك	headword	009_1R.png	unverified
D90-6-00130	ۋازا	headword	009_1R.png	unverified
D90-6-00131	ۋازارەت	headword	009_1R.png	unverified
D90-6-00132	ۋازۇ	headword	009_1R.png	verified
D90-6-00134	ۋازۇچە	headword	009_1R.png	unverified
D90-6-00135	ۋازۇلار	headword	009_2L.png	unverified
D90-6-00136	ۋازېلىن	headword	009_2L.png	unverified
D90-6-00137	ۋاژ	headword	009_2L.png	unverified
D90-6-00138	ۋاژژىدە	headword	009_2L.png	unverified
D90-6-00139	ۋاژ-ۋاژ	headword	009_2L.png	verified
D90-6-00140	ۋاژ-ۋۇژ	headword	009_2L.png	verified
D90-6-00141	ۋاژىلداتماق	headword	009_2L.png	unverified
D90-6-00142	ۋاژىلداشماق	headword	009_2L.png	unverified
D90-6-00143	ۋاژىلدىماق	headword	009_2L.png	unverified
D90-6-00144	ۋاس	headword	010_1R.png	unverified
D90-6-00145	ۋاسا	headword	010_1R.png	unverified
D90-6-00148	ۋاسالغۇ	headword	010_1R.png	unverified
D90-6-00149	ۋاسىسىدە	headword	010_1R.png	unverified
D90-6-00150	ۋاسكېتبول	headword	010_1R.png	unverified
D90-6-00151	ۋاس-ۋاس	headword	010_1R.png	unverified
D90-6-00152	ۋاس-ۋاسچىلىق	headword	010_1R.png	unverified
D90-6-00153	ۋاستە	headword	010_2L.png	unverified
D90-6-00154	ۋاسىتە كېلىش	headword	010_2L.png	verified
D90-6-00155	ۋاستىپەرەس	headword	010_2L.png	unverified
D90-6-00156	ۋاسىتىپەرەسلىك	headword	011_1R.png	verified
D90-6-00157	ۋاسىتىچى	headword	011_1R.png	unverified
D90-6-00158	ۋاسىتىچىلىك	headword	011_1R.png	unverified
D90-6-00159	ۋاسىتىچىلىك قىلماق	headword	011_1R.png	unverified
D90-6-00160	ۋاسىتىسىز	headword	011_1R.png	unverified
D90-6-00161	ۋاسىتىلىك	headword	011_1R.png	unverified
D90-6-00162	ۋاسىتىلىك ئەقلىي خۇلاسە	headword	011_2L.png	unverified
D90-6-00163	ۋاسىتىلىك باج	headword	011_2L.png	unverified
D90-6-00164	ۋاسىتىلىك پىلان	headword	011_2L.png	unverified
D90-6-00165	ۋاسىتىلىك تەجرىبە	headword	011_2L.png	unverified
D90-6-00166	ۋاسىتىلىك دەلىل-ئىسپات	headword	012_1R.png	unverified
D90-6-00167	ۋاسىتىلىك سايلام	headword	012_1R.png	unverified
D90-6-00168	ۋاسىتىلىك سودا	headword	012_1R.png	unverified
D90-6-00169	ۋاسىتىلىك ئوغۇت	headword	012_1R.png	unverified
D90-6-00170	ۋاسىدەميان	headword	012_1R.png	unverified
D90-6-00171	ۋاسىل	headword	012_2L.png	unverified
D90-6-00171-v1	ۋاسىل بولماق	variant	012_2L.png	unverified
D90-6-00172	ۋاسىلدىماق	headword	012_2L.png	unverified
D90-6-00173	ۋاش	headword	012_2L.png	unverified
D90-6-00174	ۋاشاق	headword	012_2L.png	unverified
D90-6-00175	ۋاشاڭ	headword	012_2L.png	unverified
D90-6-00178	ۋاشاڭداتماق	headword	012_2L.png	verified
D90-6-00179	ۋاشاڭداشماق	headword	012_2L.png	verified
D90-6-00180	ۋاشاڭدالماق	headword	012_2L.png	unverified
D90-6-00181	ۋاشاڭدىماق	headword	012_2L.png	unverified
D90-6-00182	ۋاشات	headword	013_1R.png	unverified
D90-6-00184	ۋاش-ۋاش	headword	013_1R.png	unverified
D90-6-00185	ۋاش-ۋۇش	headword	013_1R.png	unverified
D90-6-00186	ۋاشىلداتماق	headword	013_1R.png	unverified
D90-6-00187	ۋاشىلدىشماق	headword	013_1R.png	unverified
D90-6-00188	ۋاشىلدىماق	headword	013_1R.png	unverified
D90-6-00189	ۋاغجىر	headword	013_1R.png	unverified
D90-6-00190	ۋاق	headword	013_1R.png	unverified
D90-6-00193	ۋاقاقلاتماق	headword	013_2L.png	unverified
D90-6-00194	ۋاقاقلاشماق	headword	013_2L.png	unverified
D90-6-00195	ۋاقاقلىماق	headword	013_2L.png	unverified
D90-6-00196	ۋاقتانىۋاق	headword	013_2L.png	unverified
D90-6-00197	ۋاقتىدا	headword	013_2L.png	unverified
D90-6-00198	ۋاقتى-سائىتى	headword	013_2L.png	unverified
D90-6-00201	ۋاقتى-سائىتى يەتمەك	headword	014_1R.png	unverified
D90-6-00201-v1	ۋاقتى سائىتى توشماق	variant	014_1R.png	unverified
D90-6-00202	ۋاقتى-قەرەلى	headword	014_1R.png	unverified
D90-6-00203	ۋاقتى-قەرەلى كەلمەك	headword	014_1R.png	unverified
D90-6-00204	ۋاقتى-قەرەلى يەتمەك	headword	014_1R.png	unverified
D90-6-00205	ۋاقتىنچە	headword	014_1R.png	unverified
D90-6-00206	ۋاقتى-ۋاقتىدا	headword	014_1R.png	unverified
D90-6-00207	ۋاقچە	headword	014_1R.png	unverified
D90-6-00208	ۋاققىدە	headword	014_1R.png	unverified
D90-6-00209	ۋاقلىق	headword	014_1R.png	unverified
D90-6-00210	ۋاق-ۋاق	headword	014_2L.png	unverified
D90-6-00211	ۋاق-ۋۇق	headword	014_2L.png	unverified
D90-6-00212	ۋاقىپ	headword	014_2L.png	unverified
D90-6-00213	ۋاقىپ بولماق	headword	014_2L.png	unverified
D90-6-00214	ۋاقىپلاندۇرماق	headword	014_2L.png	unverified
D90-6-00215	ۋاقىپلاندۇرۇشماق	headword	014_2L.png	unverified
D90-6-00216	ۋاقىپلاندۇرۇلماق	headword	014_2L.png	unverified
D90-6-00217	ۋاقىپلانماق	headword	014_2L.png	unverified
D90-6-00218	ۋاقىت	headword	014_2L.png	unverified
D90-6-00219	ۋاقتى ئەمەس	headword	015_1R.png	unverified
D90-6-00220	ۋاقتى بار	headword	015_1R.png	unverified
D90-6-00221	ۋاقتى تەگمەك	headword	015_1R.png	unverified
D90-6-00222	ۋاقتى چاغ	headword	015_1R.png	unverified
D90-6-00223	ۋاقتى خۇش	headword	015_1R.png	unverified
D90-6-00224	ۋاقتى قىس	headword	015_1R.png	unverified
D90-6-00225	ۋاقتى كەلسە	headword	015_1R.png	unverified
D90-6-00226	ۋاقتى كەلگەندە	headword	015_2L.png	unverified
D90-6-00227	ۋاقتى كەلمەك	headword	015_2L.png	unverified
D90-6-00228	ۋاقتى كېلىپ	headword	015_2L.png	unverified
D90-6-00229	ۋاقتى ئۆتمەك	headword	015_2L.png	unverified
D90-6-00230	ۋاقتى يەتمەك	headword	015_2L.png	unverified
D90-6-00231	ۋاقىت بەلبېغى	headword	015_2L.png	unverified
D90-6-00234	ۋاقىت رايونى	headword	016_1R.png	unverified
D90-6-00232	ۋاقىت پەرقى	headword	015_2L.png	unverified
D90-6-00233	ۋاقىت چىقارماق	headword	015_2L.png	unverified
D90-6-00234-v1	ئۆلچەملىك ۋاقىت رايونى	variant	016_1R.png	unverified
D90-6-00235	ۋاقىت سەرىپى	headword	016_1R.png	unverified
D90-6-00236	ۋاقىتلىق ئىش ھەققى	headword	016_1R.png	unverified
D90-6-00237	ۋاقىت ناملىرى	headword	016_1R.png	unverified
D90-6-00238	ۋاقىتنى ئالماق	headword	016_1R.png	unverified
D90-6-00239	ۋاقىتنى قولدىن بەرمەسلىك	headword	016_1R.png	unverified
D90-6-00240	ۋاقىتسىز	headword	016_1R.png	unverified
D90-6-00241	ۋاقىتلىق	headword	016_2L.png	unverified
D90-6-00243	ۋاقىلداتماق	headword	016_2L.png	unverified
D90-6-00244	ۋاقىلداشماق	headword	016_2L.png	unverified
D90-6-00245	ۋاقىلدىماق	headword	016_2L.png	unverified
D90-6-00246	ۋاقىئىي	headword	016_2L.png	unverified
D90-6-00247	ۋاك	headword	016_2L.png	unverified
D90-6-00248	ۋاك دېمەك	headword	017_1R.png	unverified
D90-6-00249	ۋاكالەت	headword	017_1R.png	unverified
D90-6-00250	ۋاكالەتچى	headword	017_1R.png	unverified
D90-6-00251	ۋاكالەتچىلىك	headword	017_1R.png	unverified
D90-6-00253	ۋاكالەتچىلىك ھوقۇقى	headword	017_2L.png	unverified
D90-6-00254	ۋاكالەتخانا	headword	017_2L.png	unverified
D90-6-00255	ۋاكالەتلىك	headword	017_2L.png	unverified
D90-6-00256	ۋاكالەتلىك قىلماق	headword	017_2L.png	unverified
D90-6-00257	ۋاكالەتنامە	headword	017_2L.png	unverified
D90-6-00258	ۋاكالىتەن	headword	017_2L.png	unverified
D90-6-00259	ۋاكالىتەن سېتىش	headword	017_2L.png	unverified
D90-6-00261	ۋاكالىتەن ۋارىسلىق قىلىش	headword	018_1R.png	unverified
D90-6-00262	ۋاكسىنا	headword	018_1R.png	unverified
D90-6-00263	ۋاككىدە	headword	018_1R.png	unverified
D90-6-00264	ۋاكۈئۇل	headword	018_1R.png	unverified
D90-6-00265	ۋاكۇئۇم	headword	018_1R.png	unverified
D90-6-00268	ۋاكۇئۇم قۇدۇق	headword	018_2L.png	unverified
D90-6-00269	ۋاكۇئۇم كوندېنساتور	headword	018_2L.png	unverified
D90-6-00270	ۋاكۇئۇم لامپا	headword	018_2L.png	unverified
D90-6-01546	ئېلېكترون لامپا	headword	120_1R.png	unverified
D90-6-00271	ۋاكۇئۇممېتىر	headword	018_2L.png	unverified
D90-6-00272	ۋاك-ۋاك	headword	018_2L.png	unverified
D90-6-00273	ۋاگون	headword	018_2L.png	verified
D90-6-00275	ۋاگونچاق	headword	019_1R.png	unverified
D90-6-00276	ۋاگونچى	headword	019_1R.png	unverified
D90-6-00277	ۋاگونلۇق	headword	019_1R.png	unverified
D90-6-00280	ۋاڭئەنشى	headword	019_1R.png	unverified
D90-6-00282	ۋاڭ-چۈڭ	headword	019_2L.png	unverified
D90-6-00283	ۋاڭشىتماق	headword	019_2L.png	unverified
D90-6-00284	ۋاڭشىغاق	headword	019_2L.png	unverified
D90-6-00285	ۋاڭشىماق	headword	019_2L.png	unverified
D90-6-00286	ۋاڭشيا	headword	019_2L.png	unverified
D90-6-00287	ۋاڭشيا شەرتنامىسى	headword	019_2L.png	unverified
D90-6-00288	ۋاڭ-گۇڭ	headword	020_1R.png	unverified
D90-6-00289	ۋاڭىدە	headword	020_1R.png	unverified
D90-6-00290	ۋاڭلىق	headword	020_1R.png	unverified
D90-6-00291	ۋاڭ-ۋاڭ	headword	020_1R.png	unverified
D90-6-00292	ۋاڭىلداتماق	headword	020_1R.png	verified
D90-6-00293	ۋاڭىلدىشماق	headword	020_1R.png	verified
D90-6-00294	ۋاڭىلدىماق	headword	020_1R.png	unverified
D90-6-00295	ۋال	headword	020_1R.png	unverified
D90-6-00296	ۋالاق	headword	020_2L.png	unverified
D90-6-00297	ۋالاقتەگكۈر	headword	020_2L.png	unverified
D90-6-00298	ۋالاقتەگكۈرلۈك	headword	020_2L.png	unverified
D90-6-00299	ۋالاقشىتماق	headword	020_2L.png	unverified
D90-6-00300	ۋالاقشىماق	headword	020_2L.png	unverified
D90-6-00301	ۋالاقلاتقۇزماق	headword	020_2L.png	unverified
D90-6-00302	ۋالاقلاتماق	headword	020_2L.png	unverified
D90-6-00303	ۋالاقلاشماق	headword	020_2L.png	unverified
D90-6-00304	ۋالاقلىماق	headword	021_1R.png	unverified
D90-6-00305	ۋالاق-ۋالاق	headword	021_1R.png	verified
D90-6-00306	ۋالاق-ۋۇلۇق	headword	021_1R.png	unverified
D90-6-00307	ۋالەلك	headword	021_1R.png	unverified
D90-6-00308	ۋالتورنا	headword	021_1R.png	unverified
D90-6-00309	ۋاللاھۇئەلەم	headword	021_1R.png	unverified
D90-6-00310	ۋاللەي	headword	021_1R.png	unverified
D90-6-00311	ۋاللىدە	headword	021_1R.png	unverified
D90-6-00312	ۋالۇن	headword	021_2L.png	unverified
D90-6-00313	ۋال-ۋال	headword	021_2L.png	unverified
D90-6-00314	ۋال-ۋۇل	headword	021_2L.png	unverified
D90-6-00315	ۋالېنت	headword	021_2L.png	unverified
D90-6-00316	ۋالېنتلىق	headword	021_2L.png	unverified
D90-6-00318	ۋالىبول	headword	022_1R.png	unverified
D90-6-00319	ۋالىبولچى	headword	022_1R.png	unverified
D90-6-00320	ۋالىس	headword	022_1R.png	unverified
D90-6-00321	ۋالىلداتباق	headword	022_1R.png	unverified
D90-6-00321-v1	ۋالىلدىماق » پېئىللىنىك مەجبۇرىي دەرىجىسى	variant	022_1R.png	unverified
D90-6-00322	ۋالىلدىماق	headword	022_2L.png	unverified
D90-6-00323	ۋالىۋاش	headword	022_2L.png	unverified
D90-6-00324	ۋالىۋاشچىلىق	headword	022_2L.png	unverified
D90-6-00325	ۋالىي	headword	022_2L.png	unverified
D90-6-00326	ۋالىيلىق	headword	022_2L.png	unverified
D90-6-00327	ۋانادىي	headword	022_2L.png	unverified
D90-6-00328	ۋانكومىتسىن	headword	022_2L.png	unverified
D90-6-00329	ۋاننا	headword	023_1R.png	unverified
D90-6-00330	ۋاننىلىق	headword	023_1R.png	unverified
D90-6-00331	ۋانىل	headword	023_1R.png	unverified
D90-6-00332	ۋانىلىن	headword	023_1R.png	unverified
D90-6-00333	ۋاھ	headword	023_1R.png	verified
D90-6-00334	ۋاھابى	headword	023_1R.png	unverified
D90-6-00335	ۋاھابىلار	headword	023_1R.png	unverified
D90-6-00336	ۋاھە	headword	023_2L.png	unverified
D90-6-00337	ۋاھ-ۋاھ	headword	023_2L.png	unverified
D90-6-00338	ۋائىز	headword	023_2L.png	unverified
D90-6-00339	ۋائىزلىق	headword	023_2L.png	unverified
D90-6-00340	ۋاي	headword	023_2L.png	unverified
D90-6-00341	ۋاي ئاتام	headword	024_1R.png	unverified
D90-6-00342	ۋاي ئاللا	headword	024_1R.png	unverified
D90-6-00343	ۋاي ئاللىيەي	headword	024_1R.png	unverified
D90-6-00344	ۋاي ئانام	headword	024_1R.png	unverified
D90-6-00345	ۋاي تېخى	headword	024_1R.png	unverified
D90-6-00346	ۋاي خۇدايىمەي	headword	024_1R.png	unverified
D90-6-00347	ۋاي دېمەك	headword	024_1R.png	unverified
D90-6-00348	ۋاي سالماق	headword	024_2L.png	unverified
D90-6-00349	ۋاي قوۋۇرغام	headword	024_2L.png	unverified
D90-6-00350	ۋاي ئىسىت	headword	024_2L.png	unverified
D90-6-00351	ۋاي ئىسىتەي	headword	024_2L.png	unverified
D90-6-00352	ۋايە	headword	024_2L.png	unverified
D90-6-00353	ۋايىغا يەتمەك	headword	024_2L.png	unverified
D90-6-00354	ۋايتاڭ	headword	024_2L.png	unverified
D90-6-00355	ۋايتاڭەي	headword	025_1R.png	unverified
D90-6-00356	ۋايتوۋا	headword	025_1R.png	unverified
D90-6-00357	ۋايجان	headword	025_1R.png	unverified
D90-6-00358	ۋايجېنى چىقماق	headword	025_1R.png	unverified
D90-6-00359	ۋايجانەي	headword	025_1R.png	unverified
D90-6-00360	ۋايجانلاتماق	headword	025_1R.png	unverified
D90-6-00361	ۋايجانلىماق	headword	025_2L.png	unverified
D90-6-00362	ۋايداد	headword	025_2L.png	unverified
D90-6-00363	ۋايدادلىماق	headword	025_2L.png	unverified
D90-6-00364	ۋايساتماق	headword	025_2L.png	unverified
D90-6-00365	ۋايساشماق	headword	025_2L.png	unverified
D90-6-00366	ۋايسىماق	headword	025_2L.png	unverified
D90-6-00367	ۋاي-ۋاي	headword	025_2L.png	unverified
D90-6-00368	ۋايۋايلاتماق	headword	025_2L.png	unverified
D90-6-00369	ۋايۋايلاشماق	headword	025_2L.png	unverified
D90-6-00370	ۋايۋايلىماق	headword	025_2L.png	unverified
D90-6-00371	ۋاي-ۋۇي	headword	026_1R.png	verified
D90-6-00372	ۋاييەي	headword	026_1R.png	verified
D90-6-00373	ۋايىز	nonstandard	026_1R.png	verified
D90-6-00374	ۋە	headword	026_1R.png	verified
D90-6-00375	ۋەئەلەيكۇم	headword	026_1R.png	verified
D90-6-00376	ۋە ئەلەيكۇم ئەسسالام	headword	026_1R.png	verified
D90-6-00377	ۋەتەن	headword	026_2L.png	unverified
D90-6-00378	ۋەتەن ساتقۇچ	headword	026_2L.png	unverified
D90-6-00379	ۋەتەنپەرۋەر	headword	026_2L.png	unverified
D90-6-00380	ۋەتەنپەرۋەرلىك	headword	026_2L.png	unverified
D90-6-00381	ۋەتەنداش	headword	026_2L.png	unverified
D90-6-00382	ۋەتەنداشلىق	headword	027_1R.png	unverified
D90-6-00383	ۋەتەنسىز	headword	027_1R.png	unverified
D90-6-00384	ۋەتەنسىزلىك	headword	027_1R.png	unverified
D90-6-00385	ۋەتەنلىك	headword	027_1R.png	unverified
D90-6-00386	ۋەتۋەرەك	headword	027_1R.png	unverified
D90-6-00386-v1	ۋەتۋەرىكى چىقماق	variant	027_1R.png	unverified
D90-6-00388	ۋەج	headword	027_1R.png	unverified
D90-6-00390	ۋەج كۆرسەتمەك	headword	027_2L.png	unverified
D90-6-00391	ۋەجلىك	headword	027_2L.png	unverified
D90-6-00392	ۋەخپە	headword	027_2L.png	unverified
D90-6-00397	ۋەدا	headword	028_1R.png	verified
D90-6-00398	ۋەدە	headword	028_1R.png	verified
D90-6-08771	ۋەدىگە ۋاپا قىلماق	headword	028_1R.png	verified
D90-6-08772	ۋەدىمىز ۋەدە	headword	028_1R.png	verified
D90-6-08773	ۋەدىنى بۇزماق	headword	028_1R.png	verified
D90-6-00403	ۋەدىش	headword	028_2L.png	verified
D90-6-00404	ۋەدىلەشمەك	headword	028_2L.png	verified
D90-6-00405	ۋەدىلىك	headword	028_2L.png	verified
D90-6-00406	ۋەدىنامە	headword	028_2L.png	verified
D90-6-00407	ۋەدىئىزم	headword	028_2L.png	verified
D90-6-00408	ۋەرەقە	headword	029_1R.png	unverified
D90-6-00409	ۋەز	headword	029_1R.png	unverified
D90-6-00412	ۋەزچى	headword	029_1R.png	unverified
D90-6-00413	ۋەزخان	headword	029_1R.png	unverified
D90-6-00414	ۋەزخانا	headword	029_1R.png	unverified
D90-6-00415	ۋەزخانلىق	headword	029_2L.png	unverified
D90-6-00416	ۋەزمىن	headword	029_2L.png	unverified
D90-6-00417	ۋەزمىنلەشمەك	headword	029_2L.png	unverified
D90-6-00418	ۋەزمىنلىك	headword	029_2L.png	unverified
D90-6-00419	ۋەز-نەسىھەت	headword	029_2L.png	unverified
D90-6-00420	ۋەزىپە	headword	029_2L.png	unverified
D90-6-00422	ۋەزىپىسىز	headword	030_1R.png	unverified
D90-6-00423	ۋەزىپىلىك	headword	030_1R.png	unverified
D90-6-00424	ۋەزىر	headword	030_1R.png	unverified
D90-6-00425	ۋەزىرئەزەم	headword	030_1R.png	verified
D90-6-00426	ۋەزىرلىك	headword	030_1R.png	unverified
D90-6-00427	ۋەزىر-ۋۇزرا	headword	030_1R.png	unverified
D90-6-00428	ۋەزىن	headword	030_1R.png	unverified
D90-6-00428-i1	ۋەزنى	inflected	030_1R.png	unverified
D90-6-00429	ۋەزىنسىز	headword	030_2L.png	unverified
D90-6-00430	ۋەزىنلىك	headword	030_2L.png	unverified
D90-6-00433	ۋەزىيەت	headword	030_2L.png	unverified
D90-6-00434	ۋەسسالام	headword	031_1R.png	unverified
D90-6-00435	ۋەسۋەسە	headword	031_1R.png	unverified
D90-6-00438	ۋەسۋەسىچىلىك	headword	031_2L.png	unverified
D90-6-00439	ۋەسۋەسىلىك	headword	031_2L.png	unverified
D90-6-00440	ۋەسىقە	headword	031_2L.png	unverified
D90-6-00442	ۋەسىقىسىز	headword	031_2L.png	unverified
D90-6-00442-v1	ۋەسىقىسى يوق	variant	031_2L.png	unverified
D90-6-00443	ۋەسىل	headword	031_2L.png	unverified
D90-6-00443-i1	ۋەسلى	inflected	031_2L.png	unverified
D90-6-00444	ۋەسلىگە يەتمەك	headword	032_1R.png	unverified
D90-6-00445	ۋەسىلە	headword	032_1R.png	unverified
D90-6-00446	ۋەسىي	headword	032_1R.png	unverified
D90-6-00447	ۋەسىيەت	headword	032_1R.png	unverified
D90-6-00449	ۋەسىيەتلىك	headword	032_2L.png	unverified
D90-6-00451	ۋەسىيەتنامە	headword	032_2L.png	unverified
D90-6-00452	ۋەسىيلىك	headword	033_1R.png	unverified
D90-6-00453	ۋەسىيلىك قىلىش	headword	033_1R.png	unverified
D90-6-00454	ۋەششەمسى	headword	033_1R.png	unverified
D90-6-00455	ۋەقە	headword	033_1R.png	unverified
D90-6-00456	ۋەقەسىز	headword	033_1R.png	unverified
D90-6-00457	ۋەقەلىك	headword	033_1R.png	unverified
D90-6-00459	ۋەقەلىك رەسىم	headword	033_2L.png	unverified
D90-6-00460	ۋەقەلىك شېئىر	headword	033_2L.png	unverified
D90-6-00460-v1	سۇژېتلىق شېئىر	variant	033_2L.png	unverified
D90-6-00461	ۋەقەلىك ئۇسسۇل	headword	033_2L.png	unverified
D90-6-00462	ۋەقەلىك يىپ ئۇچى	headword	033_2L.png	unverified
D90-6-00463	ۋەكىل	headword	033_2L.png	unverified
D90-6-00464	ۋەكىل بولماق	headword	034_1R.png	unverified
D90-6-00465	ۋەكىللىك	headword	034_1R.png	unverified
D90-6-00469	ۋەلەك	headword	034_1R.png	unverified
D90-6-00471	ۋەلىئەھد	headword	034_2L.png	unverified
D90-6-00472	ۋەلىئەھدىلىك	headword	034_2L.png	unverified
D90-6-00473	ۋەلىدزەنا	headword	034_2L.png	unverified
D90-6-00474	ۋەلىي	headword	034_2L.png	verified
D90-6-00475	ۋەلىي نېمەت	headword	034_2L.png	unverified
D90-6-00476	ۋەلىيلىك	headword	034_2L.png	unverified
D90-6-00477	ۋەلىيۇللا	headword	034_2L.png	unverified
D90-6-00479	ۋەھاكازا	headword	035_1R.png	unverified
D90-6-00480	ۋەھالەنكى	headword	035_1R.png	verified
D90-6-00481	ۋەھشەت	headword	035_1R.png	unverified
D90-6-00483	ۋەھشىي	headword	035_1R.png	unverified
D90-6-00484	ۋەھشىيانە	headword	035_2L.png	unverified
D90-6-00485	ۋەھشىيلەرچە	headword	035_2L.png	unverified
D90-6-00486	ۋەھشىيلەشمەك	headword	035_2L.png	unverified
D90-6-00487	ۋەھشىيلىك	headword	035_2L.png	unverified
D90-6-00488	ۋەھىي	headword	035_2L.png	unverified
D90-6-00489	ۋەھىم	headword	036_1R.png	unverified
D90-6-00491	ۋەھىمە	headword	036_1R.png	unverified
D90-6-00495	ۋەھىمىسىز	headword	036_1R.png	unverified
D90-6-00496	ۋەھىمىلىك	headword	036_1R.png	unverified
D90-6-00497	ۋەي	headword	036_2L.png	verified
D90-6-00498	ۋەيت	headword	036_2L.png	verified
D90-6-00499	ۋەيت-ۋەيت	headword	036_2L.png	unverified
D90-6-00500	ۋەيران	headword	036_2L.png	unverified
D90-6-00501	ۋەيران بولماق	headword	036_2L.png	unverified
D90-6-00502	ۋەيران بولۇش	headword	036_2L.png	unverified
D90-6-00503	ۋەيران قىلماق	headword	037_1R.png	unverified
D90-6-00505	ۋەيرانە	headword	037_1R.png	unverified
D90-6-00506	ۋەيرانچىلىق	headword	037_2L.png	unverified
D90-6-00507	ۋەيرانلاشماق	headword	037_2L.png	unverified
D90-6-00508	ۋەيرانلىق	headword	037_2L.png	unverified
D90-6-00509	ۋەيلۇن	headword	037_2L.png	unverified
D90-6-00510	ۋراچ	headword	037_2L.png	unverified
D90-6-00511	ۋراچلىق	headword	037_2L.png	unverified
D90-6-00512	ۋوتكا	headword	037_2L.png	unverified
D90-6-00513	ۋودوپروۋود	headword	037_2L.png	unverified
D90-6-00514	ۋودورود	headword	038_1R.png	unverified
D90-6-00516	ۋوسپالېنىيە	headword	038_1R.png	unverified
D90-6-05528	ياللۇغ	headword	489_1R.png	unverified
D90-6-00517	ۋوگزال	headword	038_1R.png	unverified
D90-6-00518	ۋولت	headword	038_1R.png	unverified
D90-6-00519	ۋولتا	headword	038_1R.png	unverified
D90-6-00520	ۋولتا باتارىيىسى	headword	038_2L.png	unverified
D90-6-01855	ئىپتىدائىي باتارىيە	headword	150_1R.png	unverified
D90-6-00521	ۋولتا ئېلېمېنتى	headword	038_2L.png	unverified
D90-6-00522	ۋولتاز	headword	038_2L.png	unverified
D90-6-00522-v1	ئېلېكتر بېسمى	variant	038_2L.png	unverified
D90-6-00523	ۋولت-ئامپېر	headword	038_2L.png	unverified
D90-6-00524	ۋولتمېتىر	headword	038_2L.png	unverified
D90-6-00525	ۋولف	headword	038_2L.png	unverified
D90-6-00526	ۋولف تورى	headword	038_2L.png	unverified
D90-6-00527	ۋولفرام	headword	039_1R.png	unverified
D90-6-00528	ۋولفرام چېچىكى	headword	039_1R.png	unverified
D90-6-00529	ۋولفرام چىراغ	headword	039_1R.png	unverified
D90-6-00530	ۋولفراملىق	headword	039_1R.png	unverified
D90-6-00532	ۋولفرامىت	headword	039_1R.png	unverified
D90-6-00533	ۋولقان	headword	039_2L.png	unverified
D90-6-00533-v1	يانار تاغ	variant	039_2L.png	unverified
D90-6-00534	ۋولگار	headword	039_2L.png	unverified
D90-6-00536	ۋولگار ماتېرىيالىزم	headword	039_2L.png	unverified
D90-6-00537	ۋولگارىزم	headword	039_2L.png	unverified
D90-6-00538	ۋوللاستون	headword	040_1R.png	unverified
D90-6-00540	ۋوللاستونىت	headword	040_1R.png	unverified
D90-6-00541	ۋولۋوكس	headword	040_1R.png	unverified
D90-6-00542	ۋولېنكا	headword	040_1R.png	unverified
D90-6-00543	ۋون	headword	040_1R.png	unverified
D90-6-00544	ۋوھ	headword	040_1R.png	unverified
D90-6-00545	ۋوھ-ۋوھ	headword	040_2L.png	unverified
D90-6-00546	ۋوي	headword	040_2L.png	verified
D90-6-00547	ۋوي-ۋوي	headword	040_2L.png	unverified
D90-6-00548	ۋۇ	headword	040_2L.png	verified
D90-6-00550	ۋۇ پادىشاھلىقى	headword	040_2L.png	unverified
D90-6-00551	ۋۇ خانلىقى	headword	040_2L.png	unverified
D90-6-00552	ۋۇجۇ	headword	040_2L.png	unverified
D90-6-00553	ۋۇجۇ خانلىقى	headword	040_2L.png	unverified
D90-6-00554	ۋۇجۇد	headword	040_2L.png	unverified
D90-6-00555	ۋۇجۇدقا چىقماق	headword	041_1R.png	unverified
D90-6-00556	ۋۇجۇدقا كەلمەك	headword	041_1R.png	unverified
D90-6-00557	ۋۇجۇدىيەت	headword	041_1R.png	unverified
D90-6-00558	ۋۇچاڭ	headword	041_1R.png	unverified
D90-6-00560	ۋۇزرا	headword	041_1R.png	unverified
D90-6-00561	ۋۇشۈي	headword	041_1R.png	unverified
D90-6-00564	ۋۇشۈي يىلى	headword	042_1R.png	unverified
D90-6-00562	ۋۇشۈي سىياسىي ئۆزگىرىش	headword	041_2L.png	unverified
D90-6-00563	ۋۇشۈي قانۇن ئىسلاھاتى	headword	041_2L.png	unverified
D90-6-00565	ۋۇڭ	headword	042_1R.png	unverified
D90-6-00566	ۋۇڭىلدىماق	headword	042_1R.png	unverified
D90-6-00567	ۋۇلا	headword	042_1R.png	verified
D90-6-00569	ۋۇلا ئوتى	headword	042_2L.png	unverified
D90-6-00570	ۋۇمەن	headword	042_2L.png	unverified
D90-6-00571	ۋۇي	headword	042_2L.png	unverified
D90-6-00572	ۋۇيىن	headword	043_1R.png	unverified
D90-6-00573	ۋۇيىن يىلى	headword	043_1R.png	unverified
D90-6-00574	ۋې	headword	043_1R.png	unverified
D90-6-00575	ۋېبېر	headword	043_1R.png	unverified
D90-6-00576	ۋېتا	headword	043_1R.png	unverified
D90-6-00578	ۋېچىركا	headword	043_2L.png	unverified
D90-6-00579	ۋېدا	headword	043_2L.png	unverified
D90-6-00580	ۋېدائىزم	headword	044_1R.png	verified
D90-6-00581	ۋېرتۇشكا	headword	044_1R.png	unverified
D90-6-00582	ۋېرتىكال	headword	044_1R.png	unverified
D90-6-00587	ۋېرتىكال سىزىق	headword	044_2L.png	unverified
D90-6-00588	ۋېرتىكال ھاۋا بېسىم گرادېنت كۈچى	headword	044_2L.png	unverified
D90-6-00589	ۋېرتىكال ئىقلىم بەلبېغى	headword	044_2L.png	unverified
D90-6-00590	ۋېرسېتكا	headword	044_2L.png	verified
D90-6-00591	ۋېرسېرا	headword	044_2L.png	unverified
D90-6-00591-v1	ۋېرسېرا سىزىقى	variant	044_2L.png	unverified
D90-6-00593	ۋېرمىكۇلىت	headword	044_2L.png	unverified
D90-6-00594	ۋېزوۋېئان	headword	045_1R.png	unverified
D90-6-00595	ۋېكتور	headword	045_1R.png	unverified
D90-6-00596	ۋېكتورلۇق	headword	045_1R.png	unverified
D90-6-00600	ۋېكتورلۇق تەڭلىك	headword	045_2L.png	unverified
D90-6-00601	ۋېكتورلۇق تەڭلىمە	headword	045_2L.png	unverified
D90-6-00602	ۋېكتورلۇق مەيدان	headword	045_2L.png	unverified
D90-6-00603	ۋېكتورلۇق ئىپادە	headword	045_2L.png	unverified
D90-6-00604	ۋېكتورمېتىر	headword	045_2L.png	unverified
D90-6-00605	ۋېكسېل	headword	045_2L.png	unverified
D90-6-00606	ۋېگېتاتىۋ	headword	045_2L.png	unverified
D90-6-00607	ۋېگېتاتىۋ ئەزالار	headword	046_1R.png	unverified
D90-6-00608	ۋېگېتاتىۋ شېخى	headword	046_1R.png	unverified
D90-6-00609	ۋېگېتاتىۋ كۆپىيىش	headword	046_1R.png	unverified
D90-6-00610	ۋېگېتاتىۋ نېرۋا	headword	046_1R.png	unverified
D90-6-00611	ۋېگېتاتىۋ نېرۋا سىستېمىسى	headword	046_2L.png	unverified
D90-6-00612	ۋېگېتاتىۋ ئورمانلار	headword	046_2L.png	unverified
D90-6-00612-v1	ئىككىلەمچى ئورمانلار	variant	046_2L.png	unverified
D90-6-00613	ۋېگېتاتىۋ ئۆسۈش	headword	046_2L.png	unverified
D90-6-00614	ۋېلىسىپىت	headword	046_2L.png	unverified
D90-6-00615	ۋېلىسىپىت تەنھەرىكىتى	headword	046_2L.png	unverified
D90-6-00616	ۋېلىسىپىت مۇسابىقىسى	headword	047_1R.png	unverified
D90-6-00617	ۋېلىسىپىتچى	headword	047_1R.png	unverified
D90-6-00618	ۋېلىسىپىتلىك	headword	047_1R.png	unverified
D90-6-00619	ۋېن	headword	047_1R.png	unverified
D90-6-00621	ۋېنا	headword	047_1R.png	unverified
D90-6-00622	ۋېناپورتا	headword	047_1R.png	unverified
D90-6-00623	ۋېنتۇرىمېتىر	headword	047_2L.png	unverified
D90-6-00624	ۋېنتىل	headword	047_2L.png	verified
D90-6-00626	ۋېنگر	headword	047_2L.png	unverified
D90-6-00628	ۋېنگرچە	headword	047_2L.png	unverified
D90-6-00629	ۋېنگرلار	headword	047_2L.png	unverified
D90-6-00630	ۋېنېرا	headword	048_1R.png	unverified
D90-6-00632	ۋېي	headword	048_1R.png	unverified
D90-6-00633	ۋېي خانلىقى	headword	048_1R.png	unverified
D90-6-00634	ۋېيمانىزم-مورگانىزم	headword	048_1R.png	verified
D90-6-00635	ۋىبراتور	headword	048_2L.png	unverified
D90-6-00636	ۋىبروگراف	headword	048_2L.png	unverified
D90-6-00637	ۋىبرومېتىر	headword	048_2L.png	unverified
D90-6-00638	ۋىت	headword	048_2L.png	unverified
D90-6-00639	ۋىتافۇن	headword	048_2L.png	unverified
D90-6-00640	ۋىتامىن	headword	048_2L.png	unverified
D90-6-00641	ۋىتامىن B2	headword	049_1R.png	unverified
D90-6-00642	ۋىتامىن ئازلىق كېسىلى	headword	049_1R.png	unverified
D90-6-00643	ۋىتامىن يېتىشمەسلىك كېسىلى	headword	049_1R.png	unverified
D90-6-00644	ۋىتامىنسىز	headword	049_1R.png	unverified
D90-6-00645	ۋىتامىنسىزلىق	headword	049_2L.png	unverified
D90-6-00646	ۋىتامىنلىق	headword	049_2L.png	unverified
D90-6-00647	ۋىتۋالاق	headword	049_2L.png	unverified
D90-6-00648	ۋىتۋالداق	nonstandard	049_2L.png	unverified
D90-6-00649	ۋىت-ۋىت	headword	049_2L.png	unverified
D90-6-00650	ۋىتېرىت	headword	049_2L.png	verified
D90-6-00651	ۋىتىر	headword	049_2L.png	unverified
D90-6-00653	ۋىتىلداتماق	headword	049_2L.png	unverified
D90-6-00654	ۋىتىلداشماق	headword	049_2L.png	unverified
D90-6-00655	ۋىتىلداق	headword	049_2L.png	unverified
D90-6-00656	ۋىتىلداقلىق	headword	050_1R.png	unverified
D90-6-00657	ۋىتىلدىماق	headword	050_1R.png	unverified
D90-6-00658	ۋىجدان	headword	050_1R.png	unverified
D90-6-00659	ۋىجدان ئازابى	headword	050_1R.png	unverified
D90-6-00660	ۋىجدانى بار	headword	050_1R.png	unverified
D90-6-00661	ۋىجدانى كۆتۈرمەسلىك	headword	050_1R.png	unverified
D90-6-00662	ۋىجدانى قاينىماق	headword	050_1R.png	unverified
D90-6-00663	ۋىجدانىنى ساتماق	headword	050_1R.png	unverified
D90-6-00664	ۋىجدانى يوق	headword	050_1R.png	unverified
D90-6-00665	ۋىجدانەن	headword	050_2L.png	unverified
D90-6-00666	ۋىجدانسىز	headword	050_2L.png	unverified
D90-6-00667	ۋىجدانسىزلىق	headword	050_2L.png	unverified
D90-6-00668	ۋىجدانلىق	headword	050_2L.png	unverified
D90-6-00669	ۋىجدانىي	headword	050_2L.png	unverified
D90-6-00670	ۋىجىك	headword	050_2L.png	unverified
D90-6-00671	ۋىجىكلەشتۈرمەك	headword	050_2L.png	unverified
D90-6-00672	ۋىجىكلەشمەك	headword	051_1R.png	unverified
D90-6-00673	ۋىجىكلىمەك	headword	051_1R.png	unverified
D90-6-00674	ۋىچ	headword	051_1R.png	unverified
D90-6-00675	ۋىچ-ۋىچ	headword	051_1R.png	unverified
D90-6-00676	ۋىچىر	headword	051_1R.png	unverified
D90-6-00677	ۋىچىرلاتماق	headword	051_1R.png	unverified
D90-6-00678	ۋىچىرلاشماق	headword	051_1R.png	unverified
D90-6-00679	ۋىچىرلىماق	headword	051_1R.png	unverified
D90-6-00680	ۋىچىر-ۋىچىر	headword	051_1R.png	unverified
D90-6-00681	ۋىدا	headword	051_2L.png	unverified
D90-6-00682	ۋىدالاشماق	headword	051_2L.png	unverified
D90-6-00683	ۋىدالىشىشماق	headword	051_2L.png	unverified
D90-6-00684	ۋىدالىق	headword	051_2L.png	unverified
D90-6-00685	ۋىدېمان	headword	051_2L.png	unverified
D90-6-00687	ۋىدىس	headword	051_2L.png	unverified
D90-6-00688	ۋىدىموس	headword	052_1R.png	unverified
D90-6-00689	ۋىدىئو	headword	052_1R.png	unverified
D90-6-00690	ۋىدىئولۇق	headword	052_1R.png	unverified
D90-6-00692	ۋىرتوشكا	headword	052_1R.png	unverified
D90-6-00693	ۋىرۇس	headword	052_1R.png	unverified
D90-6-00694	ۋىرۇسلۇق	headword	052_2L.png	unverified
D90-6-00695	ۋىرۇسلۇق جىگەر ياللۇغى	headword	052_2L.png	unverified
D90-6-00696	ۋىرۇسلۇق كېسەللىكلەر	headword	052_2L.png	unverified
D90-6-00697	ۋىرۇسئولوگىيە	headword	052_2L.png	unverified
D90-6-00698	ۋىزا	headword	053_1R.png	verified
D90-6-00699	ۋىزۋوت	headword	053_1R.png	unverified
D90-6-00699-v1	پەي	variant	053_1R.png	unverified
D90-6-00700	ۋىژ	headword	053_1R.png	unverified
D90-6-00701	ۋىژژىدە	headword	053_1R.png	unverified
D90-6-00702	ۋىژ-ۋىژ	headword	053_1R.png	unverified
D90-6-00703	ۋىژىلداتماق	headword	053_1R.png	unverified
D90-6-00704	ۋىژىلداشماق	headword	053_1R.png	unverified
D90-6-00705	ۋىژىلدىماق	headword	053_1R.png	unverified
D90-6-00706	ۋىسال	headword	053_1R.png	unverified
D90-6-00707	ۋىسال تاپماق	headword	053_2L.png	unverified
D90-6-00708	ۋىسالىغا يەتمەك	headword	053_2L.png	unverified
D90-6-00709	ۋىسالسىز	headword	053_2L.png	verified
D90-6-00710	ۋىستېرىيە	headword	053_2L.png	unverified
D90-6-00711	ۋىستېرىيە پېلىكى	headword	053_2L.png	unverified
D90-6-00713	ۋىسكوزا	headword	054_1R.png	unverified
D90-6-00714	ۋىسكوزىمېتىر	headword	054_1R.png	unverified
D90-6-00715	ۋىسمان	headword	054_1R.png	unverified
D90-6-00716	ۋىسمانىزم	headword	054_1R.png	unverified
D90-6-00717	ۋىسمۇت	headword	054_1R.png	unverified
D90-6-00719	ۋىسمۇتىن	headword	054_2L.png	unverified
D90-6-00720	ۋىش	headword	054_2L.png	unverified
D90-6-00721	ۋىششىدە	headword	054_2L.png	unverified
D90-6-00722	ۋىشكى	headword	054_2L.png	unverified
D90-6-00723	ۋىشنۇ	headword	054_2L.png	unverified
D90-6-00724	ۋىش-ۋىش	headword	055_1R.png	unverified
D90-6-00725	ۋىشىلداتماق	headword	055_1R.png	unverified
D90-6-00726	ۋىشىلدىماق	headword	055_1R.png	unverified
D90-6-00727	ۋىق	headword	055_1R.png	unverified
D90-6-00728	ۋىقىلداتماق	headword	055_1R.png	unverified
D90-6-00729	ۋىقىلداشماق	headword	055_1R.png	unverified
D90-6-00730	ۋىقىلدىماق	headword	055_1R.png	unverified
D90-6-00731	ۋىكسترېمىيە	headword	055_1R.png	unverified
D90-6-00731-v1	ۋىكسترېمىيە چاتقىلى	variant	055_1R.png	unverified
D90-6-00733	ۋىكليۇچاتېل	headword	055_1R.png	unverified
D90-6-00735	ۋىڭ	headword	055_2L.png	unverified
D90-6-00736	ۋىڭڭىدە	headword	055_2L.png	unverified
D90-6-00737	ۋىڭ-ۋىڭ	headword	055_2L.png	unverified
D90-6-00738	ۋىڭىلداشماق	headword	055_2L.png	unverified
D90-6-00740	ۋىڭىلدىماق	headword	055_2L.png	unverified
D90-6-00741	ۋىل	headword	055_2L.png	unverified
D90-6-00742	ۋىلايەت	headword	055_2L.png	unverified
D90-6-00743	ۋىلايەتلىك	headword	055_2L.png	unverified
D90-6-00744	ۋىلكا	headword	056_1R.png	unverified
D90-6-00745	ۋىللىدە	headword	056_1R.png	unverified
D90-6-00746	ۋىل-ۋىل	headword	056_1R.png	unverified
D90-6-00747	ۋىلىق	headword	056_1R.png	unverified
D90-6-00748	ۋىلىققىدە	headword	056_1R.png	unverified
D90-6-00749	ۋىلىقلىماق	headword	056_1R.png	unverified
D90-6-00750	ۋىلىق-ۋىلىق	headword	056_1R.png	unverified
D90-6-00751	ۋىلىلدىماق	headword	056_1R.png	unverified
D90-6-00752	ۋىن	headword	056_1R.png	verified
D90-6-08774	ۋىن فورمۇلىسى	headword	056_2L.png	verified
D90-6-00754	ۋىنايا	headword	056_2L.png	verified
D90-6-00755	ۋىنتا	headword	056_2L.png	unverified
D90-6-00758	ۋىنتىسىمان	headword	056_2L.png	unverified
D90-6-00760	ۋىنتىلاتقۇزماق	headword	056_2L.png	unverified
D90-6-00761	ۋىنتىلاتماق	headword	056_2L.png	unverified
D90-6-00762	ۋىنتىلاشماق	headword	057_1R.png	unverified
D90-6-00763	ۋىنتىلانماق	headword	057_1R.png	unverified
D90-6-00764	ۋىنتىلىق	headword	057_1R.png	unverified
D90-6-00766	ۋىنتىلىماق	headword	057_1R.png	unverified
D90-6-00767	ۋىنو	headword	057_1R.png	unverified
D90-6-00769	ۋىنوچىلىق	headword	057_1R.png	unverified
D90-6-00770	ۋىنىل	headword	057_1R.png	unverified
D90-6-00771	ۋىنىل خلورىد	headword	057_2L.png	unverified
D90-6-00772	ۋىنىل سىئانىد	headword	057_2L.png	unverified
D90-6-00773	ۋىنىلون	headword	057_2L.png	unverified
D90-6-00774	ۋىئولېت	headword	058_1R.png	unverified
D90-6-00775	ۋىئولېت گۈلى	headword	058_1R.png	unverified
D90-6-00776	ۋىۋىسكا	headword	058_1R.png	unverified
D90-6-00777	ۋىي	headword	058_1R.png	unverified
D90-6-00778	ۋىيەي	headword	058_1R.png	unverified
D90-6-00779	ۋىيخەيۋىي	headword	058_2L.png	unverified
D90-6-00780	ۋىيخەيۋىي ئۇرۇشى	headword	058_2L.png	unverified
D90-6-00781	ۋىيخۇا	headword	059_1R.png	unverified
D90-6-00782	ۋىيخۇا قوزغىلىڭى	headword	059_1R.png	unverified
D90-6-00783	ئې	headword	060_1R.png	unverified
D90-6-00784	ئېپتۇنىي	headword	060_1R.png	unverified
D90-6-00785	ئېپوپىيە	headword	060_1R.png	unverified
D90-6-00786	ئېپوس	headword	060_1R.png	unverified
D90-6-00787	ئېپوكسى	headword	060_2L.png	unverified
D90-6-00788	ئېپوكسى گۇرۇپپا	headword	060_2L.png	unverified
D90-6-00789	ئېپوكسى يېلىم	headword	060_2L.png	unverified
D90-6-00790	ئېپىتاكسىيە	headword	061_1R.png	unverified
D90-6-00791	ئېپىتېلىي	headword	061_1R.png	unverified
D90-6-00792	ئېپىتېت	headword	061_1R.png	unverified
D90-6-00793	ئېپى-جېپى	headword	061_1R.png	unverified
D90-6-00795	ئېپىدە	headword	061_2L.png	unverified
D90-6-00796	ئېپىدوت	headword	061_2L.png	unverified
D90-6-00797	ئېپىدېرما	headword	061_2L.png	unverified
D90-6-00798	ئېپىزوت	headword	061_2L.png	unverified
D90-6-00799	ئېپىسكوپ	headword	061_2L.png	unverified
D90-6-00800	ئېپىسكوپلۇق	headword	062_1R.png	unverified
D90-6-00801	ئېپىفىز	headword	062_1R.png	unverified
D90-6-00802	ئېپىك	headword	062_1R.png	verified
D90-6-00806	ئېپىگراف	headword	062_1R.png	unverified
D90-6-00807	ئېپىلۇگ	headword	062_2L.png	unverified
D90-6-00808	ئېپى-مەلە	headword	062_2L.png	unverified
D90-6-00809	ئېتالون	headword	062_2L.png	unverified
D90-6-00810	ئېتان	headword	062_2L.png	unverified
D90-6-00811	ئېتانول	headword	062_2L.png	unverified
D90-6-00812	ئېتەك	headword	062_2L.png	unverified
D90-6-00813	ئېتەك كۆتۈرمىسى	headword	063_1R.png	unverified
D90-6-00814	ئېتەك ياپماق	headword	063_1R.png	unverified
D90-6-00814-v1	چاپان ياپماق	variant	063_1R.png	unverified
D90-6-00815	ئېتىكىنى ياپماق	headword	063_1R.png	unverified
D90-6-00816	ئېتىكى ئوتلۇق	headword	063_1R.png	unverified
D90-6-00817	ئېتەكسىز	headword	063_1R.png	unverified
D90-6-00818	ئېتەكلىمەك	headword	063_1R.png	unverified
D90-6-00819	ئېتەكلىك	headword	063_2L.png	unverified
D90-6-00820	ئېتنوگراف	headword	063_2L.png	unverified
D90-6-00821	ئېتنوگرافىيە	headword	063_2L.png	unverified
D90-6-00822	ئېتنوگرافىيىلىك	headword	063_2L.png	unverified
D90-6-00823	ئېتنولوگىيە	headword	063_2L.png	unverified
D90-6-00824	ئېتنولوگىيىلىك	headword	063_2L.png	unverified
D90-6-00825	ئېتىنگلىكول	headword	063_2L.png	unverified
D90-6-00826	ئېتنىك	headword	064_1R.png	unverified
D90-6-00827	ئېتىن	headword	064_1R.png	unverified
D90-6-00828	ئېتىبار	headword	064_1R.png	unverified
D90-6-00829	ئېتىبارەن	headword	064_2L.png	unverified
D90-6-00830	ئېتىبارسىز	headword	064_2L.png	unverified
D90-6-00832	ئېتىبارسىزلىق	headword	064_2L.png	unverified
D90-6-00833	ئېتىراپ	headword	065_1R.png	unverified
D90-6-00834	ئېتىراپ قىلماق	headword	065_1R.png	unverified
D90-6-00835	ئېتىراز	headword	065_1R.png	unverified
D90-6-00836	ئېتىراز بىلدۈرمەك	headword	065_1R.png	unverified
D90-6-00837	ئېتىرازسىز	headword	065_1R.png	unverified
D90-6-00838	ئېتىز	headword	065_1R.png	unverified
D90-6-00839	ئېتىز پەرۋىشى	headword	065_2L.png	unverified
D90-6-00840	ئېتىز چاشقىنى	headword	065_2L.png	unverified
D90-6-00841	ئېتىز زىرائەتلىرى	headword	065_2L.png	unverified
D90-6-00842	ئېتىز سۈندۈكى	headword	065_2L.png	unverified
D90-6-00843	ئېتىز قۇلۇلىسى	headword	065_2L.png	unverified
D90-6-00844	ئېتىزلىق	headword	066_1R.png	unverified
D90-6-00845	ئېتىزلىق قومۇشى	headword	066_1R.png	unverified
D90-6-00846	ئېتىزلىق قىرىقبوغۇمى	headword	066_1R.png	unverified
D90-6-00847	ئېتىز- ئېرىق	headword	066_1R.png	unverified
D90-6-00848	ئېتىز ئېرىق ئاساسىي قۇرۇلۇشى	headword	066_1R.png	unverified
D90-6-00849	ئېتىش	headword	066_2L.png	unverified
D90-6-00853	ئېتىشماق	headword	066_2L.png	unverified
D90-6-00854	ئېتىشمەك	headword	067_1R.png	verified
D90-6-00856	ئېتىشۋازلىق	headword	067_1R.png	unverified
D90-6-00857	ئېتىقاد	headword	067_1R.png	unverified
D90-6-00858	ئېتىقاد قىلماق	headword	067_1R.png	unverified
D90-6-00859	ئېتىقادچى	headword	067_1R.png	unverified
D90-6-00860	ئېتىقادچىلىق	headword	067_1R.png	verified
D90-6-00861	ئېتىقادلىق	headword	067_2L.png	unverified
D90-6-00862	ئېتىك	headword	067_2L.png	unverified
D90-6-00865	ئېتىكا	headword	067_2L.png	unverified
D90-6-00866	ئېتىكاپ	headword	067_2L.png	unverified
D90-6-00867	ئېتىكاپخانا	headword	068_1R.png	unverified
D90-6-00868	ئېتىكلىك	headword	068_1R.png	unverified
D90-6-00869	ئېتىل	headword	068_1R.png	unverified
D90-6-00870	ئېتىل ئاتسېتات	headword	068_1R.png	unverified
D90-6-00871	ئېتىل ئېفىر	headword	068_1R.png	unverified
D90-6-00872	ئېتىل ئىسپىرتى	headword	068_2L.png	unverified
D90-6-00873	ئېتىلدۇرماق	headword	068_2L.png	unverified
D90-6-00874	ئېتىلغان	headword	068_2L.png	unverified
D90-6-00876	ئېتىلما	headword	068_2L.png	unverified
D90-6-00879	ئېتىلماق	headword	068_2L.png	unverified
D90-6-00880	ئېتىلىپ چىقىش	headword	069_1R.png	unverified
D90-6-00881	ئېتىلمەك	headword	069_1R.png	verified
D90-6-00883	ئېتىلېن	headword	069_1R.png	unverified
D90-6-00886	ئېتىلېندىئامىن	headword	069_1R.png	unverified
D90-6-00887	ئېتىلىش	headword	069_2L.png	unverified
D90-6-00890	ئېتىلىشماق	headword	069_2L.png	unverified
D90-6-00891	ئېتىم	headword	069_2L.png	unverified
D90-6-00892	ئېتىماد	headword	069_2L.png	unverified
D90-6-00894	ئېتىماد قىلماق	headword	070_1R.png	unverified
D90-6-00894-v1	ئېتىماد باغلىماق	variant	070_1R.png	unverified
D90-6-00895	ئېتىمولوگىيە	headword	070_1R.png	unverified
D90-6-00896	ئېتىمولوگىيىلىك	headword	070_1R.png	unverified
D90-6-00897	ئېتىنىل	headword	070_1R.png	unverified
D90-6-00898	ئېتىئولوگىيە	headword	070_1R.png	unverified
D90-6-00899	ئېتىيود	headword	070_1R.png	unverified
D90-6-00900	ئېجە	headword	070_1R.png	unverified
D90-6-00901	ئېجىرىم	headword	070_1R.png	unverified
D90-6-00902	ئېجىرىملىق	headword	070_1R.png	unverified
D90-6-00903	ئېجىل	headword	070_1R.png	unverified
D90-6-00904	ئېجىل بولماق	headword	070_2L.png	unverified
D90-6-00905	ئېجىلغا چۈشمەك	headword	070_2L.png	unverified
D90-6-00906	ئېجىللىق	headword	070_2L.png	unverified
D90-6-00907	ئېچىتقۇ	headword	070_2L.png	unverified
D90-6-00908	ئېچىتقۇ پاراشوكى	headword	070_2L.png	unverified
D90-6-00909	ئېچىتقۇ زەمبۇرۇغى	headword	070_2L.png	unverified
D90-6-00910	ئېچىتقۇلۇق	headword	071_1R.png	unverified
D90-6-00911	ئېچىتماق	headword	071_1R.png	unverified
D90-6-00912	ئېچىتمىخور	headword	071_1R.png	unverified
D90-6-00913	ئېچىتمىخورلۇق	headword	071_1R.png	unverified
D90-6-00914	ئېچىتىش	headword	071_1R.png	unverified
D90-6-00915	ئېچىتىلغان	headword	071_1R.png	unverified
D90-6-00917	ئېچىتىلغان يەم-خەشەك	headword	071_2L.png	unverified
D90-6-00918	ئېچىتىلماق	headword	071_2L.png	unverified
D90-6-00919	ئېچىرقاتماق	headword	071_2L.png	unverified
D90-6-00920	ئېچىرقاشماق	headword	071_2L.png	unverified
D90-6-00921	ئېچىرقاما	headword	071_2L.png	unverified
D90-6-00922	ئېچىش	headword	071_2L.png	unverified
D90-6-00924	ئېچىشتۇرماق	headword	072_1R.png	unverified
D90-6-00925	ئېچىشقان	headword	072_1R.png	unverified
D90-6-00926	ئېچىشماق	headword	072_1R.png	unverified
D90-6-00928	ئېچىشقان يەرگە تۇز سەپمەك	headword	072_1R.png	unverified
D90-6-00929	ئېچىشقان يارىغا تۇز سەپمەك	headword	072_1R.png	unverified
D90-6-00930	ئېچىق	headword	072_2L.png	unverified
D90-6-00931	ئېچىقسىز	headword	072_2L.png	unverified
D90-6-00932	ئېچىقلىق	headword	072_2L.png	unverified
D90-6-00933	ئېچىلدۇرماق	headword	072_2L.png	unverified
D90-6-00934	ئېچىلدۇرۇلماق	headword	072_2L.png	unverified
D90-6-00935	ئېچىلما	headword	072_2L.png	unverified
D90-6-00936	ئېچىلماق	headword	073_1R.png	unverified
D90-6-00937	ئېچىلىپ-يېيىلىپ	headword	073_1R.png	unverified
D90-6-00938	ئېچىماق	headword	073_1R.png	unverified
D90-6-00939	ئېچىنارلىق	headword	073_1R.png	unverified
D90-6-00940	ئېچىندۇرماق	headword	073_2L.png	unverified
D90-6-00941	ئېچىنماق	headword	073_2L.png	unverified
D90-6-00942	ئېچىنىش	headword	073_2L.png	unverified
D90-6-00943	ئېچىنىشلىق	headword	073_2L.png	unverified
D90-6-00944	ئېچىنىشماق	headword	073_2L.png	unverified
D90-6-00945	ئېچىئۇرىدا	headword	073_2L.png	unverified
D90-6-00945-v1	ئېچىئۇرىدا قۇرتى	variant	073_2L.png	unverified
D90-6-00947	ئېخ	headword	073_2L.png	verified
D90-6-00948	ئېخىنوكوك	headword	074_1R.png	unverified
D90-6-00949	ئېخىنوكوك كېسەللىكى	headword	074_1R.png	unverified
D90-6-00950	ئېدەر	headword	074_1R.png	unverified
D90-6-00955	ئېدېس	headword	074_1R.png	unverified
D90-6-00956	ئېدېس پاشىسى	headword	074_2L.png	unverified
D90-6-00957	ئېدىت	headword	074_2L.png	unverified
D90-6-00958	ئېدىتلاتماق	headword	074_2L.png	unverified
D90-6-00959	ئېدىتلاشماق	headword	074_2L.png	unverified
D90-6-00960	ئېدىتلانماق	headword	074_2L.png	unverified
D90-6-00961	ئېدىتلىق	headword	074_2L.png	unverified
D90-6-00962	ئېدىتلىماق	headword	074_2L.png	unverified
D90-6-00963	ئېدىر	headword	074_2L.png	unverified
D90-6-00964	ئېدىر قىللورغىسى	headword	075_1R.png	unverified
D90-6-00965	ئېدىرلىق	headword	075_1R.png	unverified
D90-6-00966	ئېرا	headword	075_1R.png	unverified
D90-6-00967	ئېراتيوم	headword	075_1R.png	unverified
D90-6-00968	ئېرەكتە	headword	075_1R.png	unverified
D90-6-00969	ئېرەم	headword	075_1R.png	unverified
D90-6-00970	ئېرەن	headword	075_1R.png	unverified
D90-6-00972	ئېرەنسىز	headword	075_2L.png	unverified
D90-6-00973	ئېرەنسىزلىك	headword	075_2L.png	unverified
D90-6-00974	ئېرەنسىزلىك قىلماق	headword	075_2L.png	unverified
D90-6-00975	ئېرەنشىمەك	headword	075_2L.png	unverified
D90-6-00976	ئېرەنلىك	headword	075_2L.png	unverified
D90-6-00977	ئېربىي	headword	075_2L.png	verified
D90-6-00978	ئېرپان	headword	076_1R.png	unverified
D90-6-00979	ئېرتقۇزماق	headword	076_1R.png	unverified
D90-6-00980	ئېرتقۇزۇلماق	headword	076_1R.png	unverified
D90-6-00981	ئېرتماق	headword	076_1R.png	unverified
D90-6-00982	ئېرتىشماق	headword	076_1R.png	unverified
D90-6-00983	ئېرتىلماق	headword	076_1R.png	unverified
D90-6-00984	ئېرسال	headword	076_1R.png	unverified
D90-6-00985	ئېرسالنامە	headword	076_1R.png	unverified
D90-6-00986	ئېرسېد	headword	076_1R.png	unverified
D90-6-00987	ئېرگ	headword	076_2L.png	unverified
D90-6-00988	ئېروگلىف	headword	076_2L.png	unverified
D90-6-00989	ئېروگلىفلىق	headword	076_2L.png	unverified
D90-6-00991	ئېرونىيە	headword	076_2L.png	unverified
D90-6-00992	ئېرۇر	headword	077_1R.png	unverified
D90-6-00993	ئېرىت	headword	077_1R.png	unverified
D90-6-00994	ئېرىترومىتسىن	headword	077_1R.png	unverified
D90-6-00995	ئېرىتكۈچ	headword	077_1R.png	unverified
D90-6-00996	ئېرىتكۈچى	headword	077_1R.png	unverified
D90-6-00999	ئېرىتمە	headword	077_2L.png	unverified
D90-6-01000	ئېرىتمەك	headword	077_2L.png	unverified
D90-6-01001	ئېرىتىلمەك	headword	077_2L.png	unverified
D90-6-01002	ئېرىش	headword	077_2L.png	unverified
D90-6-01005	ئېرىش دەرىجىسى	headword	078_1R.png	unverified
D90-6-01006	ئېرىش مۇۋازىنىتى	headword	078_1R.png	unverified
D90-6-01007	ئېرىش نۇقتىسى	headword	078_1R.png	unverified
D90-6-01008	ئېرىش ئىسسىقلىقى	headword	078_1R.png	unverified
D90-6-01009	ئېرىشتۈرمەك	headword	078_1R.png	unverified
D90-6-01010	ئېرىشچان	headword	078_1R.png	unverified
D90-6-01011	ئېرىشچانلىق	headword	078_1R.png	unverified
D90-6-01012	ئېرىشچانلىق كۆپەيتىلمىسى	headword	078_2L.png	unverified
D90-6-01013	ئېرىشمە	headword	078_2L.png	unverified
D90-6-01014	ئېرىشمە ئىممۇنىتېت	headword	078_2L.png	unverified
D90-6-01015	ئېرىشمەك	headword	078_2L.png	unverified
D90-6-01017	ئېرىشىلگەن	headword	078_2L.png	unverified
D90-6-01018	ئېرىشىلگەن ئۆزگىرىش	headword	079_1R.png	unverified
D90-6-01019	ئېرىشىلگەن ئىرسىيەت	headword	079_1R.png	unverified
D90-6-01020	ئېرىشىلمەك	headword	079_1R.png	unverified
D90-6-01021	ئېرىغ	headword	079_1R.png	unverified
D90-6-01023	ئېرىغداتماق	headword	079_1R.png	unverified
D90-6-01024	ئېرىغداشماق	headword	079_1R.png	unverified
D90-6-01025	ئېرىغدالماق	headword	079_1R.png	unverified
D90-6-01026	ئېرىغدىماق	headword	079_2L.png	unverified
D90-6-01027	ئېرىق	headword	079_2L.png	unverified
D90-6-01028	ئېرىقچە	headword	079_2L.png	unverified
D90-6-01029	ئېرىقشىماق	headword	079_2L.png	unverified
D90-6-01030	ئېرىق-ئۆستەڭ	headword	079_2L.png	unverified
D90-6-01031	ئېرىك	headword	079_2L.png	unverified
D90-6-01032	ئېرىگۇچى	headword	079_2L.png	unverified
D90-6-01033	ئېرىڭاي	headword	079_2L.png	unverified
D90-6-01034	ئېرىمە	headword	079_2L.png	unverified
D90-6-01037	ئېرىمە غار	headword	080_1R.png	unverified
D90-6-01038	ئېرىمەك	headword	080_1R.png	unverified
D90-6-01039	ئېرىنچەك	headword	080_1R.png	unverified
D90-6-01040	ئېرىنچەكلىك	headword	080_1R.png	unverified
D90-6-01041	ئېرىنمەك	headword	080_1R.png	unverified
D90-6-01042	ئېزىتقۇ	headword	080_2L.png	unverified
D90-6-01043	ئېزىتقۇلۇق	headword	080_2L.png	unverified
D90-6-01044	ئېزىزلە	nonstandard	080_2L.png	unverified
D90-6-01044-c1	ئەزىز	corrected_form	080_2L.png	unverified
D90-6-01045	ئېزىق	headword	080_2L.png	unverified
D90-6-01046	ئېزىق چىش	headword	080_2L.png	unverified
D90-6-01047	ئېزىقتۇرغۇچى	headword	080_2L.png	unverified
D90-6-01048	ئېزىقتۇرماق	headword	080_2L.png	unverified
D90-6-01049	ئېزىقتۇرۇشماق	headword	081_1R.png	unverified
D90-6-01050	ئېزىقتۇرۇلماق	headword	081_1R.png	unverified
D90-6-01051	ئېزىقماق	headword	081_1R.png	unverified
D90-6-01052	ئېزىقىشماق	headword	081_1R.png	unverified
D90-6-01053	ئېزىلەڭگۈ	headword	081_1R.png	unverified
D90-6-01054	ئېزىلەڭگۈلۈك	headword	081_1R.png	unverified
D90-6-01055	ئېزىلۈرمەك	headword	081_1R.png	unverified
D90-6-01056	ئېزىلگۈچى	headword	081_1R.png	unverified
D90-6-01057	ئېزىلگۈچى سىنىپ	headword	081_2L.png	unverified
D90-6-01058	ئېزىلمەك	headword	081_2L.png	unverified
D90-6-01059	ئېزىلىشمەك	headword	081_2L.png	unverified
D90-6-01060	ئېسەدەشمەك	headword	081_2L.png	unverified
D90-6-01061	ئېسەدىمەك	headword	081_2L.png	unverified
D90-6-01062	ئېسەكىمەك	headword	081_2L.png	unverified
D90-6-01063	ئېسەن	headword	081_2L.png	unverified
D90-6-01065	ئېسەنچىلىك	headword	081_2L.png	unverified
D90-6-01066	ئېسەنگىرەتمەك	headword	082_1R.png	unverified
D90-6-01067	ئېسەنگىرەشمەك	headword	082_1R.png	unverified
D90-6-01068	ئېسەنگىرىمەك	headword	082_1R.png	unverified
D90-6-01069	ئېسەنلەشمەك	headword	082_1R.png	unverified
D90-6-01070	ئېسەنلىك	headword	082_1R.png	unverified
D90-6-01072	ئېسەنلىككە	headword	082_1R.png	unverified
D90-6-01073	ئېستېتىك	headword	082_1R.png	unverified
D90-6-01074	ئېستېتىكا	headword	082_1R.png	unverified
D90-6-01075	ئېستېتىكىلىق	headword	082_2L.png	unverified
D90-6-01076	ئېستېر	headword	082_2L.png	unverified
D90-6-01077	ئېستېرلىماق	headword	082_2L.png	unverified
D90-6-01078	ئېسكۇدا	headword	082_2L.png	unverified
D90-6-01079	ئېسكۇلۇس	headword	083_1R.png	unverified
D90-6-01080	ئېسكىموس	headword	083_1R.png	unverified
D90-6-01081	ئېسكىموس تىلى	headword	083_1R.png	unverified
D90-6-01082	ئېسكىموسلار	headword	083_1R.png	unverified
D90-6-01083	ئېسىركىمەك	headword	083_1R.png	unverified
D90-6-01084	ئېسىشماق	headword	083_1R.png	unverified
D90-6-01085	ئېسىقلىق	headword	083_1R.png	unverified
D90-6-01086	ئېسىكمەك	headword	083_2L.png	unverified
D90-6-01087	ئېسىل	headword	083_2L.png	unverified
D90-6-01089	ئېسىلدۇرماق	headword	083_2L.png	unverified
D90-6-01090	ئېسىلزادە	headword	083_2L.png	unverified
D90-6-01091	ئېسىلزادىلىك	headword	083_2L.png	unverified
D90-6-01092	ئېسىلماق	headword	083_2L.png	unverified
D90-6-01093	ئېسىلىشماق	headword	084_1R.png	unverified
D90-6-01094	ئېشەك	headword	084_1R.png	unverified
D90-6-01097	ئېشەك قۇلاق	headword	084_2L.png	unverified
D90-6-01098	ئېشەك قۇلان	headword	084_2L.png	unverified
D90-6-01099	ئېشەك قېچىرى	headword	084_2L.png	unverified
D90-6-01100	ئېشەكنىڭ قۇلىقىغا راۋاپ چالماق	headword	084_2L.png	unverified
D90-6-01101	ئېشەك ھاڭرىغان، داپ داراڭلىغان يەردە يۈرمەك	headword	084_2L.png	unverified
D90-6-01102	ئېشەك ئۇچىسى	headword	084_2L.png	unverified
D90-6-01103	ئېشىكى بەش تەڭگە، توقۇمى ئون تەڭگە بولماق	headword	084_2L.png	unverified
D90-6-01104	ئېشىكى تۆت چىشلىق بولماق	headword	084_2L.png	unverified
D90-6-01105	ئېشىكى ئۈچ تەڭگە، توقۇمى بەش تەڭگە بولماق	headword	084_2L.png	unverified
D90-6-01106	ئېشىكىنى بېقىپ، تېزىكىنى تەرمەك	headword	085_1R.png	unverified
D90-6-01107	ئېشەكچى	headword	085_1R.png	unverified
D90-6-01108	ئېشەكقومۇشى	headword	085_1R.png	unverified
D90-6-01109	ئېشەكقۇرتى	headword	085_1R.png	unverified
D90-6-01110	ئېشەكلىك	headword	085_1R.png	unverified
D90-6-01111	ئېشەكمەدىكى	headword	085_2L.png	unverified
D90-6-01112	ئېشەكيېلىمى	headword	085_2L.png	unverified
D90-6-01113	ئېشەكيېمى	headword	085_2L.png	unverified
D90-6-01114	ئېشىگلىك	headword	085_2L.png	unverified
D90-6-01115	ئېشىلمەك	headword	085_2L.png	unverified
D90-6-01116	ئېشىنچا	headword	085_2L.png	unverified
D90-6-01117	ئېشىندى	headword	085_2L.png	verified
D90-6-01118	ئېشىنماق	headword	086_1R.png	unverified
D90-6-01119	ئېغىر	headword	086_1R.png	unverified
D90-6-01121	ئېغىر ئارتۇق	headword	086_2L.png	unverified
D90-6-01122	ئېغىر ئالماق	headword	086_2L.png	unverified
D90-6-01123	ئېغىر ئايىغىنى يەڭگىل قىلىپ	headword	086_2L.png	unverified
D90-6-01124	ئېغىر بويىنى يەڭگىل قىلىپ	headword	087_1R.png	unverified
D90-6-01125	ئېغىر پىلىموت	headword	087_1R.png	verified
D90-6-01126	ئېغىر تەگمەك	headword	087_1R.png	unverified
D90-6-01127	ئېغىر چۈشمەك	headword	087_1R.png	unverified
D90-6-01128	ئېغىر دىزېلىن	headword	087_1R.png	unverified
D90-6-01129	ئېغىر سانائەت	headword	087_1R.png	unverified
D90-6-01130	ئېغىر سۇ	headword	087_1R.png	unverified
D90-6-01131	ئېغىر قوراللار	headword	087_2L.png	unverified
D90-6-01132	ئېغىر كارۋان	headword	087_2L.png	unverified
D90-6-01133	ئېغىر كەتمەك	headword	087_2L.png	unverified
D90-6-01134	ئېغىر كەلمەك	headword	087_2L.png	unverified
D90-6-01135	ئېغىر كۆرمەك	headword	087_2L.png	unverified
D90-6-01136	ئېغىر مېتال	headword	087_2L.png	unverified
D90-6-01137	ئېغىر ئېلېمېنت	headword	088_1R.png	unverified
D90-6-01138	ئېغىرىنى ئارتماق	headword	088_1R.png	unverified
D90-6-01139	ئېغىرىنى سالماق	headword	088_1R.png	unverified
D90-6-01140	ئېغىر ياتقۇ	headword	088_1R.png	unverified
D90-6-01141	ئېغىر ئاياغ	headword	088_1R.png	unverified
D90-6-01142	ئېغىر ئاياغ بولماق	headword	088_1R.png	unverified
D90-6-01143	ئېغىربوي	headword	088_1R.png	unverified
D90-6-01144	ئېغىربوي بولماق	headword	088_1R.png	unverified
D90-6-01145	ئېغىر-بېسىق	headword	088_2L.png	unverified
D90-6-01146	ئېغىر-بېسىقلىق	headword	088_2L.png	unverified
D90-6-01147	ئېغىرچىلىق	headword	088_2L.png	unverified
D90-6-01148	ئېغىرسىنماق	headword	088_2L.png	unverified
D90-6-01149	ئېغىرسىنىشماق	headword	088_2L.png	unverified
D90-6-01150	ئېغىر قات	headword	088_2L.png	unverified
D90-6-01151	ئېغىرلاتماق	headword	088_2L.png	unverified
D90-6-01152	ئېغىرلاشتۇرماق	headword	088_2L.png	unverified
D90-6-01153	ئېغىرلاشتۇرۇلماق	headword	088_2L.png	unverified
D90-6-01154	ئېغىرلاشماق	headword	089_1R.png	unverified
D90-6-01155	ئېغىرلىق	headword	089_1R.png	unverified
D90-6-01158	ئېغىرلىق قىلماق	headword	089_2L.png	unverified
D90-6-01159	ئېغىرلىق كۆتۈرۈش تەنھەرىكىتى	headword	089_2L.png	unverified
D90-6-01160	ئېغىرلىق كۈچ تېزلىنىشى	headword	089_2L.png	unverified
D90-6-01161	ئېغىرلىق كۈچ مەيدانى	headword	089_2L.png	unverified
D90-6-01162	ئېغىرلىق كۈچى	headword	089_2L.png	unverified
D90-6-01163	ئېغىرلىق مەركىزى	headword	089_2L.png	unverified
D90-6-01164	ئېغىرلىق مىقدارى	headword	090_1R.png	unverified
D90-6-01165	ئېغىرلىق نۇقتىسى	headword	090_1R.png	unverified
D90-6-01166	ئېغىرلىق يەلكىسى	headword	090_1R.png	unverified
D90-6-01167	ئېغىرلىق يوقىتىش	headword	090_1R.png	unverified
D90-6-01168	ئېغىرلىماق	headword	090_1R.png	unverified
D90-6-01169	ئېغىر-يېنىك	headword	090_1R.png	unverified
D90-6-01170	ئېغىز	headword	090_1R.png	unverified
D90-6-01171	ئېغىز ئاچالماس	headword	090_2L.png	unverified
D90-6-01172	ئېغىز ئاچماق	headword	090_2L.png	unverified
D90-6-01173	ئېغىز ئالماق	headword	090_2L.png	unverified
D90-6-01174	ئېغىز ئەتراپ پەردىسى	headword	090_2L.png	unverified
D90-6-01175	ئېغىز ئەدەبىياتى	headword	091_1R.png	verified
D90-6-01175-v1	خەلق ئېغىز ئەدەبىياتى	variant	091_1R.png	verified
D90-6-01176	ئېغىز بوشلۇقى	headword	091_1R.png	unverified
D90-6-01177	ئېغىز تامشىماق	headword	091_1R.png	unverified
D90-6-01178	ئېغىز تاۋۇشلىرى	headword	091_1R.png	unverified
D90-6-01179	ئېغىز تەرجىمىسى	headword	091_1R.png	unverified
D90-6-01180	ئېغىز تەگمەك	headword	091_1R.png	unverified
D90-6-01181	ئېغىز تىلى	headword	091_1R.png	unverified
D90-6-01181-v1	جانلىق تىل	variant	091_1R.png	unverified
D90-6-01182	ئېغىز چىشىدا چاينىۋەتكۈدەك بولماق	headword	091_1R.png	unverified
D90-6-01183	ئېغىزدىلا قالماق	headword	091_2L.png	unverified
D90-6-01184	ئېغىزدىن تەگكەن	headword	091_2L.png	unverified
D90-6-01185	ئېغىزدىن چىقارماق	headword	091_2L.png	unverified
D90-6-01186	ئېغىزدىن چىقىرالماسلىق	headword	091_2L.png	unverified
D90-6-01187	ئېغىزدىن ئېغىزغا كۆچمەك	headword	091_2L.png	unverified
D90-6-01188	ئېغىزىغا ئالماق	headword	091_2L.png	unverified
D90-6-01189	ئېغىزغا ئالغۇچىلىكى يوق	headword	091_2L.png	unverified
D90-6-01190	ئېغىزغا چىقماق	headword	091_2L.png	unverified
D90-6-01191	ئېغىز گارمۇنى	headword	092_1R.png	unverified
D90-6-01192	ئېغىزنى زايە قىلماق	headword	092_1R.png	unverified
D90-6-01193	ئېغىزنىڭ بىر قات تېرىسى سويۇلۇپ كەتمەك	headword	092_1R.png	unverified
D90-6-01194	ئېغىزنىڭ پاشنىسى يوق	headword	092_1R.png	unverified
D90-6-01195	ئېغىزنىڭ ئۇچىدا	headword	092_1R.png	unverified
D90-6-01196	ئېغىزنىڭ يېلى	headword	092_1R.png	unverified
D90-6-01197	ئېغىز ھەرىكىتى	headword	092_2L.png	unverified
D90-6-01198	ئېغىز ئۆي	headword	092_2L.png	unverified
D90-6-01199	ئېغىز ئۈششۈتمەك	headword	092_2L.png	unverified
D90-6-01200	ئېغىزىدا تۇغۇۋالغان	headword	092_2L.png	unverified
D90-6-01201	ئېغىز ئاقار	headword	092_2L.png	unverified
D90-6-01202	ئېغىز ئىمتىھانى	headword	092_2L.png	unverified
D90-6-01203	ئېغىز يارماق	headword	092_2L.png	unverified
D90-6-01204	ئېغىز ياللۇغى	headword	092_2L.png	unverified
D90-6-01205	ئېغىز-بۇرۇن	headword	092_2L.png	unverified
D90-6-01206	ئېغىزچە	headword	093_1R.png	unverified
D90-6-01208	ئېغىزدۇرۇق	headword	093_1R.png	unverified
D90-6-01209	ئېغىزلاندۇرماق	headword	093_1R.png	unverified
D90-6-01210	ئېغىزلاندۇرۇلماق	headword	093_1R.png	unverified
D90-6-01211	ئېغىزلانماق	headword	093_1R.png	unverified
D90-6-01212	ئېغىزلىق	headword	093_2L.png	unverified
D90-6-01214	ئېغىزمان	headword	093_2L.png	unverified
D90-6-01215	ئېغىش	headword	093_2L.png	unverified
D90-6-01218	ئېغىل	headword	094_1R.png	unverified
D90-6-01220	ئېغىناتماق	headword	094_1R.png	unverified
D90-6-01221	ئېغىناشماق	headword	094_1R.png	unverified
D90-6-01222	ئېغىنىماق	headword	094_1R.png	unverified
D90-6-01223	ئېفتالىت	headword	094_1R.png	unverified
D90-6-01224	ئېففۇزىيە	headword	094_1R.png	unverified
D90-6-01225	ئېففېكت	headword	094_1R.png	unverified
D90-6-01226	ئېففېكتور	headword	094_1R.png	unverified
D90-6-01227	ئېفېدرىن	headword	094_2L.png	unverified
D90-6-01228	ئېفىر	headword	094_2L.png	unverified
D90-6-01232	ئېفىر شامىلى	headword	095_1R.png	unverified
D90-6-01233	ئېفرازا	headword	095_1R.png	unverified
D90-6-01234	ئېفىرپىيتور	headword	095_1R.png	unverified
D90-6-01235	ئېقىتما	headword	095_1R.png	unverified
D90-6-01236	ئېقىتماق	headword	095_1R.png	unverified
D90-6-01237	ئېقىتماي-تېمىتماي	headword	095_1R.png	unverified
D90-6-01238	ئېقىتىشماق	headword	095_2L.png	unverified
D90-6-01239	ئېقىش	headword	095_2L.png	unverified
D90-6-01240	ئېقىش تاپماق	headword	095_2L.png	unverified
D90-6-01245	ئېقىشچان	headword	095_2L.png	unverified
D90-6-01247	ئېقىشچانلىق	headword	095_2L.png	unverified
D90-6-01248	ئېقىشماق	headword	095_2L.png	unverified
D90-6-01249	ئېقىم	headword	095_2L.png	unverified
D90-6-01255	ئېقىم مەيدانى	headword	096_2L.png	unverified
D90-6-01256	ئېقىم مىقدارى	headword	096_2L.png	unverified
D90-6-01257	ئېقىمسىز	headword	096_2L.png	unverified
D90-6-01259	ئېقىن	headword	096_2L.png	unverified
D90-6-01260	ئېقىن سۇ	headword	097_1R.png	unverified
D90-6-01261	ئېقىن قۇرۇلمىسى	headword	097_1R.png	unverified
D90-6-01262	ئېپكە	headword	097_1R.png	unverified
D90-6-01263	ئېكەك	headword	097_1R.png	unverified
D90-6-01264	ئېكەكلەتمەك	headword	097_1R.png	unverified
D90-6-01265	ئېكەكلەشمەك	headword	097_1R.png	unverified
D90-6-01266	ئېكەكلەنمەك	headword	097_1R.png	unverified
D90-6-01267	ئېكەكلىمەك	headword	097_2L.png	unverified
D90-6-01268	ئېكتوپلازما	headword	097_2L.png	unverified
D90-6-01269	ئېكتورنىئال	headword	097_2L.png	unverified
D90-6-01270	ئېكران	headword	097_2L.png	unverified
D90-6-01272	ئېكرانلىق	headword	097_2L.png	unverified
D90-6-01273	ئېكزوسفېرا	headword	097_2L.png	unverified
D90-6-01274	ئېكىس	headword	097_2L.png	unverified
D90-6-01276	ئېكىپرومىت	headword	098_1R.png	unverified
D90-6-01277	ئېكسپورت	headword	098_1R.png	unverified
D90-6-01282	ئېكسپوزىتسىيە	headword	098_2L.png	unverified
D90-6-01283	ئېكسپېدىتسىيە	headword	098_2L.png	unverified
D90-6-01284	ئېكسپېدىتسىيىچى	headword	098_2L.png	unverified
D90-6-01285	ئېكسپىلاتاتسىيە	headword	098_2L.png	unverified
D90-6-01287	ئېكسپىلاتاتسىيىچى	headword	099_1R.png	unverified
D90-6-01288	ئېكسپىلاتاتور	headword	099_1R.png	unverified
D90-6-01289	ئېكستراكت	headword	099_1R.png	unverified
D90-6-01290	ئېكستراكتلىماق	headword	099_1R.png	unverified
D90-6-01291	ئېكسترېمۇم	headword	099_1R.png	unverified
D90-6-01291-v1	ئېكسترېمۇم قىممەت	variant	099_1R.png	unverified
D90-6-01294	ئېكسكاتور	headword	099_2L.png	unverified
D90-6-01295	ئېكسكۇرسىيە	headword	099_2L.png	unverified
D90-6-01296	ئېكسكۇرسىيە قىلماق	headword	099_2L.png	unverified
D90-6-01297	ئېكسكۇرسىيەچى	headword	099_2L.png	unverified
D90-6-01298	ئېكسۋاتور	headword	099_2L.png	unverified
D90-6-01299	ئېكسىستون	headword	099_2L.png	unverified
D90-6-01300	ئېكلوگىت	headword	099_2L.png	unverified
D90-6-01301	ئېكلىپتىكا	headword	099_2L.png	unverified
D90-6-01302	ئېكلىپتىكىلىق	headword	100_1R.png	unverified
D90-6-01305	ئېكولوگىيە	headword	100_1R.png	unverified
D90-6-01306	ئېكولوگىيىلىك	headword	100_1R.png	unverified
D90-6-01308	ئېكولوگىيىلىك تەڭپۇڭلۇق	headword	100_2L.png	unverified
D90-6-01309	ئېكولوگىيىلىك توپ	headword	100_2L.png	unverified
D90-6-01310	ئېكولوگىيىلىك سىستېما	headword	101_1R.png	unverified
D90-6-01311	ئېكولوگىيىلىك كىلىمات	headword	101_1R.png	unverified
D90-6-01312	ئېكولوگىيىلىك كىلىماتولوگىيە	headword	101_1R.png	unverified
D90-6-01313	ئېكولوگىيىلىك مۇھىت	headword	101_1R.png	unverified
D90-6-01314	ئېكونومايزىر	headword	101_1R.png	unverified
D90-6-01315	ئېكونومىزم	headword	101_2L.png	unverified
D90-6-01316	ئېكۋاتور	headword	101_2L.png	unverified
D90-6-01318	ئېكۋاتور كىلىماتى	headword	102_1R.png	verified
D90-6-01319	ئېكۋاتور ھاۋا ماسسىسى	headword	102_1R.png	unverified
D90-6-01320	ئېكۋاتور يۇلتۇز تۈركۈملىرى	headword	102_1R.png	unverified
D90-6-01321	ئېكۋىۋالېنت	headword	102_1R.png	unverified
D90-6-01322	ئېكۋىۋالېنت پرىنسىپى	headword	102_1R.png	unverified
D90-6-01323	ئېكۋىۋالېنت قويۇقلۇق	headword	102_2L.png	unverified
D90-6-01324	ئېكۋىۋالېنت نۇقتا	headword	102_2L.png	unverified
D90-6-01325	ئېكەش	headword	102_2L.png	unverified
D90-6-01326	ئېكىن	headword	102_2L.png	unverified
D90-6-01327	ئېكىنزار	headword	102_2L.png	unverified
D90-6-01328	ئېكىنزارلىق	headword	102_2L.png	unverified
D90-6-01329	ئېكىنلىك	headword	102_2L.png	unverified
D90-6-01330	ئېگەر	headword	103_1R.png	unverified
D90-6-01335	ئېگەرچى	headword	103_1R.png	unverified
D90-6-01336	ئېگەرچىلىك	headword	103_1R.png	unverified
D90-6-01337	ئېگەرسىز	headword	103_1R.png	unverified
D90-6-01338	ئېگەرسمان	headword	103_2L.png	unverified
D90-6-01340	ئېگەرلەتمەك	headword	103_2L.png	unverified
D90-6-01342	ئېگەرلەكلىك	headword	103_2L.png	unverified
D90-6-01343	ئېگەرلەنمەك	headword	103_2L.png	unverified
D90-6-01344	ئېگەرلىك	headword	103_2L.png	unverified
D90-6-01345	ئېگەرلىمەك	headword	103_2L.png	unverified
D90-6-01346	ئېگىچە	headword	103_2L.png	unverified
D90-6-01347	ئېگىچە-سېڭىللار	headword	103_2L.png	unverified
D90-6-01348	ئېگىر	headword	104_1R.png	unverified
D90-6-01349	ئېگىرتمەك	headword	104_1R.png	unverified
D90-6-01350	ئېگىرمەك	headword	104_1R.png	unverified
D90-6-01351	ئېگىرىشمەك	headword	104_1R.png	unverified
D90-6-01352	ئېگىرىلمەك	headword	104_1R.png	unverified
D90-6-01353	ئېگىز	headword	104_1R.png	unverified
D90-6-01354	ئېگىز باربېر	headword	104_2L.png	unverified
D90-6-01355	ئېگىز باربېر مۇسابىقىسى	headword	104_2L.png	unverified
D90-6-01356	ئېگىز بۇلۇت	headword	104_2L.png	unverified
D90-6-01357	ئېگىز تاغ بۆكىنى	headword	104_2L.png	unverified
D90-6-01358	ئېگىز تاغ جەرىنى	headword	104_2L.png	unverified
D90-6-01359	ئېگىز تاغ گۈل بىنەپتىسى	headword	104_2L.png	unverified
D90-6-01360	ئېگىز تاغ ئىقلىمى	headword	105_1R.png	unverified
D90-6-01361	ئېگىز تەكسىلىك	headword	105_1R.png	unverified
D90-6-01362	ئېگىز توپ بۇلۇت	headword	105_1R.png	verified
D90-6-01363	ئېگىزگە سەكرەش	headword	105_1R.png	unverified
D90-6-01364	ئېگىز شاخقا ئېسىلماق	headword	105_1R.png	unverified
D90-6-01365	ئېگىز غوللۇق پۈۋەكگۈل	headword	105_2L.png	unverified
D90-6-01366	ئېگىز قاتلاملىق بۇلۇت	headword	105_2L.png	unverified
D90-6-01367	ئېگىز قاڭقىللار	headword	105_2L.png	verified
D90-6-01367-v1	قاڭقىللار	variant	105_2L.png	verified
D90-6-01368	ئېگىز ئوقۇردىن يەم يېمەك	headword	105_2L.png	unverified
D90-6-01369	ئېگىز-پەس	headword	105_2L.png	unverified
D90-6-01370	ئېگىز-پەس تورنىك	headword	105_2L.png	unverified
D90-6-01371	ئېگىز-پەس گەپ	headword	106_1R.png	unverified
D90-6-01372	ئېگىز-پەسلىك	headword	106_1R.png	unverified
D90-6-01373	ئېگىزلەتمەك	headword	106_1R.png	unverified
D90-6-01374	ئېگىزلەشمەك	headword	106_1R.png	unverified
D90-6-01375	ئېگىزلەنمەك	headword	106_1R.png	unverified
D90-6-01376	ئېگىزلىك	headword	106_1R.png	unverified
D90-6-01378	ئېگىزلىك ئىقلىم بەلبېغى	headword	106_2L.png	unverified
D90-6-01380	ئېگىشمەك	headword	106_2L.png	unverified
D90-6-01381	ئېگىك	headword	106_2L.png	unverified
D90-6-01382	ئېگىلەڭگۈ	headword	106_2L.png	unverified
D90-6-01383	ئېگىلدۈرمەك	headword	106_2L.png	unverified
D90-6-01384	ئېگىلمەس	headword	106_2L.png	unverified
D90-6-01385	ئېگىلمەس-سۇنماس	headword	106_2L.png	unverified
D90-6-01386	ئېگىلمەك	headword	107_1R.png	unverified
D90-6-01387	ئېگىلمەي-سۇنماي	headword	107_1R.png	unverified
D90-6-01388	ئېگىلىش	headword	107_1R.png	unverified
D90-6-01393	ئېگىلىشچان	headword	107_1R.png	unverified
D90-6-01394	ئېگىلىشچانلىق	headword	107_2L.png	unverified
D90-6-01395	ئېگىن	headword	107_2L.png	unverified
D90-6-01396	ئېگىن-ئاياغ	headword	107_2L.png	unverified
D90-6-01397	ئېڭەك	headword	107_2L.png	unverified
D90-6-01403	ئېڭەكلىك	headword	108_1R.png	unverified
D90-6-01404	ئېڭىز	headword	108_1R.png	unverified
D90-6-01405	ئېڭىز ئالماشتۇرۇش	headword	108_1R.png	unverified
D90-6-01406	ئېڭىز تېرىلغۇسى	headword	108_1R.png	unverified
D90-6-01407	ئېڭىزلىق	headword	108_1R.png	unverified
D90-6-01408	ئېڭىشەڭگۈ	headword	108_1R.png	unverified
D90-6-01409	ئېڭىشتۈرمەك	headword	108_1R.png	unverified
D90-6-01410	ئېڭىشتۈرۈلمەك	headword	108_1R.png	unverified
D90-6-01411	ئېڭىشمە	headword	108_1R.png	unverified
D90-6-01413	ئېڭىشمەك	headword	108_2L.png	unverified
D90-6-01414	ئېڭىشىشمەك	headword	108_2L.png	unverified
D90-6-01415	ئېڭىل	nonstandard	108_2L.png	unverified
D90-6-01416	ئېلاستىك	headword	108_2L.png	unverified
D90-6-01420	ئېلاستىك توقۇلما	headword	109_1R.png	unverified
D90-6-01421	ئېلاستىك جىسىم	headword	109_1R.png	unverified
D90-6-01422	ئېلاستىك دېفورماتسىيە	headword	109_1R.png	unverified
D90-6-01423	ئېلاستىك سوقۇلۇش	headword	109_1R.png	unverified
D90-6-01424	ئېلاستىك كۈچ	headword	109_1R.png	unverified
D90-6-01425	ئېلاستىكلىق	headword	109_2L.png	unverified
D90-6-01430	ئېلان	headword	110_1R.png	unverified
D90-6-01431	ئېلان قىلماق	headword	110_1R.png	unverified
D90-6-01432	ئېلانچى	headword	110_1R.png	unverified
D90-6-01433	ئېللىپىس	headword	110_1R.png	unverified
D90-6-01434	ئېللىپسلىق	headword	110_2L.png	unverified
D90-6-01436	ئېللىپسوگراف	headword	110_2L.png	unverified
D90-6-01437	ئېللىپسوئىد	headword	110_2L.png	unverified
D90-6-01438	ئېلۈنچۈن	headword	110_2L.png	unverified
D90-6-01440	ئېلۈنچۈنلەر	headword	110_2L.png	unverified
D90-6-01441	ئېلۈنچۈنچە	headword	111_1R.png	unverified
D90-6-01442	ئېلېئا	headword	111_1R.png	unverified
D90-6-01443	ئېلېئاچىلار	headword	111_1R.png	unverified
D90-6-01444	ئېلېكتىر	headword	111_1R.png	unverified
D90-6-01445	ئېلېكتر ئاچقۇچ	headword	111_2L.png	unverified
D90-6-01446	ئېلېكتر بۇرغا	headword	111_2L.png	unverified
D90-6-01447	ئېلېكتر بېسىمىنى ئۆزگەرتىش پونكىتى	headword	111_2L.png	unverified
D90-6-01448	ئېلېكتر بىلەن ھەل بېرىش	headword	111_2L.png	unverified
D90-6-01449	ئېلېكتر پاتېفون	headword	112_1R.png	unverified
D90-6-01450	ئېلېكتر پاراۋوز	headword	112_1R.png	unverified
D90-6-01451	ئېلېكتر پوتېنسىئاللار ئايرىمىسى	headword	112_1R.png	unverified
D90-6-01452	ئېلېكتر پوتېنسىئالى	headword	112_1R.png	unverified
D90-6-01453	ئېلېكتر تەكشىلىكى	headword	112_1R.png	unverified
D90-6-01454	ئېلېكتر تورى	headword	112_2L.png	unverified
D90-6-01455	ئېلېكتر توكى	headword	112_2L.png	unverified
D90-6-01456	ئېلېكتر تۇراقلىق سانى	headword	112_2L.png	unverified
D90-6-01457	ئېلېكتر تېخنىكىسى	headword	112_2L.png	unverified
D90-6-01458	ئېلېكتر چىراغ	headword	112_2L.png	unverified
D90-6-01459	ئېلېكتر خىمىيىسى	headword	112_2L.png	unverified
D90-6-01520	ئېلېكتروخىمىيە	headword	118_1R.png	unverified
D90-6-01460	ئېلېكتر دولقۇنى	headword	112_2L.png	unverified
D90-6-01489	ئېلېكتر ماگنىت دولقۇنى	headword	115_1R.png	unverified
D90-6-01461	ئېلېكتر دۋىگاتېل	headword	112_2L.png	unverified
D90-6-01462	ئېلېكتر دىنامىكا	headword	113_1R.png	unverified
D90-6-01463	ئېلېكتر رېزونانىسى	headword	113_1R.png	unverified
D90-6-01464	ئېلېكتر زەرىتى	headword	113_1R.png	unverified
D90-6-01464-v1	زەرەت	variant	113_1R.png	unverified
D90-6-01465	ئېلېكتر زەنجىرى	headword	113_1R.png	unverified
D90-6-01466	ئېلېكتر سايمانلىرى	headword	113_1R.png	unverified
D90-6-01467	ئېلېكتر ستا تىك بىرلىكلەر سىستېمىسى	headword	113_1R.png	unverified
D90-6-01468	ئېلېكتر ستا تىك تېزلەتكۈچ	headword	113_1R.png	unverified
D90-6-01469	ئېلېكتر ستا تىك ئايرىلىش	headword	113_1R.png	unverified
D90-6-01470	ئېلېكتر ستاتىك ئىندۇكسيىسى	headword	113_2L.png	unverified
D90-6-01471	ئېلېكتر سىغىمى	headword	113_2L.png	unverified
D90-6-01472	ئېلېكتر شامالدۇرغۇچ	headword	113_2L.png	unverified
D90-6-01473	ئېلېكتر قارشىلىقى	headword	113_2L.png	unverified
D90-6-01474	ئېلېكتر قۇتۇبى	headword	114_1R.png	unverified
D90-6-01475	ئېلېكتر قۇۋۋىتى	headword	114_1R.png	unverified
D90-6-01476	ئېلېكتر كاردىئوگراف	headword	114_1R.png	unverified
D90-6-01477	ئېلېكتر كاردىئوگرامما	headword	114_1R.png	unverified
D90-6-01478	ئېلېكتر كۆۋرۈكى	headword	114_1R.png	unverified
D90-6-01479	ئېلېكتر كۈچ سىزىقلىرى	headword	114_2L.png	unverified
D90-6-01480	ئېلېكتر كۈچى	headword	114_2L.png	unverified
D90-6-01481	ئېلېكتر كۈچى سىستېمىسى	headword	114_2L.png	unverified
D90-6-01482	ئېلېكتر گەردىشى	headword	114_2L.png	unverified
D90-6-01483	ئېلېكتر لامپىسى	headword	115_1R.png	unverified
D90-6-01484	ئېلېكتر لىنىيىسى	headword	115_1R.png	unverified
D90-6-01485	ئېلېكتر ماشىنىلىرى	headword	115_1R.png	unverified
D90-6-01486	ئېلېكتر ماگنېتىزم	headword	115_1R.png	unverified
D90-6-01487	ئېلېكتر ماگنىت	headword	115_1R.png	unverified
D90-6-01488	ئېلېكتر ماگنىت تەۋرىنىشى	headword	115_1R.png	unverified
D90-6-01490	ئېلېكتر ماگنىت رادىئاتسىيىسى	headword	115_2L.png	unverified
D90-6-01491	ئېلېكتر ماگنىت مەيدانى	headword	115_2L.png	unverified
D90-6-01492	ئېلېكتر ماگنىت ئىندۇكسىيىسى	headword	115_2L.png	unverified
D90-6-01493	ئېلېكتر مەنپىيلىكى	headword	115_2L.png	unverified
D90-6-01494	ئېلېكتر مەيدانى	headword	115_2L.png	unverified
D90-6-01495	ئېلېكتر مەيدان ئېنېرگىيىسى	headword	116_1R.png	unverified
D90-6-01496	ئېلېكتر ئۆتكۈزگۈچ	headword	116_1R.png	unverified
D90-6-01497	ئېلېكتر ئېنېرگىيە سىستېمىسى	headword	116_1R.png	unverified
D90-6-01498	ئېلېكتر ئېنېرگىيىسى	headword	116_1R.png	unverified
D90-6-01499	ئېلېكتر ئىزولياتورى	headword	116_1R.png	unverified
D90-6-01500	ئېلېكتر ئىستانسىسى	headword	116_1R.png	unverified
D90-6-01501	ئېلېكتر ئىشى	headword	116_1R.png	unverified
D90-6-01502	ئېلېكتر ئىلىمى	headword	116_2L.png	unverified
D90-6-01503	ئېلېكتر ئىندۇكتىپلىق	headword	116_2L.png	unverified
D90-6-01504	ئېلېكتر يايى	headword	116_2L.png	unverified
D90-6-01505	ئېلېكتر يايى بىلەن كەپشەرلەش	headword	116_2L.png	unverified
D90-6-01506	ئېلېكتر يايى ئۇسۇلى	headword	116_2L.png	unverified
D90-6-01507	ئېلېكتر يولى	headword	117_1R.png	unverified
D90-6-01508	ئېلېكتر يۈرگۈزگۈچى كۈچ	headword	117_1R.png	unverified
D90-6-01509	ئېلېكترلەشتۈرمەك	headword	117_1R.png	unverified
D90-6-01510	ئېلېكترلەشتۈرۈلمەك	headword	117_1R.png	verified
D90-6-01511	ئېلېكترلەشكەن	headword	117_1R.png	unverified
D90-6-01513	ئېلېكترلەشمەك	headword	117_1R.png	unverified
D90-6-01514	ئېلېكترلىك	headword	117_2L.png	unverified
D90-6-01515	ئېلېكترلىك توڭلىتىش ساندۇقى	headword	117_2L.png	unverified
D90-6-01516	ئېلېكترلىك چارلاش	headword	117_2L.png	unverified
D90-6-01517	ئېلېكترلىك قۇدۇق	headword	117_2L.png	unverified
D90-6-01518	ئېلېكترلىك قۇدۇق ئۆلچەش	headword	117_2L.png	unverified
D90-6-01519	ئېلېكترلىك گۆش توغراش ماشىنىسى	headword	118_1R.png	unverified
D90-6-01521	ئېلېكتروخىمىيىۋى	headword	118_1R.png	unverified
D90-6-01523	ئېلېكتروخىمىيىۋى كورروزىيە	headword	118_2L.png	unverified
D90-6-01524	ئېلېكتروخىمىيىۋى ئېكۋىۋالېنت	headword	118_2L.png	unverified
D90-6-01525	ئېلېكترود	headword	118_2L.png	unverified
D90-6-01526	ئېلېكترود پوتېنتسىئالى	headword	118_2L.png	unverified
D90-6-01527	ئېلېكترودىئالىز	headword	118_2L.png	unverified
D90-6-01528	ئېلېكتروكاردىئوگراف	headword	118_2L.png	unverified
D90-6-01529	ئېلېكتروسكوپ	headword	118_2L.png	unverified
D90-6-01530	ئېلېكتروفور	headword	118_2L.png	unverified
D90-6-01531	ئېلېكتروفورىز	headword	119_1R.png	unverified
D90-6-01532	ئېلېكتروكاردىئوگرافىيە	headword	119_1R.png	unverified
D90-6-01533	ئېلېكتروكاردىئۇگرامما	headword	119_1R.png	unverified
D90-6-01534	ئېلېكترولىت	headword	119_1R.png	unverified
D90-6-01535	ئېلېكترولىز	headword	119_1R.png	unverified
D90-6-01536	ئېلېكترولىزلىماق	headword	119_1R.png	unverified
D90-6-01537	ئېلېكترومېتىر	headword	119_2L.png	unverified
D90-6-01538	ئېلېكترون	headword	119_2L.png	unverified
D90-6-01540	ئېلېكترون توپى	headword	119_2L.png	unverified
D90-6-01540-v1	ئېلېكترون دەستىسى	variant	119_2L.png	unverified
D90-6-01541	ئېلېكترون تۇمانى	headword	120_1R.png	unverified
D90-6-01542	ئېلېكترون چاقماق	headword	120_1R.png	unverified
D90-6-01543	ئېلېكترون قەۋەتلەر	headword	120_1R.png	unverified
D90-6-01544	ئېلېكترونلار دەستىسى	headword	120_1R.png	unverified
D90-6-01545	ئېلېكترونلار ئېقىمى	headword	120_1R.png	unverified
D90-6-01547	ئېلېكترون مىكروسكوپ	headword	120_2L.png	unverified
D90-6-01548	ئېلېكترون مىلتىقى	headword	120_2L.png	unverified
D90-6-01549	ئېلېكترون نەزەرىيىسى	headword	120_2L.png	unverified
D90-6-01550	ئېلېكترون ئوپتىكىسى	headword	121_1R.png	unverified
D90-6-01551	ئېلېكترون ۋولت	headword	121_1R.png	unverified
D90-6-01552	ئېلېكترون ئىككىلەمچى قەۋەت	headword	121_1R.png	unverified
D90-6-01553	ئېلېكترونلۇق	headword	121_1R.png	unverified
D90-6-01555	ئېلېكترونلۇق مۈزىكا	headword	121_2L.png	unverified
D90-6-01556	ئېلېكترونلۇق مىكروسكوپ	headword	121_2L.png	unverified
D90-6-01557	ئېلېكترونلۇق ھېسابلاش ماشىنىسى	headword	121_2L.png	unverified
D90-6-01558	ئېلېكترونىكا	headword	121_2L.png	unverified
D90-6-01559	ئېلېكتروئۇگول	headword	121_2L.png	unverified
D90-6-01560	ئېلېكتروڭوز	headword	121_2L.png	unverified
D90-6-01561	ئېلېكترىزاتور	headword	121_2L.png	unverified
D90-6-01562	ئېلېگىيە	headword	122_1R.png	unverified
D90-6-01563	ئېلېمېنت	headword	122_1R.png	unverified
D90-6-01566	ئېلېمېنتلار دەۋرىي قانۇنى	headword	122_2L.png	unverified
D90-6-01567	ئېلېمېنتلار ئورگانىك بىرىكمىلىرى	headword	122_2L.png	unverified
D90-6-01568	ئېلېمېنتار	headword	122_2L.png	unverified
D90-6-01569	ئېلېمېنتار رېئاكسىيە	headword	122_2L.png	unverified
D90-6-01570	ئېلېمېنتار فۇنكسىيە	headword	122_2L.png	unverified
D90-6-01571	ئېلېمېنتار ھادىسە	headword	122_2L.png	unverified
D90-6-01572	ئېلىپ	headword	122_2L.png	unverified
D90-6-01573	ئېلىپنى بە دېيەلمەسلىك	headword	122_2L.png	unverified
D90-6-01573-v1	ئېلىپنىڭ سۇنۇقنى بىلمەسلىك	variant	122_2L.png	unverified
D90-6-01574	ئېلىپنى كالتەك دېيەلمەسلىك	headword	123_1R.png	unverified
D90-6-01575	ئېلىپنىڭ سۇنۇقىنى بىلمەسلىك	headword	123_1R.png	unverified
D90-6-01576	ئېلىپنىڭ سۇنۇقىنى تونۇماسلىق	headword	123_1R.png	unverified
D90-6-01578	ئېلىپ بارماق	headword	123_1R.png	unverified
D90-6-01579	ئېلىپبە	headword	123_1R.png	unverified
D90-6-01580	ئېلىپبە جەدۋىلى	headword	123_1R.png	unverified
D90-6-01581	ئېلىپبەلىك	headword	123_2L.png	unverified
D90-6-01583	ئېلىپتەك	headword	123_2L.png	unverified
D90-6-01584	ئېلىپساتار	headword	123_2L.png	unverified
D90-6-01585	ئېلىپساتارلىق	headword	123_2L.png	unverified
D90-6-01586	ئېلىپ-سېتىش	headword	123_2L.png	unverified
D90-6-01587	ئېلىش	headword	123_2L.png	unverified
D90-6-01589	ئېلىش بەلگىسى	headword	124_1R.png	unverified
D90-6-01590	ئېلىش بېشى	headword	124_1R.png	unverified
D90-6-01593	ئېلىشما	headword	124_1R.png	unverified
D90-6-01594	ئېلىشماق	headword	124_1R.png	unverified
D90-6-01595	ئېلىشىش	headword	124_1R.png	unverified
D90-6-01596	ئېلىشىغا	headword	124_1R.png	unverified
D90-6-01597	ئېلىق	headword	124_1R.png	unverified
D90-6-01598	ئېلىك	headword	124_1R.png	unverified
D90-6-01599	ئېلىڭ-سېلىڭ	headword	124_2L.png	unverified
D90-6-01600	ئېلىم	headword	124_2L.png	unverified
D90-6-01601	ئېلىم-بېرىم	headword	124_2L.png	unverified
D90-6-01603	ئېلىم-سېتىم	headword	124_2L.png	unverified
D90-6-01604	ئېلىنغۇچى	headword	125_1R.png	unverified
D90-6-01605	ئېلىنماق	headword	125_1R.png	unverified
D90-6-01606	ئېلىۋەتكەن	headword	125_1R.png	unverified
D90-6-01608	ئېلىۋەتمەك	headword	125_1R.png	unverified
D90-6-01609	ئېمال	headword	125_1R.png	unverified
D90-6-01610	ئېماللىق	headword	125_2L.png	unverified
D90-6-01611	ئېمان	headword	125_2L.png	unverified
D90-6-01612	ئېمەن	headword	125_2L.png	unverified
D90-6-01612-v1	ئېمەن پىلىسى	variant	125_2L.png	unverified
D90-6-01614	ئېمبارگو	headword	125_2L.png	verified
D90-6-01615	ئېمبول	headword	125_2L.png	verified
D90-6-01616	ئېمبولىيە	headword	125_2L.png	unverified
D90-6-01617	ئېمبىرىئولوگىيە	headword	125_2L.png	unverified
D90-6-01618	ئېموتسئونال	headword	126_1R.png	unverified
D90-6-01619	ئېموتسيە	headword	126_1R.png	unverified
D90-6-01620	ئېمۇلسىيە	headword	126_1R.png	unverified
D90-6-01621	ئېمۇلسىيەلەشتۈرۈش	headword	126_1R.png	unverified
D90-6-01622	ئېمۇلسىيىلىگۈچى	headword	126_1R.png	unverified
D90-6-01623	ئېمۇلسىيىلىمەك	headword	126_2L.png	unverified
D90-6-01624	ئېمىتكۈچى	headword	126_2L.png	unverified
D90-6-01626	ئېمىتمەك	headword	126_2L.png	unverified
D90-6-01627	ئېمىتىشمەك	headword	126_2L.png	unverified
D90-6-01628	ئېمىتىلمەك	headword	126_2L.png	unverified
D90-6-01629	ئېمىزەك	headword	126_2L.png	unverified
D90-6-01630	ئېمىزگۈ	headword	126_2L.png	unverified
D90-6-01631	ئېمىزىمەك	headword	126_2L.png	unverified
D90-6-01632	ئېمىشمەك	headword	127_1R.png	unverified
D90-6-01633	ئېمىكداش	headword	127_1R.png	unverified
D90-6-01634	ئېمىلداش	headword	127_1R.png	unverified
D90-6-01635	ئېمىلداشلىق	headword	127_1R.png	unverified
D90-6-01636	ئېمىن	headword	127_1R.png	unverified
D90-6-01637	ئېن	headword	127_1R.png	unverified
D90-6-01638	ئېنە	headword	127_1R.png	unverified
D90-6-01639	ئېنتالپىيە	headword	127_1R.png	unverified
D90-6-01640	ئېنتروپىيە	headword	127_1R.png	unverified
D90-6-01642	ئېنتومولوگىيە	headword	127_2L.png	unverified
D90-6-01643	ئېنتېرۋال	headword	127_2L.png	unverified
D90-6-01644	ئېندوسپورا	headword	127_2L.png	unverified
D90-6-01645	ئېنزىم	headword	127_2L.png	unverified
D90-6-01646	ئېنزىم ئاقسىلى	headword	128_1R.png	unverified
D90-6-01647	ئېنزىم گېنى	headword	128_1R.png	unverified
D90-6-01648	ئېنستاتىت	headword	128_1R.png	unverified
D90-6-01649	ئېنسىكلوپېدىيە	headword	128_1R.png	unverified
D90-6-01650	ئېنېرگېتىكا	headword	128_1R.png	unverified
D90-6-01651	ئېنېرگىيە	headword	128_1R.png	unverified
D90-6-01652	ئېنېرگىيە پىرامىدىسى	headword	128_2L.png	unverified
D90-6-01653	ئېنېرگىيە دەرىجىسى	headword	128_2L.png	unverified
D90-6-01654	ئېنېرگىيە زونىسى	headword	129_1R.png	unverified
D90-6-01655	ئېنېرگىيە زىچلىقى	headword	129_1R.png	unverified
D90-6-01656	ئېنېرگىيە مەنبەسى	headword	129_1R.png	unverified
D90-6-01657	ئېنېرگىيە مېتابولىزىمى	headword	129_1R.png	unverified
D90-6-01658	ئېنېرگىيە ئۆتۈشۈشى	headword	129_1R.png	unverified
D90-6-01659	ئېنېرگىيە ئۆزگەرتكۈچ	headword	129_2L.png	unverified
D90-6-01660	ئېنېرگىيە ئېقىمى	headword	129_2L.png	unverified
D90-6-01661	ئېنېرگىيىنىڭ ئايلىنىش ۋە ساقلىنىش قانۇنى	headword	129_2L.png	unverified
D90-6-01662	ئېنېرگىيىنىڭ ساقلىنىش قانۇنى	headword	129_2L.png	unverified
D90-6-01663	ئېنېرگىيىچىلىك	headword	130_1R.png	unverified
D90-6-01664	ئېنىتېلېفىئا	headword	130_1R.png	unverified
D90-6-01665	ئېنىق	headword	130_1R.png	unverified
D90-6-01666	ئېنىق بۆلۈنمە	headword	130_2L.png	unverified
D90-6-01667	ئېنىق سان	headword	130_2L.png	verified
D90-6-01668	ئېنىق سىزىقلىق سپېكتر	headword	130_2L.png	unverified
D90-6-01669	ئېنىق كۆرۈش ئارىلىقى	headword	130_2L.png	unverified
D90-6-01670	ئېنىق ئوخشىتىش	headword	130_2L.png	verified
D90-6-01671	ئېنىق ئىنتېگرال	headword	130_2L.png	unverified
D90-6-01672	ئېنىقسىز	headword	131_1R.png	unverified
D90-6-01674	ئېنىقسىزلىق	headword	131_1R.png	unverified
D90-6-01676	ئېنىقلاتماق	headword	131_2L.png	unverified
D90-6-01677	ئېنىقلاش	headword	131_2L.png	unverified
D90-6-01678	ئېنىقلاشماق	headword	131_2L.png	unverified
D90-6-01679	ئېنىقلانغۇچى	headword	131_2L.png	unverified
D90-6-01680	ئېنىقلانماق	headword	131_2L.png	unverified
D90-6-01681	ئېنىقلىغۇچى	headword	131_2L.png	unverified
D90-6-01682	ئېنىقلىق	headword	132_1R.png	unverified
D90-6-01683	ئېنىقلىما	headword	132_1R.png	unverified
D90-6-01684	ئېنىقلىماق	headword	132_1R.png	unverified
D90-6-01685	ئېنىمەك	headword	132_2L.png	unverified
D90-6-01686	ئېھ	headword	132_2L.png	verified
D90-6-01687	ئېھتىرام	headword	132_2L.png	unverified
D90-6-01690	ئېھتىلام	headword	132_2L.png	unverified
D90-6-01692	ئېھتىمال	headword	133_1R.png	verified
D90-6-01693	ئېھتىماللاشماق	headword	133_2L.png	unverified
D90-6-01694	ئېھتىماللىق	headword	133_2L.png	unverified
D90-6-01697	ئېھتىيات	headword	133_2L.png	unverified
D90-6-01699	ئېھتىيات قىلماق	headword	134_1R.png	unverified
D90-6-01700	ئېھتىيات ئېگىزلىكى	headword	134_1R.png	unverified
D90-6-01701	ئېھتىيات ئىشىكى	headword	134_1R.png	unverified
D90-6-01702	ئېھتىياتەن	headword	134_1R.png	unverified
D90-6-01703	ئېھتىياتچان	headword	134_1R.png	unverified
D90-6-01704	ئېھتىياتچان بولماق	headword	134_1R.png	unverified
D90-6-01705	ئېھتىياتچانلىق	headword	134_1R.png	unverified
D90-6-01706	ئېھتىياتسىز	headword	134_1R.png	unverified
D90-6-01707	ئېھتىياتسىزلىق	headword	134_1R.png	unverified
D90-6-01708	ئېھتىياتلىق	headword	134_2L.png	unverified
D90-6-01709	ئېھتىياج	headword	134_2L.png	unverified
D90-6-01712	ئېھتىياجسىز	headword	134_2L.png	unverified
D90-6-01714	ئېھتىياجلىق	headword	134_2L.png	unverified
D90-6-01716	ئېھرام	headword	135_1R.png	unverified
D90-6-01717	ئېھسان	headword	135_1R.png	unverified
D90-6-01718	ئېئوت	headword	135_1R.png	unverified
D90-6-01719	ئېۋالد	headword	135_1R.png	unverified
D90-6-01719-v1	ئېۋالد سفېراسى	variant	135_1R.png	unverified
D90-6-01721	ئېۋەن	headword	135_1R.png	unverified
D90-6-01722	ئېۋەن پىچىقى	headword	135_2L.png	unverified
D90-6-01723	ئېۋەن تاپماق	headword	135_2L.png	unverified
D90-6-01724	ئېۋەن قويماق	headword	135_2L.png	unverified
D90-6-01725	ئېۋەنسىز	headword	135_2L.png	unverified
D90-6-01726	ئېۋەنلىك	headword	135_2L.png	unverified
D90-6-01727	ئېۋەنلىمەك	headword	135_2L.png	unverified
D90-6-01728	ئېۋفوربىيە	headword	135_2L.png	unverified
D90-6-01729	ئېۋفوربىيە چاتقىلى	headword	135_2L.png	unverified
D90-6-01730	ئېۋفىمىزم	headword	136_1R.png	verified
D90-6-01731	ئېۋكالىپت	headword	136_1R.png	unverified
D90-6-01731-v1	ئېۋكالىپت دەرىخى	variant	136_1R.png	unverified
D90-6-01733	ئېۋكلىد	headword	136_2L.png	unverified
D90-6-01736	ئېۋكوممىيە	headword	136_2L.png	unverified
D90-6-01736-v1	ئېۋكوممىيە دەرىخى	variant	136_2L.png	unverified
D90-6-01739	ئېۋگلىنا	headword	137_1R.png	unverified
D90-6-01740	ئېۋگېنىكا	headword	137_1R.png	unverified
D90-6-01741	ئېۋودىيە	headword	137_1R.png	unverified
D90-6-01742	ئېۋودىيە دەرىخى	headword	137_1R.png	unverified
D90-6-01743	ئېۋولۇتسىيە	headword	137_1R.png	unverified
D90-6-01744	ئېۋېنكې	headword	137_2L.png	unverified
D90-6-01745	ئېۋېنكې تىلى	headword	137_2L.png	unverified
D90-6-01746	ئېۋېنكېچە	headword	137_2L.png	unverified
D90-6-01747	ئېۋېنكېلار	headword	137_2L.png	unverified
D90-6-01748	ئېيتايلۇق	headword	138_1R.png	unverified
D90-6-01749	ئېيتقاندەك	headword	138_1R.png	unverified
D90-6-01750	ئېيتقۇزماق	headword	138_1R.png	unverified
D90-6-01751	ئېيتقۇسىز	headword	138_1R.png	unverified
D90-6-01752	ئېيتماق	headword	138_1R.png	unverified
D90-6-01753	ئېيتىشماق	headword	138_2L.png	unverified
D90-6-01754	ئېيتىشىش	headword	138_2L.png	unverified
D90-6-01755	ئېيتىلماق	headword	138_2L.png	unverified
D90-6-01756	ئېيلېر	headword	138_2L.png	unverified
D90-6-01757	ئېيلىر بۇلۇڭى	headword	139_1R.png	unverified
D90-6-01758	ئېينىشتېين	headword	139_1R.png	unverified
D90-6-01759	ئېينىشتېين كوئېففىتسېنتى	headword	139_1R.png	unverified
D90-6-01760	ئېينىشتېين مۇناسىۋىتى	headword	139_1R.png	unverified
D90-6-01761	ئېينىشتېين نىسبەتلىك پرىنسىپى	headword	139_1R.png	unverified
D90-6-01762	ئېينىشتېينىي	headword	139_1R.png	unverified
D90-6-01763	ئېيوتۋىيۇس	headword	139_1R.png	unverified
D90-6-01764	ئېيىق	headword	139_2L.png	unverified
D90-6-01767	ئېيىقتاپان	headword	140_1R.png	unverified
D90-6-01769	ئېيىقتاپانلار	headword	140_2L.png	unverified
D90-6-01770	ئېيىقسىمان	headword	140_2L.png	unverified
D90-6-01772	ئېيىقتۆزۈمى	headword	140_2L.png	unverified
D90-6-01773	ئېيىل	headword	140_2L.png	unverified
D90-6-01775	ئى	headword	141_1R.png	unverified
D90-6-01777	ئىئانە	headword	141_2L.png	unverified
D90-6-01779	ئىبادەت	headword	141_2L.png	unverified
D90-6-01780	ئىبادەت قىلماق	headword	142_1R.png	unverified
D90-6-01781	ئىبادەتگاھ	headword	142_1R.png	unverified
D90-6-01782	ئىبادەتخانا	headword	142_1R.png	unverified
D90-6-01783	ئىبادەتسىز	headword	142_1R.png	unverified
D90-6-01784	ئىبارە	headword	142_1R.png	unverified
D90-6-01785	ئىبارەت	headword	142_2L.png	unverified
D90-6-01786	ئىبەرتمەك	headword	142_2L.png	unverified
D90-6-01787	ئىبەرمەك	headword	142_2L.png	unverified
D90-6-01788	ئىبرانىي	headword	142_2L.png	unverified
D90-6-01788-v1	ئېرېيلار	variant	142_2L.png	unverified
D90-6-01789	ئىبرەت	headword	142_2L.png	unverified
D90-6-01790	ئىبرەت ئالماق	headword	143_1R.png	unverified
D90-6-01791	ئىبرەت قىلماق	headword	143_1R.png	unverified
D90-6-01792	ئىبرەتلەنمەك	headword	143_1R.png	unverified
D90-6-01793	ئىبرەتلىك	headword	143_1R.png	unverified
D90-6-01794	ئىبرەتنامە	headword	143_1R.png	unverified
D90-6-01795	ئىبرېي	headword	143_2L.png	verified
D90-6-01797	ئىبرېيلار	headword	143_2L.png	unverified
D90-6-01796	ئىبرېي تىلى	headword	143_2L.png	unverified
D90-6-01798	ئىبلىس	headword	143_2L.png	unverified
D90-6-01799	ئىبلىسلىق	headword	143_2L.png	unverified
D90-6-01800	ئىبېرى	headword	143_2L.png	unverified
D90-6-01801	ئىبېرىلار	headword	143_2L.png	unverified
D90-6-01802	ئىبېرىيە	headword	144_1R.png	unverified
D90-6-01804	ئىبېرىيە يېرىم ئارىلى	headword	144_1R.png	unverified
D90-6-01803	ئىبېرىيە-كاپكاز تىللىرى سىستېمىسى	headword	144_1R.png	unverified
D90-6-01805	ئىپادە	headword	144_1R.png	unverified
D90-6-01806	ئىپادە بىلدۈرمەك	headword	144_2L.png	unverified
D90-6-01807	ئىپادە قىلماق	headword	144_2L.png	unverified
D90-6-01808	ئىپادىنى لوگارىغمىلاش	headword	144_2L.png	unverified
D90-6-01809	ئىپادىچان	headword	145_1R.png	unverified
D90-6-01810	ئىپادىچانلىق	headword	145_1R.png	unverified
D90-6-01811	ئىپادىچىلەر	headword	145_1R.png	unverified
D90-6-01812	ئىپادىچىلىك	headword	145_1R.png	unverified
D90-6-01813	ئىپادىسىز	headword	145_2L.png	unverified
D90-6-01814	ئىپادىلەش	headword	145_2L.png	unverified
D90-6-01816	ئىپادىلەشمەك	headword	146_1R.png	unverified
D90-6-01817	ئىپادىلەنمەك	headword	146_1R.png	unverified
D90-6-01819	ئىپادىلىك	headword	146_1R.png	unverified
D90-6-01820	ئىپادىلىنىش	headword	146_1R.png	unverified
D90-6-01822	ئىپادىلىنىش دەرىجىسى	headword	146_2L.png	unverified
D90-6-01823	ئىپادىلىمەك	headword	146_2L.png	unverified
D90-6-01824	ئىپار	headword	146_2L.png	unverified
D90-6-01825	ئىپار چاشقىنى	headword	146_2L.png	unverified
D90-6-01826	ئىپار كالىسى	headword	147_1R.png	unverified
D90-6-01827	ئىپار كېيىكى	headword	147_1R.png	unverified
D90-6-01828	ئىپار كىتى	headword	147_1R.png	unverified
D90-6-01829	ئىپار-ئەنبەر	headword	147_2L.png	unverified
D90-6-01830	ئىپار-جەمبىل	headword	147_2L.png	unverified
D90-6-01831	ئىپار-زەپەر	headword	147_2L.png	unverified
D90-6-01832	ئىپارگۈل	headword	147_2L.png	unverified
D90-6-01833	ئىپارلىق	headword	147_2L.png	unverified
D90-6-01834	ئىپەك	nonstandard	147_2L.png	unverified
D90-6-08363	يىپەك	headword	745_2L.png	unverified
D90-6-01835	ئىپپەت	headword	147_2L.png	unverified
D90-6-01836	ئىپپەتكە تەگمەك	headword	148_1R.png	unverified
D90-6-01840	ئىپپەت-نومۇسىغا تەگمەك	headword	148_1R.png	unverified
D90-6-01837	ئىپپىتىنى ساتماق	headword	148_1R.png	unverified
D90-6-01841	ئىپپەت-نومۇسىنى ساتماق	headword	148_1R.png	unverified
D90-6-01838	ئىپپەتلىك	headword	148_1R.png	unverified
D90-6-01839	ئىپپەت-نومۇس	headword	148_1R.png	unverified
D90-6-01842	ئىپپەت-نومۇسلۇق	headword	148_2L.png	unverified
D90-6-01843	ئىپتار	headword	148_2L.png	unverified
D90-6-01844	ئىپتار قىلماق	headword	148_2L.png	unverified
D90-6-01845	ئىپتارچى	headword	148_2L.png	unverified
D90-6-01846	ئىپتارلىق	headword	148_2L.png	unverified
D90-6-01847	ئىپتىخار	headword	148_2L.png	unverified
D90-6-01848	ئىپتىخارلاندۇرماق	headword	149_1R.png	unverified
D90-6-01849	ئىپتىخارلانماق	headword	149_1R.png	unverified
D90-6-01850	ئىپتىخارلىق	headword	149_1R.png	unverified
D90-6-01851	ئىپتىدا	headword	149_2L.png	unverified
D90-6-01852	ئىپتىدائىي	headword	149_2L.png	unverified
D90-6-01854	ئىپتىدائىي ئادەم	headword	150_1R.png	unverified
D90-6-01856	ئىپتىدائىي توپ	headword	150_1R.png	unverified
D90-6-01857	ئىپتىدائىي تۇخۇم ھۈجەيرىسى	headword	150_1R.png	unverified
D90-6-01858	ئىپتىدائىي تىل	headword	150_2L.png	unverified
D90-6-01859	ئىپتىدائىي جامائە	headword	150_2L.png	unverified
D90-6-01860	ئىپتىدائىي جامائە تۈزۈمى	headword	150_2L.png	unverified
D90-6-01861	ئىپتىدائىي جامائە مۈلۈكچىلىكى	headword	150_2L.png	unverified
D90-6-01862	ئىپتىدائىي جانلىقلار	headword	151_1R.png	unverified
D90-6-01863	ئىپتىدائىي جەمئىيەت	headword	151_1R.png	unverified
D90-6-01864	ئىپتىدائىي خوردىلىقلار	headword	151_1R.png	unverified
D90-6-01865	ئىپتىدائىي ساۋات	headword	151_1R.png	unverified
D90-6-01866	ئىپتىدائىي سپېرما ھۈجەيرىسى	headword	151_1R.png	unverified
D90-6-01867	ئىپتىدائىي كالا	headword	151_2L.png	unverified
D90-6-01868	ئىپتىدائىي كۆپىيىش شەكلى	headword	151_2L.png	unverified
D90-6-01869	ئىپتىدائىي مەكتەپ	headword	151_2L.png	unverified
D90-6-01869-v1	باشلانغۇچ مەكتەپ	variant	151_2L.png	unverified
D90-6-01870	ئىپتىدائىي مىنېراللار	headword	151_2L.png	unverified
D90-6-01871	ئىپتىدائىي ھايۋانلار	headword	151_2L.png	unverified
D90-6-01872	ئىپتىدائىي ئورتاق گەۋدە	headword	151_2L.png	unverified
D90-6-01873	ئىپتىدائىي ئورمانلىق	headword	151_2L.png	unverified
D90-6-01874	ئىپتىدائىي ئۇقۇم	headword	152_1R.png	unverified
D90-6-01875	ئىپتىدائىي ئۆسۈملۈك	headword	152_1R.png	unverified
D90-6-01876	ئىپتىدائىي يادرو	headword	152_1R.png	unverified
D90-6-01877	ئىپتىدائىي يادرولۇق جانلىقلار	headword	152_1R.png	unverified
D90-6-01878	ئىپتىدائىي يادرولۇق ھۈجەيرە	headword	152_1R.png	unverified
D90-6-01879	ئىپتىدائىي يوپۇرماق	headword	152_1R.png	unverified
D90-6-01880	ئىپتىدائىي يوپۇرماقسىمان تەنچە	headword	152_2L.png	unverified
D90-6-01881	ئىپتىدائىي يېزا ئىگىلىكى باسقۇچى	headword	152_2L.png	unverified
D90-6-01882	ئىپتىدائىي يىپسىمان تەنچە	headword	152_2L.png	unverified
D90-6-01883	ئىپتىدائىيلاشتۇرماق	headword	152_2L.png	unverified
D90-6-01884	ئىپتىدائىيلاشتۇرۇلماق	headword	152_2L.png	unverified
D90-6-01885	ئىپتىدائىيلاشماق	headword	152_2L.png	unverified
D90-6-01886	ئىپتىدائىلىق	headword	153_1R.png	unverified
D90-6-01887	ئىپرىت	headword	153_1R.png	verified
D90-6-01888	ئىپرىت گازى	headword	153_1R.png	unverified
D90-6-01889	ئىپلاس	headword	153_1R.png	verified
D90-6-01890	ئىپلاسلارچە	headword	153_1R.png	unverified
D90-6-01891	ئىپلاسىچىلىق	headword	153_1R.png	unverified
D90-6-01892	ئىپلاسلاشماق	headword	153_1R.png	unverified
D90-6-01893	ئىپلاسلىق	headword	153_2L.png	unverified
D90-6-01894	ئىپومېيە	headword	153_2L.png	unverified
D90-6-01895	ئىت	headword	153_2L.png	unverified
D90-6-01897	ئىت باش ئورمان مۈشۈكى	headword	154_1R.png	unverified
D90-6-01898	ئىت بورسۇق	headword	154_1R.png	unverified
D90-6-01899	ئىت بولۇپ كېتەي	headword	154_1R.png	unverified
D90-6-01900	ئىت بۇلۇقى	headword	154_1R.png	unverified
D90-6-01914	ئىت ئۇۋىسى	headword	155_1R.png	unverified
D90-6-01901	ئىت بۈرگىسى	headword	154_1R.png	unverified
D90-6-01902	ئىت بېلىق	headword	154_2L.png	unverified
D90-6-01903	ئىت پوق يېمەستە	headword	154_2L.png	unverified
D90-6-01904	ئىت تالاشتۇرماق	headword	154_2L.png	unverified
D90-6-01905	ئىت خۇيى	headword	154_2L.png	unverified
D90-6-01908	ئىت مىجەز	headword	154_2L.png	unverified
D90-6-01906	ئىت چىۋىنى	headword	154_2L.png	unverified
D90-6-01907	ئىت مۇرۇن	headword	154_2L.png	unverified
D90-6-01907-v1	ئازغان	variant	154_2L.png	unverified
D90-6-01910	ئىتنىڭ بالىسى	headword	155_1R.png	unverified
D90-6-01911	ئىتنىڭ قۇرتىدەك	headword	155_1R.png	unverified
D90-6-01912	ئىتنىڭ كۈنى	headword	155_1R.png	unverified
D90-6-01913	ئىتنىڭ كۈنىنى كۆرمەك	headword	155_1R.png	unverified
D90-6-01915	ئىت ئۈچەي تېشى	headword	155_2L.png	unverified
D90-6-01916	ئىت ئېيىقى	headword	155_2L.png	unverified
D90-6-01917	ئىت يالىقى	headword	155_2L.png	unverified
D90-6-01918	ئىت يالىقىنى يالماق	headword	155_2L.png	unverified
D90-6-01919	ئىت يۈز	headword	155_2L.png	unverified
D90-6-01920	ئىت يىلى	headword	155_2L.png	unverified
D90-6-01921	ئىت يىلىدىن ئېشىەك يىلىغىچە	headword	155_2L.png	unverified
D90-6-01922	ئىتائەت	headword	156_1R.png	unverified
D90-6-01923	ئىتائەت قىلماق	headword	156_1R.png	unverified
D90-6-01924	ئىتائەتچان	headword	156_1R.png	unverified
D90-6-01925	ئىتائەتچانلىق	headword	156_1R.png	unverified
D90-6-01926	ئىتائەتسىز	headword	156_2L.png	unverified
D90-6-01927	ئىتائەتسىزلىك	headword	156_2L.png	unverified
D90-6-01928	ئىتائەتكار	headword	156_2L.png	unverified
D90-6-01929	ئىتائەتكارلىق	headword	156_2L.png	unverified
D90-6-01930	ئىتائەتكارانە	headword	156_2L.png	unverified
D90-6-01931	ئىتائەتلىك	headword	156_2L.png	unverified
D90-6-01932	ئىتائەتمەن	headword	157_1R.png	unverified
D90-6-01933	ئىتائەتمەنلەرچە	headword	157_1R.png	unverified
D90-6-01934	ئىتائەتمەنلىك	headword	157_1R.png	unverified
D90-6-01935	ئىتاچى	headword	157_1R.png	unverified
D90-6-01936	ئىتالغۇ	headword	157_1R.png	unverified
D90-6-01937	ئىتالىيان	headword	157_1R.png	verified
D90-6-01939	ئىتالىيانچە	headword	157_2L.png	unverified
D90-6-01940	ئىتالىيانلار	headword	157_2L.png	unverified
D90-6-01941	ئىتپەرەس	headword	157_2L.png	unverified
D90-6-01942	ئىتپەرەسلىك	headword	157_2L.png	unverified
D90-6-01943	ئىتتەرەتكۈزمەك	headword	157_2L.png	unverified
D90-6-01944	ئىتتەرتمەك	headword	157_2L.png	unverified
D90-6-01945	ئىتتەرمەك	headword	158_1R.png	unverified
D90-6-01947	ئىتتەك	headword	158_1R.png	unverified
D90-6-01948	ئىتترىي	headword	158_2L.png	unverified
D90-6-01949	ئىتتېربىي	headword	158_2L.png	unverified
D90-6-01950	ئىتتىپاق	headword	158_2L.png	unverified
D90-6-01953	ئىتتىپاق تۈزمىگەن دۆلەتلەر	headword	159_1R.png	unverified
D90-6-01954	ئىتتىپاقچى	headword	159_1R.png	unverified
D90-6-01955	ئىتتىپاقداش	headword	159_1R.png	unverified
D90-6-01957	ئىتتىپاقداشلىق	headword	159_1R.png	unverified
D90-6-01958	ئىتتىپاقسىز	headword	159_2L.png	unverified
D90-6-01959	ئىتتىپاقسىزلىق	headword	159_2L.png	unverified
D90-6-01960	ئىتتىپاقلاشتۇرماق	headword	159_2L.png	unverified
D90-6-01961	ئىتتىپاقلاشتۇرۇلماق	headword	159_2L.png	unverified
D90-6-01962	ئىتتىپاقلاشماق	headword	159_2L.png	unverified
D90-6-01963	ئىتتىپاقلىق	headword	159_2L.png	unverified
D90-6-01964	ئىتتىتمەك	headword	159_2L.png	unverified
D90-6-01965	ئىتتىرەتمەك	headword	159_2L.png	unverified
D90-6-01966	ئىتتىرمەك	nonstandard	160_1R.png	unverified
D90-6-01967	ئىتتىرىشمەك	headword	160_1R.png	unverified
D90-6-01968	ئىتتىرىلمەك	headword	160_1R.png	unverified
D90-6-01969	ئىتتىك	headword	160_1R.png	unverified
D90-6-01970	ئىتتىكلەتمەك	headword	160_1R.png	unverified
D90-6-01971	ئىتتىكلەشمەك	headword	160_2L.png	unverified
D90-6-01972	ئىتتىكلىك	headword	160_2L.png	unverified
D90-6-01973	ئىتتىكلىمەك	headword	160_2L.png	unverified
D90-6-01974	ئىتتىمەك	headword	161_1R.png	unverified
D90-6-01975	ئىتسىيگەك	headword	161_1R.png	unverified
D90-6-01976	ئىتلىق	headword	161_1R.png	unverified
D90-6-01977	ئىت-مۈشۈك	headword	161_1R.png	unverified
D90-6-01979	ئىتوت	headword	161_1R.png	verified
D90-6-01980	ئىتئۈزۈمى	headword	161_2L.png	unverified
D90-6-01981	ئىت-ئېشەك	headword	161_2L.png	unverified
D90-6-01982	ئىتياڭىقى	headword	161_2L.png	unverified
D90-6-01983	ئىجابەت	headword	161_2L.png	unverified
D90-6-01984	ئىجابەت ئەتمەك	headword	162_1R.png	unverified
D90-6-01986	ئىجابەت قىلماق	headword	162_1R.png	unverified
D90-6-01985	ئىجابەت بولماق	headword	162_1R.png	unverified
D90-6-01987	ئىجابەتلىك	headword	162_1R.png	unverified
D90-6-01988	ئىجابىي	headword	162_1R.png	unverified
D90-6-01990	ئىجابىي رول	headword	162_2L.png	unverified
D90-6-01991	ئىجابىي قەھرىمان	headword	162_2L.png	unverified
D90-6-01991-v1	ئىجابىي پېرسوناژ	variant	162_2L.png	unverified
D90-6-01992	ئىجابىي مەنى	headword	162_2L.png	unverified
D90-6-01993	ئىجابىي مەنىلىك سۆز	headword	162_2L.png	unverified
D90-6-01994	ئىجابىيلىق	headword	162_2L.png	unverified
D90-6-01995	ئىجاد	headword	162_2L.png	unverified
D90-6-01996	ئىجاد ئەتمەك	headword	162_2L.png	unverified
D90-6-01997	ئىجاد قىلماق	headword	162_2L.png	unverified
D90-6-01998	ئىجادچان	headword	162_2L.png	unverified
D90-6-01999	ئىجادچانلىق	headword	163_1R.png	unverified
D90-6-02000	ئىجادچى	headword	163_1R.png	unverified
D90-6-02001	ئىجادچىلىق	headword	163_1R.png	unverified
D90-6-02002	ئىجادكار	headword	163_1R.png	unverified
D90-6-02003	ئىجادكارلىق	headword	163_1R.png	unverified
D90-6-02004	ئىجادگاھ	headword	163_1R.png	verified
D90-6-02005	ئىجادىي	headword	163_1R.png	unverified
D90-6-02006	ئىجادىي ئەمگەك	headword	163_2L.png	unverified
D90-6-02007	ئىجادىي خىيال	headword	163_2L.png	unverified
D90-6-02008	ئىجادىي ماركسىزم	headword	163_2L.png	unverified
D90-6-02009	ئىجادىيەت	headword	163_2L.png	unverified
D90-6-02011	ئىجادىيەت تارىخى	headword	164_1R.png	unverified
D90-6-02012	ئىجادىيەت ئۇسۇلى	headword	164_1R.png	unverified
D90-6-02013	ئىجادىيلىق	headword	164_1R.png	unverified
D90-6-02014	ئىجارە	headword	164_1R.png	unverified
D90-6-02015	ئىجارە پۇلى	headword	164_2L.png	unverified
D90-6-02019	ئىجارە ھەققى	headword	164_2L.png	unverified
D90-6-02016	ئىجارە تۈزۈمى	headword	164_2L.png	unverified
D90-6-02017	ئىجارە سودىسى	headword	164_2L.png	unverified
D90-6-02018	ئىجارە كرېدىتى	headword	164_2L.png	unverified
D90-6-02020	ئىجارىگە ئالماق	headword	165_1R.png	unverified
D90-6-02021	ئىجارىگە بېرىش	headword	165_1R.png	unverified
D90-6-02022	ئىجارىگە قويماق	headword	165_1R.png	unverified
D90-6-02023	ئىجارىچى	headword	165_1R.png	verified
D90-6-02024	ئىجارىكەش	headword	165_2L.png	verified
D90-6-02025	ئىجارىكەشلىك	headword	165_2L.png	unverified
D90-6-02027	ئىجازەت	headword	165_2L.png	unverified
D90-6-02028	ئىجازەت ئەتمەك	headword	166_1R.png	unverified
D90-6-02031	ئىجازەت قىلماق	headword	166_1R.png	unverified
D90-6-02029	ئىجازەت بەرمەك	headword	166_1R.png	unverified
D90-6-02030	ئىجازەت سورىماق	headword	166_1R.png	unverified
D90-6-02032	ئىجازەتسىز	headword	166_1R.png	unverified
D90-6-02033	ئىجاۋەت	nonstandard	166_2L.png	unverified
D90-6-02034	ئىجتىمائىي	headword	166_2L.png	unverified
D90-6-02039	ئىجتىمائىي ئەمگەك	headword	167_1R.png	unverified
D90-6-02040	ئىجتىمائىي پەن	headword	167_1R.png	unverified
D90-6-02041	ئىجتىمائىي پسىخولوگىيە	headword	167_1R.png	unverified
D90-6-02042	ئىجتىمائىي تاۋار سېتىۋېلىش كۈچى	headword	167_1R.png	unverified
D90-6-02043	ئىجتىمائىي تەبىقە	headword	167_1R.png	unverified
D90-6-02044	ئىجتىمائىي تەلەپ	headword	167_1R.png	unverified
D90-6-02045	ئىجتىمائىي تۈزۈم	headword	167_2L.png	unverified
D90-6-02046	ئىجتىمائىي تىلشۇناسلىق	headword	167_2L.png	unverified
D90-6-02047	ئىجتىمائىي جۇغراپىيە	headword	167_2L.png	unverified
D90-6-02048	ئىجتىمائىي زىيانكەشلىك	headword	167_2L.png	unverified
D90-6-02049	ئىجتىمائىي ساپ كىرىم	headword	168_1R.png	unverified
D90-6-02050	ئىجتىمائىي سۇغۇرتا	headword	168_1R.png	unverified
D90-6-02051	ئىجتىمائىي فورماتسىيە	headword	168_1R.png	unverified
D90-6-02052	ئىجتىمائىي فوند	headword	168_1R.png	unverified
D90-6-02053	ئىجتىمائىي قىممەت	headword	168_1R.png	unverified
D90-6-02054	ئىجتىمائىي كاپالەت فوندى	headword	168_2L.png	unverified
D90-6-02055	ئىجتىمائىي مائارىپ	headword	168_2L.png	unverified
D90-6-02056	ئىجتىمائىي مەۋجۈدىيەت	headword	168_2L.png	unverified
D90-6-02057	ئىجتىمائىي مۇپەتتىشلىك	headword	168_2L.png	unverified
D90-6-02058	ئىجتىمائىي مۇلازىمەت	headword	168_2L.png	unverified
D90-6-02059	ئىجتىمائىي مۇناسىۋەت	headword	169_1R.png	unverified
D90-6-02060	ئىجتىمائىي مۇھىت	headword	169_1R.png	unverified
D90-6-02061	ئىجتىمائىي ھادىسە	headword	169_1R.png	unverified
D90-6-02062	ئىجتىمائىي ئومۇمىي ئەخلاق	headword	169_1R.png	unverified
D90-6-02063	ئىجتىمائىي ئىش تەقسىماتى	headword	169_2L.png	unverified
D90-6-02064	ئىجتىمائىي ئىشلەپچىقىرىش	headword	169_2L.png	unverified
D90-6-02065	ئىجتىمائىي ئىنقىلاب	headword	169_2L.png	unverified
D90-6-02066	ئىجتىمائىيەت	headword	170_1R.png	unverified
D90-6-02067	ئىجتىمائىيلاشتۇرماق	headword	170_1R.png	unverified
D90-6-02068	ئىجتىمائىيلاشتۇرۇلماق	headword	170_1R.png	unverified
D90-6-02069	ئىجتىمائىيلاشقان	headword	170_1R.png	unverified
D90-6-02071	ئىجتىمائىيلاشماق	headword	170_2L.png	unverified
D90-6-02072	ئىجتىمائىيلىق	headword	170_2L.png	unverified
D90-6-02073	ئىجتىھات	headword	170_2L.png	unverified
D90-6-02074	ئىجتىھات قىلماق	headword	171_1R.png	unverified
D90-6-02075	ئىجتىھاتچان	headword	171_1R.png	unverified
D90-6-02076	ئىجتىھاتسىز	headword	171_1R.png	unverified
D90-6-02077	ئىجتىھاتلىق	headword	171_1R.png	unverified
D90-6-02078	ئىجرا	headword	171_1R.png	unverified
D90-6-02079	ئىجرا بولماق	headword	171_2L.png	unverified
D90-6-02080	ئىجرا قىلغۇچى	headword	171_2L.png	unverified
D90-6-02084	ئىجراچى	headword	172_1R.png	unverified
D90-6-02081	ئىجرا قىلماق	headword	171_2L.png	unverified
D90-6-02082	ئىجرا قىلىش ئۇقتۇرۇشى	headword	171_2L.png	unverified
D90-6-02083	ئىجرا قىلىش ئىلتىماسى	headword	171_2L.png	unverified
D90-6-02085	ئىجراسىز	headword	172_1R.png	unverified
D90-6-02086	ئىجرايى	headword	172_1R.png	unverified
D90-6-02087	ئىجرائىيە	headword	172_2L.png	unverified
D90-6-02088	ئىجىر-مىجىر	headword	172_2L.png	unverified
D90-6-02089	ئىجىك	headword	172_2L.png	unverified
D90-6-02090	ئىچ	headword	172_2L.png	unverified
D90-6-02091	ئىچ ئات	headword	173_2L.png	unverified
D90-6-02092	ئىچ ئاغرىتماق	headword	173_2L.png	unverified
D90-6-02093	ئىچ ئاغرىق	headword	173_2L.png	unverified
D90-6-02094	ئىچ ئالىغاي	headword	173_2L.png	unverified
D90-6-02095	ئىچ بوۋاسىر	headword	173_2L.png	unverified
D90-6-02222	ئىچكى بوۋاسىر	headword	184_1R.png	unverified
D90-6-02096	ئىچ بېخى	headword	173_2L.png	unverified
D90-6-02097	ئىچ پەتلە	headword	173_2L.png	unverified
D90-6-02098	ئىچ پەش	headword	173_2L.png	unverified
D90-6-02099	ئىچ پەش تارتماق	headword	174_1R.png	unverified
D90-6-02100	ئىچ پەۋاز	headword	174_1R.png	unverified
D90-6-02101	ئىچ پۇشماق	headword	174_1R.png	unverified
D90-6-02102	ئىچ پۇشۇقى	headword	174_1R.png	unverified
D90-6-02103	ئىچ پۇشۇقى قىلماق	headword	174_1R.png	unverified
D90-6-02104	ئىچ پۇشۇقىنى چىقارماق	headword	174_1R.png	unverified
D90-6-02105	ئىچ تامبال	headword	174_1R.png	unverified
D90-6-02106	ئىچ تورقىماق	headword	174_2L.png	unverified
D90-6-02107	ئىچ تىكىچ	headword	174_2L.png	unverified
D90-6-02108	ئىچتىن بۆلگۈچى نۇقتا	headword	174_2L.png	unverified
D90-6-02109	ئىچتىن تېگىشكەن كۆپ تەرەپلىك	headword	174_2L.png	unverified
D90-6-02110	ئىچتىن ئۇرۇنغان چەمبەر	headword	174_2L.png	unverified
D90-6-02111	ئىچتىن ئۇلاش	headword	174_2L.png	unverified
D90-6-02112	ئىچ سىر	headword	174_2L.png	unverified
D90-6-02113	ئىچ قۇلاق	headword	174_2L.png	unverified
D90-6-02114	ئىچ قېلىپ	headword	174_2L.png	unverified
D90-6-02115	ئىچ كەتمەك	headword	175_1R.png	unverified
D90-6-02149	ئىچى سۈرمەك	headword	177_2L.png	unverified
D90-6-02116	ئىچ كۆڭلەك	headword	175_1R.png	unverified
D90-6-02117	ئىچ كۆيەر	headword	175_1R.png	unverified
D90-6-02118	ئىچ كۆيۈكى	headword	175_1R.png	unverified
D90-6-02119	ئىچ كۈيئوغۇل	headword	175_1R.png	unverified
D90-6-02120	ئىچ كېزىك	headword	175_1R.png	unverified
D90-6-02121	ئىچ كىيىم	headword	175_2L.png	unverified
D90-6-02122	ئىچ گۆر	headword	175_2L.png	unverified
D90-6-02123	ئىچ گۆرلۈك	headword	175_2L.png	unverified
D90-6-02124	ئىچ مايماق	headword	175_2L.png	unverified
D90-6-02125	ئىچ ئوشۇق	headword	175_2L.png	unverified
D90-6-02126	ئىچ ئۆتۈش	headword	175_2L.png	unverified
D90-6-02150	ئىچى سۈرۈش	headword	177_2L.png	unverified
D90-6-02127	ئىچى ئادىماق	headword	175_2L.png	unverified
D90-6-02128	ئىچى ئاغرىماق	headword	176_1R.png	unverified
D90-6-02129	ئىچى بوشىماق	headword	176_1R.png	unverified
D90-6-02130	ئىچى بۇزۇلماق	headword	176_1R.png	unverified
D90-6-02131	ئىچى پىششىق	headword	176_1R.png	unverified
D90-6-02132	ئىچى تار	headword	176_1R.png	unverified
D90-6-02133	ئىچى تارلىق	headword	176_1R.png	unverified
D90-6-02134	ئىچى تارلىق قىلماق	headword	176_2L.png	unverified
D90-6-02135	ئىچى تارلىقى كەلمەك	headword	176_2L.png	unverified
D90-6-02136	ئىچى تىت-تىت بولماق	headword	176_2L.png	unverified
D90-6-02137	ئىچى تىتىلداق	headword	176_2L.png	unverified
D90-6-02138	ئىچىدە توڭگۈز قاترىماق	headword	176_2L.png	unverified
D90-6-02139	ئىچى دەريا	headword	177_1R.png	unverified
D90-6-02140	ئىچىدە زەھەر قاينىماق	headword	177_1R.png	unverified
D90-6-02141	ئىچىدە ئوقۇماق	headword	177_1R.png	unverified
D90-6-02142	ئىچىدىن توڭگۈز قوپماق	headword	177_1R.png	unverified
D90-6-02142-v1	ئىچىدە توڭگۇز قاترىماق	variant	177_1R.png	unverified
D90-6-02143	ئىچىدىن زەھەر قاينىماق	headword	177_1R.png	unverified
D90-6-02144	ئىچىدىن قان كەتمەك	headword	177_1R.png	unverified
D90-6-02145	ئىچىدىن قان كەلمەك	headword	177_1R.png	unverified
D90-6-02146	ئىچىدىن قان ئۆتمەك	headword	177_2L.png	unverified
D90-6-02147	ئىچىدىن يانىدىغان دۋىگاتېل	headword	177_2L.png	unverified
D90-6-02148	ئىچى زەھەر	headword	177_2L.png	unverified
D90-6-02151	ئىچى سىقىلماق	headword	178_1R.png	unverified
D90-6-02152	ئىچى سىيرىلماق	headword	178_1R.png	unverified
D90-6-02153	ئىچى غال-غال، تېشى يال-يال	headword	178_1R.png	unverified
D90-6-02154	ئىچى قاتماق	headword	178_1R.png	unverified
D90-6-02155	ئىچى قارا	headword	178_1R.png	unverified
D90-6-02156	ئىچى قارىلىق قىلماق	headword	178_1R.png	unverified
D90-6-02157	ئىچى قاينىماق	headword	178_1R.png	unverified
D90-6-02158	ئىچى قۇتۇر	headword	178_2L.png	unverified
D90-6-02159	ئىچى قۇتۇرلۇق	headword	178_2L.png	unverified
D90-6-02160	ئىچى قۇتۇرلۇق قىلماق	headword	178_2L.png	unverified
D90-6-02161	ئىچى قىزىماق	headword	178_2L.png	unverified
D90-6-02162	ئىچى كەڭ	headword	178_2L.png	unverified
D90-6-02162-v1	قارنى-كۆكسى كەڭ	variant	178_2L.png	unverified
D90-6-02163	ئىچى كۆيمەك	headword	178_2L.png	unverified
D90-6-02164	ئىچى كۈچلۈك	headword	179_1R.png	unverified
D90-6-02165	ئىچ ئىشتان	headword	179_1R.png	unverified
D90-6-02166	ئىچىگە ئالماق	headword	179_1R.png	unverified
D90-6-02167	ئىچىگە تىنماق	headword	179_1R.png	unverified
D90-6-02168	ئىچىگە جىن كىرمەك	headword	179_1R.png	unverified
D90-6-02169	ئىچىگە سالماق	headword	179_1R.png	unverified
D90-6-02170	ئىچىگە كىرىپ چىقماق	headword	179_1R.png	unverified
D90-6-02170-v1	قورسىقىغا كىرىپ چىقماق	variant	179_1R.png	unverified
D90-6-02171	ئىچىگە ئوت تۇتاشماق	headword	179_1R.png	unverified
D90-6-02172	ئىچىگە ئوت چۈشمەك	headword	179_2L.png	unverified
D90-6-02173	ئىچىگە ئوت سالماق	headword	179_2L.png	unverified
D90-6-02174	ئىچىگە ئوت كەتمەك	headword	179_2L.png	unverified
D90-6-02175	ئىچىگە ئۇرماق	headword	179_2L.png	unverified
D90-6-02176	ئىچىگە ئۇرۇپ كەتمەك	headword	179_2L.png	unverified
D90-6-02177	ئىچىگە يۇتماق	headword	180_1R.png	unverified
D90-6-02178	ئىچىنى تىڭشاماق	headword	180_1R.png	unverified
D90-6-02179	ئىچىنى قىزىتماق	headword	180_1R.png	unverified
D90-6-02180	ئىچىنى مۈشۈك تاتىلىۋالغاندەك بولماق	headword	180_1R.png	unverified
D90-6-02181	ئىچى ئۆتمەك	headword	180_1R.png	unverified
D90-6-02182	ئىچى ئۆرتەلمەك	headword	180_1R.png	unverified
D90-6-02183	ئىچى ئېچىشماق	headword	180_2L.png	unverified
D90-6-02184	ئىچى ئېلىشماق	headword	180_2L.png	unverified
D90-6-02185	ئىچى يامان	headword	180_2L.png	unverified
D90-6-02186	ئىچى يامانلىق قىلماق	headword	180_2L.png	unverified
D90-6-02187	ئىچ ياغ	headword	180_2L.png	unverified
D90-6-02188	ئىچ يانچۇق	headword	180_2L.png	unverified
D90-6-02189	ئىچەرمەن	headword	180_2L.png	unverified
D90-6-02190	ئىچە كەشمەك	headword	181_1R.png	unverified
D90-6-02191	ئىچ-باغىر	headword	181_1R.png	unverified
D90-6-02192	ئىچ-باغرىنى تۆكمەك	headword	181_1R.png	unverified
D90-6-02193	ئىچ-تاش	headword	181_1R.png	unverified
D90-6-02194	ئىچرە	headword	181_1R.png	unverified
D90-6-02195	ئىچ-سىرت	headword	181_1R.png	unverified
D90-6-02196	ئىچ-قارىن	headword	181_1R.png	unverified
D90-6-02197	ئىچ-قارنىنى بوشاتماق	headword	181_2L.png	unverified
D90-6-02198	ئىچ-قارنىنى بىلمەك	headword	181_2L.png	unverified
D90-6-02199	ئىچ-قارنىنى تۆكمەك	headword	181_2L.png	unverified
D90-6-02200	ئىچ-قارنى ئېچىلماق	headword	181_2L.png	unverified
D90-6-02201	ئىچقويۇن	headword	181_2L.png	verified
D90-6-02202	ئىچقويۇن-تاشقويۇن	headword	181_2L.png	unverified
D90-6-08775	ئىچقويۇن بولماق	headword	181_2L.png	verified
D90-6-08775-v1	ئىچقويۇن-تاشقويۇن بولماق	variant	181_2L.png	verified
D90-6-02203	ئىچكەركى	headword	182_1R.png	unverified
D90-6-02204	ئىچكۈ	headword	182_1R.png	unverified
D90-6-02205	ئىچكۈزمەك	headword	182_1R.png	unverified
D90-6-02206	ئىچكۈزۈشمەك	headword	182_1R.png	unverified
D90-6-02207	ئىچكۈزۈلمەك	headword	182_1R.png	unverified
D90-6-02208	ئىچكۈلۈك	headword	182_1R.png	unverified
D90-6-02209	ئىچكى	headword	182_2L.png	unverified
D90-6-02210	ئىچكى ئاجراتما	headword	182_2L.png	unverified
D90-6-02211	ئىچكى ئاجرىتىش	headword	182_2L.png	unverified
D90-6-02212	ئىچكى ئاجرىتىش بەزلىرى	headword	183_1R.png	unverified
D90-6-02213	ئىچكى ئاجرىتىش سىستېمىسى	headword	183_1R.png	unverified
D90-6-02214	ئىچكى ئالاقە	headword	183_1R.png	unverified
D90-6-02220	ئىچكى باغلىنىش	headword	183_2L.png	unverified
D90-6-02215	ئىچكى ئالماش بۇلۇڭلار	headword	183_1R.png	unverified
D90-6-02216	ئىچكى ئامىل	headword	183_2L.png	unverified
D90-6-02217	ئىچكى ئايلىنىش	headword	183_2L.png	unverified
D90-6-02218	ئىچكى ئەزا	headword	183_2L.png	unverified
D90-6-02219	ئىچكى بازار	headword	183_2L.png	unverified
D90-6-02221	ئىچكى باللىستىكا	headword	183_2L.png	unverified
D90-6-02223	ئىچكى بۇلۇڭ	headword	184_1R.png	unverified
D90-6-02224	ئىچكى بېسىم	headword	184_1R.png	unverified
D90-6-02225	ئىچكى بىر ياقلىق بۇلۇڭلار	headword	184_1R.png	unverified
D90-6-02226	ئىچكى پارازىت	headword	184_1R.png	unverified
D90-6-02227	ئىچكى پلازما	headword	184_2L.png	unverified
D90-6-02228	ئىچكى پلازما تور سىستېمىسى	headword	184_2L.png	unverified
D90-6-02229	ئىچكى پلازما تورى	headword	184_2L.png	unverified
D90-6-02230	ئىچكى پلانېتىلار	headword	184_2L.png	unverified
D90-6-02231	ئىچكى پوتېنسىئاللار ئايرىمىسى	headword	184_2L.png	unverified
D90-6-02232	ئىچكى پۇرۇپكا قەۋىتى	headword	184_2L.png	unverified
D90-6-02233	ئىچكى پوست	headword	184_2L.png	unverified
D90-6-02234	ئىچكى پېرىۋوت	headword	185_1R.png	unverified
D90-6-02235	ئىچكى توپلام	headword	185_1R.png	unverified
D90-6-02236	ئىچكى توك يولى	headword	185_1R.png	unverified
D90-6-02300	ئىچكى ئېلېكتر يولى	headword	190_1R.png	unverified
D90-6-02237	ئىچكى تۆرەلمە قەۋىتى	headword	185_1R.png	unverified
D90-6-02238	ئىچكى تۈرتكە	headword	185_1R.png	unverified
D90-6-02239	ئىچكى تېرە	headword	185_1R.png	unverified
D90-6-02240	ئىچكى تىزگىنلەش	headword	185_1R.png	unverified
D90-6-02241	ئىچكى تىل	headword	185_2L.png	unverified
D90-6-02242	ئىچكى جايلار	headword	185_2L.png	unverified
D90-6-02243	ئىچكى دەريا	headword	185_2L.png	unverified
D90-6-02244	ئىچكى دەريا ھاۋزىسى	headword	185_2L.png	unverified
D90-6-02245	ئىچكى دۇنيا	headword	185_2L.png	unverified
D90-6-02246	ئىچكى دېڭىز	headword	185_2L.png	unverified
D90-6-02247	ئىچكى دىئامېتىر	headword	186_1R.png	unverified
D90-6-02248	ئىچكى راسچوت دوكۈمېنتى	headword	186_1R.png	unverified
D90-6-02249	ئىچكى رايون	headword	186_1R.png	unverified
D90-6-02250	ئىچكى رېتسېپتور	headword	186_1R.png	unverified
D90-6-02251	ئىچكى زەخىملىنىش	headword	186_1R.png	unverified
D90-6-02252	ئىچكى زىددىيەت	headword	186_1R.png	unverified
D90-6-02253	ئىچكى سەپ	headword	186_1R.png	unverified
D90-6-02254	ئىچكى سەپتە ئۇرۇش قىلىش	headword	186_2L.png	unverified
D90-6-02255	ئىچكى سەۋەب	headword	186_2L.png	unverified
D90-6-02256	ئىچكى سودا	headword	186_2L.png	unverified
D90-6-02257	ئىچكى سۆڭەك	headword	186_2L.png	unverified
D90-6-02258	ئىچكى سۈركىلىش	headword	186_2L.png	unverified
D90-6-02259	ئىچكى سۈركىلىش كوئېففىتسېنتى	headword	186_2L.png	unverified
D90-6-02260	ئىچكى سۈركىلىش كۈچى	headword	186_2L.png	unverified
D90-6-02261	ئىچكى سىكلوئىدا	headword	186_2L.png	unverified
D90-6-02262	ئىچكى فلېكسىيە	headword	187_1R.png	verified
D90-6-02263	ئىچكى قارشىلىق	headword	187_1R.png	unverified
D90-6-02264	ئىچكى قانۇن	headword	187_1R.png	unverified
D90-6-02265	ئىچكى قانۇنىيەت	headword	187_1R.png	unverified
D90-6-02266	ئىچكى قەرز	headword	187_1R.png	unverified
D90-6-02267	ئىچكى قەۋەت	headword	187_1R.png	unverified
D90-6-02268	ئىچكى قوۋزاق قەۋىتى	headword	187_1R.png	unverified
D90-6-02269	ئىچكى قۇرۇقلۇق كۆلى	headword	187_1R.png	unverified
D90-6-02270	ئىچكى قۇرۇلما	headword	187_2L.png	unverified
D90-6-02271	ئىچكى قۇلاق	headword	187_2L.png	unverified
D90-6-02272	ئىچكى قىلتىرىقچە	headword	187_2L.png	unverified
D90-6-02273	ئىچكى كان ھاسىل قىلىش رولى	headword	187_2L.png	unverified
D90-6-02274	ئىچكى كۆپەيتمە	headword	188_1R.png	unverified
D90-6-02275	ئىچكى كۆرۈنۈش ئېلىش	headword	188_1R.png	unverified
D90-6-02276	ئىچكى كۈچ	headword	188_1R.png	unverified
D90-6-02277	ئىچكى كۈچلەر	headword	188_1R.png	unverified
D90-6-02278	ئىچكى كۈچىنىش	headword	188_1R.png	unverified
D90-6-02279	ئىچكى كېسەللىكلەر بۆلۈمى	headword	188_1R.png	unverified
D90-6-02280	ئىچكى گورمون	headword	188_1R.png	unverified
D90-6-02281	ئىچكى ماددا	headword	188_2L.png	unverified
D90-6-02282	ئىچكى مەركەز	headword	188_2L.png	unverified
D90-6-02283	ئىچكى مەلۇمات جەدۋىلى	headword	188_2L.png	unverified
D90-6-02284	ئىچكى موڭغۇل	headword	188_2L.png	unverified
D90-6-02285	ئىچكى موڭغۇل ئاپتونوم رايونى	headword	188_2L.png	unverified
D90-6-02286	ئىچكى موڭغۇل پۇلى	headword	188_2L.png	unverified
D90-6-02287	ئىچكى موڭغۇل كەتىراسى	headword	189_1R.png	unverified
D90-6-02288	ئىچكى مۇئامىلە	headword	189_1R.png	unverified
D90-6-02289	ئىچكى مۇپەتتىش خادىمى	headword	189_2L.png	unverified
D90-6-02290	ئىچكى مۇپەتتىشلىك	headword	189_2L.png	unverified
D90-6-02291	ئىچكى مۇسكۇل	headword	189_2L.png	unverified
D90-6-02292	ئىچكى مۇھىت	headword	189_2L.png	unverified
D90-6-02293	ئىچكى مېۋە شۆپۈكى	headword	189_2L.png	unverified
D90-6-02294	ئىچكى نەپەسلىنىش	headword	189_2L.png	unverified
D90-6-02295	ئىچكى ھېساب يۆتكەش	headword	189_2L.png	unverified
D90-6-02296	ئىچكى ئوبوروت	headword	190_1R.png	unverified
D90-6-02297	ئىچكى ئومۇمىي ئۇرۇنما	headword	190_1R.png	unverified
D90-6-02298	ئىچكى ئۇرۇش	headword	190_1R.png	unverified
D90-6-02299	ئىچكى ئويۇشۇش كۈچى	headword	190_1R.png	unverified
D90-6-02301	ئىچكى ئېنېرگىيە	headword	190_1R.png	unverified
D90-6-02302	ئىچكى ئىسكىلىت	headword	190_2L.png	unverified
D90-6-02303	ئىچكى ئىش	headword	190_2L.png	unverified
D90-6-02304	ئىچكى ئىنقىلابىي ئۇرۇش	headword	190_2L.png	unverified
D90-6-02305	ئىچكى يالقۇن	headword	190_2L.png	unverified
D90-6-02306	ئىچكى يىغىلىش كۈچى	headword	191_1R.png	unverified
D90-6-02306-v1	ئىچكى ئۇيۇشۇش كۈچى	variant	191_1R.png	unverified
D90-6-02307	ئىچكى-تاشقى	headword	191_1R.png	unverified
D90-6-02308	ئىچكىرى	headword	191_1R.png	unverified
D90-6-02309	ئىچكىرىكى	headword	191_2L.png	unverified
D90-6-02311	ئىچكىرىلىمەك	headword	191_2L.png	unverified
D90-6-02312	ئىچكىنەم	headword	191_2L.png	unverified
D90-6-02313	ئىچلىك	headword	191_2L.png	unverified
D90-6-02314	ئىچمەك	headword	191_2L.png	unverified
D90-6-02316	ئىچۈرمەك	headword	192_1R.png	unverified
D90-6-02317	ئىچۈرۈلمەك	headword	192_1R.png	unverified
D90-6-02318	ئىچ-ئىچ	headword	192_1R.png	unverified
D90-6-02319	ئىچ-ئىچىدىن	headword	192_1R.png	unverified
D90-6-02320	ئىچ-ئىچىگە سىغماسلىق	headword	192_2L.png	unverified
D90-6-02320-v1	ئىچ-ئىچىگە پاتماسلىق	variant	192_2L.png	unverified
D90-6-02321	ئىچىشمەك	headword	192_2L.png	unverified
D90-6-02322	ئىچىشۋازلىق	headword	192_2L.png	unverified
D90-6-02323	ئىچىكمەك	headword	192_2L.png	unverified
D90-6-02324	ئىچىكىشمەك	headword	192_2L.png	unverified
D90-6-02325	ئىچىلمەك	headword	193_1R.png	unverified
D90-6-02326	ئىچىملىك	headword	193_1R.png	unverified
D90-6-02327	ئىچىملىك زىرائەتلىرى	headword	193_1R.png	unverified
D90-6-02328	ئىچىملىك سودا	headword	193_1R.png	unverified
D90-6-02328-v1	ناترىي بىكاربونات	variant	193_1R.png	unverified
D90-6-02329	ئىختىرا	headword	193_1R.png	unverified
D90-6-02330	ئىختىرا قىلماق	headword	193_1R.png	unverified
D90-6-02331	ئىختىراچى	headword	193_2L.png	unverified
D90-6-02332	ئىختىساس	headword	193_2L.png	unverified
D90-6-02333	ئىختىساسچىلىق	headword	193_2L.png	unverified
D90-6-02334	ئىختىساسشۇناسلىق	headword	193_2L.png	unverified
D90-6-02335	ئىختىساسلاشتۇرماق	headword	194_1R.png	unverified
D90-6-02336	ئىختىساسلاشتۇرۇلماق	headword	194_1R.png	unverified
D90-6-02337	ئىختىساسلاشماق	headword	194_1R.png	unverified
D90-6-02338	ئىختىساسلىق	headword	194_1R.png	unverified
D90-6-02339	ئىختىلاپ	headword	194_1R.png	unverified
D90-6-02340	ئىختىلاپچى	headword	194_1R.png	unverified
D90-6-02341	ئىختىلاپسىز	headword	194_2L.png	unverified
D90-6-02342	ئىختىلاپلىق	headword	194_2L.png	unverified
D90-6-02343	ئىختىئۇل	headword	194_2L.png	unverified
D90-6-02344	ئىختىيار	headword	194_2L.png	unverified
D90-6-02345	ئىختىيار ئەتمەك	headword	195_1R.png	unverified
D90-6-02346	ئىختىيار قىلماق	headword	195_1R.png	unverified
D90-6-02347	ئىختىيارىدا بولماق	headword	195_1R.png	unverified
D90-6-02348	ئىختىيارىغا بەرمەك	headword	195_1R.png	unverified
D90-6-02349	ئىختىيارىغا قويماق	headword	195_1R.png	unverified
D90-6-02350	ئىختىيارەن	headword	195_1R.png	unverified
D90-6-02351	ئىختىيارسىز	headword	195_2L.png	unverified
D90-6-02354	ئىختىيارسىزلىق	headword	195_2L.png	unverified
D90-6-02355	ئىختىيارلىق	headword	196_1R.png	unverified
D90-6-02356	ئىختىيارىي	headword	196_1R.png	unverified
D90-6-02360	ئىختىيارىي دىققەت	headword	196_2L.png	unverified
D90-6-02361	ئىختىيارىي شەكىل ياساش	headword	196_2L.png	unverified
D90-6-02362	ئىختىيارىيلىق	headword	196_2L.png	unverified
D90-6-02363	ئىخچام	headword	196_2L.png	unverified
D90-6-02364	ئىخچاملاتقۇزماق	headword	197_1R.png	unverified
D90-6-02365	ئىخچاملاشتۇرماق	headword	197_1R.png	unverified
D90-6-02366	ئىخچاملاشتۇرۇلماق	headword	197_1R.png	unverified
D90-6-02367	ئىخچاملاشماق	headword	197_1R.png	unverified
D90-6-02368	ئىخچاملانماق	headword	197_1R.png	unverified
D90-6-02369	ئىخچاملىق	headword	197_1R.png	unverified
D90-6-02370	ئىخچاملىماق	headword	197_2L.png	unverified
D90-6-02371	ئىخراج	headword	197_2L.png	unverified
D90-6-02372	ئىخلاس	headword	197_2L.png	unverified
D90-6-02375	ئىخلاس قىلماق	headword	198_1R.png	unverified
D90-6-02376	ئىخلاسى قايتماق	headword	198_1R.png	unverified
D90-6-02377	ئىخلاس-ئەقىدە	headword	198_1R.png	unverified
D90-6-02378	ئىخلاسلىق	headword	198_1R.png	unverified
D90-6-02379	ئىخلاسمەن	headword	198_1R.png	unverified
D90-6-02380	ئىخلاسمەنلىك	headword	198_2L.png	unverified
D90-6-02381	ئىخلىم	nonstandard	198_2L.png	unverified
D90-6-03454	ئىقلىم	headword	302_2L.png	unverified
D90-6-02382	ئىدارە	headword	198_2L.png	unverified
D90-6-02383	ئىدارە قىلماق	headword	198_2L.png	unverified
D90-6-02384	ئىدارە-جەمئىيەت	headword	199_1R.png	unverified
D90-6-02385	ئىدەلىك	headword	199_1R.png	unverified
D90-6-02386	ئىددەت	headword	199_1R.png	unverified
D90-6-02387	ئىدراك	headword	199_1R.png	unverified
D90-6-02389	ئىدراكسىز	headword	199_1R.png	unverified
D90-6-02390	ئىدراكلىق	headword	199_2L.png	unverified
D90-6-02391	ئىدراكىي	headword	199_2L.png	unverified
D90-6-02392	ئىدرەك	nonstandard	199_2L.png	unverified
D90-6-02393	ئىدرەم	headword	199_2L.png	unverified
D90-6-02394	ئىدرەملىك	headword	199_2L.png	unverified
D90-6-02395	ئىدېئال	headword	199_2L.png	unverified
D90-6-02398	ئىدېئال قاتتىق جىسىم پاراللېل يۆتكىلىشى	headword	200_1R.png	unverified
D90-6-02399	ئىدېئال قاتتىق جىسىم دىنامىكىسى	headword	200_1R.png	unverified
D90-6-02400	ئىدېئال قاتتىق جىسىم ستاتىكىسى	headword	200_1R.png	unverified
D90-6-02401	ئىدېئال قاتتىق جىسىم كىنېماتىكىسى	headword	200_1R.png	unverified
D90-6-02402	ئىدېئال گاز	headword	200_1R.png	unverified
D90-6-02403	ئىدېئال گازلارنىڭ تېرمومېتىرىك شكالسى	headword	200_1R.png	unverified
D90-6-02404	ئىدېئال گاز تېرمومېتىرى	headword	200_2L.png	unverified
D90-6-02405	ئىدېئال گازلارنىڭ ھالەت تەڭلىمىسى	headword	200_2L.png	unverified
D90-6-02406	ئىدېئال ئوپتىك سىستېما	headword	200_2L.png	unverified
D90-6-02407	ئىدېئال ئېرىتمە	headword	200_2L.png	unverified
D90-6-02408	ئىدېئالىزم	headword	200_2L.png	unverified
D90-6-02409	ئىدېئالىزمچە	headword	201_1R.png	unverified
D90-6-02410	ئىدېئالىزمچى	headword	201_1R.png	unverified
D90-6-02411	ئىدېئالىزملىق	headword	201_1R.png	unverified
D90-6-02414	ئىدېئالىزملىق دىئالېكتىكا	headword	201_2L.png	unverified
D90-6-02415	ئىدېئالىست	headword	201_2L.png	unverified
D90-6-02416	ئىدېئالىستىك	headword	201_2L.png	unverified
D90-6-02417	ئىدېئولوگ	headword	201_2L.png	unverified
D90-6-02418	ئىدېئولوگىيە	headword	202_1R.png	verified
D90-6-02419	ئىدېئولوگىيىلىك	headword	202_1R.png	unverified
D90-6-02420	ئىدىس	headword	202_1R.png	unverified
D90-6-02420-v1	ئىدىس پاشىسى	variant	202_1R.png	unverified
D90-6-02422	ئىدىش	headword	202_1R.png	unverified
D90-6-02423	ئىدىشلىق	headword	202_2L.png	unverified
D90-6-02424	ئىدىق	headword	202_2L.png	unverified
D90-6-02425	ئىدىقۇت	headword	202_2L.png	verified
D90-6-02427	ئىدىقۇت ئۇيغۇر خانلىقى	headword	202_2L.png	unverified
D90-6-02426	ئىدىقۇت خانلىقى	headword	202_2L.png	unverified
D90-6-02428	ئىدىقىشماق	headword	203_1R.png	unverified
D90-6-02429	ئىدىماق	headword	203_1R.png	unverified
D90-6-02430	ئىدىئوم	headword	203_1R.png	unverified
D90-6-02431	ئىدىئوملۇق	headword	203_1R.png	unverified
D90-6-02432	ئىدىيە	headword	203_1R.png	unverified
D90-6-02434	ئىدىيىلىك	headword	203_2L.png	unverified
D90-6-02435	ئىدىيىۋى	headword	203_2L.png	unverified
D90-6-02437	ئىدىيىۋى قۇرۇلۇش	headword	204_1R.png	unverified
D90-6-02438	ئىدىيىۋى كۈرەش	headword	204_1R.png	unverified
D90-6-02439	ئىدىيىۋى لۈشيەن	headword	204_1R.png	unverified
D90-6-02440	ئىدىيىۋىلىك	headword	204_2L.png	unverified
D90-6-02441	ئىر	headword	204_2L.png	unverified
D90-6-02443	ئىرادە	headword	204_2L.png	unverified
D90-6-02444	ئىرادە ئەركىنلىكى	headword	204_2L.png	unverified
D90-6-02445	ئىرادە باغلىماق	headword	205_1R.png	unverified
D90-6-02446	ئىرادە بولماق	headword	205_1R.png	unverified
D90-6-02447	ئىرادە بىلدۈرمەك	headword	205_1R.png	unverified
D90-6-02448	ئىرادە پەلسەپىسى	headword	205_1R.png	verified
D90-6-02453	ئىرادىچىلىك	headword	205_2L.png	unverified
D90-6-02449	ئىرادە تەلىماتى	headword	205_2L.png	unverified
D90-6-02450	ئىرادە تۇرغۇزماق	headword	205_2L.png	unverified
D90-6-02451	ئىرادە تىكلىمەك	headword	205_2L.png	unverified
D90-6-02452	ئىرادە قىلماق	headword	205_2L.png	unverified
D90-6-02454	ئىرادىچىلىك نەزەرىيىسى	headword	205_2L.png	unverified
D90-6-02455	ئىرادىسىز	headword	205_2L.png	unverified
D90-6-02456	ئىرادىسىزلىك	headword	206_1R.png	unverified
D90-6-02457	ئىرادىلىك	headword	206_1R.png	unverified
D90-6-02458	ئىرادىنامە	headword	206_1R.png	unverified
D90-6-02459	ئىراق	headword	206_1R.png	unverified
D90-6-02461	ئىراقىي	headword	206_2L.png	unverified
D90-6-02462	ئىرانگۈل	headword	206_2L.png	unverified
D90-6-02463	ئىرەكتە	headword	206_2L.png	unverified
D90-6-02464	ئىرەلىك	headword	206_2L.png	unverified
D90-6-02465	ئىرجايماق	headword	206_2L.png	unverified
D90-6-02466	ئىرچى	headword	206_2L.png	unverified
D90-6-02467	ئىرراتسىئونال	headword	206_2L.png	unverified
D90-6-02470	ئىرراتسىئونال سان	headword	207_1R.png	verified
D90-6-02471	ئىرراتسىئونال فۇنكسىيە	headword	207_1R.png	unverified
D90-6-02472	ئىرراتسىئونال مىقدار	headword	207_1R.png	unverified
D90-6-02473	ئىرراتسىئونال نۇقتا	headword	207_1R.png	unverified
D90-6-02474	ئىرراتسىئونال ئىپادە	headword	207_1R.png	unverified
D90-6-02475	ئىرراتسىئونال يىلتىز	headword	207_1R.png	unverified
D90-6-02476	ئىرسا	headword	207_1R.png	unverified
D90-6-02477	ئىرسىي	headword	207_1R.png	unverified
D90-6-02478	ئىرسىي ئامىل	headword	207_2L.png	unverified
D90-6-02479	ئىرسىي شەرتلىك بەلگە	headword	207_2L.png	unverified
D90-6-02480	ئىرسىي قابىلىيەت	headword	207_2L.png	unverified
D90-6-02481	ئىرسىي كېسەللىك	headword	207_2L.png	unverified
D90-6-02481-v1	ئىرسىيەت كېسەللىكى	variant	207_2L.png	unverified
D90-6-02482	ئىرسىي ماددا	headword	207_2L.png	unverified
D90-6-02483	ئىرسىي يوشۇرۇن كۈچ	headword	207_2L.png	unverified
D90-6-02484	ئىرسىيەت	headword	208_1R.png	unverified
D90-6-02489	ئىرسىيەت ھالىتى	headword	208_2L.png	unverified
D90-6-02490	ئىرسىيەت ئۇچۇرى	headword	208_2L.png	unverified
D90-6-02491	ئىرسىيەت ئېففېكتى	headword	208_2L.png	unverified
D90-6-02492	ئىرسىيەت ئىلمى	headword	208_2L.png	unverified
D90-6-02493	ئىرسىيەتچانلىق	headword	209_1R.png	unverified
D90-6-02494	ئىرسىيەتشۇناس	headword	209_1R.png	unverified
D90-6-02495	ئىرسىيەتشۇناسلىق	headword	209_1R.png	unverified
D90-6-02496	ئىرسىيەتلىك	headword	209_1R.png	unverified
D90-6-02498	ئىرسىيەتلىك توسالغۇ	headword	209_2L.png	unverified
D90-6-02499	ئىرسىيەتلىك لەيلەپ ئۆزگىرىش	headword	209_2L.png	unverified
D90-6-02500	ئىرسىيەتلىك مۇناسىۋەت	headword	209_2L.png	unverified
D90-6-02501	ئىرسىيەتلىك يېتىلمەسلىك	headword	209_2L.png	unverified
D90-6-02502	ئىرغاڭ	headword	209_2L.png	unverified
D90-6-02503	ئىرغاڭشىتماق	headword	209_2L.png	unverified
D90-6-02504	ئىرغاڭشىماق	headword	210_1R.png	unverified
D90-6-02505	ئىرغاڭلاتماق	headword	210_1R.png	unverified
D90-6-02506	ئىرغاڭلاشماق	headword	210_1R.png	unverified
D90-6-02507	ئىرغاڭلىماق	headword	210_1R.png	unverified
D90-6-02508	ئىرغاڭ-ئىرغاڭ	headword	210_1R.png	unverified
D90-6-02509	ئىرغاي	headword	210_1R.png	unverified
D90-6-02510	ئىرغايلىق	headword	210_2L.png	unverified
D90-6-02511	ئىرغىشماق	headword	210_2L.png	unverified
D90-6-02512	ئىرغىتىلماق	headword	210_2L.png	unverified
D90-6-02513	ئىرغىتماق	headword	210_2L.png	unverified
D90-6-02515	ئىرغىماق	headword	211_1R.png	unverified
D90-6-02516	ئىرق	headword	211_1R.png	verified
D90-6-02517	ئىرقچى	headword	211_1R.png	unverified
D90-6-02518	ئىرقچىلىق	headword	211_1R.png	unverified
D90-6-02519	ئىرقشۇناس	headword	211_2L.png	unverified
D90-6-02520	ئىرقشۇناسلىق	headword	211_2L.png	unverified
D90-6-02521	ئىرقىي	headword	211_2L.png	unverified
D90-6-02522	ئىرقىي ئالاھىدىلىك	headword	211_2L.png	unverified
D90-6-02523	ئىرقىي كەمسىتىش	headword	211_2L.png	unverified
D90-6-02524	ئىركاشا	headword	212_1R.png	unverified
D90-6-02525	ئىركەت	headword	212_1R.png	unverified
D90-6-02526	ئىرلىماق	headword	212_1R.png	unverified
D90-6-02527	ئىرماش-چىرماش	headword	212_1R.png	unverified
D90-6-02528	ئىرماشماق	headword	212_2L.png	unverified
D90-6-02529	ئىروزىيە	headword	212_2L.png	unverified
D90-6-02530	ئىروزىيىلەش	headword	212_2L.png	verified
D90-6-02531	ئىروزىيىلەش رولى	headword	212_2L.png	unverified
D90-6-02532	ئىروزىيىلەنگەن	headword	212_2L.png	verified
D90-6-02535	ئىروزىيىلىمەك	headword	212_2L.png	unverified
D90-6-02536	ئىرونىيە	headword	213_1R.png	unverified
D90-6-02537	ئىرىدىي	headword	213_1R.png	unverified
D90-6-02538	ئىرىس	headword	213_1R.png	unverified
D90-6-02540	ئىرىڭ-سىرىڭ	headword	213_1R.png	unverified
D90-6-02541	ئىرىم	headword	213_1R.png	unverified
D90-6-02542	ئىرىم قىلماق	headword	213_2L.png	unverified
D90-6-02543	ئىرىمچى	headword	213_2L.png	unverified
D90-6-02544	ئىرىمچىك	headword	213_2L.png	unverified
D90-6-02545	ئىز	headword	214_1R.png	unverified
D90-6-02546	ئىز باسماق	headword	214_2L.png	unverified
D90-6-02547	ئىز پۇلى	headword	215_1R.png	unverified
D90-6-02548	ئىز سىزىقى	headword	215_1R.png	unverified
D90-6-02549	ئىز قالدۇرغۇچى ئوق	headword	215_1R.png	unverified
D90-6-02550	ئىز قالدۇرماق	headword	215_1R.png	unverified
D90-6-02551	ئىز قوغلىماق	headword	215_1R.png	unverified
D90-6-02552	ئىز كۆرسەتكۈچ ئاتوم	headword	215_2L.png	unverified
D90-6-02553	ئىزىدىن چىقماق	headword	215_2L.png	unverified
D90-6-02554	ئىزىدىن قايتماسلىق	headword	215_2L.png	unverified
D90-6-02554-v1	باسقان ئىزىدىن قايتماسلىق	variant	215_2L.png	unverified
D90-6-02555	ئىزىدىن ماڭماق	headword	215_2L.png	unverified
D90-6-02556	ئىزىغا چۈشمەك	headword	215_2L.png	unverified
D90-6-02557	ئىزىغا سالماق	headword	216_1R.png	unverified
D90-6-02558	ئىزىنى باسماق	headword	216_1R.png	unverified
D90-6-02559	ئىزىنى ئۆچۈرمەك	headword	216_1R.png	unverified
D90-6-02560	ئىزا	headword	216_2L.png	unverified
D90-6-02561	ئىزا-ئاھانەت	headword	216_2L.png	unverified
D90-6-02562	ئىزا-ئاھانەت قىلماق	headword	216_2L.png	unverified
D90-6-02563	ئىزا-ئاھانەتكە قالماق	headword	216_2L.png	unverified
D90-6-02564	ئىزاھ	headword	217_1R.png	unverified
D90-6-02565	ئىزاھ بەرمەك	headword	217_1R.png	unverified
D90-6-02566	ئىزاھات	headword	217_2L.png	unverified
D90-6-02567	ئىزاھات بەرمەك	headword	217_2L.png	unverified
D90-6-02568	ئىزاھاتسىز	headword	217_2L.png	unverified
D90-6-02569	ئىزاھلاتقۇزماق	headword	217_2L.png	unverified
D90-6-02570	ئىزاھلاتماق	headword	217_2L.png	unverified
D90-6-02571	ئىزاھلاشماق	headword	217_2L.png	unverified
D90-6-02572	ئىزاھلانماق	headword	217_2L.png	unverified
D90-6-02573	ئىزاھلىق	headword	218_1R.png	unverified
D90-6-02574	ئىزاھلىق لۇغەت	headword	218_1R.png	unverified
D90-6-02575	ئىزاھلىق تەڭداش بۆلەك	headword	218_1R.png	unverified
D90-6-02576	ئىزاھلىماق	headword	218_1R.png	unverified
D90-6-02577	ئىزاھنامە	headword	218_2L.png	unverified
D90-6-02578	ئىزباسار	headword	218_2L.png	unverified
D90-6-02579	ئىزباسارلىق	headword	218_2L.png	unverified
D90-6-02580	ئىزتىراپ	headword	218_2L.png	unverified
D90-6-02581	ئىزچى	headword	219_1R.png	unverified
D90-6-02582	ئىزچىل	headword	219_2L.png	unverified
D90-6-02584	ئىزچىلار	headword	220_1R.png	unverified
D90-6-02585	ئىزچىللاشتۇرماق	headword	220_1R.png	unverified
D90-6-02587	ئىزچىللاشماق	headword	220_1R.png	unverified
D90-6-02586	ئىزچىللاشتۇرۇلماق	headword	220_1R.png	unverified
D90-6-02588	ئىزچىللىق	headword	220_2L.png	unverified
D90-6-02590	ئىزخىر	headword	220_2L.png	unverified
D90-6-02591	ئىزدەتكۈزمەك	headword	220_2L.png	unverified
D90-6-02592	ئىزدەتمەك	headword	220_2L.png	unverified
D90-6-02593	ئىزدەشتۈرمەك	headword	221_1R.png	unverified
D90-6-02594	ئىزدەشمەك	headword	221_1R.png	unverified
D90-6-02595	ئىزدەكچى	headword	221_1R.png	unverified
D90-6-02596	ئىزدەك-سوراق	headword	221_1R.png	unverified
D90-6-02597	ئىزدەلمەك	headword	221_2L.png	unverified
D90-6-02598	ئىزدەندۈرمەك	headword	221_2L.png	unverified
D90-6-02599	ئىزدەنمەك	headword	221_2L.png	unverified
D90-6-02600	ئىز-دېرەك	headword	222_1R.png	unverified
D90-6-02603	ئىز-دېرەكسىز	headword	222_1R.png	unverified
D90-6-02604	ئىز-دېرەكلىمەك	headword	222_1R.png	unverified
D90-6-02605	ئىزدىتىلمەك	headword	222_1R.png	unverified
D90-6-02607	ئىزدىنىش	headword	222_2L.png	unverified
D90-6-02608	ئىزدىنىشمەك	headword	222_2L.png	unverified
D90-6-02609	ئىززەت	headword	222_2L.png	unverified
D90-6-02610	ئىززەت قىلماق	headword	223_1R.png	unverified
D90-6-02611	ئىززىتىنى بىلمەك	headword	223_1R.png	unverified
D90-6-02612	ئىززىتىنى ساتماق	headword	223_1R.png	unverified
D90-6-02613	ئىززىتىنى سېتىپ يەيدىغان	headword	223_1R.png	unverified
D90-6-02614	ئىززەت-ئابروي	headword	223_1R.png	unverified
D90-6-02615	ئىززەتسىز	headword	223_2L.png	unverified
D90-6-02616	ئىززەت-غۇرۇر	headword	223_2L.png	unverified
D90-6-02617	ئىززەتلەشمەك	headword	223_2L.png	unverified
D90-6-02618	ئىززەتلەنمەك	headword	223_2L.png	unverified
D90-6-02619	ئىززەتلىك	headword	223_2L.png	unverified
D90-6-02620	ئىززەتلىمەك	headword	223_2L.png	unverified
D90-6-02621	ئىززەت-نەپس	headword	224_1R.png	unverified
D90-6-02622	ئىززەت-ھۆرمەت	headword	224_1R.png	unverified
D90-6-02623	ئىززەت-ئېھتىرام	headword	224_1R.png	unverified
D90-6-02624	ئىززەت-ئىكرام	headword	224_1R.png	unverified
D90-6-02626	ئىزسىز	headword	224_2L.png	unverified
D90-6-02627	ئىزغىرىن	headword	224_2L.png	unverified
D90-6-02628	ئىز-قارىسى	headword	224_2L.png	unverified
D90-6-02629	ئىزگۈ	headword	224_2L.png	unverified
D90-6-02630	ئىزلەتكۈزمەك	headword	224_2L.png	unverified
D90-6-02631	ئىزلەتمەك	headword	225_1R.png	unverified
D90-6-02632	ئىزلەشتۈرمەك	headword	225_1R.png	unverified
D90-6-02633	ئىزلەشمەك	headword	225_1R.png	unverified
D90-6-02634	ئىزلەنمەك	headword	225_2L.png	unverified
D90-6-02635	ئىزلىمەك	headword	225_2L.png	unverified
D90-6-02636	ئىزمە	headword	225_2L.png	unverified
D90-6-02637	ئىزموق	headword	225_2L.png	unverified
D90-6-02638	ئىزمۇئىز	headword	226_1R.png	unverified
D90-6-02639	ئىزمىدىماق	headword	226_1R.png	unverified
D90-6-02645	ئىزمىلىمەك	headword	226_1R.png	unverified
D90-6-02640	ئىزمىلەتمەك	headword	226_1R.png	unverified
D90-6-02641	ئىزمىلەشمەك	headword	226_1R.png	unverified
D90-6-02642	ئىزمىلەنمەك	headword	226_1R.png	unverified
D90-6-02643	ئىزمىلىك	headword	226_1R.png	unverified
D90-6-02644	ئىزمىلىماق	nonstandard	226_1R.png	unverified
D90-6-02646	ئىزنا	headword	226_2L.png	unverified
D90-6-02647	ئىزناسىز	headword	226_2L.png	unverified
D90-6-02648	ئىزناسىز سىزما	headword	226_2L.png	unverified
D90-6-02649	ئىزناك	headword	227_1R.png	unverified
D90-6-02650	ئىزنالىق	headword	227_1R.png	unverified
D90-6-02652	ئىزنىماق	headword	227_1R.png	unverified
D90-6-02652-v1	كىشنىمەك	variant	227_1R.png	unverified
D90-6-02653	ئىزھار	headword	227_1R.png	unverified
D90-6-02656	ئىزھار بولماق	headword	227_2L.png	unverified
D90-6-02657	ئىزھار قىلماق	headword	227_2L.png	unverified
D90-6-02658	ئىزھارلىماق	headword	227_2L.png	unverified
D90-6-02659	ئىزوتروپ	headword	227_2L.png	unverified
D90-6-02662	ئىزوتروپىيە	headword	227_2L.png	unverified
D90-6-02660	ئىزوتروپلۇق	headword	227_2L.png	unverified
D90-6-02663	ئىزوتوپ	headword	228_1R.png	unverified
D90-6-02670	ئىزوتوپلار	headword	228_2L.png	unverified
D90-6-02664	ئىزوتوپ تەركىبى	headword	228_1R.png	unverified
D90-6-02665	ئىزوتوپ گېئولوگىيىسى	headword	228_1R.png	unverified
D90-6-02666	ئىزوتوپ گېئولوگىيىسى يىلشۇناسلىقى	headword	228_1R.png	unverified
D90-6-02667	ئىزوتوپ گېئولوگىيىلىك دەۋر جەدۋىلى	headword	228_1R.png	unverified
D90-6-02668	ئىزوتوپ مىنېرالوگىيىسى	headword	228_2L.png	unverified
D90-6-02669	ئىزوتوپ يېشى	headword	228_2L.png	unverified
D90-6-02671	ئىزوتوپلار ئېغىرلىقى	headword	228_2L.png	unverified
D90-6-02672	ئىزوتوپلۇق	headword	228_2L.png	unverified
D90-6-02674	ئىزوتوپلۇق يىلشۇناسلىق	headword	228_2L.png	unverified
D90-6-02675	ئىزوتون	headword	229_1R.png	unverified
D90-6-02676	ئىزوتېرما	headword	229_1R.png	unverified
D90-6-02678	ئىزوتېرمىك	headword	229_1R.png	unverified
D90-6-02681	ئىزوتېرمىك ھەجىم مودولى	headword	229_2L.png	unverified
D90-6-02682	ئىزوسپىن	headword	229_2L.png	unverified
D90-6-02683	ئىزولياتسىيە	headword	229_2L.png	unverified
D90-6-02684	ئىزولياتسىيىلەتمەك	headword	229_2L.png	unverified
D90-6-02685	ئىزولياتسىيىلەشمەك	headword	229_2L.png	unverified
D90-6-02686	ئىزولياتسىيىلەنمەك	headword	229_2L.png	unverified
D90-6-02687	ئىزولياتسىيىلىمەك	headword	229_2L.png	unverified
D90-6-02688	ئىزولياتور	headword	230_1R.png	unverified
D90-6-02689	ئىزوموف	headword	230_1R.png	unverified
D90-6-02691	ئىزومورفىزم	headword	230_1R.png	unverified
D90-6-02692	ئىزومېر	headword	230_1R.png	unverified
D90-6-02693	ئىزومېرلىنىش	headword	230_2L.png	unverified
D90-6-02694	ئىزومېرىيە	headword	230_2L.png	unverified
D90-6-02695	ئىزوئوكتان	headword	230_2L.png	unverified
D90-6-02696	ئىزۋوت	headword	230_2L.png	unverified
D90-6-02697	ئىس	headword	230_2L.png	unverified
D90-6-02699	ئىسپات	headword	231_1R.png	unverified
D90-6-02704	ئىسپاتلاتماق	headword	231_1R.png	unverified
D90-6-02705	ئىسپاتلاش	headword	231_1R.png	unverified
D90-6-02706	ئىسپاتلاشماق	headword	231_2L.png	unverified
D90-6-02707	ئىسپاتلانماق	headword	231_2L.png	unverified
D90-6-02708	ئىسپاتلىق	headword	231_2L.png	unverified
D90-6-02709	ئىسپاتلىماق	headword	231_2L.png	unverified
D90-6-02710	ئىسپاتنامە	headword	232_1R.png	unverified
D90-6-02711	ئىسپان	headword	232_1R.png	unverified
D90-6-02712	ئىسپان تىلى	headword	232_1R.png	unverified
D90-6-02713	ئىسپانچە	headword	232_1R.png	unverified
D90-6-02714	ئىسپانلار	headword	232_1R.png	unverified
D90-6-02715	ئىسپە غول	headword	232_2L.png	unverified
D90-6-02716	ئىسپىراپكا	headword	232_2L.png	unverified
D90-6-02717	ئىسپىرت	headword	232_2L.png	verified
D90-6-02719	ئىسپىرت لامپا	headword	233_1R.png	unverified
D90-6-02720	ئىسپىرتلىق	headword	233_1R.png	unverified
D90-6-02721	ئىسپىرتلىق تېرمومېتىر	headword	233_1R.png	unverified
D90-6-02722	ئىستاپىل	headword	233_1R.png	unverified
D90-6-02723	ئىستاتىكا	headword	233_1R.png	unverified
D90-6-02723-v1	ستاتىستىكا سىتاتىستىكا	variant	233_1R.png	unverified
D90-6-02724	ئىستاز	headword	233_2L.png	unverified
D90-6-02724-v1	سىتاژ	variant	233_2L.png	unverified
D90-6-02725	ئىستاكان	headword	233_2L.png	unverified
D90-6-02726	ئىستانسا	headword	233_2L.png	unverified
D90-6-02727	ئىستانۈك	headword	233_2L.png	unverified
D90-6-02727-v1	ستانوك	variant	233_2L.png	unverified
D90-6-02728	ئىستەك	headword	233_2L.png	unverified
D90-6-02729	ئىستەكسىز	headword	233_2L.png	unverified
D90-6-02730	ئىستراتېگىيە	headword	234_1R.png	unverified
D90-6-02730-v1	ستراتېگىيە	variant	234_1R.png	unverified
D90-6-02731	ئىستودېنت	headword	234_1R.png	unverified
D90-6-02732	ئىستون	headword	234_1R.png	unverified
D90-6-02733	ئىستوۋول	headword	234_1R.png	verified
D90-6-02733-v1	ستۋول	variant	234_1R.png	verified
D90-6-02734	ئىس-تۈتەك	headword	234_1R.png	unverified
D90-6-02735	ئىس-تۈتۈن	headword	234_1R.png	unverified
D90-6-02736	ئىستېپا	headword	234_1R.png	unverified
D90-6-02739	ئىستېدات	headword	234_2L.png	unverified
D90-6-02740	ئىستېداتلىق	headword	234_2L.png	unverified
D90-6-02741	ئىستېركۇل	headword	234_2L.png	unverified
D90-6-02741-v1	ئىستېركۇل دەرىخى	variant	234_2L.png	unverified
D90-6-02743	ئىستېرىيە	nonstandard	235_1R.png	unverified
D90-6-02743-c1	ھىستېرىيە	corrected_form	235_1R.png	unverified
D90-6-02744	ئىستېلا	headword	235_1R.png	unverified
D90-6-02745	ئىستېلاچى	headword	235_1R.png	unverified
D90-6-02746	ئىستېلاچىلىق	headword	235_1R.png	unverified
D90-6-02747	ئىستېمال	headword	235_2L.png	unverified
D90-6-02753	ئىستېمال قىلماق	headword	236_1R.png	unverified
D90-6-02754	ئىستېمال قىممىتى	headword	236_1R.png	unverified
D90-6-02755	ئىستېمال ۋاسىتىلىرى	headword	236_1R.png	unverified
D90-6-02756	ئىستېمال ئىناۋەتلىك قەرزى	headword	236_1R.png	unverified
D90-6-02757	ئىستېمالچى	headword	236_1R.png	unverified
D90-6-02758	ئىستېمالچى ئورگانىزىم	headword	236_2L.png	unverified
D90-6-02759	ئىستىئارە	headword	236_2L.png	unverified
D90-6-02759-v1	مېتافورا	variant	236_2L.png	unverified
D90-6-02760	ئىستىبدات	headword	236_2L.png	unverified
D90-6-02761	ئىستىبداتچى	headword	236_2L.png	unverified
D90-6-02762	ئىستىبداتچىل	headword	236_2L.png	unverified
D90-6-02763	ئىستىبداتچىلىق	headword	236_2L.png	unverified
D90-6-02764	ئىستىبداتلىق	headword	236_2L.png	unverified
D90-6-02765	ئىستىراتىپ	headword	237_1R.png	unverified
D90-6-02766	ئىستىراھەت	headword	237_1R.png	unverified
D90-6-02768	ئىستىراھەتخانا	headword	237_1R.png	unverified
D90-6-02769	ئىستىراھەتگاھ	headword	237_1R.png	unverified
D90-6-02770	ئىستىراھەتگاھلىق	headword	237_1R.png	unverified
D90-6-02771	ئىستىسقا	headword	237_2L.png	unverified
D90-6-02772	ئىستىسنا	headword	237_2L.png	unverified
D90-6-02774	ئىستىسناسىز	headword	237_2L.png	unverified
D90-6-02775	ئىستىغپار	headword	237_2L.png	unverified
D90-6-02776	ئىستىقامەت	headword	237_2L.png	unverified
D90-6-02777	ئىستىقامەت قىلماق	headword	238_1R.png	unverified
D90-6-02778	ئىستىقامەتچى	headword	238_1R.png	unverified
D90-6-02779	ئىستىقبال	headword	238_1R.png	unverified
D90-6-02780	ئىستىقبال قىلىنماق	headword	238_2L.png	unverified
D90-6-02781	ئىستىقبالسىز	headword	238_2L.png	unverified
D90-6-02782	ئىستىقباللىق	headword	238_2L.png	unverified
D90-6-02783	ئىستىقلال	headword	238_2L.png	unverified
D90-6-02784	ئىستىقلالىيەت	headword	239_1R.png	unverified
D90-6-02785	ئىستىقلالىيەتچى	headword	239_1R.png	unverified
D90-6-02786	ئىستىقلالىيەتچىلىق	headword	239_1R.png	unverified
D90-6-02787	ئىستىل	headword	239_1R.png	unverified
D90-6-02788	ئىستىل تۈزىتىش ھەرىكىتى	headword	239_2L.png	unverified
D90-6-02789	ئىستىلىزاتسىيە	headword	239_2L.png	unverified
D90-6-02790	ئىستىلىستىكا	headword	239_2L.png	unverified
D90-6-02790-v1	ستىلىستىكا	variant	239_2L.png	unverified
D90-6-02791	ئىستىلىي	headword	239_2L.png	unverified
D90-6-02792	ئىستىمەك	headword	239_2L.png	unverified
D90-6-02793	ئىستىنجا	headword	240_1R.png	unverified
D90-6-02794	ئىستىھزا	headword	240_1R.png	unverified
D90-6-02795	ئىستىھزالانماق	headword	240_1R.png	unverified
D90-6-02796	ئىستىھزاسىز	headword	240_1R.png	unverified
D90-6-02797	ئىستىھزالىق	headword	240_1R.png	unverified
D90-6-02798	ئىستىھكام	headword	240_2L.png	unverified
D90-6-02800	ئىستىۋرا	headword	240_2L.png	unverified
D90-6-02802	ئىستىۋراخانا	headword	240_2L.png	unverified
D90-6-02802-v1	ھاجەتخانا	variant	240_2L.png	unverified
D90-6-02803	ئىستىۋول	headword	240_2L.png	unverified
D90-6-02804	ئىسچوت	headword	240_2L.png	unverified
D90-6-02805	ئىسچوتچىك	headword	241_1R.png	unverified
D90-6-02806	ئىسراپ	headword	241_1R.png	unverified
D90-6-02807	ئىسراپ بولماق	headword	241_1R.png	unverified
D90-6-02808	ئىسراپ قىلماق	headword	241_1R.png	unverified
D90-6-02809	ئىسراپچىلىق	headword	241_1R.png	unverified
D90-6-02810	ئىسراپخور	headword	241_2L.png	unverified
D90-6-02811	ئىسراپخورلۇق	headword	241_2L.png	unverified
D90-6-02812	ئىسرائىلىيە	headword	241_2L.png	unverified
D90-6-02813	ئىسرائىلىيە پادىشاھلىقى	headword	241_2L.png	unverified
D90-6-02814	ئىسرىق	headword	242_1R.png	unverified
D90-6-02816	ئىسرىقدان	headword	242_1R.png	unverified
D90-6-02817	ئىسرىقدىماق	headword	242_2L.png	unverified
D90-6-02818	ئىسرىقلىماق	headword	242_2L.png	unverified
D90-6-02819	ئىسسىتقۇ	headword	242_2L.png	unverified
D90-6-02820	ئىسسىتقۇچ	headword	242_2L.png	unverified
D90-6-02821	ئىسسىتما	headword	242_2L.png	unverified
D90-6-02822	ئىسسىتماق	headword	243_1R.png	unverified
D90-6-02823	ئىسسىتمىدىماق	headword	243_1R.png	unverified
D90-6-02824	ئىسسىتىش	headword	243_1R.png	unverified
D90-6-02825	ئىسسىتىش ئۈسكۈنىلىرى	headword	243_2L.png	unverified
D90-6-02826	ئىسسىتىشماق	headword	243_2L.png	unverified
D90-6-02827	ئىسسىتىلماق	headword	243_2L.png	unverified
D90-6-02828	ئىسسىز	headword	243_2L.png	unverified
D90-6-02830	ئىسسىق	headword	243_2L.png	verified
D90-6-02838	ئىسسىق ئادۋېكسىيە	headword	244_2L.png	unverified
D90-6-02839	ئىسسىق باسماق	headword	244_2L.png	unverified
D90-6-02840	ئىسسىق بەلباغ	headword	244_2L.png	unverified
D90-6-02841	ئىسسىق بەلباغ قۇملۇق ئىقلىمى	headword	244_2L.png	unverified
D90-6-02842	ئىسسىق بەلباغ يامغۇرلۇق ئورمان ئىقلىمى	headword	245_1R.png	unverified
D90-6-02843	ئىسسىق بەلباغ يايلاق ئىقلىمى	headword	245_1R.png	unverified
D90-6-02844	ئىسسىق بۇلاق	headword	245_1R.png	unverified
D90-6-02845	ئىسسىق تۆۋەن بېسىم	headword	245_1R.png	unverified
D90-6-02846	ئىسسىق چىراي	headword	245_1R.png	unverified
D90-6-02847	ئىسسىق چىراي بەرمەك	headword	245_2L.png	unverified
D90-6-02848	ئىسسىق رەڭلەر	headword	245_2L.png	unverified
D90-6-02849	ئىسسىق سۇلۇق سازلىق	headword	245_2L.png	unverified
D90-6-02850	ئىسسىق شامال	headword	245_2L.png	unverified
D90-6-02851	ئىسسىق قاتلام	headword	245_2L.png	unverified
D90-6-02852	ئىسسىققا چىداملىق پولات	headword	245_2L.png	unverified
D90-6-02853	ئىسسىق فرونت	headword	246_1R.png	unverified
D90-6-02854	ئىسسىق كەلمەك	headword	246_1R.png	unverified
D90-6-02855	ئىسسىق لىنىيە	headword	246_1R.png	unverified
D90-6-02856	ئىسسىق مىنېرال بۇلاق	headword	246_1R.png	unverified
D90-6-02857	ئىسسىق نېيترون	headword	246_1R.png	unverified
D90-6-02858	ئىسسىق ھاۋا	headword	246_1R.png	unverified
D90-6-02859	ئىسسىق ئېقىم	headword	246_2L.png	unverified
D90-6-02860	ئىسسىقى ئاشماق	headword	246_2L.png	unverified
D90-6-02861	ئىسسىق ئۆتمەك	headword	246_2L.png	unverified
D90-6-02862	ئىسسىق ئۆتۈپ قالماق	headword	246_2L.png	unverified
D90-6-02863	ئىسسىق ئۆتۈپ كەتمەك	headword	246_2L.png	unverified
D90-6-02864	ئىسسىق ئىئون	headword	247_1R.png	unverified
D90-6-02865	ئىسسىق يادرو	headword	247_1R.png	unverified
D90-6-02866	ئىسسىق يادرو رېئاكسىيىسى	headword	247_1R.png	unverified
D90-6-02867	ئىسسىق يادرو قورالى	headword	247_1R.png	unverified
D90-6-02868	ئىسسىق يەل	headword	247_1R.png	unverified
D90-6-02869	ئىسسىق يەللىك	headword	247_2L.png	unverified
D90-6-02870	ئىسسىق يەللىك قىلماق	headword	247_2L.png	unverified
D90-6-02871	ئىسسىق يۇقىرى بېسىم	headword	247_2L.png	unverified
D90-6-02872	ئىسسىقچان	headword	247_2L.png	unverified
D90-6-02873	ئىسسىقچىلىق	headword	247_2L.png	unverified
D90-6-02874	ئىسسىق-سوغۇق	headword	247_2L.png	unverified
D90-6-02875	ئىسسىق-سوغۇق رەڭلەر	headword	248_1R.png	unverified
D90-6-02876	ئىسسىق-سوغۇقنى تەڭ كۆرمەك	headword	248_1R.png	unverified
D90-6-02877	ئىسسىقسىز	headword	248_1R.png	unverified
D90-6-02878	ئىسسىقلاتماق	headword	248_1R.png	unverified
D90-6-02879	ئىسسىقلىق	headword	248_1R.png	unverified
D90-6-02880	ئىسسىقلىق ئارقىلىق قۇدۇق ئۆلچەش	headword	248_2L.png	unverified
D90-6-02881	ئىسسىقلىق ئازگىلى	headword	248_2L.png	unverified
D90-6-02882	ئىسسىقلىق ئالماشتۇرغۇچ	headword	248_2L.png	unverified
D90-6-02883	ئىسسىقلىق ئەجىلى	headword	249_1R.png	unverified
D90-6-02884	ئىسسىقلىق پومپىسى	headword	249_1R.png	unverified
D90-6-02885	ئىسسىقلىق تارازىسى	headword	249_2L.png	unverified
D90-6-02886	ئىسسىقلىق تارقاتقۇچ	headword	249_2L.png	unverified
D90-6-02887	ئىسسىقلىقتا ئۆزگىرىش كۆرسەتكۈچى	headword	249_2L.png	unverified
D90-6-02888	ئىسسىقلىق تەڭپۇڭلۇقى	headword	249_2L.png	unverified
D90-6-02890	ئىسسىقلىق توسقۇنلۇقى	headword	250_1R.png	unverified
D90-6-02891	ئىسسىقلىقتىن چوڭىيىش	headword	250_1R.png	unverified
D90-6-02892	ئىسسىقلىق چىقىرىش	headword	250_1R.png	unverified
D90-6-02894	ئىسسىقلىق دۋىگاتېلى	headword	250_2L.png	unverified
D90-6-02895	ئىسسىقلىق سىغىمچانلىقى	headword	250_2L.png	unverified
D90-6-02896	ئىسسىقلىق سىغىمى	headword	250_2L.png	unverified
D90-6-02897	ئىسسىقلىق شاۋقۇنى	headword	250_2L.png	unverified
D90-6-02898	ئىسسىقلىق قارشىلىقى	headword	250_2L.png	unverified
D90-6-02899	ئىسسىقلىق قىلماق	headword	250_2L.png	unverified
D90-6-02900	ئىسسىقلىق كۆچۈش	headword	251_1R.png	unverified
D90-6-02901	ئىسسىقلىق گرادىئېنتى	headword	251_1R.png	unverified
D90-6-02902	ئىسسىقلىق ماشىنىسى	headword	251_1R.png	unverified
D90-6-02903	ئىسسىقلىق مېخانىكىسى	headword	251_1R.png	unverified
D90-6-02904	ئىسسىقلىق مىقدارى	headword	251_1R.png	unverified
D90-6-02905	ئىسسىقلىقنىڭ نۇرلىنىشى	headword	251_2L.png	unverified
D90-6-02906	ئىسسىقلىقنىڭ ئىش ئېكۋىۋالېنتى	headword	251_2L.png	unverified
D90-6-02907	ئىسسىقلىقنى ياخشى ئۆتكۈزمەيدىغان جىسىم	headword	251_2L.png	unverified
D90-6-02908	ئىسسىقلىقنى ياخشى ئۆتكۈزىدىغان جىسىم	headword	251_2L.png	unverified
D90-6-02909	ئىسسىقلىق ھەرىكىتى	headword	251_2L.png	unverified
D90-6-02910	ئىسسىقلىق ئۇزىتىش	headword	252_1R.png	unverified
D90-6-02911	ئىسسىقلىق ئۆتكۈزمەسلىك	headword	252_1R.png	unverified
D90-6-02912	ئىسسىقلىق ئۆتكۈزمەس ماتېرىيال	headword	252_1R.png	unverified
D90-6-02913	ئىسسىقلىق ئۆتكۈزۈش	headword	252_1R.png	unverified
D90-6-02914	ئىسسىقلىق ئۆتكۈزۈشچانلىق	headword	252_1R.png	unverified
D90-6-02915	ئىسسىقلىق ئۆتكۈزۈش كوئېففىتسېنتى	headword	252_1R.png	unverified
D90-6-02916	ئىسسىقلىق ئېففېكتى	headword	252_1R.png	unverified
D90-6-02917	ئىسسىقلىق-ئېغىرلىق ئانالىزى	headword	252_2L.png	unverified
D90-6-02918	ئىسسىقلىق ئېكۋاتورى	headword	252_2L.png	unverified
D90-6-02919	ئىسسىقلىق ئېلېكتىر ئىستانسىسى	headword	252_2L.png	unverified
D90-6-02920	ئىسسىقلىق ئېنېرگىيىسى	headword	252_2L.png	unverified
D90-6-02921	ئىسسىقلىق ئىزولياتسىيىسى	headword	252_2L.png	unverified
D90-6-02922	ئىسسىقلىق ئىلمى	headword	253_1R.png	unverified
D90-6-02923	ئىسسىقلىماق	headword	253_1R.png	unverified
D90-6-02924	ئىسسىقىدا	headword	253_1R.png	unverified
D90-6-02925	ئىسسىماق	headword	253_1R.png	unverified
D90-6-02926	ئىسسىنماق	headword	253_2L.png	unverified
D90-6-02927	ئىسسىنىشماق	headword	253_2L.png	unverified
D90-6-02928	ئىسقات	headword	253_2L.png	verified
D90-6-02929	ئىسقاتچى	headword	254_1R.png	unverified
D90-6-02930	ئىسقىرتقا	headword	254_1R.png	unverified
D90-6-02931	ئىسقىرتما	headword	254_1R.png	unverified
D90-6-02932	ئىسقىرتماق	headword	254_1R.png	unverified
D90-6-02933	ئىسقىرىق	headword	254_1R.png	unverified
D90-6-02934	ئىسكادرون	headword	254_1R.png	unverified
D90-6-02935	ئىسكارلاتىنا	headword	254_2L.png	unverified
D90-6-02936	ئىسكارىن	headword	254_2L.png	verified
D90-6-02937	ئىسكەت	headword	254_2L.png	unverified
D90-6-02938	ئىسكەتتە	headword	255_1R.png	verified
D90-6-02939	ئىسكەتسىز	headword	255_1R.png	unverified
D90-6-02940	ئىسكەتلەتمەك	headword	255_1R.png	unverified
D90-6-02941	ئىسكەتلەشمەك	headword	255_1R.png	unverified
D90-6-02942	ئىسكەتلەنمەك	headword	255_1R.png	unverified
D90-6-02943	ئىسكەتلىك	headword	255_1R.png	unverified
D90-6-02944	ئىسكەتلىمەك	headword	255_1R.png	unverified
D90-6-02945	ئىسكەنجە	headword	255_2L.png	unverified
D90-6-02949	ئىسكەنجىلىمەك	headword	255_2L.png	unverified
D90-6-02950	ئىسكەنجىۋىل	headword	256_1R.png	unverified
D90-6-02951	ئىسكۇدو	headword	256_1R.png	unverified
D90-6-02952	ئىسكىپىدار	headword	256_1R.png	verified
D90-6-02953	ئىسكىرىپكا	headword	256_1R.png	unverified
D90-6-02954	ئىسكىرىپكىچى	headword	256_1R.png	unverified
D90-6-02955	ئىسكىلات	headword	256_1R.png	unverified
D90-6-02957	ئىسكىلاتچى	headword	256_1R.png	unverified
D90-6-02958	ئىسكىلاتچىلىق	headword	256_2L.png	unverified
D90-6-02959	ئىسكىلاتلاشتۇرماق	headword	256_2L.png	unverified
D90-6-02960	ئىسكىلاتلاشتۇرۇلماق	headword	256_2L.png	unverified
D90-6-02961	ئىسكىلاچ	headword	256_2L.png	unverified
D90-6-02962	ئىسكىلاچ مەسە	headword	256_2L.png	unverified
D90-6-02963	ئىسكىلىت	headword	256_2L.png	unverified
D90-6-02965	ئىسكىمەك	headword	256_2L.png	unverified
D90-6-02966	ئىسكىنە	headword	257_1R.png	unverified
D90-6-02968	ئىسگەندە	headword	257_1R.png	unverified
D90-6-02969	ئىسلاتقۇزماق	headword	257_1R.png	unverified
D90-6-02970	ئىسلاتماق	headword	257_1R.png	unverified
D90-6-02971	ئىسلاشقۇرماق	headword	257_1R.png	unverified
D90-6-02972	ئىسلاشماق	headword	257_1R.png	unverified
D90-6-02973	ئىسلام	headword	257_2L.png	unverified
D90-6-02974	ئىسلام دىنى	headword	257_2L.png	unverified
D90-6-02975	ئىسلام دىنىنىڭ ئەخلاق ھۆكۈملىرى	headword	257_2L.png	unverified
D90-6-02976	ئىسلام دىنىنىڭ ئەمەلىي ھۆكۈملىرى	headword	258_1R.png	unverified
D90-6-02977	ئىسلام دىنىنىڭ ئېتىقاد ھۆكۈملىرى	headword	258_1R.png	unverified
D90-6-02978	ئىسلام كالېندارى	headword	258_1R.png	unverified
D90-6-02978-v1	ھەجرىيە	variant	258_1R.png	unverified
D90-6-02979	ئىسلام يىلنامىسى	headword	258_1R.png	unverified
D90-6-02980	ئىسلامئاباد	headword	258_2L.png	unverified
D90-6-02982	ئىسلامچە	headword	258_2L.png	unverified
D90-6-02983	ئىسلامچى	headword	258_2L.png	unverified
D90-6-02984	ئىسلامشۇناس	headword	259_1R.png	unverified
D90-6-02985	ئىسلامشۇناسلىق	headword	259_1R.png	unverified
D90-6-02986	ئىسلاملاشماق	headword	259_1R.png	unverified
D90-6-02987	ئىسلامىيەت	headword	259_1R.png	unverified
D90-6-02988	ئىسلاند	headword	259_1R.png	unverified
D90-6-02989	ئىسلاندىيە	headword	259_1R.png	unverified
D90-6-02990	ئىسلانماق	headword	259_2L.png	unverified
D90-6-02991	ئىسلاھ	headword	259_2L.png	unverified
D90-6-02992	ئىسلاھ قىلماق	headword	259_2L.png	unverified
D90-6-02993	ئىسلاھات	headword	259_2L.png	unverified
D90-6-02994	ئىسلاھاتچى	headword	260_1R.png	unverified
D90-6-02995	ئىسلاھاتچىلىق	headword	260_1R.png	verified
D90-6-02996	ئىسلىق	headword	260_1R.png	unverified
D90-6-02997	ئىسلىق بىللور	headword	260_2L.png	unverified
D90-6-02998	ئىسلىق كۆمۈر	headword	260_2L.png	unverified
D90-6-02999	ئىسلىما	headword	260_2L.png	unverified
D90-6-03001	ئىسلىماق	headword	260_2L.png	unverified
D90-6-03002	ئىسمائىلىيە	headword	260_2L.png	unverified
D90-6-03003	ئىسمائىلتاپ	headword	261_1R.png	unverified
D90-6-03004	ئىسمېنا	headword	261_1R.png	unverified
D90-6-03004-v1	سىمېنا	variant	261_1R.png	unverified
D90-6-03005	ئىسمىئەزەم	headword	261_1R.png	unverified
D90-6-03006	ئىسمى-جىسمىغا لايىق	headword	261_1R.png	unverified
D90-6-03007	ئىسمى-جىسمىغا مۇناسىپ	headword	261_1R.png	unverified
D90-6-03008	ئىسمىدىماق	headword	261_1R.png	unverified
D90-6-03009	ئىسمىزات	headword	261_1R.png	unverified
D90-6-03010	ئىسمىشەرىپ	headword	261_1R.png	unverified
D90-6-03011	ئىسنا	headword	261_2L.png	unverified
D90-6-03012	ئىسىت	headword	261_2L.png	unverified
D90-6-03013	ئىسىت- ئىسىت	headword	261_2L.png	unverified
D90-6-03014	ئىسىم	headword	261_2L.png	verified
D90-6-03016	ئىسىم جۈملە	headword	262_1R.png	unverified
D90-6-03017	ئىسىم قويماق	headword	262_1R.png	unverified
D90-6-03018	ئىسمى بار، جىسمى يوق	headword	262_1R.png	unverified
D90-6-03019	ئىسمىنى ئاتىماق	headword	262_1R.png	unverified
D90-6-03020	ئىسىمداش	headword	262_1R.png	unverified
D90-6-03021	ئىسىمسىز	headword	262_2L.png	unverified
D90-6-03022	ئىسىمشۇناس	headword	262_2L.png	unverified
D90-6-03023	ئىسىمشۇناسلىق	headword	262_2L.png	unverified
D90-6-03024	ئىسىم-فامىلە	headword	262_2L.png	unverified
D90-6-03025	ئىسىم-فامىلە ھوقۇقى	headword	262_2L.png	unverified
D90-6-03026	ئىسىملاشماق	headword	263_1R.png	unverified
D90-6-03027	ئىسىملەنمەك	headword	263_1R.png	unverified
D90-6-03028	ئىسىملىشىش	headword	263_1R.png	unverified
D90-6-03029	ئىسىملىك	headword	263_1R.png	unverified
D90-6-03030	ئىسيان	headword	263_2L.png	unverified
D90-6-03031	ئىسيان قىلماق	headword	263_2L.png	unverified
D90-6-03032	ئىسيان كۆتۈرمەك	headword	263_2L.png	unverified
D90-6-03033	ئىسيانچى	headword	263_2L.png	unverified
D90-6-03034	ئىسيانچىلىق	headword	263_2L.png	unverified
D90-6-03035	ئىسيانكار	headword	263_2L.png	verified
D90-6-03036	ئىسيانكارلىق	headword	264_1R.png	unverified
D90-6-03037	ئىسيانلىق	headword	264_1R.png	unverified
D90-6-03038	ئىش	headword	264_1R.png	unverified
D90-6-03047	ئىش ئارىلىقى گىمناستىكىسى	headword	265_1R.png	verified
D90-6-03047-v1	ئىشلىە پىچىرىش گىمناستىكىسى	variant	265_1R.png	verified
D90-6-03048	ئىش ئاقماق	headword	265_2L.png	unverified
D90-6-03049	ئىش باسماق	headword	265_2L.png	unverified
D90-6-03050	ئىش بولمىدى	headword	265_2L.png	verified
D90-6-03051	ئىش بۇزار	headword	265_2L.png	unverified
D90-6-03052	ئىش بۇزۇقى	headword	265_2L.png	unverified
D90-6-03053	ئىش بېشى	headword	265_2L.png	unverified
D90-6-03054	ئىش بېشىغا قاراپ بېرىلىدىغان ئىش	headword	265_2L.png	unverified
D90-6-03055	ئىش بېلىتى	headword	266_1R.png	unverified
D90-6-03056	ئىش بىلىدىغان	headword	266_1R.png	unverified
D90-6-03057	ئىش پاساتقا ئايلانماق	headword	266_1R.png	unverified
D90-6-03058	ئىش پرىنسىپى	headword	266_1R.png	unverified
D90-6-03059	ئىش پۈتمەيدۇ	headword	266_1R.png	unverified
D90-6-03060	ئىش پېتر	headword	266_1R.png	unverified
D90-6-03061	ئىش تاپماق	headword	266_1R.png	unverified
D90-6-03062	ئىش تارتماق	headword	266_2L.png	unverified
D90-6-03063	ئىش تاشلىماق	headword	266_2L.png	unverified
D90-6-03064	ئىش تاڭ ئاتمايدۇ	headword	266_2L.png	unverified
D90-6-03065	ئىش تامام ۋەسىلام	headword	266_2L.png	unverified
D90-6-03066	ئىش تەرتىپ كارتىسى	headword	266_2L.png	unverified
D90-6-03067	ئىش تەرتىپى	headword	266_2L.png	unverified
D90-6-03068	ئىش تەسىرى	headword	267_1R.png	unverified
D90-6-03069	ئىش تەقسىماتى	headword	267_1R.png	unverified
D90-6-03070	ئىش تەۋرەتمەك	headword	267_1R.png	unverified
D90-6-03071	ئىش تۇتماق	headword	267_1R.png	unverified
D90-6-03072	ئىش تۈگىمەك	headword	267_1R.png	unverified
D90-6-03073	ئىش تېرىماق	headword	267_1R.png	unverified
D90-6-03074	ئىش تېشى	headword	267_2L.png	unverified
D90-6-03075	ئىش تىكمەك	headword	267_2L.png	unverified
D90-6-03076	ئىشتىن باش كۆتۈرمەسلىك	headword	267_2L.png	unverified
D90-6-03077	ئىشتىن چىقماق	headword	267_2L.png	unverified
D90-6-03078	ئىشتىن بوشىتىش	headword	267_2L.png	unverified
D90-6-03079	ئىشتىن بۇرۇنقى مۇپەتتىشلىك	headword	267_2L.png	unverified
D90-6-03080	ئىشتىن سىرتقى	headword	267_2L.png	unverified
D90-6-03081	ئىشتىن سىرتى تەنتەربىيە	headword	268_1R.png	unverified
D90-6-03082	ئىشتىن سىرتى مائارىپ	headword	268_1R.png	unverified
D90-6-03083	ئىشتىن قالماق	headword	268_1R.png	unverified
D90-6-03084	ئىشتىن كېيىن داۋاملىشىدىغان مۇپەتتىشلىك	headword	268_1R.png	unverified
D90-6-03085	ئىشتىن كېيىنكى مۇپەتتىشلىك	headword	268_1R.png	unverified
D90-6-03086	ئىش چاتاق	headword	268_1R.png	unverified
D90-6-03087	ئىش چىقماق	headword	268_2L.png	unverified
D90-6-03088	ئىش رايونى	headword	268_2L.png	unverified
D90-6-03089	ئىش رېتى	headword	268_2L.png	unverified
D90-6-03090	ئىش ساتمىسى	headword	268_2L.png	unverified
D90-6-03091	ئىش فاكتورى	headword	268_2L.png	unverified
D90-6-03092	ئىش فۇنكسىيىسى	headword	268_2L.png	unverified
D90-6-03093	ئىشقا ئاشماق	headword	268_2L.png	unverified
D90-6-03094	ئىشقا تۈك چىقماق	headword	268_2L.png	unverified
D90-6-03095	ئىشقا چۈشمەك	headword	268_2L.png	unverified
D90-6-03096	ئىشقا سالماق	headword	269_1R.png	unverified
D90-6-03097	ئىشقا چىقىش نىسبىتى	headword	269_1R.png	unverified
D90-6-03098	ئىشقا قاراپ بېرىلىدىغان ئىش ھەققى	headword	269_1R.png	unverified
D90-6-03099	ئىش قەغىزى	headword	269_1R.png	unverified
D90-6-03100	ئىش قىلماق	headword	269_1R.png	unverified
D90-6-03101	ئىش كاتتا	headword	269_2L.png	unverified
D90-6-03102	ئىش كۆرگەن	headword	269_2L.png	unverified
D90-6-03103	ئىش كۆرمەك	headword	269_2L.png	unverified
D90-6-03104	ئىش كۈنى	headword	269_2L.png	unverified
D90-6-03105	ئىش كۈنى قىممىتى	headword	269_2L.png	unverified
D90-6-03106	ئىش كىيىمى	headword	269_2L.png	unverified
D90-6-03107	ئىش مەيدانى	headword	269_2L.png	unverified
D90-6-03108	ئىش مىقدارى	headword	269_2L.png	unverified
D90-6-03109	ئىشنىڭ بېشىنى تۇتماق	headword	270_1R.png	unverified
D90-6-03110	ئىشنىڭ بېلىگە تېپىپ تۇرماق	headword	270_1R.png	unverified
D90-6-03111	ئىشنىڭ پۈتكىنى شۇ	headword	270_1R.png	unverified
D90-6-03112	ئىشنىڭ تۈگىگىنى شۇ	headword	270_1R.png	unverified
D90-6-03113	ئىشنىڭ تىلى	headword	270_1R.png	unverified
D90-6-03114	ئىشنىڭ قىزىقى	headword	270_2L.png	unverified
D90-6-03115	ئىشنىڭ كارى	headword	270_2L.png	unverified
D90-6-03116	ئىشنىڭ كارى چاغلىق	headword	270_2L.png	unverified
D90-6-03117	ئىشنىڭ كۆزىنى تاپماق	headword	270_2L.png	unverified
D90-6-03118	ئىشنىڭ ئوخشىغىنى شۇ	headword	270_2L.png	unverified
D90-6-03119	ئىشنىڭ ئېپى-جېپىنى بىلىدىغان	headword	270_2L.png	unverified
D90-6-03120	ئىشنىڭ يولى	headword	271_1R.png	unverified
D90-6-03121	ئىشنى ھۆددىگە ئېلىش	headword	271_1R.png	unverified
D90-6-03122	ئىش ھەققى	headword	271_1R.png	unverified
D90-6-03123	ئىش ھەققى پايدا نىسبىتى	headword	271_1R.png	unverified
D90-6-03124	ئىش ھەققى تۈزۈمى	headword	271_1R.png	unverified
D90-6-03125	ئىش ھەققى دەرىجىسى	headword	271_1R.png	unverified
D90-6-03126	ئىش ھەققى دەرىجىسى تۈزۈمى	headword	271_2L.png	unverified
D90-6-03127	ئىش ھەققى راسچوت تالونى	headword	271_2L.png	unverified
D90-6-03128	ئىش ھەققى شەكلى	headword	271_2L.png	unverified
D90-6-03129	ئىش ھەققى فوندى	headword	271_2L.png	unverified
D90-6-03130	ئىش ھەققى قوشۇمچە خىراجىتى	headword	272_1R.png	unverified
D90-6-03131	ئىش ھەققى ئۆلچىمى	headword	272_1R.png	unverified
D90-6-03132	ئىش ئورنى	headword	272_1R.png	unverified
D90-6-03133	ئىش ئورنىغا چۈشمەك	headword	272_1R.png	unverified
D90-6-03134	ئىش ئورنى مەسئۇلىيەت تۈزۈمى	headword	272_1R.png	unverified
D90-6-03135	ئىش ئوڭاي ھەل قىلىش تەس ئەمەس، تەسكە چۈشمەيدۇ	headword	272_1R.png	unverified
D90-6-03136	ئىش ئوڭدىن كەلمەك	headword	272_2L.png	unverified
D90-6-03137	ئىش ئوڭغا تارتماق	headword	272_2L.png	unverified
D90-6-03138	ئىش ئۇلاغلىرى	headword	272_2L.png	unverified
D90-6-03139	ئىش ئۈنۈمى	headword	272_2L.png	unverified
D90-6-03140	ئىش ۋاقتى	headword	272_2L.png	unverified
D90-6-03141	ئىشى چۈشمەك	headword	272_2L.png	unverified
D90-6-03141-v1	ھاجىتى چۈشمەك	variant	272_2L.png	unverified
D90-6-03142	ئىش ئىزلىرى	headword	272_2L.png	unverified
D90-6-03143	ئىشىڭنى قىل	headword	272_2L.png	unverified
D90-6-03144	ئىشنى ئوخشاتماق	headword	273_1R.png	unverified
D90-6-03145	ئىش ياقماس	headword	273_1R.png	unverified
D90-6-03146	ئىش يۈزىدە	headword	273_1R.png	unverified
D90-6-03147	ئىش يۈزىدىكى تىلشۇناسلىق	headword	273_1R.png	unverified
D90-6-03148	ئىش يۈگۈرمەك	headword	273_1R.png	unverified
D90-6-03149	ئىش يۈگۈرۈش	headword	273_1R.png	unverified
D90-6-03150	ئىشارە	headword	273_2L.png	unverified
D90-6-03152	ئىشارەت	headword	273_2L.png	unverified
D90-6-03155	ئىشارەتلەشمەك	headword	274_1R.png	unverified
D90-6-03156	ئىشارەتلىك	headword	274_1R.png	unverified
D90-6-03157	ئىشارەتلىمەك	headword	274_1R.png	unverified
D90-6-03158	ئىشارىلىك	headword	274_1R.png	unverified
D90-6-03159	ئىشان	headword	274_1R.png	unverified
D90-6-03160	ئىشانلىق	headword	274_2L.png	unverified
D90-6-03161	ئىش-ئەمگەك	headword	274_2L.png	unverified
D90-6-03162	ئىشەنچ	headword	274_2L.png	unverified
D90-6-03163	ئىشەنچە	nonstandard	274_2L.png	unverified
D90-6-03164	ئىشەنچسىز	headword	274_2L.png	unverified
D90-6-03165	ئىشەنچسىزلىك	headword	275_1R.png	unverified
D90-6-03166	ئىشەنچلىك	headword	275_1R.png	unverified
D90-6-03168	ئىشەندۈرەرلىك	headword	275_2L.png	unverified
D90-6-03169	ئىشەندۈرمەك	headword	275_2L.png	unverified
D90-6-03170	ئىشەندۈرۈشمەك	headword	275_2L.png	unverified
D90-6-03171	ئىشەندۈرۈلمەك	headword	275_2L.png	unverified
D90-6-03172	ئىشەنمەك	headword	275_2L.png	unverified
D90-6-03173	ئىش-پائالىيەت	headword	276_1R.png	unverified
D90-6-03174	ئىشپىيون	headword	276_1R.png	unverified
D90-6-03175	ئىشپىيونلۇق	headword	276_1R.png	unverified
D90-6-03176	ئىشتان	headword	276_1R.png	unverified
D90-6-03177	ئىشتانباغ	headword	276_2L.png	unverified
D90-6-03179	ئىشتانپايپاق	headword	276_2L.png	unverified
D90-6-03180	ئىشتانسىز	headword	277_1R.png	unverified
D90-6-03181	ئىشتانلىق	headword	277_1R.png	unverified
D90-6-03182	ئىشتە	headword	277_1R.png	verified
D90-6-03183	ئىشتەي	headword	277_1R.png	unverified
D90-6-03192	ئىشتىھا	headword	277_2L.png	unverified
D90-6-03184	ئىشتىراپ	headword	277_1R.png	verified
D90-6-03184-v1	جەرىمانە	variant	277_1R.png	verified
D90-6-03185	ئىشتىراك	headword	277_1R.png	unverified
D90-6-03186	ئىشتىراك ئەتمەك	headword	277_1R.png	unverified
D90-6-03187	ئىشتىراك قىلماق	headword	277_2L.png	unverified
D90-6-03188	ئىشتىراكچى	headword	277_2L.png	unverified
D90-6-03189	ئىشتىرمەك	nonstandard	277_2L.png	unverified
D90-6-03190	ئىشتىك	headword	277_2L.png	unverified
D90-6-03193	ئىشتىھا ساقلىماق	headword	278_1R.png	unverified
D90-6-03194	ئىشتىھاسى تۇتۇلماق	headword	278_1R.png	unverified
D90-6-03195	ئىشتىھاسى ئېچىلماق	headword	278_1R.png	unverified
D90-6-03196	ئىشتىھاسى يوق	headword	278_1R.png	unverified
D90-6-03197	ئىشتىھا قىلماق	headword	278_1R.png	unverified
D90-6-03198	ئىشتىھاسىز	headword	278_1R.png	unverified
D90-6-03199	ئىشتىھاسىزلىنماق	headword	278_1R.png	unverified
D90-6-03200	ئىشتىھاسىزلىق	headword	278_2L.png	unverified
D90-6-03201	ئىشتىھالىق	headword	278_2L.png	unverified
D90-6-03202	ئىشتىياق	headword	278_2L.png	unverified
D90-6-03203	ئىشتىياق باغلىماق	headword	278_2L.png	unverified
D90-6-03204	ئىشچان	headword	278_2L.png	unverified
D90-6-03205	ئىشچانلىق	headword	278_2L.png	unverified
D90-6-03206	ئىشچى	headword	279_1R.png	unverified
D90-6-03207	ئىشچىلار بىرلەشمىچىلىكى	headword	279_1R.png	unverified
D90-6-03208	ئىشچىلار سىنىپى	headword	279_1R.png	unverified
D90-6-03209	ئىشچىلار ھەرىكىتى	headword	279_1R.png	unverified
D90-6-03210	ئىشچىلار ئۇيۇشمىسى	headword	279_1R.png	unverified
D90-6-03212	ئىشچى ھەرە	headword	279_2L.png	unverified
D90-6-03213	ئىشچى-خىزمەتچى	headword	279_2L.png	unverified
D90-6-03214	ئىشچى-دېھقان	headword	279_2L.png	unverified
D90-6-03215	ئىشچى-دېھقانلار ئىتتىپاقى	headword	279_2L.png	unverified
D90-6-03216	ئىشچىلىق	headword	279_2L.png	unverified
D90-6-03217	ئىشخانا	headword	280_1R.png	unverified
D90-6-03218	ئىشخانا ۋاگون	headword	280_1R.png	unverified
D90-6-03219	ئىشداش	headword	280_1R.png	unverified
D90-6-03220	ئىشرەت	headword	280_2L.png	unverified
D90-6-03221	ئىشرەتپەرەس	headword	280_2L.png	unverified
D90-6-03222	ئىشرەتپەرەسلىك	headword	280_2L.png	unverified
D90-6-03223	ئىشرەتخانا	headword	280_2L.png	unverified
D90-6-03224	ئىشرەتخۇمار	headword	280_2L.png	unverified
D90-6-03225	ئىشرەتگاھ	headword	281_1R.png	unverified
D90-6-03226	ئىشسىز	headword	281_1R.png	unverified
D90-6-03229	ئىشسىزلىق	headword	281_1R.png	unverified
D90-6-03230	ئىششەك	headword	281_1R.png	unverified
D90-6-03231	ئىششەك-نېمئىششەك	headword	281_1R.png	unverified
D90-6-03232	ئىششىتماق	headword	281_2L.png	unverified
D90-6-03232-v1	ئىششىماق » مېجۇرىي دەرىجىسى	variant	281_2L.png	unverified
D90-6-03233	ئىششىق	headword	281_2L.png	unverified
D90-6-03234	ئىششىقسىمان	headword	281_2L.png	unverified
D90-6-03236	ئىششىماق	headword	281_2L.png	unverified
D90-6-03237	ئىشغال	headword	282_1R.png	unverified
D90-6-03238	ئىشغال قىلماق	headword	282_1R.png	unverified
D90-6-03239	ئىشغالىيەت	headword	282_1R.png	unverified
D90-6-03240	ئىشغالىيەتچى	headword	282_1R.png	unverified
D90-6-03241	ئىشق	headword	282_1R.png	unverified
D90-6-03242	ئىشق سەۋداسى	headword	282_1R.png	unverified
D90-6-03243	ئىشقار	headword	282_2L.png	verified
D90-6-03248	ئىشقارلار	headword	283_1R.png	unverified
D90-6-03246	ئىشقارخور	headword	282_2L.png	unverified
D90-6-03247	ئىشقارخۇمار	headword	282_2L.png	unverified
D90-6-03249	ئىشقارلىق	headword	283_1R.png	unverified
D90-6-03255	ئىشقارىي	headword	283_2L.png	verified
D90-6-03257	ئىشقارىي يەر مېتاللىرى	headword	284_1R.png	unverified
D90-6-03258	ئىشق-پىراق	headword	284_1R.png	unverified
D90-6-03259	ئىشقسىز	headword	284_1R.png	unverified
D90-6-03260	ئىشق-مۇھەببەت	headword	284_1R.png	unverified
D90-6-03261	ئىشقۋاز	headword	284_1R.png	verified
D90-6-03262	ئىشقۋازلىق	headword	284_2L.png	unverified
D90-6-03263	ئىشقىلىپ	headword	284_2L.png	unverified
D90-6-03264	ئىشقىلاتماق	headword	284_2L.png	unverified
D90-6-03265	ئىشقىلاشماق	headword	284_2L.png	unverified
D90-6-03266	ئىشقىلانماق	headword	284_2L.png	unverified
D90-6-03267	ئىشقىلىماق	headword	284_2L.png	unverified
D90-6-03268	ئىشكاپ	headword	284_2L.png	unverified
D90-6-03269	ئىشكال	nonstandard	285_1R.png	unverified
D90-6-03270	ئىشكەل	headword	285_1R.png	unverified
D90-6-03271	ئىشكەللەشمەك	headword	285_1R.png	unverified
D90-6-03272	ئىشكەللەنمەك	headword	285_1R.png	unverified
D90-6-03273	ئىشكەللىمەك	headword	285_1R.png	unverified
D90-6-03274	ئىشلەپچىقارماق	headword	285_1R.png	unverified
D90-6-03275	ئىشلەپچىقارغۇچى	headword	285_1R.png	unverified
D90-6-03278	ئىشلەپچىقارغۇچىلار	headword	285_2L.png	unverified
D90-6-03279	ئىشلەپچىقىرىش	headword	285_2L.png	unverified
D90-6-03285	ئىشلەپچىقىرىش تارماقلىرى	headword	286_1R.png	unverified
D90-6-03286	ئىشلەپچىقىرىش تازىلىقى	headword	286_1R.png	unverified
D90-6-03287	ئىشلەپچىقىرىش تەننەرخى	headword	286_1R.png	unverified
D90-6-03288	ئىشلەپچىقىرىش تىپى	headword	286_1R.png	unverified
D90-6-03289	ئىشلەپچىقىرىش چارۋىسى	headword	286_1R.png	unverified
D90-6-03290	ئىشلەپچىقىرىش خاراكتېرلىك قۇرۇلۇش	headword	286_1R.png	unverified
D90-6-03291	ئىشلەپچىقىرىش خاراكتېرلىك مۇئامىلە خىراجىتى	headword	286_2L.png	unverified
D90-6-03292	ئىشلەپچىقىرىش خاراكتېرلىك ئوبوروت خىراجىتى	headword	286_2L.png	unverified
D90-6-03293	ئىشلەپچىقىرىش خىراجىتى	headword	286_2L.png	unverified
D90-6-03294	ئىشلەپچىقىرىش فوندى	headword	286_2L.png	unverified
D90-6-03295	ئىشلەپچىقىرىش قورالى	headword	286_2L.png	unverified
D90-6-03296	ئىشلەپچىقىرىش كاپىتالى	headword	286_2L.png	unverified
D90-6-03297	ئىشلەپچىقىرىش كاپىتالىنىڭ ئايلىنىشى	headword	287_1R.png	unverified
D90-6-03298	ئىشلەپچىقىرىش كۈچلىرى	headword	287_1R.png	unverified
D90-6-03299	ئىشلەپچىقىرىش مۇناسىۋىتى	headword	287_1R.png	unverified
D90-6-03300	ئىشلەپچىقىرىش مۇناسىۋەتلىرىنىڭ تۈرلىرى	headword	287_1R.png	verified
D90-6-03301	ئىشلەپچىقىرىشنىڭ ئىجتىمائىيلىشىشى	headword	287_1R.png	unverified
D90-6-03302	ئىشلەپچىقىرىش ئۇسۇلى	headword	287_2L.png	unverified
D90-6-03303	ئىشلەپچىقىرىش ئۈنۈمى	headword	287_2L.png	unverified
D90-6-03304	ئىشلەپچىقىرىش ۋاسىتىلىرى	headword	287_2L.png	unverified
D90-6-03305	ئىشلەپچىقىرىش ۋاسىتىلىرىگە بولغان خۇسۇسىي مۈلۈكچىلىك	headword	287_2L.png	unverified
D90-6-03306	ئىشلەپچىقىرىش ۋاسىتىلىرىگە بولغان مۈلۈكچىلىك	headword	287_2L.png	unverified
D90-6-03307	ئىشلەپچىقىرىش ئىسلاھاتى	headword	287_2L.png	unverified
D90-6-03308	ئىشلەپچىقىرىش ئىقتىدارى	headword	288_1R.png	unverified
D90-6-03309	ئىشلەپچىقىرىلغان	headword	288_1R.png	unverified
D90-6-03310	ئىشلەپچىقىرىلغان مەھسۇلات	headword	288_1R.png	unverified
D90-6-03311	ئىشلەتكۈزمەك	headword	288_1R.png	unverified
D90-6-03312	ئىشلەتكۈزۈلمەك	headword	288_1R.png	unverified
D90-6-03313	ئىشلەتمەك	headword	288_1R.png	unverified
D90-6-03314	ئىشلەش - ئوقۇش	headword	288_2L.png	unverified
D90-6-03316	ئىشلەشمەك	headword	288_2L.png	unverified
D90-6-03317	ئىشلەكسىز	headword	288_2L.png	unverified
D90-6-03318	ئىشلەمچان	headword	288_2L.png	unverified
D90-6-03319	ئىشلەمچى	headword	289_1R.png	unverified
D90-6-03320	ئىشلەمچىلىك	headword	289_1R.png	unverified
D90-6-03321	ئىشلەنگەن	headword	289_1R.png	unverified
D90-6-03323	ئىشلەنمە	headword	289_1R.png	unverified
D90-6-03324	ئىشلەنمەك	headword	289_1R.png	unverified
D90-6-03325	ئىشلىتىش	headword	289_2L.png	unverified
D90-6-03326	ئىشلىتىش-پىلانلاش	headword	289_2L.png	unverified
D90-6-03327	ئىشلىتىشمەك	headword	289_2L.png	unverified
D90-6-03328	ئىشلىتىلمەك	headword	289_2L.png	unverified
D90-6-03329	ئىشلىق	headword	290_1R.png	unverified
D90-6-03331	ئىشلىمەك	headword	290_1R.png	unverified
D90-6-03332	ئىشلەپ تۇرغان كاپىتال	headword	291_1R.png	unverified
D90-6-03333	ئىشلەپ ئوقۇش	headword	291_1R.png	unverified
D90-6-03334	ئىشلىگەن چىشلەيدۇ	headword	291_1R.png	unverified
D90-6-03335	ئىشمەك	headword	291_1R.png	unverified
D90-6-03336	ئىش-ھەرىكەت	headword	291_1R.png	unverified
D90-6-03337	ئىش-ئوقەت	headword	291_2L.png	unverified
D90-6-03338	ئىشۋاز	headword	291_2L.png	unverified
D90-6-03339	ئىشۋازلىق	headword	291_2L.png	unverified
D90-6-03340	ئىش-ئېنېرگىيە	headword	291_2L.png	unverified
D90-6-03342	ئىشىتكۈزمەك	headword	292_1R.png	unverified
D90-6-03343	ئىشىتكۈزۈلمەك	headword	292_1R.png	unverified
D90-6-03344	ئىشىتمەك	headword	292_1R.png	unverified
D90-6-03345	ئىشتىشمەك	headword	292_1R.png	unverified
D90-6-03346	ئىشىتىلمەك	headword	292_1R.png	unverified
D90-6-03347	ئىشىك	headword	292_2L.png	unverified
D90-6-03351	ئىشىكنى تاقىۋېلىش سىياسىتى	headword	292_2L.png	unverified
D90-6-03352	ئىشىكنى ئېچىۋېتىش	headword	292_2L.png	unverified
D90-6-03353	ئىشىكنى ئېچىۋېتىش سىياسىتى	headword	293_1R.png	unverified
D90-6-03354	ئىشىك ئوچۇق	headword	293_1R.png	unverified
D90-6-03355	ئىشىكىمىز ئوچۇق	headword	293_1R.png	unverified
D90-6-03356	ئىشىكئاغىسى	headword	293_1R.png	unverified
D90-6-03357	ئىشىكباقار	headword	293_1R.png	unverified
D90-6-03358	ئىشىكبېشى	headword	293_2L.png	unverified
D90-6-03359	ئىشىك-تۈڭلۈك	headword	293_2L.png	unverified
D90-6-03360	ئىشىك-دېرىزە	headword	293_2L.png	unverified
D90-6-03361	ئىشىنەرلىك	headword	293_2L.png	unverified
D90-6-03362	ئىشىنەر-ئىشەنمەي	headword	293_2L.png	unverified
D90-6-03363	ئىغائىلمىماق	nonstandard	293_2L.png	unverified
D90-6-03363-c1	ئۇرغا ئىلىماق	corrected_form	293_2L.png	unverified
D90-6-03364	ئىغۋا	headword	293_2L.png	unverified
D90-6-03366	ئىغۋاچى	headword	294_1R.png	unverified
D90-6-03367	ئىغۋاگەر	headword	294_1R.png	unverified
D90-6-03368	ئىغۋاگەرچىلىك	headword	294_1R.png	unverified
D90-6-03369	ئىغۋا-تۆھمەت	headword	294_1R.png	unverified
D90-6-03370	ئىقبال	headword	294_1R.png	unverified
D90-6-03371	ئىقبالىي	headword	294_1R.png	unverified
D90-6-03372	ئىقباللىق	headword	294_2L.png	unverified
D90-6-03373	ئىقتىباس	headword	294_2L.png	unverified
D90-6-03374	ئىقتىدا	headword	294_2L.png	verified
D90-6-03376	ئىقتىدار	headword	294_2L.png	verified
D90-6-03377	ئىقتىدارسىز	headword	295_1R.png	unverified
D90-6-03378	ئىقتىدارسىزلىق	headword	295_1R.png	unverified
D90-6-03379	ئىقتىدارلىق	headword	295_1R.png	unverified
D90-6-03380	ئىقتىساد	headword	295_1R.png	unverified
D90-6-03381	ئىقتىسادتىن ھالقىغان زورلۇق	headword	295_2L.png	unverified
D90-6-03382	ئىقتىساد قىلماق	headword	295_2L.png	unverified
D90-6-03383	ئىقتىسادچان	headword	295_2L.png	unverified
D90-6-03384	ئىقتىسادچانلىق	headword	295_2L.png	unverified
D90-6-03385	ئىقتىسادچى	headword	295_2L.png	unverified
D90-6-03386	ئىقتىسادچىل	headword	296_1R.png	unverified
D90-6-03387	ئىقتىسادچىللىق	headword	296_1R.png	unverified
D90-6-03388	ئىقتىسادشۇناس	headword	296_1R.png	unverified
D90-6-03389	ئىقتىسادشۇناسلىق	headword	296_1R.png	unverified
D90-6-03390	ئىقتىسادۋاز	headword	296_1R.png	unverified
D90-6-03391	ئىقتىسادۋازلار	headword	296_2L.png	unverified
D90-6-03392	ئىقتىسادۋازلىق	headword	296_2L.png	unverified
D90-6-03393	ئىقتىسادىي	headword	296_2L.png	unverified
D90-6-03394	ئىقتىسادىي ئاخبارات	headword	296_2L.png	unverified
D90-6-03395	ئىقتىسادىي ئالاھىدە رايون	headword	297_1R.png	unverified
D90-6-03396	ئىقتىسادىي ئەدلىيە	headword	297_1R.png	unverified
D90-6-03397	ئىقتىسادىي ئەندىزە	headword	297_1R.png	unverified
D90-6-03398	ئىقتىسادىي بازىس	headword	297_1R.png	unverified
D90-6-03399	ئىقتىسادىي باشقۇرۇش	headword	297_1R.png	unverified
D90-6-03400	ئىقتىسادىي بايلىق	headword	297_1R.png	unverified
D90-6-03401	ئىقتىسادىي بىرلەشمە	headword	297_2L.png	unverified
D90-6-03402	ئىقتىسادىي پىشاڭ	headword	297_2L.png	unverified
D90-6-03403	ئىقتىسادىي تەدبىر	headword	297_2L.png	unverified
D90-6-03404	ئىقتىسادىي تەرەققىيات ئىلمى	headword	297_2L.png	unverified
D90-6-03405	ئىقتىسادىي تەرتىپنى بۇزۇش جىنايىتى	headword	298_1R.png	unverified
D90-6-03406	ئىقتىسادىي تەركىب	headword	298_1R.png	unverified
D90-6-03407	ئىقتىسادىي تەشكىلات	headword	298_1R.png	unverified
D90-6-03408	ئىقتىسادىي توختام	headword	298_1R.png	unverified
D90-6-03409	ئىقتىسادىي توختام تۈزۈمى	headword	298_1R.png	unverified
D90-6-03410	ئىقتىسادىي تور	headword	298_2L.png	unverified
D90-6-03411	ئىقتىسادىي تۈزۈلمە	headword	298_2L.png	unverified
D90-6-03412	ئىقتىسادىي تۈزۈلمە ئىسلاھاتى	headword	298_2L.png	unverified
D90-6-03413	ئىقتىسادىي تۈزۈم	headword	298_2L.png	unverified
D90-6-03414	ئىقتىسادىي جازا	headword	298_2L.png	unverified
D90-6-03415	ئىقتىسادىي جان تومۇر	headword	298_2L.png	unverified
D90-6-03416	ئىقتىسادىي جۇغراپىيە	headword	298_2L.png	unverified
D90-6-03417	ئىقتىسادىي جىنايەت	headword	299_1R.png	unverified
D90-6-03418	ئىقتىسادىي رايون	headword	299_1R.png	unverified
D90-6-03419	ئىقتىسادىي رايونلارغا ئايرىش	headword	299_2L.png	unverified
D90-6-03420	ئىقتىسادىي زىرائەتلەر	headword	299_2L.png	unverified
D90-6-03421	ئىقتىسادىي ساراسىمە	headword	299_2L.png	unverified
D90-6-03433	ئىقتىسادىي كرىزىس	headword	300_2L.png	unverified
D90-6-03422	ئىقتىسادىي ستاتىستىكا	headword	299_2L.png	unverified
D90-6-03423	ئىقتىسادىي سوت كوللېگىيىسى	headword	299_2L.png	unverified
D90-6-03424	ئىقتىسادىي سىياسەت	headword	299_2L.png	unverified
D90-6-03425	ئىقتىسادىي شەرتنامە	headword	299_2L.png	unverified
D90-6-03426	ئىقتىسادىي قامال قىلىش	headword	299_2L.png	unverified
D90-6-03427	ئىقتىسادىي قانۇن	headword	300_1R.png	unverified
D90-6-03428	ئىقتىسادىي قانۇنىيەت	headword	300_1R.png	unverified
D90-6-03429	ئىقتىسادىي كەسىپ	headword	300_1R.png	unverified
D90-6-03430	ئىقتىسادىي كۆرسەتكۈچ	headword	300_1R.png	unverified
D90-6-03431	ئىقتىسادىي كۈرەش	headword	300_1R.png	unverified
D90-6-03432	ئىقتىسادىي كېڭەيمىچىلىك	headword	300_1R.png	unverified
D90-6-03434	ئىقتىسادىي مەركەزلەر	headword	300_2L.png	unverified
D90-6-03435	ئىقتىسادىي مەسئۇلىيەت تۈزۈمى	headword	300_2L.png	unverified
D90-6-03436	ئىقتىسادىي مەنپەئەت	headword	300_2L.png	unverified
D90-6-03437	ئىقتىسادىي مۇكاپات	headword	300_2L.png	unverified
D90-6-03438	ئىقتىسادىي مېخانىزم	headword	301_1R.png	unverified
D90-6-03439	ئىقتىسادىي نەتىجە	headword	301_1R.png	unverified
D90-6-03440	ئىقتىسادىي ھاشاراتلار	headword	301_1R.png	unverified
D90-6-03441	ئىقتىسادىي ھەل قىلغۇچ تەدبىر	headword	301_1R.png	unverified
D90-6-03442	ئىقتىسادىي ھەمكارلىق كومىتېتى	headword	301_1R.png	unverified
D90-6-03443	ئىقتىسادىي ھەمكارلىق ۋە تەرەققىيات تەشكىلاتى	headword	301_2L.png	unverified
D90-6-03444	ئىقتىسادىي ھېسابات	headword	301_2L.png	unverified
D90-6-03445	ئىقتىسادىي ئورمان	headword	301_2L.png	unverified
D90-6-03446	ئىقتىسادىي ئۇچۇر	headword	302_1R.png	unverified
D90-6-03447	ئىقتىسادىي ئۈنۈم	headword	302_1R.png	unverified
D90-6-03448	ئىقتىسادىي ۋاسىتە	headword	302_1R.png	unverified
D90-6-03449	ئىقتىساس	nonstandard	302_1R.png	unverified
D90-6-03450	ئىقرار	headword	302_1R.png	unverified
D90-6-03451	ئىقرار بولماق	headword	302_2L.png	unverified
D90-6-03452	ئىقرار قىلماق	headword	302_2L.png	unverified
D90-6-03453	ئىقرارنامە	headword	302_2L.png	unverified
D90-6-03456	ئىقلىم بەلباغلىرى	headword	303_1R.png	unverified
D90-6-03457	ئىقلىم تۈرلىرى	headword	303_1R.png	unverified
D90-6-03458	ئىقلىم تىپلىرى	headword	303_1R.png	unverified
D90-6-03459	ئىقلىم جۇغراپىيىسى	headword	303_1R.png	unverified
D90-6-03460	ئىقلىم شارائىتى	headword	303_1R.png	unverified
D90-6-03461	ئىقلىمغا ماسلىشىش	headword	303_1R.png	unverified
D90-6-03462	ئىقلىم قۇشلىرى	headword	303_1R.png	unverified
D90-6-03463	ئىقلىم نورمالسىزلىقى	headword	303_2L.png	verified
D90-6-03464	ئىقلىمنى شەكىللەندۈرگۈچى ئامىل	headword	303_2L.png	unverified
D90-6-03465	ئىقلىم يۆتكىلىشى	headword	303_2L.png	verified
D90-6-03466	ئىقلىمىيا	headword	303_2L.png	unverified
D90-6-03467	ئىكتى	headword	303_2L.png	unverified
D90-6-03468	ئىكەن	headword	303_2L.png	unverified
D90-6-03469	ئىكرام	headword	304_1R.png	unverified
D90-6-03470	ئىككى	headword	304_1R.png	unverified
D90-6-03474	ئىككى ئاساسلىق ئالكوللار	headword	304_2L.png	unverified
D90-6-03475	ئىككى ئالەم	headword	304_2L.png	unverified
D90-6-03476	ئىككى ئالەمدە قارا يۈز بولماق	headword	304_2L.png	unverified
D90-6-03477	ئىككى ئەزالىق	headword	304_2L.png	unverified
D90-6-03478	ئىككى ئەزالىق تەقسىمات	headword	304_2L.png	unverified
D90-6-03479	ئىككى ئەزالىق تەڭلىمە	headword	304_2L.png	unverified
D90-6-03480	ئىككى ئەزالىق تەڭلىمە يىلتىزى	headword	304_2L.png	unverified
D90-6-03481	ئىككى ئەۋلادلىق كېپىنەك	headword	304_2L.png	unverified
D90-6-03482	ئىككى باسقۇچ ئۇسۇلى	headword	305_1R.png	unverified
D90-6-03483	ئىككى باشنى بىر قىلىپ قويماق	headword	305_1R.png	unverified
D90-6-03484	ئىككى باشنى بىر يەردە قىلماق	headword	305_1R.png	unverified
D90-6-03484-v1	بېشىنى بىر قىلىپ قويماق	variant	305_1R.png	unverified
D90-6-03485	ئىككى بۆلەكلىك مۇزىكا	headword	305_1R.png	unverified
D90-6-03486	ئىككى بۆلۈنمىلىك	headword	305_1R.png	verified
D90-6-03487	ئىككى بىرلىك كارخانا	headword	305_2L.png	unverified
D90-6-03488	ئىككى بىسىلىق	headword	305_2L.png	unverified
D90-6-03489	ئىككى پاختەكنى بىر چالمىدا سوقماق	headword	305_2L.png	unverified
D90-6-03490	ئىككى پارتىيىلىك تۈزۈم	headword	305_2L.png	unverified
D90-6-03491	ئىككى پۇت بىلەن مېڭىش فاڭجېنى	headword	306_1R.png	unverified
D90-6-03492	ئىككى پۇتى بىر ئۆتۈككە تىقىلماق	headword	306_1R.png	unverified
D90-6-03493	ئىككى پۇتى بىر ئۆتۈككە كىرمەك	headword	306_1R.png	unverified
D90-6-03494	ئىككى پۇتى گۆرگە ساڭگىلىماق	headword	306_2L.png	unverified
D90-6-03495	ئىككى پۇتى ئۆرە قالماق	headword	306_2L.png	unverified
D90-6-03496	ئىككى پۇلغا ئەرزىمەس	headword	306_2L.png	unverified
D90-6-03497	ئىككى پۇلغا ئالمايدۇ	headword	306_2L.png	unverified
D90-6-03498	ئىككى پۇلغا ئەرزان، تۆت پۇلغا قىممەت	headword	306_2L.png	unverified
D90-6-03499	ئىككى پۇلغا ئەرزىمەيدۇ	headword	306_2L.png	unverified
D90-6-03500	ئىككى پۇلغا يارىمايدۇ	headword	306_2L.png	unverified
D90-6-03501	ئىككى تاشنىڭ ئارىلىقىدا يانجىلماق	headword	307_1R.png	unverified
D90-6-03502	ئىككى تايىن	headword	307_1R.png	unverified
D90-6-03503	ئىككى تايىن بولماق	headword	307_1R.png	unverified
D90-6-03504	ئىككى تەرەپلىمە	headword	307_1R.png	unverified
D90-6-03505	ئىككى تەرەپلىمىلىك	headword	307_1R.png	unverified
D90-6-03619	ئىككى ياقلىمىلىق	headword	315_2L.png	unverified
D90-6-03507	ئىككى تەكشىلىك ئارىسىدىكى بۇلۇڭ	headword	307_1R.png	unverified
D90-6-03508	ئىككى تەكشىلىكنىڭ پاراللېللىقى	headword	307_1R.png	unverified
D90-6-03509	ئىككى تەكشىلىكنىڭ تىكلىكى	headword	307_1R.png	unverified
D90-6-03510	ئىككى تەكشىلىكنىڭ كېسىشىشى	headword	307_2L.png	unverified
D90-6-03511	ئىككى تېگىشىش نۇقتىسى	headword	307_2L.png	unverified
D90-6-03512	ئىككى توختاش نۇقتىسى	headword	307_2L.png	unverified
D90-6-03513	ئىككى تۇغقان	headword	307_2L.png	unverified
D90-6-03514	ئىككى تۆت سەر يېرىم جىڭ	headword	307_2L.png	unverified
D90-6-03514-v1	ئىككى سەككىز ئون ئالتە	variant	307_2L.png	unverified
D90-6-03515	ئىككى تۈز سىزىق ئارىسىدىكى بۇلۇڭ	headword	307_2L.png	unverified
D90-6-03516	ئىككى تۈز سىزىقنىڭ پاراللېللىقى	headword	307_2L.png	unverified
D90-6-03517	ئىككى تۈز سىزىق كېسىشىشى	headword	307_2L.png	unverified
D90-6-03518	ئىككى تۈز سىزىقنىڭ ئۆزئارا تىكلىكى	headword	308_1R.png	unverified
D90-6-03519	ئىككى تۈز سىزىقنىڭ يانتۇ كېسىشىشى	headword	308_1R.png	unverified
D90-6-03520	ئىككى تىللىق	headword	308_1R.png	unverified
D90-6-03521	ئىككى تىلى بار	headword	308_1R.png	unverified
D90-6-03521-v1	تىلىنىڭ ئاستىدا تىلى بار	variant	308_1R.png	unverified
D90-6-03522	ئىككى جىسىم مەسىلىسى	headword	308_1R.png	unverified
D90-6-03523	ئىككى جىنسلىق كۆپىيىش	headword	308_1R.png	unverified
D90-6-03524	ئىككى چەمبەرنىڭ كېسىشىشى	headword	308_1R.png	unverified
D90-6-03525	ئىككى چەمبەرنىڭ سىرتتىن ئايرىلىپ تۇرۇشى	headword	308_2L.png	unverified
D90-6-03526	ئىككى چەمبەرنىڭ ئۇرۇنۇشى	headword	308_2L.png	unverified
D90-6-03527	ئىككى چەمبەرنىڭ كېسىشىش بۇلۇڭى	headword	308_2L.png	unverified
D90-6-03529	ئىككى چەمبەرنىڭ ئومۇمىي ئۇرۇنمىسى	headword	308_2L.png	unverified
D90-6-03530	ئىككى چەمبەرنىڭ ئۇرۇنۇش نۇقتىسى	headword	308_2L.png	unverified
D90-6-03531	ئىككى چەمبەرنىڭ ئىچتىن ئۇرۇنۇشى	headword	308_2L.png	unverified
D90-6-03532	ئىككى خانىلىق سان	headword	309_1R.png	verified
D90-6-03533	ئىككى خۇسۇسىيەتلىك ئائېروبى باكتېرىيىسى	headword	309_1R.png	unverified
D90-6-03534	ئىككى خۇسۇسىيەتلىك جانلىقلار	headword	309_1R.png	unverified
D90-6-03536	ئىككى خۇسۇسىيەتلىك پارازىتلار	headword	309_1R.png	unverified
D90-6-03537	ئىككى خىل زەرەت	headword	309_1R.png	unverified
D90-6-03538	ئىككى خىل ئوزۇقلىنىدىغان مىكروئورگانىزملار	headword	309_1R.png	unverified
D90-6-03539	ئىككى خىيال بولماق	headword	309_2L.png	unverified
D90-6-03540	ئىككى دەرىجىلىك تەننەرخ ھېساباتى	headword	309_2L.png	unverified
D90-6-03541	ئىككى دۇنيا	headword	309_2L.png	unverified
D90-6-03542	ئىككى دۇنيا بولۇشۇپ كەتمەك	headword	309_2L.png	unverified
D90-6-03543	ئىككى دۇنيا رازى	headword	309_2L.png	unverified
D90-6-03543-v1	ئۇ دۇنيا، بۇ دۇنيا رازى	variant	309_2L.png	unverified
D90-6-03544	ئىككى دۇنيالىق	headword	310_1R.png	unverified
D90-6-03545	ئىككى دۆلەتكە تەۋەلىك	headword	310_1R.png	unverified
D90-6-03546	ئىككىدىن بىرى	headword	310_1R.png	unverified
D90-6-03547	ئىككى سمېنا	headword	310_1R.png	unverified
D90-6-03548	ئىككى سوت بىلەن ئاياغلاشتۇرۇش تۈزۈمى	headword	310_1R.png	unverified
D90-6-03549	ئىككىسى ئۇزۇن ئاتىلىق	headword	310_1R.png	unverified
D90-6-03554	ئىككى قوشۇقتا ئاش ئىچكۈدەك بولماق	headword	310_2L.png	unverified
D90-6-03555	ئىككى قول	headword	310_2L.png	unverified
D90-6-03556	ئىككى قولدا تۇتماق	headword	310_2L.png	unverified
D90-6-03557	ئىككى قولغا تايانماق	headword	311_1R.png	unverified
D90-6-03558	ئىككى قوللاپ	headword	311_1R.png	unverified
D90-6-03559	ئىككى قوللۇق	headword	311_1R.png	unverified
D90-6-03560	ئىككى قولۇم كۆكسۈمدە	headword	311_1R.png	unverified
D90-6-03561	ئىككى قولىنى بۇرنىغا تىقىپ	headword	311_2L.png	unverified
D90-6-03562	ئىككى قولىنى بۇرنىغا تىقىپ قالماق	headword	311_2L.png	unverified
D90-6-03563	ئىككى قوۋۇز گەپ	headword	311_2L.png	verified
D90-6-03608	ئىككى ئېغىز گەپ	headword	315_1R.png	unverified
D90-6-03564	ئىككى قۇتۇپ	headword	311_2L.png	unverified
D90-6-03565	ئىككى قۇتۇپلۇق كرىستال لامپا	headword	311_2L.png	unverified
D90-6-03566	ئىككى قۇتۇپلۇق لامپا	headword	312_1R.png	unverified
D90-6-03567	ئىككى قۇتۇپلۇق ئېلېكترون لامپا	headword	312_1R.png	unverified
D90-6-03568	ئىككى قۇلاقنىڭ ئاڭلاش سېزىمى	headword	312_1R.png	unverified
D90-6-03569	ئىككى قىرقىم	headword	312_1R.png	unverified
D90-6-03570	ئىككى كۆزنىڭ كۆرۈش سېزىمى	headword	312_1R.png	unverified
D90-6-03571	ئىككى كۆزى تۆت بولماق	headword	312_1R.png	unverified
D90-6-03572	ئىككى كۈچنىڭ تەڭپۇڭلۇق شەرتى	headword	312_1R.png	unverified
D90-6-03573	ئىككى كۆرەك	headword	312_1R.png	unverified
D90-6-03574	ئىككىسى چىققان	headword	312_2L.png	unverified
D90-6-03575	ئىككى كۈنلۈك ئۆمرى قالماق	headword	312_2L.png	unverified
D90-6-03576	ئىككى كۈننىڭ بىرىدە	headword	312_2L.png	unverified
D90-6-03577	ئىككى كېمىگە دەسسىمەك	headword	312_2L.png	unverified
D90-6-03578	ئىككى كېمىنىڭ قۇيرۇقىنى تۇتماق	headword	312_2L.png	unverified
D90-6-03579	ئىككى كىشىلىك لەپەر	headword	312_2L.png	unverified
D90-6-03580	ئىككى كىشىلىك ئۇسسۇل	headword	312_2L.png	unverified
D90-6-03581	ئىككىگە بۆلۈش ئۇسۇلى	headword	312_2L.png	unverified
D90-6-03582	ئىككى گەپنىڭ بىرى	headword	313_1R.png	unverified
D90-6-03583	ئىككى گەپنىڭ بىرىدە	headword	313_1R.png	unverified
D90-6-03584	ئىككىلا ئالەم رازى بولماق	headword	313_1R.png	unverified
D90-6-03585	ئىككى مەنبەچىلىك	headword	313_1R.png	unverified
D90-6-03586	ئىككى موك بولۇپ قالماق	headword	313_1R.png	unverified
D90-6-03587	ئىككى نامەلۇملۇق بىرىنچى دەرىجىلىك تەڭلىمە	headword	313_1R.png	unverified
D90-6-03588	ئىككى نامەلۇملۇق بىرىنچى دەرىجىلىك تەڭلىمىلەر سىستېمىسى	headword	313_1R.png	unverified
D90-6-03589	ئىككى نامەلۇملۇق بىرىنچى دەرىجىلىك ئېنىقسىز تەڭلىمە	headword	313_2L.png	unverified
D90-6-03590	ئىككى نامەلۇملۇق تەڭسىزلىك	headword	313_2L.png	unverified
D90-6-03591	ئىككى نامەلۇملۇق تەڭلىمە	headword	313_2L.png	unverified
D90-6-03592	ئىككى نامەلۇملۇق ئىككىنچى دەرىجىلىك تەڭلىمە	headword	313_2L.png	unverified
D90-6-03593	ئىككى نامەلۇملۇق ئىككىنچى دەرىجىلىك تەڭلىملەر سىستېمىسى	headword	313_2L.png	unverified
D90-6-03594	ئىككى نامەلۇملۇق ئىككىنچى دەرىجىلىك كۆپ ئەزالىق	headword	313_2L.png	unverified
D90-6-03595	ئىككى نان تاپسا بىرىنى داپ چالماق	headword	313_2L.png	unverified
D90-6-03596	ئىككى نۇقتىلىق تەقسىمات	headword	314_1R.png	unverified
D90-6-03597	ئىككى ئىگىزلىك كىسلاتا	headword	314_1R.png	unverified
D90-6-03598	ئىككىنىڭ بىرىگە تۇرماق	headword	314_1R.png	unverified
D90-6-03599	ئىككىنىڭ قوشۇلۇپ بىر بولۇشى	headword	314_1R.png	unverified
D90-6-03600	ئىككى ھەسسىلەنگەن تەنچە	headword	314_1R.png	unverified
D90-6-03601	ئىككى ھەسسىلىك تەن	headword	314_1R.png	unverified
D90-6-03602	ئىككى ھەسسىلىك مەزگىل	headword	314_2L.png	unverified
D90-6-03603	ئىككى ئوتتۇرىدا قالماق	headword	314_2L.png	unverified
D90-6-03604	ئىككى ئوق ئارىسىدىكى بۇلۇڭ	headword	314_2L.png	unverified
D90-6-03605	ئىككى ئۆلچەملىك ھەرىكەت	headword	314_2L.png	unverified
D90-6-03606	ئىككى ۋالېنتلىق تەنچە	headword	314_2L.png	unverified
D90-6-03607	ئىككى ۋېكتور ئارىسىدىكى بۇلۇڭ	headword	314_2L.png	unverified
D90-6-03609	ئىككى ئېغىز گەپ قىلماق	headword	315_1R.png	unverified
D90-6-03610	ئىككى ئىشتاننى ئارتۇق ئۈزگەن	headword	315_1R.png	unverified
D90-6-03611	ئىككى ئىشتاننى بالدۇر يىرتقان	headword	315_1R.png	unverified
D90-6-03612	ئىككى ئىلىك خەت	headword	315_1R.png	unverified
D90-6-03613	ئىككى ئىلىك ئېتىدىن چۈشۈپ كەتمەك	headword	315_1R.png	unverified
D90-6-03614	ئىككى ياقلىق بۇلۇڭ	headword	315_1R.png	unverified
D90-6-03615	ئىككى ياقلىق بۇلۇڭ تەڭلىكى	headword	315_1R.png	unverified
D90-6-03616	ئىككى ياقلىق بۇلۇڭلارنىڭ سىزىقلىق بۇلۇڭى	headword	315_1R.png	unverified
D90-6-03617	ئىككى ياقلىق بۇلۇڭلار يىغىندىسى	headword	315_2L.png	unverified
D90-6-03618	ئىككى ياقلىما	headword	315_2L.png	unverified
D90-6-03620	ئىككى ياقلىمىلىق بىرىكمىلەر	headword	315_2L.png	unverified
D90-6-03621	ئىككى ياقلىمىلىق پېرېۋوت نىسبىتى	headword	315_2L.png	unverified
D90-6-03622	ئىككى يانغا قارىماق	headword	316_1R.png	unverified
D90-6-03623	ئىككى يۆنىلىشلىك مىكروفون	headword	316_1R.png	unverified
D90-6-03624	ئىككى يۈز	headword	316_1R.png	unverified
D90-6-03625	ئىككى يۈزلۈك	headword	316_1R.png	unverified
D90-6-03626	ئىككى يۈزلۈكلۈك قىلماق	headword	316_1R.png	unverified
D90-6-03627	ئالدىدا بىر خىل، كەينىدە بىر خىل مۇئامىلىدە بولماق	headword	316_2L.png	unverified
D90-6-03628	ئىككى يۈزلىمە	headword	316_2L.png	unverified
D90-6-03629	ئىككى يۈزلىمىچى	headword	316_2L.png	unverified
D90-6-03630	ئىككى يۈزلىمىچىلىك	headword	316_2L.png	unverified
D90-6-03631	ئىككى يۈزلىمىلىك	headword	316_2L.png	unverified
D90-6-03632	ئىككى يۈزلىنىشلىك ئۆرنەك	headword	316_2L.png	unverified
D90-6-03633	ئىككى يېقىمىزغا قارىماي ئارسالدى بولماي	headword	316_2L.png	unverified
D90-6-03634	ئىككى يىللىق ئۆسۈملۈك	headword	316_2L.png	unverified
D90-6-03635	ئىككېزەك	headword	317_1R.png	unverified
D90-6-03635-v1	قوشكېزەك	variant	317_1R.png	unverified
D90-6-03636	ئىككىقات	headword	317_1R.png	unverified
D90-6-03637	ئىككىقات بولۇش	headword	317_1R.png	unverified
D90-6-03638	ئىككىلەمچى	headword	317_1R.png	unverified
D90-6-03639	ئىككىلەمچى ئالكوللار	headword	317_1R.png	unverified
D90-6-03640	ئىككىلەمچى بوغماق رايون	headword	317_1R.png	unverified
D90-6-03641	ئىككىلەمچى پوست	headword	317_1R.png	unverified
D90-6-03642	ئىككىلەمچى تۇخۇم ئانا ھۈجەيرىسى	headword	317_2L.png	unverified
D90-6-03643	ئىككىلەمچى تۈزۈلمە	headword	317_2L.png	unverified
D90-6-03644	ئىككىلەمچى جىنسىي ئالامەت	headword	317_2L.png	unverified
D90-6-03645	ئىككىلەمچى چوڭىيىش	headword	317_2L.png	unverified
D90-6-03646	ئىككىلەمچى دەز	headword	317_2L.png	unverified
D90-6-03647	ئىككىلەمچى دەۋر	headword	318_1R.png	verified
D90-6-03648	ئىككىلەمچى سپېرما ئانا ھۈجەيرىسى	headword	318_1R.png	unverified
D90-6-03649	ئىككىلەمچى سۈپەت	headword	318_1R.png	unverified
D90-6-03650	ئىككىلەمچى سىستېما	headword	318_1R.png	verified
D90-6-03651	ئىككىلەمچى قاتلام تىپى	headword	318_1R.png	verified
D90-6-03652	ئىككىلەمچى قۇرۇلما يۈزى	headword	318_2L.png	unverified
D90-6-03653	ئىككىلەمچى كاتۈشكا	headword	318_2L.png	unverified
D90-6-03654	ئىككىلەمچى كاۋاك	headword	318_2L.png	unverified
D90-6-03655	ئىككىلەمچى كاۋاكلىق كۆرسەتكۈچ	headword	318_2L.png	unverified
D90-6-03656	ئىككىلەمچى كۋارتس جىنس	headword	318_2L.png	unverified
D90-6-03657	ئىككىلەمچى گەردىش	headword	319_1R.png	verified
D90-6-03658	ئىككىلەمچى مۇھىت	headword	319_1R.png	verified
D90-6-03659	ئىككىلەمچى مۇھىت گىدروگېئولوگىيىسى	headword	319_1R.png	verified
D90-6-03660	ئىككىلەمچى مىنېرال	headword	319_1R.png	verified
D90-6-03661	ئىككىلەمچى ئورمان	headword	319_2L.png	verified
D90-6-03662	ئىككىلەمچى ئۇرغۇ	headword	319_2L.png	unverified
D90-6-03663	ئىككىلەمچى ئېلېكترون ئېمىسسىيىسى	headword	319_2L.png	unverified
D90-6-03664	ئىككىلەمچى ئېنېرگىيە	headword	319_2L.png	unverified
D90-6-03665	ئىككىلەمچى ئىشلەپچىقىرىش مىقدارى	headword	319_2L.png	unverified
D90-6-03666	ئىككىلەمچى يانار تاغ جىنس	headword	320_1R.png	unverified
D90-6-03667	ئىككىلەندۈرمەك	headword	320_1R.png	unverified
D90-6-03668	ئىككىلەنمەك	headword	320_1R.png	unverified
D90-6-03669	ئىككىلىك	headword	320_1R.png	unverified
D90-6-03670	ئىككىلىك ساناق سىستېمىسى	headword	320_1R.png	unverified
D90-6-03671	ئىككىلىك سىستېما	headword	320_2L.png	unverified
D90-6-03672	ئىككىلىك سىستېمىدىكى سان	headword	320_2L.png	verified
D90-6-03673	ئىككىنەنچى	nonstandard	320_2L.png	unverified
D90-6-03674	ئىككىنچى	headword	320_2L.png	unverified
D90-6-03675	ئىككىنچى ئالەم تېزلىكى	headword	321_1R.png	unverified
D90-6-03676	ئىككىنچى ئاي	headword	321_1R.png	unverified
D90-6-03676-v1	فېۋرال	variant	321_1R.png	unverified
D90-6-03677	ئىككىنچى ئەۋلاد	headword	321_1R.png	unverified
D90-6-03678	ئىككىنچى باسقۇچلۇق ئەمەل	headword	321_1R.png	unverified
D90-6-03679	ئىككىنچى تەرتىپلىك ئەگرى سىزىقلار	headword	321_1R.png	unverified
D90-6-03680	ئىككىنچى تەرتىپلىك دىففېرېنسئال	headword	321_1R.png	unverified
D90-6-03681	ئىككىنچى تەرتىپلىك سىرت	headword	321_1R.png	unverified
D90-6-03682	ئىككىنچى تەرتىپلىك ھاسىلە	headword	321_1R.png	unverified
D90-6-03683	ئىككىنچى تۈرلۈك	headword	321_2L.png	unverified
D90-6-03684	ئىككىنچى جۇ	headword	321_2L.png	unverified
D90-6-03685	ئىككىنچى چوڭ قۇرۇقلۇق	headword	321_2L.png	unverified
D90-6-03686	ئىككىنچى خلور بوتادىئېن	headword	322_1R.png	unverified
D90-6-03687	ئىككىنچى خىل مەڭگۈلۈك دۋىگاتېل	headword	322_1R.png	unverified
D90-6-03688	ئىككىنچى دەرىجىلىك ئەگرى سىزىق	headword	322_1R.png	unverified
D90-6-03689	ئىككىنچى دەرىجىلىك ئەمەل	headword	322_1R.png	unverified
D90-6-03690	ئىككىنچى دەرىجىلىك تەڭسىزلىك	headword	322_1R.png	unverified
D90-6-03691	ئىككىنچى دەرىجىلىك تەڭلىمە	headword	322_2L.png	unverified
D90-6-03692	ئىككىنچى دەرىجىلىك تۇرغۇن ھالەت	headword	322_2L.png	unverified
D90-6-03693	ئىككىنچى دەرىجىلىك سپېكتر	headword	322_2L.png	unverified
D90-6-03694	ئىككىنچى دەرىجىلىك فازا ئۆزگىرىش	headword	322_2L.png	unverified
D90-6-03695	ئىككىنچى دەرىجىلىك فۇنكسىيە	headword	322_2L.png	unverified
D90-6-03696	ئىككىنچى دەرىجىلىك ھېساب	headword	322_2L.png	unverified
D90-6-03697	ئىككىنچى دەرىجىلىك ئۈچ ئەزالىق	headword	322_2L.png	unverified
D90-6-03698	ئىككىنچى دەرىجىلىك يىلتىزلىق ئىپادە	headword	323_1R.png	unverified
D90-6-03699	ئىككىنچى دەسسىمەسلىك	headword	323_1R.png	unverified
D90-6-03700	ئىككىنچى دەۋر	headword	323_1R.png	unverified
D90-6-03701	ئىككىنچى دۇنيا	headword	323_1R.png	unverified
D90-6-03702	ئىككىنچى دۇنيا ئۇرۇشى	headword	323_1R.png	unverified
D90-6-03703	ئىككىنچى سوت	headword	323_2L.png	unverified
D90-6-03704	ئىككىنچى سوغۇق فرونت	headword	323_2L.png	unverified
D90-6-03705	ئىككىنچى سىگنال سىستېمىسى	headword	323_2L.png	unverified
D90-6-03706	ئىككىنچى قېتىملىق ئەپيۇن ئۇرۇشى	headword	323_2L.png	unverified
D90-6-03707	ئىككىنچى قېتىملىق ئىچكى ئۇرۇش	headword	323_2L.png	unverified
D90-6-03708	ئىككىنچى قېتىملىق ئىنقىلاپ	headword	323_2L.png	unverified
D90-6-03709	ئىككىنچى ئورۇندىكى زىددىيەت	headword	324_1R.png	unverified
D90-6-03710	ئىككىنچى ئىنتېرناتسئونال	headword	324_1R.png	unverified
D90-6-03711	ئىككىنچىدىن	headword	324_1R.png	unverified
D90-6-03712	ئىككىنچىلەپ	headword	324_1R.png	unverified
D90-6-03713	ئىككىنچىلىك	headword	324_1R.png	unverified
D90-6-03714	ئىككىيلەن	headword	324_1R.png	unverified
D90-6-03715	ئىكىرلىك	headword	324_2L.png	unverified
D90-6-03716	ئىكىندى	headword	324_2L.png	unverified
D90-6-03717	ئىگە	headword	324_2L.png	unverified
D90-6-03718	ئىگە بولماق	headword	324_2L.png	unverified
D90-6-03719	ئىگە قىلماق	headword	325_1R.png	unverified
D90-6-03720	ئىگە -چاقا	headword	325_1R.png	unverified
D90-6-03721	ئىگە - چاقىسىز	headword	325_1R.png	unverified
D90-6-03722	ئىگە -خەۋەر	headword	325_1R.png	unverified
D90-6-03723	ئىگە -خەۋەر مۇناسىۋىتى	headword	325_1R.png	unverified
D90-6-03724	ئىگەكىم	headword	325_2L.png	verified
D90-6-03725	ئىگەكىم بار	headword	325_2L.png	verified
D90-6-03726	ئىگەللىمەك (توغرىسى: ئىگىلىمەك) ئىگىلىمەك	headword	325_2L.png	verified
D90-6-03727	ئىگىچە	headword	325_2L.png	verified
D90-6-03728	ئىگىدار	headword	325_2L.png	verified
D90-6-03729	ئىگىدارچىلىق	headword	325_2L.png	unverified
D90-6-03731	ئىگىدارلىق	headword	326_1R.png	unverified
D90-6-03732	ئىگىدارلىق قىلماق	headword	326_1R.png	unverified
D90-6-03733	ئىگىدارلىق ھوقۇقى	headword	326_1R.png	unverified
D90-6-03734	ئىگىسىز	headword	326_1R.png	unverified
D90-6-03735	ئىگىسىز جۈملە	headword	326_1R.png	unverified
D90-6-03736	ئىگىسىز مۈلۈك	headword	326_2L.png	unverified
D90-6-03737	ئىگىسىزلىك	headword	326_2L.png	unverified
D90-6-03738	ئىگىلەتكۈزمەك	headword	326_2L.png	unverified
D90-6-03739	ئىگىلەتمەك	headword	326_2L.png	unverified
D90-6-03740	ئىگىلەش	headword	326_2L.png	unverified
D90-6-03741	ئىگىلەشمەك	headword	326_2L.png	unverified
D90-6-03742	ئىگىلەنمەك	headword	326_2L.png	unverified
D90-6-03743	ئىگىلىتىللەك	headword	327_1R.png	unverified
D90-6-03744	ئىگىلىك	headword	327_1R.png	unverified
D90-6-03749	ئىگىلىك باشقۇرۇش جەريانى	headword	327_2L.png	unverified
D90-6-03750	ئىگىلىك باشقۇرۇش ستراتېگىيىسى	headword	327_2L.png	unverified
D90-6-03751	ئىگىلىك باشقۇرۇش نىشانى	headword	327_2L.png	unverified
D90-6-03752	ئىگىلىك پائالىيەت تەھلىلى	headword	327_2L.png	unverified
D90-6-03753	ئىگىلىك پىلانى	headword	328_1R.png	unverified
D90-6-03754	ئىگىلىك تىكلەش پايدىسى	headword	328_1R.png	unverified
D90-6-03755	ئىگىلىك خاراكتېرلىك زىيان	headword	328_1R.png	unverified
D90-6-03756	ئىگىلىك كېلىش	headword	328_1R.png	unverified
D90-6-03757	ئىگىلىك مۇناسىۋىتى	headword	328_1R.png	unverified
D90-6-03758	ئىگىلىكنى قايتا تەشكىللەش	headword	328_2L.png	unverified
D90-6-03759	ئىگىلىكنىڭ ئورۇنلاشتۇرۇلۇشى	headword	328_2L.png	unverified
D90-6-03760	ئىگىلىك ھوقۇقى	headword	328_2L.png	unverified
D90-6-03761	ئىگىلىك ھېساباتى	headword	328_2L.png	unverified
D90-6-03762	ئىگىلىك ھېساباتى تۈزۈمى	headword	329_1R.png	unverified
D90-6-03763	ئىگىلىك يارىتىش پايدىسى	headword	329_1R.png	unverified
D90-6-03764	ئىگىلىمەك	headword	329_1R.png	unverified
D90-6-03765	ئىڭە	headword	329_2L.png	unverified
D90-6-03766	ئىڭەلىمەك	headword	329_2L.png	unverified
D90-6-03767	ئىڭە-ئىڭە	headword	330_1R.png	unverified
D90-6-03768	ئىڭراتماق	headword	330_1R.png	unverified
D90-6-03769	ئىڭراشماق	headword	330_1R.png	unverified
D90-6-03770	ئىڭراق	headword	330_1R.png	unverified
D90-6-03771	ئىڭرىماق	headword	330_1R.png	unverified
D90-6-03772	ئىڭغىرچاق	headword	330_1R.png	unverified
D90-6-03773	ئىڭگىلىك	headword	330_1R.png	unverified
D90-6-03774	ئىلاج	headword	330_1R.png	unverified
D90-6-03776	ئىلاج قىلماق	headword	330_2L.png	unverified
D90-6-03777	ئىلاج يوق	headword	330_2L.png	unverified
D90-6-03778	ئىلاجنىڭ بارىچە	headword	330_2L.png	unverified
D90-6-03779	ئىلاجسىز	headword	330_2L.png	unverified
D90-6-03780	ئىلاجسىزلىق	headword	330_2L.png	unverified
D90-6-03781	ئىلاڭگۈچ	nonstandard	331_1R.png	unverified
D90-6-03809	ئىلەڭگۈچ	headword	333_2L.png	unverified
D90-6-03782	ئىلام	headword	331_1R.png	unverified
D90-6-03783	ئىلان	nonstandard	331_1R.png	unverified
D90-6-08659	يىلان	headword	774_1R.png	unverified
D90-6-03784	ئىلاھ	headword	331_1R.png	verified
D90-6-03785	ئىلاھا-ئامىن	headword	331_2L.png	unverified
D90-6-03786	ئىلاھە	headword	331_2L.png	verified
D90-6-03787	ئىلاھچىلىق	headword	331_2L.png	unverified
D90-6-03788	ئىلاھسىزلىق	headword	331_2L.png	unverified
D90-6-03789	ئىلاھىي	headword	331_2L.png	unverified
D90-6-03790	ئىلاھىيەت	headword	332_1R.png	verified
D90-6-03791	ئىلاھىيەتچىلىك	headword	332_1R.png	unverified
D90-6-03792	ئىلاھىيەتشۇناس	headword	332_1R.png	unverified
D90-6-03793	ئىلاھىيەتشۇناسلىق	headword	332_1R.png	unverified
D90-6-03794	ئىلاھىيەتلىك	headword	332_1R.png	unverified
D90-6-03795	ئىلاھىيلاشتۇرماق	headword	332_1R.png	unverified
D90-6-03796	ئىلاھىيلاشتۇرۇشماق	headword	332_1R.png	unverified
D90-6-03797	ئىلاھىيلاشتۇرۇلماق	headword	332_1R.png	unverified
D90-6-03798	ئىلاۋە	headword	332_2L.png	unverified
D90-6-03799	ئىلاۋە قىلماق	headword	332_2L.png	unverified
D90-6-03800	ئىلە	headword	332_2L.png	verified
D90-6-03801	ئىلەشتۈرمەك	headword	332_2L.png	unverified
D90-6-03802	ئىلەشتۈرۈشمەك	headword	332_2L.png	unverified
D90-6-03803	ئىلەشتۈرۈلمەك	headword	332_2L.png	unverified
D90-6-03804	ئىلەشكەك	headword	333_1R.png	unverified
D90-6-03805	ئىلەشمەك	headword	333_1R.png	unverified
D90-6-03806	ئىلەك	headword	333_1R.png	unverified
D90-6-03807	ئىلەڭچى	headword	333_1R.png	unverified
D90-6-03808	ئىلەڭ-سىلەڭ	headword	333_1R.png	unverified
D90-6-03811	ئىلەنمەك	headword	333_2L.png	unverified
D90-6-03812	ئىلپەت	nonstandard	333_2L.png	unverified
D90-6-03812-c1	ئۈلپەت	corrected_form	333_2L.png	unverified
D90-6-03813	ئىلتىپەك	headword	333_2L.png	unverified
D90-6-03814	ئىلتىپات	headword	333_2L.png	unverified
D90-6-03816	ئىلتىپات كۆرسەتمەك	headword	334_1R.png	unverified
D90-6-03816-v1	ئىلتىپات قىلماق	variant	334_1R.png	unverified
D90-6-03817	ئىلتىپاتسىز	headword	334_1R.png	unverified
D90-6-03818	ئىلتىپاتسىزلىق	headword	334_1R.png	unverified
D90-6-03819	ئىلتىپاتلىق	headword	334_1R.png	unverified
D90-6-03820	ئىلتىجا	headword	334_1R.png	verified
D90-6-03821	ئىلتىجا قىلماق	headword	334_2L.png	unverified
D90-6-03822	ئىلتىجالىق	headword	334_2L.png	unverified
D90-6-03823	ئىلتىماس	headword	334_2L.png	unverified
D90-6-03824	ئىلتىماس قىلماق	headword	334_2L.png	unverified
D90-6-03825	ئىلتىماسچى	headword	335_1R.png	unverified
D90-6-03826	ئىلتىماسنامە	headword	335_1R.png	unverified
D90-6-03827	ئىلدام	headword	335_1R.png	unverified
D90-6-03828	ئىلداملاتماق	headword	335_1R.png	unverified
D90-6-03829	ئىلداملاشماق	headword	335_1R.png	unverified
D90-6-03830	ئىلداملىتىلماق	headword	335_2L.png	unverified
D90-6-03831	ئىلداملىق	headword	335_2L.png	unverified
D90-6-03832	ئىلداملىماق	headword	335_2L.png	unverified
D90-6-03833	ئىلدام-ئىلدام	headword	335_2L.png	unverified
D90-6-03834	ئىلغا	headword	335_2L.png	unverified
D90-6-03835	ئىلغا چىقماق	headword	336_1R.png	unverified
D90-6-03836-v1	ئىلا قىلماق	variant	336_1R.png	unverified
D90-6-03837	ئىلغا قىلماق	headword	336_1R.png	unverified
D90-6-03838	ئىلغاتقۇزماق	headword	336_1R.png	unverified
D90-6-03839	ئىلغاتماق	headword	336_1R.png	unverified
D90-6-03840	ئىلغار	headword	336_1R.png	unverified
D90-6-03841	ئىلغارلاشماق	headword	336_2L.png	unverified
D90-6-03842	ئىلغارلىق	headword	336_2L.png	unverified
D90-6-03843	ئىلغارلىق-مۇۋاپىقلىق تەتقىقاتى	headword	336_2L.png	unverified
D90-6-03844	ئىلغاش	headword	336_2L.png	unverified
D90-6-03846	ئىلغاشماق	headword	336_2L.png	unverified
D90-6-03847	ئىلغاندى	headword	336_2L.png	unverified
D90-6-03848	ئىلغانماق	headword	337_1R.png	unverified
D90-6-03849	ئىلغۇ	headword	337_1R.png	unverified
D90-6-03850	ئىلغۇچ	headword	337_1R.png	unverified
D90-6-03851	ئىلغۇر	headword	337_1R.png	unverified
D90-6-03852	ئىلغىتىلماق	headword	337_1R.png	unverified
D90-6-03853	ئىلغىماق	headword	337_1R.png	unverified
D90-6-03854	ئىلكەشمەك	headword	337_2L.png	unverified
D90-6-03855	ئىلگەك	headword	337_2L.png	unverified
D90-6-03856	ئىلگىرى	headword	337_2L.png	unverified
D90-6-03858	ئىلگىرى-ئاخىر	headword	338_1R.png	unverified
D90-6-03860	ئىلگىرى-كېيىن	headword	338_1R.png	unverified
D90-6-03861	ئىلگىرىكى	headword	338_1R.png	unverified
D90-6-03862	ئىلگىرىلەتمەك	headword	338_2L.png	unverified
D90-6-03863	ئىلگىرىلەشمەك	headword	338_2L.png	unverified
D90-6-03864	ئىلگىرىلىتىلمەك	headword	338_2L.png	unverified
D90-6-03865	ئىلگىرىلىمە	headword	338_2L.png	unverified
D90-6-03868	ئىلگىرىلىمەك	headword	338_2L.png	unverified
D90-6-03869	ئىللا-بىللا	headword	339_1R.png	unverified
D90-6-03870	ئىللا-تاۋارا	headword	339_1R.png	unverified
D90-6-03871	ئىللەت	headword	339_1R.png	unverified
D90-6-03872	ئىللە ت سىز	headword	339_1R.png	unverified
D90-6-03873	ئىللەتلىك	headword	339_2L.png	unverified
D90-6-03874	ئىللېكىس	headword	339_2L.png	unverified
D90-6-03875	ئىللىتماق	headword	339_2L.png	unverified
D90-6-03876	ئىللىتىشماق	headword	339_2L.png	unverified
D90-6-03877	ئىللىتىلماق	headword	339_2L.png	unverified
D90-6-03878	ئىللىق	headword	339_2L.png	unverified
D90-6-03881	ئىللىق فرونت	headword	340_1R.png	unverified
D90-6-03882	ئىللىق فرونت رايونى	headword	340_1R.png	unverified
D90-6-03883	ئىللىق مۆتىدىل بەلباغ	headword	340_1R.png	unverified
D90-6-03884	ئىللىق ھاۋا ماسسىسى	headword	340_1R.png	unverified
D90-6-03885	ئىللىق ئېقىم	headword	340_1R.png	unverified
D90-6-03886	ئىللىقلىق	headword	340_1R.png	unverified
D90-6-03887	ئىللىماق	headword	340_2L.png	unverified
D90-6-03889	ئىلماق	headword	340_2L.png	unverified
D90-6-03890	ئىلمان	headword	340_2L.png	unverified
D90-6-03891	ئىلمە	headword	340_2L.png	unverified
D90-6-03893	ئىلمەك	headword	341_1R.png	unverified
D90-6-03896	ئىلمەك قۇرت كېسىلى	headword	341_2L.png	unverified
D90-6-03897	ئىلمەك گەپ	headword	341_2L.png	unverified
D90-6-03898	ئىلمەكلىك	headword	341_2L.png	unverified
D90-6-03900	ئىلمۇئېرپان	headword	341_2L.png	unverified
D90-6-03901	ئىلمىنۇجۇم	headword	341_2L.png	unverified
D90-6-03901-v1	ئاسترونومىيە	variant	341_2L.png	unverified
D90-6-03902	ئىلمىي	headword	341_2L.png	unverified
D90-6-03903	ئىلمىي ئابستراكسيە	headword	342_1R.png	unverified
D90-6-03904	ئىلمىي ئالدىن كۆرەرلىك	headword	342_1R.png	unverified
D90-6-03905	ئىلمىي باشقارما	headword	342_1R.png	unverified
D90-6-03906	ئىلمىي باشقۇرۇش	headword	342_1R.png	unverified
D90-6-03907	ئىلمىي پەلسەپە تارىخى	headword	342_1R.png	unverified
D90-6-03908	ئىلمىي جەمئىيەت	headword	342_1R.png	unverified
D90-6-03909	ئىلمىي خادىم	headword	342_2L.png	unverified
D90-6-03910	ئىلمىي ژۇرنال	headword	342_2L.png	unverified
D90-6-03911	ئىلمىي سوتسىيالىزم	headword	342_2L.png	unverified
D90-6-03912	ئىلمىي كوممۇنىزم	headword	342_2L.png	unverified
D90-6-03913	ئىلمىي ماقالە	headword	343_1R.png	unverified
D90-6-03914	ئىلمىي مۇدىر	headword	343_1R.png	unverified
D90-6-03915	ئىلمىي ئۇنۋان	headword	343_1R.png	unverified
D90-6-03916	ئىلمىي ئىندۇكسىيىلىك ئەقلىي خۇلاسە	headword	343_1R.png	unverified
D90-6-03917	ئىلمىي-تەربىيە فىلىم	headword	343_1R.png	unverified
D90-6-03918	ئىلمىيلىك	headword	343_1R.png	unverified
D90-6-03919	ئىلناشماق	nonstandard	343_1R.png	unverified
D90-6-03976	ئىلىنىشماق	headword	348_1R.png	unverified
D90-6-03921	ئىلھام	headword	343_2L.png	unverified
D90-6-03922	ئىلھام ئالماق	headword	343_2L.png	unverified
D90-6-03923	ئىلھام بەرمەك	headword	343_2L.png	unverified
D90-6-03924	ئىلھام كەلمەك	headword	343_2L.png	unverified
D90-6-03925	ئىلھامبەخش	headword	344_1R.png	verified
D90-6-03926	ئىلھامچى	headword	344_1R.png	unverified
D90-6-03927	ئىلھاملاندۇرماق	headword	344_1R.png	unverified
D90-6-03928	ئىلھاملاندۇرۇشماق	headword	344_1R.png	unverified
D90-6-03929	ئىلھاملاندۇرۇلماق	headword	344_1R.png	unverified
D90-6-03930	ئىلھاملانماق	headword	344_1R.png	unverified
D90-6-03931	ئىلھاملىق	headword	344_2L.png	unverified
D90-6-03932	ئىلى	headword	344_2L.png	unverified
D90-6-03933	ئىلى سوغۈگۈلى	headword	344_2L.png	unverified
D90-6-03934	ئىلى سۆھبىتى	headword	344_2L.png	unverified
D90-6-03935	ئىلى شەرتنامىسى	headword	344_2L.png	unverified
D90-6-03935-v1	جۇڭگو-روسىيە ئىلى شەرتنامىسى	variant	344_2L.png	unverified
D90-6-03936	ئىلى قاغىتىرنىقى	headword	344_2L.png	unverified
D90-6-03937	ئىلى كەتىراسى	headword	345_1R.png	unverified
D90-6-03938	ئىلى گۈلەمبىرى	headword	345_2L.png	unverified
D90-6-03939	ئىلى ئېتى	headword	345_2L.png	unverified
D90-6-03940	ئىلىتماق	headword	345_2L.png	unverified
D90-6-03941	ئىلىتىشماق	headword	345_2L.png	unverified
D90-6-03942	ئىلىتىلماق	headword	345_2L.png	unverified
D90-6-03943	ئىلىشاڭغۇ	headword	345_2L.png	unverified
D90-6-03944	ئىلىشتۇرماق	headword	346_1R.png	unverified
D90-6-03946	ئىلىشماق	headword	346_1R.png	unverified
D90-6-03948	ئىلىق	headword	346_1R.png	unverified
D90-6-03949	ئىلىقلىق	headword	346_1R.png	unverified
D90-6-03950	ئىلىق - مىلىق	headword	346_1R.png	unverified
D90-6-03951	ئىلىك	headword	346_1R.png	unverified
D90-6-03952	ئىلىك ئالماق	headword	346_2L.png	unverified
D90-6-08748	يىلىك	headword	781_2L.png	unverified
D90-6-03954	ئىلىكتەلە	headword	346_2L.png	unverified
D90-6-03955	ئىلىكتىمەك	headword	346_2L.png	unverified
D90-6-03956	ئىلىم	headword	346_2L.png	unverified
D90-6-03959	ئىلىم-بىلىم	headword	347_1R.png	unverified
D90-6-03960	ئىلىمپەرۋەر	headword	347_1R.png	unverified
D90-6-03961	ئىلىمپەرۋەرلىك	headword	347_1R.png	unverified
D90-6-03962	ئىلىم-پەن	headword	347_1R.png	verified
D90-6-03963	ئىلىمسىز	headword	347_1R.png	unverified
D90-6-03964	ئىلىمسىزلىك	headword	347_1R.png	unverified
D90-6-03965	ئىلىمشۇناس	headword	347_1R.png	unverified
D90-6-03966	ئىلىملىك	headword	347_2L.png	unverified
D90-6-03967	ئىلىم-مەرىپەت	headword	347_2L.png	unverified
D90-6-03968	ئىلىم-ھېكمەت	headword	347_2L.png	unverified
D90-6-03969	ئىلىم-ئېرپان	headword	347_2L.png	unverified
D90-6-03970	ئىلىنچۇق	headword	347_2L.png	unverified
D90-6-03971	ئىلىنچىق	headword	348_1R.png	unverified
D90-6-03972	ئىلىندۇرماق	headword	348_1R.png	unverified
D90-6-03973	ئىلىنماق	headword	348_1R.png	unverified
D90-6-03974	ئىلىنىش	headword	348_1R.png	unverified
D90-6-03975	ئىلىنىشتۇرماق	headword	348_1R.png	unverified
D90-6-03977	ئىم	headword	348_2L.png	verified
D90-6-03978	ئىما	headword	348_2L.png	unverified
D90-6-03979	ئىما قىلماق	headword	348_2L.png	unverified
D90-6-03980	ئىمارەت	headword	348_2L.png	unverified
D90-6-03982	ئىمارەتنىڭ يەر ئىگىلەش كوئېففىتسېنتى	headword	349_1R.png	unverified
D90-6-03983	ئىمارەتچى	headword	349_1R.png	unverified
D90-6-03984	ئىمارەتچىلىك	headword	349_1R.png	unverified
D90-6-03985	ئىمارەتلىك	headword	349_1R.png	unverified
D90-6-03986	ئىماژنىزم	headword	349_1R.png	unverified
D90-6-03987	ئىمام	headword	349_2L.png	unverified
D90-6-03988	ئىمامەت	headword	349_2L.png	unverified
D90-6-03989	ئىمامەتچىلىك	headword	349_2L.png	unverified
D90-6-03990	ئىماملىق	headword	349_2L.png	unverified
D90-6-03991	ئىمام-مەزىن	headword	350_1R.png	unverified
D90-6-03992	ئىمان	headword	350_1R.png	unverified
D90-6-03994	ئىماندىن چىقماق	headword	350_1R.png	unverified
D90-6-03995	ئىمانغا كەلتۈرمەك	headword	350_2L.png	unverified
D90-6-03996	ئىمان كەلتۈرمەك	headword	350_2L.png	unverified
D90-6-03997	ئىمان ئېيتماق	headword	350_2L.png	unverified
D90-6-03998	ئىمانى قاچماق	headword	350_2L.png	unverified
D90-6-03999	ئىمانى قىرىق گەز ئۆرلەمەك	headword	350_2L.png	unverified
D90-6-03999-v1	ئەرۋاھى قىرىق گەز ئۇچماق	variant	350_2L.png	unverified
D90-6-04000	ئىمانى كامىل	headword	350_2L.png	unverified
D90-6-04001	ئىمانى كۆيمەك	headword	350_2L.png	unverified
D90-6-04002	ئىمانىنى ساتماق	headword	350_2L.png	unverified
D90-6-04003	ئىمانى ئۇچماق	headword	351_1R.png	unverified
D90-6-04004	ئىمانسىز	headword	351_1R.png	unverified
D90-6-04005	ئىمان-ئىسلام	headword	351_1R.png	unverified
D90-6-04006	ئىما-ئىشارە	headword	351_1R.png	unverified
D90-6-04007	ئىما-ئىشارەت	headword	351_2L.png	unverified
D90-6-04008	ئىما-ئىشارەت قىلماق	headword	351_2L.png	unverified
D90-6-04009	ئىما-ئىشارەتلىك	headword	351_2L.png	unverified
D90-6-04010	ئىما-ئىشارەتتىك داۋالاش	headword	351_2L.png	unverified
D90-6-04011	ئىمپرېسسىئونىزم	headword	351_2L.png	unverified
D90-6-04012	ئىمپرېسسىئونىزىچىلار	headword	352_1R.png	unverified
D90-6-04013	ئىمپورت	headword	352_1R.png	unverified
D90-6-04016	ئىمپورت پايدا-زىيان نىسبىتى	headword	352_2L.png	unverified
D90-6-04017	ئىمپورت تاۋار	headword	352_2L.png	unverified
D90-6-04018	ئىمپورت زالوگ پېرېۋوتى	headword	352_2L.png	unverified
D90-6-04019	ئىمپورت قىلىپ سېتىش	headword	352_2L.png	unverified
D90-6-04020	ئىمپورت كارانتىنى	headword	352_2L.png	unverified
D90-6-04021	ئىمپورت-ئېكىپورت سودىسى	headword	353_1R.png	unverified
D90-6-04021-v1	تاشقى سودا	variant	353_1R.png	unverified
D90-6-04022	ئىمپۇل	headword	353_1R.png	unverified
D90-6-04023	ئىمپۇلس	headword	353_1R.png	unverified
D90-6-04028	ئىمپۇلسلىق	headword	353_2L.png	unverified
D90-6-04030	ئىمپېراتور	headword	353_2L.png	unverified
D90-6-04031	ئىمپېراتورلۇق	headword	353_2L.png	unverified
D90-6-04032	ئىمپېرىئالىزم	headword	353_2L.png	unverified
D90-6-04032-v1	جاھانگىرلىك	variant	353_2L.png	unverified
D90-6-04033	ئىمپېرىئالىست	headword	353_2L.png	unverified
D90-6-04033-v1	جاھانگىر	variant	353_2L.png	unverified
D90-6-04034	ئىمپېرىيە	headword	353_2L.png	unverified
D90-6-04035	ئىمتىلائىي	headword	353_2L.png	unverified
D90-6-04035-v1	ئىمتىلائىي كېسەللىكلەر	variant	353_2L.png	unverified
D90-6-04037	ئىمتىھان	headword	353_2L.png	unverified
D90-6-04038	ئىمتىھان ئالماق	headword	354_1R.png	unverified
D90-6-04039	ئىمتىھان بەرمەك	headword	354_1R.png	unverified
D90-6-04040	ئىمتىھان تۈزۈمى	headword	354_1R.png	unverified
D90-6-04041	ئىمتىھاندىن ئۆتمەك	headword	354_1R.png	unverified
D90-6-04042	ئىمتىھان قەغىزى	headword	354_1R.png	unverified
D90-6-04043	ئىمتىھان قىلماق	headword	354_1R.png	unverified
D90-6-04044	ئىمتىھانسىز	headword	354_2L.png	unverified
D90-6-04045	ئىمتىھانلىق	headword	354_2L.png	unverified
D90-6-04047	ئىمتىياز	headword	354_2L.png	unverified
D90-6-04048	ئىمتىيازچىلىق	headword	354_2L.png	unverified
D90-6-04049	ئىمتىيازسىز	headword	355_1R.png	unverified
D90-6-04050	ئىمتىيازلىق	headword	355_1R.png	unverified
D90-6-04051	ئىمزا	headword	355_1R.png	unverified
D90-6-04052	ئىمزا قويماق	headword	355_1R.png	unverified
D90-6-04053	ئىمزا قويۇش	headword	355_1R.png	unverified
D90-6-04054	ئىمزازسىز	headword	355_1R.png	unverified
D90-6-04055	ئىمزالانقۇزماق	headword	355_2L.png	unverified
D90-6-04056	ئىمزالاتماق	headword	355_2L.png	unverified
D90-6-04057	ئىمزالاشماق	headword	355_2L.png	unverified
D90-6-04058	ئىمزالانماق	headword	355_2L.png	unverified
D90-6-04059	ئىمزالىتىلماق	headword	355_2L.png	unverified
D90-6-04060	ئىمزالىق	headword	355_2L.png	unverified
D90-6-04061	ئىمزالىماق	headword	355_2L.png	unverified
D90-6-04062	ئىمكان	headword	356_1R.png	unverified
D90-6-04064	ئىمكانىيەت	headword	356_2L.png	unverified
D90-6-04063	ئىمكانقەدەر	headword	356_1R.png	unverified
D90-6-04067	ئىمكانىيەتسىز	headword	357_1R.png	unverified
D90-6-04068	ئىمكانىيەتلىك	headword	357_1R.png	unverified
D90-6-04069	ئىملا	headword	357_1R.png	unverified
D90-6-04072	ئىملىش	headword	357_2L.png	unverified
D90-6-04073	ئىملىق	headword	357_2L.png	unverified
D90-6-04074	ئىملىق سۆز	headword	357_2L.png	unverified
D90-6-04075	ئىملىقلار	headword	357_2L.png	unverified
D90-6-04075-v1	ئىملىق سۆز ئاۋاز ئىملىقلىرى	variant	357_2L.png	unverified
D90-6-04076	ئىملىماق	headword	358_1R.png	unverified
D90-6-04077	ئىممەت	nonstandard	358_1R.png	unverified
D90-6-04077-c1	ئۈممەت	corrected_form	358_1R.png	unverified
D90-6-04078	ئىممۇنوبىئولوگىيە	headword	358_1R.png	unverified
D90-6-04079	ئىممۇنوپاتولوگىيە	headword	358_1R.png	unverified
D90-6-04080	ئىممۇنوخىمىيە	headword	358_1R.png	unverified
D90-6-04081	ئىممۇنوفارماكولوگىيە	headword	358_1R.png	unverified
D90-6-04082	ئىممۇنوگېماتولوگىيە	headword	358_1R.png	unverified
D90-6-04083	ئىممۇنوگېن	headword	358_1R.png	unverified
D90-6-04085	ئىممۇنوگېنېتىكا	headword	358_2L.png	unverified
D90-6-04086	ئىممۇنولوگىيە	headword	358_2L.png	unverified
D90-6-04087	ئىممۇنولوگىيىلىك	headword	358_2L.png	unverified
D90-6-04089	ئىممۇنىتېت	headword	358_2L.png	unverified
D90-6-04095	ئىممۇنىتېت خىرورگىيىسى	headword	359_1R.png	unverified
D90-6-04096	ئىممۇنىتېت رېئاكسىيىسى	headword	359_1R.png	unverified
D90-6-04097	ئىممۇنىتېت قالايمىقانلىشىشى	headword	359_1R.png	unverified
D90-6-04098	ئىممۇنىتېت كەملىك تەلىماتى	headword	359_1R.png	unverified
D90-6-04099	ئىممۇنىتېت كەملىك كېسىلى	headword	359_1R.png	unverified
D90-6-04100	ئىممۇنىتېتنى تورمۇزلاش	headword	359_1R.png	unverified
D90-6-04101	ئىممۇنىتېتنى تورمۇزلاش ئاكتىپلىقى	headword	359_1R.png	unverified
D90-6-04102	ئىممۇنىتېتنى چەكلىگۈچى دورا	headword	359_2L.png	unverified
D90-6-04103	ئىممۇنىتېتنى چەكلىگۈچى ياسالما	headword	359_2L.png	unverified
D90-6-04104	ئىممۇنىتېت ھاسىل بولۇش	headword	359_2L.png	unverified
D90-6-04105	ئىممۇنىتېت ئوپسونىن	headword	359_2L.png	unverified
D90-6-04106	ئىممۇنىتېت يالتىراق نۇر تەجرىبىسى	headword	359_2L.png	unverified
D90-6-04107	ئىممۇنىتېت يېتىشمەسلىك ئالامىتى	headword	359_2L.png	unverified
D90-6-04108	ئىممۇنىتېتچان	headword	359_2L.png	unverified
D90-6-04109	ئىممۇنىتېتچانلىق	headword	360_1R.png	unverified
D90-6-04109-v1	ئىممۇنىتېتچان سۆزىنىك ئىسىم شەكلى	variant	360_1R.png	unverified
D90-6-04110	ئىممۇنىتېتلىغۇچى	headword	360_1R.png	unverified
D90-6-04111	ئىممۇنىتېتلىق	headword	360_1R.png	unverified
D90-6-04115	ئىممۇنىتېتلىق خاتىرە	headword	360_2L.png	unverified
D90-6-04116	ئىممۇنىتېتلىق داۋالاش	headword	360_2L.png	unverified
D90-6-04117	ئىممۇنىتېتلىق سۇيۇقلۇق بېرىش	headword	360_2L.png	unverified
D90-6-04118	ئىممۇنىتېتلىق شارچە ئاقسىل	headword	360_2L.png	unverified
D90-6-04119	ئىممۇنىتېتلىق شارچە ئاقسىل گېنى	headword	360_2L.png	unverified
D90-6-04120	ئىممۇنىتېتلىق فېرمېنت تېخنىكىسى	headword	360_2L.png	unverified
D90-6-04121	ئىممۇنىتېتلىق قان زەردابى	headword	360_2L.png	unverified
D90-6-04122	ئىممۇنىتېتلىق قان ئېرىش	headword	360_2L.png	unverified
D90-6-04123	ئىممۇنىتېتلىق ماددىلار	headword	360_2L.png	unverified
D90-6-04124	ئىممۇنىتېتلىق ھۈجەيرە	headword	361_1R.png	unverified
D90-6-04125	ئىممۇنىتېتلىق ئۆزگەرتىش	headword	361_1R.png	unverified
D90-6-04126	ئىممۇنىتېتلىق ئېقىش	headword	361_1R.png	unverified
D90-6-04127	ئىممۇنىتېتلىماق	headword	361_1R.png	unverified
D90-6-04128	ئىمىر-چىمىر	headword	361_1R.png	unverified
D90-6-04129	ئىمىش	headword	361_2L.png	unverified
D90-6-04130	ئىمىلماق	headword	361_2L.png	unverified
D90-6-04131	ئىمىن	nonstandard	361_2L.png	unverified
D90-6-04131-c1	ئەمىن	corrected_form	361_2L.png	unverified
D90-6-04132	ئىن	headword	362_1R.png	unverified
D90-6-04133-v1	بۆلە	variant	362_1R.png	unverified
D90-6-04134	ئىن يارماق	headword	362_1R.png	unverified
D90-6-04134-v1	بۆلە يارماق	variant	362_1R.png	unverified
D90-6-04136	ئىناق	headword	362_1R.png	unverified
D90-6-04137	ئىناقسىز	headword	362_1R.png	unverified
D90-6-04138	ئىناقسىزلىق	headword	362_1R.png	unverified
D90-6-04139	ئىناقلاشماق	headword	362_1R.png	unverified
D90-6-04140	ئىناقلىق	headword	362_1R.png	unverified
D90-6-04141	ئىنئام	headword	362_1R.png	unverified
D90-6-04142	ئىنان	headword	362_2L.png	unverified
D90-6-04143	ئىنانچى	headword	362_2L.png	unverified
D90-6-04144	ئىنانماق	headword	362_2L.png	unverified
D90-6-04145	ئىناۋەت	headword	362_2L.png	verified
D90-6-04151	ئىناۋەتسىز	headword	363_1R.png	unverified
D90-6-04152	ئىناۋەتسىز قىلماق	headword	363_1R.png	unverified
D90-6-04153	ئىناۋەتلىك	headword	363_1R.png	unverified
D90-6-04154	ئىناۋەتلىك ئامانەت-قەرز كوپىراتىپى	headword	363_1R.png	unverified
D90-6-04155	ئىناۋەتلىك ئامانەت-قەرز نازارەتچىلىكى	headword	363_1R.png	unverified
D90-6-04156	ئىناۋەتلىك پۇل	headword	363_1R.png	unverified
D90-6-04157	ئىناۋەتلىك دوكومېنت	headword	363_2L.png	unverified
D90-6-04158	ئىناۋەتلىك رەقەم	headword	363_2L.png	unverified
D90-6-04159	ئىناۋەتلىك سان	headword	363_2L.png	verified
D90-6-04160	ئىناۋەتلىك قارشىلىق	headword	363_2L.png	unverified
D90-6-04161	ئىناۋەتلىك قەرز	headword	363_2L.png	unverified
D90-6-04162	ئىناۋەتلىك قەرز ئاۋۇپ كېتىش	headword	363_2L.png	unverified
D90-6-04163	ئىناۋەتلىك قەرز كرىزىسى	headword	364_1R.png	unverified
D90-6-04164	ئىناۋەتلىك قەرز مۇپەتتىشلىكى	headword	364_1R.png	unverified
D90-6-04165	ئىناۋەتلىك كارتوچكا	headword	364_1R.png	unverified
D90-6-04168	ئىناۋەتلىك كىنىشكا	headword	364_1R.png	unverified
D90-6-04166	ئىناۋەتلىك كرېدىت	headword	364_1R.png	unverified
D90-6-04167	ئىناۋەتلىك كوپىراتىپ	headword	364_1R.png	unverified
D90-6-04169	ئىناۋەتلىك كىنىشكا راسچوتى	headword	364_2L.png	unverified
D90-6-04170	ئىناۋەتلىك ھاۋالە	headword	364_2L.png	unverified
D90-6-04171	ئىنايەت	headword	364_2L.png	unverified
D90-6-04172	ئىنەك	headword	364_2L.png	unverified
D90-6-04173	ئىنەكپىتى	headword	364_2L.png	unverified
D90-6-04173-v1	ئابدىمىلىك	variant	364_2L.png	unverified
D90-6-04175	ئىن-تاڭ	headword	364_2L.png	unverified
D90-6-04176	ئىنتايىن	headword	364_2L.png	unverified
D90-6-04177	ئىنتىرادا	headword	365_1R.png	unverified
D90-6-04178	ئىنتوناتسىيە	headword	365_1R.png	unverified
D90-6-04179	ئىنتوناتسىيە ئۆزگىرىشى	headword	365_1R.png	unverified
D90-6-04180	ئىنتوناتسىيىلىك	headword	365_1R.png	unverified
D90-6-04181	ئىنتېرفېرومېتىر	headword	365_1R.png	unverified
D90-6-04182	ئىنتېرفېرېن	headword	365_2L.png	unverified
D90-6-04183	ئىنتېرفېرېنسىيە	headword	365_2L.png	unverified
D90-6-04187	ئىنتېرفېرېنسىيىلىك	headword	366_1R.png	unverified
D90-6-04188	ئىنتېرفېرېنسىيىلىك يورۇقلۇق سۈزگۈچ	headword	366_1R.png	unverified
D90-6-04189	ئىنتېرناتسىئونال	headword	366_1R.png	unverified
D90-6-04190	ئىنتېرناتسىئونال شېئىرى	headword	366_1R.png	unverified
D90-6-04191	ئىنتېرناتسىئونالىزم	headword	366_2L.png	verified
D90-6-04192	ئىنتېرناتسىئونالىزملىق	headword	366_2L.png	unverified
D90-6-04193	ئىنتېرقا ل	headword	366_2L.png	unverified
D90-6-04194	ئىنتېگرال	headword	367_1R.png	unverified
D90-6-04201	ئىنتېگراللاش	headword	367_1R.png	unverified
D90-6-04203	ئىنتېگراللانغۇچى	headword	367_1R.png	unverified
D90-6-04204	ئىنتېگراللانغۇچى فۇنكسىيە	headword	367_2L.png	unverified
D90-6-04205	ئىنتېگراللانغۇچى ئىپادە	headword	367_2L.png	unverified
D90-6-04206	ئىنتېگراللانماق	headword	367_2L.png	unverified
D90-6-04207	ئىنتېگراللىماق	headword	367_2L.png	unverified
D90-6-04208	ئىنتىزار	headword	367_2L.png	unverified
D90-6-04211	ئىنتىزارلىق	headword	367_2L.png	unverified
D90-6-04212	ئىنتىزام	headword	367_2L.png	unverified
D90-6-04213	ئىنتىزام جازاسى	headword	368_1R.png	unverified
D90-6-04214	ئىنتىزامچان	headword	368_1R.png	unverified
D90-6-04215	ئىنتىزامچانلىق	headword	368_1R.png	unverified
D90-6-04216	ئىنتىزامسىز	headword	368_1R.png	unverified
D90-6-04217	ئىنتىزامسىزلىق	headword	368_1R.png	unverified
D90-6-04218	ئىنتىزاملاشماق	headword	368_1R.png	unverified
D90-6-04219	ئىنتىزاملىق	headword	368_1R.png	unverified
D90-6-04220	ئىنتىقام	headword	368_1R.png	unverified
D90-6-04221	ئىنتىلمەك	headword	368_2L.png	unverified
D90-6-04222	ئىنتىلىشچان	headword	368_2L.png	unverified
D90-6-04223	ئىنتىلىشچانلىق	headword	368_2L.png	unverified
D90-6-04225	ئىنتىم	headword	368_2L.png	unverified
D90-6-04227	ئىنجا	headword	369_1R.png	unverified
D90-6-04231	ئىنجىتماق	headword	369_1R.png	unverified
D90-6-04232	ئىنجىق	headword	369_1R.png	unverified
D90-6-04233	ئىنجىقلىق	headword	369_1R.png	unverified
D90-6-04234	ئىنجىقلىماق	headword	369_2L.png	unverified
D90-6-04235	ئىنجىل	headword	369_2L.png	verified
D90-6-04236	ئىنجىمارۇق	headword	369_2L.png	unverified
D90-6-04237	ئىنچىكە	headword	369_2L.png	unverified
D90-6-04238	ئىنچىكە بەل ھەرە	headword	370_1R.png	unverified
D90-6-04239	ئىنچىكە پۆپۈكلۈك يۇلغۇن	headword	370_1R.png	unverified
D90-6-04240	ئىنچىكە تىلى بار	headword	370_1R.png	unverified
D90-6-04241	ئىنچىكە جاي	headword	370_1R.png	unverified
D90-6-04242	ئىنچىكە سۇۋاق	headword	370_1R.png	unverified
D90-6-04243	ئىنچىكە قۇيرۇق قارىغۇ چاشقان	headword	370_1R.png	unverified
D90-6-04244	ئىنچىكە ئۈچەي	headword	370_2L.png	unverified
D90-6-04245	ئىنچىكە ئۈچەي تىۋىتلىرى	headword	370_2L.png	unverified
D90-6-04246	ئىنچىكە ئۈچەي سۇيۇقلۇقى	headword	370_2L.png	unverified
D90-6-04247	ئىنچىكە ئېقىتىپ چۆنەكلەپ سۇغىرىش	headword	370_2L.png	unverified
D90-6-04248	ئىنچىكە ئېگىرىش سېخى	headword	370_2L.png	unverified
D90-6-04249	ئىنچىكە يەر	headword	370_2L.png	unverified
D90-6-04250	ئىنچىكە يوپۇرماقلىق كەۋرەك	headword	370_2L.png	unverified
D90-6-04251	ئىنچىكە يوپۇرماقلىق گۈلىساماق	headword	371_1R.png	unverified
D90-6-04252	ئىنچىكە يوپۇرماقلىق مىڭ	headword	371_1R.png	unverified
D90-6-04253	ئىنچىكە يىپلىق باسقۇچ	headword	371_1R.png	unverified
D90-6-04254	ئىنچىكە يىپلىق دەۋرى	headword	371_1R.png	unverified
D90-6-04255	ئىنچىكىلەتمەك	headword	371_1R.png	unverified
D90-6-04256	ئىنچىكىلەشمەك	headword	371_2L.png	unverified
D90-6-04257	ئىنچىكىلىك	headword	371_2L.png	unverified
D90-6-04259	ئىنچىكىلىمەك	headword	371_2L.png	unverified
D90-6-04260	ئىندەك	headword	371_2L.png	unverified
D90-6-04260-v1	ئۈندەك	variant	371_2L.png	unverified
D90-6-04261	ئىندرا	headword	371_2L.png	unverified
D90-6-04262	ئىندوس	headword	372_1R.png	unverified
D90-6-04263	ئىندوس قومۇشى	headword	372_1R.png	unverified
D90-6-04264	ئىندول	headword	372_1R.png	unverified
D90-6-04265	ئىندۇكتور	headword	372_1R.png	unverified
D90-6-04266	ئىندۇكتىپ	headword	372_1R.png	unverified
D90-6-04268	ئىندۇكتىپلىق	headword	372_2L.png	unverified
D90-6-04269	ئىندۇكتىپلىق توسقۇنلۇق	headword	372_2L.png	unverified
D90-6-04270	ئىندۇكتىپلىق كاتۇشكا	headword	372_2L.png	unverified
D90-6-04271	ئىندۇكتىپلىق كوئېففىتسېنتى	headword	372_2L.png	unverified
D90-6-04272	ئىندۇكسىئون	headword	372_2L.png	unverified
D90-6-04273	ئىندۇكسىئون توك	headword	372_2L.png	unverified
D90-6-04274	ئىندۇكسىئون زەرەت	headword	372_2L.png	unverified
D90-6-04275	ئىندۇكسىئون موتور	headword	372_2L.png	unverified
D90-6-04276	ئىندۇكسىئون ئېلېكتر مەيدانى	headword	372_2L.png	unverified
D90-6-04277	ئىندۇكسىئون ئېلېكتر يۈرگۈزگۈچى كۈچ	headword	372_2L.png	unverified
D90-6-04278	ئىندۇكسىيە	headword	373_1R.png	unverified
D90-6-04282	ئىندۇكسىيىلە	headword	373_1R.png	unverified
D90-6-04284	ئىندۇكسىيىلەنگەن	headword	373_2L.png	unverified
D90-6-04286	ئىندۇكسىيىلەنمەك	headword	373_2L.png	unverified
D90-6-04287	ئىندۇكسىيىلىك	headword	373_2L.png	unverified
D90-6-04290	ئىندۇكسىيىلىك توك	headword	374_1R.png	unverified
D90-6-04291	ئىندۇكسىيىلىك خۇلاسە	headword	374_1R.png	unverified
D90-6-04291-v1	ئىندۇكسىيىلىك ئەقلىي خۇلاسە	variant	374_1R.png	unverified
D90-6-04292	ئىندۇكسىيىلىك زەرەتلىەش ماشىنىسى	headword	374_1R.png	unverified
D90-6-04293	ئىندۇكسىيىلىك قىزدۇرۇش	headword	374_1R.png	unverified
D90-6-04294	ئىندۇكسىيىلىك كۆرسەتكۈچ ئەسۋاب	headword	374_1R.png	unverified
D90-6-04295	ئىندۇكسىيىلىك ئېلېكتر يۈرگۈزگۈچى كۈچ	headword	374_1R.png	unverified
D90-6-04296	ئىندۇكسىيىلىمەك	headword	374_2L.png	unverified
D90-6-04297	ئىندېكىس	headword	374_2L.png	unverified
D90-6-04299	ئىندېن	headword	374_2L.png	unverified
D90-6-04300	ئىندىئان	headword	374_2L.png	verified
D90-6-04302	ئىندىئانلار	headword	375_1R.png	unverified
D90-6-04303	ئىندىكاتور	headword	375_1R.png	unverified
D90-6-04305	ئىندىمەك	headword	375_2L.png	unverified
D90-6-04305-v1	ئۈندىمەك	variant	375_2L.png	unverified
D90-6-04306	ئىندىن	headword	375_2L.png	unverified
D90-6-04307	ئىندىنلىق	headword	375_2L.png	unverified
D90-6-04308	ئىندىۋىد	headword	375_2L.png	verified
D90-6-04309	ئىندىۋىدلىق	headword	375_2L.png	unverified
D90-6-04311	ئىندىۋىدۇئال	headword	375_2L.png	verified
D90-6-04313	ئىندىۋىدۇئاللاشتۇرماق	headword	376_1R.png	unverified
D90-6-04314	ئىندىۋىدۇئاللاشتۇرۇش	headword	376_1R.png	unverified
D90-6-04315	ئىندىۋىدۇئاللاشتۇرۇلماق	headword	376_1R.png	unverified
D90-6-04316	ئىندىۋىدۇئاللاشماق	headword	376_1R.png	unverified
D90-6-04317	ئىندىۋىدۇئاللىق	headword	376_1R.png	unverified
D90-6-04318	ئىندىۋىدۇئاللىق پەرقى	headword	376_1R.png	unverified
D90-6-04319	ئىندىي	headword	376_1R.png	unverified
D90-6-04320	ئىنژېنېر	headword	376_2L.png	unverified
D90-6-04321	ئىنژېنېرلىق	headword	376_2L.png	unverified
D90-6-04325	ئىنساپ	headword	376_2L.png	unverified
D90-6-04326	ئىنساپ بەرمەك	headword	377_1R.png	unverified
D90-6-04327	ئىنساپقا كەلمەك	headword	377_1R.png	unverified
D90-6-04328	ئىنساپ قىلماق	headword	377_1R.png	unverified
D90-6-04329	ئىنساپ كۆتۈرۈلمەك	headword	377_1R.png	unverified
D90-6-04330	ئىنساپ-تەۋپىق	headword	377_1R.png	unverified
D90-6-04331	ئىنساپ-دىيانەت	headword	377_1R.png	unverified
D90-6-04332	ئىنساپسىز	headword	377_1R.png	unverified
D90-6-04333	ئىنساپسىزلىق	headword	377_2L.png	unverified
D90-6-04334	ئىنساپلىق	headword	377_2L.png	unverified
D90-6-04335	ئىنسان	headword	377_2L.png	unverified
D90-6-04336	ئىنسان تەبىئىتى	headword	377_2L.png	unverified
D90-6-04337	ئىنسان تەبىئىتى نەزەرىيىسى	headword	377_2L.png	unverified
D90-6-04338	ئىنسان قېلىپىدىن چىقماق	headword	377_2L.png	unverified
D90-6-04339	ئىنسانلار بىلەن يەرنىڭ مۇناسىۋىتى	headword	378_1R.png	unverified
D90-6-04340	ئىنسانلار جەمئىيىتىنىڭ جۇغراپىيىلىك مۇھىتى	headword	378_1R.png	unverified
D90-6-04341	ئىنسان مەدەنىيىتى	headword	378_1R.png	unverified
D90-6-04342	ئىنسان مەدەنىيىتى ئىلمى	headword	378_1R.png	unverified
D90-6-04343	ئىنسان مەركەز تەلىماتى	headword	378_1R.png	unverified
D90-6-04344	ئىنسانپەرۋەر	headword	378_1R.png	unverified
D90-6-04345	ئىنسانپەرۋەرلىك	headword	378_1R.png	unverified
D90-6-04346	ئىنسانپەرۋەرلىك نەزەرىيىسى	headword	378_2L.png	unverified
D90-6-04347	ئىنسانچىلىق	headword	378_2L.png	unverified
D90-6-04348	ئىنسانشۇناس	headword	379_1R.png	unverified
D90-6-04349	ئىنسانشۇناسلىق	headword	379_1R.png	verified
D90-6-04350	ئىنسانلارچە	headword	379_1R.png	unverified
D90-6-04351	ئىنسانلىق	headword	379_1R.png	unverified
D90-6-04352	ئىنسانىي	headword	379_1R.png	unverified
D90-6-04353	ئىنسانىي ھوقۇق خىتابنامىسى	headword	379_1R.png	unverified
D90-6-04354	ئىنسانىيەت	headword	379_2L.png	unverified
D90-6-04355	ئىنسانىيەتچىلىك	headword	379_2L.png	unverified
D90-6-04356	ئىنسانىيلاشتۇرماق	headword	379_2L.png	unverified
D90-6-04357	ئىنسانىيلاشتۇرۇش	headword	379_2L.png	unverified
D90-6-04358	ئىنسانىيلاشتۇرۇش قارىشى	headword	379_2L.png	unverified
D90-6-04359	ئىنسانىيلاشماق	headword	379_2L.png	unverified
D90-6-04360	ئىنسانىيلىق	headword	380_1R.png	unverified
D90-6-04362	ئىنىستىتۇت	headword	380_1R.png	unverified
D90-6-04363	ئىنسۇجىن	headword	380_1R.png	unverified
D90-6-04364	ئىنسۇلىن	headword	380_1R.png	unverified
D90-6-04365	ئىنسىقتى	headword	380_2L.png	unverified
D90-6-04366	ئىنشا	headword	380_2L.png	unverified
D90-6-04367	ئىنشائات	headword	380_2L.png	unverified
D90-6-04368	ئىنشائاللا	headword	380_2L.png	unverified
D90-6-04369	ئىنفرا	headword	380_2L.png	unverified
D90-6-04370	ئىنفرا ئاۋاز	headword	381_1R.png	unverified
D90-6-04371	ئىنفرا ئاۋاز دولقۇنى	headword	381_1R.png	unverified
D90-6-04372	ئىنفرا ئاۋاز ئىلمى	headword	381_1R.png	unverified
D90-6-04373	ئىنفرا قىزىل نۇر	headword	381_1R.png	unverified
D90-6-04375	ئىنفرا قىزىل نۇر رېشاتكىسى	headword	381_2L.png	unverified
D90-6-04376	ئىنفرا قىزىل نۇرلۇق رەسىم تارتىش	headword	381_2L.png	unverified
D90-6-04377	ئىنفورماتسىيە	headword	381_2L.png	unverified
D90-6-04378	ئىنغۇزورىيە	headword	382_1R.png	unverified
D90-6-04379	ئىنفىلتراتىسيە	headword	382_1R.png	unverified
D90-6-04380	ئىنقىلاب	headword	382_1R.png	unverified
D90-6-04382	ئىنقىلابچى	headword	382_2L.png	unverified
D90-6-04383	ئىنقىلابىي	headword	382_2L.png	unverified
D90-6-04384	ئىنقىلابىي بىرلىك سەپ	headword	382_2L.png	unverified
D90-6-04385	ئىنقىلابىي زورلۇق كۈچ	headword	382_2L.png	unverified
D90-6-04386	ئىنقىلابىي قەھرىمانلىق	headword	383_1R.png	unverified
D90-6-04387	ئىنقىلابىي قۇربان	headword	383_1R.png	unverified
D90-6-04388	ئىنقىلابىي روھ	headword	383_1R.png	unverified
D90-6-04389	ئىنقىلابىي ئۈمىدۋارلىق	headword	383_1R.png	unverified
D90-6-04390	ئىنقىلابىي ئىتتىپاقداش ئارمىيە	headword	383_1R.png	unverified
D90-6-04391	ئىنقىلابىيلاشتۇرماق	headword	383_1R.png	unverified
D90-6-04392	ئىنقىلابىيلاشتۇرۇلماق	headword	383_2L.png	unverified
D90-6-04394	ئىنقىلابىيلىق	headword	383_2L.png	unverified
D90-6-04395	ئىنكار	headword	383_2L.png	unverified
D90-6-04400	ئىنكار قىلماق	headword	384_1R.png	unverified
D90-6-04401	ئىنكار قىلىش	headword	384_1R.png	unverified
D90-6-04402	ئىنكار مەسىلە	headword	384_1R.png	unverified
D90-6-04403	ئىنكارنى ئىنكار قىلىش	headword	384_1R.png	unverified
D90-6-04404	ئىنكار قىلىش قانۇنىيىتى	headword	384_2L.png	unverified
D90-6-04405	ئىنكار ھۆكۈم	headword	384_2L.png	unverified
D90-6-04406	ئىنكار ھۆكۈم جۈملە	headword	384_2L.png	unverified
D90-6-04407	ئىنكار ئۇقۇم	headword	384_2L.png	unverified
D90-6-04408	ئىنكارچى	headword	384_2L.png	unverified
D90-6-04409	ئىنكارچىلىق	headword	384_2L.png	unverified
D90-6-04410	ئىنكاس	headword	385_1R.png	unverified
D90-6-04414	ئىنكورپۇراتسىيە	headword	385_1R.png	unverified
D90-6-04415	ئىنكورپوراتىۋلىق	headword	385_1R.png	unverified
D90-6-04416	ئىنكورپۇراتىۋلىق تىل	headword	385_2L.png	unverified
D90-6-04417	ئىنكۇباتسىيە	headword	385_2L.png	unverified
D90-6-04418	ئىنكۇباتور	headword	385_2L.png	unverified
D90-6-04419	ئىنگە	headword	385_2L.png	unverified
D90-6-04420	ئىنگلىز	headword	385_2L.png	unverified
D90-6-04421	ئىنگلىز بىرلىكلىرى سىستېمىسى	headword	385_2L.png	unverified
D90-6-04422	ئىنگلىز تېخنىكا بىرلىكلىرى سىستېمىسى	headword	385_2L.png	unverified
D90-6-04423	ئىنگلىز تىلى	headword	385_2L.png	unverified
D90-6-04424	ئىنگلىز موسى	headword	386_1R.png	unverified
D90-6-04425	ئىنگلىز مىلى	headword	386_1R.png	unverified
D90-6-04426	ئىنگلىزچە	headword	386_1R.png	verified
D90-6-04427	ئىنگلىزلار	headword	386_1R.png	unverified
D90-6-04428	ئىنلىماق	headword	386_1R.png	unverified
D90-6-04429	ئىنمەك	headword	386_2L.png	unverified
D90-6-04430	ئىنۋېرسىيە	headword	386_2L.png	unverified
D90-6-04434	ئىنېرتسىيىلىك	headword	387_1R.png	unverified
D90-6-04435	ئىنېرت	headword	387_1R.png	unverified
D90-6-04437	ئىنېرتسىيە	headword	387_1R.png	unverified
D90-6-04440	ئىنېرتسىيە كۆپەيتىمىسى	headword	387_2L.png	unverified
D90-6-04441	ئىنېرتسىيە كۈچى	headword	387_2L.png	unverified
D90-6-04442	ئىنېرتسىيە مومېنتى	headword	387_2L.png	unverified
D90-6-04443	ئىنېرتسىيە مىقدارى	headword	387_2L.png	unverified
D90-6-04444	ئىنېرتسىيىسىز سىستېما	headword	387_2L.png	unverified
D90-6-04446	ئىنېرتسىيىلىك سىستېما	headword	387_2L.png	unverified
D90-6-04447	ئىنېرتسىيىلىك پايدىلىنىش سىستېمىسى	headword	387_2L.png	unverified
D90-6-04449	ئىنېرتسىيىلىك گاز	headword	388_1R.png	unverified
D90-6-04449-v1	ئىنېرتلىق گاز	variant	388_1R.png	unverified
D90-6-04450	ئىنېرتسىيىلىك ماسسا	headword	388_1R.png	unverified
D90-6-04451	ئىنېرتسىيىلىك مەركەزدىن قېچىش كۈچى	headword	388_1R.png	unverified
D90-6-04452	ئىنېرتلىق	headword	388_1R.png	unverified
D90-6-04453	ئىنېرتلىق ماتېرىيال	headword	388_1R.png	unverified
D90-6-04454	ئىنېرتلىق ماددا	headword	388_2L.png	unverified
D90-6-04455	ئىنېرتلىق ئېلېمېنت	headword	388_2L.png	unverified
D90-6-04456	ئىنى	headword	388_2L.png	unverified
D90-6-04457	ئىنىكئانا	headword	388_2L.png	unverified
D90-6-04458	ئىنىلىق	headword	388_2L.png	unverified
D90-6-04459	ئىھاتە	headword	388_2L.png	unverified
D90-6-04460	ئىھاتە بەلبېغى	headword	389_1R.png	unverified
D90-6-04460-v1	ئورمان بەلبېغى	variant	389_1R.png	unverified
D90-6-04461	ئىھاتە توسمىسى	headword	389_1R.png	unverified
D90-6-04462	ئىھاتە ئورمان بەلبېغى	headword	389_1R.png	unverified
D90-6-04463	ئىھاتە ئورمىنى	headword	389_1R.png	unverified
D90-6-04464	ئىھتىدا	headword	389_1R.png	unverified
D90-6-04465	ئىئولىت	headword	389_1R.png	unverified
D90-6-04466	ئىئون	headword	389_1R.png	unverified
D90-6-04480	ئىئونلار	headword	390_2L.png	unverified
D90-6-04468	ئىئون ئالماشتۇرۇش	headword	389_2L.png	unverified
D90-6-04469	ئىئون ئالماشتۇرۇش سىمولىسى	headword	389_2L.png	unverified
D90-6-04470	ئىئون پوتېنسىئالى	headword	389_2L.png	unverified
D90-6-04471	ئىئون تاللاش ئېلېكترودى	headword	390_1R.png	unverified
D90-6-04472	ئىئون دەستىلىك ئانالىز	headword	390_1R.png	unverified
D90-6-04473	ئىئون رادىئۇسى	headword	390_1R.png	unverified
D90-6-04474	ئىئون سۈمۈرۈش	headword	390_1R.png	unverified
D90-6-04475	ئىئون كىرگۈزۈش	headword	390_1R.png	unverified
D90-6-04476	ئىئوننىڭ قۇتۇپلىنىشى	headword	390_1R.png	unverified
D90-6-04477	ئىئوننىڭ يېپىشىشى	headword	390_2L.png	unverified
D90-6-04478	ئىئون يىڭنىلىك مىكرو ئانالىزاتور	headword	390_2L.png	unverified
D90-6-04481	ئىئونلارنى ئادسورپىتسىيىلەش	headword	390_2L.png	unverified
D90-6-04482	ئىئونلاش	headword	390_2L.png	unverified
D90-6-04483	ئىئونلاش كامېراسى	headword	390_2L.png	unverified
D90-6-04484	ئىئونلاشتۇرماق	headword	391_1R.png	unverified
D90-6-04485	ئىئونلاشقان	headword	391_1R.png	unverified
D90-6-04486	ئىئونلاشقان ھالەت	headword	391_1R.png	unverified
D90-6-04488	ئىئونلانماق	headword	391_1R.png	unverified
D90-6-04489	ئىئونلۇق	headword	391_1R.png	unverified
D90-6-04490	ئىئونلۇق باغ	headword	391_1R.png	unverified
D90-6-04491	ئىئونلۇق بىرىكمىلەر	headword	391_1R.png	unverified
D90-6-04492	ئىئونلۇق تەڭلىمە	headword	391_2L.png	unverified
D90-6-04493	ئىئونلۇق قەۋەت	headword	391_2L.png	verified
D90-6-04494	ئىئونلۇق كرىستال	headword	391_2L.png	unverified
D90-6-04496	ئىئونلۇق كرىستال كاتەكچىسى	headword	391_2L.png	unverified
D90-6-04497	ئىئونلۇق لازېر ئاپپاراتى	headword	391_2L.png	unverified
D90-6-04498	ئىئونلىماق	headword	392_1R.png	unverified
D90-6-04499	ئىئونلىنىش	headword	392_1R.png	unverified
D90-6-04503	ئىئونلىنىش كونىستانتى	headword	392_2L.png	unverified
D90-6-04504	ئىئونلىنىش مۇۋازىنىتى	headword	392_2L.png	unverified
D90-6-04505	ئىئونلىنىش ئېنېرگىيىسى	headword	392_2L.png	unverified
D90-6-04507	ئىئونوسفېرا	headword	392_2L.png	unverified
D90-6-04508	ئىئونوسفېرا قەۋىتى	headword	392_2L.png	unverified
D90-6-04509	ئىئونىت	headword	393_1R.png	unverified
D90-6-04510	ئىئونىتلار	headword	393_1R.png	unverified
D90-6-04511	ئىۋرىق	headword	393_1R.png	unverified
D90-6-04512	ئىۋىتمەك	headword	393_1R.png	unverified
D90-6-04513	ئىۋىش	headword	393_1R.png	unverified
D90-6-04514	ئىۋىق	headword	393_1R.png	unverified
D90-6-04515	ئىۋىقلار	headword	393_1R.png	unverified
D90-6-04516	ئىۋىقلانماق	headword	393_2L.png	unverified
D90-6-04517	ئىۋىقلىماق	headword	393_2L.png	unverified
D90-6-04518	ئىۋىقلىنىش	headword	393_2L.png	unverified
D90-6-04519	ئىۋىكسېنت	headword	393_2L.png	unverified
D90-6-04520	ئىۋىمەك	headword	393_2L.png	unverified
D90-6-04521	ئىيۇل	headword	394_1R.png	unverified
D90-6-04523	ئىيۇن	headword	394_2L.png	unverified
D90-6-04524	ئىيىن	headword	394_2L.png	unverified
D90-6-04525	ي	headword	395_1R.png	unverified
D90-6-04526	يا	headword	395_1R.png	unverified
D90-6-04529	يا ئاق ئەمەس يا كۆك	headword	396_1R.png	unverified
D90-6-04530	يا ئاق ئەمەس يا كۆك ئەمەس	headword	396_1R.png	unverified
D90-6-04531	يا ئاق يا قارا قىلماق	headword	396_1R.png	unverified
D90-6-04532	يا ئاق يا كۆك	headword	396_1R.png	unverified
D90-6-04533	يا ئاق يا كۆك دېمەسلىك	headword	396_1R.png	unverified
D90-6-04534	يا بايدىن چىقار يا سايرامدىن	headword	396_1R.png	unverified
D90-6-04535	يا بولمىسا	headword	396_1R.png	unverified
D90-6-04536	يا پوككا چۈشسۈن يا چىككا	headword	396_2L.png	unverified
D90-6-04537	يا خۇدادىن قورقمىغان يا بەندىدىن ھېيىقمىغان	headword	396_2L.png	unverified
D90-6-04538	يا دەيمىنا	headword	396_2L.png	unverified
D90-6-04539	يا گۆش ئەمەس يا بەز	headword	396_2L.png	unverified
D90-6-04540	يا گۆش ئەمەس يا بەز ئەمەس	headword	396_2L.png	unverified
D90-6-04541	يا گۆش يا بەز قىلماق	headword	396_2L.png	unverified
D90-6-04542	يا لام يا جىم دېمەي	headword	396_2L.png	unverified
D90-6-04542-v1	لام-جىم دېمەي	variant	396_2L.png	unverified
D90-6-04543	يا نېرى ئەمەس يا بېرى ئەمەس	headword	397_1R.png	unverified
D90-6-04545	يا ئۇنداق يا بۇنداق	headword	397_1R.png	unverified
D90-6-04546	يا ئۇنداق يا مۇنداق	headword	397_1R.png	unverified
D90-6-04547	يا ئۇ ياقلىق يا بۇ ياقلىق بولماق	headword	397_1R.png	unverified
D90-6-04551	يا ئۇ يان يا بۇ يان بولماق	headword	397_2L.png	unverified
D90-6-04548	يا ئۇ ياقلىق يا بۇ ياقلىق قىلماق	headword	397_1R.png	unverified
D90-6-04552	يا ئۇ يان يا بۇ يان قىلماق	headword	397_2L.png	unverified
D90-6-04549	يا ئۇ ياق يا بۇ ياق بولماق	headword	397_2L.png	unverified
D90-6-04550	يا ئۇ ياق يا بۇ ياق قىلماق	headword	397_2L.png	unverified
D90-6-04553	يا ھالال ئەمەس يا ھارام	headword	397_2L.png	unverified
D90-6-04554	يا ھالال ئەمەس يا ھارام ئەمەس	headword	397_2L.png	unverified
D90-6-04555	يا ئۆلۈك ئەمەس يا تىرىك	headword	397_2L.png	unverified
D90-6-04556	يا ئۆلۈك ئەمەس يا تىرىك ئەمەس	headword	397_2L.png	unverified
D90-6-04558	يائاللا	headword	398_1R.png	verified
D90-6-04559	يابغۇ	headword	398_2L.png	unverified
D90-6-04560	ياپا	headword	398_2L.png	unverified
D90-6-04561	ياپال	headword	398_2L.png	unverified
D90-6-04563	ياپەرۋەردىگار	headword	398_2L.png	unverified
D90-6-04564	ياپتا	headword	398_2L.png	unverified
D90-6-04565	ياپتا سۆز	headword	399_1R.png	unverified
D90-6-04566	ياپتا گەپ	headword	399_1R.png	unverified
D90-6-04567	ياپتا گەپ قىلماق	headword	399_1R.png	unverified
D90-6-04568	ياپتۇرۇشماق	headword	399_1R.png	unverified
D90-6-04569	ياپتۇرماق	headword	399_1R.png	unverified
D90-6-04570	ياپتۇرۇلماق	headword	399_1R.png	unverified
D90-6-04571	ياپچان	headword	399_1R.png	unverified
D90-6-04572	ياپراق	headword	399_2L.png	unverified
D90-6-04573	ياپراقچە	headword	399_2L.png	unverified
D90-6-04574	ياپراقسىز	headword	399_2L.png	unverified
D90-6-04575	ياپراقلىق	headword	399_2L.png	unverified
D90-6-04576	ياپسار	headword	399_2L.png	unverified
D90-6-04581	ياپسارلاتماق	headword	400_1R.png	unverified
D90-6-04582	ياپسارلاشماق	headword	400_1R.png	unverified
D90-6-04583	ياپسارلانماق	headword	400_1R.png	unverified
D90-6-04584	ياپسارلىماق	headword	400_1R.png	unverified
D90-6-04585	ياپسال	headword	400_2L.png	unverified
D90-6-04586	ياپسۇن	headword	400_2L.png	unverified
D90-6-04587	ياپسۇن چىقماق	headword	400_2L.png	unverified
D90-6-04588	ياپقۇ	headword	400_2L.png	unverified
D90-6-04589	ياپقۇچ	headword	400_2L.png	unverified
D90-6-04590	ياپقۇچسىز	headword	400_2L.png	unverified
D90-6-04591	ياپقۇچلۇق	headword	400_2L.png	unverified
D90-6-04592	ياپما	headword	401_1R.png	unverified
D90-6-04598	ياپماق	headword	401_1R.png	unverified
D90-6-04599	ياپمال	headword	402_1R.png	unverified
D90-6-04600	ياپمىسىغا	headword	402_1R.png	unverified
D90-6-04601	ياپون	headword	402_1R.png	unverified
D90-6-04602	ياپون ئەمنى	headword	402_1R.png	unverified
D90-6-04603	ياپون باسقۇنچىلىرىغا قارشى ئۇرۇش	headword	402_1R.png	unverified
D90-6-04604	ياپون تىلى	headword	402_2L.png	unverified
D90-6-04605	ياپون قان شورىغۇچى قۇرتى	headword	402_2L.png	unverified
D90-6-04606	ياپونچە	headword	403_1R.png	unverified
D90-6-04607	ياپونلار	headword	403_1R.png	unverified
D90-6-04608	ياپونىيە	headword	403_1R.png	unverified
D90-6-04611	ياپونىيە قۇيرۇق ئوتى	headword	403_2L.png	unverified
D90-6-04612	ياپىر	headword	403_2L.png	verified
D90-6-04613	ياپىرىم	headword	403_2L.png	verified
D90-6-04614	ياپىسىغا	headword	404_1R.png	unverified
D90-6-04615	ياپىلاق	headword	404_1R.png	unverified
D90-6-04616	ياپىلاق ئارچا	headword	404_1R.png	unverified
D90-6-04617	ياپىلاق تەنلىكلەر	headword	404_1R.png	unverified
D90-6-04618	ياپىلاق سۆڭەك	headword	404_1R.png	unverified
D90-6-04619	ياپىلاق غوللۇق پىيىلەك	headword	404_2L.png	unverified
D90-6-04620	ياپىلاق قوڭۇر بېلىق	headword	404_2L.png	unverified
D90-6-04621	ياپىلاق كاكتۈوس	headword	404_2L.png	unverified
D90-6-04622	ياپىلاق لەغمەن	headword	405_1R.png	unverified
D90-6-04623	ياپىلاقلاتماق	headword	405_1R.png	unverified
D90-6-04624	ياپىلاقلاشتۇرماق	headword	405_1R.png	unverified
D90-6-04625	ياپىلاقلاشتۇرۇشماق	headword	405_1R.png	unverified
D90-6-04626	ياپىلاقلاشتۇرۇلماق	headword	405_1R.png	unverified
D90-6-04627	ياپىلاقلاشماق	headword	405_1R.png	unverified
D90-6-04628	ياپىلاقلىنماق	headword	405_1R.png	unverified
D90-6-04629	ياپىلاقلىماق	headword	405_1R.png	unverified
D90-6-04630	ياپياش	headword	405_1R.png	unverified
D90-6-04631	ياپيالىڭاچ	headword	405_2L.png	unverified
D90-6-04632	ياپيېشىل	headword	405_2L.png	unverified
D90-6-04633	ياپيېشىلچىلىق	headword	405_2L.png	unverified
D90-6-04634	ياپيېشىللىق	headword	405_2L.png	unverified
D90-6-04635	يات	headword	406_1R.png	unverified
D90-6-04636	يات بولماق	headword	406_2L.png	unverified
D90-6-04637	يات جىنس	headword	406_2L.png	unverified
D90-6-04638	يات رەڭ	headword	407_1R.png	unverified
D90-6-04639	يات شەكىل	headword	407_1R.png	unverified
D90-6-04640	يات قول	headword	407_2L.png	unverified
D90-6-04641	يات قىلماق	headword	407_2L.png	unverified
D90-6-04669	ياتلاشتۇرماق	headword	410_1R.png	unverified
D90-6-04642	يات قىلىق	headword	407_2L.png	unverified
D90-6-04643	يات كۆرمەك	headword	407_2L.png	unverified
D90-6-04644	يات ماددا	headword	407_2L.png	unverified
D90-6-04645	ياتاتۇڭ	headword	408_1R.png	unverified
D90-6-04646	ياتاق	headword	408_1R.png	unverified
D90-6-04648	ياتاق يارىسى	headword	408_2L.png	unverified
D90-6-04649	ياتاقخانا	headword	408_2L.png	unverified
D90-6-04650	ياتاقداش	headword	408_2L.png	unverified
D90-6-04651	ياتاقداشلىق	headword	408_2L.png	unverified
D90-6-04652	ياتاقسىز	headword	408_2L.png	unverified
D90-6-04653	ياتاقلاشتۇرماق	headword	408_2L.png	unverified
D90-6-04654	ياتاقلاشتۇرۇشماق	headword	408_2L.png	unverified
D90-6-04655	ياتاقلاشتۇرۇلماق	headword	408_2L.png	unverified
D90-6-04656	ياتاقلاشماق	headword	409_1R.png	unverified
D90-6-04657	ياتاقلىق	headword	409_1R.png	unverified
D90-6-04659	ياتاڭ	headword	409_1R.png	unverified
D90-6-04660	ياتباش	headword	409_1R.png	unverified
D90-6-04661	ياتسىراتماق	headword	409_1R.png	unverified
D90-6-04662	ياتسىراشماق	headword	409_1R.png	unverified
D90-6-04663	ياتسىرىماق	headword	409_1R.png	unverified
D90-6-04664	ياتسىنماق	headword	409_1R.png	unverified
D90-6-04665	ياتقۇ	headword	409_2L.png	unverified
D90-6-04666	ياتقۇزماق	headword	409_2L.png	unverified
D90-6-04667	ياتقۇزۇشماق	headword	410_1R.png	unverified
D90-6-04668	ياتقۇزۇلماق	headword	410_1R.png	unverified
D90-6-04670	ياتلاشتۇرۇشماق	headword	410_1R.png	unverified
D90-6-04671	ياتلاشتۇرۇلماق	headword	410_1R.png	unverified
D90-6-04672	ياتلاشماق	headword	410_1R.png	unverified
D90-6-04673	ياتلىشىش	headword	410_1R.png	unverified
D90-6-04675	ياتلىق	headword	410_2L.png	unverified
D90-6-04678	ياتلىماق	headword	410_2L.png	unverified
D90-6-04679	ياتلىۋىلاڭ	headword	410_2L.png	unverified
D90-6-04680	ياتما	headword	410_2L.png	unverified
D90-6-04681	ياتما ئەمەن	headword	410_2L.png	unverified
D90-6-04682	ياتما پاقىيوپۇرماق	headword	411_1R.png	unverified
D90-6-04683	ياتما توشقانقۇلاق	headword	411_1R.png	unverified
D90-6-04684	ياتما جىنتىيانا	headword	411_1R.png	unverified
D90-6-04685	ياتما خاكشى	headword	411_2L.png	unverified
D90-6-04686	ياتما قارىغاي	headword	411_2L.png	unverified
D90-6-04687	ياتما قوتۇرئوت	headword	411_2L.png	unverified
D90-6-04688	ياتما قوغاجاي	headword	412_1R.png	unverified
D90-6-04689	ياتما نېلۇپەر	headword	412_1R.png	unverified
D90-6-04690	ياتماق	headword	412_1R.png	unverified
D90-6-04696	يېتىپ قالماق	headword	413_1R.png	unverified
D90-6-04697	يېتىپ يېمەك	headword	413_1R.png	unverified
D90-6-04698	يات-يۇپۇر	headword	413_1R.png	unverified
D90-6-04699	ياچېيكا	headword	413_1R.png	unverified
D90-6-04700	ياچى	headword	413_1R.png	unverified
D90-6-04701	ياچىۋەك	headword	413_1R.png	unverified
D90-6-04702	ياخشى	headword	413_2L.png	unverified
D90-6-04703	ياخشى بولماق	headword	414_1R.png	unverified
D90-6-04704	ياخشى بولۇپتۇ	headword	414_1R.png	unverified
D90-6-04704-v1	خوپ بولۇپتۇ	variant	414_1R.png	unverified
D90-6-04705	ياخشى بولۇپ قالماق	headword	414_1R.png	unverified
D90-6-04706	ياخشى بولۇپ كېتمەك	headword	414_1R.png	unverified
D90-6-04707	ياخشى سۈپەتلىك ئۆسمە	headword	414_2L.png	unverified
D90-6-04708	ياخشى قىلماق	headword	414_2L.png	unverified
D90-6-04709	ياخشى كەلمەك	headword	414_2L.png	unverified
D90-6-04710	ياخشى كۆرمەك	headword	414_2L.png	unverified
D90-6-04711	ياخشى كۆرۈنمەك	headword	415_1R.png	unverified
D90-6-04712	ياخشى كۆز بىلەن قارىماق	headword	415_1R.png	unverified
D90-6-04713	ياخشى كۆڭۈل	headword	415_1R.png	unverified
D90-6-04714	ياخشى كۈن	headword	415_1R.png	unverified
D90-6-04715	ياخشى كۈن كۆرمەك	headword	415_1R.png	unverified
D90-6-04716	ياخشى كۈننىڭ يامىنى كەلسە	headword	415_1R.png	unverified
D90-6-04716-v1	ياخشى كۈننىڭ يامىنى بولۇپ قالسا	variant	415_1R.png	unverified
D90-6-04718	ياخشى كۈننىڭ يامىنى كېلىپ قالسا	headword	415_2L.png	unverified
D90-6-04719	ياخشى كۈن يوق	headword	415_2L.png	unverified
D90-6-04720	ياخشى كېلىپسىز	headword	415_2L.png	unverified
D90-6-04720-v1	خۇش كېلىپسىز	variant	415_2L.png	unverified
D90-6-04721	ياخشى گەپ	headword	415_2L.png	unverified
D90-6-04722	ياخشى گېپى بولماق	headword	415_2L.png	unverified
D90-6-04723	ياخشى گېپىنى قىلماق	headword	415_2L.png	unverified
D90-6-04724	ياخشى گېپى يوق	headword	415_2L.png	unverified
D90-6-04725	ياخشىچاق	headword	416_1R.png	unverified
D90-6-04726	ياخشىچاقلىق	headword	416_1R.png	unverified
D90-6-04727	ياخشىسى	headword	416_1R.png	unverified
D90-6-04728	ياخشىلاشتۇرماق	headword	416_1R.png	unverified
D90-6-04728-v1	ياخشىلاشماق پېئىلىنىڭ مەجبۇرىي دەرىجىسى	variant	416_1R.png	unverified
D90-6-04729	ياخشىلاشتۇرۇشماق	headword	416_2L.png	unverified
D90-6-04730	ياخشىلاشتۇرۇلماق	headword	416_2L.png	unverified
D90-6-04731	ياخشىلاشماق	headword	416_2L.png	unverified
D90-6-04732	ياخشىلىشىپ قالماق	headword	416_2L.png	unverified
D90-6-04733	ياخشىلانغان	headword	416_2L.png	unverified
D90-6-04735	ياخشىلانماق	headword	416_2L.png	unverified
D90-6-04736	ياخشىلىق	headword	416_2L.png	unverified
D90-6-04737	ياخشىلىقچە	headword	417_1R.png	unverified
D90-6-04738	ياخشىلىماق	headword	417_1R.png	unverified
D90-6-04739	ياخشى-يامان	headword	417_2L.png	unverified
D90-6-04740	ياخۇدا	headword	417_2L.png	unverified
D90-6-04741	ياد	headword	417_2L.png	unverified
D90-6-04742	ياد ئالماق	headword	417_2L.png	unverified
D90-6-04743	ياد ئەتمەك	headword	417_2L.png	unverified
D90-6-04744	ياد ئەيلىمەك	headword	418_1R.png	unverified
D90-6-04745	يادقا ئالماق	headword	418_1R.png	unverified
D90-6-04746	ياد قىلماق	headword	418_1R.png	unverified
D90-6-04747	ياد ئىملا	headword	418_1R.png	unverified
D90-6-04748	يادىدا تۇتماق	headword	418_1R.png	unverified
D90-6-04749	يادىدا تۇرماق	headword	418_1R.png	unverified
D90-6-04750	يادىدا ساقلىماق	headword	418_2L.png	unverified
D90-6-04751	يادىدا قالماق	headword	418_2L.png	unverified
D90-6-04752	يادىدىن چىقماق	headword	418_2L.png	unverified
D90-6-04753	يادىدىن كەچمەك	headword	418_2L.png	unverified
D90-6-04754	يادىدىن كۆتۈرۈلمەك	headword	418_2L.png	unverified
D90-6-04755	يادىغا ئالماق	headword	418_2L.png	unverified
D90-6-04756	يادىغا چۈشمەك	headword	419_1R.png	unverified
D90-6-04759	يادىغا كەلمەك	headword	419_1R.png	unverified
D90-6-04757	يادىغا سالماق	headword	419_1R.png	unverified
D90-6-04758	يادىغا كەلتۈرۈش	headword	419_1R.png	unverified
D90-6-04760	يادىغا يەتمەك	headword	419_1R.png	unverified
D90-6-04761	ياد يېزىش	headword	419_1R.png	unverified
D90-6-04762	يادا	headword	419_1R.png	unverified
D90-6-04763	ياداتماق	headword	419_1R.png	unverified
D90-6-04764	ياداشماق	headword	419_1R.png	unverified
D90-6-04765	ياداق	headword	419_2L.png	unverified
D90-6-04766	ياداڭ	headword	419_2L.png	unverified
D90-6-04767	ياداڭغۇ	headword	419_2L.png	unverified
D90-6-04768	ياداڭغۇلۇق	headword	419_2L.png	unverified
D90-6-04769	يادايچا	headword	419_2L.png	unverified
D90-6-04770	ياداي-چۇداي	headword	419_2L.png	unverified
D90-6-04771	يادرو	headword	419_2L.png	unverified
D90-6-04773	يادرو باشلىق بومبا	headword	420_1R.png	unverified
D90-6-04774	يادرو بىرىكىش رېئاكسىيىسى	headword	420_1R.png	unverified
D90-6-04775	يادرو بىرىكىش ئېنېرگىيىسى	headword	420_1R.png	unverified
D90-6-04776	يادرو پەردە تۆشۈكچىسى	headword	420_1R.png	unverified
D90-6-04777	يادرو پەردىسى	headword	420_1R.png	unverified
D90-6-04778	يادرو پلازما	headword	420_1R.png	unverified
D90-6-04779	يادرو تەتقىقات ئېمۇلىسىيىسى	headword	420_1R.png	unverified
D90-6-04780	يادرو تەنچىسى	headword	420_2L.png	unverified
D90-6-04781	يادرو تورى	headword	420_2L.png	unverified
D90-6-04782	يادرو رادىئاتسيىسى	headword	420_2L.png	unverified
D90-6-04783	يادرو رېئاكتورى	headword	420_2L.png	unverified
D90-6-04784	يادرو رېئاكسىيە قازىنى	headword	420_2L.png	unverified
D90-6-04784-v1	ئاتوم رېئاكسىيە قازىنى	variant	420_2L.png	unverified
D90-6-04785	يادرو رېئاكسىيىسى	headword	420_2L.png	unverified
D90-6-04786	يادرو سۇ ئاستى پاراخوتى	headword	420_2L.png	unverified
D90-6-04787	يادرو سۇيۇقلۇقى	headword	421_1R.png	unverified
D90-6-04788	يادرو سىپىنى	headword	421_1R.png	unverified
D90-6-04789	يادرو فىزىكىسى	headword	421_1R.png	unverified
D90-6-04790	يادرو قەنت تەنچىسى	headword	421_1R.png	unverified
D90-6-04791	يادرو قەنت كىسلاتاسى	headword	421_1R.png	unverified
D90-6-04792	يادرو قەنتى	headword	421_1R.png	unverified
D90-6-04793	يادرو قوراللىرى	headword	421_1R.png	unverified
D90-6-04794	يادرو قىلماق	headword	421_2L.png	unverified
D90-6-04795	يادرو كۈچى	headword	421_2L.png	unverified
D90-6-04796	يادرو كىسلاتاسى	headword	421_2L.png	unverified
D90-6-04797	يادرو ماددىسى	headword	421_2L.png	unverified
D90-6-04798	يادرو ماگنېتونى	headword	421_2L.png	unverified
D90-6-04799	يادرو ماگنىت مومېنتى	headword	421_2L.png	unverified
D90-6-04800	يادرو مودېلى	headword	421_2L.png	unverified
D90-6-04801	يادرو مېغىزى	headword	422_1R.png	unverified
D90-6-04802	يادرونىڭ بىرىكىشى	headword	422_1R.png	unverified
D90-6-04803	يادرونىڭ پارچىلىنىشى	headword	422_1R.png	unverified
D90-6-04804	يادرونىڭ يىمىرىلىشى	headword	422_1R.png	unverified
D90-6-04805	يادرو ئۇرۇشى	headword	422_1R.png	unverified
D90-6-04806	يادرو ئېنېرگىيىسى	headword	422_1R.png	unverified
D90-6-04807	يادرو يېقىلغۇسى	headword	422_1R.png	unverified
D90-6-04808	يادروچاق	headword	422_1R.png	unverified
D90-6-04809	يادروسىز	headword	422_2L.png	unverified
D90-6-04811	يادروسىزلاندۇرماق	headword	422_2L.png	unverified
D90-6-04812	يادروسىزلاندۇرۇشماق	headword	422_2L.png	unverified
D90-6-04813	يادروسىزلاندۇرۇلماق	headword	422_2L.png	unverified
D90-6-04814	يادروسىزلانماق	headword	422_2L.png	unverified
D90-6-04815	يادرولۇق	headword	422_2L.png	unverified
D90-6-04816	يادلاتماق	headword	422_2L.png	unverified
D90-6-04817	يادلاشماق	headword	422_2L.png	unverified
D90-6-04818	يادلانماق	headword	423_1R.png	unverified
D90-6-04819	يادلىماق	headword	423_1R.png	unverified
D90-6-04820	يادنامە	headword	423_1R.png	unverified
D90-6-04821	يادىتاش	headword	423_1R.png	unverified
D90-6-04822	يادىچى	headword	423_2L.png	unverified
D90-6-04823	يادىكار	headword	423_2L.png	unverified
D90-6-04824	يادىكار ئەيلىمەك	headword	423_2L.png	unverified
D90-6-04824-v1	يادىكار قىلماق	variant	423_2L.png	unverified
D90-6-04825	يادىكارلىق	headword	424_1R.png	unverified
D90-6-04826	يادىماق	headword	424_1R.png	unverified
D90-6-04827	يار	headword	424_1R.png	unverified
D90-6-04828	يار بولماق	headword	424_2L.png	unverified
D90-6-04829	يار قىلماق	headword	424_2L.png	unverified
D90-6-04830	يار تۇتماق	headword	425_1R.png	unverified
D90-6-04832	يار ئالماق	headword	425_1R.png	unverified
D90-6-04833	يارغا ئىتتىرمەك	headword	425_1R.png	unverified
D90-6-04834	يار كەتكۈزۈش جىنايىتى	headword	425_1R.png	unverified
D90-6-04835	يار كەتمەك	headword	425_2L.png	unverified
D90-6-04836	يار لېۋىگە بېرىپ قالماق	headword	425_2L.png	unverified
D90-6-04837	يار لېۋىگە كېلىپ قالماق	headword	425_2L.png	unverified
D90-6-04838-v1	يار بەرمەك	variant	425_2L.png	unverified
D90-6-04839	يارا	headword	425_2L.png	unverified
D90-6-04840	يارا ئاغزى	headword	426_1R.png	unverified
D90-6-04841	يارا بولماق	headword	426_1R.png	unverified
D90-6-04842	يارا قىلماق	headword	426_1R.png	unverified
D90-6-04843	يارا ئىزى	headword	426_2L.png	unverified
D90-6-04844	يارىسىغا تۇز سەپمەك	headword	426_2L.png	unverified
D90-6-04845	يارىسىغا يىڭنە سانجىماق	headword	426_2L.png	unverified
D90-6-04846	يارىسىنى تاتىلىماق	headword	426_2L.png	unverified
D90-6-04847	يارىسىنى ئېچىشتۇرماق	headword	426_2L.png	unverified
D90-6-04848	ياراتقۇچى	headword	427_1R.png	unverified
D90-6-04849	ياراتماق	headword	427_1R.png	unverified
D90-6-04851	يارا-چاقا	headword	427_2L.png	unverified
D90-6-04852	ياراشتۇرماق	headword	427_2L.png	unverified
D90-6-04854	ياراشتۇرۇش	headword	427_2L.png	unverified
D90-6-04855	ياراشتۇرۇشماق	headword	428_1R.png	unverified
D90-6-04856	ياراشتۇرۇلماق	headword	428_1R.png	unverified
D90-6-04857	ياراشماق	headword	428_1R.png	unverified
D90-6-04859	ياراغ	headword	428_1R.png	unverified
D90-6-04860	ياراغسىز	headword	428_1R.png	unverified
D90-6-04861	ياراغسىزلاندۇرماق	headword	428_2L.png	unverified
D90-6-04862	ياراغسىزلاندۇرۇشماق	headword	428_2L.png	unverified
D90-6-04863	ياراغسىزلاندۇرۇلماق	headword	428_2L.png	unverified
D90-6-04864	ياراغسىزلانماق	headword	428_2L.png	unverified
D90-6-04865	ياراغلىق	headword	428_2L.png	unverified
D90-6-04866	ياراغ-جابدۇق	headword	428_2L.png	unverified
D90-6-04867	ياراق	headword	428_2L.png	unverified
D90-6-04868	ياراقسىز	headword	429_1R.png	unverified
D90-6-04869	ياراقسىزلىق	headword	429_1R.png	unverified
D90-6-04870	ياراقلىق	headword	429_1R.png	unverified
D90-6-04871	يارالماق	headword	429_1R.png	unverified
D90-6-04872	يارام	headword	429_1R.png	unverified
D90-6-04873	يارامسىز	headword	429_2L.png	unverified
D90-6-04875	يارامسىزلىق	headword	429_2L.png	unverified
D90-6-04876	ياراملىق	headword	429_2L.png	unverified
D90-6-04879	ياران	headword	430_1R.png	unverified
D90-6-04880	يارانماق	headword	430_1R.png	unverified
D90-6-04881	يارايدۇ	headword	430_1R.png	unverified
D90-6-04882	يارەببىم	headword	430_1R.png	unverified
D90-6-04883	يار-بۇرادەر	headword	430_2L.png	unverified
D90-6-04884	يارتا	headword	430_2L.png	unverified
D90-6-04885	يارتا پالەچ	headword	430_2L.png	unverified
D90-6-04886	يارتىلاتماق	headword	430_2L.png	unverified
D90-6-04887	يارتىلاشماق	headword	430_2L.png	unverified
D90-6-04888	يارتىلانماق	headword	430_2L.png	unverified
D90-6-04889	يارتىلىماق	headword	430_2L.png	unverified
D90-6-04890	يار-جانان	headword	431_1R.png	unverified
D90-6-04891	يارچەن	headword	431_1R.png	unverified
D90-6-04892	يارد	headword	431_1R.png	unverified
D90-6-04893	يارداڭ	headword	431_1R.png	unverified
D90-6-04894	يارداڭلىق	headword	431_1R.png	unverified
D90-6-04895	ياردەم	headword	431_2L.png	unverified
D90-6-04900	ياردەم قولىنى سوزماق	headword	432_1R.png	unverified
D90-6-04901	ياردەم قولىنى سۇنماق	headword	432_1R.png	unverified
D90-6-04902	ياردەم قىلماق	headword	432_1R.png	unverified
D90-6-04903	ياردىمى تەگمەك	headword	432_1R.png	unverified
D90-6-04904	ياردەمچى	headword	432_1R.png	unverified
D90-6-04905	ياردەمچى ئادۋۇكات	headword	432_2L.png	unverified
D90-6-04906	ياردەمچى ئاگرونوم	headword	432_2L.png	verified
D90-6-04907	ياردەمچى ئايروپىلان	headword	432_2L.png	unverified
D90-6-04908	ياردەمچى بوغالتىر	headword	432_2L.png	unverified
D90-6-04909	ياردەمچى بۇلۇڭ	headword	432_2L.png	unverified
D90-6-04910	ياردەمچى بىرلىك	headword	433_1R.png	unverified
D90-6-04911	ياردەمچى پېئىل	headword	433_1R.png	unverified
D90-6-04912	ياردەمچى تاموژنا نازارەتچىسى	headword	433_1R.png	unverified
D90-6-04913	ياردەمچى تەپتىش	headword	433_1R.png	unverified
D90-6-04914	ياردەمچى تەپتىشچى	headword	433_1R.png	unverified
D90-6-04915	ياردەمچى تەرجىمان	headword	433_1R.png	unverified
D90-6-04916	ياردەمچى ترېنېر	headword	433_1R.png	unverified
D90-6-04917	ياردەمچى تېخنىك	headword	433_1R.png	unverified
D90-6-04918	ياردەمچى تېخنىكىلىق مۇھەررىر	headword	433_2L.png	unverified
D90-6-04919	ياردەمچى تېئورېما	headword	433_2L.png	unverified
D90-6-04920	ياردەمچى رېژىسسور	headword	433_2L.png	unverified
D90-6-04921	ياردەمچى سوتچى	headword	433_2L.png	unverified
D90-6-04922	ياردەمچى سۆز	headword	433_2L.png	unverified
D90-6-04923	ياردەمچى سېسترا	headword	433_2L.png	unverified
D90-6-04924	ياردەمچى سىزىق	headword	433_2L.png	unverified
D90-6-04925	ياردەمچى قوشۇن	headword	433_2L.png	unverified
D90-6-04926	ياردەمچى كاتالىزاتور	headword	434_1R.png	unverified
D90-6-04927	ياردەمچى گىمناستكا	headword	434_1R.png	unverified
D90-6-04928	ياردەمچى لېكتور	headword	434_1R.png	unverified
D90-6-04929	ياردەمچى ماددا	headword	434_1R.png	unverified
D90-6-04930	ياردەمچى مەسئۇل باشقۇرغۇچى	headword	434_1R.png	unverified
D90-6-04931	ياردەمچى مەسئۇل بوغالتىر	headword	434_1R.png	unverified
D90-6-04932	ياردەمچى مەسئۇل چارۋىچىلىق تېخنىكىسى	headword	434_1R.png	unverified
D90-6-04933	ياردەمچى مەسئۇل ستاتىستىكىچى	headword	434_2L.png	unverified
D90-6-04934	ياردەمچى مەسئۇل لابورانت	headword	434_2L.png	unverified
D90-6-04935	ياردەمچى مەسئۇل مال دوختۇرى	headword	434_2L.png	unverified
D90-6-04936	ياردەمچى مەسئۇل ئىقتىسادچى	headword	434_2L.png	unverified
D90-6-04937	ياردەمچى مورفېما	headword	434_2L.png	unverified
D90-6-04938	ياردەمچى مۇخبىر	headword	434_2L.png	unverified
D90-6-04939	ياردەمچى مۇھەررىر	headword	434_2L.png	unverified
D90-6-04940	ياردەمچى نامەلۇم	headword	435_1R.png	unverified
D90-6-04941	ياردەمچى ھۇجۇم	headword	435_1R.png	unverified
D90-6-04942	ياردەمچى ھۈنەر-سەنئەت ئۈستىسى	headword	435_1R.png	unverified
D90-6-04943	ياردەمچى ئىنزېنېر	headword	435_1R.png	unverified
D90-6-04944	ياردەمچى يۈگۈرۈش	headword	435_1R.png	unverified
D90-6-04945	ياردەمچىلىك	headword	435_1R.png	unverified
D90-6-04946	ياردەمسىز	headword	435_1R.png	unverified
D90-6-04947	ياردەملەشتۈرمەك	headword	435_1R.png	unverified
D90-6-04948	ياردەملەشتۈرۈشمەك	headword	435_2L.png	unverified
D90-6-04949	ياردەملەشتۈرۈلمەك	headword	435_2L.png	unverified
D90-6-04950	ياردەملەشمەك	headword	435_2L.png	unverified
D90-6-04951	يار-دوست	headword	435_2L.png	unverified
D90-6-04952	يارسىز	headword	435_2L.png	unverified
D90-6-04953	يارغا	headword	435_2L.png	unverified
D90-6-04954	يارغۇزماق	headword	435_2L.png	unverified
D90-6-04955	يارغۇزۇشماق	headword	435_2L.png	unverified
D90-6-04956	يارغۇزۇلماق	headword	435_2L.png	unverified
D90-6-04957	يارغۇنچاق	headword	436_1R.png	unverified
D90-6-04958	يارقىن	headword	436_1R.png	unverified
D90-6-04959	يارقىنلىق	headword	436_1R.png	unverified
D90-6-04960	يارگۈل	headword	436_1R.png	unverified
D90-6-04961	يارلىق	headword	436_2L.png	unverified
D90-6-04965	يارلىق قىلماق	headword	437_1R.png	unverified
D90-6-04966	يارلىقچى	headword	437_1R.png	unverified
D90-6-04967	يارلىقتۇت	headword	437_1R.png	unverified
D90-6-04968	يارلىقتۇت ئائىلىسى	headword	437_1R.png	unverified
D90-6-04969	يارما	headword	437_2L.png	unverified
D90-6-04973	يارما قاق شاپتۇل	headword	438_1R.png	unverified
D90-6-04974	يارما ئۇلاق	headword	438_1R.png	unverified
D90-6-04975	يارما يارغۇچ	headword	438_1R.png	unverified
D90-6-04977	يارماق	headword	438_1R.png	unverified
D90-6-04979	يارمىغان كۆتەكتەك	headword	439_1R.png	unverified
D90-6-04980	يېرىپ كىرىش	headword	439_1R.png	unverified
D90-6-04981	يېرىپ ئۇلاش ئۇسۇلى	headword	439_1R.png	unverified
D90-6-04982	يارماقچىلىك	headword	439_1R.png	unverified
D90-6-04983	يارماقسىز	headword	439_1R.png	unverified
D90-6-04984	يارماقگۈل	headword	439_2L.png	unverified
D90-6-04985	يارماقلىق	headword	439_2L.png	unverified
D90-6-04986	يار-مەھبۇب	headword	439_2L.png	unverified
D90-6-04987	يار-مەدەتكار	headword	439_2L.png	unverified
D90-6-04988	يارمىچى	headword	439_2L.png	unverified
D90-6-04989	يارمىچىلىق	headword	439_2L.png	unverified
D90-6-04990	يارمىداتقۇزماق	headword	439_2L.png	unverified
D90-6-04991	يارمىداتماق	headword	440_1R.png	unverified
D90-6-04992	يارمىداشماق	headword	440_1R.png	unverified
D90-6-04993	يارمىدالماق	headword	440_1R.png	unverified
D90-6-04994	يارمىدىماق	headword	440_1R.png	unverified
D90-6-04995	يارمىلاتقۇزماق	headword	440_1R.png	unverified
D90-6-04996	يارمىلاتماق	headword	440_1R.png	unverified
D90-6-04997	يارمىلاشماق	headword	440_1R.png	unverified
D90-6-04999	يارمىلىماق	headword	440_1R.png	unverified
D90-6-05000	ياروۋىزاتسيە	headword	440_1R.png	unverified
D90-6-05001	ياروۋىزاسىيە باسقۇچى	headword	440_2L.png	unverified
D90-6-05002	يارىتىشماق	headword	440_2L.png	verified
D90-6-05003	يارىتىلماق	headword	440_2L.png	verified
D90-6-05004	يارىدار	headword	440_2L.png	unverified
D90-6-05005	يارىدار بولماق	headword	441_1R.png	unverified
D90-6-05006	يارىدار قىلماق	headword	441_1R.png	unverified
D90-6-05007	يارىدارلىق	headword	441_1R.png	unverified
D90-6-05008	يارىشا	headword	441_1R.png	unverified
D90-6-05009	يارىشىرىق	headword	441_1R.png	unverified
D90-6-05010	يارىشىق	headword	441_2L.png	unverified
D90-6-05011	يارىشىقىدا	headword	441_2L.png	unverified
D90-6-05012	يارىشىقىنى قىلماق	headword	441_2L.png	unverified
D90-6-05013	يارىشىم	headword	441_2L.png	unverified
D90-6-05014	يارىشىسىز	headword	441_2L.png	unverified
D90-6-05015	يارىشىملىق	headword	441_2L.png	unverified
D90-6-05016	يارىغۇسىز	headword	442_1R.png	unverified
D90-6-05017	يارىلاندۇرماق	headword	442_1R.png	unverified
D90-6-05018	يارىلاندۇرۇشماق	headword	442_1R.png	unverified
D90-6-05019	يارىلاندۇرۇلماق	headword	442_1R.png	unverified
D90-6-05020	يارىلانماق	headword	442_1R.png	unverified
D90-6-05021	يارىماس	headword	442_1R.png	unverified
D90-6-05022	يارماسلىق	headword	442_2L.png	unverified
D90-6-05023	يارىماق	headword	442_2L.png	unverified
D90-6-05024	يارىيار	headword	443_1R.png	unverified
D90-6-05024-v1	يارىيار ھارۋا	variant	443_1R.png	unverified
D90-6-05026	يار-يار	headword	443_1R.png	unverified
D90-6-05027	يار-يۆلەك	headword	443_1R.png	unverified
D90-6-05029	ياريېلىم	headword	443_2L.png	unverified
D90-6-05030	ياز	headword	443_2L.png	unverified
D90-6-05035	يازا	headword	443_2L.png	unverified
D90-6-05036	يازدۇرماق	headword	444_1R.png	unverified
D90-6-05037	يازدۇرۇشماق	headword	444_1R.png	unverified
D90-6-05038	يازدۇرۇلماق	headword	444_1R.png	unverified
D90-6-05039	يازغازىڭى	headword	444_1R.png	unverified
D90-6-05040	يازغۇچى	headword	444_1R.png	unverified
D90-6-05041	يازغۇچىلىق	headword	444_2L.png	unverified
D90-6-05042	يازغى	headword	444_2L.png	unverified
D90-6-05045	يازلىق	headword	444_2L.png	unverified
D90-6-05046	يازلىق ئارپا	headword	445_1R.png	unverified
D90-6-05047	يازلىق بەسەي	headword	445_1R.png	unverified
D90-6-05048	يازلىق تەتىل	headword	445_1R.png	unverified
D90-6-05049	يازلىق تۇرۇپ	headword	445_1R.png	unverified
D90-6-05050	يازلىق تېرىلغۇ	headword	445_1R.png	unverified
D90-6-05051	يازلىق تېرىم	headword	445_1R.png	unverified
D90-6-05052	يازلىق زىرائەت	headword	445_1R.png	unverified
D90-6-05053	يازلىق سپورا	headword	445_1R.png	unverified
D90-6-05054	يازلىق قوغۇن	headword	445_1R.png	unverified
D90-6-05055	يازلىق كۆكپىت	headword	445_2L.png	unverified
D90-6-05056	يازلىق كۈن توختىشى	headword	445_2L.png	unverified
D90-6-05058	يازلىق كۈن-تۈن توختىشى	headword	445_2L.png	unverified
D90-6-05057	يازلىق كۈن-تۈن توختاش نۇقتىسى	headword	445_2L.png	unverified
D90-6-05059	يازلىق كىپارىس	headword	445_2L.png	unverified
D90-6-05060	يازلىق كىيىم	headword	446_1R.png	unverified
D90-6-05061	يازلىق لاگېر	headword	446_1R.png	unverified
D90-6-05062	يازلىق مەھسۇلات	headword	446_1R.png	unverified
D90-6-05063	يازلىق مۇسسون شامىلى	headword	446_1R.png	unverified
D90-6-05064	يازلىق مېۋە	headword	446_1R.png	unverified
D90-6-05065	يازلىق يەر ھەيدەش	headword	446_1R.png	verified
D90-6-05066	يازلىق ئۈچەك	headword	446_1R.png	unverified
D90-6-05067	يازلىق ئۈچ ئىش	headword	446_2L.png	unverified
D90-6-05068	يازلىق ۋاقىت	headword	446_2L.png	unverified
D90-6-05069	يازلىق يېشىل ئورمان	headword	446_2L.png	unverified
D90-6-05070	يازلىق يىغىم	headword	446_2L.png	unverified
D90-6-05071	يازلىماق	headword	446_2L.png	unverified
D90-6-05072	يازما	headword	446_2L.png	unverified
D90-6-05075	يازما تاپشۇرۇق	headword	447_1R.png	unverified
D90-6-05076	يازما تارىخ	headword	447_1R.png	unverified
D90-6-05077	يازما تەرجىمە	headword	447_1R.png	unverified
D90-6-05078	يازما خاتىرە	headword	447_1R.png	unverified
D90-6-05079	يازما خۇلاسە	headword	447_1R.png	unverified
D90-6-05080	يازما دوكلات	headword	447_1R.png	unverified
D90-6-05081	يازما شەكىل	headword	447_1R.png	unverified
D90-6-05082	يازما قانۇن	headword	447_1R.png	unverified
D90-6-05083	يازما ماتېرىيال	headword	447_1R.png	unverified
D90-6-05084	يازما ھېسابلاش	headword	447_1R.png	unverified
D90-6-05085	يازما ئىمتىھان	headword	447_1R.png	unverified
D90-6-05086	يازما ئىسپات	headword	447_2L.png	unverified
D90-6-05087	يازما يادىكارلىق	headword	447_2L.png	unverified
D90-6-05088	يازماق	headword	447_2L.png	unverified
D90-6-05089	يازماي	headword	447_2L.png	unverified
D90-6-05090	يازمىش	headword	447_2L.png	unverified
D90-6-05091	يازچە	headword	447_2L.png	unverified
D90-6-05092	ياساتقۇزماق	headword	448_1R.png	unverified
D90-6-05093	ياساتماق	headword	448_1R.png	unverified
D90-6-05094	ياساش	headword	448_1R.png	unverified
D90-6-05097	ياساشتۇرماق	headword	448_1R.png	unverified
D90-6-05098	ياساشماق	headword	448_1R.png	unverified
D90-6-05099	ياساق	headword	448_1R.png	unverified
D90-6-05100	ياساقبېگى	headword	448_2L.png	unverified
D90-6-05101	ياساقچى	headword	448_2L.png	unverified
D90-6-05102	ياساقلىق	headword	448_2L.png	unverified
D90-6-05103	ياسالما	headword	448_2L.png	unverified
D90-6-05104	ياسالما تاۋۇش	headword	449_1R.png	unverified
D90-6-05105	ياسالما سۆز	headword	449_1R.png	unverified
D90-6-05106	ياسالماق	headword	449_1R.png	unverified
D90-6-05107	ياسالمىلىق	headword	449_1R.png	unverified
D90-6-05108	ياسانچۇق	headword	449_1R.png	unverified
D90-6-05109	ياسانچۇقلۇق	headword	449_1R.png	unverified
D90-6-05110	ياسانچۇقلوق قىلماق	headword	449_2L.png	unverified
D90-6-05111	ياساندۇرماق	headword	449_2L.png	unverified
D90-6-05112	ياساندۇرۇشماق	headword	449_2L.png	unverified
D90-6-05113	ياساندۇرۇلماق	headword	449_2L.png	unverified
D90-6-05114	ياسانماق	headword	449_2L.png	unverified
D90-6-05115	ياساۋۇل	headword	450_1R.png	unverified
D90-6-05116	ياساۋۇللۇق	headword	450_1R.png	unverified
D90-6-05117	ياستۇق	headword	450_1R.png	unverified
D90-6-05122	ياسىتىشماق	headword	450_2L.png	unverified
D90-6-05123	ياسىتىلماق	headword	450_2L.png	unverified
D90-6-05124	ياسىداق	headword	450_2L.png	unverified
D90-6-05125	ياسىداقلىق	headword	450_2L.png	unverified
D90-6-05126	ياسىغۇچى	headword	450_2L.png	unverified
D90-6-05129	ياسىما	headword	450_2L.png	unverified
D90-6-05130	ياسىماق	headword	451_1R.png	unverified
D90-6-05131	ياسىمىلىق	headword	451_2L.png	unverified
D90-6-05132	ياسىنىشماق	headword	452_1R.png	unverified
D90-6-05133	ياسىن	headword	452_1R.png	unverified
D90-6-05134	ياسىن ئوقۇماق	headword	452_1R.png	unverified
D90-6-05135	ياش	headword	452_1R.png	unverified
D90-6-05136	ياش قۇرت	headword	452_2L.png	unverified
D90-6-05137	ياش گرامماتىكىچىلار ئېقىمى	headword	452_2L.png	unverified
D90-6-05138	ياش گېگېلچىلار	headword	453_1R.png	unverified
D90-6-05139	ياشلار بايرىمى	headword	453_1R.png	unverified
D90-6-05139-v1	تۆتىنچى ماي ياشلار بايرىمى	variant	453_1R.png	unverified
D90-6-05140	ياشلار پارتىيىسى	headword	453_1R.png	unverified
D90-6-05141	ياشلار پاسۇنى چاپان	headword	453_2L.png	verified
D90-6-05142	ياشلار ئىتتىپاقى	headword	453_2L.png	verified
D90-6-05142-v1	كوممۇنىستىك ياشلار ئىتتىپاقى	variant	453_2L.png	verified
D90-6-05144	ياش ئالاھىدىلىكى	headword	453_2L.png	unverified
D90-6-05145	ياش تالاشماق	headword	454_1R.png	unverified
D90-6-05146	ياش يىلى	headword	454_1R.png	unverified
D90-6-05147	يېشى توختىماق	headword	454_1R.png	unverified
D90-6-05148	يېشىغا توشماق	headword	454_1R.png	unverified
D90-6-05149	يېشىغا توشۇش مەزگىلى	headword	454_2L.png	unverified
D90-6-05150	يېشىغا يەتمەك	headword	454_2L.png	unverified
D90-6-05152	ياش ئاققۇزغۇچى بومبا	headword	454_2L.png	unverified
D90-6-05153	ياش ئەزالىرى كېسەللىكى	headword	454_2L.png	unverified
D90-6-05154	ياش بېزى	headword	455_1R.png	unverified
D90-6-05155	ياش تۆكمەك	headword	455_1R.png	unverified
D90-6-05156	ياش چىقىرىش ئەزاسى	headword	455_1R.png	unverified
D90-6-05157	ياش نۇقتىسى	headword	455_1R.png	unverified
D90-6-05158	ياشاتماق	headword	455_1R.png	unverified
D90-6-05159	ياشارتماق	headword	455_1R.png	unverified
D90-6-05160	ياشارتىشماق	headword	455_2L.png	unverified
D90-6-05161	ياشارتىلماق	headword	455_2L.png	unverified
D90-6-05162	ياشارماق	headword	455_2L.png	unverified
D90-6-05163	ياشاش	headword	456_1R.png	unverified
D90-6-05168	ياشاشماق	headword	456_2L.png	unverified
D90-6-05169	ياشاڭغۇ	nonstandard	456_2L.png	unverified
D90-6-05170	ياشاڭغىر	headword	456_2L.png	unverified
D90-6-05171	ياشاڭغىراتماق	headword	456_2L.png	unverified
D90-6-05172	ياشاڭغىرىماق	headword	456_2L.png	unverified
D90-6-05173	ياشانماق	headword	456_2L.png	unverified
D90-6-05174	ياشسىز	headword	457_1R.png	unverified
D90-6-05175	ياش-قۇرام	headword	457_1R.png	unverified
D90-6-05176	ياش-قېرى	headword	457_1R.png	unverified
D90-6-05177	ياشلاشتۇرماق	headword	457_1R.png	unverified
D90-6-05178	ياشلاشتۇرۇشماق	headword	457_1R.png	unverified
D90-6-05179	ياشلاشتۇرۇلماق	headword	457_1R.png	unverified
D90-6-05180	ياشلاشماق	headword	457_1R.png	unverified
D90-6-05181	ياشلانماق	headword	457_2L.png	unverified
D90-6-05182	ياشلىق	headword	457_2L.png	unverified
D90-6-05186	ياشلىماق	headword	458_1R.png	unverified
D90-6-05187	ياشمان	headword	458_1R.png	unverified
D90-6-05188	ياشناتماق	headword	458_1R.png	unverified
D90-6-05189	ياشناشماق	headword	458_1R.png	unverified
D90-6-05190	ياشنىماق	headword	458_1R.png	unverified
D90-6-05191	گۈللىمەك	headword	458_2L.png	unverified
D90-6-05192	ياش-ئۆسمۈر	headword	458_2L.png	unverified
D90-6-05193	ياشىرىشماق	headword	458_2L.png	unverified
D90-6-05194	ياشىماق	headword	458_2L.png	unverified
D90-6-05195	ياشاپ بولماق	headword	459_1R.png	unverified
D90-6-05196	ياشاپ كە	headword	459_1R.png	unverified
D90-6-05197	ياغ	headword	459_2L.png	unverified
D90-6-05201	ياغ تۆكۈلسە يالىغۇدەك	headword	459_2L.png	unverified
D90-6-05201-v1	ماي تۆكۈلسە يالىغۇدەك	variant	459_2L.png	unverified
D90-6-05202	ياغ چاينىماق	headword	460_1R.png	unverified
D90-6-05203	ياغ چىيى	headword	460_1R.png	unverified
D90-6-05204	ياغ سامسا	headword	460_1R.png	unverified
D90-6-05205	ياغ فېرمېنتى	headword	460_1R.png	unverified
D90-6-05206	ياغ كۆيدۈرمەك	headword	460_1R.png	unverified
D90-6-05207	ياغ كىسلاتاسى	headword	460_1R.png	unverified
D90-6-05208	ياغ مانتا	headword	460_1R.png	unverified
D90-6-05209	ياغ ئىچىدىكى بۆرەكتەك	headword	460_1R.png	unverified
D90-6-05210	ياغاچ	headword	460_2L.png	unverified
D90-6-05211	ياغاچ ئات	headword	460_2L.png	unverified
D90-6-05212	ياغاچ ئالكول	headword	460_2L.png	unverified
D90-6-05213	ياغاچ ئاياغ	headword	460_2L.png	unverified
D90-6-05214	ياغاچ بەت	headword	461_1R.png	unverified
D90-6-05215	ياغاچ بوتقىسى	headword	461_1R.png	unverified
D90-6-05216	ياغاچ بېشىدا سۇنماق	headword	461_1R.png	unverified
D90-6-05217	ياغاچ پاختا	headword	461_1R.png	unverified
D90-6-05218	ياغاچ پۇت	headword	461_1R.png	unverified
D90-6-05219	ياغاچ تالاسى	headword	461_1R.png	unverified
D90-6-05220	ياغاچ چاق	headword	461_1R.png	unverified
D90-6-05221	ياغاچ چۆچەك	headword	461_1R.png	unverified
D90-6-05222	ياغاچ غول	headword	461_2L.png	unverified
D90-6-05223	ياغاچ غوللۇق چىڭگىلىك	headword	461_2L.png	unverified
D90-6-05224	ياغاچ غوللۇق ئۆسۈملۈكلەر	headword	461_2L.png	unverified
D90-6-05225	ياغاچ قۇرۇلما	headword	461_2L.png	unverified
D90-6-05226	ياغاچ قۇلاق	headword	461_2L.png	unverified
D90-6-05227	ياغاچ كراخمالى	headword	462_1R.png	unverified
D90-6-05228	ياغاچ كۆمۈرى	headword	462_1R.png	unverified
D90-6-05229	ياغاچ گۆر	headword	462_1R.png	unverified
D90-6-05230	ياغاچ مەتبەئە	headword	462_1R.png	unverified
D90-6-05231	ياغاچ مومى	headword	462_1R.png	unverified
D90-6-05232	ياغاچ مېيى	headword	462_1R.png	unverified
D90-6-05233	ياغاچ ئوشتۇماق	headword	462_1R.png	unverified
D90-6-05234	ياغاچ ئويما	headword	462_2L.png	unverified
D90-6-05235	ياغاچ-تاش	headword	462_2L.png	unverified
D90-6-05236	ياغاچچى	headword	462_2L.png	unverified
D90-6-05237	ياغاچچىلىق	headword	462_2L.png	unverified
D90-6-05238	ياغاچلاشماق	headword	462_2L.png	unverified
D90-6-05239	ياغاچلىق	headword	462_2L.png	unverified
D90-6-05240	ياغاچلىق تالا	headword	463_1R.png	unverified
D90-6-05241	ياغاچلىق قىسىم	headword	463_1R.png	unverified
D90-6-05242	ياغاق	headword	463_1R.png	unverified
D90-6-05243	ياغاق پەردە	headword	463_1R.png	unverified
D90-6-05244	ياغاق تېرە	headword	463_1R.png	unverified
D90-6-05245	ياغاق تەغەز	headword	463_2L.png	verified
D90-6-05246	ياغاقلاشماق	headword	463_2L.png	unverified
D90-6-05247	ياغچى	headword	463_2L.png	unverified
D90-6-05248	ياغچىلىق	headword	463_2L.png	unverified
D90-6-05249	ياغدەلە	headword	463_2L.png	unverified
D90-6-05250	ياغدۇرماق	headword	463_2L.png	unverified
D90-6-05251	ياغدۇرۇشماق	headword	464_1R.png	unverified
D90-6-05252	ياغدۇرۇلماق	headword	464_1R.png	unverified
D90-6-05253	ياغسىراتماق	headword	464_1R.png	unverified
D90-6-05254	ياغسىراشماق	headword	464_1R.png	unverified
D90-6-05255	ياغسىرىماق	headword	464_1R.png	unverified
D90-6-05256	ياغسىز	headword	464_1R.png	unverified
D90-6-05257	ياغسىمان	headword	464_1R.png	unverified
D90-6-05259	ياغلاتماق	headword	464_2L.png	unverified
D90-6-05260	ياغلار	headword	464_2L.png	unverified
D90-6-05261	ياغلاشتۇرماق	headword	464_2L.png	unverified
D90-6-05262	ياغلاشماق	headword	464_2L.png	unverified
D90-6-05263	ياغلامچى	headword	465_1R.png	unverified
D90-6-05264	ياغلامچىلىق	headword	465_1R.png	unverified
D90-6-05265	ياغلانماق	headword	465_1R.png	unverified
D90-6-05266	ياغلىشاڭغۇ	headword	465_1R.png	unverified
D90-6-05267	ياغلىغۇ	headword	465_1R.png	unverified
D90-6-05268	ياغلىق	headword	465_1R.png	unverified
D90-6-05273	ياغلىق زىرائەت	headword	466_1R.png	unverified
D90-6-05274	ياغلىق قاپاق	headword	466_1R.png	unverified
D90-6-05275	ياغلىق ئوت	headword	466_1R.png	unverified
D90-6-05276	ياغلىق ئۆرۈك	headword	466_1R.png	unverified
D90-6-05277	ياغلىق ئۈچەي	headword	466_1R.png	verified
D90-6-05278	ياغلىققارا	headword	466_2L.png	unverified
D90-6-05279	ياغلىقلىق	headword	466_2L.png	unverified
D90-6-05280	ياغلىما	headword	466_2L.png	unverified
D90-6-05281	ياغلىما تىل	headword	466_2L.png	unverified
D90-6-05282	ياغلىما چۆپ	headword	467_1R.png	unverified
D90-6-05283	ياغلىما سۆز	headword	467_1R.png	unverified
D90-6-05284	ياغلىما گەپ	headword	467_1R.png	unverified
D90-6-05285	ياغلىما گەپ قىلماق	headword	467_1R.png	unverified
D90-6-05286	ياغلىماق	headword	467_1R.png	unverified
D90-6-05287	ياغلىمىچى	headword	467_2L.png	unverified
D90-6-05288	ياغلىمىچىلىق	headword	467_2L.png	unverified
D90-6-05289	ياغلىمىلىق	headword	467_2L.png	unverified
D90-6-05290	ياغما	headword	467_2L.png	unverified
D90-6-05291	ياغماق	headword	467_2L.png	unverified
D90-6-05292	ياغى	headword	468_1R.png	unverified
D90-6-05293	ياغىلىق	headword	468_1R.png	unverified
D90-6-05294	ياق	headword	468_1R.png	unverified
D90-6-05296	ياقا	headword	468_2L.png	unverified
D90-6-05299	ياقا پەشكە ئايلانماق	headword	469_1R.png	unverified
D90-6-05300	ياقا تۇتۇشماق	headword	469_1R.png	unverified
D90-6-05301	ياقا سىقىشماق	headword	469_1R.png	unverified
D90-6-05302	ياقا يىرتماق	headword	469_1R.png	unverified
D90-6-05303	ياقىسىدا گۈلەڭگۈچ ئۇچماق	headword	469_1R.png	unverified
D90-6-05304	ياقىسىدىن ئالماق	headword	469_1R.png	unverified
D90-6-05306	ياقاڭلىماق	headword	469_2L.png	unverified
D90-6-05307	ياقا-ياۋان	headword	469_2L.png	unverified
D90-6-05308	ياقتۇرماق	headword	469_2L.png	unverified
D90-6-05311	ياقتۇرۇشماق	headword	469_2L.png	unverified
D90-6-05314	ياقتۇرۇلماق	headword	470_1R.png	unverified
D90-6-05317	ياقلاتماق	headword	470_1R.png	unverified
D90-6-05318	ياقلاشماق	headword	470_1R.png	unverified
D90-6-05319	ياقلىنماق	headword	470_1R.png	unverified
D90-6-05320	ياقلىغۇچى	headword	470_1R.png	unverified
D90-6-05321	ياقلىما	headword	470_1R.png	unverified
D90-6-05322	ياقلىماق	headword	470_1R.png	unverified
D90-6-05323	ياقلىمىلىق	headword	470_2L.png	unverified
D90-6-05324	ياقما	headword	470_2L.png	unverified
D90-6-05326	ياقماق	headword	470_2L.png	unverified
D90-6-05329	ياقۇت	headword	471_2L.png	unverified
D90-6-05331	ياقۇت تىلى	headword	471_2L.png	unverified
D90-6-05332	ياقۇتچە	headword	472_1R.png	unverified
D90-6-05333	ياقۇتلار	headword	472_1R.png	unverified
D90-6-05334	ياقۇتلۇق	headword	472_1R.png	unverified
D90-6-05335	ياقىسىز	headword	472_1R.png	unverified
D90-6-05336	ياقىلاتماق	headword	472_1R.png	unverified
D90-6-05337	ياقىلاشماق	headword	472_1R.png	unverified
D90-6-05339	ياقىلىق	headword	472_1R.png	unverified
D90-6-05340	ياقىلىماق	headword	472_2L.png	unverified
D90-6-05341	ياقىماق	headword	472_2L.png	unverified
D90-6-05342	ياق-ياق	headword	472_2L.png	unverified
D90-6-05343	ياكسا	headword	472_2L.png	verified
D90-6-05345	ياكسا ئۇرۇشى	headword	472_2L.png	unverified
D90-6-05346	ياكور	headword	473_1R.png	unverified
D90-6-05347	ياكى	headword	473_1R.png	unverified
D90-6-05348	ياكى ئۆلۈم ياكى كۆرۈم	headword	473_1R.png	unverified
D90-6-05348-v1	يا ئۆلۈم يا كۆرۈم	variant	473_1R.png	unverified
D90-6-05349	ياڭ	headword	473_1R.png	unverified
D90-6-05351	ياڭاق	headword	473_2L.png	unverified
D90-6-05356	ياڭاقزار	headword	473_2L.png	unverified
D90-6-05357	ياڭاقلىق	headword	473_2L.png	unverified
D90-6-05358	ياڭپايلى	headword	474_1R.png	unverified
D90-6-05362	ياڭخۇي	headword	474_2L.png	unverified
D90-6-05363	ياڭخۇي ئۈچ بۇلۇڭى	headword	474_2L.png	unverified
D90-6-05364	ياڭراتقۇ	headword	474_2L.png	unverified
D90-6-05365	ياڭراتماق	headword	474_2L.png	unverified
D90-6-05366	ياڭراشماق	headword	474_2L.png	unverified
D90-6-05367	ياڭراق	headword	474_2L.png	unverified
D90-6-05368	ياڭراق تاۋۇش	headword	475_1R.png	unverified
D90-6-05369	ياڭراقلىق	headword	475_1R.png	unverified
D90-6-05370	ياڭرىماق	headword	475_1R.png	unverified
D90-6-05372	ياڭزا-ياڭزا	headword	475_1R.png	unverified
D90-6-05373	ياڭزىمۇياڭزا	headword	475_2L.png	unverified
D90-6-05376	ياڭسۇڭ	headword	475_2L.png	unverified
D90-6-05377	ياڭشىماق	headword	476_1R.png	unverified
D90-6-05379	ياڭگېر ئۇسسۇلى	headword	476_1R.png	verified
D90-6-05385	ياڭيۇ خانقىزى	headword	476_2L.png	unverified
D90-6-05386	ياڭيۈگۈل	headword	476_2L.png	unverified
D90-6-05387	يال	headword	477_1R.png	unverified
D90-6-05388	يالا	headword	477_1R.png	unverified
D90-6-05390	يالىتماق	headword	477_1R.png	unverified
D90-6-05392	يالاتماق	headword	477_2L.png	unverified
D90-6-05393	يالاشماق	headword	477_2L.png	unverified
D90-6-05395	يالاق	headword	477_2L.png	unverified
D90-6-05396	يالىقىنى يالىماق	headword	477_2L.png	unverified
D90-6-05397	يالىقى يېرىلماق	headword	477_2L.png	unverified
D90-6-05398	يالاقچى	headword	477_2L.png	unverified
D90-6-05399	يالاقچىلىق	headword	478_1R.png	unverified
D90-6-05402	يالاڭ باغ	headword	478_2L.png	unverified
D90-6-05403	يالاڭ پەش	headword	478_2L.png	unverified
D90-6-05404	يالاڭ پەشمەت	headword	478_2L.png	unverified
D90-6-05405	يالاڭ تورنىك	headword	478_2L.png	unverified
D90-6-05406	يالاڭ تىرناق	headword	478_2L.png	unverified
D90-6-05407	يالاڭ چەك	headword	478_2L.png	unverified
D90-6-05408	يالاڭ ئۆسۈم	headword	478_2L.png	unverified
D90-6-05409	يالاڭباش	headword	479_1R.png	unverified
D90-6-05410	يالاڭباشتاق	headword	479_1R.png	unverified
D90-6-05411	يالاڭتۇش	headword	479_1R.png	unverified
D90-6-05412	يالاڭدىماق	nonstandard	479_1R.png	verified
D90-6-05416	يالاڭلىماق	headword	479_1R.png	unverified
D90-6-05413	يالاڭقىداق	headword	479_1R.png	unverified
D90-6-05566	يالىڭاياغ	headword	493_2L.png	unverified
D90-6-05414	يالاڭقات	headword	479_1R.png	unverified
D90-6-05415	يالاڭلىق	headword	479_1R.png	unverified
D90-6-05417	يالاندى	headword	479_2L.png	unverified
D90-6-05418	يالانماق	headword	479_2L.png	unverified
D90-6-05420	يالپاق	headword	479_2L.png	unverified
D90-6-05421	يالپاقلاتماق	headword	479_2L.png	unverified
D90-6-05422	يالپاقلاشماق	headword	479_2L.png	unverified
D90-6-05423	يالپاقلانماق	headword	479_2L.png	unverified
D90-6-05424	يالپاقلىماق	headword	479_2L.png	unverified
D90-6-05425	يالپاك	headword	479_2L.png	unverified
D90-6-05425-v1	يايپاڭ	variant	479_2L.png	unverified
D90-6-05426	يالپۇز	headword	480_1R.png	unverified
D90-6-05427	يالپۇزلۇق	headword	480_1R.png	unverified
D90-6-05428	يالت	headword	480_1R.png	verified
D90-6-05429	يالت قىلماق	headword	480_1R.png	unverified
D90-6-05430	يالتايتماق	headword	480_1R.png	unverified
D90-6-05431	يالتايغاق	headword	480_2L.png	unverified
D90-6-05432	يالتايماق	headword	480_2L.png	unverified
D90-6-05433	يالتتىدە	headword	480_2L.png	unverified
D90-6-05434	يالتىراتماق	headword	480_2L.png	unverified
D90-6-05435	يالتىراشماق	headword	480_2L.png	unverified
D90-6-05436	يالتىراق	headword	481_1R.png	unverified
D90-6-05440	يالتىراقلاتماق	headword	481_2L.png	unverified
D90-6-05441	يالتىراقلىشىماق	headword	481_2L.png	unverified
D90-6-05442	يالتىراقلانماق	headword	481_2L.png	unverified
D90-6-05443	يالتىراقلىماق	headword	481_2L.png	unverified
D90-6-05444	يالتىرىماق	headword	481_2L.png	unverified
D90-6-05446	يالتىيىشماق	headword	481_2L.png	unverified
D90-6-05447	يالت-يالت	headword	481_2L.png	unverified
D90-6-05448	يالت-يۇلت	headword	481_2L.png	unverified
D90-6-05449	يالجا	headword	482_1R.png	unverified
D90-6-05450	يالجىتماق	headword	482_1R.png	unverified
D90-6-05451	يالجىشماق	headword	482_1R.png	unverified
D90-6-05452	يالجىماق	headword	482_1R.png	unverified
D90-6-05454	يالداما	nonstandard	482_1R.png	unverified
D90-6-05455	يالدىماق	headword	482_1R.png	unverified
D90-6-05456	يالغان	headword	482_1R.png	unverified
D90-6-05457	يالغان بال قارىغاي	headword	482_2L.png	unverified
D90-6-05458	يالغان پۈت	headword	482_2L.png	unverified
D90-6-05459	يالغان چېتىن	headword	483_1R.png	unverified
D90-6-05460	يالغان رەييان	headword	483_1R.png	unverified
D90-6-05461	يالغان سىزىق	headword	483_1R.png	unverified
D90-6-05462	يالغان قاپاق	headword	483_1R.png	unverified
D90-6-05463	يالغان كاشتان دەرىخى	headword	483_2L.png	unverified
D90-6-05464	يالغان گۈۋاھلىق بېرىش	headword	483_2L.png	unverified
D90-6-05465	يالغان مېھرىگىياھ	headword	484_1R.png	unverified
D90-6-05466	يالغان مېۋە	headword	484_1R.png	unverified
D90-6-05467	يالغان ھەرىكەت	headword	484_1R.png	unverified
D90-6-05468	يالغان ھۇجۇم	headword	484_1R.png	unverified
D90-6-05469	يالغان ھېسابات	headword	484_1R.png	unverified
D90-6-05470	يالغان ئىسپات	headword	484_2L.png	unverified
D90-6-05471	يالغان ئىسپات قىلىش جىنايىتى	headword	484_2L.png	unverified
D90-6-05472	يالغان يىلتىز	headword	484_2L.png	unverified
D90-6-05473	يالغانچى	headword	484_2L.png	unverified
D90-6-05474	يالغانچىلىق	headword	484_2L.png	unverified
D90-6-05475	يالغاندىن	headword	485_1R.png	unverified
D90-6-05476	يالغانلىق	headword	485_1R.png	unverified
D90-6-05477	يالغان-ياۋىداق	headword	485_1R.png	unverified
D90-6-05478	يالغۇز	headword	485_1R.png	unverified
D90-6-05480	يالغۇز بېشىمغا	headword	485_2L.png	unverified
D90-6-05480-v1	بىر بېشىمغا	variant	485_2L.png	unverified
D90-6-05481	يالغۇز پېرېۋوت چېكى	headword	485_2L.png	unverified
D90-6-05482	يالغۇز جېنىمغا	headword	485_2L.png	unverified
D90-6-05483	يالغۇز خروموسوما	headword	485_2L.png	unverified
D90-6-05484	يالغۇز دولقۇن	headword	485_2L.png	unverified
D90-6-05485	يالغۇز گراپتولىت	headword	485_2L.png	verified
D90-6-05486	يالغۇز گۈل	headword	486_1R.png	unverified
D90-6-05487	يالغۇز ئېزىق	headword	486_1R.png	unverified
D90-6-05488	يالغۇز ياغاچ كۆۋرۈك	headword	486_1R.png	unverified
D90-6-05489	يالغۇزەك	headword	486_1R.png	unverified
D90-6-05491	يالغۇزچىلىق	headword	486_1R.png	unverified
D90-6-05492	يالغۇزدىن-يالغۇز	headword	486_1R.png	unverified
D90-6-05493	يالغۇزسىراتماق	headword	486_2L.png	unverified
D90-6-05494	يالغۇزسىراشماق	headword	486_2L.png	unverified
D90-6-05495	يالغۇزسىرىماق	headword	486_2L.png	unverified
D90-6-05496	يالغۇزلۇق	headword	486_2L.png	unverified
D90-6-05497	يالغۇزلۇق تارتماق	headword	486_2L.png	unverified
D90-6-05498	يالقاۋ	headword	486_2L.png	unverified
D90-6-05499	يالقاۋلاشتۇرماق	headword	487_1R.png	unverified
D90-6-05500	يالقاۋلاشتۇرۇشماق	headword	487_1R.png	unverified
D90-6-05501	يالقاۋلاشتۇرۇلماق	headword	487_1R.png	unverified
D90-6-05502	يالقاۋلاشماق	headword	487_1R.png	unverified
D90-6-05503	يالقاۋلىق	headword	487_1R.png	unverified
D90-6-05504	يالقاۋلىق قىلماق	headword	487_1R.png	unverified
D90-6-05505	يالقۇن	headword	487_1R.png	unverified
D90-6-05506	يالقۇن رېئاكسىيىسى	headword	487_2L.png	unverified
D90-6-05507	يالقۇن فوتومېتىر	headword	487_2L.png	unverified
D90-6-05508	يالقۇن مەركىزى	headword	487_2L.png	unverified
D90-6-05509	يالقۇنجاتماق	headword	487_2L.png	unverified
D90-6-05514	يالقۇنلاتماق	headword	488_1R.png	unverified
D90-6-05510	يالقۇنجىماق	headword	487_2L.png	unverified
D90-6-05517	يالقۇنلىماق	headword	488_1R.png	unverified
D90-6-05511	يالقۇنسىمان	headword	487_2L.png	unverified
D90-6-05512	يالقۇنسىمان تۈزۈلمە	headword	487_2L.png	unverified
D90-6-05513	يالقۇنسىمان گۈل رېتى	headword	488_1R.png	unverified
D90-6-05515	يالقۇنلانماق	headword	488_1R.png	unverified
D90-6-05516	يالقۇنلۇق	headword	488_1R.png	unverified
D90-6-05518	ياللاتماق	headword	488_2L.png	unverified
D90-6-05519	ياللاشماق	headword	488_2L.png	unverified
D90-6-05520	ياللانما	headword	488_2L.png	unverified
D90-6-05524	ياللانما قۇللۇق تۈزۈم	headword	489_1R.png	unverified
D90-6-05525	ياللانما ئىشچى	headword	489_1R.png	unverified
D90-6-05526	ياللانماق	headword	489_1R.png	unverified
D90-6-05527	ياللانمىلىق	headword	489_1R.png	unverified
D90-6-05529	ياللۇغ ئىششىقى	headword	489_1R.png	unverified
D90-6-05530	ياللۇغلانماق	headword	489_1R.png	unverified
D90-6-05531	ياللىق	headword	489_2L.png	unverified
D90-6-05532	ياللىماق	headword	489_2L.png	unverified
D90-6-05533	يالماتماق	headword	489_2L.png	unverified
D90-6-05534	يالماشماق	headword	489_2L.png	unverified
D90-6-05535	يالمان	headword	489_2L.png	unverified
D90-6-05536	يالمانتاقتاق	headword	489_2L.png	unverified
D90-6-05537	يالمانچى	headword	490_1R.png	unverified
D90-6-05538	يالمانقۇلاق	headword	490_1R.png	unverified
D90-6-05539	يالمانلىق	headword	490_1R.png	unverified
D90-6-05540	يالماۋۇز	headword	490_1R.png	unverified
D90-6-05541	يالماۋۇزلارچە	headword	490_2L.png	verified
D90-6-05542	يالمىماق	headword	490_2L.png	unverified
D90-6-05544	«يالۇ» كېمىسى ۋەقەسى	headword	490_2L.png	unverified
D90-6-05545	يالۋۇرتماق	headword	491_1R.png	unverified
D90-6-05546	يالۋۇرماق	headword	491_1R.png	unverified
D90-6-05547	يالۋۇرۇشماق	headword	491_1R.png	unverified
D90-6-05548	يالتىشماق	headword	491_1R.png	unverified
D90-6-05549	يالتىلغان	headword	491_1R.png	unverified
D90-6-05551	يالتىلماق	headword	491_1R.png	unverified
D90-6-05552	يالىچى	headword	491_2L.png	unverified
D90-6-05553	يالىخور	headword	491_2L.png	unverified
D90-6-05554	يالىخورلۇق	headword	491_2L.png	unverified
D90-6-05555	يالىڭاچ	headword	491_2L.png	unverified
D90-6-05556	يالىڭاچ ئارپا	headword	492_1R.png	unverified
D90-6-05557	يالىڭاچ بىخ	headword	492_1R.png	unverified
D90-6-05558	يالىڭاچ پاپورتنىك	headword	492_1R.png	unverified
D90-6-05559	يالىڭاچ سۇلۇ	headword	492_2L.png	unverified
D90-6-05560	يالىڭاچ سىم	headword	492_2L.png	unverified
D90-6-05561	يالىڭاچ ئۇرۇقلۇق ئۆسۈملۈكلەر	headword	492_2L.png	unverified
D90-6-05562	يالىڭاچلاتماق	headword	492_2L.png	unverified
D90-6-05563	يالىڭاچلاشماق	headword	492_2L.png	unverified
D90-6-05564	يالىڭاچلانماق	headword	492_2L.png	unverified
D90-6-05565	يالىڭاچلىماق	headword	493_1R.png	unverified
D90-6-05568	يالىلدا تماق	headword	493_2L.png	unverified
D90-6-05569	يالىلدا شماق	headword	493_2L.png	unverified
D90-6-05570	يالىلدىماق	headword	493_2L.png	unverified
D90-6-05571	يالىماق	headword	494_1R.png	unverified
D90-6-05573-i1	يا: لىماق	inflected	494_1R.png	unverified
D90-6-05574	يال-يال	headword	494_2L.png	unverified
D90-6-05575	يام	headword	494_2L.png	unverified
D90-6-05576	ياما	headword	494_2L.png	unverified
D90-6-05577	ياماپ-تۆشەپ	headword	494_2L.png	unverified
D90-6-05578	ياماپ-تۆمەپ	headword	494_2L.png	unverified
D90-6-05579	ياماتماق	headword	494_2L.png	unverified
D90-6-05580	ياماراجا	headword	494_2L.png	unverified
D90-6-05581	ياماشتۇرماق	headword	494_2L.png	unverified
D90-6-05583	ياماشتۇرۇشماق	headword	494_2L.png	unverified
D90-6-05584-v1	ياماشتۇرماق II پېئىلىنىڭ ئۆملۈك دەرىجىسى	variant	495_1R.png	unverified
D90-6-05585	ياماشتۇرۇلماق	headword	495_1R.png	unverified
D90-6-05585-v1	ياماشتۇرماق I پېئىلىنىڭ مەجھۇل دەرىجىسى	variant	495_1R.png	unverified
D90-6-05586-v1	ياماشتۇرماق II پېئىلىنىڭ مەجھۇل دەرىجىسى	variant	495_1R.png	unverified
D90-6-05587	ياماشقۇچى	headword	495_1R.png	unverified
D90-6-05590	ياماشماق	headword	495_1R.png	unverified
D90-6-05590-v1	ياماشماق پېئىلىنىڭ ئۆملۈك دەرىجىسى	variant	495_1R.png	unverified
D90-6-05592	ياماق	headword	495_2L.png	unverified
D90-6-05593	ياماق بولالماسلىق	headword	496_1R.png	unverified
D90-6-05594	ياماق چۈشمەك	headword	496_1R.png	unverified
D90-6-05595	ياماق موگۇ	headword	496_1R.png	unverified
D90-6-05596	ياماق ئېتىش	headword	496_1R.png	unverified
D90-6-05597	ياماقچە	headword	496_1R.png	unverified
D90-6-05598	ياماقچى	headword	496_1R.png	unverified
D90-6-05599	ياماقچىلىق	headword	496_1R.png	unverified
D90-6-05600	ياماقلىق	headword	496_2L.png	unverified
D90-6-05601	يامالماق	headword	496_2L.png	unverified
D90-6-05602	ياماق-چۈمەك	headword	496_2L.png	unverified
D90-6-05603	يامان	headword	496_2L.png	unverified
D90-6-05604	يامان ئاتلىق	headword	497_1R.png	unverified
D90-6-05605	يامان ئاتلىق بولماق	headword	497_1R.png	unverified
D90-6-05606	يامان ئاتلىق بولۇپ قالماق	headword	497_2L.png	unverified
D90-6-05607	يامان ئاتلىق قىلماق	headword	497_2L.png	unverified
D90-6-05608	يامان ئالماق	headword	497_2L.png	unverified
D90-6-05609	يامان ئەمەس	headword	497_2L.png	unverified
D90-6-05610	يامان بولۇپتۇ	headword	497_2L.png	unverified
D90-6-05611	يامان بولدى	headword	497_2L.png	unverified
D90-6-05612	يامان بولساڭ	headword	498_1R.png	unverified
D90-6-05613	يامان بولماس	headword	498_1R.png	unverified
D90-6-05614	يامان بولۇپ قالماق	headword	498_1R.png	unverified
D90-6-05615	يامان بولىدۇ	headword	498_1R.png	unverified
D90-6-05616	يامان چۈش كۆرمەك	headword	498_1R.png	unverified
D90-6-05617	يامان سۆز	headword	498_1R.png	unverified
D90-6-05635	يامان گەپ	headword	499_2L.png	unverified
D90-6-05618	يامان سۆز قىلماق	headword	498_2L.png	unverified
D90-6-05636	يامان گەپ قىلماق	headword	500_1R.png	unverified
D90-6-05619	يامان سۈپەتلىك ئايلىنىش	headword	498_2L.png	unverified
D90-6-05620	يامان سۈپەتلىك بەزگەك	headword	498_2L.png	unverified
D90-6-05621	يامان سۈپەتلىك تورسىمان ھۈجەيرە كۆپىيىش	headword	498_2L.png	unverified
D90-6-05622	يامان سۈپەتلىك ئۆسمە	headword	498_2L.png	unverified
D90-6-05623	يامانغا يان باسماق	headword	499_1R.png	unverified
D90-6-05624	يامانغا يانتاياق بولماق	headword	499_1R.png	unverified
D90-6-05625	يامان غەرەز	headword	499_1R.png	unverified
D90-6-05638	يامان نىيەت	headword	500_1R.png	unverified
D90-6-05626	يامان غەرەزدە بولماق	headword	499_1R.png	unverified
D90-6-05639	يامان نىيەتتە بولماق	headword	500_1R.png	unverified
D90-6-05627	يامان قىلماق	headword	499_1R.png	unverified
D90-6-05628	يامان كۆرمەك	headword	499_1R.png	unverified
D90-6-05629	يامان كۆرۈنمەك	headword	499_2L.png	unverified
D90-6-05630	يامان كۆز	headword	499_2L.png	unverified
D90-6-05631	يامان كۆز بىلەن قارىماق	headword	499_2L.png	unverified
D90-6-05632	يامان كۆزدە قارىماق	headword	499_2L.png	unverified
D90-6-05633	يامان كۆزىنى سالماق	headword	499_2L.png	unverified
D90-6-05634	يامان كۈنگە قالماق	headword	499_2L.png	unverified
D90-6-05637	يامان گېپىنى قىلماق	headword	500_1R.png	unverified
D90-6-05640	يامان ئۆگىتىپ قويماق	headword	500_1R.png	unverified
D90-6-05641	يامان ئۆگىنىپ قالماق	headword	500_2L.png	unverified
D90-6-05642	يامان يارا	headword	500_2L.png	unverified
D90-6-05643	يامان يەردىن تۇتماق	headword	500_2L.png	unverified
D90-6-05644	يامان يولدا ماڭماق	headword	500_2L.png	unverified
D90-6-05645	يامان يولدىن قايتماق	headword	500_2L.png	unverified
D90-6-05646	يامان يولدىن يانماق	headword	500_2L.png	unverified
D90-6-05647	يامان يولغا كىرمەك	headword	501_1R.png	unverified
D90-6-05648	يامانلاتماق	headword	501_1R.png	unverified
D90-6-05649	يامانلاشتۇرماق	headword	501_1R.png	unverified
D90-6-05650	يامانلاشماق	headword	501_1R.png	unverified
D90-6-05651	يامانلاق	headword	501_2L.png	unverified
D90-6-05652	يامانلاقلىق	headword	501_2L.png	unverified
D90-6-05653	يامانلىق	headword	501_2L.png	unverified
D90-6-05654	يامانلىق قىلماق	headword	501_2L.png	unverified
D90-6-05655	يامانلىق كەلمەك	headword	502_1R.png	unverified
D90-6-05656	يامانلىق كۆرمەك	headword	502_1R.png	unverified
D90-6-05657	يامانلىقى تەگمەك	headword	502_1R.png	unverified
D90-6-05658	يامانلىق يەتمەك	headword	502_1R.png	unverified
D90-6-05659	يامانلىقچە	headword	502_1R.png	unverified
D90-6-05660	يامانلىماق	headword	502_1R.png	unverified
D90-6-05662	يامبۇسىمان	headword	502_2L.png	unverified
D90-6-05664	يامبۇلۇق	headword	502_2L.png	unverified
D90-6-05665	يامچاق	headword	502_2L.png	unverified
D90-6-05666	يامداتماق	headword	502_2L.png	unverified
D90-6-05667	يامداشماق	headword	502_2L.png	unverified
D90-6-05668	يامداق	headword	503_1R.png	unverified
D90-6-05669	يامداقلىق	headword	503_1R.png	unverified
D90-6-05670	يامدالماق	headword	503_1R.png	unverified
D90-6-05671	يامدىماق	headword	503_1R.png	unverified
D90-6-05672	يامراتماق	headword	503_1R.png	unverified
D90-6-05673	يامراشماق	headword	503_1R.png	unverified
D90-6-05674	يامرىغۇچى	headword	503_1R.png	unverified
D90-6-05676	يامرىماق	headword	503_1R.png	unverified
D90-6-05677	يامزال	headword	503_1R.png	unverified
D90-6-05678	يامغۇر	headword	503_2L.png	unverified
D90-6-05679	يامغۇر بەلبېغى	headword	503_2L.png	unverified
D90-6-05680	يامغۇر پەردىسى	headword	503_2L.png	unverified
D90-6-05681	يامغۇر پەسلى	headword	503_2L.png	unverified
D90-6-05682	يامغۇر دەرىجىسى	headword	503_2L.png	unverified
D90-6-05683	يامغۇردىن قېچىپ مۆلدۈرگە ئۇچرىماق	headword	503_2L.png	unverified
D90-6-05683-v1	خۇپتەندىن قېچىپ تاراۋىغا تۇتۇلماق	variant	503_2L.png	unverified
D90-6-05684	يامغۇر سۆڭگىسى	headword	504_1R.png	unverified
D90-6-05685	يامغۇر مىقدارى	headword	504_1R.png	unverified
D90-6-05686	يامغۇرنىڭ سايە رايونى	headword	504_1R.png	unverified
D90-6-05687	يامغۇر يىغىلىش مەيدانى	headword	504_1R.png	unverified
D90-6-05688	يامغۇردەك	headword	504_1R.png	unverified
D90-6-05689	يامغۇرسىراشماق	headword	504_1R.png	unverified
D90-6-05690	يامغۇرسىرىماق	headword	504_1R.png	unverified
D90-6-05691	يامغۇرلۇق	headword	504_2L.png	unverified
D90-6-05696	يامغۇر-يادا	headword	504_2L.png	unverified
D90-6-05697	يامغۇر-يېشىن	headword	504_2L.png	unverified
D90-6-05699	يامۇل	headword	505_1R.png	unverified
D90-6-05701	يامۇللۇق	headword	505_1R.png	unverified
D90-6-05703	يامىچاق	nonstandard	505_1R.png	unverified
D90-6-05704	يامىتىلماق	headword	505_1R.png	unverified
D90-6-05705	يامىلىماق	nonstandard	505_1R.png	unverified
D90-6-05706	يامىماق	headword	505_1R.png	unverified
D90-6-05707	يامىنى	headword	505_2L.png	unverified
D90-6-05708	يامىنغا ئايلانماق	headword	505_2L.png	unverified
D90-6-05709	يامىنغا تارتماق	headword	505_2L.png	unverified
D90-6-05710	يامىنغا كەلسە	headword	505_2L.png	unverified
D90-6-05711	يامىنى كەلسە	headword	505_2L.png	unverified
D90-6-05712	يامىنى يوق	headword	505_2L.png	unverified
D90-6-05713	يان	headword	506_1R.png	unverified
D90-6-05714	يان باسقان جىنايەتچى	headword	506_1R.png	unverified
D90-6-05715	يان باسماق	headword	506_1R.png	unverified
D90-6-05716	يان بايان	headword	506_1R.png	unverified
D90-6-05717	يان بەرمەك	headword	506_2L.png	unverified
D90-6-05718	يان بۆلەك	headword	506_2L.png	unverified
D90-6-05719	يان بېسىم	headword	506_2L.png	unverified
D90-6-05720	يان بىخ	headword	506_2L.png	unverified
D90-6-05721	يان بىلەك ئارتېرىيىسى	headword	506_2L.png	unverified
D90-6-05722	يان بىلەك سۆڭىكى	headword	506_2L.png	unverified
D90-6-05723	يان پاقالچاق سۆڭىكى	headword	506_2L.png	unverified
D90-6-05724	يان پەردە	headword	507_1R.png	unverified
D90-6-05725	يان چاك	headword	507_1R.png	unverified
D90-6-05726	يان خالتا	headword	507_1R.png	unverified
D90-6-05727	يان دۇمباق	headword	507_1R.png	unverified
D90-6-05728	ياندىن ئۇرۇنغان چەمبەر	headword	507_1R.png	unverified
D90-6-05729	يان سۈپىسى	headword	507_1R.png	unverified
D90-6-05730	يان سىزىق	headword	507_1R.png	unverified
D90-6-05731	يان شاخ	headword	507_2L.png	unverified
D90-6-05732	يان قورال	headword	507_2L.png	unverified
D90-6-05733	يان كۆرۈنۈش چېرتيوزى	headword	507_2L.png	unverified
D90-6-05734	يان مەركەز	headword	507_2L.png	unverified
D90-6-05735	يان ئۈستەڭ	headword	507_2L.png	unverified
D90-6-05736	يان ئىشىك	headword	507_2L.png	unverified
D90-6-05737	يان يۈز چېرتيوزى	headword	507_2L.png	unverified
D90-6-05738	يان يىلتىز	headword	507_2L.png	unverified
D90-6-05739	يېنى ئاغرىماسلىق	headword	507_2L.png	unverified
D90-6-05740	يېنى بوش	headword	507_2L.png	unverified
D90-6-05741	يېنى توم	headword	508_1R.png	unverified
D90-6-05743	يېنى چىڭ	headword	508_1R.png	unverified
D90-6-05742	يېنى تومپايماق	headword	508_1R.png	unverified
D90-6-05744	يېنىدا بولماق	headword	508_1R.png	unverified
D90-6-05745	يېنىدىن ئۆتمەسلىك	headword	508_1R.png	unverified
D90-6-05746	يېنىغا ئالماق	headword	508_1R.png	unverified
D90-6-05747	يېنىغا تارتماق	headword	508_1R.png	unverified
D90-6-05748	يېنى قۇرۇق	headword	508_1R.png	unverified
D90-6-05749	يېنىنى ئالماق	headword	508_1R.png	unverified
D90-6-05750	يېنىنى چىڭدىماق	headword	508_2L.png	unverified
D90-6-05750-v1	يېنىنى توملىماق	variant	508_2L.png	unverified
D90-6-05751	يېنىنى قۇرۇقداپ قويماق	headword	508_2L.png	unverified
D90-6-05752	يېنى يان تارتماق	headword	508_2L.png	unverified
D90-6-05753	يېنى يەر تارتماق	headword	508_2L.png	unverified
D90-6-05754	يېنى يەرگە تەگمىگەن	headword	508_2L.png	unverified
D90-6-05754-v1	يەلكىسى يەرگە تەگمىگەن	variant	508_2L.png	unverified
D90-6-05755	يېنى يېسسىي بېلىقلار	headword	508_2L.png	unverified
D90-6-05756	يانار	headword	509_1R.png	unverified
D90-6-05762	يانار تاغ بوينى	headword	509_2L.png	unverified
D90-6-05763	يانار تاغ پارتىلىشى	headword	509_2L.png	unverified
D90-6-05764	يانار تاغ تەسىرى	headword	509_2L.png	unverified
D90-6-05765	يانار تاغ جىنسلىرى	headword	509_2L.png	unverified
D90-6-05766	يانار تاغ داشقىلى	headword	510_1R.png	unverified
D90-6-05767	يانار تاغدىن ھاسىل بولغان كان ياتمىسى	headword	510_1R.png	unverified
D90-6-05768	يانار تاغ سۇيى	headword	510_1R.png	unverified
D90-6-05769	يانار تاغشۇناسلىق	headword	510_1R.png	unverified
D90-6-05770	يانار تاغ گەۋدىسى	headword	510_2L.png	unverified
D90-6-05771	يانار تاغ گېئولوگىيىسى	headword	510_2L.png	unverified
D90-6-05772	يانار تاغ گېئومورفولوگىيىسى	headword	510_2L.png	unverified
D90-6-05773	يانار تاغنىڭ ئېتىلىشى	headword	510_2L.png	unverified
D90-6-05774	يانار تاغ ھادىسىسى	headword	511_1R.png	unverified
D90-6-05775	يانار تاغ ھەرىكىتى	headword	511_1R.png	unverified
D90-6-05776	يانار تاغ ئېتىلمىلىرى	headword	511_1R.png	unverified
D90-6-05777	يانار تاغ ئېغىزى	headword	511_1R.png	unverified
D90-6-05778	يانار تاغ ئېغىزى كۆلى	headword	511_1R.png	unverified
D90-6-05779	يانار تاغ يەر تەۋرىشى	headword	511_1R.png	unverified
D90-6-05780	يانار گاز تۇرۇبىتىسى	headword	511_1R.png	unverified
D90-6-05781	يانباغ	headword	511_2L.png	unverified
D90-6-05782	يانباغىر	headword	511_2L.png	unverified
D90-6-05785	يانباغىرلىماق	headword	511_2L.png	unverified
D90-6-05786	يانپاش	headword	511_2L.png	unverified
D90-6-05788	يانپاشقا ئالماق	headword	512_1R.png	unverified
D90-6-05789	يانپاشقا چىقماق	headword	512_1R.png	unverified
D90-6-05790	يانپاشقا كەلتۈرمەك	headword	512_1R.png	unverified
D90-6-05791	يانپاشقا ئۇرۇپ	headword	512_1R.png	unverified
D90-6-05792	يانپاش ئۈچەي	headword	512_1R.png	unverified
D90-6-05793	يانپىشى يەرگە تەگمىگەن	headword	512_2L.png	unverified
D90-6-05794	يانپاشلاتماق	headword	512_2L.png	unverified
D90-6-05795	يانپاشلاشماق	headword	512_2L.png	unverified
D90-6-05796	يانپاشلانماق	headword	512_2L.png	unverified
D90-6-05797	يانپاشلىماق	headword	512_2L.png	unverified
D90-6-05798	يانپاي	headword	512_2L.png	unverified
D90-6-05800	يانپۇچاق	headword	512_2L.png	unverified
D90-6-05801	يانتاق	headword	513_1R.png	unverified
D90-6-05803	يانتاقچى	headword	513_1R.png	unverified
D90-6-05804	يانتاقچىلىق	headword	513_1R.png	unverified
D90-6-05805	يانتاقلىق	headword	513_1R.png	unverified
D90-6-05806	يانتاياق	headword	513_2L.png	unverified
D90-6-05808	يانتاياقلىق	headword	513_2L.png	unverified
D90-6-05809	يانتايتماق	headword	513_2L.png	unverified
D90-6-05810	يانتايماق	headword	513_2L.png	unverified
D90-6-05811	يانتوقا	headword	513_2L.png	unverified
D90-6-05812	يانتوقۇلۇق	headword	513_2L.png	unverified
D90-6-05813	يانتۇ	headword	513_2L.png	unverified
D90-6-05814	يانتۇ پاراللېل ئالتە ياقلىق	headword	514_1R.png	unverified
D90-6-05815	يانتۇ پرويېكسىيە	headword	514_1R.png	unverified
D90-6-05816	يانتۇ پرىزما	headword	514_1R.png	unverified
D90-6-05817	يانتۇ تەرەپ	headword	514_1R.png	unverified
D90-6-05818	يانتۇ تەكشىلىك	headword	514_1R.png	unverified
D90-6-05819	يانتۇ چۈشۈش	headword	514_1R.png	unverified
D90-6-05820	يانتۇ قەۋەتلىنىش	headword	514_1R.png	unverified
D90-6-05821	يانتۇ قۇدۇق	headword	514_2L.png	unverified
D90-6-05822	يانتۇ لىم	headword	514_2L.png	unverified
D90-6-05823	يانتۇ ئۈچ بۇلۇڭ	headword	514_2L.png	unverified
D90-6-05824	يانتۇ ئېگىزلىك	headword	514_2L.png	unverified
D90-6-05825	يانتۇ ياقلىق پروكسىن	headword	514_2L.png	unverified
D90-6-05826	يانتۇ ياقلىق كىرىستال سىستېمىسى	headword	514_2L.png	unverified
D90-6-05827	يانتۇق	headword	515_1R.png	unverified
D90-6-05828	يانتۇلاشماق	headword	515_1R.png	unverified
D90-6-05829	يانتۇلۇق	headword	515_1R.png	unverified
D90-6-05830	يانتۇلۇق بۇلۇڭى	headword	515_1R.png	unverified
D90-6-05831	يانتۇلۇقنى ھېسابلاش فورمۇلىسى	headword	515_1R.png	unverified
D90-6-05832	يانتىيىشماق	headword	515_2L.png	unverified
D90-6-05833	يانجىتماق	headword	515_2L.png	unverified
D90-6-05834	يانجىشماق	headword	515_2L.png	unverified
D90-6-05835	يانجىلماق	headword	515_2L.png	unverified
D90-6-05836	يانجىماق	headword	515_2L.png	unverified
D90-6-05837	يانچە	headword	515_2L.png	unverified
D90-6-05838	يانچە - قىرىچە	headword	515_2L.png	unverified
D90-6-05839	يانچۇق	headword	516_1R.png	verified
D90-6-05846	يانچۇقچى	headword	516_2L.png	unverified
D90-6-05847	يانچۇقچىلىق	headword	516_2L.png	unverified
D90-6-05848	يانچۇقچىلىق قىلماق	headword	516_2L.png	unverified
D90-6-05849	يانچۇقلۇق	headword	516_2L.png	unverified
D90-6-05850	يانچى	headword	517_1R.png	unverified
D90-6-05851	يانچىدار	headword	517_1R.png	unverified
D90-6-05852	يانچىلىق	headword	517_1R.png	unverified
D90-6-05853	يانچىلىق تۈزۈمى	headword	517_1R.png	unverified
D90-6-05854	يانچىلماق	headword	517_1R.png	unverified
D90-6-05855	يانچىلاپ ئۈزۈش	headword	517_1R.png	unverified
D90-6-05856	يانداتماق	headword	517_2L.png	unverified
D90-6-05857	يانداش	headword	517_2L.png	unverified
D90-6-05866	يانداشتۇرماق	headword	518_1R.png	unverified
D90-6-05867	يانداشتۇرۇشماق	headword	518_1R.png	unverified
D90-6-05868	يانداشتۇرۇلماق	headword	518_1R.png	unverified
D90-6-05869	يانداشماق	headword	518_1R.png	unverified
D90-6-05870	يانداق	headword	518_1R.png	unverified
D90-6-05871	يانداقچى	headword	518_1R.png	unverified
D90-6-05872	يانداقچىلىق	headword	518_2L.png	unverified
D90-6-05873	ياندالماق	headword	518_2L.png	unverified
D90-6-05874	ياندۇرتماق	headword	518_2L.png	unverified
D90-6-05876	ياندۇرقى	headword	518_2L.png	unverified
D90-6-05877	ياندۇرماق	headword	518_2L.png	unverified
D90-6-05879	ياندۇرمىلاتماق	headword	519_1R.png	unverified
D90-6-05880	ياندۇرمىلاشماق	headword	519_1R.png	unverified
D90-6-05881	ياندۇرمىلانماق	headword	519_1R.png	unverified
D90-6-05882	ياندۇرمىلىماق	headword	519_1R.png	unverified
D90-6-05883	ياندۇرۇشلىماق	headword	519_1R.png	unverified
D90-6-05884	ياندۇرۇشماق	headword	519_1R.png	unverified
D90-6-05886	ياندۇرۇق	headword	519_2L.png	unverified
D90-6-05887	ياندۇرۇقلوق	headword	519_2L.png	unverified
D90-6-05888	ياندۇرۇلماق	headword	519_2L.png	unverified
D90-6-05890	ياندىما	headword	519_2L.png	unverified
D90-6-05892	يانغاق	headword	520_1R.png	unverified
D90-6-05893	يانغىن	headword	520_1R.png	unverified
D90-6-05894	يانقارماق	headword	520_1R.png	unverified
D90-6-05895	يانماق	headword	520_1R.png	unverified
D90-6-05897	يانمۇيان	headword	521_1R.png	unverified
D90-6-05898	يانۇچان	nonstandard	521_1R.png	unverified
D90-6-08276	يېنىشچان	headword	737_2L.png	unverified
D90-6-05899	يانۋار	headword	521_1R.png	unverified
D90-6-05900	ياھەزرەت	headword	521_1R.png	verified
D90-6-05901	ياۋ	headword	521_2L.png	unverified
D90-6-05902	ياۋا	headword	521_2L.png	unverified
D90-6-05905	ياۋا ئالما	headword	522_1R.png	unverified
D90-6-05906	ياۋا ئاۋاز	headword	522_1R.png	unverified
D90-6-05907	ياۋا ئەپيۈنگۈل	headword	522_1R.png	unverified
D90-6-05908	ياۋا بەدىيان	headword	522_2L.png	unverified
D90-6-05909	ياۋا بېھى	headword	522_2L.png	unverified
D90-6-05910	ياۋا پىلە قۇرتى	headword	522_2L.png	unverified
D90-6-05911	ياۋا پىياز	headword	523_1R.png	unverified
D90-6-05912	ياۋا تاجىكۈل	headword	523_1R.png	unverified
D90-6-05913	ياۋا تاۋۇز	headword	523_1R.png	unverified
D90-6-05914	ياۋا توخۇ	headword	523_1R.png	unverified
D90-6-05914-v1	تاغ توخۇسى	variant	523_1R.png	unverified
D90-6-05915	ياۋا توشقان	headword	523_1R.png	unverified
D90-6-05916	ياۋا توڭگۇز	headword	523_2L.png	unverified
D90-6-05917	ياۋا تۆگە	headword	523_2L.png	unverified
D90-6-05918	ياۋا تىپ	headword	523_2L.png	unverified
D90-6-05919	ياۋا تىپلىق گېن	headword	523_2L.png	unverified
D90-6-05920	ياۋا چوشقا	headword	523_2L.png	unverified
D90-6-05921	ياۋا چېچەك	headword	523_2L.png	unverified
D90-6-05921-v1	چېچەك II	variant	523_2L.png	unverified
D90-6-05922	ياۋا چېچەك چىقماق	headword	523_2L.png	unverified
D90-6-05923	ياۋا چىگە	headword	524_1R.png	unverified
D90-6-05924	ياۋا خەنجەر يەپ قالماق	headword	524_1R.png	unverified
D90-6-05925	ياۋا خېنە	headword	524_1R.png	unverified
D90-6-05926	ياۋا زاغۇن	headword	524_1R.png	unverified
D90-6-05927	ياۋا زىرە	headword	524_2L.png	unverified
D90-6-05928	ياۋا ساساق	headword	524_2L.png	unverified
D90-6-05929	ياۋا سۇزاپ	headword	524_2L.png	unverified
D90-6-05930	ياۋا سۇ كالىسى	headword	524_2L.png	unverified
D90-6-05931	ياۋا سۇلۇ	headword	525_1R.png	unverified
D90-6-05932	ياۋا سۈپۈرگە	headword	525_1R.png	unverified
D90-6-05933	ياۋا شاپتۇل	headword	525_1R.png	unverified
D90-6-05934	ياۋا شاخ	headword	525_1R.png	unverified
D90-6-05935	ياۋا غاز	headword	525_1R.png	unverified
D90-6-05936	ياۋا قارا بۇغداي	headword	525_2L.png	unverified
D90-6-05937	ياۋا قامچىگۈل	headword	525_2L.png	unverified
D90-6-05938	ياۋا قوتاز	headword	525_2L.png	unverified
D90-6-05939	ياۋا قول	headword	525_2L.png	unverified
D90-6-05940	ياۋا قۇلماق	headword	525_2L.png	unverified
D90-6-05941	ياۋا كالا	headword	526_1R.png	unverified
D90-6-05942	ياۋا كەپتەر	headword	526_1R.png	unverified
D90-6-05943	ياۋا كەشمىر	headword	526_1R.png	unverified
D90-6-05944	ياۋا كەندىر	headword	526_1R.png	unverified
D90-6-05944-v1	لوپنۇر كەندىرى	variant	526_1R.png	unverified
D90-6-05945	ياۋا كورۇك	headword	526_1R.png	unverified
D90-6-05946	ياۋا كۆك پۇرچاق	headword	526_2L.png	unverified
D90-6-05947	ياۋا كۆكتات	headword	526_2L.png	unverified
D90-6-05956	ياۋا ئوتياش	headword	527_2L.png	unverified
D90-6-05948	ياۋا كۆكنار	headword	526_2L.png	unverified
D90-6-05949	ياۋا كۈنجۈت	headword	526_2L.png	unverified
D90-6-05950	ياۋا گۈلسامساق	headword	527_1R.png	unverified
D90-6-05951	ياۋا گىلاس	headword	527_1R.png	unverified
D90-6-05952	ياۋا ماش	headword	527_1R.png	unverified
D90-6-05953	ياۋا موزا	headword	527_2L.png	unverified
D90-6-05954	ياۋا مۇشت يەپ قالماق	headword	527_2L.png	unverified
D90-6-05955	ياۋا نەشپۈت	headword	527_2L.png	unverified
D90-6-05957	ياۋا ئوسۇڭ	headword	527_2L.png	unverified
D90-6-05958	ياۋا ئۆچكە	headword	528_1R.png	unverified
D90-6-05959	ياۋا ئۆردەك	headword	528_1R.png	unverified
D90-6-05960	ياۋا ئۈزۈم	headword	528_1R.png	unverified
D90-6-05961	ياۋا ئىشەك	headword	528_1R.png	unverified
D90-6-05962	ياۋاش	headword	528_2L.png	unverified
D90-6-05963	ياۋاشلاتماق	headword	528_2L.png	unverified
D90-6-05964	ياۋاشلاشماق	headword	528_2L.png	unverified
D90-6-05965	ياۋاشلانماق	headword	529_1R.png	unverified
D90-6-05966	ياۋاشلىق	headword	529_1R.png	unverified
D90-6-05967	ياۋاشلىماق	headword	529_1R.png	unverified
D90-6-05968	ياۋاش-ياۋاش	headword	529_1R.png	unverified
D90-6-05969	ياۋاش-يۇمشاق	headword	529_1R.png	unverified
D90-6-05970	ياۋان	headword	529_1R.png	unverified
D90-6-05971	ياۋايى	headword	529_2L.png	unverified
D90-6-05973	ياۋايى ھايۋانلار بايلىقى	headword	530_1R.png	unverified
D90-6-05974	ياۋايىلاشماق	headword	530_1R.png	unverified
D90-6-05975	ياۋايىلىق	headword	530_1R.png	unverified
D90-6-05976	ياۋچى	headword	530_1R.png	verified
D90-6-05977	ياۋچىلار	headword	530_2L.png	unverified
D90-6-05978	ياۋروپا	headword	530_2L.png	unverified
D90-6-05985	ياۋروپا قىتئەسى	headword	531_2L.png	unverified
D90-6-05979	ياۋروپا ئەركىن سودا ئىتتىپاقى	headword	530_2L.png	unverified
D90-6-05980	ياۋروپا پۇل سىستېمىسى	headword	530_2L.png	unverified
D90-6-05981	ياۋروپا پۇل كېلىشىمى	headword	531_1R.png	unverified
D90-6-05982	ياۋروپا پۇلى	headword	531_1R.png	unverified
D90-6-05983	ياۋروپا جۈزنىكى	headword	531_1R.png	unverified
D90-6-05984	ياۋروپا قارا قۇشقىچى	headword	531_2L.png	unverified
D90-6-05986	ياۋروپا ئىرقى	headword	531_2L.png	unverified
D90-6-05987	ياۋروپا ئىقتىسادىي ئورتاق گەۋدىسى	headword	531_2L.png	unverified
D90-6-05988	ياۋروپاچە	headword	532_1R.png	unverified
D90-6-05989	ياۋروپالاشتۇرماق	headword	532_1R.png	unverified
D90-6-05990	ياۋروپالاشتۇرۇشماق	headword	532_1R.png	unverified
D90-6-05991	ياۋروپالاشتۇرۇلماق	headword	532_1R.png	unverified
D90-6-05992	ياۋروپالاشماق	headword	532_1R.png	unverified
D90-6-05993	ياۋروپالىق	headword	532_1R.png	unverified
D90-6-05994	ياۋزۇ	headword	532_1R.png	unverified
D90-6-05996	ياۋزۇلار	headword	532_2L.png	verified
D90-6-05997	ياۋس	headword	532_2L.png	unverified
D90-6-05998	ياۋس كېسەللىكى	headword	532_2L.png	unverified
D90-6-05999	ياۋۇز	headword	532_2L.png	unverified
D90-6-06001	ياۋۇزلارچە	headword	533_1R.png	unverified
D90-6-06002	ياۋۇزلاشماق	headword	533_1R.png	unverified
D90-6-06003	ياۋۇزلۇق	headword	533_1R.png	unverified
D90-6-06004	ياۋۇزلۇق قىلماق	headword	533_1R.png	unverified
D90-6-06005	ياۋىداق	headword	533_1R.png	unverified
D90-6-06006	ياۋىلاشماق	headword	533_1R.png	unverified
D90-6-06007	ياۋىلىق	headword	533_1R.png	unverified
D90-6-06008	ياۋىلىماق	headword	533_1R.png	unverified
D90-6-06009	ياي	headword	533_2L.png	unverified
D90-6-06016	ياياق	headword	534_1R.png	unverified
D90-6-06017	ياپپاڭ	headword	534_1R.png	unverified
D90-6-06018	يايتاق	headword	534_1R.png	unverified
D90-6-06019	يايداڭ	headword	534_1R.png	unverified
D90-6-06020	يايدۇرماق	headword	534_1R.png	unverified
D90-6-06021	يايدۇرۇشماق	headword	534_1R.png	unverified
D90-6-06022	يايدۇرۇلماق	headword	534_1R.png	unverified
D90-6-06023	يايراتماق	headword	534_2L.png	unverified
D90-6-06024	يايراشماق	headword	534_2L.png	unverified
D90-6-06025	يايرىماق	headword	534_2L.png	unverified
D90-6-06026	يايراپ كەتمەك	headword	534_2L.png	unverified
D90-6-06027	يايسىمان	headword	534_2L.png	unverified
D90-6-06030	يايلاتماق	headword	534_2L.png	unverified
D90-6-06031	يايلاشماق	headword	535_1R.png	unverified
D90-6-06032	يايلاق	headword	535_1R.png	unverified
D90-6-06035	يايلاقچىلىق	headword	535_1R.png	unverified
D90-6-06036	يايلاقمۇيايلاق	headword	535_2L.png	unverified
D90-6-06037	يايلىق	headword	535_2L.png	unverified
D90-6-06040	يايلىماق	headword	535_2L.png	unverified
D90-6-06041	يايما	headword	536_1R.png	unverified
D90-6-06042	يايماق	headword	536_1R.png	unverified
D90-6-06043	يايمىچى	headword	536_2L.png	unverified
D90-6-06044	يايمىچىلىق	headword	536_2L.png	unverified
D90-6-06045	يايمىكەش	headword	536_2L.png	unverified
D90-6-06046	يايمىكەشلىك	headword	536_2L.png	unverified
D90-6-06047	يايى	headword	536_2L.png	unverified
D90-6-06048	يەپ-ئىچىپ	headword	537_1R.png	unverified
D90-6-06049	يەتتە	headword	537_1R.png	unverified
D90-6-06055	يەتتە خۈپتەن	headword	537_2L.png	unverified
D90-6-06056	يەتتە خىل رەڭلىك تاختا	headword	537_2L.png	unverified
D90-6-06057	يەتتە قات ئاسمان	headword	537_2L.png	unverified
D90-6-06058	يەتتە قات كۆك	headword	537_2L.png	unverified
D90-6-06059	يەتتە قاتلاپ	headword	537_2L.png	unverified
D90-6-06060	يەتتە قاراقچى	headword	538_1R.png	unverified
D90-6-06061	يەتتە نەزىر	headword	538_1R.png	unverified
D90-6-06062	يەتتە ئۇخلاپ چۈشىدە كۆرمىگەن	headword	538_1R.png	unverified
D90-6-06063	يەتتە ئۇخلاپ چۈشۈمگە كىرمىگەن	headword	538_1R.png	unverified
D90-6-06064	يەتتە ئىقلىم	headword	538_1R.png	unverified
D90-6-06065	يەتتە ياشتىن يەتمىش ياشقىچە	headword	538_1R.png	unverified
D90-6-06066	يەتتە يوپۇرماقلىق دەرەخ	headword	538_2L.png	unverified
D90-6-06067	يەتتەيلەن	headword	538_2L.png	unverified
D90-6-06068	يەتتىلىك	headword	538_2L.png	unverified
D90-6-06069	يەتتىنچى	headword	538_2L.png	unverified
D90-6-06070	يەتتىنچى ئاۋغۇست يىغىنى	headword	538_2L.png	unverified
D90-6-06071	يەتتىنچى ئاي	headword	539_1R.png	unverified
D90-6-06072	يەتتىنچى جۇ	headword	539_1R.png	unverified
D90-6-06073	يەتتىنچى فېۋرال چوڭ ئىش تاشلىشى	headword	539_1R.png	unverified
D90-6-06074	يەتتىنچى ئىيۇل ۋەقەسى	headword	539_1R.png	verified
D90-6-06074-v1	لۇگۇچياۋ ۋەقەسى	variant	539_1R.png	verified
D90-6-06075	يەتكۈزمە	headword	539_2L.png	verified
D90-6-08777	يەتكۈزمە دوكلات	headword	539_2L.png	verified
D90-6-06076	يەتكۈزمەك	headword	539_2L.png	verified
D90-6-06077	يەتكۈزۈشمەك	headword	539_2L.png	unverified
D90-6-06078	يەتكۈزۈلمەك	headword	539_2L.png	unverified
D90-6-06079	يەتكۈسىز	headword	539_2L.png	unverified
D90-6-06080	يەتكۈلۈك	headword	539_2L.png	unverified
D90-6-06081	يەتمەك	headword	540_1R.png	unverified
D90-6-06083	يەتمىش	headword	541_1R.png	unverified
D90-6-06086	يەتمىشىنچى	headword	541_1R.png	unverified
D90-6-06087	يەجۈچ	headword	541_1R.png	unverified
D90-6-06088	يەجۇچ-مەجۈچ	headword	541_1R.png	unverified
D90-6-06089	يەر	headword	541_2L.png	unverified
D90-6-06090	يەر ئاستى ئاكوپى	headword	542_1R.png	unverified
D90-6-06091	يەر ئاستى تەڭرىسى	headword	542_2L.png	unverified
D90-6-06092	يەر ئاستى تۇرۇبا يولى	headword	542_2L.png	unverified
D90-6-06093	يەر ئاستى تۆمۈر يولى	headword	542_2L.png	unverified
D90-6-06094	يەر ئاستى خىزمەت	headword	542_2L.png	unverified
D90-6-06095	يەر ئاستى دەرياسى	headword	542_2L.png	unverified
D90-6-06096	يەر ئاستىدىن تەكشۈرمەك	headword	542_2L.png	unverified
D90-6-06097	يەر ئاستىدىن سۇغىرىش	headword	542_2L.png	unverified
D90-6-06098	يەر ئاستىدىن قارىماق	headword	542_2L.png	unverified
D90-6-06099	يەر ئاستى سۇ ئامبىرى	headword	543_1R.png	unverified
D90-6-06100	يەر ئاستى سۇ بايلىقى	headword	543_1R.png	unverified
D90-6-06101	يەر ئاستى سۈيى	headword	543_1R.png	unverified
D90-6-06102	يەر ئاستى سۈيى دىنامىكىسى	headword	543_1R.png	unverified
D90-6-06103	يەر ئاستى سىرغىمى	headword	543_1R.png	unverified
D90-6-06104	يەر ئاستى غول	headword	543_1R.png	unverified
D90-6-06105	يەر ئاستى ئۆي	headword	543_2L.png	unverified
D90-6-06106	يەر ئاستى ئېرىقى	headword	543_2L.png	unverified
D90-6-06107	يەر ئاستى ئېقىمى	headword	543_2L.png	unverified
D90-6-06108	يەر ئاسفالتى	headword	543_2L.png	unverified
D90-6-06109	يەر ئاياغ	headword	543_2L.png	unverified
D90-6-06110	يەر ئايلىنىش شامىلى	headword	544_1R.png	unverified
D90-6-06111	يەر ئەگرى تېرمومېتىرى	headword	544_1R.png	unverified
D90-6-06112	يەر باغىرلىماق	headword	544_1R.png	unverified
D90-6-06113	يەر باقتى	headword	544_1R.png	unverified
D90-6-06114	يەر بايلىقى	headword	544_1R.png	unverified
D90-6-06115	يەر بولۇپ كەتمەك	headword	544_2L.png	unverified
D90-6-06116	يەر بوينى	headword	544_2L.png	unverified
D90-6-06117	يەر بېجى	headword	544_2L.png	unverified
D90-6-06118	يەر باغىرلىغۇچى غول	headword	544_2L.png	unverified
D90-6-06119	يەر باغىرلىغۇچى ھايۋانلار	headword	544_2L.png	unverified
D90-6-06120	يەر بىلەن ئاسمانچە بار	headword	545_1R.png	unverified
D90-6-06121	يەر بىلەن يەكسان بولماق	headword	545_1R.png	unverified
D90-6-06122	يەر بىلەن يەكسان قىلماق	headword	545_1R.png	unverified
D90-6-06123	يەر پارپىسى	headword	545_1R.png	unverified
D90-6-06124	يەر پوستى	headword	545_1R.png	unverified
D90-6-06125	يەر پوستىنىڭ گورىزونتال ھەرىكىتى	headword	545_2L.png	unverified
D90-6-06126	يەر پوستى ھەرىكىتى	headword	545_2L.png	unverified
D90-6-06127	يەر پىلانى	headword	545_2L.png	unverified
D90-6-06128	يەر تاتىلاپ قالماق	headword	545_2L.png	unverified
D90-6-06129	يەر تەكتىدىن باقماق	headword	545_2L.png	unverified
D90-6-06130	يەر تەڭرىسى	headword	545_2L.png	unverified
D90-6-06131	يەر تەڭشەش تۈزۈمى	headword	546_1R.png	verified
D90-6-06132	يەر تەۋرەش	headword	546_1R.png	unverified
D90-6-06133	يەر تەۋرەش بەلبېغى	headword	546_1R.png	unverified
D90-6-06134	يەر تەۋرەش جەريانى	headword	546_2L.png	unverified
D90-6-06135	يەر تەۋرەش دەرىجىسى	headword	546_2L.png	unverified
D90-6-06136	يەر تەۋرەش دەۋرىيلىكى	headword	546_2L.png	unverified
D90-6-06137	يەر تەۋرەش دولقۇنى	headword	546_2L.png	unverified
D90-6-06138	يەر تەۋرەش كۈچى	headword	547_1R.png	unverified
D90-6-06139	يەر تەۋرەش مەركىزى	headword	547_1R.png	unverified
D90-6-06140	يەر تەۋرىتىپ چارلاش	headword	547_1R.png	unverified
D90-6-06141	يەر تەۋرىتىش دېتېكتورى	headword	547_1R.png	unverified
D90-6-06142	يەر تەۋرىتىش قاتلامشۇناسلىقى	headword	547_1R.png	unverified
D90-6-06143	يەر توكى	headword	547_1R.png	unverified
D90-6-06144	يەر توكى مەيدانى	headword	547_2L.png	unverified
D90-6-06145	يەر توزغىقى	headword	547_2L.png	unverified
D90-6-06146	يەر تۈزلەش ماشىنىسى	headword	547_2L.png	unverified
D90-6-06147	يەر تۈزۈلمىسى	headword	547_2L.png	unverified
D90-6-06148	يەر تېگىدە يىلان كۆشىگىنىنى بىلىدىغان	headword	547_2L.png	unverified
D90-6-06149	يەر تېگىدە يىلان كۆشىگىنىنى تۇيىدىغان	headword	547_2L.png	unverified
D90-6-06150	يەر تېگىدىن قارىماق	headword	548_1R.png	unverified
D90-6-06151	يەر تېگىدىن كۆز تاشلىماق	headword	548_1R.png	unverified
D90-6-06152	يەر تېمپېراتۇرىسى	headword	548_1R.png	unverified
D90-6-06153	يەر چاغلىماق	headword	548_1R.png	unverified
D90-6-06154	يەر چۆشلەك	headword	548_1R.png	unverified
D90-6-06154-v1	ئودا	variant	548_1R.png	unverified
D90-6-06155	يەر چىشلىمەك	headword	548_1R.png	unverified
D90-6-06156	يەر چىڭداپ يۈرمەك	headword	548_1R.png	unverified
D90-6-06157	يەر خېتى	headword	548_1R.png	unverified
D90-6-06158	يەردە قالماسلىق	headword	548_1R.png	unverified
D90-6-06159	يەردە قالماق	headword	548_1R.png	unverified
D90-6-06160	يەر دولقۇنى	headword	548_2L.png	unverified
D90-6-06161	يەر دۆلەت ئىلكىدە بولۇش	headword	548_2L.png	unverified
D90-6-06162	يەردىن پايدىلىنىش	headword	548_2L.png	unverified
D90-6-06163	يەردىن يىراق نۇقتا	headword	548_2L.png	unverified
D90-6-06164	يەر سەندىلى	headword	548_2L.png	unverified
D90-6-06165	يەر سىمى	headword	548_2L.png	unverified
D90-6-06166	يەر شارى	headword	549_1R.png	unverified
D90-6-06167	يەر شارى تۈرىدىكى پلانېتىلار	headword	549_1R.png	unverified
D90-6-06169	يەر شارى سۈنئىي ھەمراھى	headword	549_2L.png	unverified
D90-6-06170	يەر شارىغا يېقىن نۇقتا	headword	549_2L.png	unverified
D90-6-06171	يەر شارى قۇتۇبى	headword	549_2L.png	unverified
D90-6-06172	يەر شارى ماسسىسى	headword	549_2L.png	unverified
D90-6-06173	يەر شارى ماگنىت قاتلىمى	headword	549_2L.png	unverified
D90-6-06174	يەر شارى ماگنىت قۇتۇپى	headword	550_1R.png	unverified
D90-6-06175	يەر شارى ماگنىت مەيدانى	headword	550_1R.png	unverified
D90-6-06176	يەر شارىنىڭ قۇياش ئەتراپىدا ئايلىنىشى	headword	550_1R.png	unverified
D90-6-06177	يەر شارىنىڭ ئوربىتىلىق ئايلىنىشى	headword	550_1R.png	unverified
D90-6-06178	يەر شارىنىڭ ئۆز ئوقىدا ئايلىنىشى	headword	550_2L.png	unverified
D90-6-06179	يەر شارىنىڭ ئېغىتىش كۈچى	headword	550_2L.png	unverified
D90-6-06180	يەر شارىنىڭ ئېغىش نىسبىتى	headword	550_2L.png	unverified
D90-6-06181	يەر شارى ھەمراھى	headword	550_2L.png	unverified
D90-6-06182	يەر شارى ئوربىتىسى	headword	550_2L.png	unverified
D90-6-06183	يەر شارى ئوقى	headword	551_1R.png	unverified
D90-6-06184	يەر شەكلى خەرىتىسى	headword	551_1R.png	unverified
D90-6-06185	يەر شەكلى كەسمە يۈز خەرىتىسى	headword	551_1R.png	unverified
D90-6-06186	يەر شەكلى گېئولوگىيىسى	headword	551_1R.png	unverified
D90-6-06186-v1	گېئومورفولوگىيە	variant	551_1R.png	unverified
D90-6-06187	يەر شەكلى يامغۇرى	headword	551_1R.png	unverified
D90-6-06188	يەر قاتلىمى	headword	551_1R.png	unverified
D90-6-06189	يەر قانۇنى	headword	551_2L.png	unverified
D90-6-06190	يەر قۇرۇلمىسى	headword	551_2L.png	unverified
D90-6-06191	يەر قۇشلىرى	headword	551_2L.png	unverified
D90-6-06192	يەر قىلماق	headword	552_1R.png	unverified
D90-6-06193	يەر قىياپىتى	headword	552_1R.png	unverified
D90-6-06195	يەرگە قارىماق	headword	552_1R.png	unverified
D90-6-06196	يەرگە كىرىپ كەتمەك	headword	552_1R.png	unverified
D90-6-06197	يەرگە ئۇرماق	headword	552_1R.png	unverified
D90-6-06198	يەرگە ئۇلاش	headword	552_2L.png	unverified
D90-6-06199	يەرگە ئۇلاش قارشىلىقى	headword	552_2L.png	unverified
D90-6-06200	يەرگە ئېنتىلىشچانلىق	headword	552_2L.png	unverified
D90-6-06201	يەر گېئوفىزىكىسى	headword	552_2L.png	unverified
D90-6-06202	يەرلەرنى پىلانلاش	headword	552_2L.png	unverified
D90-6-06203	يەرلەرنى دۆلەت ئىختىيارىغا ئېلىش	headword	553_1R.png	unverified
D90-6-06204	يەر ماگنىت ئانومالىيىسى	headword	553_1R.png	unverified
D90-6-06205	يەر ماگنىت غەلىتىلىكى	headword	553_1R.png	unverified
D90-6-06206	يەر ماگنىت قۇتۇپى	headword	553_1R.png	unverified
D90-6-06207	يەر ماگنىتى	headword	553_2L.png	unverified
D90-6-06208	يەر ماگنىتىزمى	headword	553_2L.png	unverified
D90-6-06209	يەر مەدىكى	headword	553_2L.png	unverified
D90-6-06210	يەر مەركەز تەلىماتى	headword	553_2L.png	unverified
D90-6-06211	يەر مەركىزىنىڭ تارتىش كۈچى	headword	554_1R.png	unverified
D90-6-06212	يەر مەيدان بىرلىكى	headword	554_1R.png	unverified
D90-6-06213	يەرنى ئاسمان، ئاسماننى يەر قىلىۋەتمەك	headword	554_1R.png	unverified
D90-6-06214	يەرنى تىزىمغا ئېلىش	headword	554_1R.png	unverified
D90-6-06215	يەرنى دۆلەت ئىختىيارىغا ئېلىش	headword	554_1R.png	unverified
D90-6-06216	يەرنىڭ ئەركەكچىنىسىغا قاراپ دەسسىمەك	headword	554_2L.png	unverified
D90-6-06217	يەرنىڭ بۇلغىنىشى	headword	554_2L.png	unverified
D90-6-06218	يەرنىڭ تارتىشىش كۈچى	headword	554_2L.png	unverified
D90-6-06219	يەرنىڭ توڭلاش چوڭقۇرلۇقى	headword	554_2L.png	unverified
D90-6-06220	يەرنىڭ قۇملىشىشى	headword	554_2L.png	unverified
D90-6-06221	يەرنى ئۆتكۈزۈۋېلىش	headword	555_1R.png	unverified
D90-6-06222	يەر ھەققى	headword	555_1R.png	unverified
D90-6-06223	يەر ھەيدەش	headword	555_1R.png	unverified
D90-6-06224	يەر ئوغرىلىماق	headword	555_1R.png	unverified
D90-6-06225	يەر ئۈستى دەرياسى	headword	555_1R.png	unverified
D90-6-06226	يەر ئۈستى سىرغىمى	headword	555_1R.png	unverified
D90-6-06227	يەر ئۈستى غول	headword	555_1R.png	unverified
D90-6-06228	يەر ئۈستى ئېقىمى	headword	555_1R.png	unverified
D90-6-06229	يەر ئۈشنىسى	headword	555_1R.png	unverified
D90-6-06230	يەر ئىسسىقلىق ئورنى	headword	555_2L.png	unverified
D90-6-06231	يەر ئىسسىقلىقى	headword	555_2L.png	unverified
D90-6-06232	يەر ئىسلاھاتى	headword	555_2L.png	unverified
D90-6-06233	يەر ئىسلاھاتى ھەرىكىتى	headword	555_2L.png	unverified
D90-6-06234	يەر ئىنقىلابى	headword	555_2L.png	unverified
D90-6-06235	يەر يادروسى	headword	556_1R.png	unverified
D90-6-06236	يەر ياڭىقى	headword	556_1R.png	unverified
D90-6-06237	يەر يالىتىپ سۇغىرىش	headword	556_1R.png	unverified
D90-6-06238	يەر يالىغۇر	headword	556_1R.png	unverified
D90-6-06239	يەر يولۋىسى	headword	556_1R.png	verified
D90-6-06240	يەر يۇتقۇر	headword	556_1R.png	unverified
D90-6-06241	يەر يۇتماق	headword	556_1R.png	unverified
D90-6-06242	يەر يۈزى	headword	556_2L.png	verified
D90-6-06243	يەر يۈزى ئەھۋالى	headword	556_2L.png	unverified
D90-6-06244	يەر يۈزى تېرمومېتىرى	headword	556_2L.png	unverified
D90-6-06245	يەر يۈزىدە	headword	556_2L.png	unverified
D90-6-06246	يەر يۈزى رادىئاتسىيىسى	headword	556_2L.png	unverified
D90-6-06247	يەر يۈزى ھاۋا بېسىمى	headword	556_2L.png	unverified
D90-6-06248	يەر-ئاسمان	headword	557_1R.png	unverified
D90-6-06249	يەر-ئاي	headword	557_1R.png	unverified
D90-6-06252	يەر-جاھان	headword	557_1R.png	unverified
D90-6-06254	يەر-جاي	headword	557_1R.png	unverified
D90-6-06256	يەردە	headword	557_2L.png	unverified
D90-6-06257	يەر-زېمىن	headword	557_2L.png	unverified
D90-6-06258	يەر-زېمىنلىق	headword	557_2L.png	unverified
D90-6-06259	يەر-سۇ	headword	557_2L.png	unverified
D90-6-06260	يەر-سۈيى يات	headword	557_2L.png	unverified
D90-6-06261	يەرسىرەشمەك	headword	557_2L.png	unverified
D90-6-06262	يەرسىرىمەك	headword	557_2L.png	unverified
D90-6-06263	يەرسىز	headword	558_1R.png	unverified
D90-6-06264	يەرسىزلىك	headword	558_1R.png	unverified
D90-6-06265	يەر قان	headword	558_1R.png	unverified
D90-6-06266	يەرلەشتۈرمەك	headword	558_1R.png	unverified
D90-6-06268	يەرلەشتۈرۈلمەك	headword	558_1R.png	unverified
D90-6-06269	يەرلەشمەك	headword	558_1R.png	unverified
D90-6-06270	يەرلەنمەك	headword	558_1R.png	unverified
D90-6-06271	يەرلىك	headword	558_2L.png	unverified
D90-6-06276	يەرلىك خاقان	headword	559_1R.png	unverified
D90-6-06277	يەرلىك خام چوت	headword	559_1R.png	unverified
D90-6-06278	يەرلىك سانائەت قۇرۇلمىسى	headword	559_1R.png	unverified
D90-6-06279	يەرلىك سىياسەت	headword	559_1R.png	unverified
D90-6-06280	يەرلىك قوشۇن	headword	559_1R.png	unverified
D90-6-06281	يەرلىك كېسەللىك	headword	559_1R.png	unverified
D90-6-06282	يەرلىك مەھسۇلات	headword	559_1R.png	unverified
D90-6-06283	يەرلىك مىللەتچىلىك	headword	559_2L.png	unverified
D90-6-06284	يەرلىك ھاكىمىيەت	headword	559_2L.png	unverified
D90-6-06285	يەرلىك ھاۋا رايى	headword	559_2L.png	unverified
D90-6-06286	يەرلىك ھۆكۈمەت	headword	559_2L.png	unverified
D90-6-06287	يەرلىك ئورۇن	headword	559_2L.png	unverified
D90-6-06288	يەرلىك ئۇسۇل	headword	559_2L.png	unverified
D90-6-06289	يەرلىك ئۆسۈملۈكلەر	headword	559_2L.png	unverified
D90-6-06291	يەرلىك-سۇلۇق	headword	560_1R.png	unverified
D90-6-06292	يەرلىكلەشتۈرمەك	headword	560_1R.png	unverified
D90-6-06293	يەرلىكلەشمەك	headword	560_2L.png	unverified
D90-6-06294	يەرلىمەك	headword	560_2L.png	unverified
D90-6-06295	يەرمەنكە	headword	560_2L.png	verified
D90-6-06296	يەر - مۈلۈك	headword	560_2L.png	unverified
D90-6-06297	يەرۇجاھان	headword	560_2L.png	unverified
D90-6-06298	يەرۇ كۆك	headword	560_2L.png	unverified
D90-6-06299	يەسلى	headword	561_1R.png	unverified
D90-6-06300	يەسىمەن	headword	561_1R.png	unverified
D90-6-06301	يەشتۈرمەك	headword	561_1R.png	unverified
D90-6-06302	يەشتۈرۈشمەك	headword	561_1R.png	unverified
D90-6-06303	يەشتۈرۈلمەك	headword	561_1R.png	unverified
D90-6-06304	يەشكۈچ	headword	561_1R.png	unverified
D90-6-06305	يەشمە	headword	561_1R.png	unverified
D90-6-06306	يەشمە خۇلاسە	headword	561_1R.png	unverified
D90-6-06308	يەشمەك	headword	561_2L.png	unverified
D90-6-06309	يەشىك	headword	561_2L.png	verified
D90-6-06310	يەك	headword	562_1R.png	unverified
D90-6-06311	يەكەن	headword	562_1R.png	unverified
D90-6-06313	يەكپاي	headword	562_1R.png	unverified
D90-6-06314	يەكتا	headword	562_1R.png	unverified
D90-6-06315	يەكتەك	headword	562_2L.png	unverified
D90-6-06316	يەكتىز	headword	562_2L.png	verified
D90-6-06317	يەكتىز بولماق	headword	562_2L.png	unverified
D90-6-06317-v1	يەكتىزلەتمەك	variant	562_2L.png	unverified
D90-6-06318	يەكتىزلەنمەك	headword	562_2L.png	unverified
D90-6-06319	يەكچەشمە	headword	562_2L.png	unverified
D90-6-06320	يەكدىل	headword	562_2L.png	unverified
D90-6-06321	يەكدىللىك	headword	563_1R.png	unverified
D90-6-06322	يەكسان	headword	563_1R.png	unverified
D90-6-06323	يەكسان ئەيلىمەك	headword	563_1R.png	unverified
D90-6-06324	يەكسان بولماق	headword	563_1R.png	unverified
D90-6-06325	يەكسان قىلماق	headword	563_1R.png	unverified
D90-6-06326	يەكشا	headword	563_1R.png	unverified
D90-6-06327	يەكشەنبە	headword	563_1R.png	unverified
D90-6-06328	يەكشەنبە بازار	headword	563_2L.png	unverified
D90-6-06329	يەكشەنبىلىك	headword	563_2L.png	unverified
D90-6-06330	يەككە	headword	563_2L.png	unverified
D90-6-06331	يەككە ئىگىگەچى	headword	563_2L.png	unverified
D90-6-06332	يەككە ئىگىگەچىلىك	headword	563_2L.png	unverified
D90-6-06333	يەككە باھا	headword	564_1R.png	unverified
D90-6-06334	يەككە پونكىت ھاۋا رايى مەلۇماتى	headword	564_1R.png	unverified
D90-6-06335	يەككە تەن	headword	564_1R.png	unverified
D90-6-06336	يەككە تەننەرخ تۈرى	headword	564_1R.png	unverified
D90-6-06337	يەككە تەننىڭ يېتىلىشى	headword	564_1R.png	unverified
D90-6-06338	يەككە تىجارەتچى	headword	564_1R.png	unverified
D90-6-06339	يەككە دەسمايە ئىگىلىكى	headword	564_1R.png	unverified
D90-6-06340	يەككە دېھقان	headword	564_2L.png	unverified
D90-6-06341	يەككە رەڭلىك يورۇقلۇق	headword	564_2L.png	unverified
D90-6-06342	يەككە سۆز	headword	564_2L.png	unverified
D90-6-06343	يەككە شەكىل	headword	564_2L.png	verified
D90-6-06344	يەككە فازا	headword	564_2L.png	unverified
D90-6-06345	يەككە قول سانائەت	headword	564_2L.png	unverified
D90-6-06346	يەككە قۇرۇلۇش	headword	564_2L.png	unverified
D90-6-06347	يەككە كىرىستال	headword	564_2L.png	unverified
D90-6-06348	يەككە كرىستاللىق كرېمنىي	headword	565_1R.png	unverified
D90-6-06349	يەككە لەپەر	headword	565_1R.png	unverified
D90-6-06350	يەككە مۈلۈكچىلىك	headword	565_1R.png	unverified
D90-6-06351	يەككە مىنېراللىق جىنس	headword	565_1R.png	unverified
D90-6-06352	يەككە ئويناش	headword	565_1R.png	unverified
D90-6-06353	يەككە ئۆرنەك	headword	565_1R.png	unverified
D90-6-06354	يەككە ئىشلەپچىقىرىش	headword	565_1R.png	unverified
D90-6-06355	يەككە ئىگىلىك	headword	565_1R.png	unverified
D90-6-06356	يەككە-يېگانە	headword	565_2L.png	unverified
D90-6-06357	يەكلەر	headword	565_2L.png	verified
D90-6-06358	يەككىلەنمەك	headword	565_2L.png	unverified
D90-6-06359	يەككىلىك	headword	565_2L.png	unverified
D90-6-06360	يەكلىشەنمەك	headword	565_2L.png	unverified
D90-6-06361	يەكلىنمەك	headword	565_2L.png	unverified
D90-6-06362	يەكلىمەك	headword	565_2L.png	unverified
D90-6-06363	يەكلىمىچىلىك	headword	566_1R.png	unverified
D90-6-06364	يەكمۇيەك	headword	566_1R.png	unverified
D90-6-06365	يەكۈن	headword	566_1R.png	unverified
D90-6-06367	يەكۈنلەتمەك	headword	566_1R.png	verified
D90-6-06368	يەكۈنلەشمەك	headword	566_1R.png	unverified
D90-6-06369	يەكۈنلىمەك	headword	566_2L.png	unverified
D90-6-06370	يەڭ	headword	566_2L.png	unverified
D90-6-06371	يەڭ بەلگىسى	headword	566_2L.png	unverified
D90-6-06372	يەڭ تۈرمەك	headword	566_2L.png	unverified
D90-6-06372-v1	يەڭ شىبايلىماق	variant	566_2L.png	unverified
D90-6-06373	يەڭدە پىچاق ساقلىماق	headword	566_2L.png	unverified
D90-6-06374	يەڭ سودىسى	headword	566_2L.png	unverified
D90-6-06375	يەڭ سودىسى قىلماق	headword	567_1R.png	unverified
D90-6-06376	يەڭ شىمايلىماق	headword	567_1R.png	unverified
D90-6-06377	يەڭ قوندۇرۇش	headword	567_1R.png	unverified
D90-6-06378	يەڭ ئىچىدە	headword	567_1R.png	unverified
D90-6-06379	يەڭ ئىچىدە كېلىشمەك	headword	567_1R.png	unverified
D90-6-06380	يەڭ ئىچىدە سودىلاشماق	headword	567_1R.png	unverified
D90-6-06381	يەڭدىمەك	headword	567_1R.png	unverified
D90-6-06382	يەڭگە	headword	567_2L.png	unverified
D90-6-06383	يەڭگۈشلەتمەك	headword	567_2L.png	unverified
D90-6-06384	يەڭگۈشلەشمەك	headword	567_2L.png	unverified
D90-6-06385	يەڭگۈشلەمەك	headword	567_2L.png	unverified
D90-6-06386	يەڭگۈشلىمەك	headword	568_1R.png	unverified
D90-6-06387	يەڭگىتمەك	headword	568_1R.png	unverified
D90-6-06388	يەڭگىل	headword	568_1R.png	unverified
D90-6-06390	يەڭگىل گىمناستىكا	headword	568_2L.png	unverified
D90-6-06391	يەڭگىل مېتاللار	headword	568_2L.png	unverified
D90-6-06392	يەڭگىلتەك	headword	568_2L.png	unverified
D90-6-06393	يەڭگىلتەكلىك	headword	568_2L.png	unverified
D90-6-06394	يەڭگىللەتمەك	headword	568_2L.png	unverified
D90-6-06395	يەڭگىللەشتۈرمەك	headword	569_1R.png	unverified
D90-6-06396	يەڭگىللەشتۈرۈلمەك	headword	569_1R.png	unverified
D90-6-06397	يەڭگىللەشمەك	headword	569_1R.png	unverified
D90-6-06398	يەڭگىللىتىلمەك	headword	569_1R.png	unverified
D90-6-06399	يەڭگىللىك	headword	569_1R.png	unverified
D90-6-06403	يەڭگىمەك	headword	569_2L.png	unverified
D90-6-06404	يەڭلىغ	headword	569_2L.png	unverified
D90-6-06405	يەڭلىك	headword	570_1R.png	unverified
D90-6-06406	يەڭمەك	headword	570_1R.png	unverified
D90-6-06407	يەل	headword	570_1R.png	unverified
D90-6-06408	يەل بەرمەك	headword	570_1R.png	unverified
D90-6-06409	يەل پومپا	headword	570_2L.png	unverified
D90-6-06410	يەل تاپان	headword	570_2L.png	unverified
D90-6-06412	يەل تاپانلىق پاراخوت	headword	570_2L.png	unverified
D90-6-06413	يەل تاپانلىق پويىز	headword	570_2L.png	unverified
D90-6-06414	يەل تورمۇز	headword	570_2L.png	unverified
D90-6-06415	يەل قورساق	headword	571_1R.png	unverified
D90-6-06416	يەل قوڭ	headword	571_1R.png	unverified
D90-6-06417	يەل قويۇپ بەرمەك	headword	571_1R.png	unverified
D90-6-06418	يەل كالپۇك	headword	571_1R.png	unverified
D90-6-06419	يەل كۆكرەك	headword	571_1R.png	unverified
D90-6-06420	يەل كۈرەك	headword	571_1R.png	unverified
D90-6-06421	يەل كىندىك	headword	571_2L.png	unverified
D90-6-06422	يەل مىلتىق	headword	571_2L.png	unverified
D90-6-06423	يەل ئۆپكە	headword	571_2L.png	unverified
D90-6-06423-v1	ئۆپكە يەل ئىششىقى	variant	571_2L.png	unverified
D90-6-06424	يەل ئۈشكە	headword	571_2L.png	unverified
D90-6-06425	يېلى چىقىپ كەتمەك	headword	571_2L.png	unverified
D90-6-06426	يەلپۈتمەك	headword	571_2L.png	unverified
D90-6-06427	يەلپۈگۈچ	headword	572_1R.png	unverified
D90-6-06429	يەلپۈگۈچسىمان	headword	572_1R.png	unverified
D90-6-06431	يەلپۈلدەتمەك	headword	572_2L.png	unverified
D90-6-06432	يەلپۈلدەشمەك	headword	572_2L.png	unverified
D90-6-06433	يەلپۈلدىمەك	headword	572_2L.png	unverified
D90-6-06434	يەلپۈمەك	headword	572_2L.png	unverified
D90-6-06435	يەلپۈنمەك	headword	572_2L.png	unverified
D90-6-06436	يەلتاشما	headword	572_2L.png	unverified
D90-6-06437	يەلسىز	headword	573_1R.png	unverified
D90-6-06438	يەلكە	headword	573_1R.png	unverified
D90-6-06439	يەلكەن	headword	573_1R.png	unverified
D90-6-06441	يەلكەنلىك	headword	573_2L.png	unverified
D90-6-06442	يەلكەنلىك تاختا	headword	573_2L.png	unverified
D90-6-06443	يەلكەنلىك تاختا تەنھەرىكىتى	headword	573_2L.png	unverified
D90-6-06444	يەلكەنلىك چانا	headword	573_2L.png	unverified
D90-6-06445	يەلكەنلىك چانا تەنھەرىكىتى	headword	574_1R.png	unverified
D90-6-06446	يەلكەنلىك كېمە	headword	574_1R.png	unverified
D90-6-06447	يەلكەنلىك كېمە تەنھەرىكىتى	headword	574_1R.png	unverified
D90-6-06448	يەلكۇ	headword	574_1R.png	unverified
D90-6-06449	يەلكىلىك	headword	574_1R.png	unverified
D90-6-06450	يەللىك	headword	574_2L.png	unverified
D90-6-06452	يەللىك چالغۇ	headword	574_2L.png	unverified
D90-6-06452-v1	دۇخوۋوي چالغۇ	variant	574_2L.png	unverified
D90-6-06453	يەليارا	headword	574_2L.png	unverified
D90-6-06454	يەل-يېشىن	headword	574_2L.png	unverified
D90-6-06455	يەل-يېغىن	headword	574_2L.png	unverified
D90-6-06456	يەل-يېمىش	headword	574_2L.png	unverified
D90-6-06457	يەم	headword	575_1R.png	unverified
D90-6-06458	يەم بولماق	headword	575_1R.png	unverified
D90-6-06459	يەم قىلماق	headword	575_1R.png	unverified
D90-6-06460	يەمەك	headword	575_2L.png	unverified
D90-6-06461	يەم-بوغۇز	headword	575_2L.png	unverified
D90-6-06462	يەمتۈك	headword	575_2L.png	unverified
D90-6-06463	يەمچۈك	headword	575_2L.png	unverified
D90-6-06465	يەم-خەشەك	headword	576_1R.png	unverified
D90-6-06467	يەمخور	headword	576_1R.png	unverified
D90-6-06468	يەمسىز	headword	576_1R.png	unverified
D90-6-06469	يەمشۈك	headword	576_2L.png	unverified
D90-6-06470	يەمشۈك ھارۋا	headword	576_2L.png	unverified
D90-6-06471	يەملەتمەك	headword	576_2L.png	unverified
D90-6-06472	يەملەشمەك	headword	576_2L.png	unverified
D90-6-06473	يەملەنمەك	headword	576_2L.png	unverified
D90-6-06474	يەملىك	headword	576_2L.png	unverified
D90-6-06475	يەملىمەك	headword	576_2L.png	unverified
D90-6-06476	يەملەپ قويغاندەك	headword	576_2L.png	unverified
D90-6-06477	يەنئەن	headword	576_2L.png	unverified
D90-6-06478	يەنئەننى قوغداش ئۇرۇشى	headword	577_1R.png	unverified
D90-6-06479	يەنئەن ئىستىل تۈزىتىش ھەرىكىتى	headword	577_1R.png	unverified
D90-6-06480	يەنئەن يىغىنى	headword	577_1R.png	unverified
D90-6-06481	يەنە	headword	577_2L.png	unverified
D90-6-06482	يەنە دېسە	headword	577_2L.png	unverified
D90-6-06483	يەنە كېلىپ	headword	577_2L.png	unverified
D90-6-06484	يەنتەي	headword	577_2L.png	unverified
D90-6-06485	يەنتەي شەرتنامىسى	headword	577_2L.png	unverified
D90-6-06486	يەنجە	headword	578_1R.png	unverified
D90-6-06487	يەنسۇق	headword	578_1R.png	unverified
D90-6-06488	يەنشەن	headword	578_1R.png	unverified
D90-6-06490	يەنى	headword	578_2L.png	unverified
D90-6-06491	يەنىلا	headword	578_2L.png	unverified
D90-6-06492	يەنىمۇ	headword	578_2L.png	unverified
D90-6-06493	يەھ	headword	578_2L.png	unverified
D90-6-06494	يەھ-يەھ	headword	578_2L.png	unverified
D90-6-06495	يەھۇدىي	headword	578_2L.png	unverified
D90-6-06496	يەھۇدىي پادىشاھلىقى	headword	578_2L.png	unverified
D90-6-06497	يەھۇدىي تىلى	headword	578_2L.png	unverified
D90-6-06497-v1	ئىبرىي تىلى	variant	578_2L.png	unverified
D90-6-06498	يەھۇدىي دىنى	headword	579_1R.png	unverified
D90-6-06499	يەھۇدىيچە	headword	579_1R.png	unverified
D90-6-06500	يەھۇدىيشۇناس	headword	579_1R.png	unverified
D90-6-06501	يەھۇدىيشۇناسلىق	headword	579_1R.png	unverified
D90-6-06502	يەھۇدىيلار	headword	579_1R.png	unverified
D90-6-06503	يوبدان	headword	579_2L.png	unverified
D90-6-06504	يوبىلېي	headword	579_2L.png	unverified
D90-6-06505	يوپكا	headword	579_2L.png	unverified
D90-6-06506	يوپكىلىق	headword	579_2L.png	unverified
D90-6-06507	يوپۇتماق	headword	579_2L.png	unverified
D90-6-06508	يوپۇتۇشماق	headword	579_2L.png	unverified
D90-6-06509	يوپۇتۇلماق	headword	579_2L.png	unverified
D90-6-06510	يوپۇرا	headword	579_2L.png	unverified
D90-6-06511	يوپۇرغا	headword	580_1R.png	unverified
D90-6-06512	يوپۇرماق	headword	580_1R.png	unverified
D90-6-06516	يوپۇرماق تاشلايدىغان چاتقال	headword	580_2L.png	unverified
D90-6-06517	يوپۇرماق تاشلايدىغان دەرەخ	headword	580_2L.png	unverified
D90-6-06518	يوپۇرماق تاشلايدىغان كەڭ يوپۇرماقلىق ئورمان	headword	580_2L.png	unverified
D90-6-06519	يوپۇرماق تاشلايدىغان يىڭنە يوپۇرماقلىق ئورمان	headword	580_2L.png	unverified
D90-6-06520	يوپۇرماق تومۇرى	headword	581_1R.png	unverified
D90-6-06521	يوپۇرماق تۇۋى	headword	581_1R.png	unverified
D90-6-06522	يوپۇرماق تىكىنى	headword	581_1R.png	unverified
D90-6-06523	يوپۇرماق تىلى	headword	581_1R.png	unverified
D90-6-06524	يوپۇرماقتىن بالدۇر ئېچىلىش	headword	581_1R.png	unverified
D90-6-06525	يوپۇرماق داغ كېسلى	headword	581_1R.png	unverified
D90-6-06526	يوپۇرماق رېتى	headword	581_2L.png	unverified
D90-6-06527	يوپۇرماق ساپىقى	headword	581_2L.png	unverified
D90-6-06528	يوپۇرماق غىلىپى	headword	581_2L.png	unverified
D90-6-06529	يوپۇرماق كىسلاتاسى	headword	581_2L.png	unverified
D90-6-06530	يوپۇرماق گۆشى	headword	581_2L.png	unverified
D90-6-06531	يوپۇرماق ھەرىسى	headword	582_1R.png	unverified
D90-6-06532	يوپۇرماق ئىزى	headword	582_1R.png	unverified
D90-6-06533	يوپۇرماق يېرىقچىسى	headword	582_1R.png	unverified
D90-6-06535	يوپۇرماقسىز	headword	582_2L.png	unverified
D90-6-06536	يوپۇرماقسىز ئىت سىيگەك	headword	582_2L.png	unverified
D90-6-06537	يوپۇرماقسىمان	headword	582_2L.png	unverified
D90-6-06538	يوپۇرماقسىمان سىزىق	headword	582_2L.png	unverified
D90-6-06539	يوپۇرماقسىمان كېپىنەك	headword	583_1R.png	unverified
D90-6-06540	يوپۇرماقلىق	headword	583_1R.png	unverified
D90-6-06541	يوپۇرماقلىماق	headword	583_1R.png	unverified
D90-6-06542	يوپۇرۇشماق	headword	583_1R.png	unverified
D90-6-06543	يوپۇرۇلماق	headword	583_1R.png	unverified
D90-6-06544	يوپۇق	headword	583_1R.png	unverified
D90-6-06545	يوپۇقداتماق	headword	583_2L.png	unverified
D90-6-06546	يوپۇقداشماق	headword	583_2L.png	unverified
D90-6-06547	يوپۇقدالماق	headword	583_2L.png	unverified
D90-6-06548	يوپۇقدىماق	headword	583_2L.png	unverified
D90-6-06549	يوپۇقلۇق	headword	583_2L.png	unverified
D90-6-06550	يوپيورۇق	headword	583_2L.png	unverified
D90-6-06551	يوتا	headword	583_2L.png	unverified
D90-6-06552	يوتقان	headword	583_2L.png	unverified
D90-6-06553	يوتقان تېشى	headword	584_1R.png	unverified
D90-6-06554	يوتقان خۇرجۇنى	headword	584_1R.png	unverified
D90-6-06555	يوتقانغا قاراپ پۇت سۇنماق	headword	584_1R.png	unverified
D90-6-06556	يوتقانغا بېقىپ پۇت ئۇزاتماق	headword	584_1R.png	unverified
D90-6-06557	يوتقانلىق	headword	584_1R.png	unverified
D90-6-06558	يوتقانسىز	headword	584_1R.png	unverified
D90-6-06560	يۇتۇتماق	headword	584_2L.png	unverified
D90-6-06561	يوتۇق	headword	584_2L.png	unverified
D90-6-06563	يوچۇق	headword	584_2L.png	unverified
D90-6-06564	يوچۇق ئاچماق	headword	584_2L.png	unverified
D90-6-06565	يوچۇق ئىزدىمەك	headword	585_1R.png	unverified
D90-6-06566	يوچۇن	headword	585_1R.png	unverified
D90-6-06567	يوخشىماق	headword	585_1R.png	unverified
D90-6-06568	يود	headword	585_1R.png	verified
D90-6-06569	يودا	headword	585_1R.png	unverified
D90-6-06570	يودات	headword	585_1R.png	verified
D90-6-06571	يودات كىسلاتا	headword	585_1R.png	unverified
D90-6-06572	يودوفورم	headword	585_2L.png	unverified
D90-6-06573	يودومېتىرىيە	headword	585_2L.png	unverified
D90-6-06574	يودىماق	headword	585_2L.png	unverified
D90-6-06575	يورتماق	headword	586_1R.png	unverified
D90-6-06576	يورغا	headword	586_1R.png	unverified
D90-6-06577	يورغىلاتماق	headword	586_1R.png	unverified
D90-6-06578	يورغىلاش	headword	586_1R.png	unverified
D90-6-06580	يورغىلاشماق	headword	586_1R.png	unverified
D90-6-06581	يورغىلىماق	headword	586_1R.png	unverified
D90-6-06582	يورغىلاپ مېڭىش	headword	586_2L.png	unverified
D90-6-06583	يورۇتقۇچ	headword	586_2L.png	unverified
D90-6-06585	يورۇتماق	headword	586_2L.png	unverified
D90-6-06585-v1	يورۇماق پېئىلىنىڭ مەجبۇرىي دەرىجىسى	variant	586_2L.png	unverified
D90-6-06586	يورۇتۇپ بەرمەك	headword	587_1R.png	unverified
D90-6-06587	يورۇتۇش	headword	587_1R.png	unverified
D90-6-06589	يورۇتۇش دەرىجىسى	headword	587_1R.png	unverified
D90-6-06590	يورۇتۇش كوئېففىتسېنتى	headword	587_1R.png	unverified
D90-6-06591	يورۇتۇش كۈچى	headword	587_1R.png	unverified
D90-6-06592	يورۇتۇش مەيدانى	headword	587_2L.png	unverified
D90-6-06593	يورۇتۇلماق	headword	587_2L.png	unverified
D90-6-06594	يورۇتۇلۇش	headword	587_2L.png	unverified
D90-6-06595	يورۇتۇلۇش دەرىجىسى	headword	587_2L.png	unverified
D90-6-06596	يورۇش	headword	587_2L.png	unverified
D90-6-06597	يورۇش تېمپېراتۇرىسى	headword	587_2L.png	unverified
D90-6-06598	يورۇش دەرىجىسى	headword	587_2L.png	unverified
D90-6-06599	يورۇش دەرىجىسى قانۇنى	headword	587_2L.png	unverified
D90-6-06600	يورۇق	headword	588_1R.png	unverified
D90-6-06601	يورۇق پىشىن	headword	588_1R.png	unverified
D90-6-06605	يورۇقپەرەس	headword	588_2L.png	unverified
D90-6-06606	يورۇقپەرەسلىك	headword	588_2L.png	unverified
D90-6-06607	يورۇقچىلىق	headword	588_2L.png	unverified
D90-6-06608	يورۇقلاشماق	headword	588_2L.png	unverified
D90-6-06609	يورۇقلۇق	headword	588_2L.png	unverified
D90-6-06610	يورۇقلۇق ئابېرراتسىيىسى	headword	589_1R.png	unverified
D90-6-06611	يورۇقلۇق بەلبېغى	headword	589_1R.png	unverified
D90-6-06612	يورۇقلۇق بېسىمى	headword	589_1R.png	unverified
D90-6-06613	يورۇقلۇقتا رېئاكسىيىلىشىش	headword	589_2L.png	unverified
D90-6-06614	يورۇقلۇقتا فوسغاتلىشىش رولى	headword	589_2L.png	unverified
D90-6-06615	يورۇقلۇقتا نەپەسلىنىش	headword	589_2L.png	unverified
D90-6-06616	يورۇقلۇق تېزلىكى	headword	589_2L.png	unverified
D90-6-06617	يورۇقلۇق تېزلىكىنىڭ ئۆزگەرمەسلىك پرىنسىپى	headword	589_2L.png	unverified
D90-6-06618	يورۇقلۇقتىكى كۆرۈش سېزىمى	headword	589_2L.png	unverified
D90-6-06619	يورۇقلۇق چىقىرىش كۈچى	headword	590_1R.png	unverified
D90-6-06620	يورۇقلۇق دەستىسى	headword	590_1R.png	unverified
D90-6-06621	يورۇقلۇق رېئاكسىيىسى	headword	590_1R.png	unverified
D90-6-06622	يورۇقلۇق سەزگۈچى قەغەز	headword	590_1R.png	unverified
D90-6-06623	يورۇقلۇق سەزگۈچى ئېمولسىئون	headword	590_1R.png	unverified
D90-6-06624	يورۇقلۇق سۇندۇرۇش	headword	590_1R.png	unverified
D90-6-06625	يورۇقلۇق سۈزگۈچ	headword	590_1R.png	unverified
D90-6-06626	يورۇقلۇق سېتىسى	headword	590_1R.png	unverified
D90-6-06627	يورۇقلۇققا ئىنتىلىشچانلىقى	headword	590_2L.png	unverified
D90-6-06628	يورۇقلۇق قايتۇرۇش ئەينىكى	headword	590_2L.png	unverified
D90-6-06629	يورۇقلۇق كۈچىنىشى	headword	590_2L.png	unverified
D90-6-06630	يورۇقلۇق مەنبەسى	headword	590_2L.png	unverified
D90-6-06631	يورۇقلۇق مۇساپىسى	headword	590_2L.png	unverified
D90-6-06632	يورۇقلۇقنىڭ دولقۇن تەلىماتى	headword	590_2L.png	unverified
D90-6-06633	يورۇقلۇقنىڭ زەررىچە تەلىماتى	headword	591_1R.png	unverified
D90-6-06634	يورۇقلۇق سۇنۇشى	headword	591_1R.png	unverified
D90-6-06635	يورۇقلۇقنىڭ قايتىش قانۇنى	headword	591_1R.png	unverified
D90-6-06636	يورۇقلۇقنىڭ قايتىشى	headword	591_1R.png	unverified
D90-6-06638	يورۇقلۇقنىڭ ئېلېكتروماگنىت نەزەرىيىسى	headword	591_2L.png	unverified
D90-6-06639	يورۇقلۇق ئېقىمى	headword	591_2L.png	unverified
D90-6-06640	يورۇقلۇق ئېنېرگىيىسى	headword	591_2L.png	unverified
D90-6-06641	يورۇقلۇق ئىلمى	headword	591_2L.png	unverified
D90-6-06641-v1	ئوپتىكا	variant	591_2L.png	unverified
D90-6-06642	يورۇقلۇق يىغىش كۈچى	headword	591_2L.png	unverified
D90-6-06643	يورۇقلۇق يىلى	headword	591_2L.png	unverified
D90-6-06644	يورۇماق	headword	591_2L.png	unverified
D90-6-06645	يوسۇن	headword	592_1R.png	unverified
D90-6-06646	يوسۇندا	headword	592_1R.png	unverified
D90-6-06647	يوسۇنسىز	headword	592_1R.png	unverified
D90-6-06648	يوسۇنلۇق	headword	592_1R.png	unverified
D90-6-06649	يوشۇرغۇزماق	headword	592_1R.png	unverified
D90-6-06650	يوشۇرماق	headword	592_2L.png	unverified
D90-6-06651	يوشۇرۇشماق	headword	592_2L.png	unverified
D90-6-06652	يوشۇرۇقلۇق	headword	592_2L.png	unverified
D90-6-06653	يوشۇرۇلغان	headword	592_2L.png	unverified
D90-6-06655	يوشۇرۇلماق	headword	592_2L.png	unverified
D90-6-06656	يوشۇرۇن	headword	592_2L.png	unverified
D90-6-06657	يوشۇرۇن ئالامەت	headword	593_1R.png	unverified
D90-6-06658	يوشۇرۇن ئاۋاز بېرىش	headword	593_1R.png	verified
D90-6-06659	يوشۇرۇن باشسىمان گۈل رېتى	headword	593_1R.png	unverified
D90-6-06660	يوشۇرۇن پوست	headword	593_1R.png	unverified
D90-6-06661	يوشۇرۇن تەسۋىر	headword	593_1R.png	unverified
D90-6-06662	يوشۇرۇن خادا	headword	593_1R.png	unverified
D90-6-06663	يوشۇرۇن خاراكتېرلىك ئالامەت	headword	593_1R.png	unverified
D90-6-06664	يوشۇرۇن سۇ	headword	593_2L.png	unverified
D90-6-06665	يوشۇرۇن فۇنكسىيە	headword	593_2L.png	unverified
D90-6-06666	يوشۇرۇن قىللىق پرومېتىر	headword	593_2L.png	unverified
D90-6-06667	يوشۇرۇن كرىستاللىق جىنس	headword	593_2L.png	unverified
D90-6-06668	يوشۇرۇن كۈچ	headword	593_2L.png	unverified
D90-6-06669	يوشۇرۇن گۈللۈك ئۆسۈملۈكلەر	headword	593_2L.png	unverified
D90-6-06670	يوشۇرۇن لىنىيە	headword	594_1R.png	verified
D90-6-06671	يوشۇرۇن ھايات ئالىمى	headword	594_1R.png	unverified
D90-6-06672	يوشۇرۇن ھايات جاھانى	headword	594_1R.png	unverified
D90-6-06673	يوشۇرۇن ئوخشىتىش	headword	594_1R.png	unverified
D90-6-06674	يوشۇرۇن ئۇرۇقدانلىق كېسىلى	headword	594_1R.png	unverified
D90-6-06675	يوشۇرۇن ئۆسۈم	headword	594_2L.png	unverified
D90-6-06676	يوشۇرۇن ئېقىن	headword	594_2L.png	unverified
D90-6-06677	يوشۇرۇن ئىبارە	headword	594_2L.png	unverified
D90-6-06678	يوشۇرۇن ئىسسىقلىق	headword	594_2L.png	unverified
D90-6-06679	يوشۇرۇن يالاش	headword	594_2L.png	unverified
D90-6-06680	يوشۇرۇنچە	headword	595_1R.png	unverified
D90-6-06681	يوشۇرۇنماق	headword	595_1R.png	unverified
D90-6-06683	يوشۇرۇنۇشماق	headword	595_1R.png	unverified
D90-6-06684	يوغا	headword	595_1R.png	unverified
D90-6-06685	يوغان	headword	595_2L.png	unverified
D90-6-06686	يوغان باش	headword	595_2L.png	unverified
D90-6-06687	يوغان باش تۇننۇس	headword	595_2L.png	unverified
D90-6-06689	يوغان بەل	headword	596_1R.png	unverified
D90-6-06690	يوغان سۆز	headword	596_1R.png	unverified
D90-6-06691	يوغان سۆزلىمەك	headword	596_1R.png	unverified
D90-6-06694	يوغان گەپ قىلماق	headword	596_1R.png	unverified
D90-6-06692	يوغان قورساق	headword	596_1R.png	unverified
D90-6-06693	يوغان گەپ	headword	596_1R.png	unverified
D90-6-06695	يوغان ئۈچەي	headword	596_2L.png	unverified
D90-6-06696	يوغانچى	headword	596_2L.png	unverified
D90-6-06697	يوغانچىلىق	headword	596_2L.png	unverified
D90-6-06698	يوغانچىلىق قىلماق	headword	596_2L.png	unverified
D90-6-06699	يوغانلاتماق	headword	596_2L.png	unverified
D90-6-06700	يوغانلاشتۇرماق	headword	596_2L.png	unverified
D90-6-06701	يوغانلاشماق	headword	596_2L.png	unverified
D90-6-06702	يوغانلىق	headword	596_2L.png	unverified
D90-6-06703	يوغانلىق قىلماق	headword	596_2L.png	unverified
D90-6-06704	يوغانلىماق	headword	597_1R.png	unverified
D90-6-06705	يوغان-يوغان	headword	597_1R.png	unverified
D90-6-06706	يوغىناتماق	headword	597_1R.png	unverified
D90-6-06707	يوغىناش	headword	597_1R.png	unverified
D90-6-06708	يوغىناشماق	headword	597_1R.png	unverified
D90-6-06709	يوغىنىتىشماق	headword	597_1R.png	unverified
D90-6-06710	يوغىنىتىلماق	headword	597_1R.png	unverified
D90-6-06711	يوغىنىماق	headword	597_1R.png	unverified
D90-6-06712	يوغىناپ كەتمەك	headword	597_2L.png	unverified
D90-6-06713	يوق	headword	597_2L.png	unverified
D90-6-06714	يوق بولماق	headword	597_2L.png	unverified
D90-6-06715	يوق دېگەندە	headword	597_2L.png	unverified
D90-6-06716	يوق دېيەرلىك	headword	598_1R.png	unverified
D90-6-06717	يوققا چىقماق	headword	598_1R.png	unverified
D90-6-06718	يوق قىلماق	headword	598_1R.png	unverified
D90-6-06719	يوق گەپ	headword	598_1R.png	unverified
D90-6-06720	يوقنىڭ ئورنىدا	headword	598_1R.png	unverified
D90-6-06721	يوق يەردىن پۇتاق چىقارماق	headword	598_1R.png	unverified
D90-6-06722	يوق يەردىن تۈك ئۈندۈرمەك	headword	598_2L.png	unverified
D90-6-06722-v1	تۈخۈمدىن تۈك ئۈندۈرمەك	variant	598_2L.png	unverified
D90-6-06723	يوقاتقۇزماق	headword	598_2L.png	unverified
D90-6-06724	يوقاتماق	headword	598_2L.png	unverified
D90-6-06725	يوقاشماق	headword	598_2L.png	unverified
D90-6-06726	يوقالغان	headword	598_2L.png	unverified
D90-6-06728	يوقالماق	headword	598_2L.png	unverified
D90-6-06729	يوقسۇ	headword	598_2L.png	verified
D90-6-06730	يوقسۇز	headword	599_1R.png	unverified
D90-6-06731	يوقسۇزچىلىق	headword	599_1R.png	unverified
D90-6-06732	يوقسۇزلۇق	headword	599_1R.png	unverified
D90-6-06733	يوقسۇل	headword	599_1R.png	unverified
D90-6-06734	يوقسۇللۇق	headword	599_1R.png	unverified
D90-6-06735	يوقسىنماق	headword	599_2L.png	unverified
D90-6-06736	يوقلاتقۇزماق	headword	599_2L.png	unverified
D90-6-06737	يوقلاتماق	headword	599_2L.png	unverified
D90-6-06738	يوقلاشماق	headword	599_2L.png	unverified
D90-6-06739	يوقلانماق	headword	599_2L.png	unverified
D90-6-06740	يوقلۇق	headword	599_2L.png	unverified
D90-6-06741	يوقلىما	headword	599_2L.png	unverified
D90-6-06742	يوقلىما تۈزۈمى	headword	600_1R.png	unverified
D90-6-06743	يوقلىما قىلماق	headword	600_1R.png	unverified
D90-6-06744	يوقلىما كارتىسى	headword	600_1R.png	unverified
D90-6-06745	يوقلىماق	headword	600_1R.png	unverified
D90-6-06746	يوقلىمىچى	headword	600_2L.png	unverified
D90-6-06747	يوقىتىش	headword	600_2L.png	unverified
D90-6-06749	يوقىتىشماق	headword	600_2L.png	unverified
D90-6-06750	يوقىتىلماق	headword	600_2L.png	unverified
D90-6-06751	يوقىلاڭ	headword	600_2L.png	unverified
D90-6-06754	يوقىلاڭ ئىش	headword	601_1R.png	unverified
D90-6-06755	يوقىلىش	headword	601_1R.png	unverified
D90-6-06756	يوقىماق	headword	601_1R.png	unverified
D90-6-06757	يول	headword	601_1R.png	unverified
D90-6-06759	يول ئاچماق	headword	602_1R.png	unverified
D90-6-06760	يول ئاغزى	headword	602_1R.png	verified
D90-6-06761	يول ئالماق	headword	602_1R.png	unverified
D90-6-06762	يول باسماق	headword	602_1R.png	unverified
D90-6-06763	يول باشلاش	headword	602_1R.png	unverified
D90-6-06764	يول باشلىماق	headword	602_2L.png	unverified
D90-6-06765	يول بەرمەك	headword	602_2L.png	unverified
D90-6-06766	يول بولسۇن	headword	602_2L.png	unverified
D90-6-06767	يول بولماق	headword	602_2L.png	unverified
D90-6-06768	يول تاپماق	headword	602_2L.png	unverified
D90-6-06769	يول تۇتماق	headword	602_2L.png	unverified
D90-6-06771	يول چىقماق	headword	602_2L.png	unverified
D90-6-06772	يول چىڭداش ماشىنىسى	headword	603_1R.png	verified
D90-6-06773	يول خېتى	headword	603_1R.png	unverified
D90-6-06774	يول خىراجىتى	headword	603_1R.png	unverified
D90-6-06775	يولدا قالماق	headword	603_1R.png	unverified
D90-6-06776	يولدا قويماق	headword	603_1R.png	unverified
D90-6-06777	يولدىن ئاداشماق	headword	603_1R.png	unverified
D90-6-06778	يولدىن تايماق	headword	603_2L.png	unverified
D90-6-06779	يولدىن چىقماق	headword	603_2L.png	unverified
D90-6-06780	يولدىن قالماق	headword	603_2L.png	unverified
D90-6-06781	يولدىن قايتماق	headword	603_2L.png	unverified
D90-6-06782	يولدىن قويماق	headword	604_1R.png	unverified
D90-6-06783	يول سالماق	headword	604_1R.png	unverified
D90-6-06784	يول سورىماق	headword	604_1R.png	unverified
D90-6-06785	يولغا چۈشمەك	headword	604_1R.png	unverified
D90-6-06786	يولغا چىقماق	headword	604_1R.png	unverified
D90-6-06787	يولغا سالماق	headword	604_1R.png	unverified
D90-6-06788	يولغا سېلىش ئالدىدىكى تاۋار	headword	604_2L.png	unverified
D90-6-06789	يولغا قويماق	headword	604_2L.png	unverified
D90-6-06790	يولغا كىرمەك	headword	604_2L.png	unverified
D90-6-06791	يول قويماق	headword	604_2L.png	unverified
D90-6-06792	يول قىنى	headword	604_2L.png	unverified
D90-6-06793	يول كۆرسەتمەك	headword	605_1R.png	unverified
D90-6-06794	يول ماڭماق	headword	605_1R.png	unverified
D90-6-06795	يول مۇھاپىزەت ئورمىنى	headword	605_1R.png	unverified
D90-6-06796	يول ئوچۇق	headword	605_1R.png	unverified
D90-6-06797	يول ئۇلى	headword	605_1R.png	unverified
D90-6-06798	يول ئۈستىدىكى پۇل	headword	605_1R.png	unverified
D90-6-06799	يول ئىزلىمەك	headword	605_2L.png	unverified
D90-6-06800	يولىغا قارىماق	headword	605_2L.png	unverified
D90-6-06801	يولىغا كىرمەك	headword	605_2L.png	unverified
D90-6-06802	يولى كەلمەك	headword	605_2L.png	unverified
D90-6-06803	يولىنى قىلماق	headword	605_2L.png	unverified
D90-6-06804	يولى ئوچۇق	headword	605_2L.png	unverified
D90-6-06805	يول يۈزى	headword	606_1R.png	unverified
D90-6-06806	يولاتماق	headword	606_1R.png	unverified
D90-6-06807	يولاشماق	headword	606_1R.png	unverified
D90-6-06808	يولباشچى	headword	606_1R.png	unverified
D90-6-06809	يولباشچىلىق	headword	606_1R.png	unverified
D90-6-06810	يولباشلىغۇچى	headword	606_2L.png	unverified
D90-6-06811	يولداش	headword	606_2L.png	unverified
D90-6-06812	يولداشلارچە	headword	606_2L.png	unverified
D90-6-06813	يولداشلىق	headword	607_1R.png	unverified
D90-6-06814	يولسىز	headword	607_1R.png	unverified
D90-6-06815	يولسىزلارچە	headword	607_1R.png	unverified
D90-6-06816	يولسىزلىق	headword	607_1R.png	unverified
D90-6-06818	يوللاتماق	headword	607_2L.png	unverified
D90-6-06819	يوللاشماق	headword	607_2L.png	unverified
D90-6-06820	يوللانغان	headword	607_2L.png	unverified
D90-6-06822	يوللانما	headword	607_2L.png	unverified
D90-6-06823	يوللانماق	headword	607_2L.png	unverified
D90-6-06824	يوللۇق	headword	607_2L.png	unverified
D90-6-06825	يوللۇق تۇتماق	headword	608_1R.png	unverified
D90-6-06826	يوللۇق رەخت	headword	608_1R.png	unverified
D90-6-06827	يوللۇق قوغدىنىش	headword	608_1R.png	unverified
D90-6-06828	يوللۇق قىلماق	headword	608_1R.png	unverified
D90-6-06829	يوللىماق	headword	608_1R.png	unverified
D90-6-06830	يولۇچى	headword	608_2L.png	unverified
D90-6-06831	يولۇقتۇرماق	headword	608_2L.png	unverified
D90-6-06832	يولۇقتۇرۇشماق	headword	608_2L.png	unverified
D90-6-06833	يولۇقتۇرۇلماق	headword	608_2L.png	unverified
D90-6-06834	يولۇقماق	headword	608_2L.png	unverified
D90-6-06835	يولۇقۇشماق	headword	608_2L.png	unverified
D90-6-06836	يولۋاس	headword	608_2L.png	unverified
D90-6-06837	يولۋاس كۆز تاش	headword	609_1R.png	unverified
D90-6-06838	يولۋاس يىلى	headword	609_1R.png	unverified
D90-6-06839	يولىدا	headword	609_1R.png	unverified
D90-6-06840	يولىماق	headword	609_1R.png	unverified
D90-6-06841	يوليورۇق	headword	609_1R.png	unverified
D90-6-06842	يول-يول	headword	609_2L.png	unverified
D90-6-06843	يوناق	headword	609_2L.png	unverified
D90-6-06845	يونگ	headword	609_2L.png	unverified
D90-6-06849	يونۇپ-قومۇرۇپ	headword	610_1R.png	unverified
D90-6-06850	يونۇپ-يومۇرۇپ	headword	610_1R.png	unverified
D90-6-06851	يونۇتماق	headword	610_1R.png	unverified
D90-6-06852	يونۇشماق	headword	610_1R.png	unverified
D90-6-06853	يونۇق	headword	610_1R.png	unverified
D90-6-06854	يونۇقىنى سۇنۇقىغا كەلتۈرمەك	headword	610_1R.png	unverified
D90-6-06855	يونۇقلۇق	headword	610_1R.png	unverified
D90-6-06856	يونۇلماق	headword	610_1R.png	unverified
D90-6-06857	يونۇماق	headword	610_2L.png	unverified
D90-6-06858	يوھا	headword	610_2L.png	unverified
D90-6-06859	يۇپقا	headword	610_2L.png	unverified
D90-6-06860	يۇپۇڭ	headword	610_2L.png	unverified
D90-6-06861	يۇپۇڭ-يالاڭ	headword	610_2L.png	verified
D90-6-06862	يۇپىتېر	headword	610_2L.png	unverified
D90-6-06863	يۇپيۇمىلاق	headword	610_2L.png	unverified
D90-6-06864	يۇتازا	headword	611_1R.png	unverified
D90-6-06865	يۇتقۇچى	headword	611_1R.png	unverified
D90-6-06867	يۇتقۇر	headword	611_1R.png	unverified
D90-6-06868	يۇتقۇزماق	headword	611_1R.png	unverified
D90-6-06869	يۇتقۇزۇشلۇق	headword	611_1R.png	unverified
D90-6-06871	يۇتقۇزۇشماق	headword	611_2L.png	unverified
D90-6-06872	يۇتقۇزۇلماق	headword	611_2L.png	unverified
D90-6-06873	يۇتقۇلۇق	headword	611_2L.png	unverified
D90-6-06874	يۇتقۇنچاق	headword	611_2L.png	unverified
D90-6-06876	يۇتما	headword	611_2L.png	unverified
D90-6-06877	يۇتماق	headword	611_2L.png	unverified
D90-6-06878	يۇتۇش	headword	612_1R.png	unverified
D90-6-06879	يۇتۇش دوزىسى	headword	612_1R.png	unverified
D90-6-06880	يۇتۇش رولى	headword	612_1R.png	unverified
D90-6-06881	يۇتۇش سپېكترى	headword	612_1R.png	unverified
D90-6-06882	يۇتۇش كەسمە يۈزى	headword	612_1R.png	unverified
D90-6-06884	يۇتۇشماق	headword	612_2L.png	unverified
D90-6-06885	يۇتۇلماق	headword	612_2L.png	unverified
D90-6-06886	يۇتۇلۇش	headword	612_2L.png	unverified
D90-6-06888	يۇتۇم	headword	612_2L.png	unverified
D90-6-06889	يۇتۇۋېلىش	headword	612_2L.png	unverified
D90-6-06890	يۇدۇرماق	headword	613_1R.png	unverified
D90-6-06891	يۇدى-يۇقى	headword	613_1R.png	unverified
D90-6-06892	يۇرا	headword	613_1R.png	unverified
D90-6-06895	يۇرت	headword	613_1R.png	unverified
D90-6-06896	يۇرت ئاھالىسى	headword	613_2L.png	unverified
D90-6-06897	يۇرت بېشى	headword	613_2L.png	unverified
D90-6-06898	يۇرت چوڭى	headword	613_2L.png	unverified
D90-6-06899	يۇرت سوراش دەستۇرى	headword	613_2L.png	unverified
D90-6-06900	يۇرت سورىماق	headword	614_1R.png	unverified
D90-6-06901	يۇرتتا قازان ئاسماق	headword	614_1R.png	unverified
D90-6-06902	يۇرت كېزمەك	headword	614_1R.png	unverified
D90-6-06903	يۇرت-جامائەت	headword	614_1R.png	unverified
D90-6-06904	يۇرتچىلىق	headword	614_1R.png	unverified
D90-6-06905	يۇرتدارچىلىق	headword	614_1R.png	unverified
D90-6-06906	يۇرتداش	headword	614_1R.png	unverified
D90-6-06907	يۇرتداشلىق	headword	614_2L.png	unverified
D90-6-06908	يۇرتسىز	headword	614_2L.png	unverified
D90-6-06909	يۇرتلۇق	headword	614_2L.png	unverified
D90-6-06910	يۇرت-ماكان	headword	614_2L.png	unverified
D90-6-06911	يۇرتمۇيۇرت	headword	614_2L.png	unverified
D90-6-06912	يۇرتۋاز	headword	614_2L.png	unverified
D90-6-06913	يۇرتۋازلىق	headword	615_1R.png	unverified
D90-6-06914	يۇرچى	headword	615_1R.png	verified
D90-6-06915	يۇرۇن	headword	615_1R.png	unverified
D90-6-06916	يۇغۇچ	headword	615_1R.png	unverified
D90-6-06918	يۇغۇر	headword	615_1R.png	verified
D90-6-06919	يۇغۇرتماق	headword	615_2L.png	unverified
D90-6-06920	يۇغۇرچە	headword	615_2L.png	unverified
D90-6-06921	يۇغۇرلار	headword	615_2L.png	unverified
D90-6-06922	يۇغۇرماق	headword	615_2L.png	unverified
D90-6-06923	يۇغۇرۇشماق	headword	615_2L.png	unverified
D90-6-06924	يۇغۇرۇلما	headword	615_2L.png	unverified
D90-6-06925	يۇغۇرۇلما ئىررسىيەت	headword	616_1R.png	unverified
D90-6-06926	يۇغۇرۇلماق	headword	616_1R.png	unverified
D90-6-06927	يۇغۇزماق	headword	616_1R.png	unverified
D90-6-06928	يۇغۇزۇشماق	headword	616_1R.png	unverified
D90-6-06929	يۇغۇزۇلماق	headword	616_1R.png	unverified
D90-6-06930	يۇق	headword	616_1R.png	unverified
D90-6-06931	يۇقتۇرماق	headword	616_1R.png	unverified
D90-6-06932	يۇقتۇرۇشماق	headword	616_1R.png	unverified
D90-6-06933	يۇقتۇرۇلماق	headword	616_2L.png	unverified
D90-6-06934	يۇققا	nonstandard	616_2L.png	unverified
D90-6-06935	يۇققاق	headword	616_2L.png	unverified
D90-6-06936	يۇقما	headword	616_2L.png	unverified
D90-6-06937	يۇقماق	headword	616_2L.png	unverified
D90-6-06938	يۇقۇشتۇرماق	headword	616_2L.png	unverified
D90-6-06939	يۇقۇشتۇرۇلماق	headword	616_2L.png	unverified
D90-6-06940	يۇقۇشلۇق	headword	616_2L.png	unverified
D90-6-06941	يۇقۇشماق	headword	617_1R.png	unverified
D90-6-06942	يۇقۇمچان	headword	617_1R.png	unverified
D90-6-06943	يۇقۇمچانلىق	headword	617_1R.png	unverified
D90-6-06944	يۇقۇمسىز	headword	617_1R.png	unverified
D90-6-06945	يۇقۇمسىزلاندۇرماق	headword	617_1R.png	unverified
D90-6-06946	يۇقۇمسىزلاندۇرۇشماق	headword	617_1R.png	unverified
D90-6-06947	يۇقۇمسىزلاندۇرۇلماق	headword	617_1R.png	unverified
D90-6-06948	يۇقۇمسىزلانماق	headword	617_1R.png	unverified
D90-6-06949	يۇقۇملاندۇرماق	headword	617_1R.png	unverified
D90-6-06950	يۇقۇملاندۇرۇلماق	headword	617_1R.png	unverified
D90-6-06951	يۇقۇملانماق	headword	617_1R.png	unverified
D90-6-06952	يۇقۇملۇق	headword	617_2L.png	unverified
D90-6-06957	يۇقۇندى	headword	617_2L.png	unverified
D90-6-06958	يۇقۇندى سۇ	headword	618_1R.png	unverified
D90-6-06959	يۇقىرى	headword	618_1R.png	unverified
D90-6-06961	يۇقىرى بوشلۇق فرونتى	headword	618_2L.png	unverified
D90-6-06962	يۇقىرى بېسىم	headword	618_2L.png	unverified
D90-6-06963	يۇقىرى بېسىم رايونى	headword	618_2L.png	unverified
D90-6-06964	يۇقىرى بېسىملىق زەرەتلىك مەشغۇلات	headword	618_2L.png	unverified
D90-6-06965	يۇقىرى بېسىملىق ناترىيلىق لامپا	headword	618_2L.png	unverified
D90-6-06966	يۇقىرى بېسىملىق ئېلېكتر يايىدىن سوقۇش	headword	618_2L.png	unverified
D90-6-06967	يۇقىرى بېسىم ئومۇرتقىسى	headword	619_1R.png	unverified
D90-6-06968	يۇقىرى پالاتا	headword	619_1R.png	unverified
D90-6-06969	يۇقىرى پەللە	headword	619_1R.png	unverified
D90-6-06970	يۇقىرى تەبىقە	headword	619_1R.png	unverified
D90-6-06971	يۇقىرى تون	headword	619_2L.png	unverified
D90-6-06972	يۇقىرى تېمپېراتۇرا	headword	619_2L.png	unverified
D90-6-06973	يۇقىرى تېمپېراتۇرىلىق سەرەڭگە	headword	619_2L.png	unverified
D90-6-06974	يۇقىرى چاستوتا	headword	619_2L.png	unverified
D90-6-06975	يۇقىرى دەرىجىلىك بىرلىك	headword	619_2L.png	unverified
D90-6-06976	يۇقىرى دەرىجىلىك تەڭسىزلىك	headword	619_2L.png	unverified
D90-6-06977	يۇقىرى دەرىجىلىك تەڭلىمە	headword	619_2L.png	unverified
D90-6-06978	يۇقىرى دەرىجىلىك ھايۋانلار	headword	620_1R.png	unverified
D90-6-06979	يۇقىرى دەرىجىلىك ئۆسۈملۈكلەر	headword	620_1R.png	unverified
D90-6-06980	يۇقىرى سوزۇق تاۋۇش	headword	620_1R.png	unverified
D90-6-06981	يۇقىرى سۈرئەتلىك تاشيول	headword	620_1R.png	unverified
D90-6-06982	يۇقىرىغا كۆتۈرۈش بېسىمى	headword	620_1R.png	unverified
D90-6-06983	يۇقىرىغا كۆتۈرۈلگەن ھاۋا ئېقىمى	headword	620_2L.png	unverified
D90-6-06984	يۇقىرىغا ياماشماق	headword	620_2L.png	unverified
D90-6-06985	يۇقىرى قاتلام	headword	620_2L.png	unverified
D90-6-06986	يۇقىرى قان بېسىمى	headword	620_2L.png	unverified
D90-6-06987	يۇقىرى قان بېسىمى كېسەللىكى	headword	620_2L.png	unverified
D90-6-06988	يۇقىرى كاربونلۇق پولات	headword	620_2L.png	unverified
D90-6-06989	يۇقىرى كۈلمىناتسىيە	headword	621_1R.png	unverified
D90-6-06990	يۇقىرى كۆتۈرمەك	headword	621_1R.png	unverified
D90-6-06991	يۇقىرى كۆتۈرۈلگۈچى ئېقىم	headword	621_1R.png	unverified
D90-6-06992	يۇقىرى مولېكۇلا	headword	621_1R.png	unverified
D90-6-06993	يۇقىرى مولېكۇلا خىمىيىسى	headword	621_1R.png	unverified
D90-6-06994	يۇقىرى مولېكۇلىلىق بىرىكمىلەر	headword	621_2L.png	unverified
D90-6-06995	يۇقىرى مۇقام	headword	621_2L.png	unverified
D90-6-06996	يۇقىرى ھاۋا بېسىمى	headword	621_2L.png	unverified
D90-6-06997	يۇقىرى ھاۋا بېسىمى رايونى	headword	621_2L.png	unverified
D90-6-06998	يۇقىرى ئوتتۇرا قاتلام	headword	621_2L.png	unverified
D90-6-06999	يۇقىرى ئۆرلىمەك	headword	621_2L.png	unverified
D90-6-07000	يۇقىرى ئېقىم	headword	622_1R.png	unverified
D90-6-07001	يۇقىرى ئېنېرگىيە فىزىكىسى	headword	622_1R.png	unverified
D90-6-07002	يۇقىرى ئېنېرگىيىلىك باغ	headword	622_1R.png	unverified
D90-6-07003	يۇقىرى ئېنېرگىيىلىك بىرىكمىلەر	headword	622_1R.png	unverified
D90-6-07004	يۇقىرى ئېنېرگىيىلىك فوسفات كىسلاتا بېغى	headword	622_1R.png	unverified
D90-6-07005	يۇقىرى ئېنېرگىيىلىك يېقىلغۇ	headword	622_1R.png	unverified
D90-6-07006	يۇقىرى ئىش ھەققى	headword	622_2L.png	unverified
D90-6-07007	يۇقىرى-تۆۋەن	headword	622_2L.png	unverified
D90-6-07008	يۇقىرىقى	headword	622_2L.png	unverified
D90-6-07012	يۇقىرىلاتماق	headword	623_1R.png	unverified
D90-6-07013	يۇقىرىلاشماق	headword	623_1R.png	unverified
D90-6-07014	يۇقىرىلىق	headword	623_1R.png	unverified
D90-6-07015	يۇقىرىلىماق	headword	623_1R.png	unverified
D90-6-07016	يۇكاۋا	headword	623_1R.png	unverified
D90-6-07018	يۇڭ	headword	623_1R.png	unverified
D90-6-07020	يۇڭ باش	headword	623_2L.png	unverified
D90-6-07021	يۇڭ توقماق	headword	623_2L.png	unverified
D90-6-07022	يۇڭ توقۇلما	headword	623_2L.png	unverified
D90-6-07023	يۇڭ تېرىكە	headword	623_2L.png	unverified
D90-6-07024	يۇڭ ساۋىماق	headword	623_2L.png	unverified
D90-6-07025	يۇڭداتقۇزماق	headword	623_2L.png	unverified
D90-6-07026	يۇڭداتماق	headword	623_2L.png	unverified
D90-6-07027	يۇڭداشماق	headword	623_2L.png	unverified
D90-6-07028	يۇڭدالماق	headword	623_2L.png	unverified
D90-6-07029	يۇڭدالغان توخۇدەك	headword	623_2L.png	unverified
D90-6-07030	يۇڭدىماق	headword	623_2L.png	unverified
D90-6-07031	يۇڭدىماي سوقماق	headword	624_1R.png	unverified
D90-6-07032	يۇڭسىز	headword	624_1R.png	unverified
D90-6-07033	يۇڭلۇق	headword	624_1R.png	unverified
D90-6-07034	يۇڭلۇق راك	headword	624_1R.png	unverified
D90-6-07035	يۇڭلۇق كەركىدان	headword	624_1R.png	unverified
D90-6-07036	يۇڭۇزلىماق	headword	624_2L.png	unverified
D90-6-07037	يۇلتۇز	headword	624_2L.png	unverified
D90-6-07043	يۇلتۇز تۈركۈمى جەدۋىلى	headword	625_1R.png	unverified
D90-6-07044	يۇلتۇز جەدۋىلى	headword	625_1R.png	unverified
D90-6-07045	يۇلتۇز سانىماق	headword	625_1R.png	unverified
D90-6-07046	يۇلتۇز سوتكىسى	headword	625_1R.png	unverified
D90-6-07047	يۇلتۇز شەكلىدە ئۇلاش	headword	625_1R.png	unverified
D90-6-07048	يۇلتۇزلار ئارا ماددىلار	headword	625_1R.png	unverified
D90-6-07049	يۇلتۇزلار ئائىلىسى	headword	625_2L.png	unverified
D90-6-07050	يۇلتۇزلار توپى	headword	625_2L.png	unverified
D90-6-07051	يۇلتۇزلار سىستېمىسى	headword	625_2L.png	unverified
D90-6-07052	يۇلتۇزلار ئېقىمى	headword	625_2L.png	unverified
D90-6-07053	يۇلتۇز ئۆيى	headword	625_2L.png	unverified
D90-6-07054	يۇلتۇز ئېتىقادچىلىقى	headword	625_2L.png	unverified
D90-6-07055	يۇلتۇز ئېيى	headword	625_2L.png	unverified
D90-6-07056	يۇلتۇزچە	headword	626_1R.png	unverified
D90-6-07057	يۇلتۇزسىز	headword	626_1R.png	unverified
D90-6-07058	يۇلتۇزسىمان	headword	626_1R.png	unverified
D90-6-07059	يۇلتۈزگۈل	headword	626_2L.png	unverified
D90-6-07060	يۇلتۇزلۇق	headword	626_2L.png	unverified
D90-6-07061	يۇلدۇرماق	headword	626_2L.png	unverified
D90-6-07062	يۇلغۇن	headword	626_2L.png	unverified
D90-6-07065	يۇلغۇن چېچىكى رەڭ	headword	627_1R.png	unverified
D90-6-07066	يۇلغۇن مېۋىسى	headword	627_1R.png	unverified
D90-6-07067	يۇلغۇنلۇق	headword	627_1R.png	unverified
D90-6-07068	يۇلقۇنماق	headword	627_1R.png	unverified
D90-6-07069	يۇلقۇنۇشماق	headword	627_1R.png	unverified
D90-6-07070	يۇلماق	headword	627_1R.png	unverified
D90-6-07071	يۇلۇشماق	headword	627_2L.png	unverified
D90-6-07072	يۇلۇن	headword	627_2L.png	unverified
D90-6-07077	يۇلۇن شۈكى	headword	628_1R.png	unverified
D90-6-07078	يۇلۇن فۇنكسىيىسى	headword	628_1R.png	unverified
D90-6-07079	يۇلۇن كاۋاكلىشىش	headword	628_1R.png	unverified
D90-6-07080	يۇلۇن ياللۇغى	headword	628_1R.png	unverified
D90-6-07081	يۇلۇنماق	headword	628_2L.png	unverified
D90-6-07082	يۇلىئان	headword	628_2L.png	unverified
D90-6-07083	يۇلىئان كالېندارى	headword	628_2L.png	unverified
D90-6-07084	يۇلىئان يىلى	headword	628_2L.png	unverified
D90-6-07085	يۇم	headword	629_1R.png	unverified
D90-6-07086	يۇماق	headword	629_1R.png	unverified
D90-6-07087	يۇمچاقلىماق	headword	629_1R.png	unverified
D90-6-07088	يۇمچە كلىمەە	headword	629_2L.png	unverified
D90-6-07089	يۇمدۇرماق	headword	629_2L.png	unverified
D90-6-07090	يۇمدۇرۇشماق	headword	629_2L.png	unverified
D90-6-07091	يۇمدۇرۇلماق	headword	629_2L.png	unverified
D90-6-07092	يۇمران	headword	629_2L.png	unverified
D90-6-07093	يۇمرانلاشماق	headword	629_2L.png	unverified
D90-6-07094	يۇمشاتماق	headword	629_2L.png	unverified
D90-6-07095	يۇمشاشماق	headword	629_2L.png	unverified
D90-6-07096	يۇمشاق	headword	629_2L.png	unverified
D90-6-07097	يۇمشاق پەن	headword	630_1R.png	unverified
D90-6-07098	يۇمشاق پۇل	headword	630_1R.png	unverified
D90-6-07099	يۇمشاق تاڭلاي	headword	630_1R.png	unverified
D90-6-07100	يۇمشاق تاڭلاي تاۋۇشى	headword	630_1R.png	unverified
D90-6-07101	يۇمشاق تەنلىكلەر	headword	630_2L.png	unverified
D90-6-07102	يۇمشاق تەنلىك ھايۋانلار	headword	630_2L.png	unverified
D90-6-07103	يۇمشاق توپا	headword	630_2L.png	unverified
D90-6-07104	يۇمشاق دېتال	headword	630_2L.png	unverified
D90-6-07114	يۇمشاق ماتېرىيال	headword	631_2L.png	unverified
D90-6-07105	يۇمشاق سۇ	headword	630_2L.png	unverified
D90-6-07106	يۇمشاق سۇپېر ئۆتكۈزگۈچ	headword	630_2L.png	unverified
D90-6-07107	يۇمشاق شانكىر	headword	630_2L.png	unverified
D90-6-07108	يۇمشاق قوراللار	headword	631_1R.png	unverified
D90-6-07109	يۇمشاق قول	headword	631_1R.png	unverified
D90-6-07110	يۇمشاق قوللۇق	headword	631_1R.png	unverified
D90-6-07111	يۇمشاق كۆڭۈل	headword	631_1R.png	unverified
D90-6-07112	يۇمشاق گەپ	headword	631_1R.png	unverified
D90-6-07113	يۇمشاق گەدەن	headword	631_1R.png	unverified
D90-6-07115	يۇمشاق ماگنىتلىق ماتېرىيال	headword	631_2L.png	unverified
D90-6-07116	يۇمشاق مانگان تېشى	headword	631_2L.png	unverified
D90-6-07117	يۇمشاق مانگان مەدىنى	headword	631_2L.png	unverified
D90-6-07118	يۇمشاق ماي	headword	632_1R.png	unverified
D90-6-07119	يۇمشاق مودېل	headword	632_1R.png	unverified
D90-6-07120	يۇمشاق ئۈزۈك تاۋۇش	headword	632_1R.png	unverified
D90-6-07121	يۇمشاقباش	headword	632_2L.png	unverified
D90-6-07122	يۇمشاقلاشماق	headword	632_2L.png	unverified
D90-6-07123	يۇمشاقلىق	headword	632_2L.png	unverified
D90-6-07124	يۇمشىتىلماق	headword	632_2L.png	unverified
D90-6-07125	يۇمشىماق	headword	632_2L.png	unverified
D90-6-07126	يۇمغاق	headword	633_1R.png	unverified
D90-6-07127	يۇمغاقسۈت	headword	633_1R.png	unverified
D90-6-07128	يۇمماق	headword	633_1R.png	unverified
D90-6-07129	يۇمۇر	headword	633_2L.png	unverified
D90-6-07131	يۇمۇرچى	headword	633_2L.png	unverified
D90-6-07132	يۇمۇرچىلىق	headword	633_2L.png	unverified
D90-6-07133	يۇمۇرلۇق	headword	633_2L.png	unverified
D90-6-07135	يۇمۇرماق	headword	634_1R.png	unverified
D90-6-07136	يۇمۇشلىماق	headword	634_1R.png	unverified
D90-6-07137	يۇمۇشماق	headword	634_1R.png	unverified
D90-6-07138	يۇمۇق	headword	634_1R.png	unverified
D90-6-07139	يۇمۇقلۇق	headword	634_1R.png	unverified
D90-6-07140	يۇمۇلماق	headword	634_1R.png	unverified
D90-6-07141	يۇمىلاپ-ئېغىناپ	headword	634_1R.png	unverified
D90-6-07142	يۇمىلاتماق	headword	634_1R.png	unverified
D90-6-07143	يۇمىلاچ	headword	634_1R.png	unverified
D90-6-07144	يۇمىلاشماق	headword	634_2L.png	unverified
D90-6-07145	يۇمىلاق	headword	634_2L.png	unverified
D90-6-07150	يۇمىلاق جوغا	headword	635_1R.png	unverified
D90-6-07151	يۇمىلاق زىراۋەندە	headword	635_1R.png	unverified
D90-6-07152	يۇمىلاق سۆز	headword	635_1R.png	unverified
D90-6-07153	يۇمىلاق قاقىلە	headword	635_1R.png	unverified
D90-6-07154	يۇمىلاق يوپۇرماقلىق بۇغىتاپىنى	headword	635_1R.png	unverified
D90-6-07155	يۇمىلاق يوپۇرماقلىق بوقانە	headword	635_2L.png	unverified
D90-6-07156	يۇمىلاق-تۈمۈلەك	headword	635_2L.png	unverified
D90-6-07157	يۇمىلاقلاتماق	headword	635_2L.png	unverified
D90-6-07158	يۇمىلاقلاشماق	headword	635_2L.png	unverified
D90-6-07159	يۇمىلاقلىنماق	headword	635_2L.png	unverified
D90-6-07160	يۇمىلاقلىق	headword	635_2L.png	unverified
D90-6-07161	يۇمىلاقلىماق	headword	636_1R.png	unverified
D90-6-07162	يۇملانماق	headword	636_1R.png	unverified
D90-6-07163	يۇمىلىماق	headword	636_1R.png	unverified
D90-6-07165	يۇم-يۇم	headword	636_1R.png	unverified
D90-6-07166	يۇم-يۇم يىغلىماق	headword	636_1R.png	unverified
D90-6-07167	يۇنان	headword	636_1R.png	unverified
D90-6-07168	يۇنان مەدەنىيىتى	headword	636_2L.png	unverified
D90-6-07169	يۇنانچە	headword	636_2L.png	unverified
D90-6-07170	يۇندى	headword	636_2L.png	unverified
D90-6-07171	يۇندى چىراي	headword	636_2L.png	unverified
D90-6-07172	يۇندىسىنى تىنقا كۆرسەتمەيدىغان	headword	636_2L.png	unverified
D90-6-07173	يۇندى يولى	headword	636_2L.png	unverified
D90-6-07174	يۇندىپۇرۇش	headword	637_1R.png	unverified
D90-6-07175	يۇندىپۇرۇشلۇق	headword	637_1R.png	unverified
D90-6-07176	يۇندىپۇرۇشلۇق قىلماق	headword	637_1R.png	unverified
D90-6-07177	يۇندىخور	headword	637_1R.png	unverified
D90-6-07178	يۇندىخورلۇق	headword	637_1R.png	unverified
D90-6-07179	يۇندىكەش	headword	637_1R.png	unverified
D90-6-07180	يۇندىكەشلىك	headword	637_1R.png	unverified
D90-6-07181	يۇنۇس	headword	637_1R.png	unverified
D90-6-07182	يۇنۇس بېلىقى	headword	637_1R.png	unverified
D90-6-07182-v1	دېڭىز	variant	637_1R.png	unverified
D90-6-07183	يۇنۇس بېلىقىچىلاپ ئۈزۈش	headword	637_2L.png	unverified
D90-6-07184	يۇيغۇرلار	headword	637_2L.png	unverified
D90-6-07185	يۇيما	headword	637_2L.png	unverified
D90-6-07186	يۇيما تاش سۇۋاق	headword	637_2L.png	verified
D90-6-07187	يۇيۇپ-تاراپ	headword	638_1R.png	unverified
D90-6-07188	يۇيۇپ-تاراپ يەرلىكىدە قويماق	headword	638_1R.png	unverified
D90-6-07189	يۇيۇش	headword	638_1R.png	unverified
D90-6-07191	يۇيۇشماق	headword	638_1R.png	unverified
D90-6-07192	يۇيۇق	headword	638_1R.png	unverified
D90-6-07193	يۇيۇقسىز	headword	638_1R.png	unverified
D90-6-07194	يۇيۇقلۇق	headword	638_1R.png	unverified
D90-6-07195	يۇيۇلماق	headword	638_1R.png	unverified
D90-6-07196	يۇيۇندۇرماق	headword	638_1R.png	unverified
D90-6-07197	يۇيۇندۇرۇشماق	headword	638_2L.png	unverified
D90-6-07198	يۇيۇندۇرۇلماق	headword	638_2L.png	unverified
D90-6-07199	يۇيۇنماق	headword	638_2L.png	unverified
D90-6-07200	يۆتەل	headword	638_2L.png	unverified
D90-6-07201	يۆتەلدۈرمەك	headword	638_2L.png	unverified
D90-6-07202	يۆتەللىك	headword	638_2L.png	unverified
D90-6-07203	يۆتەلمەك	headword	638_2L.png	unverified
D90-6-07204	يۆتكىتمەك	headword	639_1R.png	unverified
D90-6-07205	يۆتكەش	headword	639_1R.png	unverified
D90-6-07207	يۆتكەشمەك	headword	639_1R.png	unverified
D90-6-07208	يۆتكەلگەن	headword	639_1R.png	unverified
D90-6-07210	يۆتكەلمە	headword	639_2L.png	unverified
D90-6-07214	يۆتكەلمەك	headword	639_2L.png	unverified
D90-6-07215	يۆتكىگۈچى	headword	639_2L.png	unverified
D90-6-07217	يۆتكىلىش	headword	640_1R.png	unverified
D90-6-07218	يۆتكىلىشچان	headword	640_1R.png	unverified
D90-6-07219	يۆتكىمەك	headword	640_1R.png	unverified
D90-6-07220	يۆتۈك	headword	640_2L.png	unverified
D90-6-07221	يۆتىلىممەك	headword	640_2L.png	unverified
D90-6-07222	يۆگەتمەك	headword	640_2L.png	unverified
D90-6-07223	يۆگەشتۈرمەك	headword	640_2L.png	unverified
D90-6-07224	يۆگەشكۈچى	headword	640_2L.png	unverified
D90-6-07226	يۆگەشمە	headword	640_2L.png	unverified
D90-6-07227	يۆگەشمەك	headword	640_2L.png	unverified
D90-6-07228	يۆگەك	headword	641_1R.png	unverified
D90-6-07229	يۆگەكسىز	headword	641_1R.png	unverified
D90-6-07230	يۆگەكلەنمەك	headword	641_1R.png	unverified
D90-6-07231	يۆگەكلىك	headword	641_1R.png	unverified
D90-6-07232	يۆگەلمەك	headword	641_1R.png	unverified
D90-6-07233	يۆگەم	headword	641_1R.png	unverified
D90-6-07234	يۆگەم مېتىر	headword	641_2L.png	unverified
D90-6-07234-v1	يۆگىمە مېتىر	variant	641_2L.png	unverified
D90-6-07235	يۆگەنمەك	headword	641_2L.png	unverified
D90-6-07236	يۆگەي	headword	641_2L.png	unverified
D90-6-07237	يۆگىمە	headword	641_2L.png	unverified
D90-6-07239	يۆگىمەچ	headword	642_1R.png	unverified
D90-6-07242	يۆگىمەك	headword	642_1R.png	unverified
D90-6-07243	يۆگىنىشمەك	headword	642_1R.png	unverified
D90-6-07244	يۆلەتمەك	headword	642_2L.png	unverified
D90-6-07245	يۆلەشتۈرمەك	headword	642_2L.png	unverified
D90-6-07246	يۆلەشمەك	headword	642_2L.png	unverified
D90-6-07247	يۆلەك	headword	642_2L.png	unverified
D90-6-07249	يۆلەكچى	headword	643_1R.png	unverified
D90-6-07250	يۆلەكچىلىك	headword	643_1R.png	unverified
D90-6-07251	يۆلەكلىك	headword	643_1R.png	unverified
D90-6-07252	يۆلەن	headword	643_1R.png	unverified
D90-6-07252-v1	ئۆلەڭ	variant	643_1R.png	unverified
D90-6-07253	يۆلەنچۈك	headword	643_1R.png	unverified
D90-6-07256	يۆلەنچۈكلۈك ئورۇندۇق	headword	643_2L.png	unverified
D90-6-07256-v1	يۆلەنمە ئورۇندۇق	variant	643_2L.png	unverified
D90-6-07257	يۆلەنچى	headword	643_2L.png	unverified
D90-6-07258	يۆلەنچىسىز	headword	643_2L.png	unverified
D90-6-07259	يۆلەنمە	headword	643_2L.png	unverified
D90-6-07261	يۆلەنمەك	headword	643_2L.png	unverified
D90-6-07262	يۆلىمەك	headword	643_2L.png	unverified
D90-6-07263	يۆمەپ-چۆمەپ	headword	644_1R.png	unverified
D90-6-07264	يۆمەتمەك	headword	644_1R.png	unverified
D90-6-07265	يۆمەشتۈرمەك	headword	644_1R.png	unverified
D90-6-07266	يۆمەشمەك	headword	644_1R.png	unverified
D90-6-07267	يۆمەك	headword	644_1R.png	unverified
D90-6-07268	يۆمەكچى	headword	644_2L.png	unverified
D90-6-07270	يۆمەكلىك	headword	644_2L.png	unverified
D90-6-07271	يۆمەلمەك	headword	644_2L.png	unverified
D90-6-07272	يۆمىمەك	headword	644_2L.png	unverified
D90-6-07273	يۆنەلدۈرمەك	headword	644_2L.png	unverified
D90-6-07274	يۆنەلمەك	headword	645_1R.png	unverified
D90-6-07275	يۆنىلىش	headword	645_1R.png	unverified
D90-6-07279	يۆنىلىشچان	headword	645_2L.png	unverified
D90-6-07280	يۆنىلىشچانلىق	headword	645_2L.png	unverified
D90-6-07284	يۆنىلىشسىز	headword	646_1R.png	unverified
D90-6-07287	يۆنىلىشلىك	headword	646_1R.png	unverified
D90-6-07291	يۆنىلىشسىز — يۆەن شىكەي تەڭگىسى	headword	646_2L.png	unverified
D90-6-07292	يۆنىلىشلىك سۇنۇق سىزىق	headword	646_2L.png	unverified
D90-6-07293	يۆنىلىشلىك كېسىك	headword	646_2L.png	unverified
D90-6-07294	يۆنىلىشلىك مىكروفون	headword	646_2L.png	unverified
D90-6-07295	يۈەن	headword	646_2L.png	unverified
D90-6-07298	يۈەن شىكەي	headword	646_2L.png	unverified
D90-6-07300	يۈەنلىك	headword	647_1R.png	unverified
D90-6-07303	يۈدۈتمەك	headword	647_1R.png	unverified
D90-6-07304	يۈدۈشمەك	headword	647_1R.png	unverified
D90-6-07305	يۈدۈلمەك	headword	647_1R.png	unverified
D90-6-07306	يۈدۈمە	headword	647_1R.png	unverified
D90-6-07309	يۈدۈمەك	headword	647_2L.png	unverified
D90-6-07310	يۈدۈپ يۈرمەك	headword	647_2L.png	unverified
D90-6-07311	يۈدۈمچى	headword	647_2L.png	unverified
D90-6-07312	يۈرەك	headword	647_2L.png	unverified
D90-6-07313	يۈرەك ئاۋازى	headword	648_1R.png	unverified
D90-6-07314	يۈرەك ئەتراپى بوشلۇقى	headword	648_1R.png	unverified
D90-6-07315	يۈرەك پارىسى	headword	648_1R.png	unverified
D90-6-07316	يۈرەك تارى	headword	648_1R.png	unverified
D90-6-07319	يۈرەك تەپمەك	headword	648_2L.png	unverified
D90-6-07320	يۈرەكتە داغ قالماق	headword	648_2L.png	unverified
D90-6-07321	يۈرەك تۆشۈكچىسى	headword	648_2L.png	unverified
D90-6-07322	يۈرەكتىن چىقماسلىق	headword	648_2L.png	unverified
D90-6-07323	يۈرەكتىن قايناپ چىقماق	headword	648_2L.png	unverified
D90-6-07324	يۈرەك جاراھىتى	headword	648_2L.png	unverified
D90-6-07325	يۈرەك جايىغا چۈشمەك	headword	648_2L.png	unverified
D90-6-07326	يۈرەك جىغ قىلىپ قالماق	headword	649_1R.png	unverified
D90-6-07327	يۈرەك جىغىلدىماق	headword	649_1R.png	unverified
D90-6-07328	يۈرەك چىدىماىسلىق	headword	649_1R.png	unverified
D90-6-07329	يۈرەك دالانچىسى	headword	649_1R.png	unverified
D90-6-07330	يۈرەك رىتىمسىزلىقى	headword	649_2L.png	unverified
D90-6-07331	يۈرەك رىتىمى	headword	649_2L.png	unverified
D90-6-07332	يۈرەك زەردىسى	headword	649_2L.png	unverified
D90-6-07333	يۈرەك زەئىپلىكى	headword	649_2L.png	unverified
D90-6-07334	يۈرەك زېدىسى	headword	650_1R.png	unverified
D90-6-07364	يۈرەك يارىسى	headword	652_2L.png	unverified
D90-6-07335	يۈرەك سانجىقى	headword	650_1R.png	unverified
D90-6-07336	يۈرەك سۆزى	headword	650_1R.png	unverified
D90-6-07337	يۈرەك سۆيۈنمەك	headword	650_1R.png	unverified
D90-6-07338	يۈرەك سېلىش	headword	650_1R.png	unverified
D90-6-07339	يۈرەك قۇلىقى	headword	650_2L.png	unverified
D90-6-07340	يۈرەك قېپى	headword	650_2L.png	unverified
D90-6-07341	يۈرەك قېتى	headword	650_2L.png	unverified
D90-6-07342	يۈرەك قېرىنچىسى	headword	650_2L.png	unverified
D90-6-07343	يۈرەك قېنى سىڭمەك	headword	651_1R.png	unverified
D90-6-07344	يۈرەك قېنىنى سەرپ قىلماق	headword	651_1R.png	unverified
D90-6-07345	يۈرەككە تەگمەك	headword	651_1R.png	unverified
D90-6-07345-v1	كۆڭلىگە كەلمەك	variant	651_1R.png	unverified
D90-6-07346	يۈرەككە دەز كەتمەك	headword	651_1R.png	unverified
D90-6-07347	يۈرەككە ئوت سالماق	headword	651_1R.png	unverified
D90-6-07348	يۈرەككە ئوت ياقماق	headword	651_1R.png	unverified
D90-6-07349	يۈرەك كۈچى خوراش	headword	651_2L.png	unverified
D90-6-07350	يۈرەك كېسىلى	headword	651_2L.png	unverified
D90-6-07351	يۈرەك مۇسكۇلى	headword	651_2L.png	unverified
D90-6-07352	يۈرەك مۇسكۇلى ئۆلۈش	headword	651_2L.png	unverified
D90-6-07353	يۈرەكنى ئەزمەك	headword	652_1R.png	unverified
D90-6-07354	يۈرەكنى تىترەتمەك	headword	652_1R.png	unverified
D90-6-07355	يۈرەكنى چاك قىلماق	headword	652_1R.png	unverified
D90-6-07361	يۈرەكنى ئۆرتىمەك	headword	652_2L.png	unverified
D90-6-07356	يۈرەكنى داغلىماق	headword	652_1R.png	unverified
D90-6-07357	يۈرەكنى زېدە قىلماق	headword	652_1R.png	unverified
D90-6-07358	يۈرەكنى كۆيدۈرمەك	headword	652_1R.png	unverified
D90-6-07359	يۈرەكنىڭ بېغىشىغا تەگمەك	headword	652_2L.png	unverified
D90-6-07360	يۈرەكنىڭ قان چىقىرىش مىقدارى	headword	652_2L.png	unverified
D90-6-07362	يۈرەكنى يارا قىلماق	headword	652_2L.png	unverified
D90-6-07363	يۈرەك ھەرىكىتىنىڭ دەۋرلىكى	headword	652_2L.png	unverified
D90-6-07365	يۈرىكى ئارامغا چۈشمەك	headword	652_2L.png	unverified
D90-6-07428	يۈرىكى ئىزىغا چۈشمەك	headword	657_1R.png	unverified
D90-6-07366	يۈرىكى ئاغرىماق	headword	652_2L.png	unverified
D90-6-07366-v1	كۆڭلى ئاغرىماق	variant	652_2L.png	unverified
D90-6-07367	يۈرىكى ئاغزىغا تىقىلماق	headword	653_1R.png	unverified
D90-6-07368	يۈرىكى ئاغزىغا قاپلاشماق	headword	653_1R.png	unverified
D90-6-07369	يۈرىكى ئاغزىغا كەپلەشمەك	headword	653_1R.png	unverified
D90-6-07370	يۈرىكى ئاغماق	headword	653_1R.png	unverified
D90-6-07371	يۈرىكى ئەمىن تاپماق	headword	653_1R.png	unverified
D90-6-07372	يۈرىكى بار	headword	653_1R.png	unverified
D90-6-07373	يۈرىكى پارە-پارە بولماق	headword	653_1R.png	unverified
D90-6-07374	يۈرىكى پاك	headword	653_2L.png	unverified
D90-6-07374-v1	كۆڭلى پاك	variant	653_2L.png	unverified
D90-6-07375	يۈرىكى پوك-پوك	headword	653_2L.png	unverified
D90-6-07376	يۈرىكى پوكۈلدىماق	headword	653_2L.png	unverified
D90-6-07377	يۈرىكى پۇچۇلانماق	headword	653_2L.png	unverified
D90-6-07378	يۈرىكى پۈتۈن	headword	653_2L.png	unverified
D90-6-07378-v1	كۆڭلى پۈتۈن	variant	653_2L.png	unverified
D90-6-07379	يۈرىكى تارتماق	headword	653_2L.png	unverified
D90-6-07380	يۈرىكى تارتىشماق	headword	653_2L.png	unverified
D90-6-07381	يۈرىكى توق	headword	653_2L.png	unverified
D90-6-07382	يۈرىكى توم	headword	654_1R.png	unverified
D90-6-07384	يۈرىكى چوڭ	headword	654_1R.png	unverified
D90-6-07383	يۈرىكى تۇيماق	headword	654_1R.png	unverified
D90-6-07385	يۈرىكى چىقىپ كەتكىلى تاس قالماق	headword	654_1R.png	unverified
D90-6-07386	يۈرىكى چىلاشقۇدەك	headword	654_1R.png	unverified
D90-6-07387	يۈرىكىدە ساقلىماق	headword	654_1R.png	unverified
D90-6-07388	يۈرىكى دۈپۈلدىمەك	headword	654_2L.png	unverified
D90-6-07389	يۈرىكى زەرداب بولماق	headword	654_2L.png	unverified
D90-6-07390	يۈرىكى زەردابقا تولماق	headword	654_2L.png	unverified
D90-6-07391	يۈرىكى زېدە بولماق	headword	654_2L.png	unverified
D90-6-07392	يۈرىكى زېدىلەنمەك	headword	654_2L.png	unverified
D90-6-07393	يۈرىكى سالماق	headword	654_2L.png	unverified
D90-6-07394	يۈرىكى سۇ	headword	654_2L.png	unverified
D90-6-07395	يۈرىكى سۇ بولماق	headword	654_2L.png	unverified
D90-6-07396	ھولۇقماق	headword	655_1R.png	unverified
D90-6-07397	يۈرىكى سۇ ئىچمەك	headword	655_1R.png	unverified
D90-6-07398	يۈرىكى سىقىلماق	headword	655_1R.png	unverified
D90-6-07399	يۈرىكى قاپتەك	headword	655_1R.png	unverified
D90-6-07400	يۈرىكى قارت قىلماق	headword	655_1R.png	unverified
D90-6-07401	يۈرىكى قان بولماق	headword	655_1R.png	unverified
D90-6-07401-v1	زەرداب بولماق	variant	655_1R.png	unverified
D90-6-07402	يۈرىكى قانماق	headword	655_1R.png	unverified
D90-6-07403	يۈرىكى قەپىسىدىن چىقىپ كە تكۈدەلە بولماق	headword	655_1R.png	unverified
D90-6-07403-v1	يۈرىكى قىتىدىن چىقىپ كەتكۈدەك بولماق	variant	655_1R.png	unverified
D90-6-07404	يۈرىكى قېپىدىن چىقىپ كەتكۈدەك بولماق	headword	655_2L.png	unverified
D90-6-07406	يۈرىكى قىنىدىن چىقىپ كەتكۈدەك بولماق	headword	655_2L.png	unverified
D90-6-07405	يۈرىكى قىسىلماق	headword	655_2L.png	unverified
D90-6-07407	يۈرىكى قىنىغا پاتماسلىق	headword	655_2L.png	unverified
D90-6-07408	يۈرىكى كاۋاپ بولماق	headword	655_2L.png	unverified
D90-6-07448	يۈرەك-باغرى كاۋاپ بولماق	headword	658_2L.png	unverified
D90-6-07409	يۈرىكىگە سىغدۇرالماسلىق	headword	655_2L.png	unverified
D90-6-07410	يۈرىكىگە قول سالماق	headword	656_1R.png	unverified
D90-6-07411	يۈرىكىگە قول سېلىپ باقماق	headword	656_1R.png	unverified
D90-6-07412	يۈرىكىگە ئوت تۇتاشماق	headword	656_1R.png	unverified
D90-6-07413	يۈرىكىگە ئوت چۈشمەك	headword	656_1R.png	unverified
D90-6-07414	يۈرىكى مۇجۇلماق	headword	656_1R.png	unverified
D90-6-07414-v1	يۈرىكى ئېزىلمەك	variant	656_1R.png	unverified
D90-6-07415	يۈرىكى مۇزلىماق	headword	656_1R.png	unverified
D90-6-07416	يۈرىكىنى ئالماق	headword	656_1R.png	unverified
D90-6-07417	يۈرىكىنى تاتىلىماق	headword	656_2L.png	unverified
D90-6-07418	يۈرىكىنى توختاتماق	headword	656_2L.png	unverified
D90-6-07419	يۈرىكىنى تۇتۇپ كۆرمەك	headword	656_2L.png	unverified
D90-6-07420	يۈرىكىنى قاپتەك قىلماق	headword	656_2L.png	unverified
D90-6-07421	يۈرىكىنى يېمەك	headword	656_2L.png	unverified
D90-6-07422	يۈرىكى ئوت ئالماق	headword	656_2L.png	unverified
D90-6-07423	يۈرىكى ئورنىغا چۈشمەك	headword	657_1R.png	unverified
D90-6-07424	يۈرىكى ئويناپ كەتمەك	headword	657_1R.png	unverified
D90-6-07425	يۈرىكى ئوينىماق	headword	657_1R.png	unverified
D90-6-07426	يۈرىكى ئېچىشماق	headword	657_1R.png	unverified
D90-6-07427	يۈرىكى ئېرىمەك	headword	657_1R.png	unverified
D90-6-07429	يۈرىكى يارا	headword	657_1R.png	unverified
D90-6-07430	يۈرىكى بايرىماق	headword	657_1R.png	unverified
D90-6-07431	يۈرىكى يوغىنماق	headword	657_2L.png	unverified
D90-6-07432	يۈرىكى يوق	headword	657_2L.png	unverified
D90-6-07433	يۈرىكى يۇمشاق	headword	657_2L.png	unverified
D90-6-07433-v1	كۆڭلى يۇمشاق	variant	657_2L.png	unverified
D90-6-07434	يۈرىكى يېرىلغۇدەك بولماق	headword	657_2L.png	unverified
D90-6-07435	يۈرىكى يېرىلماق	headword	657_2L.png	unverified
D90-6-07436	يۈرەكئالدى	headword	657_2L.png	unverified
D90-6-07438	يۈرەكئالدى قىلىپ قويماق	headword	658_1R.png	unverified
D90-6-07439	يۈرەكئالدى قىلىۋەتمەك	headword	658_1R.png	unverified
D90-6-07440	يۈرەكئالدىلىق	headword	658_1R.png	unverified
D90-6-07441	يۈرەك-باغىر	headword	658_1R.png	unverified
D90-6-07442	يۈرەك-باغرى پۇچۇلانماق	headword	658_1R.png	unverified
D90-6-07443	يۈرەك-باغرى خۇن بولماق	headword	658_1R.png	unverified
D90-6-07446	يۈرەك-باغرى قان بولماق	headword	658_2L.png	unverified
D90-6-07444	يۈرەك-باغرى داغلانماق	headword	658_1R.png	unverified
D90-6-07445	يۈرەك-باغرىدىكىنى تۆكمەك	headword	658_2L.png	unverified
D90-6-07447	يۈرەك- باغرى قان-زەرداب بولماق	headword	658_2L.png	unverified
D90-6-07449	يۈرەك-باغرىنى ئەزمەك	headword	658_2L.png	unverified
D90-6-07450	يۈرەك-باغرىنى پارە قىلماق	headword	658_2L.png	unverified
D90-6-07451	يۈرەك-باغرىنى تۆكمەك	headword	658_2L.png	unverified
D90-6-07452	يۈرەكزادە	headword	659_1R.png	unverified
D90-6-07453	يۈرەكزادە بولماق	headword	659_1R.png	unverified
D90-6-07453-v1	يۈرەكئالدى بولماق	variant	659_1R.png	unverified
D90-6-07454	يۈرەكزادە قىلىپ قويماق	headword	659_1R.png	unverified
D90-6-07455	يۈرەكزادىلىك	headword	659_1R.png	unverified
D90-6-07456	يۈرەكسىز	headword	659_1R.png	unverified
D90-6-07457	يۈرەكسىزلىك	headword	659_1R.png	unverified
D90-6-07459	يۈرەكسىمان	headword	659_1R.png	unverified
D90-6-07461	يۈرەكلەنمەك	headword	659_2L.png	unverified
D90-6-07462	يۈرەكلىك	headword	659_2L.png	unverified
D90-6-07463	يۈرە-يۈرە	headword	659_2L.png	unverified
D90-6-07464	يۈرگۈزمەك	headword	659_2L.png	unverified
D90-6-07465	يۈرگۈزۈشمەك	headword	660_1R.png	unverified
D90-6-07466	يۈرگۈزۈلمەك	headword	660_1R.png	unverified
D90-6-07467	يۈرگىنى	headword	660_1R.png	unverified
D90-6-07468	يۈرمەك	headword	660_1R.png	unverified
D90-6-07469	يۈرۈپ كەتمەك	headword	661_1R.png	unverified
D90-6-07470	يۈرۈش	headword	661_1R.png	unverified
D90-6-07477	يۈرۈشى يوق	headword	662_1R.png	unverified
D90-6-07483	يۈرۈشسىز	headword	662_2L.png	unverified
D90-6-07478	يۈرۈش-تۇرۇش	headword	662_1R.png	unverified
D90-6-07479	يۈرۈشتۈرمەك	headword	662_1R.png	unverified
D90-6-07481	يۈرۈشتۈرۈشمەك	headword	662_2L.png	unverified
D90-6-07482	يۈرۈشتۈرۈلمەك	headword	662_2L.png	unverified
D90-6-07484	يۈرۈشلەشتۈرمەك	headword	662_2L.png	unverified
D90-6-07485	يۈرۈشلەشتۈرۈشمەك	headword	662_2L.png	unverified
D90-6-07486	يۈرۈشلەشتۈرۈلگەن	headword	662_2L.png	unverified
D90-6-07488	يۈرۈشلەشتۈرۈلمەك	headword	663_1R.png	unverified
D90-6-07489	يۈرۈشلەشكەن	headword	663_1R.png	unverified
D90-6-07491	يۈرۈشلەشمەك	headword	663_1R.png	unverified
D90-6-07492	يۈرۈشلۈك	headword	663_1R.png	unverified
D90-6-07493	يۈرۈشمەك	headword	663_2L.png	unverified
D90-6-07494	يۈرۈشۈپ كەتمەك	headword	663_2L.png	unverified
D90-6-07495	يۈرۈلمەك	headword	663_2L.png	unverified
D90-6-07496	يۈز	headword	664_1R.png	unverified
D90-6-07500	يۈز ئاچماق	headword	665_1R.png	unverified
D90-6-07501	يۈز ئارا بۇلۇڭى	headword	665_1R.png	unverified
D90-6-07502	يۈز بەرمەك	headword	665_1R.png	unverified
D90-6-07503	يۈز تايماق	headword	665_1R.png	unverified
D90-6-07504	يۈز تورى	headword	665_1R.png	unverified
D90-6-07505	يۈز تۇتماق	headword	665_1R.png	unverified
D90-6-07506	يۈز رېكونستروكسىيىسى	headword	665_2L.png	unverified
D90-6-07507	يۈز سوپۇن	headword	665_2L.png	unverified
D90-6-07508	يۈز قارىماق	headword	665_2L.png	unverified
D90-6-07509	يۈز كۆتۈرۈپ يۈرمەك	headword	665_2L.png	unverified
D90-6-07510	يۈز كۆرۈشمەك	headword	665_2L.png	unverified
D90-6-07511	يۈزگە ئۆتۈش	headword	666_1R.png	unverified
D90-6-07512	يۈز ماي	headword	666_1R.png	unverified
D90-6-07513	يۈز نېرۋىسى	headword	666_1R.png	verified
D90-6-07515	يۈز ئۆرۈمەك	headword	666_1R.png	unverified
D90-6-07516	يۈز ئېففېكتى	headword	666_2L.png	unverified
D90-6-07517	يۈزى ئاق	headword	666_2L.png	unverified
D90-6-07577	يۈزى يورۇق	headword	671_1R.png	unverified
D90-6-07518	يۈزى بار	headword	666_2L.png	unverified
D90-6-07519	يۈزى بولماق	headword	666_2L.png	unverified
D90-6-07520	يۈزى پولۇ قېلىن	headword	666_2L.png	unverified
D90-6-07521	يۈزى تۆكۈلمەك	headword	666_2L.png	unverified
D90-6-07522	يۈزى تۆۋەن	headword	666_2L.png	unverified
D90-6-07523	يۈزى چوڭ	headword	667_1R.png	unverified
D90-6-07524	يۈزى چوڭ كەلمەك	headword	667_1R.png	unverified
D90-6-07525	يۈزى چۈشۈپ كەتمەك	headword	667_1R.png	unverified
D90-6-07526	يۈزى چىدىماسلىق	headword	667_1R.png	unverified
D90-6-07527	يۈزى داپتەك	headword	667_1R.png	unverified
D90-6-07537	يۈزى قېلىن	headword	668_1R.png	unverified
D90-6-07528	يۈزىدە تۈكى بار	headword	667_1R.png	unverified
D90-6-07529	يۈزىدىن قېنى قاچماق	headword	667_1R.png	unverified
D90-6-07530	يۈزىدىن ئوت يانماق	headword	667_1R.png	unverified
D90-6-07531	يۈزىدىن يۈزىگە	headword	667_2L.png	unverified
D90-6-07532	يۈزى سارغايماق	headword	667_2L.png	unverified
D90-6-07533	يۈزى سۆرۈن	headword	667_2L.png	unverified
D90-6-07534	يۈزى قارا	headword	667_2L.png	unverified
D90-6-07534-v1	قارا يۈز	variant	667_2L.png	unverified
D90-6-07535	يۈزى قارىلىق	headword	667_2L.png	unverified
D90-6-07535-v1	قارا يۈزلۈك	variant	667_2L.png	unverified
D90-6-07536	يۈزى قالماسلىق	headword	667_2L.png	unverified
D90-6-07538	يۈزى قېلىنلىق	headword	668_1R.png	unverified
D90-6-07539	يۈزى قېلىنلىق قىلماق	headword	668_1R.png	unverified
D90-6-07540	يۈزى قىزارماق	headword	668_1R.png	unverified
D90-6-07541	يۈزى كەتمەك	headword	668_1R.png	unverified
D90-6-07542	يۈزىگە ئاياغ باسماق	headword	668_1R.png	unverified
D90-6-07543	يۈزىگە ئاياغ قويماق	headword	668_2L.png	unverified
D90-6-07544	يۈزىگە تۈكۈرمەك	headword	668_2L.png	unverified
D90-6-07545	يۈزىگە چىقماق	headword	668_2L.png	unverified
D90-6-07546	يۈزىگە سالماق	headword	668_2L.png	unverified
D90-6-07547	يۈزىگە سەت	headword	668_2L.png	unverified
D90-6-07548	يۈزىگە سۈرتمەك	headword	668_2L.png	unverified
D90-6-07549	يۈزىگە قارا سۈركىمەك	headword	668_2L.png	unverified
D90-6-07550	يۈزىگە قارا سۇۋىماق	headword	669_1R.png	unverified
D90-6-07551	يۈزىگە قارىماسلىق	headword	669_1R.png	unverified
D90-6-07552	يۈزىگە قارىماق	headword	669_1R.png	unverified
D90-6-07553	يۈزىگە قارىيالماسلىق	headword	669_1R.png	unverified
D90-6-07554	يۈزىگە قان يۈگۈرمەك	headword	669_1R.png	unverified
D90-6-07555	يۈزىگە ئېيتماق	headword	669_1R.png	unverified
D90-6-07556	يۈزى نېپىز	headword	669_2L.png	unverified
D90-6-07557	يۈزىنى ئايمىماق	headword	669_2L.png	unverified
D90-6-07558	يۈزىنى تۆكمەك	headword	669_2L.png	unverified
D90-6-07559	يۈزىنى چەم قىلماق	headword	669_2L.png	unverified
D90-6-07561	يۈزىنى داپتەك قىلماق	headword	669_2L.png	unverified
D90-6-07560	يۈزىنى چۈشۈرمەك	headword	669_2L.png	unverified
D90-6-07562	يۈزىنى دېمەك	headword	669_2L.png	unverified
D90-6-07563	يۈزىنى سىلىۋېتىپ گەپ قىلماق	headword	670_1R.png	unverified
D90-6-07564	يۈزىنى سىپىۋەتمەك	headword	670_1R.png	unverified
D90-6-07564-v1	ھۆرمەت، ئابرويىنى بىر ياققا قايرىپ قويماق	variant	670_1R.png	unverified
D90-6-07565	يۈزىنى قويماسلىق	headword	670_1R.png	unverified
D90-6-07566	يۈزىنى قىلماق	headword	670_1R.png	unverified
D90-6-07567	يۈزىنى كۆتۈرەلمەسلىك	headword	670_1R.png	unverified
D90-6-07568	يۈزىنى كۆرەلمەسلىك	headword	670_2L.png	unverified
D90-6-07569	يۈزىنى يەر قىلماق	headword	670_2L.png	unverified
D90-6-07570	يۈزىنى يەرگە ئۇرماق	headword	670_2L.png	unverified
D90-6-07571	يۈزىنى يورۇق قىلماق	headword	670_2L.png	unverified
D90-6-07572	يۈزى ئوچۇق	headword	670_2L.png	unverified
D90-6-07573	يۈزى ئوچۇق بولماق	headword	670_2L.png	unverified
D90-6-07574	يۈزى ئېچىلماق	headword	670_2L.png	unverified
D90-6-07575	يۈزى ئېچىلمىغان	headword	670_2L.png	unverified
D90-6-07576	يۈزى ئىسسىق	headword	671_1R.png	unverified
D90-6-07578	يۈزى يورۇق بولماق	headword	671_1R.png	unverified
D90-6-07579	يۈزى يوق	headword	671_1R.png	unverified
D90-6-07580	يۈز-ئابروي	headword	671_1R.png	unverified
D90-6-07581	يۈز ئاچقۇ	headword	671_1R.png	unverified
D90-6-07582	يۈزە	headword	671_2L.png	unverified
D90-6-07583	يۈزەكى	headword	671_2L.png	unverified
D90-6-07584	يۈزەكىلىك	headword	671_2L.png	unverified
D90-6-07585	يۈزەلىك	headword	671_2L.png	unverified
D90-6-07586	يۈزبېشى	headword	671_2L.png	verified
D90-6-07587	يۈزبېشىلىق	headword	671_2L.png	unverified
D90-6-07588	يۈزبېگى	headword	672_1R.png	unverified
D90-6-07589	يۈزتۇرا	headword	672_1R.png	unverified
D90-6-07590	يۈزتۇرانە	headword	672_1R.png	unverified
D90-6-07590-v1	يۈز تۇرا	variant	672_1R.png	unverified
D90-6-07591	يۈز-خاتىر	headword	672_1R.png	unverified
D90-6-07593	يۈزدەيۈز	headword	672_1R.png	unverified
D90-6-07594	يۈزسىز	headword	672_2L.png	unverified
D90-6-07595	يۈزسىزلەرچە	headword	672_2L.png	unverified
D90-6-07596	يۈزسىزلىك	headword	672_2L.png	unverified
D90-6-07597	يۈز-قول	headword	672_2L.png	unverified
D90-6-07598	يۈز-كۆز	headword	672_2L.png	unverified
D90-6-07599	يۈزلەپ	headword	672_2L.png	unverified
D90-6-07600	يۈزلەپ-مىڭلاپ	headword	672_2L.png	unverified
D90-6-07601	يۈزلەر	headword	673_1R.png	unverified
D90-6-07601-v1	يۈزلەر خانىسى	variant	673_1R.png	unverified
D90-6-07603	يۈزلەش	headword	673_1R.png	unverified
D90-6-07604	يۈزلەشتۈرمەك	headword	673_1R.png	unverified
D90-6-07605	يۈزلەشتۈرۈپ سۈرۈشتۈرۈش	headword	673_1R.png	unverified
D90-6-07606	يۈزلەشتۈرۈشمەك	headword	673_1R.png	unverified
D90-6-07607	يۈزلەشتۈرۈلمەك	headword	673_1R.png	unverified
D90-6-07608	يۈزلەشمەك	headword	673_1R.png	unverified
D90-6-07609	يۈزلەندۈرمەك	headword	673_1R.png	unverified
D90-6-07610	يۈزلەندۈرۈشمەك	headword	673_2L.png	unverified
D90-6-07611	يۈزلەندۈرۈلمەك	headword	673_2L.png	unverified
D90-6-07612	يۈزلەنمەك	headword	673_2L.png	unverified
D90-6-07613	يۈزلۈك	headword	673_2L.png	unverified
D90-6-07614	يۈزلۈك تەۋرەش دولقۇنى	headword	674_1R.png	unverified
D90-6-07615	يۈزلۈك زەرەت زىچلىقى	headword	674_1R.png	unverified
D90-6-07616	يۈزلۈك كېرىلىش كۈچى	headword	674_1R.png	unverified
D90-6-07617	يۈزلۈك كېرىلىش كۈچى كوئىنفىتسېنتى	headword	674_1R.png	unverified
D90-6-07618	يۈزلۈك ئۆلۈشلەر خانىسى	headword	674_1R.png	unverified
D90-6-07619	يۈزلۈك يورۇقلۇق	headword	674_1R.png	unverified
D90-6-07621	يۈزلۈك تۈزۈم	headword	674_1R.png	unverified
D90-6-07622	يۈزلىگەن	headword	674_2L.png	unverified
D90-6-07623	يۈزلىگەن-مىڭلىغان	headword	674_2L.png	unverified
D90-6-07624	يۈزلىنىشمەك	headword	674_2L.png	unverified
D90-6-07625	يۈزمۇيۈز	headword	674_2L.png	unverified
D90-6-07626	يۈزچە	headword	674_2L.png	unverified
D90-6-07627	يۈزىسىدىن	headword	674_2L.png	unverified
D90-6-07628	يۈزىنچى	headword	674_2L.png	unverified
D90-6-07629	يۈسۈن	headword	675_1R.png	unverified
D90-6-07631	يۈسۈنلەر	headword	675_1R.png	unverified
D90-6-07632	يۈك	headword	675_1R.png	unverified
D90-6-07633	يۈك ئاپتوموبىلى	headword	675_2L.png	unverified
D90-6-07634	يۈك بولماق	headword	675_2L.png	unverified
D90-6-07635	يۈك پاراخوتى	headword	675_2L.png	unverified
D90-6-07636	يۈك توشۇش تالونى	headword	675_2L.png	unverified
D90-6-07637	يۈك توشۇش زىچلىقى	headword	675_2L.png	unverified
D90-6-07638	يۈك ماشىنىسى	headword	676_1R.png	unverified
D90-6-07639	يۈكنى زىممىسىگە ئالماق	headword	676_1R.png	unverified
D90-6-07640	يۈك ئوبوروت مىقدارى	headword	676_1R.png	unverified
D90-6-07641	يۈك-تاق	headword	676_1R.png	unverified
D90-6-07642	يۈكچى	headword	676_1R.png	unverified
D90-6-07643	يۈكسەك	headword	676_1R.png	unverified
D90-6-07644	يۈكسەكلىك	headword	676_2L.png	unverified
D90-6-07645	يۈكسەلدۈرمەك	headword	676_2L.png	unverified
D90-6-07646	يۈكسەلدۈرۈشمەك	headword	676_2L.png	unverified
D90-6-07647	يۈكسەلدۈرۈلمەك	headword	676_2L.png	unverified
D90-6-07648	يۈكسەلمەك	headword	676_2L.png	unverified
D90-6-07649	يۈكسىز	headword	677_1R.png	unverified
D90-6-07651	يۈكلەتمەك	headword	677_1R.png	unverified
D90-6-07652	يۈكلەشمەك	headword	677_1R.png	unverified
D90-6-07653	يۈكلەنمەك	headword	677_1R.png	unverified
D90-6-07654	يۈكلۈك	headword	677_1R.png	unverified
D90-6-07656	يۈكلىمە	headword	677_1R.png	unverified
D90-6-07657	يۈكلىمە دولقۇن	headword	677_2L.png	unverified
D90-6-07658	يۈكلىمەك	headword	677_2L.png	unverified
D90-6-07659	يۈكۈنچ	headword	677_2L.png	unverified
D90-6-07661	يۈكۈندۈرمەك	headword	678_1R.png	unverified
D90-6-07662	يۈكۈندۈرۈشمەك	headword	678_1R.png	unverified
D90-6-07663	يۈكۈندۈرۈلمەك	headword	678_1R.png	unverified
D90-6-07664	يۈكۈنمەك	headword	678_1R.png	unverified
D90-6-07665	يۈكۈنۈشمەك	headword	678_1R.png	unverified
D90-6-07666	يۈگەن	headword	678_1R.png	unverified
D90-6-07668	يۈگە نەچە	headword	678_1R.png	unverified
D90-6-07669	يۈگەنچى	headword	678_2L.png	unverified
D90-6-07670	يۈگەنسىز	headword	678_2L.png	unverified
D90-6-07671	يۈگەنسىزلىك	headword	678_2L.png	unverified
D90-6-07672	يۈگەنلەتمەك	headword	678_2L.png	unverified
D90-6-07673	يۈگەنلەشمەك	headword	678_2L.png	unverified
D90-6-07674	يۈگەنلەكلىك	headword	678_2L.png	unverified
D90-6-07675	يۈگەنلەنمەك	headword	678_2L.png	unverified
D90-6-07676	يۈگەنلىك	headword	678_2L.png	unverified
D90-6-07677	يۈگەنلىمەك	headword	679_1R.png	unverified
D90-6-07678	يۈگۈرە-يۈگۈرە	headword	679_1R.png	unverified
D90-6-07679	يۈگۈرتمەك	headword	679_1R.png	unverified
D90-6-07680	يۈگۈرتۈشمەك	headword	679_1R.png	unverified
D90-6-07681	يۈگۈرتۈلمەك	headword	679_1R.png	unverified
D90-6-07682	يۈگۈرگەك	headword	679_1R.png	unverified
D90-6-07683	يۈگۈرمەك	headword	679_1R.png	unverified
D90-6-07684	يۈگۈرۈش	headword	679_2L.png	unverified
D90-6-07685	يۈگۈرۈش ئايىغى	headword	680_1R.png	unverified
D90-6-07686	يۈگۈرۈش مۇسابىقىسى	headword	680_1R.png	unverified
D90-6-07687	يۈگۈرۈش يولى	headword	680_1R.png	unverified
D90-6-07688	يۈگۈرۈشمەك	headword	680_1R.png	unverified
D90-6-07689	يۈگۈرۈك	headword	680_1R.png	unverified
D90-6-07690	يۈگۈر-يېتىم	headword	680_2L.png	unverified
D90-6-07691	يۈگۈر-يېتىمچى	headword	680_2L.png	unverified
D90-6-07694	يۈنگاڭ	headword	680_2L.png	unverified
D90-6-07700	يۈنمۇداش	headword	681_1R.png	unverified
D90-6-07701	يېپىشتۇرماق	headword	681_1R.png	unverified
D90-6-07702	يېپىشتۇرۇشماق	headword	681_1R.png	unverified
D90-6-07703	يېپىشتۇرۇلماق	headword	681_1R.png	unverified
D90-6-07704	يېپىشقاق	headword	681_2L.png	unverified
D90-6-07707	يېپىشقاق تىل	headword	682_1R.png	unverified
D90-6-07708	يېپىشقاق رەڭدار پەرۋانە	headword	682_1R.png	unverified
D90-6-07709	يېپىشقاق غازتايان	headword	682_1R.png	unverified
D90-6-07710	يېپىشقاق قۇرت	headword	682_2L.png	unverified
D90-6-07711	يېپىشقاق ئوت	headword	682_2L.png	unverified
D90-6-07712	يېپىشقاقلىق	headword	683_1R.png	unverified
D90-6-07715	يېپىشماق	headword	683_1R.png	unverified
D90-6-07717	يېپىشىش	headword	683_2L.png	unverified
D90-6-07719	يېپىق	headword	684_1R.png	unverified
D90-6-07724	يېپىق سوت	headword	684_2L.png	unverified
D90-6-07725	يېپىق قازان يېپىق پېتى قالماق	headword	684_2L.png	unverified
D90-6-07726	يېپىق قان ئايلىنىش	headword	684_2L.png	unverified
D90-6-07727	يېپىق قورۇ	headword	684_2L.png	unverified
D90-6-07728	يېپىق مېۋە	headword	684_2L.png	unverified
D90-6-07729	يېپىق ئۇرۇقلۇق ئۆسۈملۈكلەر	headword	684_2L.png	unverified
D90-6-07730	يېپىق ئىمتىھان	headword	685_1R.png	unverified
D90-6-07731	يېپىقلىق	headword	685_1R.png	unverified
D90-6-07732	يېپىقلىق تۇۋاق يېپىقلىق پېتى قالماق	headword	685_1R.png	unverified
D90-6-07733	يېپىقلىق قازان يېپىقلىق پېتى قالماق	headword	685_1R.png	unverified
D90-6-07734	يېپىلماق	headword	685_1R.png	unverified
D90-6-07735	يېپىنچا	headword	685_2L.png	unverified
D90-6-07739	يېپىنچاقلاتماق	headword	685_2L.png	unverified
D90-6-07740	يېپىنچاقلاشماق	headword	685_2L.png	unverified
D90-6-07741	يېپىنچاقلانماق	headword	685_2L.png	unverified
D90-6-07742	يېپىنچاقلىماق	headword	685_2L.png	unverified
D90-6-07743	يېپىنچىسىز	headword	686_1R.png	unverified
D90-6-07744	يېپىنماق	headword	686_1R.png	unverified
D90-6-07745	يېپىنىشماق	headword	686_1R.png	unverified
D90-6-07746	يېپيېڭى	headword	686_1R.png	unverified
D90-6-07747	يېپيېنىك	headword	686_1R.png	unverified
D90-6-07748	يېتەرسىز	headword	686_1R.png	unverified
D90-6-07750	يېتەرسىزلىك	headword	686_1R.png	unverified
D90-6-07751	يېتەرلىك	headword	686_2L.png	unverified
D90-6-07756	يېتەر-يەتمەس	headword	686_2L.png	unverified
D90-6-07757	يېتەكچى	headword	687_1R.png	unverified
D90-6-07761	يېتەكچى سۆز	headword	687_2L.png	unverified
D90-6-07762	يېتەكچى قاتلام	headword	687_2L.png	unverified
D90-6-07763	يېتەكچى ئىدىيە	headword	687_2L.png	unverified
D90-6-07764	يېتەكچىلىك	headword	687_2L.png	unverified
D90-6-07765	يېتەكلىتمەك	headword	687_2L.png	unverified
D90-6-07766	يېتەكلىشى	headword	687_2L.png	unverified
D90-6-07767	يېتەكلەشمەك	headword	688_1R.png	unverified
D90-6-07768	يېتەكلىنمەك	headword	688_1R.png	unverified
D90-6-07769	يېتەكلىمەك	headword	688_1R.png	unverified
D90-6-07770	يېتو	headword	688_1R.png	unverified
D90-6-07771	يېتوچى	headword	688_1R.png	unverified
D90-6-07772	يېتۈك	headword	688_2L.png	unverified
D90-6-07773	يېتىپ-قوپماق	headword	688_2L.png	unverified
D90-6-07774	يېتىر قاتماق	headword	688_2L.png	unverified
D90-6-07775	يېتىرقاشماق	headword	688_2L.png	unverified
D90-6-07776	يېتىرقىماق	headword	688_2L.png	unverified
D90-6-07777	يېتىش	headword	688_2L.png	unverified
D90-6-07778	يېتىش ھالىتى	headword	688_2L.png	unverified
D90-6-07779	يېتىشتۈرمەك	headword	689_1R.png	unverified
D90-6-07780	يېتىشتۈرۈشمەك	headword	689_1R.png	unverified
D90-6-07781	يېتىشتۈرۈلمەك	headword	689_1R.png	unverified
D90-6-07782	يېتىشسىز	headword	689_1R.png	unverified
D90-6-07783	يېتىشسىزلىك	headword	689_1R.png	unverified
D90-6-07784	يېتىشكەن	headword	689_1R.png	unverified
D90-6-07785	يېتىشماق	headword	689_1R.png	unverified
D90-6-07786	يېتىشمەك	headword	689_2L.png	unverified
D90-6-07787	يېتىلە تۈزمەك	headword	689_2L.png	unverified
D90-6-07788	يېتىلەتمەك	headword	689_2L.png	unverified
D90-6-07789	يېتىلەشمەك	headword	689_2L.png	unverified
D90-6-07790	يېتىلەش	headword	689_2L.png	unverified
D90-6-07791	يېتىلەكلىك	headword	689_2L.png	unverified
D90-6-07792	يېتىلەنمەك	headword	690_1R.png	unverified
D90-6-07793	يېتىلدۈرمەك	headword	690_1R.png	unverified
D90-6-07794	يېتىلدۈرۈشمەك	headword	690_1R.png	unverified
D90-6-07795	يېتىلدۈرۈلمەك	headword	690_1R.png	unverified
D90-6-07796	يېتىلگەن	headword	690_1R.png	unverified
D90-6-07800	يېتىلمەسلىك	headword	690_1R.png	unverified
D90-6-07801	يېتىلمەك	headword	690_1R.png	unverified
D90-6-07802	يېتىلىش	headword	690_1R.png	unverified
D90-6-07803	يېتىلىمەك	headword	690_2L.png	unverified
D90-6-07804	يېتىم	headword	690_2L.png	unverified
D90-6-07805	يېتىم ئاقساقال	headword	690_2L.png	unverified
D90-6-07806	يېتىم ئاقساقاللىق قىلماق	headword	691_1R.png	unverified
D90-6-07807	يېتىم بولماق	headword	691_1R.png	unverified
D90-6-07808	يېتىم تال	headword	691_1R.png	unverified
D90-6-07809	يېتىم تىرناق	headword	691_1R.png	unverified
D90-6-07810	يېتىم قالماق	headword	691_1R.png	unverified
D90-6-07811	يېتىم قول	headword	691_1R.png	unverified
D90-6-07812	يېتىم قوۋۇرغا	headword	691_2L.png	unverified
D90-6-07813	يېتىم قىلماق	headword	691_2L.png	unverified
D90-6-07814	يېتىم ھەققى	headword	691_2L.png	unverified
D90-6-07815	يېتىم ئوچاق	headword	691_2L.png	unverified
D90-6-07816	يېتىم ئوغلاق	headword	691_2L.png	unverified
D90-6-07818	يېتىمەك	headword	692_1R.png	unverified
D90-6-07819	يېتىمچى	headword	692_1R.png	unverified
D90-6-07820	يېتىمچىلىك	headword	692_1R.png	unverified
D90-6-07821	يېتىمچىلىماق	headword	692_1R.png	unverified
D90-6-07822	يېتىمسىرەتمەك	headword	692_1R.png	unverified
D90-6-07823	يېتىمسىرەشمەك	headword	692_1R.png	unverified
D90-6-07824	يېتىمسىرىمە	headword	692_2L.png	unverified
D90-6-07825	يېتىملىك	headword	692_2L.png	unverified
D90-6-07826	يېتىم-يېسىر	headword	692_2L.png	unverified
D90-6-07827	يېتىنمەك	headword	692_2L.png	unverified
D90-6-07828	يېتىنشىمەك	headword	692_2L.png	unverified
D90-6-07829	يېرسىي	headword	692_2L.png	unverified
D90-6-07830	يېرسىي يۇلتۇز تۈركۈمى	headword	692_2L.png	unverified
D90-6-07831	يېرىش	headword	693_1R.png	unverified
D90-6-07832	يېرىشماق	headword	693_1R.png	unverified
D90-6-07833	يېرىق	headword	693_1R.png	unverified
D90-6-07836	يېرىقچە	headword	693_1R.png	unverified
D90-6-07838	يېرىقلىق	headword	693_1R.png	unverified
D90-6-07839	يېرىلدۇرماق	headword	693_1R.png	unverified
D90-6-07840	يېرىلغا	headword	693_2L.png	unverified
D90-6-07840-v1	تاغ تېپىكى	variant	693_2L.png	unverified
D90-6-07841	يېرىلما	headword	693_2L.png	unverified
D90-6-07843	يېرىلماق	headword	693_2L.png	unverified
D90-6-07844	يېرىلغۇدەك بولماق	headword	693_2L.png	unverified
D90-6-07845	يېرىلىپ كەتكۈدەك بولماق	headword	694_1R.png	unverified
D90-6-07846	يېرىلىدىغان	headword	694_1R.png	unverified
D90-6-07848	يېرىلىش	headword	694_1R.png	unverified
D90-6-07849	يېرىم	headword	694_1R.png	unverified
D90-6-07850	يېرىم ئاپتوماتىك	headword	694_2L.png	unverified
D90-6-07851	يېرىم ئاچ، يېرىم توق	headword	694_2L.png	unverified
D90-6-07852	يېرىم ئارال	headword	694_2L.png	unverified
D90-6-07853	يېرىم ئانتىگېن	headword	694_2L.png	unverified
D90-6-07854	يېرىم ئاھاڭ	headword	694_2L.png	unverified
D90-6-07855	يېرىم ئاۋاز	headword	694_2L.png	unverified
D90-6-07856	يېرىم ئايسىمان قاپقاق	headword	695_1R.png	unverified
D90-6-07857	يېرىم ئايلانما كانال	headword	695_1R.png	unverified
D90-6-07858	يېرىم ئايلانما نەيچە	headword	695_1R.png	unverified
D90-6-07860	يېرىم باھا	headword	695_1R.png	unverified
D90-6-07861	يېرىم بىسلىق خەنجەر	headword	695_1R.png	unverified
D90-6-07862	يېرىم پالەچ	headword	695_2L.png	unverified
D90-6-07863	يېرىم پرولېتارىيات	headword	695_2L.png	unverified
D90-6-07864	يېرىم تەكشىلىك	headword	695_2L.png	unverified
D90-6-07865	يېرىم تەييار مەھسۇلات	headword	695_2L.png	unverified
D90-6-07866	يېرىم تۆۋەن سوزۇق تاۋۇش	headword	695_2L.png	unverified
D90-6-07867	يېرىم تۈز سىزىق	headword	696_1R.png	unverified
D90-6-07868	يېرىم تۈن	headword	696_1R.png	unverified
D90-6-07891	يېرىم كېچە	headword	697_2L.png	unverified
D90-6-07869	يېرىم جان	headword	696_1R.png	unverified
D90-6-07870	يېرىم چاتقال	headword	696_1R.png	unverified
D90-6-07871	يېرىم چەمبەر	headword	696_1R.png	unverified
D90-6-07872	يېرىم چەمبەرلىك شەكىل	headword	696_2L.png	unverified
D90-6-07873	يېرىم دولقۇن پلاستىنكىسى	headword	696_2L.png	unverified
D90-6-07874	يېرىم دولقۇنلۇق توك توغرىلاش	headword	696_2L.png	unverified
D90-6-07875	يېرىم دولقۇن يوقىتىش	headword	696_2L.png	unverified
D90-6-07876	يېرىم دۆگىلەك	headword	696_2L.png	unverified
D90-6-07877	يېرىم دىدار	headword	696_2L.png	unverified
D90-6-07878	يېرىم سايە	headword	696_2L.png	unverified
D90-6-07879	يېرىم سەرلىك پۇل	headword	696_2L.png	unverified
D90-6-07880	يېرىم سوزۇق تاۋۇش	headword	697_1R.png	unverified
D90-6-07881	يېرىم سوتسىيالىستىك ئىگىلىك	headword	697_1R.png	unverified
D90-6-07882	يېرىم سۈزۈك پەردە	headword	697_1R.png	unverified
D90-6-07883	يېرىم شار	headword	697_1R.png	unverified
D90-6-07884	يېرىم فېئوداللىق جەمئىيەت	headword	697_1R.png	unverified
D90-6-07885	يېرىم قورساق بولماق	headword	697_2L.png	unverified
D90-6-07886	يېرىم كونۇس سىرتى	headword	697_2L.png	unverified
D90-6-07887	يېرىم كۇبلۇق پارابولا	headword	697_2L.png	unverified
D90-6-07888	يېرىم كۇبلۇق ھپېربولا	headword	697_2L.png	unverified
D90-6-07889	يېرىم كۆلەڭگە	headword	697_2L.png	unverified
D90-6-07890	يېرىم كۈنلۈك تۈزۈمىدىكى مەكتەپ	headword	697_2L.png	unverified
D90-6-07892	يېرىم مۇستەملىكە	headword	698_1R.png	unverified
D90-6-07893	يېرىم مۇستەملىكە، يېرىم فېئوداللىق جەمئىيەت	headword	698_1R.png	unverified
D90-6-07894	يېرىم مېتال	headword	698_1R.png	unverified
D90-6-07895	يېرىم مېتال پارقىراقلىقى	headword	698_1R.png	unverified
D90-6-07896	يېرىم ئوچۇق ئارىلىق	headword	698_2L.png	unverified
D90-6-07897	يېرىم ئۆتكۈزگۈچ	headword	698_2L.png	unverified
D90-6-07898	يېرىم ئۆتكۈزگۈچ فىزىكىسى	headword	698_2L.png	unverified
D90-6-07899	يېرىم ئۆتكۈزگۈچلۈك توپلاشتۇرۇلغان توك يولى	headword	698_2L.png	unverified
D90-6-07900	يېرىم ئۆتكۈزگۈچلۈك دېتېكتور	headword	699_1R.png	unverified
D90-6-07901	يېرىم ئۆتكۈزگۈچلۈك دىئود	headword	699_1R.png	unverified
D90-6-07902	يېرىم ئۆتكۈزگۈچلۈك گاز سېنزورى	headword	699_1R.png	unverified
D90-6-07903	يېرىم ئۆتكۈزگۈچلۈك لازېر	headword	699_1R.png	unverified
D90-6-07904	يېرىم ئۆتكۈزگۈچلۈك مۇزلىتىش	headword	699_1R.png	unverified
D90-6-07905	يېرىم ئۆتكۈزگۈچلۈك ئۈچ قۇتۇپلۇق لامپا	headword	699_1R.png	unverified
D90-6-07906	يېرىم ئۆتكۈزگۈچنىڭ ئىسسىقلىق ئۆتكۈزۈشچانلىقى	headword	699_1R.png	unverified
D90-6-07907	يېرىم ئۆزگىرىشچان كوندېنساتور	headword	699_2L.png	unverified
D90-6-07908	يېرىم ئېنىق زەمبۇرۇغلار	headword	699_2L.png	unverified
D90-6-07909	يېرىم ياللانما	headword	699_2L.png	unverified
D90-6-07910	يېرىم يالىڭاچ	headword	699_2L.png	unverified
D90-6-07911	يېرىم يولدا	headword	699_2L.png	unverified
D90-6-07912	يېرىم يۇقىرى سوزۇق تاۋۇش	headword	700_1R.png	unverified
D90-6-07913	يېرىم يىمىرىلىش دەۋرى	headword	700_1R.png	unverified
D90-6-07914	يېرىملاتماق	headword	700_1R.png	unverified
D90-6-07915	يېرىملاشتۇرماق	headword	700_1R.png	unverified
D90-6-07916	يېرىملاشتۇرۇلماق	headword	700_1R.png	unverified
D90-6-07917	يېرىملاشماق	headword	700_2L.png	unverified
D90-6-07918	يېرىملىق	headword	700_2L.png	unverified
D90-6-07919	يېرىملىماق	headword	700_2L.png	unverified
D90-6-07920	يېرىم-يارتا	headword	700_2L.png	unverified
D90-6-07921	يېرىندى	headword	700_2L.png	unverified
D90-6-07922	يېزا	headword	700_2L.png	unverified
D90-6-07923	يېزا ئامانەت-قەرز كوپىراتىپى	headword	701_1R.png	unverified
D90-6-07924	يېزا پرولېتارىياتى	headword	701_1R.png	unverified
D90-6-07924-v1	ياللانما دېھقان	variant	701_1R.png	unverified
D90-6-07925	يېزا پۇل مۇئامىلىسى	headword	701_1R.png	unverified
D90-6-07926	يېزا جامائەسى	headword	701_1R.png	unverified
D90-6-07927	يېزا خەلق گوممۇنىسى	headword	701_1R.png	unverified
D90-6-07928	يېزا مېموراندۇم راسچوتى	headword	701_1R.png	unverified
D90-6-07929	يېزا ئىگىلىك ئاساسىي قۇرۇلۇشى	headword	701_2L.png	unverified
D90-6-07930	يېزا ئىگىلىك ئەمگەك ئۈنۈمدارلىقى	headword	701_2L.png	unverified
D90-6-07931	يېزا ئىگىلىك بوغالتىرلىقى	headword	701_2L.png	unverified
D90-6-07932	يېزا ئىگىلىك بېجى	headword	702_1R.png	unverified
D90-6-07933	يېزا ئىگىلىك تاۋار مەھسۇلات قىممىتى	headword	702_1R.png	unverified
D90-6-07934	يېزا ئىگىلىك تەبىئىي بايلىقلىرى	headword	702_1R.png	unverified
D90-6-07935	يېزا ئىگىلىك تېخنىكىسى	headword	702_1R.png	unverified
D90-6-07936	يېزا ئىگىلىك جۇغراپىيىسى	headword	702_1R.png	unverified
D90-6-07937	يېزا ئىگىلىك خىمىيىسى	headword	702_1R.png	unverified
D90-6-07938	يېزا ئىگىلىك دورىلىرى	headword	702_2L.png	unverified
D90-6-07939	يېزا ئىگىلىك دۆلىتى	headword	702_2L.png	unverified
D90-6-07940	يېزا ئىگىلىك ساپ مەھسۇلات قىممىتى	headword	702_2L.png	unverified
D90-6-07941	يېزا ئىگىلىك سانائەت-سودا بىرلەشمىسى	headword	702_2L.png	unverified
D90-6-07942	يېزا ئىگىلىك ساھەلىرى قۇرۇلمىسى	headword	703_1R.png	unverified
D90-6-07943	يېزا ئىگىلىكى سوتسىيالىزىمى	headword	703_1R.png	unverified
D90-6-07944	يېزا ئىگىلىك كرېدىتى	headword	703_1R.png	unverified
D90-6-07945	يېزا ئىگىلىك كرىزىسى	headword	703_1R.png	unverified
D90-6-07946	يېزا ئىگىلىك كلىماتولوگىيىسى	headword	703_1R.png	unverified
D90-6-07947	يېزا ئىگىلىك ماشىنا-سايمانلىرى	headword	703_2L.png	unverified
D90-6-07948	يېزا ئىگىلىك مەھسۇلاتلىرىنىڭ تاۋارلىق نىسبىتى	headword	703_2L.png	unverified
D90-6-07949	يېزا ئىگىلىك مېتېئورولوگىيىسى	headword	703_2L.png	unverified
D90-6-07950	يېزا ئىگىلىك ھاۋا رايى مەلۇماتى	headword	704_1R.png	unverified
D90-6-07951	يېزا ئىگىلىك ئورگانىك دورىلىرى	headword	704_1R.png	unverified
D90-6-07952	يېزا ئىگىلىك ئومۇمىي مەھسۇلات قىممىتى	headword	704_1R.png	unverified
D90-6-07953	يېزا ئىگىلىكى	headword	704_2L.png	unverified
D90-6-07954	يېزا ئىگىلىك ئىشلەپچىقىرىش مەھسۇلاتىنىڭ تاۋارلىق نىسبىتى	headword	704_2L.png	unverified
D90-6-07955	يېزا ئىگىلىك ئىشلەپچىقىرىش قەرزى	headword	704_2L.png	unverified
D90-6-07956	يېزا ئىگىلىك ئىشلەپچىقىرىش مەسئۇلىيەت تۈزۈمى	headword	704_2L.png	unverified
D90-6-07957	يېزا ئىگىلىك ئىقلىم بايلىقى	headword	704_2L.png	unverified
D90-6-07958	يېزا ئىگىلىكىنى تېخنىكا جەھەتتىن ئۆزگەرتىش	headword	705_1R.png	unverified
D90-6-07959	يېزا ئىگىلىكىنىڭ رايونلارغا بۆلۈنۈشى	headword	705_1R.png	unverified
D90-6-07960	يېزا ئىگىلىكىنىڭ ماشىنلىشىش دەرىجىسى	headword	705_1R.png	unverified
D90-6-07961	يېزا ئىگىلىكىنىڭ ئومۇمىي گەۋدە قۇرۇلمىسى	headword	705_1R.png	unverified
D90-6-07962	يېزا ئىگىلىكىنى ئۇنىۋېرسال راۋاجلاندۇرۇش	headword	705_2L.png	unverified
D90-6-07963	يېزا ئىگىلىكىنى ئىجتىمائىيلاشتۇرۇش	headword	705_2L.png	unverified
D90-6-07964	يېزا ئىگىلىكىنى ئىلمىيلاشتۇرۇش	headword	705_2L.png	unverified
D90-6-07965	يېزا ئىگىلىك ياللانما ئىشچىسى	headword	705_2L.png	unverified
D90-6-07966	يېزىلاردىكى دەسلەپكى بازار	headword	705_2L.png	unverified
D90-6-07967	يېزىلاردىكى كوللېكتىپ مۈلۈكچىلىك ئىگىلىكى	headword	706_1R.png	unverified
D90-6-07968	يېزىلاردىكى يېڭى ئىقتىسادىي بىرلەشمىلەر	headword	706_1R.png	unverified
D90-6-07969	يېزا-بازار	headword	706_1R.png	unverified
D90-6-07970	يېزا-بازار سودىسى	headword	706_1R.png	unverified
D90-6-07971	يېزا-بازار كارخانىسى	headword	706_1R.png	unverified
D90-6-07972	يېزا-قىشلاق	headword	706_1R.png	unverified
D90-6-07973	يېزا-كەنت	headword	706_2L.png	unverified
D90-6-07974	يېزنە	headword	706_2L.png	unverified
D90-6-07976	يېزىخو ئەمنى	headword	706_2L.png	unverified
D90-6-07977	يېزىداش	headword	706_2L.png	unverified
D90-6-07978	يېزىش	headword	707_1R.png	unverified
D90-6-07980	يېزىشماق	headword	707_1R.png	unverified
D90-6-07981	يېزىق	headword	707_1R.png	unverified
D90-6-07982	يېزىق تەرجىمىسى	headword	707_1R.png	unverified
D90-6-07983	يېزىق تىلى	headword	707_1R.png	unverified
D90-6-07984	يېزىق ئۆزگەرتىش	headword	707_2L.png	unverified
D90-6-07985	يېزىق ئۈستىلى	headword	707_2L.png	unverified
D90-6-07986	يېزىقچىلىق	headword	707_2L.png	unverified
D90-6-07987	يېزىقسىز	headword	707_2L.png	unverified
D90-6-07988	يېزىقتۇناس	headword	708_1R.png	unverified
D90-6-07989	يېزىقتۇناسلىق	headword	708_1R.png	unverified
D90-6-07990	يېزىقلىق	headword	708_1R.png	unverified
D90-6-07991	يېزىلماق	headword	708_1R.png	unverified
D90-6-07992	يېزىلمىش	headword	708_1R.png	unverified
D90-6-07993	يېزىلىق	headword	708_1R.png	unverified
D90-6-07994	يېسسى	headword	708_2L.png	unverified
D90-6-07995	يېسسى بۇرمىلىق قۇلۇلە	headword	708_2L.png	unverified
D90-6-07996	يېسسى بېلىق	headword	708_2L.png	unverified
D90-6-07997	يېسسىلاتقۇزماق	headword	708_2L.png	unverified
D90-6-07998	يېسسىلاتماق	headword	708_2L.png	unverified
D90-6-07999	يېسسىلاشماق	headword	708_2L.png	unverified
D90-6-08000	يېسسىلانماق	headword	708_2L.png	unverified
D90-6-08001	يېسسىلىماق	headword	708_2L.png	unverified
D90-6-08002	يېسسىمۇق	headword	708_2L.png	unverified
D90-6-08003	يېسقاق	headword	709_1R.png	unverified
D90-6-08004	يېسىر	headword	709_1R.png	unverified
D90-6-08005	يېشىرقىماق	headword	709_1R.png	unverified
D90-6-08006	يېشىش	headword	709_1R.png	unverified
D90-6-08007	يېشىشمەك	headword	709_1R.png	unverified
D90-6-08008	يېشىكسىز	headword	709_1R.png	unverified
D90-6-08009	يېشىل	headword	709_2L.png	verified
D90-6-08013	يېشىل پاقا	headword	710_1R.png	unverified
D90-6-08014	يېشىل پلاست	headword	710_1R.png	unverified
D90-6-08015	يېشىل تارشاش جىنس	headword	710_1R.png	unverified
D90-6-08016	يېشىل تاشپاقا	headword	710_1R.png	unverified
D90-6-08017	يېشىل جىنس	headword	710_2L.png	unverified
D90-6-08018	يېشىل چارپاقا	headword	710_2L.png	unverified
D90-6-08019	يېشىل چىت	headword	710_2L.png	unverified
D90-6-08020	يېشىل چىراغ	headword	710_2L.png	unverified
D90-6-08021	يېشىل ئوغۇت	headword	710_2L.png	unverified
D90-6-08022	يېشىل ئوغۇت زىرائەتلىرى	headword	711_1R.png	unverified
D90-6-08023	يېشىل ئۆسۈملۈكلەر	headword	711_1R.png	unverified
D90-6-08024	يېشىل ياقۇت	headword	711_1R.png	unverified
D90-6-08025	يېشىل يۈسۈنلەر	headword	711_1R.png	unverified
D90-6-08026	يېشىل يىڭناغۇچ	headword	711_2L.png	unverified
D90-6-08027	يېشىل يىلان	headword	711_2L.png	unverified
D90-6-08028	يېشىلچىلىق	headword	711_2L.png	unverified
D90-6-08029	يېشىلزارلىق	headword	711_2L.png	unverified
D90-6-08031	يېشىللىق	headword	712_1R.png	unverified
D90-6-08030	يېشىلقات	headword	711_2L.png	unverified
D90-6-08032	يېشىللەمەك	headword	712_1R.png	unverified
D90-6-08033	يېشىم	headword	712_1R.png	unverified
D90-6-08034	يېشىندۈرمەك	headword	712_2L.png	unverified
D90-6-08035	يېشىندۈرۈشمەك	headword	712_2L.png	unverified
D90-6-08036	يېشىنمەك	headword	712_2L.png	unverified
D90-6-08037	يېشىنىشمەك	headword	712_2L.png	unverified
D90-6-08038	يېغا	headword	712_2L.png	unverified
D90-6-08040	يېغىر	headword	712_2L.png	unverified
D90-6-08041	يېغىرىغا تەگمەك	headword	713_1R.png	unverified
D90-6-08042	يېغىرىغا تۇز سەپمەك	headword	713_1R.png	unverified
D90-6-08043	يېغىرىغا تۇز قۇيماق	headword	713_1R.png	unverified
D90-6-08044	يېغىرىنى ئاچماق	headword	713_1R.png	unverified
D90-6-08045	يېغىرىنى تاتىلىماق	headword	713_1R.png	unverified
D90-6-08046	يېغىرىنى كولىماق	headword	713_1R.png	unverified
D90-6-08047	يېغىرىنى ئېچىشتۇرماق	headword	713_1R.png	unverified
D90-6-08048	يېغىرىنى ياپماق	headword	713_1R.png	unverified
D90-6-08049	يېغىردان	headword	713_2L.png	unverified
D90-6-08050	يېغلاشماق	headword	713_2L.png	unverified
D90-6-08051	يېغىلىق	headword	713_2L.png	unverified
D90-6-08052	يېغىن	headword	713_2L.png	unverified
D90-6-08055	يېغىن ياغماق	headword	714_1R.png	unverified
D90-6-08056	يېغىنگەرچىلىك	headword	714_1R.png	unverified
D90-6-08057	يېغىن-يېشىن	headword	714_1R.png	unverified
D90-6-08058	يېقىشلىق	headword	714_1R.png	unverified
D90-6-08059	يېقىشماق	headword	714_1R.png	unverified
D90-6-08060	يېقىقسىز	headword	714_1R.png	unverified
D90-6-08061	يېقىتلىق	headword	714_1R.png	unverified
D90-6-08062	يېقىلغۇ	headword	714_2L.png	unverified
D90-6-08066	يېقىلغۇلۇق	headword	714_2L.png	unverified
D90-6-08067	يېقىلماق	headword	715_1R.png	unverified
D90-6-08068	يېقىم	headword	715_1R.png	unverified
D90-6-08069	يېقىمسىز	headword	715_1R.png	unverified
D90-6-08070	يېقىمسىزلىق	headword	715_1R.png	unverified
D90-6-08071	يېقىملىق	headword	715_1R.png	unverified
D90-6-08072	يېقىملىقلىق	headword	715_2L.png	unverified
D90-6-08073	يېقىن	headword	715_2L.png	unverified
D90-6-08074	يېقىن ئارىدا	headword	716_2L.png	unverified
D90-6-08075	يېقىن ئاۋاز مەيدانى	headword	716_2L.png	unverified
D90-6-08076	يېقىن ئەتراپتا	headword	716_2L.png	unverified
D90-6-08077	يېقىن بولماق	headword	716_2L.png	unverified
D90-6-08078	يېقىن تەۋە ئۇقۇم	headword	716_2L.png	unverified
D90-6-08079	يېقىن شەرق	headword	717_1R.png	unverified
D90-6-08080	يېقىن كەلتۈرمەسلىك	headword	717_1R.png	unverified
D90-6-08081	يېقىن كەلمەك	headword	717_1R.png	unverified
D90-6-08082	يېقىن كۆرمەك	headword	717_1R.png	unverified
D90-6-08083	يېقىن كۆرۈنۈش	headword	717_1R.png	unverified
D90-6-08084	يېقىن نۇقتا	headword	717_1R.png	unverified
D90-6-08085	يېقىننى كۆرەر كۆز	headword	717_1R.png	unverified
D90-6-08086	يېقىننى كۆرەلمەسلىك	headword	717_2L.png	unverified
D90-6-08087	يېقىن ئۆتمەك	headword	717_2L.png	unverified
D90-6-08088	يېقىن يولىماسلىق	headword	717_2L.png	unverified
D90-6-08089	يېقىنچىلىق	headword	717_2L.png	verified
D90-6-08111	يېقىنلىق	headword	720_1R.png	unverified
D90-6-08776	يېقىنچىلىق قىلماق	headword	718_1R.png	verified
D90-6-08776-v1	يېقىنلىق قىلماق	variant	718_1R.png	verified
D90-6-08090	يېقىندا	headword	718_1R.png	unverified
D90-6-08091	يېقىنداش	headword	718_1R.png	unverified
D90-6-08092	يېقىنداشلىق	headword	718_1R.png	unverified
D90-6-08094	يېقىنداشماق	nonstandard	718_1R.png	unverified
D90-6-08094-c1	يېقىنلاشماق	corrected_form	718_1R.png	unverified
D90-6-08095	يېقىندىماق	nonstandard	718_1R.png	unverified
D90-6-08112	يېقىنلىماق	headword	720_2L.png	unverified
D90-6-08096	يېقىندىن	headword	718_1R.png	unverified
D90-6-08097	يېقىندىن بۇيان	headword	718_2L.png	unverified
D90-6-08098	يېقىندىن بېرى	headword	718_2L.png	unverified
D90-6-08099	يېقىندىن چېتىشتۇرۇش	headword	718_2L.png	unverified
D90-6-08100	يېقىندىن چېتىشتۇرۇش كوئېففىتسېنتى	headword	718_2L.png	unverified
D90-6-08101	يېقىندىن ھەمكارلاشماق	headword	718_2L.png	unverified
D90-6-08102	يېقىندىكى	headword	719_1R.png	unverified
D90-6-08103	يېقىنسىنماق	headword	719_1R.png	unverified
D90-6-08104	يېقىنقى	headword	719_1R.png	unverified
D90-6-08105	يېقىنقى زامان	headword	719_1R.png	unverified
D90-6-08106	يېقىنلاتماق	headword	719_2L.png	unverified
D90-6-08107	يېقىنلاشتۇرماق	headword	719_2L.png	unverified
D90-6-08108	يېقىنلاشتۇرۇشماق	headword	719_2L.png	unverified
D90-6-08109	يېقىنلاشتۇرۇلماق	headword	719_2L.png	unverified
D90-6-08110	يېقىنلىشماق	headword	719_2L.png	unverified
D90-6-08113	يېقىن-يورۇق	headword	721_1R.png	unverified
D90-6-08114	يېقىن-يىراق	headword	721_1R.png	unverified
D90-6-08115	يېكەن	headword	721_1R.png	unverified
D90-6-08117	يېكەندە بۇرۇت ئالىدىغان	headword	721_1R.png	unverified
D90-6-08118	يېكەن سېرىق قۇشچى	headword	721_2L.png	unverified
D90-6-08119	يېكەن سېلىنچا	headword	721_2L.png	unverified
D90-6-08120	يېكەن شاخسانىغۇچى	headword	721_2L.png	unverified
D90-6-08121	يېكەنتوخۇسى	headword	721_2L.png	unverified
D90-6-08122	يېكەنچار	headword	721_2L.png	unverified
D90-6-08123	يېكەنداز	headword	722_1R.png	unverified
D90-6-08124	يېكەنسۈندۈكى	headword	722_1R.png	unverified
D90-6-08125	يېكەنلىك	headword	722_1R.png	unverified
D90-6-08126	يېگانە	headword	722_1R.png	unverified
D90-6-08127	يېگانە تۈزۈم	headword	722_2L.png	unverified
D90-6-08128	يېگانىلىق	headword	722_2L.png	unverified
D90-6-08129	يېگەك	headword	722_2L.png	unverified
D90-6-08130	يېگەن-ئىچكەن	headword	722_2L.png	unverified
D90-6-08131	يېگەن-ئىچكەنلىك	headword	722_2L.png	unverified
D90-6-08132	يېگۈزمەك	headword	722_2L.png	unverified
D90-6-08133	يېگۈزۈشمەك	headword	722_2L.png	unverified
D90-6-08134	يېگۈزۈلمەك	headword	723_1R.png	unverified
D90-6-08135	يېگۈسىز	headword	723_1R.png	unverified
D90-6-08136	يېگۈلۈك	headword	723_1R.png	unverified
D90-6-08137	يېڭى	headword	723_1R.png	unverified
D90-6-08142	يېڭى ئاي	headword	724_1R.png	unverified
D90-6-08143	يېڭى ئەدەبىيات	headword	724_2L.png	unverified
D90-6-08144	يېڭى باسقۇچ	headword	724_2L.png	unverified
D90-6-08145	يېڭى بەت	headword	724_2L.png	unverified
D90-6-08146	يېڭى بەت ئاچماق	headword	724_2L.png	unverified
D90-6-08147	يېڭى بىلەن كونىنىڭ ئالمىشىشى	headword	724_2L.png	unverified
D90-6-08148	يېڭى پەدە	headword	724_2L.png	unverified
D90-6-08149	يېڭى پلاتونىزم	headword	724_2L.png	unverified
D90-6-08150	يېڭى پىكىر ئېقىمىچىلار	headword	725_1R.png	unverified
D90-6-08151	يېڭى تاش قورال دەۋرى	headword	725_1R.png	unverified
D90-6-08152	يېڭى تاش قوراللار	headword	725_1R.png	unverified
D90-6-08153	يېڭى تەنقىدچىلەر	headword	725_2L.png	unverified
D90-6-08154	يېڭى توماسىزم	headword	725_2L.png	unverified
D90-6-08155	يېڭى تۇيغۇچىلار	headword	725_2L.png	unverified
D90-6-08156	يېڭى تۆتىنچى ئارمىيە	headword	726_1R.png	unverified
D90-6-08157	يېڭى تۈزۈلمە	headword	726_1R.png	unverified
D90-6-08158	يېڭى تۈزۈلمە دەۋرى	headword	726_1R.png	unverified
D90-6-08159	يېڭى تۈزۈلمە ھەرىكىتى	headword	726_1R.png	unverified
D90-6-08160	يېڭى تۈزۈلمىشۇناسلىق	headword	726_2L.png	unverified
D90-6-08161	يېڭى چىنلىق نەزەرىيىسى	headword	726_2L.png	unverified
D90-6-08162	يېڭى دەۋر	headword	726_2L.png	unverified
D90-6-08163	يېڭى دەۋر ئەدەبىياتى	headword	726_2L.png	unverified
D90-6-08164	يېڭى دېموكراتىزم	headword	726_2L.png	unverified
D90-6-08165	يېڭى دېموكراتىك ئىقتىساد	headword	727_1R.png	unverified
D90-6-08166	يېڭى دېموكراتىك ئىنقىلاب	headword	727_1R.png	unverified
D90-6-08167	يېڭى سىپېرىغېر	headword	727_1R.png	unverified
D90-6-08168	يېڭى شەيئى	headword	727_1R.png	unverified
D90-6-08169	يېڭى شۋاگېرىنا	headword	727_2L.png	unverified
D90-6-08170	يېڭى قاتلام تىپى	headword	727_2L.png	unverified
D90-6-08171	يېڭى كانتچىلىق	headword	727_2L.png	unverified
D90-6-08172	يېڭى كەلداخۇن	headword	727_2L.png	unverified
D90-6-08173	يېڭى گرامماتىكىچىلار ئېقىمى	headword	727_2L.png	unverified
D90-6-08174	يېڭى گېگېلچىلىق	headword	728_1R.png	unverified
D90-6-08175	يېڭى مەدەنىيەت ھەرىكىتى	headword	728_1R.png	unverified
D90-6-08176	يېڭى مۇستەملىكىچىلىك	headword	728_2L.png	unverified
D90-6-08177	يېڭى ھايات ئېرا تېمى	headword	728_2L.png	unverified
D90-6-08178	يېڭى ھايات ئېراسى	headword	728_2L.png	unverified
D90-6-08179	يېڭى ئۇرۇقداشلىق	headword	728_2L.png	unverified
D90-6-08180	يېڭى ئۈچىنچى دەۋر	headword	728_2L.png	unverified
D90-6-08181	يېڭى ئۈچىنچى سىستېما	headword	729_1R.png	verified
D90-6-08182	يېڭى ئېنېرگىيە مەنبەسى	headword	729_1R.png	unverified
D90-6-08183	يېڭى يىل	headword	729_1R.png	unverified
D90-6-08184	يېڭىباشتىن	headword	729_2L.png	unverified
D90-6-08186	يېڭىچە	headword	729_2L.png	unverified
D90-6-08187	يېڭىدىن	headword	729_2L.png	unverified
D90-6-08188	يېڭىدىن-يېڭى	headword	730_1R.png	unverified
D90-6-08189	يېڭىراقتا	headword	730_1R.png	unverified
D90-6-08190	يېڭىسار	headword	730_1R.png	unverified
D90-6-08192	يېڭىش	headword	730_1R.png	unverified
D90-6-08193	يېڭىشچان	headword	730_1R.png	unverified
D90-6-08194	يېڭىشمەك	headword	730_2L.png	unverified
D90-6-08195	يېڭىلاتماق	headword	730_2L.png	unverified
D90-6-08196	يېڭىلاش	headword	730_2L.png	unverified
D90-6-08198	يېڭىلاشماق	headword	730_2L.png	unverified
D90-6-08199	يېڭىلانماق	headword	730_2L.png	unverified
D90-6-08200	يېڭىلتەك	headword	730_2L.png	unverified
D90-6-08201	يېڭىلمەس	headword	730_2L.png	unverified
D90-6-08202	يېڭىلمەس قوشۇن	headword	731_1R.png	unverified
D90-6-08203	يېڭىلمەسلىك	headword	731_1R.png	unverified
D90-6-08204	يېڭىلمەك	headword	731_1R.png	unverified
D90-6-08205	يېڭىلىشسىز	headword	731_1R.png	unverified
D90-6-08206	يېڭىلىشلىق	headword	731_1R.png	unverified
D90-6-08207	يېڭىلىشماق	headword	731_1R.png	unverified
D90-6-08208	يېڭىلىق	headword	731_1R.png	unverified
D90-6-08209	يېڭىلىق تۇتماق	headword	731_2L.png	unverified
D90-6-08210	يېڭىلىق ياراتماق	headword	731_2L.png	unverified
D90-6-08211	يېڭىلىقپەرۋەر	headword	731_2L.png	unverified
D90-6-08212	يېڭىلىماق	headword	732_1R.png	unverified
D90-6-08213	يېڭىياچە	headword	732_1R.png	unverified
D90-6-08214	يېڭىياچىلىق	headword	732_1R.png	unverified
D90-6-08215	يېڭى-يېڭى	headword	732_1R.png	unverified
D90-6-08216	يېلىڭ	headword	732_1R.png	unverified
D90-6-08217	يېلىڭ-يالىڭاچ	headword	732_1R.png	unverified
D90-6-08218	يېلىك-يوپۇڭ	headword	732_2L.png	unverified
D90-6-08219	يېلىم	headword	732_2L.png	unverified
D90-6-08223	يېلىمسىمان	headword	732_2L.png	unverified
D90-6-08224	يېلىسىمان ئوتتۇرا قەۋەت	headword	733_1R.png	unverified
D90-6-08225	يېلىملا تماق	headword	733_1R.png	unverified
D90-6-08226	يېلىملاشماق	headword	733_1R.png	unverified
D90-6-08227	يېلىملىماق	headword	733_1R.png	unverified
D90-6-08228	يېلىن	headword	733_1R.png	unverified
D90-6-08229	يېلىن خالتىسى	headword	733_1R.png	unverified
D90-6-08230	يېلىن سالماق	headword	733_1R.png	unverified
D90-6-08231	يېلىنجاتماق	headword	733_1R.png	unverified
D90-6-08232	يېلىنجىماق	headword	733_2L.png	unverified
D90-6-08233	يېلىندۇرماق	headword	733_2L.png	unverified
D90-6-08234	يېلىنسىمان	headword	733_2L.png	unverified
D90-6-08235	يېلىنلىق	headword	733_2L.png	unverified
D90-6-08236	يېلىنلىماق	headword	733_2L.png	unverified
D90-6-08237	يېلىنماق	headword	733_2L.png	unverified
D90-6-08238	يېلىنىشماق	headword	734_1R.png	unverified
D90-6-08239	يېمەك	headword	734_1R.png	unverified
D90-6-08244	يەپ قويماق	headword	735_1R.png	unverified
D90-6-08245	يەپ كەتمەك	headword	735_1R.png	unverified
D90-6-08246	يەمسە ياق	headword	735_2L.png	unverified
D90-6-08247	يەمسە يوق	headword	735_2L.png	unverified
D90-6-08248	يېگەن تۇزىنى ئاقلىماق	headword	735_2L.png	unverified
D90-6-08249	يېگەن ئېشى ئاش بولماسلىق	headword	735_2L.png	unverified
D90-6-08250	يېگەن ئېشى مەيدىسىگە تەپمەك	headword	735_2L.png	unverified
D90-6-08251	يېگەن ئېغىز ئۇيىلىدۇ	headword	735_2L.png	unverified
D90-6-08252	يېگىلى ئېغىز يوق	headword	736_1R.png	unverified
D90-6-08253	يېگىنى تېڭىگە سىغمەسلىك	headword	736_1R.png	unverified
D90-6-08253-v1	يېگىنى ئېشى ئاش بولماسلىق	variant	736_1R.png	unverified
D90-6-08254	يېگىنى چىرايىغا چىقمايدىغان	headword	736_1R.png	unverified
D90-6-08255	يېگىنى زەھەر، كىيگىنى كېپەن بولماق	headword	736_1R.png	unverified
D90-6-08256	يېگىنى ئوغا، كىيگىنى كېپەن بولماق	headword	736_1R.png	unverified
D90-6-08257	يېگىنى ئېغىزدا، يۇتقىنى قارنىدا	headword	736_1R.png	unverified
D90-6-08258	يېمىگەن پوقى يوق	headword	736_2L.png	unverified
D90-6-08259	يېمىگە ناننىڭ تېشىغا تاش	headword	736_2L.png	unverified
D90-6-08260	يېمىگەن مانتىنىڭ پۇلىنى تۆلىمەك	headword	736_2L.png	unverified
D90-6-08261	يېمەكلىك	headword	736_2L.png	unverified
D90-6-08262	يېمەكلىك سانائىتى	headword	737_1R.png	unverified
D90-6-08263	يېمەك-ئىچمەك	headword	737_1R.png	unverified
D90-6-08264	يېمىش	headword	737_1R.png	unverified
D90-6-08267	يېمىشلىك	headword	737_1R.png	unverified
D90-6-08268	يېن	headword	737_1R.png	unverified
D90-6-08269	يېنىپ-يېنىپ	headword	737_1R.png	unverified
D90-6-08270	يېنىچە	headword	737_1R.png	unverified
D90-6-08271	يېنىچىلاپ	headword	737_2L.png	unverified
D90-6-08272	يېنىش	headword	737_2L.png	unverified
D90-6-08273	يېنىش قىممىتى	headword	737_2L.png	unverified
D90-6-08274	يېنىش نۇقتىسى	headword	737_2L.png	unverified
D90-6-08275	يېنىشتۇرماق	headword	737_2L.png	unverified
D90-6-08277	يېنىشچان گاز	headword	737_2L.png	unverified
D90-6-08278	يېنىشلاپ	headword	737_2L.png	unverified
D90-6-08279	يېنىشماق	headword	738_1R.png	unverified
D90-6-08280	يېنىش-يېنىشلاپ	headword	738_1R.png	unverified
D90-6-08281	يېنىق	headword	738_1R.png	unverified
D90-6-08283	يېنىقلىق	headword	738_1R.png	unverified
D90-6-08284	يېنىك	headword	738_2L.png	unverified
D90-6-08290	يېنىك ئاتلېتىكا	headword	739_2L.png	unverified
D90-6-08291	يېنىك ئاتلېتىكا تەنھەرىكىتى	headword	739_2L.png	unverified
D90-6-08292	يېنىك ئاتلېتىكا مۇسابىقىسى	headword	739_2L.png	unverified
D90-6-08293	يېنىك ئاتلىڭلار	headword	739_2L.png	unverified
D90-6-08294	يېنىك ئاھاڭ	headword	739_2L.png	unverified
D90-6-08298	يېنىك تون	headword	740_1R.png	unverified
D90-6-08295	يېنىك پالەچ	headword	739_2L.png	unverified
D90-6-08296	يېنىك پىلىموت	headword	739_2L.png	unverified
D90-6-08297	يېنىك تام	headword	739_2L.png	unverified
D90-6-08299	يېنىك تۇمان	headword	740_1R.png	verified
D90-6-08300	يېنىك جازا	headword	740_1R.png	unverified
D90-6-08301	يېنىك سانائەت	headword	740_1R.png	unverified
D90-6-08302	يېنىك شامال	headword	740_1R.png	unverified
D90-6-08303	يېنىك قوراللار	headword	740_1R.png	unverified
D90-6-08304	يېنىك مۇزىكا	headword	740_2L.png	unverified
D90-6-08305	يېنىك مېتاللار	headword	740_2L.png	unverified
D90-6-08306	يېنىك ئېلېمېنتلار	headword	740_2L.png	unverified
D90-6-08307	يېنىكلەت	headword	740_2L.png	unverified
D90-6-08308	يېنىكلەتىپ جازا بېرىش	headword	740_2L.png	unverified
D90-6-08309	يېنىكلەشتۈرمەك	headword	740_2L.png	unverified
D90-6-08310	يېنىكلەشتۈرۈشمەك	headword	741_1R.png	unverified
D90-6-08311	يېنىكلەشتۈرۈلمەك	headword	741_1R.png	unverified
D90-6-08312	يېنىكلەشمەك	headword	741_1R.png	unverified
D90-6-08313	يېنىكلەنمەك	headword	741_1R.png	unverified
D90-6-08314	يېنىكلەشتۈشمەك	headword	741_1R.png	unverified
D90-6-08315	يېنىكلەتىلمەك	headword	741_1R.png	unverified
D90-6-08316	يېنىكلىك	headword	741_1R.png	unverified
D90-6-08317	يېنىكلىمەك	headword	741_2L.png	unverified
D90-6-08318	يېنىك-يېنىك	headword	742_1R.png	unverified
D90-6-08319	يېۋروپىي	headword	742_1R.png	unverified
D90-6-08320	يېيىتما	headword	742_1R.png	unverified
D90-6-08321	يېيىتماق	headword	742_1R.png	unverified
D90-6-08322	يېيىتىلماق	headword	742_1R.png	unverified
D90-6-08323	يېيىشسىز	headword	742_1R.png	unverified
D90-6-08324	يېيىشلىك	headword	742_2L.png	unverified
D90-6-08325	يېيىشماق	headword	742_2L.png	unverified
D90-6-08326	يېيىشمەك	headword	742_2L.png	unverified
D90-6-08327	يېيىق	headword	742_2L.png	unverified
D90-6-08331	يېيىق ئىككى ياقلىق بۇلۇڭ	headword	743_1R.png	unverified
D90-6-08332	يېيىقلىق	headword	743_1R.png	unverified
D90-6-08333	يېيىلاڭغۇ	headword	743_1R.png	unverified
D90-6-08334	يېيىلغۇچى	headword	743_1R.png	unverified
D90-6-08335	يېيىلدۇرماق	headword	743_1R.png	unverified
D90-6-08336	يېيىلدۇرۇشماق	headword	743_1R.png	unverified
D90-6-08337	يېيىلدۇرۇلماق	headword	743_1R.png	unverified
D90-6-08339	يېيىلغۇچى سىزىق	headword	743_1R.png	unverified
D90-6-08340	يېيىلما	headword	743_1R.png	unverified
D90-6-08341	يېيىلما سىزىق	headword	743_2L.png	unverified
D90-6-08342	يېيىلماق	headword	743_2L.png	unverified
D90-6-08343	يېيىلمەك	headword	743_2L.png	unverified
D90-6-08344	يېيىلىپ-ئېچىلىپ	headword	744_1R.png	unverified
D90-6-08345	يېيىلىش	headword	744_1R.png	unverified
D90-6-08346	يېيىلىشچان	headword	744_1R.png	unverified
D90-6-08347	يېيىلىشچانلىق	headword	744_1R.png	unverified
D90-6-08348	يېيىم	headword	744_1R.png	unverified
D90-6-08349	يىپ	headword	744_1R.png	unverified
D90-6-08350	يىپ ئاتلاش	headword	744_2L.png	unverified
D90-6-08351	يىپ ئاسقۇ	headword	744_2L.png	unverified
D90-6-08352	يىپ بازىرى قىلماق	headword	744_2L.png	unverified
D90-6-08353	يىپ بېزى	headword	744_2L.png	unverified
D90-6-08354	يىپ تۈرمەك	headword	744_2L.png	unverified
D90-6-08355	يىپ چېكىش	headword	744_2L.png	unverified
D90-6-08356	يىپ قاپلىق سىم	headword	744_2L.png	unverified
D90-6-08357	يىپ قىسقۇچ	headword	744_2L.png	unverified
D90-6-08358	يىپ ئۇچى	headword	745_1R.png	unverified
D90-6-08359	يىپ ئۆتكۈزۈپ داۋالاش	headword	745_1R.png	unverified
D90-6-08360	يىپ ئېشەلمەسلىك	headword	745_1R.png	unverified
D90-6-08360-v1	قولغا سۇ قويۇپ بېرەلمەسلىك	variant	745_1R.png	unverified
D90-6-08361	يىپ ئېشىپ قالماق	headword	745_1R.png	unverified
D90-6-08362	يىپىدىن يىڭنىسىگىچە	headword	745_1R.png	unverified
D90-6-08371	يىپەكچى	headword	746_1R.png	unverified
D90-6-08372	يىپەكچىلىك	headword	746_1R.png	unverified
D90-6-08373	يىپچە	headword	746_2L.png	unverified
D90-6-08375	يىپتەك	headword	746_2L.png	unverified
D90-6-08376	يىپسىز	headword	746_2L.png	unverified
D90-6-08377	يىپسىز بۆلۈنۈش	headword	746_2L.png	unverified
D90-6-08378	يىپسىمان	headword	746_2L.png	unverified
D90-6-08380	يىپسىمان ھايۋانلار	headword	747_1R.png	unverified
D90-6-08381	يىپسىمان يوپۇرماق	headword	747_1R.png	unverified
D90-6-08382	يىپسىمان يۇقىرى مولېكۇوللار	headword	747_1R.png	unverified
D90-6-08383	يىپلاشماق	headword	747_1R.png	unverified
D90-6-08384	يىپلانماق	headword	747_1R.png	unverified
D90-6-08385	يىپلىق	headword	747_1R.png	unverified
D90-6-08386	يىپلىق بۆلۈنۈش	headword	747_2L.png	unverified
D90-6-08387	يىپلىنىش	headword	747_2L.png	unverified
D90-6-08388	يىپلىنىش دانىچىسى	headword	747_2L.png	unverified
D90-6-08389	يىپ-يىڭنە	headword	748_1R.png	unverified
D90-6-08390	يىت	headword	748_1R.png	unverified
D90-6-08391	يىت پۇراتماق	headword	748_1R.png	unverified
D90-6-08392	يىت سالماق	headword	748_1R.png	unverified
D90-6-08393	يىتتۈرمەك	headword	748_1R.png	unverified
D90-6-08394	يىتتۈرۈشمەك	headword	748_1R.png	unverified
D90-6-08395	يىتمەك	headword	748_1R.png	unverified
D90-6-08396	يىخېتۇەن	headword	748_1R.png	unverified
D90-6-08397	يىخېتۈەن ھەرىكىتى	headword	748_2L.png	unverified
D90-6-08398	يىراق	headword	748_2L.png	unverified
D90-6-08399	يىراق ئاۋاز مەيدانى	headword	749_1R.png	unverified
D90-6-08400	يىراقتىن باشقۇرۇش	headword	749_1R.png	unverified
D90-6-08401	يىراقتىن تەسىرلىشىش	headword	749_2L.png	unverified
D90-6-08402	يىراقتىن چېتىشتۇرۇش	headword	749_2L.png	unverified
D90-6-08403	يىراقتىن سېزىش تېخنىكىسى	headword	749_2L.png	verified
D90-6-08404	يىراقتىن ئۆلچەش	headword	749_2L.png	unverified
D90-6-08405	يىراق شەرق	headword	749_2L.png	unverified
D90-6-08406	يىراققا سەكرەش	headword	749_2L.png	unverified
D90-6-08407	يىراق قەدىمىي ئېرا	headword	750_1R.png	unverified
D90-6-08409	يىراق كەلگۈسى	headword	750_1R.png	unverified
D90-6-08410	يىراق كۆرۈنۈش	headword	750_2L.png	unverified
D90-6-08411	يىراق مەزگىللىك پېرېۋوت چېكى	headword	750_2L.png	unverified
D90-6-08412	يىراق نۇقتا	headword	750_2L.png	unverified
D90-6-08413	يىراقنى كۆرەر كۆز	headword	750_2L.png	unverified
D90-6-08414	يىراقنى كۆرەلمەسلىك	headword	750_2L.png	unverified
D90-6-08415	يىراقنى كۆرمەك	headword	751_1R.png	unverified
D90-6-08416	يىراقنى كۆزلىمەك	headword	751_1R.png	unverified
D90-6-08417	يىراقنى يېقىن قىلماق	headword	751_1R.png	unverified
D90-6-08418	يىراق ئورۇن	headword	751_1R.png	unverified
D90-6-08418-v1	يەرگە يىراق نۇقتا	variant	751_1R.png	unverified
D90-6-08419	يىراقلاتماق	headword	751_1R.png	unverified
D90-6-08420	يىراقلاشتۇرماق	headword	751_1R.png	unverified
D90-6-08421	يىراقلاشتۇرۇشماق	headword	751_2L.png	unverified
D90-6-08422	يىراقلاشتۇرۇلماق	headword	751_2L.png	unverified
D90-6-08423	يىراقلاشقۇچى	headword	751_2L.png	unverified
D90-6-08425	يىراقلاشماق	headword	751_2L.png	unverified
D90-6-08426	يىراقلىق	headword	752_1R.png	unverified
D90-6-08427	يىراقلىماق	headword	752_1R.png	unverified
D90-6-08428	يىراق-يېقىن	headword	752_1R.png	unverified
D90-6-08429	يىرتقۇچ	headword	752_1R.png	unverified
D90-6-08431	يىرتقۇچ قۇشلار	headword	752_2L.png	unverified
D90-6-08432	يىرتقۇچ ھايۋانلار	headword	752_2L.png	unverified
D90-6-08433	يىرتقۇچلۇق	headword	752_2L.png	unverified
D90-6-08434	يىرتقۇزماق	headword	752_2L.png	unverified
D90-6-08435	يىرتماق	headword	752_2L.png	unverified
D90-6-08436	يىرتىشماق	headword	753_1R.png	unverified
D90-6-08437	يىرتىق	headword	753_1R.png	unverified
D90-6-08438	يىرتىق-ياماق	headword	753_1R.png	unverified
D90-6-08439	يىرتىلماق	headword	753_1R.png	unverified
D90-6-08440	يىرغۇزماق	headword	753_1R.png	unverified
D90-6-08441	يىرگەندۈرمەك	headword	753_1R.png	unverified
D90-6-08442	يىرگەندۈرۈشمەك	headword	753_2L.png	unverified
D90-6-08443	يىرگەنمەك	headword	753_2L.png	unverified
D90-6-08444	يىرگىنچ	headword	753_2L.png	unverified
D90-6-08445	يىرگىنچلىك	headword	753_2L.png	unverified
D90-6-08446	يىرگىنىشلىك	nonstandard	753_2L.png	unverified
D90-6-08447	يىرگىنىشمەك	headword	753_2L.png	unverified
D90-6-08448	يىرماق	headword	753_2L.png	unverified
D90-6-08449	يىرىشماق	headword	754_1R.png	unverified
D90-6-08450	يىرىق	headword	754_1R.png	unverified
D90-6-08451	يىرىك	headword	754_1R.png	unverified
D90-6-08458	يىرىك ئىشلەپچىقىرىش	headword	755_1R.png	unverified
D90-6-08459	يىرىك ئىشلەش	headword	755_1R.png	unverified
D90-6-08460	يىرىكچىلىك	headword	755_1R.png	unverified
D90-6-08461	يىرىكدەشمەك	headword	755_1R.png	unverified
D90-6-08465	يىرىكلەشمەك	headword	755_1R.png	unverified
D90-6-08462	يىرىكدىمەك	headword	755_1R.png	unverified
D90-6-08462-v1	يىرىكلىمەك	variant	755_1R.png	unverified
D90-6-08463	يىرىكلەشتۈرمەك	headword	755_1R.png	unverified
D90-6-08464	يىرىكلەشتۈرۈلمەك	headword	755_1R.png	unverified
D90-6-08466	يىرىكلىك	headword	755_2L.png	unverified
D90-6-08467	يىرىك-يۇمشاق	headword	755_2L.png	unverified
D90-6-08468	يىرىڭ	headword	755_2L.png	unverified
D90-6-08470	يىرىڭدىنماق	headword	755_2L.png	unverified
D90-6-08476	يىرىڭلىماق	headword	756_1R.png	unverified
D90-6-08471	يىرىڭ-زەرداب	headword	755_2L.png	unverified
D90-6-08472	يىرىڭلىق	headword	755_2L.png	unverified
D90-6-08473	يىرىڭلىق چاقا	headword	756_1R.png	unverified
D90-6-08474	يىرىڭلىق قاپارتقۇ	headword	756_1R.png	unverified
D90-6-08475	يىرىڭلىق ئىششىق	headword	756_1R.png	unverified
D90-6-08477	يىرىلماق	headword	756_1R.png	unverified
D90-6-08478	يىزۇ	headword	756_1R.png	verified
D90-6-08480	يىزۇچە	headword	756_2L.png	unverified
D90-6-08481	يىزۇلار	headword	756_2L.png	unverified
D90-6-08482	يىغا	headword	756_2L.png	unverified
D90-6-08483	يىغا ئاچماق	headword	757_1R.png	unverified
D90-6-08484	يىغا ئارىلاش	headword	757_1R.png	unverified
D90-6-08485	يىغا سالماق	headword	757_1R.png	unverified
D90-6-08486	يىغا ئۇلاشماق	headword	757_1R.png	unverified
D90-6-08487	يىغا ياماشماق	headword	757_1R.png	unverified
D90-6-08488	يىغىسىنى يىغلىماق	headword	757_1R.png	unverified
D90-6-08489	يىغا-زار	headword	757_1R.png	unverified
D90-6-08490	يىغا-زار قىلماق	headword	757_1R.png	unverified
D90-6-08491	يىغدۇرماق	headword	757_2L.png	unverified
D90-6-08492	يىغقان-تەرگەن	headword	757_2L.png	unverified
D90-6-08493	يىغغان-تۈگكەن	headword	757_2L.png	unverified
D90-6-08494	يىغقۇچ	headword	757_2L.png	unverified
D90-6-08495	يىغقۇچى	headword	757_2L.png	unverified
D90-6-08499	يىغلاپ-قاقشاپ	headword	757_2L.png	unverified
D90-6-08500	يىغلاتماق	headword	758_1R.png	unverified
D90-6-08501	يىغلاشماق	headword	758_1R.png	unverified
D90-6-08502	يىغلا-قاقشا	headword	758_1R.png	unverified
D90-6-08503	يىغلاڭغۇ	headword	758_1R.png	unverified
D90-6-08505	يىغلاڭغۇلۇق	headword	758_1R.png	unverified
D90-6-08506	يىغلامسىراتماق	headword	758_1R.png	unverified
D90-6-08507	يىغلامسىراشماق	headword	758_1R.png	unverified
D90-6-08508	يىغلامسىرىماق	headword	758_1R.png	unverified
D90-6-08509	يىغلىتىشماق	headword	758_2L.png	unverified
D90-6-08510	يىغلىغاق	headword	758_2L.png	unverified
D90-6-08511	يىغلىماق	headword	758_2L.png	unverified
D90-6-08512	يىغلاپ كۆرۈشكۈدەك بولماق	headword	758_2L.png	unverified
D90-6-08513	يىغلاپ كۆرۈشمەك	headword	758_2L.png	unverified
D90-6-08514	يىغلاي دېسە تېخى، كۈلەي دېسە تېخى	headword	758_2L.png	unverified
D90-6-08515	يىغما	headword	759_1R.png	unverified
D90-6-08518	يىغماق	headword	759_1R.png	unverified
D90-6-08519	يىغىپ-تۆشەپ	headword	760_1R.png	unverified
D90-6-08520	يىغىپ-يۆگەپ	headword	760_1R.png	unverified
D90-6-08521	يىغىچى	headword	760_1R.png	unverified
D90-6-08522	يىغىشتۇرغۇزماق	headword	760_2L.png	unverified
D90-6-08523	يىغىشتۇرماق	headword	760_2L.png	unverified
D90-6-08525	يىغىشتۇرۇشماق	headword	761_2L.png	unverified
D90-6-08526	يىغىشتۇرۇلماق	headword	761_2L.png	unverified
D90-6-08527	يىغىشماق	headword	761_2L.png	unverified
D90-6-08528	يىغىق	headword	761_2L.png	unverified
D90-6-08530	يىغىقلىق	headword	761_2L.png	unverified
D90-6-08531	يىغىلغۇچى	headword	761_2L.png	unverified
D90-6-08532	يىغىلماق	headword	761_2L.png	unverified
D90-6-08533	يىغىلىش	headword	762_1R.png	unverified
D90-6-08534	يىغىلىشچان	headword	762_1R.png	unverified
D90-6-08535	يىغىلىشچانلىق	headword	762_1R.png	unverified
D90-6-08536	يىغىلىشماق	headword	762_1R.png	unverified
D90-6-08537	يىغىم	headword	762_1R.png	unverified
D90-6-08538	يىغىم-تېرىم	headword	762_2L.png	unverified
D90-6-08539	يىغىم-سىرىم	headword	762_2L.png	unverified
D90-6-08540	يىغىن	headword	762_2L.png	unverified
D90-6-08541	يىغىن ئاچماق	headword	762_2L.png	unverified
D90-6-08542	يىغىن ئەھلى	headword	762_2L.png	unverified
D90-6-08543-v1	يىغىن ئۆتكۈزمەك	variant	763_1R.png	unverified
D90-6-08544	يىغىنچاق	headword	763_1R.png	unverified
D90-6-08545	يىغىنچاقلاتماق	headword	763_1R.png	unverified
D90-6-08546	يىغىنچاقلاش	headword	763_1R.png	unverified
D90-6-08549	يىغىنچاقلاشتۇرماق	headword	763_1R.png	unverified
D90-6-08554	يىغىنچاقلىماق	headword	763_2L.png	unverified
D90-6-08550	يىغىنچاقلاشتۇرۇلماق	headword	763_1R.png	unverified
D90-6-08551	يىغىنچاقلاشماق	headword	763_1R.png	unverified
D90-6-08552	يىغىنچاقلانماق	headword	763_2L.png	unverified
D90-6-08553	يىغىنچاقلىق	headword	763_2L.png	unverified
D90-6-08555	يىغىندى	headword	763_2L.png	unverified
D90-6-08560	يىغىندى قار	headword	764_1R.png	verified
D90-6-08561	يىغىندى قىممەت شەكىلى	headword	764_1R.png	unverified
D90-6-08562	يىغىندى كۈچ	headword	764_1R.png	unverified
D90-6-08563	يىغىندى كۈچ مومېنتى	headword	764_1R.png	unverified
D90-6-08564	يىغىندى - ئايرىما	headword	764_2L.png	unverified
D90-6-08565	يىغىندى - ئايرىما مەسىلىسى	headword	764_2L.png	unverified
D90-6-08566	يىغىندى - ئايرىما نىسبەت تېئورېمىسى	headword	764_2L.png	unverified
D90-6-08567	يىغىندى - نىسبەت تېئورېمىسى	headword	764_2L.png	unverified
D90-6-08568	يىغىندىنىڭ ئۆزگىرىشى	headword	765_1R.png	unverified
D90-6-08569	يىغىندىلىماق	headword	765_1R.png	unverified
D90-6-08570	يىغىۋېلىپ	headword	765_1R.png	unverified
D90-6-08572	يىغىۋېلىش	headword	765_1R.png	unverified
D90-6-08573	يىغىۋېلىش نەيچىلىرى	headword	765_2L.png	unverified
D90-6-08574	يىقىتماق	headword	765_2L.png	unverified
D90-6-08575	يىقىتىشماق	headword	766_1R.png	unverified
D90-6-08576	يىقىتىلماق	headword	766_1R.png	unverified
D90-6-08577	يىقىلماق	headword	766_1R.png	unverified
D90-6-08578	يىقىلىپ-سوقۇلۇپ	headword	767_1R.png	unverified
D90-6-08579	يىقىلىپ-قوپۇپ	headword	767_1R.png	unverified
D90-6-08580	يىقىلىشماق	headword	767_1R.png	unverified
D90-6-08581	يىك	headword	767_1R.png	unverified
D90-6-08587	يىكتەك	headword	767_1R.png	unverified
D90-6-08589	يىكتەك بولۇپ كەتمەك	headword	767_2L.png	unverified
D90-6-08590	يىكچى	headword	767_2L.png	unverified
D90-6-08591	يىكچىلىك	headword	767_2L.png	unverified
D90-6-08592	يىكدان	headword	767_2L.png	unverified
D90-6-08593	يىگە	headword	767_2L.png	unverified
D90-6-08594	يىگلىتمەك	headword	767_2L.png	unverified
D90-6-08595	يىگلىش	headword	767_2L.png	unverified
D90-6-08596	يىگلەشمەك	headword	768_1R.png	unverified
D90-6-08597	يىگلىمەك	headword	768_1R.png	unverified
D90-6-08598	يىگىت	headword	768_1R.png	unverified
D90-6-08599	يىگىت قولدىشى	headword	768_2L.png	unverified
D90-6-08600	يىگىتبېشى	headword	769_1R.png	unverified
D90-6-08601	يىگىتتەك	headword	769_1R.png	unverified
D90-6-08603	يىگىتچە	headword	769_1R.png	unverified
D90-6-08604	يىگىتچىلىك	headword	769_1R.png	unverified
D90-6-08605	يىگىتلىك	headword	769_2L.png	unverified
D90-6-08606	يىگىتلىك چاغ	headword	769_2L.png	unverified
D90-6-08607	يىگىتلىك دەۋر	headword	769_2L.png	unverified
D90-6-08609	يىگىرمە	headword	770_1R.png	unverified
D90-6-08610	يىگىرمە تۆت تارىخ	headword	770_1R.png	unverified
D90-6-08611	يىگىرمە تۆت مەۋسۇم	headword	770_1R.png	unverified
D90-6-08612	يىگىرمىنچى	headword	770_2L.png	unverified
D90-6-08614	يىگلىگەن	headword	770_2L.png	unverified
D90-6-08616	يىگىنە	headword	771_1R.png	unverified
D90-6-08619	يىڭيياۋ پۇلى	headword	771_1R.png	unverified
D90-6-08621	يىڭگىلىك	headword	771_1R.png	unverified
D90-6-08622	يىڭناسقۇ	headword	771_1R.png	verified
D90-6-08623	يىڭنەئالغۇچ	headword	771_2L.png	unverified
D90-6-08624	يىڭنە	headword	771_2L.png	unverified
D90-6-08625	يىڭنە بېلىق	headword	771_2L.png	unverified
D90-6-08626	يىڭنە بىلەن قۇدۇق قازغاندەك	headword	771_2L.png	unverified
D90-6-08627	يىڭنە بىلەن قۇدۇق كولىغاندەك	headword	771_2L.png	unverified
D90-6-08628	يىڭنە تۇتقا	headword	772_1R.png	unverified
D90-6-08629	يىڭنە تۇمشۇق بېلىق	headword	772_1R.png	unverified
D90-6-08630	يىڭنە تۆمۈر تاش	headword	772_1R.png	unverified
D90-6-08631	يىڭنە چاغلىق	headword	772_1R.png	unverified
D90-6-08632	يىڭنە چوكىسى	headword	772_1R.png	unverified
D90-6-08633	يىڭنە ساقىلىق قازان	headword	772_1R.png	unverified
D90-6-08634	يىڭنە سانجىپ داغلاپ داۋالاش	headword	772_2L.png	unverified
D90-6-08635	يىڭنە سانجىش	headword	772_2L.png	unverified
D90-6-08636	يىڭنە قۇيرۇق ئۆردەك	headword	772_2L.png	unverified
D90-6-08637	يىڭنە ئىشى	headword	772_2L.png	unverified
D90-6-08638	يىڭنە يوپۇرماق	headword	772_2L.png	unverified
D90-6-08639	يىڭنە يوپۇرماقلىق دەرەخ	headword	772_2L.png	unverified
D90-6-08640	يىڭنە يوپۇرماقلىق ئورمان	headword	773_1R.png	unverified
D90-6-08641	يىڭنە يۇتۇۋالغاندەك بولماق	headword	773_1R.png	unverified
D90-6-08642	يىڭنە يەۋالغان ئىتتەك	headword	773_1R.png	unverified
D90-6-08643	يىڭنىدە قۇدۇق قازغاندەك	headword	773_1R.png	unverified
D90-6-08644	يىڭنىنىڭ تۆشۈكىدىن ئۆتكۈزمەك	headword	773_1R.png	unverified
D90-6-08645	يىڭنىنىڭ تۆشۈكىدىن مىڭ قېتىم ئۆتىدىغان	headword	773_1R.png	unverified
D90-6-08646	يىڭنىنىڭ تۆشۈكىدىن قىرىق ئۆتىدىغان	headword	773_1R.png	unverified
D90-6-08647	يىڭنىنىڭ قولىقىدىن ئۆتكۈزمەك	headword	773_1R.png	unverified
D90-6-08648	يىڭنىچىلىك	headword	773_1R.png	unverified
D90-6-08649	يىڭنىدەك	headword	773_2L.png	unverified
D90-6-08650	يىڭنىزىرە	headword	773_2L.png	unverified
D90-6-08651	يىڭنىمىخ	headword	773_2L.png	unverified
D90-6-08652	يىل	headword	773_2L.png	unverified
D90-6-08653	يىل بويى	headword	774_1R.png	unverified
D90-6-08654	يىل چەمبىرىكى	headword	774_1R.png	unverified
D90-6-08656	يىل ھالقىسى	headword	774_1R.png	unverified
D90-6-08655	يىل نەزىرى	headword	774_1R.png	unverified
D90-6-08657	يىل ھالقىسى ئانالىزى	headword	774_1R.png	unverified
D90-6-08658	يىلدىن-يىلغا	headword	774_1R.png	unverified
D90-6-08660	يىلان باش بېلىق	headword	774_2L.png	unverified
D90-6-08661	يىلان باغرى	headword	774_2L.png	unverified
D90-6-08662	يىلان بېلىق	headword	774_2L.png	unverified
D90-6-08663	يىلان كۆشكە نى بىلىدىغان	headword	774_2L.png	unverified
D90-6-08663-v1	يىلاننىڭ كۆشكەنىنى تويىدىغان	variant	774_2L.png	unverified
D90-6-08664	يىلان يىلى	headword	775_1R.png	unverified
D90-6-08665	يىلان-چايان	headword	775_1R.png	unverified
D90-6-08666	يىلانچى	headword	775_1R.png	unverified
D90-6-08667	يىلانچى يۇلتۇز تۈركۈمى	headword	775_1R.png	unverified
D90-6-08668	يىلانسىمان	headword	775_1R.png	unverified
D90-6-08669	يىلانسىمان قامچىئوت	headword	775_1R.png	unverified
D90-6-08670	يىلانلىق	headword	775_2L.png	unverified
D90-6-08671	يىلانئوت	headword	775_2L.png	unverified
D90-6-08672	يىلپىز	headword	775_2L.png	unverified
D90-6-08674	يىلتىز	headword	775_2L.png	unverified
D90-6-08675	يىلتىز ئالماشتۇرۇش	headword	776_1R.png	unverified
D90-6-08676	يىلتىز باكتېرىيىسى	headword	776_1R.png	unverified
D90-6-08686	يىلتىز تۈگۈنچە باكتېرىيىسى	headword	777_1R.png	unverified
D90-6-08677	يىلتىز بەلگىسى	headword	776_1R.png	unverified
D90-6-08678	يىلتىز بوينى	headword	776_1R.png	unverified
D90-6-08679	يىلتىز بېسىمى	headword	776_2L.png	unverified
D90-6-08680	يىلتىز بىخى	headword	776_2L.png	unverified
D90-6-08681	يىلتىز-تاچ نىسبىتى	headword	776_2L.png	unverified
D90-6-08682	يىلتىز تارتماق	headword	776_2L.png	unverified
D90-6-08683	يىلتىز تەكشۈرۈش	headword	776_2L.png	unverified
D90-6-08684	يىلتىز تۈكچىسى	headword	776_2L.png	unverified
D90-6-08685	يىلتىز تۈكلۈك قىسمى	headword	777_1R.png	unverified
D90-6-08687	يىلتىز تۈگۈنچىسى	headword	777_1R.png	unverified
D90-6-08688	يىلتىز تىكىش	headword	777_1R.png	unverified
D90-6-08689	يىلتىز چىقىرىش	headword	777_1R.png	unverified
D90-6-08690	يىلتىز سان	headword	777_2L.png	verified
D90-6-08691	يىلتىز سۆز	headword	777_2L.png	unverified
D90-6-08692	يىلتىز سىرتىدىن ئوغۇتلاش	headword	777_2L.png	verified
D90-6-08693	يىلتىز سىستېمىسى	headword	777_2L.png	unverified
D90-6-08694	يىلتىز غىلىپى	headword	777_2L.png	unverified
D90-6-08695	يىلتىز كۈلىسى	headword	777_2L.png	unverified
D90-6-08696	يىلتىز كۆچۈرۈش	headword	777_2L.png	verified
D90-6-08697	يىلتىز كۆرسەتكۈچ	headword	778_1R.png	unverified
D90-6-08698	يىلتىز ئۇچى	headword	778_1R.png	unverified
D90-6-08699	يىلتىز ئۇلاق	headword	778_1R.png	unverified
D90-6-08700	يىلتىزى چىقماق	headword	778_1R.png	unverified
D90-6-08701	يىلتىزىدىن قومۇرۇپ تاشلىماق	headword	778_1R.png	unverified
D90-6-08702	يىلتىزىدىن قۇرۇتتاق	headword	778_2L.png	unverified
D90-6-08703	يىلتىزىغا پالتا چاپماق	headword	778_2L.png	unverified
D90-6-08704	يىلتىزىنى قومۇرۇپ تاشلىماق	headword	778_2L.png	unverified
D90-6-08705	يىلتىزىنى قۇرۇتتاق	headword	778_2L.png	unverified
D90-6-08706	يىلتىزىنى قىرغماق	headword	778_2L.png	unverified
D90-6-08707	يىلتىزداش سۆز	headword	778_2L.png	unverified
D90-6-08708	يىلتىزسىز	headword	779_1R.png	unverified
D90-6-08709	يىلتىزسىمان	headword	779_1R.png	unverified
D90-6-08711	يىلتىزلىق	headword	779_1R.png	unverified
D90-6-08714	يىلتىزلىماق	headword	779_2L.png	unverified
D90-6-08715	يىلداش	headword	779_2L.png	unverified
D90-6-08716	يىلسايىن	headword	779_2L.png	unverified
D90-6-08717	يىلسېرى	headword	779_2L.png	unverified
D90-6-08718	يىلسىز	headword	779_2L.png	unverified
D90-6-08719	يىلقا	headword	779_2L.png	unverified
D90-6-08720	يىلتىپچى	headword	780_1R.png	unverified
D90-6-08721	يىلتىپچىلىق	headword	780_1R.png	unverified
D90-6-08722	يىللاپ	headword	780_1R.png	unverified
D90-6-08723	يىللاپ-يىللاپ	headword	780_1R.png	unverified
D90-6-08724	يىللىق	headword	780_1R.png	unverified
D90-6-08730	يىللىق پىلان	headword	781_1R.png	unverified
D90-6-08731	يىللىق تەقسىمات	headword	781_1R.png	unverified
D90-6-08732	يىللىق چىقىم	headword	781_1R.png	unverified
D90-6-08733	يىللىق دارامەت	headword	781_1R.png	unverified
D90-6-08734	يىللىق قوشۇمچە قىممەت مىقدارى	headword	781_1R.png	unverified
D90-6-08735	يىللىق قوشۇمچە قىممەت نىسبىتى	headword	781_1R.png	unverified
D90-6-08736	يىللىق كىرىم	headword	781_1R.png	unverified
D90-6-08737	يىللىق نەق چوت	headword	781_1R.png	unverified
D90-6-08738	يىللىق ھېسابات	headword	781_1R.png	unverified
D90-6-08739	يىللىق ئۆسۈم	headword	781_1R.png	unverified
D90-6-08740	يىللىقچى	headword	781_1R.png	unverified
D90-6-08741	يىللىقچىلىق	headword	781_2L.png	unverified
D90-6-08742	يىللىماق	headword	781_2L.png	unverified
D90-6-08743	يىلمان	nonstandard	781_2L.png	unverified
D90-6-08744	يىلمۇيىل	headword	781_2L.png	unverified
D90-6-08745	يىلنامە	headword	781_2L.png	unverified
D90-6-08746	يىلنامىلىق	headword	781_2L.png	unverified
D90-6-08747	يىلى	headword	781_2L.png	unverified
D90-6-08749	يىلىك غىلىپى	headword	782_1R.png	unverified
D90-6-08750	يىلىكى توشماق	headword	782_1R.png	unverified
D90-6-08751	يىلىكى توق	headword	782_1R.png	unverified
D90-6-08752	يىلىكىدە سۇ ئىچمەك	headword	782_1R.png	unverified
D90-6-08753	يىلىكى شورلۇق	headword	782_2L.png	unverified
D90-6-08753-v1	شور پېشانە	variant	782_2L.png	unverified
D90-6-08754	يىلىكىنى چاقماق	headword	782_2L.png	unverified
D90-6-08755	يىلىكىنى شورىماق	headword	782_2L.png	unverified
D90-6-08756	يىلىكىنى قۇرۇتماق	headword	782_2L.png	unverified
D90-6-08757	يىلىكى ئۈزۈك	headword	782_2L.png	unverified
D90-6-08758	يىلىكى ئۈزۈلمەك	headword	782_2L.png	unverified
D90-6-08759	يىلىماق	nonstandard	782_2L.png	unverified
D90-6-08760	يىل-يىللاپ	headword	783_1R.png	unverified
D90-6-08761	يىملەشەلمەك	nonstandard	783_1R.png	unverified
D90-6-08761-c1	ھەملەشەلمەك	corrected_form	783_1R.png	unverified
D90-6-08762	يىمىرىلمەك	headword	783_1R.png	unverified
D90-6-08763	يىمىرىشمەك	headword	783_2L.png	unverified
D90-6-08764	يىمىرىلمەس	headword	783_2L.png	unverified
D90-6-08766	يىمىرىلىش	headword	784_1R.png	unverified
D90-6-08767	يىمىرىلىش پوستى	headword	784_2L.png	unverified
D90-6-08768	يىمىرىلىش رولى	headword	784_2L.png	unverified
D90-6-08769	يىمىرىلىش كونستانتى	headword	784_2L.png	unverified
D90-6-08770	يىن	headword	784_2L.png	unverified
