row_id	entry	type	source_page	status_v1
D90-1-00001	ئا	headword	001_1R.png	verified
D90-1-02522	ئاۋۇ	headword	203_1R.png	unverified
D90-1-00005	ئاب	headword	001_1R.png	verified
D90-1-00006	ئابات	nonstandard	001_1R.png	verified
D90-1-02466	ئاۋات	headword	198_2L.png	unverified
D90-1-00007	ئاباد	nonstandard	001_1R.png	verified
D90-1-00008	ئابارون	nonstandard	001_1R.png	verified
D90-1-00008-c1	ئوبورون	corrected_form	001_1R.png	verified
D90-1-00009	ئابايا	headword	001_1R.png	verified
D90-1-00010	ئابايام	nonstandard	001_2L.png	verified
D90-1-00011	ئابايامقى	nonstandard	001_2L.png	verified
D90-1-00012	ئابايىقى	headword	001_2L.png	verified
D90-1-00013	ئابخاز	headword	001_2L.png	verified
D90-1-00014	ئابخازلار	headword	001_2L.png	verified
D90-1-00015	ئابدال	headword	001_2L.png	verified
D90-1-00016	ئابداللىق	headword	001_2L.png	verified
D90-1-00017	ئابدىمىلىك	headword	001_2L.png	verified
D90-1-00018	ئابدىمىلىك پىلە قۇرتى	headword	002_1R.png	verified
D90-1-00019	ئابدىمىلىك پىلىسى	headword	002_1R.png	verified
D90-1-00020	ئابدىمىلىك مېيى	headword	002_1R.png	verified
D90-1-00021	ئابروي	headword	002_1R.png	verified
D90-1-00022	ئابروي قىلماق	headword	002_1R.png	verified
D90-1-00023	ئابرويى بىر پۇل بولماق	headword	002_1R.png	verified
D90-1-00024	ئابرويى بىر تىيىن بولماق	headword	002_1R.png	verified
D90-1-00025	ئابرويىنى بىر پۇل قىلماق	headword	002_1R.png	verified
D90-1-00026	ئابرويىنى بىر تىيىن قىلماق	headword	002_2L.png	verified
D90-1-00027	ئابرويىنى تۆكمەك	headword	002_2L.png	verified
D90-1-00028	ئابرويىنى قىلماق	headword	002_2L.png	verified
D90-1-00029	ئابرويپەرەس	headword	002_2L.png	verified
D90-1-00030	ئابرويپەرەسلىك	headword	002_2L.png	verified
D90-1-00031	ئابرويسىز	headword	002_2L.png	verified
D90-1-00032	ئابرويسىزلاندۇرماق	headword	002_2L.png	verified
D90-1-00033	ئابرويسىزلاندۇرۇلماق	headword	002_2L.png	verified
D90-1-00034	ئابرويسىزلانماق	headword	002_2L.png	verified
D90-1-09865	ئابرويسىزلىق	headword	003_1R.png	verified
D90-1-00035	ئابرويلۇق	headword	003_1R.png	verified
D90-1-00036	ئابزاس	headword	003_1R.png	verified
D90-1-00037	ئابزاسلىق	headword	003_1R.png	verified
D90-1-00038	ئابستراكت	headword	003_1R.png	verified
D90-1-00040	ئابستراكت تەپەككۇر	headword	003_2L.png	verified
D90-1-00041	ئابستراكت سەنئەت	headword	003_2L.png	verified
D90-1-00042	ئابستراكت ئۇقۇم	headword	003_2L.png	verified
D90-1-00043	ئابستراكتلاشتۇرماق	headword	003_2L.png	verified
D90-1-00044	ئابستراكتلاشتۇرۇلماق	headword	003_2L.png	verified
D90-1-00045	ئابستراكتلاشماق	headword	003_2L.png	verified
D90-1-00046	ئابستراكتلىق	headword	004_1R.png	unverified
D90-1-00047	ئابستراكسىيە	headword	004_1R.png	unverified
D90-1-00048	ئابستراكسىيىلەشتۈرمەك	headword	004_1R.png	unverified
D90-1-00049	ئابستراكسىيىلەشتۈرۈلمەك	headword	004_1R.png	unverified
D90-1-00050	ئابستراكسىيىلەشمەك	headword	004_1R.png	unverified
D90-1-00051	ئابستراكسىيىلىك	headword	004_1R.png	unverified
D90-1-00052	ئابسېسسا	headword	004_1R.png	verified
D90-1-00052-i1	ئابسېسساسى	inflected	004_1R.png	verified
D90-1-00053	ئابۇ ئاش	headword	004_2L.png	verified
D90-1-00054	ئابۇچەشمە	nonstandard	004_2L.png	unverified
D90-1-00059	ئابىچەشمە	headword	004_2L.png	unverified
D90-1-00055	ئابۇكەۋسەر	nonstandard	004_2L.png	unverified
D90-1-00064	ئابىكەۋسەر	headword	005_1R.png	unverified
D90-1-00056	ئابۇنە	headword	004_2L.png	unverified
D90-1-00057	ئابۇنىچى	headword	004_2L.png	unverified
D90-1-00058	ئابۇ ھايات	nonstandard	004_2L.png	unverified
D90-1-00066	ئابىھايات	headword	005_1R.png	unverified
D90-1-00060	ئابىدارما	headword	004_2L.png	verified
D90-1-00061	ئابىدە	headword	004_2L.png	unverified
D90-1-00061-v1	مەڭگۈتاش	variant	004_2L.png	unverified
D90-1-00062	ئابىراۋان	headword	005_1R.png	unverified
D90-1-00063	ئابىزەمزەم	headword	005_1R.png	unverified
D90-1-00065	ئابىناۋات	headword	005_1R.png	unverified
D90-1-00067	ئابىيا	nonstandard	005_1R.png	unverified
D90-1-00068	ئابىيام	nonstandard	005_1R.png	unverified
D90-1-00069	ئاپا	headword	005_1R.png	unverified
D90-1-00070	ئاپارات	nonstandard	005_2L.png	unverified
D90-1-00082	ئاپپارات	headword	006_2L.png	unverified
D90-1-00071	ئاپارغۇزماق	headword	005_2L.png	unverified
D90-1-00072	ئاپارماق	headword	005_2L.png	unverified
D90-1-00073	ئاپئاشكارا	headword	005_2L.png	unverified
D90-1-00074	ئاپئاق	headword	005_2L.png	unverified
D90-1-00075	ئاپاق - چاپاق	headword	006_1R.png	unverified
D90-1-00077	ئاپئاقچىلىق	headword	006_1R.png	unverified
D90-1-00078	ئاپئايان	headword	006_1R.png	unverified
D90-1-00079	ئاپئايدىڭ	headword	006_1R.png	unverified
D90-1-00080	ئاپەت	headword	006_1R.png	unverified
D90-1-00081	ئاپەتلىك	headword	006_2L.png	unverified
D90-1-00084	ئاپپاق	headword	006_2L.png	unverified
D90-1-00085	ئاپپاق خوجا	headword	007_1R.png	unverified
D90-1-00086	ئاپپاي	headword	007_1R.png	unverified
D90-1-00087	ئاپتاپ	headword	007_1R.png	unverified
D90-1-00088	ئاپتاپپەرەس	headword	007_2L.png	unverified
D90-1-00090	ئاپتاپپەرەسلىك	headword	007_2L.png	unverified
D90-1-00091	ئاپتاپسىندۇرماق	headword	008_1R.png	unverified
D90-1-00092	ئاپتاپسىنماق	headword	008_1R.png	unverified
D90-1-00093	ئاپتاپلىق	headword	008_1R.png	unverified
D90-1-00094	ئاپتوبۇس	headword	008_1R.png	unverified
D90-1-00096	ئاپتور	headword	008_1R.png	unverified
D90-1-00098	ئاپتورلۇق	headword	008_2L.png	unverified
D90-1-00100	ئاپتول	headword	008_2L.png	unverified
D90-1-00101	ئاپتومات	headword	008_2L.png	unverified
D90-1-00102	ئاپتوماتچى	headword	008_2L.png	unverified
D90-1-00103	ئاپتوماتلاشتۇرماق	headword	008_2L.png	unverified
D90-1-00104	ئاپتوماتلاشتۇرۇلماق	headword	009_1R.png	unverified
D90-1-00105	ئاپتوماتلاشماق	headword	009_1R.png	unverified
D90-1-00106	ئاپتوماتلىق	headword	009_1R.png	unverified
D90-1-00107	ئاپتوماتىك	headword	009_1R.png	unverified
D90-1-00110	ئاپتوماشىنا	headword	009_1R.png	unverified
D90-1-00111	ئاپتوموبىل	headword	009_1R.png	unverified
D90-1-00112	ئاپتوموبىل مۇسابىقىسى	headword	009_2L.png	unverified
D90-1-00113	ئاپتوموبىلسازلىق	headword	009_2L.png	unverified
D90-1-00114	ئاپتونوم	headword	009_2L.png	unverified
D90-1-00118	ئاپتونومىيە	headword	009_2L.png	unverified
D90-1-00119	ئاپتونومىيە ئورگىنى	headword	010_1R.png	unverified
D90-1-00120	ئاپتۇۋا	headword	010_1R.png	unverified
D90-1-00121	ئاپتۇۋا-چىلاپچا	headword	010_1R.png	unverified
D90-1-00122	ئاپتېكا	headword	010_1R.png	unverified
D90-1-00123	ئاپتېكار	headword	010_2L.png	unverified
D90-1-00123-v1	دورىگەر	variant	010_2L.png	unverified
D90-1-00124	ئاپرېل	headword	010_2L.png	unverified
D90-1-00125	ئاپشاركا	headword	010_2L.png	unverified
D90-1-00126	ئاپقۇت	headword	010_2L.png	unverified
D90-1-00127	ئاپقۇتچى	headword	010_2L.png	unverified
D90-1-00128	ئاپقۇر	headword	010_2L.png	unverified
D90-1-00130	ئاپقۇن	headword	010_2L.png	unverified
D90-1-00130-v1	كولا	variant	010_2L.png	unverified
D90-1-00131	ئاپلا	headword	010_2L.png	unverified
D90-1-00132	ئاپلاھەكبەر	headword	011_1R.png	unverified
D90-1-00133	ئاپلىسۇن	nonstandard	011_1R.png	unverified
D90-1-00137	ئاپېلسىن	headword	011_2L.png	unverified
D90-1-00134	ئاپورت	headword	011_1R.png	unverified
D90-1-00135	ئاپورت ئالما	headword	011_1R.png	unverified
D90-1-00136	ئاپوفىزا	headword	011_2L.png	unverified
D90-1-00138	ئاپىخان	nonstandard	011_2L.png	unverified
D90-1-00729	ئارپىخان	headword	060_2L.png	unverified
D90-1-00139	ئاپىدىيان	nonstandard	011_2L.png	unverified
D90-1-00726	ئارپىبەدىيان	headword	060_2L.png	unverified
D90-1-00140	ئاپىرىدە	headword	011_2L.png	unverified
D90-1-00141	ئاپىرىدە بولماق	headword	011_2L.png	unverified
D90-1-00142	ئاپىرىدە قىلماق	headword	011_2L.png	unverified
D90-1-00143	ئاپىرىشماق	headword	011_2L.png	unverified
D90-1-00144	ئاپىرىن	headword	011_2L.png	unverified
D90-1-00145	ئاپىرىن ئەيلىمەك	headword	011_2L.png	unverified
D90-1-00147	ئاپىرىن ئېيتماق	headword	012_1R.png	unverified
D90-1-00146	ئاپىرىن ئوقۇماق	headword	012_1R.png	unverified
D90-1-00148	ئاپىلىق	nonstandard	012_1R.png	unverified
D90-1-00730	ئارپىلىق	headword	061_1R.png	unverified
D90-1-00149	ئات	headword	012_1R.png	unverified
D90-1-00153	ئاتتىن چۈشكەن يېرى	headword	012_2L.png	unverified
D90-1-00154	ئات چىشلىق قوناق	headword	012_2L.png	unverified
D90-1-00155	ئات سالماق	headword	012_2L.png	unverified
D90-1-00156	ئات سۈلەيسۈنى	headword	012_2L.png	unverified
D90-1-00157	ئات قامچا	headword	012_2L.png	unverified
D90-1-00158	ئات قويماق	headword	012_2L.png	unverified
D90-1-00159	ئات قۇلان	headword	012_2L.png	unverified
D90-1-00160	ئات قېچىر	headword	013_1R.png	unverified
D90-1-00161	ئات كۈچى	headword	013_1R.png	unverified
D90-1-00162	ئاتمۇ ئۆلمىسۇن، ھارۋىمۇ سۇنمىسۇن	headword	013_1R.png	unverified
D90-1-00162-v1	كاۋاپمۇ كۆيمىسۇن، زىخمۇ كۆيمىسۇن	variant	013_1R.png	unverified
D90-1-00163	ئاتنىڭ قاشقىسىدەك	headword	013_1R.png	unverified
D90-1-00164	ئات ئورۇق، يول پىراق	headword	013_1R.png	unverified
D90-1-00165	ئات ئويۇنى	headword	013_1R.png	unverified
D90-1-00166	ئات ۋاباسى	headword	013_1R.png	unverified
D90-1-00167	ئات ئېگەرلەكلىك	headword	013_1R.png	unverified
D90-1-00168	ئات يىلى	headword	013_2L.png	unverified
D90-1-00173	ئاتا	headword	013_2L.png	unverified
D90-1-00174	ئاتا بولماق	headword	014_1R.png	unverified
D90-1-00175	ئاتا تۇتماق	headword	014_1R.png	unverified
D90-1-00176	ئاتا جەمەت	headword	014_1R.png	unverified
D90-1-00177	ئاتا كەسىپ	headword	014_1R.png	unverified
D90-1-00178	ئاتا كۆرگەن، ئانا كۆرگەن	headword	014_1R.png	unverified
D90-1-00179	ئاتاڭغا رەھمەت	headword	014_2L.png	unverified
D90-1-00180	ئاتاڭغا لەنەت	headword	014_2L.png	unverified
D90-1-00181	ئاتاڭ ياخشى، ئاناڭ ياخشى دېمەك	headword	014_2L.png	unverified
D90-1-00182	ئاتام زامان	headword	014_2L.png	unverified
D90-1-00183	ئاتام زاماندىن بۇيان	headword	014_2L.png	unverified
D90-1-00185	ئاتام زاماندىن تارتىپ	headword	014_2L.png	unverified
D90-1-00184	ئاتام زاماندىن بېرى	headword	014_2L.png	unverified
D90-1-00186	ئاتام زاماندىن قالغان	headword	015_1R.png	unverified
D90-1-00187	ئاتام ئېيتقان	headword	015_1R.png	unverified
D90-1-00188	ئاتا مىراس	headword	015_1R.png	unverified
D90-1-00189	ئاتا يوللۇق	headword	015_1R.png	unverified
D90-1-00191	ئاتا قىلماق	headword	015_1R.png	unverified
D90-1-00192	ئاتا-ئانا	headword	015_1R.png	unverified
D90-1-00193	ئاتا-ئانىلىق	headword	015_2L.png	unverified
D90-1-00194	ئاتا-بالا	headword	015_2L.png	unverified
D90-1-00195	ئاتا-بالىلىق	headword	015_2L.png	unverified
D90-1-00196	ئاتا-بوۋا	headword	015_2L.png	unverified
D90-1-00197	ئاتارمەن	headword	015_2L.png	unverified
D90-1-00198	ئاتارمەن - چاپارمەن	headword	016_1R.png	unverified
D90-1-00199	ئاتاش	headword	016_1R.png	verified
D90-1-00200	ئاتاشماق	headword	016_1R.png	unverified
D90-1-00202	ئاتاغا	headword	016_1R.png	unverified
D90-1-00203	ئاتاق	headword	016_1R.png	unverified
D90-1-00204	ئاتاق ئالماق	headword	016_2L.png	unverified
D90-1-00205	ئاتىقى چىقماق	headword	016_2L.png	unverified
D90-1-00206	ئاتاق - ئابروي	headword	016_2L.png	unverified
D90-1-00206-v1	نام - ئابروي	variant	016_2L.png	unverified
D90-1-00207	ئاتاقسىز	headword	016_2L.png	unverified
D90-1-00207-v1	نامسىز	variant	016_2L.png	unverified
D90-1-00208	ئاتاقلىق	headword	016_2L.png	unverified
D90-1-00209	ئاتاكا	headword	017_1R.png	unverified
D90-1-00211	ئاتالغۇ	headword	017_1R.png	unverified
D90-1-00215	ئاتالما	headword	017_1R.png	unverified
D90-1-00216	ئاتالماق	headword	017_1R.png	unverified
D90-1-00218	ئاتالمىش	headword	017_2L.png	unverified
D90-1-00219	ئاتامان	headword	017_2L.png	unverified
D90-1-00222	ئاتامانلىق	headword	017_2L.png	unverified
D90-1-00223	ئاتان	headword	017_2L.png	unverified
D90-1-00224	ئاتايەن	nonstandard	017_2L.png	unverified
D90-1-00226	ئاتايىن	headword	017_2L.png	unverified
D90-1-00225	ئاتايتەن	nonstandard	017_2L.png	unverified
D90-1-00227	ئاتەش	headword	018_1R.png	unverified
D90-1-00229	ئاتەشپەرەس	headword	018_1R.png	unverified
D90-1-00230	ئاتەشپەرەسلىك	headword	018_1R.png	unverified
D90-1-00231	ئاتەشدان	headword	018_1R.png	unverified
D90-1-00231-v1	ئوتدان	variant	018_1R.png	unverified
D90-1-00232	ئاتەشسىمان	headword	018_1R.png	unverified
D90-1-00233	ئاتەشكۈ	headword	018_2L.png	unverified
D90-1-00234	ئاتەشلىك	headword	018_2L.png	unverified
D90-1-00235	ئاتەشىن	headword	018_2L.png	unverified
D90-1-00236	ئات - پات	headword	018_2L.png	unverified
D90-1-00237	ئاتچى	headword	018_2L.png	unverified
D90-1-00238	ئاتچىلىق	headword	018_2L.png	unverified
D90-1-00239	ئاتخانا	headword	018_2L.png	unverified
D90-1-00240	ئاتخۇمار	headword	019_1R.png	unverified
D90-1-00241	ئاتروپىن	headword	019_1R.png	unverified
D90-1-00242	ئاترىنا	headword	019_1R.png	unverified
D90-1-00243	ئاتسېتات	headword	019_1R.png	unverified
D90-1-00244	ئاتسېتات كىسلاتا	headword	019_1R.png	unverified
D90-1-00245	ئاتسېتلىن	headword	019_1R.png	unverified
D90-1-00246	ئاتسېنافېتىن	headword	019_2L.png	unverified
D90-1-00247	ئاتسىل	headword	019_2L.png	unverified
D90-1-00248	ئاتقۇچى	headword	019_2L.png	unverified
D90-1-00249	ئاتقۇچىلىق	headword	019_2L.png	unverified
D90-1-00250	ئاتقۇرماق	headword	019_2L.png	unverified
D90-1-00251	ئاتقۇرۇلماق	headword	019_2L.png	unverified
D90-1-00252	ئاتقۇزماق	headword	019_2L.png	unverified
D90-1-00253	ئاتقۇزۇشماق	headword	019_2L.png	unverified
D90-1-00254	ئاتقۇزۇلماق	headword	019_2L.png	unverified
D90-1-00255	ئاتقۇلاق	headword	020_1R.png	unverified
D90-1-00256	ئاتقۇنە	headword	020_1R.png	unverified
D90-1-00257	ئاتكوس	headword	020_1R.png	verified
D90-1-00258	ئاتكىرىتكىا	headword	020_1R.png	unverified
D90-1-00259	ئاتلاتماق	headword	020_1R.png	unverified
D90-1-00260	ئاتلاشماق	headword	020_1R.png	unverified
D90-1-00261	ئاتلام	headword	020_1R.png	unverified
D90-1-00262	ئاتلامبەرگەن	headword	020_2L.png	unverified
D90-1-00263	ئاتلانتىك	headword	020_2L.png	unverified
D90-1-00264	ئاتلانتىك ئوكيان	headword	020_2L.png	unverified
D90-1-00265	ئاتلاندۇرماق	headword	020_2L.png	unverified
D90-1-00266	ئاتلاندۇرۇلماق	headword	020_2L.png	unverified
D90-1-00267	ئاتلانماق	headword	020_2L.png	unverified
D90-1-00268	ئاتلېتكا	headword	020_2L.png	unverified
D90-1-00269	ئاتلىق	headword	021_1R.png	unverified
D90-1-00273	ئاتلىق چارلىغۇچى	headword	021_2L.png	unverified
D90-1-00274	ئاتلىق ماھارەت كۆرسىتىش	headword	021_2L.png	unverified
D90-1-00276	ئاتلىماق	headword	021_2L.png	unverified
D90-1-00277	ئاتلىنىشماق	headword	022_1R.png	unverified
D90-1-00278	ئاتما	headword	022_1R.png	unverified
D90-1-00279	ئاتماق	headword	022_1R.png	unverified
D90-1-00280	ئاتموسفېرا	headword	022_2L.png	unverified
D90-1-00283	ئاتموسفېرا فىزىكىسى	headword	023_1R.png	unverified
D90-1-00284	ئاتموسفېرا قاتلىمى	headword	023_1R.png	unverified
D90-1-00285	ئاتموسفېرا قالايمىقان ئېقىمى	headword	023_1R.png	unverified
D90-1-00286	ئاتموسفېرا قوچۇلۇشى	headword	023_1R.png	unverified
D90-1-00287	ئاتموسفېرانىڭ سۇندۇرۇشى	headword	023_1R.png	unverified
D90-1-00288	ئاتموسفېرا ھەرىكەت مەركىزى	headword	023_1R.png	unverified
D90-1-00289	ئاتموسفېرا ئۇزۇن دولقۇنى	headword	023_1R.png	unverified
D90-1-00290	ئاتمېتكا	headword	023_1R.png	unverified
D90-1-00291	ئاتمىش	headword	023_2L.png	unverified
D90-1-00292	ئاتمىشىنچى	headword	023_2L.png	unverified
D90-1-00293	ئاتوم	headword	023_2L.png	unverified
D90-1-00294	ئاتوم بومبىسى	headword	023_2L.png	unverified
D90-1-00295	ئاتوم رېئاكسىيە قازىنى	headword	023_2L.png	unverified
D90-1-00296	ئاتوم سائىتى	headword	024_1R.png	unverified
D90-1-00297	ئاتوم فىزىكىسى	headword	024_1R.png	unverified
D90-1-00298	ئاتوم قوراللىرى	headword	024_1R.png	unverified
D90-1-00298-v1	يادرو قوراللىرى	variant	024_1R.png	unverified
D90-1-00299	ئاتوم قىممىتى	headword	024_1R.png	unverified
D90-1-00300	ئاتوملار گۇرۇپپىسى	headword	024_1R.png	unverified
D90-1-00301	ئاتوملۇق كرىستال پەنجىرىسى	headword	024_1R.png	unverified
D90-1-00302	ئاتوم ماسسىسى	headword	024_1R.png	unverified
D90-1-00303	ئاتوم نەزەرىيىسى	headword	024_2L.png	unverified
D90-1-00304	ئاتوم نومۇرى	headword	024_2L.png	unverified
D90-1-00305	ئاتوم ۋاقتى	headword	024_2L.png	unverified
D90-1-00306	ئاتوم ئېنېرگىيىسى	headword	024_2L.png	unverified
D90-1-00307	ئاتوم يادروسى	headword	024_2L.png	unverified
D90-1-00308	ئاتۇش	headword	024_2L.png	unverified
D90-1-00309	ئاتۇش چۆپى	headword	024_2L.png	unverified
D90-1-00310	ئات - ئۇلاغ	headword	025_1R.png	unverified
D90-1-00311	ئاتۋاز	headword	025_1R.png	unverified
D90-1-00312	ئاتپېرىن	headword	025_1R.png	unverified
D90-1-00313	ئاتېئىزم	headword	025_1R.png	unverified
D90-1-00314	ئاتېئىزملىق	headword	025_1R.png	unverified
D90-1-00315	ئاتېئىست	headword	025_1R.png	unverified
D90-1-00316	ئاتېئىستلىق	headword	025_1R.png	unverified
D90-1-00317	ئاتىدارچىلىق	headword	025_2L.png	unverified
D90-1-00318	ئاتىدارچىلىق قىلماق	headword	025_2L.png	unverified
D90-1-00319	ئاتىكاچى	headword	025_2L.png	unverified
D90-1-00320	ئاتىكاچىلىق	headword	025_2L.png	unverified
D90-1-00321	ئاتىكاچىلىق قىلماق	headword	025_2L.png	unverified
D90-1-00322	ئاتىلا	headword	025_2L.png	unverified
D90-1-00323	ئاتىلارچە	headword	025_2L.png	unverified
D90-1-00324	ئاتىلىق	headword	026_1R.png	unverified
D90-1-00329	ئاتىماق	headword	026_2L.png	unverified
D90-1-00331	ئاجايىبات	headword	027_1R.png	unverified
D90-1-00332	ئاجايىپ	headword	027_1R.png	unverified
D90-1-00333	ئاجايىپخانا	headword	027_1R.png	unverified
D90-1-00334	ئاجايىپ - غارايىپ	headword	027_2L.png	unverified
D90-1-00335	ئاجراتماق	headword	027_2L.png	unverified
D90-1-00337	ئاجراشتۇرماق	headword	027_2L.png	unverified
D90-1-00338	ئاجراشتۇرۇلماق	headword	028_1R.png	unverified
D90-1-00339	ئاجراشچانلىق	headword	028_1R.png	unverified
D90-1-00340	ئاجراشماق	headword	028_1R.png	unverified
D90-1-00341	ئاجراق	headword	028_1R.png	unverified
D90-1-00342	ئاجرالماق	headword	028_1R.png	unverified
D90-1-00343	ئاجرىلىپ چىقىش	headword	028_2L.png	unverified
D90-1-00344	ئاجرىلىپ كۆپىيىش	headword	028_2L.png	unverified
D90-1-00345	ئاجرالمىلار	headword	028_2L.png	unverified
D90-1-00346	ئاجرىتىلماق	headword	028_2L.png	unverified
D90-1-00347	ئاجرىماق	headword	028_2L.png	unverified
D90-1-00348	ئاجىز	headword	028_2L.png	unverified
D90-1-00349	ئاجىز ئاساس	headword	029_2L.png	unverified
D90-1-00350	ئاجىز كەلمەك	headword	029_2L.png	unverified
D90-1-00351	ئاجىز كىسلاتا	headword	029_2L.png	unverified
D90-1-00352	ئاجىزە	headword	029_2L.png	unverified
D90-1-00353	ئاجىزلاتماق	headword	029_2L.png	unverified
D90-1-00354	ئاجىزلاشتۇرماق	headword	029_2L.png	unverified
D90-1-00355	ئاجىزلاشتۇرۇلماق	headword	029_2L.png	unverified
D90-1-00356	ئاجىزلاشماق	headword	030_1R.png	unverified
D90-1-00357	ئاجىزلاندۇرماق	headword	030_1R.png	unverified
D90-1-00358	ئاجىزلاندۇرۇلىماق	headword	030_1R.png	unverified
D90-1-00359	ئاجىزلانماق	headword	030_1R.png	unverified
D90-1-00360	ئاجىزلىشىش	headword	030_1R.png	unverified
D90-1-00361	ئاجىزلىق	headword	030_1R.png	unverified
D90-1-00362	ئاجىزلىق قىلماق	headword	030_1R.png	unverified
D90-1-00363	ئاجىزلىماق	headword	030_1R.png	unverified
D90-1-00364	ئاچ	headword	030_2L.png	unverified
D90-1-00365	ئاچ قالماق	headword	030_2L.png	unverified
D90-1-00372	ئاچا	headword	031_1R.png	unverified
D90-1-00375	ئاچا تۇياقلىقلار	headword	031_2L.png	unverified
D90-1-00379	ئاچارا	headword	031_2L.png	unverified
D90-1-00379-v1	چاتراق	variant	031_2L.png	unverified
D90-1-00380	ئاچارچىلىق	headword	031_2L.png	unverified
D90-1-00381	ئاچاسەي	headword	031_2L.png	unverified
D90-1-00382	ئاچاكا	headword	032_1R.png	unverified
D90-1-00383	ئاچاڭزۇ	headword	032_1R.png	unverified
D90-1-00385	ئاچال	headword	032_1R.png	unverified
D90-1-00386	ئاچالچى	headword	032_1R.png	unverified
D90-1-00387	ئاچالگۆش	headword	032_1R.png	unverified
D90-1-00388	ئاچبىقىن	headword	032_1R.png	unverified
D90-1-00389	ئاچپاقا	headword	032_1R.png	unverified
D90-1-00390	ئاچپاقىلىق	headword	032_2L.png	unverified
D90-1-00391	ئاچ-توق	headword	032_2L.png	unverified
D90-1-00392	ئاچ-توقلۇق	headword	032_2L.png	unverified
D90-1-00393	ئاچتۇرماق	nonstandard	032_2L.png	unverified
D90-1-00445	ئاچۇرماق	headword	037_2L.png	unverified
D90-1-00394	ئاچچىق	headword	032_2L.png	unverified
D90-1-00395	ئاچچىق ئاسارون	headword	033_1R.png	unverified
D90-1-00396	ئاچچىق ئانار	headword	033_1R.png	unverified
D90-1-00397	ئاچچىق پەربۇن	headword	033_1R.png	unverified
D90-1-00398	ئاچچىق تاۋۇز	headword	033_1R.png	unverified
D90-1-00399	ئاچچىق تولغاق	headword	033_2L.png	unverified
D90-1-00400	ئاچچىق چەيزە	headword	033_2L.png	unverified
D90-1-00400-v1	قىزىل چەيزە	variant	033_2L.png	unverified
D90-1-00401	ئاچچىق گىلاس	headword	033_2L.png	unverified
D90-1-00402	ئاچچىق ئۆرۈك	headword	033_2L.png	unverified
D90-1-00403	ئاچچىق ئۈچەي	headword	033_2L.png	unverified
D90-1-00404	ئاچچىق ئۈچىيىدىكىنى دېمەك	headword	033_2L.png	unverified
D90-1-00405	ئاچچىق تۈۋىدىن كەلمەك	headword	033_2L.png	unverified
D90-1-00406	ئاچچىقى چىقماق	headword	033_2L.png	unverified
D90-1-00407	ئاچچىقىغا بەس كېلەلمەسلىك	headword	033_2L.png	unverified
D90-1-00409	ئاچچىقىغا چىدىماسلىق	headword	034_1R.png	unverified
D90-1-00408	ئاچچىقىغا پايلىماي	headword	034_1R.png	unverified
D90-1-00410	ئاچچىقىغا ھاي بەرمەك	headword	034_1R.png	unverified
D90-1-00411	ئاچچىقى كەلمەك	headword	034_1R.png	unverified
D90-1-00412	ئاچچىقىنى ئىچىگە يۇتماق	headword	034_1R.png	unverified
D90-1-00413	ئاچچىقىنى يۇتماق	headword	034_1R.png	unverified
D90-1-00414	ئاچچىقى ئىچىگە پاتماسلىق	headword	034_1R.png	unverified
D90-1-00415	ئاچچىقى يامان	headword	034_2L.png	unverified
D90-1-00416	ئاچچىقى يانماق	headword	034_2L.png	unverified
D90-1-00417	ئاچچىق يۇتماق	headword	034_2L.png	unverified
D90-1-00418	ئاچچىق-چۈچۈك	headword	034_2L.png	unverified
D90-1-00420	ئاچچىقچېچەك	headword	034_2L.png	unverified
D90-1-00421	ئاچچىقسۇ	headword	035_1R.png	unverified
D90-1-00422	ئاچچىقلاشماق	headword	035_1R.png	unverified
D90-1-00423	ئاچچىقلاندۇرماق	headword	035_1R.png	unverified
D90-1-00424	ئاچچىقلانماق	headword	035_1R.png	unverified
D90-1-00425	ئاچچىقلىق	headword	035_1R.png	unverified
D90-1-00426	ئاچچىقلىماق	headword	035_1R.png	unverified
D90-1-00427	ئاچچىقتوت	headword	035_1R.png	unverified
D90-1-00428	ئاچ-زار	headword	035_2L.png	unverified
D90-1-00429	ئاچ-زارلىق	headword	035_2L.png	unverified
D90-1-00430	ئاچ-زېرىن	headword	035_2L.png	unverified
D90-1-00431	ئاچ-زېرىنلىق	headword	035_2L.png	unverified
D90-1-00432	ئاچقۇچ	headword	035_2L.png	unverified
D90-1-00433	ئاچقۇچلۇق	headword	036_1R.png	unverified
D90-1-00434	ئاچقۇزماق	nonstandard	036_1R.png	unverified
D90-1-00435	ئاچقۇزۇلماق	nonstandard	036_1R.png	unverified
D90-1-00447	ئاچۇرۇلماق	headword	037_2L.png	unverified
D90-1-00436	ئاچكۆز	headword	036_1R.png	unverified
D90-1-00437	ئاچكۆزلەرچە	headword	036_1R.png	unverified
D90-1-00438	ئاچكۆزلۈك	headword	036_1R.png	unverified
D90-1-00439	ئاچلىق	headword	036_2L.png	unverified
D90-1-00440	ئاچلىق ئېلان قىلماق	headword	036_2L.png	unverified
D90-1-00441	ئاچماق	headword	036_2L.png	unverified
D90-1-00448	ئاچىقماق	headword	038_1R.png	unverified
D90-1-00449	ئاچىقىشماق	headword	038_1R.png	unverified
D90-1-00450	ئاچىماق	headword	038_1R.png	unverified
D90-1-00451	ئاچ - يالىڭاچ	headword	038_1R.png	unverified
D90-1-00452	ئاچ - يالىڭاچلىق	headword	038_1R.png	unverified
D90-1-00453	ئاچ - يېلىڭ	headword	038_1R.png	unverified
D90-1-00454	ئاخبارات	headword	038_1R.png	unverified
D90-1-00455	ئاخباراتچى	headword	038_1R.png	unverified
D90-1-00456	ئاخباراتچىلىق	headword	038_2L.png	unverified
D90-1-00457	ئاختا	headword	038_2L.png	verified
D90-1-00461	ئاختارما	headword	038_2L.png	unverified
D90-1-00464	ئاختارمىلىق	headword	039_1R.png	unverified
D90-1-00465	ئاختاما	nonstandard	039_1R.png	unverified
D90-1-00466	ئاختۇرماق	headword	039_1R.png	unverified
D90-1-00468	ئاختۇرۇشماق	headword	039_1R.png	unverified
D90-1-00469	ئاختۇرۇلماق	headword	039_2L.png	unverified
D90-1-00470	ئاختىچى	headword	039_2L.png	unverified
D90-1-00471	ئاختىخانا	headword	039_2L.png	unverified
D90-1-00472	ئاخشام	headword	039_2L.png	unverified
D90-1-00473	ئاخشامقى	headword	039_2L.png	unverified
D90-1-00474	ئاخشاملىق	headword	039_2L.png	unverified
D90-1-00475	ئاخماق	nonstandard	039_2L.png	unverified
D90-1-02953	ئەخمەق	headword	240_2L.png	unverified
D90-1-00476	ئاخۇن	headword	039_2L.png	unverified
D90-1-00477	ئاخۇنەك	headword	040_1R.png	unverified
D90-1-00478	ئاخۇنباش	headword	040_1R.png	unverified
D90-1-00479	ئاخۇنلۇق	headword	040_1R.png	unverified
D90-1-00480	ئاخۇنۇم	headword	040_1R.png	unverified
D90-1-00481	ئاخۇنياغلىق	headword	040_1R.png	unverified
D90-1-00482	ئاخىر	headword	040_1R.png	unverified
D90-1-00483	ئاخىر بىر كۈن	headword	040_2L.png	unverified
D90-1-00483-v1	بىر كۈن ئەمەس بىر كۈنى	variant	040_2L.png	unverified
D90-1-00484	ئاخىر زامان	headword	040_2L.png	unverified
D90-1-00485	ئاخىرەت	headword	040_2L.png	unverified
D90-1-00486	ئاخىرەتلىك	headword	040_2L.png	unverified
D90-1-00487	ئاخىرقى	headword	041_1R.png	unverified
D90-1-00495	ئاخىرلاشتۇرماق	headword	041_1R.png	unverified
D90-1-00496	ئاخىرلاشتۇرۇلماق	headword	041_2L.png	unverified
D90-1-00497	ئاخىرلاشماق	headword	041_2L.png	unverified
D90-1-00498	ئاخىرى	headword	041_2L.png	unverified
D90-1-00499	ئاخىرى بېرىپ	headword	041_2L.png	unverified
D90-1-00500	ئادا	headword	041_2L.png	unverified
D90-1-00501	ئادا قىلماق	headword	042_1R.png	unverified
D90-1-00502	ئاداپ	headword	042_1R.png	unverified
D90-1-00503	ئادا-جۇدا	headword	042_1R.png	unverified
D90-1-00504	ئادا-جۇدا بولماق	headword	042_1R.png	unverified
D90-1-00505	ئادارگۈل	headword	042_1R.png	unverified
D90-1-00505-v1	ئانار گۈل	variant	042_1R.png	unverified
D90-1-00506	ئاداسقا	headword	042_1R.png	unverified
D90-1-00507	ئاداش	headword	042_1R.png	unverified
D90-1-00508	ئاداش تۇتماق	headword	042_2L.png	unverified
D90-1-00509	ئاداشتۇرماق	headword	042_2L.png	unverified
D90-1-00510	ئاداشتۇرۇلماق	headword	042_2L.png	unverified
D90-1-00511	ئاداشقان	headword	042_2L.png	unverified
D90-1-00513	ئاداشماق	headword	042_2L.png	unverified
D90-1-00514	ئاداق	headword	042_2L.png	unverified
D90-1-00515	ئاداققى	headword	043_1R.png	unverified
D90-1-00516	ئاداققىچە	headword	043_1R.png	unverified
D90-1-00517	ئادالاتقۇزماق	headword	043_1R.png	unverified
D90-1-00518	ئادالاتماق	headword	043_1R.png	unverified
D90-1-00519	ئادالاشماق	headword	043_1R.png	unverified
D90-1-00520	ئادالانماق	headword	043_1R.png	unverified
D90-1-00521	ئادالەت	headword	043_1R.png	unverified
D90-1-00522	ئادالەتپەرۋەر	headword	043_2L.png	unverified
D90-1-00523	ئادالەتپەرۋەرلىك	headword	043_2L.png	unverified
D90-1-00524	ئادالەتسىز	headword	043_2L.png	unverified
D90-1-00525	ئادالەتسىزلىك	headword	043_2L.png	unverified
D90-1-00526	ئادالەتلىك	headword	043_2L.png	unverified
D90-1-00527	ئادالىتىلماق	headword	044_1R.png	unverified
D90-1-00528	ئادالىماق	headword	044_1R.png	unverified
D90-1-00529	ئاداۋەت	headword	044_1R.png	unverified
D90-1-00530	ئاداۋەت تۇتماق	headword	044_1R.png	unverified
D90-1-00531	ئاداۋەت ساقلىماق	headword	044_1R.png	unverified
D90-1-00532	ئاداۋەتخور	headword	044_2L.png	unverified
D90-1-00533	ئاداۋەتخورلۇق	headword	044_2L.png	unverified
D90-1-00534	ئاداۋەتلەشتۈرمەك	headword	044_2L.png	unverified
D90-1-00535	ئاداۋەتلەشمەك	headword	044_2L.png	unverified
D90-1-00536	ئاداۋەتلىك	headword	044_2L.png	unverified
D90-1-00537	ئادەت	headword	044_2L.png	unverified
D90-1-00538	ئادەت كۆرمەك	headword	045_1R.png	unverified
D90-1-00539	ئادەت بولماق	headword	045_1R.png	unverified
D90-1-00557	ئادەتلەنمەك	headword	046_1R.png	unverified
D90-1-00540	ئادەتتىن تاشقىرى	headword	045_1R.png	unverified
D90-1-00541	ئادەت قىلماق	headword	045_1R.png	unverified
D90-1-00542	ئادەت كەلمەك	headword	045_1R.png	unverified
D90-1-00544	ئادەت كۈچى	headword	045_1R.png	unverified
D90-1-00545	ئادەتتە	headword	045_1R.png	unverified
D90-1-00546	ئادەتتىكى	headword	045_1R.png	unverified
D90-1-00547	ئادەتتىكى خروموسوما	headword	045_2L.png	unverified
D90-1-00548	ئادەتتىكى خروموسوما ماددىسى	headword	045_2L.png	unverified
D90-1-00549	ئادەتتىكى سىناق	headword	045_2L.png	unverified
D90-1-00550	ئادەتتىكى مائارىپ	headword	045_2L.png	unverified
D90-1-00551	ئادەتتىكى نەتىجە	headword	045_2L.png	unverified
D90-1-00552	ئادەتتىكى يىل	headword	045_2L.png	unverified
D90-1-00553	ئادەتتىكىچە	headword	045_2L.png	unverified
D90-1-00554	ئادەتتىكىدەك	headword	045_2L.png	unverified
D90-1-00555	ئادەتلەندۈرمەك	headword	046_1R.png	unverified
D90-1-00556	ئادەتلەندۈرۈلمەك	headword	046_1R.png	unverified
D90-1-00558	ئادەم	headword	046_1R.png	unverified
D90-1-00559	ئادەم ئاناتومىيىسى	headword	046_2L.png	unverified
D90-1-00560	ئادەم ئايىغى باسمىغان	headword	046_2L.png	unverified
D90-1-00561	ئادەم ئەتمەك	headword	046_2L.png	unverified
D90-1-00562	ئادەم ئەمەس	headword	046_2L.png	unverified
D90-1-00563	ئادەم بالىسى	headword	046_2L.png	unverified
D90-1-00564	ئادەم بولماق	headword	046_2L.png	unverified
D90-1-00565	ئادەم سىياق	headword	047_1R.png	unverified
D90-1-00566	ئادەم قويماق	headword	047_1R.png	unverified
D90-1-00567	ئادەم قېلىپىدىن چىقىپ كەتمەك	headword	047_1R.png	unverified
D90-1-00568	ئادەم قىلماق	headword	047_1R.png	unverified
D90-1-00569	ئادەمگە بېقىپ ئىش قىلماق	headword	047_1R.png	unverified
D90-1-00570	ئادەمگە بېقىپ ئىش كۆرمەك	headword	047_2L.png	unverified
D90-1-00571	ئادەمگە خىتاب	headword	047_2L.png	unverified
D90-1-00572	ئادەم ماڭسا ئايىغى، قۇش ئۇچسا قانىتى كۆيىدىغان چۆل	headword	047_2L.png	unverified
D90-1-00573	ئادەم ئېيىقى	headword	047_2L.png	unverified
D90-1-00573-v1	قوڭۇر ئېيىق	variant	047_2L.png	unverified
D90-1-00574	ئادەمئاتا	headword	047_2L.png	unverified
D90-1-00575	ئادەمخور	headword	047_2L.png	unverified
D90-1-00576	ئادەمخورلۇق	headword	047_2L.png	unverified
D90-1-00577	ئادەمخۇمار	headword	048_1R.png	unverified
D90-1-00578	ئادەمدەك	headword	048_1R.png	unverified
D90-1-00579	ئادەمزات	headword	048_1R.png	unverified
D90-1-00580	ئادەمزاتسىز	headword	048_1R.png	unverified
D90-1-00581	ئادەمسىمان	headword	048_1R.png	unverified
D90-1-00583	ئادەمگەرچىلىك	headword	048_2L.png	unverified
D90-1-00586	ئادەمگىياھ	headword	048_2L.png	unverified
D90-1-00587	ئادەملەرچە	headword	049_1R.png	unverified
D90-1-00588	ئادەملەشتۈرمەك	headword	049_1R.png	unverified
D90-1-00589	ئادەملەشتۈرۈلمەك	headword	049_1R.png	unverified
D90-1-00590	ئادەملىك	headword	049_1R.png	unverified
D90-1-00591	ئادەمىي	headword	049_1R.png	unverified
D90-1-00592	ئادەمىيەت	headword	049_1R.png	unverified
D90-1-00593	ئاددىي	headword	049_2L.png	unverified
D90-1-00596	ئاددىي ئاي	headword	050_1R.png	unverified
D90-1-00597	ئاددىي ئەمگەك	headword	050_1R.png	unverified
D90-1-00598	ئاددىي پىروكسېنىت	headword	050_1R.png	unverified
D90-1-00599	ئاددىي تاناسىپ	headword	050_1R.png	unverified
D90-1-00600	ئاددىي تەرتىپ	headword	050_1R.png	unverified
D90-1-00601	ئاددىي جۈملە	headword	050_1R.png	unverified
D90-1-00602	ئاددىي خەت	headword	050_1R.png	unverified
D90-1-00603	ئاددىي خەلق	headword	050_1R.png	unverified
D90-1-00604	ئاددىي زاكاز	headword	050_2L.png	unverified
D90-1-00605	ئاددىي كەسىر	headword	050_2L.png	unverified
D90-1-00606	ئاددىي كۆز	headword	050_2L.png	unverified
D90-1-00607	ئاددىي گارمونىك ھەرىكەت	headword	050_2L.png	unverified
D90-1-00608	ئاددىي گەپ	headword	050_2L.png	unverified
D90-1-00609	ئاددىي گەپ ئەمەس	headword	050_2L.png	unverified
D90-1-00610	ئاددىي ماددا	headword	051_1R.png	unverified
D90-1-00611	ئاددىي ماياتنىك	headword	051_1R.png	unverified
D90-1-00612	ئاددىي مەسىلە	headword	051_1R.png	unverified
D90-1-00613	ئاددىي مۇقاۋا	headword	051_1R.png	unverified
D90-1-00614	ئاددىي نوتا	headword	051_1R.png	unverified
D90-1-00615	ئاددىي نىسبەت	headword	051_1R.png	unverified
D90-1-00616	ئاددىي ھۆكۈم	headword	051_1R.png	unverified
D90-1-00617	ئاددىي ئىندۇكسىيىلىك خۇلاسە	headword	051_1R.png	unverified
D90-1-00618	ئاددىي يوپۇرماق	headword	051_2L.png	unverified
D90-1-00619	ئاددىي يىل	headword	051_2L.png	unverified
D90-1-00620	ئاددىي - ساددا	headword	051_2L.png	unverified
D90-1-00621	ئاددىي - ساددىلىق	headword	051_2L.png	unverified
D90-1-00622	ئاددىيلاشتۇرماق	headword	051_2L.png	unverified
D90-1-00623	ئاددىيلاشتۇرۇلماق	headword	051_2L.png	unverified
D90-1-00624	ئاددىيلاشماق	headword	051_2L.png	unverified
D90-1-00625	ئاددىيلىق	headword	051_2L.png	unverified
D90-1-00626	ئادراسمان	headword	051_2L.png	unverified
D90-1-00627	ئادرېس	headword	052_1R.png	unverified
D90-1-00628	ئادۋوكات	headword	052_1R.png	unverified
D90-1-00629	ئادۋوكاتلىق	headword	052_1R.png	unverified
D90-1-00630	ئادېنوزىن	headword	052_1R.png	unverified
D90-1-00631	ئا دېنوزىن مونوفوسغات	headword	052_2L.png	unverified
D90-1-00632	ئادىئاباتىك	headword	052_2L.png	unverified
D90-1-00634	ئادىز	headword	052_2L.png	unverified
D90-1-00635	ئادىزلار	headword	052_2L.png	unverified
D90-1-00636	ئادىل	headword	052_2L.png	unverified
D90-1-00638	ئادىلانە	headword	053_1R.png	unverified
D90-1-00639	ئادىلانىلىق	headword	053_1R.png	unverified
D90-1-00640	ئادىللىق	headword	053_1R.png	unverified
D90-1-00641	ئادىم	headword	053_1R.png	unverified
D90-1-00642	ئادىمەتچىلىك	headword	053_1R.png	unverified
D90-1-00643	ئادىمساق	headword	053_1R.png	unverified
D90-1-00644	ئار	headword	053_1R.png	unverified
D90-1-00645	ئار ئالماق	headword	053_2L.png	unverified
D90-1-00646	ئار بىلمەك	headword	053_2L.png	unverified
D90-1-00648	ئارا	headword	053_2L.png	unverified
D90-1-00649	ئارا ئاي	headword	054_1R.png	unverified
D90-1-00649-v1	زولقەدە	variant	054_1R.png	unverified
D90-1-00650	ئارا بولماق	headword	054_1R.png	unverified
D90-1-00651	ئارا بوي	headword	054_1R.png	unverified
D90-1-00660	ئارا قاپىيە	headword	054_2L.png	unverified
D90-1-00653	ئارا بۇلۇڭ	headword	054_2L.png	unverified
D90-1-00654	ئارا تام	headword	054_2L.png	unverified
D90-1-00655	ئارا قام قوشنا	headword	054_2L.png	unverified
D90-1-00656	ئارا تۇرماق	headword	054_2L.png	unverified
D90-1-00657	ئارا جاغدا قوناق	headword	054_2L.png	unverified
D90-1-00658	ئارا سوزۇق تاۋۇش	headword	054_2L.png	unverified
D90-1-00659	ئارا شال مايسىسى	headword	054_2L.png	unverified
D90-1-00661	ئارا قەۋەت	headword	055_1R.png	unverified
D90-1-00662	ئارا لېچىنكا	headword	055_1R.png	unverified
D90-1-00663	ئارا ئوچۇق	headword	055_1R.png	unverified
D90-1-00664	ئارا ئوچۇق بولماق	headword	055_1R.png	unverified
D90-1-00665	ئارا ئۆتەڭ	headword	055_1R.png	unverified
D90-1-00666	ئارا يول	headword	055_2L.png	unverified
D90-1-00667	ئارا يولدا قالماق	headword	055_2L.png	unverified
D90-1-00668	ئارىدىن سۆز ئۆتمەك	headword	055_2L.png	unverified
D90-1-00671	ئارىدىن گەپ ئۆتمەك	headword	055_2L.png	unverified
D90-1-00669	ئارىدىن قارا مۈشۈك ئۆتمەك	headword	055_2L.png	unverified
D90-1-00670	ئارىدىن قىل ئۆتمەيدۇ	headword	055_2L.png	unverified
D90-1-00682	ئارىغا قىل سىغمايدۇ	headword	056_2L.png	unverified
D90-1-00672	ئارىغا ئادەم قويماق	headword	055_2L.png	unverified
D90-1-00684	ئارىغا كىشى قويماق	headword	056_2L.png	unverified
D90-1-00673	ئارىغا ئالماق	headword	055_2L.png	unverified
D90-1-00674	ئارىغا تىكەن ئۈنمەك	headword	056_1R.png	unverified
D90-1-00675	ئارىغا چۈشمەك	headword	056_1R.png	unverified
D90-1-00683	ئارىغا كىرمەك	headword	056_2L.png	unverified
D90-1-00676	ئارىغا سوغۇقچىلىق چۈشمەك	headword	056_1R.png	unverified
D90-1-00677	ئارىغا سوغۇقچىلىق سالماق	headword	056_1R.png	unverified
D90-1-00678	ئارىغا شامال كىرمەيدۇ	headword	056_1R.png	unverified
D90-1-00678-v1	ئارىغا قىل شامال كىرمەيدۇ	variant	056_1R.png	unverified
D90-1-00679	ئارىغا قاتماق	headword	056_1R.png	unverified
D90-1-00680	ئارىغا قىچا چاچماق	headword	056_2L.png	unverified
D90-1-00681	ئارىغا قىستۇرۇلماق	headword	056_2L.png	unverified
D90-1-00685	ئارىمىزدا قالسۇن	headword	056_2L.png	unverified
D90-1-00686	ئارىنى بۇزماق	headword	057_1R.png	unverified
D90-1-00687	ئارىنى ئوچۇق قىلماق	headword	057_1R.png	unverified
D90-1-00688	ئارىنى ئۈزمەك	headword	057_1R.png	unverified
D90-1-00690	ئاراتۇر	headword	057_1R.png	unverified
D90-1-00690-v1	ناتىق	variant	057_1R.png	unverified
D90-1-00691	ئارا-تۇرا	headword	057_2L.png	unverified
D90-1-00699	ئارا-سىرە	headword	057_2L.png	unverified
D90-1-00692	ئاراتۇرلۇق	headword	057_2L.png	unverified
D90-1-00692-v1	ناتىقلىق	variant	057_2L.png	unverified
D90-1-00693	ئاراچ	headword	057_2L.png	unverified
D90-1-00694	ئاراچلىق	headword	057_2L.png	unverified
D90-1-00695	ئاراز	headword	057_2L.png	unverified
D90-1-00696	ئارازلاشتۇرماق	headword	057_2L.png	unverified
D90-1-00697	ئارازلاشماق	headword	057_2L.png	unverified
D90-1-00698	ئارازلىق	headword	057_2L.png	unverified
D90-1-00700	ئاراش	nonstandard	057_2L.png	unverified
D90-1-00701	ئاراگونىت	headword	058_1R.png	unverified
D90-1-00702	ئارا-گۈرجەك	headword	058_1R.png	unverified
D90-1-00703	ئارا - گۈرجەك قولتۇقلاپ قالماق	headword	058_1R.png	unverified
D90-1-00704	ئارال	headword	058_1R.png	unverified
D90-1-00705	ئاراللار يايى	headword	058_1R.png	unverified
D90-1-00706	ئارام	headword	058_1R.png	unverified
D90-1-00707	ئارام ئالماق	headword	058_2L.png	unverified
D90-1-00708	ئارام بەرمەك	headword	058_2L.png	unverified
D90-1-00709	ئارام تاپماق	headword	058_2L.png	unverified
D90-1-00710	ئارامبەخش	headword	059_1R.png	unverified
D90-1-00711	ئارامچىلىق	headword	059_1R.png	unverified
D90-1-00712	ئارامخۇدا	headword	059_1R.png	unverified
D90-1-00713	ئارامخۇش	headword	059_1R.png	unverified
D90-1-00714	ئارامسىز	headword	059_2L.png	unverified
D90-1-00715	ئارامسىزلانماق	headword	059_2L.png	unverified
D90-1-00716	ئارامسىزلىق	headword	059_2L.png	unverified
D90-1-00717	ئارامگاھ	headword	059_2L.png	unverified
D90-1-00718	ئارامگاھلىق	headword	059_2L.png	unverified
D90-1-00719	ئاراملىق	headword	059_2L.png	unverified
D90-1-00720	ئاران	headword	059_2L.png	unverified
D90-1-00721	ئاران بالالىقتا	headword	060_1R.png	unverified
D90-1-00721-v1	مىڭبىر تەسلىكتە	variant	060_1R.png	unverified
D90-1-00722	ئاران دېگەندە	headword	060_1R.png	unverified
D90-1-00723	ئارەستە	headword	060_1R.png	unverified
D90-1-00724	ئارەستە قىلماق	headword	060_1R.png	unverified
D90-1-00728	ئارپىبەدىيانلىق	headword	060_2L.png	unverified
D90-1-00731	ئارتتۇرماق	headword	061_1R.png	unverified
D90-1-00733	ئارتتۇرۇلماق	headword	061_1R.png	unverified
D90-1-00735	ئارتقۇزماق	headword	061_1R.png	unverified
D90-1-00737	ئارتقۇزۇلماق	headword	061_1R.png	unverified
D90-1-00739	ئارتقىمار	headword	061_1R.png	unverified
D90-1-00740	ئارتماق	headword	061_1R.png	unverified
D90-1-00742	ئارتۇچ	headword	061_2L.png	unverified
D90-1-00742-v1	ئارپا	variant	061_2L.png	unverified
D90-1-00743	ئارتۇق	headword	061_2L.png	unverified
D90-1-00744	ئارتۇق كەتمەك	headword	062_1R.png	unverified
D90-1-00745	ئارتۇقچە	headword	062_1R.png	unverified
D90-1-00746	ئارتۇقچىلىق	headword	062_2L.png	unverified
D90-1-00747	ئارتۇق-كەم	headword	062_2L.png	unverified
D90-1-00748	ئارتۇقلۇق	headword	062_2L.png	unverified
D90-1-00749	ئارتېرىيە	headword	062_2L.png	unverified
D90-1-00750	ئارتىزىيان	headword	062_2L.png	unverified
D90-1-00751	ئارتىزىيان قۇدۇق	headword	062_2L.png	unverified
D90-1-00752	ئارتىس	headword	063_1R.png	unverified
D90-1-00753	ئارتىسكا	headword	063_1R.png	unverified
D90-1-00754	ئارتىسلىق	headword	063_1R.png	unverified
D90-1-00755	ئارتىق	headword	063_1R.png	unverified
D90-1-00757	ئارتىقلىق	headword	063_1R.png	unverified
D90-1-00758	ئارتىلدۇرماق	headword	063_1R.png	unverified
D90-1-00759	ئارتىلدۇرۇلماق	headword	063_2L.png	unverified
D90-1-00760	ئارتىلماق	headword	063_2L.png	unverified
D90-1-00761	ئارتىلىشماق	headword	063_2L.png	unverified
D90-1-00762	ئارتىم	headword	063_2L.png	unverified
D90-1-00763	ئارچا	headword	063_2L.png	unverified
D90-1-00766	ئارچىزار	headword	063_2L.png	unverified
D90-1-00767	ئارچىزارلىق	headword	064_1R.png	unverified
D90-1-00768	ئارخائىزم	headword	064_1R.png	unverified
D90-1-00769	ئارخېتېكتور	headword	064_1R.png	unverified
D90-1-00770	ئارخېلوگ	nonstandard	064_1R.png	unverified
D90-1-00772	ئارخېئولوگ	headword	064_1R.png	unverified
D90-1-00771	ئارخېلوگىيە	nonstandard	064_1R.png	unverified
D90-1-00773	ئارخېئولوگىيە	headword	064_1R.png	unverified
D90-1-00774	ئارخېئولوگىيىلىك	headword	064_1R.png	unverified
D90-1-00775	ئارخىپ	headword	064_1R.png	unverified
D90-1-00776	ئارخىپ بۆلۈمى	headword	064_2L.png	unverified
D90-1-00777	ئارخىپ تۇرغۇزماق	headword	064_2L.png	unverified
D90-1-00778	ئارخىپلاشتۇرماق	headword	064_2L.png	unverified
D90-1-00779	ئارخىپلاشتۇرۇلماق	headword	064_2L.png	unverified
D90-1-00780	ئارداق	headword	064_2L.png	unverified
D90-1-00781	ئاردىماق	headword	064_2L.png	unverified
D90-1-00782	ئارزاڭ	headword	064_2L.png	unverified
D90-1-00783	ئارزۇ	headword	064_2L.png	unverified
D90-1-00784	ئارزۇ قىلماق	headword	064_2L.png	unverified
D90-1-00785	ئارزۇ-ئارمان	headword	065_1R.png	unverified
D90-1-00786	ئارزۇ-تەلەپ	headword	065_1R.png	unverified
D90-1-00787	ئارزۇ-تىلەك	headword	065_1R.png	unverified
D90-1-00788	ئارزۇ-خىيال	headword	065_1R.png	unverified
D90-1-00789	ئارزۇلۇق	headword	065_1R.png	unverified
D90-1-00790	ئارزۇلىماق	headword	065_2L.png	unverified
D90-1-00791	ئارزۇمەن	headword	065_2L.png	unverified
D90-1-00792	ئارزۇ-نىيەت	headword	065_2L.png	unverified
D90-1-00793	ئارزۇ-ھەۋەس	headword	065_2L.png	unverified
D90-1-00794	ئارزۇ-ئۈمىد	headword	065_2L.png	unverified
D90-1-00795	ئارزۇ-ئىستەك	headword	065_2L.png	unverified
D90-1-00796	ئارسفېنامىن	headword	066_1R.png	unverified
D90-1-00797	ئارسلان	headword	066_1R.png	unverified
D90-1-00798	ئارسېن	headword	066_1R.png	unverified
D90-1-00799	ئارسىز	headword	066_1R.png	unverified
D90-1-00800	ئارسىزلىق	headword	066_1R.png	unverified
D90-1-00801	ئارغامچا	headword	066_2L.png	unverified
D90-1-00809	ئارغامچىنى ئۇزۇن قويۇۋەتمەك	headword	067_1R.png	unverified
D90-1-00810	ئارغامچىنى ئۈزىدىغان	headword	067_1R.png	unverified
D90-1-00811	ئارغامچا-توقۇناق	headword	067_1R.png	unverified
D90-1-00812	ئارغۇ	headword	067_1R.png	unverified
D90-1-00814	ئارغۇلار	headword	067_1R.png	unverified
D90-1-00813	ئارغۇچە	headword	067_1R.png	unverified
D90-1-00815	ئارغۇن	headword	067_1R.png	unverified
D90-1-00816	ئارغۇنلاشتۇرماق	headword	067_1R.png	unverified
D90-1-00817	ئارغۇنلاشماق	headword	067_1R.png	unverified
D90-1-00818	ئارغىماق	headword	067_2L.png	unverified
D90-1-00819	ئارغا	headword	067_2L.png	unverified
D90-1-00819-v1	، چىلتار	variant	067_2L.png	unverified
D90-1-00820	ئارقا	headword	067_2L.png	unverified
D90-1-00822	ئارقا بوي	headword	068_1R.png	unverified
D90-1-00823	ئارقا پەش	headword	068_1R.png	unverified
D90-1-00824	ئارقا پۇت	headword	068_1R.png	unverified
D90-1-00825	ئارقا پېشاپ	headword	068_1R.png	unverified
D90-1-00826	ئارقا تىرەك	headword	068_1R.png	unverified
D90-1-00827	ئارقا تىرەك بولماق	headword	068_1R.png	unverified
D90-1-00828	ئارقا تىرەك قىلماق	headword	068_1R.png	unverified
D90-1-00829	ئارقا چاك	headword	068_1R.png	unverified
D90-1-00830	ئارقا سەپ	headword	068_1R.png	unverified
D90-1-00831	ئارقا سەھنە	headword	068_2L.png	unverified
D90-1-00832	ئارقا سەھنە مۇدىرى	headword	068_2L.png	unverified
D90-1-00833	ئارقا سوزۇق تاۋۇش	headword	068_2L.png	unverified
D90-1-00834	ئارقا كۆرۈنۈش	headword	068_2L.png	unverified
D90-1-00835	ئارقا كۆرۈنۈشلۈك	headword	068_2L.png	unverified
D90-1-00836	ئارقا كۆرۈنۈشكە ئىگە	headword	069_1R.png	unverified
D90-1-00837	ئارقا مۇھاپىزەتچى قىسىم	headword	069_1R.png	unverified
D90-1-00838	ئارقا مېڭە	headword	069_1R.png	unverified
D90-1-00839	ئارقا ئىشىك	headword	069_1R.png	unverified
D90-1-00840	ئارقا ئىشىك ئاچماق	headword	069_1R.png	unverified
D90-1-00841	ئارقا ئىشىك قىلماق	headword	069_2L.png	unverified
D90-1-00841-v1	ئارقا ئىشىكتىن ماڭماق	variant	069_2L.png	unverified
D90-1-00842	ئارقا يانچۇق	headword	069_2L.png	unverified
D90-1-00843	ئارقىدا غوڭشىماق	headword	069_2L.png	unverified
D90-1-00844	ئارقىدا قالماق	headword	069_2L.png	unverified
D90-1-00845	ئارقىسىدا گەپ قىلماق	headword	069_2L.png	unverified
D90-1-00846	ئارقىسىدىن كۈلمەك	headword	070_1R.png	unverified
D90-1-00847	ئارقىسىغا چۈشمەك	headword	070_1R.png	unverified
D90-1-00847-v1	ئىزىغا چۈشمەك	variant	070_1R.png	unverified
D90-1-00848	ئارقىسىغا سالماق	headword	070_1R.png	unverified
D90-1-00849	ئارقىسىغا سېلىپ قويماق	headword	070_1R.png	unverified
D90-1-00850	ئارقىسىغا كىرمەك	headword	070_1R.png	unverified
D90-1-00851	ئارقىسىنى قىلماق	headword	070_1R.png	unverified
D90-1-00852	ئارقىغا تارتماق	headword	070_2L.png	unverified
D90-1-00853	ئارقىغا چېكىنمەك	headword	070_2L.png	unverified
D90-1-00854	ئارقىغا سۆرىمەك	headword	070_2L.png	unverified
D90-1-00855	ئارقىغا قارىماق	headword	070_2L.png	unverified
D90-1-00856	ئارقىغا كەتمەك	headword	070_2L.png	unverified
D90-1-00857	ئارقا-ئارقىدىن	headword	070_2L.png	unverified
D90-1-00858	ئارقا-ئارقىلاپ	headword	070_2L.png	unverified
D90-1-00859	ئارقار	headword	071_1R.png	unverified
D90-1-00860	ئارقاق	headword	071_1R.png	unverified
D90-1-00862	ئارقاقلىق	headword	071_1R.png	unverified
D90-1-00863	ئارقاقلىماق	headword	071_1R.png	unverified
D90-1-00864	ئارقال	headword	071_1R.png	unverified
D90-1-00865	ئارقال ئوتى	headword	071_2L.png	unverified
D90-1-00866	ئارقان	headword	071_2L.png	unverified
D90-1-00867	ئارقاندىماق	headword	071_2L.png	unverified
D90-1-00869	ئارقانلىماق	headword	071_2L.png	unverified
D90-1-00868	ئارقانلاتماق	headword	071_2L.png	unverified
D90-1-00870	ئارقۇ	headword	071_2L.png	unverified
D90-1-00871	ئارقىچە	headword	071_2L.png	unverified
D90-1-00872	ئارقىسىچە	headword	071_2L.png	unverified
D90-1-00873	ئارقىسىدا	headword	071_2L.png	unverified
D90-1-00874	ئارقىش	headword	072_1R.png	unverified
D90-1-00875	ئارقىلىق	headword	072_1R.png	unverified
D90-1-00876	ئارقىمۇئارقا	headword	072_1R.png	unverified
D90-1-00879	ئارقىمۇئارقا كۆپەيتىش	headword	072_2L.png	unverified
D90-1-00880	ئارقىمۇئارقا ئۇلاش	headword	072_2L.png	unverified
D90-1-00881	ئارقىمۇئارقا ئېلىش	headword	072_2L.png	unverified
D90-1-00882	ئاركتىكا	headword	072_2L.png	unverified
D90-1-00883	ئارگون	headword	072_2L.png	unverified
D90-1-00884	ئارگىنال	headword	072_2L.png	unverified
D90-1-00884-v1	ئورىگىنال	variant	072_2L.png	unverified
D90-1-00885	ئارمان	headword	072_2L.png	unverified
D90-1-00886	ئارماندا قالماق	headword	072_2L.png	unverified
D90-1-00887	ئارماندا كەتمەك	headword	073_1R.png	unverified
D90-1-00888	ئارماندىن چىقماق	headword	073_1R.png	unverified
D90-1-00889	ئارمانغا يەتمەك	headword	073_1R.png	unverified
D90-1-00890	ئارمان قالماسلىق	headword	073_1R.png	unverified
D90-1-00891	ئارمان قىلماق	headword	073_1R.png	unverified
D90-1-00892	ئارمانسىز	headword	073_2L.png	unverified
D90-1-00893	ئارمىيە	headword	073_2L.png	unverified
D90-1-00895	ئار - نومۇس	headword	074_1R.png	unverified
D90-1-00896	ئارۇز	headword	074_1R.png	unverified
D90-1-00897	ئارۇز ۋەزىن	headword	074_1R.png	unverified
D90-1-00898	ئارۇماتىك	headword	074_1R.png	unverified
D90-1-00899	ئارۇماتىك بىرىكمىلەر	headword	074_1R.png	unverified
D90-1-00900	ئارۋاڭ-سارۋاڭ	headword	074_1R.png	unverified
D90-1-00901	ئارىچى	headword	074_2L.png	unverified
D90-1-00903	ئارىچىلاتماق	headword	074_2L.png	unverified
D90-1-00904	ئارىچىلىق	headword	074_2L.png	unverified
D90-1-00905	ئارىچىلىماق	headword	074_2L.png	unverified
D90-1-00906	ئارىدا	headword	074_2L.png	unverified
D90-1-00907	ئارىدىن	headword	075_1R.png	unverified
D90-1-00908	ئارىسال	headword	075_1R.png	unverified
D90-1-00910	ئارىسالدى	headword	075_1R.png	unverified
D90-1-00909	ئارىسالدا	headword	075_1R.png	unverified
D90-1-00912	ئارىسالدى قالماق	headword	075_2L.png	unverified
D90-1-00912-v1	ئارىسالدى بولماق	variant	075_2L.png	unverified
D90-1-00913	ئارىسالدى قىلماق	headword	075_2L.png	unverified
D90-1-00914	ئارىسالدى ۋاقىت	headword	075_2L.png	unverified
D90-1-00915	ئارىسالدىلىق	headword	075_2L.png	unverified
D90-1-00916	ئارىشاڭ	headword	075_2L.png	unverified
D90-1-00917	ئارىفمېتىكا	headword	075_2L.png	unverified
D90-1-00918	ئارىفمېتىكىلىق	headword	075_2L.png	unverified
D90-1-00920	ئارىلاپ	headword	076_1R.png	unverified
D90-1-00921	ئارىلاپ تۇتىدىغان قىزىتما	headword	076_1R.png	unverified
D90-1-00922	ئارىلاپ تېرىماق	headword	076_1R.png	unverified
D90-1-00922-v1	قۇر ئارىلاپ تېرىماق	variant	076_1R.png	unverified
D90-1-00923	ئارىلاپ-ئارىلاپ	headword	076_1R.png	unverified
D90-1-00924	ئارىلاتماق	headword	076_1R.png	unverified
D90-1-00925	ئارىلاش	headword	076_1R.png	unverified
D90-1-00930	ئارىلاشتۇرماق	headword	076_2L.png	unverified
D90-1-00931	ئارىلاشتۇرۇش	headword	076_2L.png	unverified
D90-1-00934	ئارىلاشتۇرۇلماق	headword	076_2L.png	unverified
D90-1-00935	ئارىلاش-قولاش	headword	077_1R.png	unverified
D90-1-00936	ئارىلاشما	headword	077_1R.png	unverified
D90-1-00937	ئارىلاشماق	headword	077_1R.png	unverified
D90-1-00938	ئارىلىق	headword	077_2L.png	unverified
D90-1-07538	پارا	headword	616_2L.png	unverified
D90-1-00942	ئارىلىق ئالماق	headword	077_2L.png	unverified
D90-1-07539	پارا ئالماق	headword	617_1R.png	unverified
D90-1-00943	ئارىلىق بەرمەك	headword	078_1R.png	unverified
D90-1-07540	پارا بەرمەك	headword	617_1R.png	unverified
D90-1-00944	ئارىلىق يېمەك	headword	078_1R.png	unverified
D90-1-07541	پارا يېمەك	headword	617_1R.png	unverified
D90-1-00945	ئارىلىماق	headword	078_1R.png	unverified
D90-1-00946	ئارىئوزو	headword	078_1R.png	unverified
D90-1-00947	ئارىيان	headword	078_2L.png	unverified
D90-1-00948	ئارىيانلار	headword	078_2L.png	unverified
D90-1-00949	ئارىيە	headword	078_2L.png	unverified
D90-1-00950	ئارىيەت	headword	078_2L.png	unverified
D90-1-00951	ئارىيەت ئالماق	headword	078_2L.png	unverified
D90-1-00952	ئارىيەت بەرمەك	headword	078_2L.png	unverified
D90-1-00953	ئاز	headword	079_1R.png	unverified
D90-1-00959	ئاز كۈندە	headword	079_2L.png	unverified
D90-1-00960	ئاز گەپ ئەمەس	headword	079_2L.png	unverified
D90-1-00961	ئاز ھەيدەش ئۇسۇلى	headword	079_2L.png	unverified
D90-1-00962	ئازاب	headword	079_2L.png	unverified
D90-1-00963	ئازاب قارتماق	headword	079_2L.png	unverified
D90-1-00967	ئازابلانماق	headword	080_1R.png	unverified
D90-1-00964	ئازاب چەكمەك	headword	080_1R.png	unverified
D90-1-00965	ئازاب سالماق	headword	080_1R.png	unverified
D90-1-00969	ئازابلىماق	headword	080_2L.png	unverified
D90-1-00966	ئازابلاشماق	headword	080_1R.png	unverified
D90-1-00968	ئازابلىق	headword	080_1R.png	unverified
D90-1-00970	ئازاب-ئوقۇبەت	headword	080_2L.png	unverified
D90-1-00971	ئازاب-ئوقۇبەتلىك	headword	080_2L.png	unverified
D90-1-00972	ئازاد	headword	081_1R.png	unverified
D90-1-00976	ئازادە	headword	081_2L.png	unverified
D90-1-00977	ئازاد-ئەركىن	headword	081_2L.png	unverified
D90-1-00978	ئازادلىق	headword	081_2L.png	unverified
D90-1-00979	ئازادلىق ئارمىيە	headword	082_1R.png	unverified
D90-1-00980	ئازادلىق ئالماق	headword	082_1R.png	unverified
D90-1-00981	ئازادالىق بەرمەك	headword	082_1R.png	unverified
D90-1-00982	ئازادلىق ئۇرۇش	headword	082_1R.png	unverified
D90-1-00983	ئازادىلەشتۈرمەك	headword	082_2L.png	unverified
D90-1-00984	ئازادىلەشتۈرۈلمەك	headword	082_2L.png	unverified
D90-1-00985	ئازادىلەشمەك	headword	082_2L.png	unverified
D90-1-00986	ئازار	headword	082_2L.png	unverified
D90-1-00987	ئازار بەرمەك	headword	082_2L.png	unverified
D90-1-00988	ئازار چەكمەك	headword	082_2L.png	unverified
D90-1-00991	ئازار يېمەك	headword	083_1R.png	unverified
D90-1-00989	ئازار قىلماق	headword	083_1R.png	unverified
D90-1-00990	ئازار يەتمەك	headword	083_1R.png	unverified
D90-1-00992	ئازازۇل	headword	083_1R.png	unverified
D90-1-00993	ئازازۇللۇق	headword	083_1R.png	unverified
D90-1-00994	ئازايتماق	headword	083_2L.png	unverified
D90-1-00995	ئازايتىلماق	headword	083_2L.png	unverified
D90-1-00996	ئازايماق	headword	083_2L.png	unverified
D90-1-00997	ئاز-پاز	headword	083_2L.png	unverified
D90-1-00998	ئاز-تولا	headword	083_2L.png	unverified
D90-1-00999	ئازچىلىق	headword	083_2L.png	unverified
D90-1-01000	ئازدۇر - كۆپتۇر	headword	084_1R.png	unverified
D90-1-01000-v1	ئاز -تولا	variant	084_1R.png	unverified
D90-1-01001	ئازدۇرماق	headword	084_1R.png	unverified
D90-1-01002	ئازدۇرۇشماق	headword	084_1R.png	unverified
D90-1-01003	ئازدۇرۇلماق	headword	084_1R.png	unverified
D90-1-01004	ئازسىنماق	headword	084_1R.png	unverified
D90-1-01005	ئازغاشتۇرماق	headword	084_1R.png	unverified
D90-1-01006	ئازغاشتۇرۇلماق	headword	084_1R.png	unverified
D90-1-01007	ئازغاشماق	headword	084_1R.png	unverified
D90-1-01008	ئازغاق	headword	084_2L.png	unverified
D90-1-01009	ئازغان	headword	084_2L.png	unverified
D90-1-01010	ئازغانلىق	headword	084_2L.png	unverified
D90-1-01011	ئازغۇن	headword	084_2L.png	unverified
D90-1-01012	ئازغۇنلۇق	headword	084_2L.png	unverified
D90-1-01013	ئازگال	headword	084_2L.png	unverified
D90-1-01014	ئازگاللىق	headword	085_1R.png	unverified
D90-1-01015	ئازلاتماق	headword	085_1R.png	unverified
D90-1-01016	ئازلىتىلماق	headword	085_1R.png	unverified
D90-1-01017	ئازلىق	headword	085_1R.png	unverified
D90-1-01018	ئازلىق قىلماق	headword	085_1R.png	unverified
D90-1-01019	ئازلىماق	headword	085_1R.png	unverified
D90-1-01020	ئازما	headword	085_1R.png	unverified
D90-1-01024	ئاز-ماز	headword	085_2L.png	unverified
D90-1-01025	ئازماق	headword	085_2L.png	unverified
D90-1-01026	ئازنا	headword	085_2L.png	unverified
D90-1-01027	ئازنا بازار	headword	085_2L.png	unverified
D90-1-01028	ئازنا قىلماق	headword	085_2L.png	unverified
D90-1-01035	ئازنىلىماق	headword	086_1R.png	unverified
D90-1-01029	ئازنە	headword	086_1R.png	unverified
D90-1-01030	ئازنى	headword	086_1R.png	unverified
D90-1-01031	ئازنىلاتماق	headword	086_1R.png	unverified
D90-1-01032	ئازنىلاشماق	headword	086_1R.png	unverified
D90-1-01033	ئازنىلىق	headword	086_1R.png	unverified
D90-1-01034	ئازنىلىق قىلماق	headword	086_1R.png	unverified
D90-1-01036	ئازنىماق	headword	086_1R.png	unverified
D90-1-01037	ئازوت	headword	086_1R.png	unverified
D90-1-01038	ئازوت گۇرۇپپىسى	headword	086_2L.png	unverified
D90-1-01039	ئازوت مەنبەسى	headword	086_2L.png	unverified
D90-1-01040	ئازوتنى تۇراقلاشتۇرغۇچى باكتېرىيە	headword	086_2L.png	unverified
D90-1-01041	ئازوتنى تۇراقلاشتۇرغۇچى جانلىقلار	headword	086_2L.png	unverified
D90-1-01042	ئازوتنى تۇراقلاشتۇرغۇچى ئېنزم	headword	086_2L.png	unverified
D90-1-01043	ئازوتنى تۇراقلاشتۇرۇش رولى	headword	086_2L.png	unverified
D90-1-01044	ئازوت (I) ئوكسىد	headword	087_1R.png	unverified
D90-1-01045	ئازوت (II) ئوكسىد	headword	087_1R.png	unverified
D90-1-01046	ئازوت (IV) ئوكسىد	headword	087_1R.png	unverified
D90-1-01047	ئازوتلۇق ئوغۇت	headword	087_1R.png	unverified
D90-1-01048	ئازىلىماق	nonstandard	087_1R.png	unverified
D90-1-01049	ئاژۇن	headword	087_1R.png	unverified
D90-1-01050	ئاس	headword	087_2L.png	unverified
D90-1-01051	ئاسارە-ئەتىقە	nonstandard	087_2L.png	unverified
D90-1-01051-c1	ئاسار ئەتىقە	corrected_form	087_2L.png	unverified
D90-1-01052	ئاسارەت	headword	087_2L.png	unverified
D90-1-01056	ئاسارەتلىك	headword	088_1R.png	unverified
D90-1-01057	ئاسارئەتىقە	headword	088_1R.png	unverified
D90-1-01058	ئاسار-تۆرە	headword	088_1R.png	unverified
D90-1-01059	ئاسارۇن	headword	088_1R.png	unverified
D90-1-01060	ئاساس	headword	088_1R.png	unverified
D90-1-01061	ئاساس قىلماق	headword	088_2L.png	unverified
D90-1-01063	ئاساس سالماق	headword	088_2L.png	unverified
D90-1-01064	ئاساس سان	headword	089_1R.png	verified
D90-1-01065	ئاساس بولماق	headword	089_1R.png	unverified
D90-1-01066	ئاساسى بوش	headword	089_1R.png	unverified
D90-1-01067	ئاساسى چىڭ	headword	089_1R.png	unverified
D90-1-01068	ئاساسى كۈچلۈك	headword	089_2L.png	unverified
D90-1-01069	ئاساس ياراتماق	headword	089_2L.png	unverified
D90-1-01070	ئاساسەن	headword	089_2L.png	unverified
D90-1-01071	ئاساسچى	headword	089_2L.png	unverified
D90-1-01072	ئاساسسىز	headword	089_2L.png	unverified
D90-1-01073	ئاساسلاتماق	headword	090_1R.png	unverified
D90-1-01074	ئاساسلاشماق	headword	090_1R.png	unverified
D90-1-01075	ئاساسلانماق	headword	090_1R.png	unverified
D90-1-01076	ئاساسلىق	headword	090_1R.png	unverified
D90-1-01082	ئاساسلىماق	headword	090_2L.png	unverified
D90-1-01083	ئاساسىي	headword	091_1R.png	unverified
D90-1-01089	ئاساسىي رەڭ	headword	091_2L.png	unverified
D90-1-01090	ئاساسىي زال	headword	091_2L.png	unverified
D90-1-01091	ئاساسىي زەرەت	headword	091_2L.png	unverified
D90-1-01092	ئاساسىي زەررىچە	headword	091_2L.png	unverified
D90-1-01093	ئاساسىي زىددىيەت	headword	091_2L.png	unverified
D90-1-01094	ئاساسىي قاتلام	headword	091_2L.png	unverified
D90-1-01095	ئاساسىي قاتلام خەلق سوت مەھكىمىسى	headword	092_1R.png	unverified
D90-1-01096	ئاساسىي قانۇن	headword	092_1R.png	unverified
D90-1-01097	ئاساسىي قەھرىمان	headword	092_1R.png	unverified
D90-1-04456	باش قەھرىمان	headword	359_2L.png	unverified
D90-1-01098	ئاساسىي قوشۇن	headword	092_1R.png	unverified
D90-1-01099	ئاساسىي قۇتۇپ	headword	092_1R.png	unverified
D90-1-01100	ئاساسىي قۇرۇلۇش	headword	092_1R.png	unverified
D90-1-01101	ئاساسىي كۆۋرۈك	headword	092_1R.png	unverified
D90-1-01102	ئاساسىي كۈي	headword	092_2L.png	unverified
D90-1-01103	ئاساسىي گەۋدە	headword	092_2L.png	unverified
D90-1-01104	ئاساسىي گىمناستىكا	headword	092_2L.png	unverified
D90-1-01105	ئاساسىي لۇغەت تەركىبى	headword	092_2L.png	unverified
D90-1-01106	ئاساسىي ماددا	headword	092_2L.png	unverified
D90-1-01107	ئاساسىي ماددا ئالمىشىش	headword	092_2L.png	unverified
D90-1-01108	ئاساسىي ماھارەت	headword	093_1R.png	unverified
D90-1-01109	ئاساسىي ناخشا	headword	093_1R.png	unverified
D90-1-01110	ئاساسىي ھالەت	headword	093_1R.png	unverified
D90-1-01111	ئاساسىي ھۇجۇم	headword	093_1R.png	unverified
D90-1-01112	ئاساسىي ئوغۇت	headword	093_1R.png	unverified
D90-1-01113	ئاساسىي ئۇل	headword	093_1R.png	unverified
D90-1-01113-v1	ئۇل	variant	093_1R.png	unverified
D90-1-01114	ئاساسىي ئېقىم	headword	093_1R.png	unverified
D90-1-01115	ئاساسىي ئىش ھەققى	headword	093_1R.png	unverified
D90-1-01116	ئاساسىي يۇلتۇز	headword	093_1R.png	unverified
D90-1-01117	ئاسان	headword	093_1R.png	unverified
D90-1-01118	ئاسان بولماق	headword	093_2L.png	unverified
D90-1-01119	ئاسانغا توختىماق	headword	093_2L.png	unverified
D90-1-01120	ئاسانغا چۈشمەك	headword	093_2L.png	unverified
D90-1-01121	ئاسان قىلماق	headword	093_2L.png	unverified
D90-1-01122	ئاسان گەپ	headword	093_2L.png	unverified
D90-1-01123	ئاسان گەپ ئەمەس	headword	093_2L.png	unverified
D90-1-01124	ئاسانچىلىق	headword	093_2L.png	unverified
D90-1-01129	ئاسانلىق	headword	094_1R.png	unverified
D90-1-01125	ئاسانلاتماق	headword	093_2L.png	unverified
D90-1-01126	ئاسانلاشتۇرماق	headword	094_1R.png	unverified
D90-1-01127	ئاسانلاشتۇرۇلماق	headword	094_1R.png	unverified
D90-1-01128	ئاسانلاشماق	headword	094_1R.png	unverified
D90-1-01130	ئاسانلىقچە	headword	094_1R.png	unverified
D90-1-01131	ئاسانلىماق	headword	094_1R.png	unverified
D90-1-01132	ئاساۋ	headword	094_1R.png	unverified
D90-1-01133	ئاسامىش	headword	094_1R.png	unverified
D90-1-01134	ئاسايىشتە	headword	094_2L.png	unverified
D90-1-01135	ئاسايىشلىق	headword	094_2L.png	unverified
D90-1-01136	ئاسپىرانت	headword	094_2L.png	unverified
D90-1-01137	ئاسپىرانتۇرا	headword	094_2L.png	unverified
D90-1-01138	ئاسپىرىن	headword	094_2L.png	unverified
D90-1-01139	ئاست	headword	095_1R.png	unverified
D90-1-01139-i1	ئاستى	inflected	095_1R.png	unverified
D90-1-01140	ئاستى تاش	headword	095_1R.png	unverified
D90-1-01140-v1	تەكتى تاش	variant	095_1R.png	unverified
D90-1-01141	ئاستا	headword	095_1R.png	unverified
D90-1-01142	ئاستا داۋان	headword	095_2L.png	unverified
D90-1-01143	ئاستا - ئاستا	headword	095_2L.png	unverified
D90-1-01144	ئاستاتىن	headword	095_2L.png	unverified
D90-1-01145	ئاستانە	headword	095_2L.png	unverified
D90-1-01146	ئاستروبىئولۇگىيە	headword	096_1R.png	unverified
D90-1-01147	ئاستروفىزىكا	headword	096_1R.png	unverified
D90-1-01148	ئاسترومېخانىكا	headword	096_1R.png	unverified
D90-1-01149	ئاسترونوم	headword	096_2L.png	unverified
D90-1-01150	ئاسترونومىيە	headword	096_2L.png	unverified
D90-1-01153	ئاسترونومىيە يىلنامىسى	headword	096_2L.png	unverified
D90-1-01154	ئاسترونومىيىلىك	headword	096_2L.png	unverified
D90-1-01155	ئاسترونومىيىلىك بىرلىك	headword	097_1R.png	unverified
D90-1-01156	ئاستۇرماق	headword	097_1R.png	unverified
D90-1-01157	ئاستۇرۇلماق	headword	097_1R.png	unverified
D90-1-01158	ئاستىدا	headword	097_1R.png	unverified
D90-1-01159	ئاستىراخان	headword	097_1R.png	unverified
D90-1-01160	ئاستىراخان خانلىقى	headword	097_1R.png	unverified
D90-1-01161	ئاستىرتىن	headword	097_1R.png	unverified
D90-1-01162	ئاستىلاتماق	headword	097_2L.png	unverified
D90-1-01163	ئاستىلاشتۇرماق	headword	097_2L.png	unverified
D90-1-01164	ئاستىلاشتۇرۇلماق	headword	097_2L.png	unverified
D90-1-01165	ئاستىلاشماق	headword	097_2L.png	unverified
D90-1-01166	ئاستىلىماق	headword	097_2L.png	unverified
D90-1-01167	ئاستىن	headword	097_2L.png	unverified
D90-1-01168	ئاستىن قاپاق	headword	097_2L.png	unverified
D90-1-01169	ئاستىنقى	headword	097_2L.png	unverified
D90-1-01170	ئاستىنقى جاغ	headword	098_1R.png	unverified
D90-1-01171	ئاستىن- ئۈستۈن	headword	098_1R.png	unverified
D90-1-01172	ئاستىن-ئۈستۈن بولماق	headword	098_1R.png	unverified
D90-1-01173	ئاستىن- ئۈستۈن قىلماق	headword	098_1R.png	unverified
D90-1-01174	ئاستىن-ئۈستۈنلۈك	headword	098_2L.png	unverified
D90-1-01175	ئاسراتماق	headword	098_2L.png	unverified
D90-1-01176	ئاسراش	headword	098_2L.png	unverified
D90-1-01178	ئاسراشماق	headword	098_2L.png	unverified
D90-1-01179	ئاسرالماق	headword	098_2L.png	unverified
D90-1-01180	ئاسراندى	headword	098_2L.png	unverified
D90-1-01181	ئاسراندى بالا	headword	099_1R.png	unverified
D90-1-01182	ئاسراندىلىق	headword	099_1R.png	unverified
D90-1-01183	ئاسرىماق	headword	099_1R.png	unverified
D90-1-01184	ئاسسوتسىئاتسىيە	headword	099_1R.png	unverified
D90-1-01185	ئاسسىدىپا	headword	099_1R.png	unverified
D90-1-01186	ئاسسىستېنت	headword	099_2L.png	unverified
D90-1-01187	ئاسسىستېنتلىق	headword	099_2L.png	unverified
D90-1-01188	ئاسسىغ	headword	099_2L.png	unverified
D90-1-01189	ئاسسىمىلياتسىيە	headword	099_2L.png	unverified
D90-1-01194	ئاسفالت	headword	100_1R.png	unverified
D90-1-01195	ئاسفالتلىق	headword	100_1R.png	unverified
D90-1-01196	ئاسفالتلىماق	headword	100_1R.png	unverified
D90-1-01197	ئاسقا	headword	100_1R.png	unverified
D90-1-01198	ئاسقاق	headword	100_1R.png	unverified
D90-1-01730	ئاقساق	headword	138_1R.png	unverified
D90-1-01201	ئاسقاق-چولاق	nonstandard	100_1R.png	verified
D90-1-01201-c1	ئاقساق-چولاق	corrected_form	100_1R.png	verified
D90-1-01203	ئاسقاقلىماق	nonstandard	100_2L.png	unverified
D90-1-01736	ئاقساقلىماق	headword	138_2L.png	unverified
D90-1-01204	ئاسقۇ	headword	100_2L.png	unverified
D90-1-01205	ئاسقۇچ	headword	100_2L.png	unverified
D90-1-01206	ئاسقىماق	nonstandard	100_2L.png	unverified
D90-1-01744	ئاقسىماق	headword	139_2L.png	unverified
D90-1-01207	ئاسكانىيە	headword	100_2L.png	unverified
D90-1-01207-v1	ئاسكانىيە ئىنچىكە يۇڭلۇق قوي	variant	100_2L.png	unverified
D90-1-01208	ئاسكانىيە ئىنچىكە يۇڭلۇق قويى	headword	100_2L.png	unverified
D90-1-01209	ئاسكوربىك	headword	100_2L.png	unverified
D90-1-01210	ئاسكوربىك كىسلاتا	headword	100_2L.png	unverified
D90-1-01211	ئاسلان	headword	100_2L.png	unverified
D90-1-01212	ئاسلانلانماق	headword	100_2L.png	unverified
D90-1-01213	ئاسلانلىماق	headword	100_2L.png	unverified
D90-1-01214	ئاسما	headword	101_1R.png	unverified
D90-1-01223	ئاسما كران	headword	101_2L.png	unverified
D90-1-01224	ئاسما كۆۋرۈك	headword	101_2L.png	unverified
D90-1-01225	ئاسما لامپا	headword	101_2L.png	unverified
D90-1-01226	ئاسما مايكا	headword	101_2L.png	unverified
D90-1-01227	ئاسما ھالقا	headword	101_2L.png	unverified
D90-1-01228	ئاسما ئوكۇل	headword	101_2L.png	unverified
D90-1-01229	ئاسما ۋاگون	headword	102_1R.png	unverified
D90-1-01230	ئاسما ياغاچ	headword	102_1R.png	unverified
D90-1-01231	ئاسما يەلكە	headword	102_1R.png	unverified
D90-1-01232	ئاسماق	headword	102_1R.png	unverified
D90-1-01233	ئاسماق ئالنۇس	headword	102_1R.png	unverified
D90-1-01234	ئاسماق مېۋە	headword	102_1R.png	unverified
D90-1-01236	ئاسماق-ئاسماق	headword	102_2L.png	unverified
D90-1-01237	ئاسماقچى	headword	102_2L.png	unverified
D90-1-01238	ئاسماقچىلىماق	headword	102_2L.png	unverified
D90-1-01239	ئاسمان	headword	102_2L.png	unverified
D90-1-01240	ئاسمان تاپان	headword	102_2L.png	unverified
D90-1-01240-v1	ھاۋا تاپان	variant	102_2L.png	unverified
D90-1-01241	ئاسمان تاپان قىلماق	headword	102_2L.png	unverified
D90-1-01241-v1	ھاۋا تاپان قىلماق	variant	102_2L.png	unverified
D90-1-01242	ئاسمان تاپىلاق	headword	102_2L.png	unverified
D90-1-01243	ئاسمان جىسىملىرى	headword	102_2L.png	unverified
D90-1-01244	ئاسمان دولقۇنى	headword	102_2L.png	unverified
D90-1-01245	ئاسماندىكى غازنىڭ شورپىسىغا نان چىلىماق	headword	103_1R.png	unverified
D90-1-01246	ئاسماندىن چۈشكەندەك	headword	103_1R.png	unverified
D90-1-01247	ئاسمانغا ئاسماق	headword	103_1R.png	unverified
D90-1-01248	ئاسمانغا پىچاق ئاتىدىغان	headword	103_1R.png	unverified
D90-1-01249	ئاسمانغا تۈۋرۈك بولاتتىڭمۇ؟	headword	103_1R.png	unverified
D90-1-01250	ئاسمانغا چىقارماق	headword	103_1R.png	unverified
D90-1-01251	ئاسمانغا چىقسا تاپىنىدىن، يەرگە كىرسە كوكۇلىسىدىن	headword	103_1R.png	unverified
D90-1-01252	ئاسمانغا چىقىرىپ يەرگە ئۇرماق	headword	103_1R.png	unverified
D90-1-01253	ئاسمان قەرى	headword	103_2L.png	unverified
D90-1-01254	ئاسمان گلوبۇسى	headword	103_2L.png	unverified
D90-1-01255	ئاسمان ھادىسىسى	headword	103_2L.png	unverified
D90-1-01256	ئاسمان ئۆرۈلۈپ كەتسە، تېگىدە مانتا يەيدىغان	headword	103_2L.png	unverified
D90-1-01257	ئاسمان ئۆڭتۈرۈلۈپ كەتمەيدۇ	headword	103_2L.png	unverified
D90-1-01258	ئاسمان يىراق، يەر قاتتىق	headword	103_2L.png	unverified
D90-1-01259	ئاسمان - پەلەك	headword	103_2L.png	unverified
D90-1-01260	ئاسمان-زېمىن	headword	104_1R.png	unverified
D90-1-01261	ئاسمان-زېمىن پەرق بار	headword	104_1R.png	unverified
D90-1-01262	ئاسمىغان	headword	104_1R.png	unverified
D90-1-01263	ئاسمىغان قازاننىڭ ئېشىنى يېمەك يوق بىلەن ئۆزىنى ئالدىماق	headword	104_1R.png	unverified
D90-1-01264	ئاسىغدىماق	headword	104_1R.png	unverified
D90-1-01265	ئاسىي	headword	104_1R.png	unverified
D90-1-01266	ئاسىيا	headword	104_1R.png	unverified
D90-1-01268	ئاسىيالىق	headword	104_2L.png	unverified
D90-1-01269	ئاسىيلىق	headword	104_2L.png	unverified
D90-1-01270	ئاسىيلىق قىلماق	headword	104_2L.png	unverified
D90-1-01271	ئاش	headword	104_2L.png	unverified
D90-1-01272	ئاش ئەتمەك	headword	105_1R.png	unverified
D90-1-01273	ئاش بەرگەن قازاننى چاقماق	headword	105_1R.png	unverified
D90-1-01274	ئاش بولماق	headword	105_1R.png	unverified
D90-1-01275	ئاش تارتماق	headword	105_1R.png	unverified
D90-1-01276	ئاش تۇزى	headword	105_1R.png	unverified
D90-1-01277	ئاش تېپىپ يېمەك	headword	105_2L.png	unverified
D90-1-01277-v1	نان تېپىپ يېمەك	variant	105_2L.png	unverified
D90-1-01278	ئاشقا توپا سالماق	headword	105_2L.png	unverified
D90-1-01279	ئاشقا چىۋىن چۈشمەك	headword	105_2L.png	unverified
D90-1-01280	ئاشقا قۇم ئارىلاشماق	headword	105_2L.png	unverified
D90-1-01282	ئاش بەرمەك	headword	105_2L.png	unverified
D90-1-01339	ئاشلىماق	headword	109_2L.png	unverified
D90-1-01283	ئاش-پاش	headword	105_2L.png	unverified
D90-1-01284	ئاشپەز	headword	105_2L.png	unverified
D90-1-01285	ئاشپەزچىلىك	headword	106_1R.png	unverified
D90-1-01286	ئاشپەزلىك	headword	106_1R.png	unverified
D90-1-01287	ئاشپۇزۇل	headword	106_1R.png	unverified
D90-1-01288	ئاش- تائام	headword	106_1R.png	unverified
D90-1-01290	ئاش-تاماق	headword	106_1R.png	unverified
D90-1-01289	ئاشتاختا	headword	106_1R.png	unverified
D90-1-01291	ئاش-تۇز	headword	106_2L.png	unverified
D90-1-01292	ئاشخانا	headword	106_2L.png	unverified
D90-1-01293	ئاشسۇ	headword	106_2L.png	unverified
D90-1-01295	ئاش-غىزا	headword	106_2L.png	unverified
D90-1-01296	ئاشقازان	headword	106_2L.png	unverified
D90-1-01300	ئاشقازان تۆۋەنلەش	headword	107_1R.png	unverified
D90-1-01301	ئاشقازان چىقىش ئاغزى	headword	107_1R.png	unverified
D90-1-01302	ئاشقازان چىقىش ئاغزى تارايماق	headword	107_1R.png	unverified
D90-1-01303	ئاشقازان راكى	headword	107_1R.png	unverified
D90-1-01304	ئاشقازان سۇيۇقلۇقى	headword	107_1R.png	unverified
D90-1-01305	ئاشقازان كېڭىيىشى	headword	107_1R.png	unverified
D90-1-01306	ئاشقازان كىرىش ئاغزى	headword	107_1R.png	unverified
D90-1-01307	ئاشقازان كىسلاتاسى	headword	107_2L.png	unverified
D90-1-01308	ئاشقازان ئۈچەي ياللۇغى	headword	107_2L.png	unverified
D90-1-01309	ئاشقازان يارىسى	headword	107_2L.png	unverified
D90-1-01310	ئاشقازان ياللۇغى	headword	107_2L.png	unverified
D90-1-01311	ئاشقان - تاشقان	headword	107_2L.png	unverified
D90-1-01312	ئاشقودا	headword	107_2L.png	unverified
D90-1-01313	ئاشكارا	headword	107_2L.png	unverified
D90-1-01315	ئاشكارا بولماق	headword	108_1R.png	unverified
D90-1-01316	ئاشكارا تەڭ ئورۇنلۇق گېن	headword	108_1R.png	unverified
D90-1-01317	ئاشكارا قىلماق	headword	108_1R.png	unverified
D90-1-01321	ئاشكارىلىماق	headword	108_2L.png	unverified
D90-1-01318	ئاشكارىلاتماق	headword	108_1R.png	unverified
D90-1-01319	ئاشكارىلانماق	headword	108_1R.png	unverified
D90-1-01320	ئاشكارىلىق	headword	108_1R.png	unverified
D90-1-01322	ئاشكۆكى	headword	108_2L.png	unverified
D90-1-01323	ئاشلاتماق	headword	108_2L.png	unverified
D90-1-01324	ئاشلاشماق	headword	108_2L.png	unverified
D90-1-01325	ئاشلامچى	headword	108_2L.png	unverified
D90-1-01326	ئاشلامچىلىق	headword	108_2L.png	unverified
D90-1-01327	ئاشلانغان	headword	108_2L.png	unverified
D90-1-01329	ئاشلانماق	headword	108_2L.png	unverified
D90-1-01330	ئاشلەڭپۇڭ	headword	109_1R.png	unverified
D90-1-01331	ئاشلىق	headword	109_1R.png	unverified
D90-1-01338	ئاشلىق - تۈلۈك	headword	109_2L.png	unverified
D90-1-01340	ئاشماق	headword	109_2L.png	unverified
D90-1-01341	ئاشمانتا	headword	110_1R.png	unverified
D90-1-01342	ئاشنا	headword	110_1R.png	unverified
D90-1-01345	ئاشنالىق	headword	110_1R.png	unverified
D90-1-01346	ئاش-نان	headword	110_1R.png	unverified
D90-1-01347	ئاش- ئوزۇق	headword	110_1R.png	unverified
D90-1-01348	ئاشۇ	headword	110_2L.png	unverified
D90-1-01349	ئاشۇت	headword	110_2L.png	unverified
D90-1-01350	ئاشۇرماق	headword	110_2L.png	unverified
D90-1-01351	ئاشۇرۇلماق	headword	110_2L.png	unverified
D90-1-01352	ئاشۇرغى	headword	110_2L.png	unverified
D90-1-01353	ئاشۇنچە	headword	110_2L.png	unverified
D90-1-01354	ئاشۇنچىلىك	headword	110_2L.png	unverified
D90-1-01355	ئاشۇنداق	headword	110_2L.png	unverified
D90-1-01356	ئاشۋاقتى	headword	111_1R.png	unverified
D90-1-01357	ئاشىپتە	headword	111_1R.png	unverified
D90-1-01358	ئاشىق	headword	111_1R.png	unverified
D90-1-01360	ئاشىقانە	headword	111_2L.png	unverified
D90-1-01361	ئاشىقلىق	headword	111_2L.png	unverified
D90-1-01362	ئاشىق-مەشۇق	headword	111_2L.png	unverified
D90-1-01363	ئاشىيان	headword	111_2L.png	unverified
D90-1-01364	ئاشىيانە	headword	111_2L.png	unverified
D90-1-01365	ئېغى بىلەن بېغى يوق	headword	111_2L.png	unverified
D90-1-01366	ئاغا	headword	111_2L.png	unverified
D90-1-01367	ئاغاداش	headword	112_1R.png	unverified
D90-1-01368	ئاغالىماق	headword	112_1R.png	unverified
D90-1-01369	ئاغامچا	nonstandard	112_1R.png	unverified
D90-1-01370	ئاغا-ئىنى	headword	112_1R.png	unverified
D90-1-01804	ئاكا-ئۇكا	headword	144_1R.png	unverified
D90-1-01371	ئاغداما	nonstandard	112_1R.png	unverified
D90-1-01373	ئاغدۇرما	headword	112_1R.png	unverified
D90-1-01372	ئاغدۇرتماق	headword	112_1R.png	unverified
D90-1-01375	ئاغدۇرماق	headword	112_1R.png	unverified
D90-1-01376	ئاغدۇرمىچى	headword	112_2L.png	unverified
D90-1-01377	ئاغدۇرمىچىلىق	headword	112_2L.png	unverified
D90-1-01378	ئاغدۇرۇشماق	headword	112_2L.png	unverified
D90-1-01379	ئاغدۇرۇلغان	headword	112_2L.png	unverified
D90-1-01381	ئاغدۇرۇلماق	headword	112_2L.png	unverified
D90-1-01382	ئاغرىپ - تارتىپ	headword	112_2L.png	unverified
D90-1-01383	ئاغرىپ-تارتىپ قالماق	headword	113_1R.png	unverified
D90-1-01384	ئاغرىتماق	headword	113_1R.png	unverified
D90-1-01385	ئاغرىتىشماق	headword	113_1R.png	unverified
D90-1-01386	ئاغرىش	headword	113_1R.png	unverified
D90-1-01388	ئاغرىق	headword	113_1R.png	unverified
D90-1-01389	ئاغرىقچان	headword	113_1R.png	unverified
D90-1-01391	ئاغرىماق	headword	113_2L.png	unverified
D90-1-01392	ئاغرىنماق	headword	113_2L.png	unverified
D90-1-01393	ئاغزاكى	headword	113_2L.png	unverified
D90-1-01394	ئاغلاقچى	headword	113_2L.png	unverified
D90-1-01395	ئاغما	headword	113_2L.png	unverified
D90-1-01396	ئاغما پرىزما	headword	114_1R.png	unverified
D90-1-01397	ئاغماق	headword	114_1R.png	unverified
D90-1-01398	ئاغمىچى	headword	114_1R.png	unverified
D90-1-01399	ئاغمىچىلار	headword	114_1R.png	unverified
D90-1-01400	ئاغمىچىلارچە	headword	114_2L.png	unverified
D90-1-01401	ئاغمىچىلىق	headword	114_2L.png	unverified
D90-1-01402	ئاغمىخان	headword	114_2L.png	unverified
D90-1-01403	ئاغۇ	headword	114_2L.png	unverified
D90-1-01403-v1	ئوغا	variant	114_2L.png	unverified
D90-1-01404	ئاغى	headword	114_2L.png	unverified
D90-1-01406	ئاغىچا	headword	114_2L.png	unverified
D90-1-01407	ئاغىچام	headword	115_1R.png	unverified
D90-1-01408	ئاغىچە	headword	115_1R.png	unverified
D90-1-01409	ئاغىچىلىق	headword	115_1R.png	unverified
D90-1-01410	ئاغىدىماق	headword	115_1R.png	unverified
D90-1-01411	ئاغىز	headword	115_1R.png	unverified
D90-1-01412	ئاغزى ئاغزىغا تەگمەي	headword	115_2L.png	unverified
D90-1-01413	ئاغزى باتۇر	headword	115_2L.png	unverified
D90-1-01414	ئاغزى بار	headword	115_2L.png	unverified
D90-1-01415	ئاغزى بارماسلىق	headword	115_2L.png	unverified
D90-1-01416	ئاغزى بازار	headword	115_2L.png	unverified
D90-1-01417	ئاغزى بوش	headword	115_2L.png	unverified
D90-1-01418	ئاغزى - بۇرنىغىچە تويماق	headword	116_1R.png	unverified
D90-1-01419	ئاغزى بۇرنىنى قان قىلماق	headword	116_1R.png	unverified
D90-1-01420	ئاغزى بۇزۇق	headword	116_1R.png	unverified
D90-1-01420-v1	ئاغزى بىزەپ	variant	116_1R.png	unverified
D90-1-01421	ئاغزى بېزەپ	headword	116_1R.png	unverified
D90-1-01422	ئاغزى بېسىقماق	headword	116_1R.png	unverified
D90-1-01423	ئاغزى بېسىلماق	headword	116_1R.png	unverified
D90-1-01424	ئاغزى بىسەرەمجان	headword	116_1R.png	unverified
D90-1-01425	ئاغزى پالۋان	headword	116_1R.png	unverified
D90-1-01426	ئاغزى پىششىق	headword	116_1R.png	unverified
D90-1-01430	ئاغزى چىڭ	headword	116_2L.png	unverified
D90-1-01427	ئاغزى تەگمەك	headword	116_2L.png	unverified
D90-1-01428	ئاغزى تۇۋاقلانماق	headword	116_2L.png	unverified
D90-1-01429	ئاغزى چاققان	headword	116_2L.png	unverified
D90-1-01532	ئاغزى ئىتتىك	headword	123_1R.png	unverified
D90-1-01431	ئاغزىدا بار	headword	116_2L.png	unverified
D90-1-01432	ئاغزىدا شەھەر ئالماق	headword	116_2L.png	unverified
D90-1-01433	ئاغزىدا قالماق	headword	116_2L.png	unverified
D90-1-01434	ئاغزىدا گېپى بار	headword	117_1R.png	unverified
D90-1-01435	ئاغزىدىكى ئاشنى تارتىۋالماق	headword	117_1R.png	unverified
D90-1-01436	ئاغزىدىكى ناننى تارتىۋالماق	headword	117_1R.png	unverified
D90-1-01437	ئاغزىدىن ئانا سۈتى كەتمىگەن	headword	117_1R.png	unverified
D90-1-02348	ئانا سۈتى ئاغزىدىن كەتمىگەن	headword	190_2L.png	unverified
D90-1-01438	ئاغزىدىن بۇلاق قىلماق	headword	117_1R.png	unverified
D90-1-01439	ئاغزىدىن چۈشۈرمەسلىك	headword	117_1R.png	unverified
D90-1-01440	ئاغزىدىن سائەت چىقماق	headword	117_2L.png	unverified
D90-1-01441	ئاغزىدىن سۆز ئالماق	headword	117_2L.png	verified
D90-1-01442	ئاغزىدىن سۆزى چۈشۈپ قالىدىغان	headword	117_2L.png	unverified
D90-1-01442-v1	ئاغزىدىن گېپى چۈشۈپ قالىدىغان	variant	117_2L.png	unverified
D90-1-01443	ئاغزىدىن سۈت پۇراپ تۇرىدىغان	headword	117_2L.png	unverified
D90-1-01444	ئاغزىدىن شۆلگەيلىرى ئاقماق	headword	117_2L.png	unverified
D90-1-01445	ئاغزىدىن شېكەر تامماق	headword	117_2L.png	unverified
D90-1-01449	ئاغزىدىن ھەسەل تامماق	headword	118_1R.png	unverified
D90-1-01446	ئاغزىدىن كەتمەك	headword	117_2L.png	unverified
D90-1-01447	ئاغزىدىن كىرىپ، بۇرنىدىن چىقماق	headword	117_2L.png	unverified
D90-1-01448	ئاغزىدىن گېپى چۈشۈپ قالماق	headword	118_1R.png	unverified
D90-1-01450	ئاغزىدىن ئوت يانماق	headword	118_1R.png	unverified
D90-1-01451	ئاغزى شاللاق	headword	118_1R.png	unverified
D90-1-01452	ئاغزىغا ئاق ئىت كىرىپ، كۆك ئىت چىقماق	headword	118_1R.png	unverified
D90-1-01453	ئاغزىغا ئالماق	headword	118_1R.png	unverified
D90-1-01454	ئاغزىغا بالا تەگكەن	headword	118_1R.png	unverified
D90-1-01455	ئاغزىغا تاڭگازا چىشلىۋالغاندەك	headword	118_1R.png	unverified
D90-1-01456	ئاغزىغا چىۋىن چىچماق	headword	118_2L.png	unverified
D90-1-01457	ئاغزىغا سالماق	headword	118_2L.png	unverified
D90-1-01458	ئاغزىغا سۇ تېمىتماق	headword	118_2L.png	unverified
D90-1-01459	ئاغزىغا سېرىق سۇ كەلمەك	headword	118_2L.png	unverified
D90-1-01460	ئاغزىغا قاراپ قالماق	headword	118_2L.png	unverified
D90-1-01461	ئاغزىغا قارىماق	headword	119_1R.png	unverified
D90-1-01462	ئاغزىغا قۇرۇق ئەمچەك سالماق	headword	119_1R.png	unverified
D90-1-01463	ئاغزىغا قۇرۇق قوشۇق سالماق	headword	119_1R.png	unverified
D90-1-01463-v1	ئاغزى قۇرۇق ئەمچەك سالماق	variant	119_1R.png	unverified
D90-1-01464	ئاغزىغا كەلگەننى بوغۇزىغا يۇتماسلىق	headword	119_1R.png	unverified
D90-1-01465	ئاغزىغا كەلگەننى بىلجىرلىماق	headword	119_1R.png	unverified
D90-1-01466	ئاغزىغا كەلگەننى جۆيلۈمەك	headword	119_1R.png	unverified
D90-1-01467	ئاغزىغا كەلگەننى دېمەك	headword	119_2L.png	unverified
D90-1-01468	ئاغزىغا كەلگەننى سۆزلىمەك	headword	119_2L.png	unverified
D90-1-01469	ئاغزىغا كۈچىمەك	headword	119_2L.png	unverified
D90-1-01470	ئاغزىغا كېلىپ قالماق	headword	119_2L.png	unverified
D90-1-01471	ئاغزىغا گەپ سېلىپ بەرمەك	headword	119_2L.png	unverified
D90-1-01472	ئاغزىغا گەپ كەلمەي قالماق	headword	119_2L.png	unverified
D90-1-01473	ئاغزىغا ئىنەك تەپمەك	headword	119_2L.png	unverified
D90-1-01474	ئاغزى قۇلىقىغا يەتمەك	headword	119_2L.png	unverified
D90-1-01475	ئاغزى قېتىقتا كۆيمەك	headword	120_1R.png	unverified
D90-1-01476	ئاغزى قىچىشماق	headword	120_1R.png	unverified
D90-1-01477	ئاغزى كالۋا	headword	120_1R.png	unverified
D90-1-01478	ئاغزى كالۋالاشماق	headword	120_1R.png	unverified
D90-1-01479	ئاغزى كەلمەك	headword	120_1R.png	unverified
D90-1-01480	ئاغزى كۆيمەك	headword	120_1R.png	unverified
D90-1-01481	ئاغزى كۈچلۈك	headword	120_1R.png	unverified
D90-1-01482	ئاغزى گەپكە كەلمەي قالماق	headword	120_1R.png	unverified
D90-1-01483	ئاغزىڭغا باق	headword	120_2L.png	unverified
D90-1-01484	ئاغزىڭغا بېقىپ سۆزلە	headword	120_2L.png	unverified
D90-1-01486	ئاغزىڭغا قاراپ سۆزلە	headword	120_2L.png	unverified
D90-1-01485	ئاغزىڭغا تاش-تۇپراق	headword	120_2L.png	unverified
D90-1-01487	ئاغزىڭغا قەنت	headword	120_2L.png	unverified
D90-1-01490	ئاغزىڭغا ياغ	headword	120_2L.png	unverified
D90-1-01488	ئاغزىڭغا ھاي	headword	120_2L.png	unverified
D90-1-01489	ئاغزىڭغا ناۋات	headword	120_2L.png	unverified
D90-1-01491	ئاغزىڭ قېنى دېسە، بۇرنىنى كۆرسىتىدىغان	headword	120_2L.png	unverified
D90-1-01491-v1	تاتىلايدىغان	variant	120_2L.png	unverified
D90-1-01492	ئاغزىڭنى باس	headword	120_2L.png	unverified
D90-1-01494	ئاغزىڭنى يۇم	headword	121_1R.png	unverified
D90-1-01493	ئاغزىڭنى چايقاپ گەپ قىل	headword	120_2L.png	unverified
D90-1-01495	ئاغزى مەھكەم	headword	121_1R.png	unverified
D90-1-01495-v1	ئاغزى چىق	variant	121_1R.png	unverified
D90-1-01496	ئاغزىمغا چىش چىققاندىن بويان	headword	121_1R.png	unverified
D90-1-01496-v1	ئاغزىمغا چىش چىققاندىن بېرى	variant	121_1R.png	unverified
D90-1-01497	ئاغزىمنى ئاچما	headword	121_1R.png	unverified
D90-1-01498	ئاغزىنى ئاچماق	headword	121_1R.png	unverified
D90-1-01499	ئاغزىنى ئەتمەك	headword	121_1R.png	unverified
D90-1-01500	ئاغزىنى بوغۇپ قويغان كالىدەك	headword	121_1R.png	unverified
D90-1-01501	ئاغزىنى بۇزماق	headword	121_1R.png	unverified
D90-1-01502	ئاغزىنى تاتلىق قىلماق	headword	121_2L.png	unverified
D90-1-01503	ئاغزىنى تاتىلىماق	headword	121_2L.png	unverified
D90-1-01504	ئاغزىنى تۇۋاقلىماق	headword	121_2L.png	unverified
D90-1-01505	ئاغزىنى تىيماق	headword	121_2L.png	unverified
D90-1-01525	ئاغزىنى يىغماق	headword	122_2L.png	unverified
D90-1-01506	ئاغزىنى غېرىچلىماق	headword	121_2L.png	unverified
D90-1-01507	ئاغزىنىڭ بوغققۇچى يوق	headword	121_2L.png	unverified
D90-1-01508	ئاغزىنىڭ پاشىسى يوق	headword	122_1R.png	unverified
D90-1-01508-v1	ئاغزىنىڭ بوغقۇچى يوق	variant	122_1R.png	unverified
D90-1-01509	ئاغزىنىڭ پەچىمى يوق	headword	122_1R.png	unverified
D90-1-01510	ئاغزىنىڭ پەنجىرى يوق	headword	122_1R.png	unverified
D90-1-01511	ئاغزىنىڭ نوختىسى يوق	headword	122_1R.png	unverified
D90-1-01512	ئاغزىنىڭ ئۇچىدا سۆزلەپ قويماق	headword	122_1R.png	unverified
D90-1-01513	ئاغزىنىڭ ئىزمىسى يوق	headword	122_1R.png	unverified
D90-1-01514	ئاغزىنىڭ يۈگىنى يوق	headword	122_1R.png	unverified
D90-1-01515	ئاغزىنى مايلىماق	headword	122_1R.png	unverified
D90-1-01521	ئاغزىنى ياغلىماق	headword	122_2L.png	unverified
D90-1-01516	ئاغزىنى ئۇپراتماق	headword	122_1R.png	unverified
D90-1-01517	ئاغزىنى ئۇچلىماق	headword	122_1R.png	unverified
D90-1-01518	ئاغزىنى ئۆمەللىمەك	headword	122_1R.png	unverified
D90-1-01519	ئاغزىنى ئېچىپ قالماق	headword	122_2L.png	unverified
D90-1-01530	ئاغزى ئېچىلىپ قالماق	headword	123_1R.png	unverified
D90-1-01520	ئاغزىنى ئىشقا سالماق	headword	122_2L.png	unverified
D90-1-01522	ئاغزىنى يامان قىلماق	headword	122_2L.png	unverified
D90-1-01523	ئاغزىنى يۇھالماي قالماق	headword	122_2L.png	unverified
D90-1-01524	ئاغزىنى يۇمماق	headword	122_2L.png	unverified
D90-1-01526	ئاغزى ھاڭ قالماق	headword	123_1R.png	unverified
D90-1-01527	ئاغزى ئوچۇق	headword	123_1R.png	unverified
D90-1-01528	ئاغزى ئېتىلمەك	headword	123_1R.png	unverified
D90-1-01529	ئاغزى ئېچىلماق	headword	123_1R.png	unverified
D90-1-01531	ئاغزى ئېچىلىپ كەتمەك	headword	123_1R.png	unverified
D90-1-01533	ئاغزى ئىتتىكلىك قىلماق	headword	123_1R.png	unverified
D90-1-01534	ئاغزى يالاق بولماق	headword	123_2L.png	unverified
D90-1-01535	ئاغزى يامان	headword	123_2L.png	unverified
D90-1-01536	ئاغزى يۇمشاق	headword	123_2L.png	unverified
D90-1-01537	ئاغزى يېنىك	headword	123_2L.png	unverified
D90-1-01538	ئاغزى يېنىكلىك قىلماق	headword	123_2L.png	unverified
D90-1-01539	ئاغىل-تاغىل	headword	123_2L.png	unverified
D90-1-01540	ئاغىنە	headword	123_2L.png	unverified
D90-1-01541	ئاغىنە-بۇرادەر	headword	123_2L.png	unverified
D90-1-01542	ئاغىنە - بۇرادەرچىلىك	headword	124_1R.png	unverified
D90-1-01543	ئاغىنە - ئۆڭگە	headword	124_1R.png	unverified
D90-1-01544	ئاغىنىچىلىك	headword	124_1R.png	unverified
D90-1-01545	ئاغىنىدارچىلىق	headword	124_1R.png	unverified
D90-1-01546	ئاغىنىلىق	headword	124_1R.png	unverified
D90-1-01547	ئافرىقا	headword	124_1R.png	unverified
D90-1-01547-v1	ئافرىقا قىتئەسى	variant	124_1R.png	unverified
D90-1-01549	ئافرىقىلىق	headword	124_1R.png	unverified
D90-1-01550	ئافغان	headword	124_2L.png	unverified
D90-1-01552	ئافغانلار	headword	124_2L.png	unverified
D90-1-01551	ئافغانچە	headword	124_2L.png	unverified
D90-1-01553	ئافېي	headword	124_2L.png	unverified
D90-1-01554	ئافېيلارچە	headword	124_2L.png	unverified
D90-1-01555	ئاق	headword	124_2L.png	unverified
D90-1-01556	ئاق ئاش	headword	125_1R.png	unverified
D90-1-01557	ئاق ئاشلىق	headword	125_2L.png	unverified
D90-1-01558	ئاق ئاغمىخان	headword	125_2L.png	unverified
D90-1-01559	ئاق ئاكاتسىيە	headword	125_2L.png	unverified
D90-1-01560	ئاق ئالا يىلان	headword	125_2L.png	unverified
D90-1-01561	ئاق ئالتۇن	headword	125_2L.png	unverified
D90-1-08689	پلاتىنا	headword	719_2L.png	unverified
D90-1-01562	ئاق ئانار تاش	headword	125_2L.png	unverified
D90-1-01563	ئاق ئايدىڭ	headword	126_1R.png	unverified
D90-1-01564	ئاق ئەمەن	headword	126_1R.png	unverified
D90-1-01565	ئاق باش	headword	126_1R.png	unverified
D90-1-01566	ئاق باش جاغالماي	headword	126_1R.png	unverified
D90-1-01567	ئاق باش سېرىق قۇشقاچ	headword	126_1R.png	unverified
D90-1-01568	ئاق باغلىماق	headword	126_2L.png	unverified
D90-1-01569	ئاق بايراق چىقارماق	headword	126_2L.png	unverified
D90-1-01570	ئاق بايراق كۆتۈرمەك	headword	126_2L.png	unverified
D90-1-01571	ئاق بەت	headword	126_2L.png	unverified
D90-1-01572	ئاق بەل قىزىلباش قۇشقاچ	headword	126_2L.png	unverified
D90-1-01573	ئاق بەل ھەيران خ	headword	126_2L.png	unverified
D90-1-01574	ئاق بور	headword	126_2L.png	unverified
D90-1-01575	ئاق بېلىق	headword	127_1R.png	unverified
D90-1-01576	ئاق پادىشاھ	headword	127_1R.png	unverified
D90-1-01577	ئاق پارپا	headword	127_1R.png	unverified
D90-1-01578	ئاق پۆپۈنەك	headword	127_1R.png	unverified
D90-1-01579	ئاق تاۋ	headword	127_2L.png	unverified
D90-1-01580	ئاق تاشلىق كىتاب	headword	127_2L.png	unverified
D90-1-01581	ئاقتا قالماق	headword	127_2L.png	unverified
D90-1-01581-v1	ھېچىنېمىگە ئېرىشەلمەي قۇرۇق قالماق	variant	127_2L.png	unverified
D90-1-01582	ئاق تالون	headword	127_2L.png	unverified
D90-1-01583	ئاق تەسكەن	headword	127_2L.png	unverified
D90-1-01584	ئاق تەمرەتكە	headword	127_2L.png	unverified
D90-1-01585	ئاق تەنلىك	headword	127_2L.png	unverified
D90-1-01586	ئاق تەنلىكلەر	headword	128_1R.png	unverified
D90-1-01587	ئاق توزان كېسىلى	headword	128_1R.png	unverified
D90-1-01588	ئاق تۇرنا	headword	128_1R.png	unverified
D90-1-01589	ئاق تۇماق	headword	128_1R.png	unverified
D90-1-01590	ئاق تۆمۈر	headword	128_1R.png	unverified
D90-1-01591	ئاق تۆمۈر تاش	headword	128_1R.png	unverified
D90-1-01592	ئاق تۈلكە	headword	128_1R.png	unverified
D90-1-01593	ئاق تۈنىكە	headword	128_2L.png	unverified
D90-1-01594	ئاق تېرەك	headword	128_2L.png	unverified
D90-1-01595	ئاق تېررورلۇق	headword	128_2L.png	unverified
D90-1-01596	ئاقتىمۇ يوق، كۆكتىمۇ يوق	headword	128_2L.png	unverified
D90-1-01597	ئاق چاچ	headword	128_2L.png	unverified
D90-1-01598	ئاق چاشقان	headword	128_2L.png	verified
D90-1-01599	ئاق چالماق	headword	129_1R.png	unverified
D90-1-01617	ئاق سانجىماق	headword	130_1R.png	unverified
D90-1-01600	ئاق چاي	headword	129_1R.png	unverified
D90-1-01601	ئاق چەك	headword	129_1R.png	unverified
D90-1-01602	ئاق چوغلۇق	headword	129_1R.png	unverified
D90-1-01603	ئاق چويۇن	headword	129_1R.png	unverified
D90-1-01604	ئاق چۈشمەك	headword	129_1R.png	unverified
D90-1-01605	ئاق چۈمۈلە	headword	129_2L.png	unverified
D90-1-01606	ئاق چەت	headword	129_2L.png	unverified
D90-1-01607	ئاق چىمىرىتال	headword	129_2L.png	unverified
D90-1-01608	ئاق خالات	headword	129_2L.png	unverified
D90-1-01609	ئاق خام	headword	129_2L.png	unverified
D90-1-01610	ئاق خەسە	headword	129_2L.png	unverified
D90-1-01611	ئاق خۇن	headword	129_2L.png	unverified
D90-1-01612	ئاق دوپپا	headword	129_2L.png	unverified
D90-1-01613	ئاق دىل	headword	129_2L.png	unverified
D90-1-01658	ئاق كۆڭۈل	headword	133_1R.png	unverified
D90-1-01614	ئاق زەمچە	headword	130_1R.png	unverified
D90-1-01615	ئاق سار	headword	130_1R.png	unverified
D90-1-01616	ئاق ساراي	headword	130_1R.png	unverified
D90-1-01618	ئاق سايۋا	headword	130_1R.png	unverified
D90-1-01619	ئاق سەندەل	headword	130_1R.png	unverified
D90-1-01620	ئاق سۇ	headword	130_1R.png	unverified
D90-1-01621	ئاق سۇغارماق	headword	130_1R.png	unverified
D90-1-01622	ئاق سۈت	headword	130_1R.png	unverified
D90-1-01623	ئاق سۈزۈك مونچاق	headword	130_1R.png	verified
D90-1-01624	ئاق سۈندۈك	headword	130_2L.png	unverified
D90-1-01625	ئاق سېرىق	headword	130_2L.png	unverified
D90-1-01626	ئاق سېمونت	headword	130_2L.png	unverified
D90-1-01627	ئاق سىركە	headword	130_2L.png	unverified
D90-1-01628	ئاق شەبنەم	headword	130_2L.png	unverified
D90-1-01629	ئاق شەمشاد	headword	130_2L.png	unverified
D90-1-01630	ئاق شورپا	headword	130_2L.png	unverified
D90-1-01631	ئاق شېكەر	headword	130_2L.png	unverified
D90-1-01632	ئاق غاز	headword	130_2L.png	unverified
D90-1-01633	ئاق فوسفور	headword	130_2L.png	unverified
D90-1-01634	ئاق قار	headword	131_1R.png	unverified
D90-1-01635	ئاق قار- كۆك مۇز	headword	131_1R.png	unverified
D90-1-01636	ئاق قاشتاش	headword	131_1R.png	unverified
D90-1-01637	ئاق قاش غاز	headword	131_1R.png	unverified
D90-1-01638	ئاق قاشقا	headword	131_1R.png	unverified
D90-1-01639	ئاق قاشقىر	headword	131_2L.png	unverified
D90-1-01640	ئاققا كۆچۈرمەك	headword	131_2L.png	unverified
D90-1-01641	ئاق قان دانچىسى	headword	131_2L.png	unverified
D90-1-01642	ئاق قان كېسەللىكى	headword	131_2L.png	unverified
D90-1-01643	ئاق قان ھۈجەيرىسى	headword	131_2L.png	unverified
D90-1-01644	ئاق قوچۇر	headword	131_2L.png	unverified
D90-1-01644-v1	ئاق قارىغاي	variant	131_2L.png	unverified
D90-1-01645	ئاق قوغۇشۇن تاش	headword	131_2L.png	unverified
D90-1-01646	ئاق قوناق	headword	132_1R.png	unverified
D90-1-01647	ئاق قوۋاق	headword	132_1R.png	unverified
D90-1-01648	ئاق قوۋزاقلىق قارىغاي	headword	132_1R.png	unverified
D90-1-01649	ئاق قۇ	headword	132_1R.png	unverified
D90-1-01650	ئاق قۇشقاچ	headword	132_1R.png	unverified
D90-1-01651	ئاق قۇ يۇلتۇز تۈركۈمى	headword	132_2L.png	unverified
D90-1-01652	ئاق قېيىن	headword	132_2L.png	unverified
D90-1-01653	ئاق قىچا	headword	132_2L.png	unverified
D90-1-01654	ئاق كاۋاش	headword	132_2L.png	unverified
D90-1-01655	ئاق كەندىر	headword	132_2L.png	unverified
D90-1-01656	ئاق كۆكچە	headword	133_1R.png	unverified
D90-1-01657	ئاق كۆكىرىك زەمبۇرۇغى	headword	133_1R.png	unverified
D90-1-01659	ئاق كۆمۈك	headword	133_1R.png	unverified
D90-1-01660	ئاق كۋارتس	headword	133_1R.png	verified
D90-1-01661	ئاق كېۋەز	headword	133_2L.png	unverified
D90-1-01662	ئاق كىرمەك	headword	133_2L.png	unverified
D90-1-01663	ئاق گرانىت	headword	133_2L.png	unverified
D90-1-01664	ئاق گۋاردىيە	headword	133_2L.png	unverified
D90-1-01665	ئاق لەيلى	headword	133_2L.png	unverified
D90-1-01666	ئاق ماددا	headword	133_2L.png	unverified
D90-1-01667	ئاق موم	headword	134_1R.png	unverified
D90-1-01668	ئاق موم دەرىخى	headword	134_1R.png	unverified
D90-1-01669	ئاق موم قۇرتى	headword	134_1R.png	unverified
D90-1-01670	ئاق مىس	headword	134_1R.png	unverified
D90-1-01671	ئاقنى ئاقچە، كۆكنى كۆكچە	headword	134_1R.png	unverified
D90-1-01672	ئاقنى قارا قىلماق	headword	134_1R.png	unverified
D90-1-01673	ئاق نىيەت	headword	134_1R.png	unverified
D90-1-01674	ئاق ھۈججەت	headword	134_1R.png	unverified
D90-1-01675	ئاق ئوغۇت	headword	134_2L.png	unverified
D90-1-01676	ئاق ئوينىغۇچ	headword	134_2L.png	unverified
D90-1-01677	ئاق ئون	headword	134_2L.png	unverified
D90-1-01678	ئاق ئۆپكە	headword	134_2L.png	unverified
D90-1-01679	ئاق ئۆرۈك	headword	134_2L.png	unverified
D90-1-01680	ئاق ئۆي	headword	134_2L.png	unverified
D90-1-01681	ئاق ۋولفىرام	headword	134_2L.png	unverified
D90-1-01682	ئاق ئېيىق	headword	135_1R.png	verified
D90-1-01683	ئاق يالپۇز	headword	135_1R.png	unverified
D90-1-01684	ئاق يامغۇر	headword	135_1R.png	unverified
D90-1-01685	ئاق يانتاق	headword	135_1R.png	unverified
D90-1-01686	ئاق يەردە تۈگمەن تالاشماق	headword	135_1R.png	unverified
D90-1-01687	ئاق يەردە قالماق	headword	135_1R.png	unverified
D90-1-01688	ئاق يەلكە بۈركۈت	headword	135_2L.png	unverified
D90-1-01689	ئاق يېشىل	headword	135_2L.png	unverified
D90-1-01690	ئاق يېغىن	headword	135_2L.png	unverified
D90-1-01691	ئاق يىلان	headword	135_2L.png	unverified
D90-1-01692	ئېقى قەغەز، قارىسى سىياھ	headword	135_2L.png	unverified
D90-1-01693	ئېقى كېلىشمەسلىك	headword	135_2L.png	unverified
D90-1-01694	ئاقار	headword	135_2L.png	unverified
D90-1-01696	ئاقار جىسىملار مېخانىكىسى	headword	136_1R.png	unverified
D90-1-01697	ئاقار يۇلتۇز	headword	136_1R.png	unverified
D90-1-01698	ئاقارتقۇچ	headword	136_1R.png	unverified
D90-1-01701	ئاقارتقۇزماق	headword	136_2L.png	unverified
D90-1-01702	ئاقارتقۇزۇلماق	headword	136_2L.png	unverified
D90-1-01703	ئاقارتماق	headword	136_2L.png	unverified
D90-1-01704	ئاقارتىش	headword	136_2L.png	unverified
D90-1-01705	ئاقارتىشماق	headword	137_1R.png	unverified
D90-1-01706	ئاقارتىلماق	headword	137_1R.png	unverified
D90-1-01707	ئاقارماق	headword	137_1R.png	unverified
D90-1-01708	ئاقاق	nonstandard	137_1R.png	unverified
D90-1-01709	ئاقئانام	headword	137_1R.png	unverified
D90-1-01710	ئاقاۋا	headword	137_1R.png	unverified
D90-1-01711	ئاقەي- كۆكەي	headword	137_2L.png	unverified
D90-1-01711-v1	ئاقەي- كۆكەي دېمەك	variant	137_2L.png	unverified
D90-1-01712	ئاقباش	headword	137_2L.png	unverified
D90-1-01713	ئاقباش ئوت	headword	137_2L.png	unverified
D90-1-01714	ئاقپىشما	nonstandard	137_2L.png	unverified
D90-1-01714-c1	ئاقبېشساق، ئاقپىشماق	corrected_form	137_2L.png	unverified
D90-1-01715	ئاقپىشماق	headword	137_2L.png	unverified
D90-1-01716	ئاقپىشمىلاق	nonstandard	137_2L.png	unverified
D90-1-01717	ئاقتۇرما	headword	137_2L.png	unverified
D90-1-01717-v1	تۇرۇپ	variant	137_2L.png	unverified
D90-1-01718	ئاقتۇرماق	headword	137_2L.png	unverified
D90-1-01719	ئاقتۇرۇشماق	headword	137_2L.png	unverified
D90-1-01720	ئاقتۇرۇلماق	headword	138_1R.png	unverified
D90-1-01721	ئاقتىكەن	headword	138_1R.png	unverified
D90-1-01722	ئاقچا	headword	138_1R.png	unverified
D90-1-09197	پۇل	headword	756_1R.png	unverified
D90-1-01723	ئاقچەشكە	headword	138_1R.png	unverified
D90-1-01724	ئاقچېچەك	headword	138_1R.png	unverified
D90-1-01725	ئاقچى	headword	138_1R.png	unverified
D90-1-01726	ئاقچى-كۆكچى	headword	138_1R.png	unverified
D90-1-01727	ئاقساتقۇزماق	headword	138_1R.png	unverified
D90-1-01728	ئاقساتماق	headword	138_1R.png	unverified
D90-1-01729	ئاقساشماق	headword	138_1R.png	unverified
D90-1-01731	ئاقساقال	headword	138_2L.png	unverified
D90-1-01732	ئاقساقاللىق	headword	138_2L.png	unverified
D90-1-01734	ئاقساق - چولاق	headword	138_2L.png	unverified
D90-1-01735	ئاقساقلىق	headword	138_2L.png	unverified
D90-1-01737	ئاقسۆڭەك	headword	139_1R.png	unverified
D90-1-01738	ئاقسۆڭەكلىك	headword	139_1R.png	unverified
D90-1-01739	ئاقسىتىلماق	headword	139_1R.png	unverified
D90-1-01740	ئاقسىرىماق	headword	139_1R.png	unverified
D90-1-01741	ئاقسىل	headword	139_1R.png	unverified
D90-1-01745	ئاقشۇل	headword	139_2L.png	unverified
D90-1-01745-v1	ئېقىش	variant	139_2L.png	unverified
D90-1-01746	ئاقشىمار	headword	139_2L.png	unverified
D90-1-01746-v1	نامازشامگۈل	variant	139_2L.png	unverified
D90-1-01747	ئاققاپىتال	headword	139_2L.png	unverified
D90-1-01748	ئاق-قارا	headword	139_2L.png	unverified
D90-1-01749	ئاق-قارىنى ئاجراتماق	headword	139_2L.png	unverified
D90-1-01752	ئاق-قارىنى پەرق ئەتمەك	headword	140_1R.png	unverified
D90-1-01750	ئاق-قارىنى ئارىلاشتۇرۇۋەتمەك	headword	139_2L.png	unverified
D90-1-01751	ئاق-قارىنى بىلىپ قالماق	headword	140_1R.png	unverified
D90-1-01753	ئاق-قارىنى تونۇماق	headword	140_1R.png	unverified
D90-1-01754	ئاق-قارىنى ئىلغىماسلىق	headword	140_1R.png	unverified
D90-1-01755	ئاققۇلاق	headword	140_1R.png	unverified
D90-1-01756	ئاققۇيرۇق	headword	140_1R.png	unverified
D90-1-01756-v1	قاڭشارلىق بۆكەن	variant	140_1R.png	unverified
D90-1-01757	ئاق- كۆك	headword	140_1R.png	unverified
D90-1-01758	ئاق-كۆك دېمەك	headword	140_1R.png	unverified
D90-1-01759	ئاقكېسەل	headword	140_1R.png	unverified
D90-1-01760	ئاقلاتقۇزماق	headword	140_2L.png	unverified
D90-1-01761	ئاقلاتقۇزۇلماق	headword	140_2L.png	unverified
D90-1-01762	ئاقلاتماق	headword	140_2L.png	unverified
D90-1-01763	ئاقلاشماق	headword	140_2L.png	unverified
D90-1-01764	ئاقلانماق	headword	140_2L.png	unverified
D90-1-01765	ئاقلىتىلماق	headword	140_2L.png	unverified
D90-1-01766	ئاقلىغۇچ	headword	140_2L.png	unverified
D90-1-01767	ئاقلىغۇچى	headword	140_2L.png	unverified
D90-1-01768	ئاقلىق	headword	141_1R.png	unverified
D90-1-01769	ئاقلىماق	headword	141_1R.png	unverified
D90-1-01770	ئاقما	headword	141_2L.png	unverified
D90-1-01772	ئاقماق	headword	141_2L.png	unverified
D90-1-01773	ئاقمۇچ	headword	142_1R.png	unverified
D90-1-01774	ئاقنان	headword	142_1R.png	unverified
D90-1-01775	ئاقنانچى	headword	142_1R.png	unverified
D90-1-01776	ئاقنانچىلىق	headword	142_1R.png	unverified
D90-1-01777	ئاقناۋات	headword	142_1R.png	unverified
D90-1-01778	ئاقۇچ	headword	142_1R.png	unverified
D90-1-01779	ئاقۇش	nonstandard	142_1R.png	unverified
D90-1-01780	ئاقئۇششاق	headword	142_1R.png	unverified
D90-1-01781	ئاقۋالداق	headword	142_2L.png	unverified
D90-1-01782	ئاقىرقەرەھا	headword	142_2L.png	unverified
D90-1-01783	ئاقىل	headword	142_2L.png	unverified
D90-1-01784	ئاقىلانە	headword	142_2L.png	unverified
D90-1-01785	ئاقىلانىلىك	headword	142_2L.png	unverified
D90-1-01786	ئاقىدى - كۆكىدى	headword	142_2L.png	unverified
D90-1-01787	ئاقىلەي - كۆكىلەي	headword	143_1R.png	unverified
D90-1-01788	ئاقىلەي - كۆكىلەي دېمەك	headword	143_1R.png	unverified
D90-1-01788-v1	ئاقىدى - كۆكىدى دېمەك	variant	143_1R.png	unverified
D90-1-01789	ئاقىلەي	headword	143_1R.png	unverified
D90-1-01790	ئاقىللىق	headword	143_1R.png	unverified
D90-1-01791	ئاقىن	headword	143_1R.png	unverified
D90-1-01792	ئاقىنلىق	headword	143_1R.png	unverified
D90-1-01793	ئاقىۋەت	headword	143_1R.png	unverified
D90-1-01794	ئاقياغلىق	headword	143_1R.png	unverified
D90-1-01795	ئاقيول	headword	143_2L.png	unverified
D90-1-01796	ئاكا	headword	143_2L.png	unverified
D90-1-01797	ئاكاڭ قارىغاي	headword	143_2L.png	unverified
D90-1-01798	ئاكابىر	headword	143_2L.png	unverified
D90-1-01799	ئاكاتسىيە	headword	144_1R.png	unverified
D90-1-01800	ئاكادېمىزم	headword	144_1R.png	unverified
D90-1-01801	ئاكادېمىك	headword	144_1R.png	unverified
D90-1-01802	ئاكادېمىكچىلار	headword	144_1R.png	unverified
D90-1-01802-v1	ئاكادېمىزم تەرەپدارلىرى	variant	144_1R.png	unverified
D90-1-01803	ئاكادېمىيە	headword	144_1R.png	unverified
D90-1-01805	ئاكا-ئۇكىلىق	headword	144_1R.png	unverified
D90-1-01806	ئاكت	headword	144_1R.png	unverified
D90-1-01807	ئاكتۇئال	headword	144_2L.png	unverified
D90-1-01808	ئاكتۇئاللىق	headword	144_2L.png	unverified
D90-1-01809	ئاكتىپ	headword	144_2L.png	unverified
D90-1-01810	ئاكتىپ ئىممۇنىتېت	headword	144_2L.png	unverified
D90-1-01811	ئاكتىپلاشتۇرۇلغان	headword	144_2L.png	unverified
D90-1-01813	ئاكتىپلىشىش	headword	145_1R.png	unverified
D90-1-01814	ئاكتىپلاشتۇرماق	headword	145_1R.png	unverified
D90-1-01815	ئاكتىپلاشتۇرۇلماق	headword	145_1R.png	unverified
D90-1-01816	ئاكتىپلاشماق	headword	145_1R.png	unverified
D90-1-01817	ئاكتىپلىق	headword	145_1R.png	unverified
D90-1-01818	ئاكتىپلىق قىلماق	headword	145_1R.png	unverified
D90-1-01819	ئاكتىنىي	headword	145_2L.png	unverified
D90-1-01820	ئاكسىئوما	headword	145_2L.png	unverified
D90-1-01821	ئاككورد	headword	145_2L.png	unverified
D90-1-01822	ئاككوردشۇناسلىق	headword	145_2L.png	unverified
D90-1-01823	ئاككوردلاشتۇرماق	headword	145_2L.png	unverified
D90-1-01824	ئاككوردلاشتۇرۇلماق	headword	145_2L.png	unverified
D90-1-01825	ئاككوردلاشماق	headword	145_2L.png	unverified
D90-1-01826	ئاككوردلۇق	headword	145_2L.png	unverified
D90-1-01827	ئاككوردىيون	headword	146_1R.png	unverified
D90-1-01828	ئاككۇمۇلياتور	headword	146_1R.png	unverified
D90-1-01829	ئاكوپ	headword	146_1R.png	verified
D90-1-01830	ئاكوپداش	headword	146_1R.png	unverified
D90-1-01831	ئاكوستىكا	headword	146_1R.png	unverified
D90-1-01832	ئاكوستىكىلىق	headword	146_2L.png	unverified
D90-1-01833	ئاكۇشېر	headword	146_2L.png	unverified
D90-1-01834	ئاكۇشېركا	headword	146_2L.png	unverified
D90-1-01835	ئاكۇشېركىلىق	headword	146_2L.png	unverified
D90-1-01836	ئاكۇشېرلىق	headword	146_2L.png	unverified
D90-1-01837	ئاكۇلا	headword	146_2L.png	unverified
D90-1-01838	ئاكىلە	headword	146_2L.png	unverified
D90-1-01839	ئاكىلىق	headword	146_2L.png	unverified
D90-1-01840	ئاگاھ	headword	147_1R.png	unverified
D90-1-01841	ئاگاھ بولماق	headword	147_1R.png	unverified
D90-1-01842	ئاگاھلاندۇرماق	headword	147_1R.png	unverified
D90-1-01843	ئاگاھلاندۇرۇش	headword	147_1R.png	unverified
D90-1-01844	ئاگاھلاندۇرۇلماق	headword	147_2L.png	unverified
D90-1-01845	ئاگاھلانماق	headword	147_2L.png	unverified
D90-1-01846	ئاگرونوم	headword	147_2L.png	unverified
D90-1-01847	ئاگرونومىيە	headword	147_2L.png	unverified
D90-1-01848	ئاگگليوتىناتىپ	headword	147_2L.png	unverified
D90-1-01850	ئاگېنت	headword	147_2L.png	unverified
D90-1-01851	ئاگېنتلىق	headword	148_1R.png	unverified
D90-1-01852	ئاڭ	headword	148_1R.png	unverified
D90-1-01855	ئاڭ-پىكىر	headword	148_2L.png	unverified
D90-1-01856	ئاڭچى	headword	148_2L.png	unverified
D90-1-01857	ئاڭ-سەۋىيە	headword	148_2L.png	unverified
D90-1-01858	ئاڭ-سېزىم	headword	148_2L.png	unverified
D90-1-01859	ئاڭسىز	headword	148_2L.png	unverified
D90-1-01860	ئاڭسىزلىق	headword	148_2L.png	unverified
D90-1-01861	ئاڭقارماق	headword	149_1R.png	unverified
D90-1-01862	ئاڭقاۋ	headword	149_1R.png	unverified
D90-1-01863	ئاڭقاۋلاشتۇرماق	headword	149_1R.png	unverified
D90-1-01864	ئاڭقاۋلاشماق	headword	149_1R.png	unverified
D90-1-01865	ئاڭقاۋلىق	headword	149_1R.png	unverified
D90-1-01866	ئاڭقىرىشماق	headword	149_1R.png	unverified
D90-1-01867	ئاڭقىرىلماق	headword	149_1R.png	unverified
D90-1-01868	ئاڭلاتماق	headword	149_1R.png	unverified
D90-1-01869	ئاڭلاش	headword	149_1R.png	unverified
D90-1-01870	ئاڭلاش سۆڭەكلىرى	headword	149_2L.png	unverified
D90-1-01871	ئاڭلاش نېرۋىسى	headword	149_2L.png	unverified
D90-1-01872	ئاڭلاشماق	headword	149_2L.png	unverified
D90-1-01873	ئاڭلانماق	headword	149_2L.png	unverified
D90-1-01874	ئاڭلىتىش	headword	149_2L.png	unverified
D90-1-01875	ئاڭلىتىلماق	headword	149_2L.png	unverified
D90-1-01876	ئاڭلىشىلماق	headword	150_1R.png	unverified
D90-1-01877	ئاڭلىشىلماسلىق	headword	150_1R.png	unverified
D90-1-01877-v1	ئۇقۇشۇلماسلىق	variant	150_1R.png	unverified
D90-1-01878	ئاڭلىق	headword	150_1R.png	unverified
D90-1-01879	ئاڭلىقلىق	headword	150_2L.png	unverified
D90-1-01880	ئاڭلىماس	headword	150_2L.png	unverified
D90-1-01881	ئاڭلىماسقا سالماق	headword	150_2L.png	unverified
D90-1-01882	ئاڭلىماق	headword	150_2L.png	unverified
D90-1-01883	ئاڭلىنار - ئاڭلانماس	headword	151_1R.png	unverified
D90-1-01884	ئال	nonstandard	151_1R.png	unverified
D90-1-01884-c1	ھال	corrected_form	151_1R.png	unverified
D90-1-01885	ئالا	headword	151_1R.png	unverified
D90-1-01886	ئالا بولماق	headword	151_1R.png	unverified
D90-1-01887	ئالا بولۇپ قالماق	headword	151_2L.png	unverified
D90-1-01888	ئالا غورا	headword	151_2L.png	unverified
D90-1-01889	ئالا غورۇلاي	headword	151_2L.png	unverified
D90-1-01890	ئالا قاغا	headword	151_2L.png	unverified
D90-1-01891	ئالا قانات ئۆردەك	headword	151_2L.png	unverified
D90-1-01892	ئالا قۇيرۇق بۈركۈت	headword	151_2L.png	unverified
D90-1-01893	ئالا قويماي	headword	152_1R.png	unverified
D90-1-01894	ئالا كۆرمەك	headword	152_1R.png	unverified
D90-1-01895	ئالا كۆڭۈل	headword	152_1R.png	unverified
D90-1-01896	ئالا كۆڭۈللۈك	headword	152_1R.png	unverified
D90-1-01897	ئالا كۈچۈكى كەتمەك	headword	152_1R.png	unverified
D90-1-01899	ئالا كۈچۈكى يانماق	headword	152_1R.png	unverified
D90-1-01898	ئالا كۈچۈكى كەلمەك	headword	152_1R.png	unverified
D90-1-01900	ئالا نىيەت	headword	152_1R.png	unverified
D90-1-01901	ئالا-بۇلا	headword	152_2L.png	unverified
D90-1-01902	ئالا-بۇلىماچ	headword	152_2L.png	unverified
D90-1-01903	ئالا-پېسە	headword	152_2L.png	unverified
D90-1-01904	ئالارمەن	headword	152_2L.png	unverified
D90-1-01905	ئالاقە	headword	153_1R.png	unverified
D90-1-01906	ئالاقە باغلىماق	headword	153_2L.png	unverified
D90-1-01907	ئالاقە قىلماق	headword	153_2L.png	unverified
D90-1-01907-v1	ئالاقىلاشماق	variant	153_2L.png	unverified
D90-1-01908	ئالاق-جالاق	headword	153_2L.png	unverified
D90-1-01911	ئالاقزادە	headword	153_2L.png	unverified
D90-1-01913	ئالاقزادە قىلماق	headword	154_1R.png	unverified
D90-1-01914	ئالاقزادىلەشمەك	headword	154_1R.png	unverified
D90-1-01915	ئالاقزادىلىك	headword	154_1R.png	unverified
D90-1-01916	ئالاقىچى	headword	154_1R.png	unverified
D90-1-01917	ئالاقىچىلىك	headword	154_1R.png	unverified
D90-1-01918	ئالاقىدار	headword	154_1R.png	unverified
D90-1-01919	ئالاقىسىز	headword	154_1R.png	unverified
D90-1-01920	ئالاقىلەشمەك	headword	154_2L.png	unverified
D90-1-01921	ئالاقىلىك	headword	154_2L.png	unverified
D90-1-01922	ئالاقىۋاز	headword	154_2L.png	unverified
D90-1-01923	ئالاقىۋازلىق	headword	154_2L.png	unverified
D90-1-01924	ئالاڭ	headword	154_2L.png	unverified
D90-1-01925	ئالاڭغۇ	headword	154_2L.png	unverified
D90-1-01926	ئالاڭلىماق	headword	154_2L.png	unverified
D90-1-01927	ئالامەت	headword	155_1R.png	unverified
D90-1-01928	ئالامەتلىك	headword	155_1R.png	unverified
D90-1-01929	ئالاھازەل	headword	155_1R.png	unverified
D90-1-01930	ئالاھازەلقىياس	headword	155_1R.png	unverified
D90-1-01931	ئالاھىدە	headword	155_2L.png	unverified
D90-1-01932	ئالاھىدىلەشتۈرمەك	headword	155_2L.png	unverified
D90-1-01933	ئالاھىدىلەشمەك	headword	155_2L.png	unverified
D90-1-01934	ئالاھىدىلىك	headword	155_2L.png	unverified
D90-1-01935	ئالايتقۇزماق	headword	155_2L.png	unverified
D90-1-01936	ئالايتماق	headword	155_2L.png	unverified
D90-1-01937	ئالايتۇرماق	nonstandard	156_1R.png	unverified
D90-1-01938	ئالايتىشماق	headword	156_1R.png	unverified
D90-1-01939	ئالايلۇق	headword	156_1R.png	unverified
D90-1-01940	ئالايلى	headword	156_1R.png	unverified
D90-1-01941	ئالايماق	headword	156_1R.png	unverified
D90-1-01942	ئالايىتەن	headword	156_1R.png	unverified
D90-1-01943	ئالە	headword	156_1R.png	unverified
D90-1-01944	ئالەم	headword	156_1R.png	unverified
D90-1-01945	ئالەم ئايروپىلانى	headword	156_2L.png	unverified
D90-1-01946	ئالەم بوشلۇقى	headword	156_2L.png	unverified
D90-1-01947	ئالەمدىن تۈگەشمەك	headword	156_2L.png	unverified
D90-1-01947-v1	دۇنيادىن تۈگەشمەك	variant	156_2L.png	unverified
D90-1-01948	ئالەمدىن خوشلاشماق	headword	156_2L.png	unverified
D90-1-01949	ئالەمدىن كەتمەك	headword	157_1R.png	unverified
D90-1-01949-v1	دۇنيادىن ئۆتمەك	variant	157_1R.png	unverified
D90-1-01950	ئالەمدىن يانماق	headword	157_1R.png	unverified
D90-1-01951	ئالەمدىن ئۆتمەك	headword	157_1R.png	unverified
D90-1-01952	ئالەم قاراش	headword	157_1R.png	unverified
D90-1-01952-v1	دۇنيا قاراش	variant	157_1R.png	unverified
D90-1-01953	ئالەم كەزمەك	headword	157_1R.png	unverified
D90-1-01954	ئالەم كېمىسى	headword	157_1R.png	unverified
D90-1-01955	ئالەمگە پۇر كەتمەك	headword	157_1R.png	unverified
D90-1-01956	ئالەمگە سىغماي قالماق	headword	157_1R.png	unverified
D90-1-01957	ئالەمگە سىغماي كەتمەك	headword	157_1R.png	unverified
D90-1-01958	ئالەمگە كۆز ئاچماق	headword	157_2L.png	unverified
D90-1-01959	ئالەمنى باشقا كىيمەك	headword	157_2L.png	unverified
D90-1-01960	ئالەمنى بىر ئالماق	headword	157_2L.png	unverified
D90-1-01961	ئالەمنىڭ ئۇ چېتى	headword	157_2L.png	unverified
D90-1-01962	ئالەمنى مالەم قىلماق	headword	157_2L.png	unverified
D90-1-01963	ئالەمبەخش	headword	157_2L.png	unverified
D90-1-01964	ئالەمچە	headword	158_1R.png	unverified
D90-1-01965	ئالەمشۇمۇل	headword	158_1R.png	unverified
D90-1-01966	ئالەمشۇناس	headword	158_1R.png	unverified
D90-1-01967	ئالەمشۇناسلىق	headword	158_1R.png	unverified
D90-1-01969	ئالبوم	headword	158_2L.png	unverified
D90-1-01970	ئالپىنىزم	headword	158_2L.png	unverified
D90-1-01971	ئالپىنسىت	headword	158_2L.png	unverified
D90-1-01972	ئالتاي	headword	158_2L.png	unverified
D90-1-01973	ئالتاي تىللىرى سىستېمىسى	headword	158_2L.png	unverified
D90-1-01974	ئالتە	headword	159_1R.png	unverified
D90-1-01975	ئالتە بۇلۇڭ	headword	159_1R.png	unverified
D90-1-01976	ئالتە پاتمان	headword	159_1R.png	unverified
D90-1-01977	ئالتە توك - توك	headword	159_1R.png	unverified
D90-1-01978	ئالتە قول	headword	159_1R.png	unverified
D90-1-01979	ئالتە قىرلىق	headword	159_1R.png	unverified
D90-1-01980	ئالتە كۆرەك	headword	159_1R.png	unverified
D90-1-01981	ئالتە كۈنلۈك ئالەم	headword	159_1R.png	unverified
D90-1-01982	ئالتە ياشتىن ئاتمىش ياشقىچە	headword	159_1R.png	unverified
D90-1-01982-v1	يەتتە ياشتىن يەتمىش ياشقىچە	variant	159_1R.png	unverified
D90-1-01983	ئالتە ياقلىق	headword	159_1R.png	unverified
D90-1-01984	ئالتىئاتار	headword	159_2L.png	unverified
D90-1-01985	ئالتەيلەن	headword	159_2L.png	unverified
D90-1-01986	ئالتۇن	headword	159_2L.png	unverified
D90-1-01988	ئالتۇن پەسىل	headword	160_1R.png	unverified
D90-1-01989	ئالتۇن تەر	headword	160_1R.png	unverified
D90-1-01990	ئالتۇن چاغ	headword	160_1R.png	unverified
D90-1-01991	ئالتۇن دەۋر	headword	160_1R.png	unverified
D90-1-01992	ئالتۇن قوزۇق	headword	160_2L.png	unverified
D90-1-01993	ئالتۇن مېدال	headword	160_2L.png	unverified
D90-1-01994	ئالتۇن ھەل	headword	160_2L.png	unverified
D90-1-01995	ئالتۇنسىمان	headword	160_2L.png	unverified
D90-1-01996	ئالتۇن-كۈمۈش	headword	160_2L.png	unverified
D90-1-01997	ئالتۇنگۈل	headword	160_2L.png	unverified
D90-1-01998	ئالتۇنلۇق	headword	161_1R.png	unverified
D90-1-01999	ئالتىنچى	headword	161_1R.png	verified
D90-1-02000	ئالتىنچى ئاي	headword	161_1R.png	unverified
D90-1-02000-v1	ئايۇن	variant	161_1R.png	unverified
D90-1-02001	ئالتىنچى ئاينىڭ پاقىسىدەك	headword	161_1R.png	unverified
D90-1-02002	ئالجىشماق	headword	161_1R.png	unverified
D90-1-02003	ئالجىماق	headword	161_1R.png	unverified
D90-1-02004	ئالچاڭ	headword	161_2L.png	unverified
D90-1-02005	ئالچاڭشىماق	headword	161_2L.png	unverified
D90-1-02008	ئالچاڭلىماق	headword	161_2L.png	unverified
D90-1-02006	ئالچاڭلاتماق	headword	161_2L.png	unverified
D90-1-02007	ئالچاڭلاشماق	headword	161_2L.png	unverified
D90-1-02009	ئالچۇ	headword	161_2L.png	unverified
D90-1-02010	ئالچۇ چۈشمەك	headword	161_2L.png	unverified
D90-1-02011	ئالچۇ قوپماق	headword	161_2L.png	unverified
D90-1-02012	ئالدى	headword	161_2L.png	unverified
D90-1-02012-i1	ئالدىي	inflected	161_2L.png	unverified
D90-1-02013	ئالدى بولماق	headword	162_1R.png	unverified
D90-1-02014	ئالدى بىلەن	headword	162_1R.png	unverified
D90-1-02015	ئالدى پېشاپ	headword	162_2L.png	unverified
D90-1-02016	ئالدىغا چىقارماق	headword	162_2L.png	unverified
D90-1-02017	ئالدىغا سالماق	headword	162_2L.png	unverified
D90-1-02018	ئالدىغا قارىماق	headword	162_2L.png	unverified
D90-1-02019	ئالدىغا ئۆتۈۋالماق	headword	162_2L.png	unverified
D90-1-02020	ئالدى قول	headword	163_1R.png	unverified
D90-1-02021	ئالدىنى ئالماق	headword	163_1R.png	unverified
D90-1-02022	ئالدى ئوچۇق	headword	163_1R.png	unverified
D90-1-02023	ئالدى ئېتىك	headword	163_1R.png	unverified
D90-1-02024	ئالداپ	headword	163_1R.png	unverified
D90-1-02025	ئالداپ - سالداپ	headword	163_1R.png	unverified
D90-1-02026	ئالداپ - سلاپ	headword	163_1R.png	unverified
D90-1-02027	ئالداتماق	headword	163_2L.png	unverified
D90-1-02028	ئالداشماق	headword	163_2L.png	unverified
D90-1-02029	ئالدام	headword	163_2L.png	unverified
D90-1-02030	ئالدام خالتا	headword	163_2L.png	unverified
D90-1-02031	ئالدام خالتىغا چۈشمەك	headword	163_2L.png	unverified
D90-1-02032	ئالدامچى	headword	164_1R.png	unverified
D90-1-02033	ئالدامچىلىق	headword	164_1R.png	unverified
D90-1-02034	ئالدانماق	headword	164_1R.png	unverified
D90-1-02035	ئالدۇرماق	headword	164_1R.png	unverified
D90-1-02036	ئالدۇرۇپ قويماق	headword	164_2L.png	unverified
D90-1-02037	ئالدۇرۇلماق	headword	164_2L.png	unverified
D90-1-02038	ئالدى - ئارقىسى	headword	164_2L.png	unverified
D90-1-02039	ئالدى - ئارقىغا قاراپ قالماق	headword	164_2L.png	unverified
D90-1-02077	ئالدى - كەينىگە قاراپ قالماق	headword	167_2L.png	unverified
D90-1-02040	ئالدى - ئارقىغا قارىماق	headword	164_2L.png	unverified
D90-1-02078	ئالدى - كەينىگە قارىماق	headword	168_1R.png	unverified
D90-1-02041	ئالدى - ئارقىنى ئويلىماق	headword	164_2L.png	unverified
D90-1-02079	ئالدى - كەينىنى ئويلىماق	headword	168_1R.png	unverified
D90-1-02042	ئالدى - بەردى	headword	164_2L.png	unverified
D90-1-02042-v1	ئالغۇ - بەرگۈ	variant	164_2L.png	unverified
D90-1-02043	ئالدى - بەردى قىلماق	headword	165_1R.png	unverified
D90-1-02043-v1	ئالغۇ - بەرگۈ قىلماق	variant	165_1R.png	unverified
D90-1-02044	ئالدىچە	headword	165_1R.png	unverified
D90-1-02045	ئالدىدا	headword	165_1R.png	unverified
D90-1-02046	ئالدىدا ئانداق، كەينىدە مۇنداق	headword	165_1R.png	unverified
D90-1-02046-v1	ئالدىدا بىر خىل، كەينىدە بىر خىل	variant	165_1R.png	unverified
D90-1-02047	ئالدىدا بىر ياڭزا، كەينىدە بىر ياڭزا	headword	165_1R.png	unverified
D90-1-02048	ئالدىدا ماڭماق	headword	165_1R.png	unverified
D90-1-02049	ئالدىدا يىپ ئېشەلمەيدۇ	headword	165_1R.png	unverified
D90-1-02050	ئالدىدىكى	headword	165_2L.png	unverified
D90-1-02052	ئالدىدىن	headword	165_2L.png	unverified
D90-1-02056	ئالدىراپ	headword	165_2L.png	unverified
D90-1-02057	ئالدىراپ قالماق	headword	165_2L.png	unverified
D90-1-02058	ئالدىراپ - تېنەپ	headword	166_1R.png	unverified
D90-1-02059	ئالدىراپ - سالدىراپ	headword	166_1R.png	unverified
D90-1-02060	ئالدىراتقۇزماق	headword	166_1R.png	unverified
D90-1-02061	ئالدىراتماق	headword	166_1R.png	unverified
D90-1-02062	ئالدىراش	headword	166_1R.png	unverified
D90-1-02063	ئالدىراش - تېنەش	headword	166_2L.png	unverified
D90-1-02063-v1	ئالدىراپ-تېنەپ	variant	166_2L.png	unverified
D90-1-02064	ئالدىراشچىلىق	headword	166_2L.png	unverified
D90-1-02064-v1	ئالدىدىراشچىلىق	variant	166_2L.png	unverified
D90-1-02065	ئالدىراشلىق	headword	166_2L.png	unverified
D90-1-02066	ئالدىراشماق	headword	166_2L.png	unverified
D90-1-02067	ئالدىراقسان	headword	166_2L.png	unverified
D90-1-02068	ئالدىراقسانلىق	headword	167_1R.png	unverified
D90-1-02069	ئالدىراڭغۇ	headword	167_1R.png	unverified
D90-1-02070	ئالدىراڭغۇلۇق	headword	167_1R.png	unverified
D90-1-02071	ئالدىرىما	headword	167_1R.png	unverified
D90-1-02072	ئالدىرىماق	headword	167_1R.png	unverified
D90-1-02073	ئالدى - ساتتى	headword	167_2L.png	unverified
D90-1-02074	ئالدى - كەتتى	headword	167_2L.png	unverified
D90-1-02075	ئالدى - كەتتى قىلماق	headword	167_2L.png	unverified
D90-1-02076	ئالدى - كەينى	headword	167_2L.png	unverified
D90-1-02080	ئالدىماق	headword	168_1R.png	unverified
D90-1-02081	ئالدىن	headword	168_1R.png	unverified
D90-1-02082	ئالدىن كۆرەر	headword	168_1R.png	unverified
D90-1-02083	ئالدىن كۆرەرلىك	headword	168_1R.png	unverified
D90-1-02084	ئالدىنئالا	headword	168_1R.png	unverified
D90-1-02085	ئالدىنقى	headword	168_1R.png	unverified
D90-1-02086	ئالدىنقى سەپ	headword	168_2L.png	unverified
D90-1-02087	ئالدىنقى شەرت	headword	168_2L.png	unverified
D90-1-02088	ئالدىنقى قىسىم	headword	168_2L.png	unverified
D90-1-02089	ئالغا	headword	169_1R.png	unverified
D90-1-02093	ئالغاي	nonstandard	169_1R.png	unverified
D90-1-02194	ئالىغاي	headword	178_1R.png	unverified
D90-1-02094	ئالغۇ-بەرگۇ	headword	169_1R.png	unverified
D90-1-02095	ئالغۇر	headword	169_2L.png	unverified
D90-1-02096	ئالفا	headword	169_2L.png	unverified
D90-1-02097	ئالغاۋىت	headword	169_2L.png	unverified
D90-1-02097-v1	ئېلىپبە	variant	169_2L.png	unverified
D90-1-02098	ئالقات	headword	169_2L.png	unverified
D90-1-02099	ئالقىش	headword	169_2L.png	unverified
D90-1-02102	ئالقىشلاتماق	headword	170_1R.png	unverified
D90-1-02103	ئالقىشلاشماق	headword	170_1R.png	unverified
D90-1-02104	ئالقىشلانماق	headword	170_1R.png	unverified
D90-1-02105	ئالقىشلىماق	headword	170_1R.png	unverified
D90-1-02106	ئالكوگول	headword	170_1R.png	unverified
D90-1-02107	ئالكوگولىزم	headword	170_1R.png	unverified
D90-1-02108	ئالگېبرا	headword	170_1R.png	verified
D90-1-02109	ئالگېبرالىق	headword	170_1R.png	unverified
D90-1-02110	ئاللا	headword	170_1R.png	unverified
D90-1-02112	ئاللاتائالا	headword	170_2L.png	unverified
D90-1-02113	ئاللا - توۋا	headword	170_2L.png	unverified
D90-1-02114	ئاللا - توۋا دېگۈزمەك	headword	170_2L.png	unverified
D90-1-02115	ئاللا - توۋىسىنى بەرمەك	headword	170_2L.png	unverified
D90-1-02116	ئاللا - توۋىسنى كۆرسەتمەك	headword	170_2L.png	unverified
D90-1-02117	ئاللا - كاللا	headword	170_2L.png	unverified
D90-1-02118	ئاللاھۇئەكبەر	headword	171_1R.png	unverified
D90-1-02119	ئاللېگورىيە	headword	171_1R.png	unverified
D90-1-02120	ئاللېگورىيىلىك	headword	171_1R.png	unverified
D90-1-02121	ئاللىبۇرۇن	headword	171_1R.png	unverified
D90-1-02122	ئاللىبىر	headword	171_1R.png	unverified
D90-1-02123	ئاللىقاچان	headword	171_1R.png	unverified
D90-1-02124	ئاللىقانچە	headword	171_2L.png	unverified
D90-1-02125	ئاللىقانداق	headword	171_2L.png	unverified
D90-1-02126	ئاللىقانداقتۇر	headword	171_2L.png	unverified
D90-1-02127	ئاللىقاياق	headword	171_2L.png	unverified
D90-1-02128	ئاللىقايسى	headword	171_2L.png	unverified
D90-1-02129	ئاللىقەيەر	headword	171_2L.png	unverified
D90-1-02130	ئاللىكىم	headword	171_2L.png	unverified
D90-1-02131	ئاللىنېمە	headword	172_1R.png	unverified
D90-1-02132	ئالما	headword	172_1R.png	unverified
D90-1-02135	ئالماش	headword	172_1R.png	unverified
D90-1-02136	ئالماشتۇرماق	headword	172_1R.png	unverified
D90-1-02137	ئالماشتۇرۇلماق	headword	172_2L.png	unverified
D90-1-02138	ئالماشماق	headword	172_2L.png	unverified
D90-1-02139	ئالماق	headword	172_2L.png	unverified
D90-1-02147	ئالماق-ساتماق	headword	174_2L.png	unverified
D90-1-02148	ئالمان	headword	174_2L.png	unverified
D90-1-02149	ئالمان-تالمان	headword	174_2L.png	unverified
D90-1-02150	ئالمۇتۇگۈل	headword	175_1R.png	unverified
D90-1-02151	ئالمىزار	headword	175_1R.png	unverified
D90-1-02156	ئالمىلىق	headword	175_1R.png	unverified
D90-1-02152	ئالمىزارلىق	headword	175_1R.png	unverified
D90-1-02153	ئالمىغان	headword	175_1R.png	unverified
D90-1-02154	ئالمىغان-بەرمىگەن	headword	175_1R.png	unverified
D90-1-02155	ئالمىغان-بەرمىگەن بولماق	headword	175_1R.png	unverified
D90-1-02158	ئالمىماق	headword	175_2L.png	unverified
D90-1-02159	ئالوي	headword	175_2L.png	unverified
D90-1-02159-v1	سەبرە	variant	175_2L.png	unverified
D90-1-02160	ئالۇچا	headword	175_2L.png	unverified
D90-1-02161	ئالۇدە	headword	175_2L.png	unverified
D90-1-02163	ئالۋاستى	headword	175_2L.png	unverified
D90-1-02164	ئالۋاڭ	nonstandard	175_2L.png	unverified
D90-1-02165	ئالۋان	headword	175_2L.png	unverified
D90-1-02166	ئالۋان سالماق	headword	176_1R.png	unverified
D90-1-02167	ئالۋانچى	headword	176_1R.png	unverified
D90-1-02168	ئالۋان - سېلىق	headword	176_1R.png	unverified
D90-1-02169	ئالۋان- ياساق	headword	176_1R.png	unverified
D90-1-02170	ئالۋۇن	headword	176_1R.png	unverified
D90-1-02171	ئالىبوتا	headword	176_1R.png	unverified
D90-1-02172	ئالىبۆرەك	headword	176_1R.png	unverified
D90-1-02173	ئالىپ	headword	176_2L.png	unverified
D90-1-02174	ئالىپاساق	headword	176_2L.png	unverified
D90-1-02175	ئالىپتە	headword	176_2L.png	unverified
D90-1-02176	ئالىتاغىل	headword	176_2L.png	unverified
D90-1-02177	ئالىتاغىل توۋلماق	headword	176_2L.png	unverified
D90-1-02178	ئالىتاغىل ۋارقىرىماق	headword	176_2L.png	unverified
D90-1-02179	ئالىتوپىلاڭ	headword	176_2L.png	unverified
D90-1-02180	ئالىتوپىلاڭ كۆتۈرمەك	headword	177_1R.png	unverified
D90-1-02181	ئالىتوپىلاڭچى	headword	177_1R.png	unverified
D90-1-02182	ئالىتوپىلاڭچىلىق	headword	177_1R.png	unverified
D90-1-02183	ئالىجوقا	headword	177_1R.png	unverified
D90-1-02184	ئالىجوقىلىق	headword	177_1R.png	unverified
D90-1-02185	ئالىچا	headword	177_1R.png	unverified
D90-1-02186	ئالىچەكمەن	headword	177_2L.png	unverified
D90-1-02187	ئالىچۇقان	headword	177_2L.png	verified
D90-1-02188	ئالىچۇقان سالماق	headword	177_2L.png	unverified
D90-1-02188-v1	ئالىجۇقان كۆتۈرمەك	variant	177_2L.png	unverified
D90-1-02189	ئالىچۇقان كۆتۈرمەك	headword	177_2L.png	unverified
D90-1-02190	ئالىچۇق	headword	177_2L.png	unverified
D90-1-02191	ئالىچىپار	headword	178_1R.png	verified
D90-1-02192	ئالىزارىن	headword	178_1R.png	unverified
D90-1-02193	ئالىسېرىق	headword	178_1R.png	verified
D90-1-02195	ئالىقاپ	headword	178_1R.png	unverified
D90-1-02196	ئالىقاپلىق	headword	178_1R.png	unverified
D90-1-02197	ئالىقاراق	headword	178_1R.png	unverified
D90-1-02198	ئالىقان	headword	178_2L.png	unverified
D90-1-02205	ئالىقىنى قىزىماق	headword	179_1R.png	unverified
D90-1-02205-v1	ئالىقىنى قىچىشماق	variant	179_1R.png	unverified
D90-1-02206	ئالىقىنى كەڭ	headword	179_1R.png	unverified
D90-1-02206-v1	قولى ئوچۇق	variant	179_1R.png	unverified
D90-1-02207	ئالىقىنى يالايدىغان	headword	179_1R.png	unverified
D90-1-02208	ئالىقىنى ئوچۇق	headword	179_1R.png	unverified
D90-1-02209	ئالىقانات	headword	179_1R.png	unverified
D90-1-02210	ئالىقاناتلىق	headword	179_1R.png	unverified
D90-1-02211	ئالىقانچە	headword	179_1R.png	unverified
D90-1-02212	ئالىقانچىلىك	headword	179_1R.png	unverified
D90-1-02213	ئالىقانسىمان	headword	179_2L.png	unverified
D90-1-02214	ئالىقوڭغۇز	headword	179_2L.png	unverified
D90-1-02215	ئالىقول	headword	179_2L.png	verified
D90-1-02216	ئالىقوللۇق	headword	179_2L.png	unverified
D90-1-02217	ئالىگەدەن	headword	179_2L.png	unverified
D90-1-02218	ئالىگەدەنلىك	headword	179_2L.png	unverified
D90-1-02219	ئالىگرات	headword	179_2L.png	verified
D90-1-02220	ئالىلىق	headword	179_2L.png	unverified
D90-1-02221	ئالىم	headword	179_2L.png	unverified
D90-1-02222	ئالاماج	headword	180_1R.png	unverified
D90-1-02223	ئالامادىس	headword	180_1R.png	unverified
D90-1-02224	ئالامان	headword	180_1R.png	unverified
D90-1-02225	ئالىملىق	headword	180_1R.png	unverified
D90-1-02226	ئالىئۆپكە	headword	180_1R.png	unverified
D90-1-02227	ئالىئۆپكىلىك	headword	180_1R.png	unverified
D90-1-02228	ئالىۋار	headword	180_1R.png	unverified
D90-1-02229	ئالىي	headword	180_1R.png	unverified
D90-1-02230	ئالىي كوپىراتىپ	headword	180_2L.png	unverified
D90-1-02231	ئالىي ئېھتىرام	headword	180_2L.png	unverified
D90-1-02232	ئالىيجاناب	headword	180_2L.png	unverified
D90-1-02233	ئالىيجانابلىق	headword	181_1R.png	unverified
D90-1-02234	ئالىيلىرى	headword	181_1R.png	unverified
D90-1-02235	ئالىيلىق	headword	181_1R.png	unverified
D90-1-02236	ئاليۇمىن	headword	181_1R.png	unverified
D90-1-02237	ئالىيېشىل	headword	181_1R.png	unverified
D90-1-02238	ئالىيېشىللىق	headword	181_1R.png	unverified
D90-1-02239	ئالىيىشماق	headword	181_1R.png	unverified
D90-1-02240	ئام	headword	181_1R.png	unverified
D90-1-02241	ئامال	headword	181_1R.png	unverified
D90-1-02242	ئامال تاپماق	headword	181_2L.png	unverified
D90-1-02243	ئامال قانچە	headword	181_2L.png	unverified
D90-1-02244	ئامال قىلماق	headword	181_2L.png	unverified
D90-1-02245	ئامال-چارە	headword	181_2L.png	unverified
D90-1-02246	ئامالسىز	headword	181_2L.png	unverified
D90-1-02247	ئامالسىز قالماق	headword	181_2L.png	unverified
D90-1-02248	ئامالسىزلىق	headword	182_1R.png	unverified
D90-1-02249	ئاماللىماق	headword	182_1R.png	unverified
D90-1-02250	ئامان	headword	182_1R.png	unverified
D90-1-02251	ئامان تاپماق	headword	182_1R.png	unverified
D90-1-02252	ئامان خۇدا	headword	182_2L.png	unverified
D90-1-02252-v1	ئارام خۇدا	variant	182_2L.png	unverified
D90-1-02253	ئامان قالماق	headword	182_2L.png	unverified
D90-1-02254	ئامانەت	headword	182_2L.png	unverified
D90-1-02255	ئامانەت قويماق	headword	182_2L.png	unverified
D90-1-02256	ئامانەت قىلماق	headword	182_2L.png	unverified
D90-1-02257	ئامانەت كاسسىسى	headword	183_1R.png	unverified
D90-1-02258	ئامانەت كىنىشكىسى	headword	183_1R.png	unverified
D90-1-02259	ئامانەتتەك	headword	183_1R.png	unverified
D90-1-02260	ئامانەتچى	headword	183_1R.png	unverified
D90-1-02261	ئامانەت-قەرز	headword	183_1R.png	unverified
D90-1-02262	ئامانەت-قەرز كوپىراتىپى	headword	183_1R.png	unverified
D90-1-02263	ئامانلاشماق	headword	183_1R.png	unverified
D90-1-02264	ئامانلىق	headword	183_2L.png	unverified
D90-1-02265	ئامانلىق تىلىمەك	headword	183_2L.png	unverified
D90-1-02266	ئامان - ئېسەن	headword	183_2L.png	unverified
D90-1-02267	ئامان - ئېسەنلىك	headword	183_2L.png	unverified
D90-1-02268	ئامەت	headword	183_2L.png	unverified
D90-1-02269	ئامەتسىز	headword	183_2L.png	unverified
D90-1-02270	ئامەتلىك	headword	183_2L.png	unverified
D90-1-02271	ئامبار	headword	184_1R.png	unverified
D90-1-02272	ئامبارچى	headword	184_1R.png	unverified
D90-1-02273	ئامبارچىلىق	headword	184_1R.png	unverified
D90-1-02274	ئامبارلاشتۇرماق	headword	184_1R.png	unverified
D90-1-02275	ئامبال	headword	184_1R.png	unverified
D90-1-02277	ئامبال-غۇجام	headword	184_2L.png	unverified
D90-1-02278	ئامباللىق	headword	184_2L.png	unverified
D90-1-02279	ئامبۇر	headword	184_2L.png	unverified
D90-1-02281	ئامبۇلاتۇرىيە	headword	184_2L.png	unverified
D90-1-02282	ئومپۇل	headword	185_1R.png	unverified
D90-1-02283	ئامپېر	headword	185_1R.png	unverified
D90-1-02286	ئامپېرمېتر	headword	185_1R.png	unverified
D90-1-02288	ئامپىلىتۇدا	headword	185_1R.png	unverified
D90-1-02289	ئامراق	headword	185_1R.png	unverified
D90-1-02290	ئامراقلاشماق	headword	185_2L.png	unverified
D90-1-02291	ئامراقلىق	headword	185_2L.png	unverified
D90-1-02292	ئامراقلىقى كەلمەك	headword	185_2L.png	unverified
D90-1-02293	ئامفىبول	headword	185_2L.png	unverified
D90-1-02295	ئامفىبولىت	headword	186_1R.png	unverified
D90-1-02296	ئامما	headword	186_1R.png	unverified
D90-1-02297	ئاممونىي	headword	186_1R.png	unverified
D90-1-02299	ئاممونىي سولفات	headword	186_2L.png	unverified
D90-1-02300	ئاممونىي فوسفات	headword	186_2L.png	unverified
D90-1-02301	ئاممونىي گىدروكسىد	headword	186_2L.png	unverified
D90-1-02301-v1	ئاممىياكلىق سۇ	variant	186_2L.png	unverified
D90-1-02302	ئاممونىي نىترات	headword	186_2L.png	unverified
D90-1-02303	ئاممىباب	headword	186_2L.png	unverified
D90-1-02304	ئاممىبابلاشتۇرماق	headword	186_2L.png	unverified
D90-1-02305	ئاممىبابلاشتۇرۇلماق	headword	187_1R.png	unverified
D90-1-02306	ئاممىبابلاشماق	headword	187_1R.png	unverified
D90-1-02307	ئاممىبابلىق	headword	187_1R.png	unverified
D90-1-02308	ئاممىۋى	headword	187_1R.png	unverified
D90-1-02312	ئاممىۋى لۇشيەن	headword	187_2L.png	unverified
D90-1-02313	ئاممىۋى مەدەنىيەت	headword	187_2L.png	unverified
D90-1-02314	ئاممىۋى نۇقتىئىنەزەر	headword	187_2L.png	unverified
D90-1-02315	ئاممىۋى ھەرىكەت	headword	187_2L.png	unverified
D90-1-02316	ئاممىۋىلاشتۇرماق	headword	187_2L.png	unverified
D90-1-02317	ئاممىۋىلاشتۇرۇلماق	headword	187_2L.png	unverified
D90-1-02318	ئاممىۋىلاشماق	headword	187_2L.png	unverified
D90-1-02319	ئاممىۋىلىق	headword	187_2L.png	unverified
D90-1-02320	ئاممىياك	headword	187_2L.png	unverified
D90-1-02321	ئاممىياكلىق	headword	188_1R.png	unverified
D90-1-02323	ئامورتىزاتسىيە	headword	188_1R.png	unverified
D90-1-02324	ئامورف	headword	188_1R.png	unverified
D90-1-02327	ئامۇت	headword	188_1R.png	unverified
D90-1-02329	ئامۇتلۇق	headword	188_2L.png	unverified
D90-1-02330	ئامۇخاس	headword	188_2L.png	unverified
D90-1-02331	ئامېرىتسىي	headword	188_2L.png	unverified
D90-1-02332	ئامېرىكا	headword	188_2L.png	unverified
D90-1-02333	ئامېرىكا ئاگاۋىسى	headword	189_1R.png	unverified
D90-1-02334	ئامېرىكان	headword	189_1R.png	unverified
D90-1-02335	ئامېرىكىلىق	headword	189_1R.png	unverified
D90-1-02336	ئامىل	headword	189_1R.png	unverified
D90-1-02337	ئامىن	headword	189_1R.png	unverified
D90-1-02338	ئاميوبا	headword	189_2L.png	verified
D90-1-02340	ئاميوبالىق	headword	189_2L.png	unverified
D90-1-02342	ئان	headword	189_2L.png	unverified
D90-1-02414	ئاندىن	headword	194_2L.png	unverified
D90-1-02344	ئانا	headword	189_2L.png	unverified
D90-1-02345	ئانا بولماق	headword	190_1R.png	unverified
D90-1-02346	ئانا تىل	headword	190_1R.png	unverified
D90-1-02347	ئانا جەمەت	headword	190_2L.png	unverified
D90-1-02349	ئانا سۈتىدىن ھالال	headword	190_2L.png	unverified
D90-1-02350	ئاناڭ ئۆرگۈلسۇن	headword	190_2L.png	unverified
D90-1-02351	ئانا مەكتەپ	headword	190_2L.png	unverified
D90-1-02352	ئانا ۋەتەن	headword	190_2L.png	unverified
D90-1-02353	ئانا يۇرت	headword	190_2L.png	unverified
D90-1-02354	ئانىدىن تۇغما	headword	191_1R.png	unverified
D90-1-02355	ئانىسى گەپكە تۇغقان	headword	191_1R.png	unverified
D90-1-02356	ئانىسىنى كۆزىگە كۆرسەتمەك	headword	191_1R.png	unverified
D90-1-02357	ئانىسىنىڭ ئەمچىكىنى قاتتىق چىشلىگەن	headword	191_1R.png	unverified
D90-1-02358	ئانا - بالا	headword	191_1R.png	unverified
D90-1-02359	ئانا - بالا بولماق	headword	191_1R.png	unverified
D90-1-02360	ئانا-بالىلىق	headword	191_1R.png	unverified
D90-1-02361	ئاناتوكسىن	headword	191_1R.png	unverified
D90-1-02362	ئاناتومىيە	headword	191_2L.png	unverified
D90-1-02363	ئاناتومىيىلىك	headword	191_2L.png	unverified
D90-1-02364	ئانار	headword	191_2L.png	unverified
D90-1-02367	ئانارخىزم	headword	191_2L.png	unverified
D90-1-02367-v1	ھۆكۈمەتسىزلىك	variant	191_2L.png	unverified
D90-1-02368	ئانارخىست	headword	191_2L.png	unverified
D90-1-02369	ئانارخىيە	headword	191_2L.png	unverified
D90-1-02370	ئانار خىيىلىك	headword	192_1R.png	unverified
D90-1-02371	ئاناردەك	headword	192_1R.png	unverified
D90-1-02372	ئانارزار	headword	192_1R.png	unverified
D90-1-02375	ئانارلىق	headword	192_1R.png	unverified
D90-1-02373	ئانارزارلىق	nonstandard	192_1R.png	unverified
D90-1-02374	ئانارگۈل	headword	192_1R.png	unverified
D90-1-02376	ئانالىتىك	headword	192_1R.png	unverified
D90-1-02378	ئانالىز	headword	192_2L.png	unverified
D90-1-02379	ئانالىز قىلماق	headword	192_2L.png	unverified
D90-1-02380	ئانا - مانا	headword	192_2L.png	unverified
D90-1-02381	ئانا - مانىسىنى كۆزىگە كۆرسەتمەك	headword	192_2L.png	unverified
D90-1-02382	ئانت	headword	192_2L.png	unverified
D90-1-02382-v1	قەسەم	variant	192_2L.png	unverified
D90-1-02383	ئانت ئىچمەك	headword	192_2L.png	unverified
D90-1-02384	ئانتانتا	headword	192_2L.png	unverified
D90-1-02385	ئانتاركتىكا	headword	192_2L.png	unverified
D90-1-02386	ئانتاركتىكا قىتئەسى	headword	193_1R.png	unverified
D90-1-02386-v1	ئانتاركتەكا	variant	193_1R.png	unverified
D90-1-02387	ئانتاگونىزم	headword	193_1R.png	unverified
D90-1-02388	ئانتاگونىيە	headword	193_1R.png	unverified
D90-1-02389	ئانتاگونىپىسىز	headword	193_1R.png	unverified
D90-1-02390	ئانتاگونىيىسىز زىددىيەت	headword	193_1R.png	unverified
D90-1-02391	ئانتاگونىيىلىك	headword	193_1R.png	unverified
D90-1-02392	ئانتاگونىيىلىك زىددىيەت	headword	193_1R.png	unverified
D90-1-02393	ئانتخور	headword	193_2L.png	unverified
D90-1-02393-v1	قەسەمخور	variant	193_2L.png	unverified
D90-1-02394	ئانتولوگىيە	headword	193_2L.png	unverified
D90-1-02394-v1	ئەسەرلەر توپلىمى	variant	193_2L.png	unverified
D90-1-02395	ئانتىدېموكراتىك	headword	193_2L.png	unverified
D90-1-02396	ئانتىسكلون	headword	193_2L.png	unverified
D90-1-02396-v1	تەتۈر ھاۋا قاينىمى	variant	193_2L.png	unverified
D90-1-02397	ئانتىگېن	headword	193_2L.png	unverified
D90-1-02398	ئانجىرغا	headword	193_2L.png	unverified
D90-1-02399	ئانچە	headword	193_2L.png	unverified
D90-1-02399-v1	ئۇنچە	variant	193_2L.png	unverified
D90-1-02400	ئانچە-مۇنچە	headword	193_2L.png	unverified
D90-1-02401	ئانچىكى	headword	193_2L.png	unverified
D90-1-02402	ئانچىكىم	nonstandard	193_2L.png	unverified
D90-1-02403	ئانچىلا	headword	194_1R.png	unverified
D90-1-02403-v1	ئۇنچىلا	variant	194_1R.png	unverified
D90-1-02404	ئانچىلىك	headword	194_1R.png	unverified
D90-1-02404-v1	ئۇنچىلىك	variant	194_1R.png	unverified
D90-1-02405	ئانچىنان	headword	194_1R.png	unverified
D90-1-02406	ئانچىۋالا	headword	194_1R.png	unverified
D90-1-02406-v1	ئۇنچىۋالا	variant	194_1R.png	unverified
D90-1-02407	ئاندا	headword	194_1R.png	unverified
D90-1-02408	ئاندا - ساندا	headword	194_1R.png	unverified
D90-1-02409	ئانداق	headword	194_1R.png	unverified
D90-1-02409-v1	ئۇنداق	variant	194_1R.png	unverified
D90-1-02410	ئانداق قازانغا مۇندا چۆمۈچ	headword	194_1R.png	unverified
D90-1-02410-v1	ئۇنداق قازانغا مۇنداق چۆمۈچ	variant	194_1R.png	unverified
D90-1-02411	ئانداقچى	headword	194_1R.png	unverified
D90-1-02411-v1	ئۇنداقچى	variant	194_1R.png	unverified
D90-1-02412	ئانداقچى - مۇنداقچى	headword	194_1R.png	unverified
D90-1-02412-v1	ئۇنداقچى - مۇنداقچى	variant	194_1R.png	unverified
D90-1-02413	ئاندا-مۇندا	headword	194_2L.png	unverified
D90-1-02413-v1	ئاندا-ساندا	variant	194_2L.png	unverified
D90-1-02415	ئاندىن باشقا	headword	194_2L.png	unverified
D90-1-02415-v1	ئۇندىن باشقا	variant	194_2L.png	unverified
D90-1-02416	ئاندىن كېيىن	headword	194_2L.png	unverified
D90-1-02416-v1	ئۇندىن كېيىن	variant	194_2L.png	unverified
D90-1-02417	ئانسامبىل	headword	194_2L.png	unverified
D90-1-02418	ئانكىت	headword	194_2L.png	unverified
D90-1-02419	ئانېمومېتر	headword	195_1R.png	unverified
D90-1-02420	ئانىجان	headword	195_1R.png	unverified
D90-1-02421	ئانىسى	headword	195_1R.png	unverified
D90-1-02422	ئانىكا	headword	195_1R.png	unverified
D90-1-02424	ئانىلارچە	headword	195_1R.png	unverified
D90-1-02425	ئانىلىق	headword	195_1R.png	unverified
D90-1-02426	ئانناي	headword	195_2L.png	unverified
D90-1-02427	ئانىي	headword	195_2L.png	unverified
D90-1-02428	ئانىي ئەتمەك	headword	195_2L.png	unverified
D90-1-02429	ئانىي تاپماق	headword	195_2L.png	unverified
D90-1-02430	ئاھ	headword	195_2L.png	unverified
D90-1-02431	ئاھ چەكمەك	headword	196_1R.png	unverified
D90-1-02432	ئاھ ئۇرماق	headword	196_1R.png	unverified
D90-1-02433	ئاھا	headword	196_1R.png	unverified
D90-1-02436	ئاھاك	headword	196_1R.png	unverified
D90-1-02436-v1	ھاك	variant	196_1R.png	unverified
D90-1-02437	ئاھاڭ	headword	196_1R.png	unverified
D90-1-02438	ئاھاڭ تەرجىمىسى	headword	196_2L.png	unverified
D90-1-02439	ئاھاڭ شەكلى	headword	196_2L.png	unverified
D90-1-02440	ئاھاڭغا سالماق	headword	196_2L.png	unverified
D90-1-02441	ئاھاڭدار	headword	196_2L.png	unverified
D90-1-02442	ئاھاڭدارلىق	headword	197_1R.png	unverified
D90-1-02443	ئاھاڭداش	headword	197_1R.png	unverified
D90-1-02446	ئاھاڭداشلىق	headword	197_1R.png	unverified
D90-1-02447	ئاھاڭرەبا	headword	197_1R.png	unverified
D90-1-02448	ئاھاڭلىق	headword	197_1R.png	unverified
D90-1-02449	ئاھالە	headword	197_1R.png	unverified
D90-1-02450	ئاھانەت	headword	197_2L.png	unverified
D90-1-02451	ئاھانەت قىلماق	headword	197_2L.png	unverified
D90-1-02452	ئاھانەتلىك	headword	197_2L.png	unverified
D90-1-02453	ئاھ-ئەپغان	headword	198_1R.png	unverified
D90-1-02456	ئاھ-زار	headword	198_1R.png	unverified
D90-1-02454	ئاھ-پەرياد	headword	198_1R.png	unverified
D90-1-02455	ئاھ-پىغان	headword	198_1R.png	unverified
D90-1-02457	ئاھ-نادامەت	headword	198_1R.png	unverified
D90-1-02458	ئاھھاي	headword	198_1R.png	unverified
D90-1-02459	ئاھۇ	headword	198_1R.png	unverified
D90-1-02460	ئاھۇپەرياد	headword	198_1R.png	unverified
D90-1-02461	ئاھۇپىغان	headword	198_2L.png	unverified
D90-1-02462	ئاھۇزار	headword	198_2L.png	unverified
D90-1-02463	ئاھۇنادامەت	headword	198_2L.png	unverified
D90-1-02464	ئاھ-ۋاھ	headword	198_2L.png	unverified
D90-1-02465	ئاۋاپ	headword	198_2L.png	unverified
D90-1-02467	ئاۋاتچىلىق	headword	199_1R.png	unverified
D90-1-02471	ئاۋاتلىق	headword	199_1R.png	unverified
D90-1-02468	ئاۋاتلاشتۇرماق	headword	199_1R.png	unverified
D90-1-02469	ئاۋاتلاشتۇرۇلماق	headword	199_1R.png	unverified
D90-1-02470	ئاۋاتلاشماق	headword	199_1R.png	unverified
D90-1-02472	ئاۋارە	headword	199_1R.png	unverified
D90-1-02473	ئاۋارە بولماق	headword	199_2L.png	unverified
D90-1-02474	ئاۋارە قىلماق	headword	199_2L.png	unverified
D90-1-02475	ئاۋارىچىلىك	headword	199_2L.png	unverified
D90-1-02476	ئاۋارىز	headword	199_2L.png	verified
D90-1-02477	ئاۋارىكەش	headword	199_2L.png	unverified
D90-1-02478	ئاۋارىگەر	headword	199_2L.png	unverified
D90-1-02479	ئاۋاز	headword	200_1R.png	unverified
D90-1-02480	ئاۋاز ئارىلىقى	headword	200_1R.png	unverified
D90-1-02480-v1	ئىنتېرۋال	variant	200_1R.png	unverified
D90-1-02481	ئاۋاز ئالماق	headword	200_1R.png	unverified
D90-1-02482	ئاۋاز باسقۇچ	headword	200_1R.png	unverified
D90-1-02482-v1	گاما	variant	200_1R.png	unverified
D90-1-02483	ئاۋاز بەرمەك	headword	200_1R.png	unverified
D90-1-02484	ئاۋاز بەلگىلىرى	headword	200_2L.png	unverified
D90-1-02485	ئاۋاز توسقۇنلۇقى	headword	200_2L.png	unverified
D90-1-02486	ئاۋاز تۈسى	headword	200_2L.png	unverified
D90-1-02487	ئاۋاز تېزلىكى	headword	200_2L.png	unverified
D90-1-02488	ئاۋاز تىپى	headword	200_2L.png	unverified
D90-1-02488-v1	رىتىم تىپى	variant	200_2L.png	unverified
D90-1-02489	ئاۋاز چاستوتىسى	headword	200_2L.png	unverified
D90-1-02490	ئاۋاز دائىرىسى	headword	200_2L.png	unverified
D90-1-02491	ئاۋاز دەرىجىسى	headword	201_1R.png	unverified
D90-1-02492	ئاۋاز رېتى	headword	201_1R.png	unverified
D90-1-02493	ئاۋاز قوشماق	headword	201_1R.png	unverified
D90-1-02494	ئاۋازغا قويماق	headword	201_1R.png	unverified
D90-1-02495	ئاۋاز كىرىشتۈرۈش	headword	201_1R.png	unverified
D90-1-02496	ئاۋاز كىرىشتۈرگۈچى	headword	201_2L.png	unverified
D90-1-02497	ئاۋاز نامى	headword	201_2L.png	unverified
D90-1-02498	ئاۋاز ئېگىزلىكى	headword	201_2L.png	unverified
D90-1-02499	ئاۋازى بېسىلماق	headword	201_2L.png	unverified
D90-1-02500	ئاۋاز يەتمەك	headword	201_2L.png	unverified
D90-1-02501	ئاۋازسىز	headword	201_2L.png	unverified
D90-1-02502	ئاۋازشۇناس	headword	202_1R.png	unverified
D90-1-02503	ئاۋازشۇناسلىق	headword	202_1R.png	unverified
D90-1-02504	ئاۋازلىق	headword	202_1R.png	unverified
D90-1-02505	ئاۋاق	headword	202_1R.png	unverified
D90-1-02506	ئاۋاقىتا	headword	202_1R.png	unverified
D90-1-02507	ئاۋاقلاشتۇرماق	headword	202_1R.png	unverified
D90-1-02508	ئاۋاقلاشتۇرۇلماق	headword	202_1R.png	unverified
D90-1-02509	ئاۋاقلاشماق	headword	202_1R.png	unverified
D90-1-02510	ئاۋام	headword	202_1R.png	unverified
D90-1-02512	ئاۋام خەلق	headword	202_2L.png	unverified
D90-1-02513	ئاۋانتيۇرىزم	headword	202_2L.png	unverified
D90-1-02514	ئاۋانس	headword	202_2L.png	unverified
D90-1-02515	ئاۋانگارت	headword	202_2L.png	unverified
D90-1-02516	ئاۋانگارتلىق	headword	202_2L.png	unverified
D90-1-02517	ئاۋايلاشماق	headword	202_2L.png	unverified
D90-1-02518	ئاۋايلىماق	headword	202_2L.png	unverified
D90-1-02519	ئاۋغۇست	headword	203_1R.png	unverified
D90-1-02520	ئاۋلاق	headword	203_1R.png	unverified
D90-1-02523	ئاۋۇتماق	headword	203_1R.png	unverified
D90-1-02524	ئاۋۇتۇشماق	headword	203_1R.png	unverified
D90-1-02525	ئاۋۇتۇلماق	headword	203_1R.png	unverified
D90-1-02526	ئاۋۇرماق	headword	203_1R.png	unverified
D90-1-02527	ئاۋۇشقا	headword	203_1R.png	unverified
D90-1-02528	ئاۋۇغاي	headword	203_1R.png	unverified
D90-1-02529	ئاۋۇل	headword	203_1R.png	unverified
D90-1-02530	ئاۋۇلىماق	headword	203_1R.png	unverified
D90-1-02531	ئاۋۇماق	headword	203_1R.png	unverified
D90-1-02532	ئاۋۇن	headword	203_2L.png	unverified
D90-1-02533	ئاۋۇنچاق	headword	203_2L.png	unverified
D90-1-02534	ئاۋۇندۇرماق	headword	203_2L.png	unverified
D90-1-02535	ئاۋۇندۇرۇشماق	headword	203_2L.png	unverified
D90-1-02536	ئاۋۇندۇرۇلماق	headword	203_2L.png	unverified
D90-1-02537	ئاۋۇنماق	headword	203_2L.png	unverified
D90-1-02538	ئاۋۋال	headword	203_2L.png	unverified
D90-1-02539	ئاۋۋال ئاخشام	headword	204_1R.png	unverified
D90-1-02540	ئاۋۋالقى	headword	204_1R.png	unverified
D90-1-02541	ئاۋىئاتسىيە	headword	204_1R.png	unverified
D90-1-02542	ئاۋىئاتسىيە مېتېئورولوگىيىسى	headword	204_1R.png	unverified
D90-1-02543	ئاۋىئاتسىيە ھاۋا رايى مەلۇماتى	headword	204_1R.png	unverified
D90-1-02544	ئاۋىئاماتكا	headword	204_1R.png	unverified
D90-1-02545	ئاۋىي	headword	204_2L.png	unverified
D90-1-02546	ئائىنت	headword	204_2L.png	unverified
D90-1-02547	ئائىلە	headword	204_2L.png	unverified
D90-1-02550	ئائىلە تاپشۇرۇقى	headword	205_1R.png	unverified
D90-1-02551	ئائىلە تاۋابىئات	headword	205_1R.png	unverified
D90-1-02553	ئائىلە تەۋە	headword	205_1R.png	unverified
D90-1-02552	ئائىلە تەربىيىسى	headword	205_1R.png	unverified
D90-1-02554	ئائىلە قۇرماق	headword	205_1R.png	unverified
D90-1-02554-v1	تۇرمۇش قۇرماق	variant	205_1R.png	unverified
D90-1-02555	ئائىلىلىك	headword	205_1R.png	unverified
D90-1-02556	ئائىلىلىك بولماق	headword	205_1R.png	unverified
D90-1-02557	ئائىلىلىكلەر بىناسى	headword	205_2L.png	unverified
D90-1-02558	ئائىلىۋى	headword	205_2L.png	unverified
D90-1-02559	ئاي	headword	205_2L.png	unverified
D90-1-02560	ئاي جىجە	headword	205_2L.png	unverified
D90-1-02561	ئاي ئاخىرى	headword	205_2L.png	unverified
D90-1-02562	ئاي تۇتۇلۇش	headword	206_1R.png	unverified
D90-1-02563	ئاي تۇغماق	headword	206_1R.png	unverified
D90-1-02564	ئاي دېسە ئاي ئەمەس، كۈن دېسە كۈن ئەمەس	headword	206_1R.png	unverified
D90-1-02565	ئايدىن ئاي، كۈندىن كۈن	headword	206_1R.png	unverified
D90-1-02566	ئاي قاراڭغۇسى	headword	206_1R.png	unverified
D90-1-02567	ئاي كالېندارى	headword	206_1R.png	unverified
D90-1-02567-v1	دېھقانلار	variant	206_1R.png	unverified
D90-1-02568	ئاي كۆرمەك	headword	206_2L.png	unverified
D90-1-02569	ئاي كۆرۈنمەك	headword	206_2L.png	unverified
D90-1-02570	ئاي گەردىشى	headword	206_2L.png	unverified
D90-1-02571	ئاينىڭ يۈزىدىمۇ داغ بار	headword	206_2L.png	unverified
D90-1-02572	ئاي يۈزلۈك	headword	206_2L.png	unverified
D90-1-02573	ئايا	headword	206_2L.png	verified
D90-1-02573-v1	ھەي	variant	206_2L.png	verified
D90-1-02574	ئاياز	headword	206_2L.png	verified
D90-1-02575	ئاياشماق	headword	206_2L.png	unverified
D90-1-02576	ئاياغ	headword	206_2L.png	unverified
D90-1-02577	ئاياغ ئاستى بولماق	headword	207_1R.png	unverified
D90-1-02578	ئاياغ ئاستى قىلماق	headword	207_1R.png	unverified
D90-1-02579	ئاياغ باسماق	headword	207_1R.png	unverified
D90-1-02580	ئاياغ جازىسى	headword	207_2L.png	unverified
D90-1-02581	ئاياغ چاقى	headword	207_2L.png	unverified
D90-1-02582	ئاياغ سالماق	headword	207_2L.png	unverified
D90-1-02583	ئاياغ سۇ	headword	207_2L.png	unverified
D90-1-02584	ئاياغ كىيىم	headword	207_2L.png	unverified
D90-1-02585	ئايىغى - ئاياغىغا تەگمەي	headword	207_2L.png	unverified
D90-1-02585-v1	پۇتى - پۇتىغا تەگمەي	variant	207_2L.png	unverified
D90-1-02586	ئايىغى چىقماق	headword	207_2L.png	unverified
D90-1-02587	ئايىغى چىقىپ قالماق	headword	208_1R.png	unverified
D90-1-02588	ئايىغىدا ئۆلمەك	headword	208_1R.png	unverified
D90-1-02589	ئايىغىدىن شامال ئۆتۈپ تۇرماق	headword	208_1R.png	unverified
D90-1-02590	ئايىغىغا باش قويماق	headword	208_1R.png	unverified
D90-1-02591	ئايىغىغا باش ئۇرماق	headword	208_1R.png	unverified
D90-1-02592	ئايىغىغا سەجدە قىلماق	headword	208_1R.png	unverified
D90-1-02593	ئايىغىغا يېقىلماق	headword	208_2L.png	unverified
D90-1-02594	ئايىغى قويۇلۇپ قالماق	headword	208_2L.png	unverified
D90-1-02595	ئايىغى قۇرغاق	headword	208_2L.png	unverified
D90-1-02596	ئايىغىنى يىغىشتۇرماق	headword	208_2L.png	unverified
D90-1-02597	ئايىغى ئۈزۈلمەك	headword	208_2L.png	unverified
D90-1-02598	ئايىغى ئېغىر	headword	208_2L.png	unverified
D90-1-02599	ئايىغى ئىتتىك	headword	208_2L.png	unverified
D90-1-02601	ئايىغى يېنىك	headword	209_1R.png	unverified
D90-1-02600	ئايىغى ياراشماق	headword	209_1R.png	unverified
D90-1-02602	ئاياغلاپ	headword	209_1R.png	unverified
D90-1-02603	ئاياغلاشتۇرماق	headword	209_1R.png	unverified
D90-1-02604	ئاياغلاشتۇرۇلماق	headword	209_1R.png	unverified
D90-1-02605	ئاياغلاشماق	headword	209_1R.png	unverified
D90-1-02606	ئاياغلىق	headword	209_1R.png	unverified
D90-1-02607	ئاياق	headword	209_1R.png	unverified
D90-1-02608	ئايال	headword	209_2L.png	unverified
D90-1-02609	ئايالچە	headword	209_2L.png	unverified
D90-1-02614	ئاياللار يۇقىرى ئاۋازى	headword	210_1R.png	unverified
D90-1-02615	ئاياللىق	headword	210_1R.png	unverified
D90-1-02616	ئايالماق	headword	210_1R.png	unverified
D90-1-02617	ئايان	headword	210_1R.png	unverified
D90-1-02618	ئايان بولماق	headword	210_1R.png	unverified
D90-1-02619	ئايان قىلماق	headword	210_2L.png	unverified
D90-1-02620	ئايانچ	headword	210_2L.png	unverified
D90-1-02621	ئايانچلىق	headword	210_2L.png	unverified
D90-1-02622	ئايانماق	headword	210_2L.png	unverified
D90-1-02623	ئايەت	headword	211_1R.png	unverified
D90-1-02624	ئايەتچىلاپ	headword	211_1R.png	unverified
D90-1-02625	ئايەم	headword	211_1R.png	unverified
D90-1-02626	ئايەملىك	headword	211_1R.png	unverified
D90-1-02627	ئايەملىمەك	headword	211_1R.png	unverified
D90-1-02628	ئايپاڭ	headword	211_1R.png	unverified
D90-1-02629	ئايپاڭ باش	headword	211_1R.png	unverified
D90-1-02635	ئايدىڭ باش	headword	211_2L.png	verified
D90-1-02630	ئايپالتا	headword	211_1R.png	unverified
D90-1-02631	ئايدالا	headword	211_1R.png	unverified
D90-1-02632	ئايدا-يىلدا	headword	211_2L.png	unverified
D90-1-02633	ئايدەك	headword	211_2L.png	unverified
D90-1-02634	ئايدىڭ	headword	211_2L.png	unverified
D90-1-09874	ئايدىڭدا قېتىق ئىچىشمىگەن	headword	211_2L.png	verified
D90-1-02636	ئايدىڭلاشتۇرماق	headword	211_2L.png	verified
D90-1-02637	ئايدىڭلاشتۇرۇلماق	headword	212_1R.png	verified
D90-1-02638	ئايدىڭلاشماق	headword	212_1R.png	verified
D90-1-02639	ئايدىڭلىق	headword	212_1R.png	unverified
D90-1-02640	ئايروپىلان	headword	212_1R.png	unverified
D90-1-02642	ئايروپىلانمازلىق	headword	212_1R.png	unverified
D90-1-02643	ئايرودروم	headword	212_1R.png	unverified
D90-1-02644	ئايرودىنامىكا	headword	212_2L.png	unverified
D90-1-02645	ئايرودىنامىكىلىق	headword	212_2L.png	unverified
D90-1-02646	ئايروستات	headword	212_2L.png	verified
D90-1-02646-i1	ئايرۇستاتى	inflected	212_2L.png	verified
D90-1-02647	ئايرىباش	headword	212_2L.png	verified
D90-1-02648	ئايرىباش قىلماق	headword	212_2L.png	unverified
D90-1-02649	ئايرىباشلىماق	headword	212_2L.png	unverified
D90-1-02650	ئايرىتماق	headword	212_2L.png	unverified
D90-1-02651	ئايرىشماق	headword	212_2L.png	unverified
D90-1-02652	ئايرىغۇچى	headword	212_2L.png	unverified
D90-1-02653	ئايرىلغۇسىز	headword	213_1R.png	unverified
D90-1-02654	ئايرىلماس	headword	213_1R.png	unverified
D90-1-02655	ئايرىلماق	headword	213_1R.png	unverified
D90-1-02656	ئايرىلىش	headword	213_1R.png	unverified
D90-1-02657	ئايرىلىشماق	headword	213_1R.png	unverified
D90-1-02658	ئايرىم	headword	213_1R.png	unverified
D90-1-02660	ئايرىم-ئايرىم	headword	213_2L.png	unverified
D90-1-02661	ئايرىما	headword	213_2L.png	unverified
D90-1-02662	ئايرىمچە	headword	213_2L.png	unverified
D90-1-02663	ئايرىملىق	headword	213_2L.png	unverified
D90-1-02664	ئايرىمچى	headword	213_2L.png	unverified
D90-1-02665	ئايرىمچىلىق	headword	213_2L.png	unverified
D90-1-02666	ئايغاق	headword	213_2L.png	unverified
D90-1-02667	ئايغاقچى	headword	213_2L.png	unverified
D90-1-02668	ئايغاقچىلىق	headword	214_1R.png	unverified
D90-1-02669	ئايغاقلىماق	headword	214_1R.png	verified
D90-1-09875	ئايقىن	headword	214_1R.png	verified
D90-1-02670	ئايقىن- سايقىن	headword	214_1R.png	verified
D90-1-02671	ئاي- كۈن	headword	214_1R.png	unverified
D90-1-02672	ئايگۈل	headword	214_1R.png	unverified
D90-1-02673	ئايلا	headword	214_1R.png	unverified
D90-1-02674	ئايلاپ	headword	214_1R.png	unverified
D90-1-02675	ئايلاپ - ئايلاپ	headword	214_2L.png	unverified
D90-1-02676	ئايلاپ- يىللاپ	headword	214_2L.png	unverified
D90-1-02677	ئايلاندۇرغۇزماق	headword	214_2L.png	unverified
D90-1-02678	ئايلاندۇرماق	headword	214_2L.png	unverified
D90-1-02679	ئاينىتماق	headword	217_1R.png	unverified
D90-1-02680	ئاينىتىلماق	headword	217_1R.png	unverified
D90-1-02682	ئاينىشماق	headword	217_1R.png	unverified
D90-1-02683	ئاينىماق	headword	217_1R.png	unverified
D90-1-02685	ئايھاي	headword	217_2L.png	unverified
D90-1-02686	ئايھاي سالماق	headword	217_2L.png	unverified
D90-1-02689	ئايھايلىماق	headword	217_2L.png	unverified
D90-1-02687	ئايھايلاتماق	headword	217_2L.png	unverified
D90-1-02688	ئايھايلاشماق	headword	217_2L.png	unverified
D90-1-02690	ئايۋان	headword	217_2L.png	unverified
D90-1-02692	ئايۋانلىق	headword	218_1R.png	unverified
D90-1-02693	ئايىماق	headword	218_1R.png	unverified
D90-1-02694	ئايىمقىز	headword	218_2L.png	unverified
D90-1-02695	ئە	headword	219_1R.png	unverified
D90-1-02698	ئەبەد	headword	219_1R.png	unverified
D90-1-02699	ئەبەدىلئەبەد	headword	219_1R.png	unverified
D90-1-02700	ئەبەدىي	headword	219_1R.png	unverified
D90-1-02701	ئەبەدىيەت	headword	219_2L.png	unverified
D90-1-02702	ئەبەدىيلەشتۈرمەك	headword	219_2L.png	unverified
D90-1-02703	ئەبەدىيلەشتۈرۈلمەك	headword	219_2L.png	unverified
D90-1-02704	ئەبەدىيلەشمەك	headword	219_2L.png	unverified
D90-1-02705	ئەبەدىيلىك	headword	220_1R.png	unverified
D90-1-02706	ئەبجەت	headword	220_1R.png	unverified
D90-1-02708	ئەبجەش	headword	220_1R.png	unverified
D90-1-02711	ئەبجەق	headword	220_1R.png	unverified
D90-1-02712	ئەبجىقى چىقماق	headword	220_2L.png	unverified
D90-1-02713	ئەبزەل	nonstandard	220_2L.png	unverified
D90-1-03929	ئەۋزەل	headword	318_1R.png	unverified
D90-1-02714	ئەبگا	nonstandard	220_2L.png	unverified
D90-1-02715	ئەبگار	headword	220_2L.png	unverified
D90-1-02716	ئەبگارلاشتۇرماق	headword	220_2L.png	unverified
D90-1-02717	ئەبگارلاشتۇرۇلماق	headword	220_2L.png	unverified
D90-1-02718	ئەبگارلاشماق	headword	220_2L.png	unverified
D90-1-02719	ئەبگارلىق	headword	221_1R.png	unverified
D90-1-02720	ئەبلەخ	headword	221_1R.png	unverified
D90-1-02721	ئەبلەخلىق	headword	221_1R.png	unverified
D90-1-02722	ئەبۈنە	nonstandard	221_1R.png	unverified
D90-1-02723	ئەبىدىل-ئەبەت	nonstandard	221_1R.png	unverified
D90-1-02724	ئەپ	headword	221_1R.png	unverified
D90-1-02728	ئەپەندى	headword	221_2L.png	unverified
D90-1-02730	ئەپەندىچىلىك	headword	221_2L.png	unverified
D90-1-02731	ئەپەندىلىك	headword	221_2L.png	unverified
D90-1-02732	ئەپەندىم	headword	221_2L.png	unverified
D90-1-02733	ئەپپەي	headword	222_1R.png	unverified
D90-1-02734	ئەپت	headword	222_1R.png	unverified
D90-1-02735	ئەپت - بەشىرە	headword	222_1R.png	unverified
D90-1-02737	ئەپچىل	headword	222_1R.png	unverified
D90-1-02738	ئەپچىللەشمەك	headword	222_2L.png	unverified
D90-1-02739	ئەپچىللىك	headword	222_2L.png	unverified
D90-1-02740	ئەپخان	nonstandard	222_2L.png	unverified
D90-1-02764	ئەپغان	headword	224_2L.png	unverified
D90-1-02741	ئەپسانە	headword	222_2L.png	unverified
D90-1-02742	ئەپسانىچى	headword	222_2L.png	unverified
D90-1-02743	ئەپسانىشۇناس	headword	223_1R.png	unverified
D90-1-02744	ئەپسانىشۇناسلىق	headword	223_1R.png	unverified
D90-1-02745	ئەپسانىلاشتۇرماق	headword	223_1R.png	unverified
D90-1-02746	ئەپسانىلاشتۇرۇلماق	headword	223_1R.png	unverified
D90-1-02747	ئەپسانىلاشماق	headword	223_1R.png	unverified
D90-1-02748	ئەپسانىۋى	headword	223_1R.png	unverified
D90-1-02749	ئەپسانىۋىلىق	headword	223_1R.png	unverified
D90-1-02750	ئەپسۇس	headword	223_1R.png	unverified
D90-1-02751	ئەپسۇس قىلماق	headword	223_1R.png	unverified
D90-1-02752	ئەپسۇسكى	headword	223_2L.png	unverified
D90-1-02753	ئەپسۇسلاندۇرماق	headword	223_2L.png	unverified
D90-1-02754	ئەپسۇسلانماق	headword	223_2L.png	unverified
D90-1-02755	ئەپسۇسلۇق	headword	223_2L.png	unverified
D90-1-02756	ئەپسۇسلىنارلىق	headword	223_2L.png	unverified
D90-1-02757	ئەپسۇن	headword	223_2L.png	unverified
D90-1-02758	ئەپسۇن ئوقۇماق	headword	224_1R.png	unverified
D90-1-02759	ئەپسۇنچى	headword	224_1R.png	unverified
D90-1-02760	ئەپسىز	headword	224_1R.png	unverified
D90-1-02761	ئەپسىزلەنمەك	headword	224_1R.png	unverified
D90-1-02762	ئەپسىزلىك	headword	224_1R.png	unverified
D90-1-02763	ئەپشان	headword	224_1R.png	unverified
D90-1-02765	ئەپقاچماق	headword	224_2L.png	unverified
D90-1-02768	ئەپكار	headword	224_2L.png	unverified
D90-1-02769	ئەپكەچ	nonstandard	224_2L.png	unverified
D90-1-02770	ئەپكەش	headword	224_2L.png	unverified
D90-1-02771	ئەپكەشچى	headword	225_1R.png	unverified
D90-1-02772	ئەپكەشچىلىك	headword	225_1R.png	unverified
D90-1-02773	ئەپكەشلىك	headword	225_1R.png	unverified
D90-1-02774	ئەپلاتون	headword	225_1R.png	verified
D90-1-02775	ئەپلاتوننىڭ زەنجىرىنى ئۈزىدىغان	headword	225_1R.png	unverified
D90-1-02776	ئەپلەپ-سەپلەپ	headword	225_1R.png	unverified
D90-1-02777	ئەپلەتمەك	headword	225_1R.png	unverified
D90-1-02778	ئەپلەشتۈرمەك	headword	225_1R.png	unverified
D90-1-02779	ئەپلەشتۈرۈپ قويماق	headword	225_2L.png	unverified
D90-1-02780	ئەپلەشتۈرۈلمەك	headword	225_2L.png	unverified
D90-1-02781	ئەپلەشمەك	headword	225_2L.png	unverified
D90-1-02782	ئەپلىشىپ قالماق	headword	225_2L.png	unverified
D90-1-02783	ئەپلەنمەك	headword	226_1R.png	unverified
D90-1-02784	ئەپلىسۇن	nonstandard	226_1R.png	unverified
D90-1-02785	ئەپلىك	headword	226_1R.png	unverified
D90-1-02786	ئەپلىمەك	headword	226_1R.png	unverified
D90-1-02787	ئەپۇ	headword	226_2L.png	unverified
D90-1-02788	ئەپۇ ئەتمەك	headword	226_2L.png	unverified
D90-1-02790	ئەپۇ قىلماق	headword	226_2L.png	unverified
D90-1-02789	ئەپۇ سورىماق	headword	226_2L.png	unverified
D90-1-02791	ئەپىيەڭگە	headword	226_2L.png	unverified
D90-1-02792	ئەپيۇن	headword	226_2L.png	unverified
D90-1-02794	ئەپيۇنكەش	headword	226_2L.png	unverified
D90-1-02795	ئەپيۇنكەشلىك	headword	227_1R.png	unverified
D90-1-02796	ئەپيۇنگۈل	headword	227_1R.png	unverified
D90-1-02797	ئەت	headword	227_1R.png	unverified
D90-1-02798	ئەت ئالماق	headword	227_2L.png	unverified
D90-1-02799	ئەت توپا	headword	227_2L.png	verified
D90-1-02800	ئەت توپىلىق	headword	227_2L.png	unverified
D90-1-02801	ئەت تۇتداق	headword	227_2L.png	unverified
D90-1-02803	ئەت قونماق	headword	227_2L.png	unverified
D90-1-02802	ئەت رەڭ	headword	227_2L.png	unverified
D90-1-02804	ئەتە	headword	227_2L.png	unverified
D90-1-02806	ئەتىدىن كەچكىچە	headword	228_1R.png	unverified
D90-1-02807	ئەتە-ئاخشام	headword	228_1R.png	unverified
D90-1-02808	ئەتە-ئۆگۈن	headword	228_1R.png	unverified
D90-1-02809	ئەتەي	headword	228_2L.png	unverified
D90-1-02810	ئەتەيلەپ	headword	228_2L.png	unverified
D90-1-02811	ئەتەپىن	headword	228_2L.png	unverified
D90-1-02812	ئەتتار	headword	228_2L.png	unverified
D90-1-02813	ئەتتەڭ	headword	228_2L.png	unverified
D90-1-02814	ئەتتەڭەي	headword	228_2L.png	unverified
D90-1-02815	ئەتتىكەن	headword	228_2L.png	unverified
D90-1-02816	ئەتراپ	headword	228_2L.png	unverified
D90-1-02817	ئەتراپ نېرۋا سىستېمىسى	headword	229_1R.png	unverified
D90-1-02818	ئەتراپلىق	headword	229_1R.png	unverified
D90-1-02819	ئەتراپلىقلىق	headword	229_1R.png	unverified
D90-1-02820	ئەتراپىدا	headword	229_1R.png	unverified
D90-1-02821	ئەترە	nonstandard	229_2L.png	unverified
D90-1-02848	ئەتىر	headword	232_1R.png	unverified
D90-1-02822	ئەترەت	headword	229_2L.png	unverified
D90-1-02823	ئەتسىز	headword	229_2L.png	unverified
D90-1-02824	ئەتكاپ	nonstandard	230_1R.png	unverified
D90-1-02824-c1	ئېتىكاپ	corrected_form	230_1R.png	unverified
D90-1-02825	ئەتكەس	headword	230_1R.png	unverified
D90-1-02826	ئەتكەس قىلماق	headword	230_1R.png	unverified
D90-1-02827	ئەتكەسچى	headword	230_1R.png	unverified
D90-1-02829	ئەتكەسچىلىك	headword	230_1R.png	unverified
D90-1-02830	ئەتكەنچاي	headword	230_1R.png	unverified
D90-1-02831	ئەتكۈزمەك	headword	230_2L.png	unverified
D90-1-02833	ئەتكۈزۈشمەك	headword	230_2L.png	unverified
D90-1-02835	ئەتكۈزۈلمەك	headword	230_2L.png	unverified
D90-1-02837	ئەتلەس	headword	230_2L.png	unverified
D90-1-02838	ئەتلەسچى	headword	230_2L.png	unverified
D90-1-02839	ئەتلەسچىلىك	headword	230_2L.png	unverified
D90-1-02840	ئەتلەنمەك	headword	231_1R.png	unverified
D90-1-02841	ئەتلىك	headword	231_1R.png	unverified
D90-1-02843	ئەتلىمە	headword	231_1R.png	unverified
D90-1-02845	ئەتمەك	headword	231_1R.png	unverified
D90-1-02847	ئەتۋىركە	headword	232_1R.png	unverified
D90-1-02849	ئەتىرسوپۇن	headword	232_1R.png	unverified
D90-1-02850	ئەتىرگۈل	headword	232_1R.png	unverified
D90-1-02851	ئەتىرلىك	headword	232_1R.png	unverified
D90-1-02852	ئەتىكى	headword	232_2L.png	unverified
D90-1-02853	ئەتىگەن	headword	232_2L.png	unverified
D90-1-02854	ئەتىگەنكى	headword	232_2L.png	unverified
D90-1-02855	ئەتىگەنلەپ	headword	232_2L.png	unverified
D90-1-02856	ئەتىگەنلىك	headword	232_2L.png	unverified
D90-1-02857	ئەتىگەنلىككە	headword	232_2L.png	unverified
D90-1-02858	ئەتىلەتىن	headword	232_2L.png	unverified
D90-1-02859	ئەتىلىك	headword	233_1R.png	unverified
D90-1-02860	ئەتىلىككە	headword	233_1R.png	unverified
D90-1-02861	ئەتىمال	nonstandard	233_1R.png	unverified
D90-1-02861-c1	ئېھتىمال	corrected_form	233_1R.png	unverified
D90-1-02862	ئەتىمالىم	nonstandard	233_1R.png	verified
D90-1-02863	ئەتىۋار	headword	233_1R.png	unverified
D90-1-02864	ئەتىۋارسىز	headword	233_1R.png	unverified
D90-1-02865	ئەتىۋارسىزلىق	headword	233_1R.png	unverified
D90-1-02866	ئەتىۋارلاتماق	headword	233_1R.png	unverified
D90-1-02867	ئەتىۋارلاشتۇرماق	headword	233_1R.png	unverified
D90-1-02868	ئەتىۋارلاشتۇرۇلماق	headword	233_2L.png	unverified
D90-1-02869	ئەتىۋارلاشماق	headword	233_2L.png	unverified
D90-1-02870	ئەتىۋارلانماق	headword	233_2L.png	unverified
D90-1-02871	ئەتىۋارلىق	headword	233_2L.png	unverified
D90-1-02872	ئەتىۋارلىماق	headword	233_2L.png	unverified
D90-1-02873	ئەتىياز	headword	234_1R.png	unverified
D90-1-02874	ئەتىيازلىق	headword	234_1R.png	unverified
D90-1-02877	ئەتيان	headword	234_1R.png	unverified
D90-1-02878	ئەجەب	headword	234_1R.png	unverified
D90-1-02879	ئەجەب ئەمەس	headword	234_2L.png	unverified
D90-1-02880	ئەجەب بولماق	headword	234_2L.png	unverified
D90-1-02881	ئەجەب بىر	headword	234_2L.png	unverified
D90-1-02882	ئەجەب قىلماق	headword	234_2L.png	unverified
D90-1-02883	ئەجەب ئىش	headword	235_1R.png	unverified
D90-1-02884	ئەجەبا	headword	235_1R.png	unverified
D90-1-02885	ئەجەبسىنمەك	headword	235_1R.png	unverified
D90-1-02886	ئەجەبكى	headword	235_1R.png	unverified
D90-1-02887	ئەجەبكىم	headword	235_1R.png	unverified
D90-1-02888	ئەجەبلەندۈرمەك	headword	235_1R.png	unverified
D90-1-02889	ئەجەبلەندۈرۈلمەك	headword	235_1R.png	unverified
D90-1-02890	ئەجەبلەنمەك	headword	235_1R.png	unverified
D90-1-02891	ئەجەبلىنەرلىك	headword	235_2L.png	unverified
D90-1-02892	ئەجەبلىنىشمەك	headword	235_2L.png	unverified
D90-1-02893	ئەجەل	headword	235_2L.png	unverified
D90-1-02896	ئەجەلنىڭ ئاغزىدىن قايتماق	headword	236_1R.png	unverified
D90-1-02897	ئەجەل يەتمەك	headword	236_1R.png	unverified
D90-1-02897-v1	ئەجەل كەلمەك	variant	236_1R.png	unverified
D90-1-02898	ئەجىلى پۈتمەك	headword	236_1R.png	unverified
D90-1-02899	ئەجىلى توشماق	headword	236_1R.png	unverified
D90-1-02900	ئەجىلى تولماق	headword	236_1R.png	unverified
D90-1-02901	ئەجىلى مۇئەللەق	headword	236_1R.png	unverified
D90-1-02902	ئەجىلى مۇتلەق	headword	236_1R.png	unverified
D90-1-02903	ئەجەللىك	headword	236_1R.png	unverified
D90-1-02904	ئەجەللىك زەربە	headword	236_2L.png	unverified
D90-1-02905	ئەجەللىك يېرى	headword	236_2L.png	unverified
D90-1-02906	ئەجەللىمەك	headword	236_2L.png	unverified
D90-1-02907	ئەجەم	headword	236_2L.png	unverified
D90-1-02908	ئەجەم مۇقامى	headword	236_2L.png	unverified
D90-1-02909	ئەجەمپىتى	headword	236_2L.png	unverified
D90-1-02910	ئەجداد	headword	236_2L.png	unverified
D90-1-02911	ئەجدەر	headword	237_1R.png	unverified
D90-1-02913	ئەجدىھا	headword	237_1R.png	unverified
D90-1-02912	ئەجدەرھا	headword	237_1R.png	unverified
D90-1-02914	ئەجدىھا دەرىخى	headword	237_1R.png	unverified
D90-1-02915	ئەجدىھا گۈل	headword	237_1R.png	unverified
D90-1-02916	ئەجدىھا ئوتى	headword	237_2L.png	unverified
D90-1-02917	ئەجدىھا يۇلتۇز تۈركۈمى	headword	237_2L.png	unverified
D90-1-02918	ئەجدىھا يىلى	headword	237_2L.png	unverified
D90-1-02919	ئەجدىھار	nonstandard	237_2L.png	unverified
D90-1-02920	ئەجرە	nonstandard	237_2L.png	unverified
D90-1-02924	ئەجىر	headword	238_1R.png	unverified
D90-1-02921	ئەجنەبىي	headword	237_2L.png	unverified
D90-1-02922	ئەجۈچ-مەجۈج	headword	238_1R.png	unverified
D90-1-02922-v1	يەجۇج-مەجۇج	variant	238_1R.png	unverified
D90-1-02923	ئەجىبا	nonstandard	238_1R.png	unverified
D90-1-02928	ئەجىرسىز	headword	238_2L.png	unverified
D90-1-02929	ئەجىرلىك	headword	238_2L.png	unverified
D90-1-02930	ئەجىن	headword	238_2L.png	unverified
D90-1-02931	ئەچۈشتۈرمەك	headword	238_2L.png	unverified
D90-1-02932	ئەچۈشۈلمەك	headword	238_2L.png	unverified
D90-1-02933	ئەچۈشمەك	headword	238_2L.png	unverified
D90-1-02934	ئەخبار	headword	238_2L.png	unverified
D90-1-02935	ئەختەر	headword	239_1R.png	unverified
D90-1-02936	ئەخلاق	headword	239_1R.png	unverified
D90-1-02938	ئەخلاق-پەزىلەت	headword	239_1R.png	unverified
D90-1-02939	ئەخلاقسىز	headword	239_1R.png	unverified
D90-1-02940	ئەخلاقسىزلىق	headword	239_2L.png	unverified
D90-1-02941	ئەخلاقشۇناس	headword	239_2L.png	unverified
D90-1-02942	ئەخلاقشۇناسلىق	headword	239_2L.png	unverified
D90-1-02943	ئەخلاقلىق	headword	239_2L.png	unverified
D90-1-02944	ئەخلاقىي	headword	239_2L.png	unverified
D90-1-02946	ئەخلاقىي پەزىلەت	headword	240_1R.png	unverified
D90-1-02947	ئەخلاقىي تەربىيە	headword	240_1R.png	unverified
D90-1-02948	ئەخلەت	headword	240_1R.png	unverified
D90-1-02951	ئەخلەت-چاۋار	headword	240_1R.png	unverified
D90-1-02952	ئەخلەتخانا	headword	240_1R.png	verified
D90-1-02954	ئەخمەق ئەتمەك	headword	240_2L.png	unverified
D90-1-02956	ئەخمەق قىلماق	headword	240_2L.png	unverified
D90-1-02955	ئەخمەق بولماق	headword	240_2L.png	unverified
D90-1-02957	ئەخمەقلەرچە	headword	240_2L.png	unverified
D90-1-02958	ئەخمەقلەشتۈرمەك	headword	240_2L.png	unverified
D90-1-02959	ئەخمەقلەشمەك	headword	240_2L.png	unverified
D90-1-02960	ئەخمەقلىك	headword	240_2L.png	unverified
D90-1-02961	ئەخمەقلىك قىلماق	headword	241_1R.png	unverified
D90-1-02962	ئەخمىقانە	headword	241_1R.png	unverified
D90-1-02963	ئەخمىقانىلىك	headword	241_1R.png	unverified
D90-1-02964	ئەدەب	headword	241_1R.png	unverified
D90-1-02965	ئەدەب ساقلىماق	headword	241_1R.png	unverified
D90-1-02966	ئەدىبىنى بەرمەك	headword	241_1R.png	unverified
D90-1-02967	ئەدەب - ئەخلاق	headword	241_2L.png	unverified
D90-1-02968	ئەدەب-ئەخلاقلىق	headword	241_2L.png	unverified
D90-1-02969	ئەدەبسىز	headword	241_2L.png	unverified
D90-1-02970	ئەدەبسىزلەشمەك	headword	241_2L.png	unverified
D90-1-02971	ئەدەبسىزلىك	headword	241_2L.png	unverified
D90-1-02972	ئەدەب-قائىدە	headword	242_1R.png	unverified
D90-1-02973	ئەدەبلەتمەك	headword	242_1R.png	unverified
D90-1-02974	ئەدەبلەنمەك	headword	242_1R.png	unverified
D90-1-02975	ئەدەبلىك	headword	242_1R.png	unverified
D90-1-02976	ئەدەبلىمەك	headword	242_1R.png	unverified
D90-1-02977	ئەدەب-ھۈرمەت	headword	242_1R.png	unverified
D90-1-02978	ئەدەب-ئىكرام	headword	242_1R.png	unverified
D90-1-02979	ئەدەبىي	headword	242_2L.png	unverified
D90-1-02980	ئەدەبىي ئاخبارات	headword	242_2L.png	unverified
D90-1-02981	ئەدەبىي ئەسەر	headword	242_2L.png	unverified
D90-1-02982	ئەدەبىي ئەنئەنە	headword	242_2L.png	unverified
D90-1-02983	ئەدەبىي تەرمىلەر	headword	242_2L.png	unverified
D90-1-02984	ئەدەبىي تەلەپپۇز	headword	243_1R.png	unverified
D90-1-02985	ئەدەبىي تەنقىد	headword	243_1R.png	unverified
D90-1-02986	ئەدەبىي تىل	headword	243_1R.png	unverified
D90-1-02987	ئەدەبىي سەنئەت	headword	243_1R.png	unverified
D90-1-02988	ئەدەبىي لەقەم	headword	243_1R.png	unverified
D90-1-02988-v1	تەخەللۇس	variant	243_1R.png	unverified
D90-1-02989	ئەدەبىي مىراس	headword	243_1R.png	unverified
D90-1-02990	ئەدەبىي ئوبزور	headword	243_2L.png	unverified
D90-1-02991	ئەدەبىي ئۇسلۇب	headword	243_2L.png	unverified
D90-1-02992	ئەدەبىي ئېقىم	headword	243_2L.png	unverified
D90-1-02993	ئەدەبىي ئىجادىيەت	headword	243_2L.png	unverified
D90-1-02994	ئەدەبىي ئىستىن	headword	243_2L.png	unverified
D90-1-02995	ئەدەبىيات	headword	243_2L.png	unverified
D90-1-02996	ئەدەبىيات تارىخى	headword	244_1R.png	unverified
D90-1-02997	ئەدەبىيات مۇنبىرى	headword	244_1R.png	unverified
D90-1-02998	ئەدەبىيات نەزەرىيىسى	headword	244_1R.png	unverified
D90-1-02999	ئەدەبىيات ئىنقىلابى	headword	244_1R.png	unverified
D90-1-03000	ئەدەبىياتچى	headword	244_1R.png	unverified
D90-1-03001	ئەدەبىياتچىلىق	headword	244_1R.png	unverified
D90-1-03002	ئەدەبىيات-سەنئەت	headword	244_2L.png	unverified
D90-1-03003	ئەدەبىيات-سەنئەت پىكىر ئېقىمى	headword	244_2L.png	unverified
D90-1-03004	ئەدەبىيات-سەنئەت نەزەرىيىسى	headword	244_2L.png	unverified
D90-1-03005	ئەدەبىيات-سەنئەتنىڭ گۈللىنىشى	headword	244_2L.png	unverified
D90-1-03006	ئەدەبىيات-سەنئەت ئىلمى	headword	244_2L.png	unverified
D90-1-03007	ئەدەبىياتشۇناس	headword	244_2L.png	unverified
D90-1-03009	ئەدەبىياتشۇناسلىق	headword	245_1R.png	unverified
D90-1-03010	ئەدەبىيلىك	headword	245_1R.png	unverified
D90-1-03011	ئەدەتمەك	headword	245_1R.png	unverified
D90-1-03012	ئەدەس	headword	245_1R.png	unverified
D90-1-03013	ئەدەشمەك	headword	245_1R.png	unverified
D90-1-03014	ئەدرەك	headword	245_1R.png	unverified
D90-1-03015	ئەدگو	headword	245_2L.png	unverified
D90-1-03016	ئەدلى-ئادالەت	headword	245_2L.png	unverified
D90-1-03017	ئەدلىيە	headword	245_2L.png	unverified
D90-1-03019	ئەدنا	headword	245_2L.png	unverified
D90-1-03020	ئەدىب	headword	246_1R.png	unverified
D90-1-03021	ئەدىبلىك	headword	246_1R.png	unverified
D90-1-03022	ئەدىرەك	nonstandard	246_1R.png	unverified
D90-1-03023	ئەدىمەك	headword	246_1R.png	unverified
D90-1-03024	ئەدەب قالماق	headword	246_1R.png	unverified
D90-1-03025	ئەدەب كەتمەك	headword	246_1R.png	unverified
D90-1-03026	ئەدىيال	headword	246_2L.png	unverified
D90-1-03027	ئەر	headword	246_2L.png	unverified
D90-1-03028	ئەر خەق	headword	246_2L.png	unverified
D90-1-03029	ئەرگە بەرمەك	headword	247_1R.png	unverified
D90-1-03030	ئەرگە تەگمەك	headword	247_1R.png	unverified
D90-1-03031	ئەرگە چىقماق	headword	247_1R.png	unverified
D90-1-03032	ئەر يەتمەك	headword	247_1R.png	unverified
D90-1-04910	بالاغەتكە يەتمەك	headword	396_2L.png	unverified
D90-1-03033	ئەر-ئايال	headword	247_1R.png	unverified
D90-1-03034	ئەر-ئاياللىق	headword	247_1R.png	unverified
D90-1-03035	ئەرەب	headword	247_1R.png	unverified
D90-1-03036	ئەرەب تىلى	headword	247_2L.png	unverified
D90-1-03037	ئەرەب رەقەملىرى	headword	247_2L.png	unverified
D90-1-03038	ئەرەب كېۋىزى	headword	247_2L.png	unverified
D90-1-03039	ئەرەب ئېتى	headword	247_2L.png	unverified
D90-1-03040	ئەرەب يېزىقى	headword	248_1R.png	unverified
D90-1-03041	ئەرەب يېلىمى دەرىغى	headword	248_1R.png	unverified
D90-1-03042	ئەرەبچە	headword	248_1R.png	unverified
D90-1-03043	ئەرەبشۇناس	headword	248_2L.png	unverified
D90-1-03044	ئەرەبشۇناسلىق	headword	248_2L.png	unverified
D90-1-03045	ئەرەبىي	headword	248_2L.png	unverified
D90-1-03046	ئەرەپات	headword	248_2L.png	unverified
D90-1-03047	ئەرەپات ئاي	headword	248_2L.png	unverified
D90-1-03047-v1	زۇلھەججە	variant	248_2L.png	unverified
D90-1-03048	ئەرەختەن - پەرەختەن	headword	248_2L.png	unverified
D90-1-03049	ئەرەلىك - سېرىلىك	headword	248_2L.png	unverified
D90-1-03050	ئەرەن	headword	248_2L.png	unverified
D90-1-03051	ئەرەنچە	headword	249_1R.png	unverified
D90-1-03052	ئەرەنلىك	headword	249_1R.png	unverified
D90-1-03053	ئەرباب	headword	249_1R.png	unverified
D90-1-03054	ئەربابلىق	headword	249_1R.png	unverified
D90-1-03055	ئەرفە	nonstandard	249_1R.png	unverified
D90-1-03055-c1	ھارپا	corrected_form	249_1R.png	unverified
D90-1-03056	ئەرتىس	nonstandard	249_1R.png	unverified
D90-1-03057	ئەرتىسلىك	nonstandard	249_1R.png	unverified
D90-1-03058	ئەرتەك	headword	249_1R.png	unverified
D90-1-03059	ئەر جىم	headword	249_1R.png	unverified
D90-1-03060	ئەر جىم قىلماق	headword	249_1R.png	unverified
D90-1-03061	ئەرچە	headword	249_1R.png	unverified
D90-1-03062	ئەرچىلىك	headword	249_2L.png	unverified
D90-1-03063	ئەر-خوتۇن	headword	249_2L.png	unverified
D90-1-03064	ئەر-خوتۇنچىلىق	headword	249_2L.png	unverified
D90-1-03065	ئەر-خوتۇنلۇق	headword	249_2L.png	unverified
D90-1-03067	ئەردەم	headword	249_2L.png	unverified
D90-1-03068	ئەرز	headword	250_1R.png	unverified
D90-1-03069	ئەرز بەرمەك	headword	250_1R.png	unverified
D90-1-03071	ئەرز قىلماق	headword	250_1R.png	unverified
D90-1-03070	ئەرز قىلغۇچى	headword	250_1R.png	unverified
D90-1-03072	ئەرزان	headword	250_1R.png	unverified
D90-1-03073	ئەرزان توختىماق	headword	250_1R.png	unverified
D90-1-03074	ئەرزان چۈشمەك	headword	250_1R.png	unverified
D90-1-03075	ئەرزانچى	headword	250_2L.png	unverified
D90-1-03076	ئەرزانچىلىق	headword	250_2L.png	unverified
D90-1-03077	ئەرزانلاتماق	headword	250_2L.png	verified
D90-1-03078	ئەرزانلاشتۇرماق	headword	250_2L.png	verified
D90-1-03079	ئەرزانلاشتۇرۇلماق	headword	250_2L.png	verified
D90-1-03080	ئەرزانلاشماق	headword	250_2L.png	verified
D90-1-03081	ئەرزانلىتىلماق	headword	250_2L.png	verified
D90-1-03082	ئەرزانلىماق	headword	250_2L.png	verified
D90-1-03083	ئەرز-داد	headword	250_2L.png	verified
D90-1-03083-i1	ئەرز-دادى	inflected	250_2L.png	verified
D90-1-03084	ئەرز-شىكايەت	headword	251_1R.png	unverified
D90-1-03085	ئەرز-ھال	headword	251_1R.png	unverified
D90-1-03086	ئەرزىمەس	headword	251_1R.png	unverified
D90-1-03087	ئەرزىمەك	headword	251_1R.png	unverified
D90-1-03088	ئەرزىيەت	headword	251_1R.png	unverified
D90-1-03089	ئەرسات	headword	251_1R.png	unverified
D90-1-03090	ئەرسەك	headword	251_2L.png	unverified
D90-1-03091	ئەرسىرەشمەك	headword	251_2L.png	unverified
D90-1-03092	ئەرسىرىمەك	headword	251_2L.png	unverified
D90-1-03093	ئەرش	headword	251_2L.png	unverified
D90-1-03094	ئەرشىئەلا	headword	251_2L.png	unverified
D90-1-03096	ئەرك	headword	251_2L.png	unverified
D90-1-03097	ئەركان	headword	252_1R.png	unverified
D90-1-03098	ئەركە	headword	252_1R.png	unverified
D90-1-03099	ئەركە-تاپتاڭ	headword	252_1R.png	unverified
D90-1-03099-v1	ئەركە-نايناق	variant	252_1R.png	unverified
D90-1-03100	ئەركە-تايتاڭلىق	headword	252_1R.png	unverified
D90-1-03100-v1	ئەركە-نايناقلىق	variant	252_1R.png	unverified
D90-1-03101	ئەركەچ	headword	252_2L.png	unverified
D90-1-03102	ئەركەك	headword	252_2L.png	unverified
D90-1-03103	ئەركەك-چىشى	headword	252_2L.png	unverified
D90-1-03104	ئەركەك چىۋىن قونمىغان	headword	252_2L.png	unverified
D90-1-03105	ئەركەك چىۋىن كۆرمىگەن	headword	252_2L.png	unverified
D90-1-03106	ئەركەك كەندىر	headword	253_1R.png	unverified
D90-1-03107	ئەركەك مال	headword	253_1R.png	unverified
D90-1-03108	ئەركەكچە	headword	253_1R.png	unverified
D90-1-03109	ئەركەكچىلىك	headword	253_1R.png	unverified
D90-1-03112	ئەركەكلىك	headword	253_1R.png	unverified
D90-1-03110	ئەركەكزەدەك	headword	253_1R.png	unverified
D90-1-03111	ئەركەكلەرچە	headword	253_1R.png	unverified
D90-1-03113	ئەركە - نايناق	headword	253_1R.png	unverified
D90-1-03114	ئەركە - نايناقلىق	headword	253_1R.png	unverified
D90-1-03115	ئەركسىز	headword	253_2L.png	unverified
D90-1-03116	ئەركسىزلىك	headword	253_2L.png	unverified
D90-1-03117	ئەركىلەتمەك	headword	253_2L.png	unverified
D90-1-03118	ئەركىلەشمەك	headword	253_2L.png	unverified
D90-1-03119	ئەركىلەنمەك	headword	253_2L.png	unverified
D90-1-03120	ئەركىلىك	headword	253_2L.png	unverified
D90-1-03121	ئەركىلىمەك	headword	253_2L.png	unverified
D90-1-03122	ئەركىن	headword	254_1R.png	unverified
D90-1-03125	ئەركىن باھا	headword	254_2L.png	unverified
D90-1-03126	ئەركىن بۇرژۇئازىيە	headword	254_2L.png	unverified
D90-1-03127	ئەركىن چېلىشىش	headword	254_2L.png	unverified
D90-1-03128	ئەركىن رىقابەت	headword	254_2L.png	unverified
D90-1-03129	ئەركىن سودا	headword	255_1R.png	unverified
D90-1-03130	ئەركىن سۇ	headword	255_1R.png	unverified
D90-1-03131	ئەركىن شېئىر	headword	255_1R.png	unverified
D90-1-03132	ئەركىن قاپىيە	headword	255_1R.png	unverified
D90-1-03133	ئەركىن گىمناستىكا	headword	255_1R.png	unverified
D90-1-03134	ئەركىن ئۆزگەرگۈچى سان	headword	255_2L.png	verified
D90-1-03135	ئەركىن ئۈزۈش	headword	255_2L.png	unverified
D90-1-03136	ئەركىن ئېلېكترون	headword	255_2L.png	unverified
D90-1-03137	ئەركىن - ئازادە	headword	255_2L.png	unverified
D90-1-03138	ئەركىنلەشتۈرمەك	headword	255_2L.png	unverified
D90-1-03139	ئەركىنلەشتۈرۈلمەك	headword	255_2L.png	unverified
D90-1-03140	ئەركىنلەشمەك	headword	255_2L.png	unverified
D90-1-03141	ئەركىنلىك	headword	256_1R.png	unverified
D90-1-03142	ئەرگۇل	headword	256_1R.png	unverified
D90-1-03143	ئەرلىك	headword	256_1R.png	unverified
D90-1-03145	ئەرمەك	headword	256_2L.png	unverified
D90-1-03149	ئەرمەن	headword	256_2L.png	unverified
D90-1-03150	ئەرمەنلەر	headword	256_2L.png	unverified
D90-1-03151	ئەرمۇ	headword	257_1R.png	unverified
D90-1-03152	ئەرۋاھ	headword	257_1R.png	unverified
D90-1-03153	ئەرۋاھى قىرىق گەز ئۆرلەمەك	headword	257_1R.png	unverified
D90-1-03154	ئەرۋاھى قىرىق گەز ئۇچماق	headword	257_1R.png	unverified
D90-1-03155	ئەرۋاھى ئۇچماق	headword	257_2L.png	unverified
D90-1-03156	ئەرۋاھى ئۈركىمەك	headword	257_2L.png	unverified
D90-1-03157	ئەرۋاھى يۈز گەز ئۆرلىمەك	headword	257_2L.png	unverified
D90-1-03157-v1	ئەرۋاھى قىرىق گەز ئۆرلىمەك	variant	257_2L.png	unverified
D90-1-03158	ئەرىن	headword	257_2L.png	unverified
D90-1-03159	ئەزا	headword	257_2L.png	unverified
D90-1-03161	ئەزا يۆتكەش	headword	258_1R.png	unverified
D90-1-03162	ئەزالىق	headword	258_1R.png	unverified
D90-1-03163	ئەزالىق بەدىلى	headword	258_1R.png	unverified
D90-1-03164	ئەزان	headword	258_2L.png	unverified
D90-1-03167	ئەزەل	headword	258_2L.png	unverified
D90-1-03168	ئەزەلدە	headword	258_2L.png	unverified
D90-1-03169	ئەزەلدىن	headword	258_2L.png	unverified
D90-1-03170	ئەزەلىي	headword	259_1R.png	unverified
D90-1-03171	ئەزەلىيەت	headword	259_1R.png	unverified
D90-1-03172	ئەزەلىيچىلىك	headword	259_1R.png	unverified
D90-1-03173	ئەزەلىيلىك	headword	259_1R.png	unverified
D90-1-03174	ئەزەم	headword	259_1R.png	unverified
D90-1-03175	ئەزەن	nonstandard	259_1R.png	unverified
D90-1-03176	ئەزبىرايى	headword	259_1R.png	unverified
D90-1-03178	ئەزدۈرمەك	headword	259_2L.png	unverified
D90-1-03179	ئەزرائىل	headword	259_2L.png	unverified
D90-1-03180	ئەززەم	nonstandard	259_2L.png	unverified
D90-1-03181	ئەزگۈ	headword	259_2L.png	unverified
D90-1-03182	ئەزگۈچى	headword	259_2L.png	unverified
D90-1-03184	ئەزمە	headword	259_2L.png	unverified
D90-1-03185	ئەزمىسىنى ئەزمەك	headword	260_1R.png	unverified
D90-1-03186	ئەزمەك	headword	260_1R.png	unverified
D90-1-03187	ئېزىپ ئىچىۋالماق	headword	260_2L.png	unverified
D90-1-03188	ئەزمىدە	headword	261_1R.png	unverified
D90-1-03189	ئەزمىدە بولماق	headword	261_1R.png	unverified
D90-1-03190	ئەزمىلەشمەك	headword	261_1R.png	unverified
D90-1-03191	ئەزمىلىك	headword	261_1R.png	unverified
D90-1-03192	ئەزمىلىك قىلماق	headword	261_1R.png	unverified
D90-1-03193	ئەزۋەيلەتمەك	headword	261_1R.png	unverified
D90-1-03194	ئەزۋەپلەشمەك	headword	261_1R.png	unverified
D90-1-03195	ئەزۋەيلىمەك	headword	261_1R.png	unverified
D90-1-03196	ئەزىز	headword	261_2L.png	unverified
D90-1-03199	ئەزىزانە	headword	261_2L.png	unverified
D90-1-03200	ئەزىزلەشمەك	headword	262_1R.png	unverified
D90-1-03201	ئەزىزلەنمەك	headword	262_1R.png	unverified
D90-1-03202	ئەزىزلىمەك	headword	262_1R.png	unverified
D90-1-03203	ئەزىم	headword	262_1R.png	unverified
D90-1-03204	ئەزىمەت	headword	262_1R.png	unverified
D90-1-03206	ئەزىمەتلىك	headword	262_2L.png	unverified
D90-1-03207	ئەزىيەت	headword	262_2L.png	unverified
D90-1-03208	ئەزىيەت تارتماق	headword	262_2L.png	unverified
D90-1-03209	ئەزىيەت چەكمەك	headword	262_2L.png	unverified
D90-1-03210	ئەزىيەتلىك	headword	263_1R.png	unverified
D90-1-03211	ئەس	headword	263_1R.png	unverified
D90-1-03212	ئەس ئالدۇرماق	headword	263_1R.png	unverified
D90-1-03213	ئەس تاپماق	headword	263_1R.png	unverified
D90-1-03214	ئەستە تۇتماق	headword	263_2L.png	unverified
D90-1-03215	ئەستە ساقلىماق	headword	263_2L.png	unverified
D90-1-03216	ئەستە قالدۇرماق	headword	263_2L.png	unverified
D90-1-03217	ئەستە قالماق	headword	263_2L.png	unverified
D90-1-03218	ئەستىن چىقارماق	headword	263_2L.png	unverified
D90-1-03219	ئەستىن كۆتۈرۈلمەك	headword	263_2L.png	unverified
D90-1-03220	ئەسكە ئالماق	headword	263_2L.png	unverified
D90-1-03221	ئەسكە سالماق	headword	263_2L.png	unverified
D90-1-03222	ئېسى ئاغماق	headword	264_1R.png	unverified
D90-1-03223	ئېسىگە چۈشمەك	headword	264_1R.png	unverified
D90-1-03223-v1	ئېسگە كەلمەك	variant	264_1R.png	unverified
D90-1-03224	ئېسىگە كەلمەك	headword	264_1R.png	unverified
D90-1-03225	ئېسىم قۇرۇسۇن	headword	264_1R.png	unverified
D90-1-03226	ئېسىنى بىلمەك	headword	264_1R.png	unverified
D90-1-03227	ئەسەب	headword	264_2L.png	unverified
D90-1-03228	ئەسەبىي	headword	264_2L.png	unverified
D90-1-03229	ئەسەبىيلەرچە	headword	264_2L.png	unverified
D90-1-03230	ئەسەبىيلەشتۈرمەك	headword	265_1R.png	unverified
D90-1-03231	ئەسەبىيلەشتۈرۈلمەك	headword	265_1R.png	unverified
D90-1-03232	ئەسەبىيلەشمەك	headword	265_1R.png	unverified
D90-1-03233	ئەسەبىيلەنمەك	headword	265_1R.png	unverified
D90-1-03234	ئەسەبىيلىك	headword	265_1R.png	unverified
D90-1-03235	ئەسەد	headword	265_1R.png	unverified
D90-1-03237	ئەسەر	headword	265_2L.png	unverified
D90-1-03241	ئەستا	headword	266_1R.png	unverified
D90-1-03242	ئەستاغپۇرۇللا	headword	266_1R.png	unverified
D90-1-03243	ئەستايىدىل	headword	266_1R.png	verified
D90-1-03244	ئەستايىدىللىق	headword	266_2L.png	unverified
D90-1-03245	ئەستەر	headword	266_2L.png	unverified
D90-1-03246	ئەستەرلەتمەك	headword	266_2L.png	unverified
D90-1-03247	ئەستەرلەشمەك	headword	266_2L.png	unverified
D90-1-03248	ئەستەرلەنمەك	headword	266_2L.png	unverified
D90-1-03249	ئەستەرلىك	headword	266_2L.png	unverified
D90-1-03250	ئەستەرلىمەك	headword	267_1R.png	unverified
D90-1-03251	ئەستىلىك	headword	267_1R.png	unverified
D90-1-03252	ئەسرا	headword	267_1R.png	unverified
D90-1-03254	ئەسرار	headword	267_1R.png	unverified
D90-1-03255	ئەسسالامۇئەلەيكۇم	headword	267_2L.png	unverified
D90-1-03256	ئەسقاتماق	headword	267_2L.png	unverified
D90-1-03257	ئەسقېتىشماق	headword	267_2L.png	unverified
D90-1-03258	ئەسكەر	headword	267_2L.png	unverified
D90-1-03259	ئەسكەر ئالماق	headword	268_1R.png	unverified
D90-1-03260	ئەسكەر بولماق	headword	268_1R.png	unverified
D90-1-03261	ئەسكەرتكۈزمەك	headword	268_1R.png	unverified
D90-1-03262	ئەسكەرتمە	headword	268_1R.png	unverified
D90-1-03263	ئەسكەرتمەك	headword	268_1R.png	verified
D90-1-03265	ئەسكەرتىشمەك	headword	268_2L.png	verified
D90-1-03266	ئەسكەر تىلمەك	headword	268_2L.png	verified
D90-1-03267	ئەسكەرچە	headword	268_2L.png	unverified
D90-1-03268	ئەسكەرچىلىك	headword	268_2L.png	unverified
D90-1-03269	ئەسكەرخانا	headword	268_2L.png	unverified
D90-1-03270	ئەسكەرلىك	headword	268_2L.png	unverified
D90-1-03271	ئەسكەرمەك	headword	268_2L.png	unverified
D90-1-03272	ئەسكى	headword	268_2L.png	unverified
D90-1-03273	ئەسكى چاپاننىڭ ئىچىگە كىرىۋالماق	headword	269_1R.png	unverified
D90-1-03274	ئەسكىپۇرۇش	headword	269_1R.png	unverified
D90-1-03275	ئەسكىپۇرۇشلۇق	headword	269_1R.png	unverified
D90-1-03276	ئەسكى-تۈسكى	headword	269_1R.png	unverified
D90-1-03277	ئەسكىرەتمەك	headword	269_1R.png	unverified
D90-1-03278	ئەسكىرىمەك	headword	269_2L.png	unverified
D90-1-03279	ئەسكىرىي	headword	269_2L.png	unverified
D90-1-03282	ئەسكىلەشتۈرمەك	headword	269_2L.png	unverified
D90-1-03283	ئەسكىلەشمەك	headword	269_2L.png	unverified
D90-1-03284	ئەسكىلىك	headword	270_1R.png	unverified
D90-1-03285	ئەسكىلىك قىلماق	headword	270_1R.png	unverified
D90-1-03286	ئەسل	headword	270_1R.png	unverified
D90-1-03287	ئەسلىگە كەلمەك	headword	270_1R.png	unverified
D90-1-03288	ئەسلىنى ئۇنتۇماسلىق	headword	270_2L.png	unverified
D90-1-03289	ئەسلا	headword	270_2L.png	unverified
D90-1-03290	ئەسلەتمە	headword	270_2L.png	unverified
D90-1-03291	ئەسلەتمەك	headword	270_2L.png	unverified
D90-1-03292	ئەسلەشمەك	headword	271_1R.png	unverified
D90-1-03293	ئەسلەنمەك	headword	271_1R.png	unverified
D90-1-03294	ئەسل-نەسىل	headword	271_1R.png	unverified
D90-1-03295	ئەسل-ۋەسىل	headword	271_1R.png	unverified
D90-1-03296	ئەسلى	headword	271_1R.png	unverified
D90-1-03297	ئەسلىدە	headword	271_1R.png	unverified
D90-1-03298	ئەسلىك	headword	271_1R.png	unverified
D90-1-03299	ئەسلىمە	headword	271_2L.png	unverified
D90-1-03301	ئەسلىمەك	headword	271_2L.png	unverified
D90-1-03302	ئەسلىھە	headword	271_2L.png	unverified
D90-1-03303	ئەسلىي	headword	271_2L.png	unverified
D90-1-03305	ئەسلىي سوت	headword	272_1R.png	unverified
D90-1-03306	ئەسلىي سۈپەت	headword	272_1R.png	unverified
D90-1-03307	ئەسمەك	headword	272_1R.png	unverified
D90-1-03309	ئەسنا	headword	272_1R.png	unverified
D90-1-03310	ئەسنىتمەك	headword	272_1R.png	unverified
D90-1-03311	ئەسنەشمەك	headword	272_2L.png	unverified
D90-1-03312	ئەسنەك	headword	272_2L.png	unverified
D90-1-03313	ئەسنەك باسماق	headword	272_2L.png	unverified
D90-1-03314	ئەسنەك تۇتماق	headword	272_2L.png	unverified
D90-1-03315	ئەسنىمەك	headword	272_2L.png	unverified
D90-1-03316	ئەس-ھوش	headword	273_1R.png	unverified
D90-1-03317	ئەس-ھوشى جايىدا	headword	273_1R.png	unverified
D90-1-03318	ئەس-ھوشى جايىغا كەلمەك	headword	273_1R.png	unverified
D90-1-03319	ئەس-ھوشىدىن كەتمەك	headword	273_1R.png	unverified
D90-1-03320	ئەس-ھوشىنى بىلىپ يۈرمەك	headword	273_1R.png	unverified
D90-1-03321	ئەس-ھوشىنى تاپماق	headword	273_1R.png	unverified
D90-1-03322	ئەس-ھوشىنى يوقاتماق	headword	273_1R.png	unverified
D90-1-03323	ئەس - ھوشىنى يوقاتماق	headword	273_2L.png	unverified
D90-1-03324	ئەس - ھوشىنى يىغماق	headword	273_2L.png	unverified
D90-1-03324-v1	ئەس - ھوشىنى تاپماق	variant	273_2L.png	unverified
D90-1-03325	ئەس-ھوشى يوق	headword	273_2L.png	unverified
D90-1-03326	ئەس-ھوشسىز	headword	273_2L.png	unverified
D90-1-03327	ئەس - ھوشلۇق	headword	273_2L.png	unverified
D90-1-03328	ئەسۋاب	headword	273_2L.png	unverified
D90-1-03329	ئەسۋاب-جابدۇق	headword	274_1R.png	unverified
D90-1-03330	ئەسۋابسىز	headword	274_1R.png	unverified
D90-1-03332	ئەسۋابلىق	headword	274_1R.png	unverified
D90-1-03334	ئەسۋە	headword	274_1R.png	unverified
D90-1-03334-v1	ئەلغا	variant	274_1R.png	unverified
D90-1-03335	ئەسىر	headword	274_1R.png	unverified
D90-1-03339	ئەسىرگە چۈشمەك	headword	275_1R.png	unverified
D90-1-03340	ئەسىر قىلماق	headword	275_1R.png	unverified
D90-1-03342	ئەسىرلىك	headword	275_1R.png	unverified
D90-1-03344	ئەسىرلەپ	headword	275_1R.png	unverified
D90-1-03345	ئەس-ياد	headword	275_2L.png	unverified
D90-1-03346	ئەش	headword	275_2L.png	unverified
D90-1-03347	ئەشئار	headword	275_2L.png	unverified
D90-1-03348	ئەشەددىي	headword	275_2L.png	unverified
D90-1-03349	ئەشەددىيلەشتۈرمەك	headword	275_2L.png	unverified
D90-1-03350	ئەشەددىيلەشتۈرۈلمەك	headword	275_2L.png	unverified
D90-1-03351	ئەشەددىيلەشمەك	headword	275_2L.png	unverified
D90-1-03352	ئەشەددىيلىك	headword	276_1R.png	unverified
D90-1-03353	ئەشتۈرمەك	headword	276_1R.png	unverified
D90-1-03354	ئەشتۈرۈلمەك	headword	276_1R.png	unverified
D90-1-03355	ئەشرەپ	headword	276_1R.png	unverified
D90-1-03356	ئەششاپتۇل	headword	276_1R.png	unverified
D90-1-03357	ئەشمە	headword	276_1R.png	unverified
D90-1-03359	ئەشمەك	headword	276_1R.png	unverified
D90-1-03360	ئەشمىقۇم	headword	276_2L.png	unverified
D90-1-03362	ئەشۇ	nonstandard	276_2L.png	unverified
D90-1-03363	ئەشۇنداق	nonstandard	276_2L.png	unverified
D90-1-03364	ئەشيا	headword	276_2L.png	unverified
D90-1-03365	ئەشيان	nonstandard	276_2L.png	unverified
D90-1-03365-c1	ئاشيان	corrected_form	276_2L.png	unverified
D90-1-03366	ئەغيار	headword	276_2L.png	unverified
D90-1-03367	ئەقەللىي	headword	276_2L.png	unverified
D90-1-03368	ئەقەللىيىسى	headword	277_1R.png	unverified
D90-1-03369	ئەقدە	headword	277_1R.png	unverified
D90-1-03370	ئەقدە قىلماق	headword	277_1R.png	unverified
D90-1-03371	ئەقرەب	headword	277_1R.png	unverified
D90-1-03374	ئەقرىبا	headword	277_2L.png	unverified
D90-1-03375	ئەقلىي	headword	277_2L.png	unverified
D90-1-03381	ئەقلىي قابىلىيەت	headword	278_1R.png	unverified
D90-1-03382	ئەقلىي ھېسسىيات	headword	278_1R.png	unverified
D90-1-03383	ئەقلىيە	headword	278_1R.png	unverified
D90-1-03384	ئەقلىيە سۆز	headword	278_1R.png	unverified
D90-1-03385	ئەقلىيلىك	headword	278_1R.png	unverified
D90-1-03386	ئەقىدە	headword	278_1R.png	unverified
D90-1-03387	ئەقىدە قىلماق	headword	278_2L.png	unverified
D90-1-03387-v1	ئەقىدە باغلىماق	variant	278_2L.png	unverified
D90-1-03388	ئەقىدىسىنى ئۈزمەك	headword	278_2L.png	unverified
D90-1-03389	ئەقىدىسىنى يەردە قويماسلىق	headword	278_2L.png	unverified
D90-1-03390	ئەقىدىنى ئاقلىماق	headword	278_2L.png	unverified
D90-1-03391	ئەقىدىچىلىك	headword	278_2L.png	unverified
D90-1-03392	ئەقىدىلىك	headword	279_1R.png	unverified
D90-1-03393	ئەقىل	headword	279_1R.png	unverified
D90-1-03396	ئەقلى جايىدا	headword	279_2L.png	unverified
D90-1-03397	ئەقلى چولتا	headword	279_2L.png	unverified
D90-1-03401	ئەقلى قىسقا	headword	279_2L.png	unverified
D90-1-03398	ئەقلى دۈمبىسىگە ئۆتۈپ قالماق	headword	279_2L.png	unverified
D90-1-03405	ئەقلى گەجگىسىگە ئۆتۈپ قالماق	headword	279_2L.png	unverified
D90-1-03399	ئەقلىدىن ئاداشماق	headword	279_2L.png	unverified
D90-1-03399-v1	ئەقىلدىن ئازماق	variant	279_2L.png	unverified
D90-1-03400	ئەقلىدىن ئازماق	headword	279_2L.png	unverified
D90-1-03402	ئەقلى كالتە	headword	279_2L.png	unverified
D90-1-03403	ئەقلى كەم	headword	279_2L.png	unverified
D90-1-03403-v1	كەم ئەقىل	variant	279_2L.png	unverified
D90-1-03404	ئەقلى كوتا	headword	279_2L.png	unverified
D90-1-03406	ئەقلىغە كەلمەك	headword	280_1R.png	unverified
D90-1-03407	ئەقلىنى تاپماق	headword	280_1R.png	unverified
D90-1-03408	ئەقلىنى يوقاتماق	headword	280_1R.png	unverified
D90-1-03409	ئەقلى يەتمەسلىك	headword	280_1R.png	unverified
D90-1-03410	ئەقلى يەلكىسىگە مىنمەك	headword	280_1R.png	unverified
D90-1-03411	ئەقلى يوق	headword	280_1R.png	unverified
D90-1-03412	ئەقىل تاپماق	headword	280_2L.png	unverified
D90-1-03413	ئەقىل تارازىسىدا تارتماق	headword	280_2L.png	unverified
D90-1-03414	ئەقىل تارازىسىدا ئۆلچىمەك	headword	280_2L.png	unverified
D90-1-03415	ئەقىل تارازىسىغا سالماق	headword	280_2L.png	unverified
D90-1-03416	ئەقىل چىش	headword	280_2L.png	unverified
D90-1-03417	ئەقىل سورىماق	headword	280_2L.png	unverified
D90-1-03418	ئەقىلغە سىغماسلىق	headword	280_2L.png	unverified
D90-1-03419	ئەقىلغە مۇۋاپىق	headword	280_2L.png	unverified
D90-1-03420	ئەقىل كەلمەك	headword	281_1R.png	unverified
D90-1-03421	ئەقىل كۆرسەتمەك	headword	281_1R.png	unverified
D90-1-03422	ئەقىل كىرمەك	headword	281_1R.png	unverified
D90-1-03423	ئەقىل ئۆگەتمەك	headword	281_1R.png	unverified
D90-1-03424	ئەقىل ئىشلەتمەك	headword	281_1R.png	unverified
D90-1-03425	ئەقىل ئىگىسى	headword	281_1R.png	unverified
D90-1-03426	ئەقىل يۈرگۈزمەك	headword	281_1R.png	unverified
D90-1-03427	ئەقىل-پاراسەت	headword	281_2L.png	unverified
D90-1-03428	ئەقىل-پاراسەتلىك	headword	281_2L.png	unverified
D90-1-03429	ئەقىلدار	headword	281_2L.png	unverified
D90-1-03430	ئەقىلسىز	headword	281_2L.png	unverified
D90-1-03431	ئەقىلسىزلىق	headword	281_2L.png	unverified
D90-1-03432	ئەقىللەشمەك	headword	282_1R.png	unverified
D90-1-03433	ئەقىللىق	headword	282_1R.png	unverified
D90-1-03434	ئەقىللىقلىق	headword	282_1R.png	unverified
D90-1-03435	ئەقىل-ھوش	headword	282_1R.png	unverified
D90-1-03436	ئەقىل-ھوشى جايىدا	headword	282_1R.png	verified
D90-1-03437	ئەقىل-ھوشىنى تاپماق	headword	282_2L.png	unverified
D90-1-03438	ئەقىل-ھوشىنى يوقاتماق	headword	282_2L.png	unverified
D90-1-03439	ئەكابىر	headword	282_2L.png	unverified
D90-1-03440	ئەكابىر-ئەشرەپ	headword	282_2L.png	unverified
D90-1-03441	ئەكابىر-تەكابىر	headword	282_2L.png	unverified
D90-1-03442	ئەكە	nonstandard	282_2L.png	unverified
D90-1-03443	ئەكەتكۈزمەك	headword	282_2L.png	unverified
D90-1-03444	ئەكەتمەك	headword	282_2L.png	unverified
D90-1-03445	ئەكەك	nonstandard	283_1R.png	unverified
D90-1-03446	ئەكەلدۈرمەك	headword	283_1R.png	unverified
D90-1-03447	ئەكەلدۈرۈشمەك	headword	283_1R.png	unverified
D90-1-03448	ئەكەلدۈرۈلمەك	headword	283_1R.png	unverified
D90-1-03449	ئەكەلمەك	headword	283_1R.png	unverified
D90-1-03450	ئەكتۈرمەك	headword	283_1R.png	unverified
D90-1-03451	ئەكتۈرۈلمەك	headword	283_1R.png	unverified
D90-1-03452	ئەكچە	headword	283_1R.png	unverified
D90-1-03453	ئەكچىتمەك	headword	283_1R.png	unverified
D90-1-03454	ئەكچىتىلمەك	headword	283_1R.png	unverified
D90-1-03455	ئەكچىمەك	headword	283_1R.png	unverified
D90-1-03456	ئەكس	headword	283_2L.png	unverified
D90-1-03457	ئەكس ئەتمەك	headword	283_2L.png	unverified
D90-1-03458	ئەكس تەسىر	headword	283_2L.png	unverified
D90-1-03459	ئەكس سادا	headword	284_1R.png	unverified
D90-1-03461	ئەكس سان	headword	284_1R.png	verified
D90-1-03462	ئەكسىچە	headword	284_1R.png	unverified
D90-1-03463	ئەكسىلھەرىكەت	headword	284_2L.png	unverified
D90-1-03464	ئەكسىلھەرىكەتچى	headword	284_2L.png	unverified
D90-1-03465	ئەكسىلھەرىكەتچىلىك	headword	284_2L.png	unverified
D90-1-03466	ئەكسىلئىنقىلاب	headword	284_2L.png	unverified
D90-1-03467	ئەكسىلئىنقىلابچى	headword	284_2L.png	unverified
D90-1-03468	ئەكسىلئىنقىلابچىلىق	headword	284_2L.png	unverified
D90-1-03469	ئەكسىلئىنقىلابىي	headword	284_2L.png	unverified
D90-1-03470	ئەكسىنچە	headword	285_1R.png	unverified
D90-1-03471	ئەكسىيەتچى	headword	285_1R.png	unverified
D90-1-03472	ئەكسىيەتچىل	headword	285_1R.png	unverified
D90-1-03473	ئەكسىيەتچىلەشمەك	headword	285_1R.png	unverified
D90-1-03474	ئەكسىيەتچىللەشمەك	headword	285_1R.png	verified
D90-1-03475	ئەكسىيەتچىلىك	headword	285_2L.png	unverified
D90-1-03476	ئەكسىيەتچىللىك	headword	285_2L.png	unverified
D90-1-03477	ئەكمەك	headword	285_2L.png	unverified
D90-1-03478	ئەكىتىشمەك	headword	285_2L.png	unverified
D90-1-03479	ئەكىتىلمەك	headword	285_2L.png	unverified
D90-1-03480	ئەكىرمەك	headword	285_2L.png	unverified
D90-1-03481	ئەكىرىشمەك	headword	285_2L.png	unverified
D90-1-03482	ئەكىرگۈزمەك	headword	285_2L.png	unverified
D90-1-03483	ئەكىرگۈزۈلمەك	headword	285_2L.png	unverified
D90-1-03484	ئەكىرىلمەك	headword	286_1R.png	unverified
D90-1-03485	ئەكىلەتمە	headword	286_1R.png	unverified
D90-1-03485-v1	ئەركىلەتمە	variant	286_1R.png	unverified
D90-1-03486	ئەكىلەتمەك	headword	286_1R.png	unverified
D90-1-03487	ئەكىلىك	headword	286_1R.png	unverified
D90-1-03488	ئەكىلىمەك	headword	286_1R.png	unverified
D90-1-03489	ئەكىلىنمەك	headword	286_1R.png	unverified
D90-1-03490	ئەگەر	headword	286_1R.png	unverified
D90-1-03491	ئەگەرچە	headword	286_1R.png	unverified
D90-1-03492	ئەگەرچەندە	headword	286_1R.png	unverified
D90-1-03493	ئەگەردە	headword	286_1R.png	unverified
D90-1-03494	ئەگەشتۈرمەك	headword	286_2L.png	unverified
D90-1-03495	ئەگەشتۈرۈلمەك	headword	286_2L.png	unverified
D90-1-03496	ئەگەشكۈچى	headword	286_2L.png	unverified
D90-1-03498	ئەگەشمە	headword	286_2L.png	unverified
D90-1-03502	ئەگەشمەك	headword	286_2L.png	unverified
D90-1-03503	ئەگدۈرمەك	headword	287_1R.png	unverified
D90-1-03504	ئەگدۈرۈلمەك	headword	287_1R.png	unverified
D90-1-03505	ئەگرى	headword	287_1R.png	unverified
D90-1-03508	ئەگرى دەستە	headword	287_2L.png	unverified
D90-1-03509	ئەگرى دەسسىمەك	headword	287_2L.png	unverified
D90-1-03510	ئەگرى سىزىق	headword	287_2L.png	unverified
D90-1-03511	ئەگرى قول	headword	287_2L.png	unverified
D90-1-03511-v1	قولى ئەگرى	variant	287_2L.png	unverified
D90-1-03512	ئەگرى قىسقۇچ	headword	287_2L.png	unverified
D90-1-03513	ئەگرى يول	headword	287_2L.png	unverified
D90-1-03514	ئەگرى-بۈگرى	headword	287_2L.png	unverified
D90-1-03515	ئەگرى-توقاي	headword	287_2L.png	unverified
D90-1-03516	ئەگرى-توقايلىقى	headword	288_1R.png	unverified
D90-1-03517	ئەگرى-دوناي	headword	288_1R.png	unverified
D90-1-03518	ئەگرىسۇناي	headword	288_1R.png	unverified
D90-1-03519	ئەگرىلىك	headword	288_1R.png	unverified
D90-1-03520	ئەكزىك	headword	288_1R.png	unverified
D90-1-03521	ئەگلەك	nonstandard	288_1R.png	unverified
D90-1-03623	ئەلگەك	headword	296_1R.png	unverified
D90-1-03522	ئەگمە	headword	288_1R.png	unverified
D90-1-03526	ئەگمەچ	headword	288_2L.png	unverified
D90-1-03527	ئەگمەك	headword	288_2L.png	unverified
D90-1-03528	ئەگۈن	headword	288_2L.png	unverified
D90-1-03529	ئەگىتمە	headword	288_2L.png	unverified
D90-1-03530	ئەگىتمە سۆز	headword	289_1R.png	unverified
D90-1-03531	ئەگىتمە گەپ	headword	289_1R.png	unverified
D90-1-03532	ئەگىتمەك	headword	289_1R.png	unverified
D90-1-03533	ئەگىتىلمەك	headword	289_1R.png	unverified
D90-1-03534	ئەگىر	nonstandard	289_1R.png	unverified
D90-1-03535	ئەگىز	headword	289_1R.png	unverified
D90-1-03537	ئەگىزئوت	headword	289_1R.png	unverified
D90-1-03538	ئەگىشمەك	headword	289_2L.png	unverified
D90-1-03539	ئەگىلدۈرمەك	headword	289_2L.png	unverified
D90-1-03540	ئەگىلمە	headword	289_2L.png	unverified
D90-1-03541	ئەگىلمەك	headword	289_2L.png	unverified
D90-1-03542	ئەگىم	headword	289_2L.png	unverified
D90-1-03543	ئەگىمەچ	nonstandard	289_2L.png	unverified
D90-1-03544	ئەگىمەش	nonstandard	289_2L.png	unverified
D90-1-03545	ئەگىمەك	headword	289_2L.png	unverified
D90-1-03546	ئەگىن	nonstandard	290_1R.png	unverified
D90-1-03547	ئەڭ	headword	290_1R.png	unverified
D90-1-03548	ئەڭ تۆۋەن ھاۋا تېمپېراتۇرىسى	headword	290_1R.png	unverified
D90-1-03549	ئەڭ چوڭ ئومۇمىي بۆلگۈچى	headword	290_1R.png	unverified
D90-1-03550	ئەڭ كۆپ شامال يۆنىلىشى	headword	290_1R.png	unverified
D90-1-03551	ئەڭ كىچىك ئومۇمىي بۆلۈنگۈچى	headword	290_2L.png	unverified
D90-1-03552	ئەڭ يۇقىرى شامال سۈرئىتى	headword	290_2L.png	unverified
D90-1-03553	ئەڭ يۇقىرى ھاۋا تېمپېراتۇرىسى	headword	290_2L.png	unverified
D90-1-03554	ئەڭلىكئوت	headword	290_2L.png	unverified
D90-1-03555	ئەڭگۈشتەر	headword	291_1R.png	unverified
D90-1-03556	ئەڭگىز	headword	291_1R.png	unverified
D90-1-03557	ئەڭگىزلىك	headword	291_1R.png	unverified
D90-1-03559	ئەڭلىك	headword	291_1R.png	unverified
D90-1-03560	ئەڭىن	headword	291_1R.png	unverified
D90-1-03560-v1	ئېگىن	variant	291_1R.png	unverified
D90-1-03562	ئەڭىنىياق	headword	291_1R.png	unverified
D90-1-03562-v1	ئېگىن-ئاياغ	variant	291_1R.png	unverified
D90-1-03563	ئەل	headword	291_1R.png	unverified
D90-1-03564	ئەل ئايىغى بېسىقماق	headword	291_2L.png	unverified
D90-1-03565	ئەل ئايىغى بېسىلماق	headword	291_2L.png	unverified
D90-1-03566	ئەل ئايىغى جىمىلماق	headword	291_2L.png	unverified
D90-1-03567	ئەل قاتارى	headword	291_2L.png	unverified
D90-1-03568	ئەل ئۆمرىدە	headword	291_2L.png	unverified
D90-1-03570	ئەل بولماق	headword	292_1R.png	unverified
D90-1-03571	ئەل قىلماق	headword	292_1R.png	unverified
D90-1-03572	ئەلا	headword	292_1R.png	unverified
D90-1-03572-i1	ئەلاسى	inflected	292_1R.png	unverified
D90-1-03574	ئەلاچىلىق	headword	292_2L.png	unverified
D90-1-03575	ئەل - ئاغىنە	headword	292_2L.png	unverified
D90-1-03576	ئەل-ئاغىنىچىلىق	headword	292_2L.png	unverified
D90-1-03577	ئەل-ئاغىنىدارچىلىق	headword	292_2L.png	unverified
D90-1-03578	ئەل - ئاغىنىلىك	headword	292_2L.png	unverified
D90-1-03579	ئەلەس	headword	292_2L.png	unverified
D90-1-03580	ئەلەسلەشمەك	headword	292_2L.png	unverified
D90-1-03581	ئەلەڭ	headword	292_2L.png	unverified
D90-1-03582	ئەلەڭ-سەلەڭ	headword	292_2L.png	unverified
D90-1-03583	ئەلەڭسىز	headword	293_1R.png	unverified
D90-1-03584	ئەلەڭشىمەك	headword	293_1R.png	unverified
D90-1-03584-v1	ئەلەڭلىمەك	variant	293_1R.png	unverified
D90-1-03585	ئەلەڭگە - بەلەڭگە	headword	293_1R.png	unverified
D90-1-03586	ئەلەڭگۈ	headword	293_1R.png	unverified
D90-1-03587	ئەلەڭگۈلۈك	headword	293_1R.png	unverified
D90-1-03588	ئەلەڭلەشمەك	headword	293_1R.png	unverified
D90-1-03589	ئەلەڭلىھمەك	headword	293_2L.png	unverified
D90-1-03590	ئەلەم	headword	293_2L.png	unverified
D90-1-03594	ئەلەم چەكمەك	headword	294_1R.png	unverified
D90-1-03594-v1	ئەلەم تارتماق	variant	294_1R.png	unverified
D90-1-03595	ئەلەم قىلماق	headword	294_1R.png	unverified
D90-1-03596	ئەلەم يۇتماق	headword	294_1R.png	unverified
D90-1-03598	ئەلەم كۈرىشى	headword	294_1R.png	unverified
D90-1-03599	ئەلەمداش	headword	294_1R.png	unverified
D90-1-03600	ئەلەمدار	headword	294_2L.png	unverified
D90-1-03601	ئەلەمزادە	headword	294_2L.png	unverified
D90-1-03602	ئەلەمسىز	headword	294_2L.png	unverified
D90-1-03603	ئەلەمكارانە	headword	294_2L.png	verified
D90-1-03604	ئەلەملىك	headword	294_2L.png	unverified
D90-1-03605	ئەلەنجە	headword	294_2L.png	unverified
D90-1-03606	ئەلبەتتە	nonstandard	294_2L.png	verified
D90-1-03657	ئەلۋەتتە	headword	298_2L.png	unverified
D90-1-03607	ئەلپاز	headword	294_2L.png	unverified
D90-1-03609	ئەلتېرە	headword	295_1R.png	unverified
D90-1-03610	ئەلتېرىچى	headword	295_1R.png	unverified
D90-1-03611	ئەل-جامائەت	headword	295_1R.png	unverified
D90-1-03612	ئەلچى	headword	295_1R.png	unverified
D90-1-03614	ئەلچى قويماق	headword	295_2L.png	unverified
D90-1-03615	ئەلچىخانا	headword	295_2L.png	unverified
D90-1-03616	ئەلچىلىك	headword	295_2L.png	unverified
D90-1-03617	ئەلقىساس	headword	295_2L.png	unverified
D90-1-03617-v1	قىساس	variant	295_2L.png	unverified
D90-1-03618	ئەلقىساسۇمىنەللەق	headword	295_2L.png	unverified
D90-1-03619	ئەلقىسسە	headword	295_2L.png	unverified
D90-1-03620	ئەلكۈن	headword	296_1R.png	unverified
D90-1-03621	ئەلكېزەر	headword	296_1R.png	unverified
D90-1-03622	ئەلكېزەرلىك	headword	296_1R.png	unverified
D90-1-03625	ئەلگەكچى	headword	296_1R.png	unverified
D90-1-03626	ئەلگەكچىلىك	headword	296_1R.png	unverified
D90-1-03627	ئەللامە	headword	296_1R.png	unverified
D90-1-03628	ئەللەي	headword	296_2L.png	unverified
D90-1-03629	ئەللەي ئەتمەك	headword	296_2L.png	unverified
D90-1-03632	ئەللەيلىمەك	headword	296_2L.png	unverified
D90-1-03630	ئەللەيلەتمەك	headword	296_2L.png	unverified
D90-1-03631	ئەللەيلەنمەك	headword	296_2L.png	unverified
D90-1-03633	ئەللىك	headword	296_2L.png	unverified
D90-1-03635	ئەللىكبېشى	headword	297_1R.png	unverified
D90-1-03636	ئەللىكىنچى	headword	297_1R.png	unverified
D90-1-03638	ئەلمەش-چەلمەش	headword	297_1R.png	unverified
D90-1-03639	ئەل-مەھەللە	headword	297_1R.png	unverified
D90-1-03639-v1	ئەشلىمەھەللە	variant	297_1R.png	unverified
D90-1-03640	ئەلمى-تەلمى	headword	297_1R.png	unverified
D90-1-03641	ئەلمىساق	headword	297_2L.png	unverified
D90-1-03642	ئەلمىساقتىن بېرى	headword	297_2L.png	unverified
D90-1-03643	ئەلمىساقتىن تارتىپ	headword	297_2L.png	unverified
D90-1-03644	ئەلمىساقتىن قالغان	headword	297_2L.png	unverified
D90-1-03644-v1	ئادەمئاتامدىن قالغان	variant	297_2L.png	unverified
D90-1-03645	ئەلنەغمە	headword	297_2L.png	unverified
D90-1-03646	ئەلنەغمىچى	headword	297_2L.png	unverified
D90-1-03647	ئەلنەغمىچىلىك	headword	298_1R.png	unverified
D90-1-03648	ئەلنەغمىلىك	headword	298_1R.png	unverified
D90-1-03649	ئەلھاسىل	headword	298_1R.png	unverified
D90-1-03650	ئەلھال	headword	298_1R.png	unverified
D90-1-03651	ئەلھايا	headword	298_1R.png	unverified
D90-1-03652	ئەلھەزەر	headword	298_1R.png	unverified
D90-1-03653	ئەلھەق	headword	298_2L.png	unverified
D90-1-03654	ئەلھەمدۇلىللا	headword	298_2L.png	unverified
D90-1-03655	ئەلھۆكمىلىللا	headword	298_2L.png	unverified
D90-1-03656	ئەلۋان	headword	298_2L.png	unverified
D90-1-03658	ئەلۋەك	headword	299_1R.png	unverified
D90-1-03659	ئەلۋەكچىلىك	headword	299_1R.png	unverified
D90-1-03660	ئەلۋىدا	headword	299_1R.png	unverified
D90-1-03661	ئەلۋىدالاشماق	headword	299_1R.png	unverified
D90-1-03662	ئەلىپماي	headword	299_1R.png	unverified
D90-1-03663	ئەلياتقۇ	headword	299_1R.png	verified
D90-1-03664	ئەل-يۇرت	headword	299_1R.png	unverified
D90-1-03665	ئەم	headword	299_2L.png	unverified
D90-1-03666	ئەما	headword	299_2L.png	unverified
D90-1-03667	ئەمالىق	headword	299_2L.png	unverified
D90-1-03668	ئەمەت	headword	299_2L.png	unverified
D90-1-03670	ئەمەس	headword	299_2L.png	unverified
D90-1-03671	ئەمەك	headword	299_2L.png	unverified
D90-1-03673	ئەمەل	headword	300_1R.png	unverified
D90-1-03679	ئەمەلدىن قالماق	headword	300_2L.png	unverified
D90-1-03680	ئەمەل قىلماق	headword	300_2L.png	unverified
D90-1-03681	ئەمەلگە ئاشماق	headword	300_2L.png	unverified
D90-1-03682	ئەمەلگە قويماق	headword	300_2L.png	unverified
D90-1-03683	ئەمەلپەرەس	headword	300_2L.png	unverified
D90-1-03684	ئەمەلپەرەسلىك	headword	300_2L.png	unverified
D90-1-03685	ئەمەلچە	nonstandard	300_2L.png	unverified
D90-1-03685-c1	ھەمەلچە	corrected_form	300_2L.png	unverified
D90-1-03686	ئەمەلدار	headword	301_1R.png	unverified
D90-1-03687	ئەمەلدارلارچە	headword	301_1R.png	unverified
D90-1-03688	ئەمەلدارلىق	headword	301_1R.png	unverified
D90-1-03689	ئەمەلىي	headword	301_1R.png	unverified
D90-1-03693	ئەمەلىي ئۈنۈم	headword	301_2L.png	unverified
D90-1-03694	ئەمەلىي ئىش ھەققى	headword	301_2L.png	unverified
D90-1-03695	ئەمەلىيەت	headword	301_2L.png	unverified
D90-1-03696	ئەمەلىيەتچان	headword	301_2L.png	unverified
D90-1-03697	ئەمەلىيەتچانلىق	headword	301_2L.png	unverified
D90-1-03698	ئەمەلىيەتچى	headword	301_2L.png	unverified
D90-1-03699	ئەمەلىيەتسىز	headword	302_1R.png	unverified
D90-1-03700	ئەمەلىيلەشتۈرمەك	headword	302_1R.png	unverified
D90-1-03701	ئەمەلىيلەشتۈرۈلمەك	headword	302_1R.png	unverified
D90-1-03702	ئەمبەل	headword	302_1R.png	unverified
D90-1-03703	ئەمچەك	headword	302_1R.png	unverified
D90-1-03704	ئەمچەكتىن ئايرىماق	headword	302_1R.png	unverified
D90-1-03705	ئەمچەكتىن چقارماق	headword	302_1R.png	unverified
D90-1-03706	ئەمچەك سالماق	headword	302_1R.png	unverified
D90-1-03707	ئەمچىكى ئىششىماق	headword	302_1R.png	unverified
D90-1-03708	ئەمچەكداش	headword	302_2L.png	unverified
D90-1-03709	ئەمچەكسىمان	headword	302_2L.png	unverified
D90-1-03710	ئەمچەكلىك	headword	302_2L.png	unverified
D90-1-03711	ئەمچى	headword	302_2L.png	unverified
D90-1-03712	ئەمچىلىك	headword	302_2L.png	unverified
D90-1-03713	ئەمدۈرمەك	headword	302_2L.png	unverified
D90-1-03714	ئەمدۈرۈلمەك	headword	302_2L.png	unverified
D90-1-03715	ئەمدى	headword	302_2L.png	unverified
D90-1-03716	ئەمدىلەتىن	headword	303_1R.png	unverified
D90-1-03717	ئەمدىلىكتە	headword	303_1R.png	unverified
D90-1-03718	ئەمر	headword	303_1R.png	unverified
D90-1-03722	ئەمر-پەرمان	headword	303_1R.png	unverified
D90-1-03723	ئەمرىمەرۇپ	headword	303_2L.png	unverified
D90-1-03724	ئەمرىمەرۇپچى	headword	303_2L.png	unverified
D90-1-03725	ئەمرىمەھەل	headword	303_2L.png	unverified
D90-1-03726	ئەمگەك	headword	303_2L.png	unverified
D90-1-03727	ئەمگەك پسىخولوگىيىسى	headword	303_2L.png	unverified
D90-1-03728	ئەمگەك سۇغۇرتىسى	headword	303_2L.png	unverified
D90-1-03729	ئەمگەك سۆيەر	headword	303_2L.png	unverified
D90-1-03731	ئەمگەك سىڭدۈرمەك	headword	304_1R.png	unverified
D90-1-03732	ئەمگەك قاراش	headword	304_1R.png	unverified
D90-1-03733	ئەمگەك قانۇنى	headword	304_1R.png	verified
D90-1-03734	ئەمگەك قىلماق	headword	304_1R.png	unverified
D90-1-03735	ئەمگەك كۈچى	headword	304_1R.png	unverified
D90-1-03737	ئەمگەك كۈچى تەقسىماتى	headword	304_2L.png	unverified
D90-1-03738	ئەمگەك كۈچى قىممىتى	headword	304_2L.png	unverified
D90-1-03739	ئەمگەك كۈنى	headword	304_2L.png	unverified
D90-1-03740	ئەمگەك ئوبيېكتى	headword	304_2L.png	unverified
D90-1-03741	ئەمگەك ئۈنۈمدارلىقى	headword	304_2L.png	unverified
D90-1-03742	ئەمگەك ۋاسىتىلىرى	headword	305_1R.png	unverified
D90-1-03743	ئەمگىكىگە قاراپ تەقسىم قىلىش پرىنسىپى	headword	305_1R.png	unverified
D90-1-03744	ئەمگىكىگە قاراپ تەقسىم قىلىش قانۇنىيىتى	headword	305_1R.png	unverified
D90-1-03745	ئەمگەكنىڭ ئىككى ياقلىمىلىقى	headword	305_1R.png	unverified
D90-1-03746	ئەمگەكچان	headword	305_1R.png	unverified
D90-1-03747	ئەمگەكچانلىق	headword	305_1R.png	unverified
D90-1-03748	ئەمگەكچى	headword	305_2L.png	unverified
D90-1-03749	ئەمگەكسىز	headword	305_2L.png	unverified
D90-1-03750	ئەملەتمەك	headword	305_2L.png	unverified
D90-1-03751	ئەملەش	headword	305_2L.png	unverified
D90-1-03752	ئەملەش يىڭنىسى	headword	305_2L.png	unverified
D90-1-03753	ئەملەنمەك	headword	305_2L.png	unverified
D90-1-03754	ئەمىلىتىلمەك	headword	305_2L.png	unverified
D90-1-03755	ئەملىمەك	headword	305_2L.png	unverified
D90-1-03756	ئەمما	headword	306_1R.png	unverified
D90-1-03757	ئەممەك	headword	306_1R.png	unverified
D90-1-03758	ئەمۇغەيلان	headword	306_1R.png	unverified
D90-1-03758-v1	ئەرەب يىلىمى دەرىخى	variant	306_1R.png	unverified
D90-1-03759	ئەمىر	headword	306_1R.png	unverified
D90-1-03760	ئەمىرزادە	headword	306_1R.png	verified
D90-1-03761	ئەمىرلىك	headword	306_2L.png	unverified
D90-1-03763	ئەمىسە	headword	306_2L.png	unverified
D90-1-03764	ئەمىلىم	nonstandard	306_2L.png	verified
D90-1-03765	ئەمىلىيەت	nonstandard	306_2L.png	verified
D90-1-03766	ئەمىلىيەتسىز	nonstandard	306_2L.png	verified
D90-1-03767	ئەمىلىيەتچى	nonstandard	306_2L.png	verified
D90-1-03768	ئەمىلىيەتچىلىك	nonstandard	306_2L.png	verified
D90-1-03768-c1	ئەمەلىيەتچىلىك	corrected_form	306_2L.png	verified
D90-1-03769	ئەمىلىيلەشمەك	nonstandard	306_2L.png	verified
D90-1-03769-c1	ئەمەلىيلەشمەك	corrected_form	306_2L.png	verified
D90-1-03770	ئەمىلىيلەشتۈرمەك	nonstandard	306_2L.png	verified
D90-1-03772	ئەمىلىيلىك	nonstandard	306_2L.png	verified
D90-1-03772-c1	ئەمەلىيلىك	corrected_form	306_2L.png	verified
D90-1-03773	ئەمىن	headword	307_1R.png	unverified
D90-1-03774	ئەمىن تاپماق	headword	307_1R.png	unverified
D90-1-03775	ئەمىنلىك	headword	307_1R.png	unverified
D90-1-03776	ئەن	headword	307_1R.png	unverified
D90-1-03777	ئەن سالماق	headword	307_1R.png	unverified
D90-1-03779	ئەن تارتقۇ	headword	307_2L.png	unverified
D90-1-03781	ئەن رەخت	headword	307_2L.png	unverified
D90-1-03782	ئېنى تاختا	headword	307_2L.png	unverified
D90-1-03783	ئەن ياغاچ	headword	307_2L.png	unverified
D90-1-03785	ئەن تارتقاق	headword	307_2L.png	unverified
D90-1-03786	ئەن يەر	headword	307_2L.png	unverified
D90-1-03787	ئەنگە ئالماق	headword	308_1R.png	unverified
D90-1-03788	ئەنە	headword	308_1R.png	unverified
D90-1-03789	ئەنەتكەك	headword	308_1R.png	unverified
D90-1-03790	ئەنە-مانا	headword	308_1R.png	unverified
D90-1-03791	ئەنئەنە	headword	308_2L.png	unverified
D90-1-03792	ئەنئەنىچى	headword	308_2L.png	unverified
D90-1-03793	ئەنئەنىچىلىك	headword	308_2L.png	unverified
D90-1-03794	ئەنئەنىلىك	headword	308_2L.png	unverified
D90-1-03795	ئەنئەنىۋى	headword	308_2L.png	unverified
D90-1-03796	ئەنئەنىۋى ئادەت	headword	309_1R.png	unverified
D90-1-03797	ئەنئەنىۋى مائارىپ	headword	309_1R.png	unverified
D90-1-03798	ئەنئەنىۋى تىياتىر	headword	309_1R.png	unverified
D90-1-03799	ئەنبەر	headword	309_1R.png	unverified
D90-1-03800	ئەنبەر دەرىغى	headword	309_2L.png	unverified
D90-1-03801	ئەنبەرلىك	headword	309_2L.png	unverified
D90-1-03802	ئەنبىيا	headword	309_2L.png	unverified
D90-1-03803	ئەنت	headword	309_2L.png	unverified
D90-1-03804	ئەنتىنى ئالماق	headword	309_2L.png	verified
D90-1-03805	ئەنجام	headword	309_2L.png	unverified
D90-1-03806	ئەنجان	headword	309_2L.png	unverified
D90-1-03807	ئەنجان پاختەكى	headword	309_2L.png	unverified
D90-1-03808	ئەنجۈر	headword	310_1R.png	unverified
D90-1-03811	ئەنجۈرلۈك	headword	310_1R.png	unverified
D90-1-03812	ئەنجى	nonstandard	310_2L.png	unverified
D90-1-03812-c1	ئۆنچە	corrected_form	310_2L.png	unverified
D90-1-03813	ئەنجىبار	headword	310_2L.png	unverified
D90-1-03814	ئەنداز	nonstandard	310_2L.png	unverified
D90-1-03820	ئەندىزە	headword	310_2L.png	unverified
D90-1-03815	ئەندەتمەك	headword	310_2L.png	unverified
D90-1-03816	ئەندەرىمەك	nonstandard	310_2L.png	unverified
D90-1-03816-c1	ئۆندەرىمەك	corrected_form	310_2L.png	unverified
D90-1-03817	ئەندۇ	headword	310_2L.png	unverified
D90-1-03818	ئەندۇۋا	headword	310_2L.png	unverified
D90-1-03819	ئەندىز	nonstandard	310_2L.png	unverified
D90-1-03821	ئەندىزە ئالماق	headword	311_1R.png	unverified
D90-1-03822	ئەندىزە قىلماق	headword	311_1R.png	unverified
D90-1-03823	ئەندىزىچى	headword	311_1R.png	unverified
D90-1-03824	ئەندىزىچىلىك	headword	311_1R.png	unverified
D90-1-03825	ئەندىزىلەشمەك	headword	311_1R.png	unverified
D90-1-03826	ئەندىزىلەشتۈرمەك	headword	311_1R.png	unverified
D90-1-03827	ئەندىزىلەشتۈرۈلمەك	headword	311_1R.png	unverified
D90-1-03828	ئەندىزىلەك	headword	311_1R.png	unverified
D90-1-03829	ئەندى	nonstandard	311_1R.png	unverified
D90-1-03830	ئەندىش	nonstandard	311_1R.png	unverified
D90-1-03831	ئەندىشە	headword	311_1R.png	unverified
D90-1-03832	ئەندىشە قىلماق	headword	311_2L.png	unverified
D90-1-03833	ئەندىشىگە چۈشمەك	headword	311_2L.png	unverified
D90-1-03835	ئەندىشىگە قالماق	headword	311_2L.png	unverified
D90-1-03834	ئەندىشىگە سالماق	headword	311_2L.png	unverified
D90-1-03836	ئەندىشىسىز	headword	311_2L.png	unverified
D90-1-03837	ئەندىشىلىك	headword	311_2L.png	unverified
D90-1-03838	ئەندىكتۈرمەك	headword	311_2L.png	unverified
D90-1-03839	ئەندىكتۈرۈلمەك	headword	312_1R.png	unverified
D90-1-03840	ئەندىكمەك	headword	312_1R.png	unverified
D90-1-03841	ئەندىكىشىمەك	headword	312_1R.png	unverified
D90-1-03842	ئەندىلىكتە	nonstandard	312_1R.png	unverified
D90-1-03843	ئەندىلەتىن	nonstandard	312_1R.png	unverified
D90-1-03844	ئەندىمەك	headword	312_1R.png	unverified
D90-1-03845	ئەنزار	headword	312_1R.png	unverified
D90-1-03848	ئەنزە تۇغدۇرماق	headword	312_2L.png	unverified
D90-1-03849	ئەنسىرەتمەك	headword	312_2L.png	unverified
D90-1-03850	ئەنسىرەشمەك	headword	312_2L.png	unverified
D90-1-03851	ئەنسىرىمەك	headword	312_2L.png	unverified
D90-1-03852	ئەنسىز	headword	312_2L.png	unverified
D90-1-03855	ئەنسىزچىلىك	headword	313_1R.png	unverified
D90-1-03859	ئەنسىزلىك	headword	313_1R.png	unverified
D90-1-03856	ئەنسىز لەشمەك	headword	313_1R.png	unverified
D90-1-03857	ئەنسىزلەندۈرمەك	headword	313_1R.png	unverified
D90-1-03858	ئەنسىزلەنمەك	headword	313_1R.png	unverified
D90-1-03860	ئەنقا	headword	313_1R.png	unverified
D90-1-03862	ئەنكاپ	headword	313_2L.png	verified
D90-1-03863	ئەنكاپلىماق	headword	313_2L.png	verified
D90-1-03864	ئەنگىز	nonstandard	313_2L.png	unverified
D90-1-03866	ئەنگۈشتەر	headword	313_2L.png	unverified
D90-1-03867	ئەنلەتمەك	headword	313_2L.png	unverified
D90-1-03868	ئەنلەشمەك	headword	313_2L.png	unverified
D90-1-03869	ئەنلەنمەك	headword	313_2L.png	unverified
D90-1-03870	ئەنلىتىلمەك	headword	313_2L.png	unverified
D90-1-03871	ئەنلىك	headword	313_2L.png	unverified
D90-1-03872	ئەنلىمەك	headword	313_2L.png	unverified
D90-1-03874	ئەنھار	headword	313_2L.png	unverified
D90-1-03875	ئەھدە	headword	314_1R.png	unverified
D90-1-03876	ئەھدە باغلىماق	headword	314_1R.png	unverified
D90-1-03877	ئەھدە قىلماق	headword	314_1R.png	unverified
D90-1-03878	ئەھدىسىدىن چىقماق	headword	314_1R.png	unverified
D90-1-03879	ئەھدۇپەيمان	headword	314_1R.png	unverified
D90-1-03880	ئەھدىلەشمەك	headword	314_1R.png	unverified
D90-1-03881	ئەھدىنامە	headword	314_1R.png	unverified
D90-1-03882	ئەھكام	headword	314_2L.png	unverified
D90-1-03883	ئەھل	headword	314_2L.png	unverified
D90-1-03888	ئەھلىسەلىپ	headword	314_2L.png	unverified
D90-1-03889	ئەھلىمەھەللە	headword	315_1R.png	unverified
D90-1-03890	ئەھمىيەت	headword	315_1R.png	unverified
D90-1-03892	ئەھمىيەتسىز	headword	315_1R.png	unverified
D90-1-03893	ئەھمىيەتلىك	headword	315_1R.png	unverified
D90-1-03894	ئەھھەي	headword	315_1R.png	unverified
D90-1-03895	ئەھۋال	headword	315_2L.png	unverified
D90-1-03896	ئەھۋال سورىماق	headword	315_2L.png	unverified
D90-1-03897	ئەھۋال ئېيتماق	headword	315_2L.png	unverified
D90-1-03898	ئەھۋالات	headword	315_2L.png	unverified
D90-1-03899	ئەھۋاللاشماق	headword	315_2L.png	unverified
D90-1-03900	ئەھيا	headword	316_1R.png	unverified
D90-1-03901	ئەھيا قىلماق	headword	316_1R.png	unverified
D90-1-03902	ئەھيان	headword	316_1R.png	unverified
D90-1-03903	ئەۋارە	nonstandard	316_1R.png	unverified
D90-1-03904	ئەۋارى	nonstandard	316_1R.png	unverified
D90-1-03905	ئەۋاز	nonstandard	316_1R.png	unverified
D90-1-03906	ئەۋەتكۈزمەك	headword	316_1R.png	unverified
D90-1-03907	ئەۋەتمەك	headword	316_1R.png	unverified
D90-1-03908	ئەۋەتىشىمەك	headword	316_2L.png	unverified
D90-1-03909	ئەۋەتىلمەك	headword	316_2L.png	unverified
D90-1-03910	ئەۋەل	nonstandard	316_2L.png	unverified
D90-1-03911	ئەۋەن	nonstandard	316_2L.png	unverified
D90-1-03911-c1	ئېۋەن	corrected_form	316_2L.png	unverified
D90-1-03912	ئەۋپارىقۇن	headword	316_2L.png	unverified
D90-1-03913	ئەۋچ	headword	316_2L.png	unverified
D90-1-03914	ئەۋج ئالماق	headword	317_1R.png	unverified
D90-1-03915	ئەۋجىگە چىقماق	headword	317_1R.png	unverified
D90-1-03916	ئەۋجىگە كۆتۈرمەك	headword	317_1R.png	unverified
D90-1-03917	ئەۋجىگە يەتمەك	headword	317_1R.png	unverified
D90-1-03918	ئەۋجىلىك	headword	317_1R.png	unverified
D90-1-03919	ئەۋرە	headword	317_2L.png	unverified
D90-1-03920	ئەۋرەت	headword	317_2L.png	unverified
D90-1-03922	ئەۋرە-چەۋرە	headword	317_2L.png	unverified
D90-1-03923	ئەۋرە-چەۋرىلىك	headword	317_2L.png	unverified
D90-1-03924	ئەۋرەز	headword	317_2L.png	unverified
D90-1-03925	ئەۋرىشىكە	headword	318_1R.png	unverified
D90-1-03927	ئەۋرىشىم	headword	318_1R.png	unverified
D90-1-03928	ئەۋرىشىملىك	headword	318_1R.png	unverified
D90-1-03931	ئەۋزەللەشتۇرمەك	headword	318_2L.png	unverified
D90-1-03932	ئەۋزەللەشتۈرۈلمەك	headword	318_2L.png	unverified
D90-1-03933	ئەۋزەللەشمەك	headword	318_2L.png	unverified
D90-1-03934	ئەۋزەللىك	headword	318_2L.png	unverified
D90-1-03935	ئەۋزەيلىمەك	nonstandard	318_2L.png	verified
D90-1-03936	ئەۋقاپ	headword	318_2L.png	unverified
D90-1-03937	ئەۋلات	nonstandard	319_1R.png	unverified
D90-1-03938	ئەۋلاد	headword	319_1R.png	unverified
D90-1-03939	ئەۋلادتىن ئەۋلادقا	headword	319_1R.png	unverified
D90-1-03940	ئەۋلادتىن ئەۋلادقىچە	headword	319_1R.png	unverified
D90-1-03941	ئەۋلادسىز	headword	319_1R.png	unverified
D90-1-03942	ئەۋلادلىق	headword	319_1R.png	unverified
D90-1-03943	ئەۋلىيا	headword	319_1R.png	unverified
D90-1-03944	ئەۋلىيا-ئەنبىيا	headword	319_2L.png	unverified
D90-1-03945	ئەۋلىيالىق	headword	319_2L.png	unverified
D90-1-03946	ئەۋۋەل	nonstandard	319_2L.png	unverified
D90-1-03947	ئەۋىدىمەك	nonstandard	319_2L.png	unverified
D90-1-03948	ئەي	headword	319_2L.png	unverified
D90-1-03949	ئەي بولماق	headword	320_1R.png	unverified
D90-1-03950	ئەي قىلماق	headword	320_1R.png	unverified
D90-1-03952	ئەيان	headword	320_1R.png	unverified
D90-1-03953	ئەيش	headword	320_2L.png	unverified
D90-1-03954	ئەيش-ئىشرەت	headword	320_2L.png	unverified
D90-1-03955	ئەيش-ئىشرەتلىك	headword	320_2L.png	unverified
D90-1-03956	ئەيلەتمەك	headword	320_2L.png	unverified
D90-1-03958	ئەيلەش	headword	321_1R.png	unverified
D90-1-03960	ئەيلەشمەك	headword	321_1R.png	unverified
D90-1-03962	ئەيلەنمەك	headword	321_1R.png	unverified
D90-1-03964	ئەيلىبان	headword	321_1R.png	unverified
D90-1-03965	ئەيلىتىلمەك	headword	321_1R.png	unverified
D90-1-03966	ئەيلىمەك	headword	321_2L.png	unverified
D90-1-03968	ئەيمەندۈرمەك	headword	321_2L.png	unverified
D90-1-03969	ئەيمەنمەك	headword	321_2L.png	unverified
D90-1-03970	ئەيمىنىشمەك	headword	321_2L.png	unverified
D90-1-03971	ئەينەك	headword	321_2L.png	unverified
D90-1-03972	ئەينەك بولماق	headword	322_1R.png	unverified
D90-1-03973	ئەينەك پارقىراقلىقى	headword	322_1R.png	unverified
D90-1-03974	ئەينەك پولات	headword	322_2L.png	unverified
D90-1-03975	ئەينەك تالا	headword	322_2L.png	unverified
D90-1-03976	ئەينەك تەنچە	headword	322_2L.png	unverified
D90-1-03977	ئەينەك خىش	headword	322_2L.png	unverified
D90-1-03978	ئەينەك قەغەز	headword	322_2L.png	unverified
D90-1-03979	ئەينەك قىلماق	headword	323_1R.png	unverified
D90-1-03983	ئەينەكچى	headword	323_1R.png	unverified
D90-1-03984	ئەينەكچىلىك	headword	323_1R.png	unverified
D90-1-03985	ئەينەكسىز لىنىش	headword	323_2L.png	unverified
D90-1-03986	ئەينەكسىمان	headword	323_2L.png	unverified
D90-1-03987	ئەينەكلىك	headword	323_2L.png	unverified
D90-1-03988	ئەينەن	headword	323_2L.png	unverified
D90-1-03989	ئەينەن سۈرەت	headword	323_2L.png	unverified
D90-1-03990	ئەينەنسىز	headword	324_1R.png	unverified
D90-1-03991	ئەينەنسىزلىك	headword	324_1R.png	unverified
D90-1-03993	ئەينەنلىك	headword	324_1R.png	unverified
D90-1-03995	ئەينۇلا	headword	324_1R.png	unverified
D90-1-03996	ئەينى	headword	324_2L.png	unverified
D90-1-03997	ئەينى چاغدا	headword	324_2L.png	unverified
D90-1-03998	ئەينى زاماندا	headword	324_2L.png	unverified
D90-1-03999	ئەينى ۋاقىتتا	headword	325_1R.png	unverified
D90-1-04000	ئەينىيەت	headword	325_1R.png	unverified
D90-1-04001	ئەينىيەت قانۇنىيىتى	headword	325_1R.png	unverified
D90-1-04002	ئەيھەنناس	nonstandard	325_1R.png	unverified
D90-1-04023	ئەييۇھەنناس	headword	327_1R.png	unverified
D90-1-04003	ئەيۋاش	nonstandard	325_1R.png	unverified
D90-1-04004	ئەيۋەش	headword	325_1R.png	unverified
D90-1-04005	ئەيۋەشكە كەلمەك	headword	325_1R.png	unverified
D90-1-04006	ئەيىب	headword	325_2L.png	unverified
D90-1-04007	ئەيىب قويماق	headword	325_2L.png	unverified
D90-1-04008	ئەيىبكە بۇيرۇماق	headword	325_2L.png	unverified
D90-1-04019	ئەيىبلىمەك	headword	326_2L.png	unverified
D90-1-04009	ئەيىبنى بوينىغا ئالماق	headword	325_2L.png	unverified
D90-1-04010	ئەيىبدار	headword	325_2L.png	unverified
D90-1-04011	ئەيىبسىز	headword	326_1R.png	unverified
D90-1-04012	ئەيىبكار	headword	326_1R.png	unverified
D90-1-04013	ئەيىبلەش	headword	326_1R.png	unverified
D90-1-04014	ئەيىبلەشنى كەچۈرۈم قىلىش	headword	326_1R.png	unverified
D90-1-04015	ئەيىبلەشمەك	headword	326_1R.png	unverified
D90-1-04016	ئەيىبلەنگۈچى	headword	326_2L.png	unverified
D90-1-04017	ئەيىبلىك	headword	326_2L.png	unverified
D90-1-04018	ئەيىبلىگۈچى	headword	326_2L.png	unverified
D90-1-04020	ئەيىبناق	headword	326_2L.png	unverified
D90-1-04021	ئەيىبنامە	headword	326_2L.png	unverified
D90-1-04022	ئەييام	headword	327_1R.png	unverified
D90-1-04024	ئەيىل	nonstandard	327_2L.png	unverified
D90-1-04024-c1	ئېيىل	corrected_form	327_2L.png	unverified
D90-1-04025	ب	headword	328_1R.png	unverified
D90-1-04026	باب	headword	328_1R.png	unverified
D90-1-04026-i1	بابى	inflected	328_1R.png	unverified
D90-1-04027	باببىت	headword	328_1R.png	unverified
D90-1-04028	بابلىق	headword	328_1R.png	unverified
D90-1-04029	بابمۇباب	headword	328_2L.png	unverified
D90-1-04030	بابۇنە	headword	328_2L.png	unverified
D90-1-04031	بابىدا	headword	328_2L.png	unverified
D90-1-04032	بابىل	headword	328_2L.png	unverified
D90-1-04033	باپ	headword	329_1R.png	unverified
D90-1-04035	باپباراۋەر	headword	329_1R.png	unverified
D90-1-04036	باپباراۋەرلىك	headword	329_1R.png	unverified
D90-1-04037	باپكار	headword	329_2L.png	verified
D90-1-04037-i1	باپكارى	inflected	329_2L.png	verified
D90-1-04038	باپكارچىلىق	nonstandard	329_2L.png	unverified
D90-1-04039	باپكارلىق	headword	329_2L.png	unverified
D90-1-04040	باپلاتماق	headword	329_2L.png	unverified
D90-1-04041	باپلاشماق	headword	329_2L.png	unverified
D90-1-04042	باپلانماق	headword	329_2L.png	unverified
D90-1-04043	باپلىماق	headword	329_2L.png	unverified
D90-1-04044	بات	headword	330_1R.png	unverified
D90-1-04045	بات قىلماق	headword	330_1R.png	unverified
D90-1-04046	باتارېيە	headword	330_1R.png	unverified
D90-1-04047	باتارېيىلىك	headword	330_1R.png	unverified
D90-1-04048	باتاليون	headword	330_1R.png	verified
D90-1-04048-v1	يىڭ	variant	330_1R.png	verified
D90-1-04049	باتچى	headword	330_1R.png	unverified
D90-1-04050	باتخور	headword	330_1R.png	unverified
D90-1-04051	باتراق	headword	330_1R.png	verified
D90-1-04051-v1	ياللانما دېھقان	variant	330_1R.png	verified
D90-1-04052	باتراقلاشماق	headword	330_1R.png	unverified
D90-1-04053	باتراقلىق	headword	330_1R.png	unverified
D90-1-04054	باتىستراتىن	headword	330_1R.png	unverified
D90-1-04055	باتىسىللونوسىتېللار	headword	330_2L.png	unverified
D90-1-04056	باتناتماق	headword	330_2L.png	unverified
D90-1-04057	باتناشماق	headword	330_2L.png	unverified
D90-1-04058	باتامخور	headword	330_2L.png	unverified
D90-1-04059	باتنىماق	headword	330_2L.png	unverified
D90-1-04060	باتۇر	headword	330_2L.png	unverified
D90-1-04061	باتۇرانە	headword	331_1R.png	unverified
D90-1-04062	باتۇرلارچە	headword	331_1R.png	unverified
D90-1-04063	باتۇرلۇق	headword	331_1R.png	unverified
D90-1-04064	باتىل	headword	331_1R.png	unverified
D90-1-04065	باتىن	headword	331_1R.png	unverified
D90-1-04067	باج	headword	331_1R.png	unverified
D90-1-04068	باج تۈرى	headword	331_2L.png	unverified
D90-1-04069	باج تۈزۈمى	headword	331_2L.png	unverified
D90-1-04070	باج خېتى	headword	331_2L.png	unverified
D90-1-04071	باج كەچۈرۈم قىلىش	headword	331_2L.png	unverified
D90-1-04072	باج كىرىمى	headword	331_2L.png	unverified
D90-1-04073	باج نىسبىتى	headword	331_2L.png	unverified
D90-1-04074	باج ئوغرىلاش	headword	331_2L.png	unverified
D90-1-04075	باجا	headword	331_2L.png	unverified
D90-1-04076	باجا بولماق	headword	331_2L.png	unverified
D90-1-04077	باجخانا	headword	331_2L.png	unverified
D90-1-04078	باج-خىراج	headword	332_1R.png	unverified
D90-1-04079	باج-سېلىق	headword	332_1R.png	unverified
D90-1-04080	باجگىر	headword	332_1R.png	unverified
D90-1-04081	باجگىرلىك	headword	332_1R.png	unverified
D90-1-04082	باجلاتقۇزماق	headword	332_1R.png	unverified
D90-1-04083	باجلاتقۇزۇلماق	headword	332_1R.png	unverified
D90-1-04084	باجلاتماق	headword	332_1R.png	unverified
D90-1-04085	باجلانماق	headword	332_1R.png	unverified
D90-1-04086	باجلىماق	headword	332_1R.png	unverified
D90-1-04089	باجىماق	headword	332_2L.png	unverified
D90-1-04091	باچكا	headword	332_2L.png	unverified
D90-1-04093	باچكىلاتماق	headword	332_2L.png	unverified
D90-1-04094	باچكىلىماق	headword	332_2L.png	unverified
D90-1-04095	باخ	headword	332_2L.png	unverified
D90-1-04096	باغ ئەتمەك	headword	332_2L.png	unverified
D90-1-04097	باغ-باخ	headword	332_2L.png	unverified
D90-1-04098	باخ-باخ ئەتمەك	headword	332_2L.png	unverified
D90-1-04098-v1	باخ ئەتمەك	variant	332_2L.png	unverified
D90-1-04099	باخشى	headword	333_1R.png	unverified
D90-1-04101	باخشىلىق	headword	333_1R.png	unverified
D90-1-04102	باخشىلىق قىلماق	headword	333_1R.png	unverified
D90-1-04104	باد	headword	333_1R.png	unverified
D90-1-04105	باداشقان	headword	333_1R.png	unverified
D90-1-04106	باداشقان قۇرماق	headword	333_1R.png	unverified
D90-1-04107	بادارغا	headword	333_1R.png	unverified
D90-1-04108	باداڭ	headword	333_1R.png	verified
D90-1-04111	باداڭدەك	headword	333_2L.png	unverified
D90-1-04112	بادام	headword	333_2L.png	unverified
D90-1-04113	بادامبەز	headword	333_2L.png	unverified
D90-1-04114	بادامچاي	headword	334_1R.png	unverified
D90-1-04115	بادامدوپپا	headword	334_1R.png	unverified
D90-1-04116	بادامقاپاق	headword	334_1R.png	unverified
D90-1-04117	بادامكۆز	headword	334_1R.png	unverified
D90-1-04118	بادامگۈل	headword	334_1R.png	unverified
D90-1-04119	بادامچە	headword	334_1R.png	unverified
D90-1-04120	بادامزار	headword	334_1R.png	unverified
D90-1-04122	باداملىق	headword	334_1R.png	unverified
D90-1-04121	بادامزارلىق	headword	334_1R.png	unverified
D90-1-04123	بادە	headword	334_2L.png	unverified
D90-1-04124	بادرا	headword	334_2L.png	unverified
D90-1-04125	بادراڭ	headword	334_2L.png	unverified
D90-1-04125-v1	بادراڭ كۆز	variant	334_2L.png	unverified
D90-1-04127	بادرەنجى	headword	334_2L.png	unverified
D90-1-04127-v1	بادرەنجى بۇيا	variant	334_2L.png	unverified
D90-1-04129	بادىسابا	headword	334_2L.png	unverified
D90-1-04130	بار	headword	334_2L.png	unverified
D90-1-04131	بار بولماق	headword	335_1R.png	unverified
D90-1-04132	بار ئىكەن، يوق ئىكەن	headword	335_1R.png	unverified
D90-1-06779	بىر بار ئىكەن، بىر يوق ئىكەن	headword	548_2L.png	unverified
D90-1-04133	بارمۇ سىز	headword	335_1R.png	unverified
D90-1-04134	بارنى تەڭ كۆرمەك	headword	335_1R.png	unverified
D90-1-04136	بارا	headword	335_1R.png	unverified
D90-1-04137	بارا ئالتۇنى	headword	335_2L.png	unverified
D90-1-04139	بارا-بارا	headword	335_2L.png	unverified
D90-1-04140	بارابان	headword	335_2L.png	unverified
D90-1-04141	بارابانچى	headword	335_2L.png	unverified
D90-1-04142	بارابانچىلىق	headword	335_2L.png	unverified
D90-1-04143	بارات	headword	335_2L.png	unverified
D90-1-04144	بارات ئاي	headword	335_2L.png	unverified
D90-1-04144-v1	شەبان	variant	335_2L.png	unverified
D90-1-04145	بارات كېچىسى	headword	335_2L.png	unverified
D90-1-04146	باراخسان	nonstandard	335_2L.png	unverified
D90-1-04148	باراقسان	headword	335_2L.png	unverified
D90-1-04147	بارار	headword	335_2L.png	unverified
D90-1-04149	باراقسان بولماق	headword	336_1R.png	unverified
D90-1-04152	باراقسانلاشماق	headword	336_1R.png	unverified
D90-1-04150	باراقسانلاشتۇرماق	headword	336_1R.png	unverified
D90-1-04151	باراقسانلاشتۇرۇلماق	headword	336_1R.png	unverified
D90-1-04153	باراقسانلىق	headword	336_1R.png	unverified
D90-1-04155	باراقسانلىماق	headword	336_1R.png	unverified
D90-1-04156	باراڭ	headword	336_1R.png	unverified
D90-1-04157	باراڭلىق	headword	336_1R.png	unverified
D90-1-04159	باران	headword	336_2L.png	unverified
D90-1-04160	بارانا	headword	336_2L.png	unverified
D90-1-04161	باراۋەت	headword	336_2L.png	unverified
D90-1-04164	باراۋەتخانا	headword	336_2L.png	unverified
D90-1-04165	باراۋەر	headword	336_2L.png	unverified
D90-1-04166	باراۋەر بولماق	headword	337_1R.png	unverified
D90-1-04173	باراۋەرلەشمەك	headword	337_2L.png	unverified
D90-1-04167	باراۋەر تۇرماق	headword	337_1R.png	unverified
D90-1-04168	باراۋەر قىلماق	headword	337_1R.png	unverified
D90-1-04169	باراۋەرسىز	headword	337_1R.png	unverified
D90-1-04170	باراۋەرسىزلىك	headword	337_1R.png	unverified
D90-1-04171	باراۋەرلەشتۈرمەك	headword	337_1R.png	unverified
D90-1-04172	باراۋەرلەشتۈرۈلمەك	headword	337_1R.png	unverified
D90-1-04174	باراۋەرلىك	headword	337_2L.png	unverified
D90-1-04175	باربىت	headword	337_2L.png	unverified
D90-1-04176	بارتو	headword	337_2L.png	unverified
D90-1-04177	بارچە	headword	337_2L.png	unverified
D90-1-04179	بارخان	headword	338_1R.png	unverified
D90-1-04180	بارخانلاشماق	headword	338_1R.png	unverified
D90-1-04180-v1	بارغانلىماق	variant	338_1R.png	unverified
D90-1-04181	بارخانلىماق	headword	338_1R.png	unverified
D90-1-04182	بارداق	headword	338_1R.png	unverified
D90-1-04183	باردۇرماق	headword	338_1R.png	unverified
D90-1-04184	باردى-كەلدى	headword	338_1R.png	unverified
D90-1-04186	بارژا	headword	338_1R.png	unverified
D90-1-04187	بارس	headword	338_1R.png	unverified
D90-1-04187-v1	يولۋاس	variant	338_1R.png	unverified
D90-1-04188	بارغانچە	headword	338_1R.png	unverified
D90-1-04189	بارغانسېرى	headword	338_2L.png	unverified
D90-1-04190	بارغۇزماق	headword	338_2L.png	unverified
D90-1-04191	بارغىندى	headword	338_2L.png	unverified
D90-1-04192	بارقا	headword	338_2L.png	unverified
D90-1-04193	بارگاھ	headword	338_2L.png	unverified
D90-1-04194	بارلاس	headword	338_2L.png	unverified
D90-1-04195	بارلىق	headword	338_2L.png	unverified
D90-1-04197	بارماق	headword	339_1R.png	unverified
D90-1-04199	بارماق پەردىسى	headword	339_2L.png	unverified
D90-1-04200	بارماق تىلى	headword	339_2L.png	unverified
D90-1-04201	بارماق چۆگىلىمىچى	headword	339_2L.png	unverified
D90-1-04202	بارماق سۆڭىكى	headword	339_2L.png	unverified
D90-1-04203	بارماق ۋەزىن	headword	339_2L.png	unverified
D90-1-04204	بارمىقىنى چىشلىمەك	headword	339_2L.png	unverified
D90-1-04207	بارماقتەك	headword	340_2L.png	unverified
D90-1-04208	بارماقچىلىك	headword	340_2L.png	unverified
D90-1-04209	بارماقلىق	headword	340_2L.png	unverified
D90-1-04210	باروگراف	headword	340_2L.png	unverified
D90-1-04211	بارومېتر	headword	340_2L.png	unverified
D90-1-04212	بارومېترلىق	headword	340_2L.png	unverified
D90-1-04213	بارون	headword	340_2L.png	unverified
D90-1-04214	بارى	headword	340_2L.png	unverified
D90-1-04215	بارىنى تەڭ تارتماق	headword	340_2L.png	unverified
D90-1-04216	بارىت	headword	341_1R.png	unverified
D90-1-04217	بارىچە	headword	341_1R.png	unverified
D90-1-04218	بارىدا	headword	341_1R.png	unverified
D90-1-04219	بارىسىدا	headword	341_1R.png	unverified
D90-1-04220	بارىكادا	headword	341_1R.png	unverified
D90-1-04221	بارىكاللا	headword	341_2L.png	unverified
D90-1-04222	بارىكاللا ئوقۇماق	headword	341_2L.png	unverified
D90-1-04223	بارىكاللا ئېيتماق	headword	341_2L.png	unverified
D90-1-04224	بارىگا	nonstandard	341_2L.png	unverified
D90-1-04225	بارىئون	headword	341_2L.png	unverified
D90-1-04226	بارىي	headword	341_2L.png	unverified
D90-1-04228	بارىيلىق	headword	342_1R.png	unverified
D90-1-04229	بار-يوق	headword	342_1R.png	unverified
D90-1-04230	بار-يوق دېمەي	headword	342_1R.png	unverified
D90-1-04231	بار-يوقنىڭ ئارىسىدا	headword	342_1R.png	unverified
D90-1-04232	بار-يوقنىڭ ئورنىدا	headword	342_1R.png	unverified
D90-1-04233	بار-يوقى	headword	342_1R.png	unverified
D90-1-04234	باريېر	headword	342_1R.png	unverified
D90-1-04235	باز	headword	342_2L.png	unverified
D90-1-04277	باز - باز	headword	345_2L.png	unverified
D90-1-04237	بازا	headword	342_2L.png	unverified
D90-1-04238	بازار	headword	342_2L.png	unverified
D90-1-04240	بازار ئالماق	headword	343_1R.png	unverified
D90-1-04241	بازار ئەھلى	headword	343_1R.png	unverified
D90-1-04242	بازار باشقۇرۇش	headword	343_1R.png	unverified
D90-1-04243	بازار باھاسى	headword	343_1R.png	unverified
D90-1-04244	بازار بولماق	headword	343_1R.png	unverified
D90-1-04245	بازار بېگى	headword	343_1R.png	unverified
D90-1-04246	بازار تاپماق	headword	343_1R.png	verified
D90-1-04247	بازار تاشلاش	headword	343_2L.png	unverified
D90-1-04248	بازار تالاشماق	headword	343_2L.png	unverified
D90-1-04249	بازار چاققاننىڭ	headword	343_2L.png	unverified
D90-1-04250	بازاردا بار گەپ	headword	343_2L.png	unverified
D90-1-04251	بازار سودىسى	headword	343_2L.png	unverified
D90-1-04252	بازارغا سالماق	headword	343_2L.png	unverified
D90-1-04253	بازار قىلماق	headword	344_1R.png	unverified
D90-1-04254	بازار قىممىتى	headword	344_1R.png	unverified
D90-1-04255	بازار كۆتۈرمەيدۇ	headword	344_1R.png	unverified
D90-1-04256	بازار كۈنى	headword	344_1R.png	unverified
D90-1-04257	بازار نەرخى	headword	344_1R.png	unverified
D90-1-04258	بازار نېنى	headword	344_1R.png	unverified
D90-1-04259	بازار ئۇچۇرى	headword	344_1R.png	unverified
D90-1-04260	بازار ئىگىلىكى	headword	344_1R.png	unverified
D90-1-04261	بازىرى بار	headword	344_2L.png	unverified
D90-1-04262	بازىرى چاققان	headword	344_2L.png	unverified
D90-1-04266	بازىرى ئىتتىك	headword	344_2L.png	unverified
D90-1-04263	بازىرى چىقماق	headword	344_2L.png	unverified
D90-1-04264	بازىرى كاسات	headword	344_2L.png	unverified
D90-1-04265	بازىرى ئۆلگەن	headword	344_2L.png	unverified
D90-1-04267	بازىرى يوق	headword	344_2L.png	unverified
D90-1-04268	بازارچى	headword	344_2L.png	unverified
D90-1-04269	بازارچىلىماق	headword	344_2L.png	unverified
D90-1-04270	بازارلىق	headword	345_1R.png	unverified
D90-1-04273	بازارلىماق	headword	345_1R.png	unverified
D90-1-04274	بازالت	headword	345_1R.png	unverified
D90-1-04275	بازالتىلىق	headword	345_1R.png	unverified
D90-1-04276	بازالتلىق قاتلام	headword	345_2L.png	unverified
D90-1-04278	باز - بازغا چۈشمەك	headword	345_2L.png	unverified
D90-1-04279	باز - بازغا سالماق	headword	345_2L.png	unverified
D90-1-04280	باز - بازلىماق	headword	345_2L.png	unverified
D90-1-04293	بازلىماق	headword	346_1R.png	unverified
D90-1-04281	بازغان	headword	345_2L.png	unverified
D90-1-04282	بازغانچى	headword	345_2L.png	unverified
D90-1-04283	بازغانچىلىق	headword	345_2L.png	unverified
D90-1-04284	بازغانچىلىق قىلماق	headword	345_2L.png	unverified
D90-1-04285	بازغانلاتقۇزماق	headword	345_2L.png	unverified
D90-1-04286	بازغانلاتماق	headword	346_1R.png	unverified
D90-1-04287	بازغانلىماق	headword	346_1R.png	unverified
D90-1-04288	بازغىتماق	headword	346_1R.png	unverified
D90-1-04289	بازغىشماق	headword	346_1R.png	unverified
D90-1-04290	بازغىماق	headword	346_1R.png	unverified
D90-1-04291	بازلاتماق	headword	346_1R.png	unverified
D90-1-04292	بازلاشماق	headword	346_1R.png	unverified
D90-1-04294	بازېدوپ	headword	346_1R.png	unverified
D90-1-04296	بازىس	headword	346_1R.png	unverified
D90-1-04298	باس	headword	346_2L.png	unverified
D90-1-04300	باس-باس	headword	346_2L.png	unverified
D90-1-04301	باس-باسچىلىق	headword	346_2L.png	unverified
D90-1-04302	باستون	headword	346_2L.png	unverified
D90-1-04303	باستۇرغۇزماق	headword	346_2L.png	unverified
D90-1-04304	باستۇرما	headword	346_2L.png	unverified
D90-1-04305	باستۇرماق	headword	347_1R.png	unverified
D90-1-04306	باستۇرۇپ سۇغارماق	headword	347_1R.png	unverified
D90-1-04307	باستۇرۇپ قويماق	headword	347_1R.png	unverified
D90-1-04336	بېسىپ قويماق	headword	350_1R.png	unverified
D90-1-04308	باستۇرۇپ كەلمەك	headword	347_1R.png	unverified
D90-1-04309	باستۇرۇپ كىرمەك	headword	347_1R.png	unverified
D90-1-04310	باستۇرۇق	headword	347_1R.png	unverified
D90-1-04311	باستۇرۇلماق	headword	347_2L.png	unverified
D90-1-04312	باسقان	headword	347_2L.png	unverified
D90-1-04313	باسقان ئىزىدىن يانماسلىق	headword	347_2L.png	unverified
D90-1-04313-v1	باسقان ئىزىدىن قايتماسلىق	variant	347_2L.png	unverified
D90-1-04314	باسقۇچ	headword	347_2L.png	unverified
D90-1-04317	باسقۇچلۇق	headword	347_2L.png	unverified
D90-1-04319	باسقۇچمۇباسقۇچ	headword	348_1R.png	unverified
D90-1-04320	باسقۇنچى	headword	348_1R.png	unverified
D90-1-04321	باسقۇنچىلىق	headword	348_2L.png	unverified
D90-1-04322	باسما	headword	348_2L.png	unverified
D90-1-04323	باسما تاۋاق	headword	348_2L.png	unverified
D90-1-04324	باسما رەسىم	headword	349_1R.png	unverified
D90-1-04325	باسما زاۋۇت	headword	349_1R.png	unverified
D90-1-04326	باسما شەكىل	headword	349_1R.png	unverified
D90-1-04327	باسما كۆرۈك	headword	349_1R.png	unverified
D90-1-04328	باسما ماتېرىيال	headword	349_1R.png	unverified
D90-1-04329	باسما ھەرپ	headword	349_1R.png	unverified
D90-1-04330	باسما ھەرپ مېتالى	headword	349_1R.png	unverified
D90-1-04331	باسما ئۇلىغۇچ	headword	349_1R.png	unverified
D90-1-04332	باسماق	headword	349_1R.png	unverified
D90-1-04335	بېسىپ چۈشمەك	headword	350_1R.png	unverified
D90-1-04337	بېسىپ كەلمەك	headword	350_1R.png	unverified
D90-1-04338	بېسىپ كىرمەك	headword	350_1R.png	unverified
D90-1-04339	بېسىپ ئولتۇرماق	headword	350_1R.png	unverified
D90-1-04340	بېسىپ ئىشلىمەك	headword	350_2L.png	unverified
D90-1-04341	بېسىپ يېمەك	headword	350_2L.png	unverified
D90-1-04342	باسمادىماق	headword	350_2L.png	unverified
D90-1-04343	باسماقدىماق	headword	350_2L.png	unverified
D90-1-04344	باسماقلىق	headword	350_2L.png	unverified
D90-1-04346	باسماللىماق	nonstandard	350_2L.png	unverified
D90-1-04347	باسمىچى	headword	350_2L.png	unverified
D90-1-04348	باسمىچىلىق	headword	351_1R.png	unverified
D90-1-04349	باسمىخانا	headword	351_1R.png	unverified
D90-1-04350	باسمىل	headword	351_1R.png	unverified
D90-1-04351	باسمىللار	headword	351_1R.png	unverified
D90-1-04352	باسنوشكا	headword	351_1R.png	unverified
D90-1-04353	باسۇت	nonstandard	351_1R.png	unverified
D90-1-05639	بوسۇت	headword	460_2L.png	unverified
D90-1-04354	باسۇرماق	headword	351_1R.png	unverified
D90-1-04355	باش	headword	351_1R.png	unverified
D90-1-04357	باش ئاتماق	headword	352_1R.png	unverified
D90-1-04358	باش ئاغرىقى	headword	352_1R.png	unverified
D90-1-04359	باش ئاغرىقى تاپماق	headword	352_2L.png	unverified
D90-1-04360	باش ئاغرىماق	headword	352_2L.png	unverified
D90-1-04361	باش ئاكۇشېر	headword	352_2L.png	unverified
D90-1-04362	باش ئالماق	headword	352_2L.png	unverified
D90-1-04363	باش ئاۋاز	headword	352_2L.png	unverified
D90-1-04364	باش ئايلانماق	headword	352_2L.png	unverified
D90-1-04365	باش ئەتىياز	headword	353_1R.png	unverified
D90-1-04369	باش باھار	headword	353_1R.png	unverified
D90-1-04366	باش ئەگمەك	headword	353_1R.png	unverified
D90-1-04367	باش ئەلچى	headword	353_1R.png	verified
D90-1-04368	باش بارماق	headword	353_1R.png	unverified
D90-1-04370	باش بەرمەك	headword	353_1R.png	unverified
D90-1-04371	باش بوغالتىر	headword	353_2L.png	unverified
D90-1-04372	باش بولماق	headword	353_2L.png	unverified
D90-1-04373	باش بۇرنى	headword	353_2L.png	unverified
D90-1-04374	باش بۇلغىماق	headword	353_2L.png	unverified
D90-1-04386	باش تولغىماق	headword	354_2L.png	unverified
D90-1-04375	باش بېقىشماق	headword	353_2L.png	unverified
D90-1-04376	باش پەدە	headword	353_2L.png	unverified
D90-1-04377	باش پىتى	headword	354_1R.png	unverified
D90-1-04378	باش پىياز	headword	354_1R.png	unverified
D90-1-04379	باش تاتىلغۇدەك ۋاقىت يوق	headword	354_1R.png	unverified
D90-1-04380	باش تارقماق	headword	354_1R.png	unverified
D90-1-04381	باشتا كۆتۈرمەك	headword	354_1R.png	unverified
D90-1-04382	باش تاۋاق	headword	354_1R.png	unverified
D90-1-04383	باش تەپتىش	headword	354_1R.png	unverified
D90-1-04384	باش تەندىن جۇدا بولماق	headword	354_2L.png	unverified
D90-1-04385	باش توخۇ	headword	354_2L.png	unverified
D90-1-04387	باش تومۇز	headword	354_2L.png	unverified
D90-1-04388	باش تېخنىك	headword	354_2L.png	unverified
D90-1-04389	باش تېرىسى	headword	354_2L.png	unverified
D90-1-04390	باش تېما	headword	354_2L.png	unverified
D90-1-04391	باش تىققۇدەك	headword	355_1R.png	unverified
D90-1-04392	باش تىقماق	headword	355_1R.png	unverified
D90-1-04393	باشتىن ئاخىر	headword	355_1R.png	unverified
D90-1-04394	باشتىن ئاياغ	headword	355_1R.png	unverified
D90-1-04395	باشتىن تۈتۈن چىقماق	headword	355_1R.png	unverified
D90-1-04396	باشتىن كەچۈرمەك	headword	355_1R.png	unverified
D90-1-04397	باشتىن ئۆتكۈزمەك	headword	355_1R.png	unverified
D90-1-04398	باشتىن ئۆرۈمەك	headword	355_2L.png	unverified
D90-1-04399	باشتىن ياغاچ ئوشتۇماق	headword	355_2L.png	unverified
D90-1-04400	باش جايىغا چۈشمەك	headword	355_2L.png	unverified
D90-1-04401	باش جىنايەتچى	headword	355_2L.png	unverified
D90-1-04402	باش چاپارمەن	headword	355_2L.png	unverified
D90-1-04403	باش چايقىماق	headword	355_2L.png	unverified
D90-1-04404	باش چۆكۈرمەك	headword	356_1R.png	unverified
D90-1-04405	باش چۈجە	headword	356_1R.png	unverified
D90-1-04406	باش چۈشۈرمەك	headword	356_1R.png	unverified
D90-1-04407	باش چىقارماق	headword	356_1R.png	unverified
D90-1-04408	باش خوردىلىقلار	headword	356_1R.png	unverified
D90-1-04409	باش دەپتەر	headword	356_1R.png	unverified
D90-1-04410	باش دوختۇر	headword	356_2L.png	unverified
D90-1-04411	باش رول	headword	356_2L.png	unverified
D90-1-04412	باش رول ئالماق	headword	356_2L.png	unverified
D90-1-04413	باش رولچى	headword	356_2L.png	unverified
D90-1-04414	باش ساقايماق	headword	356_2L.png	unverified
D90-1-04415	باش ساقچى	headword	356_2L.png	unverified
D90-1-04416	باش سەردار	headword	356_2L.png	unverified
D90-1-04417	باش سەركەردە	headword	356_2L.png	unverified
D90-1-04418	باش سوتچى	headword	356_2L.png	unverified
D90-1-04419	باش سوراقچى	headword	356_2L.png	unverified
D90-1-04420	باش سۆڭەك بوشلۇقى	headword	357_1R.png	unverified
D90-1-04421	باش سۆڭىكى	headword	357_1R.png	unverified
D90-1-04422	باش سۈيى	headword	357_1R.png	unverified
D90-1-04424	باش سۈيى پەردىسى	headword	357_1R.png	unverified
D90-1-04425	باش سۈيى پەردىلىكلەر	headword	357_1R.png	unverified
D90-1-04426	باش سىلكىمەك	headword	357_1R.png	unverified
D90-1-04427	باش شتاب	headword	357_2L.png	unverified
D90-1-04428	باش خوجىدار	headword	357_2L.png	unverified
D90-1-04429	باش غول سىم	headword	357_2L.png	unverified
D90-1-04430	باش فوكۇس نۇقتىسى	headword	357_2L.png	unverified
D90-1-04431	باشقا ئاق قونماق	headword	357_2L.png	unverified
D90-1-04431-v1	باشقا ئاق سانجىماق	variant	357_2L.png	unverified
D90-1-04432	باشقا ئاق كىرمەك	headword	358_1R.png	unverified
D90-1-04433	باشقا بالا بولماق	headword	358_1R.png	unverified
D90-1-04434	باشقا بالا تېپىۋالماق	headword	358_1R.png	unverified
D90-1-04435	باشقا بالا كەلمەك	headword	358_1R.png	unverified
D90-1-04436	باشقا بەخت قۇشى قونماق	headword	358_1R.png	unverified
D90-1-04437	باشقا پىت چۈشمەك	headword	358_1R.png	unverified
D90-1-04438	باشقا پىت مېلىۋالماق	headword	358_2L.png	unverified
D90-1-04439	باشقا دۆلەت قۇشى قونماق	headword	358_2L.png	unverified
D90-1-04440	باش قاتىماق	headword	358_2L.png	unverified
D90-1-04441	باش قاتۇرماق	headword	358_2L.png	unverified
D90-1-04442	باشقا چىقماق	headword	358_2L.png	unverified
D90-1-04443	باشقا دەسىسمەك	headword	358_2L.png	unverified
D90-1-04444	باشقا سوغۇق سۇ قۇيماق	headword	358_2L.png	unverified
D90-1-04445	باشقا كەلگەننى كۆرمەك	headword	359_1R.png	unverified
D90-1-04446	باشقا كەلمەك	headword	359_1R.png	unverified
D90-1-04447	باشقا كۈن چۈشمەك	headword	359_1R.png	unverified
D90-1-04448	باشقا كۈن كەلمەك	headword	359_1R.png	unverified
D90-1-04449	باشقا كىيمەك	headword	359_1R.png	unverified
D90-1-04450	باشقا ئېلىپ چىقماق	headword	359_1R.png	unverified
D90-1-04451	باشقا ئېلىپ يۈرمەك	headword	359_1R.png	unverified
D90-1-04563	بېشىغا ئېلىپ كۆتۈرمەك	headword	368_1R.png	unverified
D90-1-04452	باش قايغان، پۇت تايغان يەردە يۈرمەك	headword	359_2L.png	unverified
D90-1-04453	باش قايغان تەرەپكە كەتمەك	headword	359_2L.png	unverified
D90-1-04454	باش قايغان يەرگە كەتمەك	headword	359_2L.png	unverified
D90-1-04455	باش قايماق	headword	359_2L.png	unverified
D90-1-04457	باش قوشماق	headword	359_2L.png	unverified
D90-1-04458	باش قوماندان	headword	359_2L.png	unverified
D90-1-04459	باش قوماندانلىق شتابى	headword	360_1R.png	unverified
D90-1-04460	باش قويماق	headword	360_1R.png	unverified
D90-1-04461	باش قۇر	headword	360_1R.png	unverified
D90-1-04462	باش قېتىمچىلىق	headword	360_1R.png	unverified
D90-1-04463	باش قىش	headword	360_1R.png	unverified
D90-1-04464	باش قىلماق	headword	360_1R.png	unverified
D90-1-04465	باش كاتىپ	headword	360_1R.png	unverified
D90-1-04466	باش كەتمەك	headword	360_2L.png	unverified
D90-1-04467	باش كۆتۈرەلمەسلىك	headword	360_2L.png	unverified
D90-1-04468	باش كۆتۈرگۈسىز	headword	360_2L.png	unverified
D90-1-04469	باش كۆتۈرمەك	headword	360_2L.png	unverified
D90-1-04470	باش كۆتۈرمەي	headword	361_1R.png	unverified
D90-1-04471	باش كۆتۈرۈپ يۈرمەك	headword	361_1R.png	unverified
D90-1-04472	باش كۈز	headword	361_1R.png	unverified
D90-1-04473	باش كېپەكى	headword	361_1R.png	unverified
D90-1-04474	باش كېسەر	headword	361_1R.png	unverified
D90-1-04474-v1	كاللا كېسەر	variant	361_1R.png	unverified
D90-1-04475	باش كېلىش	headword	361_1R.png	unverified
D90-1-04476	باش كىيىم	headword	361_1R.png	unverified
D90-1-04477	باش لۇشىيەن	headword	361_2L.png	unverified
D90-1-04478	باش لىڭشىتماق	headword	361_2L.png	unverified
D90-1-04479	باش ماقالە	headword	361_2L.png	unverified
D90-1-04480	باش مېڭە	headword	361_2L.png	unverified
D90-1-04481	باش ناخشىچى	headword	361_2L.png	unverified
D90-1-04482	باشنى تاتىلىماق	headword	362_1R.png	unverified
D90-1-04483	باشنى تاشقا ئۇرغان بىلەنمۇ	headword	362_1R.png	unverified
D90-1-04484	باشنى تامغا ئۇرغان بىلەن	headword	362_1R.png	unverified
D90-1-04485	باشنى تۇتۇپ قالماق	headword	362_1R.png	unverified
D90-1-04486	باشنى تىكەپ قويماق	headword	362_1R.png	unverified
D90-1-04487	باشنى قاپاق قىلىۋالماق	headword	362_1R.png	unverified
D90-1-04488	باشنى قاشلىماق	headword	362_1R.png	unverified
D90-1-04489	باشنى ئوچاق ئەتمەك	headword	362_1R.png	unverified
D90-1-04490	باشنى ئوچاق قىلىۋەتمەك	headword	362_2L.png	unverified
D90-1-04491	باشنى ئىچىگە تىقىپ يۈرمەك	headword	362_2L.png	unverified
D90-1-04492	باشنى ئىچىگە تىقىۋالماق	headword	362_2L.png	unverified
D90-1-04493	باشنىڭ ئىچىمۇ، تېشىمۇ قاتماق	headword	362_2L.png	unverified
D90-1-04494	باش ئۇچى يوق	headword	362_2L.png	unverified
D90-1-04494-v1	باش-ئايىغى يوق	variant	362_2L.png	unverified
D90-1-04495	باش ئۇرماق	headword	362_2L.png	unverified
D90-1-04496	باش ئۈستىگە	headword	363_1R.png	unverified
D90-1-04497	باش ۋالىي	headword	363_1R.png	unverified
D90-1-04498	باش ۋەزىپە	headword	363_1R.png	unverified
D90-1-04499	باش ۋەزىر	headword	363_1R.png	unverified
D90-1-04500	باش ئېلىپ كەتمەك	headword	363_1R.png	unverified
D90-1-04501	باش ئىچكى بېسىمى	headword	363_2L.png	unverified
D90-1-04502	باش ئىرغىتماق	headword	363_2L.png	unverified
D90-1-04503	باش ياچېيكا	headword	363_2L.png	unverified
D90-1-04504	باش ياز	headword	363_2L.png	unverified
D90-1-04505	باش ياستۇققا يەتكەندە	headword	363_2L.png	unverified
D90-1-04506	باش ياغلىق	headword	363_2L.png	unverified
D90-1-04507	باش يامغۇر	headword	363_2L.png	unverified
D90-1-04508	باش يۇرغا	headword	363_2L.png	unverified
D90-1-04509	باشى يىغىنى	headword	363_2L.png	unverified
D90-1-04510	بېشى ئاسمانغا تاقاشماق	headword	364_1R.png	unverified
D90-1-04511	بېشى ئاسمانغا يەتمەك	headword	364_1R.png	unverified
D90-1-04512	بېشى ئاقارماق	headword	364_1R.png	unverified
D90-1-04513	بېشى ئامان بولماق	headword	364_1R.png	unverified
D90-1-04514	بېشى باش، ئايىغى تاش بولسۇن	headword	364_1R.png	unverified
D90-1-04515	بېشى باش پاقالچىقى تاش بولسۇن	headword	364_1R.png	unverified
D90-1-04516	بېشى باغلاقلىق	headword	364_2L.png	unverified
D90-1-04517	بېشى باغلانماق	headword	364_2L.png	unverified
D90-1-04518	بېشى بوش	headword	364_2L.png	unverified
D90-1-04519	بېشى بۇلۇتقا تاقاشماق	headword	364_2L.png	unverified
D90-1-04520	بېشى بىر يەردە بولماق	headword	364_2L.png	unverified
D90-1-04521	بېشى بىلەن	headword	364_2L.png	unverified
D90-1-04523	بېشى پەلەككە يەتمەك	headword	365_1R.png	unverified
D90-1-04524	بېشى پىشماق	headword	365_1R.png	unverified
D90-1-04525	بېشى تەۋرەپ قالماق	headword	365_1R.png	unverified
D90-1-04526	بېشى تۆرىمەك	headword	365_1R.png	unverified
D90-1-04527	بېشى تۆۋەنلىمەك	headword	365_1R.png	unverified
D90-1-04534	بېشى چۈشمەك	headword	365_2L.png	unverified
D90-1-04528	بېشى جايىدا	headword	365_1R.png	unverified
D90-1-04529	بېشى جايىدا ئەمەس	headword	365_1R.png	unverified
D90-1-04530	بېشى جايىغا چۈشمەك	headword	365_1R.png	unverified
D90-1-04531	بېشىچە كىرىپ كەتمەك	headword	365_2L.png	unverified
D90-1-04531-v1	بېشى بىلەن كىرىپ كەتمەك	variant	365_2L.png	unverified
D90-1-04532	بېشى چوڭ	headword	365_2L.png	unverified
D90-1-04533	بېشى چوڭلۇق قىلماق	headword	365_2L.png	unverified
D90-1-04535	بېشىدا بولماق	headword	365_2L.png	unverified
D90-1-04536	بېشىدا پەرۋانە بولماق	headword	365_2L.png	unverified
D90-1-04537	بېشىدا تۇرماق	headword	365_2L.png	unverified
D90-1-04538	بېشىدا زاغۇنى بار	headword	365_2L.png	unverified
D90-1-04587	بېشىنىڭ سۈيى بار	headword	369_2L.png	unverified
D90-1-04539	بېشىدا قامچا ئويناتماق	headword	366_1R.png	unverified
D90-1-04540	بېشىدا ئوت كۆيمەك	headword	366_1R.png	unverified
D90-1-04541	بېشىدا ئولتۇرماق	headword	366_1R.png	unverified
D90-1-04542	بېشىدا ياڭاق چاقماق	headword	366_1R.png	unverified
D90-1-04543	بېشىدىن تارتىپ تاپىنىغىچە	headword	366_1R.png	unverified
D90-1-04544	بېشىدىن تۈتۈن چىقارماق	headword	366_1R.png	unverified
D90-1-04545	بېشىدىن تۈتۈن چىقىپ كەتمەك	headword	366_2L.png	unverified
D90-1-04546	بېشىدىن قورقماق	headword	366_2L.png	unverified
D90-1-04547	بېشىدىن ئۆتكەن	headword	366_2L.png	unverified
D90-1-04548	بېشىدىن ئىسسىق-سوغۇق ئۆتمەك	headword	366_2L.png	unverified
D90-1-04549	بېشى سېلىنماق	headword	366_2L.png	unverified
D90-1-04550	بېشىغا تاغ كىيىلمەك	headword	366_2L.png	verified
D90-1-04550-v1	بېشىغا تاغ يىقىلماق	variant	366_2L.png	verified
D90-1-04551	بېشىغا تاڭماق	headword	367_1R.png	unverified
D90-1-04551-v1	چېكىسىگە تاڭماق	variant	367_1R.png	unverified
D90-1-04552	بېشىغا توپا چاچماق	headword	367_1R.png	unverified
D90-1-04556	بېشىغا سۇ قۇيماق	headword	367_1R.png	unverified
D90-1-04553	بېشىغا چاڭگا تىزماق	headword	367_1R.png	unverified
D90-1-04554	بېشىغا چۈشمەك	headword	367_1R.png	unverified
D90-1-04555	بېشىغا چىقماق	headword	367_1R.png	unverified
D90-1-04557	بېشىغا سىركە قۇيۇۋالماق	headword	367_2L.png	unverified
D90-1-04557-v1	بېشىغا پىت سېلىۋالماق	variant	367_2L.png	unverified
D90-1-04558	بېشىغا غەم چۈشمەك	headword	367_2L.png	unverified
D90-1-04559	بېشىغا غەم كەلمەك	headword	367_2L.png	unverified
D90-1-04560	بېشىغا كىيىلمەك	headword	367_2L.png	unverified
D90-1-04561	بېشىغا مىنمەك	headword	367_2L.png	unverified
D90-1-04562	بېشىغا ئوت ياقماق	headword	367_2L.png	unverified
D90-1-04564	بېشىغا ئىسىستيما چۈشمەك	headword	368_1R.png	unverified
D90-1-04565	بېشى قاتتىق	headword	368_1R.png	unverified
D90-1-04566	بېشى كۆككە يەتمەك	headword	368_1R.png	unverified
D90-1-04567	بېشى گاڭگىرەماق	headword	368_1R.png	unverified
D90-1-04568	بېشىڭىز نەدە ئاقارغان	headword	368_1R.png	unverified
D90-1-04569	بېشىنى ئالماق	headword	368_1R.png	unverified
D90-1-04570	بېشىنى ئايلاندۇرماق	headword	368_1R.png	unverified
D90-1-04572	بېشىنى باغلىماق	headword	368_2L.png	unverified
D90-1-04573	بېشىنى بىر قىلىپ قويماق	headword	368_2L.png	unverified
D90-1-04574	بېشىنى بىر ياقلىق قىلماق	headword	368_2L.png	unverified
D90-1-04588	بېشىنى ئوڭلىماق	headword	369_2L.png	unverified
D90-1-04575	بېشىنى پىت باسماق	headword	368_2L.png	unverified
D90-1-04576	بېشىنى تاشقا تۇرسۇمۇ	headword	368_2L.png	unverified
D90-1-04576-v1	بېشىنى تاشقا ئۇرغان بىلەنمۇ	variant	368_2L.png	unverified
D90-1-04577	بېشىنى تۆۋەن سالماق	headword	368_2L.png	verified
D90-1-04579	بېشىنى تىك تۇتماق	headword	369_1R.png	unverified
D90-1-04580	بېشىنى چېتىپ قويماق	headword	369_1R.png	unverified
D90-1-04581	بېشىنى سالماق	headword	369_1R.png	unverified
D90-1-04582	بېشىنى سىلماق	headword	369_1R.png	unverified
D90-1-04583	بېشىنى قايدۇرماق	headword	369_1R.png	unverified
D90-1-04584	بېشىنى قايمۇقتۇرماق	headword	369_2L.png	unverified
D90-1-04585	بېشىنى قوشۇپ قويماق	headword	369_2L.png	unverified
D90-1-04585-v1	بېشى بىر قىلىپ قويماق	variant	369_2L.png	unverified
D90-1-04586	بېشىنى قېتىپ قويماق	headword	369_2L.png	unverified
D90-1-04589	بېشىنى ئېلىپ چىقىپ كەتمەك	headword	369_2L.png	unverified
D90-1-04590	بېشىنى ئىككى قىلىپ قويماق	headword	369_2L.png	unverified
D90-1-04591	بېشىنى يەيدىغان	headword	369_2L.png	unverified
D90-1-04592	بېشىنى يېمەك	headword	370_1R.png	unverified
D90-1-04593	بېشى ئوچۇق	headword	370_1R.png	unverified
D90-1-04594	بېشى ئون ئەمەس	headword	370_1R.png	unverified
D90-1-04595	بېشى ئېغىرلاشماق	headword	370_1R.png	unverified
D90-1-04596	بېشى ئىشىشىپ قالماق	headword	370_1R.png	unverified
D90-1-04597	بېشى يوغىناپ كەتمەك	headword	370_1R.png	unverified
D90-1-04598	باش-ئاخىرى	headword	370_1R.png	unverified
D90-1-04598-v1	باش-ئايىغى	variant	370_1R.png	unverified
D90-1-04599	باش-ئاخىرى يوق	headword	370_1R.png	unverified
D90-1-04600	باشاق	headword	370_2L.png	unverified
D90-1-04601	باشاق تاللاش	headword	370_2L.png	unverified
D90-1-04602	باشاق مۈڭگۈزى	headword	370_2L.png	unverified
D90-1-04603	باشاق مۈڭگۈزى زەمبۇرۇغى	headword	370_2L.png	unverified
D90-1-04604	باشاق ئوقى	headword	371_1R.png	unverified
D90-1-04606	باشاقسىمان	headword	371_1R.png	unverified
D90-1-04607	باشاقسىمان گۈل رېتى	headword	371_1R.png	unverified
D90-1-04608	باشاقلانماق	headword	371_1R.png	unverified
D90-1-04609	باشاقلىق	headword	371_1R.png	unverified
D90-1-04610	باشاقلىقلار ئائىلىسى	headword	371_1R.png	unverified
D90-1-04611	باشاقلىماق	headword	371_1R.png	unverified
D90-1-04612	باش-ئاياغ	headword	371_2L.png	unverified
D90-1-04613	باش- ئايىغى	headword	371_2L.png	unverified
D90-1-04614	باش - ئايىغى چىقماق	headword	371_2L.png	unverified
D90-1-04615	باش - ئايىغىغا قارىماق	headword	371_2L.png	unverified
D90-1-04616	باش - ئايىغىنىڭ تايىنى يوق	headword	371_2L.png	unverified
D90-1-04617	باش - ئايىغى يوق	headword	371_2L.png	unverified
D90-1-04618	باشباشتاق	headword	371_2L.png	unverified
D90-1-04619	باشباشتاقلىق	headword	371_2L.png	unverified
D90-1-04620	باشباغ	headword	372_1R.png	unverified
D90-1-04621	باشپاناھ	headword	372_1R.png	unverified
D90-1-04623	باشپاناھسىز	headword	372_1R.png	unverified
D90-1-04624	باشپاناھلىق	headword	372_2L.png	unverified
D90-1-04625	باشتا	headword	372_2L.png	unverified
D90-1-04626	باشچى	headword	372_2L.png	unverified
D90-1-04627	باشچىلىق	headword	372_2L.png	unverified
D90-1-04629	باشسىز	headword	372_2L.png	unverified
D90-1-04630	باشسىمان	headword	373_1R.png	unverified
D90-1-04631	باشقا	headword	373_1R.png	unverified
D90-1-04636	باشقىلارنىڭ چاپىنىدا تەرلىمەك	headword	373_2L.png	unverified
D90-1-04636-v1	باشقىلارنىڭ جۇۋىسىدا تەرلەش	variant	373_2L.png	unverified
D90-1-04637	باشقىلارنىڭ دېپىغا ئۇسسۇل ئوينىماق	headword	373_2L.png	unverified
D90-1-04638	باشقىلارنىڭ قولىغا تەلمۈرمەك	headword	373_2L.png	unverified
D90-1-04639	باشقىلارنىڭ كەتمىنىنى چاپماق	headword	373_2L.png	unverified
D90-1-04641	باشقارما	headword	373_2L.png	unverified
D90-1-04642	باشقۇرتماق	headword	374_1R.png	unverified
D90-1-04643	باشقۇرغۇچى	headword	374_1R.png	unverified
D90-1-04646	باشقۇرماق	headword	374_1R.png	unverified
D90-1-04647	باشقۇرۇش	headword	374_1R.png	unverified
D90-1-04649	باشقۇرۇش ھوقۇقى	headword	374_2L.png	unverified
D90-1-04650	باشقۇرۇش ئۈستاي	headword	374_2L.png	unverified
D90-1-04651	باشقۇرۇشماق	headword	374_2L.png	unverified
D90-1-04652	باشقۇرۇلماق	headword	374_2L.png	unverified
D90-1-04653	باشقۇرۇلىدىغان بومبا	headword	374_2L.png	unverified
D90-1-04654	باشقىچە	headword	374_2L.png	unverified
D90-1-04655	باشقىچە ئىش تۇتماق	headword	375_1R.png	unverified
D90-1-04656	باشقىچە يول تۇتماق	headword	375_1R.png	unverified
D90-1-04657	باشقىرت	headword	375_1R.png	unverified
D90-1-04659	باشقىرتلار	headword	375_1R.png	unverified
D90-1-04658	باشقىرتچە	headword	375_1R.png	unverified
D90-1-04660	باش-كۆز	headword	375_1R.png	unverified
D90-1-04661	باش-كۆزدىن سەدىقە	headword	375_1R.png	unverified
D90-1-04662	باشلاپ	headword	375_2L.png	unverified
D90-1-04663	باشلاتقۇزماق	headword	375_2L.png	unverified
D90-1-04665	باشلاتماق	headword	375_2L.png	unverified
D90-1-04667	باشلاشماق	headword	375_2L.png	unverified
D90-1-04668	باشلام	headword	376_1R.png	unverified
D90-1-04669	باشلامباش	headword	376_1R.png	unverified
D90-1-04670	باشلامچى	headword	376_1R.png	unverified
D90-1-04672	باشلامچىلىق	headword	376_2L.png	unverified
D90-1-04673	باشلامچىلىق قىلماق	headword	376_2L.png	unverified
D90-1-04674	باشلانغۇچ	headword	376_2L.png	unverified
D90-1-04675	باشلانغۇچ جامائە	headword	376_2L.png	unverified
D90-1-04676	باشلانغۇچ جەمئىيەت	headword	377_1R.png	unverified
D90-1-04677	باشلانغۇچ كوممۇنا	headword	377_1R.png	unverified
D90-1-04678	باشلانغۇچ مائارىپ	headword	377_1R.png	unverified
D90-1-04679	باشلانغۇچ مەكتەپ	headword	377_1R.png	unverified
D90-1-04680	باشلانما	headword	377_1R.png	verified
D90-1-04681	باشلانماق	headword	377_2L.png	verified
D90-1-04683	باشلىق	headword	377_2L.png	unverified
D90-1-04685	باشلىقسىمان	headword	378_1R.png	unverified
D90-1-04686	باشلىقلىق	headword	378_1R.png	unverified
D90-1-04688	باشلىق-ماشلىق	headword	378_1R.png	unverified
D90-1-04689	باشلىماق	headword	378_1R.png	unverified
D90-1-04691	باشلىنىش	headword	378_2L.png	unverified
D90-1-04692	باشلىنىش مۇزىكىسى	headword	378_2L.png	unverified
D90-1-04693	باشماق	headword	378_2L.png	unverified
D90-1-04694	باشمالتاق	headword	378_2L.png	unverified
D90-1-04695	باشمۇباش	headword	378_2L.png	unverified
D90-1-04696	باشمۇباش تېگىشمەك	headword	379_1R.png	unverified
D90-1-04697	باشنىك	headword	379_1R.png	unverified
D90-1-04697-v1	تور دوپپا	variant	379_1R.png	unverified
D90-1-04698	باشۋاغ	nonstandard	379_1R.png	unverified
D90-1-04700	باغ	headword	379_1R.png	unverified
D90-1-04704	باغ باغلىماق	headword	379_2L.png	unverified
D90-1-04705	باغاش	headword	379_2L.png	unverified
D90-1-04706	باغاش ئەتمەك	headword	379_2L.png	unverified
D90-1-04707	باغاشلاشماق	headword	379_2L.png	unverified
D90-1-04708	باغاشلىماق	headword	379_2L.png	unverified
D90-1-04709	باغاق	headword	379_2L.png	unverified
D90-1-04710	باغاقچە	headword	380_1R.png	unverified
D90-1-04711	باغبانە	headword	380_1R.png	unverified
D90-1-04712	باغ - بوستان	headword	380_1R.png	unverified
D90-1-04713	باغ - بوستانلاشماق	headword	380_1R.png	unverified
D90-1-04714	باغ - بوستانلىق	headword	380_1R.png	unverified
D90-1-04715	باغجانلىماق	headword	380_1R.png	unverified
D90-1-04716	باغچا	nonstandard	380_1R.png	unverified
D90-1-04717	باغچە	headword	380_1R.png	unverified
D90-1-04718	باغچى	headword	380_2L.png	verified
D90-1-04719	باغدار	headword	380_2L.png	unverified
D90-1-04720	باغدىن - تاغدىن	headword	380_2L.png	unverified
D90-1-04721	باغلاتقۇزماق	headword	380_2L.png	unverified
D90-1-04722	باغلاتماق	headword	380_2L.png	unverified
D90-1-04723	باغلاشتۇرماق	headword	381_1R.png	unverified
D90-1-04724	باغلاشتۇرۇلماق	headword	381_1R.png	unverified
D90-1-04725	باغلاشماق	headword	381_1R.png	unverified
D90-1-04726	باغلاق	headword	381_1R.png	unverified
D90-1-04727	باغلاقسىز	headword	381_2L.png	unverified
D90-1-04728	باغلاقلىق	headword	381_2L.png	unverified
D90-1-04729	باغلام	headword	381_2L.png	unverified
D90-1-04730	باغلام-باغلام	headword	381_2L.png	unverified
D90-1-04731	باغلانما	headword	381_2L.png	unverified
D90-1-04733	باغلانماق	headword	382_1R.png	unverified
D90-1-04734	باغلىغۇچى	headword	382_1R.png	unverified
D90-1-04735	باغلىق	headword	382_1R.png	unverified
D90-1-04737	باغلىماق	headword	382_2L.png	unverified
D90-1-04738	باغلىنىش	headword	383_1R.png	unverified
D90-1-04739	باغلنىشلىق	headword	383_2L.png	unverified
D90-1-04742	باغمۇباغ	headword	383_2L.png	unverified
D90-1-04743	باغۇ بوستان	headword	383_2L.png	unverified
D90-1-04744	باغ-ۋاران	headword	383_2L.png	unverified
D90-1-04745	باغ-ۋارانلاشماق	headword	383_2L.png	unverified
D90-1-04746	باغۋەن	headword	384_1R.png	unverified
D90-1-04747	باغۋەنچىلىك	headword	384_1R.png	unverified
D90-1-04748	باغۋەنلىك	headword	384_1R.png	unverified
D90-1-04749	باغىبان	headword	384_1R.png	unverified
D90-1-04750	باغىر	headword	384_1R.png	unverified
D90-1-04751	باغرى تاش	headword	384_2L.png	unverified
D90-1-04752	باغرى تاشلىق	headword	384_2L.png	unverified
D90-1-04753	باغرى تاشلىق قىلماق	headword	384_2L.png	unverified
D90-1-04754	باغرى چىدىماق	headword	384_2L.png	unverified
D90-1-04755	باغرى خۇن	headword	384_2L.png	unverified
D90-1-04762	باغرى قان	headword	385_1R.png	unverified
D90-1-04756	باغرى خۇن بولماق	headword	384_2L.png	unverified
D90-1-04763	باغرى قان بولماق	headword	385_1R.png	unverified
D90-1-04757	باغرى سۇنۇق	headword	384_2L.png	unverified
D90-1-04758	باغرىغا باسماق	headword	385_1R.png	unverified
D90-1-04759	باغرى قاتتىق	headword	385_1R.png	unverified
D90-1-04760	باغرى قاتتىقلىق	headword	385_1R.png	unverified
D90-1-04761	باغرى قارا قان	headword	385_1R.png	unverified
D90-1-04764	باغرى قانماق	headword	385_1R.png	unverified
D90-1-04764-v1	كۆڭلى قانماق	variant	385_1R.png	unverified
D90-1-04765	باغرى كاۋاپ	headword	385_1R.png	unverified
D90-1-04766	باغرى كاۋاپ بولماق	headword	385_2L.png	unverified
D90-1-04767	باغرى كەڭ	headword	385_2L.png	unverified
D90-1-04768	باغرىنى ئەزمەك	headword	385_2L.png	unverified
D90-1-04769	باغرىنى تىلماق	headword	385_2L.png	unverified
D90-1-04770	باغرىنى چاك ئەتمەك	headword	385_2L.png	unverified
D90-1-04771	باغرى ئىسسىق	headword	385_2L.png	unverified
D90-1-04772	باغرى يۇمشاق	headword	386_1R.png	unverified
D90-1-04772-v1	كۆڭلى يۇمشاق	variant	386_1R.png	unverified
D90-1-04773	باغرى يۇمشاقلىق	headword	386_1R.png	unverified
D90-1-04773-v1	كۆڭلى يۇمشاقلىق	variant	386_1R.png	unverified
D90-1-04774	باغىرتاق	headword	386_1R.png	unverified
D90-1-04775	باغىرلاتماق	headword	386_1R.png	unverified
D90-1-04776	باغىرلاشماق	headword	386_1R.png	unverified
D90-1-04777	باغىرلىغۇچى	headword	386_1R.png	unverified
D90-1-04779	باغىرلىماق	headword	386_1R.png	unverified
D90-1-04780	باقار	headword	386_2L.png	unverified
D90-1-04781	باقالى	headword	386_2L.png	unverified
D90-1-04782	باقان	headword	386_2L.png	unverified
D90-1-04783	باقاندەك	headword	386_2L.png	unverified
D90-1-04784	باقاۋۇل	headword	386_2L.png	unverified
D90-1-04785	باقتۇرغۇزماق	headword	386_2L.png	unverified
D90-1-04786	باقتۇرماق	headword	387_1R.png	unverified
D90-1-04787	باققال	headword	387_1R.png	unverified
D90-1-04788	باققالچىلىق	nonstandard	387_1R.png	unverified
D90-1-04789	باققاللىق	headword	387_1R.png	unverified
D90-1-04790	باقما	headword	387_1R.png	unverified
D90-1-04791	باقماق	headword	387_1R.png	unverified
D90-1-04793	باقمىچى	headword	388_1R.png	unverified
D90-1-04794	باقمىچلىق	headword	388_1R.png	unverified
D90-1-04795	باقىئە	headword	388_1R.png	unverified
D90-1-04796	باقىمەندە	headword	388_1R.png	unverified
D90-1-04797	باقىمەندىلىك	headword	388_1R.png	unverified
D90-1-04798	باقىي	headword	388_1R.png	unverified
D90-1-04800	باك	headword	388_2L.png	unverified
D90-1-04801	باكالاۋر	headword	388_2L.png	unverified
D90-1-04802	باكتېرىئوفاگ	headword	388_2L.png	unverified
D90-1-04804	باكتېرىئولوگ	headword	388_2L.png	unverified
D90-1-04819	باكتېرىيىشۇناس	headword	390_1R.png	unverified
D90-1-04805	باكتېرىئولوگىيە	headword	388_2L.png	unverified
D90-1-04820	باكتېرىيىشۇناسلىق	headword	390_1R.png	unverified
D90-1-04806	باكتېرىيە	headword	388_2L.png	unverified
D90-1-04807	باكتېرىيە ئانتىگېنى	headword	389_1R.png	unverified
D90-1-04808	باكتېرىيە بومبىسى	headword	389_1R.png	unverified
D90-1-04809	باكتېرىيە توپلىمى	headword	389_1R.png	unverified
D90-1-04810	باكتېرىيە توشۇغۇچى	headword	389_1R.png	unverified
D90-1-04811	باكتېرىيە خلوروفىلى	headword	389_1R.png	unverified
D90-1-04812	باكتېرىيە قوراللىرى	headword	389_2L.png	unverified
D90-1-04813	باكتېرىيە ئوغۇتى	headword	389_2L.png	unverified
D90-1-04814	باكتېرىيە ئۇرۇشى	headword	389_2L.png	unverified
D90-1-04815	باكتېرىيە ئېرىتكۈچ	headword	389_2L.png	unverified
D90-1-04816	باكتېرىيىگە قارشى فاكتور	headword	389_2L.png	unverified
D90-1-04817	باكتېرىيىگە قارشى قان زەردابى	headword	389_2L.png	unverified
D90-1-04818	باكتېرىيىلەرنى چەكلەش رولى	headword	390_1R.png	unverified
D90-1-04821	باكتېرىيىلىك	headword	390_1R.png	unverified
D90-1-04824	باكتېرىن	headword	390_2L.png	unverified
D90-1-04824-v1	ۋاكىسنا	variant	390_2L.png	unverified
D90-1-04825	باكېلىت	headword	390_2L.png	unverified
D90-1-04826	باگاژ	headword	390_2L.png	verified
D90-1-04826-i1	باگاژى	inflected	390_2L.png	verified
D90-1-04828	باگۇچىلىق	headword	390_2L.png	unverified
D90-1-04832	باڭلىق	headword	390_2L.png	unverified
D90-1-04832-v1	قاداقلىق	variant	390_2L.png	unverified
D90-1-04833	بال	headword	390_2L.png	unverified
D90-1-04835	بال قوشۇقى	headword	391_1R.png	unverified
D90-1-04836	بال ھەرىسى	headword	391_1R.png	unverified
D90-1-04838	بالا	headword	391_1R.png	unverified
D90-1-04839	بالا باقۇچى	headword	391_2L.png	unverified
D90-1-04840	بالا بولماق	headword	391_2L.png	unverified
D90-1-04841	بالا تاپماق	headword	391_2L.png	unverified
D90-1-04842	بالا تاشلاش	headword	391_2L.png	unverified
D90-1-04843	بالا تام	headword	391_2L.png	unverified
D90-1-04844	بالا سىزىپ كەتمەك	headword	391_2L.png	unverified
D90-1-04845	بالا قوزغالماق	headword	392_1R.png	unverified
D90-1-04846	بالا قىلماق	headword	392_1R.png	unverified
D90-1-04847	بالا قۇلۇن	headword	392_1R.png	unverified
D90-1-04848	بالا كەش	headword	392_1R.png	unverified
D90-1-04849	بالالار	headword	392_1R.png	unverified
D90-1-04850	بالا كۆرمەك	headword	392_1R.png	unverified
D90-1-04851	بالا كىچىك	headword	392_1R.png	unverified
D90-1-04852	بالا مالاي	headword	392_1R.png	unverified
D90-1-04853	بالا مەش	headword	392_1R.png	unverified
D90-1-04854	بالا ھەمراھى	headword	392_2L.png	unverified
D90-1-04855	بالا ئىشچى	headword	392_2L.png	unverified
D90-1-04856	بالا يەڭ	headword	392_2L.png	unverified
D90-1-04857	بالا يۈزى كۆرمەك	headword	392_2L.png	unverified
D90-1-04858	بالىلار ئەدەبىياتى	headword	392_2L.png	unverified
D90-1-04859	بالىلار باغچىسى	headword	392_2L.png	unverified
D90-1-04860	بالىلار بايرىمى	headword	393_1R.png	unverified
D90-1-04861	بالىلار بۆلۈمى	headword	393_1R.png	unverified
D90-1-04862	بالىلار پالەچى	headword	393_1R.png	unverified
D90-1-04863	بالىلار پىسخولوگىيىسى	headword	393_1R.png	unverified
D90-1-04864	بالىلار تياتىرى	headword	393_1R.png	unverified
D90-1-04865	بالىلار چۆچىكى	headword	393_1R.png	unverified
D90-1-04866	بالىلار سارىيى	headword	393_1R.png	unverified
D90-1-04866-v1	ئۆسمۈرلەر سارىيى	variant	393_1R.png	unverified
D90-1-04867	بالىلار فىلىمى	headword	393_1R.png	unverified
D90-1-04869	بالىلار قوشىقى	headword	393_2L.png	unverified
D90-1-04870	بالىلار كۇتۇپخانىسى	headword	393_2L.png	unverified
D90-1-04871	بالىلار كۇلۇبى	headword	393_2L.png	unverified
D90-1-04872	بالىلار كۆرگەزمىسى	headword	393_2L.png	unverified
D90-1-04873	بالىلار كېسەللىكلىرى ئىلمى	headword	393_2L.png	unverified
D90-1-04874	بالىلار كىنوخانىسى	headword	393_2L.png	unverified
D90-1-04875	بالىلار كىيىملىرى	headword	394_1R.png	unverified
D90-1-04876	بالىلار لاگېرى	headword	394_1R.png	unverified
D90-1-04877	بالىلار مائارىپى	headword	394_1R.png	unverified
D90-1-04878	بالىلار ناخشىسى	headword	394_1R.png	unverified
D90-1-04879	بالىلار ئويۇنى	headword	394_1R.png	unverified
D90-1-04880	بالىلار ئويۇنچۇقى	headword	394_1R.png	unverified
D90-1-04881	بالىلار ئۆمىكى	headword	394_1R.png	unverified
D90-1-04882	بالىلار ئۆيى	headword	394_1R.png	unverified
D90-1-04888	بالادا قالماق	headword	395_1R.png	unverified
D90-1-04889	بالاغا تىقماق	headword	395_1R.png	unverified
D90-1-04890	بالاغا دۇچار قىلماق	headword	395_1R.png	unverified
D90-1-04891	بالاغا سالماق	headword	395_1R.png	unverified
D90-1-04892	بالاغا قالماق	headword	395_1R.png	unverified
D90-1-04893	بالاغا قويماق	headword	395_1R.png	unverified
D90-1-04894	بالا كەلمەك	headword	395_1R.png	unverified
D90-1-04895	بالانى ھاپ ئېتىدىغان	headword	395_2L.png	unverified
D90-1-04896	بالانى يەيدىغان	headword	395_2L.png	unverified
D90-1-04897	بالا ئۈستىگە قازا كەلمەك	headword	395_2L.png	unverified
D90-1-04898	بالا ياغماق	headword	395_2L.png	unverified
D90-1-04899	بالا يەتمەك	headword	395_2L.png	unverified
D90-1-04901	بالا بېشى	headword	395_2L.png	unverified
D90-1-04902	بالا-چاقا	headword	395_2L.png	unverified
D90-1-04903	بالا-چاقىلىق	headword	396_1R.png	unverified
D90-1-04904	بالاخور	headword	396_1R.png	unverified
D90-1-04905	بالاخورلۇق	headword	396_1R.png	unverified
D90-1-04906	بالادەك	headword	396_1R.png	unverified
D90-1-04908	بالاغەت	headword	396_1R.png	unverified
D90-1-04911	بالا-قازا	headword	396_2L.png	unverified
D90-1-04912	بالالايكا	headword	396_2L.png	unverified
D90-1-04913	بالالىق	headword	396_2L.png	unverified
D90-1-04915	بالانس	headword	396_2L.png	unverified
D90-1-04916	بالانس بولماق	headword	396_2L.png	unverified
D90-1-04920	بالانسلاشماق	headword	397_1R.png	unverified
D90-1-04917	بالانس قىلماق	headword	397_1R.png	unverified
D90-1-04918	بالانسلاشتۇرماق	headword	397_1R.png	unverified
D90-1-04919	بالانسلاشتۇرۇلماق	headword	397_1R.png	unverified
D90-1-04921	بالانسلانماق	headword	397_1R.png	unverified
D90-1-04922	بالا-ۋاقا	headword	397_1R.png	unverified
D90-1-04923	بالا-ۋاقىلىق	headword	397_1R.png	unverified
D90-1-04924	بالايىئاپەت	headword	397_1R.png	verified
D90-1-04925	بالايىئاپەتلىك	headword	397_1R.png	unverified
D90-1-04926	بالايىئەزىم	headword	397_2L.png	unverified
D90-1-04927	بالايىبەتتەر	headword	397_2L.png	unverified
D90-1-04928	بالبال	headword	397_2L.png	unverified
D90-1-04929	بالبۇئا	headword	397_2L.png	unverified
D90-1-04930	بالچى	headword	397_2L.png	unverified
D90-1-04931	بالچىلىق	headword	397_2L.png	unverified
D90-1-04932	بالداق	headword	397_2L.png	unverified
D90-1-04933	بالداقلاتقۇزماق	headword	398_1R.png	verified
D90-1-04934	بالداقلاتماق	headword	398_1R.png	verified
D90-1-04935	بالداقلاشماق	headword	398_1R.png	verified
D90-1-04936	بالداقلانماق	headword	398_1R.png	verified
D90-1-04937	بالداقلىنىلماق	headword	398_1R.png	verified
D90-1-04938	بالداقلىق	headword	398_1R.png	unverified
D90-1-04940	بالداقمۇبالداق	headword	398_2L.png	unverified
D90-1-04941	بالدۇر	headword	398_2L.png	unverified
D90-1-04944	بالدۇرقى	headword	398_2L.png	unverified
D90-1-04945	بالدۇرلۇق	headword	399_1R.png	unverified
D90-1-04947	بالدىرغان	headword	399_1R.png	unverified
D90-1-04948	بالدىرغانلىق	headword	399_1R.png	unverified
D90-1-04949	بالغۇن	headword	399_1R.png	unverified
D90-1-04950	بالقىماق	headword	399_2L.png	unverified
D90-1-04951	بالكون	headword	399_2L.png	unverified
D90-1-04952	بالكونلۇق	headword	399_2L.png	unverified
D90-1-04953	باللادا	headword	399_2L.png	unverified
D90-1-04954	باللىستىكا	headword	399_2L.png	unverified
D90-1-04955	باللىماق	headword	400_1R.png	unverified
D90-1-04956	بالنىست	headword	400_1R.png	unverified
D90-1-04957	بالون	headword	400_1R.png	unverified
D90-1-04958	بالېت	headword	400_1R.png	unverified
D90-1-04959	بالېت ئۇسسۇلى	headword	400_1R.png	unverified
D90-1-04960	بالېتچى	headword	400_1R.png	unverified
D90-1-04961	بالىجان	headword	400_1R.png	unverified
D90-1-04962	بالىچان	headword	400_1R.png	unverified
D90-1-04963	بالىچانلىق	headword	400_1R.png	unverified
D90-1-04964	بالىچۇق	headword	400_2L.png	unverified
D90-1-04965	بالىچىلاپ	headword	400_2L.png	unverified
D90-1-04967	بالىچىلىق	headword	400_2L.png	unverified
D90-1-04968	بالىخانا	headword	400_2L.png	unverified
D90-1-04969	بالىخانىلىق	headword	400_2L.png	unverified
D90-1-04970	بالىسىرىماق	headword	400_2L.png	unverified
D90-1-04971	بالىسىز	headword	401_1R.png	unverified
D90-1-04972	بالىسىزلىق	headword	401_1R.png	unverified
D90-1-04973	بالىغ	headword	401_1R.png	unverified
D90-1-04975	بالىكا	headword	401_1R.png	verified
D90-1-04976	بالىلاتقۇزماق	headword	401_1R.png	unverified
D90-1-04977	بالىلاتماق	headword	401_1R.png	unverified
D90-1-04978	بالىلارچە	headword	401_1R.png	unverified
D90-1-04979	بالىلاشماق	headword	401_1R.png	unverified
D90-1-04980	بالىلىق	headword	401_2L.png	unverified
D90-1-04981	بالىلىق قىلماق	headword	401_2L.png	unverified
D90-1-04982	بالىلىماق	headword	402_1R.png	unverified
D90-1-04983	بالىمان	headword	402_1R.png	unverified
D90-1-04984	بالىمانچى	headword	402_1R.png	unverified
D90-1-04985	بالىياتقۇ	headword	402_1R.png	unverified
D90-1-04986	بامەسلىھەت	headword	402_2L.png	unverified
D90-1-04987	بامبۇك	headword	402_2L.png	unverified
D90-1-04989	بامبۇكزار	headword	402_2L.png	unverified
D90-1-04992	بامبۇكلۇق	headword	403_1R.png	unverified
D90-1-04990	بامبۇكسىمان	headword	402_2L.png	unverified
D90-1-04991	بامبۇكسىمان قۇرت	headword	402_2L.png	unverified
D90-1-04993	بامدات	headword	403_1R.png	unverified
D90-1-04996	بانان	headword	403_1R.png	verified
D90-1-04996-i1	بانانى	inflected	403_1R.png	verified
D90-1-04998	بانتىك	headword	403_2L.png	unverified
D90-1-04999	بانتىكلاتماق	headword	403_2L.png	unverified
D90-1-05000	بانتىكلىماق	headword	403_2L.png	unverified
D90-1-05001	بانداۋ	headword	403_2L.png	unverified
D90-1-05002	باندىت	headword	403_2L.png	unverified
D90-1-05003	باندىتلىق	headword	403_2L.png	unverified
D90-1-05004	بانكا	headword	403_2L.png	unverified
D90-1-05006	بانكىر	headword	404_1R.png	unverified
D90-1-05007	باھا	headword	404_1R.png	unverified
D90-1-05007-i1	باھاسى	inflected	404_1R.png	unverified
D90-1-05009	باھا پەرقى	headword	404_2L.png	unverified
D90-1-05010	باھا تۈزۈلمىسى	headword	404_2L.png	unverified
D90-1-05011	باھا چىقارماق	headword	404_2L.png	unverified
D90-1-05012	باھا سۆزى	headword	404_2L.png	unverified
D90-1-05013	باھاسىغا چىقماق	headword	404_2L.png	unverified
D90-1-05014	باھا سىياسىتى	headword	404_2L.png	unverified
D90-1-05015	باھاسى يوق	headword	405_1R.png	unverified
D90-1-05016	باھاغا سۇندۇرماق	headword	405_1R.png	unverified
D90-1-05017	باھا قويماق	headword	405_1R.png	unverified
D90-1-05018	باھا نىسبىتى	headword	405_1R.png	unverified
D90-1-05019	باھادىر	headword	405_1R.png	unverified
D90-1-05020	باھادىرلىق	headword	405_1R.png	unverified
D90-1-05021	باھار	headword	405_1R.png	unverified
D90-1-05022	باھار بايرىمى	headword	405_2L.png	unverified
D90-1-05022-v1	چاغان	variant	405_2L.png	unverified
D90-1-05023	باھالاتماق	headword	405_2L.png	unverified
D90-1-05024	باھالاتقۇزماق	headword	405_2L.png	unverified
D90-1-05025	باھالاش	headword	405_2L.png	unverified
D90-1-05026	باھالاشماق	headword	405_2L.png	unverified
D90-1-05027	باھالانماق	headword	405_2L.png	unverified
D90-1-05028	باھالىق	headword	405_2L.png	unverified
D90-1-05031	باھالىماق	headword	406_1R.png	unverified
D90-1-05032	باھانە	headword	406_1R.png	unverified
D90-1-05035	باھانە-سەۋەب	headword	406_2L.png	unverified
D90-1-05036	باھانىدىماق	headword	406_2L.png	unverified
D90-1-05036-v1	باھانە قىلماق	variant	406_2L.png	unverified
D90-1-05037	باۋئەن	headword	406_2L.png	unverified
D90-1-05041	باۋئەنلەر	headword	406_2L.png	unverified
D90-1-05040	باۋئەنچە	headword	406_2L.png	unverified
D90-1-05042	بائىس	headword	406_2L.png	unverified
D90-1-05043	باي	headword	406_2L.png	unverified
D90-1-05044	باي دېھقان	headword	407_1R.png	unverified
D90-1-05045	بايا	headword	407_1R.png	unverified
D90-1-05046	بايات	headword	407_2L.png	unverified
D90-1-05047	بايات مۇقامى	headword	407_2L.png	unverified
D90-1-05048	باياتىن	headword	407_2L.png	unverified
D90-1-05049	باياتىنقى	headword	407_2L.png	unverified
D90-1-05091	بايىقى	headword	412_1R.png	unverified
D90-1-05050	باياشات	headword	407_2L.png	unverified
D90-1-05051	باياشاتچىلىق	headword	407_2L.png	unverified
D90-1-05054	باياشاتلىق	headword	408_1R.png	unverified
D90-1-05052	باياشاتلاشتۇرماق	headword	407_2L.png	unverified
D90-1-05053	باياشاتلاشماق	headword	408_1R.png	unverified
D90-1-05055	بايام	headword	408_1R.png	unverified
D90-1-05056	بايان	headword	408_1R.png	unverified
D90-1-05057	بايان ئەتمەك	headword	408_1R.png	unverified
D90-1-05060	بايان قىلماق	headword	408_2L.png	unverified
D90-1-05058	بايان ئەيلىمەك	headword	408_1R.png	unverified
D90-1-05059	بايان جۈملە	headword	408_2L.png	unverified
D90-1-05062	بايانات	headword	408_2L.png	unverified
D90-1-05063	بايانچى	headword	408_2L.png	unverified
D90-1-05064	باياننامە	headword	409_1R.png	unverified
D90-1-05065	باياۋان	headword	409_1R.png	unverified
D90-1-05066	بايتاسۇن	headword	409_1R.png	unverified
D90-1-05067	بايتال	headword	409_1R.png	unverified
D90-1-05068	بايچېچەك	headword	409_1R.png	unverified
D90-1-05069	بايراق	headword	409_1R.png	unverified
D90-1-05070	بايراق چىقارماق	headword	409_2L.png	unverified
D90-1-05071	بايرىقى روشەن	headword	409_2L.png	unverified
D90-1-05072	بايراقچە	headword	409_2L.png	unverified
D90-1-05073	بايراقچى	headword	409_2L.png	unverified
D90-1-05074	بايراقدار	headword	409_2L.png	unverified
D90-1-05075	بايراقلىق	headword	410_1R.png	unverified
D90-1-05076	بايرام	headword	410_1R.png	unverified
D90-1-05077	بايراملىق	headword	410_1R.png	unverified
D90-1-05078	بايزادە	headword	410_2L.png	unverified
D90-1-05079	بايقاشماق	headword	410_2L.png	unverified
D90-1-05080	بايقالماق	headword	410_2L.png	unverified
D90-1-05081	بايقۇت	headword	410_2L.png	unverified
D90-1-05084	بايقۇش	headword	410_2L.png	unverified
D90-1-05085	بايقىماق	headword	411_1R.png	unverified
D90-1-05086	بايلىق	headword	411_1R.png	unverified
D90-1-05087	بايناق	headword	411_2L.png	unverified
D90-1-05088	بايۋەچچە	headword	411_2L.png	unverified
D90-1-05089	بايۋەچچىلىك	headword	411_2L.png	unverified
D90-1-05090	بايۋەچچىلىك قىلماق	headword	412_1R.png	unverified
D90-1-05092	بەئەينى	headword	412_1R.png	unverified
D90-1-05093	بەپ-بەپ	headword	412_1R.png	unverified
D90-1-05094	بەپبەپلەتمەك	headword	412_1R.png	unverified
D90-1-05095	بەپبەپلەشمەك	headword	412_1R.png	unverified
D90-1-05096	بەپبەپلىمەك	headword	412_1R.png	unverified
D90-1-05097	بەت	headword	412_2L.png	unverified
D90-1-05098	بەت ئاچماق	headword	412_2L.png	unverified
D90-1-05099	بەت بېشى	headword	412_2L.png	unverified
D90-1-05100	بەت سېلىش	headword	412_2L.png	unverified
D90-1-05101	بەت نۇسخىسى	headword	412_2L.png	unverified
D90-1-05102	بەتئەخلاق	headword	412_2L.png	unverified
D90-1-05103	بەتەھقىق	headword	413_1R.png	unverified
D90-1-05104	بەتبەخت	headword	413_1R.png	verified
D90-1-05105	بەتبەختلىك	headword	413_1R.png	unverified
D90-1-05106	بەتبەشىرە	headword	413_1R.png	unverified
D90-1-05107	بەتبەشىرىلىك	headword	413_1R.png	unverified
D90-1-05108	بەتبۇي	headword	413_1R.png	unverified
D90-1-05109	بەتبۇيلۇق	headword	413_2L.png	unverified
D90-1-05110	بەتتە	headword	413_2L.png	unverified
D90-1-05111	بەتتە پولۇ	headword	413_2L.png	unverified
D90-1-05112	بەتتەر	headword	413_2L.png	unverified
D90-1-05113	بەتتەرلەشمەك	headword	413_2L.png	unverified
D90-1-05114	بەتتەم	headword	413_2L.png	unverified
D90-1-05115	بەتخاھ	headword	413_2L.png	unverified
D90-1-05116	بەتخەج	headword	414_1R.png	unverified
D90-1-05117	بەتخەجلىك	headword	414_1R.png	unverified
D90-1-05118	بەتخەجلىك قىلماق	headword	414_1R.png	unverified
D90-1-05119	بەتخۇي	headword	414_1R.png	unverified
D90-1-05120	بەتخۇيلۇق	headword	414_1R.png	unverified
D90-1-05121	بەترەڭ	headword	414_1R.png	unverified
D90-1-05122	بەتقىلىق	headword	414_1R.png	unverified
D90-1-05122-v1	قىلقسىز	variant	414_1R.png	unverified
D90-1-05123	بەتقىلىقلىق	headword	414_1R.png	unverified
D90-1-05124	بەتكەردە	headword	414_2L.png	unverified
D90-1-05125	بەتكەردىلىك	headword	414_2L.png	unverified
D90-1-05126	بەتگۇپا	headword	414_2L.png	unverified
D90-1-05127	بەتگۇمان	headword	414_2L.png	unverified
D90-1-05128	بەتگۇمانلىق	headword	414_2L.png	unverified
D90-1-05129	بەتكىردار	headword	414_2L.png	verified
D90-1-05130	بەتلەشمەك	headword	414_2L.png	unverified
D90-1-05131	بەتلەتكۈزمەك	headword	415_1R.png	unverified
D90-1-05132	بەتلەتمەك	headword	415_1R.png	unverified
D90-1-05133	بەتلەگلىك	headword	415_1R.png	unverified
D90-1-05134	بەتلەنمەك	headword	415_1R.png	unverified
D90-1-05135	بەتلىك	headword	415_1R.png	unverified
D90-1-05136	بەتلىگۈچ	headword	415_1R.png	unverified
D90-1-05137	بەتلىمەك	headword	415_2L.png	unverified
D90-1-05138	بەتمۇقام	headword	415_2L.png	unverified
D90-1-05139	بەتنام	headword	415_2L.png	unverified
D90-1-05140	بەتنام چاپلىماق	headword	415_2L.png	unverified
D90-1-05141	بەتنام قىلماق	headword	415_2L.png	unverified
D90-1-05142	بەتنىيەت	headword	416_1R.png	unverified
D90-1-05143	بەتنىيەتلىك	headword	416_1R.png	unverified
D90-1-05144	بەتھەيۋەت	headword	416_1R.png	unverified
D90-1-05145	بەتىس	headword	416_1R.png	unverified
D90-1-05146	بەتىنكە	headword	416_1R.png	unverified
D90-1-05147	بەجا	headword	416_1R.png	unverified
D90-1-05148	بەجا كەلتۈرمەك	headword	416_2L.png	unverified
D90-1-05149	بەجا ئەيلمەك	headword	416_2L.png	unverified
D90-1-05150	بەجانىدىل	headword	416_2L.png	unverified
D90-1-05151	بەجانىدىللىق	headword	416_2L.png	unverified
D90-1-05152	بەجايىكى	headword	416_2L.png	unverified
D90-1-05153	بەچچە	headword	416_2L.png	unverified
D90-1-05154	بەچچىخەر	headword	416_2L.png	verified
D90-1-05155	بەچچىۋاز	headword	417_1R.png	unverified
D90-1-05156	بەچچىۋازلىق	headword	417_1R.png	unverified
D90-1-05158	بەچىدان	headword	417_1R.png	unverified
D90-1-05159	بەخت	headword	417_1R.png	unverified
D90-1-05160	بەخت قۇشى بېشىغا قونماق	headword	417_1R.png	unverified
D90-1-05160-v1	بەخت قۇشى قونماق	variant	417_1R.png	unverified
D90-1-05161	بەختكە قارشى	headword	417_1R.png	unverified
D90-1-05162	بەختكە يارىشا	headword	417_2L.png	unverified
D90-1-05163	بەخت ئىشىكى ئېچىلماق	headword	417_2L.png	unverified
D90-1-05164	بەختى قارا	headword	417_2L.png	unverified
D90-1-05165	بەختى كەلمەك	headword	417_2L.png	unverified
D90-1-05166	بەختىگە ئولتۇرماق	headword	417_2L.png	unverified
D90-1-05167	بەختى ئوڭ كەلمەك	headword	418_1R.png	unverified
D90-1-05168	بەختى ئېچىلماق	headword	418_1R.png	unverified
D90-1-05169	بەختى يانماق	headword	418_1R.png	unverified
D90-1-05170	بەخت - پېشانە	headword	418_1R.png	unverified
D90-1-05171	بەخت - تەلەي	headword	418_1R.png	unverified
D90-1-05172	بەخت - سائادەت	headword	418_1R.png	unverified
D90-1-05173	بەختسىز	headword	418_1R.png	unverified
D90-1-05174	بەختسىزلىك	headword	418_2L.png	unverified
D90-1-05175	بەختلىك	headword	418_2L.png	unverified
D90-1-05176	بەختىيار	headword	418_2L.png	unverified
D90-1-05177	بەختىيارلىق	headword	419_1R.png	unverified
D90-1-05178	بەخش	headword	419_1R.png	unverified
D90-1-05179	بەخش ئەتمەك	headword	419_1R.png	unverified
D90-1-05180	بەخشەندە	headword	419_1R.png	unverified
D90-1-05181	بەخىرامان	headword	419_2L.png	unverified
D90-1-05182	بەخىرامانلىق	headword	419_2L.png	verified
D90-1-05183	بەداز	headword	419_2L.png	verified
D90-1-05184	بەدەر	headword	419_2L.png	verified
D90-1-05184-v1	بەدەر قاچماق	variant	419_2L.png	verified
D90-1-05187	بەدەشقان	nonstandard	420_1R.png	verified
D90-1-05188	بەدەل	headword	420_1R.png	verified
D90-1-05190	بەدەلسىز	headword	420_1R.png	verified
D90-1-05191	بەدەللىك	headword	420_1R.png	verified
D90-1-05192	بەدەن	headword	420_1R.png	unverified
D90-1-05193	بەدەن تەربىيە	headword	420_2L.png	unverified
D90-1-05193-v1	تەنتەربىيە	variant	420_2L.png	unverified
D90-1-05194	بەدەن پىتى	headword	420_2L.png	unverified
D90-1-05195	بەدەن تەڭپۇڭلۇقى	headword	420_2L.png	unverified
D90-1-05196	بەدەن تەمرەتكىسى	headword	420_2L.png	unverified
D90-1-05197	بەدەن تېمپېراتۇرىسى	headword	420_2L.png	unverified
D90-1-05198	بەدەن تىپى	headword	420_2L.png	unverified
D90-1-05199	بەدەن سۇيۇقلۇقى	headword	421_1R.png	unverified
D90-1-05200	بەدەن سۇيۇقلۇقى ئىممۇنىتېتى	headword	421_1R.png	unverified
D90-1-05201	بەدەن سېزىمى	headword	421_1R.png	unverified
D90-1-05202	بەدەنلىك	headword	421_1R.png	unverified
D90-1-05203	بەدەۋى	headword	421_1R.png	unverified
D90-1-05204	بەدەۋىلەر ھەرىكىتى	headword	421_1R.png	unverified
D90-1-05205	بەدەۋىلىك	headword	421_2L.png	unverified
D90-1-05206	بەدرەك	headword	421_2L.png	verified
D90-1-05207	بەدۆلەت	headword	421_2L.png	unverified
D90-1-05208	بەدىئىي	headword	421_2L.png	unverified
D90-1-05210	بەدىئىي تەپەككۇر	headword	422_1R.png	unverified
D90-1-05211	بەدىئىي تەسەۋۋۇر	headword	422_1R.png	unverified
D90-1-05212	بەدىئىي تىل	headword	422_1R.png	unverified
D90-1-05213	بەدىئىي قۇرۇلما	headword	422_1R.png	unverified
D90-1-05213-v1	كومپوزىتسىيە	variant	422_1R.png	unverified
D90-1-05214	بەدىئىي گىمناستىكا	headword	422_1R.png	unverified
D90-1-05215	بەدىئىي ماھارەت	headword	422_2L.png	unverified
D90-1-05216	بەدىئىي ئومۇملاشتۇرۇش	headword	422_2L.png	unverified
D90-1-05217	بەدىئىي ئۆلچەم	headword	422_2L.png	unverified
D90-1-05218	بەدىئىي ئىجادىيەت	headword	422_2L.png	unverified
D90-1-05219	بەدىئىي ھۆججەتلىك فىلىم	headword	422_2L.png	unverified
D90-1-05220	بەدىئىيلەشتۈرمەك	headword	422_2L.png	unverified
D90-1-05221	بەدىئىيلەشتۈرۈلمەك	headword	422_2L.png	unverified
D90-1-05222	بەدىئىيلەشمەك	headword	422_2L.png	unverified
D90-1-05223	بەدىئىيلىك	headword	422_2L.png	unverified
D90-1-05224	بەرەس	headword	423_1R.png	unverified
D90-1-05224-v1	ئاق كېسەل	variant	423_1R.png	unverified
D90-1-05225	بەرەھنە	headword	423_1R.png	unverified
D90-1-05226	بەربات	headword	423_1R.png	unverified
D90-1-05227	بەربات بولماق	headword	423_1R.png	unverified
D90-1-05228	بەربات قىلماق	headword	423_1R.png	unverified
D90-1-05229	بەرباتلىق	headword	423_2L.png	unverified
D90-1-05230	بەرپا	headword	423_2L.png	unverified
D90-1-05231	بەرپا بولماق	headword	423_2L.png	unverified
D90-1-05232	بەرپا قىلماق	headword	423_2L.png	unverified
D90-1-05233	بەرجەس	headword	423_2L.png	unverified
D90-1-05234	بەرچەتكە	headword	424_1R.png	unverified
D90-1-05235	بەرداش	headword	424_1R.png	unverified
D90-1-05236	بەرداشسىز	headword	424_1R.png	unverified
D90-1-05237	بەرداشلىق	headword	424_1R.png	unverified
D90-1-05238	بەرداشلىق بەرمەك	headword	424_1R.png	unverified
D90-1-05239	بەردەم	headword	424_2L.png	unverified
D90-1-05240	بەردەم بولماق	headword	424_2L.png	unverified
D90-1-05241	بەردەملىك	headword	424_2L.png	unverified
D90-1-05242	بەردەنكە	headword	424_2L.png	unverified
D90-1-05243	بەررە	headword	424_2L.png	unverified
D90-1-05244	بەررە كاۋاپ	headword	424_2L.png	unverified
D90-1-05245	بەررە گۆش	headword	425_1R.png	unverified
D90-1-05246	بەر غەموت	headword	425_1R.png	unverified
D90-1-05247	بەرق	headword	425_1R.png	unverified
D90-1-05248	بەرق ئۇرماق	headword	425_1R.png	unverified
D90-1-05249	بەرقارار	headword	425_1R.png	unverified
D90-1-05250	بەرقۇت	nonstandard	425_2L.png	verified
D90-1-05250-c1	چىبەرقۇت	corrected_form	425_2L.png	verified
D90-1-05251	بەرگ	headword	425_2L.png	unverified
D90-1-05252	بەرگلىمەك	headword	425_2L.png	unverified
D90-1-05253	بەرگۈزمەك	headword	425_2L.png	unverified
D90-1-05254	بەرمەك	headword	425_2L.png	unverified
D90-1-05256	بەرنا	headword	426_2L.png	unverified
D90-1-05257	بەرھەق	headword	427_1R.png	unverified
D90-1-05258	بەرھەم	headword	427_1R.png	unverified
D90-1-05258-v1	بەرھەم بەرمەك	variant	427_1R.png	unverified
D90-1-05260	بەرھەم يەتمەك	headword	427_1R.png	unverified
D90-1-05261	بەرھەم يېمەك	headword	427_1R.png	unverified
D90-1-05262	بەرۋەن	headword	427_2L.png	unverified
D90-1-05263	بەرى	headword	427_2L.png	unverified
D90-1-05264	بەرىبىر	headword	427_2L.png	verified
D90-1-05265	بەرىكات	headword	427_2L.png	unverified
D90-1-05266	بەرىكە	headword	428_1R.png	unverified
D90-1-05267	بەرىكەت	headword	428_1R.png	unverified
D90-1-05271	بەرىكەت قىلماق	headword	428_2L.png	unverified
D90-1-05272	بەرىكەت كەتمەك	headword	428_2L.png	unverified
D90-1-05273	بەرىكەت كۆتۈرۈلمەك	headword	428_2L.png	unverified
D90-1-05274	بەرىكەت كۆچمەك	headword	428_2L.png	unverified
D90-1-05275	بەرىكەت ئۇچماق	headword	428_2L.png	unverified
D90-1-05276	بەرىكەتسىز	headword	429_1R.png	unverified
D90-1-05277	بەرىكەتسىزلىك	headword	429_1R.png	unverified
D90-1-05278	بەرىكەتلىك	headword	429_1R.png	unverified
D90-1-05279	بەريان	headword	429_1R.png	verified
D90-1-05280	بەز	headword	429_2L.png	unverified
D90-1-05285	بەز ۋىرۇسى	headword	430_1R.png	unverified
D90-1-05286	بەز يېگەن مۈشۈكتەك	headword	430_1R.png	unverified
D90-1-05287	بەزدۈرمەك	headword	430_1R.png	unverified
D90-1-05288	بەزدۈرۈشمەك	headword	430_1R.png	unverified
D90-1-05289	بەزدۈرۈلمەك	headword	430_1R.png	unverified
D90-1-05290	بەزگەك	headword	430_1R.png	unverified
D90-1-05291	بەزگەك پاشىسى	headword	430_2L.png	unverified
D90-1-05292	بەزگەك پلازمودىيىسى	headword	430_2L.png	unverified
D90-1-05293	بەزلەتمەك	headword	430_2L.png	unverified
D90-1-05294	بەزلەشمەك	headword	430_2L.png	unverified
D90-1-05295	بەزلەنمەك	headword	430_2L.png	unverified
D90-1-05296	بەزلىك	headword	430_2L.png	unverified
D90-1-05297	بەزلىمەك	headword	430_2L.png	unverified
D90-1-05299	بەزمە	headword	431_1R.png	unverified
D90-1-05300	بەزمە تۈزمەك	headword	431_1R.png	unverified
D90-1-05301	بەزمە قۇرماق	headword	431_1R.png	unverified
D90-1-05302	بەزمە قىلماق	headword	431_1R.png	unverified
D90-1-05303	بەزمە-باراۋەت	headword	431_2L.png	unverified
D90-1-05304	بەزمە -مەشرەپ	headword	431_2L.png	unverified
D90-1-05305	بەزمەك	headword	431_2L.png	unverified
D90-1-05306	بەزەن	headword	431_2L.png	unverified
D90-1-05308	بەزى	headword	431_2L.png	unverified
D90-1-05307	بەزەن-بەزەن	headword	431_2L.png	unverified
D90-1-05309	بەزىبىر	headword	432_1R.png	unverified
D90-1-05310	بەزىدە	headword	432_1R.png	unverified
D90-1-05311	بەس	headword	432_1R.png	unverified
D90-1-05312	بەس كەلمەك	headword	432_2L.png	unverified
D90-1-05313	بەس تالاشماق	headword	432_2L.png	unverified
D90-1-05314	بەس سالماق	headword	432_2L.png	unverified
D90-1-05315	بەس قىلماق	headword	432_2L.png	unverified
D90-1-05320	بەسەيلىك	headword	433_1R.png	unverified
D90-1-05321	بەس - بەس	headword	433_1R.png	unverified
D90-1-05322	بەس - بەس بىلەن	headword	433_1R.png	unverified
D90-1-05323	بەس - بەستە	headword	433_1R.png	unverified
D90-1-05324	بەس - بەسچى	headword	433_1R.png	unverified
D90-1-05325	بەست	headword	433_2L.png	unverified
D90-1-05326	بەستلىك	headword	433_2L.png	unverified
D90-1-05327	بەسلەشتۈرمەك	headword	433_2L.png	unverified
D90-1-05328	بەسلەشتۈرۈلمەك	headword	433_2L.png	unverified
D90-1-05329	بەسلەشمەك	headword	433_2L.png	unverified
D90-1-05330	بەس - مۇنازىرە	headword	433_2L.png	unverified
D90-1-05331	بەسىر	headword	433_2L.png	unverified
D90-1-05332	بەش	headword	434_1R.png	unverified
D90-1-05337	بەش قول تەڭ ئەمەس	headword	434_2L.png	unverified
D90-1-05338	بەش قولدەك	headword	434_2L.png	unverified
D90-1-05339	بەش قولنى ئاغزىغا سالماق	headword	434_2L.png	unverified
D90-1-05340	بەش قولنى بىراقلا ئاغزىغا تىقماق	headword	434_2L.png	unverified
D90-1-05341	بەش كۈن	headword	434_2L.png	unverified
D90-1-05342	بەش كۈنلۈك ئالەم	headword	434_2L.png	unverified
D90-1-05343	بەش كۈنلۈك دۇنيا	headword	434_2L.png	unverified
D90-1-05344	بەش مالتاق	nonstandard	434_2L.png	unverified
D90-1-05345	بەش يىللىق پىلان	headword	434_2L.png	unverified
D90-1-05346	بەشئاتار	headword	435_1R.png	verified
D90-1-05348	بەشەرتى	headword	435_1R.png	verified
D90-1-05349	بەشەيلەن	headword	435_1R.png	verified
D90-1-05350	بەشلەڭ	headword	435_1R.png	verified
D90-1-05352	بەشلىك	headword	435_1R.png	unverified
D90-1-05353	بەشلەمەك	headword	435_2L.png	unverified
D90-1-05354	بەشمەرەك	headword	435_2L.png	unverified
D90-1-05354-v1	بەش بارماق	variant	435_2L.png	unverified
D90-1-05355	بەشىرە	headword	435_2L.png	unverified
D90-1-05356	بەشىنچى	headword	435_2L.png	unverified
D90-1-05357	بەشىنچى ئاپرېل ھەرىكىتى	headword	435_2L.png	unverified
D90-1-05358	بەشىنچى ئاي	headword	436_1R.png	unverified
D90-1-05358-v1	ماي	variant	436_1R.png	unverified
D90-1-05359	بەشىنچىلىك	headword	436_1R.png	unverified
D90-1-05360	بەشيۇلتۇز	headword	436_1R.png	unverified
D90-1-05361	بەشيۇلتۇزلۇق	headword	436_1R.png	unverified
D90-1-05362	بەقابىل	headword	436_1R.png	unverified
D90-1-05363	بەقاۋۇل	nonstandard	436_1R.png	unverified
D90-1-05364	بەقەسەم	headword	436_1R.png	unverified
D90-1-05366	بەقەم	headword	436_2L.png	unverified
D90-1-05367	بەقۇۋۋەت	headword	436_2L.png	unverified
D90-1-05368	بەك	headword	436_2L.png	unverified
D90-1-05370	بەكە	headword	436_2L.png	unverified
D90-1-05370-v1	قەلەمتىراش	variant	436_2L.png	unverified
D90-1-05371	بەگ	headword	437_1R.png	unverified
D90-1-05372	بەگ - بىگات	headword	437_1R.png	unverified
D90-1-05373	بەگچەك	headword	437_1R.png	unverified
D90-1-05374	بەگزادە	headword	437_1R.png	unverified
D90-1-05376	بەگلىك	headword	437_1R.png	unverified
D90-1-05377	بەگلىك تۈزۈم	headword	437_2L.png	unverified
D90-1-05378	بەڭ	headword	437_2L.png	unverified
D90-1-05378-v1	نەشە	variant	437_2L.png	unverified
D90-1-05379	بەڭباش	headword	437_2L.png	unverified
D90-1-05380	بەڭباشلىق	headword	437_2L.png	unverified
D90-1-05381	بەڭباشلىق قىلماق	headword	437_2L.png	unverified
D90-1-05382	بەڭگى	headword	437_2L.png	unverified
D90-1-05383	بەڭگىدىۋانە	headword	438_1R.png	unverified
D90-1-05384	بەڭگىلىك	headword	438_1R.png	unverified
D90-1-05385	بەڭۋاش	nonstandard	438_1R.png	unverified
D90-1-05386	بەل	headword	438_1R.png	unverified
D90-1-05387	بەل باغلىماق	headword	438_2L.png	unverified
D90-1-05388	بەل پۈرمە كۆڭلەك	headword	438_2L.png	unverified
D90-1-05389	بەل تۇتۇشماق	headword	438_2L.png	unverified
D90-1-05390	بەل قويۇۋەتمەك	headword	438_2L.png	unverified
D90-1-05391	بەلنى چىڭىتماق	headword	439_1R.png	unverified
D90-1-05392	بەلنى سىلاپ تۇرماق	headword	439_1R.png	unverified
D90-1-05393	بەلنىڭ تۆۋىنى	headword	439_1R.png	unverified
D90-1-05394	بەل ئېلىشماق	headword	439_1R.png	unverified
D90-1-05395	بېلى بوش	headword	439_1R.png	unverified
D90-1-05396	بېلى بوشاپ كەتمەك	headword	439_1R.png	unverified
D90-1-05397	بېلى پۈكۈلمەك	headword	439_1R.png	unverified
D90-1-05404	بېلى ئېگىلمەك	headword	439_2L.png	unverified
D90-1-05398	بېلى چىڭ	headword	439_1R.png	unverified
D90-1-05399	بېلىنى تۈزىۋالماق	headword	439_2L.png	unverified
D90-1-05400	بېلىنى رۇسلىۋالماق	headword	439_2L.png	unverified
D90-1-05401	بېلىنى سۇندۇرماق	headword	439_2L.png	unverified
D90-1-05403	بېلىنى ئوشتۇماق	headword	439_2L.png	unverified
D90-1-05402	بېلىنىڭ تۆۋىنىگە سۇيۇقئاش بارمىغان	headword	439_2L.png	unverified
D90-1-05407	بەل گۈرجەك	headword	440_1R.png	unverified
D90-1-05408	بەل ئومۇرتقىسى	headword	440_1R.png	unverified
D90-1-05409	بەل ياغاچ	headword	440_1R.png	unverified
D90-1-05410	بەل يۆگەق	headword	440_1R.png	unverified
D90-1-05411	بەلەن	headword	440_1R.png	unverified
D90-1-05412	بەلەن بولماق	headword	440_1R.png	unverified
D90-1-05413	بەلەن قىلماق	headword	440_1R.png	unverified
D90-1-05414	بەلەنلىك	headword	440_1R.png	unverified
D90-1-05415	بەلباغ	headword	440_2L.png	unverified
D90-1-05416	بەلتوسما	headword	440_2L.png	unverified
D90-1-05417	بەلچە	headword	440_2L.png	unverified
D90-1-05420	بەلچىر	headword	440_2L.png	unverified
D90-1-05421	بەلدەتمەك	headword	441_1R.png	unverified
D90-1-05422	بەلدەشمەك	headword	441_1R.png	unverified
D90-1-05423	بەلدەڭ	headword	441_1R.png	unverified
D90-1-05424	بەلدەم	headword	441_1R.png	unverified
D90-1-05425	بەلدەنمەك	headword	441_1R.png	unverified
D90-1-05426	بەلدىرەڭگە	nonstandard	441_1R.png	unverified
D90-1-05427	بەلدىمەك	headword	441_1R.png	unverified
D90-1-05428	بەلغەم	headword	441_1R.png	unverified
D90-1-05429	بەلكى	headword	441_1R.png	unverified
D90-1-05430	بەلكىم	headword	441_2L.png	unverified
D90-1-05431	بەلگە	headword	441_2L.png	unverified
D90-1-05433	بەلگە تاپانچىسى	headword	442_1R.png	unverified
D90-1-05434	بەلگە زەمبىرىكى	headword	442_1R.png	unverified
D90-1-05435	بەلگە سالماق	headword	442_1R.png	unverified
D90-1-05436	بەلگە قىلماق	headword	442_1R.png	unverified
D90-1-05437	بەلگە گەز	headword	442_1R.png	unverified
D90-1-05438	بەلگە ئوق	headword	442_1R.png	unverified
D90-1-05439	بەلگە ئۇقۇمى	headword	442_2L.png	unverified
D90-1-05440	بەلگۈ	nonstandard	442_2L.png	unverified
D90-1-05441	بەلگىچىلىك	headword	442_2L.png	unverified
D90-1-05442	بەلگىسىز	headword	442_2L.png	unverified
D90-1-05443	بەلگىسىز ئالماش	headword	442_2L.png	unverified
D90-1-05444	بەلگىلەتمەك	headword	442_2L.png	unverified
D90-1-05445	بەلگىلەش	headword	442_2L.png	unverified
D90-1-05446	بەلگىلەش ئالماش	headword	442_2L.png	unverified
D90-1-05447	بەلگىلەشمەك	headword	442_2L.png	unverified
D90-1-05448	بەلگىلەنگەن	headword	443_1R.png	unverified
D90-1-05451	بەلگىلەنمەك	headword	443_1R.png	unverified
D90-1-05452	بەلگىلىك	headword	443_1R.png	unverified
D90-1-05453	بەلگىلىمە	headword	443_2L.png	unverified
D90-1-05454	بەلگىلىمەك	headword	443_2L.png	unverified
D90-1-05456	بەللۇت	headword	444_1R.png	unverified
D90-1-05457	بەللى	headword	444_1R.png	unverified
D90-1-05458	بەللىك	headword	444_1R.png	unverified
D90-1-05459	بەللىمەشك	nonstandard	444_1R.png	unverified
D90-1-05460	بەلۋاغ	nonstandard	444_1R.png	unverified
D90-1-05461	بەلىزقۇل	headword	444_1R.png	unverified
D90-1-05462	بەلىش	headword	444_2L.png	unverified
D90-1-05464	بەمەل	headword	444_2L.png	unverified
D90-1-05465	بەمەلچەك	headword	444_2L.png	unverified
D90-1-05466	بەمەلدىرەك	headword	444_2L.png	unverified
D90-1-05468	بەنجاڭ	headword	444_2L.png	unverified
D90-1-05469	بەنجاڭلىق	headword	444_2L.png	unverified
D90-1-05470	بەند	headword	444_2L.png	unverified
D90-1-05471	بەند بولماق	headword	445_1R.png	unverified
D90-1-05472	بەند قىلماق	headword	445_2L.png	unverified
D90-1-05474	بەندە	headword	446_1R.png	unverified
D90-1-05475	بەندەر	headword	446_1R.png	unverified
D90-1-05476	بەندەرگاھ	headword	446_2L.png	unverified
D90-1-05477	بەندىچىلىك	headword	446_2L.png	unverified
D90-1-05478	بەندىچىلىك قىلماق	headword	446_2L.png	unverified
D90-1-05481	بەنشىرە	headword	446_2L.png	unverified
D90-1-05482	بەھر	headword	447_1R.png	unverified
D90-1-05485	بەھەيۋەت	headword	447_1R.png	unverified
D90-1-05486	بەھرە	headword	447_1R.png	unverified
D90-1-05487	بەھرە ئالماق	headword	447_2L.png	unverified
D90-1-05492	بەھرىلەنمەك	headword	447_2L.png	unverified
D90-1-05488	بەھرە بەرمەك	headword	447_2L.png	unverified
D90-1-05489	بەھرە ئېچىلماق	headword	447_2L.png	unverified
D90-1-05490	بەھرىسىز	headword	447_2L.png	unverified
D90-1-05491	بەھرىلەندۈرمەك	headword	447_2L.png	unverified
D90-1-05493	بەھرىلىك	headword	448_1R.png	unverified
D90-1-05494	بەھرىمەن	headword	448_1R.png	unverified
D90-1-05495	بەھرىمەن بولماق	headword	448_1R.png	unverified
D90-1-05496	بەھرىمەن قىلماق	headword	448_1R.png	unverified
D90-1-05497	بەھرىمەنلىك	headword	448_1R.png	unverified
D90-1-05498	بەھرىۋەر	headword	448_2L.png	unverified
D90-1-05499	بەھمەن	headword	448_2L.png	unverified
D90-1-05500	بەھۇزۇر	headword	448_2L.png	unverified
D90-1-05501	بەۋا	headword	448_2L.png	unverified
D90-1-05503	بەيئەت	headword	449_1R.png	unverified
D90-1-05504	بەيئەت قىلماق	headword	449_1R.png	unverified
D90-1-05505	بەيتۇلمال	headword	449_1R.png	unverified
D90-1-05506	بەيزۇ	headword	449_1R.png	unverified
D90-1-05508	بەيزۇلار	headword	449_1R.png	unverified
D90-1-05507	بەيزۇ تىلى	headword	449_1R.png	unverified
D90-1-05509	بەيزى	headword	449_1R.png	unverified
D90-1-05510	بەيگە	headword	449_2L.png	unverified
D90-1-05511	بەيگە ئالماق	headword	449_2L.png	unverified
D90-1-05512	بەيگىگە چۈشمەك	headword	449_2L.png	unverified
D90-1-05513	بەيگىلىك	headword	449_2L.png	unverified
D90-1-05514	بەينەلمىلەل	headword	449_2L.png	unverified
D90-1-05515	بەپىنسېرىق	headword	449_2L.png	unverified
D90-1-05516	بەيئى	headword	450_1R.png	unverified
D90-1-05517	بەيئى قىلماق	headword	450_1R.png	unverified
D90-1-05518	براخما	headword	450_1R.png	verified
D90-1-05519	براخمان	headword	450_1R.png	verified
D90-1-05520	براخمانىزم	headword	450_1R.png	unverified
D90-1-05521	براشۇرا	headword	450_1R.png	unverified
D90-1-05522	براك	headword	450_1R.png	unverified
D90-1-05523	براقچى	headword	450_1R.png	unverified
D90-1-05524	براكلاشماق	headword	450_1R.png	unverified
D90-1-05525	براكلىق	headword	450_1R.png	unverified
D90-1-05526	بزوتسېلليوز	headword	450_1R.png	unverified
D90-1-05527	بروم	headword	450_2L.png	unverified
D90-1-05528	برونى	headword	450_2L.png	unverified
D90-1-05530	برونېۋىك	headword	450_2L.png	unverified
D90-1-05533	بروئون	headword	451_1R.png	unverified
D90-1-05535	برىگادا	headword	451_1R.png	unverified
D90-1-05536	برىگادىر	headword	451_1R.png	unverified
D90-1-05537	برىليانت	headword	451_1R.png	unverified
D90-1-05538	بلوك	headword	451_1R.png	unverified
D90-1-05538-v1	گۇرۇھ	variant	451_1R.png	unverified
D90-1-05539	بلىنداژ	headword	451_1R.png	unverified
D90-1-05540	بوپا	headword	451_1R.png	unverified
D90-1-05541	بوپا تاشلىماق	headword	451_2L.png	unverified
D90-1-05542	بوپموش	headword	451_2L.png	unverified
D90-1-05543	بوپىلاتقۇزماق	headword	451_2L.png	unverified
D90-1-05544	بوپىلاتماق	headword	451_2L.png	unverified
D90-1-05545	بوپىلاشماق	headword	451_2L.png	unverified
D90-1-05546	بوپىلانماق	headword	451_2L.png	unverified
D90-1-05547	بوپىلىق	headword	451_2L.png	unverified
D90-1-05548	بوداق	headword	454_1R.png	unverified
D90-1-05550	بودالماق	headword	454_1R.png	unverified
D90-1-05551	بودەك	headword	454_1R.png	unverified
D90-1-05553	بودەكشىمەك	headword	454_1R.png	unverified
D90-1-05554	بودىماق	headword	454_1R.png	unverified
D90-1-05580	بوردىماق	headword	456_2L.png	unverified
D90-1-05556	بور	headword	454_1R.png	unverified
D90-1-05558	بور دەۋرى	headword	454_2L.png	unverified
D90-1-05559	بور سىستېمىسى	headword	454_2L.png	unverified
D90-1-05560	بورا	headword	454_2L.png	unverified
D90-1-05561	بورا توقۇماق	headword	455_1R.png	unverified
D90-1-05562	بورا قىياق	headword	455_1R.png	unverified
D90-1-05563	بورا ياندۇرماق	headword	455_1R.png	unverified
D90-1-05564	بورات	headword	455_1R.png	unverified
D90-1-05565	بورات كىسلاتا	headword	455_1R.png	unverified
D90-1-05566	بوران	headword	455_1R.png	unverified
D90-1-05567	بوران چېچىكى	headword	455_2L.png	unverified
D90-1-05567-v1	مامكاپ	variant	455_2L.png	unverified
D90-1-05568	بوران چىقماق	headword	455_2L.png	unverified
D90-1-05569	بوران-چاپقۇن	headword	455_2L.png	unverified
D90-1-05570	بوران-چاپقۇنلۇق	headword	455_2L.png	unverified
D90-1-05571	بوراندەك	headword	455_2L.png	unverified
D90-1-05572	بورانقۇش	headword	456_1R.png	unverified
D90-1-05573	بورانلىق	headword	456_1R.png	unverified
D90-1-05574	بورداتماق	headword	456_1R.png	unverified
D90-1-05575	بورداشماق	headword	456_1R.png	unverified
D90-1-05576	بورداق	headword	456_1R.png	unverified
D90-1-05578	بوردالماق	headword	456_2L.png	unverified
D90-1-05579	بوردانماق	headword	456_2L.png	unverified
D90-1-05581	بوردۇ	headword	456_2L.png	unverified
D90-1-05582	بوردۇ سۇيۇقلۇقى	headword	456_2L.png	unverified
D90-1-05583	بورسۇق	headword	456_2L.png	unverified
D90-1-05584	بورغۇل	headword	456_2L.png	unverified
D90-1-05587	بورۇن قىلماق	headword	457_1R.png	unverified
D90-1-05588	بورۇنلۇق	headword	457_1R.png	unverified
D90-1-05589	بورىچى	headword	457_1R.png	unverified
D90-1-05590	بورىچىلىق	headword	457_1R.png	unverified
D90-1-05591	بورىچىلىق قىلماق	headword	457_1R.png	unverified
D90-1-05592	بورىيا	headword	457_1R.png	unverified
D90-1-05593	بوز	headword	457_2L.png	unverified
D90-1-05594	بوز ئالا	headword	457_2L.png	unverified
D90-1-05595	بوز تورغاي	headword	457_2L.png	unverified
D90-1-05596	بوز توشقان	headword	457_2L.png	unverified
D90-1-05597	بوز تۈلەك	headword	457_2L.png	unverified
D90-1-05598	بوز تۈلكە	headword	457_2L.png	unverified
D90-1-05599	بوز غورۇلاي	headword	457_2L.png	unverified
D90-1-05600	بوز لاچىن	headword	458_1R.png	unverified
D90-1-05601	بوز يۇلغۇن	headword	458_1R.png	unverified
D90-1-05603	بوز توپا	headword	458_1R.png	unverified
D90-1-05604	بوز يەر	headword	458_1R.png	unverified
D90-1-05605	بوز يەر ئاچماق	headword	458_1R.png	unverified
D90-1-05606	بوز يەر ئۆزلەشتۈرمەك	headword	458_1R.png	unverified
D90-1-05607	بوز يىگىت	headword	458_1R.png	unverified
D90-1-05608	بوزا	headword	458_2L.png	unverified
D90-1-05609	بوزا سالماق	headword	458_2L.png	unverified
D90-1-05610	بوزارتماق	headword	458_2L.png	unverified
D90-1-05611	بوزارماق	headword	458_2L.png	unverified
D90-1-05612	بوزاڭ	headword	458_2L.png	unverified
D90-1-05614	بوزاڭلاشماق	headword	458_2L.png	unverified
D90-1-05615	بوزەك	headword	458_2L.png	unverified
D90-1-05617	بوزەك ئەتمەك	headword	459_1R.png	unverified
D90-1-05620	بوزەك قىلماق	headword	459_1R.png	unverified
D90-1-05618	بوزەك بولماق	headword	459_1R.png	unverified
D90-1-05619	بوزەك تاپماق	headword	459_1R.png	unverified
D90-1-05621	بوزەكلىك	headword	459_1R.png	unverified
D90-1-05622	بوزەكلىمەك	headword	459_1R.png	unverified
D90-1-05623	بوزتىكەن	headword	459_1R.png	unverified
D90-1-05624	بوزلاتماق	headword	459_2L.png	unverified
D90-1-05625	بوزلاشماق	headword	459_2L.png	unverified
D90-1-05626	بوزلۇق	headword	459_2L.png	unverified
D90-1-05627	بوزلىماق	headword	459_2L.png	unverified
D90-1-05628	بوزون	headword	460_1R.png	unverified
D90-1-05629	بوزىچى	headword	460_1R.png	unverified
D90-1-05630	بوزىچىلىق	headword	460_1R.png	unverified
D90-1-05631	بوزىخانا	headword	460_1R.png	unverified
D90-1-05632	بوزىرىشماق	headword	460_1R.png	unverified
D90-1-05633	بوسە	headword	460_1R.png	unverified
D90-1-05635	بوستان	headword	460_1R.png	unverified
D90-1-05636	بوستانلاشتۇرماق	headword	460_2L.png	unverified
D90-1-05637	بوستانلىق	headword	460_2L.png	unverified
D90-1-05640	بوسۇغا	headword	460_2L.png	unverified
D90-1-05641	بوسۇغىسىدىن ئاتلىماق	headword	461_1R.png	unverified
D90-1-05642	بوسۇغىسىغا پۇتىنى ئالماق	headword	461_1R.png	unverified
D90-1-05643	بوسۇغىسىغا دەسسىمەك	headword	461_1R.png	unverified
D90-1-05644	بوسۇغىسىغا كېلىپ قالماق	headword	461_1R.png	unverified
D90-1-05645	بوسۇغىسىنى توپا باسماق	headword	461_1R.png	unverified
D90-1-05646	بوسۇغىسى ئېگىز	headword	461_1R.png	unverified
D90-1-05647	بوسۇغا - داۋان	headword	461_2L.png	unverified
D90-1-05648	بوسۇغا - داۋىنى ئېگىز	headword	461_2L.png	unverified
D90-1-05649	بوسۇق	headword	461_2L.png	unverified
D90-1-05651	بوسۇلچۇق	headword	461_2L.png	unverified
D90-1-05652	بوش	headword	461_2L.png	unverified
D90-1-05653	بوش ئەمەس	headword	462_2L.png	unverified
D90-1-05654	بوش پەللە	headword	462_2L.png	unverified
D90-1-05655	بوش توپا	headword	462_2L.png	unverified
D90-1-05656	بوش توپلام	headword	462_2L.png	unverified
D90-1-05657	بوش تۇتماق	headword	462_2L.png	unverified
D90-1-05658	بوش تۇرماسلىق	headword	462_2L.png	unverified
D90-1-05659	بوش قارىماق	headword	463_1R.png	unverified
D90-1-05659-v1	سەل قارىماق	variant	463_1R.png	unverified
D90-1-05660	بوشقا كەتمەك	headword	463_1R.png	unverified
D90-1-05661	بوش قويماسلىق	headword	463_1R.png	unverified
D90-1-05662	بوش قويماق	headword	463_1R.png	unverified
D90-1-05663	بوش كەلمەك	headword	463_1R.png	unverified
D90-1-05664	بوش گەپ	headword	463_2L.png	unverified
D90-1-05665	بوش گەپمۇ؟	headword	463_2L.png	unverified
D90-1-05666	بوشاتماق	headword	463_2L.png	unverified
D90-1-05667	بوشاشتۇرماق	headword	463_2L.png	unverified
D90-1-05668	بوشاشماق	headword	463_2L.png	unverified
D90-1-05669	بوشاڭ	headword	464_1R.png	unverified
D90-1-05670	بوشاڭلىق	headword	464_1R.png	unverified
D90-1-05671	بوشاندۇرماق	headword	464_1R.png	unverified
D90-1-05672	بوشانماق	headword	464_1R.png	unverified
D90-1-05673	بوشلۇق	headword	464_2L.png	unverified
D90-1-05675	بوشلۇق توپى	headword	465_1R.png	unverified
D90-1-05676	بوشلۇقتىكى شەكىل	headword	465_1R.png	unverified
D90-1-05677	بوشلۇق دولقۇنى	headword	465_1R.png	unverified
D90-1-05678	بوشىتىلماق	headword	465_1R.png	unverified
D90-1-05679	بوشىقى	headword	465_1R.png	unverified
D90-1-05680	بوشىماق	headword	465_1R.png	unverified
D90-1-05681	بوغا	headword	465_2L.png	unverified
D90-1-05682	بوغاز	headword	465_2L.png	verified
D90-1-05683	بوغاز بولماق	headword	465_2L.png	unverified
D90-1-05684	بوغاز قىلماق	headword	465_2L.png	unverified
D90-1-05685	بوغالتىر	headword	465_2L.png	unverified
D90-1-05686	بوغالتىرلىق	headword	465_2L.png	unverified
D90-1-05687	بوغالتىرىيە	headword	466_1R.png	unverified
D90-1-05688	بوغجۇما	headword	466_1R.png	unverified
D90-1-05689	بوغجۇمىلاتماق	headword	466_1R.png	unverified
D90-1-05690	بوغجۇمىلانماق	headword	466_1R.png	unverified
D90-1-05691	بوغجۇمىلىق	headword	466_1R.png	unverified
D90-1-05692	بوغجۇمىلىماق	headword	466_1R.png	unverified
D90-1-05693	بوغچا	headword	466_1R.png	unverified
D90-1-05694	بوغدۇرماق	headword	466_1R.png	unverified
D90-1-05695	بوغدۇرۇلماق	headword	466_1R.png	unverified
D90-1-05696	بوغرۇل	headword	466_2L.png	unverified
D90-1-05698	بوغقۇچ	headword	466_2L.png	unverified
D90-1-05699	بوغقۇچلاتماق	headword	466_2L.png	unverified
D90-1-05700	بوغقۇچلانماق	headword	466_2L.png	unverified
D90-1-05701	بوغقۇچلىماق	headword	466_2L.png	unverified
D90-1-05702	بوغما	headword	466_2L.png	unverified
D90-1-05704	بوغما پولات چىۋىقى	headword	467_1R.png	unverified
D90-1-05705	بوغما قاپاق	headword	467_1R.png	unverified
D90-1-05706	بوغما ياقا	headword	467_1R.png	unverified
D90-1-05707	بوغما يەڭ	headword	467_1R.png	unverified
D90-1-05708	بوغماق	headword	467_1R.png	unverified
D90-1-05710	بوغماق ئۈچەي	headword	467_2L.png	unverified
D90-1-05711	بوغماق ئۈچەي ياللۇغى	headword	467_2L.png	unverified
D90-1-05712	بوغماق يىلان	headword	467_2L.png	unverified
D90-1-05713	بوغنۇقماق	headword	468_1R.png	unverified
D90-1-05714	بوغۇرساق	headword	468_1R.png	unverified
D90-1-05715	بوغۇز	headword	468_1R.png	unverified
D90-1-05717	بوغۇز ئاغرىقى	headword	468_2L.png	unverified
D90-1-05718	بوغۇز پارقلىغۇچ تاۋۇشى	headword	468_2L.png	unverified
D90-1-05719	بوغۇز سىيرىلاڭغۇ تاۋۇشى	headword	468_2L.png	unverified
D90-1-05720	بوغۇزخانا	headword	468_2L.png	unverified
D90-1-05721	بوغۇزلاتماق	headword	468_2L.png	unverified
D90-1-05721-v1	بوغۇزلاتماق مەجبۇرىي دەرىچىسى	variant	468_2L.png	unverified
D90-1-05722	بوغۇزلاشماق	headword	469_1R.png	unverified
D90-1-05723	بوغۇزلاندۇرماق	headword	469_1R.png	unverified
D90-1-05724	بوغۇزلانماق	headword	469_1R.png	unverified
D90-1-05725	بوغۇزلۇق	headword	469_1R.png	unverified
D90-1-05727	بوغۇزلىماق	headword	469_1R.png	unverified
D90-1-05728	بوغۇشماق	headword	469_1R.png	unverified
D90-1-05729	بوغۇق	headword	469_2L.png	unverified
D90-1-05730	بوغۇقلۇق	headword	469_2L.png	unverified
D90-1-05731	بوغۇلماق	headword	469_2L.png	unverified
D90-1-05732	بوغۇم	headword	470_1R.png	unverified
D90-1-05737	بوغۇم ياللۇغى	headword	470_2L.png	unverified
D90-1-05738	بوغۇم-بوغۇم	headword	470_2L.png	unverified
D90-1-05739	بوغۇملۇق	headword	470_2L.png	unverified
D90-1-05740	بوغۇملۇق يېزىق	headword	470_2L.png	unverified
D90-1-05741	بوغۇن	headword	470_2L.png	unverified
D90-1-05742-v1	ھەرە	variant	470_2L.png	unverified
D90-1-05743	بوغۇناق	headword	470_2L.png	unverified
D90-1-05744	بوغۇنداش	headword	470_2L.png	unverified
D90-1-05745	بوغۇنماق	headword	471_1R.png	unverified
D90-1-05746	بوقتاق	headword	471_1R.png	unverified
D90-1-05747	بوقتوغ	headword	471_1R.png	unverified
D90-1-05748	بوقۇسا	headword	471_1R.png	unverified
D90-1-05749	بوكس	headword	471_1R.png	unverified
D90-1-05750	بوكسچى	headword	471_1R.png	unverified
D90-1-05751	بوكسىت	headword	471_1R.png	unverified
D90-1-05752	بوڭ	headword	471_1R.png	unverified
D90-1-05753	بوڭ-بوڭ	headword	471_1R.png	unverified
D90-1-05754	بوڭبوڭقوڭغۇز	headword	471_1R.png	unverified
D90-1-05755	بوڭشىماق	headword	471_1R.png	unverified
D90-1-05756	بوڭۇلداتماق	headword	471_1R.png	unverified
D90-1-05757	بوڭۇلداشماق	headword	471_1R.png	unverified
D90-1-05758	بوڭۇلدىماق	headword	471_2L.png	unverified
D90-1-05765	بولاتماق	headword	471_2L.png	unverified
D90-1-05766	بولار	headword	471_2L.png	unverified
D90-1-05769	بولار - بولماس	headword	472_1R.png	unverified
D90-1-05770	بولار - بولماي	headword	472_1R.png	unverified
D90-1-05771	بولارلىق	headword	472_1R.png	unverified
D90-1-05772	بولاشماق	headword	472_1R.png	unverified
D90-1-05773	بولاق	headword	472_1R.png	unverified
D90-1-05777	بولاقلىق	headword	472_2L.png	unverified
D90-1-05780	بولالماي	headword	472_2L.png	unverified
D90-1-05781	بولالماي قالماق	headword	472_2L.png	unverified
D90-1-05782	بولانماق	headword	472_2L.png	unverified
D90-1-05783	بولتا	headword	472_2L.png	unverified
D90-1-05784	بولتىلىماق	headword	472_2L.png	unverified
D90-1-05785	بولجا	headword	473_1R.png	unverified
D90-1-05787	بولجالىق	headword	473_1R.png	unverified
D90-1-05788	بولدۇرماق	headword	473_1R.png	unverified
D90-1-05790	بولدۇرۇلماق	headword	473_1R.png	unverified
D90-1-05791	بولدى	headword	473_1R.png	unverified
D90-1-05793	بولسا	headword	473_2L.png	unverified
D90-1-05794	بولسۇن	headword	473_2L.png	unverified
D90-1-05795	بولشېۋىزم	headword	473_2L.png	unverified
D90-1-05796	بولشېۋىزملىق	headword	474_1R.png	unverified
D90-1-05797	بولشېۋىك	headword	474_1R.png	unverified
D90-1-05798	بولشېۋىكلارچە	headword	474_1R.png	unverified
D90-1-05799	بولشېۋىكلىق	headword	474_1R.png	unverified
D90-1-05800	بولغاي	headword	474_1R.png	unverified
D90-1-05801	بولغۇسى	headword	474_2L.png	unverified
D90-1-05802	بولغۇلۇق	headword	474_2L.png	unverified
D90-1-05803	بولغۇلۇق بولدى	headword	474_2L.png	unverified
D90-1-05803-v1	بولار ئىش بولدى	variant	474_2L.png	unverified
D90-1-05804	بولقا	headword	474_2L.png	unverified
D90-1-05805	بولقا سۆڭەك	headword	474_2L.png	unverified
D90-1-05806	بولقىلاتماق	headword	475_1R.png	unverified
D90-1-05807	بولقىلاشماق	headword	475_1R.png	unverified
D90-1-05808	بولقىلانماق	headword	475_1R.png	unverified
D90-1-05809	بولقىلىماق	headword	475_1R.png	unverified
D90-1-05810	بولكا	headword	475_1R.png	unverified
D90-1-05811	بولكىچى	headword	475_1R.png	unverified
D90-1-05812	بولكىچىلىق	headword	475_1R.png	unverified
D90-1-05813	بولماق	headword	475_1R.png	unverified
D90-1-05822	بولمىسا	headword	477_2L.png	unverified
D90-1-05823	بولمىغان	headword	477_2L.png	unverified
D90-1-05824	بولمىغۇر	headword	477_2L.png	unverified
D90-1-05825	بولمىغۇر گەپ	headword	478_1R.png	unverified
D90-1-05826	بولمىغۇرلۇق	headword	478_1R.png	unverified
D90-1-05827	بولۇپ	headword	478_1R.png	unverified
D90-1-05828	بولۇپمۇ	headword	478_2L.png	unverified
D90-1-05829	بولۇشتۇرماق	headword	478_2L.png	unverified
D90-1-05830	بولۇشسىز	headword	478_2L.png	unverified
D90-1-05831	بولۇشسىز ئالماش	headword	478_2L.png	unverified
D90-1-05832	بولۇشسىز پېئىل	headword	478_2L.png	unverified
D90-1-05833	بولۇشسىز شەكىل	headword	478_2L.png	unverified
D90-1-05834	بولۇشسىز قوشۇمچە	headword	478_2L.png	unverified
D90-1-05835	بولۇشقاق	headword	478_2L.png	unverified
D90-1-05836	بولۇشلۇق	headword	478_2L.png	unverified
D90-1-05837	بولۇشلۇق پېئىل	headword	478_2L.png	unverified
D90-1-05838	بولۇشلۇق شەكىل	headword	479_1R.png	unverified
D90-1-05839	بولۇشماق	headword	479_1R.png	unverified
D90-1-05840	بولۇشۇپ قالماق	headword	479_1R.png	unverified
D90-1-05841	بولۇشىچە	headword	479_1R.png	unverified
D90-1-05842	بولۇشىغا	headword	479_1R.png	unverified
D90-1-05843	بولۇشىغا قويۇۋەتمەك	headword	479_2L.png	unverified
D90-1-05844	بولۇغا	headword	479_2L.png	unverified
D90-1-05845	بولۇق	headword	479_2L.png	unverified
D90-1-05847	بولۇمسىز	headword	479_2L.png	unverified
D90-1-05848	بولۇنماق	headword	479_2L.png	unverified
D90-1-05849	بولىماق	headword	479_2L.png	unverified
D90-1-05850	بولىۋار	headword	479_2L.png	unverified
D90-1-05851	بوم	headword	479_2L.png	unverified
D90-1-05853	بوم تار	headword	480_1R.png	unverified
D90-1-05854	بومبا	headword	480_1R.png	unverified
D90-1-05855	بومبا ساقال	headword	480_1R.png	unverified
D90-1-05856	بومبىغا تۇتماق	headword	480_1R.png	unverified
D90-1-05857	بومباردىمان	headword	480_1R.png	unverified
D90-1-05859	بومباردىمانچى	headword	480_2L.png	unverified
D90-1-05861	بومباردىمانچىلىق	headword	480_2L.png	unverified
D90-1-05862	بومبايتماق	nonstandard	480_2L.png	unverified
D90-1-05862-c1	دومبايتماق	corrected_form	480_2L.png	unverified
D90-1-05863	بومبايماق	nonstandard	480_2L.png	unverified
D90-1-05863-c1	دومبايماق	corrected_form	480_2L.png	unverified
D90-1-05864	بوم-بوم	headword	480_2L.png	unverified
D90-1-05865	بوھتان	headword	480_2L.png	unverified
D90-1-05867	بوھتانچى	headword	480_2L.png	unverified
D90-1-05868	بوھران	headword	481_1R.png	unverified
D90-1-05868-v1	كرىزس	variant	481_1R.png	unverified
D90-1-05869	بوۋا	headword	481_1R.png	unverified
D90-1-05870	بوۋاسىر	headword	481_1R.png	unverified
D90-1-05871	بوۋاق	headword	481_1R.png	unverified
D90-1-05873	بوۋاق غوجا	headword	481_1R.png	verified
D90-1-05874	بوۋاقلار قاتما كېسەللىكى	headword	481_1R.png	unverified
D90-1-05875	بوۋاقلىق	headword	481_2L.png	unverified
D90-1-05876	بوۋاي	headword	481_2L.png	unverified
D90-1-05877	بوۋىقۇش	headword	481_2L.png	unverified
D90-1-05878	بوي	headword	481_2L.png	unverified
D90-1-05882	بوي ئەگمەك	headword	482_1R.png	unverified
D90-1-05883	بوي بەرمەك	headword	482_1R.png	unverified
D90-1-05884	بوي بېشىدا قالماق	headword	482_1R.png	unverified
D90-1-05890	بويىدا قالماق	headword	482_2L.png	unverified
D90-1-05885	بوي تارتماق	headword	482_1R.png	unverified
D90-1-05886	بوي تالاشماق	headword	482_1R.png	unverified
D90-1-05887	بوي دولقۇن	headword	482_2L.png	unverified
D90-1-05888	بوي ئوق	headword	482_2L.png	unverified
D90-1-05889	بويى تىكەنلەشمەك	headword	482_2L.png	unverified
D90-1-05891	بويىدىن ئاجرىماق	headword	482_2L.png	unverified
D90-1-05892	بويى شۈركۈنمەك	headword	482_2L.png	unverified
D90-1-05893	بويى كىر	headword	482_2L.png	unverified
D90-1-05894	بويى كىر بولماق	headword	483_1R.png	unverified
D90-1-05895	بويىغا يەتمەك	headword	483_1R.png	unverified
D90-1-05896	بوياتماق	headword	483_1R.png	unverified
D90-1-05897	بوياشماق	headword	483_1R.png	unverified
D90-1-05898	بوياق	headword	483_1R.png	unverified
D90-1-05900	بوياقچى	headword	483_1R.png	unverified
D90-1-05901	بوياقچىلىق	headword	483_2L.png	unverified
D90-1-05902	بوياقخانا	headword	483_2L.png	unverified
D90-1-05903	بوياقلىق	headword	483_2L.png	unverified
D90-1-05904	بويالماق	headword	483_2L.png	unverified
D90-1-05905	بوي - بەست	headword	483_2L.png	unverified
D90-1-05906	بويتاق	headword	483_2L.png	unverified
D90-1-05908	بويتاقچىلىق	headword	484_1R.png	unverified
D90-1-05909	بويتاقلىق	headword	484_1R.png	unverified
D90-1-05910	بوي-تۇرق	headword	484_1R.png	unverified
D90-1-05911	بويچىلىق	headword	484_1R.png	unverified
D90-1-05912	بويسۇندۇرغۇزماق	headword	484_1R.png	unverified
D90-1-05913	بويسۇندۇرماق	headword	484_1R.png	unverified
D90-1-05914	بويسۇندۇرۇلماق	headword	484_1R.png	unverified
D90-1-05915	بويسۇنماق	headword	484_1R.png	unverified
D90-1-05916	بويسۇنۇشماق	headword	484_2L.png	unverified
D90-1-05917	بويسرە	headword	484_2L.png	unverified
D90-1-05920	بويلاتماق	headword	484_2L.png	unverified
D90-1-05921	بويلاتقۇزماق	headword	484_2L.png	unverified
D90-1-05922	بويلاشماق	headword	484_2L.png	unverified
D90-1-05923	بويلام	headword	485_1R.png	unverified
D90-1-05924	بويۇلۇق	headword	485_1R.png	unverified
D90-1-05925	بويىلما	headword	485_1R.png	unverified
D90-1-05927	بويلىماق	headword	485_1R.png	unverified
D90-1-05928	بويناق	headword	485_1R.png	unverified
D90-1-05929	بويۇن	headword	485_2L.png	unverified
D90-1-05930	بويۇن ئەگمەك	headword	485_2L.png	unverified
D90-1-05931	بويۇن بەرمەسلىك	headword	485_2L.png	unverified
D90-1-05931-v1	بوي بەرمەسلىك	variant	485_2L.png	unverified
D90-1-05932	بويۇن تولغىماق	headword	485_2L.png	unverified
D90-1-05933	بويۇندىن ساقىت	headword	485_2L.png	unverified
D90-1-05933-v1	گەدەندىن ساقىت	variant	485_2L.png	unverified
D90-1-05934	بويۇن سۇنماق	headword	485_2L.png	unverified
D90-1-05935	بويۇنغا يەل تۇرۇپ قېلىش	headword	485_2L.png	unverified
D90-1-05936	بويۇن ئاغرىقى	headword	486_1R.png	unverified
D90-1-05937	بويۇن ئومۇرتقىسى	headword	486_1R.png	unverified
D90-1-05938	بوينۇم قىلدا باغلاقلىق	headword	486_1R.png	unverified
D90-1-05939	بوينىدا شاپتۇل قاقماق	headword	486_1R.png	unverified
D90-1-05940	بوينىدىن باغلىغاندەك	headword	486_1R.png	unverified
D90-1-05941	بوينىدىن ساقىت بولماق	headword	486_1R.png	unverified
D90-1-05941-v1	گەدەندىن ساقىت بولماق	variant	486_1R.png	unverified
D90-1-05942	بوينىدىن ساقىت قىلماق	headword	486_1R.png	unverified
D90-1-05942-v1	گەدەندىن ساقىت قىلماق	variant	486_1R.png	unverified
D90-1-05943	بوينى سۇنغۇر	headword	486_1R.png	unverified
D90-1-05944	بوينىغا ئارتماق	headword	486_1R.png	unverified
D90-1-05945	بوينىغا ئالماق	headword	486_1R.png	unverified
D90-1-05946	بوينىغا چۈشمەك	headword	486_2L.png	unverified
D90-1-05947	بوينىغا سىرتماق چۈشمەك	headword	486_2L.png	unverified
D90-1-05948	بوينىغا قويماق	headword	486_2L.png	unverified
D90-1-05949	بوينىغا قىلىچ كەلگەندىمۇ	headword	486_2L.png	unverified
D90-1-05950	بوينىغا گىرە سالماق	headword	486_2L.png	unverified
D90-1-05951	بوينىغا مىنمەك	headword	486_2L.png	unverified
D90-1-05952	بوينى قاتتىق	headword	486_2L.png	unverified
D90-1-05953	بوينى قىسىلماق	headword	487_1R.png	unverified
D90-1-05954	بوينى ئۆرە	headword	487_1R.png	unverified
D90-1-05955	بوينى ئۈزۈلگۈر	headword	487_1R.png	unverified
D90-1-05956	بوينى يۇمشاق	headword	487_1R.png	unverified
D90-1-05957	بويۇنتاۋلىق	headword	487_1R.png	unverified
D90-1-05958	بويۇنتاۋلىق قىلماق	headword	487_1R.png	unverified
D90-1-05959	بويۇنتۇرۇق	headword	487_2L.png	unverified
D90-1-05960	بويۇنچاق	headword	487_2L.png	unverified
D90-1-05961	بويۇنچە	headword	487_2L.png	unverified
D90-1-05962	بويۇنچۇق	headword	487_2L.png	unverified
D90-1-05963	بويۇنداشماق	headword	487_2L.png	unverified
D90-1-05964	بويۇندىماق	headword	487_2L.png	unverified
D90-1-05965	بويۇنكەش	headword	487_2L.png	unverified
D90-1-05965-v1	گەدەنكەش	variant	487_2L.png	unverified
D90-1-05966	بويۇنكەشلىك	headword	487_2L.png	unverified
D90-1-05966-v1	گەدەنكەشلىك	variant	487_2L.png	unverified
D90-1-05967	بويۇنلۇق	headword	488_1R.png	unverified
D90-1-05968	بويىتىلھاق	headword	488_1R.png	unverified
D90-1-05969	بويىتىشماق	headword	488_1R.png	unverified
D90-1-05970	بويىچە	headword	488_1R.png	unverified
D90-1-05971	بويىماق	headword	488_1R.png	unverified
D90-1-05972	بۇ	headword	488_1R.png	unverified
D90-1-05973	بۇ ئالەم	headword	488_2L.png	unverified
D90-1-05974	بۇ ئاي	headword	488_2L.png	unverified
D90-1-05975	بۇ تاپتا	headword	488_2L.png	unverified
D90-1-05976	بۇ چاغ	headword	488_2L.png	unverified
D90-1-05977	بۇ دور	headword	488_2L.png	unverified
D90-1-05978	بۇ دورەم	headword	488_2L.png	unverified
D90-1-05979	بۇ دورقى	headword	489_1R.png	unverified
D90-1-05980	بۇ دۇنيا	headword	489_1R.png	unverified
D90-1-05981	بۇ دۇنيا، ئۇ دۇنيا	headword	489_1R.png	unverified
D90-1-05981-v1	ئۇ دۇنيا، بۇ دۇنيا	variant	489_1R.png	unverified
D90-1-05982	بۇ دۇنيالىق	headword	489_1R.png	unverified
D90-1-05983	بۇ قەدەر	headword	489_1R.png	unverified
D90-1-05984	بۇ كەم	headword	489_1R.png	unverified
D90-1-05985	بۇ نۆۋەت	headword	489_2L.png	unverified
D90-1-05986	بۇنىڭدىن باشقا	headword	489_2L.png	unverified
D90-1-05987	بۇنىڭدىن تاشقىرى	headword	489_2L.png	unverified
D90-1-05988	بۇنىڭدىن سىرت	headword	489_2L.png	unverified
D90-1-05989	بۇنىڭدىن كېيىن	headword	489_2L.png	unverified
D90-1-05990	بۇنىڭ سىرتىدا	headword	489_2L.png	unverified
D90-1-05991	بۇنىڭلىق بىلەن	headword	489_2L.png	unverified
D90-1-05992	بۇ ھال	headword	489_2L.png	unverified
D90-1-05993	بۇت	headword	490_1R.png	unverified
D90-1-05994	بۇتادىئېن	headword	490_1R.png	unverified
D90-1-05995	بۇتان	headword	490_1R.png	unverified
D90-1-05996	بۇتپەرەس	headword	490_1R.png	unverified
D90-1-05997	بۇتپەرەسلىك	headword	490_1R.png	unverified
D90-1-05998	بۇتتەك	headword	490_1R.png	unverified
D90-1-05999	بۇتخانا	headword	490_2L.png	unverified
D90-1-06000	بۇتناشماق	nonstandard	490_2L.png	unverified
D90-1-06001	بۇتىل	headword	490_2L.png	unverified
D90-1-06001-v1	بۇتىل كىسلاتا	variant	490_2L.png	unverified
D90-1-06004	بۇجۇغۇر	headword	490_2L.png	unverified
D90-1-06005	بۇجۇغۇر بۇلۇت	headword	491_1R.png	unverified
D90-1-06006	بۇخسۇماق	headword	491_1R.png	unverified
D90-1-06007	بۇدجېت	headword	491_1R.png	unverified
D90-1-06007-v1	خامچوت	variant	491_1R.png	unverified
D90-1-06008	بۇددا	headword	491_1R.png	verified
D90-1-06011	بۇددا نومى	headword	491_2L.png	unverified
D90-1-06012	بۇددىچىلىق	headword	491_2L.png	unverified
D90-1-06013	بۇددىزم	headword	491_2L.png	unverified
D90-1-06014	بۇددىست	headword	491_2L.png	unverified
D90-1-06015	بۇددىستلىق	headword	491_2L.png	unverified
D90-1-06016	بۇدرۇق	headword	491_2L.png	unverified
D90-1-06017	بۇدۇشقاق	headword	491_2L.png	unverified
D90-1-06018	بۇدۇشقاقلىق	headword	492_1R.png	unverified
D90-1-06021	بۇدۇڭشىماق	headword	492_1R.png	unverified
D90-1-06022	بۇراتماق	headword	492_1R.png	unverified
D90-1-06023	بەر	headword	492_1R.png	unverified
D90-1-06024	بۇرادەرچىلىك	headword	492_2L.png	unverified
D90-1-06025	بۇرادەرلىك	headword	492_2L.png	unverified
D90-1-06026	بۇراش	headword	492_2L.png	unverified
D90-1-06028	بۇراق	headword	492_2L.png	unverified
D90-1-06029	بۇرالدۇرماق	headword	492_2L.png	unverified
D90-1-06030	بۇرالماق	headword	492_2L.png	unverified
D90-1-06031	بۇرام	headword	492_2L.png	unverified
D90-1-06032	بۇرچ	headword	492_2L.png	unverified
D90-1-06033	بۇرجەك	headword	493_1R.png	unverified
D90-1-06034	بۇرجۈن	headword	493_1R.png	unverified
D90-1-06036	بۇردا	headword	493_1R.png	unverified
D90-1-06037	بۇردا بولماق	headword	493_2L.png	unverified
D90-1-06038	بۇردا قىلماق	headword	493_2L.png	unverified
D90-1-06042	بۇردا-بۇردا	headword	493_2L.png	unverified
D90-1-06043	بۇردىلىماق	headword	493_2L.png	unverified
D90-1-06044	بۇرژۇئا	headword	493_2L.png	verified
D90-1-06049	بۇرژۇئازىيە	headword	494_1R.png	unverified
D90-1-06045	بۇرژۇئا دېموكراتىيىسى	headword	493_2L.png	unverified
D90-1-06046	بۇرژۇئا ئىنقىلابى	headword	493_2L.png	unverified
D90-1-06047	بۇرژۇئاز	headword	494_1R.png	unverified
D90-1-06048	بۇرژۇئازلاشماق	headword	494_1R.png	unverified
D90-1-06052	بۇرژۇئازىيىچە	headword	494_2L.png	unverified
D90-1-06053	بۇرغا	headword	494_2L.png	unverified
D90-1-06056	بۇرغىلاتماق	headword	494_2L.png	unverified
D90-1-06057	بۇرغىلاشماق	headword	494_2L.png	unverified
D90-1-06058	بۇرغىلانماق	headword	494_2L.png	unverified
D90-1-06059	بۇرغىلىماق	headword	495_1R.png	unverified
D90-1-06060	بۇرما	headword	495_1R.png	unverified
D90-1-06063	بۇرمىسىمان	headword	495_1R.png	unverified
D90-1-06065	بۇرمىلاتماق	headword	495_1R.png	unverified
D90-1-06066	بۇرمىلاشماق	headword	495_1R.png	unverified
D90-1-06067	بۇرمىلانماق	headword	495_1R.png	unverified
D90-1-06068	بۇرمىلىماق	headword	495_2L.png	unverified
D90-1-06069	بۇرناكۈن	headword	495_2L.png	unverified
D90-1-06070	بۇرناكۈنكى	headword	495_2L.png	unverified
D90-1-06071	بۇرۇت	headword	495_2L.png	unverified
D90-1-06076	بۇرۇتلۇق	headword	496_1R.png	unverified
D90-1-06077	بۇرۇقتۇرما	headword	496_1R.png	unverified
D90-1-06078	بۇرۇقتۇرما بولماق	headword	496_1R.png	unverified
D90-1-06079	بۇرۇقتۇرما قىلماق	headword	496_1R.png	unverified
D90-1-06080	بۇرۇقتۇرمىچىلىق	headword	496_2L.png	unverified
D90-1-06081	بۇرۇقتۇرمىلىق	headword	496_2L.png	unverified
D90-1-06082	بۇرۇقتۇرۇشماق	headword	496_2L.png	unverified
D90-1-06083	بۇرۇقتۇرۇلماق	headword	496_2L.png	unverified
D90-1-06084	بۇرۇقتۇم	headword	496_2L.png	unverified
D90-1-06085	بۇرۇقتۇم بولماق	headword	496_2L.png	unverified
D90-1-06086	بۇرۇقتۇم قىلماق	headword	496_2L.png	unverified
D90-1-06087	بۇرۇقتۇملۇق	headword	496_2L.png	unverified
D90-1-06088	بۇرۇقماق	headword	496_2L.png	unverified
D90-1-06089	بۇرۇلكا	headword	496_2L.png	unverified
D90-1-06090	بۇرۇلماق	headword	496_2L.png	unverified
D90-1-06091	بۇرۇلۇش	headword	496_2L.png	unverified
D90-1-06092	بۇرۇن	headword	497_1R.png	unverified
D90-1-06093	بۇرنۇڭنى تارتىپ كەل	headword	497_1R.png	unverified
D90-1-06094	بۇرنىدىن بۇلاق ئاچماق	headword	497_1R.png	unverified
D90-1-06096	بۇرنىدىن بۇلاق قىلماق	headword	497_1R.png	unverified
D90-1-06095	بۇرنىدىن بۇلاق بولماق	headword	497_1R.png	unverified
D90-1-06097	بۇرنىدىن تامغۇزۇۋالماق	headword	497_1R.png	unverified
D90-1-06098	بۇرنىدىن چۈلۈك ئۆتكۈزمەك	headword	497_2L.png	unverified
D90-1-06099	بۇرنىدىن چىقارماق	headword	497_2L.png	unverified
D90-1-06100	بۇرنىدىن چىققۇچە	headword	497_2L.png	unverified
D90-1-06101	بۇرنىدىن ئوزۇقلاندۇرۇش	headword	497_2L.png	unverified
D90-1-06102	بۇرنىدىن ئىلىنماق	headword	497_2L.png	unverified
D90-1-06103	بۇرنىدىن يېتىلىمەك	headword	497_2L.png	unverified
D90-1-06104	بۇرنىغا سۇ كىرمەك	headword	498_1R.png	unverified
D90-1-06105	بۇرنىغا قان پۇرىماق	headword	498_1R.png	unverified
D90-1-06106	بۇرنىغا مۇشت يېمەك	headword	498_1R.png	unverified
D90-1-06107	بۇرنىغا يېمەك	headword	498_1R.png	unverified
D90-1-06108	بۇرنى قۇلىقىغىچە تويماق	headword	498_1R.png	unverified
D90-1-06109	بۇرنى كۆپمەك	headword	498_1R.png	unverified
D90-1-06110	بۇرنىنى تارتالماي قالماق	headword	498_2L.png	unverified
D90-1-06111	بۇرنىنى تارتقۇچىلىك ھالى يوق	headword	498_2L.png	unverified
D90-1-06112	بۇرنىنى تاشلىماق	headword	498_2L.png	unverified
D90-1-06113	بۇرنىنى تىقماق	headword	498_2L.png	unverified
D90-1-06114	بۇرنىنىڭ ئاستىنى كۆرمەك	headword	498_2L.png	unverified
D90-1-06117	بۇرنىنىڭ ئۇچىنى كۆرمەك	headword	498_2L.png	unverified
D90-1-06115	بۇرنىنىڭ بېزىنى ئالماق	headword	498_2L.png	unverified
D90-1-06116	بۇرنىنىڭ تۆپىسىگە ئېلىپ قويماق	headword	498_2L.png	unverified
D90-1-06118	بۇرنى يوق	headword	498_2L.png	unverified
D90-1-06120	بۇرۇندىن	headword	499_1R.png	unverified
D90-1-06121	بۇرۇنقى	headword	499_1R.png	unverified
D90-1-06122	بۇرۇنقىلار	headword	499_1R.png	unverified
D90-1-06123	بۇرۇنلۇق	headword	499_1R.png	unverified
D90-1-06123-v1	چۈلۈك	variant	499_1R.png	unverified
D90-1-06124	بۇرۇنىسىدا	headword	499_1R.png	unverified
D90-1-06125	بۇروۋاي	headword	499_2L.png	unverified
D90-1-06126	بۇرىماق	headword	499_2L.png	unverified
D90-1-06127	بۇزا	headword	499_2L.png	unverified
D90-1-06128	بۇزدۇرماق	headword	499_2L.png	unverified
D90-1-06129	بۇزدۇرۇشماق	headword	500_1R.png	unverified
D90-1-06130	بۇزدۇرۇلماق	headword	500_1R.png	unverified
D90-1-06131	بۇزغۇنچى	headword	500_1R.png	unverified
D90-1-06132	بۇزغۇنچىلىق	headword	500_1R.png	unverified
D90-1-06133	بۇزغۇنچىلىق سالماق	headword	500_1R.png	unverified
D90-1-06134	بۇزغۇنچىلىق قىلماق	headword	500_1R.png	unverified
D90-1-06135	بۇزماق	headword	500_1R.png	unverified
D90-1-06136	بۇزۇشماق	headword	501_1R.png	unverified
D90-1-06137	بۇزۇق	headword	501_1R.png	unverified
D90-1-06139	بۇزۇقچىلىق	headword	501_2L.png	unverified
D90-1-06140	بۇزۇقچىلىق قىلماق	headword	501_2L.png	unverified
D90-1-06141	بۇزۇقلۇق	headword	501_2L.png	unverified
D90-1-06142	بۇزۇلماق	headword	501_2L.png	unverified
D90-1-06143	بۇزۇن	headword	501_2L.png	unverified
D90-1-06144	بۇزىلىماق	headword	502_1R.png	unverified
D90-1-06145	بۇژ	headword	502_1R.png	unverified
D90-1-06146	بۇژ-بۇژ	headword	502_1R.png	unverified
D90-1-06147	بۇژژىدە	headword	502_1R.png	unverified
D90-1-06148	بۇژغۇن	headword	502_1R.png	unverified
D90-1-06149	بۇژغۇنلانماق	headword	502_1R.png	unverified
D90-1-06150	بۇژغۇنلىماق	headword	502_1R.png	unverified
D90-1-06151	بۇزۇلداتماق	headword	502_2L.png	unverified
D90-1-06152	بۇزۇلداشماق	headword	502_2L.png	unverified
D90-1-06153	بۇزۇلدىماق	headword	502_2L.png	unverified
D90-1-06154	بۇس	headword	502_2L.png	unverified
D90-1-06155	بۇس نان	headword	502_2L.png	unverified
D90-1-06156	بۇسنى چىقارماسلىق	headword	502_2L.png	unverified
D90-1-06157	بۇسلۇق	headword	502_2L.png	unverified
D90-1-06158	بۇغ	headword	502_2L.png	unverified
D90-1-06159	بۇغا	headword	502_2L.png	verified
D90-1-06160	بۇغا تىنجىقى	headword	503_1R.png	unverified
D90-1-06161	بۇغا-مارال	headword	503_1R.png	unverified
D90-1-06162	بۇغداي	headword	503_1R.png	unverified
D90-1-06163	بۇغداي پەرۋانىسى	headword	503_1R.png	unverified
D90-1-06164	بۇغداي پولۇ	headword	503_2L.png	unverified
D90-1-06165	بۇغداي پىتى	headword	503_2L.png	unverified
D90-1-06166	بۇغداي تېرىمى	headword	503_2L.png	unverified
D90-1-06167	بۇغداي سۆز	headword	503_2L.png	unverified
D90-1-06168	بۇغداي قىزىل ئۆمۈچۈكى	headword	503_2L.png	unverified
D90-1-06169	بۇغداي ئۆڭلۈك	headword	503_2L.png	unverified
D90-1-06170	بۇغدايزار	headword	504_1R.png	unverified
D90-1-06172	بۇغدايلىق	headword	504_1R.png	unverified
D90-1-06171	بۇغدايزارلىق	headword	504_1R.png	unverified
D90-1-06174	بۇغدىيەك	headword	504_1R.png	unverified
D90-1-06175	بۇغدىيەكلىك	headword	504_1R.png	unverified
D90-1-06176	بۇغرا	headword	504_1R.png	unverified
D90-1-06178	بۇغىتاپان	headword	504_2L.png	unverified
D90-1-06179	بۇفېت	headword	504_2L.png	unverified
D90-1-06180	بۇفېتچى	headword	504_2L.png	unverified
D90-1-06181	بۇق	headword	504_2L.png	unverified
D90-1-06182	بۇقا	headword	504_2L.png	unverified
D90-1-06185	بۇقۇلداتماق	headword	504_2L.png	unverified
D90-1-06186	بۇقۇلدىشماق	headword	504_2L.png	unverified
D90-1-06187	بۇقۇلدىماق	headword	504_2L.png	unverified
D90-1-06188	بۇقىسىرىماق	headword	505_1R.png	unverified
D90-1-06189	بۇل	headword	505_1R.png	unverified
D90-1-06191	بۇل بولماق	headword	505_1R.png	unverified
D90-1-06192	بۇل قىلماق	headword	505_1R.png	unverified
D90-1-06193	بۇلاپكا	headword	505_1R.png	unverified
D90-1-06194	بۇلاتماق	headword	505_1R.png	unverified
D90-1-06196	بۇلاشماق	headword	505_2L.png	unverified
D90-1-06198	بۇلاق	headword	505_2L.png	unverified
D90-1-06201	بۇلاڭ	headword	505_2L.png	unverified
D90-1-06209	بۇلاڭزۇ	headword	506_1R.png	verified
D90-1-06203	بۇلاڭ-تالاڭ	headword	505_2L.png	unverified
D90-1-06206	بۇلاڭچى	headword	506_1R.png	unverified
D90-1-06207	بۇلاڭچىلىق	headword	506_1R.png	unverified
D90-1-06208	بۇلاڭچىلىق قىلماق	headword	506_1R.png	unverified
D90-1-06211	بۇلاڭزۇلار	headword	506_1R.png	unverified
D90-1-06210	بۇلاڭزۇچە	headword	506_1R.png	unverified
D90-1-06212	بۇلانماق	headword	506_1R.png	unverified
D90-1-06214	بۇلبۇل	headword	506_2L.png	unverified
D90-1-06215	بۇلبۇلەك	headword	506_2L.png	verified
D90-1-06216	بۇلبۇلگويا	headword	506_2L.png	unverified
D90-1-06217	بۇلتۇر	headword	506_2L.png	unverified
D90-1-06218	بۇلتۇرقى	headword	506_2L.png	unverified
D90-1-06219	بۇلجۇتماي	headword	506_2L.png	unverified
D90-1-06220	بۇلجۇڭ	headword	506_2L.png	unverified
D90-1-06220-v1	بۇلجۇڭ گۆش	variant	506_2L.png	unverified
D90-1-06222	بۇلدۇق	headword	507_1R.png	unverified
D90-1-06223	بۇلدۇق-بۇلدۇق	headword	507_1R.png	unverified
D90-1-06224	بۇلدۇقلاتماق	headword	507_1R.png	unverified
D90-1-06225	بۇلدۇقلاشماق	headword	507_1R.png	unverified
D90-1-06226	بۇلدۇقلىماق	headword	507_1R.png	unverified
D90-1-06227	بۇلغاتماق	headword	507_1R.png	unverified
D90-1-06228	بۇلغار	headword	507_1R.png	unverified
D90-1-06230	بۇلغارلار	headword	507_1R.png	verified
D90-1-06231	بۇلغاشماق	headword	507_1R.png	unverified
D90-1-06232	بۇلغۇن	headword	507_2L.png	unverified
D90-1-06233	بۇلغىماق	headword	507_2L.png	unverified
D90-1-06234	بۇلغىنىش	headword	507_2L.png	unverified
D90-1-06235	بۇلماق	headword	507_2L.png	unverified
D90-1-06236	بۇلماقتەك	headword	508_1R.png	unverified
D90-1-06237	بۇلۇت	headword	508_1R.png	unverified
D90-1-06239	بۇلۇتسىز	headword	508_1R.png	unverified
D90-1-06240	بۇلۇتسىمان	headword	508_1R.png	unverified
D90-1-06241	بۇلۇتلانماق	headword	508_1R.png	unverified
D90-1-06242	بۇلۇتلۇق	headword	508_1R.png	unverified
D90-1-06243	بۇلۇق	headword	508_1R.png	unverified
D90-1-06244	بۇلۇق-بۇلۇق	headword	508_2L.png	unverified
D90-1-06245	بۇلۇقلىماق	headword	508_2L.png	unverified
D90-1-06246	بۇلۇڭ	headword	508_2L.png	unverified
D90-1-06247	بۇلۇڭ ئۆلچىگۈچ	headword	508_2L.png	unverified
D90-1-06248	بۇلۇڭ-پۇچقاق	headword	508_2L.png	unverified
D90-1-06249	بۇلۇقچى	headword	508_2L.png	unverified
D90-1-06250	بۇلۇڭلۇق	headword	508_2L.png	unverified
D90-1-06251	بۇلۇڭلۇق پولات	headword	508_2L.png	unverified
D90-1-06252	بۇلىماق	headword	508_2L.png	unverified
D90-1-06254	بۇمازې	headword	509_1R.png	unverified
D90-1-06255	بۇنچە	headword	509_1R.png	unverified
D90-1-06256	بۇنچىلا	headword	509_1R.png	unverified
D90-1-06257	بۇنچىلىك	headword	509_1R.png	unverified
D90-1-06258	بۇنچىۋالا	headword	509_1R.png	unverified
D90-1-06259	بۇنداق	headword	509_2L.png	unverified
D90-1-06260	بۇنيات	headword	509_2L.png	unverified
D90-1-06261	بۇنيات قىلماق	headword	509_2L.png	unverified
D90-1-06262	بۇۋانە	headword	509_2L.png	unverified
D90-1-06263	بۇي	headword	509_2L.png	unverified
D90-1-06264	بۇيا	headword	509_2L.png	unverified
D90-1-06265	بۇياق	headword	510_1R.png	unverified
D90-1-06266	بۇ ياقتا تۇرسۇن	headword	510_1R.png	unverified
D90-1-06267	بۇيان	headword	510_1R.png	unverified
D90-1-06268	بۇيانقى	headword	510_1R.png	unverified
D90-1-06269	بۇيرۇت	headword	510_2L.png	unverified
D90-1-06270	بۇيرۇتلار	headword	510_2L.png	unverified
D90-1-06271	بۇيرۇتما	headword	510_2L.png	unverified
D90-1-06272	بۇيرۇتماق	headword	510_2L.png	unverified
D90-1-06273	بۇيرۇتمىچى	headword	510_2L.png	unverified
D90-1-06274	بۇيرۇتۇلماق	headword	510_2L.png	unverified
D90-1-06275	بۇيرۇشماق	headword	510_2L.png	unverified
D90-1-06276	بۇيرۇق	headword	510_2L.png	unverified
D90-1-06277	بۇيرۇق بەرمەك	headword	511_1R.png	unverified
D90-1-06278	بۇيرۇق پېئىل	headword	511_1R.png	unverified
D90-1-06279	بۇيرۇق تاپانچىسى	headword	511_1R.png	unverified
D90-1-06280	بۇيرۇق جۈملە	headword	511_1R.png	unverified
D90-1-06281	بۇيرۇق قىلماق	headword	511_1R.png	unverified
D90-1-06282	بۇيرۇقچى	headword	511_2L.png	unverified
D90-1-06284	بۇيرۇقۋاز	headword	511_2L.png	unverified
D90-1-06283	بۇيرۇقچىلىق	headword	511_2L.png	unverified
D90-1-06285	بۇيرۇقۋازلىق	headword	511_2L.png	unverified
D90-1-06287	بۇيرۇماق	headword	511_2L.png	unverified
D90-1-06288	بۇيلۇق	headword	512_1R.png	unverified
D90-1-06289	بۇيۇم	headword	512_1R.png	unverified
D90-1-06291	بۇيى	headword	512_1R.png	unverified
D90-1-06294	بۇيىلار	headword	512_2L.png	unverified
D90-1-06292	بۇيى تىلى	headword	512_1R.png	unverified
D90-1-06293	بۇيىچە	headword	512_1R.png	unverified
D90-1-06295	بۇيىلىق	headword	512_2L.png	unverified
D90-1-06296	بۆ	headword	512_2L.png	unverified
D90-1-06297	بۆجەن	headword	512_2L.png	unverified
D90-1-06298	بۆجەنلىمەك	headword	512_2L.png	unverified
D90-1-06299	بۆجەيگەك	headword	512_2L.png	unverified
D90-1-06300	بۆجەيمەك	headword	512_2L.png	unverified
D90-1-06301	بۆجىمەك	headword	512_2L.png	unverified
D90-1-06302	بۆدۈنە	headword	512_2L.png	unverified
D90-1-06303	بۆدۈنىۋاز	headword	512_2L.png	unverified
D90-1-06304	بۆدۈنىۋازلىق	headword	513_1R.png	unverified
D90-1-06305	بۆرە	headword	513_1R.png	unverified
D90-1-06306	بۆرە بورسۇق	headword	513_1R.png	unverified
D90-1-06307	بۆرە پۇرچىقى	headword	513_1R.png	unverified
D90-1-06308	بۆرە چاقىسى	headword	513_1R.png	unverified
D90-1-06309	بۆرەك	headword	513_2L.png	unverified
D90-1-06315	بۆرەك يېغى	headword	514_1R.png	unverified
D90-1-06316	بۆرتمە	headword	514_1R.png	unverified
D90-1-06320	بۆرتمەك	headword	514_1R.png	unverified
D90-1-06321	بۆرتۈپ چىقماق	headword	514_1R.png	unverified
D90-1-06322	بۆرسامىسقى	headword	514_1R.png	unverified
D90-1-06323	بۆرىكۆز	headword	514_1R.png	unverified
D90-1-06324	بۆرىيېمەس	headword	514_1R.png	unverified
D90-1-06325	بۆز	headword	514_2L.png	unverified
D90-1-06328	بۆزچى	headword	514_2L.png	unverified
D90-1-06329	بۆزچىلىك	headword	514_2L.png	unverified
D90-1-06330	بۆستۈرمەك	headword	514_2L.png	unverified
D90-1-06331	بۆسمە	headword	514_2L.png	unverified
D90-1-06334	بۆسمەك	headword	515_1R.png	unverified
D90-1-06335	بۆسۈپ كىرمەك	headword	515_1R.png	unverified
D90-1-06336	بۆسۈپ ئۆتمەك	headword	515_1R.png	unverified
D90-1-06337	بۆسۈشمەك	headword	515_1R.png	unverified
D90-1-06338	بۆسۈلمەك	headword	515_1R.png	unverified
D90-1-06339	بۆشۈك	headword	515_1R.png	unverified
D90-1-06340	بۆشۈك ئەگمىسى	headword	515_2L.png	unverified
D90-1-06341	بۆشۈك تويى	headword	515_2L.png	unverified
D90-1-06342	بۆشۈك خالۇسى	headword	515_2L.png	unverified
D90-1-06343	بۆشۈك يورغىسى	headword	515_2L.png	unverified
D90-1-06344	بۆشۈككە تۇنجۇقتۇرماق	headword	515_2L.png	unverified
D90-1-06345	بۆشۈكىدە تۇنجۇقتۇرماق	headword	515_2L.png	unverified
D90-1-06346	بۆشۈكىنى تەۋرەتكەنمۇ؟	headword	515_2L.png	unverified
D90-1-06347	بۆشۈك ياپقۇچ	headword	515_2L.png	unverified
D90-1-06348	بۆشۈكتەۋرەتكۈ	headword	515_2L.png	unverified
D90-1-06348-v1	ياچىۋەگ	variant	515_2L.png	unverified
D90-1-06349	بۆك	headword	515_2L.png	unverified
D90-1-06350	بۆكى سۇغا چىلاشماق	headword	516_1R.png	unverified
D90-1-06350-v1	دوپپىسى سۇغا چىلاشماق	variant	516_1R.png	unverified
D90-1-06351	بۆكىگە جىگدە چۈشمەك	headword	516_1R.png	unverified
D90-1-06351-v1	دوپپىسىغا جىگدە چۈشمەك	variant	516_1R.png	unverified
D90-1-06352	بۆكىگە جىگدە سالماق	headword	516_1R.png	unverified
D90-1-06352-v1	دوپپىسىغا جىگدە سالماق	variant	516_1R.png	unverified
D90-1-06353	بۆكىنى ئاسمانغا ئاتماق	headword	516_1R.png	unverified
D90-1-06353-v1	دوپپىسىنى ئاسمانغا ئاتماق	variant	516_1R.png	unverified
D90-1-06354	بۆكەن	headword	516_1R.png	unverified
D90-1-06355	بۆكەن كالا	headword	516_1R.png	unverified
D90-1-06357	بۆكتەر	headword	516_2L.png	unverified
D90-1-06358	بۆكتەرلىمەك	headword	516_2L.png	unverified
D90-1-06359	بۆكتۈرمە	headword	516_2L.png	unverified
D90-1-06359-v1	مۆكتۈرمە	variant	516_2L.png	unverified
D90-1-06360	بۆكتۈرمە جەڭ	headword	516_2L.png	unverified
D90-1-06360-v1	مۆكتۈرمە جەڭ	variant	516_2L.png	unverified
D90-1-06361	بۆكچان	headword	516_2L.png	unverified
D90-1-06362	بۆكسە	headword	516_2L.png	unverified
D90-1-06364	بۆكمەك	headword	516_2L.png	unverified
D90-1-06365	بۆكۈل	headword	516_2L.png	unverified
D90-1-06366	بۆگەك	headword	516_2L.png	unverified
D90-1-06367	بۆگەك كۆرپە	headword	517_1R.png	unverified
D90-1-06368	بۆگەن	headword	517_1R.png	unverified
D90-1-06369	بۆگەنلىمەك	headword	517_1R.png	unverified
D90-1-06370	بۆلە	headword	517_1R.png	unverified
D90-1-06371	بۆلە قىلماق	headword	517_1R.png	unverified
D90-1-06372	بۆلە يارماق	headword	517_1R.png	unverified
D90-1-06373	بۆلەتمەك	headword	517_1R.png	unverified
D90-1-06374	بۆلەك	headword	517_1R.png	unverified
D90-1-06375	بۆلەك چىقارماق	headword	517_2L.png	unverified
D90-1-06376	بۆلەك-بۆلەك	headword	517_2L.png	unverified
D90-1-06377	بۆلەكتىن	headword	517_2L.png	unverified
D90-1-06378	بۆلەكچە	headword	517_2L.png	unverified
D90-1-06379	بۆلەكلەتمەك	headword	517_2L.png	unverified
D90-1-06380	بۆلەكلەنمەك	headword	518_1R.png	unverified
D90-1-06381	بۆلەكلىك	headword	518_1R.png	unverified
D90-1-06382	بۆلەكلىمەك	headword	518_1R.png	unverified
D90-1-06383	بۆلەنمەك	headword	518_1R.png	unverified
D90-1-06384	بۆلجۈرگەن	headword	518_1R.png	unverified
D90-1-06385	بۆلجۈرگەنلىك	headword	518_1R.png	unverified
D90-1-06386	بۆلدۈرگەن	headword	518_1R.png	unverified
D90-1-06387	بۆلدۈرمەك	headword	518_1R.png	unverified
D90-1-06388	بۆلگۈچ	headword	518_1R.png	unverified
D90-1-06389	بۆلگۈچى	headword	518_1R.png	unverified
D90-1-06390	بۆلگۈنچى	headword	518_1R.png	unverified
D90-1-06391	بۆلگۈنچىلىك	headword	518_2L.png	unverified
D90-1-06394	بۆلمە	headword	518_2L.png	unverified
D90-1-06395	بۆلمەك	headword	518_2L.png	unverified
D90-1-06396	بۆلۈش	headword	519_1R.png	unverified
D90-1-06401	بۆلۈشمەك	headword	519_2L.png	unverified
D90-1-06402	بۆلۈم	headword	519_2L.png	unverified
D90-1-06403	بۆلۈمچە	headword	519_2L.png	unverified
D90-1-06404	بۆلۈنگۈچى	headword	519_2L.png	unverified
D90-1-06405	بۆلۈنمە	headword	520_1R.png	unverified
D90-1-06406	بۆلۈنمەك	headword	520_1R.png	unverified
D90-1-06409	بۆلىمەك	headword	520_2L.png	unverified
D90-1-06410	بۈجۈ	headword	520_2L.png	unverified
D90-1-06411	بۈدرە	nonstandard	520_2L.png	unverified
D90-1-06412	بۈدۈر	headword	520_2L.png	unverified
D90-1-06416	بۈدۈر-بۈدۈر	headword	520_2L.png	unverified
D90-1-06417	بۈدۈر-چوقۇر	headword	520_2L.png	unverified
D90-1-06418	بۈدۈرلەتمەك	headword	520_2L.png	unverified
D90-1-06419	بۈدۈرلەنمەك	headword	521_1R.png	unverified
D90-1-06420	بۈدۈرلىمەك	headword	521_1R.png	unverified
D90-1-06421	بۈرەندە	headword	521_1R.png	unverified
D90-1-06422	بۈركۈت	headword	521_1R.png	unverified
D90-1-06425	بۈرگە	headword	521_2L.png	unverified
D90-1-06427	بۈزرۈك	headword	521_2L.png	unverified
D90-1-06428	بۈزرۈكگاھ	headword	521_2L.png	unverified
D90-1-06429	بۈزرۈكۋار	headword	521_2L.png	verified
D90-1-06430	بۈزۈرگا	headword	521_2L.png	unverified
D90-1-06431	بۈزۈرگاھ	headword	521_2L.png	unverified
D90-1-06432	بۈك	headword	521_2L.png	unverified
D90-1-06434	بۈك-باراقسانلىق	headword	522_1R.png	unverified
D90-1-06435	بۈككىدە	headword	522_1R.png	unverified
D90-1-06436	بۈكلۈك	headword	522_1R.png	unverified
D90-1-06437	بۈڭلۈك	headword	522_1R.png	unverified
D90-1-06438	بۈگۈن	headword	522_1R.png	unverified
D90-1-06439	بۈگۈن-ئەتە	headword	522_1R.png	unverified
D90-1-06440	بۈگۈن-ئەتىلىك	headword	522_2L.png	unverified
D90-1-06441	بۈگۈن-ئەتىسىلىكى قالماق	headword	522_2L.png	unverified
D90-1-06442	بۈگۈنچە	headword	522_2L.png	unverified
D90-1-06443	بۈگۈنكى	headword	522_2L.png	unverified
D90-1-06444	بۈگۈنلۈك	headword	522_2L.png	unverified
D90-1-06445	بۈلدۈرگە	headword	522_2L.png	unverified
D90-1-06446	بۈۋى	headword	523_1R.png	unverified
D90-1-06447	بۈيۈك	headword	523_1R.png	unverified
D90-1-06448	بۈيۈكلەشمەك	headword	523_1R.png	unverified
D90-1-06449	بۈيۈكلۈك	headword	523_1R.png	unverified
D90-1-06450	بې	headword	523_1R.png	unverified
D90-1-06451	بېتا	headword	523_1R.png	unverified
D90-1-06453	بېتا نۇر	headword	523_2L.png	unverified
D90-1-06454	بېتالدى	headword	523_2L.png	unverified
D90-1-06455	بېتەمتىرا	headword	523_2L.png	unverified
D90-1-06456	بېتون	headword	523_2L.png	unverified
D90-1-06460	بېجىرتمەك	headword	523_2L.png	unverified
D90-1-06461	بېجىرمەك	headword	524_1R.png	unverified
D90-1-06462	بېجىرىشمەك	headword	524_1R.png	unverified
D90-1-06463	بېجىرىلمەك	headword	524_1R.png	unverified
D90-1-06464	بېجىرىم	headword	524_1R.png	unverified
D90-1-06465	بېخى	headword	524_1R.png	unverified
D90-1-06468	بېخىل	headword	524_1R.png	unverified
D90-1-06469	بېخىللاشتۇرماق	headword	524_1R.png	unverified
D90-1-06470	بېخىللاشماق	headword	524_2L.png	unverified
D90-1-06471	بېخىللىق	headword	524_2L.png	unverified
D90-1-06472	بېدە	headword	524_2L.png	unverified
D90-1-06476	بېدەچىلىك	headword	524_2L.png	unverified
D90-1-06477	بېدىش	headword	524_2L.png	unverified
D90-1-06478	بېدىشلىك	headword	525_1R.png	unverified
D90-1-06479	بېدىك	headword	525_1R.png	unverified
D90-1-06480	بېدىكلىك	headword	525_1R.png	unverified
D90-1-06481	بېدىلىك	headword	525_1R.png	unverified
D90-1-06482	بېرەرمەن	headword	525_1R.png	unverified
D90-1-06483	بېركېلىي	headword	525_1R.png	verified
D90-1-06484	بېرى	headword	525_2L.png	unverified
D90-1-06485	بېرىپ	headword	525_2L.png	unverified
D90-1-06486	بېرىپ - بېرىپ	headword	525_2L.png	unverified
D90-1-06487	بېرىچە	nonstandard	525_2L.png	unverified
D90-1-06488	بېرىش	headword	525_2L.png	unverified
D90-1-06489	بېرىش كېلىش	headword	525_2L.png	unverified
D90-1-06489-v1	يۆنىلىش ئالاقىسى	variant	525_2L.png	unverified
D90-1-06490	بېرىش - كېلىش	headword	525_2L.png	unverified
D90-1-06491	بېرىشماق	headword	526_1R.png	unverified
D90-1-06492	بېرىشمەك	headword	526_1R.png	unverified
D90-1-06493	بېرىقى	headword	526_1R.png	unverified
D90-1-06494	بېرىلگەن	headword	526_1R.png	unverified
D90-1-06496	بېرىللىي	headword	526_1R.png	unverified
D90-1-06497	بېرىلمەسلىك	headword	526_2L.png	unverified
D90-1-06498	بېرىلمەك	headword	526_2L.png	unverified
D90-1-06499	بېزەپ	headword	526_2L.png	unverified
D90-1-06500	بېزەپ بولماق	headword	526_2L.png	unverified
D90-1-06501	بېزەپ قىلماق	headword	527_1R.png	unverified
D90-1-06502	بېزەپچىلىك	headword	527_1R.png	unverified
D90-1-06503	بېزەتكۈزمەك	headword	527_1R.png	unverified
D90-1-06504	بېزەتمەك	headword	527_1R.png	unverified
D90-1-06505	بېزەرتمەك	headword	527_1R.png	unverified
D90-1-06506	بېزەرمەك	headword	527_1R.png	unverified
D90-1-06507	بېزەشتۈرمەك	headword	527_1R.png	unverified
D90-1-06508	بېزەشتۈرۈلمەك	headword	527_1R.png	unverified
D90-1-06509	بېزەشمەك	headword	527_1R.png	unverified
D90-1-06510	بېزەك	headword	527_2L.png	unverified
D90-1-06511	بېزەكلىك	headword	527_2L.png	unverified
D90-1-06512	بېزەلمەك	headword	527_2L.png	unverified
D90-1-06513	بېزەنمەك	headword	527_2L.png	unverified
D90-1-06514	بېزىتىلمەك	headword	527_2L.png	unverified
D90-1-06515	بېزىمەك	headword	527_2L.png	unverified
D90-1-06516	بېزىندە	headword	528_1R.png	unverified
D90-1-06516-v1	قولتارتقۇ	variant	528_1R.png	unverified
D90-1-06517	بېسبول	headword	528_1R.png	unverified
D90-1-06517-v1	كالتەك توپ	variant	528_1R.png	unverified
D90-1-06518	بېسىش	headword	528_1R.png	unverified
D90-1-06520	بېسىشماق	headword	528_1R.png	unverified
D90-1-06521	بېسىق	headword	528_1R.png	unverified
D90-1-06522	بېسىقتۇرماق	headword	528_1R.png	unverified
D90-1-06523	بېسىقتۇرۇلماق	headword	528_2L.png	unverified
D90-1-06525	بېسىقلىق	headword	528_2L.png	unverified
D90-1-06526	بېسىقماق	headword	528_2L.png	unverified
D90-1-06527	بېسىلغاق	headword	529_1R.png	unverified
D90-1-06528	بېسىلماق	headword	529_1R.png	unverified
D90-1-06529	بېسىلىپ قالماق	headword	529_2L.png	unverified
D90-1-06530	بېسىم	headword	529_2L.png	unverified
D90-1-06531	بېسىم ئاستىغا ئالماق	headword	530_1R.png	unverified
D90-1-06532	بېسىمغا چىداش كۈچى	headword	530_1R.png	verified
D90-1-06533	بېسىم كۈچى	headword	530_1R.png	unverified
D90-1-06534	بېسىم ئۆزگەرتىش پونكىتى	headword	530_1R.png	unverified
D90-1-06535	بېسىمدار	headword	530_2L.png	unverified
D90-1-06536	بېسىمدارلىق	headword	530_2L.png	unverified
D90-1-06537	بېسىملىق	headword	530_2L.png	unverified
D90-1-06539	بېشارەت	headword	530_2L.png	verified
D90-1-06540	بېشارەت بەرمەك	headword	531_1R.png	unverified
D90-1-06541	بېشارەتلىك	headword	531_1R.png	unverified
D90-1-06542	بېشىچە	headword	531_1R.png	unverified
D90-1-06544	بېغىر	headword	531_1R.png	unverified
D90-1-06545	بېغىر رەڭ	headword	531_2L.png	unverified
D90-1-06545-v1	جىگەر رەڭ	variant	531_2L.png	unverified
D90-1-06546	بېغىر قۇرتى	headword	531_2L.png	unverified
D90-1-06547	بېغىر تاق	headword	531_2L.png	unverified
D90-1-06548	بېغىش	headword	531_2L.png	unverified
D90-1-06550	بېغىشلاشماق	headword	531_2L.png	unverified
D90-1-06551	بېغىشلانماق	headword	531_2L.png	unverified
D90-1-06552	بېغىشلىما	headword	531_2L.png	unverified
D90-1-06553	بېغىشلىماق	headword	532_1R.png	unverified
D90-1-06554	بېقىش	headword	532_1R.png	unverified
D90-1-06555	بېقىش تاپماق	headword	532_1R.png	unverified
D90-1-06556	بېقىشتۇرماق	headword	532_1R.png	unverified
D90-1-06557	بېقىشماق	headword	532_1R.png	unverified
D90-1-06558	بېقىشىپ ئوينىماق	headword	532_2L.png	unverified
D90-1-06559	بېقىلماق	headword	532_2L.png	unverified
D90-1-06560	بېقىم	headword	532_2L.png	unverified
D90-1-06561	بېقىمقۇل	headword	532_2L.png	unverified
D90-1-06562	بېقىمسىز	headword	532_2L.png	unverified
D90-1-06563	بېقىندۇرغۇچى	headword	532_2L.png	unverified
D90-1-06565	بېقىندۇرماق	headword	533_1R.png	unverified
D90-1-06566	بېقىندۇرۇشماق	headword	533_1R.png	unverified
D90-1-06567	بېقىندۇرۇلماق	headword	533_1R.png	unverified
D90-1-06568	بېقىندى	headword	533_1R.png	unverified
D90-1-06570	بېقىندىلىق	headword	533_1R.png	unverified
D90-1-06572	بېقىنماق	headword	533_2L.png	unverified
D90-1-06573	بېقىنىش	headword	533_2L.png	unverified
D90-1-06574	بېقىنىشلىق	headword	533_2L.png	unverified
D90-1-06575	بېكەت	headword	533_2L.png	unverified
D90-1-06576	بېكىتكۈزمەك	headword	533_2L.png	unverified
D90-1-06577	بېكىتمەك	headword	533_2L.png	unverified
D90-1-06578	بېكىتىشمەك	headword	534_1R.png	unverified
D90-1-06579	بېكىتىكلىك	headword	534_1R.png	unverified
D90-1-06580	بېكىتىلمەك	headword	534_1R.png	unverified
D90-1-06581	بېكىشمەك	headword	534_1R.png	unverified
D90-1-06582	بېكىمەك	headword	534_1R.png	unverified
D90-1-06583	بېكىندۈرمەك	headword	534_1R.png	unverified
D90-1-06584	بېكىنمە	headword	534_1R.png	unverified
D90-1-06585	بېكىنمەك	headword	534_2L.png	unverified
D90-1-06586	بېكىنمىچىلىك	headword	534_2L.png	unverified
D90-1-06587	بېڭلۇڭ	headword	534_2L.png	unverified
D90-1-06590	بېڭلۇڭلار	headword	534_2L.png	unverified
D90-1-06588	بېڭلۇڭ تىلى	headword	534_2L.png	unverified
D90-1-06589	بېڭلۇڭچە	headword	534_2L.png	unverified
D90-1-06591	بېگەن	headword	534_2L.png	unverified
D90-1-06592	بېگەندە بۇرۇت ئالىدىغان	headword	534_2L.png	unverified
D90-1-06592-v1	يېكەندە بۇرۇت ئالىدىغان	variant	534_2L.png	unverified
D90-1-06593	بېگېموت	headword	534_2L.png	unverified
D90-1-06594	بېل	headword	535_1R.png	unverified
D90-1-06595	بېلەت	headword	535_1R.png	unverified
D90-1-06596	بېلەتچى	headword	535_1R.png	unverified
D90-1-06597	بېلەتسىز	headword	535_1R.png	unverified
D90-1-06598	بېلىجان	headword	535_1R.png	unverified
D90-1-06599	بېلىق	headword	535_2L.png	unverified
D90-1-06604	بېلىق يېلىمى	headword	536_1R.png	unverified
D90-1-06605	بېلىق يىلى	headword	536_1R.png	unverified
D90-1-06606	بېلىقئالغۇچ	headword	536_1R.png	unverified
D90-1-06606-v1	قارنا	variant	536_1R.png	unverified
D90-1-06607	بېلىقچى	headword	536_1R.png	unverified
D90-1-06608	بېلىقچى ئۆردەك	headword	536_1R.png	unverified
D90-1-06610	بېلىقچىلىق	headword	536_1R.png	unverified
D90-1-06611	بېلىقدان	headword	536_2L.png	unverified
D90-1-06612	بېلىقىمان	headword	536_2L.png	unverified
D90-1-06613	بېلىقگۈل	headword	536_2L.png	unverified
D90-1-06614	بېلىقلېشى	headword	536_2L.png	unverified
D90-1-06615	بېلىقئوتى	headword	536_2L.png	unverified
D90-1-06616	بېمول	headword	537_1R.png	unverified
D90-1-06616-v1	چۈشۈرۈش بەلگىسى	variant	537_1R.png	unverified
D90-1-06617	بېنەپتە	headword	537_1R.png	unverified
D90-1-06617-v1	بېنەپتە كۈنى	variant	537_1R.png	unverified
D90-1-06618	بېنزىل	headword	537_1R.png	unverified
D90-1-06619	بېنزىن	headword	537_1R.png	unverified
D90-1-06621	بېنزول	headword	537_1R.png	unverified
D90-1-06622	بېنزوي	headword	537_1R.png	unverified
D90-1-06622-v1	بىنزوي كىسلاتا	variant	537_1R.png	unverified
D90-1-06623	بېھى	headword	537_2L.png	unverified
D90-1-06626	بېھىش	headword	537_2L.png	unverified
D90-1-06626-v1	جەننەت	variant	537_2L.png	unverified
D90-1-06627	بېھىلىك	headword	537_2L.png	unverified
D90-1-06628	بېيجىڭ	headword	537_2L.png	unverified
D90-1-06630	بېيىت	headword	538_1R.png	unverified
D90-1-06631	بېيىتماق	headword	538_1R.png	unverified
D90-1-06632	بېيىتىلماق	headword	538_1R.png	unverified
D90-1-06633	بېيىشماق	headword	538_1R.png	unverified
D90-1-06634	بېيىماق	headword	538_1R.png	unverified
D90-1-06635	بېئارام	headword	538_1R.png	unverified
D90-1-06636	بىئارام بولماق	headword	538_2L.png	unverified
D90-1-06637	بىئارام قىلماق	headword	538_2L.png	unverified
D90-1-06638	بىئارامچىلىق	headword	538_2L.png	unverified
D90-1-06639	بىئاراملانماق	headword	538_2L.png	unverified
D90-1-06640	بىئاراملىق	headword	538_2L.png	unverified
D90-1-06641	بىئارمان	headword	538_2L.png	unverified
D90-1-06642	بىئەپ	headword	539_1R.png	unverified
D90-1-06643	بىئەجەل	headword	539_1R.png	unverified
D90-1-06644	بىئەدەب	headword	539_1R.png	unverified
D90-1-06645	بىئەدەبلىك	headword	539_1R.png	unverified
D90-1-06646	بىئەقىل	headword	539_1R.png	unverified
D90-1-06647	بىئەيىپ	headword	539_1R.png	unverified
D90-1-06647-v1	ئەيبسىز	variant	539_1R.png	unverified
D90-1-06648	بىباش	headword	539_1R.png	unverified
D90-1-06649	بىباھا	headword	539_2L.png	unverified
D90-1-06650	بىبەھرە	headword	539_2L.png	unverified
D90-1-06651	بىپايان	headword	539_2L.png	unverified
D90-1-06652	بىپەرداز	headword	539_2L.png	unverified
D90-1-08265	پەردازسىز	headword	680_1R.png	unverified
D90-1-06653	بىپەرۋا	headword	539_2L.png	unverified
D90-1-06654	بىپەرۋالىق	headword	539_2L.png	unverified
D90-1-06655	بىپەم	headword	540_1R.png	unverified
D90-1-08486	پەمسىز	headword	701_1R.png	unverified
D90-1-06656	بىپەملىك	headword	540_1R.png	unverified
D90-1-06657	بىپەيز	headword	540_1R.png	unverified
D90-1-06658	بىتاب	headword	540_1R.png	unverified
D90-1-06659	بىتاب بولماق	headword	540_1R.png	unverified
D90-1-06660	بىتابلىق	headword	540_1R.png	unverified
D90-1-06661	بىتاقەت	headword	540_1R.png	unverified
D90-1-06662	بىتاقەتلىنمەك	headword	540_2L.png	unverified
D90-1-06663	بىتاقەتلىك	headword	540_2L.png	unverified
D90-1-06664	بىتەخىر	headword	540_2L.png	unverified
D90-1-06665	بىتەرەپ	headword	540_2L.png	unverified
D90-1-06666	بىتەرەپ بولماق	headword	540_2L.png	unverified
D90-1-06667	بىتەرەپ تۇرماق	headword	540_2L.png	unverified
D90-1-06668	بىتەرەپ دۆلەت	headword	540_2L.png	unverified
D90-1-06669	بىتەرەپچىلىك	headword	541_1R.png	unverified
D90-1-06670	بىتەرەپلەشتۈرمەك	headword	541_1R.png	unverified
D90-1-06671	بىتەرەپلەشمەك	headword	541_1R.png	unverified
D90-1-06672	بىتەرەپلىك	headword	541_1R.png	unverified
D90-1-06673	بىتەرەت	headword	541_1R.png	unverified
D90-1-06674	بىتەكشى	headword	541_1R.png	unverified
D90-1-06674-v1	تەكشىسىز	variant	541_1R.png	unverified
D90-1-06675	بىتەلەي	headword	541_1R.png	unverified
D90-1-06675-v1	تەلەيسىز	variant	541_1R.png	unverified
D90-1-06676	بىتەلەي بولماق	headword	541_2L.png	unverified
D90-1-06677	بىتەلەي قىلماق	headword	541_2L.png	unverified
D90-1-06678	بىتەلەيلىك	headword	541_2L.png	unverified
D90-1-06679	بىتچىت	headword	541_2L.png	unverified
D90-1-06680	بىتچىت بولماق	headword	541_2L.png	unverified
D90-1-06681	بىتچىت قىلماق	headword	541_2L.png	unverified
D90-1-06682	بىتۇيۇق	headword	541_2L.png	unverified
D90-1-06683	بىتۇيۇقلۇق	headword	541_2L.png	unverified
D90-1-06684	بىتەم	headword	541_2L.png	unverified
D90-1-06685	بىجاق	headword	542_1R.png	unverified
D90-1-06686	بىجاق نان	headword	542_1R.png	unverified
D90-1-06687	بىجاقىي	headword	542_1R.png	unverified
D90-1-06689	بىجاقىي ئۈزۈم	headword	542_1R.png	unverified
D90-1-06688	بىجاقىي سايۋا	headword	542_1R.png	unverified
D90-1-06690	بىجە	headword	542_1R.png	unverified
D90-1-06691	بىجى	headword	542_1R.png	unverified
D90-1-06692	بېجى كىرمەك	headword	542_1R.png	unverified
D90-1-06693	بىجىق	headword	542_1R.png	unverified
D90-1-06694	بىجىقىم	headword	542_1R.png	unverified
D90-1-06695	بىجىك	headword	542_1R.png	unverified
D90-1-06696	بىجىگەن	nonstandard	542_2L.png	unverified
D90-1-06696-c1	مىجىگەن	corrected_form	542_2L.png	unverified
D90-1-06697	بىجىنار	headword	542_2L.png	unverified
D90-1-06698	بىجىنبوش	headword	542_2L.png	unverified
D90-1-06699	بىچارە	headword	542_2L.png	unverified
D90-1-06700	بىچارىلەشمەك	headword	542_2L.png	unverified
D90-1-06701	بىچارىلىك	headword	543_1R.png	unverified
D90-1-06702	بىچاغ	headword	543_1R.png	unverified
D90-1-06703	بىچەل	headword	543_1R.png	unverified
D90-1-06704	بىچىقىم	headword	543_1R.png	unverified
D90-1-06705	بىچىم	headword	543_1R.png	unverified
D90-1-06706	بىخ	headword	543_1R.png	unverified
D90-1-06710	بىخ سپورا	headword	543_2L.png	unverified
D90-1-06711	بىخ سۈرمەك	headword	543_2L.png	unverified
D90-1-06714	بىخ يېرىپ چىقماق	headword	543_2L.png	unverified
D90-1-06712	بىخ ئۇرماق	headword	543_2L.png	unverified
D90-1-06713	بىخ ئۇلاق	headword	543_2L.png	unverified
D90-1-06715	بىخانىمان	headword	544_1R.png	unverified
D90-1-06716	بىخەتەر	headword	544_1R.png	unverified
D90-1-06719	بىخەتەرلەشتۈرمەك	headword	544_1R.png	unverified
D90-1-06720	بىخەتەرلەشمەك	headword	544_1R.png	unverified
D90-1-06721	بىخەتەرلىك	headword	544_1R.png	unverified
D90-1-06723	بىخەتەرلىك تورى	headword	544_2L.png	unverified
D90-1-06724	بىخەتەرلىك سىمى	headword	544_2L.png	unverified
D90-1-06725	بىخەتەرلىك قالپىقى	headword	544_2L.png	unverified
D90-1-06726	بىخەتەرلىك كىيىمى	headword	544_2L.png	unverified
D90-1-06727	بىخەتەرلىك ئىشىكى	headword	544_2L.png	unverified
D90-1-06728	بىخەستە	headword	544_2L.png	unverified
D90-1-06729	بىخەستەلىك	headword	545_1R.png	unverified
D90-1-06730	بىخەستەلىك قىلماق	headword	545_1R.png	unverified
D90-1-06731	بىخەۋەر	headword	545_1R.png	unverified
D90-1-06732	بىخەۋەرلىك	headword	545_1R.png	unverified
D90-1-06733	بىخسىمان	headword	545_1R.png	unverified
D90-1-06735	بىخلاندۇرماق	headword	545_1R.png	unverified
D90-1-06736	بىخلانماق	headword	545_1R.png	unverified
D90-1-06737	بىخلىماق	headword	545_1R.png	verified
D90-1-06738	بىخلىنىپ ئۆسكەن ئورمان	headword	545_2L.png	unverified
D90-1-06739	بىخلىنىش	headword	545_2L.png	unverified
D90-1-06740	بىخلىنىش پوتېنسىئالى	headword	545_2L.png	unverified
D90-1-06741	بىخۇد	headword	545_2L.png	unverified
D90-1-06742	بىخۇدلاشتۇرماق	headword	545_2L.png	unverified
D90-1-06743	بىخۇدلاشتۇرۇلماق	headword	545_2L.png	unverified
D90-1-06744	بىخۇدلاشماق	headword	545_2L.png	unverified
D90-1-06745	بىغۇدلۇق	headword	546_1R.png	unverified
D90-1-06746	بىخۇدلۇق قىلماق	headword	546_1R.png	unverified
D90-1-06747	بىخۇدۈك	headword	546_1R.png	unverified
D90-1-06748	بىخۇدۈكلۈك	headword	546_1R.png	unverified
D90-1-06749	بىداد	headword	546_1R.png	unverified
D90-1-06750	بىداد بولماق	headword	546_1R.png	unverified
D90-1-06751	بىدادلىق	headword	546_1R.png	unverified
D90-1-06752	بىدار	headword	546_1R.png	unverified
D90-1-06753	بىدارلىق	headword	546_2L.png	unverified
D90-1-06754	بىدانە	headword	546_2L.png	unverified
D90-1-06755	بىداۋا	headword	546_2L.png	unverified
D90-1-06756	بىداياق	headword	546_2L.png	unverified
D90-1-06757	بىدئەت	headword	546_2L.png	unverified
D90-1-06758	بىدئەتچى	headword	546_2L.png	unverified
D90-1-06759	بىدئەتچىلىك	headword	547_1R.png	unverified
D90-1-06760	بىدەرمان	headword	547_1R.png	unverified
D90-1-06761	بىدېرەك	headword	547_1R.png	unverified
D90-1-06762	بىر	headword	547_1R.png	unverified
D90-1-06769	بىر ئات، بىر قامچا	headword	548_1R.png	unverified
D90-1-06770	بىر ئاسماندىن، بىر يەردىن	headword	548_1R.png	unverified
D90-1-06806	بىر تاغدىن، بىر باغدىن	headword	550_2L.png	unverified
D90-1-06771	بىر ئاش پىشىم	headword	548_1R.png	unverified
D90-1-06772	بىر ئالماق	headword	548_1R.png	unverified
D90-1-06773	بىر ئامال قىلماق	headword	548_1R.png	unverified
D90-1-06774	بىر ئاۋازدىن	headword	548_1R.png	unverified
D90-1-06775	بىر ئەر بىر خوتۇنلۇق تۈزۈم	headword	548_2L.png	unverified
D90-1-06776	بىر ئەر كۆپ خوتۇنلۇق تۈزۈم	headword	548_2L.png	unverified
D90-1-06777	بىر ئەزالىق	headword	548_2L.png	unverified
D90-1-06778	بىر ئەزالىق ئىپادە	headword	548_2L.png	unverified
D90-1-06780	بىر باشتىن	headword	548_2L.png	unverified
D90-1-06781	بىر باشقا ئېلىپ چىقماق	headword	548_2L.png	unverified
D90-1-06782	بىر باغدىن، بىر تاغدىن	headword	548_2L.png	unverified
D90-1-06783	بىر بوغۇملۇق سۆز	headword	549_1R.png	unverified
D90-1-06784	بىر بولماق	headword	549_1R.png	unverified
D90-1-06785	بىر بۇردا	headword	549_1R.png	unverified
D90-1-06786	بىر بۇرۇندىن نەپەس ئالماق	headword	549_1R.png	unverified
D90-1-06787	بىر بۆلەك	headword	549_1R.png	unverified
D90-1-06788	بىر بۆلۈم	headword	549_1R.png	unverified
D90-1-06790	بىر بېسىپ، ئىككى بېسىپ	headword	549_2L.png	unverified
D90-1-06791	بىر بېشىمغا	headword	549_2L.png	unverified
D90-1-06792	بىر پاتمان	headword	549_2L.png	unverified
D90-1-06793	بىر پار كىيىم	headword	549_2L.png	unverified
D90-1-06793-v1	بىر قۇر كىيىم	variant	549_2L.png	unverified
D90-1-06794	بىر پالاقلىق قولۋاق	headword	549_2L.png	unverified
D90-1-06795	بىر پەردىلىك سەھنە ئەسىرى	headword	549_2L.png	unverified
D90-1-06796	بىر پەللە	headword	549_2L.png	unverified
D90-1-06798	بىر پەللىلىك ئۆسۈملۈكلەر	headword	550_1R.png	verified
D90-1-06799	بىر پوغا يارىمايدىغان	headword	550_1R.png	verified
D90-1-06800	بىر پۇتى گۆرگە ساڭگىلىماق	headword	550_1R.png	verified
D90-1-06801	بىر پۇتى يەردە، بىر پۇتى گۆردە	headword	550_1R.png	verified
D90-1-06802	بىر پۇڭ	headword	550_1R.png	verified
D90-1-06834	بىر تىيىن	headword	553_2L.png	unverified
D90-1-09866	بىر پۇل قىلماق	headword	550_2L.png	verified
D90-1-06837	بىر تىيىن قىلماق	headword	553_2L.png	unverified
D90-1-09867	بىر پۇل بولماق	headword	550_2L.png	verified
D90-1-06835	بىر تىيىن بولماق	headword	553_2L.png	unverified
D90-1-09868	بىر پۇل	headword	550_2L.png	verified
D90-1-09869	بىر پۇڭ قىلماق	headword	550_2L.png	verified
D90-1-09870	بىر پۇڭنىڭ ئۈستىدە تىك تۇرماق	headword	550_2L.png	verified
D90-1-06839	بىر تىيىننىڭ ئۈستىدە تىك تۇرماق	headword	554_1R.png	unverified
D90-1-09871	بىر پۇڭ بولماق	headword	550_2L.png	verified
D90-1-09872	بىر پۈتۈن	headword	550_2L.png	verified
D90-1-06803	بىر تاپان يەر	headword	550_2L.png	unverified
D90-1-06804	بىر تاتلىق	headword	550_2L.png	unverified
D90-1-06805	بىر تاغار	headword	550_2L.png	unverified
D90-1-06807	بىر تالاي	headword	550_2L.png	unverified
D90-1-06808	بىر تال مويىنى تەۋرىتەلمەسلىك	headword	551_1R.png	unverified
D90-1-06809	بىر تامچە	headword	551_1R.png	unverified
D90-1-06810	بىر تامچە قان قالغۇچە	headword	551_1R.png	unverified
D90-1-06811	بىر تاياقتا ھەيدىمەك	headword	551_1R.png	unverified
D90-1-06812	بىر تەرەپ	headword	551_1R.png	unverified
D90-1-06813	بىر تەرەپ بولماق	headword	551_1R.png	unverified
D90-1-06814	بىر تەرەپ قىلماق	headword	551_2L.png	unverified
D90-1-06815	بىر تەرەپلىمە	headword	551_2L.png	unverified
D90-1-06816	بىر تەرەپلىمىلىك	headword	552_1R.png	unverified
D90-1-06817	بىر تەكىشى	headword	552_1R.png	unverified
D90-1-06818	بىر تەكىيىگە باش قويماق	headword	552_1R.png	unverified
D90-1-06932	بىر ياستۇققا باش قويماق	headword	561_1R.png	unverified
D90-1-06819	بىر تەن-بىر جان بولۇپ	headword	552_1R.png	unverified
D90-1-06819-v1	بىر جان-بىر تەن بولۇپ	variant	552_1R.png	unverified
D90-1-06820	بىر تۇتاش	headword	552_1R.png	unverified
D90-1-06826	بىر تۇتام	headword	552_2L.png	unverified
D90-1-06827	بىر تۇغقان	headword	553_1R.png	unverified
D90-1-06828	بىر تۆشۈككە سىيمەك	headword	553_1R.png	unverified
D90-1-06829	بىر تۈركۈم	headword	553_1R.png	unverified
D90-1-06830	بىر تۈگمىلىك كاستۇم	headword	553_1R.png	unverified
D90-1-06831	بىر تېرە سۆڭەك بولۇپ قالماق	headword	553_1R.png	unverified
D90-1-06832	بىر تېرە، بىر ئۇستىخان بولۇپ قالماق	headword	553_1R.png	unverified
D90-1-06833	بىر تىزىق	headword	553_1R.png	unverified
D90-1-06836	بىر تىيىنغا يارىماسلىق	headword	553_2L.png	unverified
D90-1-06838	بىر تىيىننىڭ تۆشۈكىدىن مىڭ ئۆتىدىغان	headword	554_1R.png	unverified
D90-1-06857	بىر داچەننىڭ تۆشۈكىدىن مىڭ قېتىم ئۆتىدىغان	headword	555_2L.png	unverified
D90-1-06840	بىر جاڭگالنىڭ بۆرىلىرى	headword	554_1R.png	unverified
D90-1-06841	بىر جان بىر تەن	headword	554_1R.png	unverified
D90-1-06842	بىر جېنىمغا بىرلا	headword	554_1R.png	unverified
D90-1-06843	بىر جىنسلىق	headword	554_1R.png	unverified
D90-1-06844	بىر جىنىسلىق كۆپىيىش	headword	554_1R.png	unverified
D90-1-06845	بىر جىنىسلىق گۈللەر	headword	554_2L.png	unverified
D90-1-06846	بىر جىنىسلىق مېۋىلەش	headword	554_2L.png	unverified
D90-1-06847	بىر چاپىنى ئىككى بولماسلىق	headword	554_2L.png	unverified
D90-1-06848	بىر چالمىدا ئىككى پاختەكنى سوقماق	headword	554_2L.png	unverified
D90-1-06849	بىر چاي قاينىمى	headword	554_2L.png	unverified
D90-1-06850	بىر چەتتىن	headword	555_1R.png	unverified
D90-1-06851	بىر چوقۇپ ئالماق	headword	555_1R.png	unverified
D90-1-06852	بىر چىشلەم	headword	555_1R.png	unverified
D90-1-06853	بىر چىمدىم	headword	555_1R.png	unverified
D90-1-06854	بىر خانىلىق سان	headword	555_1R.png	verified
D90-1-06855	بىر خوتۇن كۆپ ئەرلىك تۈزۈمى	headword	555_1R.png	unverified
D90-1-06856	بىر خىل	headword	555_1R.png	unverified
D90-1-06858	بىر داچەننىڭ ئۈستىدە تىك تۇرماق	headword	555_2L.png	unverified
D90-1-06859	بىر دومىلاپلا	headword	555_2L.png	unverified
D90-1-06860	بىر دۇنيا	headword	555_2L.png	unverified
D90-1-06861	بىر دۆۋە	headword	555_2L.png	unverified
D90-1-06862	بىر دېمەتلىك	headword	556_1R.png	unverified
D90-1-06863	بىر دېمەڭ	headword	556_1R.png	unverified
D90-1-06864	بىر سويام	headword	556_1R.png	unverified
D90-1-06865	بىر سۆزلۈك	headword	556_1R.png	unverified
D90-1-06866	بىر سۆڭەك، بىر تېرە بولۇپ قالماق	headword	556_1R.png	unverified
D90-1-06867	بىر سېرى	headword	556_1R.png	unverified
D90-1-06868	بىر شاھمات بولماق	headword	556_1R.png	unverified
D90-1-06869	بىر غېرىچ	headword	556_1R.png	unverified
D90-1-06870	بىر قاتار	headword	556_2L.png	unverified
D90-1-06871	بىر قارارغا كەلمەڭ	headword	556_2L.png	unverified
D90-1-06872	بىر قاراشتا	headword	556_2L.png	unverified
D90-1-06873	بىر قامچىلىقى بار	headword	557_1R.png	unverified
D90-1-06874	بىر قەدەم كېيىن	headword	557_1R.png	unverified
D90-1-06875	بىر قەدەم ئىلگىرى	headword	557_1R.png	unverified
D90-1-06876	بىر قوشۇق سۇ بىلەن يۇتۇۋەتكۈدەك	headword	557_1R.png	unverified
D90-1-06877	بىر قوشۇق قېنىدىن كەچمەك	headword	557_1R.png	unverified
D90-1-06878	بىر قوشۇق قېنىنى تىلىمەك	headword	557_1R.png	unverified
D90-1-06879	بىر قول	headword	557_1R.png	unverified
D90-1-06880	بىر قوللۇق	headword	557_1R.png	unverified
D90-1-06881	بىر قولىنى ئىككى قىلالماسلىق	headword	557_2L.png	unverified
D90-1-06882	بىر قولىنى ئون قىلالماسلىق	headword	557_2L.png	unverified
D90-1-06883	بىر قوۋۇز سۆز	headword	557_2L.png	unverified
D90-1-06884	بىر قېتىم بۆلۈش	headword	557_2L.png	unverified
D90-1-06885	بىر قېرىندىن چۈشكەن	headword	557_2L.png	unverified
D90-1-06886	بىر قېلىپتا	headword	557_2L.png	unverified
D90-1-06887	بىر قىسىم	headword	557_2L.png	unverified
D90-1-06888	بىر قىلماق	headword	557_2L.png	unverified
D90-1-06889	بىر كاپام	headword	558_1R.png	unverified
D90-1-06890	بىر كالتەك بىلەن يوقاتماق	headword	558_1R.png	unverified
D90-1-06891	بىر كەلمەك	headword	558_1R.png	unverified
D90-1-06892	بىر كەلىمە سۆز	headword	558_1R.png	unverified
D90-1-06923	بىر ئېغىز سۆز	headword	560_2L.png	unverified
D90-1-06893	بىر كۆزى قان، بىر كۆزى ياش	headword	558_1R.png	unverified
D90-1-06894	بىر كۆزى كۈلمەك	headword	558_1R.png	unverified
D90-1-06895	بىرگەپ	headword	558_2L.png	unverified
D90-1-06896	بىرگەپ بولار	headword	558_2L.png	unverified
D90-1-06897	بىرلا دومىلاپ	headword	558_2L.png	unverified
D90-1-06898	بىرلا ئېغناپ	headword	558_2L.png	unverified
D90-1-06899	بىر مەنبەچىلىك	headword	558_2L.png	unverified
D90-1-06900	بىر مەنىلىك سۆز	headword	559_1R.png	unverified
D90-1-06901	بىر نامەلۇملۇق تەڭلىمە	headword	559_1R.png	unverified
D90-1-06902	بىر نان تاپسا تەڭ يەيدىغان	headword	559_1R.png	unverified
D90-1-06903	بىر نەۋرە	headword	559_1R.png	unverified
D90-1-06904	بىر نۇقتىچىلىق	headword	559_1R.png	unverified
D90-1-06905	بىر نېگىزلىك كىسلاتا	headword	559_1R.png	unverified
D90-1-06906	بىر نېنى ئىككى بولماسلىق	headword	559_1R.png	unverified
D90-1-06907	بىرنى قويماي	headword	559_1R.png	unverified
D90-1-06908	بىرنى ئىككى قىلالماسلىق	headword	559_2L.png	unverified
D90-1-06909	بىرنى ئىككى قىلماق	headword	559_2L.png	unverified
D90-1-06910	بىر ھۈجەيرىلىك جانلىقلار	headword	559_2L.png	unverified
D90-1-06911	بىر ھېسابتا	headword	559_2L.png	unverified
D90-1-06912	بىر ئوتلام	headword	559_2L.png	unverified
D90-1-06913	بىر ئوقلۇق كرىستال	headword	559_2L.png	unverified
D90-1-06914	بىر ئوچۇم	headword	559_2L.png	unverified
D90-1-06915	بىر ئۇچقاش	headword	560_1R.png	unverified
D90-1-06916	بىر ئۇسىتخان، بىر تېرە بولۇپ قالماق	headword	560_1R.png	unverified
D90-1-06917	بىر ئۇۋىنىڭ كۈچۈكلىرى	headword	560_1R.png	unverified
D90-1-06918	بىر ئۆستەڭنىڭ سۈيىنى ئىچكەن	headword	560_1R.png	unverified
D90-1-06919	بىر ئۆمۈر	headword	560_1R.png	unverified
D90-1-06920	بىر ئۆينى پىرقىراتماق	headword	560_1R.png	unverified
D90-1-06921	بىر ئۈلۈش	headword	560_1R.png	unverified
D90-1-06922	بىر ئېغىزدىن	headword	560_1R.png	unverified
D90-1-06924	بىر ئېغىز گەپ	headword	560_2L.png	unverified
D90-1-06925	بىر ئېلىك	headword	560_2L.png	unverified
D90-1-06926	بىر ئىزدا	headword	560_2L.png	unverified
D90-1-06927	بىر ئىزغا چۈشمەك	headword	560_2L.png	unverified
D90-1-06928	بىر ئىشتاننى ئارتۇق يىرتقان	headword	560_2L.png	unverified
D90-1-06929	بىر ئىشنىڭ بېشىنى تۇتماق	headword	560_2L.png	unverified
D90-1-06930	بىر ئىلاھلىق دىن	headword	560_2L.png	unverified
D90-1-06931	بىر يادرولۇق ھۈجەيرە	headword	560_2L.png	unverified
D90-1-06933	بىر ياق	headword	561_1R.png	unverified
D90-1-06934	بىر ياقىدىن	headword	561_1R.png	unverified
D90-1-06934-v1	بىر باش	variant	561_1R.png	unverified
D90-1-06935	بىر ياقلىمىلىق	headword	561_1R.png	unverified
D90-1-06936	بىر ياقىدىن باش، بىر يەڭدىن قول چىقارماق	headword	561_1R.png	unverified
D90-1-06937	بىر ياقىدىن باش چىقارماق	headword	561_1R.png	unverified
D90-1-06938	بىر ياقلىق بولماق	headword	561_1R.png	unverified
D90-1-06939	بىر ياقلىق قىلماق	headword	561_1R.png	unverified
D90-1-06940	بىر يەر	headword	561_1R.png	unverified
D90-1-06941	بىر يەردىن چىقماق	headword	561_1R.png	unverified
D90-1-06942	بىر يەرگە بارماق	headword	561_2L.png	unverified
D90-1-06943	بىر يەرگە كەلمەك	headword	561_2L.png	unverified
D90-1-06944	بىر يۈرۈش	headword	561_2L.png	unverified
D90-1-06945	بىر يىللىق ئۆسۈملۈك	headword	561_2L.png	unverified
D90-1-06946	بىرئاخشىمى	headword	561_2L.png	unverified
D90-1-06947	بىرئاز	headword	562_1R.png	unverified
D90-1-06948	بىرئەتىگەنلىكى	headword	562_1R.png	unverified
D90-1-06949	بىراق	headword	562_1R.png	unverified
D90-1-06950	بىراقلا	headword	562_1R.png	unverified
D90-1-06951	بىراۋ	headword	562_1R.png	unverified
D90-1-06952	بىرە-بىرە	headword	562_1R.png	unverified
D90-1-06953	بىرەر	headword	562_2L.png	unverified
D90-1-06955	بىرەرى	headword	562_2L.png	unverified
D90-1-06956	بىرەر-يېرىم	headword	562_2L.png	unverified
D90-1-06957	بىرە-سەرە	headword	562_2L.png	unverified
D90-1-06958	بىرەن-سىرەن	headword	562_2L.png	unverified
D90-1-06959	بىرەھىم	headword	562_2L.png	unverified
D90-1-06960	بىرەھىملىك	headword	562_2L.png	unverified
D90-1-06960-v1	رەھىمسىزلىك	variant	562_2L.png	unverified
D90-1-06961	بىرەيلەن	headword	562_2L.png	unverified
D90-1-06962	بىربولسا	headword	563_1R.png	unverified
D90-1-06963	بىر-بىر	headword	563_1R.png	unverified
D90-1-06964	بىر-بىردىن	headword	563_1R.png	unverified
D90-1-06965	بىر-بىرلەپ	headword	563_1R.png	unverified
D90-1-06966	بىر-بىرىدىن	headword	563_1R.png	unverified
D90-1-06967	بىر-بىرىگە	headword	563_1R.png	unverified
D90-1-06968	بىر-بىرىنى	headword	563_2L.png	unverified
D90-1-06969	بىرپەس	headword	563_2L.png	unverified
D90-1-06970	بىرتوقاي	headword	563_2L.png	unverified
D90-1-06971	بىرتۇرۇپ	headword	563_2L.png	verified
D90-1-06972	بىرتۈرلۈك	headword	563_2L.png	unverified
D90-1-06973	بىرچاغ	headword	563_2L.png	unverified
D90-1-06974	بىردە	headword	564_1R.png	unverified
D90-1-06975	بىردە ئەمەس	headword	564_1R.png	unverified
D90-1-06976	بىردە ئانداق، بىردە مۇنداق	headword	564_1R.png	unverified
D90-1-06977	بىردەك	headword	564_1R.png	unverified
D90-1-06978	بىردەكلىك	headword	564_1R.png	unverified
D90-1-06979	بىردەم	headword	564_1R.png	unverified
D90-1-06980	بىردەملىك	headword	564_2L.png	unverified
D90-1-06981	بىردەم-يېرىمدەم	headword	564_2L.png	unverified
D90-1-06982	بىردىن	headword	564_2L.png	unverified
D90-1-06983	بىردىنبىر	headword	564_2L.png	unverified
D90-1-06984	بىردىنلا	headword	564_2L.png	unverified
D90-1-06985	بىرزامان	headword	565_1R.png	unverified
D90-1-06986	بىرزامانلاردا	headword	565_1R.png	unverified
D90-1-06987	بىرر	headword	565_1R.png	unverified
D90-1-06988	بىرقانچە	headword	565_1R.png	unverified
D90-1-06989	بىرقانداق	headword	565_1R.png	unverified
D90-1-06990	بىرقايسى	headword	565_1R.png	unverified
D90-1-06991	بىرقەپەس	headword	565_1R.png	unverified
D90-1-06993	بىرقەدەر	headword	565_2L.png	unverified
D90-1-06994	بىرقۇر	headword	565_2L.png	unverified
D90-1-06995	بىرقىسما	headword	565_2L.png	verified
D90-1-06997	بىركەم	headword	566_1R.png	verified
D90-1-06998	بىركۈنى	headword	566_1R.png	verified
D90-1-06999	بىركىم	headword	566_1R.png	verified
D90-1-07000	بىرگە	headword	566_1R.png	unverified
D90-1-07001	بىرلىە	headword	566_1R.png	unverified
D90-1-07002	بىرلەر	headword	566_2L.png	unverified
D90-1-07004	بىرلەشتۈرگۈزمەك	headword	566_2L.png	unverified
D90-1-07005	بىرلەشتۈرمەك	headword	566_2L.png	unverified
D90-1-07006	بىرلەشتۈرۈلمەك	headword	566_2L.png	unverified
D90-1-07007	بىرلەشكەن	headword	566_2L.png	unverified
D90-1-07009	بىرلەشمە	headword	567_1R.png	unverified
D90-1-07013	بىرلەشمە مۇسابىقە	headword	567_2L.png	unverified
D90-1-07014	بىرلەشمە ھۆكۈمەت	headword	567_2L.png	unverified
D90-1-07015	بىرلەشمەك	headword	567_2L.png	unverified
D90-1-07016	بىرلەمچى	headword	567_2L.png	unverified
D90-1-07017	بىرلەمچى سۇ	headword	567_2L.png	unverified
D90-1-07018	بىرلەمچى كاتۇشكا	headword	567_2L.png	unverified
D90-1-07019	بىرلەن	headword	568_1R.png	unverified
D90-1-07020	بىرلىك	headword	568_1R.png	unverified
D90-1-07021	بىرلىك چەمبەر	headword	568_2L.png	unverified
D90-1-07022	بىرلىك سەپ	headword	568_2L.png	unverified
D90-1-07023	بىرلىككە كەلمەك	headword	568_2L.png	unverified
D90-1-07024	بىرلىك مەھسۇلات	headword	568_2L.png	unverified
D90-1-07025	بىرلىك ۋېكتور	headword	568_2L.png	unverified
D90-1-07026	بىرلىكتە	headword	568_2L.png	unverified
D90-1-07027	بىرمەزگىل	headword	568_2L.png	verified
D90-1-07028	بىرمەھەل	headword	569_1R.png	unverified
D90-1-07029	بىرمۇبىر	headword	569_1R.png	unverified
D90-1-07030	بىرمۇنچە	headword	569_1R.png	unverified
D90-1-07031	بىرنەچچە	headword	569_1R.png	unverified
D90-1-07032	بىرنەرسە	headword	569_2L.png	unverified
D90-1-07033	بىرنۆرى	headword	569_2L.png	unverified
D90-1-07034	بىرنېمە	headword	569_2L.png	unverified
D90-1-07035	بىرنېمە بولار	headword	569_2L.png	unverified
D90-1-07036	بىرنېمە دېمەك	headword	570_1R.png	unverified
D90-1-07037	بىرنېمە قىلماق	headword	570_1R.png	unverified
D90-1-07038	بىرھازا	headword	570_1R.png	unverified
D90-1-07039	بىرھازالىق	headword	570_1R.png	unverified
D90-1-07040	بىرھالدا	headword	570_1R.png	unverified
D90-1-07041	بىرۋاراقى	headword	570_1R.png	unverified
D90-1-07042	بىرۋاقىت	headword	570_1R.png	unverified
D90-1-07043	بىرۋاقىتتا	headword	570_1R.png	unverified
D90-1-07044	بىرۋاقىتلاردا	headword	570_2L.png	unverified
D90-1-07045	بىرىتىۋا	headword	570_2L.png	unverified
D90-1-07046	بىرىكتۈرگۈچى	headword	570_2L.png	unverified
D90-1-07048	بىرىكتۈرگۈزمەك	headword	570_2L.png	unverified
D90-1-07049	بىرىكتۈرمەك	headword	570_2L.png	unverified
D90-1-07050	بىرىكتۈرۈش	headword	570_2L.png	unverified
D90-1-07052	بىرىكتۈرۈشمەك	headword	571_1R.png	unverified
D90-1-07053	بىرىكتۈرۈلمەك	headword	571_1R.png	unverified
D90-1-07054	بىرىككەن	headword	571_1R.png	unverified
D90-1-07057	بىرىكمە	headword	571_1R.png	unverified
D90-1-07058	بىرىكمە ئاھاڭ	headword	571_2L.png	unverified
D90-1-07059	بىرىكمە سۇ	headword	571_2L.png	unverified
D90-1-07060	بىرىكمە كۆمۈر قازغۇچ	headword	571_2L.png	unverified
D90-1-07061	بىرىكمە ئوغۇت	headword	571_2L.png	unverified
D90-1-07062	بىرىكىش	headword	571_2L.png	unverified
D90-1-07063	بىرىكىشمەك	headword	571_2L.png	unverified
D90-1-07064	بىرىنچى	headword	571_2L.png	unverified
D90-1-07065	بىرىنچى ئاۋغۇست نەنچاڭ قوزغىلىڭى	headword	572_1R.png	unverified
D90-1-07066	بىرىنچى ئاي	headword	572_2L.png	unverified
D90-1-07066-v1	يانۋار	variant	572_2L.png	unverified
D90-1-07067	بىرىنچى ئەۋلاد	headword	572_2L.png	unverified
D90-1-07068	بىرىنچى باسقۇچلۇق ئەمەل	headword	572_2L.png	unverified
D90-1-07069	بىرىنچى بولۇپ	headword	572_2L.png	unverified
D90-1-07070	بىرىنچى دەرىجىلىك تەڭلىمە	headword	572_2L.png	unverified
D90-1-07071	بىرىنچى دۇنيا ئۇرۇشى	headword	572_2L.png	unverified
D90-1-07072	بىرىنچى سىگنال سىستېمىسى	headword	572_2L.png	unverified
D90-1-07073	بىرىنچى قول	headword	573_1R.png	unverified
D90-1-07074	بىرىنچى قېتىملىق ئىچكى ئىنقىلابىي ئۇرۇش	headword	573_1R.png	unverified
D90-1-07075	بىرىنچى ماي	headword	573_1R.png	unverified
D90-1-07076	بىرىنچى ماي ئەمگەكچىلەر بايرىمى	headword	573_1R.png	unverified
D90-1-07077	بىرىنچى نەشىرى	headword	573_2L.png	unverified
D90-1-07077-v1	قنۇنىجى نەشرى	variant	573_2L.png	unverified
D90-1-07078	بىرىنچى ئوتاق	headword	573_2L.png	unverified
D90-1-07079	بىرىنچى ئورۇنغا قويماق	headword	573_2L.png	unverified
D90-1-07080	بىرىنچى ئۆكتەبر	headword	573_2L.png	unverified
D90-1-07081	بىرىنچى ئىنتېرناتسىئونال	headword	573_2L.png	unverified
D90-1-07082	بىرىنچى ئىيۇل	headword	573_2L.png	unverified
D90-1-07083	بىرىنچىدىن	headword	574_1R.png	unverified
D90-1-07084	بىرىنچلىك	headword	574_1R.png	unverified
D90-1-07085	بىريولى	headword	574_1R.png	unverified
D90-1-07086	بىريىلى	headword	574_1R.png	unverified
D90-1-07087	بىز	headword	574_1R.png	unverified
D90-1-07088	بىزار	headword	574_1R.png	unverified
D90-1-07089	بىزە	headword	574_2L.png	unverified
D90-1-07090	بىزەرەر	headword	574_2L.png	unverified
D90-1-07091	بىزەرى	headword	574_2L.png	unverified
D90-1-07092	بىزەڭ	headword	574_2L.png	unverified
D90-1-07093	بىزەڭلەشمەك	headword	574_2L.png	unverified
D90-1-07094	بىزەڭلىك	headword	574_2L.png	unverified
D90-1-07095	بىزەۋتە	headword	575_1R.png	unverified
D90-1-07098	بىزچە	headword	575_1R.png	unverified
D90-1-07099	بىزنىڭچە	headword	575_1R.png	unverified
D90-1-07100	بىزنىڭكى	headword	575_1R.png	unverified
D90-1-07101	بىزمان	headword	575_1R.png	unverified
D90-1-07102	بىزمانلىققا	headword	575_1R.png	unverified
D90-1-07103	بىزۇرولېەنجى	headword	575_1R.png	unverified
D90-1-07103-v1	مىڭدىۋانە	variant	575_1R.png	unverified
D90-1-07104	بىزۇۋان	headword	575_1R.png	unverified
D90-1-07104-v1	زۇۋانسىز	variant	575_1R.png	unverified
D90-1-07105	بىزىندە	headword	575_1R.png	unverified
D90-1-07106	بىسات	headword	575_2L.png	unverified
D90-1-07107	بىساتسىز	headword	575_2L.png	unverified
D90-1-07108	بىساتلانماق	headword	575_2L.png	unverified
D90-1-07109	بىساتلىق	headword	575_2L.png	unverified
D90-1-07110	بىساتلىققا	headword	575_2L.png	unverified
D90-1-07111	بىسات-مىسات	headword	575_2L.png	unverified
D90-1-07112	بىسەرەمجان	headword	576_1R.png	unverified
D90-1-07113	بىسەرەمجان بولماق	headword	576_1R.png	unverified
D90-1-07114	بىسەرەمجان قىلماق	headword	576_1R.png	unverified
D90-1-07115	بىسەرەمجانلىق	headword	576_1R.png	unverified
D90-1-07116	بىسەۋەب	headword	576_2L.png	unverified
D90-1-07116-v1	سەۋەبسىز	variant	576_2L.png	unverified
D90-1-07117	بىستەر	headword	576_2L.png	unverified
D90-1-07117-v1	سىزغۇچ	variant	576_2L.png	unverified
D90-1-07118	بىسلىق	headword	576_2L.png	unverified
D90-1-07119	بىسمىللا	headword	576_2L.png	unverified
D90-1-07120	بىسوراق	headword	576_2L.png	unverified
D90-1-07121	بىسيار	headword	577_1R.png	unverified
D90-1-07122	بىشەكچى	headword	577_1R.png	unverified
D90-1-07123	بىشەكشىرىن	headword	577_1R.png	unverified
D90-1-07124	بىشەم	headword	577_1R.png	unverified
D90-1-07125	بىشەملىك	headword	577_1R.png	unverified
D90-1-07127	بىشۇ	headword	577_1R.png	unverified
D90-1-07128	بىغەرەز	headword	577_1R.png	unverified
D90-1-07129	بىغەرەزلىك	headword	577_2L.png	unverified
D90-1-07130	بىغەم	headword	577_2L.png	unverified
D90-1-07131	بىغەملىك	headword	577_2L.png	unverified
D90-1-07132	بىغۇبار	headword	577_2L.png	unverified
D90-1-07132-v1	غۇبارسىز	variant	577_2L.png	unverified
D90-1-07133	بىقارار	headword	577_2L.png	unverified
D90-1-07134	بىقارارلىق	headword	578_1R.png	unverified
D90-1-07135	بىقستماق	headword	578_1R.png	unverified
D90-1-07136	بىقىسىق	headword	578_1R.png	unverified
D90-1-07137	بىقسىماق	headword	578_1R.png	unverified
D90-1-07138	بىقۇۋۋەت	headword	578_1R.png	verified
D90-1-07139	بىقىن	headword	578_1R.png	unverified
D90-1-07140	بىقىنىدىن تۆشۈك ئاچماق	headword	578_2L.png	unverified
D90-1-07141	بىقىنىدىن تۈڭلۈك ئاچماق	headword	578_2L.png	unverified
D90-1-07142	بىقىنىدىن ئىشىك ئاچماق	headword	578_2L.png	unverified
D90-1-07143	بىقىنى قىچىشىماق	headword	578_2L.png	unverified
D90-1-07143-v1	دۈمبىسى قىچىشماق	variant	578_2L.png	unverified
D90-1-07144	بىقىنداشماق	headword	578_2L.png	unverified
D90-1-07145	بىقىندىماق	headword	578_2L.png	unverified
D90-1-07146	بىقىنلىماق	headword	578_2L.png	unverified
D90-1-07148	بىكار	headword	578_2L.png	unverified
D90-1-07149	بىكار بولماق	headword	579_1R.png	unverified
D90-1-07150	بىكارغا كەتمەك	headword	579_2L.png	unverified
D90-1-07151	بىكار قىلماق	headword	579_2L.png	unverified
D90-1-07152	بىكار كەتمەك	headword	579_2L.png	unverified
D90-1-07153	بىكار گەپ	headword	579_2L.png	unverified
D90-1-07154	بىكار تەلەپ	headword	579_2L.png	unverified
D90-1-07155	بىكار تەلەپلىك	headword	580_1R.png	verified
D90-1-07156	بىكار تەلەت	headword	580_1R.png	unverified
D90-1-07157	بىكارچى	headword	580_1R.png	unverified
D90-1-07158	بىكارچىلىق	headword	580_1R.png	unverified
D90-1-07159	بىكاردىن-بىكار	headword	580_1R.png	unverified
D90-1-07160	بىكارلاتقۇزماق	headword	580_1R.png	unverified
D90-1-07161	بىكارلاتقۇزۇلماق	headword	580_1R.png	unverified
D90-1-07162	بىكارلاتماق	headword	580_1R.png	unverified
D90-1-07163	بىكارلاشماق	headword	580_2L.png	unverified
D90-1-07164	بىكارلانماق	headword	580_2L.png	unverified
D90-1-07165	بىكارلىق	headword	580_2L.png	unverified
D90-1-07166	بىكارلىماق	headword	580_2L.png	unverified
D90-1-07167	بىكۆيۈم	headword	580_2L.png	unverified
D90-1-07167-v1	كۆيۈمسىز	variant	580_2L.png	unverified
D90-1-07168	بىكېرەك	headword	580_2L.png	unverified
D90-1-07168-v1	كېرەكسىز	variant	580_2L.png	unverified
D90-1-07169	بىگانە	headword	580_2L.png	unverified
D90-1-07170	بىگانىلىك	headword	581_1R.png	unverified
D90-1-07171	بىگۇمان	headword	581_1R.png	unverified
D90-1-07172	بىگۇناھ	headword	581_1R.png	unverified
D90-1-07173	بىگىز	headword	581_1R.png	unverified
D90-1-07174	بىگىزتۇمشۇق	headword	581_1R.png	unverified
D90-1-07174-v1	چىقچىغىر	variant	581_1R.png	unverified
D90-1-07175	بىگىز بارماق	headword	581_1R.png	unverified
D90-1-07176	بىگىزقول	headword	581_1R.png	unverified
D90-1-07177	بىڭتۈەن	headword	581_1R.png	unverified
D90-1-07180	بىڭگۇرچى	headword	581_2L.png	unverified
D90-1-07181	بىڭگۇرچىلىق	headword	581_2L.png	unverified
D90-1-07182	بىلەتمەك	headword	581_2L.png	unverified
D90-1-07183	بىلەر-بىلمەس	headword	581_2L.png	unverified
D90-1-07184	بىلەرمەن	headword	581_2L.png	unverified
D90-1-07185	بىلەرمەنلىك	headword	582_1R.png	unverified
D90-1-07186	بىلەرمەنلىك قىلماق	headword	582_1R.png	unverified
D90-1-07187	بىلەزۈك	headword	582_1R.png	unverified
D90-1-07188	بىلەشمەك	headword	582_1R.png	unverified
D90-1-07189	بىلەك	headword	582_1R.png	unverified
D90-1-07190	بىلەك سۆڭىكى	headword	582_2L.png	unverified
D90-1-07191	بىلەك قىزىل تومۇرى	headword	582_2L.png	unverified
D90-1-07191-v1	بىلەك ئار تېرىيىسى	variant	582_2L.png	unverified
D90-1-07192	بىلىكىدە كۈچى بار	headword	582_2L.png	unverified
D90-1-07193	بىلەكلىك	headword	582_2L.png	unverified
D90-1-07195	بىلەن	headword	582_2L.png	unverified
D90-1-07196	بىلەنمەك	headword	583_2L.png	unverified
D90-1-07197	بىلەي	headword	583_2L.png	unverified
D90-1-07199	بىلجىرلاتماق	headword	584_1R.png	unverified
D90-1-07200	بىلجىرلاشماق	headword	584_1R.png	unverified
D90-1-07201	بىلجىرلىماق	headword	584_1R.png	unverified
D90-1-07202	بىلجىرىماق	nonstandard	584_1R.png	unverified
D90-1-07203	بىلدۈرمەك	headword	584_1R.png	unverified
D90-1-07204	بىلدۈرۈشمەك	headword	584_2L.png	unverified
D90-1-07205	بىلدۈرۈلمەك	headword	584_2L.png	unverified
D90-1-07206	بىلگەن	headword	584_2L.png	unverified
D90-1-07207	بىلگىنىنى قىلماق	headword	584_2L.png	unverified
D90-1-07208	بىللاھ	headword	584_2L.png	unverified
D90-1-07209	بىللاھى ئەزىم	headword	584_2L.png	unverified
D90-1-07210	بىللە	headword	584_2L.png	unverified
D90-1-07211	بىللە ماكانلىششىش	headword	584_2L.png	unverified
D90-1-07212	بىللە ياشاش	headword	585_1R.png	unverified
D90-1-07213	بىللۇر	headword	585_1R.png	unverified
D90-1-07214	بىللىلىشمەك	headword	585_1R.png	unverified
D90-1-07215	بىلمەس	headword	585_1R.png	unverified
D90-1-07216	بىلمەك	headword	585_2L.png	unverified
D90-1-07217	بىلىپ-بىلمەي	headword	586_1R.png	unverified
D90-1-07218	بىلىرۇبىن	headword	586_1R.png	unverified
D90-1-07219	بىلىش	headword	586_1R.png	unverified
D90-1-07220	بىلىش ھەرىكىتى	headword	586_2L.png	unverified
D90-1-07221	بىلىشمەك	headword	586_2L.png	unverified
D90-1-07222	بىلىم	headword	586_2L.png	unverified
D90-1-07223	بىلىم ئاشۇرماق	headword	587_1R.png	unverified
D90-1-07224	بىلىم ئوچىقى	headword	587_1R.png	unverified
D90-1-07225	بىلىم يۇرتى	headword	587_1R.png	unverified
D90-1-07226	بىلىمەك	headword	587_1R.png	unverified
D90-1-07227	بىلىمچان	headword	587_1R.png	unverified
D90-1-07228	بىلىمچانلىق	headword	587_1R.png	unverified
D90-1-07229	بىلىمدار	headword	587_2L.png	unverified
D90-1-07230	بىلىمدان	headword	587_2L.png	unverified
D90-1-07231	بىلىمدانلىق	headword	587_2L.png	unverified
D90-1-07232	بىلىمسىز	headword	587_2L.png	unverified
D90-1-07233	بىلىمسىزلىك	headword	587_2L.png	unverified
D90-1-07234	بىلىملىك	headword	587_2L.png	unverified
D90-1-07235	بىلىنەر-بىلىنمەس	headword	588_1R.png	unverified
D90-1-07236	بىلىنەرلىك	headword	588_1R.png	unverified
D90-1-07237	بىلىندۈرمەك	headword	588_1R.png	unverified
D90-1-07238	بىلىندۈرۈشمەك	headword	588_1R.png	unverified
D90-1-07239	بىلىنمەك	headword	588_1R.png	unverified
D90-1-07240	بىلىۋېردىن	headword	588_2L.png	unverified
D90-1-07241	بىليارت	headword	588_2L.png	unverified
D90-1-07242	بىمار	headword	588_2L.png	unverified
D90-1-07243	بىمارلىق	headword	589_1R.png	unverified
D90-1-07244	بىماس	headword	589_1R.png	unverified
D90-1-07245	بىماكان	headword	589_1R.png	unverified
D90-1-07246	بىمالال	headword	589_1R.png	unverified
D90-1-07247	بىمەززە	headword	589_1R.png	unverified
D90-1-07248	بىمەززىلىك	headword	589_2L.png	unverified
D90-1-07249	بىمەزگىل	headword	589_2L.png	unverified
D90-1-07250	بىمەسەل	headword	589_2L.png	unverified
D90-1-07251	بىمەنە	headword	589_2L.png	unverified
D90-1-07252	بىمەنىلەشتۈرمەك	headword	590_1R.png	unverified
D90-1-07253	بىمەنىلەشمەك	headword	590_1R.png	unverified
D90-1-07254	بىمەنىلىك	headword	590_1R.png	unverified
D90-1-07255	بىمەھەل	headword	590_1R.png	unverified
D90-1-07256	بىمىننەت	headword	590_1R.png	unverified
D90-1-07257	بىنا	headword	590_2L.png	unverified
D90-1-07258	بىنا بولماق	headword	590_2L.png	unverified
D90-1-07259	بىنا قىلماق	headword	590_2L.png	unverified
D90-1-07260	بىنائەن	headword	590_2L.png	unverified
D90-1-07261	بىناكار	headword	591_1R.png	unverified
D90-1-07262	بىناكارلىق	headword	591_1R.png	unverified
D90-1-07263	بىناكارلىق ئاۋاز ئىلمى	headword	591_1R.png	unverified
D90-1-07264	بىناكارلىق سانائىتى	headword	591_1R.png	unverified
D90-1-07265	بىناكارلىق سەنئىتى	headword	591_1R.png	unverified
D90-1-07266	بىناكارلىق قۇرۇلۇشى	headword	591_2L.png	unverified
D90-1-07267	بىناكارلىق ئىلمى	headword	591_2L.png	unverified
D90-1-07268	بىناكارلىق فوتوگرافىيىسى	headword	591_2L.png	unverified
D90-1-07269	بىناماز	headword	591_2L.png	verified
D90-1-07270	بىنامازلىق	headword	591_2L.png	unverified
D90-1-07271	بىناھايەت	headword	591_2L.png	unverified
D90-1-07272	بىناۋا	headword	592_1R.png	unverified
D90-1-07273	بىناۋالىق	headword	592_1R.png	unverified
D90-1-07274	بىنەپ	headword	592_1R.png	unverified
D90-1-07275	بىنەپشە	headword	592_1R.png	unverified
D90-1-07277	بىنەپشە بىللۇر	headword	592_2L.png	unverified
D90-1-07278	بىنەپشە پىروكسېن	headword	592_2L.png	unverified
D90-1-07279	بىنەپشەرەڭ	headword	592_2L.png	unverified
D90-1-07280	بىنەپشىلىك	headword	592_2L.png	unverified
D90-1-07281	بىنەزەر	headword	592_2L.png	unverified
D90-1-07282	بىنەم	headword	592_2L.png	unverified
D90-1-07283	بىنەمچى	headword	593_1R.png	unverified
D90-1-07284	بىنەملىك	headword	593_1R.png	unverified
D90-1-07285	بىنۇقسان	headword	593_1R.png	unverified
D90-1-07286	بىنومۇس	headword	593_1R.png	unverified
D90-1-07287	بىنومۇسلۇق	headword	593_1R.png	unverified
D90-1-07288	بىنېسىپ	headword	593_2L.png	unverified
D90-1-07289	بىنت	headword	593_2L.png	unverified
D90-1-07290	بىنتلىماق	headword	593_2L.png	unverified
D90-1-07291	بىننى	headword	593_2L.png	unverified
D90-1-07291-v1	ئىبن	variant	593_2L.png	unverified
D90-1-07292	بىھاجەت	headword	593_2L.png	unverified
D90-1-07293	بىھايا	headword	593_2L.png	unverified
D90-1-07294	بىھايالىق	headword	593_2L.png	unverified
D90-1-07295	بىھوش	headword	594_1R.png	unverified
D90-1-07296	بىھوش بولماق	headword	594_1R.png	unverified
D90-1-07297	بىھوش قىلماق	headword	594_1R.png	unverified
D90-1-07298	بىھوشلانماق	headword	594_1R.png	unverified
D90-1-07299	بىھوشلۇق	headword	594_1R.png	unverified
D90-1-07300	بىھۇدە	headword	594_2L.png	unverified
D90-1-07301	بىھۇدىلىك	headword	594_2L.png	unverified
D90-1-07302	بىھۈرمەت	headword	594_2L.png	unverified
D90-1-07303	بىھۈرمەتلىك	headword	594_2L.png	unverified
D90-1-07304	بىھۈرمەتلىك قىلماق	headword	595_1R.png	unverified
D90-1-07305	بىھېساب	headword	595_1R.png	unverified
D90-1-07305-v1	ھېسابسىز	variant	595_1R.png	unverified
D90-1-07306	بىھىمايە	headword	595_1R.png	unverified
D90-1-07307	بىئوگرافىيە	headword	595_1R.png	unverified
D90-1-07308	بىئوگرافىيىلىك	headword	595_1R.png	unverified
D90-1-07309	بىئوئاسترونومىيە	headword	595_1R.png	unverified
D90-1-07310	بىئوپىگمېنت	headword	595_1R.png	unverified
D90-1-07311	بىئوتىن	headword	595_1R.png	unverified
D90-1-07312	بىئوخىمىيە	headword	595_1R.png	unverified
D90-1-07313	بىئوستاتىستىكا	headword	595_2L.png	unverified
D90-1-07314	بىئوسفېرا	headword	595_2L.png	unverified
D90-1-07315	بىئوفىزىكا	headword	595_2L.png	unverified
D90-1-07316	بىئولوگ	headword	595_2L.png	unverified
D90-1-07317	بىئولوگىيە	headword	595_2L.png	unverified
D90-1-07318	بىئولوگىيىلىك	headword	595_2L.png	unverified
D90-1-07320	بىئولوگىيىلىك ئالدىنى ئېلىش	headword	596_1R.png	unverified
D90-1-07321	بىئولوگىيىلىك بىرىكتۈرۈش	headword	596_1R.png	unverified
D90-1-07322	بىئولوگىيىلىك پارچىلىنىش	headword	596_1R.png	unverified
D90-1-07323	بىئولوگىيىلىك جۇغراپىيە	headword	596_1R.png	unverified
D90-1-07324	بىئولوگىيىلىك قوراللار	headword	596_1R.png	unverified
D90-1-07325	بىئولوگىيىلىك مىقدار	headword	596_1R.png	unverified
D90-1-07326	بىئولوگىيىلىك نۇر چىرىش	headword	596_2L.png	unverified
D90-1-07327	بىئولوگىيىلىك ئوكسىدلىنىش	headword	596_2L.png	unverified
D90-1-07328	بىئولوگىيىلىك ئېلېكتر ئېقىمى	headword	596_2L.png	unverified
D90-1-07329	بىئولوگىيىلىك ئېنىقلاش	headword	596_2L.png	unverified
D90-1-07330	بىئولوگىيىلىك ياسالمىلار	headword	596_2L.png	unverified
D90-1-07331	بىئولوگىيىلىك يىمىرىلىش	headword	596_2L.png	unverified
D90-1-07332	بىئومېتېئورولوگىيە	headword	597_1R.png	unverified
D90-1-07333	بىئوكىلىماتولوگىيە	headword	597_1R.png	unverified
D90-1-07334	بىئومېتر	headword	597_1R.png	unverified
D90-1-07335	بىۋاپا	headword	597_1R.png	unverified
D90-1-07336	بىۋاپالىق	headword	597_1R.png	unverified
D90-1-07337	بىۋاپالىق قىلماق	headword	597_1R.png	unverified
D90-1-07338	بىۋاقىت	headword	597_1R.png	unverified
D90-1-07339	بىۋاسىتە	headword	597_1R.png	unverified
D90-1-07340	بىۋاسىتە تەجرىبە	headword	597_2L.png	unverified
D90-1-07341	بىۋاسىتە سايلام	headword	597_2L.png	unverified
D90-1-07342	بىۋاسىتە قاراشلىق شەھەر	headword	597_2L.png	unverified
D90-1-07343	بىۋاسىتە قانداش تۇغقان	headword	597_2L.png	unverified
D90-1-07344	بىۋاش	nonstandard	597_2L.png	unverified
D90-1-07345	بىۋاك	headword	598_1R.png	unverified
D90-1-07346	بىۋاكلاشماق	headword	598_1R.png	unverified
D90-1-07347	بىۋەتەن	headword	598_1R.png	unverified
D90-1-07348	بىئىختىيار	headword	598_1R.png	unverified
D90-1-07349	بىئېتىبار	headword	598_1R.png	unverified
D90-1-07350	بىيە	headword	598_1R.png	unverified
D90-1-07352	بيۇرو	headword	598_1R.png	unverified
D90-1-07353	بيۇروكرات	headword	598_2L.png	unverified
D90-1-07357	بيۇروكراتلاشماق	headword	598_2L.png	unverified
D90-1-07358	بيۇروكراتلىق	headword	599_1R.png	unverified
D90-1-07359	بيۇروكراتىزم	headword	599_1R.png	unverified
D90-1-07360	پ	headword	600_1R.png	unverified
D90-1-07361	پا	headword	600_1R.png	verified
D90-1-07362	پائال	headword	600_1R.png	unverified
D90-1-07364	پائالىيەت	headword	600_2L.png	unverified
D90-1-07365	پائالىيەتچان	headword	600_2L.png	unverified
D90-1-07366	پائالىيەتچان بىخ	headword	601_1R.png	unverified
D90-1-07367	پائالىيەتچانلىق	headword	601_1R.png	unverified
D90-1-07368	پائالىيەتچى	headword	601_1R.png	unverified
D90-1-07369	پائالىيەتسىز	headword	601_1R.png	unverified
D90-1-07370	پائالىيەتسىزلىك	headword	601_1R.png	unverified
D90-1-07371	پائالىيەتشۇناس	headword	601_1R.png	unverified
D90-1-07372	پائالىيەتلىك	headword	601_1R.png	unverified
D90-1-07373	پائانگا	headword	601_2L.png	unverified
D90-1-07374	پاپا	headword	601_2L.png	unverified
D90-1-07375	پا-پا	headword	601_2L.png	unverified
D90-1-07376	پاپاخ	headword	601_2L.png	unverified
D90-1-07377	پاپاق	nonstandard	601_2L.png	unverified
D90-1-07378	پاپالىق	headword	601_2L.png	unverified
D90-1-07379	پاپوروتنىكلار	headword	601_2L.png	unverified
D90-1-07380	پاپىروس	headword	601_2L.png	unverified
D90-1-07381	پاپىلماق	headword	602_1R.png	unverified
D90-1-07382	پات	headword	602_1R.png	unverified
D90-1-07391	پاتاسا	headword	602_2L.png	unverified
D90-1-07392	پاتاقت	headword	602_2L.png	unverified
D90-1-07393	پاتاكا	headword	602_2L.png	unverified
D90-1-07394	پاتاڭ	headword	603_1R.png	unverified
D90-1-07398	پاتاڭگۇش	headword	603_1R.png	unverified
D90-1-07399	پاتاڭگۇشلىماق	headword	603_1R.png	unverified
D90-1-07400	پات-پات	headword	603_1R.png	unverified
D90-1-07402	پاتپاراق	nonstandard	603_2L.png	unverified
D90-1-07440	پاتىپاراق	headword	607_1R.png	unverified
D90-1-07403	پاتتۇرماق	nonstandard	603_2L.png	unverified
D90-1-07434	پاتۇرماق	headword	606_2L.png	unverified
D90-1-07404	پاترۇل	headword	603_2L.png	unverified
D90-1-07405	پاترۇللۇق	headword	603_2L.png	unverified
D90-1-07406	پاترون	headword	603_2L.png	unverified
D90-1-07407	پاترىئارخ	headword	603_2L.png	unverified
D90-1-07408	پاترىئارخال	headword	603_2L.png	unverified
D90-1-07409	پاترىئارخاللىق	headword	603_2L.png	unverified
D90-1-07410	پاتقاق	headword	603_2L.png	unverified
D90-1-07411	پاتقاققا پاتماق	headword	603_2L.png	unverified
D90-1-07412	پاتقاققا تىقىلماق	headword	604_1R.png	unverified
D90-1-07413	پاتقاقچىلىق	headword	604_1R.png	unverified
D90-1-07414	پاتقاقگازى	headword	604_1R.png	unverified
D90-1-07415	پاتقاقلاشماق	headword	604_1R.png	unverified
D90-1-07416	پاتقاقلىق	headword	604_1R.png	unverified
D90-1-07417	پاتقۇزماق	headword	604_2L.png	unverified
D90-1-07418	پاتقۇزۇشماق	headword	604_2L.png	unverified
D90-1-07419	پاتقۇزۇلماق	headword	604_2L.png	unverified
D90-1-07420	پاتلاتماق	headword	604_2L.png	unverified
D90-1-07421	پاتلاشماق	headword	604_2L.png	unverified
D90-1-07422	پاتلانماق	headword	604_2L.png	unverified
D90-1-07423	پاتلىماق	headword	604_2L.png	unverified
D90-1-07424	پاتماق	headword	605_1R.png	unverified
D90-1-07425	پاتمان	headword	605_2L.png	unverified
D90-1-07427	پاتمان-پاتمان	headword	606_1R.png	unverified
D90-1-07428	پاتمان-پاتمانلاپ	headword	606_1R.png	unverified
D90-1-07429	پاتمانلاپ	headword	606_1R.png	unverified
D90-1-07430	پاتمىچۇق	headword	606_1R.png	unverified
D90-1-07431	پاتمىخوتۇن	headword	606_1R.png	unverified
D90-1-07432	پاتولۇگ	headword	606_2L.png	unverified
D90-1-07433	پاتولوگىيە	headword	606_2L.png	unverified
D90-1-07435	پاتۇرۇشماق	headword	606_2L.png	unverified
D90-1-07436	پاتۇرۇلماق	headword	606_2L.png	unverified
D90-1-07437	پاتېفون	headword	606_2L.png	unverified
D90-1-07441	پاتىپاراق بولماق	headword	607_1R.png	unverified
D90-1-07442	پاتىپاراق قىلماق	headword	607_1R.png	unverified
D90-1-07443	پاتىپاراقچىلىق	headword	607_1R.png	unverified
D90-1-07444	پاتىپاراقلاشتۇرماق	headword	607_1R.png	unverified
D90-1-07445	پاتىپاراقلاشتۇرۇلماق	headword	607_2L.png	unverified
D90-1-07446	پاتىپاراقلاشماق	headword	607_2L.png	unverified
D90-1-07447	پاتىھە	headword	607_2L.png	unverified
D90-1-07448	پاتىھە ئالماق	headword	608_1R.png	unverified
D90-1-07449	پاتىھە بەرمەك	headword	608_1R.png	unverified
D90-1-07450	پاتىھە قىلماق	headword	608_1R.png	unverified
D90-1-07451	پاتىھە ئوقۇماق	headword	608_2L.png	unverified
D90-1-07452	پاجاق	headword	608_2L.png	unverified
D90-1-07453	پاجىئە	headword	608_2L.png	unverified
D90-1-07454	پاجىئەلىك	headword	608_2L.png	unverified
D90-1-07455	پاچاق	headword	608_2L.png	unverified
D90-1-07456	پاچاققا پىت چۈشمەك	headword	609_1R.png	unverified
D90-1-07457	پاچاققا ئېسىلماق	headword	609_1R.png	unverified
D90-1-07459	پاچاق-پاچاق	headword	609_1R.png	unverified
D90-1-07460	پاچاقچى	headword	609_1R.png	unverified
D90-1-07461	پاچاقچىلىق	headword	609_2L.png	unverified
D90-1-07462	پاچاقچىلىق قىلماق	headword	609_2L.png	unverified
D90-1-07463	پاچاقلاتماق	headword	609_2L.png	unverified
D90-1-07464	پاچاقلاشماق	headword	609_2L.png	unverified
D90-1-07465	پاچاقلانماق	headword	609_2L.png	unverified
D90-1-07466	پاچاقلىماق	headword	609_2L.png	unverified
D90-1-07467	پاچكا	headword	610_1R.png	unverified
D90-1-07468	پاخال	headword	610_1R.png	unverified
D90-1-07470	پاخاللاشتۇرماق	headword	610_2L.png	unverified
D90-1-07471	پاخاللاشتۇرۇلماق	headword	610_2L.png	unverified
D90-1-07472	پاخاللاشماق	headword	610_2L.png	unverified
D90-1-07473	پاخاللىق	headword	610_2L.png	unverified
D90-1-07474	پاخپاق	headword	610_2L.png	unverified
D90-1-07475	پاخپايتقۇزماق	headword	611_1R.png	unverified
D90-1-07476	پاخپايتماق	headword	611_1R.png	unverified
D90-1-07477	پاخپايتىشماق	headword	611_1R.png	unverified
D90-1-07478	پاخپايماق	headword	611_2L.png	unverified
D90-1-07479	پاختا	headword	611_2L.png	unverified
D90-1-07480	پاختا ئاتماق	headword	611_2L.png	unverified
D90-1-07481	پاختا تەرمەك	headword	612_1R.png	unverified
D90-1-07482	پاختا توفۇاما	headword	612_1R.png	unverified
D90-1-07483	پاختا توقۇمىچىلىق	headword	612_1R.png	unverified
D90-1-07484	پاختا چىقارماق	headword	612_1R.png	unverified
D90-1-07485	پاختا دۇكىنى	headword	612_1R.png	unverified
D90-1-07486	پاختا نىسبىتى	headword	612_1R.png	verified
D90-1-07487	پاختا يۇلغۇن	headword	612_1R.png	unverified
D90-1-07488	پاختىنىڭ ئىچىدە ئوت ساقلىغاندەك	headword	612_1R.png	unverified
D90-1-07489	پاختەك	headword	612_2L.png	unverified
D90-1-07490	پاختەك تۈكى	headword	612_2L.png	unverified
D90-1-07491	پاختىكى ئوڭدا ئۇچماق	headword	612_2L.png	unverified
D90-1-07492	پاختچى	headword	612_2L.png	unverified
D90-1-07493	پاختىچىلىق	headword	612_2L.png	unverified
D90-1-07494	پاختىزار	headword	613_1R.png	unverified
D90-1-07495	پاختىزارلىق	headword	613_1R.png	unverified
D90-1-07496	پاختىسىمان	headword	613_1R.png	unverified
D90-1-07497	پاختىكار	headword	613_1R.png	unverified
D90-1-07498	پاختىكارلىق	headword	613_1R.png	unverified
D90-1-07499	پاختىلاشتۇرماق	headword	613_1R.png	unverified
D90-1-07500	پاختىلاشتۇرۇلماق	headword	613_1R.png	unverified
D90-1-07501	پاختىلاشماق	headword	613_1R.png	unverified
D90-1-07502	پاختىلىق	headword	613_2L.png	unverified
D90-1-07504	پاختىۋەن	headword	613_2L.png	unverified
D90-1-07506	پاخشە	headword	613_2L.png	unverified
D90-1-07508	پاخشە قىلماق	headword	614_1R.png	unverified
D90-1-07509	پاخشەك	headword	614_1R.png	unverified
D90-1-07510	پاخشەك تاز	headword	614_1R.png	unverified
D90-1-07510-v1	پاخشەك باش	variant	614_1R.png	unverified
D90-1-07511	پاخلان	nonstandard	614_1R.png	unverified
D90-1-07857	پاقلان	headword	645_1R.png	unverified
D90-1-07512	پاخما	headword	614_1R.png	unverified
D90-1-07513	پاخماق	nonstandard	614_2L.png	unverified
D90-1-07514	پاخمىل	headword	614_2L.png	unverified
D90-1-07516	پادا	headword	614_2L.png	unverified
D90-1-07518	پادا-پادا	headword	614_2L.png	unverified
D90-1-07519	پادرۇچكا	headword	615_1R.png	unverified
D90-1-07520	پادرۇچكىلاشماق	headword	615_1R.png	unverified
D90-1-07521	پادرۇچكىلىماق	headword	615_1R.png	unverified
D90-1-07522	پادىچى	headword	615_1R.png	unverified
D90-1-07523	پادىچى يۇلتۇز تۈركۈمى	headword	615_1R.png	unverified
D90-1-07524	پادىچىلىق	headword	615_1R.png	unverified
D90-1-07525	پادىشاھ	headword	615_1R.png	unverified
D90-1-07527	پادىشاھلىق	headword	615_2L.png	unverified
D90-1-07529	پار	headword	616_1R.png	unverified
D90-1-07534	پارغا ئايلىنىش	headword	616_2L.png	unverified
D90-1-07535	پار قازىنى	headword	616_2L.png	unverified
D90-1-07536	پار ئۆلچىگۈچ	headword	616_2L.png	unverified
D90-1-07542	پارابولا	headword	617_1R.png	unverified
D90-1-07543	پارات	headword	617_1R.png	unverified
D90-1-07544	پاراتىق	headword	617_2L.png	unverified
D90-1-07545	پاراچ	headword	617_2L.png	unverified
D90-1-07546	پاراخوت	headword	617_2L.png	unverified
D90-1-07547	پاراخوتچى	headword	617_2L.png	unverified
D90-1-07548	پاراخوتچىلىق	headword	618_1R.png	unverified
D90-1-07549	پارازىت	headword	618_1R.png	unverified
D90-1-07550	پارازىت قۇرتلار	headword	618_1R.png	unverified
D90-1-07551	پارازىت قىسقۇچ پاقا	headword	618_1R.png	unverified
D90-1-07552	پارازىت كېسەللىكلىرى	headword	618_2L.png	unverified
D90-1-07553	پارازىت ھەرە	headword	618_2L.png	unverified
D90-1-07554	پارازىت ئىگىسى	headword	618_2L.png	unverified
D90-1-07555	پارازىت يىلتىز	headword	618_2L.png	unverified
D90-1-07556	پارازىتلىق	headword	618_2L.png	unverified
D90-1-07557	پاراس	headword	619_1R.png	unverified
D90-1-07558	پاراسەت	headword	619_1R.png	unverified
D90-1-07559	پاراسەتسىز	headword	619_1R.png	unverified
D90-1-07560	پاراسەتسىزلىك	headword	619_1R.png	unverified
D90-1-07561	پاراسەتلىك	headword	619_1R.png	unverified
D90-1-07562	پاراس-پاراس	headword	619_2L.png	unverified
D90-1-07563	پاراس-پۇرۇس	headword	619_2L.png	unverified
D90-1-07564	پاراسىسىدە	headword	619_2L.png	unverified
D90-1-07565	پاراسلىماق	headword	619_2L.png	unverified
D90-1-07566	پاراسىمپاتىك	headword	619_2L.png	unverified
D90-1-07566-v1	پاراسىمپاتىك نېرۋا	variant	619_2L.png	unverified
D90-1-07568	پاراشوك	headword	620_1R.png	unverified
D90-1-07569	پاراشوكسىمان	headword	620_1R.png	unverified
D90-1-07570	پاراشۇت	headword	620_1R.png	unverified
D90-1-07573	پاراشۇتچى	headword	620_1R.png	unverified
D90-1-07575	پاراشۇتلۇق	headword	620_1R.png	unverified
D90-1-07576	پاراغەت	headword	620_2L.png	unverified
D90-1-07577	پاراغەتسىز	headword	620_2L.png	unverified
D90-1-07578	پاراغەتلىك	headword	620_2L.png	unverified
D90-1-07579	پاراق	headword	621_1R.png	unverified
D90-1-07581	پاراق-پاراق	headword	621_1R.png	unverified
D90-1-07582	پاراق-پۇرۇق	headword	621_1R.png	unverified
D90-1-07583	پاراقچى	headword	621_1R.png	unverified
D90-1-07584	پاراققىدە	headword	621_1R.png	unverified
D90-1-07585	پاراقلاتماق	headword	621_2L.png	unverified
D90-1-07586	پاراقلاشماق	headword	621_2L.png	unverified
D90-1-07587	پاراقلىماق	headword	621_2L.png	unverified
D90-1-07588	پاراكەندە	headword	621_2L.png	unverified
D90-1-07589	پاراكەندە بولماق	headword	621_2L.png	unverified
D90-1-07590	پاراكەندە قىلماق	headword	622_1R.png	unverified
D90-1-07591	پاراكەندىچىلىك	headword	622_1R.png	unverified
D90-1-07592	پاراكەندىچىلىك سالماق	headword	622_1R.png	unverified
D90-1-07593	پاراكەندىلىك	headword	622_1R.png	unverified
D90-1-07594	پاراگراف	headword	622_1R.png	unverified
D90-1-07595	پاراڭ	headword	622_2L.png	unverified
D90-1-07596	پاراڭ سالماق	headword	622_2L.png	unverified
D90-1-07597	پاراڭ سوقماق	headword	622_2L.png	unverified
D90-1-07598	پاراڭغا چۈشمەك	headword	622_2L.png	unverified
D90-1-07599	پاراڭ قىلماق	headword	622_2L.png	unverified
D90-1-07600	پاراڭنى دۆڭ سالماق	headword	623_1R.png	unverified
D90-1-07601	پاراڭچى	headword	623_1R.png	unverified
D90-1-07602	پاراڭخۇمار	headword	623_1R.png	unverified
D90-1-07603	پاراڭلاشتۇرماق	headword	623_1R.png	unverified
D90-1-07604	پاراڭلاشماق	headword	623_1R.png	unverified
D90-1-07605	پاراللېل	headword	623_2L.png	unverified
D90-1-07612	پاراللېلوگرام	headword	624_1R.png	unverified
D90-1-07612-v1	پاراللېل تۆت تەرەپلىك	variant	624_1R.png	unverified
D90-1-07613	پارالىچ	headword	624_1R.png	unverified
D90-1-07614	پارامان	headword	624_1R.png	unverified
D90-1-07615	پارامۇش	headword	624_1R.png	unverified
D90-1-07617	پارامېتر	headword	624_1R.png	unverified
D90-1-07618	پاراۋان	headword	624_2L.png	unverified
D90-1-07619	پاراۋان بولماق	headword	624_2L.png	unverified
D90-1-07620	پاراۋان قىلماق	headword	624_2L.png	unverified
D90-1-07621	پاراۋانلاشتۇرماق	headword	624_2L.png	unverified
D90-1-07622	پاراۋانلاشتۇرۇلماق	headword	624_2L.png	unverified
D90-1-07623	پاراۋانلاشماق	headword	624_2L.png	unverified
D90-1-07624	پاراۋانلىق	headword	625_1R.png	unverified
D90-1-07627	پاراۋوز	headword	625_1R.png	unverified
D90-1-07628	پاراۋوزچى	headword	625_2L.png	unverified
D90-1-07629	پارە	headword	625_2L.png	unverified
D90-1-07632	پارە-پارە	headword	625_2L.png	unverified
D90-1-07633	پارەش	headword	625_2L.png	unverified
D90-1-07634	پارپا	headword	625_2L.png	unverified
D90-1-07637	پار-پار	headword	626_1R.png	unverified
D90-1-07638	پار-پۇر	headword	626_1R.png	unverified
D90-1-07639	پارت	headword	626_1R.png	unverified
D90-1-07640	پارتا	headword	626_1R.png	unverified
D90-1-07641	پارتاڭچى	headword	626_1R.png	unverified
D90-1-07642	پارت-پۇرت	headword	626_2L.png	unverified
D90-1-07643	پارتكوم	headword	626_2L.png	unverified
D90-1-07644	پارتگۇرۇپپا	headword	626_2L.png	unverified
D90-1-07676	پارتىيە گۇرۇپپىسى	headword	629_1R.png	unverified
D90-1-07645	پارتلاتقۇچ	headword	626_2L.png	unverified
D90-1-07647	پارتلاتقۇچى	headword	626_2L.png	unverified
D90-1-07648	پارتلاتقۇزماق	headword	626_2L.png	unverified
D90-1-07649	پارتلاتقۇزۇلماق	headword	626_2L.png	unverified
D90-1-07650	پارتلاتماق	headword	627_1R.png	unverified
D90-1-07651	پارتلاش	headword	627_1R.png	unverified
D90-1-07653	پارتلاشماق	headword	627_1R.png	unverified
D90-1-07654	پارتلانماق	headword	627_1R.png	unverified
D90-1-07655	پارتلىتىش	headword	627_1R.png	unverified
D90-1-07658	پارتلىتىلماق	headword	627_2L.png	unverified
D90-1-07659	پارتلىغۇچ	headword	627_2L.png	unverified
D90-1-07664	پارتلىماق	headword	628_1R.png	unverified
D90-1-07665	پارتىتۇرا	headword	628_1R.png	unverified
D90-1-07665-v1	جەملەشكەن نوتا	variant	628_1R.png	unverified
D90-1-07666	پارتىداش	headword	628_1R.png	unverified
D90-1-07667	پارتىزان	headword	628_1R.png	unverified
D90-1-07668	پارتىزانچە	headword	628_1R.png	unverified
D90-1-07669	پارتىزانلارچە	headword	628_2L.png	unverified
D90-1-07670	پارتىزانلىق	headword	628_2L.png	verified
D90-1-07672	پارتىيە	headword	628_2L.png	unverified
D90-1-07675	پارتىيە كومىتېتى	headword	629_1R.png	unverified
D90-1-07677	پارتىيە گېزىتى	headword	629_1R.png	unverified
D90-1-07678	پارتىيە مەكتىپى	headword	629_1R.png	unverified
D90-1-07679	پارتىيە نىزامنامىسى	headword	629_1R.png	unverified
D90-1-07680	پارتىيە ياچېيكىسى	headword	629_1R.png	unverified
D90-1-07681	پارتىيە-گۇرۇھ	headword	629_2L.png	unverified
D90-1-07682	پارتىيىسىز	headword	629_2L.png	unverified
D90-1-07683	پارتىيىسىزلىك	headword	629_2L.png	unverified
D90-1-07684	پارتىيىلىك	headword	629_2L.png	unverified
D90-1-07685	پارتىيىۋى	headword	629_2L.png	unverified
D90-1-07686	پارتىيىۋىلىك	headword	629_2L.png	unverified
D90-1-07687	پارچە	headword	630_1R.png	unverified
D90-1-07690	پارچە سان	headword	630_2L.png	verified
D90-1-07691	پارچە سېتىش	headword	630_2L.png	unverified
D90-1-07692	پارچە سېتىش باھاسى	headword	630_2L.png	unverified
D90-1-07693	پارچە قىلماق	headword	630_2L.png	unverified
D90-1-07704	پارچىلىماق	headword	631_2L.png	unverified
D90-1-07694	پارچە گەپ	headword	630_2L.png	unverified
D90-1-07694-v1	ئۇششاق گەپ	variant	630_2L.png	unverified
D90-1-07695	پارچە گەپ قىلماق	headword	630_2L.png	unverified
D90-1-07695-v1	ئۇششاق گەپ قىلماق	variant	630_2L.png	unverified
D90-1-07696	پارچە-پارچە	headword	630_2L.png	unverified
D90-1-07697	پارچە-پۇرات	headword	630_2L.png	unverified
D90-1-07698	پارچىلاتقۇزماق	headword	631_1R.png	unverified
D90-1-07699	پارچىلاتقۇزۇلماق	headword	631_1R.png	unverified
D90-1-07700	پارچىلاتماق	headword	631_1R.png	unverified
D90-1-07701	پارچىلاشماق	headword	631_1R.png	unverified
D90-1-07702	پارچىلانماق	headword	631_1R.png	unverified
D90-1-07703	پارچىلىتىلماق	headword	631_2L.png	unverified
D90-1-07705	پارچىلىنىش	headword	631_2L.png	unverified
D90-1-07706	پاررىدە	headword	631_2L.png	unverified
D90-1-07707	پارس	headword	632_1R.png	unverified
D90-1-07715	پارسلار	headword	632_2L.png	unverified
D90-1-07712	پارس-پارس	headword	632_1R.png	unverified
D90-1-07713	پارس-پۇرس	headword	632_1R.png	unverified
D90-1-07714	پارسچە	headword	632_2L.png	unverified
D90-1-07716	پارسىلداتقۇزماق	headword	633_1R.png	unverified
D90-1-07717	پارسىلداتقۇزۇلماق	headword	633_1R.png	unverified
D90-1-07718	پارسىلداتماق	headword	633_1R.png	unverified
D90-1-07719	پارسىلداشماق	headword	633_1R.png	unverified
D90-1-07720	پارسىلدىماق	headword	633_1R.png	unverified
D90-1-07721	پارسىي	headword	633_1R.png	unverified
D90-1-07722	پارقىراتقۇزماق	headword	633_1R.png	unverified
D90-1-07723	پارقىراتقۇزۇلماق	headword	633_1R.png	unverified
D90-1-07724	پارقىراتماق	headword	633_1R.png	unverified
D90-1-07725	پارقىراشماق	headword	633_1R.png	unverified
D90-1-07726	پارقىراق	headword	633_1R.png	unverified
D90-1-07727	پارقىراق تۆمۈر تاش	headword	633_2L.png	unverified
D90-1-07728	پارقىراق قوڭغۇز	headword	633_2L.png	unverified
D90-1-07729	پارقىراق ئىۋگېلىنا	headword	633_2L.png	unverified
D90-1-07730	پارقىراقلىق	headword	633_2L.png	unverified
D90-1-07731	پارقىرىتىلماق	headword	633_2L.png	unverified
D90-1-07732	پارقىرىماق	headword	633_2L.png	unverified
D90-1-07733	پارك	headword	634_1R.png	unverified
D90-1-07734	پارلاتقۇزماق	headword	634_1R.png	unverified
D90-1-07735	پارلاتماق	headword	634_1R.png	unverified
D90-1-07736	پارلاشماق	headword	634_1R.png	unverified
D90-1-07737	پارلاق	headword	634_1R.png	unverified
D90-1-07738	پارلامېنت	headword	634_2L.png	unverified
D90-1-07740	پارلامېنتلىق	headword	634_2L.png	unverified
D90-1-07741	پارلاندۇرماق	headword	634_2L.png	unverified
D90-1-07743	پارلاندۇرۇلماق	headword	634_2L.png	unverified
D90-1-07744	پارلانماق	headword	634_2L.png	unverified
D90-1-07747	پارلىق	headword	635_1R.png	unverified
D90-1-07748	پارلىماق	headword	635_1R.png	unverified
D90-1-07750	پارنىك	headword	635_1R.png	unverified
D90-1-07751	پارول	headword	635_2L.png	unverified
D90-1-07752	پارومومتىسىن	headword	635_2L.png	unverified
D90-1-07753	پارۋاي	headword	635_2L.png	unverified
D90-1-07754	پارۋايلىق	headword	635_2L.png	unverified
D90-1-07755	پارىخور	headword	635_2L.png	unverified
D90-1-07756	پارىخورلۇق	headword	636_1R.png	unverified
D90-1-07757	پارىژ	headword	636_1R.png	unverified
D90-1-07758	پارىژ كوممۇنىسى	headword	636_1R.png	unverified
D90-1-07759	پارىغ	headword	636_1R.png	unverified
D90-1-07760	پارىغ بولماق	headword	636_1R.png	unverified
D90-1-07761	پارىلداتقۇزماق	headword	636_2L.png	unverified
D90-1-07762	پارىلداتقۇزۇلماق	headword	636_2L.png	unverified
D90-1-07763	پارىلداتماق	headword	636_2L.png	unverified
D90-1-07764	پارىلداشماق	headword	636_2L.png	unverified
D90-1-07765	پارىلدىتىلماق	headword	636_2L.png	unverified
D90-1-07766	پارىلدىماق	headword	636_2L.png	unverified
D90-1-07767	پازىل	headword	636_2L.png	unverified
D90-1-07768	پازىللىق	headword	636_2L.png	unverified
D90-1-07769	پاژ	headword	636_2L.png	unverified
D90-1-07770	پاژ-پاژ	headword	637_1R.png	unverified
D90-1-07771	پاژ-پۇژ	headword	637_1R.png	unverified
D90-1-07772	پاژزىدە	headword	637_1R.png	unverified
D90-1-07773	پاۋىلداتماق	headword	637_1R.png	unverified
D90-1-07774	پاژىلداپ	headword	637_1R.png	unverified
D90-1-07775	پاس	headword	637_1R.png	unverified
D90-1-07779	پاسات	headword	637_2L.png	unverified
D90-1-07780	پاساتچىلىق	headword	637_2L.png	unverified
D90-1-07781	پاسار	headword	637_2L.png	unverified
D90-1-07782	پاسار-پۇسقات	headword	637_2L.png	unverified
D90-1-07783	پاساڭ	headword	637_2L.png	unverified
D90-1-07785	پاساڭ قىلماق	headword	638_1R.png	unverified
D90-1-07790	پاساڭدىماق	headword	638_1R.png	unverified
D90-1-07787	پاساڭداتماق	headword	638_1R.png	unverified
D90-1-07788	پاساڭداشماق	headword	638_1R.png	unverified
D90-1-07789	پاساڭدالماق	headword	638_1R.png	unverified
D90-1-07791	پاساھەت	headword	638_1R.png	unverified
D90-1-07792	پاسپاس	headword	638_2L.png	unverified
D90-1-07793	پاس-پاس	headword	638_2L.png	unverified
D90-1-07794	پاسپورت	headword	638_2L.png	unverified
D90-1-07795	پاس-پۇس	headword	638_2L.png	unverified
D90-1-07796	پاستا	headword	638_2L.png	unverified
D90-1-07797	پاستېر	headword	639_1R.png	unverified
D90-1-07797-v1	پاستېر دېزىنفېكسىيىسى	variant	639_1R.png	unverified
D90-1-07799	پاسخا	headword	639_1R.png	unverified
D90-1-07799-v1	پاسخا بايرىمى	variant	639_1R.png	unverified
D90-1-07801	پاسسات	headword	639_1R.png	unverified
D90-1-07801-v1	پاسسات شامىلى	variant	639_1R.png	unverified
D90-1-07803	پاسساژىر	headword	639_1R.png	unverified
D90-1-07805	پاسسىپ	headword	639_2L.png	unverified
D90-1-07806	پاسسىپ ئىممۇنىتېت	headword	639_2L.png	unverified
D90-1-07807	پاسسىپلاشتۇرماق	headword	639_2L.png	unverified
D90-1-07808	پاسسىپلاشتۇرۇلماق	headword	639_2L.png	unverified
D90-1-07809	پاسسىپلاشماق	headword	639_2L.png	unverified
D90-1-07810	پاسسىپلىق	headword	640_1R.png	unverified
D90-1-07811	پاسكىنا	headword	640_1R.png	unverified
D90-1-07814	پاسكىنىچىلىق	headword	640_1R.png	unverified
D90-1-07815	پاسكىنىلاشتۇرماق	headword	640_2L.png	unverified
D90-1-07816	پاسكىنىلاشتۇرۇلماق	headword	640_2L.png	unverified
D90-1-07817	پاسىكىنىلاشماق	headword	640_2L.png	unverified
D90-1-07818	پاسكىنىلىق	headword	640_2L.png	unverified
D90-1-07819	پاسلاشماق	headword	640_2L.png	unverified
D90-1-07820	پاسون	headword	641_1R.png	unverified
D90-1-07821	پاسونلۇق	headword	641_1R.png	unverified
D90-1-07822	پاسىبان	headword	641_1R.png	verified
D90-1-07823	پاسىبانلىق	headword	641_2L.png	unverified
D90-1-07824	پاسىق	headword	641_2L.png	unverified
D90-1-07825	پاسىقلىق	headword	641_2L.png	unverified
D90-1-07826	پاسىل	headword	641_2L.png	unverified
D90-1-07827	پاسىلداق	headword	642_1R.png	unverified
D90-1-07828	پاش	headword	642_1R.png	unverified
D90-1-07830	پاشا	headword	642_1R.png	unverified
D90-1-07831	پاشا قونمىغان	headword	642_1R.png	unverified
D90-1-07833	پاششاپ	headword	642_2L.png	unverified
D90-1-07835	پاششاپلىق	headword	643_1R.png	unverified
D90-1-07836	پاشنا	headword	643_1R.png	unverified
D90-1-07837	پاشنىلىق	headword	643_1R.png	unverified
D90-1-07838	پاشىلىق	headword	643_1R.png	unverified
D90-1-07839	پاشىئوت	headword	643_2L.png	unverified
D90-1-07840	پاق	headword	643_2L.png	unverified
D90-1-07841	پاقا	headword	643_2L.png	unverified
D90-1-07842	پاقا ئالامايدىغان سار	headword	644_1R.png	unverified
D90-1-07843	پاقا باش ئامبۇر	headword	644_1R.png	unverified
D90-1-07844	پاقا باش بېلىق	headword	644_1R.png	unverified
D90-1-07845	پاقا پۇت	headword	644_1R.png	unverified
D90-1-07846	پاقىسى قانماق	headword	644_1R.png	unverified
D90-1-07848	پاقالچاق	headword	644_2L.png	unverified
D90-1-07851	پاقام	headword	644_2L.png	unverified
D90-1-07852	پاقام ئەتمەك	headword	644_2L.png	unverified
D90-1-07853	پاق-پاق	headword	644_2L.png	unverified
D90-1-07854	پاق-پۇق	headword	644_2L.png	unverified
D90-1-07855	پاقشىماق	headword	644_2L.png	unverified
D90-1-07856	پاڭقىدە	headword	644_2L.png	unverified
D90-1-07858	پاقۇل	headword	645_1R.png	unverified
D90-1-07859	پاقىچار	headword	645_1R.png	verified
D90-1-07860	پاقىچاناق	headword	645_1R.png	unverified
D90-1-07861	پاقىچىغىرتمىقى	headword	645_1R.png	unverified
D90-1-07862	پاقىچىلاپ	headword	645_1R.png	unverified
D90-1-07864	پاقىلەش	headword	645_2L.png	unverified
D90-1-07864-v1	ھىندى پاقىلاپپۇرى	variant	645_2L.png	unverified
D90-1-07865	پاقىلداتماق	headword	645_2L.png	unverified
D90-1-07866	پاقىلداق	headword	645_2L.png	unverified
D90-1-07868	پاقىلدىماق	headword	645_2L.png	unverified
D90-1-07869	پاقىلىق	headword	645_2L.png	unverified
D90-1-07871	پاقىئوت	headword	646_1R.png	verified
D90-1-07871-v1	جامكا	variant	646_1R.png	verified
D90-1-07872	پاقىيوپۇرماق	headword	646_1R.png	unverified
D90-1-07873	پاك	headword	646_1R.png	unverified
D90-1-07874	پاكار	headword	646_2L.png	unverified
D90-1-07876	پاكار-پاكار	headword	646_2L.png	unverified
D90-1-07877	پاكارلاتماق	headword	646_2L.png	unverified
D90-1-07878	پاكارلاشماق	headword	646_2L.png	unverified
D90-1-07879	پاكارلىتىلماق	headword	646_2L.png	unverified
D90-1-07880	پاكارلىماق	headword	646_2L.png	unverified
D90-1-07881	پاك-پاكىز	headword	647_1R.png	unverified
D90-1-07882	پاكلاشتۇرماق	headword	647_1R.png	unverified
D90-1-07883	پاكلاشتۇرۇلماق	headword	647_1R.png	unverified
D90-1-07884	پاكلاشماق	headword	647_1R.png	unverified
D90-1-07885	پاكلانماق	headword	647_1R.png	unverified
D90-1-07886	پاكلىق	headword	647_1R.png	unverified
D90-1-07887	پاكلىماق	headword	647_1R.png	unverified
D90-1-07888	پاكت	headword	647_1R.png	unverified
D90-1-07889	پاكىتسىز	headword	647_2L.png	unverified
D90-1-07890	پاكىتسىزلىق	headword	647_2L.png	unverified
D90-1-07891	پاكىتلىق	headword	647_2L.png	unverified
D90-1-07892	پاكىز	headword	647_2L.png	unverified
D90-1-07893	پاكىزلەتمەك	headword	648_1R.png	unverified
D90-1-07894	پاكىزلەشمەك	headword	648_1R.png	unverified
D90-1-07895	پاكىزلەنمەك	headword	648_1R.png	unverified
D90-1-07896	پاكىزلىق	headword	648_1R.png	unverified
D90-1-07897	پاكىزلىمەك	headword	648_2L.png	unverified
D90-1-07898	پاكىنەك	headword	648_2L.png	unverified
D90-1-07899	پاگون	headword	648_2L.png	unverified
D90-1-07900	پاگونسىز	headword	648_2L.png	unverified
D90-1-07901	پاگونلۇق	headword	648_2L.png	unverified
D90-1-07902	پاگى	headword	648_2L.png	unverified
D90-1-07902-v1	خېمىرتۇرۇچ	variant	648_2L.png	unverified
D90-1-07904	پاگىسىز	headword	648_2L.png	unverified
D90-1-07905	پاگىلىق	headword	649_1R.png	unverified
D90-1-07913	پاڭپارىماق	headword	649_2L.png	unverified
D90-1-07914	پاڭ-پۇڭ	headword	649_2L.png	unverified
D90-1-07917	پاڭقاي	headword	649_2L.png	unverified
D90-1-07919	پاڭقۇش	headword	650_1R.png	unverified
D90-1-07920	پاڭڭىدە	headword	650_1R.png	unverified
D90-1-07921	پاڭىلداتماق	headword	650_1R.png	unverified
D90-1-07922	پاڭىلدىماق	headword	650_1R.png	unverified
D90-1-07923	پال	headword	650_1R.png	unverified
D90-1-07924	پال ئاچماق	headword	650_2L.png	unverified
D90-1-07926	پال سالماق	headword	650_2L.png	unverified
D90-1-07925	پال باقماق	headword	650_2L.png	unverified
D90-1-07928	پالاتا	headword	651_1R.png	unverified
D90-1-07930	پالاتماق	headword	651_1R.png	unverified
D90-1-07931	پالاس	headword	651_1R.png	unverified
D90-1-07933	پالاس - پالاس	headword	651_1R.png	unverified
D90-1-07934	پالاسلاتماق	headword	651_1R.png	unverified
D90-1-07935	پالاسلاشماق	headword	651_1R.png	unverified
D90-1-07936	پالاسلىماق	headword	651_2L.png	unverified
D90-1-07937	پالاشماق	headword	651_2L.png	unverified
D90-1-07938	پالاق	headword	651_2L.png	unverified
D90-1-07941	پالاق - پالاق	headword	652_1R.png	unverified
D90-1-07942	پالاق - پۇلۇق	headword	652_1R.png	unverified
D90-1-07943	پالاقچە	headword	652_1R.png	unverified
D90-1-07944	پالاقچە پۇتلۇقلار	headword	652_1R.png	unverified
D90-1-07945	پالاقشىتماق	headword	652_2L.png	unverified
D90-1-07946	پالاقشىماق	headword	652_2L.png	unverified
D90-1-07947	پالاققىدە	headword	652_2L.png	unverified
D90-1-07948	پالاقلاتقۇزماق	headword	652_2L.png	unverified
D90-1-07949	پالاقلاتقۇزۇلماق	headword	652_2L.png	unverified
D90-1-07950	پالاقلاتماق	headword	652_2L.png	unverified
D90-1-07951	پالاقلاشماق	headword	653_1R.png	unverified
D90-1-07952	پالاقلىماق	headword	653_1R.png	unverified
D90-1-07953	پالاقمان	headword	653_1R.png	unverified
D90-1-07954	پالاكەت	headword	653_1R.png	unverified
D90-1-07955	پالاكەت باسماق	headword	653_2L.png	unverified
D90-1-07956	پالاكەتچىلىك	headword	653_2L.png	unverified
D90-1-07957	پالاكەتلەشتۈرمەك	headword	653_2L.png	unverified
D90-1-07958	پالاكەتلەشتۈرۈلمەك	headword	653_2L.png	unverified
D90-1-07959	پالاكەتلەشمەك	headword	653_2L.png	unverified
D90-1-07960	پالاكەتلىك	headword	653_2L.png	unverified
D90-1-07962	پالاڭ	headword	653_2L.png	unverified
D90-1-07963	پالان	headword	654_1R.png	unverified
D90-1-07964	پالان-پۇستان	headword	654_1R.png	unverified
D90-1-07965	پالان-پوكۇن	headword	654_1R.png	unverified
D90-1-07966	پالانچى	headword	654_1R.png	unverified
D90-1-07967	پالانچى-پەمدىمانچى	headword	654_1R.png	unverified
D90-1-07967-v1	پالانچى-پۇستانچى	variant	654_1R.png	unverified
D90-1-07968	پالانچى-پوكۇنچى	headword	654_1R.png	unverified
D90-1-07969	پالانچى - پۇستانچى	headword	654_2L.png	unverified
D90-1-07970	پالاندى	headword	654_2L.png	verified
D90-1-07971	پالانماق	headword	654_2L.png	unverified
D90-1-07972	پالانى	headword	654_2L.png	unverified
D90-1-07973	پالانى - پەمىدىمانى	headword	655_1R.png	unverified
D90-1-07973-v1	پالانى - پۇستانى	variant	655_1R.png	unverified
D90-1-07974	پالانى-پوكۇنى	headword	655_1R.png	unverified
D90-1-07974-v1	پالانى-پۇستانى	variant	655_1R.png	unverified
D90-1-07975	پالە	headword	655_1R.png	unverified
D90-1-07977	پالەچ	headword	655_1R.png	unverified
D90-1-07979	پالەچ قىلماق	headword	655_2L.png	unverified
D90-1-07980	پالەچلەنمەك	headword	655_2L.png	unverified
D90-1-07981	پالەچلىك	headword	655_2L.png	unverified
D90-1-07982	پالەك	headword	655_2L.png	unverified
D90-1-07983	پالەكلىك	headword	656_1R.png	unverified
D90-1-07984	پال-پال	headword	656_1R.png	unverified
D90-1-07985	پالپال	headword	656_1R.png	unverified
D90-1-07986	پال-پۇل	headword	656_1R.png	unverified
D90-1-07987	پالتا	headword	656_1R.png	unverified
D90-1-07989	پالتا-كەكىسىنى قاقتۇرماق	headword	656_1R.png	unverified
D90-1-07990	پاتۇس	headword	656_1R.png	unverified
D90-1-07991	پالتۇڭ	headword	656_2L.png	unverified
D90-1-07992	پالچى	headword	656_2L.png	unverified
D90-1-07993	پالچىق	headword	656_2L.png	unverified
D90-1-07994	پالچىلىق	headword	656_2L.png	unverified
D90-1-07996	پالسىز	headword	656_2L.png	unverified
D90-1-07997	پالشوچكا	headword	657_1R.png	unverified
D90-1-07998	پالقان	headword	657_1R.png	unverified
D90-1-07999	پالكۆز	headword	657_1R.png	unverified
D90-1-08001	پاللادىي	headword	657_1R.png	unverified
D90-1-08002	پاللاس	headword	657_1R.png	unverified
D90-1-08002-v1	پاللاس بېلىق	variant	657_1R.png	unverified
D90-1-08004	پاللىدە	headword	657_1R.png	unverified
D90-1-08005	پالما	headword	657_2L.png	unverified
D90-1-08009	پالما دەرىخى	headword	658_1R.png	unverified
D90-1-08010	پالما مەرىزى	headword	658_1R.png	unverified
D90-1-08011	پالمىتىن	headword	658_1R.png	unverified
D90-1-08012	پالمىتىن كىسلاتا	headword	658_1R.png	unverified
D90-1-08013	پالمىزارلىق	headword	658_1R.png	unverified
D90-1-08014	پالمىلىق	headword	658_1R.png	unverified
D90-1-08015	پالنامە	headword	658_1R.png	unverified
D90-1-08016	پالوپا	headword	658_2L.png	unverified
D90-1-08017	پالۋان	headword	658_2L.png	unverified
D90-1-08018	پالۋانلارچە	headword	658_2L.png	unverified
D90-1-08019	پالۋانلىق	headword	658_2L.png	unverified
D90-1-08020	پالېئونتولوگىيە	headword	658_2L.png	unverified
D90-1-08021	پالىلداتقۇزماق	headword	658_2L.png	unverified
D90-1-08022	پالىلداتقۇزۇلماق	headword	658_2L.png	unverified
D90-1-08023	پالىلداتماق	headword	659_1R.png	unverified
D90-1-08024	پالىلدىشماق	headword	659_1R.png	unverified
D90-1-08025	پالىلدىماق	headword	659_1R.png	unverified
D90-1-08026	پالىماق	headword	659_1R.png	unverified
D90-1-08026-v1	سۈرگۈن قىلماق	variant	659_1R.png	unverified
D90-1-08027	پالىنولوگىيە	headword	659_1R.png	unverified
D90-1-08028	پامپا	headword	659_1R.png	unverified
D90-1-08029	پامىدۇر	nonstandard	659_2L.png	unverified
D90-1-08492	پەمىدۇر	headword	701_2L.png	unverified
D90-1-08030	پانا	headword	659_2L.png	unverified
D90-1-08031	پانار	headword	659_2L.png	unverified
D90-1-08033	پاناق	headword	659_2L.png	unverified
D90-1-08034	پاناھ	headword	659_2L.png	unverified
D90-1-08035	پاناھ بولماق	headword	660_1R.png	unverified
D90-1-08036	پاناھ تاپماق	headword	660_1R.png	unverified
D90-1-08037	پاناھ تارتماق	headword	660_1R.png	unverified
D90-1-08038	پاناھ تىلىمەك	headword	660_1R.png	unverified
D90-1-08039	پاناھ جاي	headword	660_2L.png	unverified
D90-1-08040	پاناھ قىلماق	headword	660_2L.png	unverified
D90-1-08041	پاناھ ئىزدىمەك	headword	660_2L.png	unverified
D90-1-08042	پاناھدار	headword	660_2L.png	unverified
D90-1-08043	پاناھدىماق	headword	660_2L.png	unverified
D90-1-08044	پاناھسىز	headword	661_1R.png	unverified
D90-1-08045	پاناھسىزلىق	headword	661_1R.png	unverified
D90-1-08046	پاناھگاھ	headword	661_1R.png	unverified
D90-1-08047	پاناھلانماق	headword	661_1R.png	unverified
D90-1-08048	پاناھلىق	headword	661_1R.png	unverified
D90-1-08050	پاناھلىق تىلىمەك	headword	661_2L.png	unverified
D90-1-08051	پاناھلىماق	headword	661_2L.png	unverified
D90-1-08052	پانئامېرىكانىزم	headword	661_2L.png	unverified
D90-1-08053	پانتوتېن	headword	661_2L.png	unverified
D90-1-08054	پانتوتېن كىسلاتا	headword	661_2L.png	unverified
D90-1-08055	پانتوگراف	headword	661_2L.png	unverified
D90-1-08056	پانتۈركىزم	headword	662_1R.png	unverified
D90-1-08057	پانتۈركىسىت	headword	662_1R.png	unverified
D90-1-08058	پانتېئىزم	headword	662_1R.png	unverified
D90-1-08059	پانروھچىلىق	headword	662_1R.png	unverified
D90-1-08060	پانساد	headword	662_1R.png	unverified
D90-1-08061	پانۇس	headword	662_1R.png	unverified
D90-1-08062	پانۇس دەرەخ	headword	662_2L.png	unverified
D90-1-08063	پانۇسچى	headword	662_2L.png	unverified
D90-1-08064	پانۇسگۈل	headword	662_2L.png	unverified
D90-1-08065	پانئىدراكچىلىق	headword	662_2L.png	unverified
D90-1-08066	پانئىسلامىزم	headword	663_1R.png	unverified
D90-1-08067	پانئىسلامىست	headword	663_1R.png	unverified
D90-1-08068	پانئىلاھچىلىق	headword	663_1R.png	unverified
D90-1-08069	پانىلاتماق	headword	663_2L.png	unverified
D90-1-08070	پانىلانماق	headword	663_2L.png	unverified
D90-1-08071	پانىلىق	headword	663_2L.png	unverified
D90-1-08073	پانىلىماق	headword	663_2L.png	unverified
D90-1-08074	پانىي	headword	663_2L.png	unverified
D90-1-08075	پانىي ئالەم	headword	663_2L.png	unverified
D90-1-08077	پانىي دۇنيا	headword	663_2L.png	unverified
D90-1-08076	پانىي جاھان	headword	663_2L.png	unverified
D90-1-08078	پاھ	headword	663_2L.png	unverified
D90-1-08079	پاھ-پاھ	headword	664_1R.png	unverified
D90-1-08080	پاھىشە	headword	664_1R.png	unverified
D90-1-08081	پاھىشەقىلماق	headword	664_1R.png	unverified
D90-1-08082	پاھىشىخانا	headword	664_2L.png	unverified
D90-1-08083	پاھىشىۋاز	headword	664_2L.png	unverified
D90-1-08084	پاھىشىۋازلىق	headword	664_2L.png	unverified
D90-1-08085	پائۇزا	headword	664_2L.png	unverified
D90-1-08086	پاۋان	headword	664_2L.png	unverified
D90-1-08087	پاۋلونىيە	headword	665_1R.png	unverified
D90-1-08087-v1	پاۋلونىيە دەرىخى	variant	665_1R.png	unverified
D90-1-08088	پاۋىئان	headword	665_1R.png	unverified
D90-1-08089	پائىز	headword	665_1R.png	unverified
D90-1-08090	پائىلاتۇن	headword	665_1R.png	unverified
D90-1-08091	پاي	headword	665_1R.png	unverified
D90-1-08092	پاي توپلىماق	headword	665_2L.png	unverified
D90-1-08093	پاي چېكى	headword	665_2L.png	unverified
D90-1-08094	پاي ئۆسۈغى	headword	665_2L.png	unverified
D90-1-08100	پايات	headword	666_1R.png	unverified
D90-1-08102	پاياتچى	headword	666_1R.png	unverified
D90-1-08103	پاياتچىلىق	headword	666_1R.png	unverified
D90-1-08104	پاياتلىماق	headword	666_2L.png	unverified
D90-1-08105	پايان	headword	666_2L.png	unverified
D90-1-08106	پايانى يوق	headword	666_2L.png	unverified
D90-1-08110	پايانسىز	headword	667_1R.png	unverified
D90-1-08107	پايانداز	headword	666_2L.png	unverified
D90-1-08109	پاياندازلىق	headword	667_1R.png	unverified
D90-1-08111	پايە	headword	667_1R.png	unverified
D90-1-08112	پايپاس	headword	667_2L.png	unverified
D90-1-08113	پايپاس-پايپاس	headword	667_2L.png	unverified
D90-1-08114	پايپاسلاتقۇزماق	headword	667_2L.png	unverified
D90-1-08115	پايپاسلاتماق	headword	667_2L.png	unverified
D90-1-08116	پايپاسلاشماق	headword	667_2L.png	unverified
D90-1-08117	پايپاسلىتىلماق	headword	667_2L.png	unverified
D90-1-08118	پايپاسلىماق	headword	667_2L.png	unverified
D90-1-08119	پايپاق	headword	667_2L.png	unverified
D90-1-08120	پايپاقلىق	headword	668_1R.png	unverified
D90-1-08122	پايپېتەك	headword	668_1R.png	unverified
D90-1-08125	پايپېتەكچىلىك	headword	668_2L.png	unverified
D90-1-08126	پايپېلىقۇن	headword	668_2L.png	unverified
D90-1-08127	پايتەخت	headword	668_2L.png	unverified
D90-1-08128	پايتىما	headword	668_2L.png	unverified
D90-1-08132	پايچىك	headword	669_1R.png	unverified
D90-1-08133	پايچىكلىك	headword	669_1R.png	unverified
D90-1-08134	پايخان	headword	669_1R.png	unverified
D90-1-08137	پايغاندىماق	headword	669_1R.png	unverified
D90-1-08138	پايخانلىماق	headword	669_1R.png	unverified
D90-1-08139	پايدا	headword	669_1R.png	unverified
D90-1-08140	پايدا ئالماق	headword	669_2L.png	unverified
D90-1-08141	پايدا بەرمەك	headword	669_2L.png	unverified
D90-1-08142	پايدا بولماق	headword	669_2L.png	unverified
D90-1-08143	پايدا تاپماق	headword	669_2L.png	unverified
D90-1-08144	پايدا تەگمەك	headword	669_2L.png	unverified
D90-1-08145	پايدا چىقماق	headword	669_2L.png	unverified
D90-1-08146	پايدا قونماق	headword	670_1R.png	unverified
D90-1-08147	پايدا قىلماق	headword	670_1R.png	unverified
D90-1-08149	پايدا كۆرمەك	headword	670_1R.png	unverified
D90-1-08150	پايدا كۆزلىمەك	headword	670_1R.png	unverified
D90-1-08151	پايدا نىسبىتى	headword	670_1R.png	unverified
D90-1-08152	پايدا ئۈندۈرمەك	headword	670_2L.png	unverified
D90-1-08153	پايدا يەتكۈزمەك	headword	670_2L.png	unverified
D90-1-08154	پايدا يېمەك	headword	670_2L.png	unverified
D90-1-08155	پايدا-زىيان	headword	670_2L.png	unverified
D90-1-08156	پايدىسىز	headword	670_2L.png	unverified
D90-1-08157	پايدىسىزلىق	headword	671_1R.png	unverified
D90-1-08158	پايدىكەش	headword	671_1R.png	unverified
D90-1-08159	پايدىلاندۇرماق	headword	671_1R.png	unverified
D90-1-08160	پايدىلانماق	headword	671_1R.png	unverified
D90-1-08161	پايدىلىق	headword	671_1R.png	unverified
D90-1-08164	پايدىلىق ئېگىزلىك	headword	671_2L.png	unverified
D90-1-08165	پايدىلىنىش	headword	671_2L.png	unverified
D90-1-08166	پايدىلىنىش نىسبىتى	headword	671_2L.png	unverified
D90-1-08167	پايدىلىنىشماق	headword	671_2L.png	unverified
D90-1-08168	پايدىلىنىلماق	headword	671_2L.png	unverified
D90-1-08169	پايسۇق	headword	671_2L.png	unverified
D90-1-08170	پايسىندۇرماق	headword	671_2L.png	unverified
D90-1-08171	پايسىنماق	headword	672_1R.png	unverified
D90-1-08172	پايسىنىشماق	headword	672_1R.png	unverified
D90-1-08173	پايقەدەم	headword	672_1R.png	unverified
D90-1-08174	پايكا	headword	672_1R.png	unverified
D90-1-08175	پايلاتماق	headword	672_1R.png	unverified
D90-1-08176	پايلاشماق	headword	672_1R.png	unverified
D90-1-08178	پايلاق	headword	672_1R.png	unverified
D90-1-08179	پايلاقچى	headword	672_1R.png	unverified
D90-1-08180	پايلاقچىلىق	headword	672_2L.png	unverified
D90-1-08181	پايلاقلىق	headword	672_2L.png	unverified
D90-1-08182	پايلىماق	headword	672_2L.png	unverified
D90-1-08184	پايمال	headword	673_1R.png	unverified
D90-1-08185	پايمال بولماق	headword	673_1R.png	unverified
D90-1-08186	پايمال قىلماق	headword	673_1R.png	unverified
D90-1-08187	پايمۇپاي	headword	673_1R.png	unverified
D90-1-08188	پايقىماق	nonstandard	673_1R.png	unverified
D90-1-08189	پايناپ	headword	673_1R.png	unverified
D90-1-08190	پاينەك	headword	673_1R.png	unverified
D90-1-08191	پاينەكباش	headword	673_2L.png	unverified
D90-1-08192	پەپىلەتمەك	headword	673_2L.png	unverified
D90-1-08193	پەپىلەشمەك	headword	673_2L.png	unverified
D90-1-08194	پەپىلەنمەك	headword	673_2L.png	unverified
D90-1-08195	پەپىلىمەك	headword	673_2L.png	unverified
D90-1-08196	پەپىلقۇش	headword	673_2L.png	unverified
D90-1-08197	پەتە	headword	673_2L.png	unverified
D90-1-08198	پەتە قىلماق	headword	674_1R.png	unverified
D90-1-08199	پەتەك	headword	674_1R.png	unverified
D90-1-08200	پەتەكبۇرۇن	headword	674_1R.png	unverified
D90-1-08201	پەتتە	headword	674_1R.png	unverified
D90-1-08202	پەتلە	headword	674_2L.png	unverified
D90-1-08203	پەتنۇس	headword	674_2L.png	unverified
D90-1-08204	پەتىچى	headword	674_2L.png	unverified
D90-1-08205	پەتىلەتمەك	headword	674_2L.png	unverified
D90-1-08206	پەتىلەشمەك	headword	675_1R.png	unverified
D90-1-08207	پەتىلىمەك	headword	675_1R.png	unverified
D90-1-08208	پەتىنگان	headword	675_1R.png	unverified
D90-1-08208-v1	چەيزە	variant	675_1R.png	unverified
D90-1-08209	پەتىۋا	headword	675_1R.png	unverified
D90-1-08210	پەتىۋاچى	headword	675_1R.png	unverified
D90-1-08211	پەتىۋاچىلىق	headword	675_2L.png	unverified
D90-1-08212	پەجمۇردە	headword	675_2L.png	unverified
D90-1-08215	پەجمىدە	nonstandard	675_2L.png	unverified
D90-1-08216	پەچەك	headword	675_2L.png	verified
D90-1-08217	پەچىم	headword	675_2L.png	unverified
D90-1-08221	پەچىملەتمەك	headword	676_1R.png	unverified
D90-1-08222	پەچىملەشمەك	headword	676_1R.png	unverified
D90-1-08223	پەچىملەنمەك	headword	676_1R.png	unverified
D90-1-08224	پەچىملىمەك	headword	676_1R.png	unverified
D90-1-08225	پەخەس	headword	676_2L.png	unverified
D90-1-08227	پەخەسلىك	headword	676_2L.png	unverified
D90-1-08228	پەخىر	headword	676_2L.png	unverified
D90-1-08229	پەخىرلەنمەك	headword	676_2L.png	unverified
D90-1-08230	پەخىرلىك	headword	676_2L.png	unverified
D90-1-08231	پەخرىي	headword	677_1R.png	unverified
D90-1-08232	پەخرىي قاراۋۇل	headword	677_1R.png	unverified
D90-1-08233	پەخرىي يارلىق	headword	677_1R.png	unverified
D90-1-08234	پەخرىي ئۇنۋان	headword	677_1R.png	unverified
D90-1-08235	پەدە	headword	677_1R.png	unverified
D90-1-08240	پەدەر	headword	677_2L.png	unverified
D90-1-08241	پەدەڭ	headword	678_1R.png	unverified
D90-1-08242	پەدىلىك	headword	678_1R.png	unverified
D90-1-08243	پەر	nonstandard	678_1R.png	unverified
D90-1-08244	پەرەز	headword	678_1R.png	unverified
D90-1-08246	پەرەزىي	headword	678_1R.png	unverified
D90-1-08247	پەرەك	headword	678_1R.png	unverified
D90-1-08248	پەرەڭ	headword	678_2L.png	unverified
D90-1-08249	پەرەڭگۈل	headword	678_2L.png	unverified
D90-1-08250	پەرەنجە	headword	678_2L.png	unverified
D90-1-08251	پەرەنجىلىك	headword	679_1R.png	unverified
D90-1-08252	پەربۇن	headword	679_1R.png	unverified
D90-1-08253	پەرت	headword	679_1R.png	unverified
D90-1-08256	پەرتۇق	headword	679_1R.png	unverified
D90-1-08410	پەشتاما	headword	694_2L.png	unverified
D90-1-08257	پەرتۇقلۇق	headword	679_1R.png	unverified
D90-1-08258	پەرتتىدە	headword	679_2L.png	unverified
D90-1-08259	پەرداز	headword	679_2L.png	unverified
D90-1-08260	پەرداز قىلماق	headword	679_2L.png	unverified
D90-1-08261	پەرداز كالتىكى	headword	679_2L.png	unverified
D90-1-08262	پەردازچى	headword	680_1R.png	unverified
D90-1-08263	پەردازخور	headword	680_1R.png	unverified
D90-1-08264	پەردازخورلۇق	headword	680_1R.png	unverified
D90-1-08266	پەردازلاتماق	headword	680_1R.png	unverified
D90-1-08267	پەردازلاشماق	headword	680_1R.png	unverified
D90-1-08268	پەردازلانماق	headword	680_1R.png	unverified
D90-1-08269	پەردازلىماق	headword	680_1R.png	unverified
D90-1-08270	پەردە	headword	680_2L.png	unverified
D90-1-08272	پەردە قاناتلىقلار ئەترىتى	headword	680_2L.png	unverified
D90-1-08273	پەردە قوللۇق ئەجدىھا	headword	681_1R.png	unverified
D90-1-08274	پەردە قوللۇقلار ئەترىتى	headword	681_1R.png	unverified
D90-1-08275	پەردە ياللۇغى	headword	681_1R.png	unverified
D90-1-08276	پەردىسىمان	headword	681_1R.png	unverified
D90-1-08277	پەردىشەپ	headword	681_1R.png	unverified
D90-1-08278	پەردىلەشمەك	headword	681_1R.png	unverified
D90-1-08279	پەردىلەنمەك	headword	681_2L.png	unverified
D90-1-08280	پەردىلىك	headword	681_2L.png	unverified
D90-1-08281	پەردىلىمەك	headword	681_2L.png	unverified
D90-1-08282	پەرز	headword	681_2L.png	unverified
D90-1-08284	پەرزەنت	headword	682_1R.png	unverified
D90-1-08285	پەرزەنت كۆرمەك	headword	682_1R.png	unverified
D90-1-08286	پەرزەنتسىز	headword	682_1R.png	unverified
D90-1-08287	پەرزەنتسىزلىك	headword	682_1R.png	unverified
D90-1-08288	پەرزەنتلىك	headword	682_2L.png	unverified
D90-1-08289	پەرزىن	headword	682_2L.png	unverified
D90-1-08290	پەرسەڭ	headword	682_2L.png	unverified
D90-1-08291	پەرق	headword	682_2L.png	unverified
D90-1-08292	پەرق ئەتمەك	headword	682_2L.png	unverified
D90-1-08293	پەرق قىلماق	headword	682_2L.png	unverified
D90-1-08294	پەرق - تاپاۋەت	headword	683_1R.png	unverified
D90-1-08295	پەرقسىز	headword	683_1R.png	unverified
D90-1-08297	پەرقلەندۈرمەك	headword	683_1R.png	unverified
D90-1-08298	پەرقلەندۈرۈشمەك	headword	683_1R.png	unverified
D90-1-08299	پەرقلەندۈرۈلمەك	headword	683_1R.png	unverified
D90-1-08300	پەرقلەنمەك	headword	683_1R.png	unverified
D90-1-08301	پەرقلىق	headword	683_2L.png	unverified
D90-1-08303	پەركا	headword	683_2L.png	unverified
D90-1-08307	پەرلەتمەك	headword	683_2L.png	unverified
D90-1-08308	پەرلەشمەك	headword	684_1R.png	unverified
D90-1-08309	پەرلەگۈچ	headword	684_1R.png	unverified
D90-1-08310	پەرلەنمەك	headword	684_1R.png	unverified
D90-1-08311	پەرلىمەك	headword	684_1R.png	unverified
D90-1-08312	پەرمان	headword	684_1R.png	unverified
D90-1-08313	پەرمان بەرمەك	headword	684_1R.png	unverified
D90-1-08314	پەرمان چۈشۈرمەك	headword	684_2L.png	unverified
D90-1-08315	پەرمان قىلماق	headword	684_2L.png	unverified
D90-1-08316	پەرمانبەردار	headword	684_2L.png	verified
D90-1-08317	پەرمانبەردارلىق	headword	684_2L.png	unverified
D90-1-08318	پەرمانچى	headword	684_2L.png	unverified
D90-1-08319	پەرمانسىز	headword	684_2L.png	unverified
D90-1-08320	پەرمايىش	headword	684_2L.png	verified
D90-1-08321	پەرمۇدە	headword	685_1R.png	unverified
D90-1-08322	پەرمۇدىچى	headword	685_1R.png	unverified
D90-1-08323	پەرمۇدىچىلىك	headword	685_1R.png	unverified
D90-1-08324	پەرمۇق	headword	685_1R.png	unverified
D90-1-08325	پەرھىز	headword	685_1R.png	unverified
D90-1-08327	پەرھىز قىلماق	headword	685_2L.png	unverified
D90-1-08328	پەرھىزدار	headword	685_2L.png	unverified
D90-1-08329	پەرھىزكار	headword	685_2L.png	unverified
D90-1-08330	پەرھىزكارلىق	headword	685_2L.png	unverified
D90-1-08331	پەرۋا	headword	685_2L.png	verified
D90-1-08331-i1	پەرۋايى	inflected	685_2L.png	verified
D90-1-08333	پەرۋايى پەلەك	headword	686_1R.png	unverified
D90-1-08334	پەرۋايىغا كەلمەسلىك	headword	686_1R.png	unverified
D90-1-08335	پەرۋاز	headword	686_1R.png	unverified
D90-1-08336	پەرۋاز ئەيلىمەڭ	headword	686_1R.png	unverified
D90-1-08337	پەرۋاز قىلماق	headword	686_1R.png	unverified
D90-1-08338	پەرۋاسىز	headword	686_2L.png	unverified
D90-1-08339	پەرۋاسىزلىق	headword	686_2L.png	unverified
D90-1-08340	پەرۋانە	headword	686_2L.png	unverified
D90-1-08341	پەرۋانە بولماق	headword	686_2L.png	unverified
D90-1-08342	پەرۋەردىگار	headword	687_1R.png	unverified
D90-1-08343	پەرۋىش	headword	687_1R.png	unverified
D90-1-08344	پەرۋىشچى	headword	687_1R.png	unverified
D90-1-08345	پەرۋىشسىز	headword	687_1R.png	unverified
D90-1-08346	پەرۋىشكار	headword	687_1R.png	unverified
D90-1-08347	پەرۋىشلىمەك	headword	687_2L.png	unverified
D90-1-08348	پەرى	headword	687_2L.png	unverified
D90-1-08349	پەرىجە	headword	687_2L.png	unverified
D90-1-08350	پەرىجىلىك	headword	687_2L.png	unverified
D90-1-08351	پەرىزات	headword	688_1R.png	unverified
D90-1-08352	پەرىشان	headword	688_1R.png	unverified
D90-1-08354	پەرىشان قىلماق	headword	688_2L.png	unverified
D90-1-08355	پەرىشانلىق	headword	688_2L.png	unverified
D90-1-08356	پەرىشتە	headword	688_2L.png	unverified
D90-1-08366	پەس باريېر	headword	690_1R.png	unverified
D90-1-08367	پەس كۆرمەك	headword	690_1R.png	unverified
D90-1-08368	پەسەندە	headword	690_2L.png	unverified
D90-1-08369	پەسەندىلىك	headword	690_2L.png	unverified
D90-1-08370	پەسەيتكۈزمەك	headword	690_2L.png	unverified
D90-1-08371	پەسەيتمەك	headword	690_2L.png	unverified
D90-1-08372	پەسەيمەك	headword	690_2L.png	unverified
D90-1-08373	پەستەۋەت	headword	691_1R.png	unverified
D90-1-08374	پەسكار	nonstandard	691_1R.png	unverified
D90-1-08379	پەسكوي	headword	691_1R.png	unverified
D90-1-08375	پەسكارغا چۈشمەك	nonstandard	691_1R.png	unverified
D90-1-08379-v1	پەسكويغا چۈشمەك	variant	691_1R.png	unverified
D90-1-08376	پەسكەش	headword	691_1R.png	unverified
D90-1-08377	پەسكەشلىشمەك	headword	691_1R.png	unverified
D90-1-08378	پەسكەشلىك	headword	691_1R.png	unverified
D90-1-08380	پەسلەتكۈزمەك	headword	691_2L.png	unverified
D90-1-08381	پەسلەتمەك	headword	691_2L.png	unverified
D90-1-08382	پەسلەشتۈرمەك	headword	691_2L.png	unverified
D90-1-08383	پەسلەشتۈرۈلمەك	headword	691_2L.png	unverified
D90-1-08384	پەسلەشمەك	headword	691_2L.png	unverified
D90-1-08385	پەسىلىك	headword	692_1R.png	unverified
D90-1-08386	پەسلەنمەك	headword	692_1R.png	unverified
D90-1-08387	پەسىل	headword	692_1R.png	unverified
D90-1-08389	پەسىللىك	headword	692_1R.png	unverified
D90-1-08390	پەسىللىك باھا	headword	692_2L.png	unverified
D90-1-08391	پەسىللىك شامال	headword	692_2L.png	verified
D90-1-08392	پەسىللىك كۆچۈش	headword	692_2L.png	verified
D90-1-08393	پەسىلچان	headword	692_2L.png	unverified
D90-1-08394	پەسىلچانلىق	headword	692_2L.png	unverified
D90-1-08395	پەسىلداش	headword	692_2L.png	unverified
D90-1-08396	پەسىھ	headword	692_2L.png	unverified
D90-1-08397	پەش	headword	693_1R.png	unverified
D90-1-08400	پەش قىلماق	headword	693_1R.png	unverified
D90-1-08402	پەش تارتماق	headword	693_2L.png	unverified
D90-1-08403	پەش سۆرىمەك	headword	693_2L.png	unverified
D90-1-08404	پەش گۆش	headword	693_2L.png	unverified
D90-1-08405	پېشىگە ئېسىلماق	headword	693_2L.png	unverified
D90-1-08406	پېشىنى تۇتماق	headword	694_1R.png	unverified
D90-1-08407	پېشىنى قاقماق	headword	694_1R.png	unverified
D90-1-08408	پېشتاق	headword	694_1R.png	unverified
D90-1-08409	پەشتاقلىق	headword	694_2L.png	unverified
D90-1-08419	پەشمال	headword	695_1R.png	unverified
D90-1-08411	پەشخۇن	headword	694_2L.png	unverified
D90-1-08412	پەششاپ	nonstandard	695_1R.png	unverified
D90-1-08413	پەششەپ	nonstandard	695_1R.png	unverified
D90-1-08414	پەشقۇن	nonstandard	695_1R.png	unverified
D90-1-08415	پەشلەتمەك	headword	695_1R.png	unverified
D90-1-08416	پەشلەنمەك	headword	695_1R.png	unverified
D90-1-08417	پەشلىك	headword	695_1R.png	unverified
D90-1-08418	پەشلىمەك	headword	695_1R.png	unverified
D90-1-08420	پەشمەت	headword	695_1R.png	unverified
D90-1-08422	پەشۋا	headword	695_2L.png	unverified
D90-1-08425	پەشۋا ئۇرماق	headword	695_2L.png	unverified
D90-1-08425-v1	پەشۋا ئاتماق	variant	695_2L.png	unverified
D90-1-08427	پەشۋاچى	headword	696_1R.png	unverified
D90-1-08428	پەشۋالاتماق	headword	696_1R.png	unverified
D90-1-08429	پەشۋالاشماق	headword	696_1R.png	unverified
D90-1-08430	پەشۋالانماق	headword	696_1R.png	unverified
D90-1-08431	پەشۋالىماق	headword	696_1R.png	unverified
D90-1-08432	پەغەز	headword	696_1R.png	unverified
D90-1-08433	پەقەت	headword	696_1R.png	unverified
D90-1-08434	پەقەش	headword	696_2L.png	unverified
D90-1-08435	پەقىر	nonstandard	696_2L.png	unverified
D90-1-09459	پېقىر	headword	776_2L.png	unverified
D90-1-08436	پەكەش	headword	696_2L.png	unverified
D90-1-08437	پەكەشلىمەك	headword	696_2L.png	unverified
D90-1-08438	پەگاھ	headword	696_2L.png	unverified
D90-1-08440	پەلەز	nonstandard	696_2L.png	unverified
D90-1-09469	پېلەك	headword	777_1R.png	unverified
D90-1-08441	پەلەك	headword	696_2L.png	unverified
D90-1-08442	پەلەك تەتۈر كەلمەك	headword	697_1R.png	unverified
D90-1-08443	پەلەك چاقى تەتۈر چۆرۈلمەك	headword	697_1R.png	unverified
D90-1-08444	پەلەك چاقى ئوڭ چۆرۈلمەك	headword	697_1R.png	unverified
D90-1-08445	پەلەك چۆگىلىمەك	headword	697_1R.png	unverified
D90-1-08446	پەلەككە كۆتۈرمەك	headword	697_1R.png	unverified
D90-1-08447	پەلەككە يەتمەك	headword	697_1R.png	unverified
D90-1-08448	پەلەك گەردىشى تەتۈر چۆگىلىمەڭ	headword	697_2L.png	unverified
D90-1-08448-v1	پەلەك چاقى تەتۈر چۆگىلىمەك	variant	697_2L.png	unverified
D90-1-08449	پەلەك گەردىشى ئوڭ چۆگىلىمەك	headword	697_2L.png	unverified
D90-1-08449-v1	پەلەك چاقى ئوڭ چۆگىلىمەڭ	variant	697_2L.png	unverified
D90-1-08450	پەلەكنى قاپلىماق	headword	697_2L.png	unverified
D90-1-08451	پەلەكنىڭ گەردىشى	headword	697_2L.png	unverified
D90-1-08452	پەلەك ئوڭغا تارتماق	headword	697_2L.png	unverified
D90-1-08453	پەلەمپەي	headword	698_1R.png	unverified
D90-1-08455	پەلەمپەيلىك	headword	698_1R.png	unverified
D90-1-08456	پەلەي	headword	698_1R.png	unverified
D90-1-08457	پەلەيلىك	headword	698_1R.png	unverified
D90-1-08458	پەلتەڭ	headword	698_1R.png	unverified
D90-1-08459	پەلتو	headword	698_2L.png	unverified
D90-1-08460	پەلتولۇق	headword	698_2L.png	unverified
D90-1-08461	پەلسەپە	headword	698_2L.png	unverified
D90-1-08463	پەلسەپىۋاز	headword	699_1R.png	unverified
D90-1-08464	پەلسەپىۋازلىق	headword	699_1R.png	unverified
D90-1-08465	پەلسەپىۋى	headword	699_1R.png	unverified
D90-1-08466	پەلكەت	headword	699_1R.png	unverified
D90-1-08467	پەلكۈچ	headword	699_1R.png	unverified
D90-1-08468	پەلكۈچلىمەك	headword	699_1R.png	unverified
D90-1-08469	پەللە	headword	699_2L.png	unverified
D90-1-08471	پەللەك	headword	700_1R.png	unverified
D90-1-08472	پەللىمە	headword	700_1R.png	unverified
D90-1-08474	پەللىمەك	headword	700_1R.png	unverified
D90-1-08475	پەللىمۇپەللە	headword	700_1R.png	unverified
D90-1-08476	پەلۋان	nonstandard	700_1R.png	unverified
D90-1-08477	پەلىپەتىش	headword	700_1R.png	unverified
D90-1-08478	پەلىپەتىشلىك	headword	700_2L.png	unverified
D90-1-08479	پەلىگۈچ	nonstandard	700_2L.png	unverified
D90-1-08479-c1	پەرلىگۈچ	corrected_form	700_2L.png	unverified
D90-1-08480	پەلىمەك	nonstandard	700_2L.png	unverified
D90-1-08481	پەم	headword	700_2L.png	unverified
D90-1-08482	پەم ئەتمەك	headword	700_2L.png	unverified
D90-1-08483	پەم-پاراسەت	headword	701_1R.png	unverified
D90-1-08484	پەم-پاراسەتسىز	headword	701_1R.png	unverified
D90-1-08485	پەم-پاراسەتلىك	headword	701_1R.png	unverified
D90-1-08487	پەمسىزلىك	headword	701_1R.png	unverified
D90-1-08488	پەملەشمەك	headword	701_2L.png	unverified
D90-1-08489	پەملەنمەك	headword	701_2L.png	unverified
D90-1-08490	پەملىك	headword	701_2L.png	unverified
D90-1-08491	پەملىمەك	headword	701_2L.png	unverified
D90-1-08492-v1	شوخلا	variant	701_2L.png	unverified
D90-1-08493	پەمىدۇر قىيامى	headword	701_2L.png	unverified
D90-1-08494	پەمىدۇرلۇق	headword	701_2L.png	unverified
D90-1-08495	پەمىلە	nonstandard	701_2L.png	unverified
D90-1-08495-c1	فامىلە	corrected_form	701_2L.png	unverified
D90-1-08496	پەمىلچاي	headword	702_1R.png	unverified
D90-1-08496-v1	قىزىل پەمىلچاي	variant	702_1R.png	unverified
D90-1-08497	پەن	headword	702_1R.png	unverified
D90-1-08500	پەنەر	nonstandard	702_1R.png	unverified
D90-1-08501	پەنەركە	headword	702_1R.png	unverified
D90-1-08502	پەنت	headword	702_1R.png	unverified
D90-1-08503	پەنجە	headword	702_2L.png	unverified
D90-1-08505	پەنجىرە	headword	703_1R.png	unverified
D90-1-08506	پەنجىرىلىك	headword	703_2L.png	unverified
D90-1-08507	پەنجىگاھ	headword	703_2L.png	unverified
D90-1-08508	پەنجىلىك	headword	703_2L.png	unverified
D90-1-08509	پەنجىلىمەك	headword	703_2L.png	unverified
D90-1-08510	پەند	headword	704_1R.png	unverified
D90-1-08511	پەندنامە	headword	704_1R.png	unverified
D90-1-08512	پەند-نەسىھەت	headword	704_1R.png	unverified
D90-1-08513	پەندىيات	headword	704_1R.png	unverified
D90-1-08514	پەندىيات قىلماق	headword	704_1R.png	unverified
D90-1-08514-v1	پەندىيات دېمەك	variant	704_1R.png	unverified
D90-1-08515	پەنساد	headword	704_2L.png	unverified
D90-1-08516	پەنشۇناس	headword	704_2L.png	unverified
D90-1-08517	پەنشۇناسلىق	headword	704_2L.png	unverified
D90-1-08518	پەنلەر ئاكادېمىيىسى	headword	704_2L.png	unverified
D90-1-08519	پەنلىمەك	headword	704_2L.png	unverified
D90-1-08520	پەن - مەرىيەت	headword	705_1R.png	unverified
D90-1-08521	پەننىي	headword	705_1R.png	unverified
D90-1-08524	پەننىيلەشتۈرمەك	headword	705_1R.png	unverified
D90-1-08525	پەننىيلەشتۈرۈلمەك	headword	705_1R.png	unverified
D90-1-08526	پەننىيلەشمەك	headword	705_1R.png	unverified
D90-1-08527	پەننىيلىك	headword	705_2L.png	unverified
D90-1-08528	پەھلىۋان	nonstandard	705_2L.png	unverified
D90-1-08529	پەۋاز	headword	705_2L.png	unverified
D90-1-08530	پەۋاز قاپاق	headword	705_2L.png	unverified
D90-1-08531	پەۋازلاتماق	headword	705_2L.png	unverified
D90-1-08532	پەۋازلاشماق	headword	705_2L.png	unverified
D90-1-08533	پەۋازلانماق	headword	705_2L.png	unverified
D90-1-08534	پەۋازلىماق	headword	705_2L.png	unverified
D90-1-08535	پەۋان	nonstandard	705_2L.png	unverified
D90-1-08536	پەۋەس	headword	705_2L.png	unverified
D90-1-08537	پەۋقۇلئاددە	headword	706_1R.png	unverified
D90-1-08539	پەۋقۇلئاددىلىق	headword	706_1R.png	unverified
D90-1-08545	پەي تار	headword	707_1R.png	unverified
D90-1-08546	پەي تارتىشىش	headword	707_1R.png	unverified
D90-1-08547	پېيىدە بولماق	headword	707_1R.png	unverified
D90-1-08548	پېيىدە يۈرمەك	headword	707_1R.png	unverified
D90-1-08549	پېيىگە چۈشمەك	headword	707_1R.png	unverified
D90-1-08550	پېيىنى قىرقىماق	headword	707_1R.png	unverified
D90-1-08552	پەيت	headword	707_1R.png	unverified
D90-1-08553	پەيتۇن	headword	707_2L.png	unverified
D90-1-08554	پەيتىدە	headword	707_2L.png	unverified
D90-1-08556	پەيجەمبى	headword	708_1R.png	unverified
D90-1-08559	پەيدا	headword	708_1R.png	unverified
D90-1-08561	پەيدىن-پەي	nonstandard	708_2L.png	unverified
D90-1-08562	پەيدىنپەي	headword	708_2L.png	unverified
D90-1-08563	پەيز	headword	708_2L.png	unverified
D90-1-08564	پەيزى بار	headword	709_1R.png	unverified
D90-1-08565	پەيزى سۈرمەك	headword	709_1R.png	unverified
D90-1-08566	پەيزى قاچماق	headword	709_1R.png	unverified
D90-1-08567	پەيزى قىلماق	headword	709_1R.png	unverified
D90-1-08568	پەيزى ئۇچماق	headword	709_2L.png	unverified
D90-1-08569	پەيزى يوق	headword	709_2L.png	unverified
D90-1-08570	پەيزىسىز	headword	709_2L.png	unverified
D90-1-08571	پەيزىلىك	headword	709_2L.png	unverified
D90-1-08572	پەيسىز	headword	709_2L.png	unverified
D90-1-08573	پەيسىمان	headword	709_2L.png	unverified
D90-1-08575	پەيشەنبە	headword	709_2L.png	unverified
D90-1-08576	پەيشەنبە بازار	headword	710_1R.png	unverified
D90-1-08577	پەيشەنبىلىك	headword	710_1R.png	unverified
D90-1-08578	پەيغەمبەر	headword	710_1R.png	unverified
D90-1-08579	پەيغەمبەرلىك	headword	710_1R.png	unverified
D90-1-08580	پەيقۇ	headword	710_1R.png	unverified
D90-1-08581	پەيكان	headword	710_1R.png	unverified
D90-1-08582	پەيكەر	headword	710_1R.png	unverified
D90-1-08583	پەيل	headword	710_2L.png	unverified
D90-1-08584	پەيلى بۇزۇق	headword	710_2L.png	unverified
D90-1-08585	پەيلى يامان	headword	710_2L.png	unverified
D90-1-08586	پەيلىدىن يانماق	headword	711_1R.png	unverified
D90-1-08587	پەيلاسوپ	headword	711_1R.png	unverified
D90-1-08588	پەيلاسوپلۇق	headword	711_1R.png	unverified
D90-1-08589	پەيلىك	headword	711_1R.png	unverified
D90-1-08590	پەيمان	headword	711_1R.png	unverified
D90-1-08590-i1	پەيمانى	inflected	711_1R.png	unverified
D90-1-08591	پەيمانە	headword	711_2L.png	unverified
D90-1-08592	پەينەك	nonstandard	711_2L.png	unverified
D90-1-08593	پەينەۋرە	headword	711_2L.png	unverified
D90-1-08594	پەينەۋرىلىك	headword	711_2L.png	unverified
D90-1-08595	پەيۋەست	headword	711_2L.png	unverified
D90-1-08596	پەيۋەستە	headword	711_2L.png	unverified
D90-1-08597	پەيۋەند	headword	711_2L.png	unverified
D90-1-08598	پەيۋەندە	headword	712_1R.png	unverified
D90-1-08599	پتېروكارىيە	headword	712_1R.png	unverified
D90-1-08599-v1	پتېروكارىيە دەرىخى	variant	712_1R.png	unverified
D90-1-08601	پرازېئودىمىي	headword	712_1R.png	unverified
D90-1-08602	پراكتىكا	headword	712_1R.png	unverified
D90-1-08604	پراكتىكانت	headword	712_2L.png	unverified
D90-1-08605	پراكتىكانتلىق	headword	712_2L.png	unverified
D90-1-08606	پراگماتىزم	headword	712_2L.png	unverified
D90-1-08607	پروبىركا	headword	712_2L.png	unverified
D90-1-08608	پروپورتسىيە	headword	712_2L.png	unverified
D90-1-08609	پروپورتسىيىلىك	headword	712_2L.png	unverified
D90-1-08610	پروتاكتىنىي	headword	713_1R.png	unverified
D90-1-08611	پروتوپلازما	headword	713_1R.png	unverified
D90-1-08612	پروتوتىپ	headword	713_1R.png	unverified
D90-1-08613	پروتوزوئا	headword	713_1R.png	unverified
D90-1-08614	پروتون	headword	713_1R.png	unverified
D90-1-08615	پروتېئازا	headword	713_1R.png	unverified
D90-1-08616	پروتېستانت	headword	713_2L.png	verified
D90-1-08617	پروتىي	headword	713_2L.png	unverified
D90-1-08618	پروزا	headword	713_2L.png	unverified
D90-1-08619	پروزىچىلىق	headword	713_2L.png	unverified
D90-1-08620	پروژېكتور	headword	713_2L.png	unverified
D90-1-08620-v1	قول چىراغ	variant	713_2L.png	unverified
D90-1-08621	پروفېسسور	headword	714_1R.png	unverified
D90-1-08622	پروفېسسورلۇق	headword	714_1R.png	unverified
D90-1-08623	پروكات	headword	714_1R.png	unverified
D90-1-08624	پروكاتلىماق	headword	714_1R.png	unverified
D90-1-08625	پروكائىن	headword	714_1R.png	unverified
D90-1-08626	پروكسىلىن	headword	714_1R.png	unverified
D90-1-08627	پروكۇراتۇرا	headword	714_1R.png	unverified
D90-1-08627-v1	تەپتىش مەھكىمىسى	variant	714_1R.png	unverified
D90-1-08628	پروكۇرور	headword	714_1R.png	unverified
D90-1-08629	پروكۇرورلۇق	headword	714_2L.png	unverified
D90-1-08629-v1	باش تەپتىشلىك	variant	714_2L.png	unverified
D90-1-08630	پروگرامما	headword	714_2L.png	unverified
D90-1-08631	پروگراممىلىق	headword	714_2L.png	unverified
D90-1-08632	پروگرېسسىيە	headword	714_2L.png	unverified
D90-1-08633	پرولوگ	headword	714_2L.png	verified
D90-1-08633-v1	مۇقەددىمە	variant	714_2L.png	verified
D90-1-08634	پرولېتار	headword	714_2L.png	unverified
D90-1-08635	پرولېتارىيات	headword	715_1R.png	unverified
D90-1-08636	پرولېتارىيات دېموكىراتىزمى	headword	715_1R.png	unverified
D90-1-08636-v1	سوتسىيالىستىك دېموكىراتىيە	variant	715_1R.png	unverified
D90-1-08637	پرولېتارىيات دىكتاتۇرىسى	headword	715_1R.png	unverified
D90-1-08638	پرولېتارىيات ئىنتېرناتسىئونالىزمى	headword	715_1R.png	unverified
D90-1-08638-v1	ئىنتېرناتسىئونالىزم	variant	715_1R.png	unverified
D90-1-08639	پرولېتارىيات ئىنقىلابى	headword	715_1R.png	unverified
D90-1-08639-v1	سوتسىيالىستىك ئىنقىلاب	variant	715_1R.png	unverified
D90-1-08640	پرولېتارىيارىياتلاشتۇرماق	headword	715_1R.png	unverified
D90-1-08641	پرولېتارىياتلاشتۇرۇلماق	headword	715_2L.png	unverified
D90-1-08642	پرولېتارىياتلاشماق	headword	715_2L.png	unverified
D90-1-08643	پرولېتارىياتلىق	headword	715_2L.png	unverified
D90-1-08644	پرومېتىي	headword	715_2L.png	unverified
D90-1-08645	پرويېكتور	headword	715_2L.png	unverified
D90-1-08646	پرويېكسىيە	headword	715_2L.png	unverified
D90-1-08647	پرونۇس	headword	716_1R.png	unverified
D90-1-08648	پرونۇس گۈل	headword	716_1R.png	unverified
D90-1-08649	پرېزىدېنت	headword	716_1R.png	unverified
D90-1-08650	پرېس	headword	716_1R.png	unverified
D90-1-08652	پرېستان	headword	716_1R.png	unverified
D90-1-08653	پرېسلاش	headword	716_2L.png	unverified
D90-1-08656	پرېسلاشماق	headword	716_2L.png	unverified
D90-1-08657	پرېسلانماق	headword	716_2L.png	unverified
D90-1-08658	پرېسلىتىلماق	headword	716_2L.png	unverified
D90-1-08659	پرېسلىماق	headword	716_2L.png	unverified
D90-1-08660	پرىتسېپ	headword	716_2L.png	unverified
D90-1-08661	پرىتسېل	headword	717_1R.png	unverified
D90-1-08662	پرىدىن	headword	717_1R.png	unverified
D90-1-08663	پرىزما	headword	717_1R.png	unverified
D90-1-08664	پرىكازچىك	headword	717_1R.png	unverified
D90-1-08665	پرىكازچىكلىق	headword	717_1R.png	unverified
D90-1-08666	پرىمات	headword	717_1R.png	unverified
D90-1-08667	پرىماتلار	headword	717_2L.png	unverified
D90-1-08668	پرىماتلار ئەترىتى	headword	717_2L.png	unverified
D90-1-08669	پرىمۇس	headword	717_2L.png	unverified
D90-1-08670	پرىمىدىن	headword	717_2L.png	unverified
D90-1-08671	پلاتقورما	headword	717_2L.png	unverified
D90-1-08672	پرىنسىپ	headword	717_2L.png	unverified
D90-1-08673	پرىنسىپال	headword	718_1R.png	unverified
D90-1-08674	پرىنسىپاللىق	headword	718_1R.png	unverified
D90-1-08675	پرىنسىپسىز	headword	718_1R.png	unverified
D90-1-08676	پرىنسىپسىزلىق	headword	718_1R.png	unverified
D90-1-08677	پرىنسىپلىق	headword	718_1R.png	unverified
D90-1-08678	پرىيوم	headword	718_2L.png	unverified
D90-1-08680	پرىيومچىك	headword	718_2L.png	unverified
D90-1-08681	پسىخولوگ	headword	718_2L.png	unverified
D90-1-08682	پسىخولوگىيە	headword	718_2L.png	unverified
D90-1-08683	پسىخىكا	headword	719_1R.png	unverified
D90-1-08685	پسىخىكىلىق	headword	719_1R.png	unverified
D90-1-08690	پلازما	headword	719_2L.png	unverified
D90-1-08692	پلازما ھالەت	headword	720_1R.png	unverified
D90-1-08693	پلازمېت	headword	720_1R.png	unverified
D90-1-08694	پلاستىر	headword	720_1R.png	unverified
D90-1-08695	پلاستىنكا	headword	720_1R.png	unverified
D90-1-08695-v1	پاتېنئون تەخسىسى	variant	720_1R.png	unverified
D90-1-08696	پلاش	headword	720_1R.png	unverified
D90-1-08697	پلاكات	headword	720_1R.png	unverified
D90-1-08698	پلاكاتچى	headword	720_1R.png	unverified
D90-1-08699	پلاكىئوكلاز	headword	720_1R.png	unverified
D90-1-08700	پلانېتا	headword	720_2L.png	unverified
D90-1-08701	پلانېتارىي	headword	720_2L.png	unverified
D90-1-08702	پلانتاتسىيە	headword	720_2L.png	verified
D90-1-08703	پلانېر	headword	720_2L.png	unverified
D90-1-08705	پلانېرچى	headword	721_1R.png	unverified
D90-1-08706	پلانىمېترىيە	headword	721_1R.png	unverified
D90-1-08707	پلائۇن	headword	721_1R.png	unverified
D90-1-08708	پلۇتون	headword	721_1R.png	unverified
D90-1-08709	پلۇتونىي	headword	721_1R.png	unverified
D90-1-08710	پليونكا	headword	721_2L.png	unverified
D90-1-08715	پوپ	headword	721_2L.png	unverified
D90-1-08716	پوپاڭ	headword	722_1R.png	unverified
D90-1-08716-v1	پورپال	variant	722_1R.png	unverified
D90-1-08717	پوپاي	headword	722_1R.png	unverified
D90-1-08718	پوپايكا	headword	722_1R.png	verified
D90-1-08719	پوپكا	headword	722_1R.png	unverified
D90-1-08720	پوپوزا	headword	722_1R.png	unverified
D90-1-08722	پوپوزىچى	headword	722_1R.png	unverified
D90-1-08723	پوپوچ	headword	722_1R.png	unverified
D90-1-08724	پوپىلىماق	headword	722_1R.png	unverified
D90-1-08725	پوتا	headword	722_2L.png	unverified
D90-1-08728	پوقال	headword	722_2L.png	unverified
D90-1-08729	پوتاللىق	headword	722_2L.png	unverified
D90-1-08730	پوتەي	headword	722_2L.png	unverified
D90-1-08732	پوتلا	headword	723_1R.png	unverified
D90-1-08733	پوتلىلىق	headword	723_1R.png	unverified
D90-1-08734	پوتلىسىمان	headword	723_1R.png	unverified
D90-1-08736	پوتېنسىئال	headword	723_1R.png	unverified
D90-1-08738	پوتېنسئومېتر	headword	723_2L.png	unverified
D90-1-08739	پوتىلىق	headword	723_2L.png	unverified
D90-1-08740	پوجاڭزا	headword	723_2L.png	unverified
D90-1-08741	پوچتا	headword	723_2L.png	unverified
D90-1-08743	پوچتا - تېلېگراف	headword	723_2L.png	unverified
D90-1-08744	پوچتاليون	headword	723_2L.png	unverified
D90-1-08746	پوچتىكەش	headword	724_1R.png	unverified
D90-1-08745	پوچتىچى	headword	724_1R.png	unverified
D90-1-08748	پوچتىخانا	headword	724_1R.png	unverified
D90-1-08749	پوچى	headword	724_1R.png	unverified
D90-1-08751	پوچېرگا	headword	724_1R.png	unverified
D90-1-08752	پوچىلىق	headword	724_2L.png	unverified
D90-1-08753	پوخور	headword	724_2L.png	unverified
D90-1-08754	پوخورلۇق	headword	724_2L.png	unverified
D90-1-08755	پودپولكوۋنىك	headword	724_2L.png	unverified
D90-1-08756	پودوكارپۇس	headword	724_2L.png	unverified
D90-1-08756-v1	پودوكار پۇس قارىغىيى	variant	724_2L.png	unverified
D90-1-08757	پودوكارپۇس قارىغىيى	headword	724_2L.png	unverified
D90-1-08758	پودۋال	headword	724_2L.png	unverified
D90-1-08759	پور	headword	725_1R.png	unverified
D90-1-08764	پوراچ	headword	725_1R.png	unverified
D90-1-08765	پورەك	headword	725_1R.png	unverified
D90-1-08767	پۈورەك	headword	725_2L.png	unverified
D90-1-08768	پورەكلىمەك	headword	725_2L.png	unverified
D90-1-08769	پورپاڭ	headword	725_2L.png	unverified
D90-1-08770	پورپاڭ چىقارماق	headword	725_2L.png	unverified
D90-1-08771	پورپاڭ سالماق	headword	725_2L.png	unverified
D90-1-08772	پورپاڭ قىلماق	headword	725_2L.png	unverified
D90-1-08773	پورپاڭ كۆتۈرمەك	headword	725_2L.png	unverified
D90-1-08774	پورپاڭلىق	headword	726_1R.png	unverified
D90-1-08775	پورت	headword	726_1R.png	unverified
D90-1-08778	پورت-پورت	headword	726_1R.png	unverified
D90-1-08779	پورتتىدە	headword	726_1R.png	unverified
D90-1-08780	پورتمان	headword	726_1R.png	unverified
D90-1-08781	پورترېت	headword	726_2L.png	unverified
D90-1-08782	پورترېت فوتوگرافىيىسى	headword	726_2L.png	unverified
D90-1-08783	پورتۇگال	headword	726_2L.png	verified
D90-1-08784	پورداق	headword	726_2L.png	unverified
D90-1-08785	پورداق كېسىلى	headword	726_2L.png	unverified
D90-1-08786	پورداق يۈز	headword	727_1R.png	unverified
D90-1-08787	پورداقچى	headword	727_1R.png	unverified
D90-1-08788	پورداقچىلىق	headword	727_1R.png	unverified
D90-1-08789	پورفىر	headword	727_1R.png	unverified
D90-1-08790	پورفىرىت	headword	727_1R.png	unverified
D90-1-08791	پورفىنلار	headword	727_1R.png	unverified
D90-1-08792	پوركاپ	headword	727_1R.png	unverified
D90-1-08793	پورشېن	headword	727_2L.png	unverified
D90-1-08794	پورلاشتۇرماق	headword	727_2L.png	unverified
D90-1-08795	پورلاشماق	headword	727_2L.png	unverified
D90-1-08796	پورلۇق	headword	727_2L.png	unverified
D90-1-08799	پورما	headword	727_2L.png	unverified
D90-1-08800	پوروخ	headword	727_2L.png	unverified
D90-1-08800-v1	مىلتىق دورىسى	variant	727_2L.png	unverified
D90-1-08801	پورۇق	headword	727_2L.png	unverified
D90-1-08802	پورۇق-پورۇق	headword	727_2L.png	unverified
D90-1-08803	پورۇقشماق	headword	727_2L.png	unverified
D90-1-08806	پورۇقلىماق	headword	728_1R.png	unverified
D90-1-08804	پورۇقلاتماق	headword	727_2L.png	unverified
D90-1-08805	پورۇقلاشماق	headword	728_1R.png	unverified
D90-1-08807	پوزا	headword	728_1R.png	unverified
D90-1-08808	پوزا بولماق	headword	728_1R.png	unverified
D90-1-08809	پوزا چۈشمەك	headword	728_1R.png	unverified
D90-1-08810	پوزا قالماق	headword	728_1R.png	unverified
D90-1-08811	پوزىترون	headword	728_1R.png	unverified
D90-1-08812	پوزىتسىيە	headword	728_1R.png	unverified
D90-1-08813	پوزنەك	headword	728_2L.png	unverified
D90-1-08814	پوزىتىۋىزم	headword	728_2L.png	unverified
D90-1-08815	پوس	headword	728_2L.png	unverified
D90-1-08816	پوس - پوس	headword	728_2L.png	unverified
D90-1-08817	پوست	headword	728_2L.png	unverified
D90-1-08819	پوست تاشلىماق	headword	729_1R.png	unverified
D90-1-08820	پوستىغا سامان تىقماق	headword	729_1R.png	unverified
D90-1-08822	پوستەك	headword	729_1R.png	unverified
D90-1-08823	پوستەكچى	headword	729_1R.png	unverified
D90-1-08824	پوستەكچىلىك	headword	729_1R.png	unverified
D90-1-08825	پوستەكچىلىك قىلماق	headword	729_2L.png	unverified
D90-1-08826	پوستىپىياز	headword	729_2L.png	unverified
D90-1-08827	پوستلاق	headword	729_2L.png	unverified
D90-1-08828	پوستۇمبا	headword	729_2L.png	unverified
D90-1-08830	پوسكاللا	headword	729_2L.png	unverified
D90-1-08832	پوسما	headword	729_2L.png	unverified
D90-1-08833	پوسۇر	headword	730_1R.png	unverified
D90-1-08834	پوسۇرلىماق	headword	730_1R.png	unverified
D90-1-08835	پوسۇق	headword	730_1R.png	unverified
D90-1-08836	پوسۇققىدە	headword	730_1R.png	unverified
D90-1-08837	پوسۇلكا	headword	730_1R.png	unverified
D90-1-08838	پوش	headword	730_1R.png	unverified
D90-1-08839	پوش دېمەسلىك	headword	730_1R.png	unverified
D90-1-08840	پوش-پوش	headword	730_2L.png	unverified
D90-1-08841	پوشتا	nonstandard	730_2L.png	unverified
D90-1-08842	پوشكا	headword	730_2L.png	unverified
D90-1-08843	پوشكال	headword	730_2L.png	unverified
D90-1-08844	پوشكالچى	headword	730_2L.png	unverified
D90-1-08845	پوشكالچىلىق	headword	730_2L.png	unverified
D90-1-08846	پوق	headword	730_2L.png	unverified
D90-1-08847	پوق بولماق	headword	730_2L.png	unverified
D90-1-08848	پوق پاچاق	headword	731_1R.png	unverified
D90-1-08849	پوقتىن قۇتۇلماق	headword	731_1R.png	unverified
D90-1-08850	پوق چاينىما	headword	731_1R.png	unverified
D90-1-08850-v1	پوق يېمە	variant	731_1R.png	unverified
D90-1-08851	پوق دەسسەپ يۈرمەك	headword	731_1R.png	unverified
D90-1-08852	پوق قىلىۋەتمەك	headword	731_1R.png	unverified
D90-1-08853	پوق كۆتەم	headword	731_1R.png	unverified
D90-1-08854	پوقنىڭ پۆپۈكىنى بۇزماق	headword	731_1R.png	unverified
D90-1-08855	پوقنى ئىككىگە بۆلەلمەسلىك	headword	731_1R.png	unverified
D90-1-08856	پوقى بار	headword	731_1R.png	unverified
D90-1-08857	پوقى چوڭ	headword	731_1R.png	unverified
D90-1-08858	پوقى چىقماق	headword	731_2L.png	unverified
D90-1-08859	پوقىدا شام قادايدىغان	headword	731_2L.png	unverified
D90-1-08860	پوقىدىن ئۈركۈمەك	headword	731_2L.png	unverified
D90-1-08861	پوقىغا كەتمەك	headword	731_2L.png	unverified
D90-1-08862	پوقى قاتماق	headword	731_2L.png	unverified
D90-1-08863	پوقى قىڭغىر	headword	731_2L.png	unverified
D90-1-08864	پوقىنى بوغۇزلىماق	headword	731_2L.png	unverified
D90-1-08865	پوقىنى چېلىپ ئىچىدىغان	headword	731_2L.png	unverified
D90-1-08866	پوقىنى ئېرىغدىماق	headword	731_2L.png	unverified
D90-1-08867	پوقىنى ئىلەشتۈرمەك	headword	731_2L.png	unverified
D90-1-08868	پوقى يۇقماق	headword	731_2L.png	unverified
D90-1-08869	پوق يەۋالغاندەك بولۇپ قالماق	headword	731_2L.png	unverified
D90-1-08870	پوقاق	headword	732_1R.png	unverified
D90-1-08872	پوقچى	headword	732_1R.png	unverified
D90-1-08873	پوققورساق	headword	732_1R.png	unverified
D90-1-08874	پوقلاق	headword	732_1R.png	unverified
D90-1-08875	پوقلىماق	headword	732_1R.png	unverified
D90-1-08876	پوقلانماق	headword	732_1R.png	unverified
D90-1-08877	پوقلاشماق	headword	732_1R.png	unverified
D90-1-08878	پوك	headword	732_1R.png	unverified
D90-1-08879	پوكان	headword	732_2L.png	unverified
D90-1-08881	پوكانچى	headword	732_2L.png	unverified
D90-1-08882	پوكانچىلىق	headword	732_2L.png	unverified
D90-1-08884	پوك-پوك	headword	733_1R.png	unverified
D90-1-08885	پوكەيدى	headword	733_1R.png	unverified
D90-1-08886	پوككا	headword	733_1R.png	unverified
D90-1-08889	پوككىدە	headword	733_1R.png	unverified
D90-1-08890	پوكۇلداتماق	headword	733_1R.png	unverified
D90-1-08891	پوكۇلداشماق	headword	733_2L.png	unverified
D90-1-08892	پوكۇلدىماق	headword	733_2L.png	unverified
D90-1-08893	پوگۇنى	headword	733_2L.png	unverified
D90-1-08894	پوكۇنچى	headword	733_2L.png	unverified
D90-1-08895	پوكۇۋاي	headword	733_2L.png	verified
D90-1-08896	پوڭ	headword	733_2L.png	unverified
D90-1-08897	پوڭ-پوڭ	headword	733_2L.png	unverified
D90-1-08899	پوڭزەك	nonstandard	733_2L.png	verified
D90-1-08963	پومزەك	headword	738_1R.png	unverified
D90-1-08900	پوڭڭىدە	headword	734_1R.png	unverified
D90-1-08901	پوڭۇلداتماق	headword	734_1R.png	unverified
D90-1-08902	پوڭۇلدىماق	headword	734_1R.png	unverified
D90-1-08903	پول	headword	734_1R.png	unverified
D90-1-08904	پولا	headword	734_1R.png	unverified
D90-1-08906	پولات	headword	734_1R.png	unverified
D90-1-08918	پولات-تۆمۈر	headword	735_1R.png	unverified
D90-1-08919	پولەك	headword	735_1R.png	unverified
D90-1-08920	پولەكلەر	headword	735_1R.png	verified
D90-1-08921	پولەكچە	headword	735_1R.png	unverified
D90-1-08922	پولتۇق	headword	735_2L.png	unverified
D90-1-08923	پولتۇق-پولتۇق	headword	735_2L.png	unverified
D90-1-08924	پولتۇققىدە	headword	735_2L.png	unverified
D90-1-08925	پولتۇقلاتماق	headword	735_2L.png	unverified
D90-1-08926	پولتۇقلاشماق	headword	735_2L.png	unverified
D90-1-08927	پولتۇقلىماق	headword	735_2L.png	unverified
D90-1-08928	پولتۇڭ	headword	735_2L.png	unverified
D90-1-08929	پولتۇڭ-پولتۇڭ	headword	735_2L.png	unverified
D90-1-08930	پولتۇڭشىماق	headword	735_2L.png	unverified
D90-1-08933	پولتۇڭلىماق	headword	736_1R.png	unverified
D90-1-08931	پولتۇڭڭىدە	headword	735_2L.png	unverified
D90-1-08932	پولتۇڭلاتماق	headword	735_2L.png	unverified
D90-1-08934	پولداڭ-سولداڭ	headword	736_1R.png	unverified
D90-1-08935	پولدۇرۇڭ	headword	736_1R.png	unverified
D90-1-08936	پولدۇرۇڭ-پولدۇرۇڭ	headword	736_1R.png	unverified
D90-1-08937	پولكا	headword	736_1R.png	verified
D90-1-08938	پولكوۋنىك	headword	736_1R.png	unverified
D90-1-08938-v1	شاڭشىياۋ	variant	736_1R.png	unverified
D90-1-08939	پولك	headword	736_1R.png	unverified
D90-1-08939-v1	تۇەن	variant	736_1R.png	unverified
D90-1-08940	پوللۇق	headword	736_1R.png	unverified
D90-1-08941	پولونىي	headword	736_1R.png	unverified
D90-1-08942	پولۇ	headword	736_1R.png	unverified
D90-1-08943	پولىتسىرېن	headword	736_2L.png	verified
D90-1-08944	پولىباش	headword	736_2L.png	unverified
D90-1-08945	پولتېخنىكا	headword	736_2L.png	unverified
D90-1-08946	پولىمىرلار	headword	736_2L.png	unverified
D90-1-08947	پولىمىرلىنىش	headword	736_2L.png	unverified
D90-1-08948	پوليارسكوپ	headword	736_2L.png	unverified
D90-1-08949	پولىيمورفىزم	headword	736_2L.png	unverified
D90-1-08950	پوم	headword	737_1R.png	unverified
D90-1-08954	پومبۇلاق	headword	737_1R.png	unverified
D90-1-08955	پومپا	headword	737_1R.png	unverified
D90-1-08956	پومپاق	headword	737_2L.png	unverified
D90-1-08957	پومپايتماق	headword	737_2L.png	unverified
D90-1-08958	پومپايتىشماق	headword	737_2L.png	unverified
D90-1-08959	پومپايماق	headword	737_2L.png	unverified
D90-1-08960	پومداق	headword	737_2L.png	unverified
D90-1-08961	پومداقلاشماق	headword	737_2L.png	unverified
D90-1-08962	پومداقلىماق	headword	737_2L.png	unverified
D90-1-08964	پومساق	headword	738_1R.png	unverified
D90-1-08965	پومسايتماق	headword	738_1R.png	unverified
D90-1-08966	پومسايماق	headword	738_1R.png	unverified
D90-1-08967	پوملاپ-سوملاپ	headword	738_1R.png	unverified
D90-1-08968	پوملاتماق	headword	738_1R.png	unverified
D90-1-08969	پوملاشماق	headword	738_1R.png	unverified
D90-1-08970	پوملاق	headword	738_1R.png	unverified
D90-1-08971	پوملاقلاشماق	headword	738_1R.png	unverified
D90-1-08972	پوملاقلانماق	headword	738_2L.png	unverified
D90-1-08973	پوملاقلىق	headword	738_2L.png	unverified
D90-1-08974	پوملاقلىماق	headword	738_2L.png	unverified
D90-1-08975	پوملىماق	headword	738_2L.png	unverified
D90-1-08976	پومېشچىك	headword	738_2L.png	unverified
D90-1-08978	پونكىت	headword	738_2L.png	unverified
D90-1-08979	پوئېما	headword	739_1R.png	unverified
D90-1-08979-v1	داستان	variant	739_1R.png	unverified
D90-1-08980	پوۋېست	headword	739_1R.png	unverified
D90-1-08981	پوۋۇسكا	headword	739_1R.png	unverified
D90-1-08982	پوئېتىك	headword	739_1R.png	unverified
D90-1-08983	پوئېتىكا	headword	739_1R.png	unverified
D90-1-08984	پوئېزىيە	headword	739_1R.png	unverified
D90-1-08985	پويرارىيە	headword	739_2L.png	unverified
D90-1-08985-v1	پويرارىيە چاتقىلى	variant	739_2L.png	unverified
D90-1-08987	پويزا	headword	739_2L.png	unverified
D90-1-08987-v1	كەمەر	variant	739_2L.png	unverified
D90-1-08988	پويىز	headword	739_2L.png	unverified
D90-1-08990	پويىزكەش	headword	739_2L.png	unverified
D90-1-08992	پۇبلىستىكا	headword	739_2L.png	unverified
D90-1-08993	پۇت	headword	739_2L.png	unverified
D90-1-08994	پۇت ئاتماق	headword	740_1R.png	unverified
D90-1-08995	پۇت بارماق سۆڭىكى	headword	740_1R.png	unverified
D90-1-08996	پۇت تەمرەتكىسى	headword	740_1R.png	unverified
D90-1-08997	پۇت تېپىشمەك	headword	740_1R.png	unverified
D90-1-08998	پۇت تىرەپ تۇرماق	headword	740_1R.png	unverified
D90-1-08999	پۇت تىقماق	headword	740_2L.png	unverified
D90-1-09000	پۇت دەسسەپ تۇرماق	headword	740_2L.png	unverified
D90-1-09001	پۇت دەسسىگۈدەك يەر يوق	headword	740_2L.png	unverified
D90-1-09002	پۇتقاپۇت، قولغا قول بواماق	headword	740_2L.png	unverified
D90-1-09002-v1	قولغا قول، پۇتقا پۇت بولماق	variant	740_2L.png	unverified
D90-1-09003	پۇتقا ھۆل خىش قويماق	headword	740_2L.png	unverified
D90-1-09004	پۇت گوش	headword	740_2L.png	unverified
D90-1-09004-v1	سان گوش	variant	740_2L.png	unverified
D90-1-09005	پۇتى پۇتىغا تەگمەي	headword	740_2L.png	unverified
D90-1-09007	پۇتاتماق	headword	741_1R.png	unverified
D90-1-09008	پۇتاشماق	headword	741_1R.png	unverified
D90-1-09009	پۇتاق	headword	741_1R.png	unverified
D90-1-09010	پۇتاق چىقارماق	headword	741_2L.png	unverified
D90-1-09011	پۇتاقسىز	headword	741_2L.png	unverified
D90-1-09012	پۇتاقلىق	headword	741_2L.png	unverified
D90-1-09013	پۇتالماق	headword	741_2L.png	unverified
D90-1-09014	پۇتبول	headword	741_2L.png	unverified
D90-1-09015	پۇت - قول	headword	742_1R.png	unverified
D90-1-09016	پۇت - قولى بوشاشماق	headword	742_1R.png	unverified
D90-1-09017	پۇت - قولى بوشىماق	headword	742_1R.png	unverified
D90-1-09018	پۇت - قولىدا جان قالماسلىق	headword	742_1R.png	unverified
D90-1-09019	پۇت - قولىنى تۈزىمەك	headword	742_1R.png	unverified
D90-1-09020	پۇت-قولى چۈشەپ	headword	742_2L.png	unverified
D90-1-09021	پۇت-قولىنى يەرگە تەگكۈزمەي	headword	742_2L.png	unverified
D90-1-09022	پۇت-قولى يەرگە تەگمەي	headword	742_2L.png	unverified
D90-1-09022-v1	ئايىغى ئايىغىغا تەگمەي	variant	742_2L.png	unverified
D90-1-09023	پۇتلاتماق	headword	742_2L.png	unverified
D90-1-09024	پۇتلاش	headword	742_2L.png	unverified
D90-1-09025	پۇتلاشتۇرماق	headword	742_2L.png	unverified
D90-1-09026	پۇتلاشتۇرۇلماق	headword	743_1R.png	unverified
D90-1-09027	پۇتلاشماق	headword	743_1R.png	unverified
D90-1-09028	پۇتلانماق	headword	743_1R.png	unverified
D90-1-09029	پۇتلۇق	headword	743_1R.png	unverified
D90-1-09031	پۇتلىكاشاڭ	headword	743_2L.png	verified
D90-1-09033	پۇتلىكاشاڭلىق	headword	743_2L.png	unverified
D90-1-09034	پۇتلىماق	headword	743_2L.png	unverified
D90-1-09035	پۇتىماق	headword	743_2L.png	unverified
D90-1-09037	پۇچ	headword	744_1R.png	unverified
D90-1-09038	پۇچەك	headword	744_1R.png	unverified
D90-1-09039	پۇچەكلەشتۈرمەك	headword	744_1R.png	unverified
D90-1-09040	پۇچەكلەشتۈرۈلمەك	headword	744_1R.png	unverified
D90-1-09041	پۇچەكلەشمەك	headword	744_1R.png	unverified
D90-1-09042	پۇچەكلىك	headword	744_2L.png	unverified
D90-1-09043	پۇچقاق	headword	744_2L.png	unverified
D90-1-09044	پۇچقاقلىقتىن پۇچۇلىماق	headword	744_2L.png	unverified
D90-1-09045	پۇچقاققا پىت چۈشمەك	headword	744_2L.png	unverified
D90-1-09046	پۇچقاقنى تۈرمەك	headword	744_2L.png	unverified
D90-1-09050	پۇچقاقلىق	headword	745_1R.png	unverified
D90-1-09052	پۇچماق	nonstandard	745_1R.png	unverified
D90-1-09053	پۇچۇق	headword	745_1R.png	unverified
D90-1-09054	پۇچۇقلاشماق	headword	745_1R.png	unverified
D90-1-09055	پۇچۇقلانماق	headword	745_1R.png	unverified
D90-1-09056	پۇچۇقلىماق	headword	745_1R.png	unverified
D90-1-09057	پۇچۇلدرماق	headword	745_1R.png	unverified
D90-1-09058	پۇچۇلدرۇلماق	headword	745_2L.png	unverified
D90-1-09059	پۇچۇلماق	headword	745_2L.png	unverified
D90-1-09060	پۇچىلاتماق	headword	745_2L.png	unverified
D90-1-09061	پۇچىلاشماق	headword	745_2L.png	unverified
D90-1-09062	پۇچىلانماق	headword	745_2L.png	unverified
D90-1-09063	پۇچىلىماق	headword	745_2L.png	unverified
D90-1-09064	پۇخا	nonstandard	746_1R.png	unverified
D90-1-09710	پىغان	headword	796_2L.png	unverified
D90-1-09065	پۇخادىن چىقماق	nonstandard	746_1R.png	unverified
D90-1-09712	پىغاندىن چىقماق	headword	797_1R.png	unverified
D90-1-09066	پۇخان	nonstandard	746_1R.png	unverified
D90-1-09067	پۇختا	headword	746_1R.png	unverified
D90-1-09068	پۇختىلاتماق	headword	746_1R.png	unverified
D90-1-09069	پۇختىلاشماق	headword	746_1R.png	unverified
D90-1-09070	پۇختىلانماق	headword	746_1R.png	unverified
D90-1-09071	پۇختىلىق	headword	746_1R.png	unverified
D90-1-09072	پۇختىلىماق	headword	746_2L.png	unverified
D90-1-09073	پۇخۇن	headword	746_2L.png	unverified
D90-1-09074	پۇدەستە	headword	746_2L.png	unverified
D90-1-09075	پۇر	headword	746_2L.png	unverified
D90-1-09077	پۇر بولماق	headword	746_2L.png	unverified
D90-1-09079	پۇر كەتمەك	headword	746_2L.png	unverified
D90-1-09078	پۇر قىلماق	headword	746_2L.png	unverified
D90-1-09080	پۇراتماق	headword	747_1R.png	unverified
D90-1-09081	پۇرىتىشماق	headword	747_1R.png	unverified
D90-1-09082	پۇراش	headword	747_1R.png	unverified
D90-1-09085	پۇراشتۇرماق	headword	747_1R.png	unverified
D90-1-09086	پۇراشماق	headword	747_1R.png	unverified
D90-1-09087	پۇراق	headword	747_2L.png	unverified
D90-1-09088	پۇراقسىز	headword	747_2L.png	unverified
D90-1-09089	پۇراقلىق	headword	747_2L.png	unverified
D90-1-09090	پۇراقلىق ئاپېلىسىن	headword	747_2L.png	unverified
D90-1-09091	پۇراقلىق موم	headword	747_2L.png	unverified
D90-1-09091-v1	ئوزوكېرىت	variant	747_2L.png	unverified
D90-1-09092	پۇر-پۇر	headword	747_2L.png	unverified
D90-1-09093	پۇرجا	headword	748_1R.png	unverified
D90-1-09094	پۇرچاق	headword	748_1R.png	unverified
D90-1-09095	پۇرچاق ئائىلىسى	headword	748_1R.png	unverified
D90-1-09096	پۇرچاق چەھرىباشكىسى	headword	748_1R.png	unverified
D90-1-09097	پۇرچىقى پىشىشماسلىق	headword	748_1R.png	unverified
D90-1-09097-v1	پېيىزى پىشىشماسلىق	variant	748_1R.png	unverified
D90-1-09098	پۇرچاقلىق	headword	748_2L.png	unverified
D90-1-09099	پۇرچاقلار	headword	748_2L.png	unverified
D90-1-09100	پۇررىدە	headword	748_2L.png	unverified
D90-1-09101	پۇرژىنا	headword	748_2L.png	unverified
D90-1-09102	پۇرژىنا پولات	headword	748_2L.png	unverified
D90-1-09103	پۇرژىنىلىق	headword	749_1R.png	unverified
D90-1-09105	پۇرسەت	headword	749_1R.png	unverified
D90-1-09106	پۇرسەت تاپماق	headword	749_1R.png	unverified
D90-1-09106-v1	پۇرسەت چىقماق	variant	749_1R.png	unverified
D90-1-09107	پۇرسەت چىقارماق	headword	749_1R.png	unverified
D90-1-09108	پۇرسەت كەلمەك	headword	749_1R.png	unverified
D90-1-09109	پۇرسەتنى غەنىيمەت بىلەمەك	headword	749_1R.png	unverified
D90-1-09110	پۇرسەتپەرەس	headword	749_2L.png	unverified
D90-1-09111	پۇرسەتپەرەسلىك	headword	749_2L.png	unverified
D90-1-09112	پۇرقەت	headword	749_2L.png	unverified
D90-1-09113	پۇرقەتلىك	headword	749_2L.png	unverified
D90-1-09114	پۇر قۇتماق	headword	749_2L.png	unverified
D90-1-09115	پۇرقۇماق	headword	750_1R.png	unverified
D90-1-09116	پۇرقىراتماق	headword	750_1R.png	unverified
D90-1-09117	پۇرقىراشماق	headword	750_1R.png	unverified
D90-1-09118	پۇرقىرىماق	headword	750_1R.png	unverified
D90-1-09119	پۇرلاش	headword	750_1R.png	verified
D90-1-09319	پۈرلەش	headword	766_1R.png	unverified
D90-1-09120	پۇرلاشماق	headword	750_1R.png	verified
D90-1-09322	پۈرلەشمەك	headword	766_1R.png	unverified
D90-1-09121	پۇرلىماق	headword	750_1R.png	verified
D90-1-09323	پۈرلىمەك	headword	766_2L.png	unverified
D90-1-09123	پۇرۇپكا	headword	750_2L.png	unverified
D90-1-09124	پۇرۇپكا دەرىخى	headword	750_2L.png	unverified
D90-1-09125	پۇرۇپكا قەۋىتى	headword	750_2L.png	unverified
D90-1-09126	پۇرۇپكىلىق ماددا	headword	751_1R.png	unverified
D90-1-09127	پۇرۇپكىسىمان	headword	751_1R.png	unverified
D90-1-09128	پۇرۇچ	headword	751_1R.png	unverified
D90-1-09129	پۇرۇلداتماق	headword	751_1R.png	unverified
D90-1-09130	پۇرۇلداشماق	headword	751_1R.png	unverified
D90-1-09131	پۇرۇلدىماق	headword	751_1R.png	unverified
D90-1-09132	پۇرىتىلماق	headword	751_1R.png	unverified
D90-1-09133	پۇرىماق	headword	751_1R.png	unverified
D90-1-09134	پۇرىن	headword	751_2L.png	unverified
D90-1-09135	پۇزا	headword	751_2L.png	unverified
D90-1-09137	پۇزەك	headword	751_2L.png	unverified
D90-1-09138	پۇزۇر	headword	751_2L.png	unverified
D90-1-09139	پۇزىلىماق	headword	751_2L.png	unverified
D90-1-09140	پۇس	headword	752_1R.png	unverified
D90-1-09141	پۇس-پۇس	headword	752_1R.png	unverified
D90-1-09142	پۇستانى	headword	752_1R.png	unverified
D90-1-09143	پۇستانچى	headword	752_1R.png	unverified
D90-1-09144	پۇسسىدە	headword	752_1R.png	unverified
D90-1-09145	پۇسكايتماق	headword	752_1R.png	unverified
D90-1-09146	پۇسكايتىشماق	headword	752_2L.png	unverified
D90-1-09147	پۇسكايتىلماق	headword	752_2L.png	unverified
D90-1-09148	پۇسكايماق	headword	752_2L.png	unverified
D90-1-09149	پۇسكىيىشماق	headword	752_2L.png	unverified
D90-1-09150	پۇسمىلاق	headword	752_2L.png	unverified
D90-1-09151	پۇسۇر	headword	752_2L.png	unverified
D90-1-09152	پۇسۇر-پۇسۇر	headword	752_2L.png	unverified
D90-1-09153	پۇسۇرلىماق	headword	752_2L.png	unverified
D90-1-09154	پۇسۇلدىماق	headword	752_2L.png	unverified
D90-1-09155	پۇش	headword	753_1R.png	unverified
D90-1-09156	پۇشايمان	headword	753_1R.png	unverified
D90-1-09160	پۇشايمانسىز	headword	753_1R.png	unverified
D90-1-09161	پۇشايمانلىق	headword	753_1R.png	unverified
D90-1-09162	پۇش-پۇش	headword	753_2L.png	unverified
D90-1-09163	پۇشت	headword	753_2L.png	unverified
D90-1-09166	پۇشتاڭ	headword	753_2L.png	unverified
D90-1-09167	پۇشتەك	headword	753_2L.png	unverified
D90-1-09169	پۇشتگەردان	headword	754_1R.png	unverified
D90-1-09170	پۇشتىپاناھ	headword	754_1R.png	unverified
D90-1-09171	پۇشقاق	nonstandard	754_1R.png	unverified
D90-1-09172	پۇشقۇرتماق	headword	754_1R.png	unverified
D90-1-09173	پۇشقۇرماق	headword	754_1R.png	unverified
D90-1-09174	پۇشقۇرۇشماق	headword	754_1R.png	unverified
D90-1-09175	پۇشماق	headword	754_1R.png	unverified
D90-1-09175-v1	ئىچى پۇشماق	variant	754_1R.png	unverified
D90-1-09176	پۇشمان	nonstandard	754_1R.png	unverified
D90-1-09177	پۇشۇرماق	headword	754_1R.png	unverified
D90-1-09178	پۇشۇرۇشماق	headword	754_2L.png	unverified
D90-1-09179	پۇشۇق	headword	754_2L.png	unverified
D90-1-09181	پۇشۇلداتماق	headword	754_2L.png	unverified
D90-1-09182	پۇشۇلداشماق	headword	754_2L.png	unverified
D90-1-09183	پۇشۇلدىماق	headword	754_2L.png	unverified
D90-1-09184	پۇغان	nonstandard	754_2L.png	unverified
D90-1-09185	پۇقرا	headword	754_2L.png	unverified
D90-1-09186	پۇقرالارنىڭ ئاساسىي ھوقۇقى	headword	755_1R.png	unverified
D90-1-09187	پۇقراپەرۋەر	headword	755_1R.png	unverified
D90-1-09188	پۇقراچە	headword	755_1R.png	unverified
D90-1-09189	پۇقراچىلىق	headword	755_1R.png	unverified
D90-1-09190	پۇقرادارچىلىق	headword	755_2L.png	unverified
D90-1-09191	پۇقرالىق	headword	755_2L.png	unverified
D90-1-09193	پۇڭ	headword	755_2L.png	unverified
D90-1-09195	پۇڭلۇق	headword	755_2L.png	unverified
D90-1-09202	پۇلغا چاقماق	headword	756_2L.png	unverified
D90-1-09203	پۇلغا سۇندۇرماق	headword	756_2L.png	unverified
D90-1-09204	پۇل قىلماق	headword	756_2L.png	unverified
D90-1-09205	پۇل مۇئامىلە	headword	756_2L.png	unverified
D90-1-09206	پۇل ئوبوروتى	headword	756_2L.png	unverified
D90-1-09207	پۇل ئۆرۈمەك	headword	757_1R.png	unverified
D90-1-09208	پۇل ئېتىقادچىلىقى	headword	757_1R.png	unverified
D90-1-09209	پۇلا	headword	757_1R.png	unverified
D90-1-09210	پۇلاڭ	headword	757_1R.png	unverified
D90-1-09211	پۇلاڭ-پۇلاڭ	headword	757_1R.png	unverified
D90-1-09212	پۇلاڭ-سالاڭ	headword	757_2L.png	unverified
D90-1-09213	پۇلاڭشىتماق	headword	757_2L.png	unverified
D90-1-09214	پۇلاڭشىشماق	headword	757_2L.png	unverified
D90-1-09215	پۇلاڭشىماق	headword	757_2L.png	unverified
D90-1-09222	پۇلاڭلىماق	headword	758_1R.png	unverified
D90-1-09216	پۇلاڭڭىدە	headword	757_2L.png	unverified
D90-1-09217	پۇلاڭلاتقۇزماق	headword	757_2L.png	unverified
D90-1-09218	پۇلاڭلاتماق	headword	757_2L.png	unverified
D90-1-09219	پۇلاڭلاشماق	headword	757_2L.png	unverified
D90-1-09220	پۇلاڭلىتىشماق	headword	757_2L.png	unverified
D90-1-09221	پۇلاڭلىتىلماق	headword	758_1R.png	unverified
D90-1-09223	پۇل-بىسات	headword	758_1R.png	unverified
D90-1-09224	پۇلپەرەس	headword	758_1R.png	unverified
D90-1-09225	پۇلپەرەسلىك	headword	758_1R.png	unverified
D90-1-09226	پۇل-پۈچەك	headword	758_1R.png	unverified
D90-1-09227	پۇلتايتماق	headword	758_1R.png	unverified
D90-1-09228	پۇلتايتىشماق	headword	758_2L.png	unverified
D90-1-09229	پۇلتايماق	headword	758_2L.png	unverified
D90-1-09230	پۇلتىكۇز	headword	758_2L.png	unverified
D90-1-09231	پۇلتىيىشچان	headword	758_2L.png	unverified
D90-1-09232	پۇلتىيىشماق	headword	758_2L.png	unverified
D90-1-09233	پۇلدار	headword	758_2L.png	unverified
D90-1-09234	پۇلدان	headword	758_2L.png	unverified
D90-1-09235	پۇلدۇڭ	headword	758_2L.png	unverified
D90-1-09236	پۇلسرات	headword	759_1R.png	verified
D90-1-09238	پۇلسىز	headword	759_1R.png	unverified
D90-1-09239	پۇلسىزلىق	headword	759_1R.png	unverified
D90-1-09240	پۇللۇق	headword	759_1R.png	unverified
D90-1-09241	پۇل - مال	headword	759_2L.png	unverified
D90-1-09242	پۇل-مۇل	headword	759_2L.png	unverified
D90-1-09243	پۇلۇق	headword	759_2L.png	unverified
D90-1-09244	پۇمىي	headword	759_2L.png	unverified
D90-1-09247	پۇمىيلار	headword	759_2L.png	unverified
D90-1-09245	پۇمىي تىلى	headword	759_2L.png	unverified
D90-1-09246	پۇمىيچە	headword	759_2L.png	unverified
D90-1-09248	پۇنۇس	headword	759_2L.png	unverified
D90-1-09249	پۇيپۇلىماق	headword	760_1R.png	unverified
D90-1-09250	پۆپەك	nonstandard	760_1R.png	unverified
D90-1-09254	پۆپۈك	headword	760_1R.png	unverified
D90-1-09251	پۆپۈچەك	headword	760_1R.png	unverified
D90-1-09252	پۆپۈچەك تورغاي	headword	760_1R.png	unverified
D90-1-09253	پۆپۈچەكلىك	headword	760_1R.png	unverified
D90-1-09255	پۆپۈكلىمەك	headword	760_2L.png	unverified
D90-1-09256	پۆپۈكلۈك	headword	760_2L.png	unverified
D90-1-09257	پۆرە	headword	760_2L.png	unverified
D90-1-09258	پۆشۈلۈ	headword	760_2L.png	unverified
D90-1-09259	پۈ	nonstandard	760_2L.png	unverified
D90-1-09360	پۈۋ	headword	768_2L.png	unverified
D90-1-09260	پۈتەي	headword	760_2L.png	unverified
D90-1-09261	پۈتەيلىك	headword	760_2L.png	unverified
D90-1-09262	پۈتكۈزمەك	headword	761_1R.png	unverified
D90-1-09265	پۈتكۈزۈشمەك	headword	761_1R.png	unverified
D90-1-09268	پۈتكۈزۈلمەك	headword	761_1R.png	unverified
D90-1-09271	پۈتكۈل	headword	761_1R.png	unverified
D90-1-09272	پۈتمەس	headword	761_2L.png	unverified
D90-1-09273	پۈتمەس-تۈگىمەس	headword	761_2L.png	unverified
D90-1-09274	پۈتمەك	headword	761_2L.png	unverified
D90-1-09278	پۈتمىش	headword	762_1R.png	unverified
D90-1-09279	پۈتۈشتۈرمەك	headword	762_1R.png	unverified
D90-1-09280	پۈتۈشمەك	headword	762_1R.png	unverified
D90-1-09284	پۈتۈك	headword	762_2L.png	unverified
D90-1-09286	پۈتۈكچى	headword	762_2L.png	unverified
D90-1-09287	پۈتۈكچىلىك	headword	762_2L.png	unverified
D90-1-09288	پۈتۈكلۈك	headword	762_2L.png	unverified
D90-1-09289	پۈتۈلمەك	headword	762_2L.png	unverified
D90-1-09290	پۈتۈم	headword	763_1R.png	unverified
D90-1-09292	پۈتۈن	headword	763_1R.png	unverified
D90-1-09293	پۈتۈن ئەمگەك كۈچى	headword	763_2L.png	unverified
D90-1-09294	پۈتۈن بۆلۈنۈش	headword	763_2L.png	unverified
D90-1-09295	پۈتۈن سان	headword	763_2L.png	verified
D90-1-09296	پۈتۈن سان قانۇنى	headword	763_2L.png	unverified
D90-1-09297	پۈتۈن كۈنلۈك تۈزۈم	headword	763_2L.png	unverified
D90-1-09298	پۈتۈن-سۈرۈك	headword	764_1R.png	unverified
D90-1-09299	پۈتۈنلەتمەك	headword	764_1R.png	unverified
D90-1-09300	پۈتۈنلەشمەك	headword	764_1R.png	unverified
D90-1-09301	پۈتۈنلەش	headword	764_1R.png	unverified
D90-1-09302	پۈتۈنلەنمەك	headword	764_1R.png	unverified
D90-1-09303	پۈتۈنلەي	headword	764_1R.png	unverified
D90-1-09304	پۈتۈنلۈك	headword	764_2L.png	unverified
D90-1-09305	پۈتۈنلىمەك	headword	764_2L.png	unverified
D90-1-09306	پۈچەك	nonstandard	765_1R.png	unverified
D90-1-09307	پۈدىمەك	nonstandard	765_1R.png	unverified
D90-1-09365	پۈۋلىمەك	headword	769_1R.png	unverified
D90-1-09308	پۈركەندۈرمەك	headword	765_1R.png	unverified
D90-1-09309	پۈركەلمەك	headword	765_1R.png	unverified
D90-1-09310	پۈركەنمەك	headword	765_1R.png	unverified
D90-1-09311	پۈركەنجە	headword	765_1R.png	unverified
D90-1-09312	پۈركۈتمەك	headword	765_2L.png	unverified
D90-1-09313	پۈركۈگۈچ	headword	765_2L.png	unverified
D90-1-09314	پۈركۈشمەك	headword	765_2L.png	unverified
D90-1-09315	پۈركۈلمەك	headword	765_2L.png	unverified
D90-1-09316	پۈركۈمەك	headword	765_2L.png	unverified
D90-1-09318	پۈركىمەك	headword	766_1R.png	unverified
D90-1-09320	پۈرلەشتۈرمەك	headword	766_1R.png	unverified
D90-1-09321	پۈرلەشتۈرۈلمەك	headword	766_1R.png	unverified
D90-1-09324	پۈرمە	headword	766_2L.png	unverified
D90-1-09326	پۈرمە قاپاق	headword	766_2L.png	unverified
D90-1-09327	پۈرمە مۇسكۇل	headword	766_2L.png	unverified
D90-1-09328	پۈرمەك	headword	766_2L.png	unverified
D90-1-09330	پۈرمىلەنمەك	headword	767_1R.png	unverified
D90-1-09331	پۈرمىلىك	headword	767_1R.png	unverified
D90-1-09333	پۈرمىلىمەك	headword	767_1R.png	unverified
D90-1-09334	پۈرۈشتۈرمەك	headword	767_1R.png	unverified
D90-1-09335	پۈرۈشتۈرۈلمەك	headword	767_1R.png	unverified
D90-1-09336	پۈرۈشمەك	headword	767_1R.png	unverified
D90-1-09337	پۈرۈك	headword	767_1R.png	unverified
D90-1-09338	پۈرۈلمەك	headword	767_2L.png	unverified
D90-1-09339	پۈرۈم	headword	767_2L.png	unverified
D90-1-09340	پۈكتۈرمەك	headword	767_2L.png	unverified
D90-1-09341	پۈكتۈرۈشمەك	headword	767_2L.png	unverified
D90-1-09342	پۈكتۈرۈلمەك	headword	767_2L.png	unverified
D90-1-09343	پۈكلەشتۈرمەك	headword	767_2L.png	unverified
D90-1-09344	پۈكلەشتۈرۈلمەك	headword	767_2L.png	unverified
D90-1-09345	پۈكلەشمەك	headword	767_2L.png	unverified
D90-1-09346	پۈكلەكلىك	headword	767_2L.png	unverified
D90-1-09347	پۈكلەنمەك	headword	768_1R.png	unverified
D90-1-09348	پۈكلىمە	headword	768_1R.png	unverified
D90-1-09349	پۈكلىمەك	headword	768_1R.png	unverified
D90-1-09350	پۈكمە	headword	768_1R.png	unverified
D90-1-09351	پۈكمەك	headword	768_1R.png	unverified
D90-1-09352	پۈكۈك	headword	768_1R.png	unverified
D90-1-09353	پۈكۈلمەك	headword	768_1R.png	unverified
D90-1-09354	پۈگە	headword	768_2L.png	unverified
D90-1-09355	پۈگەت	headword	768_2L.png	unverified
D90-1-09356	پۈلەتمەك	nonstandard	768_2L.png	verified
D90-1-09362	پۈۋلەتمەك	headword	768_2L.png	unverified
D90-1-09357	پۈلەشمەك	nonstandard	768_2L.png	verified
D90-1-09363	پۈۋلەشمەك	headword	768_2L.png	unverified
D90-1-09358	پۈلىمەك	nonstandard	768_2L.png	verified
D90-1-09359	پۈھ	headword	768_2L.png	unverified
D90-1-09361	پۈۋەك	headword	768_2L.png	unverified
D90-1-09364	پۈۋلەنمەك	headword	768_2L.png	unverified
D90-1-09370	پېپەك	headword	769_1R.png	unverified
D90-1-09367	پېپتون	headword	769_1R.png	unverified
D90-1-09368	پېپتىد	headword	769_1R.png	unverified
D90-1-09369	پېپسىن	headword	769_1R.png	unverified
D90-1-09371	پېتەكگۈل	headword	769_2L.png	unverified
D90-1-09372	پېتىر	headword	769_2L.png	unverified
D90-1-09373	پېتىر قۇلاق	headword	769_2L.png	unverified
D90-1-09373-v1	بەز قۇلاق	variant	769_2L.png	unverified
D90-1-09374	پېتىر مانتا	headword	769_2L.png	unverified
D90-1-09375	پېتىر نان	headword	769_2L.png	unverified
D90-1-09376	پېتىرىغا يانماق	headword	769_2L.png	unverified
D90-1-09377	پېتروخېمىيە	headword	769_2L.png	unverified
D90-1-09378	پېتروگرافىيە	headword	770_1R.png	unverified
D90-1-09379	پېترولوگىيە	headword	770_1R.png	unverified
D90-1-09380	پېتىشالماسلىق	headword	770_1R.png	unverified
D90-1-09381	پېتىشماق	headword	770_1R.png	unverified
D90-1-09382	پېتىق	headword	770_2L.png	unverified
D90-1-09383	پېتىقچىلىق	headword	770_2L.png	unverified
D90-1-09384	پېتىقدىماق	headword	770_2L.png	unverified
D90-1-09388	پېتىقلىماق	headword	770_2L.png	unverified
D90-1-09385	پېتىقلاتماق	headword	770_2L.png	unverified
D90-1-09386	پېتىقلاشماق	headword	770_2L.png	unverified
D90-1-09387	پېتىقلانماق	headword	770_2L.png	unverified
D90-1-09389	پېتىلە	headword	771_1R.png	unverified
D90-1-09390	پېتىنىشماق	headword	771_1R.png	unverified
D90-1-09391	پېتىنقى	headword	771_1R.png	unverified
D90-1-09394	پېتىنماق	headword	771_1R.png	unverified
D90-1-09395	پېچەت	headword	771_1R.png	unverified
D90-1-09396	پېچەت ئامبۇرى	headword	771_2L.png	unverified
D90-1-09397	پېچىتى بۇزۇلمىغان	headword	771_2L.png	unverified
D90-1-09398	پېچەتلەتمەك	headword	771_2L.png	unverified
D90-1-09399	پېچەتلەشمەك	headword	771_2L.png	unverified
D90-1-09400	پېچەتلەنمەك	headword	771_2L.png	unverified
D90-1-09401	پېچەتلىك	headword	772_1R.png	unverified
D90-1-09402	پېچەتلىمەك	headword	772_1R.png	unverified
D90-1-09403	پېچەك	headword	772_1R.png	unverified
D90-1-09405	پېچەكلىك	headword	772_1R.png	unverified
D90-1-09406	پېچىنە	headword	772_1R.png	unverified
D90-1-09407	پېداگوك	headword	772_2L.png	unverified
D90-1-09408	پېداگوگىكا	headword	772_2L.png	unverified
D90-1-09409	پېداگوگىكىلىق	headword	772_2L.png	unverified
D90-1-09411	پېدال	headword	772_2L.png	unverified
D90-1-09412	پېرە	headword	772_2L.png	unverified
D90-1-09413	پېرە ئوينىماق	headword	773_1R.png	unverified
D90-1-09414	پېرسوناژ	headword	773_1R.png	unverified
D90-1-09415	پېرسوناژ تەسۋىرى	headword	773_1R.png	unverified
D90-1-09416	پېرسوناژ تىلى	headword	773_1R.png	unverified
D90-1-09417	پېرلىت	headword	773_1R.png	unverified
D90-1-09417-v1	ئۈنچە جىنس	variant	773_1R.png	unverified
D90-1-09418	پېرىخۇن	headword	773_1R.png	unverified
D90-1-09419	پېرىخۇنلۇق	headword	773_1R.png	unverified
D90-1-09420	پېرىسكوپ	headword	773_2L.png	unverified
D90-1-09421	پېرسىيە	headword	773_2L.png	unverified
D90-1-09422	پېرسىيە ئىمپېرىيىسى	headword	773_2L.png	unverified
D90-1-09423	پېرسېي	headword	773_2L.png	unverified
D90-1-09424	پېرسېي يۇلتۇز تۈركۈمى	headword	773_2L.png	unverified
D90-1-09425	پېرېۋوت	headword	773_2L.png	unverified
D90-1-09426	پېرېۋوت چېكى	headword	774_1R.png	unverified
D90-1-09427	پېرېۋوت قىلماق	headword	774_1R.png	unverified
D90-1-09428	پېرىشتە	nonstandard	774_1R.png	unverified
D90-1-09429	پېرىمېتر	headword	774_1R.png	unverified
D90-1-09430	پېسە	headword	774_1R.png	unverified
D90-1-09431	پېسەندە	headword	774_1R.png	unverified
D90-1-09432	پېسو	headword	774_1R.png	unverified
D90-1-09433	پېسېتا	headword	774_1R.png	unverified
D90-1-09434	پېسسىمىزم	headword	774_1R.png	unverified
D90-1-09435	پېسسىمىزملىق	headword	774_1R.png	unverified
D90-1-09436	پېشاب	headword	774_2L.png	unverified
D90-1-09437	پېشانە	headword	774_2L.png	unverified
D90-1-09442	پېشانىسىنى سىلاپ باقماق	headword	775_1R.png	unverified
D90-1-09443	پېشانىسى ئوچۇق	headword	775_1R.png	unverified
D90-1-09445	پېشانىغا پۈتۈلگەن	headword	775_1R.png	unverified
D90-1-09448	پېشانىغا يېزىلغان	headword	775_2L.png	unverified
D90-1-09446	پېشانىغا تەگمەك	headword	775_1R.png	unverified
D90-1-09447	پېشانىغا ئۇرماق	headword	775_2L.png	unverified
D90-1-09447-v1	پېشانىغا قۇيماق	variant	775_2L.png	unverified
D90-1-09449	پېشايۋان	headword	775_2L.png	unverified
D90-1-09450	پېشايۋانلىق	headword	775_2L.png	unverified
D90-1-09451	پېشقەدەم	headword	775_2L.png	unverified
D90-1-09452	پېشكا	headword	776_1R.png	unverified
D90-1-09453	پېشكەل	headword	776_1R.png	unverified
D90-1-09454	پېشكەلچىلىك	headword	776_1R.png	unverified
D90-1-09455	پېشكەللىك	headword	776_1R.png	unverified
D90-1-09456	پېشىن	headword	776_1R.png	unverified
D90-1-09457	پېشىۋا	headword	776_2L.png	verified
D90-1-09457-i1	پېشۋاسى	inflected	776_2L.png	verified
D90-1-09458	پېشىۋالىق	headword	776_2L.png	unverified
D90-1-09460	پېقىرانە	headword	776_2L.png	unverified
D90-1-09461	پېقىرپەرۋەر	headword	776_2L.png	unverified
D90-1-09462	پېقىرلىق	headword	777_1R.png	unverified
D90-1-09463	پېقىرىما	headword	777_1R.png	unverified
D90-1-09464	پېقىش	headword	777_1R.png	unverified
D90-1-09465	پېكتىن	headword	777_1R.png	unverified
D90-1-09466	پېگاس	headword	777_1R.png	unverified
D90-1-09467	پېگاس يۇلتۇز تۈركۈمى	headword	777_1R.png	unverified
D90-1-09468	پېگماتىت	headword	777_1R.png	unverified
D90-1-09470	پېلەك تارتماق	headword	777_2L.png	unverified
D90-1-09471	پېلەك غوللۇق ئۆسۈملۈكلەر	headword	777_2L.png	unverified
D90-1-09472	پېلەكلىك	headword	777_2L.png	unverified
D90-1-09474	پېلەكلىمەك	headword	777_2L.png	unverified
D90-1-09475	پېلۋېتسىيە	headword	777_2L.png	unverified
D90-1-09476	پېلۇپتسىيە ئوتى	headword	777_2L.png	unverified
D90-1-09477	پېلىشماق	headword	777_2L.png	unverified
D90-1-09478	پېنتادا	headword	778_1R.png	unverified
D90-1-09480	پېنىتسىللىن	headword	778_1R.png	unverified
D90-1-09481	پېنسىيە	headword	778_1R.png	unverified
D90-1-09483	پېئىل	headword	778_1R.png	verified
D90-1-09873	پېئىلنىڭ دەرىجە كاتېگورىيىسى	headword	778_2L.png	verified
D90-1-09484	پېئىلنىڭ زامان كاتېگورىيىسى	headword	778_2L.png	verified
D90-1-09485	پېئىلنىڭ شەخس كاتېگورىيىسى	headword	778_2L.png	verified
D90-1-09486	پېئىلنىڭ مەيل كاتېگورىيىسى	headword	778_2L.png	verified
D90-1-09488	پېئىللىق	headword	778_2L.png	unverified
D90-1-09490	پى	headword	779_1R.png	unverified
D90-1-09491	پىئانىنو	headword	779_1R.png	unverified
D90-1-09492	پىئانىنوچى	headword	779_1R.png	unverified
D90-1-09496	پى-پى	headword	779_2L.png	unverified
D90-1-09497	پىپى	headword	779_2L.png	unverified
D90-1-09499	پىت	headword	779_2L.png	unverified
D90-1-09503	پىتنىڭ ئاچچىقىدا كۆڭلەكنى ئوتقا سالماق	headword	780_1R.png	unverified
D90-1-09503-v1	پېتنىڭ ئاچچىقىدا چاپاننى ئوتقا سالماق	variant	780_1R.png	unverified
D90-1-09504	پىت ئۈچەي	headword	780_1R.png	unverified
D90-1-09505	پىت ئۈچەيلىك قىلماق	headword	780_1R.png	unverified
D90-1-09506	پىتىنىڭ ئۈچىيىگە ھېسىپ قويىدىغان	headword	780_1R.png	unverified
D90-1-09508	پىتپاڭزا	headword	780_1R.png	unverified
D90-1-09509	پىتكۆز	headword	780_1R.png	unverified
D90-1-09510	پىتكۆزلۈك	headword	780_1R.png	verified
D90-1-09511	پىتلاشماق	headword	780_2L.png	verified
D90-1-09512	پىتلانماق	headword	780_2L.png	verified
D90-1-09513	پىتلىق	headword	780_2L.png	unverified
D90-1-09514	پىتلىماق	headword	780_2L.png	unverified
D90-1-09515	پىتنە	headword	780_2L.png	unverified
D90-1-09516	پىتنە قاماق	headword	780_2L.png	unverified
D90-1-09517	پىتنە-پاسات	headword	780_2L.png	unverified
D90-1-09518	پىتنە-پاساتچى	headword	781_1R.png	unverified
D90-1-09519	پىتنە-ئىغۋا	headword	781_1R.png	unverified
D90-1-09520	پىتنىخور	headword	781_1R.png	unverified
D90-1-09521	پىتنىخورلۇق	headword	781_1R.png	unverified
D90-1-09522	پىتىر	headword	781_1R.png	unverified
D90-1-09524	پىتىرا	headword	781_1R.png	unverified
D90-1-09525	پىتىراتماق	headword	781_1R.png	unverified
D90-1-09526	پىتىراڭغۇ	headword	781_2L.png	unverified
D90-1-09527	پىتىر-پىتىر	headword	781_2L.png	unverified
D90-1-09528	پىتىرلاشماق	headword	781_2L.png	unverified
D90-1-09529	پىتىرلىماق	headword	781_2L.png	unverified
D90-1-09530	پىتىراشماق	headword	781_2L.png	unverified
D90-1-09531	پىتىق	headword	781_2L.png	unverified
D90-1-09532	پىتىق-پىتىق	headword	781_2L.png	unverified
D90-1-09533	پىتىقلاشماق	headword	781_2L.png	unverified
D90-1-09534	پىتىقلىماق	headword	782_1R.png	unverified
D90-1-09535	پىتىگە	headword	782_1R.png	unverified
D90-1-09536	پىچاق	headword	782_1R.png	unverified
D90-1-09542	پىچاقچى	headword	782_2L.png	unverified
D90-1-09543	پىچاقچىلىق	headword	782_2L.png	unverified
D90-1-09544	پىچاقلاشماق	headword	782_2L.png	unverified
D90-1-09545	پىچاقلانماق	headword	783_1R.png	unverified
D90-1-09546	پىچاقلىماق	headword	783_1R.png	unverified
D90-1-09547	پىچاقۋاز	headword	783_1R.png	unverified
D90-1-09548	پىچاقۋازلىق	headword	783_1R.png	unverified
D90-1-09549	پىچان	headword	783_1R.png	unverified
D90-1-09550	پىچانگۈل	headword	783_1R.png	unverified
D90-1-09550-v1	ياقا چىغىرتمىشى	variant	783_1R.png	unverified
D90-1-09551	پىچانلىق	headword	783_1R.png	unverified
D90-1-09552	پىچەك	nonstandard	783_1R.png	unverified
D90-1-09553	پىچەكگۈل	headword	783_1R.png	unverified
D90-1-09554	پىچماق	headword	783_2L.png	unverified
D90-1-09555	پىچۇرماق	headword	783_2L.png	unverified
D90-1-09556	پىچۇرۇشماق	headword	783_2L.png	unverified
D90-1-09557	پىچۇرۇلماق	headword	783_2L.png	unverified
D90-1-09558	پىچىر	headword	784_1R.png	unverified
D90-1-09559	پىچىر-پىچىر	headword	784_1R.png	unverified
D90-1-09560	پىچىرلاتماق	headword	784_1R.png	unverified
D90-1-09561	پىچىرلاشماق	headword	784_1R.png	unverified
D90-1-09562	پىچىرلىماق	headword	784_1R.png	unverified
D90-1-09563	پىچىگار	headword	784_2L.png	unverified
D90-1-09564	پىچىلماق	headword	784_2L.png	unverified
D90-1-09565	پىچىم	headword	784_2L.png	unverified
D90-1-09566	پىچىمچى	headword	784_2L.png	unverified
D90-1-09567	پىچىمچىلىق	headword	784_2L.png	unverified
D90-1-09568	پىخ	headword	785_1R.png	unverified
D90-1-09569	پىخ-پىخ	headword	785_1R.png	unverified
D90-1-09570	پىخخىدە	headword	785_1R.png	unverified
D90-1-09571	پىخسىق	headword	785_1R.png	unverified
D90-1-09572	پىخسىقلىق	headword	785_1R.png	unverified
D90-1-09573	پىخىلداتماق	headword	785_2L.png	unverified
D90-1-09574	پىخىلداشماق	headword	785_2L.png	unverified
D90-1-09575	پىخىلدىماق	headword	785_2L.png	unverified
D90-1-09576	پىدا	headword	785_2L.png	unverified
D90-1-09579	پىداكار	headword	786_1R.png	unverified
D90-1-09580	پىداكارانە	headword	786_1R.png	unverified
D90-1-09581	پىداكارلىق	headword	786_1R.png	unverified
D90-1-09582	پىدالىق	headword	786_1R.png	unverified
D90-1-09583	پىدائىي	headword	786_1R.png	unverified
D90-1-09586	پىدائىيلارچە	headword	786_2L.png	unverified
D90-1-09587	پىدائىيلىق	headword	786_2L.png	unverified
D90-1-09588	پىدايى	nonstandard	786_2L.png	unverified
D90-1-09589	پىدىگەن	headword	786_2L.png	unverified
D90-1-09590	پىر	headword	786_2L.png	unverified
D90-1-09591	پىر تۇتماق	headword	787_1R.png	unverified
D90-1-09593-v1	ھەپەلسىسى پىر بولماق	variant	787_1R.png	unverified
D90-1-09594	پىراق	headword	787_1R.png	unverified
D90-1-09595	پىراقنامە	headword	787_2L.png	unverified
D90-1-09596	پىرامىدا	headword	787_2L.png	unverified
D90-1-09597	پىراۋا	headword	787_2L.png	unverified
D90-1-09598	پىراۋەدى	headword	787_2L.png	unverified
D90-1-09599	پىرەندىك	nonstandard	787_2L.png	verified
D90-1-09600	پىرەنىك	headword	787_2L.png	verified
D90-1-09601	پىرئەۋن	headword	788_1R.png	unverified
D90-1-09602	پىر - پىر	headword	788_1R.png	unverified
D90-1-09603	پىرت	headword	788_1R.png	unverified
D90-1-09604	پىرت-پىرت	headword	788_1R.png	unverified
D90-1-09605	پىرتتىدە	headword	788_1R.png	unverified
D90-1-09606	پىرروتىت	headword	788_1R.png	unverified
D90-1-09607	پىررول	headword	788_2L.png	unverified
D90-1-09608	پىررىدە	headword	788_2L.png	unverified
D90-1-09609	پىرسەنت	headword	788_2L.png	unverified
D90-1-09611	پىرسەنتلەشتۈرمەك	headword	788_2L.png	unverified
D90-1-09612	پىرسەنتلەشتۈرۈلمەك	headword	788_2L.png	unverified
D90-1-09613	پىرسەنتلەشمەك	headword	788_2L.png	unverified
D90-1-09614	پىرسەنتلىك	headword	788_2L.png	unverified
D90-1-09615	پەرغاي	headword	789_1R.png	unverified
D90-1-09616	پىرقە	headword	789_1R.png	unverified
D90-1-09617	پىرقەت	nonstandard	789_1R.png	unverified
D90-1-09618	پىرقىراتماق	headword	789_1R.png	unverified
D90-1-09619	پىرقىراتقۇزماق	headword	789_1R.png	unverified
D90-1-09620	پىرقىراشماق	headword	789_1R.png	unverified
D90-1-09621	پىرقىراتما	headword	789_1R.png	unverified
D90-1-09624	پىرقىرىما	headword	789_2L.png	unverified
D90-1-09622	پىرقىرىتىلماق	headword	789_2L.png	unverified
D90-1-09623	پىرقىرىغۇچ	headword	789_2L.png	unverified
D90-1-09625	پىرقىرىماق	headword	789_2L.png	unverified
D90-1-09626	پىر كامىل	headword	789_2L.png	unverified
D90-1-09627	پىرمە	headword	790_1R.png	unverified
D90-1-09627-v1	ئارىغان	variant	790_1R.png	unverified
D90-1-09628	پىروخلور	headword	790_1R.png	unverified
D90-1-09629	پىروكسېن	headword	790_1R.png	unverified
D90-1-09630	پىروكسېنىت	headword	790_1R.png	unverified
D90-1-09631	پىروفىللىت	headword	790_2L.png	unverified
D90-1-09632	پىروزا	headword	790_2L.png	unverified
D90-1-09634	پىر-ئۇستاز	headword	791_1R.png	unverified
D90-1-09635	پىرىق	headword	791_1R.png	unverified
D90-1-09637	پىرىق-پىرىق	headword	791_1R.png	unverified
D90-1-09638	پىرىلداتماق	headword	791_1R.png	unverified
D90-1-09639	پىرىلداشماق	headword	791_1R.png	unverified
D90-1-09640	پىرىلداق	headword	791_1R.png	unverified
D90-1-09641	پىرىلدىماق	headword	791_1R.png	unverified
D90-1-09642	پىژ	headword	791_1R.png	unverified
D90-1-09643	پىژ-پىژ	headword	791_1R.png	unverified
D90-1-09644	پىژغىرىم	headword	791_2L.png	unverified
D90-1-09645	پىززىدە	headword	791_2L.png	unverified
D90-1-09646	پىژىلداتماق	headword	791_2L.png	unverified
D90-1-09647	پىژىلداشماق	headword	791_2L.png	unverified
D90-1-09648	پىژىلدىماق	headword	791_2L.png	unverified
D90-1-09649	پىس	headword	791_2L.png	unverified
D90-1-09650	پىسەنت	headword	791_2L.png	unverified
D90-1-09652	پىسەنتىگە ئالماسلىق	headword	792_1R.png	unverified
D90-1-09652-v1	پىسەنت قىلماسلىق	variant	792_1R.png	unverified
D90-1-09653	پىسەنتىگە سىغماسلىق	headword	792_1R.png	unverified
D90-1-09654	پىسەنتىگە كەلمەسلىك	headword	792_1R.png	unverified
D90-1-09655	پىسپىس	headword	792_1R.png	unverified
D90-1-09656	پىس-پىس	headword	792_1R.png	unverified
D90-1-09657	پىستان	headword	792_1R.png	unverified
D90-1-09659	پىستان چاقماق	headword	792_1R.png	unverified
D90-1-09660	پىستانلىق	headword	792_2L.png	unverified
D90-1-09661	پىستە	headword	792_2L.png	unverified
D90-1-09663	پىستە-بادام	headword	792_2L.png	unverified
D90-1-09664	پىستىرما	headword	792_2L.png	unverified
D90-1-09666	پىسىر	headword	793_1R.png	unverified
D90-1-09668	پىسىر - پىسىر	headword	793_1R.png	unverified
D90-1-09669	پىسىرلىماق	headword	793_1R.png	unverified
D90-1-09670	پىسىسدە	headword	793_1R.png	unverified
D90-1-09671	پىسىق	headword	793_1R.png	unverified
D90-1-09672	پىسىق - پاسات	headword	793_1R.png	unverified
D90-1-09673	پىسىق - پاساتچى	headword	793_1R.png	unverified
D90-1-09674	پىسىڭ	headword	793_1R.png	unverified
D90-1-09675	پىسىڭ - پىسىڭ	headword	793_1R.png	unverified
D90-1-09676	پىسىڭڭىدە	headword	793_2L.png	unverified
D90-1-09677	پىسىلداتماق	headword	793_2L.png	unverified
D90-1-09678	پىسىلداشماق	headword	793_2L.png	unverified
D90-1-09679	پىسىلدىماق	headword	793_2L.png	unverified
D90-1-09680	پىسىنچا	headword	793_2L.png	unverified
D90-1-09681	پىش	headword	793_2L.png	unverified
D90-1-09682	پىشا	headword	793_2L.png	unverified
D90-1-09683	پىشاڭ	headword	793_2L.png	unverified
D90-1-09684	پىشاڭ سالماق	headword	794_1R.png	unverified
D90-1-09685	پىشاڭلىق	headword	794_1R.png	unverified
D90-1-09686	پىش - پىش	headword	794_1R.png	unverified
D90-1-09687	پىشقان	headword	794_1R.png	unverified
D90-1-09688	پىششىق ئاش	headword	794_2L.png	unverified
D90-1-09689	پىششىقلىنماق	headword	795_1R.png	unverified
D90-1-09690	پىششىقلىق	headword	795_1R.png	unverified
D90-1-09691	پىششىقلىماق	headword	795_1R.png	unverified
D90-1-09693	پىششىقماق	headword	795_1R.png	unverified
D90-1-09694	پىشقەدەم	nonstandard	795_1R.png	unverified
D90-1-09695	پىشقىرتماق	headword	795_1R.png	unverified
D90-1-09696	پىشقىرماق	headword	795_1R.png	unverified
D90-1-09697	پىشقىن	headword	795_2L.png	unverified
D90-1-09698	پىشكە	headword	795_2L.png	verified
D90-1-09699	پىشلاق	headword	795_2L.png	unverified
D90-1-09700	پىشىلدۇرماق	headword	795_2L.png	unverified
D90-1-09701	پىشلىماق	headword	795_2L.png	unverified
D90-1-09702	پىشماق	headword	795_2L.png	unverified
D90-1-09704	پىشۇرغۇزماق	headword	796_2L.png	unverified
D90-1-09705	پىشۇرماق	headword	796_2L.png	unverified
D90-1-09706	پىشۇرۇشماق	headword	796_2L.png	unverified
D90-1-09707	پىشۇرۇقلۇق	headword	796_2L.png	unverified
D90-1-09708	پىشۇرۇلماق	headword	796_2L.png	unverified
D90-1-09709	پىشم	headword	796_2L.png	unverified
D90-1-09713	پىغانسىز	headword	797_1R.png	unverified
D90-1-09714	پىغانلىق	headword	797_1R.png	unverified
D90-1-09715	پىكاپ	headword	797_1R.png	unverified
D90-1-09716	پىكرات	headword	797_2L.png	unverified
D90-1-09717	پىكرات كىسلاتا	headword	797_2L.png	unverified
D90-1-09718	پىكۇس	headword	797_2L.png	unverified
D90-1-09719	پىكىر	headword	797_2L.png	unverified
D90-1-09720	پىكىر ئالماق	headword	798_1R.png	unverified
D90-1-09721	پىكىر بەرمەك	headword	798_1R.png	unverified
D90-1-09722	پىكىر چۈشمەك	headword	798_1R.png	unverified
D90-1-09723	پىكىر قاتناشتۇرماق	headword	798_1R.png	unverified
D90-1-09724	پىكىر قىلماق	headword	798_2L.png	unverified
D90-1-09725	پىكىر ئېقىمى	headword	798_2L.png	unverified
D90-1-09726	پىكرى چېچىلماق	headword	798_2L.png	unverified
D90-1-09727	پىكرى ئېچىلماق	headword	798_2L.png	unverified
D90-1-09728	پىكىر يۈرگۈزمەك	headword	798_2L.png	unverified
D90-1-09729	پىكرەن	headword	798_2L.png	unverified
D90-1-09730	پىكىر-تەلەپ	headword	799_1R.png	unverified
D90-1-09731	پىكىر-خىيال	headword	799_1R.png	unverified
D90-1-09732	پىكىرداش	headword	799_1R.png	unverified
D90-1-09733	پىكىرلەشمەك	headword	799_1R.png	unverified
D90-1-09734	پىكىرلىك	headword	799_1R.png	unverified
D90-1-09735	پىگمېنت	headword	799_1R.png	unverified
D90-1-09736	پىگمېنتلىق	headword	799_2L.png	unverified
D90-1-09738	پىگىلو	headword	799_2L.png	unverified
D90-1-09741	پىڭ-پىڭ	headword	799_2L.png	unverified
D90-1-09743	پىڭڭىدە	headword	799_2L.png	unverified
D90-1-09744	پىڭلىق	headword	800_1R.png	unverified
D90-1-09745	پىڭىلداشماق	headword	800_1R.png	unverified
D90-1-09746	پىڭىلدىماق	headword	800_1R.png	unverified
D90-1-09747	پىل	headword	800_1R.png	unverified
D90-1-09750	پىلات	nonstandard	800_2L.png	unverified
D90-1-09752	پىلاتى	headword	800_2L.png	unverified
D90-1-09751	پىلاتا	nonstandard	800_2L.png	unverified
D90-1-09753	پىلان	headword	800_2L.png	unverified
D90-1-09754	پىلانچان	headword	800_2L.png	unverified
D90-1-09755	پىلانچانلىق	headword	800_2L.png	unverified
D90-1-09756	پىلانچى	headword	800_2L.png	unverified
D90-1-09757	پىلانچىلىق	headword	800_2L.png	unverified
D90-1-09758	پىلانسىز	headword	801_1R.png	unverified
D90-1-09759	پىلانسىزلىق	headword	801_1R.png	unverified
D90-1-09760	پىلانلاتماق	headword	801_1R.png	unverified
D90-1-09761	پىلانلاشتۇرماق	headword	801_1R.png	unverified
D90-1-09762	پىلانلاشتۇرۇلماق	headword	801_1R.png	unverified
D90-1-09763	پىلانلاشماق	headword	801_1R.png	unverified
D90-1-09764	پىلانلانماق	headword	801_2L.png	unverified
D90-1-09765	پىلانلىق	headword	801_2L.png	unverified
D90-1-09770	پىلانلىق ئىگىلىك	headword	802_1R.png	unverified
D90-1-09771	پىلانلىقلىق	headword	802_1R.png	unverified
D90-1-09772	پىلانلىماق	headword	802_1R.png	unverified
D90-1-09773	پىلە	headword	802_2L.png	unverified
D90-1-09774	پىلە تۇخۇمى	headword	802_2L.png	unverified
D90-1-09775	پىلە غوزىكى	headword	802_2L.png	unverified
D90-1-09776	پىلە قازىنى	headword	802_2L.png	unverified
D90-1-09777	پىلە قۇرتى	headword	802_2L.png	unverified
D90-1-09778	پىلە كېپىنىكى	headword	802_2L.png	unverified
D90-1-09779	پىلە مايىقى	headword	802_2L.png	unverified
D90-1-09780	پىلە ئۈچىكى	headword	803_1R.png	unverified
D90-1-09781	پىلپىل	headword	803_1R.png	unverified
D90-1-09783	پىل-پىل	headword	803_1R.png	unverified
D90-1-09784	پىلپىلگۈل	headword	803_1R.png	unverified
D90-1-09785	پىلتە	headword	803_2L.png	unverified
D90-1-09788	پىلتىگۈچ	headword	804_1R.png	unverified
D90-1-09789	پىلتىڭ	headword	804_1R.png	unverified
D90-1-09790	پىلتىڭ - پىلتىڭ	headword	804_1R.png	unverified
D90-1-09791	پىلتىڭلاشماق	headword	804_1R.png	unverified
D90-1-09792	پىلتىڭلىماق	headword	804_1R.png	unverified
D90-1-09793	پىلتىڭدە	headword	804_1R.png	unverified
D90-1-09794	پىلتىلىك	headword	804_2L.png	unverified
D90-1-09795	پىلتىلىمەك	headword	804_2L.png	unverified
D90-1-09796	پىلخانا	headword	804_2L.png	unverified
D90-1-09797	پىلدىر	headword	804_2L.png	unverified
D90-1-09798	پىلدىر پەلەك	headword	804_2L.png	unverified
D90-1-09799	پىلدىراق	headword	804_2L.png	unverified
D90-1-09800	پىلدىر-پىلدىر	headword	804_2L.png	unverified
D90-1-09801	پىلدىرلاتماق	headword	804_2L.png	unverified
D90-1-09802	پىلدىرلاشماق	headword	805_1R.png	unverified
D90-1-09803	پىلدىرلىغۇچ	headword	805_1R.png	unverified
D90-1-09804	پىلسىرات	nonstandard	805_1R.png	unverified
D90-1-09804-c1	پولسىرات	corrected_form	805_1R.png	unverified
D90-1-09805	پىللىدە	headword	805_1R.png	unverified
D90-1-09806	پىلۇس	headword	805_1R.png	unverified
D90-1-09809	پىلىپاختا	headword	805_1R.png	unverified
D90-1-09810	پىلىتا	headword	805_1R.png	unverified
D90-1-09811	پىلىچەك	headword	805_2L.png	unverified
D90-1-09812	پىلىچى	headword	805_2L.png	unverified
D90-1-09813	پىلىچىلىك	headword	805_2L.png	unverified
D90-1-09814	پىلىخانا	headword	805_2L.png	unverified
D90-1-09815	پىلىك	headword	805_2L.png	verified
D90-1-09816	پىلىكار	headword	806_1R.png	verified
D90-1-09817	پىلىكلىك	headword	806_1R.png	verified
D90-1-09818	پىلىكئوت	headword	806_1R.png	verified
D90-1-09819	پىلىلداتماق	headword	806_1R.png	verified
D90-1-09820	پىلىلدىماق	headword	806_1R.png	verified
D90-1-09821	پىلىموت	headword	806_2L.png	verified
D90-1-09822	پىلىموتچى	headword	806_2L.png	verified
D90-1-09823	پىلىموتلۇق	headword	806_2L.png	verified
D90-1-09824	پىنان	headword	806_2L.png	verified
D90-1-09826	پىنە	headword	807_1R.png	verified
D90-1-09827	پىنەك	headword	807_1R.png	verified
D90-1-09829	پىنتوزا	headword	807_1R.png	verified
D90-1-09830	پىنجەك	headword	807_1R.png	verified
D90-1-09831	پىنجەكلىك	headword	807_1R.png	verified
D90-1-09832	پىندەك	headword	807_1R.png	verified
D90-1-09833	پىندىق	headword	807_1R.png	verified
D90-1-09835	پىنگۋىن	headword	807_2L.png	verified
D90-1-09836	پىننە	headword	807_2L.png	verified
D90-1-09838	پىننىلىك	headword	807_2L.png	verified
D90-1-09839	پىنھان	headword	807_2L.png	verified
D90-1-09840	پىنھانە	headword	808_1R.png	verified
D90-1-09841	پىئونېر	headword	808_1R.png	verified
D90-1-09843	پىئونېرلارچە	headword	808_1R.png	verified
D90-1-09845	پىئونېرلىق	headword	808_2L.png	verified
D90-1-09846	پىۋا	headword	808_2L.png	verified
D90-1-09848	پىۋىچى	headword	808_2L.png	verified
D90-1-09849	پىۋىچىلىك	headword	808_2L.png	verified
D90-1-09850	پىۋىخانا	headword	808_2L.png	verified
D90-1-09851	پىيادە	headword	808_2L.png	verified
D90-1-09852	پىيادە ئەسكەر	headword	809_1R.png	verified
D90-1-09855	پىياز	headword	809_1R.png	verified
D90-1-09857	پىيىزى گىچ-گىچ	headword	809_1R.png	verified
D90-1-09858	پىيازگۈل	headword	809_1R.png	verified
D90-1-09858-v1	گۈلسامساق	variant	809_1R.png	verified
D90-1-09859	پىيالە	headword	809_1R.png	verified
D90-1-09860	پىيىزەك	headword	809_1R.png	verified
D90-1-09861	پىيما	headword	809_2L.png	verified
D90-1-09862	پىيمىچى	headword	809_2L.png	verified
D90-1-09863	پىيمىچىلىق	headword	809_2L.png	verified
D90-1-09864	پىيمىلىق	headword	809_2L.png	verified
