row_id	entry	type	source_page	status_v1
D90-5-00001	م	headword	001_1R.png	unverified
D90-5-00004	مائارىپ	headword	001_2L.png	unverified
D90-5-00005	مائارىپ پراكتىكىسى	headword	001_2L.png	unverified
D90-5-00006	مائارىپ پسىخولوگىيىسى	headword	002_1R.png	unverified
D90-5-00007	مائارىپ تېخنولوگىيىسى	headword	002_1R.png	unverified
D90-5-00008	مائارىپ فاڭجېنى	headword	002_2L.png	unverified
D90-5-00009	مائارىپ فوندى	headword	002_2L.png	unverified
D90-5-00010	مائارىپ قانۇنى	headword	002_2L.png	unverified
D90-5-00011	مائارىپ قۇرۇلمىشۇناسلىقى	headword	002_2L.png	unverified
D90-5-00012	مائارىپ مەمۇرىيىتى ئىلمى	headword	002_2L.png	unverified
D90-5-00013	مائارىپپەرۋەر	headword	003_1R.png	verified
D90-5-00014	مائارىپپەرۋەرلىك	headword	003_1R.png	unverified
D90-5-00015	مائارىپچى	headword	003_1R.png	unverified
D90-5-00016	مائارىپچىلىق	headword	003_1R.png	unverified
D90-5-00017	مائارىپشۇناس	headword	003_2L.png	unverified
D90-5-00017-v1	پېداگوگ	variant	003_2L.png	unverified
D90-5-00018	مائارىپشۇناسلىق	headword	003_2L.png	unverified
D90-5-00018-v1	پېداگوگىكا	variant	003_2L.png	unverified
D90-5-00019	مائاش	headword	003_2L.png	unverified
D90-5-00021	مائاشسىز	headword	003_2L.png	unverified
D90-5-00022	مائاشلىق	headword	003_2L.png	unverified
D90-5-00023	مابەين	headword	003_2L.png	unverified
D90-5-00024	مابەينىدە	headword	003_2L.png	unverified
D90-5-00025	مات	headword	004_1R.png	unverified
D90-5-00026	مات بولماق	headword	004_1R.png	unverified
D90-5-00027	مات قىلماق	headword	004_1R.png	unverified
D90-5-00028	ماتا	headword	004_2L.png	unverified
D90-5-00032	ماتاتماق	headword	004_2L.png	unverified
D90-5-00033	ماتاشماق	headword	004_2L.png	unverified
D90-5-00034	ماتاقچىۋىن	headword	004_2L.png	verified
D90-5-00036	ماتال	headword	004_2L.png	unverified
D90-5-00037	ماتالماق	headword	004_2L.png	unverified
D90-5-00038	ماتانەت	headword	005_1R.png	unverified
D90-5-00039	ماتانەتلىك	headword	005_1R.png	unverified
D90-5-00040	ماتەم	headword	005_1R.png	unverified
D90-5-00042	ماتەم تۇتماق	headword	005_2L.png	unverified
D90-5-00043	ماتەم مارشى	headword	005_2L.png	unverified
D90-5-00044	ماتەم مۇراسىمى	headword	005_2L.png	unverified
D90-5-00045	ماتەم مۈزىكىسى	headword	005_2L.png	unverified
D90-5-00046	ماتەم دار	headword	005_2L.png	unverified
D90-5-00047	ماتەمدارلىق	headword	006_1R.png	unverified
D90-5-00048	ماتەمسەرا	headword	006_1R.png	unverified
D90-5-00049	ماتەملىك	headword	006_1R.png	unverified
D90-5-00050	ماتراس	headword	006_1R.png	unverified
D90-5-00051	ماتروس	headword	006_2L.png	unverified
D90-5-00052	ماترىئارخال	headword	006_2L.png	unverified
D90-5-00053	ماترىئارخاللىق	headword	006_2L.png	unverified
D90-5-00055	ماتكا	headword	007_1R.png	unverified
D90-5-00057	ماتور	headword	007_1R.png	unverified
D90-5-00057-v1	دۋىگاتېل	variant	007_1R.png	unverified
D90-5-00058	ماتورخانا	headword	007_1R.png	unverified
D90-5-00059	ماتورلاشتۇرماق	headword	007_1R.png	unverified
D90-5-00060	ماتورلاشتۇرۇلماق	headword	007_1R.png	unverified
D90-5-00061	ماتورلاشقان	headword	007_1R.png	unverified
D90-5-00064	ماتورلاشماق	headword	007_1R.png	unverified
D90-5-00065	ماتورلۇق	headword	007_1R.png	unverified
D90-5-00066	ماتورلۇق قېيىق	headword	007_2L.png	unverified
D90-5-00067	ماتورلۇق قېيىق تەنتەربىيىسى	headword	007_2L.png	unverified
D90-5-00068	ماتورلۇق كېمە	headword	007_2L.png	unverified
D90-5-00069	ماتېرىك	headword	007_2L.png	unverified
D90-5-00070	ماتېرىيال	headword	007_2L.png	unverified
D90-5-00072	ماتېرىيال بۆلۈمى	headword	008_1R.png	unverified
D90-5-00073	ماتېرىيال تاللاش	headword	008_1R.png	unverified
D90-5-00074	ماتېرىيال ھەجىمى	headword	008_1R.png	unverified
D90-5-00075	ماتېرىيالچى	headword	008_1R.png	unverified
D90-5-00076	ماتېرىياللىق	headword	008_1R.png	unverified
D90-5-00078	ماتېرىيالىزم	headword	008_1R.png	verified
D90-5-00079	ماتېرىيالىزمچە	headword	008_2L.png	verified
D90-5-00080	ماتېرىيالىزمچى	headword	008_2L.png	verified
D90-5-00082	ماتېرىيالىست	headword	008_2L.png	unverified
D90-5-00081	ماتېرىيالىزملىق	headword	008_2L.png	verified
D90-5-00083	ماتېرىيالىستىك	headword	009_1R.png	unverified
D90-5-09772	ماتېرىيالىزملىق تارىخىي قاراش	headword	008_2L.png	verified
D90-5-09772-v1	تارىخىي ماتېرىيالىزم	variant	008_2L.png	verified
D90-5-00085	ماتېرىيە	headword	009_1R.png	unverified
D90-5-00085-v1	ماددا II	variant	009_1R.png	unverified
D90-5-00086	ماتېماتىك	headword	009_1R.png	unverified
D90-5-00087	ماتېماتىكا	headword	009_2L.png	unverified
D90-5-00088	ماتېماتىكىلىق	headword	009_2L.png	unverified
D90-5-00091	ماتىچى	headword	010_1R.png	unverified
D90-5-00092	ماتىغۇچ	headword	010_1R.png	unverified
D90-5-00093	ماتىماق	headword	010_1R.png	unverified
D90-5-00094	ماتىۋ	headword	010_1R.png	unverified
D90-5-00095	ماجاقلانغان	headword	010_1R.png	unverified
D90-5-00096	ماجاقلانماق	headword	010_2L.png	unverified
D90-5-00097	ماجاقلىماق	headword	010_2L.png	unverified
D90-5-00099	ماجال	headword	010_2L.png	verified
D90-5-00099-i1	ماجالى	inflected	010_2L.png	verified
D90-5-00102	ماجالسىز	headword	011_1R.png	unverified
D90-5-00103	ماجالسىزلانماق	headword	011_1R.png	unverified
D90-5-00104	ماجالسىزلىق	headword	011_1R.png	unverified
D90-5-00105	ماجىرا	headword	011_1R.png	unverified
D90-5-00108	ماجىراچى	headword	011_2L.png	unverified
D90-5-00109	ماجىرالاشماق	headword	011_2L.png	unverified
D90-5-00110	ماجىرالىق	headword	011_2L.png	unverified
D90-5-00111	ماچ	headword	011_2L.png	unverified
D90-5-00112	ماچتا	headword	011_2L.png	unverified
D90-5-00114	ماچچىدە	headword	012_1R.png	unverified
D90-5-00115	ماچ-ماچ	headword	012_1R.png	unverified
D90-5-00116	ماچىلداتماق	headword	012_1R.png	unverified
D90-5-00117	ماچىلدىماق	headword	012_1R.png	unverified
D90-5-00122	ماخاۋ كېسەللىكى	headword	012_1R.png	unverified
D90-5-00121	ماخاۋ دەرىخى	headword	012_1R.png	unverified
D90-5-00123	ماختاپ-پۈۋلەپ	headword	012_2L.png	unverified
D90-5-00124	ماختاپ-ئۇچۇرۇپ	headword	012_2L.png	unverified
D90-5-00125	ماختاش	headword	012_2L.png	unverified
D90-5-00127	ماختاشماق	headword	012_2L.png	unverified
D90-5-00128	ماختالماق	headword	012_2L.png	unverified
D90-5-00129	ماختانچاق	headword	013_1R.png	unverified
D90-5-00130	ماختانچاقلىق	headword	013_1R.png	unverified
D90-5-00131	ماختانماق	headword	013_1R.png	unverified
D90-5-00132	ماختۇم	headword	013_1R.png	unverified
D90-5-00133	ماختىماق	headword	013_1R.png	unverified
D90-5-00134	ماختىنارلىق	headword	013_2L.png	unverified
D90-5-00135	ماختىنىشماق	headword	013_2L.png	unverified
D90-5-00137	ماخوۋىك	headword	013_2L.png	unverified
D90-5-00138	ماخىزم	headword	013_2L.png	verified
D90-5-00139	مادا	headword	013_2L.png	unverified
D90-5-00140	ماداخان	headword	013_2L.png	unverified
D90-5-00141	ماداخىل	headword	013_2L.png	unverified
D90-5-00142	مادار	headword	014_1R.png	unverified
D90-5-00144	مادارا	headword	014_1R.png	unverified
D90-5-00145	ماداراچى	headword	014_1R.png	unverified
D90-5-00146	ماداراچىلىق	headword	014_2L.png	unverified
D90-5-00147	مادارسىز	headword	014_2L.png	unverified
D90-5-00148	مادارسىزلاندۇرماق	headword	014_2L.png	unverified
D90-5-00149	مادارسىزلانماق	headword	014_2L.png	unverified
D90-5-00150	مادارسىزلىق	headword	014_2L.png	unverified
D90-5-00151	مادارسىزلىنىشماق	headword	014_2L.png	unverified
D90-5-00152	مادارلاندۇرماق	headword	014_2L.png	unverified
D90-5-00153	مادارلانماق	headword	015_1R.png	unverified
D90-5-00154	مادام	headword	015_1R.png	unverified
D90-5-00155	مادامىكى	headword	015_1R.png	unverified
D90-5-00156	ماددا	headword	015_1R.png	unverified
D90-5-00160	ماددا دولقۇنى	headword	016_1R.png	unverified
D90-5-00161	ماددا قارىشى	headword	016_1R.png	unverified
D90-5-00162	ماددا يوقالماسلىق قانۇنىيىتى	headword	016_2L.png	unverified
D90-5-00163	ماددىلاشتۇرماق	headword	016_2L.png	unverified
D90-5-00164	ماددىلىق	headword	016_2L.png	unverified
D90-5-00165	ماددىمۇماددا	headword	016_2L.png	unverified
D90-5-00166	ماددىي	headword	016_2L.png	unverified
D90-5-00167	ماددىي ئاساس	headword	017_1R.png	unverified
D90-5-00168	ماددىي ئەشيا	headword	017_1R.png	unverified
D90-5-00169	ماددىي تەمىنات	headword	017_1R.png	unverified
D90-5-00170	ماددىي تۇرمۇش	headword	017_1R.png	unverified
D90-5-00171	ماددىي رىغبەتلەندۈرۈش	headword	017_2L.png	unverified
D90-5-00172	ماددىي كۈچ	headword	017_2L.png	unverified
D90-5-00173	ماددىي مەدەنىيەت	headword	017_2L.png	unverified
D90-5-00174	ماددىي مەنپەئەت	headword	017_2L.png	unverified
D90-5-00175	ماددىي نۇقتا	headword	017_2L.png	unverified
D90-5-00176	ماددىي ئىسپات	headword	017_2L.png	unverified
D90-5-00177	ماددىيلاشتۇرماق	headword	018_1R.png	unverified
D90-5-00178	ماددىيلاشماق	headword	018_1R.png	unverified
D90-5-00179	ماددىيلىق	headword	018_1R.png	unverified
D90-5-00180	ماراتماق	headword	018_1R.png	unverified
D90-5-00181	ماراشماق	headword	018_1R.png	unverified
D90-5-00182	مارافون	headword	018_1R.png	unverified
D90-5-00183	مارافونچە	headword	018_1R.png	unverified
D90-5-00185	مارافونچە يۈگۈرۈش مۇسابىقىسى	headword	018_2L.png	unverified
D90-5-00186	ماراقچى	headword	018_2L.png	unverified
D90-5-00187	ماراقچىلىق	headword	019_1R.png	unverified
D90-5-00188	مارال	headword	019_1R.png	unverified
D90-5-00189	مارالقۇلاق	headword	019_1R.png	unverified
D90-5-00190	مارانگۈل	headword	019_1R.png	unverified
D90-5-00191	مارت	headword	019_1R.png	unverified
D90-5-00193	مارتتىدە	headword	019_1R.png	unverified
D90-5-00194	مارت-مۇرت	headword	019_2L.png	unverified
D90-5-00195	مارتېن	headword	019_2L.png	unverified
D90-5-00196	مارتېن پولىتى	headword	019_2L.png	unverified
D90-5-00197	مارتېن پېچى	headword	019_2L.png	unverified
D90-5-00198	مارتېن سېخى	headword	019_2L.png	unverified
D90-5-00199	مارقېنس	headword	019_2L.png	unverified
D90-5-00200	مارتېنس ھالىتى	headword	019_2L.png	unverified
D90-5-00201	مارتىلداتماق	headword	019_2L.png	unverified
D90-5-00202	ماركسىزم	headword	022_1R.png	unverified
D90-5-00203	ماركسىزمچى	headword	022_1R.png	unverified
D90-5-00204	ماركسىزم-لېنىنىزم	headword	022_1R.png	unverified
D90-5-00205	ماركسىزملىق	headword	022_1R.png	unverified
D90-5-00206	ماركىسىت	headword	022_1R.png	unverified
D90-5-00207	ماركىسىز	headword	022_1R.png	unverified
D90-5-00208	ماركىلىق	headword	022_1R.png	unverified
D90-5-00209	مارگانسوپكا	headword	022_1R.png	unverified
D90-5-00209-v1	كالىي پېرمانگانات	variant	022_1R.png	unverified
D90-5-00210	مارگانېتس	headword	022_2L.png	verified
D90-5-00659	مانگان	headword	065_2L.png	unverified
D90-5-00211	ماروژنى	headword	022_2L.png	verified
D90-5-00212	ماروژنىچى	headword	022_2L.png	unverified
D90-5-00213	ماروژنىچىلىق	headword	022_2L.png	unverified
D90-5-00214	ماروژنىخانا	headword	022_2L.png	unverified
D90-5-00215	مارى	headword	022_2L.png	unverified
D90-5-00216	مارىلىماق	nonstandard	022_2L.png	unverified
D90-5-00217	مارىماق	headword	022_2L.png	unverified
D90-5-00219	ماز	headword	023_1R.png	unverified
D90-5-00224	ماز بولماق	headword	023_2L.png	unverified
D90-5-00225	مازار	headword	023_2L.png	unverified
D90-5-00226	مازارغا چالما ئاتماق	headword	024_1R.png	unverified
D90-5-00227	مازار غوجام	headword	024_1R.png	unverified
D90-5-00228	مازىرىغا چىراغ ياقماق	headword	024_1R.png	unverified
D90-5-00229	مازارگۇي	headword	024_1R.png	unverified
D90-5-00230	مازارلىق	headword	024_1R.png	unverified
D90-5-00231	مازار-ماشايىخ	headword	024_2L.png	unverified
D90-5-00232	مازارىيون	headword	024_2L.png	unverified
D90-5-00233	مازاق	headword	024_2L.png	verified
D90-5-00234	مازاق ئەتمەك	headword	024_2L.png	unverified
D90-5-00234-v1	مازاق قىلماق	variant	024_2L.png	unverified
D90-5-00235	مازاق ئەيلىمەك	headword	024_2L.png	unverified
D90-5-00236	مازاقچى	headword	025_1R.png	unverified
D90-5-00237	مازاقلاشتۇرماق	headword	025_1R.png	unverified
D90-5-00238	مازاقلىماق	headword	025_1R.png	unverified
D90-5-00239	مازغاپ	nonstandard	025_1R.png	unverified
D90-5-00329	ماغزاپ	headword	032_1R.png	unverified
D90-5-00240	مازلاشتۇرماق	headword	025_1R.png	unverified
D90-5-00241	مازلاشماق	headword	025_2L.png	unverified
D90-5-00242	مازلىق	headword	025_2L.png	unverified
D90-5-00243	مازوك	headword	025_2L.png	unverified
D90-5-00244	مازۇت	headword	025_2L.png	unverified
D90-5-00245	مازۇركا	headword	025_2L.png	verified
D90-5-00246	مازۇز	headword	025_2L.png	unverified
D90-5-00248	ماس	headword	025_2L.png	unverified
D90-5-00249	ماس بۇلۇڭ	headword	026_1R.png	unverified
D90-5-00249-v1	ئوخشاش ئورۇنلۇق بۇلۇڭلار	variant	026_1R.png	unverified
D90-5-00250	ماس دەستىلەنمە	headword	026_1R.png	unverified
D90-5-00251	ماس قەدەملىك	headword	026_1R.png	unverified
D90-5-00252	ماس كەلمەسلىك مۇناسىۋىتى	headword	026_1R.png	unverified
D90-5-00253	ماس كەلمەك	headword	026_1R.png	unverified
D90-5-00254	ماس كېلىش مۇناسىۋىتى	headword	026_1R.png	unverified
D90-5-00255	ماس ئۆرنەك	headword	026_1R.png	unverified
D90-5-00256	ماس ئىنتېرقال	headword	026_2L.png	unverified
D90-5-00257	ماسساغتلار	headword	026_2L.png	unverified
D90-5-00258	ماساغتلار	headword	026_2L.png	unverified
D90-5-00259	ماسسا	headword	026_2L.png	unverified
D90-5-00261	ماسشتاب	headword	026_2L.png	unverified
D90-5-00261-i1	ماسشتابى	inflected	026_2L.png	unverified
D90-5-00262	ماسشتابلىق	headword	027_1R.png	unverified
D90-5-00264	ماسكا	headword	027_1R.png	unverified
D90-5-00265	ماسكىلىق	headword	027_1R.png	unverified
D90-5-00266	ماسلاشتۇرماق	headword	027_1R.png	unverified
D90-5-00267	ماسلاشتۇرۇشماق	headword	027_1R.png	unverified
D90-5-00268	ماسلاشتۇرۇلماق	headword	027_2L.png	unverified
D90-5-00269	ماسلاشقان	headword	027_2L.png	unverified
D90-5-00271	ماسلاشماق	headword	027_2L.png	unverified
D90-5-00272	ماسلىشىش	headword	027_2L.png	unverified
D90-5-00274	ماسلىشىشچان	headword	027_2L.png	unverified
D90-5-00275	ماسلىشىشچانلىق	headword	027_2L.png	unverified
D90-5-00276	ماش	headword	028_1R.png	unverified
D90-5-00277	ماش رەڭ	headword	028_1R.png	unverified
D90-5-00278	ماش شىرنىسى	headword	028_1R.png	unverified
D90-5-00279	ماش ئۈگرىسى	headword	028_1R.png	unverified
D90-5-00280	ماشا	headword	028_1R.png	unverified
D90-5-00281	ماشائاللا	headword	028_1R.png	verified
D90-5-00282	ماشاق	headword	028_2L.png	unverified
D90-5-00283	ماشايىخ	headword	028_2L.png	unverified
D90-5-00284	ماشپىرا	headword	028_2L.png	unverified
D90-5-00285	ماشخوردا	headword	028_2L.png	unverified
D90-5-00286	ماشقاق	headword	028_2L.png	unverified
D90-5-00287	ماشكا	headword	028_2L.png	unverified
D90-5-00288	ماشلىق	headword	029_1R.png	unverified
D90-5-00289	ماشىنا	headword	029_1R.png	unverified
D90-5-00290	ماشىنا ئادەم	headword	029_1R.png	unverified
D90-5-00291	ماشىنا تاختىسى	headword	029_1R.png	unverified
D90-5-00292	ماشىنا تەپكىسى	headword	029_1R.png	unverified
D90-5-00293	ماشىنا دېتاللىرى	headword	029_2L.png	unverified
D90-5-00294	ماشىنا ساندۇقى	headword	029_2L.png	unverified
D90-5-00295	ماشىنا سايمانلىرى	headword	029_2L.png	unverified
D90-5-00296	ماشىنا قول	headword	029_2L.png	unverified
D90-5-00297	ماشىنا ئىسكىلاتى	headword	029_2L.png	unverified
D90-5-00298	ماشىنا يىڭنىسى	headword	029_2L.png	unverified
D90-5-00299	ماشىنا-سايمان	headword	029_2L.png	unverified
D90-5-00300	ماشىنكا	headword	029_2L.png	unverified
D90-5-00301	ماشىنىچى	headword	030_1R.png	unverified
D90-5-00302	ماشىنىچىلىق	headword	030_1R.png	unverified
D90-5-00303	ماشىنىسازلىق	headword	030_1R.png	unverified
D90-5-00304	ماشىنىست	headword	030_1R.png	unverified
D90-5-00305	ماشىنىستلىق	headword	030_1R.png	unverified
D90-5-00306	ماشىنىلاشتۇرماق	headword	030_1R.png	unverified
D90-5-00307	ماشىنىلاشتۇرۇشماق	headword	030_2L.png	unverified
D90-5-00308	ماشىنىلاشتۇرۇلماق	headword	030_2L.png	unverified
D90-5-00309	ماشىنىلاشقان	headword	030_2L.png	unverified
D90-5-00311	ماشىنىلاشماق	headword	030_2L.png	unverified
D90-5-00312	ماشىنىلىق	headword	030_2L.png	unverified
D90-5-00314	ماغدۇر	headword	030_2L.png	unverified
D90-5-00316	ماغدۇر كىرمەك	headword	031_1R.png	unverified
D90-5-00317	ماغدۇرى بار	headword	031_1R.png	unverified
D90-5-00318	ماغدۇرىغا كەلمەك	headword	031_1R.png	unverified
D90-5-00319	ماغدۇرى كەتمەك	headword	031_1R.png	unverified
D90-5-00320	ماغدۇرسىز	headword	031_2L.png	unverified
D90-5-00321	ماغدۇرسىزلاشماق	headword	031_2L.png	unverified
D90-5-00322	ماغدۇرسىزلاندۇرماق	headword	031_2L.png	unverified
D90-5-00323	ماغدۇرسىزلاندۇرۇلماق	headword	031_2L.png	unverified
D90-5-00324	ماغدۇرسىزلانماق	headword	031_2L.png	unverified
D90-5-00325	ماغدۇرسىزلىق	headword	031_2L.png	unverified
D90-5-00326	ماغدۇرلاندۇرماق	headword	032_1R.png	unverified
D90-5-00327	ماغدۇرلانماق	headword	032_1R.png	unverified
D90-5-00328	ماغدۇرلۇق	headword	032_1R.png	unverified
D90-5-00330	ماقال	headword	032_1R.png	unverified
D90-5-00331-v1	داقال	variant	032_2L.png	unverified
D90-5-00332	ماقالە	headword	032_2L.png	unverified
D90-5-00333	ماقال-تەمسىل	headword	032_2L.png	unverified
D90-5-00334	ماقالىلىق	headword	032_2L.png	unverified
D90-5-00335	ماقام	headword	032_2L.png	unverified
D90-5-02320	مۇقام	headword	233_2L.png	unverified
D90-5-00337	ماقۇل	headword	033_1R.png	unverified
D90-5-00340	ماقۇل جاۋاب	headword	033_2L.png	unverified
D90-5-00341	ماقۇل چۈشمەك	headword	033_2L.png	unverified
D90-5-00342	ماقۇل چېيى	headword	033_2L.png	unverified
D90-5-00343	ماقۇل دېمەك	headword	033_2L.png	unverified
D90-5-00344	ماقۇل قىلماق	headword	033_2L.png	unverified
D90-5-00345	ماقۇل كەلمەك	headword	033_2L.png	unverified
D90-5-00346	ماقۇل كۆرمەك	headword	034_1R.png	unverified
D90-5-00347	ماقۇللاتماق	headword	034_1R.png	unverified
D90-5-00348	ماقۇللىلاشماق	headword	034_1R.png	unverified
D90-5-00349	ماقۇللانماق	headword	034_1R.png	unverified
D90-5-00350	ماقۇللۇق	headword	034_1R.png	unverified
D90-5-00351	ماقۇللۇق بەرمەك	headword	034_2L.png	unverified
D90-5-00352	ماقۇللۇق بىلدۈرمەك	headword	034_2L.png	unverified
D90-5-00353	ماقۇللىتىلماق	headword	034_2L.png	unverified
D90-5-00354	ماقۇللىماق	headword	034_2L.png	unverified
D90-5-00355	ماك	headword	035_1R.png	unverified
D90-5-00357	ماكاش	headword	035_1R.png	unverified
D90-5-00358	ماكاشلاشماق	headword	035_1R.png	unverified
D90-5-00359	ماكاشلىماق	headword	035_1R.png	unverified
D90-5-00360	ماكاش-ماكاش	headword	035_1R.png	unverified
D90-5-00361	ماكاكا	headword	035_1R.png	unverified
D90-5-00362	ماكان	headword	035_2L.png	unverified
D90-5-00364	ماكانداش	headword	036_1R.png	unverified
D90-5-00365	ماكانسىز	headword	036_1R.png	unverified
D90-5-00366	ماكانلاشتۇرماق	headword	036_1R.png	unverified
D90-5-00367	ماكانلاشتۇرۇشماق	headword	036_1R.png	unverified
D90-5-00368	ماكانلاشتۇرۇلماق	headword	036_1R.png	unverified
D90-5-00369	ماكانلاشماق	headword	036_2L.png	unverified
D90-5-00370	ماكانلىق	headword	036_2L.png	unverified
D90-5-00371	ماكانلىماق	headword	036_2L.png	unverified
D90-5-00372	ماكچايتماق	headword	036_2L.png	unverified
D90-5-00373	ماكچايتىشماق	headword	036_2L.png	unverified
D90-5-00374	ماكچايتىلماق	headword	037_1R.png	unverified
D90-5-00375	ماكچايماق	headword	037_1R.png	unverified
D90-5-00376	ماكرو	headword	037_1R.png	unverified
D90-5-00377	ماكرو دۇنيا	headword	037_1R.png	unverified
D90-5-00378	ماكرو گامېتا	headword	037_1R.png	unverified
D90-5-00379	ماكرو گلوبۇلىن	headword	037_1R.png	unverified
D90-5-00380	ماكرو ئىگىلىك	headword	037_2L.png	unverified
D90-5-07457	ئومۇمىي ئىگىلىك	headword	680_2L.png	unverified
D90-5-00381	ماكسىمال	headword	037_2L.png	unverified
D90-5-00382	ماك-ماك	headword	037_2L.png	unverified
D90-5-00383	ماكېدونىيە	headword	037_2L.png	unverified
D90-5-00385	ماكېدونىيە سۇلالىسى	headword	038_1R.png	unverified
D90-5-00386	ماكېدونىيە ئۇرۇشى	headword	038_1R.png	unverified
D90-5-00387	ماكىلداتماق	headword	038_2L.png	unverified
D90-5-00388	ماكىلدىتىشماق	headword	038_2L.png	unverified
D90-5-00389	ماكىلدىماق	headword	038_2L.png	unverified
D90-5-00391	ماگما	headword	039_1R.png	unverified
D90-5-00396	ماگما جىنس ئۇلى	headword	039_2L.png	unverified
D90-5-00397	ماگما جىنس ياپمىسى	headword	039_2L.png	unverified
D90-5-00398	ماگما جىنس ياتمىسى	headword	039_2L.png	unverified
D90-5-00399	ماگما سۈيى	headword	039_2L.png	unverified
D90-5-00400	ماگما كان ياتمىسى	headword	040_1R.png	unverified
D90-5-00401	ماگماتىزم	headword	040_1R.png	verified
D90-5-00402	ماگنولىيە	headword	040_1R.png	unverified
D90-5-00403	ماگنولىيە ئائىلىسى	headword	040_2L.png	unverified
D90-5-00404	ماگنېزىت	headword	040_2L.png	unverified
D90-5-00405	ماگنىت	headword	041_1R.png	unverified
D90-5-00406	ماگنىت ئانومالىيىسى	headword	041_1R.png	unverified
D90-5-00406-v1	يەر ماگنىت ئەيدەكلىكى	variant	041_1R.png	unverified
D90-5-00407	ماگنىت ئەينەك	headword	041_1R.png	unverified
D90-5-00408	ماگنىت بورىنى	headword	041_1R.png	unverified
D90-5-00409	ماگنىت بېشى	headword	041_2L.png	unverified
D90-5-00410	ماگنىت تاش	headword	041_2L.png	unverified
D90-5-00411	ماگنىت تاياقچە	headword	041_2L.png	unverified
D90-5-00412	ماگنىت تەسىرى	headword	041_2L.png	unverified
D90-5-00413	ماگنىت تېرمومېتىر	headword	041_2L.png	unverified
D90-5-00414	ماگنىت تېمپېراتۇرا شكالىسى	headword	041_2L.png	unverified
D90-5-00415	ماگنىت دولقۇنى	headword	042_1R.png	unverified
D90-5-00416	ماگنىت دومىنى	headword	042_1R.png	unverified
D90-5-00417	ماگنىت رۇدىسى	headword	042_1R.png	unverified
D90-5-00418	ماگنىت رېزۇنانسى	headword	042_1R.png	unverified
D90-5-00419	ماگنىت سترېلكىسى	headword	042_2L.png	unverified
D90-5-00420	ماگنىت قارشىلىقى	headword	042_2L.png	unverified
D90-5-00421	ماگنىت قۇتۇپى	headword	042_2L.png	unverified
D90-5-00422	ماگنىت قۇتۇپىنىڭ كۈچىنىشلىكى	headword	042_2L.png	unverified
D90-5-00423	ماگنىت كۆپۈكچىسى	headword	043_1R.png	unverified
D90-5-00424	ماگنىت كۈچ سىزىقلىرى	headword	043_1R.png	unverified
D90-5-00425	ماگنىت كۈچى	headword	043_1R.png	unverified
D90-5-00426	ماگنىت لىنزا	headword	043_1R.png	unverified
D90-5-00427	ماگنىت مەيدانى	headword	043_1R.png	unverified
D90-5-00428	ماگنىت مەيدانى كۈچىنىشلىكى	headword	043_1R.png	unverified
D90-5-00429	ماگنىت مەيدانى ئېنېرگىيىسى	headword	043_2L.png	unverified
D90-5-00430	ماگنىت مومېنتى	headword	043_2L.png	unverified
D90-5-00432	ماگنىتنىڭ ئوپتىك ئېففېكتى	headword	043_2L.png	unverified
D90-5-00433	ماگنىت ئوق سىزىقى	headword	043_2L.png	unverified
D90-5-00434	ماگنىت ئوقى	headword	043_2L.png	unverified
D90-5-00435	ماگنىت ئۆتكۈزۈشچانلىق	headword	043_2L.png	unverified
D90-5-00436	ماگنىت ئۆتكۈزۈش نىسبىتى	headword	044_1R.png	unverified
D90-5-00437	ماگنىت ئېقىقى	headword	044_1R.png	unverified
D90-5-00438	ماگنىت ئېنېرگىيىسى	headword	044_1R.png	unverified
D90-5-00439	ماگنىت ئىندۇكسىيىسى	headword	044_1R.png	unverified
D90-5-00440	ماگنىت يانتۇ بۇلۇڭى	headword	044_1R.png	unverified
D90-5-00441	ماگنىت يولى	headword	044_2L.png	unverified
D90-5-00442	ماگنىت يولى قانۇنى	headword	044_2L.png	unverified
D90-5-00443	ماگنىت يۈرگۈزگۈچى كۈچ	headword	044_2L.png	unverified
D90-5-00444	ماگنىت يىڭنىسى	headword	044_2L.png	unverified
D90-5-00445	ماگنىترون	headword	044_2L.png	unverified
D90-5-00446	ماگنىتسىزلىنىش	headword	044_2L.png	unverified
D90-5-00447	ماگنىتلاش	headword	045_1R.png	unverified
D90-5-00448	ماگنىتلاشتۇرماق	headword	045_1R.png	unverified
D90-5-00449	ماگنىتلاشماق	headword	045_1R.png	unverified
D90-5-00450	ماگنىتلاندۇرماق	headword	045_1R.png	unverified
D90-5-00451	ماگنىتلاندۇرۇلماق	headword	045_1R.png	unverified
D90-5-00452	ماگنىتلانغان	headword	045_1R.png	unverified
D90-5-00454	ماگنىتلانماق	headword	045_1R.png	unverified
D90-5-00455	ماگنىتلىق	headword	045_1R.png	unverified
D90-5-00457	ماگنىتلىق تويۇنۇش	headword	045_2L.png	unverified
D90-5-00458	ماگنىتلىق چارلاش	headword	045_2L.png	unverified
D90-5-00459	ماگنىتلىق خۇسۇسىيەت	headword	045_2L.png	unverified
D90-5-00460	ماگنىتلىق داۋالاش	headword	045_2L.png	unverified
D90-5-00461	ماگنىتلىق سپېكترومېتىر	headword	046_1R.png	unverified
D90-5-00462	ماگنىتلىق فارقۇر	headword	046_1R.png	unverified
D90-5-00463	ماگنىتلىق قۇدۇق ئۆلچەش	headword	046_1R.png	unverified
D90-5-00464	ماگنىتلىق قېتىشما	headword	046_1R.png	unverified
D90-5-00465	ماگنىتلىق لېنتا	headword	046_2L.png	unverified
D90-5-00466	ماگنىتلىق مۇھىتلار	headword	046_2L.png	unverified
D90-5-00467	ماگنىتلىق ئېغىش بۇلۇڭى	headword	046_2L.png	unverified
D90-5-00468	ماگنىتلىنىش	headword	046_2L.png	unverified
D90-5-00469	ماگنىتلىنىش دەرىجىسى	headword	046_2L.png	unverified
D90-5-00470	ماگنىتلىنىش كۈچى	headword	046_2L.png	unverified
D90-5-00471	ماگنىتلىنىش كۈچىنىشلىكى	headword	047_1R.png	unverified
D90-5-00472	ماگنىتلىنىشچان	headword	047_1R.png	unverified
D90-5-00473	ماگنىتلىنىشچانلىق	headword	047_1R.png	unverified
D90-5-00474	ماگنىتوسىتېرىكسىيە	headword	047_1R.png	unverified
D90-5-00475	ماگنىتومېتىر	headword	047_1R.png	unverified
D90-5-00476	ماگنىتىزم	headword	047_1R.png	unverified
D90-5-00477	ماگنىي	headword	047_2L.png	unverified
D90-5-00479	ماگنىي سۇلفات	headword	047_2L.png	unverified
D90-5-00480	ماگنىي نۇرى	headword	047_2L.png	unverified
D90-5-00481	ماگنىي ئوكسىد	headword	047_2L.png	unverified
D90-5-00482	ماگنىي ئوكسىد خىشى	headword	047_2L.png	unverified
D90-5-00483	ماگنىيلانماق	headword	048_1R.png	unverified
D90-5-00484	ماگنىيلىق	headword	048_1R.png	unverified
D90-5-00486	ماگۈەن	headword	048_1R.png	unverified
D90-5-00487	ماگۈەن شەرتنامىسى	headword	048_1R.png	unverified
D90-5-00488	ماگىزىن	headword	048_2L.png	unverified
D90-5-00489	ماگىزىنچى	headword	048_2L.png	unverified
D90-5-00490	ماگىزىنچىلىق	headword	048_2L.png	unverified
D90-5-00491	ماگىستىر	headword	048_2L.png	unverified
D90-5-00492	ماگىستىرال	headword	048_2L.png	unverified
D90-5-00494	ماگىستىراللىق	headword	049_1R.png	unverified
D90-5-00496	ماگىستىرلىق	headword	049_1R.png	unverified
D90-5-00497	ماڭا	headword	049_1R.png	unverified
D90-5-00498	ماڭدا	headword	049_1R.png	unverified
D90-5-00499	ماڭداتماق	headword	049_1R.png	unverified
D90-5-00500	ماڭدار	headword	049_1R.png	unverified
D90-5-00501	ماڭداشماق	headword	049_1R.png	unverified
D90-5-00502	ماڭدام	headword	049_1R.png	unverified
D90-5-00503	ماڭدامدا بىر	headword	049_2L.png	unverified
D90-5-00504	ماڭداممۇ ماڭدام	headword	049_2L.png	unverified
D90-5-00504-v1	قەدەممۇ قەدەم	variant	049_2L.png	unverified
D90-5-00505	ماڭدۇرماق	headword	049_2L.png	unverified
D90-5-00506	ماڭدۇرۇشماق	headword	049_2L.png	unverified
D90-5-00507	ماڭدۇرۇلماق	headword	049_2L.png	unverified
D90-5-00508	ماڭدىماق	headword	050_1R.png	unverified
D90-5-00509	ماڭغال	headword	050_1R.png	unverified
D90-5-00510	ماڭغۇزماق	nonstandard	050_1R.png	unverified
D90-5-00511	ماڭغۇسىز	headword	050_1R.png	unverified
D90-5-00512	ماڭغىلىماق	headword	050_1R.png	unverified
D90-5-00513	ماڭقا	headword	050_1R.png	unverified
D90-5-00515	ماڭقىسى چوۋۈلماق	headword	050_2L.png	unverified
D90-5-00516	ماڭقال	headword	050_2L.png	unverified
D90-5-00517	ماڭقان	headword	050_2L.png	unverified
D90-5-00518	ماڭلاي	headword	050_2L.png	unverified
D90-5-00519	ماڭلاي تەرى	headword	051_1R.png	unverified
D90-5-00520	ماڭلاي چاچ	headword	051_1R.png	unverified
D90-5-00521	ماڭلاي سۆڭىكى	headword	051_1R.png	unverified
D90-5-00522	ماڭلايلىق	headword	051_1R.png	unverified
D90-5-00523	ماڭماق	headword	051_1R.png	unverified
D90-5-00524	ماڭە نېرى	headword	051_2L.png	unverified
D90-5-00525	مال	headword	051_2L.png	unverified
D90-5-00526	مال ئەتمەك	headword	052_1R.png	unverified
D90-5-00536	مال قىلماق	headword	053_1R.png	unverified
D90-5-00527	مال بازىرى	headword	052_1R.png	unverified
D90-5-00528	مال باھاسى	headword	052_1R.png	unverified
D90-5-00529	مال بولماق	headword	052_1R.png	unverified
D90-5-00530	مال دوختۇرخانىسى	headword	052_2L.png	unverified
D90-5-00531	مال دوختۇرلۇق	headword	052_2L.png	unverified
D90-5-00532	مال دوختۇرى	headword	052_2L.png	unverified
D90-5-00533	مال ساتقۇچى	headword	052_2L.png	unverified
D90-5-00534	مال سارىيى	headword	053_1R.png	unverified
D90-5-00535	مال سىغىمچانلىقى	headword	053_1R.png	unverified
D90-5-00537	مال ئېلىش تالۇنى	headword	053_1R.png	unverified
D90-5-00538	مال يايماق	headword	053_1R.png	unverified
D90-5-00539	مالاخىت	headword	053_1R.png	unverified
D90-5-00540	مالاقەت	nonstandard	053_1R.png	unverified
D90-5-02406	مۇلاقات	headword	241_2L.png	unverified
D90-5-00541	مالال	headword	053_1R.png	verified
D90-5-00542	مالال قىلماق	headword	053_2L.png	unverified
D90-5-00543	مالال كەلمەك	headword	053_2L.png	unverified
D90-5-00544	مالال كۆرمەك	headword	053_2L.png	unverified
D90-5-00545	مالالەت	headword	054_1R.png	unverified
D90-5-00546	مالالچىلىق	headword	054_1R.png	unverified
D90-5-00547	مالاللىق	headword	054_1R.png	unverified
D90-5-00550	مالامەت	headword	054_1R.png	unverified
D90-5-00551	مالامەتلىك	headword	054_2L.png	unverified
D90-5-00552	مالائىكە	headword	054_2L.png	unverified
D90-5-00553	مالاي	headword	054_2L.png	unverified
D90-5-00554	مالايلارچە	headword	055_1R.png	unverified
D90-5-00554-v1	قۇللارچە	variant	055_1R.png	unverified
D90-5-00555	مالايلىق	headword	055_1R.png	unverified
D90-5-00556	مالەم	headword	055_1R.png	unverified
D90-5-00557	مال-بىسات	headword	055_1R.png	unverified
D90-5-00558	مال-پال	headword	055_1R.png	unverified
D90-5-00559	مالپەرەس	headword	055_2L.png	unverified
D90-5-00560	مالپەرەسلىك	headword	055_2L.png	unverified
D90-5-00561	مالتاق	headword	055_2L.png	unverified
D90-5-00562	مالتوزا	headword	055_2L.png	unverified
D90-5-00563	مالتۇس	headword	056_1R.png	unverified
D90-5-00564	مالتۇس تەلىماتى	headword	056_1R.png	unverified
D90-5-00565	مالتۇسچىلىق	headword	056_1R.png	unverified
D90-5-00566	مالتۇلاتماق	headword	056_1R.png	unverified
D90-5-00567	مالتىلاشماق	headword	056_1R.png	unverified
D90-5-00568	مالتىلانماق	headword	056_1R.png	unverified
D90-5-00569	مالتىلىماق	headword	056_2L.png	unverified
D90-5-00570	مالچى	headword	056_2L.png	unverified
D90-5-00571	مالچىلىق	headword	056_2L.png	unverified
D90-5-00572	مالخانا	headword	056_2L.png	unverified
D90-5-00573	مالدار	headword	056_2L.png	unverified
D90-5-00574	مالىخاي	headword	057_2L.png	unverified
D90-5-00575	مالىخۇليا	headword	057_2L.png	unverified
D90-5-00576	مالىك	headword	057_2L.png	unverified
D90-5-00577	مالىماتاڭ	headword	057_2L.png	unverified
D90-5-00579	مالىماتاڭچىلىق	headword	058_1R.png	unverified
D90-5-00580	مالىماتاڭلاشتۇرماق	headword	058_1R.png	unverified
D90-5-00581	مالىماتاڭلاشماق	headword	058_1R.png	unverified
D90-5-00582	مالىمان	headword	058_1R.png	unverified
D90-5-00583	مالىمانچى	headword	058_2L.png	unverified
D90-5-00584	مالىمانچىلىق	headword	058_2L.png	unverified
D90-5-00585	مالىمانلاشتۇرماق	headword	058_2L.png	unverified
D90-5-00586	مالىمانلاشماق	headword	058_2L.png	unverified
D90-5-00587	مالىمانلىق ئې	headword	059_1R.png	unverified
D90-5-00588	مالىنا	headword	059_1R.png	verified
D90-5-00589	مالىيە	headword	059_1R.png	unverified
D90-5-00593	مالىيە زاپىسى	headword	059_2L.png	unverified
D90-5-00594	مالىيە قالدۇقى	headword	059_2L.png	unverified
D90-5-00595	مالىيە قىزىل رەقەمى	headword	059_2L.png	unverified
D90-5-00596	مالىيە كاپىتالى	headword	059_2L.png	unverified
D90-5-00597	مالىيە كېھرىزى	headword	059_2L.png	unverified
D90-5-00598	مالىيە كىرىمى	headword	059_2L.png	unverified
D90-5-00599	مالىيە گۇرۇھى	headword	059_2L.png	unverified
D90-5-00600	مالىيە مەبلىغى	headword	059_2L.png	unverified
D90-5-00601	مالىيە مەنبەسى	headword	060_1R.png	unverified
D90-5-00602	مالىيە نازارەتچىلىكى	headword	060_1R.png	unverified
D90-5-00603	مالىيە ئىنتىزامى	headword	060_1R.png	unverified
D90-5-00604	مالىيە يىلى	headword	060_1R.png	unverified
D90-5-00605	مالىيە - سودا	headword	060_1R.png	unverified
D90-5-00606	مامات	headword	060_1R.png	unverified
D90-5-00608	ماماتلىق	headword	060_2L.png	unverified
D90-5-00609	مامپۇ	headword	060_2L.png	unverified
D90-5-00610	مامكاپ	headword	060_2L.png	unverified
D90-5-00611	مامونت	headword	060_2L.png	unverified
D90-5-00613	مامۇق	headword	061_1R.png	unverified
D90-5-00616	مامىرانچىن	headword	061_2L.png	unverified
D90-5-00617	مامىسا	headword	061_2L.png	unverified
D90-5-00618	مانا	headword	061_2L.png	unverified
D90-5-00619	مانا ئەمدى	headword	062_1R.png	unverified
D90-5-00620	مانا ئەمىسە	headword	062_1R.png	unverified
D90-5-00621	مانا مەن	headword	062_1R.png	unverified
D90-5-00622	مانا-ئەنە	headword	062_2L.png	unverified
D90-5-00622-v1	ئەنە-مانا	variant	062_2L.png	unverified
D90-5-00623	ماناسقان	headword	062_2L.png	unverified
D90-5-00624	مانان	headword	062_2L.png	unverified
D90-5-00625	مانان بولماق	headword	062_2L.png	unverified
D90-5-00627	مانانلاشتۇرماق	headword	062_2L.png	unverified
D90-5-00628	مانانلاشماق	headword	062_2L.png	unverified
D90-5-00629	مانانلىق	headword	062_2L.png	unverified
D90-5-00630	مانتا	headword	063_1R.png	unverified
D90-5-00631	مانتا كاۋسى	headword	063_1R.png	unverified
D90-5-00632	مانتىپەز	headword	063_1R.png	unverified
D90-5-00633	مانتىپەزلىك	headword	063_2L.png	unverified
D90-5-00634	مانتىچى	headword	063_2L.png	unverified
D90-5-00635	مانتىخانا	headword	063_2L.png	unverified
D90-5-00636	مانتىيور	headword	063_2L.png	unverified
D90-5-00636-v1	توكچى	variant	063_2L.png	unverified
D90-5-00637	مانجا	headword	063_2L.png	unverified
D90-5-00639	مانجۇ	headword	063_2L.png	verified
D90-5-00642	مانجۇچە	headword	064_1R.png	unverified
D90-5-00643	مانجۇرىيە	headword	064_1R.png	unverified
D90-5-00644	مانجۇرىيە ئەرمىدۇنى	headword	064_1R.png	unverified
D90-5-00645	مانجۇرىيە دۆلىتى	headword	064_1R.png	unverified
D90-5-00646	مانجۇرىيە ياڭىقى	headword	064_1R.png	unverified
D90-5-00647	مانجۇلار	headword	064_2L.png	verified
D90-5-00648	مانجىت	headword	064_2L.png	unverified
D90-5-00649	مانجىتلىق	headword	064_2L.png	unverified
D90-5-00650	مانچىستىر	headword	064_2L.png	unverified
D90-5-00651	مانچىستىر بۆك	headword	065_1R.png	unverified
D90-5-00652	مانچىستىر دوپپا	headword	065_1R.png	unverified
D90-5-00653	ماندات	headword	065_1R.png	unverified
D90-5-00654	ماندات ھۆكۈمرانلىق	headword	065_1R.png	unverified
D90-5-00655	ماندار	headword	065_1R.png	unverified
D90-5-00656	ماندارىن	headword	065_1R.png	unverified
D90-5-00657	مانداق	headword	065_2L.png	unverified
D90-5-02498	مۇنداق	headword	250_1R.png	unverified
D90-5-00658	ماندالىن	headword	065_2L.png	unverified
D90-5-00660	مانگانىت	headword	065_2L.png	unverified
D90-5-00660-v1	سۇلۇق مانگان تېشى	variant	065_2L.png	unverified
D90-5-00661	مانگرو	headword	065_2L.png	unverified
D90-5-00661-v1	مانگرو دەرىخى	variant	065_2L.png	unverified
D90-5-00663	مانگلىتسىيە	headword	066_1R.png	unverified
D90-5-00664	مانگو	headword	066_1R.png	unverified
D90-5-00665	مانۇفاكتۇرا	headword	066_1R.png	unverified
D90-5-00666	مانومېتىر	headword	066_1R.png	unverified
D90-5-00667	مانېكېن	headword	066_1R.png	unverified
D90-5-00668	مانېۋر	headword	066_1R.png	unverified
D90-5-00669	مانى	headword	066_2L.png	unverified
D90-5-00670	مانى دىنى	headword	066_2L.png	unverified
D90-5-00671	مانىزم	headword	066_2L.png	unverified
D90-5-00672	مانىفېست	headword	066_2L.png	unverified
D90-5-00673	مانىلا	headword	066_2L.png	unverified
D90-5-00674	مانىلا كەنىرى	headword	067_1R.png	unverified
D90-5-00675	مانىلكارا	headword	067_1R.png	unverified
D90-5-00676	مانىھوت	headword	067_1R.png	unverified
D90-5-00677	ماھارەت	headword	067_1R.png	unverified
D90-5-00678	ماھارەت كۆرسەتمەك	headword	067_2L.png	unverified
D90-5-00679	ماھارەت كۆرسىتىش تەنھەرىكىتى	headword	067_2L.png	unverified
D90-5-00680	ماھارەت كۆرسىتىش گىمناستىكىسى	headword	068_1R.png	unverified
D90-5-00681	ماھارەتچانلىق	headword	068_1R.png	unverified
D90-5-00682	ماھارەتلىك	headword	068_1R.png	unverified
D90-5-00683	ماھال	nonstandard	068_1R.png	unverified
D90-5-01512	مەھەل	headword	157_1R.png	unverified
D90-5-00684	ماھايانا	headword	068_1R.png	unverified
D90-5-00685	ماھىنئەنۋەر	headword	068_2L.png	unverified
D90-5-00686	ماھىپەيكەر	headword	068_2L.png	unverified
D90-5-00687	ماھىتابان	headword	068_2L.png	unverified
D90-5-00688	ماھىر	headword	068_2L.png	unverified
D90-5-00689	ماھىرانە	headword	068_2L.png	unverified
D90-5-00690	ماھىرلاشتۇرماق	headword	069_1R.png	unverified
D90-5-00691	ماھىرلاشماق	headword	069_1R.png	unverified
D90-5-00692	ماھىرلىق	headword	069_1R.png	unverified
D90-5-00693	ماھىيەت	headword	069_1R.png	unverified
D90-5-00694	ماھىيەتچىلىك	headword	069_1R.png	unverified
D90-5-00695	ماھىيەتسىز	headword	069_2L.png	unverified
D90-5-00697	ماھىيەتلىك	headword	069_2L.png	unverified
D90-5-00699	ماھىيەتلىك بەلگە	headword	070_1R.png	unverified
D90-5-00700	ماھىيەتلىك قوزغىلىش	headword	070_1R.png	unverified
D90-5-00701	ماھىيەتلىك يۇتۇش	headword	070_1R.png	unverified
D90-5-00702	ماھىيەتلىك يېرىم ئۆتكۈزگۈچ	headword	070_1R.png	unverified
D90-5-00703	ماۋتەي	headword	070_1R.png	unverified
D90-5-00704	ماۋخوزەرىش	headword	070_1R.png	unverified
D90-5-00705	ماۋزۇ	headword	070_2L.png	unverified
D90-5-00706	ماۋزۇر	headword	070_2L.png	unverified
D90-5-00707	ماۋزۇسىز	headword	070_2L.png	unverified
D90-5-00708	ماۋزۇلۇق	headword	070_2L.png	unverified
D90-5-00709	ماۋزېدۇڭ	headword	071_1R.png	unverified
D90-5-00710	ماۋنەن	headword	071_1R.png	unverified
D90-5-00711	ماۋنەنچە	headword	071_1R.png	unverified
D90-5-00712	ماۋنەنلەر	headword	071_2L.png	verified
D90-5-00713	ماۋۇ	headword	071_2L.png	unverified
D90-5-00714	ماۋىي	headword	071_2L.png	unverified
D90-5-00715	ماي	headword	071_2L.png	unverified
D90-5-00717	ماي پارقىراقلىقى	headword	072_1R.png	verified
D90-5-00718	ماي پالمىسى	headword	072_1R.png	unverified
D90-5-00719	ماي پومپىسى	headword	072_1R.png	unverified
D90-5-00720	ماي تارتماق	headword	072_2L.png	unverified
D90-5-00721	ماي تەر	headword	072_2L.png	unverified
D90-5-00722	ماي تۆكۈلسە يالىغۇدەك	headword	072_2L.png	unverified
D90-5-00723	ماي چاينىماق	headword	072_2L.png	unverified
D90-5-00724	مايدەك ياقماق	headword	072_2L.png	unverified
D90-5-00725	ماي قارىغاي	headword	073_1R.png	unverified
D90-5-00726	ماي قەغەز	headword	073_1R.png	unverified
D90-5-00727	ماي قەلەم	headword	073_1R.png	unverified
D90-5-00728	ماي كاۋسى	headword	073_1R.png	unverified
D90-5-00729	ماي كىسلاتاسى	headword	073_1R.png	unverified
D90-5-00731	مايا	headword	073_2L.png	verified
D90-5-00734	ماياتنىك	headword	073_2L.png	unverified
D90-5-00735	ماياق	headword	074_1R.png	unverified
D90-5-00737	ماياقتاش	headword	074_1R.png	unverified
D90-5-00738	ماياقلاتماق	headword	074_1R.png	unverified
D90-5-00739	ماياقلاشماق	headword	074_1R.png	unverified
D90-5-00740	ماياقلىق	headword	074_1R.png	unverified
D90-5-00741	ماياقلىماق	headword	074_1R.png	unverified
D90-5-00742	ماياك	headword	074_2L.png	unverified
D90-5-00743	مايتۇ	headword	074_2L.png	unverified
D90-5-00744	مايتۇق	headword	074_2L.png	unverified
D90-5-00745	مايتۇق-سايتۇق	headword	074_2L.png	unverified
D90-5-00746	مايداڭ	headword	074_2L.png	unverified
D90-5-00747	مايدان	headword	074_2L.png	unverified
D90-5-00748	مايسا	headword	074_2L.png	unverified
D90-5-00749	مايسا بەلگىلىمەك	headword	075_1R.png	unverified
D90-5-00750	مايسا بولماق	headword	075_1R.png	unverified
D90-5-00751	مايسا تاقلىماق	headword	075_1R.png	unverified
D90-5-00752	مايسا تولۇقلىماق	headword	075_1R.png	unverified
D90-5-00753	مايسا رەڭ	headword	075_1R.png	unverified
D90-5-00754	مايسا كۆچۈرمەك	headword	075_1R.png	unverified
D90-5-00755	مايسا مەزگىلى	headword	075_1R.png	unverified
D90-5-00756	مايسا ئولتۇرغۇزماق	headword	075_1R.png	unverified
D90-5-00757	مايسەن	headword	075_2L.png	unverified
D90-5-00758	مايسىراتماق	headword	075_2L.png	unverified
D90-5-00759	مايسىراشماق	headword	075_2L.png	unverified
D90-5-00760	مايسىرىماق	headword	075_2L.png	unverified
D90-5-00761	مايسىز	headword	075_2L.png	unverified
D90-5-00762	مايسىزار	headword	075_2L.png	unverified
D90-5-00763	مايسىزارلىق	headword	075_2L.png	unverified
D90-5-00764	مايسىلىق	headword	076_1R.png	unverified
D90-5-00765	مايقوڭغۇز	headword	076_1R.png	unverified
D90-5-00766	مايقۇرت	headword	076_1R.png	unverified
D90-5-00766-v1	سۈۋەرەك	variant	076_1R.png	unverified
D90-5-00767	مايكا	headword	076_1R.png	unverified
D90-5-00768	مايكىچان	headword	076_1R.png	unverified
D90-5-00769	مايگۈل	headword	076_1R.png	unverified
D90-5-00769-v1	ئېيىقتاپان	variant	076_1R.png	unverified
D90-5-00770	مايلاتماق	headword	076_1R.png	unverified
D90-5-00771	مايلاشماق	headword	076_1R.png	unverified
D90-5-00772	مايلاقسىز	headword	076_1R.png	unverified
D90-5-00773	مايلاقلىق	headword	076_2L.png	unverified
D90-5-00774	مايلامچى	headword	076_2L.png	unverified
D90-5-00775	مايلامچىلىق	headword	076_2L.png	unverified
D90-5-00776	مايلانماق	headword	076_2L.png	unverified
D90-5-00777	مايلىشاڭغۇ	headword	076_2L.png	unverified
D90-5-00778	مايلىق	headword	076_2L.png	unverified
D90-5-00780	مايلىق چاي دەرىخى	headword	077_1R.png	unverified
D90-5-00781	مايلىق دان	headword	077_1R.png	unverified
D90-5-00782	مايلىق زەيتۇن دەرىخى	headword	077_1R.png	unverified
D90-5-00783	مايلىماق	headword	077_2L.png	unverified
D90-5-00784	مايماق	headword	077_2L.png	unverified
D90-5-00785	مايماق-سايماق	headword	078_1R.png	unverified
D90-5-00786	مايمۇن	headword	078_1R.png	unverified
D90-5-00789	مايمۇن يىلى	headword	078_2L.png	unverified
D90-5-00790	مايمۇنەنجىۋىلى	headword	078_2L.png	unverified
D90-5-00791	مايمۇنسىمان	headword	078_2L.png	unverified
D90-5-00792	مايمۇنسىمان ئادەم	headword	078_2L.png	unverified
D90-5-00793	مايمۇنشاپتۇلى	headword	078_2L.png	unverified
D90-5-00794	مايمۇنگۈل	headword	079_1R.png	unverified
D90-5-00795	مايور	headword	079_1R.png	unverified
D90-5-00795-v1	شاۋشياۋ	variant	079_1R.png	unverified
D90-5-00797	مايىل	headword	079_1R.png	unverified
D90-5-00798	مايىل بولماق	headword	079_2L.png	unverified
D90-5-00799	مايىل قىلماق	headword	079_2L.png	unverified
D90-5-00800	مايىللاشتۇرماق	headword	079_2L.png	unverified
D90-5-00801	مايىللاشتۇرۇلماق	headword	079_2L.png	unverified
D90-5-00802	مايىللاشماق	headword	079_2L.png	unverified
D90-5-00803	مايىللىق	headword	079_2L.png	unverified
D90-5-00804	مە	headword	080_1R.png	unverified
D90-5-00806	مەبلەغ	headword	080_1R.png	unverified
D90-5-00808	مەبلەغ سالماق	headword	080_2L.png	unverified
D90-5-00809	مەبلەغ مەبىي	headword	080_2L.png	unverified
D90-5-00810	مەبلەغ ئوبوروتى	headword	080_2L.png	unverified
D90-5-00811	مەبۇد	headword	080_2L.png	unverified
D90-5-00812	مەپە	headword	080_2L.png	unverified
D90-5-00813	مەپتۈن	headword	080_2L.png	unverified
D90-5-00814	مەپتۇن ئەتمەك	headword	081_1R.png	unverified
D90-5-00817	مەپتۇن قىلماق	headword	081_1R.png	unverified
D90-5-00815	مەپتۇن ئەيلىمەك	headword	081_1R.png	unverified
D90-5-00816	مەپتۇن بولماق	headword	081_1R.png	unverified
D90-5-00818	مەپتۇنلۇق	headword	081_1R.png	unverified
D90-5-00819	مەپكۈرە	headword	081_2L.png	unverified
D90-5-00820	مەپھۇم	headword	081_2L.png	verified
D90-5-00821	مەپىچى	headword	081_2L.png	unverified
D90-5-00822	مەپىخانا	headword	081_2L.png	unverified
D90-5-00823	مەپىكەش	headword	081_2L.png	unverified
D90-5-00824	مەپىلىك	headword	081_2L.png	unverified
D90-5-00825	مەتانەت	headword	082_1R.png	unverified
D90-5-00826	مەتە	headword	082_1R.png	unverified
D90-5-00827	مەتەل	headword	082_1R.png	unverified
D90-5-00828	مەتبەئە	headword	082_1R.png	unverified
D90-5-00830	مەتبەئەچى	headword	082_1R.png	unverified
D90-5-00831	مەتبەئەچىلىك	headword	082_1R.png	unverified
D90-5-00832	مەتبۇئات	headword	082_2L.png	unverified
D90-5-00833	مەتبۇئاتچى	headword	082_2L.png	unverified
D90-5-00834	مەتبۇئاتچىلىق	headword	082_2L.png	unverified
D90-5-00835	مەتلۇب	headword	082_2L.png	unverified
D90-5-00836	مەتلۇب قىلماق	headword	082_2L.png	unverified
D90-5-00837	مەتۇ	headword	082_2L.png	unverified
D90-5-00838	مەتۇرىدى	headword	082_2L.png	unverified
D90-5-00839	مەتۇرىدىلار	headword	082_2L.png	unverified
D90-5-00840	مەتۇلۇق	headword	083_1R.png	unverified
D90-5-00841	مەجاز	headword	083_1R.png	unverified
D90-5-00842	مەجازلىق	headword	083_1R.png	unverified
D90-5-00843	مەجازىي	headword	083_1R.png	unverified
D90-5-00844	مەجبۇر	headword	083_1R.png	unverified
D90-5-00846	مەجبۇرەن	headword	083_2L.png	unverified
D90-5-00847	مەجبۇرلاشماق	headword	083_2L.png	unverified
D90-5-00848	مەجبۇرلانماق	headword	083_2L.png	unverified
D90-5-00849	مەجبۇرلۇق	headword	083_2L.png	unverified
D90-5-00850	مەجبۇرلىماق	headword	083_2L.png	unverified
D90-5-00851	مەجبۇرىي	headword	083_2L.png	unverified
D90-5-00852	مەجبۇرىي تەۋرىنىش	headword	084_1R.png	unverified
D90-5-00853	مەجبۇرىي دەرىجە	headword	084_1R.png	unverified
D90-5-00854	مەجبۇرىي مائارىپ	headword	084_1R.png	unverified
D90-5-00855	مەجبۇرىي نىكاھ	headword	084_1R.png	unverified
D90-5-00856	مەجبۇرىيەت	headword	084_2L.png	unverified
D90-5-00857	مەجرۇھ	headword	084_2L.png	unverified
D90-5-00858	مەجرۇھلانماق	headword	085_1R.png	unverified
D90-5-00859	مەجرۇھلۇق	headword	085_1R.png	unverified
D90-5-00860	مەجلىس	headword	085_1R.png	unverified
D90-5-00861	مەجلىسخانا	headword	085_1R.png	unverified
D90-5-00862	مەجلىسداش	headword	085_2L.png	unverified
D90-5-00863	مەجلىسۋاز	headword	085_2L.png	unverified
D90-5-00864	مەجلىسۋازلىق	headword	085_2L.png	unverified
D90-5-00865	مەجنۇن	headword	085_2L.png	unverified
D90-5-00866	مەجنۇنتال	headword	086_1R.png	unverified
D90-5-00867	مەجنۇنتاللىق	headword	086_1R.png	unverified
D90-5-00868	مەجنۇنلارچە	headword	086_1R.png	unverified
D90-5-00869	مەجنۇنلۇق	headword	086_1R.png	unverified
D90-5-00870	مەجمۇئە	headword	086_1R.png	unverified
D90-5-00871	مەجھۇل	headword	086_2L.png	unverified
D90-5-00872	مەجھۇل پېئىل	headword	086_2L.png	unverified
D90-5-00873	مەجھۇل دەرىجە	headword	086_2L.png	unverified
D90-5-00874	مەجھۇل سان	headword	086_2L.png	verified
D90-5-00874-v1	نامەلۇم سان	variant	086_2L.png	verified
D90-5-00875	مەجۇسىي	headword	086_2L.png	unverified
D90-5-00876	مەجۇسىيەت	headword	086_2L.png	unverified
D90-5-00877	مەجۇسىيلىق	headword	086_2L.png	unverified
D90-5-00878	مەجۈج	headword	087_1R.png	unverified
D90-5-00879	مەجۈن	headword	087_1R.png	unverified
D90-5-00880	مەجىگە	headword	087_1R.png	unverified
D90-5-00881	مەخپىي	headword	087_1R.png	unverified
D90-5-00884	مەخپىيەت	headword	087_1R.png	unverified
D90-5-00885	مەخپىيەتلىك	headword	087_2L.png	unverified
D90-5-00886	مەخپىيلەشتۈرمەك	headword	087_2L.png	unverified
D90-5-00887	مەخپىيلەشتۈرۈلمەك	headword	087_2L.png	unverified
D90-5-00888	مەخپىيلەشمەك	headword	087_2L.png	unverified
D90-5-00889	مەخپىيلىك	headword	087_2L.png	unverified
D90-5-00890	مەخرەج	headword	087_2L.png	unverified
D90-5-00892	مەخرەجلىك	headword	088_1R.png	unverified
D90-5-00893	مەخسۇس	headword	088_1R.png	unverified
D90-5-00895	مەخسۇس سېتىش	headword	088_2L.png	unverified
D90-5-00896	مەخسۇس شىركەت	headword	088_2L.png	unverified
D90-5-00897	مەخسۇس فوند	headword	088_2L.png	unverified
D90-5-00898	مەخسۇس مەبلەغ	headword	088_2L.png	unverified
D90-5-00899	مەخسۇسلاشتۇرماق	headword	088_2L.png	unverified
D90-5-00900	مەخسۇسلاشتۇرۇشماق	headword	088_2L.png	unverified
D90-5-00901	مەخسۇسلاشتۇرۇلماق	headword	089_1R.png	unverified
D90-5-00902	مەخسۇسلاشماق	headword	089_1R.png	unverified
D90-5-00903	مەخسۇم	headword	089_1R.png	unverified
D90-5-00904	مەخلۇق	headword	089_1R.png	unverified
D90-5-00905	مەخلۇقات	headword	089_2L.png	unverified
D90-5-00906	مەخمەل	headword	089_2L.png	unverified
D90-5-00907	مەخمەلدەك	headword	089_2L.png	unverified
D90-5-00908	مەخمەلگۈل	headword	089_2L.png	unverified
D90-5-00909	مەدەت	headword	089_2L.png	unverified
D90-5-00911	مەدەت بەرمەك	headword	090_1R.png	unverified
D90-5-00912	مەدەت بولماق	headword	090_1R.png	unverified
D90-5-00913	مەدەت قىلماق	headword	090_1R.png	unverified
D90-5-00914	مەدەتكار	headword	090_1R.png	unverified
D90-5-00915	مەدەتكارلىق	headword	090_2L.png	unverified
D90-5-00916	مەدەتلەندۈرمەك	headword	090_2L.png	unverified
D90-5-00917	مەدەتلەنمەك	headword	090_2L.png	unverified
D90-5-00918	مەدەستان	headword	090_2L.png	unverified
D90-5-00919	مەدەك	headword	090_2L.png	unverified
D90-5-00920	مەدەن	headword	090_2L.png	unverified
D90-5-00921	مەدەن ھاسىل قىلغۇچى ئېلېمېنتلار	headword	091_1R.png	unverified
D90-5-00922	مەدەنىيەت	headword	091_1R.png	unverified
D90-5-00923	مەدەنىيەت تەربىيىسى	headword	091_2L.png	unverified
D90-5-00924	مەدەنىيەت قاتلىمى	headword	091_2L.png	unverified
D90-5-00925	مەدەنىيەت قۇرۇلۇشى	headword	091_2L.png	unverified
D90-5-00926	مەدەنىيەت ئۆيى	headword	092_1R.png	unverified
D90-5-00927	مەدەنىيەت يادىكارلىقلىرى	headword	092_1R.png	unverified
D90-5-00928	مەدەنىيەت يۇرتى	headword	092_1R.png	unverified
D90-5-00929	مەدەنىيەتپەرۋەر	headword	092_1R.png	unverified
D90-5-00930	مەدەنىيەتپەرۋەرلىك	headword	092_1R.png	unverified
D90-5-00931	مەدەنىيەتسىز	headword	092_2L.png	unverified
D90-5-00932	مەدەنىيەتسىزلىك	headword	092_2L.png	unverified
D90-5-00933	مەدەنىيەتلىك	headword	092_2L.png	unverified
D90-5-00934	مەدەنىيەت-مائارىپ	headword	092_2L.png	unverified
D90-5-00935	مەدەنىي	headword	092_2L.png	unverified
D90-5-00936	مەدەنىي ئاقارتىش ئۇيۇشمىسى	headword	093_1R.png	unverified
D90-5-00937	مەدەنىي تۇرمۇش	headword	093_1R.png	unverified
D90-5-00938	مەدەنىي كۆڭۈل ئېچىش	headword	093_2L.png	unverified
D90-5-00939	مەدەنىي ھايات	headword	093_2L.png	unverified
D90-5-00940	مەدەنىيلەشتۈرمەك	headword	093_2L.png	unverified
D90-5-00941	مەدەنىيلەشتۈرۈلمەك	headword	093_2L.png	unverified
D90-5-00942	مەدەنىيلەشمەك	headword	093_2L.png	unverified
D90-5-00943	مەدداھ	headword	094_1R.png	unverified
D90-5-00944	مەدداھلارچە	headword	094_1R.png	unverified
D90-5-00945	مەدداھلىق	headword	094_1R.png	unverified
D90-5-00946	مەددە	headword	094_2L.png	unverified
D90-5-00947	مەدرىسە	headword	094_2L.png	unverified
D90-5-00949	مەدھىيە	headword	095_1R.png	unverified
D90-5-00950	مەدھىيە ئوقۇماق	headword	095_1R.png	unverified
D90-5-00951	مەدھىيىچى	headword	095_1R.png	unverified
D90-5-00952	مەدھىيىلەتمەك	headword	095_1R.png	unverified
D90-5-00953	مەدھىيىلەشمەك	headword	095_1R.png	unverified
D90-5-00954	مەدھىيىلەنمەك	headword	095_2L.png	unverified
D90-5-00955	مەدھىيىلىمەك	headword	095_2L.png	unverified
D90-5-00956	مەدھىيىنامە	headword	095_2L.png	unverified
D90-5-00957	مەدىكار	headword	095_2L.png	unverified
D90-5-00958	مەدىكارچىلىق	headword	095_2L.png	unverified
D90-5-00960	مەدىكارلىق	headword	096_1R.png	unverified
D90-5-00959	مەدىكارلارچە	headword	096_1R.png	unverified
D90-5-00961	مەرئا	headword	096_1R.png	unverified
D90-5-00962	مەرەپ	nonstandard	096_1R.png	unverified
D90-5-02938	مېھراب	headword	285_1R.png	unverified
D90-5-00963	مەرەپكە	headword	096_1R.png	unverified
D90-5-00964	مەرەتمەك	headword	096_1R.png	unverified
D90-5-00965	مەرەز	headword	096_1R.png	unverified
D90-5-00966	مەرەزدار	headword	096_2L.png	unverified
D90-5-00967	مەرەشمەك	headword	096_2L.png	unverified
D90-5-00968	مەرەكلىمەك	nonstandard	096_2L.png	unverified
D90-5-01931	مۇبارەكلىمەك	headword	196_1R.png	unverified
D90-5-00969	مەرەم	headword	096_2L.png	unverified
D90-5-00970	مەرپە	headword	097_1R.png	unverified
D90-5-00971	مەرتە	headword	097_1R.png	unverified
D90-5-00972	مەرتەم	headword	097_1R.png	unverified
D90-5-00973	مەرتەم-مەرتەم	headword	097_1R.png	unverified
D90-5-00974	مەرتەم-مەرتەم ئۈچ مەرتەم	headword	097_1R.png	unverified
D90-5-00975	مال-دۇنيا	headword	097_2L.png	unverified
D90-5-00976	مالسىز	headword	097_2L.png	unverified
D90-5-00977	مالغۇشلىماق	headword	097_2L.png	unverified
D90-5-00978	مال-مۈلۈك	headword	097_2L.png	unverified
D90-5-00979	مال-مېكەت	headword	097_2L.png	verified
D90-5-00980	مالۋاران	headword	097_2L.png	unverified
D90-5-00981	مەرد	headword	098_1R.png	unverified
D90-5-00982	مەردلەرچە	headword	098_1R.png	unverified
D90-5-00983	مەردلىك	headword	098_2L.png	unverified
D90-5-00984	مەردلىك قىلماق	headword	098_2L.png	unverified
D90-5-00985	مەردانە	headword	099_1R.png	unverified
D90-5-00986	مەردانىلارچە	headword	099_1R.png	unverified
D90-5-00987	مەردانىلىك	headword	099_1R.png	unverified
D90-5-00988	مەردەشمەك	headword	099_2L.png	unverified
D90-5-00989	مەردەك	headword	099_2L.png	unverified
D90-5-00990	مەردىمەيدان	headword	099_2L.png	unverified
D90-5-00991	مەررە	headword	099_2L.png	unverified
D90-5-00992	مەرزەڭگە	headword	099_2L.png	unverified
D90-5-00994	مەرزەنجۈش	headword	099_2L.png	unverified
D90-5-00995	مەرسىيە	headword	100_1R.png	unverified
D90-5-00996	مەرسىيە قوشىقى	headword	100_1R.png	unverified
D90-5-00997	مەرسىيە كۈيى	headword	100_1R.png	unverified
D90-5-00998	مەرسىيە مۇزىكىسى	headword	100_2L.png	unverified
D90-5-00998-v1	ماتەم مۇزىكىسى	variant	100_2L.png	unverified
D90-5-00999	مەرسىيە ناخشىسى	headword	100_2L.png	unverified
D90-5-01000	مەرسىيە ئوقۇماق	headword	100_2L.png	unverified
D90-5-01001	مەرسىيە ئېيتماق	headword	100_2L.png	unverified
D90-5-01002	مەرغۇپ	headword	100_2L.png	unverified
D90-5-01003	مەرغۇل	headword	100_2L.png	unverified
D90-5-01004	مەرغۇلسىز	headword	101_1R.png	unverified
D90-5-01005	مەرغۇللاتماق	headword	101_1R.png	unverified
D90-5-01006	مەرغۇللۇق	headword	101_2L.png	unverified
D90-5-01007	مەركەز	headword	101_2L.png	unverified
D90-5-01008	مەركەز خامچوتى	headword	102_1R.png	unverified
D90-5-01009	مەركەزدىن چىققۇچى نېرۋا	headword	102_2L.png	unverified
D90-5-01010	مەركەزدىن قاچما پومپا	headword	102_2L.png	unverified
D90-5-01011	مەركەزدىن قاچما كۈچ	headword	102_2L.png	unverified
D90-5-01012	مەركەزدىن قاچما ماشىنا	headword	102_2L.png	unverified
D90-5-01013	مەركەزگە كىرگۈچى نېرۋا	headword	103_1R.png	unverified
D90-5-01014	مەركەزگە ئېنتىلمە كۈچ	headword	103_1R.png	unverified
D90-5-01015	مەركەزلەر سىزىقى	headword	103_1R.png	unverified
D90-5-01016	مەركەزچىلىك	headword	103_1R.png	unverified
D90-5-01017	مەركەزداش	headword	103_1R.png	unverified
D90-5-01018	مەركەزداش چەمبەرلەر	headword	103_2L.png	unverified
D90-5-01019	مەركەزلەشتۈرمەك	headword	103_2L.png	unverified
D90-5-01020	مەركەزلەشتۈرۈشمەك	headword	103_2L.png	unverified
D90-5-01021	مەركەزلەشتۈرۈلمەك	headword	103_2L.png	unverified
D90-5-01022	مەركەزلەشمەك	headword	103_2L.png	unverified
D90-5-01023	مەركەزلىك	headword	104_1R.png	unverified
D90-5-01025	مەركىزىت	headword	104_1R.png	unverified
D90-5-01026	مەركىزىي	headword	104_1R.png	unverified
D90-5-01027	مەركىزىي بۇلۇڭ	headword	104_2L.png	unverified
D90-5-01028	مەركىزىي تەنچە	headword	104_2L.png	unverified
D90-5-01029	مەركىزىي دانچە	headword	104_2L.png	unverified
D90-5-01030	مەركىزىي شارچە	headword	104_2L.png	unverified
D90-5-01031	مەركىزىي قانۇن	headword	104_2L.png	unverified
D90-5-01032	مەركىزىي كومىتېت	headword	105_1R.png	unverified
D90-5-01033	مەركىزىي لىمفا ئورگىنى	headword	105_1R.png	unverified
D90-5-01034	مەركىزىي نۇقتا	headword	105_1R.png	unverified
D90-5-01035	مەركىزىي نېرۋا	headword	105_1R.png	unverified
D90-5-01035-v1	ئانات	variant	105_1R.png	unverified
D90-5-01036	مەركىزىي نېرۋا سىستېمىسى	headword	105_1R.png	unverified
D90-5-01037	مەركىزىي ۋاقىت رايونى	headword	105_1R.png	unverified
D90-5-01038	مەرگەن	headword	105_2L.png	unverified
D90-5-01040	مەرگەنلىك	headword	105_2L.png	unverified
D90-5-01041	مەرگىمۇش	headword	105_2L.png	unverified
D90-5-01041-v1	سەھكىيا	variant	105_2L.png	unverified
D90-5-01042	مەرمەر	headword	105_2L.png	unverified
D90-5-01043	مەرمەر تاش	headword	106_1R.png	unverified
D90-5-01044	مەرھابا	headword	106_1R.png	unverified
D90-5-01045	مەرھەمەت	headword	106_1R.png	verified
D90-5-01046	مەرھەمەت قىلماق	headword	106_2L.png	unverified
D90-5-01047	مەرھەمەت كۆرسەتمەك	headword	106_2L.png	unverified
D90-5-01048	مەرھەمەتسىز	headword	106_2L.png	unverified
D90-5-01049	مەرھەمەتلىك	headword	106_2L.png	unverified
D90-5-01050	مەرھۇم	headword	107_1R.png	unverified
D90-5-01051	مەرھۇمە	headword	107_1R.png	verified
D90-5-01052	مەرۇپ	headword	107_1R.png	unverified
D90-5-01053	مەرۇزە	headword	107_2L.png	unverified
D90-5-01054	مەرۇزە گىلەم	headword	107_2L.png	unverified
D90-5-01054-v1	مەرۇزە I	variant	107_2L.png	unverified
D90-5-01057	مەرۇزىچى	headword	107_2L.png	unverified
D90-5-01058	مەرۋايىت	headword	107_2L.png	unverified
D90-5-01059	مەرۋايىتگۈل	headword	108_1R.png	unverified
D90-5-01060	مەرۋەرەك	headword	108_1R.png	unverified
D90-5-01061	مەرىپەت	headword	108_1R.png	unverified
D90-5-01062	مەرىپەت پېنى	headword	108_2L.png	unverified
D90-5-01063	مەرىپەت تىياتىرى	headword	108_2L.png	unverified
D90-5-01064	مەرىپەتپەرۋەر	headword	108_2L.png	unverified
D90-5-01065	مەرىپەتپەرۋەرلىك	headword	109_1R.png	unverified
D90-5-01066	مەرىپەتچى	headword	109_1R.png	unverified
D90-5-01067	مەرىپەتچىل	headword	109_1R.png	unverified
D90-5-01068	مەرىپەتچىلىك	headword	109_2L.png	unverified
D90-5-01069	مەرىپەتسىز	headword	109_2L.png	unverified
D90-5-01070	مەرىپەتسىزلىك	headword	109_2L.png	unverified
D90-5-01071	مەرىپەتلىك	headword	109_2L.png	unverified
D90-5-01072	مەرىكە	headword	110_1R.png	unverified
D90-5-01074	مەرىكىلىك	headword	110_2L.png	unverified
D90-5-01075	مەرەيمەك	headword	110_2L.png	unverified
D90-5-01076	مەريەم	headword	110_2L.png	unverified
D90-5-01077	مەريەم ئانا	headword	110_2L.png	unverified
D90-5-01078	مەزە	headword	110_2L.png	unverified
D90-5-01080	مەزەللەت	headword	110_2L.png	unverified
D90-5-01082	مەززە	headword	111_1R.png	unverified
D90-5-01085	مەززىسى يوق	headword	111_1R.png	unverified
D90-5-01086	مەززىسىز	headword	111_2L.png	unverified
D90-5-01087	مەززىسىزلىك	headword	111_2L.png	unverified
D90-5-01088	مەززىلىك	headword	111_2L.png	unverified
D90-5-01089	مەزكۇر	headword	111_2L.png	unverified
D90-5-01090	مەزگىل	headword	112_1R.png	unverified
D90-5-01091	مەزگىلسىز	headword	112_1R.png	unverified
D90-5-01092	مەزگىللىك	headword	112_1R.png	unverified
D90-5-01094	مەزلۇم	headword	112_2L.png	unverified
D90-5-01095	مەزلۇمچە	headword	112_2L.png	unverified
D90-5-01095-v1	ئايالچە	variant	112_2L.png	unverified
D90-5-01096	مەزلۇملارچە	headword	112_2L.png	unverified
D90-5-01097	مەزمۇت	headword	112_2L.png	unverified
D90-5-01098	مەزمۇت جىسىم	headword	113_1R.png	unverified
D90-5-01099	مەزمۇت قەدەم	headword	113_1R.png	unverified
D90-5-01100	مەزمۇتلاشتۇرماق	headword	113_1R.png	unverified
D90-5-01101	مەزمۇتلاشتۇرۇشماق	headword	113_2L.png	unverified
D90-5-01102	مەزمۇتلاشتۇرۇلماق	headword	113_2L.png	unverified
D90-5-01104	مەزمۇتلۇق	headword	113_2L.png	unverified
D90-5-01105	مەزمۇن	headword	113_2L.png	unverified
D90-5-01106	مەزمۇن قىلماق	headword	113_2L.png	unverified
D90-5-01107	مەزمۇنەن	headword	114_1R.png	unverified
D90-5-01108	مەزمۇندار	headword	114_1R.png	verified
D90-5-01109	مەزمۇندارلىق	headword	114_1R.png	unverified
D90-5-01110	مەزمۇنداش	headword	114_2L.png	unverified
D90-5-01111	مەزمۇنسىز	headword	114_2L.png	unverified
D90-5-01112	مەزمۇنلۇق	headword	114_2L.png	unverified
D90-5-01113	مەزھەپ	headword	114_2L.png	unverified
D90-5-01114	مەزھەپچى	headword	114_2L.png	unverified
D90-5-01115	مەزھەپچىلىك	headword	115_1R.png	unverified
D90-5-01116	مەزۇر	headword	115_1R.png	unverified
D90-5-01118	مەزى	headword	115_1R.png	unverified
D90-5-01119	مەزى بېزى	headword	115_2L.png	unverified
D90-5-01120	مەزى بېزى گورمۇنى	headword	115_2L.png	unverified
D90-5-01121	مەزىن	headword	115_2L.png	unverified
D90-5-01122	مەزىنلىك	headword	115_2L.png	unverified
D90-5-01123	مەسە	headword	115_2L.png	unverified
D90-5-01124	مە سە - كالاچ	headword	116_1R.png	unverified
D90-5-01125	مەسەل	headword	116_1R.png	unverified
D90-5-01126	مەسەلچى	headword	116_1R.png	unverified
D90-5-01127	مەسەل قىلماق	headword	116_1R.png	unverified
D90-5-01128	مەسەللىك	headword	116_2L.png	unverified
D90-5-01129	مەست	headword	116_2L.png	unverified
D90-5-01130	مەست بولماق	headword	117_1R.png	unverified
D90-5-01131	مەست قىلماق	headword	117_1R.png	unverified
D90-5-01132	مەستانە	headword	117_1R.png	unverified
D90-5-01133	مەستانە بولماق	headword	117_2L.png	unverified
D90-5-01134	مەستانە قىلماق	headword	117_2L.png	unverified
D90-5-01135	مەستانىلىق	headword	118_1R.png	unverified
D90-5-01136	مەستەر	headword	118_1R.png	unverified
D90-5-01137	مەستەك	headword	118_1R.png	unverified
D90-5-01138	مەست-ئەلەس	headword	118_1R.png	unverified
D90-5-01139	مەستچىلىك	headword	118_2L.png	unverified
D90-5-01140	مەستخۇش	headword	118_2L.png	unverified
D90-5-01142	مەستخۇش قىلماق	headword	119_1R.png	unverified
D90-5-01143	مەستخۇشلاندۇرماق	headword	119_1R.png	unverified
D90-5-01144	مەستخۇشلانماق	headword	119_1R.png	unverified
D90-5-01145	مەستخۇشلۇق	headword	119_1R.png	unverified
D90-5-01146	مەستلىك	headword	119_1R.png	unverified
D90-5-01147	مەستلىكى كەلمەك	headword	119_2L.png	unverified
D90-5-01148	مەستۇرە	headword	119_2L.png	verified
D90-5-01149	مەستۇنە	headword	119_2L.png	unverified
D90-5-01150	مەستىكى	headword	119_2L.png	unverified
D90-5-01150-v1	مەستىكى رۈمى	variant	119_2L.png	unverified
D90-5-01151	مەستىكى رۇمى	headword	120_1R.png	unverified
D90-5-01152	مەستىمۇستەغرەق	headword	120_1R.png	unverified
D90-5-01153	مەسچىت	headword	120_1R.png	unverified
D90-5-01154	مەسخىرە	headword	120_1R.png	unverified
D90-5-01155	مەسخىرە بولماق	headword	120_2L.png	unverified
D90-5-01156	مەسخىرە قىلماق	headword	120_2L.png	unverified
D90-5-01157	مەسخىرىچى	headword	120_2L.png	unverified
D90-5-01158	مەسخىرىلەشمەك	headword	120_2L.png	unverified
D90-5-01159	مەسخىرىلەنمەك	headword	120_2L.png	unverified
D90-5-01160	مەسخىرىلىك	headword	120_2L.png	unverified
D90-5-01161	مەسخىرىلىمەك	headword	121_1R.png	unverified
D90-5-01162	مەسخىرىۋاز	headword	121_1R.png	verified
D90-5-01163	مەسخىرىۋازلىق	headword	121_1R.png	unverified
D90-5-01164	مەسخىرىۋى	headword	121_1R.png	unverified
D90-5-01166	مەسرۇر	headword	121_1R.png	verified
D90-5-01167	مەسقى	headword	121_2L.png	unverified
D90-5-01168	مەسكاپ	headword	121_2L.png	unverified
D90-5-01169	مەسكە	headword	121_2L.png	unverified
D90-5-01170	مەسلەك	headword	121_2L.png	unverified
D90-5-01171	مەسلەكداش	headword	121_2L.png	unverified
D90-5-01172	مەسلەكداشلىق	headword	121_2L.png	unverified
D90-5-01173	مەسلىھەت	headword	122_1R.png	unverified
D90-5-01174	مەسلىھەت ئالماق	headword	122_1R.png	unverified
D90-5-01175	مەسلىھەت بەرمەك	headword	122_1R.png	unverified
D90-5-01176	مەسلىھەت چېيى	headword	122_2L.png	unverified
D90-5-01177	مەسلىھەت سالماق	headword	122_2L.png	unverified
D90-5-01178	مەسلىھەت سورىماق	headword	122_2L.png	unverified
D90-5-01179	مەسلىھەت قىلماق	headword	123_1R.png	unverified
D90-5-01179-v1	مەسلىھەتلىشىش	variant	123_1R.png	unverified
D90-5-01180	مەسلىھەت كۆرسەتمەك	headword	123_1R.png	unverified
D90-5-01181	مەسلىھەت كۆرمەك	headword	123_1R.png	unverified
D90-5-01182	مەسلىھەتنى پىشۇرماق	headword	123_1R.png	unverified
D90-5-01183	مەسلىھەتى يوق	headword	123_1R.png	unverified
D90-5-01184	مەسلىھەتەن	headword	123_1R.png	unverified
D90-5-01185	مەسلىھەتچى	headword	123_2L.png	unverified
D90-5-01186	مەسلىھەتچىلىك	headword	123_2L.png	unverified
D90-5-01187	مەسلىھەتسىز	headword	124_1R.png	unverified
D90-5-01188	مەسلىھەتلەشمەك	headword	124_1R.png	unverified
D90-5-01189	مەسلىھەتلىك	headword	124_1R.png	unverified
D90-5-01190	مەسلىھەتنامە	headword	124_1R.png	unverified
D90-5-01191	مەسنىۋى	headword	124_1R.png	verified
D90-5-01192	مەسئۇل	headword	124_2L.png	unverified
D90-5-01193	مەسئۇل بولماق	headword	124_2L.png	unverified
D90-5-01194	مەسئۇل قىلماق	headword	125_1R.png	unverified
D90-5-01195	مەسئۇل مۇھەررىر	headword	125_1R.png	unverified
D90-5-01196	مەسئۇللۇق	headword	125_1R.png	unverified
D90-5-01197	مەسئۇلىيەت	headword	125_1R.png	unverified
D90-5-01198	مەسئۇلىيەت بوغالتىرلىقى	headword	125_1R.png	unverified
D90-5-01199	مەسئۇلىيەت تۈزۈمى	headword	125_1R.png	unverified
D90-5-01200	مەسئۇلىيەت خامچوتى	headword	125_2L.png	unverified
D90-5-01201	مەسئۇلىيەت مەركىزى	headword	125_2L.png	unverified
D90-5-01202	مەسئۇلىيەتچان	headword	125_2L.png	unverified
D90-5-01203	مەسئۇلىيەتچانلىق	headword	125_2L.png	unverified
D90-5-01204	مەسئۇلىيەتسىز	headword	125_2L.png	unverified
D90-5-01205	مەسئۇلىيەتسىزلىك	headword	126_1R.png	unverified
D90-5-01206	مەسئۇلىيەتلىك	headword	126_1R.png	unverified
D90-5-01207	مەسئۇلىيەتنامە	headword	126_1R.png	unverified
D90-5-01208	مەسۇم	headword	126_1R.png	unverified
D90-5-01209	مەسۇمە	headword	126_2L.png	unverified
D90-5-01210	مەسىلە	headword	126_2L.png	verified
D90-5-01211	مەسىلە بار	headword	127_1R.png	unverified
D90-5-01212	مەسىلە تاپشۇرماق	headword	127_1R.png	unverified
D90-5-01213	مەسىلە چىقماق	headword	127_1R.png	unverified
D90-5-01214	مەسىلە ئۆتكۈزمەك	headword	127_1R.png	unverified
D90-5-01215	مەسىلە يوق	headword	127_1R.png	unverified
D90-5-01216	مەسىلە - مىسال	headword	127_1R.png	unverified
D90-5-01217	مەسىلەن	headword	127_2L.png	verified
D90-5-01218	مەسىھ	headword	127_2L.png	unverified
D90-5-01219	مەسىھ تارتماق	headword	127_2L.png	unverified
D90-5-01220	مەش	headword	127_2L.png	unverified
D90-5-01221	مە ش	headword	128_1R.png	unverified
D90-5-01224	مەشتەل	headword	128_1R.png	unverified
D90-5-01225	مەشئەلچىلەر قوشۇنى	headword	128_1R.png	verified
D90-5-01226	مەشچى	headword	128_2L.png	unverified
D90-5-01227	مەشچىلىك	headword	128_2L.png	unverified
D90-5-01228	مەشرەپ	headword	128_2L.png	unverified
D90-5-01229	مەشرىق	headword	128_2L.png	unverified
D90-5-01230	مەشغۇل	headword	128_2L.png	unverified
D90-5-01231	مەشغۇل بولماق	headword	129_1R.png	unverified
D90-5-01232	مەشغۇل قىلماق	headword	129_1R.png	unverified
D90-5-01233	مەشغۇلات	headword	129_1R.png	unverified
D90-5-01234	مەشغۇللاندۇرماق	headword	129_1R.png	unverified
D90-5-01235	مەشغۇللانماق	headword	129_1R.png	unverified
D90-5-01236	مەشغۇلىيەت	headword	129_2L.png	unverified
D90-5-01237	مەشقاۋۇل	headword	129_2L.png	unverified
D90-5-01238	مەشلىك	headword	129_2L.png	unverified
D90-5-01239	مەشھۇر	headword	129_2L.png	unverified
D90-5-01240	مەشۇت	headword	130_1R.png	unverified
D90-5-01242	مەشۇق	headword	130_1R.png	unverified
D90-5-01243	مەشۇقلۇق	headword	130_1R.png	verified
D90-5-01244	مەشئۇم	headword	130_1R.png	unverified
D90-5-01245	مەشئۇملۇق	headword	130_1R.png	unverified
D90-5-01246	مەشىق	headword	130_2L.png	unverified
D90-5-01248	مەشىق قىلماق	headword	130_2L.png	unverified
D90-5-01249	مەشىق نىزامى	headword	130_2L.png	unverified
D90-5-01250	مەشىقخانا	headword	131_1R.png	unverified
D90-5-01251	مەغپىرەت	headword	131_1R.png	unverified
D90-5-01252	مەغپىرەت قىلماق	headword	131_1R.png	unverified
D90-5-01253	مەغرۇر	headword	131_1R.png	verified
D90-5-01254	مەغرۇرانە	headword	131_1R.png	unverified
D90-5-01255	مەغرۇرلىاندۇرماق	headword	131_2L.png	unverified
D90-5-01256	مەغرۇرلانماق	headword	131_2L.png	unverified
D90-5-01257	مەغرۇرلۇق	headword	131_2L.png	unverified
D90-5-01258	مەغرۇرلىنىشماق	headword	131_2L.png	unverified
D90-5-01259	مەغرىب	headword	131_2L.png	unverified
D90-5-01260	مەغلۇبىيەت	headword	132_1R.png	unverified
D90-5-01261	مەغلۇبىيەتچىلىك	headword	132_1R.png	unverified
D90-5-01262	مەغلۇبىيەتلىك	headword	132_1R.png	unverified
D90-5-01263	مەغلۇپ	headword	132_1R.png	unverified
D90-5-01264	مەغلۇپ قىلماق	headword	132_1R.png	unverified
D90-5-01265	مەغۇل	headword	132_2L.png	unverified
D90-5-01266	مەقئەت	headword	132_2L.png	unverified
D90-5-01266-v1	سوڭ	variant	132_2L.png	unverified
D90-5-01271	مەقبەرە	headword	132_2L.png	unverified
D90-5-01272	مەقبۇل	headword	133_1R.png	unverified
D90-5-01274	مەقسەت	headword	133_1R.png	unverified
D90-5-01275	مەقسەت پېئىلى	headword	133_2L.png	unverified
D90-5-01276	مەقسەت قىلماق	headword	133_2L.png	unverified
D90-5-01277	مەقسەتكە يەتمەك	headword	133_2L.png	unverified
D90-5-01278	مەقسەتچىلىك	headword	133_2L.png	verified
D90-5-01279	مەقسەتداش	headword	134_1R.png	unverified
D90-5-01280	مەقسەتسىز	headword	134_1R.png	unverified
D90-5-01281	مەقسەتلىك	headword	134_1R.png	unverified
D90-5-01282	مەقسۇت	headword	134_1R.png	unverified
D90-5-01283	مەكتەپ	headword	134_2L.png	unverified
D90-5-01290	مەكتەپداش	headword	135_1R.png	unverified
D90-5-01291	مەكتۇپ	headword	135_1R.png	unverified
D90-5-01292	مەكتۇپلاشماق	headword	135_1R.png	unverified
D90-5-01293	مەكتۇپنامە	headword	135_1R.png	unverified
D90-5-01294	مەكروھ	headword	135_1R.png	unverified
D90-5-01295	مەككار	headword	135_2L.png	unverified
D90-5-01296	مەككارلارچە	headword	135_2L.png	unverified
D90-5-01297	مەككارلىق	headword	135_2L.png	unverified
D90-5-01298	مەككارلىق قىلماق	headword	136_1R.png	unverified
D90-5-01299	مەككەم	headword	136_1R.png	unverified
D90-5-01299-v1	مەكەم	variant	136_1R.png	unverified
D90-5-01300	مەككىچامغۇر	headword	136_1R.png	unverified
D90-5-01301	مەكىتاش	headword	136_1R.png	unverified
D90-5-01302	مەگەر	headword	136_1R.png	unverified
D90-5-01303	مەگەرچەندە	headword	136_1R.png	unverified
D90-5-01304	مەگەركى	headword	136_1R.png	unverified
D90-5-01305	مەگەركىم	headword	136_1R.png	unverified
D90-5-01306	مەڭ	headword	136_1R.png	unverified
D90-5-01307	مەڭدەتمەك	headword	136_2L.png	unverified
D90-5-01308	مەڭدەشمەك	headword	136_2L.png	unverified
D90-5-01310	مەڭدىگەك	headword	136_2L.png	unverified
D90-5-01311	مەڭدىگەكلىك	headword	136_2L.png	unverified
D90-5-01312	مەڭدىمەك	headword	136_2L.png	unverified
D90-5-01313	مەڭز	headword	137_1R.png	unverified
D90-5-01313-i1	مەڭزى	inflected	137_1R.png	unverified
D90-5-01316	مەڭسىتمەك	nonstandard	137_1R.png	unverified
D90-5-01316-c1	مەنىسىتمەك	corrected_form	137_1R.png	unverified
D90-5-01318	مەڭگۈ	headword	137_1R.png	unverified
D90-5-01319	مەڭگۈتاش	headword	137_2L.png	unverified
D90-5-01320	مەڭگۈلۈك	headword	137_2L.png	unverified
D90-5-01324	مەڭگۈسەر	headword	137_2L.png	unverified
D90-5-01325	مەڭلەشمەك	headword	138_1R.png	unverified
D90-5-01326	مەڭلىك	headword	138_1R.png	unverified
D90-5-01327	مەلە	nonstandard	138_1R.png	unverified
D90-5-01513	مەھەللە	headword	157_1R.png	unverified
D90-5-01328	مەلەق	headword	138_1R.png	unverified
D90-5-01329	مەلەق بولماق	headword	138_1R.png	unverified
D90-5-01330	مەلەق-مەلەق	headword	138_1R.png	unverified
D90-5-01331	مەلەك	headword	138_2L.png	unverified
D90-5-01333	مەلتۈك	headword	138_2L.png	unverified
D90-5-01334	مەللە	headword	138_2L.png	unverified
D90-5-01339	مەلھەم	headword	138_2L.png	unverified
D90-5-01340	مەلھەم بولماق	headword	139_1R.png	unverified
D90-5-01341	مەلۇم	headword	139_1R.png	unverified
D90-5-01342	مەلۇم بولماق	headword	139_2L.png	unverified
D90-5-01343	مەلۇم قىلماق	headword	139_2L.png	unverified
D90-5-01344	مەلۇمات	headword	140_1R.png	unverified
D90-5-01348	مەلۇماتچى	headword	140_2L.png	unverified
D90-5-01349	مەلۇماتسىز	headword	140_2L.png	unverified
D90-5-01350	مەلۇماتلىق	headword	140_2L.png	unverified
D90-5-01351	مەلۇمچى	headword	140_2L.png	unverified
D90-5-01352	مەلۇمكى	headword	141_1R.png	unverified
D90-5-01353	مەلۇملۇق	headword	141_1R.png	unverified
D90-5-01354	مەلۇملىماق	headword	141_1R.png	unverified
D90-5-01355	مەلۇمنامە	headword	141_1R.png	verified
D90-5-01356	مەلئۇن	headword	141_2L.png	unverified
D90-5-01357	مەلئۇنلۇق	headword	141_2L.png	unverified
D90-5-01358	مەلىسكىن	headword	141_2L.png	unverified
D90-5-01359	مەلىكە	headword	141_2L.png	unverified
D90-5-01361	مەلىكە بولماق	headword	142_1R.png	unverified
D90-5-01362	مەلىكە قىلماق	headword	142_1R.png	unverified
D90-5-01363	مەلىكىزادە	headword	142_1R.png	unverified
D90-5-01364	مەلىكىسىز	headword	142_1R.png	unverified
D90-5-01366	مەلىكىلىك	headword	142_1R.png	unverified
D90-5-01367	مەمە	headword	142_2L.png	unverified
D90-5-01368	مەمەدان	headword	142_2L.png	unverified
D90-5-01369	مەمەدانلارچە	headword	142_2L.png	unverified
D90-5-01370	مەمەدانلىق	headword	142_2L.png	unverified
D90-5-01371	مەمەك	headword	143_1R.png	unverified
D90-5-01372	مەملىكەت	headword	143_1R.png	unverified
D90-5-01373	مەملىكەتلىك	headword	143_1R.png	unverified
D90-5-01375	مەممەم	headword	143_1R.png	verified
D90-5-01376	مەمنۇن	headword	143_1R.png	unverified
D90-5-01378	مەمنۇن قىلماق	headword	143_2L.png	unverified
D90-5-01379	مەمنۇنلۇق	headword	143_2L.png	unverified
D90-5-01380	مەمنۇنىيەت	headword	143_2L.png	unverified
D90-5-01381	مەمنۇنىيەتلىك	headword	143_2L.png	unverified
D90-5-01382	مەمۇر	headword	144_1R.png	unverified
D90-5-01384	مەمۇرچىلىق	headword	144_1R.png	unverified
D90-5-01385	مەمۇرىي	headword	144_1R.png	unverified
D90-5-01387	مەمۇرىي جازا	headword	144_2L.png	unverified
D90-5-01388	مەمۇرىي جەھەتتىن توختىتىپ قويۇش	headword	144_2L.png	unverified
D90-5-01389	مەمۇرىي چارە	headword	144_2L.png	unverified
D90-5-01390	مەمۇرىي خادىم	headword	144_2L.png	unverified
D90-5-01391	مەمۇرىي خىزمەت	headword	144_2L.png	unverified
D90-5-01392	مەمۇرىي رايون	headword	144_2L.png	unverified
D90-5-01393	مەمۇرىي قانۇن	headword	144_2L.png	unverified
D90-5-01394	مەمۇرىي مەھكىمە	headword	145_1R.png	unverified
D90-5-01395	مەمۇرىي ھوقۇق	headword	145_1R.png	unverified
D90-5-01396	مەمۇرىي ئورگان	headword	145_1R.png	unverified
D90-5-01397	مەمۇرىي ئىشلار	headword	145_1R.png	unverified
D90-5-01398	مەمۇرىيەت	headword	145_1R.png	unverified
D90-5-01399	مەن	headword	145_1R.png	unverified
D90-5-01400	مەنە	headword	145_2L.png	unverified
D90-5-01401	مەنە بەرمەك	headword	145_2L.png	unverified
D90-5-01402	مەنە چىقماق	headword	146_1R.png	unverified
D90-5-01403	مەنىسىگە يەتمەك	headword	146_1R.png	unverified
D90-5-01404	مەنەن	headword	146_1R.png	unverified
D90-5-01405	مەنەن تەرجىمە	headword	146_1R.png	unverified
D90-5-01406	مەنەن سىزىش	headword	146_1R.png	unverified
D90-5-01407	مەنبە	headword	146_1R.png	unverified
D90-5-01408	مەنبەچىلىك	headword	146_2L.png	verified
D90-5-01409	مەنبەداش	headword	146_2L.png	unverified
D90-5-01411	مەنبەشۇناس	headword	147_1R.png	unverified
D90-5-01412	مەنبەشۇناسلىق	headword	147_1R.png	unverified
D90-5-01413	مەنبەلىك	headword	147_1R.png	unverified
D90-5-01414	مەنبەلىك تەبىر	headword	147_1R.png	unverified
D90-5-01415	مەنپەئەت	headword	147_1R.png	unverified
D90-5-01416	مەنپەئەت ئالماق	headword	147_1R.png	unverified
D90-5-01417	مەنپەئەت بەرمەك	headword	147_2L.png	unverified
D90-5-01418	مەنپەئەت يەتكۈزمەك	headword	147_2L.png	unverified
D90-5-01419	مەنپەئەتپەرەس	headword	147_2L.png	unverified
D90-5-01420	مەنپەئەتپەرەسلىك	headword	147_2L.png	unverified
D90-5-01421	مەنپەئەتچىل	headword	148_1R.png	unverified
D90-5-01422	مەنپەئەتچىلىك	headword	148_1R.png	verified
D90-5-01423	مەنپەئەتدار	headword	148_1R.png	verified
D90-5-01424	مەنپەئەتدار بولماق	headword	148_1R.png	unverified
D90-5-01425	مەنپەئەتدار قىلماق	headword	148_1R.png	unverified
D90-5-01426	مەنپەئەتدارلىق	headword	148_1R.png	unverified
D90-5-01427	مەنپىي پۈتۈن سان	headword	149_1R.png	verified
D90-5-01428	مەنپىي تېمپېراتۇرا	headword	149_1R.png	unverified
D90-5-01429	مەنپىي زەرەت	headword	149_1R.png	unverified
D90-5-01430	مەنپىي سان	headword	149_1R.png	verified
D90-5-01431	مەنپىي قۇتۇپ	headword	149_1R.png	unverified
D90-5-01431-v1	كاتود	variant	149_1R.png	unverified
D90-5-01432	مەنپىي كرىستال	headword	149_1R.png	unverified
D90-5-01433	مەنپىي ئېلېكتر	headword	149_1R.png	unverified
D90-5-01434	مەنپىي ئىبادەت	headword	149_1R.png	unverified
D90-5-01435	مەنىپىلىك	headword	149_2L.png	unverified
D90-5-01437	مەنتىق	headword	149_2L.png	unverified
D90-5-01438	مەنتىقە	nonstandard	150_1R.png	unverified
D90-5-01439	مەنتىقچانلىق	headword	150_1R.png	unverified
D90-5-01440	مەنتىقسىز	headword	150_1R.png	unverified
D90-5-01441	مەنتىقسىزلىق	headword	150_1R.png	unverified
D90-5-01442	مەنتىقشۇناس	headword	150_1R.png	unverified
D90-5-01443	مەنتىقشۇناسلىق	headword	150_1R.png	unverified
D90-5-01444	مەنتىقلىق	headword	150_1R.png	unverified
D90-5-01445	مەنتىقىي	headword	150_2L.png	unverified
D90-5-01446	مەنتىقىي بىلىش	headword	150_2L.png	unverified
D90-5-01446-v1	ئەقلىي بىلىش	variant	150_2L.png	unverified
D90-5-01449	مەنجاڭلىق	headword	150_2L.png	unverified
D90-5-01450	مەنجاناق	headword	150_2L.png	unverified
D90-5-01452	مەنچىڭ	headword	151_1R.png	unverified
D90-5-01452-v1	چىڭ سۇلالىسى	variant	151_1R.png	unverified
D90-5-01454	مەنچىلىك	headword	151_1R.png	unverified
D90-5-01455	مەندىر	headword	151_1R.png	unverified
D90-5-01455-v1	ھۆلدۈر	variant	151_1R.png	unverified
D90-5-01456	مەنزەر	headword	151_1R.png	unverified
D90-5-01457	مەنزۇر	headword	151_1R.png	unverified
D90-5-01459	مەنزىرە	headword	151_2L.png	unverified
D90-5-01461	مەنزىرە چۈشۈرگۈچى چىراغ	headword	152_1R.png	unverified
D90-5-01462	مەنزىرە فوتوگرافىيىسى	headword	152_1R.png	unverified
D90-5-01463	مەنزىرە لىرىكىسى	headword	152_1R.png	unverified
D90-5-01464	مەنزىرىلىك	headword	152_1R.png	unverified
D90-5-01465	مەنزىل	headword	152_1R.png	unverified
D90-5-01466	مەنزىل ئاشماق	headword	152_2L.png	unverified
D90-5-01467	مەنزىلگاھ	headword	152_2L.png	unverified
D90-5-01468	مەنسەپ	headword	152_2L.png	unverified
D90-5-01469	مەنسەپپەرەس	headword	153_1R.png	unverified
D90-5-01470	مەنسەپپەرەسلىك	headword	153_1R.png	unverified
D90-5-01471	مەنسەپخور	headword	153_1R.png	unverified
D90-5-01472	مەنسەپخورلۇق	headword	153_1R.png	unverified
D90-5-01473	مەنسەپدار	headword	153_1R.png	unverified
D90-5-01474	مەنسەپدارلىق	headword	153_2L.png	unverified
D90-5-01475	مەنسەپسىز	headword	153_2L.png	unverified
D90-5-01476	مەنسۇپ	headword	153_2L.png	unverified
D90-5-01477	مەنسۇپ بولماق	headword	153_2L.png	unverified
D90-5-01478	مەنسۇپلۇق	headword	153_2L.png	unverified
D90-5-01479	مەنسۇخ	headword	153_2L.png	unverified
D90-5-01480	مەنسۇخ بولماق	headword	153_2L.png	unverified
D90-5-01481	مەنسىتمەسلىك	headword	154_1R.png	unverified
D90-5-01482	مەنسىتمەك	headword	154_1R.png	unverified
D90-5-01483	مەنسىتىشمەك	headword	154_1R.png	unverified
D90-5-01484	مەنسىتىلمەك	headword	154_1R.png	unverified
D90-5-01485	مەنقۇلات	headword	154_1R.png	unverified
D90-5-01486	مەنمەنچى	headword	154_2L.png	unverified
D90-5-01487	مەنمەنچىلىك	headword	154_2L.png	unverified
D90-5-01488	مەنمەنلىك	headword	154_2L.png	unverified
D90-5-01489	مەنى نىلىك قىلماق	headword	155_1R.png	unverified
D90-5-01490	مەنى	headword	155_1R.png	unverified
D90-5-01491	مەنى تۇتالماسلىق	headword	155_1R.png	unverified
D90-5-01492	مەنى سۇيۇقلۇقى	headword	155_1R.png	verified
D90-5-09773	مەنى كەلمەك	headword	155_1R.png	verified
D90-5-01493	مەنئى	headword	155_1R.png	unverified
D90-5-01494	مەنئى بولماق	headword	155_1R.png	unverified
D90-5-01495	مەنئى قىلماق	headword	155_1R.png	unverified
D90-5-01496	مەنىدار	headword	155_2L.png	verified
D90-5-01497	مەنىداش	headword	155_2L.png	verified
D90-5-01500	مەنىداشلىق	headword	155_2L.png	unverified
D90-5-01501	مەنىسىز	headword	155_2L.png	unverified
D90-5-01502	مەنىسىزلىك	headword	156_1R.png	unverified
D90-5-01503	مەنىلىك	headword	156_1R.png	unverified
D90-5-01504	مەنىلىك يېزىق	headword	156_2L.png	unverified
D90-5-01505	مەنىۋى	headword	156_2L.png	unverified
D90-5-01510	مەنىۋى ھايات	headword	157_1R.png	unverified
D90-5-01510-v1	مەنىۋى تۇرمۇش	variant	157_1R.png	unverified
D90-5-01511	مەھ	headword	157_1R.png	unverified
D90-5-01514	مەھەللە-كوي	headword	157_1R.png	unverified
D90-5-01515	مەھەللىدارچىلىق	headword	157_1R.png	unverified
D90-5-01516	مەھەللىداش	headword	157_2L.png	unverified
D90-5-01517	مەھەللىلىك	headword	157_2L.png	unverified
D90-5-01518	مەھەللىمۇ مەھەللە	headword	157_2L.png	unverified
D90-5-01519	مەھەللىۋاز	headword	157_2L.png	unverified
D90-5-01520	مەھەللىۋازلىق	headword	157_2L.png	unverified
D90-5-01521	مەھەللىۋى	headword	157_2L.png	unverified
D90-5-01522	مەھەللىي	headword	158_1R.png	unverified
D90-5-01523	مەھبۇب	headword	158_1R.png	unverified
D90-5-01524	مەھبۇس	headword	158_1R.png	unverified
D90-5-01525	مەھبۇسلۇق	headword	158_1R.png	unverified
D90-5-01526	مەھرەم	headword	158_2L.png	unverified
D90-5-01528	مەھرۇم	headword	158_2L.png	unverified
D90-5-01530	مەھرۇم قىلماق	headword	159_1R.png	unverified
D90-5-01531	مەھسۇل	headword	159_1R.png	unverified
D90-5-01532	مەھسۇلات	headword	159_1R.png	unverified
D90-5-01536	مەھسۇلاتلىق	headword	159_2L.png	unverified
D90-5-01537	مەھشەر	headword	159_2L.png	unverified
D90-5-01538	مەھشەرگاھ	headword	159_2L.png	unverified
D90-5-01539	مەھكەم	headword	159_2L.png	unverified
D90-5-01542	مەھكەملىمەك	headword	160_2L.png	unverified
D90-5-01543	مەھكۇم	headword	160_2L.png	unverified
D90-5-01544	مەھكۇم بولماق	headword	160_2L.png	unverified
D90-5-01545	مەھكۇمانە	headword	161_1R.png	unverified
D90-5-01546	مەھكۇملارچە	headword	161_1R.png	unverified
D90-5-01547	مەھكۇملۇق	headword	161_1R.png	unverified
D90-5-01548	مەھكىمە	headword	161_1R.png	unverified
D90-5-01549	مەھكىمىچىلىك	headword	161_1R.png	unverified
D90-5-01550	مەھلىيا	headword	161_2L.png	unverified
D90-5-01551	مەھلىيالىق	headword	161_2L.png	unverified
D90-5-01552	مەۋج	headword	162_1R.png	unverified
D90-5-01553	مەۋج ئۇرماق	headword	162_1R.png	unverified
D90-5-01554	مەۋجلەنمەك	headword	162_1R.png	unverified
D90-5-01555	مەۋجلىك	headword	162_1R.png	unverified
D90-5-01556	مەۋجۇت	headword	162_1R.png	unverified
D90-5-01558	مەۋجۇتلۇق	headword	162_2L.png	unverified
D90-5-01559	مەۋجۇدات	headword	162_2L.png	unverified
D90-5-01560	مەۋجۇدىيەت	headword	162_2L.png	unverified
D90-5-01561	مەۋسۇم	headword	163_1R.png	unverified
D90-5-01562	مەۋسۇملۇق	headword	163_1R.png	unverified
D90-5-01565	مەۋقە	headword	163_2L.png	unverified
D90-5-01566	مەۋقەسىز	headword	164_1R.png	unverified
D90-5-01567	مەۋقەسىزلىك	headword	164_1R.png	unverified
D90-5-01568	مەۋلانا	headword	164_1R.png	unverified
D90-5-01569	مەۋلۇت	headword	164_1R.png	unverified
D90-5-01570	مەۋلۇت ئاي	headword	164_1R.png	unverified
D90-5-01570-v1	رەبىيەلئەۋۋەل	variant	164_1R.png	unverified
D90-5-01571	مەۋھۇم	headword	164_1R.png	unverified
D90-5-01573	مەۋھۇملۇق	headword	164_2L.png	unverified
D90-5-01574	مەئىشەت	headword	164_2L.png	unverified
D90-5-01575	مەئىشەتپەرەس	headword	164_2L.png	unverified
D90-5-01576	مەئىشەتپەرەسلىك	headword	165_1R.png	unverified
D90-5-01577	مەئىشەتلىك	headword	165_1R.png	unverified
D90-5-01578	مەي	headword	165_1R.png	unverified
D90-5-01579	مەي باغلىماق	headword	165_1R.png	unverified
D90-5-01580	مەي بولماق	headword	165_1R.png	unverified
D90-5-01581	مەيەر	headword	165_2L.png	unverified
D90-5-01582	مەيپەرەس	headword	165_2L.png	unverified
D90-5-01583	مەيپەرەسلىك	headword	165_2L.png	unverified
D90-5-01584	مەيپۇرۇش	headword	165_2L.png	unverified
D90-5-01585	مەيپۇرۇشلۇق	headword	165_2L.png	unverified
D90-5-01586	مەيخانا	headword	165_2L.png	unverified
D90-5-01587	مەيخور	headword	166_1R.png	unverified
D90-5-01588	مەيخورلۇق	headword	166_1R.png	unverified
D90-5-01589	مەيدان	headword	166_1R.png	unverified
D90-5-01590	مەيدان خاتىرىلىگۇچى	headword	167_1R.png	unverified
D90-5-01591	مەيدان خاتىرىلىمەك	headword	167_1R.png	unverified
D90-5-01592	مەيدان دېكوراتسىيىسى	headword	167_1R.png	unverified
D90-5-01593	مەيدانغا چۈشمەك	headword	167_1R.png	unverified
D90-5-01594	مەيدانغا چىقماق	headword	167_1R.png	unverified
D90-5-01595	مەيدانغا كەلمەك	headword	167_2L.png	unverified
D90-5-01596	مەيدان ماگنىتى	headword	167_2L.png	unverified
D90-5-01597	مەيدان نەزەرىيىسى	headword	167_2L.png	unverified
D90-5-01598	مەيدانچاق	headword	167_2L.png	unverified
D90-5-01599	مەيدانخانا	headword	167_2L.png	unverified
D90-5-01600	مەيدانسىز	headword	167_2L.png	unverified
D90-5-01601	مەيدانكەش	headword	167_2L.png	unverified
D90-5-01602	مەيدانكەشلىك	headword	168_1R.png	unverified
D90-5-01603	مەيدانلاشتۇرماق	headword	168_1R.png	unverified
D90-5-01604	مەيدانلاشماق	headword	168_1R.png	unverified
D90-5-01605	مەيدە	headword	168_1R.png	unverified
D90-5-01606	مەيدە يانچۇق	headword	168_1R.png	unverified
D90-5-01607	مەيدىسىدە ئەركەك تۈكى بار ھەقىقىي ئەركەك	headword	168_2L.png	unverified
D90-5-01608	مەيدىسىگە تەپمەك	headword	168_2L.png	unverified
D90-5-01609	مەيدىسىگە قاقماق	headword	168_2L.png	unverified
D90-5-01611	مەيدىسىگە ئۇرماق	headword	168_2L.png	unverified
D90-5-01610	مەيدىسىگە مۇشتلىماق	headword	168_2L.png	unverified
D90-5-01612	مەيدىسىنى كەرمەك	headword	169_1R.png	unverified
D90-5-01615	مەيدە-چۈيدە	headword	169_1R.png	unverified
D90-5-08145	ئۇششاق-چۈششەك	headword	748_1R.png	unverified
D90-5-01616	مەيدىلىك	headword	169_1R.png	unverified
D90-5-01617	مەيدىلىمەك	headword	169_1R.png	unverified
D90-5-01618	مەيزاب	headword	169_1R.png	unverified
D90-5-01620	مەي-شاراب	headword	169_2L.png	unverified
D90-5-01621	مەيل	headword	169_2L.png	unverified
D90-5-01624	مەيلىگە باقماق	headword	170_1R.png	unverified
D90-5-01625	مەيلىگە قويماق	headword	170_1R.png	unverified
D90-5-01626	مەيلىنى تارتماق	headword	170_1R.png	unverified
D90-5-01627	مەيلى يوق	headword	170_1R.png	unverified
D90-5-01628	مەيلى	headword	170_1R.png	unverified
D90-5-01629	مەيلىمچە	headword	170_2L.png	unverified
D90-5-01630	مەينەت	headword	170_2L.png	unverified
D90-5-01631	مەينەت بولماق	headword	171_1R.png	unverified
D90-5-01636	مەينەتلەشمەك	headword	171_1R.png	unverified
D90-5-01632	مەينەت قىلماق	headword	171_1R.png	unverified
D90-5-01634	مەينەتلەشتۈرمەك	headword	171_1R.png	unverified
D90-5-01633	مەينەتچىلىك	headword	171_1R.png	unverified
D90-5-01637	مەيۈس	headword	171_1R.png	unverified
D90-5-01638	مەيۈسانە	headword	171_2L.png	verified
D90-5-01639	مەيۈسلەندۈرمەك	headword	171_2L.png	unverified
D90-5-01640	مەيۈسلەنمەك	headword	171_2L.png	unverified
D90-5-01641	مەيۈسلۈك	headword	171_2L.png	unverified
D90-5-01642	مەيۈسلىنىشمەك	headword	171_2L.png	unverified
D90-5-01644	مەيىن	headword	172_1R.png	unverified
D90-5-01645	مو	headword	172_1R.png	unverified
D90-5-01646	مو بېشى مەھسۇلاتى	headword	172_2L.png	unverified
D90-5-01647	مو سالماق	headword	172_2L.png	unverified
D90-5-01651	موتەر	headword	172_2L.png	unverified
D90-5-01652	موتەك	headword	172_2L.png	unverified
D90-5-01653	موتسىكلىت	headword	173_1R.png	unverified
D90-5-01655	موتىماق	headword	173_1R.png	unverified
D90-5-01656	موچەن	headword	173_1R.png	unverified
D90-5-01657	موچەنلىك	headword	173_2L.png	unverified
D90-5-01658	موچىن	headword	173_2L.png	unverified
D90-5-01660	موخو	nonstandard	173_2L.png	unverified
D90-5-01661	موخوركا	headword	173_2L.png	verified
D90-5-01662	موخوركىچى	headword	173_2L.png	unverified
D90-5-01663	موخوروۋىچ	headword	173_2L.png	unverified
D90-5-01665	مودا	headword	173_2L.png	unverified
D90-5-01666	مودەن	headword	174_1R.png	unverified
D90-5-01667	مودەنگۈل	headword	174_1R.png	unverified
D90-5-01668	مۇدېرنىزم	headword	174_1R.png	unverified
D90-5-01669	مودېل	headword	174_1R.png	unverified
D90-5-01670	مودېل پاراخوت تەنھەرىكىتى	headword	174_2L.png	unverified
D90-5-01671	مودېللاشتۇرماق	headword	174_2L.png	unverified
D90-5-01672	مودېللاشتۇرۇلماق	headword	174_2L.png	unverified
D90-5-01673	مودېللاشماق	headword	174_2L.png	unverified
D90-5-01674	مودىلىق	headword	175_1R.png	unverified
D90-5-01675	مور	headword	175_1R.png	unverified
D90-5-01675-v1	قېرىنقۇلاق	variant	175_1R.png	unverified
D90-5-01676	مورا	headword	175_1R.png	unverified
D90-5-01680	مورفولوگىيە	headword	175_1R.png	unverified
D90-5-01681	مورفولوگىيىلىك	headword	175_2L.png	unverified
D90-5-01682	مورفېما	headword	175_2L.png	unverified
D90-5-01683	مورفىن	headword	175_2L.png	unverified
D90-5-01684	مورفىنىزم	headword	175_2L.png	unverified
D90-5-01685	مورگان	headword	175_2L.png	unverified
D90-5-01687	مورگانىزم	headword	176_1R.png	unverified
D90-5-01688	مورلاتماق	headword	176_1R.png	unverified
D90-5-01689	مورلاشماق	headword	176_1R.png	unverified
D90-5-01690	مورلانماق	headword	176_1R.png	unverified
D90-5-01691	مورلىماق	headword	176_1R.png	unverified
D90-5-01692	مورۇشۇ	headword	176_1R.png	unverified
D90-5-01693	مورپنا	headword	176_1R.png	unverified
D90-5-01694	مورىگول	headword	176_2L.png	unverified
D90-5-01695	مورىلىق	headword	176_2L.png	unverified
D90-5-01696	موزا	headword	176_2L.png	unverified
D90-5-01697	موزا دەرىخى	headword	176_2L.png	unverified
D90-5-01698	موزاي	headword	176_2L.png	unverified
D90-5-01699	موزاي باشى	headword	176_2L.png	unverified
D90-5-01700	موزايلاتماق	headword	176_2L.png	unverified
D90-5-01701	موزايلىق	headword	176_2L.png	unverified
D90-5-01702	موزايلىماق	headword	177_1R.png	unverified
D90-5-01703	موزدۇز	headword	177_1R.png	unverified
D90-5-01704	موزدۇزچىلىق	headword	177_1R.png	unverified
D90-5-01706	موزدۇزلۇق	headword	177_1R.png	unverified
D90-5-01705	موزدۇزخانا	headword	177_1R.png	unverified
D90-5-01707	موزىچىلار	headword	177_1R.png	verified
D90-5-01708	موس	headword	177_2L.png	unverified
D90-5-01711	موسسىدە	headword	177_2L.png	unverified
D90-5-01712	موس-موس	headword	178_1R.png	unverified
D90-5-01713	موسۇلداتماق	headword	178_1R.png	unverified
D90-5-01714	موسۇلدىماق	headword	178_1R.png	unverified
D90-5-01715	موك	headword	178_1R.png	unverified
D90-5-01720	موكا	headword	178_2L.png	unverified
D90-5-01721	موكا بېلىق	headword	178_2L.png	unverified
D90-5-01724	موككىدە	headword	178_2L.png	unverified
D90-5-01725	موكلىماق	headword	179_1R.png	unverified
D90-5-01726	موك-موك	headword	179_1R.png	unverified
D90-5-01727	موكىدەك	headword	179_1R.png	unverified
D90-5-01728	موكىسىمان	headword	179_1R.png	unverified
D90-5-01732	موگۇ پايپىقى	headword	179_2L.png	unverified
D90-5-01733	موگۇ پەردىسى	headword	179_2L.png	unverified
D90-5-01734	موگۇ سېپى	headword	179_2L.png	unverified
D90-5-01735	موگۇ قالپىقى	headword	179_2L.png	unverified
D90-5-01736	موڭغۇل	headword	180_1R.png	unverified
D90-5-01737	موڭغۇل تىللىرى تۈركۈمى	headword	180_1R.png	unverified
D90-5-01738	موڭغۇل تىلى	headword	180_1R.png	unverified
D90-5-01739	موڭغۇل نىجىمى	headword	180_1R.png	unverified
D90-5-01740	موڭغۇل يېزىقى	headword	180_2L.png	unverified
D90-5-01741	موڭغۇلچە	headword	180_2L.png	unverified
D90-5-01742	موڭغۇلشۇناس	headword	180_2L.png	unverified
D90-5-01743	موڭغۇلشۇناسلىق	headword	180_2L.png	unverified
D90-5-01744	موڭغۇللار	headword	180_2L.png	unverified
D90-5-01745	مول	headword	181_1R.png	unverified
D90-5-01751	مول سۇ يىلى	headword	181_2L.png	verified
D90-5-01752	مول ھوسۇل	headword	181_2L.png	unverified
D90-5-01753	مولاتماق	headword	181_2L.png	unverified
D90-5-01754	مولاشماق	headword	181_2L.png	unverified
D90-5-01755	مولانماق	headword	181_2L.png	unverified
D90-5-01756	مولجال	nonstandard	181_2L.png	unverified
D90-5-02624	مۆلچەر	headword	260_2L.png	unverified
D90-5-01757	مولچىلىق	headword	181_2L.png	unverified
D90-5-01758	موللا	headword	181_2L.png	unverified
D90-5-01759	موللا بولماق	headword	182_1R.png	unverified
D90-5-01760	موللا قىلماق	headword	182_1R.png	unverified
D90-5-01761	موللاشتۇرماق	headword	182_1R.png	unverified
D90-5-01762	لاشتۇرۇلماق	headword	182_2L.png	unverified
D90-5-01763	للاشماق	headword	182_2L.png	unverified
D90-5-01764	للاق	headword	182_2L.png	unverified
D90-5-01765	موللاق ئاتماق	headword	182_2L.png	unverified
D90-5-01766	للاقچى	headword	182_2L.png	unverified
D90-5-01767	موللاقچى كەپتەر	headword	183_1R.png	unverified
D90-5-01768	موللاقلىماق	headword	183_1R.png	unverified
D90-5-01769	موللام	headword	183_1R.png	unverified
D90-5-01770	موللاۋى	headword	183_1R.png	unverified
D90-5-01771	موللىتاپقاق	headword	183_1R.png	unverified
D90-5-01772	موللىتاپقاقلىق	headword	183_1R.png	unverified
D90-5-01773	موللىقوپقاق	headword	183_1R.png	unverified
D90-5-01774	موللىلىق	headword	183_1R.png	unverified
D90-5-01775	موللىمۈشۈك	headword	183_2L.png	verified
D90-5-01777	مولليېر	headword	183_2L.png	unverified
D90-5-01779	مولۇق	headword	183_2L.png	unverified
D90-5-01781	مولۇن	headword	183_2L.png	unverified
D90-5-01782	مولېكۇلا	headword	184_1R.png	unverified
D90-5-01783	مولېكۇلا ئاكۇستىكىسى	headword	184_1R.png	unverified
D90-5-01784	مولېكۇلا ئېلېگى	headword	184_1R.png	unverified
D90-5-01785	مولېكۇلا بىئولوگىيىسى	headword	184_2L.png	unverified
D90-5-01786	مولېكۇلا توكى	headword	184_2L.png	unverified
D90-5-01787	مولېكۇلا تۈزۈلۈشى	headword	184_2L.png	unverified
D90-5-01788	مولېكۇلا سپېكترى	headword	184_2L.png	unverified
D90-5-01789	مولېكۇلا فورمۇلىسى	headword	184_2L.png	unverified
D90-5-01790	مولېكۇلا فىزىكىسى	headword	184_2L.png	unverified
D90-5-01791	مولېكۇلا قۇرۇلۇشى	headword	184_2L.png	unverified
D90-5-01792	مولېكۇلا كرىستال كاتەكچىسى	headword	185_1R.png	unverified
D90-5-01793	مولېكۇلا كۈچى	headword	185_1R.png	unverified
D90-5-01800	مولېكۇلىلار ئارا كۈچ	headword	185_2L.png	unverified
D90-5-01794	مولېكۇلا گېنېتىكىسى	headword	185_1R.png	unverified
D90-5-01795	مولېكۇلا لازېرى	headword	185_1R.png	unverified
D90-5-01796	مولېكۇلا ماسسىسى	headword	185_1R.png	unverified
D90-5-01797	مولېكۇلا نەزەرىيىسى	headword	185_1R.png	unverified
D90-5-01798	مولېكۇلا ئېۋوليۇتسىيىسى	headword	185_1R.png	unverified
D90-5-01799	مولېكۇلا ئىسسىقلىقى	headword	185_2L.png	unverified
D90-5-01801	مولېكۇلىنىڭ تەۋرىنىشى	headword	185_2L.png	unverified
D90-5-01802	مولېكۇلىنىڭ ئېلېكترون سپېكترى	headword	185_2L.png	unverified
D90-5-01803	مولېكۇلىلىق	headword	186_1R.png	unverified
D90-5-01807	مولېكۇلىلىق ئېرىتمە	headword	186_2L.png	unverified
D90-5-01808	مولىبدېن	headword	186_2L.png	unverified
D90-5-01809	مولىبدېن چىچىكى	headword	186_2L.png	unverified
D90-5-01810	مولىبدېنىت	headword	186_2L.png	unverified
D90-5-01811	مولتىلماق	headword	187_1R.png	unverified
D90-5-01812	مولىماق	headword	187_1R.png	unverified
D90-5-01813	موم	headword	187_1R.png	unverified
D90-5-01816	موم چىشلىۋالغاندەك	headword	187_2L.png	unverified
D90-5-01816-v1	تاڭگازا چىشلىۋالغاندەك	variant	187_2L.png	unverified
D90-5-01817	موم مېۋە	headword	187_2L.png	unverified
D90-5-01822	مومىسىنى كۆرسەتمەك	headword	187_2L.png	unverified
D90-5-01822-v1	ئانىسىنى كۆزىگە كۆرسەتمەك	variant	187_2L.png	unverified
D90-5-01823	موماي	headword	187_2L.png	unverified
D90-5-01824	مومدىماق	headword	188_1R.png	unverified
D90-5-01831	موملىماق	headword	188_1R.png	unverified
D90-5-01825	مومسىق	headword	188_1R.png	unverified
D90-5-01826	مومسىقلىق	headword	188_1R.png	unverified
D90-5-01827	مومقا	headword	188_1R.png	unverified
D90-5-01828	موملاتماق	headword	188_1R.png	unverified
D90-5-01829	موملاشماق	headword	188_1R.png	unverified
D90-5-01830	موملانماق	headword	188_1R.png	unverified
D90-5-01832	مومېنت	headword	188_1R.png	unverified
D90-5-01833	مومېنتلىق	headword	188_1R.png	unverified
D90-5-01835	موناتسىت	headword	188_1R.png	unverified
D90-5-01836	موناخ	headword	188_2L.png	unverified
D90-5-01837	مونارخىزم	headword	188_2L.png	unverified
D90-5-01838	مونارخىست	headword	188_2L.png	unverified
D90-5-01839	مونارخىيە	headword	188_2L.png	unverified
D90-5-01839-v1	پادىشاھلىق تۈزۈم	variant	188_2L.png	unverified
D90-5-01840	مونارخىيىلىك	headword	188_2L.png	unverified
D90-5-01841	موناستىر	headword	188_2L.png	unverified
D90-5-01842	مونەك	headword	188_2L.png	unverified
D90-5-01844	مونەكچە	headword	189_1R.png	unverified
D90-5-01845	مونەكلەشتۈرمەك	headword	189_1R.png	unverified
D90-5-01846	مونەكلەشتۈرۈلمەك	headword	189_1R.png	unverified
D90-5-01847	مونەكلەشمەك	headword	189_1R.png	unverified
D90-5-01848	مونەكلەنـمەك	headword	189_1R.png	unverified
D90-5-01849	مونەكلەمەك	headword	189_1R.png	unverified
D90-5-01850	مونەك-مونەك	headword	189_1R.png	unverified
D90-5-01851	مونتاژ	headword	189_1R.png	unverified
D90-5-01852	مونتمورىللونىت	headword	189_2L.png	unverified
D90-5-01854	مونچاق	headword	189_2L.png	unverified
D90-5-01855	مونچاق گۆش	headword	190_1R.png	unverified
D90-5-01856	مونچاققوراي	headword	190_1R.png	unverified
D90-5-01857	مونچاقلىماق	headword	190_1R.png	unverified
D90-5-01858	مونچاق-مونچاق	headword	190_1R.png	unverified
D90-5-01859	مونزونىت	headword	190_1R.png	unverified
D90-5-01860	مونزونىتلىق	headword	190_2L.png	unverified
D90-5-01862	مونوپول	headword	190_2L.png	unverified
D90-5-01867	مونوپول كاپىتال	headword	191_1R.png	unverified
D90-5-01868	مونوپول كاپىتالىزم	headword	191_1R.png	unverified
D90-5-01869	مونوپول يەر ئىجارىسى	headword	191_1R.png	unverified
D90-5-01870	مونوپولچىلىق	headword	191_1R.png	unverified
D90-5-01871	مونوپوللۇق	headword	191_1R.png	unverified
D90-5-01872	مونوپولىيە	headword	191_1R.png	unverified
D90-5-01873	مونوپولىيىدىن بۇرۇنقى كاپىتالىزم	headword	191_1R.png	unverified
D90-5-01874	مونوپولىيىچى	headword	191_2L.png	unverified
D90-5-01875	مونولوگ	headword	191_2L.png	verified
D90-5-01876	موھتاج	headword	191_2L.png	unverified
D90-5-01878	موھتاجلىق	headword	191_2L.png	unverified
D90-5-01879	موۋۇت	headword	191_2L.png	unverified
D90-5-01880	موي	headword	192_1R.png	unverified
D90-5-01881	موي تارتماق	headword	192_1R.png	unverified
D90-5-01882	موي قەلەم	headword	192_1R.png	unverified
D90-5-01883	مويىنى تەۋرىتەلمەسلىك	headword	192_1R.png	unverified
D90-5-01883-v1	بىر تال مويىنى تەۋرىتەلمەسلىك	variant	192_1R.png	unverified
D90-5-01884	موپەكچە	headword	192_1R.png	unverified
D90-5-01885	مويچى	headword	192_1R.png	unverified
D90-5-01886	مويچىلىق	headword	192_1R.png	unverified
D90-5-01887	مويسىپىت	headword	192_1R.png	unverified
D90-5-01888	مويسىپىتلىك	headword	192_1R.png	unverified
D90-5-01889	مويكا	headword	192_1R.png	unverified
D90-5-01890	مويلۇق	headword	192_2L.png	unverified
D90-5-01891	موينا	headword	192_2L.png	unverified
D90-5-01892	مويناق	nonstandard	192_2L.png	unverified
D90-5-01892-c1	بويناق	corrected_form	192_2L.png	unverified
D90-5-01893	موينىكەش	headword	192_2L.png	unverified
D90-5-01894	مۇئاپ	headword	192_2L.png	unverified
D90-5-01895	مۇئامىلە	headword	192_2L.png	unverified
D90-5-01896	مۇئامىلە جەريانى	headword	193_1R.png	unverified
D90-5-01897	مۇئامىلە خىراجىتى	headword	193_1R.png	unverified
D90-5-01898	مۇئامىلە ساھەسى	headword	193_1R.png	unverified
D90-5-01899	مۇئامىلە قوندى	headword	193_1R.png	unverified
D90-5-01900	مۇئامىلە قىلماق	headword	193_1R.png	unverified
D90-5-01901	مۇئامىلە كاپىتالى	headword	193_2L.png	unverified
D90-5-01902	مۇئامىلە مەبلىغى	headword	193_2L.png	unverified
D90-5-01902-v1	مۇئامىلە فوندى	variant	193_2L.png	unverified
D90-5-01903	مۇئامىلە ۋاسىتىسى	headword	193_2L.png	unverified
D90-5-01904	مۇئامىلە ۋاقتى	headword	193_2L.png	unverified
D90-5-01905	مۇئامىلىلىك	headword	193_2L.png	unverified
D90-5-01906	مۇئاھىدە	headword	193_2L.png	unverified
D90-5-01907	مۇئاۋىن	headword	193_2L.png	unverified
D90-5-01909	مۇئاۋىنلىق	headword	193_2L.png	unverified
D90-5-01910	مۇئەتتەر	headword	194_1R.png	unverified
D90-5-01911	مۇئەسسەسە	headword	194_1R.png	unverified
D90-5-01912	مۇئەككەل	headword	194_1R.png	unverified
D90-5-01913	مۇئەككەل بولماق	headword	194_2L.png	unverified
D90-5-01914	مۇئەللەق	headword	194_2L.png	unverified
D90-5-01915	مۇئەللىپ	headword	194_2L.png	unverified
D90-5-01916	مۇئەللىم	headword	194_2L.png	unverified
D90-5-01917	مۇئەللىمچىلىك	headword	194_2L.png	unverified
D90-5-01918	مۇئەللىملىك	headword	195_1R.png	unverified
D90-5-01919	مۇئەمما	headword	195_1R.png	unverified
D90-5-01920	مۇئەييەن	headword	195_1R.png	unverified
D90-5-01921	مۇئەييەنلەشتۈرمەك	headword	195_1R.png	unverified
D90-5-01922	مۇئەييەنلەشتۈرۈشمەك	headword	195_1R.png	unverified
D90-5-01923	مۇئەييەنلەشتۈرۈلمەك	headword	195_1R.png	unverified
D90-5-01924	مۇئەييەنلەشمەك	headword	195_1R.png	unverified
D90-5-01925	مۇئەييەنلىك	headword	195_1R.png	unverified
D90-5-01926	مۇبادا	headword	195_2L.png	unverified
D90-5-01927	مۇبارەك	headword	195_2L.png	unverified
D90-5-01928	مۇبارەك بولسۇن	headword	195_2L.png	unverified
D90-5-01929	مۇبارەكلەشمەك	headword	196_1R.png	unverified
D90-5-01930	مۇبارەكلەنمەك	headword	196_1R.png	unverified
D90-5-01932	مۇبالىغە	headword	196_1R.png	unverified
D90-5-01933	مۇبالىغە بولماق	headword	196_2L.png	unverified
D90-5-01934	مۇبالىغە قىلماق	headword	196_2L.png	unverified
D90-5-01935	مۇبالىغىلەشتۈرمەك	headword	196_2L.png	unverified
D90-5-01936	مۇبالىغىلەشتۈرۈلمەك	headword	196_2L.png	unverified
D90-5-01937	مۇبالىغىلەشمەك	headword	196_2L.png	unverified
D90-5-01938	مۇباھ	headword	196_2L.png	unverified
D90-5-01939	مۇپەتتىش	headword	196_2L.png	unverified
D90-5-01940	مۇپەتتىشلىك	headword	197_1R.png	unverified
D90-5-01941	مۇپەسسەل	headword	197_1R.png	unverified
D90-5-01942	مۇپەسسىر	headword	197_1R.png	unverified
D90-5-01943	مۇپتى	headword	197_1R.png	unverified
D90-5-01944	مۇپتىخانا	headword	197_1R.png	unverified
D90-5-01945	مۇپتىلا	headword	197_1R.png	unverified
D90-5-01946	مۇپتىلا بولماق	headword	197_2L.png	unverified
D90-5-01947	مۇپتىلا قىلماق	headword	197_2L.png	unverified
D90-5-01948	مۇت	headword	197_2L.png	unverified
D90-5-01949	مۇتالىئە	headword	197_2L.png	unverified
D90-5-01950	مۇتالىئە قىلماق	headword	197_2L.png	unverified
D90-5-01951	مۇتالىئە يۈرگۈزمەك	headword	197_2L.png	unverified
D90-5-01952	مۇتەئەسسىپ	headword	197_2L.png	unverified
D90-5-01953	مۇتەئەسسىپلىششمەك	headword	198_1R.png	unverified
D90-5-01954	مۇتەئەسسىپلىشمەك	headword	198_1R.png	unverified
D90-5-01955	مۇتەئەسسىپلىك	headword	198_1R.png	unverified
D90-5-01956	مۇتەپەككۇر	headword	198_1R.png	unverified
D90-5-01957	مۇتەخەسىسىس	headword	198_1R.png	unverified
D90-5-01958	مۇتەخەسىسلەشتۈرمەك	headword	198_2L.png	unverified
D90-5-01959	مۇتەخەسىسلەشتۈرۈلمەك	headword	198_2L.png	unverified
D90-5-01960	مۇتەخەسىسلەشمەك	headword	198_2L.png	unverified
D90-5-01961	مۇتەخەسىسلىك	headword	198_2L.png	unverified
D90-5-01962	مۇتەسسە	headword	198_2L.png	unverified
D90-5-01963	مۇتەكەببۇر	headword	198_2L.png	unverified
D90-5-01964	مۇتەكەببۇرلۇق	headword	198_2L.png	unverified
D90-5-01965	مۇتتەھەم	headword	198_2L.png	unverified
D90-5-01966	مۇتتەھەملىك	headword	199_1R.png	unverified
D90-5-01967	مۇتتەھەملىك قىلماق	headword	199_1R.png	unverified
D90-5-01968	مۇتكېپەن	headword	199_1R.png	unverified
D90-5-01969	مۇتكېپەنلىك	headword	199_1R.png	unverified
D90-5-01970	مۇتلەق	headword	199_1R.png	verified
D90-5-01971	مۇتلەق بوشلۇق	headword	199_2L.png	unverified
D90-5-01972	مۇتلەق بۇيرۇق	headword	200_1R.png	unverified
D90-5-01976	مۇتلەق پەرمان	headword	200_1R.png	unverified
D90-5-01973	مۇتلەق بېسىم	headword	200_1R.png	unverified
D90-5-01974	مۇتلەق بىرلىكلەر	headword	200_1R.png	unverified
D90-5-01975	مۇتلەق بىرلىكلەر سىستېمىسى	headword	200_1R.png	unverified
D90-5-01977	مۇتلەق تەڭسىزلىك	headword	200_2L.png	unverified
D90-5-01978	مۇتلەق تېزلىك	headword	200_2L.png	unverified
D90-5-01979	مۇتلەق تېزلىنىش	headword	200_2L.png	unverified
D90-5-01980	مۇتلەق خاتالىق	headword	200_2L.png	unverified
D90-5-01981	مۇتلەق دەۋر	headword	200_2L.png	unverified
D90-5-01982	مۇتلەق روھ	headword	200_2L.png	unverified
D90-5-01983	مۇتلەق سان	headword	201_1R.png	verified
D90-5-01984	مۇتلەق قاتتىق جىسىم	headword	201_1R.png	unverified
D90-5-01985	مۇتلەق قوشۇمچە قىممەت	headword	201_1R.png	unverified
D90-5-01986	مۇتلەق قىممەت	headword	201_1R.png	unverified
D90-5-01987	مۇتلەق قىممەتلىك تەڭسىزلىك	headword	201_2L.png	unverified
D90-5-01988	مۇتلەق نەملىك	headword	201_2L.png	unverified
D90-5-01989	مۇتلەق نۆل گرادۇس	headword	201_2L.png	unverified
D90-5-01990	مۇتلەق ھەرىكەت	headword	201_2L.png	unverified
D90-5-01991	مۇتلەق ھەقىقەت	headword	201_2L.png	unverified
D90-5-01992	مۇتلەق ۋاقىت	headword	201_2L.png	unverified
D90-5-01993	مۇتلەق ئېگىزلىك	headword	201_2L.png	unverified
D90-5-01994	مۇتلەق ئىدېئالىزم	headword	201_2L.png	unverified
D90-5-01995	مۇتلەق ئىدىيە	headword	202_1R.png	unverified
D90-5-01996	مۇتلەق يەر ئىجارىسى	headword	202_1R.png	unverified
D90-5-01997	مۇتلەقچىلىك	headword	202_1R.png	unverified
D90-5-01998	مۇتلەقلەشتۈرۈلمەك	headword	202_2L.png	unverified
D90-5-01999	مۇتلەقلەشمەك	headword	202_2L.png	unverified
D90-5-02000	مۇتلەقلىك	headword	202_2L.png	unverified
D90-5-02001	مۇتىۋەللى	headword	202_2L.png	unverified
D90-5-02002	مۇتىۋەللىلىك	headword	202_2L.png	unverified
D90-5-02003	مۇجەسسەم	headword	203_1R.png	unverified
D90-5-02004	مۇجەسسەملەشتۈرمەك	headword	203_1R.png	unverified
D90-5-02005	مۇجەسسەملەشتۈرۈلمەك	headword	203_1R.png	unverified
D90-5-02006	مۇجەسسەملەشمەك	headword	203_1R.png	unverified
D90-5-02007	مۇجەسسەملەنمەك	headword	203_1R.png	unverified
D90-5-02008	مۇجەسسەملىمەك	headword	203_2L.png	unverified
D90-5-02009	مۇجۇتماق	headword	203_2L.png	unverified
D90-5-02010	مۇجۇشماق	headword	203_2L.png	unverified
D90-5-02011	مۇجۇق	headword	203_2L.png	unverified
D90-5-03042	مىجىق	headword	292_2L.png	unverified
D90-5-02015	مۇجۇقلىماق	headword	203_2L.png	unverified
D90-5-02017	مۇجۇماق	headword	204_1R.png	unverified
D90-5-02016	مۇجۇلماق	headword	203_2L.png	unverified
D90-5-02018	مۇچ	headword	204_1R.png	unverified
D90-5-02019	مۇخ	headword	204_1R.png	unverified
D90-5-02020	مۇخالىپ	headword	204_1R.png	unverified
D90-5-02021	مۇخالىپلىق	headword	204_2L.png	unverified
D90-5-02022	مۇخەممەس	headword	204_2L.png	unverified
D90-5-02023	مۇخبىر	headword	204_2L.png	unverified
D90-5-02024	مۇخبىرچىلىك	headword	204_2L.png	unverified
D90-5-02025	مۇخبىرلىق	headword	205_1R.png	unverified
D90-5-02026	مۇختارىيەت	headword	205_1R.png	unverified
D90-5-02026-v1	ئاپتونومىيە	variant	205_1R.png	unverified
D90-5-02027	مۇختارىيەتچى	headword	205_1R.png	unverified
D90-5-02028	مۇختەسەر	headword	205_1R.png	unverified
D90-5-02029	مۇخلار	headword	205_1R.png	unverified
D90-5-02030	مۇخلىس	headword	205_1R.png	unverified
D90-5-02031	مۇداپىئە	headword	205_2L.png	unverified
D90-5-02033	مۇداپىئە قىلماق	headword	205_2L.png	unverified
D90-5-02034	مۇداپىئە كۆرمەك	headword	205_2L.png	unverified
D90-5-02037	مۇداپىئىچى	headword	206_1R.png	unverified
D90-5-02039	مۇداپىئىلەنمەك	headword	206_1R.png	unverified
D90-5-02040	مۇداخىلە	headword	206_2L.png	unverified
D90-5-02041	مۇداخىلە قىلماق	headword	206_2L.png	unverified
D90-5-02042	مۇداخىلە يۈرگۈزمەك	headword	206_2L.png	unverified
D90-5-02043	مۇداخىلىچى	headword	206_2L.png	unverified
D90-5-02044	مۇدەررس	headword	206_2L.png	unverified
D90-5-02045	مۇدەررىسلىك	headword	206_2L.png	unverified
D90-5-02046	مۇددەت	headword	207_1R.png	unverified
D90-5-02047	مۇددەتسىز	headword	207_1R.png	unverified
D90-5-02049	مۇددەتلىك	headword	207_2L.png	unverified
D90-5-02052	مۇددىئا	headword	207_2L.png	unverified
D90-5-02053	مۇدھىش	headword	208_1R.png	unverified
D90-5-02054	مۇدھىشلىك	headword	208_1R.png	unverified
D90-5-02055	مۇدىر	headword	208_1R.png	unverified
D90-5-02056	مۇدىرلىق	headword	208_1R.png	unverified
D90-5-02057	مۇدىرىيەت	headword	208_1R.png	unverified
D90-5-02058	مۇراببا	headword	208_1R.png	unverified
D90-5-02059	مۇراجىئەت	headword	208_2L.png	unverified
D90-5-02060	مۇراجىئەت قىلماق	headword	208_2L.png	unverified
D90-5-02061	مۇراجىئەتنامە	headword	208_2L.png	unverified
D90-5-02062	مۇراد	headword	208_2L.png	unverified
D90-5-02063	مۇراد تاپماق	headword	209_1R.png	unverified
D90-5-02064	مۇرادىغا يەتمەك	headword	209_1R.png	unverified
D90-5-02065	مۇراد-مەقسەت	headword	209_1R.png	unverified
D90-5-02066	مۇراسىم	headword	209_1R.png	unverified
D90-5-02067	مۇراسىملىق	headword	209_2L.png	unverified
D90-5-02068	مۇرەببە	headword	209_2L.png	verified
D90-5-02069	مۇرەببى	headword	209_2L.png	unverified
D90-5-02070	مۇرەسسە	headword	209_2L.png	unverified
D90-5-02072	مۇرەسسەچى	headword	210_1R.png	unverified
D90-5-02073	مۇرەسسەچىلىك	headword	210_1R.png	unverified
D90-5-02074	مۇرەسسەسىز	headword	210_1R.png	unverified
D90-5-02075	مۇرەسسەسىزلىك	headword	210_1R.png	unverified
D90-5-02076	مۇرەسسەلەشتۈرمەك	headword	210_1R.png	unverified
D90-5-02077	مۇرەسسە - مادارا	headword	210_2L.png	unverified
D90-5-02078	مۇرەسسە - ماداراچىلىق	headword	210_2L.png	verified
D90-5-02079	مۇرەككەپ	headword	210_2L.png	unverified
D90-5-02080	مۇرەككەپ ئاتالغۇلۇق سان	headword	210_2L.png	verified
D90-5-02081	مۇرەككەپ ئاۋاز	headword	211_1R.png	unverified
D90-5-02082	مۇرەككەپ ئەمگەك	headword	211_1R.png	unverified
D90-5-02083	مۇرەككەپ تاناسىپ	headword	211_1R.png	unverified
D90-5-02084	مۇرەككەپ تۇز	headword	211_1R.png	unverified
D90-5-02085	مۇرەككەپ جۈملە	headword	211_1R.png	unverified
D90-5-02085-v1	قوشما جۈملە	variant	211_1R.png	unverified
D90-5-02086	مۇرەككەپ خەۋەر	headword	211_1R.png	unverified
D90-5-02087	مۇرەككەپ دۈم پۈرمە	headword	211_1R.png	unverified
D90-5-02088	مۇرەككەپ رەڭلىك يورۇقلۇق	headword	211_1R.png	unverified
D90-5-02089	مۇرەككەپ سان	headword	211_2L.png	verified
D90-5-02090	مۇرەككەپ قالدۇق	headword	211_2L.png	unverified
D90-5-02091	مۇرەككەپ كەسىر	headword	211_2L.png	unverified
D90-5-02092	مۇرەككەپ كەسىر ئىپادە	headword	211_2L.png	unverified
D90-5-02093	مۇرەككەپ كۆز	headword	211_2L.png	unverified
D90-5-02094	مۇرەككەپ كۈنلۈكسىمان گۈل رېتى	headword	212_1R.png	unverified
D90-5-02095	مۇرەككەپ گۈللۈكلەر ئائىلىسى	headword	212_1R.png	unverified
D90-5-02096	مۇرەككەپ ماياتنىك	headword	212_1R.png	unverified
D90-5-02097	مۇرەككەپ مەسىلە	headword	212_1R.png	unverified
D90-5-02098	مۇرەككەپ مېۋە	headword	212_1R.png	unverified
D90-5-02099	مۇرەككەپ نىسبەت	headword	212_2L.png	unverified
D90-5-02100	مۇرەككەپ ھۆكۈم	headword	212_2L.png	unverified
D90-5-02101	مۇرەككەپ يوپۇرماق	headword	212_2L.png	unverified
D90-5-02102	مۇرەككەپلەشتۈرمەك	headword	212_2L.png	unverified
D90-5-02103	مۇرەككەپلەشتۈرۈلمەك	headword	212_2L.png	unverified
D90-5-02104	مۇرەككەپلەشمەك	headword	212_2L.png	unverified
D90-5-02105	مۇرەككەپلىك	headword	213_1R.png	unverified
D90-5-02106	مۇرتەت	headword	213_1R.png	unverified
D90-5-02107	مۇرتەتلىك	headword	213_1R.png	unverified
D90-5-02108	مۇرچۇبا	headword	213_1R.png	unverified
D90-5-02109	مۇردا	headword	213_1R.png	unverified
D90-5-02111	مۇردا قۇربانلىقى	headword	213_2L.png	unverified
D90-5-02112	مۇردىخانا	headword	213_2L.png	verified
D90-5-02113	مۇرمەككى	headword	213_2L.png	unverified
D90-5-02115	مۇرۇللۇغ	headword	213_2L.png	unverified
D90-5-02116	مۇرۇۋۋەت	headword	213_2L.png	unverified
D90-5-02117	مۇرۇۋۋەتسىز	headword	214_1R.png	unverified
D90-5-02118	مۇرۇۋۋەتلىك	headword	214_1R.png	unverified
D90-5-02119	مۇرىت	headword	214_1R.png	unverified
D90-5-02120	مۇرىت-مۇخلىس	headword	214_2L.png	unverified
D90-5-02121	مۇز	headword	214_2L.png	unverified
D90-5-02125	مۇز تاغ	headword	214_2L.png	unverified
D90-5-02126	مۇز تەلەت	headword	215_1R.png	unverified
D90-5-02127	مۇز توپ	headword	215_1R.png	unverified
D90-5-02128	مۇز توپ كانكىسى	headword	215_1R.png	unverified
D90-5-02129	مۇز تۇتماق	headword	215_1R.png	unverified
D90-5-02130	مۇز تېيىلىش	headword	215_1R.png	unverified
D90-5-02131	مۇز تېيىلىش مەيدانى	headword	215_2L.png	unverified
D90-5-02132	مۇز چۆكۈندىسى	headword	215_2L.png	unverified
D90-5-02133	مۇز خالتىسى	headword	215_2L.png	unverified
D90-5-02134	مۇز دانىچىسى	headword	215_2L.png	unverified
D90-5-02135	مۇز دەۋرى	headword	215_2L.png	unverified
D90-5-02136	مۇز دۈمبەل	headword	216_1R.png	unverified
D90-5-02137	مۇزغا دەرەڭگە ئاتقاندەك	headword	216_1R.png	unverified
D90-5-02138	مۇز كرىستاللىق جىنىس	headword	216_1R.png	unverified
D90-5-02138-v1	كرىئولىت	variant	216_1R.png	unverified
D90-5-02139	مۇز كرىستالى	headword	216_1R.png	unverified
D90-5-02140	مۇز كۆل	headword	216_1R.png	unverified
D90-5-02141	مۇز ئۈستى تەنھەرىكىتى	headword	216_1R.png	unverified
D90-5-02142	مۇز يىڭنىچىسى	headword	216_1R.png	verified
D90-5-02143	مۇزاكىرە	headword	216_2L.png	unverified
D90-5-02144	مۇزاكىرە قىلماق	headword	216_2L.png	unverified
D90-5-02145	مۇزاكىرىسىز	headword	216_2L.png	unverified
D90-5-02146	مۇزاكىرىلەشمەك	headword	216_2L.png	unverified
D90-5-02147	مۇزەپپەر	headword	217_1R.png	unverified
D90-5-02148	مۇزخانا	headword	217_1R.png	unverified
D90-5-02149	مۇزدەك	headword	217_1R.png	unverified
D90-5-02150	مۇزلاتماق	headword	217_1R.png	unverified
D90-5-02151	مۇزلۇق	headword	217_1R.png	unverified
D90-5-02152	مۇزلۇق فاتسىيىسى	headword	217_2L.png	unverified
D90-5-02153	مۇزلۇق گېئولوگىيىسى	headword	217_2L.png	unverified
D90-5-02154	مۇزلۇق گېئومورفولوگىيىسى	headword	217_2L.png	unverified
D90-5-02155	مۇزلۇق ئىزى	headword	218_1R.png	unverified
D90-5-02156	مۇزلۇق يەر قىياپىتى	headword	218_1R.png	unverified
D90-5-02157	مۇزلىتىلماق	headword	218_1R.png	unverified
D90-5-02158	مۇزلىماق	headword	218_1R.png	unverified
D90-5-02159	مۇزېي	headword	218_1R.png	unverified
D90-5-02160	مۇزىكا	headword	218_2L.png	unverified
D90-5-02161	مۇزىكا ئابزاسى	headword	218_2L.png	unverified
D90-5-02162	مۇزىكا ئاھاڭى	headword	219_1R.png	unverified
D90-5-02163	مۇزىكا ئەترىتى	headword	219_1R.png	unverified
D90-5-02164	مۇزىكا بابى	headword	219_1R.png	unverified
D90-5-02165	مۇزىكا جۈملىسى	headword	219_1R.png	unverified
D90-5-02166	مۇزىكا ئوركېستىرى	headword	219_1R.png	unverified
D90-5-02167	مۇزىكانت	headword	219_2L.png	unverified
D90-5-02168	مۇزىكىچى	headword	219_2L.png	unverified
D90-5-02169	مۇزىكىچىلىق	headword	219_2L.png	unverified
D90-5-02170	مۇزىكىشۇناس	headword	219_2L.png	unverified
D90-5-02171	مۇزىكىشۇناسلىق	headword	220_1R.png	unverified
D90-5-02172	مۇزىكىلىق	headword	220_1R.png	unverified
D90-5-02177	مۇسابىقە	headword	220_1R.png	unverified
D90-5-02178	مۇسابىقە سائىتى	headword	220_2L.png	unverified
D90-5-02179	مۇسابىقە قائىدىسى	headword	220_2L.png	unverified
D90-5-02180	مۇسابىقە قولۋىقى	headword	220_2L.png	unverified
D90-5-02181	مۇسابىقە قىلماق	headword	220_2L.png	unverified
D90-5-02182	مۇسابىقە نىزامى	headword	221_1R.png	unverified
D90-5-02183	مۇسابىقە ۋېلىسىپىتى	headword	221_1R.png	unverified
D90-5-02184	مۇسابىقىداش	headword	221_1R.png	unverified
D90-5-02185	مۇسابىقىلەشتۈرمەك	headword	221_2L.png	unverified
D90-5-02186	مۇسابىقىلەشتۈرۈلمەك	headword	221_2L.png	unverified
D90-5-02187	مۇسابىقىلەشمەك	headword	221_2L.png	unverified
D90-5-02188	مۇساپە	headword	221_2L.png	unverified
D90-5-02189	مۇساپىر	headword	221_2L.png	unverified
D90-5-02191	مۇساپىرپەرۋەر	headword	222_1R.png	unverified
D90-5-02192	مۇساپىرپەرۋەرلىك	headword	222_1R.png	unverified
D90-5-02193	مۇساپىرچىلىق	headword	222_1R.png	unverified
D90-5-02195	مۇساپىرلىق	headword	222_1R.png	unverified
D90-5-02194	مۇساپىرخانا	headword	222_1R.png	unverified
D90-5-02196	مۇساپىلىق	headword	222_1R.png	unverified
D90-5-02197	مۇسادىرە	headword	222_2L.png	unverified
D90-5-02200	مۇساۋىيات	headword	222_2L.png	unverified
D90-5-02201	مۇسەببە	headword	222_2L.png	unverified
D90-5-02202	مۇسەددەس	headword	222_2L.png	unverified
D90-5-02203	مۇسەللەس	headword	223_1R.png	unverified
D90-5-02205	مۇسەممەن	headword	223_1R.png	unverified
D90-5-02206	مۇسەنىپ	headword	223_2L.png	unverified
D90-5-02207	مۇسبەت	headword	223_2L.png	unverified
D90-5-02214	مۇستەبىت	headword	224_1R.png	unverified
D90-5-02215	مۇستەبىتچىلىك	headword	224_1R.png	unverified
D90-5-02216	مۇستەبىتلىك	headword	224_1R.png	unverified
D90-5-02217	مۇستەسنا	headword	224_1R.png	unverified
D90-5-02218	مۇستە سناسىز	headword	224_1R.png	unverified
D90-5-02219	مۇستەسنالىق	headword	224_2L.png	unverified
D90-5-02220	مۇستەقىل	headword	224_2L.png	unverified
D90-5-02222	مۇستەقىلچى	headword	225_1R.png	unverified
D90-5-02223	مۇستەقىللىق	headword	225_1R.png	unverified
D90-5-02224	مۇستەقىللىق خىتابنامىسى	headword	225_1R.png	unverified
D90-5-02225	مۇستەكرە	headword	225_1R.png	unverified
D90-5-02226	مۇستەملىكە	headword	225_1R.png	unverified
D90-5-02228	مۇستەملىكە قىلماق	headword	225_2L.png	unverified
D90-5-02229	مۇستەملىكىچى	headword	225_2L.png	unverified
D90-5-02230	مۇستەملىكىچىلىك	headword	225_2L.png	verified
D90-5-02231	مۇستەملىكىلىك	headword	225_2L.png	unverified
D90-5-02232	مۇستەھەپ	headword	225_2L.png	unverified
D90-5-02233	مۇستەھەپ قىلماق	headword	226_1R.png	unverified
D90-5-02234	مۇستەھەپخانا	headword	226_1R.png	unverified
D90-5-02235	مۇستەھزاد	headword	226_1R.png	unverified
D90-5-02236	مۇستەھكەم	headword	226_1R.png	unverified
D90-5-02237	مۇستەھكەم بولماق	headword	226_2L.png	unverified
D90-5-02238	مۇستەھكەم قىلماق	headword	226_2L.png	unverified
D90-5-02239	مۇستەھكەملەتمەك	headword	226_2L.png	unverified
D90-5-02240	مۇستەھكەملەشمەك	headword	226_2L.png	unverified
D90-5-02241	مۇستەھكەملەنمەك	headword	226_2L.png	unverified
D90-5-02242	مۇستەھكەملىك	headword	227_1R.png	unverified
D90-5-02243	مۇستەھكەملىمەك	headword	227_1R.png	unverified
D90-5-02244	مۇسسون	headword	227_1R.png	unverified
D90-5-02245	مۇسسون شامىلى	headword	227_1R.png	unverified
D90-5-02245-v1	پەسىللىك شامال	variant	227_1R.png	unverified
D90-5-02246	مۇسكۇل	headword	227_1R.png	unverified
D90-5-02247	مۇسكۇل باسقۇچ	headword	227_2L.png	unverified
D90-5-02248	مۇسكۇل تالاسى	headword	227_2L.png	unverified
D90-5-02249	مۇسكۇل ئۆسمىسى	headword	227_2L.png	unverified
D90-5-02250	مۇسكۇللۇق	headword	227_2L.png	unverified
D90-5-02251	مۇسۇلمان	headword	227_2L.png	unverified
D90-5-02252	مۇسۇلمانچە	headword	227_2L.png	unverified
D90-5-02253	مۇسۇلمانچىلىق	headword	228_1R.png	unverified
D90-5-02254	مۇسۇلمانلىق	headword	228_1R.png	unverified
D90-5-02255	مۇسىبەت	headword	228_1R.png	unverified
D90-5-02259	مۇسىبەتلىك	headword	228_2L.png	unverified
D90-5-02260	مۇشاۋىر	headword	228_2L.png	unverified
D90-5-02261	مۇشاۋىرەك	headword	228_2L.png	unverified
D90-5-02261-v1	مۇشاۋىرەك مۇقامى	variant	228_2L.png	unverified
D90-5-02263	مۇشاۋىرلىق	headword	228_2L.png	unverified
D90-5-02264	مۇشائىرە	headword	228_2L.png	unverified
D90-5-02266	مۇشەررەپ	headword	229_1R.png	unverified
D90-5-02268	مۇشەققەت	headword	229_1R.png	unverified
D90-5-02270	مۇشەققەتچىلىك	headword	229_1R.png	unverified
D90-5-02271	مۇشەققەتسىز	headword	229_2L.png	unverified
D90-5-02272	مۇشەققەتلىك	headword	229_2L.png	unverified
D90-5-02273	مۇشپىقىي	headword	229_2L.png	unverified
D90-5-02274	مۇشت	headword	229_2L.png	unverified
D90-5-02276	مۇشت كۆتۈرمەك	headword	230_1R.png	unverified
D90-5-02277	مۇشتا	headword	230_1R.png	unverified
D90-5-02278	مۇشتاق	headword	230_1R.png	unverified
D90-5-02280	مۇشتاقلىق	headword	230_1R.png	unverified
D90-5-02281	مۇشتەرى	headword	230_2L.png	unverified
D90-5-02282	مۇشتەرى بولماق	headword	230_2L.png	unverified
D90-5-02283	مۇشتەك	headword	230_2L.png	unverified
D90-5-02284	مۇشتەكلىمەك	headword	230_2L.png	unverified
D90-5-02285	مۇشتتەك	headword	230_2L.png	unverified
D90-5-02287	مۇشتلاش	headword	230_2L.png	unverified
D90-5-02288	مۇشتلاشتۇرماق	headword	231_1R.png	unverified
D90-5-02289	مۇشتلاشچى	headword	231_1R.png	unverified
D90-5-02290	مۇشتلاشماق	headword	231_1R.png	unverified
D90-5-02291	مۇشتلانماق	headword	231_1R.png	unverified
D90-5-02292	مۇشتلىماق	headword	231_1R.png	unverified
D90-5-02293	مۇشتۇم	headword	231_1R.png	unverified
D90-5-02294	مۇشتۇمدەك	headword	231_1R.png	unverified
D90-5-02295	مۇشتۇمزور	headword	231_1R.png	unverified
D90-5-02296	مۇشتۇمزورلۇق	headword	231_2L.png	unverified
D90-5-02297	مۇشك	headword	231_2L.png	unverified
D90-5-02298	مۇشك-ئەنبەر	headword	231_2L.png	unverified
D90-5-02299	مۇشۇ	headword	231_2L.png	unverified
D90-5-02300	مۇشۇ تاپ	headword	232_1R.png	unverified
D90-5-02301	مۇشۇ تاپتا	headword	232_1R.png	unverified
D90-5-02302	مۇشۇ تۇرقىدا	headword	232_1R.png	unverified
D90-5-02303	مۇشۇمۇ كۈنمۇ؟	headword	232_1R.png	unverified
D90-5-02303-v1	مۇشۇ كۈن بولدىمۇ؟	variant	232_1R.png	unverified
D90-5-02304	مۇشۇمۇ كۈن بولدىمۇ؟	headword	232_1R.png	unverified
D90-5-02305	مۇشۇنچە	headword	232_1R.png	unverified
D90-5-02306	مۇشۇنچىلىك	headword	232_1R.png	unverified
D90-5-02307	مۇشۇنچىۋالا	headword	232_2L.png	unverified
D90-5-02308	مۇشۇنداق	headword	232_2L.png	unverified
D90-5-02309	مۇغەمبەر	headword	232_2L.png	unverified
D90-5-02310	مۇغەمبەرانە	headword	232_2L.png	unverified
D90-5-02311	مۇغەمبەرلەرچە	headword	232_2L.png	unverified
D90-5-02312	مۇغەمبەرلىك	headword	233_1R.png	unverified
D90-5-02313	مۇغەننى	headword	233_1R.png	verified
D90-5-02314	مۇفتا	headword	233_1R.png	unverified
D90-5-02315	مۇقابىل	headword	233_1R.png	unverified
D90-5-02318	مۇقاتىل	headword	233_2L.png	unverified
D90-5-02319	مۇقاتىل دەرىخى	headword	233_2L.png	unverified
D90-5-02321	مۇقام چالماق	headword	234_1R.png	unverified
D90-5-02322	مۇقامدا يوق	headword	234_1R.png	unverified
D90-5-02323	مۇقامغا سىغماسلىق	headword	234_1R.png	unverified
D90-5-02324	مۇقامىغا يەتمەك	headword	234_1R.png	unverified
D90-5-02325	مۇقامچى	headword	234_1R.png	unverified
D90-5-02326	مۇقامچىلىق	headword	234_1R.png	unverified
D90-5-02327	مۇقامشۇناس	headword	234_2L.png	unverified
D90-5-02328	مۇقامشۇناسلىق	headword	234_2L.png	unverified
D90-5-02329	مۇقاۋا	headword	234_2L.png	unverified
D90-5-02330	مۇقاۋىچى	headword	234_2L.png	unverified
D90-5-02331	مۇقاۋىچىلىق	headword	234_2L.png	unverified
D90-5-02332	مۇقاۋىسىز	headword	234_2L.png	unverified
D90-5-02333	مۇقاۋىلاتماق	headword	234_2L.png	unverified
D90-5-02334	مۇقاۋىلانماق	headword	235_1R.png	unverified
D90-5-02335	مۇقاۋىلىق	headword	235_1R.png	unverified
D90-5-02336	مۇقاۋىلىماق	headword	235_1R.png	unverified
D90-5-02337	مۇقەددەس	headword	235_1R.png	unverified
D90-5-02339	مۇقەددەس جاي	headword	235_2L.png	unverified
D90-5-02340	مۇقەددەس خەزىنە تۈزۈمى	headword	235_2L.png	unverified
D90-5-02341	مۇقەددەس روھ	headword	235_2L.png	unverified
D90-5-02342	مۇقەددەس كىتابلار	headword	236_1R.png	unverified
D90-5-02343	مۇقەددەسلەشتۈرمەك	headword	236_1R.png	unverified
D90-5-02344	مۇقەددەسلەشتۈرۈلمەك	headword	236_1R.png	unverified
D90-5-02345	مۇقەددەم	headword	236_1R.png	unverified
D90-5-02346	مۇقەددىمە	headword	236_1R.png	unverified
D90-5-02347	مۇقەررەر	headword	236_2L.png	unverified
D90-5-02350	مۇقەررەرلەشتۈرمەك	headword	236_2L.png	unverified
D90-5-02351	مۇقەررەرلەشتۈرۈلمەك	headword	236_2L.png	unverified
D90-5-02352	مۇقەررەرلەشمەك	headword	236_2L.png	unverified
D90-5-02353	مۇقەررەرلىك	headword	237_1R.png	unverified
D90-5-02355	مۇقۇلداشماق	headword	237_1R.png	unverified
D90-5-02356	مۇقىم	headword	237_1R.png	unverified
D90-5-02359	مۇقىم دولقۇن	headword	237_2L.png	unverified
D90-5-02360	مۇقىم غالتەك	headword	237_2L.png	unverified
D90-5-02361	مۇقىم كۆك	headword	237_2L.png	verified
D90-5-02362	مۇقىم ئۆسۈم	headword	237_2L.png	unverified
D90-5-02363	مۇقىم ئېقىم	headword	237_2L.png	unverified
D90-5-02364	مۇقىم ئىشلەپچىقىرىش فوندى	headword	237_2L.png	unverified
D90-5-02365	مۇقىمداپماق	headword	238_1R.png	unverified
D90-5-02365-v1	مۇقىملاپماق	variant	238_1R.png	unverified
D90-5-02366	مۇقىمسىز	headword	238_1R.png	unverified
D90-5-02367	مۇقىمسىزلىق	headword	238_1R.png	unverified
D90-5-02368	مۇقىملاشتۇرماق	headword	238_1R.png	unverified
D90-5-02369	مۇقىملاشتۇرۇش	headword	238_1R.png	unverified
D90-5-02370	مۇقىملاشتۇرۇلماق	headword	238_1R.png	unverified
D90-5-02371	مۇقىملاشماق	headword	238_2L.png	unverified
D90-5-02372	مۇقىملانماق	headword	238_2L.png	unverified
D90-5-02373	مۇقىملىق	headword	238_2L.png	unverified
D90-5-02374	مۇقىملىماق	headword	238_2L.png	unverified
D90-5-02375	مۇكاپات	headword	238_2L.png	unverified
D90-5-02377	مۇكاپات بەرمەك	headword	239_1R.png	unverified
D90-5-02378	مۇكاپات پۇلى	headword	239_1R.png	unverified
D90-5-02379	مۇكاپاتلاشماق	headword	239_1R.png	unverified
D90-5-02380	مۇكاپاتلانماق	headword	239_1R.png	unverified
D90-5-02381	مۇكاپاتلىق	headword	239_1R.png	unverified
D90-5-02382	مۇكاپاتلىماق	headword	239_1R.png	unverified
D90-5-02383	مۇكاپاتنامە	headword	239_1R.png	unverified
D90-5-02384	مۇكەممەل	headword	239_2L.png	unverified
D90-5-02385	مۇكەممەللىك	headword	239_2L.png	unverified
D90-5-02386	مۇكەممەللەشتۈرمەك	headword	239_2L.png	unverified
D90-5-02387	مۇكەممەللەشتۈرۈلمەك	headword	239_2L.png	unverified
D90-5-02388	مۇكەممەللەشمەك	headword	239_2L.png	unverified
D90-5-02390	مۇڭ	headword	240_1R.png	unverified
D90-5-02393	مۇڭداش	headword	240_1R.png	unverified
D90-5-02394	مۇڭداش بولماق	headword	240_2L.png	unverified
D90-5-02395	مۇڭداشقاق	headword	240_2L.png	unverified
D90-5-02396	مۇڭداشماق	headword	240_2L.png	unverified
D90-5-02397	مۇڭ-زار	headword	240_2L.png	unverified
D90-5-02398	مۇڭغىيىپ	headword	240_2L.png	unverified
D90-5-02399	مۇڭلانماق	headword	240_2L.png	unverified
D90-5-02400	مۇڭلۇق	headword	241_1R.png	unverified
D90-5-02401	مۇلازىم	headword	241_1R.png	unverified
D90-5-02402	مۇلازىمەت	headword	241_1R.png	unverified
D90-5-02403	مۇلازىمەتچى	headword	241_2L.png	unverified
D90-5-02404	مۇلازىمەتچىلىك	headword	241_2L.png	unverified
D90-5-02405	مۇلازىملىق	headword	241_2L.png	unverified
D90-5-02407	مۇلاقات بولماق	headword	242_1R.png	unverified
D90-5-02408	مۇلاھىزە	headword	242_1R.png	unverified
D90-5-02409	مۇلاھىزە قىلماق	headword	242_1R.png	unverified
D90-5-02410	مۇلاھىزە يۈرگۈزمەك	headword	242_1R.png	unverified
D90-5-02411	مۇلاھىزىلىك	headword	242_1R.png	unverified
D90-5-02412	مۇلاۋ	headword	242_2L.png	unverified
D90-5-02414	مۇلاۋلار	headword	242_2L.png	unverified
D90-5-02415	مۇلايىم	headword	242_2L.png	unverified
D90-5-02416	مۇلايىم باكتېرىئوفاگ	headword	242_2L.png	unverified
D90-5-02417	مۇلايىملىشتۇرماق	headword	242_2L.png	unverified
D90-5-02418	مۇلايىملاشماق	headword	242_2L.png	unverified
D90-5-02419	مۇلايىملىق	headword	243_1R.png	unverified
D90-5-02420	مۇلتىپلېت	headword	243_1R.png	unverified
D90-5-02421	مۇلتىمېتىر	headword	243_1R.png	unverified
D90-5-02422	مۇلجالىماق	headword	243_1R.png	unverified
D90-5-02630	مۆلچەرلىمەك	headword	261_1R.png	unverified
D90-5-02423	مۇلغۇي	headword	243_1R.png	unverified
D90-5-02424	مۇمكىن	headword	243_1R.png	unverified
D90-5-02425	مۇمكىنچىلىك	headword	243_2L.png	unverified
D90-5-02426	مۇمكىنسىز	headword	243_2L.png	unverified
D90-5-02427	مۇمكىنقەدەر	headword	243_2L.png	unverified
D90-5-02428	مۇمكىنلىك	headword	244_1R.png	unverified
D90-5-02429	مۇميا	headword	244_1R.png	unverified
D90-5-02430	مۇناپىق	headword	244_1R.png	unverified
D90-5-02431	مۇناپىقلاشماق	headword	244_1R.png	unverified
D90-5-02432	مۇناپىقلىق	headword	244_1R.png	unverified
D90-5-02433	مۇناپىقلىق قىلماق	headword	244_2L.png	unverified
D90-5-02434	مۇناجات	headword	244_2L.png	unverified
D90-5-02435	مۇناجات ئەيلىمەك	headword	244_2L.png	unverified
D90-5-02436	مۇناجات قىلماق	headword	244_2L.png	unverified
D90-5-02437	مۇنار	headword	244_2L.png	unverified
D90-5-02438	مۇناردىن پاراشۇت بىلەن سەكرەش	headword	245_1R.png	unverified
D90-5-02439	مۇنارسىمان	headword	245_1R.png	unverified
D90-5-02443	مۇنارلىق	headword	245_2L.png	unverified
D90-5-02444	مۇنازىرە	headword	245_2L.png	unverified
D90-5-02445	مۇنازىرە قىلماق	headword	245_2L.png	unverified
D90-5-02446	مۇنازىرىچى	headword	245_2L.png	unverified
D90-5-02447	مۇنازىرىسىز	headword	245_2L.png	unverified
D90-5-02448	مۇنازىرىلەشتۈرمەك	headword	245_2L.png	unverified
D90-5-02449	مۇنازىرىلەشتۈرۈلمەك	headword	245_2L.png	unverified
D90-5-02450	مۇنازىرىلەشمەك	headword	245_2L.png	unverified
D90-5-02451	مۇنازىرىلىك	headword	246_1R.png	unverified
D90-5-02452	مۇناسىپ	headword	246_1R.png	unverified
D90-5-02455	مۇناسىپلىق	headword	246_1R.png	unverified
D90-5-02456	مۇناسىۋەت	headword	246_1R.png	unverified
D90-5-02457	مۇناسىۋەتسىز	headword	246_2L.png	unverified
D90-5-02458	مۇناسىۋەتلەشتۈرگۈچى	headword	246_2L.png	unverified
D90-5-02460	مۇناسىۋەتلەشتۈرمەك	headword	247_1R.png	unverified
D90-5-02461	مۇناسىۋەتلەشمەك	headword	247_1R.png	unverified
D90-5-02462	مۇناسىۋەتلىك	headword	247_1R.png	unverified
D90-5-02464	مۇناقى	headword	247_1R.png	unverified
D90-5-02465	مۇنايىم	headword	247_2L.png	unverified
D90-5-02466	مۇنەججىم	headword	247_2L.png	unverified
D90-5-02467	مۇنەججىملىك	headword	247_2L.png	unverified
D90-5-02468	مۇنەججىملىك قىلماق	headword	247_2L.png	unverified
D90-5-02469	مۇنەۋۋەر	headword	247_2L.png	unverified
D90-5-02470	مۇنبەت	headword	248_1R.png	unverified
D90-5-02473	مۇنبەر	headword	248_1R.png	unverified
D90-5-02474	مۇنتەزىر	headword	248_2L.png	unverified
D90-5-02475	مۇنتەزىر بولماق	headword	248_2L.png	unverified
D90-5-02476	مۇنتىزىم	headword	248_2L.png	unverified
D90-5-02478	مۇنتىزىم پرامىدا	headword	249_1R.png	unverified
D90-5-02479	مۇنتىزىم پرىزما	headword	249_1R.png	unverified
D90-5-02480	مۇنتىزىم قوشۇن	headword	249_1R.png	unverified
D90-5-02480-v1	مۇنتىزىم ئارمىيە	variant	249_1R.png	unverified
D90-5-02481	مۇنتىزىم كۆپ تەرەپلىك	headword	249_1R.png	unverified
D90-5-02482	مۇنتىزىم كۆپ ياقلىق	headword	249_1R.png	unverified
D90-5-02483	مۇنتىزىم ئۇرۇش	headword	249_1R.png	unverified
D90-5-02484	مۇنتىزىم ئۈچبۇلۇڭ	headword	249_2L.png	unverified
D90-5-02485	مۇنتىزىملاشتۇرماق	headword	249_2L.png	unverified
D90-5-02486	مۇنتىزىملاشتۇرۇلماق	headword	249_2L.png	unverified
D90-5-02487	مۇنتىزىملاشماق	headword	249_2L.png	unverified
D90-5-02488	مۇنتىزىملىق	headword	249_2L.png	unverified
D90-5-02489	مۇنچا	headword	249_2L.png	unverified
D90-5-02490	مۇنچە	headword	249_2L.png	unverified
D90-5-02490-v1	بۇنچە	variant	249_2L.png	unverified
D90-5-02491	مۇنچىچى	headword	249_2L.png	unverified
D90-5-02493	مۇنچىكەش	headword	250_1R.png	unverified
D90-5-02492	مۇنچىچىلىق	headword	249_2L.png	unverified
D90-5-02494	مۇنچىكەشلىك	headword	250_1R.png	unverified
D90-5-02495	مۇنچىلىك	headword	250_1R.png	unverified
D90-5-02495-v1	بۇنچىلىك	variant	250_1R.png	unverified
D90-5-02496	مۇنچىۋالا	headword	250_1R.png	unverified
D90-5-02496-v1	بۇنچىۋالا	variant	250_1R.png	unverified
D90-5-02497	مۇندا	headword	250_1R.png	unverified
D90-5-02498-v1	بۇنداق	variant	250_1R.png	unverified
D90-5-02500	مۇنداقتا	headword	250_1R.png	unverified
D90-5-02501	مۇنداقچە	headword	250_2L.png	unverified
D90-5-02502	مۇندەرىجە	headword	250_2L.png	unverified
D90-5-02503	مۇندۇلاق	headword	250_2L.png	unverified
D90-5-02504	مۇنقەرز	headword	250_2L.png	unverified
D90-5-02506	مۇنقەرز قىلماق	headword	251_1R.png	unverified
D90-5-02507	مۇنقەرزلىك	headword	251_1R.png	unverified
D90-5-02508	مۇنكىر	headword	251_1R.png	unverified
D90-5-02509	مۇنكىر - نەكىر	headword	251_1R.png	unverified
D90-5-02510	مۇنۇ	headword	251_1R.png	unverified
D90-5-02511	مۇھاپىزەت	headword	251_1R.png	unverified
D90-5-02513	مۇھاپىزەت قەۋىتى	headword	251_2L.png	unverified
D90-5-02514	مۇھاپىزەت قىلماق	headword	251_2L.png	unverified
D90-5-02515	مۇھاپىزەت ئورمىنى	headword	251_2L.png	unverified
D90-5-02516	مۇھاپىزەتچى	headword	251_2L.png	unverified
D90-5-02518	مۇھاپىزەتچىلىك	headword	251_2L.png	unverified
D90-5-02519	مۇھاجىر	headword	252_1R.png	unverified
D90-5-02520	مۇھاجىرلار پېرېۋوتى	headword	252_1R.png	unverified
D90-5-02521	مۇھاجىرلىق	headword	252_1R.png	unverified
D90-5-02522	مۇھاسىرە	headword	252_1R.png	unverified
D90-5-02523	مۇھاسىرە قىلماق	headword	252_1R.png	unverified
D90-5-02524	مۇھاسىرىگە ئالماق	headword	252_2L.png	unverified
D90-5-02525	مۇھاسىرىچى	headword	252_2L.png	unverified
D90-5-02526	مۇھاسىرىلىمەك	headword	252_2L.png	unverified
D90-5-02527	مۇھاكىمە	headword	252_2L.png	unverified
D90-5-02528	مۇھاكىمە تېمىسى	headword	252_2L.png	unverified
D90-5-02529	مۇھاكىمە قىلماق	headword	252_2L.png	unverified
D90-5-02530	مۇھاكىمىچى	headword	253_1R.png	unverified
D90-5-02531	مۇھەببەت	headword	253_1R.png	unverified
D90-5-02535	مۇھەببەتداش	headword	253_1R.png	unverified
D90-5-02536	مۇھەببەتسىز	headword	253_2L.png	unverified
D90-5-02537	مۇھەببەتلىشمەك	headword	253_2L.png	unverified
D90-5-02538	مۇھەببەتلىك	headword	253_2L.png	unverified
D90-5-02539	مۇھەببەتنامە	headword	253_2L.png	unverified
D90-5-02540	مۇھەببەت-نەپرەت	headword	253_2L.png	unverified
D90-5-02541	مۇھەررەم	headword	253_2L.png	unverified
D90-5-02542	مۇھەررىر	headword	254_1R.png	unverified
D90-5-02543	مۇھەررىرلىك	headword	254_1R.png	unverified
D90-5-02544	مۇھتەسىپ	headword	254_1R.png	unverified
D90-5-02545	مۇھتەمىلات	headword	254_1R.png	unverified
D90-5-02545-v1	تۈيۇق III	variant	254_1R.png	unverified
D90-5-02546	مۇھىت	headword	254_1R.png	unverified
D90-5-02547	مۇھىت ئاكۇستىكىسى	headword	254_2L.png	unverified
D90-5-02548	مۇھىت بىئولوگىيىسى	headword	254_2L.png	unverified
D90-5-02549	مۇھىت تەسۋىرى	headword	255_1R.png	unverified
D90-5-02550	مۇھىت سىغدۇرۇشچانلىقى	headword	255_1R.png	unverified
D90-5-02551	مۇھىت نەزەرىيىسى	headword	255_1R.png	unverified
D90-5-02552	مۇھىتنىڭ تولۇق قارشىلىقى	headword	255_1R.png	unverified
D90-5-02553	مۇھىت ئىلمى	headword	255_1R.png	unverified
D90-5-02554	مۇھىم	headword	255_1R.png	unverified
D90-5-02555	مۇھىملىق	headword	255_2L.png	unverified
D90-5-02556	مۇۋاپىق	headword	255_2L.png	unverified
D90-5-02560	مۇۋاپىقلاشتۇرماق	headword	255_2L.png	unverified
D90-5-02561	مۇۋاپىقلاشتۇرۇلماق	headword	256_1R.png	unverified
D90-5-02562	مۇۋاپىقلاشماق	headword	256_1R.png	unverified
D90-5-02563	مۇۋاپىقىيەت	nonstandard	256_1R.png	unverified
D90-5-02569	مۇۋەپپەقىيەت	headword	256_2L.png	unverified
D90-5-02564	مۇۋازىنەت	headword	256_1R.png	unverified
D90-5-02566	مۇۋازىنەتلىك	headword	256_2L.png	unverified
D90-5-02567	مۇۋەببەلىسپىت	headword	256_2L.png	unverified
D90-5-02568	مۇۋەپپەق	headword	256_2L.png	unverified
D90-5-02568-v1	مۇۋەپپەق بولماق	variant	256_2L.png	unverified
D90-5-02570	مۇۋەپپەقىيەتسىز	headword	257_1R.png	unverified
D90-5-02571	مۇۋەپپەقىيەتسىزلىك	headword	257_1R.png	unverified
D90-5-02572	مۇۋەپپەقىيەتلىك	headword	257_1R.png	unverified
D90-5-02573	مۇۋەششەھ	headword	257_1R.png	unverified
D90-5-02574	مۇۋەققەت	headword	257_1R.png	unverified
D90-5-02575	مۇيەسسەر	headword	257_2L.png	unverified
D90-5-02578	مۆ	headword	257_2L.png	unverified
D90-5-02579	مۆتەزىلە	headword	257_2L.png	unverified
D90-5-02580	مۆتىدىل	headword	258_1R.png	verified
D90-5-02583	مۆتىدىللەشمەك	headword	258_1R.png	unverified
D90-5-02584	مۆتىدىللىك	headword	258_1R.png	unverified
D90-5-02585	مۆتىۋەر	headword	258_1R.png	verified
D90-5-02586	مۆتىۋەرلىك	headword	258_2L.png	unverified
D90-5-02587	مۆجىزات	headword	258_2L.png	unverified
D90-5-02588	مۆجىزە	headword	258_2L.png	unverified
D90-5-02589	مۆجىزىكار	headword	258_2L.png	unverified
D90-5-02590	مۆجىزىلىك	headword	258_2L.png	unverified
D90-5-02591	مۆرەتمەك	headword	259_1R.png	unverified
D90-5-02592	مۆرەشمەك	headword	259_1R.png	unverified
D90-5-02593	مۆرەن	headword	259_1R.png	unverified
D90-5-02594	مۆرۈخات	headword	259_1R.png	unverified
D90-5-02595	مۆرىت	headword	259_1R.png	unverified
D90-5-02597	مۆرىمەس	headword	259_1R.png	unverified
D90-5-02598	مۆرىمەك	headword	259_1R.png	unverified
D90-5-02599	مۆسىن	headword	259_2L.png	unverified
D90-5-02600	مۆكتۈرمە	headword	259_2L.png	unverified
D90-5-02602	مۆكتۈرمەك	headword	259_2L.png	unverified
D90-5-02603	مۆكتۈرۈلمەك	headword	259_2L.png	unverified
D90-5-02604	مۆكمەك	headword	259_2L.png	unverified
D90-5-02605	مۆكۈشمەك	headword	259_2L.png	unverified
D90-5-02608	مۆكۈندۈرمەك	headword	260_1R.png	unverified
D90-5-02609	مۆكۈنمەك	headword	260_1R.png	unverified
D90-5-02610	مۆكۈنۈشمەك	headword	260_1R.png	unverified
D90-5-02611	مۆكىمۆكىلەڭ	headword	260_1R.png	unverified
D90-5-02612	مۆڭ	headword	260_1R.png	unverified
D90-5-02613	مۆڭدەرىمەك	headword	260_1R.png	unverified
D90-5-02614	مۆڭكۈشلىمەك	headword	260_1R.png	unverified
D90-5-02615	مۆڭكۈگەك	headword	260_1R.png	unverified
D90-5-02616	مۆڭكۈمەك	headword	260_2L.png	unverified
D90-5-02617	مۆڭگەك	headword	260_2L.png	unverified
D90-5-02618	مۆڭگەكلىمەك	headword	260_2L.png	unverified
D90-5-02619	مۆڭلۈك	headword	260_2L.png	unverified
D90-5-02620	مۆڭمەك	headword	260_2L.png	unverified
D90-5-02620-v1	دۆڭكۈمەك	variant	260_2L.png	unverified
D90-5-02621	مۆل	headword	260_2L.png	unverified
D90-5-02622	مۆلە	headword	260_2L.png	unverified
D90-5-02623	مۆلجەللىمەك	nonstandard	260_2L.png	unverified
D90-5-02625	مۆلچەر سان	headword	260_2L.png	verified
D90-5-02626	مۆلچەرلەتمەك	headword	261_1R.png	unverified
D90-5-02627	مۆلچەرلەشمەك	headword	261_1R.png	unverified
D90-5-02628	مۆلچەرلەنمەك	headword	261_1R.png	unverified
D90-5-02629	مۆلچەرلىگۈسىز	headword	261_1R.png	unverified
D90-5-02631	مۆلدۈر	headword	261_1R.png	unverified
D90-5-02633	مۆلدۈرلەتمەك	headword	261_2L.png	unverified
D90-5-02634	مۆلدۈرلەشمەك	headword	261_2L.png	unverified
D90-5-02635	مۆلدۈرلىمەك	headword	261_2L.png	unverified
D90-5-02636	مۆلدۈر-مۆلدۈر	headword	261_2L.png	unverified
D90-5-02637	مۆللىدە	headword	261_2L.png	unverified
D90-5-02638	مۆل-مۆل	headword	261_2L.png	unverified
D90-5-02639	مۆلۈلدەتمەك	headword	262_1R.png	unverified
D90-5-02640	مۆلۈلدەشمەك	headword	262_1R.png	unverified
D90-5-02641	مۆلۈلدىمەك	headword	262_1R.png	unverified
D90-5-02642	مۆمىن	headword	262_1R.png	unverified
D90-5-02643	مۆمىنلەرچە	headword	262_1R.png	unverified
D90-5-02644	مۆمىنلىك	headword	262_1R.png	unverified
D90-5-02645	مۆھتەرەم	headword	262_1R.png	unverified
D90-5-02646	مۆھلەت	headword	262_2L.png	unverified
D90-5-02648	مۆھلەتسىز	headword	262_2L.png	unverified
D90-5-02649	مۆھلەتلىك	headword	262_2L.png	unverified
D90-5-02650	مۆھۈر	headword	262_2L.png	unverified
D90-5-02651	مۆھۈردار	headword	262_2L.png	verified
D90-5-02651-i1	مۆھۈردارى	inflected	262_2L.png	verified
D90-5-02652	مۆھۈردارلىق	headword	262_2L.png	unverified
D90-5-02653	مۆھۈرلەتمەك	headword	262_2L.png	unverified
D90-5-02654	مۆھۈرلەشمەك	headword	263_1R.png	unverified
D90-5-02655	مۆھۈرلەنمەك	headword	263_1R.png	unverified
D90-5-02656	مۆھۈرلۈك	headword	263_1R.png	unverified
D90-5-02657	مۆھۈرلىمەك	headword	263_1R.png	unverified
D90-5-02658	مۈجمەل	headword	263_1R.png	unverified
D90-5-02659	مۈجمەلسىز	headword	263_1R.png	unverified
D90-5-02660	مۈجمەللەشتۈرمەك	headword	263_1R.png	unverified
D90-5-02661	مۈجمەللەشتۈرۈلمەك	headword	263_1R.png	unverified
D90-5-02662	مۈجمەللەشمەك	headword	263_1R.png	unverified
D90-5-02663	مۈجمەللىك	headword	263_1R.png	unverified
D90-5-02664	مۈچە	headword	263_2L.png	unverified
D90-5-02665	مۈچەل	headword	263_2L.png	unverified
D90-5-02666	مۈچەلنامە	headword	263_2L.png	unverified
D90-5-02667	مۈدۈر	headword	263_2L.png	unverified
D90-5-02668	مۈدۈر-چوقۇر	headword	263_2L.png	unverified
D90-5-02669	مۈدۈرمەك	headword	263_2L.png	unverified
D90-5-02670	مۈدۈر-مۈدۈر	headword	263_2L.png	unverified
D90-5-02671	مۈدۈرۈپ-چوقۇرۇپ	headword	263_2L.png	unverified
D90-5-02672	مۈدۈرۈشمەك	headword	264_1R.png	unverified
D90-5-02673	مۈدۈرۈلمەك	headword	264_1R.png	unverified
D90-5-02674	مۈدۈك	headword	264_1R.png	unverified
D90-5-02675	مۈرە	headword	264_1R.png	unverified
D90-5-02676	مۈرە تاختا	headword	264_1R.png	unverified
D90-5-02677	مۈرە تاش	headword	264_1R.png	unverified
D90-5-02678	مۈرە چقارماق	headword	264_1R.png	unverified
D90-5-02678-v1	دولا چقارماق	variant	264_1R.png	unverified
D90-5-02679	مۈرىسگە ئاپتاپ چۈشمەك	headword	264_2L.png	unverified
D90-5-02680	مۈرىسىنى قىسماق	headword	264_2L.png	unverified
D90-5-02681	مۈرىنى شوتا قىلماق	headword	264_2L.png	unverified
D90-5-02682	مۈرىنى مۈرىگە تىرەمەك	headword	264_2L.png	unverified
D90-5-02683	مۈرىدەشمەك	headword	264_2L.png	unverified
D90-5-02684	مۈرىدىمەك	headword	265_1R.png	unverified
D90-5-02685	مۈشكۈل	headword	265_1R.png	unverified
D90-5-02686	مۈشكۈلات	headword	265_1R.png	unverified
D90-5-02687	مۈشكۈلچىلىك	headword	265_1R.png	unverified
D90-5-02691	مۈشكۈللۈك	headword	265_1R.png	unverified
D90-5-02688	مۈشكۈللەشتۈرمەك	headword	265_1R.png	unverified
D90-5-02689	مۈشكۈللەشتۈرۈلمەك	headword	265_1R.png	unverified
D90-5-02690	مۈشكۈللەشمەك	headword	265_1R.png	unverified
D90-5-02692	مۈشۈك	headword	265_1R.png	unverified
D90-5-02693	مۈشۈك ئاپتاپقا چىقمايدۇ	headword	265_2L.png	unverified
D90-5-02694	مۈشۈك بالىسىنى يېگەندەك	headword	265_2L.png	unverified
D90-5-02695	مۈشۈك پىياز يېگەندەك	headword	265_2L.png	unverified
D90-5-02696	مۈشۈك كۆزى تاش	headword	265_2L.png	unverified
D90-5-02696-v1	خرىزوبېرىل	variant	265_2L.png	unverified
D90-5-02697	مۈشۈكىنى پەش دېيەلمەسلىك	headword	265_2L.png	unverified
D90-5-02697-v1	توخۇسىنى تاخ، مۈشۈكىنى پەش دېيەلمەسلىك	variant	265_2L.png	unverified
D90-5-02698	مۈشۈكئېيىق	headword	265_2L.png	unverified
D90-5-02699	مۈشۈكياپىلاق	headword	266_1R.png	unverified
D90-5-02700	مۈكچەيتمەك	headword	266_1R.png	unverified
D90-5-02701	مۈكچەيمەك	headword	266_1R.png	unverified
D90-5-02702	مۈكچىيىشمەك	headword	266_1R.png	unverified
D90-5-02703	مۇكۈرۇ	headword	266_1R.png	unverified
D90-5-02704	مۈكۈل-تېقىل	headword	266_1R.png	unverified
D90-5-02705	مۈگدەتمەك	headword	266_1R.png	unverified
D90-5-02706	مۈگدەشمەك	headword	266_1R.png	unverified
D90-5-02707	مۈگدەك	headword	266_2L.png	unverified
D90-5-02709	مۈگدىمەك	headword	266_2L.png	unverified
D90-5-02710	مۈڭگۈز	headword	266_2L.png	unverified
D90-5-02712	مۈڭگۈز پەيدا بولماق	headword	266_2L.png	unverified
D90-5-02715	مۈڭگۈز چىقماق	headword	267_1R.png	unverified
D90-5-02713	مۈڭگۈز تاش	headword	267_1R.png	unverified
D90-5-02714	مۈڭگۈز چىقتىمۇ	headword	267_1R.png	unverified
D90-5-02716	مۈڭگۈز قەۋەت	headword	267_1R.png	unverified
D90-5-02717	مۈڭگۈز ماددا	headword	267_1R.png	unverified
D90-5-02718	مۈڭگۈزى ئاشكارا بولماق	headword	267_1R.png	unverified
D90-5-02719	مۈڭگۈزى ئىچىدە	headword	267_2L.png	unverified
D90-5-02720	مۈڭگۈزسىز	headword	267_2L.png	unverified
D90-5-02721	مۈڭگۈزسىمان	headword	267_2L.png	unverified
D90-5-02723	مۈڭگۈزلەشمەك	headword	267_2L.png	unverified
D90-5-02724	مۈڭگۈزلۈك	headword	267_2L.png	unverified
D90-5-02725	مۈلكىي	headword	267_2L.png	unverified
D90-5-02726	مۈلۈك	headword	268_1R.png	unverified
D90-5-02728	مۈلۈكچىلىك	headword	268_1R.png	unverified
D90-5-02729	مۈلۈكچىلىك تۈزۈمى	headword	268_1R.png	unverified
D90-5-02730	مۈلۈكچىلىك ھوقۇقى	headword	268_1R.png	unverified
D90-5-02731	مۈلۈكدار	headword	268_1R.png	unverified
D90-5-02732	مۈلۈكسىز	headword	268_2L.png	unverified
D90-5-02733	مۈلۈكلۈك	headword	268_2L.png	unverified
D90-5-02734	مۈنۈچ	headword	268_2L.png	unverified
D90-5-02735	مۈنۈرىمەڭ	headword	268_2L.png	unverified
D90-5-02736	مۈنۈكۈم	headword	268_2L.png	unverified
D90-5-02737	مېتابولىزم	headword	268_2L.png	unverified
D90-5-02737-v1	ماددا ئالمىشىش	variant	268_2L.png	unverified
D90-5-02739	مېتازوئا	headword	268_2L.png	unverified
D90-5-02740	مېتازوئالار	headword	268_2L.png	unverified
D90-5-02741	مېتاساكوۋىيە	headword	268_2L.png	unverified
D90-5-02741-v1	مېتاساكوۋىيە دەرىخى	variant	268_2L.png	unverified
D90-5-02743	مېتافورا	headword	269_1R.png	unverified
D90-5-02744	مېتافىزىك	headword	269_1R.png	unverified
D90-5-02745	مېتافىزىكا	headword	269_1R.png	unverified
D90-5-02746	مېتافىزىكىلىق	headword	269_1R.png	unverified
D90-5-02747	مېتافىزىكىلىق دىتېرمىنىزم	headword	269_1R.png	unverified
D90-5-02748	مېتافىزىكىلىق ماتېرىيالىزم	headword	269_2L.png	unverified
D90-5-02749	مېتافىزىكىلىق مۆتەدىل نەزەرىيىسى	headword	269_2L.png	unverified
D90-5-02749-v1	مېتافىزىكىلىق دىيالېكتىكا	variant	269_2L.png	unverified
D90-5-02750	مېتال	headword	269_2L.png	unverified
D90-5-02754	مېتال كرىستال كاتەكچىسى	headword	270_1R.png	unverified
D90-5-02755	مېتال مىنېرال	headword	270_1R.png	unverified
D90-5-02756	مېتال نۇقسانىنى ئېنىقلاش	headword	270_1R.png	unverified
D90-5-02757	مېتال ئېلېمېنت	headword	270_1R.png	unverified
D90-5-02758	مېتال ئىندىكاتورى	headword	270_1R.png	unverified
D90-5-02759	مېتالچىلىق	headword	270_1R.png	unverified
D90-5-02759-v1	مېتاللورگىيە	variant	270_1R.png	unverified
D90-5-02760	مېتالسىز	headword	270_1R.png	unverified
D90-5-02761	مېتالسىز كان ياتمىسى	headword	270_2L.png	unverified
D90-5-02762	مېتالشۇناس	headword	270_2L.png	unverified
D90-5-02763	مېتالشۇناسلىق	headword	270_2L.png	unverified
D90-5-02764	مېتاللوئىد	headword	270_2L.png	unverified
D90-5-02768	مېتاللوئىد ئېلېمېنت	headword	271_1R.png	unverified
D90-5-02769	مېتاللۇرگىيە	headword	271_1R.png	unverified
D90-5-02770	مېتاللىق	headword	271_1R.png	unverified
D90-5-02772	مېتامورفا	headword	271_1R.png	unverified
D90-5-02773	مېتامورفىزم	headword	271_1R.png	unverified
D90-5-02774	مېتامورفىلىق	headword	271_2L.png	unverified
D90-5-02780	مېتان	headword	272_1R.png	unverified
D90-5-02781	مېترو	headword	272_1R.png	unverified
D90-5-02782	مېترونوم	headword	272_1R.png	unverified
D90-5-02783	مېتود	headword	272_1R.png	unverified
D90-5-02784	مېتودلۇق	headword	272_1R.png	unverified
D90-5-02785	مېتودولوگىيە	headword	272_1R.png	verified
D90-5-02786	مېتودىكا	headword	272_2L.png	unverified
D90-5-02787	مېتونومىيە	headword	272_2L.png	unverified
D90-5-02788	مېتېئور	headword	272_2L.png	unverified
D90-5-02789	مېتېئورولوگ	headword	272_2L.png	unverified
D90-5-02790	مېتېئورولوگىيە	headword	272_2L.png	unverified
D90-5-02794	مېتېئورولوگىيە ئېلېمېنتلىرى	headword	273_1R.png	unverified
D90-5-02795	مېتېئورولوگىيىلىك	headword	273_1R.png	unverified
D90-5-02796	مېتېئورولوگىيىلىك كۆزىتىش	headword	273_1R.png	unverified
D90-5-02797	مېتېئورىت	headword	273_1R.png	unverified
D90-5-02800	مېتىر	headword	273_2L.png	unverified
D90-5-02804	مېتىرلاتماق	headword	274_1R.png	unverified
D90-5-02805	مېتىرلاشماق	headword	274_1R.png	unverified
D90-5-02806	مېتىرلانماق	headword	274_1R.png	unverified
D90-5-02807	مېتىرلىق	headword	274_1R.png	unverified
D90-5-02808	مېتىرلىماق	headword	274_1R.png	unverified
D90-5-02809	مېتىس	headword	274_1R.png	unverified
D90-5-02810	مېتىسلاشتۇرماق	headword	274_2L.png	unverified
D90-5-02811	مېتىل	headword	274_2L.png	unverified
D90-5-02814	مېتىلېن	headword	274_2L.png	unverified
D90-5-02815	مېتىن	headword	274_2L.png	unverified
D90-5-02816	مېخانىزم	headword	274_2L.png	unverified
D90-5-02817	مېخانىك	headword	275_1R.png	unverified
D90-5-02818	مېخانىكا	headword	275_1R.png	unverified
D90-5-02819	مېخانىكىلاشماق	headword	275_1R.png	unverified
D90-5-02820	مېخانىكلىق	headword	275_1R.png	unverified
D90-5-02824	مېخانىكىلىق دولقۇن	headword	275_2L.png	unverified
D90-5-02825	مېخانىكىلىق كۈچىنىش	headword	275_2L.png	unverified
D90-5-02826	مېخانىكىلىق ماتېرىيالىزم	headword	275_2L.png	unverified
D90-5-02827	مېخانىكىلىق ھەرىكەت	headword	275_2L.png	unverified
D90-5-02828	مېخانىكىلىق ئوم	headword	276_1R.png	unverified
D90-5-02829	مېخانىكىلىق ئۈنۈم	headword	276_1R.png	unverified
D90-5-02830	مېخانىكىلىق ئېنېرگىيە	headword	276_1R.png	unverified
D90-5-02831	مېدال	headword	276_1R.png	unverified
D90-5-02832	مېدالىئون	headword	276_1R.png	unverified
D90-5-02833	مېدۇزا	headword	276_2L.png	unverified
D90-5-02834	مېدىئانا	headword	276_2L.png	unverified
D90-5-02835	مېدىتسىنا	headword	276_2L.png	unverified
D90-5-02836	مېراج	headword	276_2L.png	unverified
D90-5-02837	مېركۇروخروم	headword	276_2L.png	unverified
D90-5-02838	مېركۇرىي	headword	277_1R.png	unverified
D90-5-02839	مېرگېل	headword	277_1R.png	unverified
D90-5-02840	مېرىدىئان	headword	277_1R.png	unverified
D90-5-02844	مېرىنوس	headword	277_2L.png	unverified
D90-5-02845	مېرىنوس قويى	headword	277_2L.png	unverified
D90-5-02846	مېزوزوئا	headword	277_2L.png	unverified
D90-5-02847	مېزون	headword	277_2L.png	unverified
D90-5-02848	مېسسوپوتامىيە	headword	278_1R.png	unverified
D90-5-02849	مېسسوپوتامىيە دىنلىرى	headword	278_1R.png	unverified
D90-5-02850	مېسىبائۇئېر	headword	278_1R.png	unverified
D90-5-02851	مېسىبائۇئېر ئېففېكتى	headword	278_1R.png	unverified
D90-5-02852	مېشچان	headword	278_2L.png	unverified
D90-5-02853	مېشچانلاشتۇرماق	headword	278_2L.png	unverified
D90-5-02854	مېشچانلاشتۇرۇلماق	headword	278_2L.png	unverified
D90-5-02855	مېشچانلاشماق	headword	278_2L.png	unverified
D90-5-02856	مېشچانلىق	headword	278_2L.png	unverified
D90-5-02857	مېغىز	headword	278_2L.png	unverified
D90-5-02859	مېغىزلىق	headword	279_1R.png	unverified
D90-5-02860	مېغىزلىماق	headword	279_1R.png	unverified
D90-5-02861	مېكىجىن	headword	279_1R.png	unverified
D90-5-02862	مېكىيان	headword	279_2L.png	unverified
D90-5-02863	مېگافون	headword	279_2L.png	verified
D90-5-02864	مېگاگېرتس	headword	279_2L.png	verified
D90-5-02865	مېگائوم	headword	279_2L.png	unverified
D90-5-02866	مېگاۋات	headword	279_2L.png	unverified
D90-5-02867	مېگاۋولت	headword	279_2L.png	unverified
D90-5-02868	مېڭە	headword	279_2L.png	unverified
D90-5-02869	مېڭە پەردىسى	headword	280_1R.png	unverified
D90-5-02870	مېڭە پەردىسى ياللۇغى	headword	280_1R.png	unverified
D90-5-02871	مېڭە چايقىلىش	headword	280_1R.png	unverified
D90-5-02871-v1	مېڭە سىللىنىش	variant	280_1R.png	unverified
D90-5-02872	مېڭە چوڭقۇقى	headword	280_2L.png	unverified
D90-5-02873	مېڭە سىلكىنىش	headword	280_2L.png	unverified
D90-5-02874	مېڭە غولى	headword	280_2L.png	unverified
D90-5-02875	مېڭە قان ئازلىقى	headword	280_2L.png	unverified
D90-5-02876	مېڭە قان تومۇر كېسەللىكلىرى	headword	280_2L.png	unverified
D90-5-02877	مېڭە قويماق	headword	280_2L.png	unverified
D90-5-02877-v1	زېھىن قويماق	variant	280_2L.png	unverified
D90-5-02878	مېڭە قېپى	headword	280_2L.png	unverified
D90-5-02879	مېڭە قېتىقى	headword	280_2L.png	unverified
D90-5-02880	مېڭە قېرىنچىسى	headword	280_2L.png	unverified
D90-5-02881	مېڭە كۆۋرۈكى	headword	280_2L.png	unverified
D90-5-02882	مېڭە نېرۋىسى	headword	281_1R.png	unverified
D90-5-02883	مېڭە ھۈجەيرىسى	headword	281_1R.png	unverified
D90-5-02884	مېڭە ئۆسمىسى	headword	281_1R.png	unverified
D90-5-02885	مېڭە ئېلېكتر دولقۇنى	headword	281_1R.png	unverified
D90-5-02886	مېڭە ئىشلەتمەك	headword	281_1R.png	unverified
D90-5-02886-v1	كاللا ئىشلەتمەك	variant	281_1R.png	unverified
D90-5-02887	مېڭە ياللۇغى	headword	281_2L.png	unverified
D90-5-02888	مېڭە يۇلۇن سۇيۇقلۇقى	headword	281_2L.png	unverified
D90-5-02889	مېڭە يىرىڭلىق ئىششىقى	headword	281_2L.png	unverified
D90-5-02890	مېڭىدە قان قېيىش	headword	281_2L.png	unverified
D90-5-02891	مېڭىسى بار	headword	282_1R.png	unverified
D90-5-02891-v1	كاللىسى بار	variant	282_1R.png	unverified
D90-5-02892	مېڭىسىدىن تۈتۈن چىقارماق	headword	282_1R.png	unverified
D90-5-02892-v1	بېشىدىن تۈتۈن چىقارماق	variant	282_1R.png	unverified
D90-5-02893	مېڭىسىدىن تۈتۈن چىقىپ كەتمەك	headword	282_1R.png	unverified
D90-5-02893-v1	بېشىدىن تۈتۈن چىقىپ كەتمەك	variant	282_1R.png	unverified
D90-5-02894	مېڭىسى قىزىپ كەتمەك	headword	282_1R.png	unverified
D90-5-02894-v1	كاللىسى قىزىپ كەتمەك	variant	282_1R.png	unverified
D90-5-02895	مېڭىسىگە قۇيۇپ قويماق	headword	282_1R.png	unverified
D90-5-02896	مېڭىسىنى قاغا چوقۇۋالغان	headword	282_1R.png	unverified
D90-5-02897	مېڭىسىنى قوچۇماق	headword	282_1R.png	unverified
D90-5-02897-v1	كاللىسىنى قوچۇماق	variant	282_1R.png	unverified
D90-5-02898	قىتىقنى چىقارماق	headword	282_1R.png	unverified
D90-5-02898-v1	تۈتۈن چىقارماق	variant	282_1R.png	unverified
D90-5-02899	مېڭىسىنى ئوچاق قىلىۋەتمەك	headword	282_2L.png	unverified
D90-5-02900	مېڭىسىنى ئۇماچ قىلىۋەتمەك	headword	282_2L.png	unverified
D90-5-02901	مېڭىسىنى يېمەك	headword	282_2L.png	unverified
D90-5-02902	مېڭىسى يوق	headword	282_2L.png	unverified
D90-5-02902-v1	كاللىسى يوق	variant	282_2L.png	unverified
D90-5-02903	مېڭىگە چىقماق	headword	282_2L.png	unverified
D90-5-02904	مېڭىگە سۇ يىغىلىش	headword	282_2L.png	unverified
D90-5-02905	مېڭىگە قان چۈشۈش	headword	282_2L.png	unverified
D90-5-02906	مېڭە قان يېتىشمەسلىك	headword	283_1R.png	unverified
D90-5-02907	مېڭىنى چۇلغىۋالماق	headword	283_1R.png	unverified
D90-5-02908	مېڭىنى قوراللاندۇرماق	headword	283_1R.png	unverified
D90-5-02909	مېڭىش-تۇرۇش	headword	283_1R.png	unverified
D90-5-02910	مېڭىشماق	headword	283_1R.png	unverified
D90-5-02911	مېڭىلماق	headword	283_1R.png	unverified
D90-5-02912	بىل	headword	283_1R.png	unverified
D90-5-02913	مېلودىيە	headword	283_2L.png	unverified
D90-5-02914	مېلودىيىسىز	headword	283_2L.png	unverified
D90-5-02915	مېلودىيىلىك	headword	283_2L.png	unverified
D90-5-02917	مېلىس	headword	283_2L.png	unverified
D90-5-02918	مېمار	headword	283_2L.png	unverified
D90-5-02919	مېمارچىلىق	headword	283_2L.png	unverified
D90-5-02920	مېموراندۇم	headword	283_2L.png	unverified
D90-5-02921	مېمورىئال	headword	284_1R.png	unverified
D90-5-02925	مېنبا	headword	284_1R.png	verified
D90-5-02927	مېنبالار	headword	284_2L.png	unverified
D90-5-02928	مېندېل	headword	284_2L.png	unverified
D90-5-02931	مېندېلىيۇم	headword	284_2L.png	unverified
D90-5-02932	مېندېلىزم	headword	284_2L.png	unverified
D90-5-02933	مېنزۇركا	headword	285_1R.png	unverified
D90-5-02934	مېنىڭچە	headword	285_1R.png	unverified
D90-5-02935	مېنىڭكى	headword	285_1R.png	unverified
D90-5-02936	مېنىنگىت	headword	285_1R.png	unverified
D90-5-02937	مېھر	headword	285_1R.png	unverified
D90-5-02939	مېھرانە	headword	285_1R.png	unverified
D90-5-02940	مېھرىبان	headword	285_1R.png	unverified
D90-5-02941	مېھرىبانلارچە	headword	285_2L.png	unverified
D90-5-02942	مېھرىبانلاشتۇرماق	headword	285_2L.png	unverified
D90-5-02943	مېھرىبانلاشماق	headword	285_2L.png	unverified
D90-5-02944	مېھرىبانلىق	headword	285_2L.png	unverified
D90-5-02945	مېھرىگۈل	headword	285_2L.png	unverified
D90-5-02946	مېھرىگىياھ	headword	285_2L.png	unverified
D90-5-02947	مېھىر	headword	286_1R.png	unverified
D90-5-02947-i1	مېھرى	inflected	286_1R.png	unverified
D90-5-02955	مېھىرسىز	headword	286_2L.png	unverified
D90-5-02956	مېھىرسىزلىك	headword	286_2L.png	unverified
D90-5-02957	مېھىر-شەپقەت	headword	286_2L.png	unverified
D90-5-02958	مېھىرلىك	headword	286_2L.png	unverified
D90-5-02959	مېھىر-مۇھەببەت	headword	286_2L.png	unverified
D90-5-02960	مېھمان	headword	286_2L.png	unverified
D90-5-02961	مېھمان كوماندىلار	headword	287_1R.png	unverified
D90-5-02962	مېھمانخانا	headword	287_1R.png	unverified
D90-5-02963	مېھمانخانىلىق	headword	287_1R.png	unverified
D90-5-02964	مېھماندارچىلىق	headword	287_1R.png	unverified
D90-5-02965	مېھماندوست	headword	287_1R.png	unverified
D90-5-02966	مېھماندوستلۇق	headword	287_2L.png	unverified
D90-5-02967	مېھمانلىق	headword	287_2L.png	unverified
D90-5-02969	مېھمانلىماق	headword	287_2L.png	unverified
D90-5-02970	مېھنەت	headword	287_2L.png	unverified
D90-5-02971	مېھنەت سۆيەر	headword	287_2L.png	unverified
D90-5-02971-v1	ئەمگەك سۆيەر ئۇيغۇر خەلقى-مېھنەت سۆيەر خەلق	variant	287_2L.png	unverified
D90-5-02972	مېھنەت سىڭدۈرمەك	headword	288_1R.png	unverified
D90-5-02972-v1	ئەمگەك سىڭدۈرمەك	variant	288_1R.png	unverified
D90-5-02973	مېھنەت قىلماق	headword	288_1R.png	unverified
D90-5-02973-v1	ئەمگەك قىلماق	variant	288_1R.png	unverified
D90-5-02974	مېھنەتچان	headword	288_1R.png	unverified
D90-5-02974-v1	ئەمگەكچان	variant	288_1R.png	unverified
D90-5-02975	مېھنەتچى	headword	288_1R.png	unverified
D90-5-02976	مېھنەتسىز	headword	288_1R.png	unverified
D90-5-02977	مېھنەتكەش	headword	288_1R.png	unverified
D90-5-02978	مېھنەتلىك	headword	288_2L.png	unverified
D90-5-02979	مېۋە	headword	288_2L.png	unverified
D90-5-02983	مېۋە تۈگمەك	headword	289_1R.png	unverified
D90-5-02984	مېۋە تۈگۈنى	headword	289_1R.png	unverified
D90-5-02985	مېۋە چىۋىنى	headword	289_1R.png	unverified
D90-5-02986	مېۋە شۆپۈكى	headword	289_1R.png	unverified
D90-5-02987	مېۋە كۆرسەتمەك	headword	289_1R.png	unverified
D90-5-02988	مېۋە گۆشى	headword	289_1R.png	unverified
D90-5-02989	مېۋىگە كىرمەك	headword	289_1R.png	unverified
D90-5-02990	مېۋە-چېۋە	headword	289_2L.png	unverified
D90-5-02991	مېۋىزار	headword	289_2L.png	unverified
D90-5-02992	مېۋىزارلىق	headword	289_2L.png	unverified
D90-5-02993	مېۋىسىز	headword	289_2L.png	unverified
D90-5-02994	مېۋىلەتمەك	headword	289_2L.png	unverified
D90-5-02995	مېۋىلىك	headword	289_2L.png	unverified
D90-5-02999	مېۋىلىمەك	headword	290_1R.png	unverified
D90-5-03001	مېيسنېر	headword	290_1R.png	unverified
D90-5-03003	مېيىپ	headword	290_1R.png	unverified
D90-5-03005	مېيىپ قىلماق	headword	290_2L.png	unverified
D90-5-03006	مېيىپلەنمەك	headword	290_2L.png	unverified
D90-5-03007	مېيىپلىك	headword	290_2L.png	unverified
D90-5-03008	مېيىت	headword	290_2L.png	unverified
D90-5-03011	مېيىتخانا	headword	290_2L.png	unverified
D90-5-03012	مىت	headword	291_1R.png	unverified
D90-5-03014	مىتە	headword	291_1R.png	unverified
D90-5-03015	مىتەۋىلەشمەك	headword	291_1R.png	unverified
D90-5-03016	مىتتىدە	headword	291_1R.png	unverified
D90-5-03017	مىتكوت	headword	291_1R.png	unverified
D90-5-03020	مىتلوس	headword	291_1R.png	unverified
D90-5-03021	مىتلوس قۇلۈلىسى	headword	291_2L.png	unverified
D90-5-03022	مىت-مىت	headword	291_2L.png	unverified
D90-5-03023	مىتېللا	headword	291_2L.png	unverified
D90-5-03025	مىتىلداتماق	headword	291_2L.png	unverified
D90-5-03026	مىتىلداشماق	headword	291_2L.png	unverified
D90-5-03027	مىتىلدىماق	headword	291_2L.png	unverified
D90-5-03028	مىجەز	headword	291_2L.png	unverified
D90-5-03029	مىجەزى بوش	headword	292_1R.png	unverified
D90-5-03030	مىجەزى پەس	headword	292_1R.png	unverified
D90-5-03031	مىجەزى پېتىر	headword	292_1R.png	unverified
D90-5-03032	مىجەزى تۈز	headword	292_1R.png	unverified
D90-5-03033	مىجەزى چۇس	headword	292_1R.png	unverified
D90-5-03034	مىجەزى قوداڭشىماق	headword	292_1R.png	unverified
D90-5-03035	مىجەزى ئوسال	headword	292_1R.png	unverified
D90-5-03036	مىجەزى ئىتتىك	headword	292_1R.png	unverified
D90-5-03037	مىجەزى يېنىك	headword	292_2L.png	unverified
D90-5-03038	مىجەز-خۇلق	headword	292_2L.png	unverified
D90-5-03039	مىجەزلىك	headword	292_2L.png	unverified
D90-5-03040	مىجىتماق	headword	292_2L.png	unverified
D90-5-03041	مىجىشماق	headword	292_2L.png	unverified
D90-5-03044	مىجىقلاتماق	headword	292_2L.png	unverified
D90-5-03045	مىجىقلاشماق	headword	292_2L.png	unverified
D90-5-03046	مىجىقلانماق	headword	292_2L.png	unverified
D90-5-03047	مىجىقلىماق	headword	293_1R.png	unverified
D90-5-03048	مىجىگە	headword	293_1R.png	unverified
D90-5-03049	مىجىلماق	headword	293_1R.png	unverified
D90-5-03050	مىجىماق	headword	293_1R.png	unverified
D90-5-03051	مىچ	headword	293_1R.png	unverified
D90-5-03052	مىچچىدە	headword	293_1R.png	unverified
D90-5-03053	مىچ-مىچ	headword	293_1R.png	unverified
D90-5-03054	مىچۇرىن	headword	293_1R.png	unverified
D90-5-03055	مىچۇرىن تەلىماتى	headword	293_2L.png	unverified
D90-5-03056	مىچىلداتماق	headword	293_2L.png	unverified
D90-5-03057	مىچىلداشماق	headword	293_2L.png	unverified
D90-5-03058	مىچىلدىماق	headword	293_2L.png	unverified
D90-5-03059	مىخ	headword	293_2L.png	unverified
D90-5-03060	مىخ سەندەل	headword	293_2L.png	unverified
D90-5-03060-v1	دوكپايە	variant	293_2L.png	unverified
D90-5-03062	مىخ مەتبەئە	headword	293_2L.png	unverified
D90-5-03063	مىخ يېزىق	headword	294_1R.png	unverified
D90-5-03064	مىختا	headword	294_1R.png	unverified
D90-5-03065	مىختەك	headword	294_1R.png	unverified
D90-5-03068	مىخقا ئوسۇۋالماق	headword	294_1R.png	unverified
D90-5-03069	مىخلاپ	headword	294_2L.png	unverified
D90-5-03070	مىخلاتماق	headword	294_2L.png	unverified
D90-5-03071	مىخلاشماق	headword	294_2L.png	unverified
D90-5-03072	مىخلاقلىق	headword	294_2L.png	unverified
D90-5-03073	مىخلانماق	headword	294_2L.png	unverified
D90-5-03074	مىخلىق	headword	294_2L.png	unverified
D90-5-03076	مىخلىماق	headword	294_2L.png	unverified
D90-5-03077	مىدىر	headword	295_1R.png	unverified
D90-5-03078	مىدىر قىلماق	headword	295_1R.png	unverified
D90-5-03079	مىدىر-سىدىر	headword	295_1R.png	unverified
D90-5-03080	مىدىر-سىدىر قىلماسلىق	headword	295_1R.png	unverified
D90-5-03081	مىدىرلاتماق	headword	295_1R.png	unverified
D90-5-03082	مىدىرلاشماق	headword	295_1R.png	unverified
D90-5-03083	مىدىرلىتىلماق	headword	295_1R.png	unverified
D90-5-03084	مىدىرلىماق	headword	295_1R.png	unverified
D90-5-03085	مىدىر-مىدىر	headword	295_2L.png	unverified
D90-5-03086	مىدىرىماق	nonstandard	295_2L.png	unverified
D90-5-03087	مىدىق	headword	295_2L.png	unverified
D90-5-03088	مىدىقلىماق	headword	295_2L.png	unverified
D90-5-03089	مىراب	headword	295_2L.png	unverified
D90-5-03091	مىرابلىق	headword	295_2L.png	unverified
D90-5-03092	مىراخور	headword	295_2L.png	unverified
D90-5-03093	مىراس	headword	295_2L.png	unverified
D90-5-03094	مىراس ئالماق	headword	296_1R.png	unverified
D90-5-03095	مىراس بېجى	headword	296_1R.png	unverified
D90-5-03096	مىراس قالماق	headword	296_1R.png	unverified
D90-5-03097	مىراسخور	headword	296_1R.png	unverified
D90-5-03098	مىراسخورلۇق	headword	296_1R.png	unverified
D90-5-03099	مىراسنامە	headword	296_2L.png	unverified
D90-5-03099-v1	ۋەسىيەتنامە	variant	296_2L.png	unverified
D90-5-03100	مىراسىي	headword	296_2L.png	unverified
D90-5-03101	مىراقۇل	nonstandard	296_2L.png	unverified
D90-5-03102	مىرت	headword	296_2L.png	verified
D90-5-03103	مىرتتىدە	headword	296_2L.png	unverified
D90-5-03104	مىرت-مىرت	headword	296_2L.png	unverified
D90-5-03105	مىرزا	headword	296_2L.png	unverified
D90-5-03106	مىرزىخانا	headword	296_2L.png	unverified
D90-5-03107	مىرزىگۈل	headword	296_2L.png	unverified
D90-5-03108	مىرشەپ	headword	297_1R.png	unverified
D90-5-03110	مىرشەپلىك	headword	297_1R.png	unverified
D90-5-03111	مىرغەزەپ	headword	297_1R.png	unverified
D90-5-03112	مىرغىزار	headword	297_1R.png	unverified
D90-5-03113	مىرغىزارلىق	headword	297_1R.png	unverified
D90-5-03114	مىرقىراتماق	headword	297_1R.png	unverified
D90-5-03115	مىرقىراشماق	headword	297_2L.png	unverified
D90-5-03116	مىرقىرىماق	headword	297_2L.png	unverified
D90-5-03117	مىرۋەت	headword	297_2L.png	unverified
D90-5-03117-v1	ئەرگۇل	variant	297_2L.png	unverified
D90-5-03118	مىرىكا	headword	297_2L.png	unverified
D90-5-03120	مىرىك	headword	297_2L.png	unverified
D90-5-03121	مىزاچ	headword	297_2L.png	unverified
D90-5-03122	مىزان	headword	297_2L.png	unverified
D90-5-03123	مىزان بۇرجى	headword	298_1R.png	unverified
D90-5-03124	مىزان يۇلتۇز تۈركۈمى	headword	298_1R.png	unverified
D90-5-03125	مىزگان	headword	298_1R.png	unverified
D90-5-03126	مىزگانچى	headword	298_1R.png	unverified
D90-5-03127	مىژ	headword	298_1R.png	unverified
D90-5-03128	مىژژىدە	headword	298_1R.png	unverified
D90-5-03129	مىژگان	headword	298_2L.png	unverified
D90-5-03130	مىژ-مىژ	headword	298_2L.png	unverified
D90-5-03131	مىژىلدىشماق	headword	298_2L.png	unverified
D90-5-03132	مىژىلدىماق	headword	298_2L.png	unverified
D90-5-03133	مىس	headword	298_2L.png	unverified
D90-5-03136	مىس جاللا	headword	299_1R.png	unverified
D90-5-03137	مىس چالغۇلىرى	headword	299_1R.png	unverified
D90-5-03138	مىس دېتى	headword	299_1R.png	unverified
D90-5-03139	مىس رەڭ	headword	299_1R.png	unverified
D90-5-03140	مىس سۇلفات	headword	299_1R.png	unverified
D90-5-03141	مىس قورال	headword	299_2L.png	unverified
D90-5-03142	مىس قورال دەۋرى	headword	299_2L.png	unverified
D90-5-03143	مىس كەپشەر	headword	299_2L.png	unverified
D90-5-03144	مىس ماشا	headword	299_2L.png	unverified
D90-5-03145	مىس ئۇرانلىق چىرىمتال	headword	299_2L.png	unverified
D90-5-03147	مىسال	headword	300_1R.png	unverified
D90-5-03148	مىسالەن	headword	300_1R.png	unverified
D90-5-03149	مىستىتسىزم	headword	300_1R.png	verified
D90-5-03150	مىستىرىيە	headword	300_1R.png	unverified
D90-5-03151	مىستىكا	headword	300_2L.png	unverified
D90-5-03152	مىسرا	headword	300_2L.png	unverified
D90-5-03153	مىسرالىق	headword	300_2L.png	unverified
D90-5-03154	مىسران	headword	300_2L.png	unverified
D90-5-03156	مىسسىدە	headword	300_2L.png	unverified
D90-5-03157	مىسسىئونېر	headword	300_2L.png	unverified
D90-5-03158	مىسقال	headword	300_2L.png	unverified
D90-5-03159	مىسقالچە	headword	301_1R.png	unverified
D90-5-03160	مىسقالداكا	headword	301_1R.png	unverified
D90-5-03161	مىسقاللاپ	headword	301_1R.png	unverified
D90-5-03162	مىسقاللاتماق	headword	301_1R.png	unverified
D90-5-03163	مىسقاللاشماق	headword	301_1R.png	unverified
D90-5-03164	مىسقاللىق	headword	301_1R.png	unverified
D90-5-03165	مىسقاللىماق	headword	301_1R.png	unverified
D90-5-03166	مىسكانتۇس	headword	301_1R.png	unverified
D90-5-03166-v1	مىسكانتۇس ئوتى	variant	301_1R.png	unverified
D90-5-03168	مىسكەر	headword	301_1R.png	unverified
D90-5-03169	مىسكەرچىلىك	headword	301_2L.png	unverified
D90-5-03170	مىسكەرلىك	headword	301_2L.png	unverified
D90-5-03171	مىسكىن	headword	301_2L.png	unverified
D90-5-03172	مىسكىنلەشمەك	headword	301_2L.png	unverified
D90-5-03173	مىسكىنلىك	headword	301_2L.png	unverified
D90-5-03174	مىسلى	headword	301_2L.png	unverified
D90-5-03175	مىسلىسىز	headword	302_1R.png	unverified
D90-5-03176	مىسلىمىياك	headword	302_1R.png	unverified
D90-5-03177	مىس-مىس	headword	302_1R.png	unverified
D90-5-03178	مىسۋاك	headword	302_1R.png	unverified
D90-5-03179	مىسۋاكلىماق	headword	302_1R.png	unverified
D90-5-03180	مىسىر	headword	302_1R.png	unverified
D90-5-03181	مىسىل	headword	302_2L.png	unverified
D90-5-03182	مىسىلچە	headword	302_2L.png	unverified
D90-5-03183	مىسىلداشماق	headword	302_2L.png	unverified
D90-5-03184	مىسىلدىماق	headword	302_2L.png	unverified
D90-5-03185	مىش	headword	302_2L.png	unverified
D90-5-03187	مىشە	headword	302_2L.png	unverified
D90-5-03188	مىشەك	headword	302_2L.png	unverified
D90-5-03189	مىشقىرتماق	headword	302_2L.png	unverified
D90-5-03190	مىشقىرماق	headword	302_2L.png	unverified
D90-5-03191	مىشقىرىشماق	headword	303_1R.png	unverified
D90-5-03192	مىشكاپ	headword	303_1R.png	unverified
D90-5-03193	مىشپەرەڭ	headword	303_1R.png	unverified
D90-5-03194	مىش-مىش	headword	303_1R.png	unverified
D90-5-03195	مىش-مىش پاراڭ	headword	303_1R.png	unverified
D90-5-03197	مىش-مىش گەپ	headword	303_1R.png	unverified
D90-5-03196	مىش-مىش سۆز	headword	303_1R.png	unverified
D90-5-03198	مىشىلداتماق	headword	303_1R.png	unverified
D90-5-03199	مىشىلداشماق	headword	303_1R.png	unverified
D90-5-03200	مىشىلدىماق	headword	303_1R.png	unverified
D90-5-03201	مىغ	headword	303_2L.png	unverified
D90-5-03202	مىغ-مىغ	headword	303_2L.png	unverified
D90-5-03203	مىغىلداشماق	headword	303_2L.png	unverified
D90-5-03204	مىغىلدىماق	headword	303_2L.png	unverified
D90-5-03205	مىفولوگىيە	headword	303_2L.png	unverified
D90-5-03206	مىفولوگىيىلىك	headword	303_2L.png	unverified
D90-5-03208	مىقدار	headword	304_1R.png	unverified
D90-5-03209	مىقدار ئالمىشى	headword	304_1R.png	unverified
D90-5-03210	مىقدار ئانالىزى	headword	304_1R.png	unverified
D90-5-03211	مىقدار رەۋىشى	headword	304_1R.png	unverified
D90-5-03212	مىقدار سۆز	headword	304_1R.png	unverified
D90-5-03213	مىقدار ھېسسىياتى	headword	304_2L.png	unverified
D90-5-03214	مىقدارىنى بېكىتىش	headword	304_2L.png	unverified
D90-5-03215	مىقدارلىق	headword	304_2L.png	unverified
D90-5-03216	مىققىدە	headword	304_2L.png	unverified
D90-5-03217	مىققىماق	headword	304_2L.png	unverified
D90-5-03218	مىقياس	headword	304_2L.png	unverified
D90-5-03219	مىكرو	headword	304_2L.png	unverified
D90-5-03220	مىكرو خىمىيە	headword	304_2L.png	unverified
D90-5-03221	مىكرو دولقۇن	headword	304_2L.png	unverified
D90-5-03222	مىكرو دۇنيا	headword	305_1R.png	unverified
D90-5-03223	مىكرو زەررىچە	headword	305_1R.png	unverified
D90-5-03224	مىكرو زەررىچىلەر سىستېمىسى	headword	305_1R.png	unverified
D90-5-03225	مىكرو ئىقتىسادىي تەھلىل	headword	305_1R.png	unverified
D90-5-03226	مىكرو ئىگىلىك	headword	305_1R.png	unverified
D90-5-03227	مىكرو ئامپېر	headword	305_1R.png	unverified
D90-5-03228	مىكروب	headword	305_1R.png	unverified
D90-5-03229	مىكروب ئۆلتۈرۈش	headword	305_2L.png	unverified
D90-5-03230	مىكروبسىز	headword	305_2L.png	unverified
D90-5-03232	مىكروبسىزلاندۇرماق	headword	305_2L.png	unverified
D90-5-03233	مىكروبسىزلاندۇرۇش	headword	305_2L.png	unverified
D90-5-03234	مىكروبسىزلاندۇرۇلماق	headword	305_2L.png	unverified
D90-5-03235	مىكروبسىزلانماق	headword	305_2L.png	unverified
D90-5-03236	مىكروبلانماق	headword	306_1R.png	unverified
D90-5-03237	مىكروبىئولوگ	headword	306_1R.png	unverified
D90-5-03238	مىكروبىئولوگىيە	headword	306_1R.png	unverified
D90-5-03239	مىكروسكوپ	headword	306_1R.png	unverified
D90-5-03240	مىكروسېكۇنت	headword	306_1R.png	unverified
D90-5-03241	مىكروقارادا	headword	306_1R.png	unverified
D90-5-03242	مىكروفوتوگرافىيە	headword	306_1R.png	verified
D90-5-03243	مىكروفون	headword	306_2L.png	unverified
D90-5-03244	مىكروكرىستال	headword	306_2L.png	unverified
D90-5-03245	مىكروكىلىمات	headword	306_2L.png	unverified
D90-5-03246	مىكروكيۇرىي	headword	306_2L.png	unverified
D90-5-03247	مىكروگېنرى	headword	306_2L.png	unverified
D90-5-03248	مىكرومېتىر	headword	306_2L.png	unverified
D90-5-03249	مىكرون	headword	306_2L.png	unverified
D90-5-03250	مىكرو ئورگانىزم	headword	306_2L.png	unverified
D90-5-03251	مىكروئورگانىزملىق بۇلغىنىش	headword	307_1R.png	unverified
D90-5-03252	مىكروۋات	headword	307_1R.png	unverified
D90-5-03253	مىكروۋولت	headword	307_1R.png	unverified
D90-5-03254	مىكرو ئېلېكترونىكا	headword	307_1R.png	unverified
D90-5-03255	مىكرو ئېلېمېنت	headword	307_1R.png	unverified
D90-5-03256	مىكوپلازما	headword	307_2L.png	unverified
D90-5-03257	مىكولوگىيە	headword	307_2L.png	unverified
D90-5-03258	مىكىر	headword	307_2L.png	unverified
D90-5-03259	مىكى-مىكى	headword	307_2L.png	unverified
D90-5-03261	مىگماتىت	headword	307_2L.png	verified
D90-5-03262	مىڭ	headword	308_1R.png	unverified
D90-5-03271	مىڭ تەستە	headword	308_2L.png	unverified
D90-5-03272	مىڭ توۋا	headword	308_2L.png	verified
D90-5-03273	مىڭ جاپادا	headword	308_2L.png	unverified
D90-5-03274	مىڭ دان ئېغىرلىقى	headword	308_2L.png	unverified
D90-5-03275	مىڭ رازى	headword	308_2L.png	unverified
D90-5-03276	مىڭ رەھمەت	headword	308_2L.png	unverified
D90-5-03277	مىڭ قەتلە شۈكۈر	headword	308_2L.png	unverified
D90-5-03278	مىڭ قىلسىمۇ	headword	308_2L.png	unverified
D90-5-03279	مىڭ قىلغان بىلەن	headword	308_2L.png	unverified
D90-5-03280	مىڭلار خانىسى	headword	309_1R.png	unverified
D90-5-03281	مىڭ لەنەت	headword	309_1R.png	unverified
D90-5-03282	مىڭ مەرتە	headword	309_1R.png	unverified
D90-5-03283	مىڭ مەرتىۋە	headword	309_1R.png	unverified
D90-5-03284	مىڭ مۇشەققەتتە	headword	309_1R.png	unverified
D90-5-03285	مىڭنى تىللىماق	headword	309_1R.png	unverified
D90-5-03286	مىڭ ئۆلۈپ، بىر تىرىلمەك	headword	309_1R.png	unverified
D90-5-03287	مىڭ ئۆلۈپ تىرىلمەك	headword	309_1R.png	unverified
D90-5-03288	مىڭ ئۆلۈپ، مىڭ تىرىلمەك	headword	309_2L.png	unverified
D90-5-03289	مىڭ يەردىن	headword	309_2L.png	unverified
D90-5-03290	مىڭئاياغ	headword	309_2L.png	unverified
D90-5-03291	مىڭەر	headword	309_2L.png	unverified
D90-5-03292	مىڭبېشى	headword	309_2L.png	unverified
D90-5-03293	مىڭبېگى	headword	309_2L.png	unverified
D90-5-03294	مىڭبىر	headword	309_2L.png	unverified
D90-5-03295	مىڭبىر بالادا	headword	310_1R.png	unverified
D90-5-03296	مىڭبىر بالالار بىلەن	headword	310_1R.png	unverified
D90-5-03297	مىڭبىر پۇشايمان قىلماق	headword	310_1R.png	unverified
D90-5-03297-v1	مىڭ پۇشايمان قىلماق	variant	310_1R.png	unverified
D90-5-03298	مىڭبىر تەستە	headword	310_1R.png	unverified
D90-5-03300	مىڭبىر توۋا	headword	310_1R.png	unverified
D90-5-03301	مىڭبىر جاپادا	headword	310_1R.png	unverified
D90-5-03302	مىڭبىر جاپا بىلەن	headword	310_1R.png	unverified
D90-5-03303	مىڭبىر مۇشەققەتتە	headword	310_1R.png	unverified
D90-5-03304	مىڭبىر ئۆلۈپ، مىڭبىر تىرىلمەك	headword	310_1R.png	unverified
D90-5-03305	مىڭپېلەك	headword	310_2L.png	unverified
D90-5-03306	مىڭدىۋانە	headword	310_2L.png	unverified
D90-5-03307	مىڭقېتى	headword	310_2L.png	unverified
D90-5-03307-v1	توققۇز تونلۇق	variant	310_2L.png	unverified
D90-5-03308	مىڭگەن	headword	310_2L.png	verified
D90-5-03309	مىڭلاپ	headword	310_2L.png	unverified
D90-5-03310	مىڭلاپ-مىڭلاپ	headword	310_2L.png	unverified
D90-5-03311	مىڭلارچە	headword	310_2L.png	verified
D90-5-03312	مىڭلىغان	headword	310_2L.png	unverified
D90-5-03313	مىڭلىغان-تۈمەنلىگەن	headword	311_1R.png	unverified
D90-5-03314	مىڭلىغان-مىليونلىغان	headword	311_1R.png	unverified
D90-5-03315	مىڭلىغان-ئونمىڭلىغان	headword	311_1R.png	unverified
D90-5-03316	مىڭلىق	headword	311_1R.png	unverified
D90-5-03318	مىڭئۆي	headword	311_1R.png	unverified
D90-5-03319	مىڭيوپۇرماق	headword	311_2L.png	unverified
D90-5-03320	مىل	headword	311_2L.png	verified
D90-5-03322-v1	دېڭىز مىلى	variant	311_2L.png	unverified
D90-5-03323	مىلاد	headword	311_2L.png	unverified
D90-5-03324	مىلادى	headword	312_1R.png	unverified
D90-5-03325	مىلادىيە	headword	312_1R.png	unverified
D90-5-03326	مىلەتمەك	headword	312_1R.png	unverified
D90-5-03327	مىلەشتۈرمەك	headword	312_1R.png	unverified
D90-5-03328	مىلەشمەك	headword	312_1R.png	unverified
D90-5-03330	مىلەڭزىلىك	headword	312_1R.png	unverified
D90-5-03331	مىلەنمەك	headword	312_2L.png	unverified
D90-5-03332	مىلتىق	headword	312_2L.png	unverified
D90-5-03334	مىلتىقسىز	headword	312_2L.png	unverified
D90-5-03335	مىلتىقلىق	headword	312_2L.png	unverified
D90-5-03336	مىلجىڭ	headword	312_2L.png	unverified
D90-5-03337	مىلجىڭلاشماق	headword	312_2L.png	unverified
D90-5-03338	مىلجىڭلىق	headword	312_2L.png	unverified
D90-5-03339	مىلجىڭلىماق	headword	312_2L.png	unverified
D90-5-03340	مىللەت	headword	312_2L.png	unverified
D90-5-03341	مىللەت قارىشى	headword	313_1R.png	unverified
D90-5-03342	مىللەتپەرۋەر	headword	313_1R.png	unverified
D90-5-03343	مىللەتپەرۋەرلىك	headword	313_1R.png	unverified
D90-5-03344	مىللەتچى	headword	313_1R.png	unverified
D90-5-03345	مىللەتچىلىك	headword	313_1R.png	unverified
D90-5-03346	مىللەتشۇناس	headword	313_2L.png	unverified
D90-5-03347	مىللەتشۇناسلىق	headword	313_2L.png	unverified
D90-5-03348	مىللەتلىك	headword	313_2L.png	unverified
D90-5-03349	مىللىئامپېر	headword	313_2L.png	unverified
D90-5-03350	مىللىبار	headword	313_2L.png	unverified
D90-5-03351	مىللىسېكۇنت	headword	313_2L.png	unverified
D90-5-03352	مىللىگرام	headword	313_2L.png	unverified
D90-5-03353	مىللىلىتىر	headword	314_1R.png	unverified
D90-5-03354	مىللىمېتىر	headword	314_1R.png	unverified
D90-5-03357	مىللىمىكرون	headword	314_1R.png	unverified
D90-5-03358	مىللىي	headword	314_1R.png	unverified
D90-5-03360	مىللىي ئاپتونومىيە ھوقۇقى	headword	314_2L.png	unverified
D90-5-03361	مىللىي ئاپتونومىيىلىك جاي	headword	314_2L.png	unverified
D90-5-03362	مىللىي ئارمىيە	headword	314_2L.png	unverified
D90-5-03363	مىللىي ئازادلىق ھەرىكىتى	headword	314_2L.png	unverified
D90-5-03364	مىللىي ئاسسىمىلياتسىيە	headword	315_1R.png	unverified
D90-5-03365	مىللىي ئالاھىدىلىك	headword	315_1R.png	unverified
D90-5-03366	مىللىي ئەنئەنە	headword	315_2L.png	unverified
D90-5-03367	مىللىي باراۋەرلىك	headword	315_2L.png	unverified
D90-5-03368	مىللىي بايلىق	headword	315_2L.png	unverified
D90-5-03369	مىللىي بۇرژۇئازىيە	headword	315_2L.png	unverified
D90-5-03370	مىللىي بىرلىك	headword	315_2L.png	unverified
D90-5-03371	مىللىي بىرلىك سەپ	headword	316_1R.png	unverified
D90-5-03372	مىللىي پەرق	headword	316_1R.png	unverified
D90-5-03373	مىللىي پۇراق	headword	316_1R.png	unverified
D90-5-03374	مىللىي تاپاۋەت	headword	316_1R.png	unverified
D90-5-03375	مىللىي تۈس	headword	316_1R.png	unverified
D90-5-03376	مىللىي تېررىتورىيىلىك ئاپتونومىيە	headword	316_1R.png	unverified
D90-5-03377	مىللىي تىل	headword	316_2L.png	unverified
D90-5-03378	مىللىي چالغۇ	headword	316_2L.png	unverified
D90-5-03379	مىللىي خاراكتېر	headword	317_1R.png	unverified
D90-5-03380	مىللىي خۇسۇسىيەت	headword	317_1R.png	unverified
D90-5-03381	مىللىي خىزمەت	headword	317_1R.png	unverified
D90-5-03382	مىللىي دارامەت	headword	317_1R.png	unverified
D90-5-03383	مىللىي دېموكراتىك ئىنقىلاپ	headword	317_1R.png	unverified
D90-5-03384	مىللىي رايون	headword	317_1R.png	unverified
D90-5-03385	مىللىي زۇلۇم	headword	317_1R.png	unverified
D90-5-03386	مىللىي زىددىيەت	headword	317_2L.png	unverified
D90-5-03387	مىللىي سىياسەت	headword	317_2L.png	unverified
D90-5-03388	مىللىي شەكىل	headword	317_2L.png	unverified
D90-5-03389	مىللىي غۇرۇر	headword	317_2L.png	unverified
D90-5-03390	مىللىي قەھرىمان	headword	317_2L.png	unverified
D90-5-03391	مىللىي كاپىتال	headword	318_1R.png	unverified
D90-5-03392	مىللىي كاپىتالىستىك ئىگىلىك	headword	318_1R.png	unverified
D90-5-03393	مىللىي گىمناستىكا	headword	318_1R.png	unverified
D90-5-03394	مىللىي مائارىپ	headword	318_1R.png	unverified
D90-5-03395	مىللىي مەدەنىيەت	headword	318_1R.png	unverified
D90-5-03396	مىللىي مەسىلە	headword	318_2L.png	unverified
D90-5-03397	مىللىي مەنپەئەت	headword	318_2L.png	unverified
D90-5-03398	مىللىي مۇزىكا	headword	318_2L.png	unverified
D90-5-03399	مىللىي مۇستەقىللىق	headword	318_2L.png	unverified
D90-5-03400	مىللىي ھەرىكەت	headword	319_1R.png	unverified
D90-5-03401	مىللىي ھېسسىيات	headword	319_1R.png	unverified
D90-5-03402	مىللىي ئورتاق تىل	headword	319_1R.png	unverified
D90-5-03403	مىللىي ئۇسلۇپ	headword	319_1R.png	unverified
D90-5-03404	مىللىي ئۆرپ-ئادەت	headword	319_1R.png	unverified
D90-5-03405	مىللىي ئىشلەپچىقىرىش ئومۇمىي قىممىتى	headword	319_1R.png	unverified
D90-5-03406	مىللىي ئىمتىياز	headword	319_1R.png	unverified
D90-5-03407	مىللىي ئىنقىلاب	headword	319_2L.png	unverified
D90-5-03408	مىللىي يېزا	headword	319_2L.png	unverified
D90-5-03409	مىللىيچە	headword	319_2L.png	unverified
D90-5-03410	مىللىيلاشتۇرماق	headword	319_2L.png	unverified
D90-5-03411	مىللىيلىك	headword	319_2L.png	unverified
D90-5-03412	مىلونىت	headword	319_2L.png	unverified
D90-5-03412-v1	مىلونىت جىنس	variant	319_2L.png	unverified
D90-5-03414	مىلونىتلىق	headword	319_2L.png	unverified
D90-5-03415	مىلىتارىزم	headword	320_1R.png	unverified
D90-5-03416	مىللىتارىست	headword	320_1R.png	unverified
D90-5-03417	مىللىتارىستلىق	headword	320_1R.png	unverified
D90-5-03418	مىلىچ	headword	320_1R.png	unverified
D90-5-03419	مىلىچچىدە	headword	320_1R.png	unverified
D90-5-03420	مىلىچلىماق	headword	320_1R.png	unverified
D90-5-03421	مىلىچمال	headword	320_2L.png	unverified
D90-5-03422	مىلىچمالچى	headword	320_2L.png	unverified
D90-5-03423	مىلىق	headword	320_2L.png	unverified
D90-5-03424	مىلىققىدە	headword	320_2L.png	unverified
D90-5-03425	مىلىقلىماق	headword	320_2L.png	unverified
D90-5-03426	مىلىق-مىلىق	headword	320_2L.png	unverified
D90-5-03427	مىلىك	headword	320_2L.png	unverified
D90-5-03428	مىلىمەك	headword	320_2L.png	unverified
D90-5-03429	مىليارد	headword	320_2L.png	unverified
D90-5-03430	مىليون	headword	320_2L.png	unverified
D90-5-03431	مىليونلاپ	headword	320_2L.png	unverified
D90-5-03432	مىليونلىغان	headword	320_2L.png	unverified
D90-5-03433	مىليونېر	headword	321_1R.png	unverified
D90-5-03434	مىمىكا	headword	321_1R.png	verified
D90-5-03435	مىنا	headword	321_1R.png	unverified
D90-5-03439	مىنالاتماق	headword	321_1R.png	unverified
D90-5-03440	مىنالاشتۇرماق	headword	321_1R.png	unverified
D90-5-03441	مىنالاشتۇرۇلماق	headword	321_1R.png	unverified
D90-5-03442	مىنالاشماق	headword	321_1R.png	unverified
D90-5-03443	مىنالماق	headword	321_2L.png	unverified
D90-5-03444	مىناميوت	headword	321_2L.png	unverified
D90-5-03445	مىناميوتچى	headword	321_2L.png	unverified
D90-5-03446	مىندۈرمەك	headword	321_2L.png	unverified
D90-5-03447	مىندۈرۈشمەك	headword	321_2L.png	unverified
D90-5-03448	مىندۈرۈلمەك	headword	321_2L.png	unverified
D90-5-03449	مىنگەشتۈرمەك	headword	321_2L.png	unverified
D90-5-03450	مىنگەشتۈرۈلمەك	headword	321_2L.png	unverified
D90-5-03451	مىنگەشمەك	headword	321_2L.png	unverified
D90-5-03452	مىنگەن ئېتىغا قۇم ئارتىدىغان	headword	322_1R.png	unverified
D90-5-03453	مىنگو	headword	322_1R.png	unverified
D90-5-03454	مىنمەك	headword	322_1R.png	unverified
D90-5-03455	مىننەت	headword	322_1R.png	unverified
D90-5-03456	مىننەت قىلماق	headword	322_1R.png	unverified
D90-5-03457	مىننەتخور	headword	322_2L.png	verified
D90-5-03458	مىننەتدار	headword	322_2L.png	unverified
D90-5-03459	مىننەتدار بولماق	headword	322_2L.png	unverified
D90-5-03460	مىننەتدارچىلىق	headword	322_2L.png	unverified
D90-5-03461	مىننەتدارلىق	headword	322_2L.png	unverified
D90-5-03462	مىننەتسىز	headword	322_2L.png	unverified
D90-5-03463	مىننەتلىك	headword	322_2L.png	unverified
D90-5-03464	مىنۇت	headword	322_2L.png	unverified
D90-5-03465	مىنۇت-سېكۇنت	headword	323_1R.png	unverified
D90-5-03466	مىنۇتلۇق	headword	323_1R.png	unverified
D90-5-03467	مىنۇس	headword	323_1R.png	unverified
D90-5-03468	مىنۇس ئالامىتى	headword	323_1R.png	unverified
D90-5-03469	مىنۇس بەلگىسى	headword	323_1R.png	unverified
D90-5-03470	مىنېرال	headword	323_1R.png	unverified
D90-5-03471	مىنېرال بۇلاق	headword	323_2L.png	unverified
D90-5-03472	مىنېرال پاختا	headword	323_2L.png	unverified
D90-5-03473	مىنېرال تۇز	headword	323_2L.png	unverified
D90-5-03474	مىنېرال دەۋرى	headword	323_2L.png	unverified
D90-5-03475	مىنېرال سۇ	headword	324_1R.png	unverified
D90-5-03476	مىنېرال شەكلى	headword	324_1R.png	unverified
D90-5-03477	مىنېرال قۇراشمىسى	headword	324_1R.png	unverified
D90-5-03478	مىنېرال كۆل	headword	324_1R.png	unverified
D90-5-03479	مىنېرال ماددا	headword	324_1R.png	unverified
D90-5-03480	مىنېرال ئوغۇت	headword	324_1R.png	unverified
D90-5-03481	مىنېراللانغان	headword	324_1R.png	unverified
D90-5-03482	مىنېراللانغان جىنس	headword	324_2L.png	unverified
D90-5-03483	مىنېراللانماق	headword	324_2L.png	unverified
D90-5-03484	مىنېراللىق	headword	324_2L.png	unverified
D90-5-03485	مىنېراللىنىش	headword	324_2L.png	unverified
D90-5-03486	مىنېراللىنىش دەرىجىسى	headword	324_2L.png	unverified
D90-5-03487	مىنېرالوگرافىيە	headword	324_2L.png	unverified
D90-5-03488	مىنېرالوگىيە	headword	325_1R.png	unverified
D90-5-03489	مىنىبۇس	headword	325_1R.png	unverified
D90-5-03490	مىنىستىر	headword	325_1R.png	unverified
D90-5-03491	مىنىستىرلىك	headword	325_1R.png	unverified
D90-5-03492	مىنىشلىك	headword	325_1R.png	unverified
D90-5-03493	مىنىشمەك	headword	325_1R.png	unverified
D90-5-03494	مىنىمۇم	headword	325_1R.png	unverified
D90-5-03496	مىنىمېتىر	headword	325_1R.png	unverified
D90-5-03497	مىھلىيا	headword	325_2L.png	unverified
D90-5-03497-v1	مىھلىيا چاتقىلى	variant	325_2L.png	unverified
D90-5-03499	مىياڭلاشماق	headword	325_2L.png	unverified
D90-5-03506	مىياۋلاشماق	headword	325_2L.png	unverified
D90-5-03500	مىياڭلىماق	headword	325_2L.png	unverified
D90-5-03507	مىياۋلىماق	headword	325_2L.png	unverified
D90-5-03501	مىيانە	headword	325_2L.png	unverified
D90-5-03502	مىيانباز	headword	325_2L.png	unverified
D90-5-03503	مىياندۇك	headword	325_2L.png	unverified
D90-5-03504	مىيانسال	headword	325_2L.png	unverified
D90-5-03505	مىياۋ	headword	325_2L.png	unverified
D90-5-03508	مىيۇ	headword	325_2L.png	unverified
D90-5-03508-v1	مىيۇ بېلىقى	variant	325_2L.png	unverified
D90-5-03510	مىيۇئون	headword	326_1R.png	unverified
D90-5-03511	مىيىق	headword	326_1R.png	unverified
D90-5-03513	مىياۋزۇ	headword	326_1R.png	unverified
D90-5-03515	مياۋزۇچە	headword	326_2L.png	unverified
D90-5-03516	مياۋزۇلار	headword	326_2L.png	unverified
D90-5-03517	ن	headword	327_1R.png	unverified
D90-5-03518	نائادىل	headword	327_1R.png	unverified
D90-5-03519	نائەھلى	headword	327_1R.png	unverified
D90-5-03520	نائەھلىيلىك	headword	327_1R.png	unverified
D90-5-03521	ناباپ	headword	327_2L.png	unverified
D90-5-03522	ناباتات	headword	327_2L.png	unverified
D90-5-03523	نابور	headword	327_2L.png	unverified
D90-5-03524	نابور بەت	headword	328_1R.png	verified
D90-5-03525	نابورچىك	headword	328_1R.png	unverified
D90-5-03526	نابورچىكلىك	headword	328_1R.png	unverified
D90-5-03527	نابۇت	headword	328_1R.png	unverified
D90-5-03528	نابۇت بولماق	headword	328_1R.png	unverified
D90-5-03529	نابۇت قىلماق	headword	328_1R.png	unverified
D90-5-03530	ناپاك	headword	328_1R.png	unverified
D90-5-03531	ناپاكلىق	headword	328_2L.png	unverified
D90-5-03532	ناپور	headword	328_2L.png	unverified
D90-5-03535	ناتايىن	headword	329_1R.png	verified
D90-5-03536	ناترولىت	headword	329_1R.png	unverified
D90-5-03537	ناترىي	headword	329_1R.png	unverified
D90-5-03538	ناترىي بىكاربونات	headword	329_2L.png	unverified
D90-5-03539	ناترىي تۇزى	headword	329_2L.png	unverified
D90-5-03540	ناترىي تىئوسۇلفات	headword	329_2L.png	unverified
D90-5-03541	ناترىي خلورىد	headword	329_2L.png	unverified
D90-5-03542	ناترىي خلورىد تۈزۈلۈشى	headword	330_1R.png	unverified
D90-5-03543	ناترىي سپېكتىرى	headword	330_1R.png	unverified
D90-5-03544	ناترىي سۇلفات	headword	330_1R.png	unverified
D90-5-03545	ناترىي سىلىكات	headword	330_1R.png	unverified
D90-5-03546	ناترىي كاربونات	headword	330_1R.png	unverified
D90-5-03547	ناترىي گىدروكسىد	headword	330_2L.png	unverified
D90-5-03548	ناترىي لامپا	headword	330_2L.png	unverified
D90-5-03549	ناترىي نىترات	headword	330_2L.png	unverified
D90-5-03550	ناترىيلىق سۇپ	headword	330_2L.png	unverified
D90-5-03551	ناترىيلىق ئەينەك	headword	330_2L.png	unverified
D90-5-03552	ناترىيلىق سېلترا	headword	330_2L.png	unverified
D90-5-03553	ناترىيلىق مىكروكلىن	headword	331_1R.png	unverified
D90-5-03554	ناتسىست	headword	331_1R.png	unverified
D90-5-03555	ناتسىستزم	headword	331_1R.png	verified
D90-5-03556	ناتوغرا	headword	331_1R.png	unverified
D90-5-03557	ناتوغرا كەسىر	headword	331_1R.png	unverified
D90-5-03558	ناتوغرا كەسىر ئىپادە	headword	331_1R.png	unverified
D90-5-03559	ناتونۇش	headword	331_2L.png	unverified
D90-5-03560	ناتۇرا	headword	331_2L.png	unverified
D90-5-03562	ناتۇرال	headword	331_2L.png	unverified
D90-5-03566	ناتۇرالىزم	headword	331_2L.png	unverified
D90-5-03567	ناتورنىزم	headword	332_1R.png	unverified
D90-5-03568	ناتىق	headword	332_1R.png	unverified
D90-5-03569	ناتىقلىق	headword	332_1R.png	unverified
D90-5-03570	ناتىن	headword	332_1R.png	unverified
D90-5-03571	ناتىۋان	headword	332_2L.png	unverified
D90-5-03572	ناتىۋانلىق	headword	332_2L.png	unverified
D90-5-03573	ناجىنس	headword	332_2L.png	verified
D90-5-03574	ناچا	headword	332_2L.png	unverified
D90-5-03575	ناچار	headword	332_2L.png	unverified
D90-5-03578	ناچار مەھسۇلات	headword	332_2L.png	unverified
D90-5-03579	ناچارلاشماق	headword	333_1R.png	unverified
D90-5-03580	ناچارلىق	headword	333_1R.png	unverified
D90-5-03581	ناچارلىماق	headword	333_1R.png	unverified
D90-5-03582	ناخشا	headword	333_1R.png	unverified
D90-5-03583	ناخشا-قوشاق	headword	333_1R.png	unverified
D90-5-03584	ناخشا-كۈي	headword	333_1R.png	unverified
D90-5-03585	ناخشا-مۇزىكا	headword	333_1R.png	unverified
D90-5-03586	ناخشا-ئۇسسۇل	headword	333_2L.png	unverified
D90-5-03587	ناخشا-ئۇسسۇلچىلىق	headword	333_2L.png	unverified
D90-5-03588	ناخشا-ئۇسسۇللۇق	headword	333_2L.png	unverified
D90-5-03590	ناخشىچى	headword	333_2L.png	unverified
D90-5-03591	ناخشىچىلىق	headword	333_2L.png	unverified
D90-5-03592	ناخشىسىز	headword	333_2L.png	unverified
D90-5-03593	ناخشىلىق	headword	333_2L.png	unverified
D90-5-03595	ناخۇش	headword	334_1R.png	unverified
D90-5-03596	ناخۇل	nonstandard	334_1R.png	unverified
D90-5-03597	ناخۇن	headword	334_1R.png	unverified
D90-5-03598	ناخۇنلىماق	headword	334_1R.png	unverified
D90-5-03599	نادامەت	headword	334_1R.png	unverified
D90-5-03601	ناتىنچ	headword	334_1R.png	unverified
D90-5-03602	نادامەتلىك	headword	334_2L.png	unverified
D90-5-03603	نادان	headword	334_2L.png	unverified
D90-5-03604	نادانلارچە	headword	334_2L.png	unverified
D90-5-03605	نادانلاشتۇرماق	headword	334_2L.png	unverified
D90-5-03606	نادانلاشماق	headword	334_2L.png	unverified
D90-5-03607	نادانلىق	headword	334_2L.png	unverified
D90-5-03608	نادىر	headword	335_1R.png	unverified
D90-5-03609	نار	headword	335_1R.png	unverified
D90-5-03610	نار تۆگە	headword	335_1R.png	unverified
D90-5-03611	نارازى	headword	335_1R.png	unverified
D90-5-03612	نارازى بولماق	headword	335_1R.png	unverified
D90-5-03613	نارازى قىلماق	headword	335_1R.png	unverified
D90-5-03614	نارازىلىق	headword	335_2L.png	unverified
D90-5-03615	نارازىلىق ئەرز خېتى	headword	335_2L.png	unverified
D90-5-03616	نارازىلىق ئەرزى	headword	335_2L.png	unverified
D90-5-03617	نارازىلىق ئەرزى بېرىلگەن سوت مەھكىمىسى	headword	335_2L.png	unverified
D90-5-03618	نارەسىدە	headword	336_1R.png	unverified
D90-5-03619	نارەنجى	headword	336_1R.png	unverified
D90-5-03620	نارزان	headword	336_1R.png	unverified
D90-5-03621	ناركوتىك	headword	336_1R.png	verified
D90-5-03622	ناركوز	headword	336_1R.png	unverified
D90-5-03623	ناركوز قىلماق	headword	336_2L.png	unverified
D90-5-03624	ناركوز قىلىش	headword	336_2L.png	unverified
D90-5-03625	ناركوزلىماق	headword	336_2L.png	unverified
D90-5-03626	نارودنىك	headword	336_2L.png	unverified
D90-5-03627	نارودنىكلار	headword	336_2L.png	unverified
D90-5-03628	نارودنىكلىق	headword	336_2L.png	unverified
D90-5-03629	نارىن	headword	337_1R.png	unverified
D90-5-04520	نېرىن	headword	407_2L.png	unverified
D90-5-03630	نارىن چۆپ	headword	337_1R.png	unverified
D90-5-04521	نېرىن چۆپ	headword	407_2L.png	unverified
D90-5-03631	ناز	headword	337_1R.png	unverified
D90-5-03632	ناز ئەيلىمەك	headword	337_1R.png	unverified
D90-5-03633	ناز قىلماق	headword	337_1R.png	unverified
D90-5-03634	نازارەت	headword	337_2L.png	unverified
D90-5-03635	نازارەت قىلماق	headword	337_2L.png	unverified
D90-5-03636	نازارەتچى	headword	338_1R.png	unverified
D90-5-03637	نازارەتچىلىك	headword	338_1R.png	unverified
D90-5-03638	نازاكەت	headword	338_1R.png	unverified
D90-5-03639	نازاكەتسىز	headword	338_1R.png	unverified
D90-5-03640	نازاكەتلىك	headword	338_1R.png	unverified
D90-5-03641	نازغىتىشماق	headword	338_2L.png	unverified
D90-5-03642	نازغىماق	headword	338_2L.png	unverified
D90-5-03643	ناز-كەرەشمە	headword	338_2L.png	unverified
D90-5-03643-v1	نازۇ كەرەشمە	variant	338_2L.png	unverified
D90-5-03644	نازلانماق	headword	338_2L.png	unverified
D90-5-03645	نازلىق	headword	338_2L.png	unverified
D90-5-03646	نازلىماق	headword	338_2L.png	unverified
D90-5-03647	ناز-نېمەت	headword	339_1R.png	unverified
D90-5-03654	نازۇنېمەت	headword	340_1R.png	unverified
D90-5-03648	نازۇك	headword	339_1R.png	unverified
D90-5-03649	نازۇك تاش قورال دەۋرى	headword	339_2L.png	unverified
D90-5-03650	نازۇكەرەشمە	headword	340_1R.png	unverified
D90-5-03651	نازۇكلاشتۇرماق	headword	340_1R.png	unverified
D90-5-03652	نازۇكلاشماق	headword	340_1R.png	unverified
D90-5-03653	نازۇكلۇق	headword	340_1R.png	unverified
D90-5-03655	نازىر	headword	340_1R.png	unverified
D90-5-03656	نازېركۇم	headword	340_1R.png	unverified
D90-5-03657	نازىرلىق	headword	340_1R.png	unverified
D90-5-03658	نازىگۈل	headword	340_1R.png	unverified
D90-5-03659	نازىل	headword	340_2L.png	unverified
D90-5-03660	نازىل قىلماق	headword	340_2L.png	unverified
D90-5-03661	نازىنىن	headword	340_2L.png	unverified
D90-5-03662	ناس	headword	340_2L.png	unverified
D90-5-03663	ناسارا	headword	340_2L.png	unverified
D90-5-03664	ناسكى	headword	341_1R.png	unverified
D90-5-03665	ناسناس	headword	341_1R.png	unverified
D90-5-03666	ناسوس	headword	341_1R.png	unverified
D90-5-03667	ناسۋال	headword	341_1R.png	unverified
D90-5-03668	ناسۋال قاپاق	headword	341_1R.png	unverified
D90-5-03669	ناسۋالچى	headword	341_1R.png	unverified
D90-5-03670	ناسۋالچىلىق	headword	341_1R.png	unverified
D90-5-03671	ناشاد	headword	341_1R.png	unverified
D90-5-03672	ناشادلىق	headword	341_1R.png	unverified
D90-5-03673	ناشايان	headword	341_2L.png	unverified
D90-5-03674	ناشتا	headword	341_2L.png	unverified
D90-5-03677	ناشتا-ناھا	headword	341_2L.png	unverified
D90-5-03678	ناشتىسىز	headword	341_2L.png	unverified
D90-5-03679	ناشتىلىق	headword	342_1R.png	unverified
D90-5-03680	ناشۈكۈر	headword	342_1R.png	unverified
D90-5-03681	ناشۈكۈرلۈك	headword	342_1R.png	unverified
D90-5-03682	ناشېكەر	headword	342_1R.png	unverified
D90-5-03683	ناشى	headword	342_1R.png	unverified
D90-5-03684	ناشىچە	headword	342_2L.png	unverified
D90-5-03685	ناشىلار	headword	342_2L.png	verified
D90-5-03686	ناغرا	headword	342_2L.png	unverified
D90-5-03687	ناغرا پەردە	headword	342_2L.png	unverified
D90-5-03687-v1	قۇلاق پەردىسى	variant	342_2L.png	unverified
D90-5-03688	ناغرا چالماق	headword	342_2L.png	unverified
D90-5-03689	ناغرىخانا	headword	342_2L.png	unverified
D90-5-03690	ناغرا-دۇمباق	headword	342_2L.png	unverified
D90-5-03691	ناغرا - سۇناي	headword	343_1R.png	unverified
D90-5-03692	ناغرا - كاناي	headword	343_1R.png	unverified
D90-5-03693	ناغرىچى	headword	343_1R.png	unverified
D90-5-03694	نافتالىن	headword	343_1R.png	verified
D90-5-03696	ناقايىل	headword	343_1R.png	unverified
D90-5-03697	ناقايىللىق	headword	343_1R.png	unverified
D90-5-03698	ناقولاي	headword	343_1R.png	unverified
D90-5-03699	ناقولا يلىق	headword	343_1R.png	unverified
D90-5-03700	ناكار	headword	343_2L.png	unverified
D90-5-03703	ناكارلىق	headword	343_2L.png	unverified
D90-5-03704	ناكەس	headword	343_2L.png	unverified
D90-5-03705	ناكەسلىك	headword	343_2L.png	unverified
D90-5-03706	ناگان	headword	343_2L.png	unverified
D90-5-03708	ناگاندا	headword	344_1R.png	unverified
D90-5-03709	ناگان-ناگاندا	headword	344_1R.png	unverified
D90-5-03710	ناگاھ	headword	344_1R.png	unverified
D90-5-03711	ناگۇلا	headword	344_1R.png	unverified
D90-5-03712	ناگۇلالىق	headword	344_1R.png	unverified
D90-5-03713	نال	headword	344_1R.png	unverified
D90-5-03714	نالايىق	headword	344_2L.png	unverified
D90-5-03715	نالە	headword	344_2L.png	unverified
D90-5-03716	نالە-پەرياد	headword	344_2L.png	unverified
D90-5-03717	نالە-پىغان	headword	344_2L.png	unverified
D90-5-03718	نالەت	nonstandard	344_2L.png	unverified
D90-5-03718-c1	لەنەت	corrected_form	344_2L.png	unverified
D90-5-03719	نالە-زار	headword	345_1R.png	unverified
D90-5-03720	نالەش	headword	345_1R.png	unverified
D90-5-03721	ناللىق	headword	345_1R.png	unverified
D90-5-03722	نالىلىق	headword	345_1R.png	unverified
D90-5-03723	نالىماق	headword	345_1R.png	unverified
D90-5-03724	نام	headword	345_1R.png	unverified
D90-5-03725	نام ئالماق	headword	345_2L.png	unverified
D90-5-03726	نام بەرمەك	headword	345_2L.png	unverified
D90-5-03727	نام چىقارماق	headword	345_2L.png	unverified
D90-5-03728	نامدا بار	headword	345_2L.png	unverified
D90-5-03729	نام كۆتۈرمەك	headword	345_2L.png	unverified
D90-5-03729-v1	ئات كۆتۈرمەك	variant	345_2L.png	unverified
D90-5-03730	نامى چىقماق	headword	345_2L.png	unverified
D90-5-03731	نامغا داغ چۈشۈرمەك	headword	346_1R.png	unverified
D90-5-03731-v1	شەنىگە داغ چۈشۈرمەك	variant	346_1R.png	unverified
D90-5-03732	نامغا داغ كەلتۈرمەك	headword	346_1R.png	unverified
D90-5-03732-v1	شەنىگە داغ كەلتۈرمەك	variant	346_1R.png	unverified
D90-5-03733	نامىنى ئەسلىگە كەلتۈرمەك	headword	346_1R.png	unverified
D90-5-03734	نامىنى بۇلغىماق	headword	346_1R.png	unverified
D90-5-03734-v1	شەنىنى بۇلغىماق	variant	346_1R.png	unverified
D90-5-03735	نامىنى ساتماق	headword	346_1R.png	unverified
D90-5-03736	نامى ئۇلۇغ، سۇپرىسى قۇرۇق	headword	346_1R.png	unverified
D90-5-03736-v1	ئېتى ئۇلۇغ سۇپرىسى قۇرۇق	variant	346_1R.png	unverified
D90-5-03737	نام-ئابروي	headword	346_1R.png	unverified
D90-5-03738	نام-ئاتاق	headword	346_1R.png	unverified
D90-5-03739	ناماتمان	headword	346_1R.png	unverified
D90-5-03740	ناماز	headword	346_1R.png	unverified
D90-5-03741	ناماز بامدات	headword	346_2L.png	unverified
D90-5-03741-v1	بامدات	variant	346_2L.png	unverified
D90-5-03742	ناماز پېشىن	headword	346_2L.png	unverified
D90-5-03742-v1	پېشىن	variant	346_2L.png	unverified
D90-5-03743	ناماز چۈشۈرمەك	headword	346_2L.png	unverified
D90-5-03744	ناماز خۇپتەن	headword	346_2L.png	unverified
D90-5-03744-v1	خۇپتەن	variant	346_2L.png	unverified
D90-5-03745	ناماز دىگەر	headword	346_2L.png	unverified
D90-5-03745-v1	دىگەر	variant	346_2L.png	unverified
D90-5-03746	ناماز شام	headword	346_2L.png	unverified
D90-5-03746-v1	شام	variant	346_2L.png	unverified
D90-5-03747	ناماز شام قارغۇسى	headword	346_2L.png	unverified
D90-5-03748	ناماز ئوقۇماق	headword	347_1R.png	unverified
D90-5-03749	ناماز ئۆتىمەك	headword	347_1R.png	unverified
D90-5-03750	نامازخان	headword	347_1R.png	unverified
D90-5-03751	نامازسىز	headword	347_1R.png	unverified
D90-5-03752	نامازشامگۈل	headword	347_1R.png	unverified
D90-5-03753	نامازگاھ	headword	347_1R.png	unverified
D90-5-03754	ناماقۇل	headword	347_2L.png	verified
D90-5-03756	ناماقۇللۇق	headword	347_2L.png	unverified
D90-5-03757	نامايان	headword	348_1R.png	unverified
D90-5-03758	نامايان بولماق	headword	348_1R.png	unverified
D90-5-03759	نامايان قىلماق	headword	348_1R.png	unverified
D90-5-03760	نامايەندە	headword	348_1R.png	unverified
D90-5-03761	نامايىش	headword	348_1R.png	unverified
D90-5-03762	نامايىش قىلماق	headword	348_2L.png	unverified
D90-5-03763	نامايىش ئۆتكۈزمەك	headword	348_2L.png	unverified
D90-5-03764	نامايىشچى	headword	349_1R.png	unverified
D90-5-03765	نامايىشكارانە	headword	349_1R.png	unverified
D90-5-03766	نام-ئەمەل	headword	349_1R.png	unverified
D90-5-03767	نامە	headword	349_1R.png	unverified
D90-5-03768	نامەرد	headword	349_1R.png	unverified
D90-5-03769	نامەردلىك	headword	349_2L.png	unverified
D90-5-03770	نامەلۇم	headword	349_2L.png	verified
D90-5-03772	نامەلۇملۇق	headword	349_2L.png	unverified
D90-5-03773	نامەھرەم	headword	349_2L.png	verified
D90-5-03774	نامەھرەملىك	headword	350_1R.png	unverified
D90-5-03775	نامچىلىق	headword	350_1R.png	unverified
D90-5-03776	نامدار	headword	350_1R.png	unverified
D90-5-03777	نامداش	headword	350_1R.png	unverified
D90-5-03778	نامرات	headword	350_1R.png	unverified
D90-5-03779	نامراتلاشتۇرماق	headword	350_2L.png	unverified
D90-5-03780	نامراتلاشتۇرۇشماق	headword	350_2L.png	unverified
D90-5-03781	نامراتلاشتۇرۇلماق	headword	350_2L.png	unverified
D90-5-03782	نامراتلاشماق	headword	350_2L.png	unverified
D90-5-03783	نامراتلىق	headword	350_2L.png	unverified
D90-5-03784	نامزات	headword	350_2L.png	unverified
D90-5-03785	نامزاتلىق	headword	350_2L.png	unverified
D90-5-03786	نامسىز	headword	351_1R.png	unverified
D90-5-03788	نامسىزلىق	headword	351_1R.png	unverified
D90-5-03789	نام-شەرەپ	headword	351_1R.png	unverified
D90-5-03790	نام-شۆھرەت	headword	351_1R.png	unverified
D90-5-03791	ناملىق	headword	351_1R.png	unverified
D90-5-03792	نام-نەسەب	headword	351_2L.png	unverified
D90-5-03793	نام-نىشان	headword	351_2L.png	unverified
D90-5-03794	نامۇس	nonstandard	351_2L.png	unverified
D90-5-04354	نومۇس	headword	393_1R.png	unverified
D90-5-03795	نامۇناسىپ	headword	351_2L.png	unverified
D90-5-03796	نامۇنەسەب	headword	351_2L.png	unverified
D90-5-03797	نامۇنىشان	headword	351_2L.png	unverified
D90-5-03798	نامۇۋاپىق	headword	351_2L.png	unverified
D90-5-03799	نامۇۋاپىقلىق	headword	351_2L.png	unverified
D90-5-03800	نامىئەمەل	headword	352_1R.png	unverified
D90-5-03801	نامىشەرىپ	headword	352_1R.png	unverified
D90-5-03802	نامىي	headword	352_1R.png	unverified
D90-5-03804	نان	headword	352_1R.png	unverified
D90-5-03805	نان بەرگەن قولنى چىشلىمەك	headword	352_1R.png	unverified
D90-5-03805-v1	تۇزىنى يەپ تۇزلۇقىنى چاقماق	variant	352_1R.png	unverified
D90-5-03806	نان تەگمەڭ	headword	352_1R.png	unverified
D90-5-03807	نان تېپىپ يېمەك	headword	352_2L.png	unverified
D90-5-03808	نان جىگدە	headword	352_2L.png	unverified
D90-5-03809	نان دەرىخى	headword	352_2L.png	unverified
D90-5-03811	نان دەسسەپ بەرمەك	headword	352_2L.png	unverified
D90-5-03812	ناننىمۇ ئوڭلاپ يېيەلمەيدىغان	headword	353_1R.png	unverified
D90-5-03813	نان ئۇرسۇن	headword	353_1R.png	unverified
D90-5-03814	نان ياپماق	headword	353_1R.png	unverified
D90-5-03815	نان ياقماق	headword	353_1R.png	unverified
D90-5-03816	نېنى پۈتۈن	headword	353_1R.png	unverified
D90-5-03817	نېنى پۈتۈن بولماق	headword	353_1R.png	unverified
D90-5-03818	نېنى يېمەك	headword	353_1R.png	unverified
D90-5-03819	نانپاراق	headword	353_2L.png	unverified
D90-5-03828	نانقايناق	headword	354_1R.png	unverified
D90-5-03820	نانتاختا	headword	353_2L.png	unverified
D90-5-03820-v1	پەشخۇن	variant	353_2L.png	unverified
D90-5-03821	نان-توقاچ	headword	353_2L.png	unverified
D90-5-03822	نان-تۇز	headword	353_2L.png	unverified
D90-5-03823	نانچۆپ	headword	353_2L.png	unverified
D90-5-03824	نانخور	headword	353_2L.png	unverified
D90-5-03825	ناندىنا	headword	353_2L.png	unverified
D90-5-03825-v1	ناندىنا چاتقىلى	variant	353_2L.png	unverified
D90-5-03827	نانسىز	headword	353_2L.png	unverified
D90-5-03829	نانقېپى	headword	354_1R.png	verified
D90-5-03830	نانكور	headword	354_1R.png	unverified
D90-5-03831	نانكورلۇق	headword	354_1R.png	unverified
D90-5-03833	نانئۇشتا	headword	354_1R.png	unverified
D90-5-03835	ناھاتكى	headword	354_2L.png	unverified
D90-5-03836	ناھار	headword	354_2L.png	unverified
D90-5-03837	ناھايەت	headword	354_2L.png	verified
D90-5-03838	ناھايىتى	headword	354_2L.png	unverified
D90-5-03839	ناھەق	headword	355_1R.png	unverified
D90-5-03840	ناھەق بولماق	headword	355_1R.png	unverified
D90-5-03841	ناھەق قىلماق	headword	355_1R.png	unverified
D90-5-03842	ناھەقچىلىق	headword	355_1R.png	unverified
D90-5-03843	ناھەقلىق	headword	355_1R.png	unverified
D90-5-03845	ناھىيە	headword	355_1R.png	unverified
D90-5-03846	ناھىيىلىك	headword	355_2L.png	unverified
D90-5-03847	نائۇستا	headword	355_2L.png	unverified
D90-5-03848	نائۇستىلىق	headword	355_2L.png	unverified
D90-5-03849	نائۇشنىك	headword	355_2L.png	unverified
D90-5-03850	نائۈمىد	headword	355_2L.png	unverified
D90-5-03851	نائۈمىد شەيتان	headword	355_2L.png	unverified
D90-5-03852	نائۈمىدلىك	headword	356_1R.png	unverified
D90-5-03853	ناۋا	headword	356_1R.png	unverified
D90-5-03855	ناۋا ئەيلىمەك	headword	356_1R.png	unverified
D90-5-03856	ناۋا قىلماق	headword	356_1R.png	unverified
D90-5-03857	ناۋا مۇقامى	headword	356_2L.png	unverified
D90-5-03858	ناۋات	headword	356_2L.png	unverified
D90-5-03859	ناۋات رەڭ	headword	356_2L.png	unverified
D90-5-03860	ناۋات رەڭ كەھرىۋا	headword	356_2L.png	unverified
D90-5-03861	ناۋات ھالۋىسى	headword	356_2L.png	unverified
D90-5-03862	ناۋاتتەك	headword	356_2L.png	unverified
D90-5-03863	ناۋاتچى	headword	357_1R.png	unverified
D90-5-03864	ناۋاتچىلىق	headword	357_1R.png	unverified
D90-5-03865	ناۋادا	headword	357_1R.png	unverified
D90-5-03866	ناۋازىش	headword	357_1R.png	unverified
D90-5-03868	ناۋالىق	headword	357_1R.png	unverified
D90-5-03870	ناۋاندا	nonstandard	357_2L.png	unverified
D90-5-03871	ناۋاي	headword	357_2L.png	unverified
D90-5-03872	ناۋايچىلىق	headword	357_2L.png	unverified
D90-5-03874	ناۋايلىق	headword	357_2L.png	unverified
D90-5-03873	ناۋايخانا	headword	357_2L.png	unverified
D90-5-03875	نائېنىق	headword	357_2L.png	verified
D90-5-03876	نائىب	headword	357_2L.png	unverified
D90-5-03877	نائىل	headword	358_1R.png	unverified
D90-5-03878	نائىل بولماق	headword	358_1R.png	unverified
D90-5-03879	نائىل قىلماق	headword	358_1R.png	unverified
D90-5-03880	نائىلاج	headword	358_1R.png	unverified
D90-5-03880-v1	ئىلاجسىز	variant	358_1R.png	unverified
D90-5-03881	نائىلاجلىق	headword	358_1R.png	unverified
D90-5-03881-v1	ئىلاجسىزلىق	variant	358_1R.png	unverified
D90-5-03882	نائىنساپ	headword	358_2L.png	unverified
D90-5-03882-v1	ئىنىساپسىز	variant	358_2L.png	unverified
D90-5-03883	نائىنساپلىق	headword	358_2L.png	unverified
D90-5-03884	نايەت	nonstandard	358_2L.png	unverified
D90-5-03885	نايرا	headword	358_2L.png	unverified
D90-5-03886	نايمان	headword	358_2L.png	unverified
D90-5-03887	نايناق	headword	358_2L.png	unverified
D90-5-03888	نايناقشىماق	headword	358_2L.png	unverified
D90-5-03891	نايناقلىماق	headword	359_1R.png	unverified
D90-5-03889	نايناقلاشماق	headword	358_2L.png	unverified
D90-5-03890	نايناقلىق	headword	358_2L.png	unverified
D90-5-03892	نايىب	nonstandard	359_1R.png	unverified
D90-5-03893	نايىتى	headword	359_1R.png	unverified
D90-5-03894	نە	headword	359_1R.png	unverified
D90-5-03900	نە زامان	headword	359_2L.png	unverified
D90-5-03900-v1	نە چاغ	variant	359_2L.png	unverified
D90-5-03901	نە قەدەر	headword	359_2L.png	unverified
D90-5-03902	نە كەم	headword	359_2L.png	unverified
D90-5-03903	نە ۋاق	headword	359_2L.png	unverified
D90-5-03905	نەبى	headword	360_1R.png	unverified
D90-5-03906	نەپ	headword	360_1R.png	unverified
D90-5-03913	نەپەر	headword	360_1R.png	unverified
D90-5-03914	نەپەس	headword	360_2L.png	unverified
D90-5-03917	نەپەستىن قالماق	headword	360_2L.png	unverified
D90-5-03917-v1	نەپەستىن توختىماق	variant	360_2L.png	unverified
D90-5-03919	نەپەس شاخچىسى	headword	361_1R.png	unverified
D90-5-03920	نەپەس ئۈزمەك	headword	361_1R.png	unverified
D90-5-03921	نەپەس يولى	headword	361_1R.png	unverified
D90-5-03922	نەپەسداش	headword	361_1R.png	unverified
D90-5-03923	نەپەسسىز	headword	361_1R.png	unverified
D90-5-03925	نەپەسلەندۈرمەك	headword	361_2L.png	unverified
D90-5-03926	نەپەسلەندۈرۈشمەك	headword	361_2L.png	unverified
D90-5-03928	نەپەسلىك	headword	361_2L.png	unverified
D90-5-03930	نەپەسلىنىش	headword	361_2L.png	unverified
D90-5-03931	نەپەسلىنىش سىستېمىسى	headword	362_1R.png	unverified
D90-5-03932	نەپىسىنى راسلىماق	headword	362_1R.png	unverified
D90-5-03933	نەپىسىنى ئىچىگە يۇتماق	headword	362_1R.png	unverified
D90-5-03933-v1	دېمىنى ئىچىگە يۇتماق	variant	362_1R.png	unverified
D90-5-03934	نەپىسى ئىچىگە چۈشۈپ كەتمەك	headword	362_1R.png	unverified
D90-5-03934-v1	دېمى ئىچىگە چۈشۈپ كەتمەك	variant	362_1R.png	unverified
D90-5-03935	نەپرەت	headword	362_1R.png	unverified
D90-5-03936	نەپرەت ئوقۇماق	headword	362_1R.png	unverified
D90-5-03937	نەپرەت ياغدۇرماق	headword	362_1R.png	unverified
D90-5-03938	نەپرەتلەندۈرمەك	headword	362_2L.png	unverified
D90-5-03939	نەپەسلىندۈرۈشمەك	headword	362_2L.png	unverified
D90-5-03940	نەپرەتلەنمەك	headword	362_2L.png	unverified
D90-5-03941	نەپرەتلىك	headword	362_2L.png	unverified
D90-5-03942	نەپس	headword	362_2L.png	unverified
D90-5-03948	نەپسىدىن كەچمەك	headword	363_1R.png	unverified
D90-5-03949	نەپسىگە ئامراق	headword	363_1R.png	unverified
D90-5-03950	نەپسىگە بالا تەگكۈر	headword	363_1R.png	unverified
D90-5-03951	نەپسىگە ئوت كەتمەك	headword	363_1R.png	unverified
D90-5-03953	نەپسنى قويۇۋەتمەك	headword	363_1R.png	unverified
D90-5-03954	نەپسىنىڭ كەينىگە كىرمەك	headword	363_1R.png	unverified
D90-5-03955	نەپسىنى يىغماق	headword	363_2L.png	unverified
D90-5-03956	نەپسى يامان	headword	363_2L.png	unverified
D90-5-03956-v1	نەپسى بالا	variant	363_2L.png	unverified
D90-5-03957	نەپسى يوغىنىماق	headword	363_2L.png	unverified
D90-5-03959	نەپسانىي	headword	363_2L.png	unverified
D90-5-03960	نەپسانىيەت	headword	363_2L.png	unverified
D90-5-03961	نەپسانىيەتچى	headword	363_2L.png	unverified
D90-5-03962	نەپسانىيەتچىلىك	headword	363_2L.png	unverified
D90-5-03963	نەپسانىيەتلىك	headword	364_1R.png	unverified
D90-5-03964	نەپسىز	headword	364_1R.png	unverified
D90-5-03965	نەپلىك	headword	364_1R.png	unverified
D90-5-03966	نەپىس	headword	364_1R.png	unverified
D90-5-03968	نەپىسلىش	headword	364_1R.png	unverified
D90-5-03969	نەپىسلىك	headword	364_1R.png	unverified
D90-5-03970	نەپىقە	headword	364_1R.png	unverified
D90-5-03972	نەتىجە	headword	364_2L.png	unverified
D90-5-03973	نەتىجە باغلىغۇچى	headword	365_1R.png	unverified
D90-5-03974	نەتىجە بۆلەك	headword	365_1R.png	unverified
D90-5-03975	نەتىجىدە	headword	365_1R.png	unverified
D90-5-03976	نەتىجىسىدە	headword	365_1R.png	unverified
D90-5-03977	نەتىجىسىز	headword	365_1R.png	unverified
D90-5-03978	نەتىجىسىزلىك	headword	365_2L.png	unverified
D90-5-03979	نەتىجىلەنمەك	headword	365_2L.png	unverified
D90-5-03980	نەتىجىلىك	headword	365_2L.png	unverified
D90-5-03981	نەچە	headword	365_2L.png	unverified
D90-5-03982	نەچچە	headword	365_2L.png	unverified
D90-5-03983	نەچچە جېنىڭ بار	headword	365_2L.png	unverified
D90-5-03984	نەچچە قاپاق پىششىقى بار	headword	365_2L.png	unverified
D90-5-03984-v1	نەچچە ئۈجمە پىششىقى بار	variant	365_2L.png	unverified
D90-5-03986	نەچچە - نەچچە	headword	366_1R.png	unverified
D90-5-03987	نەچچەيلەن	headword	366_1R.png	unverified
D90-5-03988	نەچچىلەپ	headword	366_1R.png	unverified
D90-5-03989	نەچچىلىك	headword	366_1R.png	unverified
D90-5-03990	نەچچىلىگەن	headword	366_1R.png	unverified
D90-5-03991	نەچچىنچى	headword	366_1R.png	unverified
D90-5-03992	نەچچىنچىلىك	headword	366_1R.png	unverified
D90-5-03993	نەخكەش	headword	366_1R.png	unverified
D90-5-03994	نەدە	headword	366_2L.png	unverified
D90-5-03995	نەدىن ئارا	headword	366_2L.png	unverified
D90-5-03996	نەدىكى	headword	366_2L.png	unverified
D90-5-03997	نەدىكىنى	headword	366_2L.png	unverified
D90-5-03998	نەرە	headword	367_1R.png	unverified
D90-5-04000	نەرخ	headword	367_1R.png	unverified
D90-5-04002	نەرخ-ھاۋا	headword	367_1R.png	unverified
D90-5-04003	نەرسە	headword	367_1R.png	unverified
D90-5-04004	نەرسە ھوقۇقى	headword	367_2L.png	unverified
D90-5-04005	نەرسە ئېتىقادچىلىقى	headword	367_2L.png	unverified
D90-5-04006	نەرسە ئىلاھ	headword	367_2L.png	unverified
D90-5-04007	نەرسىگە خىتاب	headword	367_2L.png	verified
D90-5-09771	نەرسە -كېرەك	headword	367_2L.png	verified
D90-5-04008	نەرسىلە شتۇرۇش	headword	368_1R.png	verified
D90-5-04009	نەرگىسگۈل	headword	368_1R.png	unverified
D90-5-04010	نەزەر	headword	368_1R.png	unverified
D90-5-04014	نەزەردىن ساقىت قىلماق	headword	368_2L.png	unverified
D90-5-04015	نەزەردىن يىراق	headword	368_2L.png	unverified
D90-5-04016	نەزەر سالماق	headword	368_2L.png	unverified
D90-5-04017	نەزەر كۆزىنى سالماسلىق	headword	368_2L.png	unverified
D90-5-04018	نەزەرگە ئالماق	headword	368_2L.png	unverified
D90-5-04018-v1	نەزەردە تۇتماق	variant	368_2L.png	unverified
D90-5-04019	نەزەرگە سىغماسلىق	headword	368_2L.png	unverified
D90-5-04020	نەزىرى چۈشمەك	headword	368_2L.png	unverified
D90-5-04020-v1	كۆزى چۈشمەك	variant	368_2L.png	unverified
D90-5-04021	نەزىرىدىن چۈشمەك	headword	368_2L.png	unverified
D90-5-04022	نەزىرىدىن قالماق	headword	368_2L.png	unverified
D90-5-04023	نەزەربەند	headword	369_1R.png	unverified
D90-5-04024	نەزەرسىز	headword	369_1R.png	unverified
D90-5-04025	نەزەرىيە	headword	369_1R.png	unverified
D90-5-04026	نەزەرىيىچى	headword	370_1R.png	unverified
D90-5-04027	نەزەرىيىسىز	headword	370_1R.png	unverified
D90-5-04028	نەزەرىيىلىك	headword	370_1R.png	unverified
D90-5-04029	نەزەرىيىۋى	headword	370_1R.png	unverified
D90-5-04030	نەزەرىيىۋى فىزىكا	headword	370_1R.png	unverified
D90-5-04031	نەزەرىيىۋى مېخانىكا	headword	370_1R.png	unverified
D90-5-04032	نەزمە	headword	370_1R.png	unverified
D90-5-04033	نەزمە تىياتىرى	headword	370_2L.png	unverified
D90-5-04034	نەزمىسىز	headword	370_2L.png	unverified
D90-5-04035	نەزمىكەش	headword	370_2L.png	unverified
D90-5-04036	نەزمىلەشتۈرمەك	headword	370_2L.png	unverified
D90-5-04037	نەزمىلىك	headword	370_2L.png	unverified
D90-5-04038	نەزىر	headword	370_2L.png	unverified
D90-5-04039	نەزىر بەرمەك	headword	371_1R.png	unverified
D90-5-04040	نەزىر قىلماق	headword	371_1R.png	unverified
D90-5-04041	نەزىر ئۆتكۈزمەك	headword	371_1R.png	verified
D90-5-04042	نەزىرە	headword	371_1R.png	unverified
D90-5-04043	نەزىر-چىراغ	headword	371_1R.png	unverified
D90-5-04044	نەزىر-چىراغ ئۇسسۇلى	headword	371_1R.png	unverified
D90-5-04045	نەزىر-نىياز	headword	371_2L.png	unverified
D90-5-04046	نەس	headword	371_2L.png	unverified
D90-5-04048	نەسەب	headword	371_2L.png	unverified
D90-5-04049	نەسەبچىلىك	headword	371_2L.png	unverified
D90-5-04050	نەسەبسىز	headword	371_2L.png	unverified
D90-5-04051	نەسەبشۇناس	headword	371_2L.png	unverified
D90-5-04052	نەسەبشۇناسلىق	headword	371_2L.png	unverified
D90-5-04053	نەسەبلىك	headword	371_2L.png	unverified
D90-5-04054	نەسەبنامە	headword	372_1R.png	unverified
D90-5-04055	نەسچىلىك	headword	372_1R.png	unverified
D90-5-04089	نەسلىك	headword	372b_1R.png	unverified
D90-5-04056	نەسر	headword	372_1R.png	unverified
D90-5-04057	نەسرىي	headword	372_1R.png	unverified
D90-5-04061	نەسىلىك	headword	372_1R.png	unverified
D90-5-04062	نەسلى-ۋەسلى	headword	372_1R.png	unverified
D90-5-04063	نەسىل	headword	372_1R.png	unverified
D90-5-04064	نەسىل قالدۇرماق	headword	372_2L.png	unverified
D90-5-04065	نەسىل قۇرۇماق	headword	372_2L.png	unverified
D90-5-04066	نەسىل كىرگۈزۈش	headword	372_2L.png	unverified
D90-5-04067	نەسىل يارىتىشلىق مېتىسلاشتۇرۇش	headword	372_2L.png	unverified
D90-5-04068	نەسىلچىلىك	headword	373_1R.png	unverified
D90-5-04069	نەسىلداش	headword	373_1R.png	unverified
D90-5-04070	نەسىلداشلىق	headword	373_1R.png	unverified
D90-5-04072	نەسىلسىز	headword	373_1R.png	unverified
D90-5-04073	نەسىللەندۈرمەك	headword	373_1R.png	unverified
D90-5-04074	نەسىللەندۈرۈشمەك	headword	373_1R.png	unverified
D90-5-04075	نەسىللەنمەك	headword	373_2L.png	unverified
D90-5-04076	نەسىللىك	headword	373_2L.png	unverified
D90-5-04079	نەسىللىنىش	headword	373_2L.png	unverified
D90-5-04080	نەسىھەت	headword	373_2L.png	unverified
D90-5-04109	نەسىھەتچى	headword	374_1R.png	unverified
D90-5-04110	نەسىھەتچىلىك	headword	374_1R.png	unverified
D90-5-04111	نەسىھەتگۇي	headword	374_1R.png	unverified
D90-5-04112	نەسىھەتگۇيلۇق	headword	374_1R.png	unverified
D90-5-04113	نەسىھەت تىلىك	headword	374_1R.png	unverified
D90-5-04114	نەسىھەتنامە	headword	374_1R.png	unverified
D90-5-04115	نەشە	headword	374_1R.png	unverified
D90-5-04116	نەشە رەڭ	headword	374_1R.png	unverified
D90-5-04117	نەشپۈت	headword	374_1R.png	unverified
D90-5-04118	نەشپۈتلۈك	headword	374_2L.png	unverified
D90-5-04119	نەشتەر	headword	374_2L.png	unverified
D90-5-04120	نەشر	headword	374_2L.png	unverified
D90-5-04124	نەشرىيات	headword	374_2L.png	unverified
D90-5-04125	نەشرىياتچىلىق	headword	375_1R.png	unverified
D90-5-04126	نەشىخور	headword	375_1R.png	verified
D90-5-04127	نەشىخورلۇق	headword	375_1R.png	unverified
D90-5-04128	نەشىكەش	headword	375_1R.png	verified
D90-5-04129	نەغەز	headword	375_1R.png	unverified
D90-5-04130	نەغەزگۈل	headword	375_1R.png	unverified
D90-5-04131	نەغمە	headword	375_1R.png	unverified
D90-5-04133	نەغمە-ناۋا	headword	375_1R.png	unverified
D90-5-04134	نەغمىچى	headword	375_1R.png	unverified
D90-5-04135	نەغمىچىلىك	headword	375_2L.png	unverified
D90-5-04136	نەغمىكەش	headword	375_2L.png	unverified
D90-5-04137	نەغمىلىك	headword	375_2L.png	unverified
D90-5-04138	نەق	headword	375_2L.png	unverified
D90-5-04143	نەق جىنايەتچى	headword	376_1R.png	unverified
D90-5-04144	نەق گەپ	headword	376_1R.png	unverified
D90-5-04145	نەق مال	headword	376_1R.png	unverified
D90-5-04146	نەق مەيدان	headword	376_1R.png	unverified
D90-5-04147	نەق مەيدان خەرىتىسى	headword	376_1R.png	unverified
D90-5-04148	نەق مەيدان مەشغۇلاتى	headword	376_1R.png	unverified
D90-5-04149	نەق مەيداننى قوغداش	headword	376_1R.png	unverified
D90-5-04150	نەق مەيدان ئوقۇتۇشى	headword	376_2L.png	unverified
D90-5-04151	نەق مەيدان يىغىنى	headword	376_2L.png	unverified
D90-5-04152	نەقچوت	headword	376_2L.png	unverified
D90-5-04153	نەقدانە	headword	376_2L.png	verified
D90-5-04154	نەقرات	headword	376_2L.png	unverified
D90-5-04155	نەققاش	headword	376_2L.png	unverified
D90-5-04156	نەققاشچىلىق	headword	376_2L.png	unverified
D90-5-04157	نەققاشلىق	headword	376_2L.png	unverified
D90-5-04158	نەقلەشتۈرمەك	headword	376_2L.png	unverified
D90-5-04159	نەقلەشمەك	headword	377_1R.png	unverified
D90-5-04160	نەقلىيات	headword	377_1R.png	unverified
D90-5-04161	نەقمۇنەق	headword	377_1R.png	unverified
D90-5-04162	نەقىش	headword	377_1R.png	unverified
D90-5-04163	نەقىش بويىقى	headword	377_1R.png	unverified
D90-5-04164	نەقىشچى	headword	377_1R.png	unverified
D90-5-04165	نەقىشدار	headword	377_1R.png	unverified
D90-5-04166	نەقىشلەتمەك	headword	377_2L.png	unverified
D90-5-04167	نەقىشلەنمەك	headword	377_2L.png	unverified
D90-5-04168	نەقىشلىك	headword	377_2L.png	unverified
D90-5-04169	نەقىشلىمەك	headword	377_2L.png	unverified
D90-5-04170	نەقىل	headword	377_2L.png	unverified
D90-5-04171	نەقىل قىلماق	headword	378_1R.png	unverified
D90-5-04172	نەقىل كەلتۈرمەك	headword	378_1R.png	unverified
D90-5-04173	نەگە	headword	378_1R.png	unverified
D90-5-04175	نەلىك	headword	378_1R.png	unverified
D90-5-04176	نەلىن	headword	378_1R.png	unverified
D90-5-04177	نەم	headword	378_2L.png	unverified
D90-5-04181	نەم تېپەك	headword	379_1R.png	unverified
D90-5-04182	نەم سۈركىلىش	headword	379_1R.png	unverified
D90-5-04183	نەم شار تېمپېراتۇرىسى	headword	379_1R.png	unverified
D90-5-04184	نەمخۇش	headword	379_1R.png	unverified
D90-5-04185	نەمدەپ	headword	379_1R.png	unverified
D90-5-04186	نەمدەپ سۇغىرىش	headword	379_1R.png	unverified
D90-5-04187	نەمدەتمەك	headword	379_1R.png	unverified
D90-5-04188	نەمدەلمەك	headword	379_1R.png	unverified
D90-5-04189	نەمدىمەك	headword	379_1R.png	unverified
D90-5-04190	نەمسىز	headword	379_1R.png	unverified
D90-5-04191	نەملەشتۈرمەك	headword	379_2L.png	unverified
D90-5-04192	نەملەشمەك	headword	379_2L.png	unverified
D90-5-04193	نەملەنمەك	headword	379_2L.png	unverified
D90-5-04194	نەملىشەڭگۈ	headword	379_2L.png	unverified
D90-5-04195	نەملىك	headword	379_2L.png	unverified
D90-5-04196	نەملىكتىن پارچىلىنىش	headword	380_1R.png	unverified
D90-5-04197	نەملىك دەرىجىسى	headword	380_1R.png	unverified
D90-5-04198	نەملىك ساقلاش	headword	380_1R.png	unverified
D90-5-04199	نەملىك مىقدارى	headword	380_1R.png	unverified
D90-5-04200	نەملىمەك	headword	380_1R.png	unverified
D90-5-04201	نە مونە	headword	380_1R.png	unverified
D90-5-04202	نەمۇنىلىك	headword	380_2L.png	unverified
D90-5-04203	نەنجىڭ	headword	381_1R.png	unverified
D90-5-04204	نەنجىڭ چاڭجياڭ قىرغىنچىلىقى	headword	381_1R.png	unverified
D90-5-04205	نەنجىڭ شەرتنامىسى	headword	381_1R.png	unverified
D90-5-04206	نە نجىڭ ۋاقىتلىق ھۆكۈمىتى	headword	381_2L.png	unverified
D90-5-04208	نەنمۇ دەرىخى	headword	381_2L.png	unverified
D90-5-04209	نە ھوي	headword	381_2L.png	unverified
D90-5-04210	نەئۇزۇبىللا	headword	382_1R.png	unverified
D90-5-04211	نەۋئى	headword	382_1R.png	unverified
D90-5-04212	نەۋباھار	headword	382_1R.png	unverified
D90-5-04213	نەۋجۇۋان	headword	382_1R.png	unverified
D90-5-04214	نەۋرە	headword	382_1R.png	unverified
D90-5-04218	نەۋرە-چەۋرە	headword	382_2L.png	unverified
D90-5-04219	نەۋرىلىك	headword	382_2L.png	unverified
D90-5-04220	نەۋقىران	headword	382_2L.png	verified
D90-5-04221	نەۋكەر	nonstandard	382_2L.png	unverified
D90-5-04433	نۆكەر	headword	400_2L.png	unverified
D90-5-04222	نەي	headword	382_2L.png	unverified
D90-5-04223	نەي سەندەل	headword	383_1R.png	unverified
D90-5-04224	نەيچە	headword	383_1R.png	unverified
D90-5-04225	نەيچى	headword	383_1R.png	unverified
D90-5-04226	نەيچىسىمان	headword	383_1R.png	unverified
D90-5-04228	نەيرەڭ	headword	383_1R.png	unverified
D90-5-04229	نەيرەڭچى	headword	383_1R.png	unverified
D90-5-04230	نەيرەڭۋاز	headword	383_1R.png	unverified
D90-5-04231	نەيرەڭۋازلىق	headword	383_1R.png	unverified
D90-5-04233	نەيزە	headword	383_2L.png	unverified
D90-5-04236	نەيزىچى	headword	383_2L.png	unverified
D90-5-04237	نەيزىلەشمەك	headword	383_2L.png	unverified
D90-5-04238	نەيزىلەنمەك	headword	384_1R.png	unverified
D90-5-04239	نەيزىلىك	headword	384_1R.png	unverified
D90-5-04240	نەيزىلەمەك	headword	384_1R.png	unverified
D90-5-04241	نەيزىۋاز	headword	384_1R.png	unverified
D90-5-04242	نەيزىۋازلىق	headword	384_1R.png	unverified
D90-5-04243	نەيلىك	headword	384_1R.png	unverified
D90-5-04244	نگۇلترۇم	headword	384_1R.png	unverified
D90-5-04245	نوبېل	headword	384_1R.png	unverified
D90-5-04246	نوبېلىي	headword	384_2L.png	unverified
D90-5-04247	لوپ	headword	384_2L.png	unverified
D90-5-04248	نوپۇز	headword	384_2L.png	unverified
D90-5-04249	نوپۇزلۇق	headword	384_2L.png	unverified
D90-5-04250	نوپۇس	headword	384_2L.png	unverified
D90-5-04251	نوپۇس دەپتىرى	headword	385_1R.png	unverified
D90-5-04252	نوپۇس ساقچىسى	headword	385_1R.png	unverified
D90-5-04253	نوپۇس نەزەرىيىسى	headword	385_1R.png	unverified
D90-5-04254	نوپۇسنىڭ تەبىئىي كۆپىيىش نىسبىتى	headword	385_1R.png	unverified
D90-5-04255	نوپۇسشۇناس	headword	385_1R.png	unverified
D90-5-04256	نوپۇسشۇناسلىق	headword	385_1R.png	unverified
D90-5-04257	نوپۇق	headword	385_1R.png	unverified
D90-5-04258	نوتا	headword	385_1R.png	unverified
D90-5-04260	نوتا سۈرمەك	headword	385_2L.png	unverified
D90-5-04262	نوتا تاپشۇرماق	headword	385_2L.png	unverified
D90-5-04265	نوتىلىق	headword	386_1R.png	unverified
D90-5-04267	نوچى	headword	386_1R.png	unverified
D90-5-04268	نوچىلاشماق	headword	386_1R.png	unverified
D90-5-04269	نوچىلىق	headword	386_1R.png	unverified
D90-5-04270	نوختا	headword	386_1R.png	unverified
D90-5-04272	نوختىسىز	headword	386_2L.png	unverified
D90-5-04273	نوختىلاتماق	headword	386_2L.png	unverified
D90-5-04274	نوختىلانماق	headword	386_2L.png	unverified
D90-5-04275	نوختىلىق	headword	386_2L.png	unverified
D90-5-04276	نوختىلىماق	headword	386_2L.png	unverified
D90-5-04277	نوختىۋاغ	headword	386_2L.png	unverified
D90-5-04278	نوخا	headword	386_2L.png	unverified
D90-5-04280	نور	headword	387_1R.png	unverified
D90-5-04282	نورلۇق	headword	387_1R.png	unverified
D90-5-04283	نورما	headword	387_1R.png	unverified
D90-5-04284	نورما پەرقى	headword	387_2L.png	unverified
D90-5-04285	نورما جەدۋىلى	headword	387_2L.png	unverified
D90-5-04286	نورما قىممەت	headword	387_2L.png	unverified
D90-5-04287	نورما ئىش ھەققى	headword	387_2L.png	unverified
D90-5-04288	نورمىدىن ئارتۇق پايدا	headword	387_2L.png	unverified
D90-5-04289	نورمىدىن ئارتۇق قوشۇمچە قىممەت	headword	387_2L.png	unverified
D90-5-04290	نورمىدىن ئاشقان كۆچمە مەبلەغ	headword	388_1R.png	unverified
D90-5-04291	نورمال	headword	388_1R.png	unverified
D90-5-04296	نورمال كوئوردىنات	headword	388_2L.png	unverified
D90-5-04297	نورمال كۆز	headword	388_2L.png	unverified
D90-5-04298	نورمال يۆنىلىشلىك تېزلىنىش	headword	388_2L.png	unverified
D90-5-04299	نورمال يۆنىلىشلىك كۈچ	headword	388_2L.png	unverified
D90-5-04300	نورمالسىز	headword	388_2L.png	unverified
D90-5-04301	نورمالسىز ھالەت پسىخولوگىيىسى	headword	389_1R.png	unverified
D90-5-04302	نورمالسىزلاشماق	headword	389_1R.png	unverified
D90-5-04303	نورمالسىزلانماق	headword	389_1R.png	unverified
D90-5-04304	نورمالسىزلىق	headword	389_1R.png	unverified
D90-5-04305	نورماللاشتۇرماق	headword	389_1R.png	unverified
D90-5-04306	نورماللاشتۇرۇشماق	headword	389_1R.png	unverified
D90-5-04307	نورماللاشماق	headword	389_1R.png	unverified
D90-5-04308	نورماللىق	headword	389_1R.png	unverified
D90-5-04309	نورمىسىز	headword	389_1R.png	unverified
D90-5-04310	نورمىلىق	headword	389_2L.png	unverified
D90-5-04315	نورۇز	headword	389_2L.png	unverified
D90-5-04316	نورۇزگۈل	headword	390_1R.png	unverified
D90-5-04317	نورۇزلۇق	headword	390_1R.png	unverified
D90-5-04318	نوسىلكا	headword	390_1R.png	unverified
D90-5-04319	نوغاي	headword	390_1R.png	unverified
D90-5-04320	نوغايلار	headword	390_1R.png	unverified
D90-5-04321	نوغلا	headword	390_1R.png	unverified
D90-5-04322	نوغۇچ	headword	390_1R.png	unverified
D90-5-04323	نوغۇچ ئاياغ	headword	390_2L.png	unverified
D90-5-04324	نوغۇچ-تاختا	headword	390_2L.png	unverified
D90-5-04325	نوقانچى	headword	390_2L.png	unverified
D90-5-04326	نوقاتچىلىق	headword	390_2L.png	unverified
D90-5-04327	نوقۇت	headword	390_2L.png	unverified
D90-5-04328	نوقۇت تۇمشۇق غاز	headword	390_2L.png	unverified
D90-5-04329	نوقۇت رەڭ	headword	390_2L.png	unverified
D90-5-04330	نوقۇت كىگىز	headword	391_1R.png	unverified
D90-5-04331	نوقۇشتۇرماق	headword	391_1R.png	unverified
D90-5-04332	نوقۇشلىماق	headword	391_1R.png	unverified
D90-5-04333	نوقۇشماق	headword	391_1R.png	unverified
D90-5-04334	نوقۇل	headword	391_1R.png	unverified
D90-5-04335	نوقۇل تەجرىبە	headword	391_1R.png	unverified
D90-5-04336	نوقۇماق	headword	391_1R.png	unverified
D90-5-04337	نوكەش	headword	391_2L.png	unverified
D90-5-04341	نوگاي	headword	391_2L.png	unverified
D90-5-04342	نوگايلىماق	headword	391_2L.png	unverified
D90-5-04343	نوم	headword	391_2L.png	unverified
D90-5-04344	نومايەن	headword	391_2L.png	unverified
D90-5-04345	نوموگرافىيە	headword	391_2L.png	unverified
D90-5-04346	نوموگرامما	headword	392_1R.png	unverified
D90-5-04347	نومۇر	headword	392_1R.png	unverified
D90-5-04348	نومۇر تۈزۈمى	headword	392_2L.png	unverified
D90-5-04349	نومۇر سېلىش ماشىنىسى	headword	392_2L.png	unverified
D90-5-04350	نومۇر قويماق	headword	392_2L.png	unverified
D90-5-04351	نومۇرسىز	headword	393_1R.png	unverified
D90-5-04352	نومۇرسىزلىق	headword	393_1R.png	unverified
D90-5-04353	نومۇرلۇق	headword	393_1R.png	unverified
D90-5-04359	نومۇسچان	headword	393_2L.png	unverified
D90-5-04360	نومۇسچانلىق	headword	393_2L.png	unverified
D90-5-04361	نومۇسسىز	headword	393_2L.png	unverified
D90-5-04362	نومۇسسىزلارچە	headword	393_2L.png	unverified
D90-5-04363	نومۇسسىزلىق	headword	393_2L.png	unverified
D90-5-04364	نومۇسلۇق	headword	394_1R.png	unverified
D90-5-04365	نومىنال	headword	394_1R.png	unverified
D90-5-04367	نوۋېللا	headword	394_1R.png	unverified
D90-5-04368	نويابىر	headword	394_1R.png	unverified
D90-5-04369	نۇتۇق	headword	394_1R.png	unverified
D90-5-04370	نۇجۇم	headword	394_1R.png	unverified
D90-5-04371	نۇجىغاي	headword	394_1R.png	unverified
D90-5-04371-v1	غازتاپان	variant	394_1R.png	unverified
D90-5-04372	نۇر	headword	394_1R.png	unverified
D90-5-04373	نۇر بىلەن داۋالاش	headword	394_2L.png	unverified
D90-5-04374	نۇر رادىئاتسىيىسى	headword	394_2L.png	unverified
D90-5-04375	نۇر سېزىش	headword	394_2L.png	unverified
D90-5-04376	نۇر سېزىمچانلىق	headword	395_1R.png	unverified
D90-5-04377	نۇر سېزىمچانلىقىنى ئۆلچەش	headword	395_1R.png	unverified
D90-5-04378	نۇر گەردىشى	headword	395_1R.png	unverified
D90-5-04379	نۇر لايىھىلەش	headword	395_1R.png	unverified
D90-5-04380	نۇر لايىھىلىگۈچى	headword	395_1R.png	unverified
D90-5-04381	نۇرنىڭ سۇنۇشى	headword	395_1R.png	unverified
D90-5-04383	نۇر ئويناش	headword	395_1R.png	unverified
D90-5-04385	نۇرانە	headword	395_2L.png	unverified
D90-5-04386	نۇرسىز	headword	395_2L.png	unverified
D90-5-04387	نۇرسىزلاشماق	headword	395_2L.png	unverified
D90-5-04388	نۇرسىزلانماق	headword	395_2L.png	unverified
D90-5-04389	نۇرسىزلىق	headword	395_2L.png	unverified
D90-5-04390	نۇرغۇن	headword	395_2L.png	unverified
D90-5-04392	نۇرغۇنلۇق	headword	396_1R.png	unverified
D90-5-04393	نۇرغۇنلىغان	headword	396_1R.png	unverified
D90-5-04394	نۇرغۇنلىماق	headword	396_1R.png	unverified
D90-5-04395	نۇرغۇن-نۇرغۇن	headword	396_1R.png	unverified
D90-5-04396	نۇرلانە	headword	396_1R.png	unverified
D90-5-04397	نۇرلاندۇرماق	headword	396_1R.png	unverified
D90-5-04398	نۇرلانماق	headword	396_1R.png	unverified
D90-5-04399	نۇرلۇق	headword	396_2L.png	unverified
D90-5-04400	نۇرلىنىش	headword	396_2L.png	unverified
D90-5-04402	نۇرىت	headword	396_2L.png	unverified
D90-5-04403	نۇرىستان	headword	396_2L.png	unverified
D90-5-04404	نۇزۇ	headword	396_2L.png	verified
D90-5-04406	نۇزۇچە	headword	396_2L.png	unverified
D90-5-04407	نۇزۇلار	headword	397_1R.png	verified
D90-5-04408	نۇسخا	headword	397_1R.png	unverified
D90-5-04409	نۇسخا بەرمەك	headword	397_2L.png	unverified
D90-5-04410	نۇسخىئالغۇ	headword	398_1R.png	unverified
D90-5-04411	نۇسخىلانماق	headword	398_1R.png	unverified
D90-5-04412	نۇسخىلىق	headword	398_1R.png	unverified
D90-5-04413	نۇسخىلىنىش	headword	398_1R.png	unverified
D90-5-04414	نۇسرەت	headword	398_1R.png	unverified
D90-5-04415	نۇسرەتلىك	headword	398_2L.png	unverified
D90-5-04416	نۇقتا	headword	398_2L.png	unverified
D90-5-04417	نۇقتا بەلگىلەش ئۇسۇلى	headword	399_2L.png	unverified
D90-5-04418	نۇقتا زەرەت	headword	399_2L.png	unverified
D90-5-04419	نۇقتا قىلماق	headword	399_2L.png	unverified
D90-5-04420	نۇقتىدا كەپشەرلەش	headword	399_2L.png	unverified
D90-5-04421	نۇقتىلىق	headword	400_1R.png	unverified
D90-5-04422	نۇقتىۋى	headword	400_1R.png	unverified
D90-5-04424	نۇقتىئىنەزەر	headword	400_1R.png	unverified
D90-5-04425	نۇقسان	headword	400_1R.png	unverified
D90-5-04426	نۇقسانسىز	headword	400_1R.png	unverified
D90-5-04427	نۇقسانلىق	headword	400_1R.png	unverified
D90-5-04428	نۇكلون	headword	400_2L.png	unverified
D90-5-04430	نۆتۇرىمەك	headword	400_2L.png	unverified
D90-5-04431	نۆشۈدۈر	headword	400_2L.png	unverified
D90-5-04434	نۆكچە	headword	400_2L.png	unverified
D90-5-04436	نۆكچە پولات	headword	401_1R.png	unverified
D90-5-04437	نۆل	headword	401_1R.png	unverified
D90-5-04442	نۆل كۆپ ئەزالىق	headword	401_2L.png	unverified
D90-5-04443	نۆل كۆرسەتكۈچ	headword	401_2L.png	unverified
D90-5-04444	نۆل كۆرسەتكۈچلۈك دەرىجە	headword	401_2L.png	unverified
D90-5-04445	نۆلگە باراۋەر	headword	401_2L.png	unverified
D90-5-04446	نۆلگە تەڭ	headword	401_2L.png	unverified
D90-5-04447	نۆل ۋېكتور	headword	401_2L.png	unverified
D90-5-04448	نۆلىنچى	headword	402_1R.png	unverified
D90-5-04449	نۆلىنچى گۇرۇپپا	headword	402_1R.png	unverified
D90-5-04450	نۆللۈك	headword	402_1R.png	unverified
D90-5-04451	نۆۋەت	headword	402_1R.png	unverified
D90-5-04453	نۆۋەتتە	headword	402_2L.png	unverified
D90-5-04454	نۆۋەتتىكى	headword	402_2L.png	unverified
D90-5-04455	نۆۋەتچى	headword	402_2L.png	unverified
D90-5-04459	نۆۋەتچىلىك	headword	402_2L.png	unverified
D90-5-04460	نۆۋەتسىز	headword	402_2L.png	unverified
D90-5-04461	نۆۋەتلەشتۈرمەك	headword	403_1R.png	unverified
D90-5-04462	نۆۋەتلەشتۈرۈپ	headword	403_1R.png	unverified
D90-5-04463	نۆۋەتلەشمە	headword	403_1R.png	unverified
D90-5-04465	نۆۋەتلەشمەك	headword	403_1R.png	unverified
D90-5-04466	نۆۋەتلىشىپ	headword	403_1R.png	unverified
D90-5-04468	نۆۋەتلىشىپ سۇغىرىش	headword	403_2L.png	unverified
D90-5-04469	نۆۋەتلىشىپ ئۆسكەن يوپۇرماق رېتى	headword	403_2L.png	unverified
D90-5-04470	نۆۋەتلىشىپ ئۆسۈش	headword	403_2L.png	unverified
D90-5-04471	نۆۋەتلىشىش	headword	403_2L.png	unverified
D90-5-04472	نۆۋەتلىك	headword	403_2L.png	unverified
D90-5-04473	نۆۋەر	headword	403_2L.png	unverified
D90-5-04474	نې	headword	404_1R.png	unverified
D90-5-04475	نېپتۇن	headword	404_1R.png	unverified
D90-5-04476	نېپتۇنىي	headword	404_1R.png	unverified
D90-5-04477	نېپىر	headword	404_1R.png	unverified
D90-5-04478	نېپىز	headword	404_1R.png	unverified
D90-5-04480	نېپىز لىنزا	headword	404_2L.png	unverified
D90-5-04481	نېپىزلەتمەك	headword	404_2L.png	unverified
D90-5-04482	نېپىزلەشتۈرمەك	headword	404_2L.png	unverified
D90-5-04483	نېپىزلەشمەك	headword	404_2L.png	unverified
D90-5-04484	نېپىزلەنمەك	headword	404_2L.png	unverified
D90-5-04485	نېپىزلىمەك	headword	404_2L.png	unverified
D90-5-04486	نېتەي	headword	404_2L.png	unverified
D90-5-04487	نېچۈك	headword	404_2L.png	unverified
D90-5-04488	نېچۈن	headword	405_1R.png	unverified
D90-5-04489	نېرۋا	headword	405_1R.png	unverified
D90-5-04492	نېرۋا بولماق	headword	405_2L.png	unverified
D90-5-04493	نېرۋا تالالىرى	headword	405_2L.png	unverified
D90-5-04494	نېرۋا تەلىماتى	headword	405_2L.png	unverified
D90-5-04495	نېرۋا زىيادە سېزىمچانلىشىش	headword	405_2L.png	unverified
D90-5-04496	نېرۋا قىلماق	headword	405_2L.png	unverified
D90-5-04497	نېرۋا كانىلى	headword	405_2L.png	unverified
D90-5-04498	نېرۋا كېسلى	headword	405_2L.png	unverified
D90-5-04499	نېرۋا گورمونى	headword	406_1R.png	unverified
D90-5-04500	نېرۋا مەركىزى	headword	406_1R.png	unverified
D90-5-04501	نېرۋا ياللۇغى	headword	406_1R.png	unverified
D90-5-04502	نېرۋىسى بۇزۇلماق	headword	406_1R.png	unverified
D90-5-04503	نېرۋىسى جايىدا	headword	406_1R.png	unverified
D90-5-04504	نېرۋانا	headword	406_1R.png	unverified
D90-5-04505	نېرۋىلىق	headword	406_2L.png	unverified
D90-5-04508	نېرى	headword	406_2L.png	unverified
D90-5-04511	نېرى-بېرى	headword	406_2L.png	unverified
D90-5-04512	نېرى-بېرى بولماق	headword	407_1R.png	unverified
D90-5-04513	نېرى-بېرى دېيىشىپ قالماق	headword	407_1R.png	unverified
D90-5-04514	نېرى-بېرىسىغا قارىماي	headword	407_1R.png	unverified
D90-5-04515	نېرى-بېرىسىنى سورىماق	headword	407_2L.png	unverified
D90-5-04516	نېرى-بېرى قىلماق	headword	407_2L.png	unverified
D90-5-04517	نېرى-بېرى گەپ	headword	407_2L.png	unverified
D90-5-04518	نېرىقى	headword	407_2L.png	unverified
D90-5-04519	نېرىقى دۇنياغا سەپەر قىلماق	headword	407_2L.png	unverified
D90-5-04522	نېرىنچى	headword	407_2L.png	unverified
D90-5-04523	نېزىقىغاق	headword	407_2L.png	unverified
D90-5-04524	نېزىقىماق	headword	407_2L.png	unverified
D90-5-04525	نېسى	headword	408_1R.png	unverified
D90-5-04526	نېسىپ	headword	408_1R.png	unverified
D90-5-04527	نېسىپ بولماق	headword	408_1R.png	unverified
D90-5-04528	نېسىپ قىلماق	headword	408_1R.png	unverified
D90-5-04529	نېشىۋە	headword	408_1R.png	unverified
D90-5-04530	نېفېلىن	headword	408_2L.png	unverified
D90-5-04531	نېفىت	headword	408_2L.png	unverified
D90-5-04532	نېفىت پەيدا بولۇش تەلىماتى	headword	408_2L.png	unverified
D90-5-04533	نېفىت تەركىبلەر	headword	409_1R.png	unverified
D90-5-04534	نېفىت ساقلىغۇچى قۇرۇلما	headword	409_1R.png	unverified
D90-5-04535	نېفىت قاتلىمى	headword	409_1R.png	unverified
D90-5-04536	نېفىت قاتلىمى سۈيى	headword	409_1R.png	unverified
D90-5-04537	نېفىت قۇدۇقى	headword	409_1R.png	unverified
D90-5-04538	نېفىت كان گېئولوگىيىسى	headword	409_1R.png	unverified
D90-5-04539	نېفىت كۈلى	headword	409_2L.png	unverified
D90-5-04540	نېفىت گازى	headword	409_2L.png	unverified
D90-5-04541	نېفىت گېئولوگىيىسى	headword	409_2L.png	unverified
D90-5-04542	نېفىتلىك	headword	409_2L.png	unverified
D90-5-04545	نېفىتلىك گازى	headword	410_1R.png	unverified
D90-5-04546	نېكروز	headword	410_1R.png	unverified
D90-5-04547	نېكروزلانماق	headword	410_1R.png	unverified
D90-5-04548	نېگاتىپ	headword	410_1R.png	unverified
D90-5-04549	نېگىر	headword	410_1R.png	unverified
D90-5-04551	نېگىرلار	headword	410_2L.png	unverified
D90-5-04550	نېگىر-ئاۋسترالىيە ئىرقى	headword	410_1R.png	unverified
D90-5-04552	نېگىز	headword	410_2L.png	unverified
D90-5-04553	نېگىزلىك	headword	410_2L.png	unverified
D90-5-04554	نېلۇپەر	headword	410_2L.png	unverified
D90-5-04556	نېمانچە	headword	410_2L.png	unverified
D90-5-04557	نېمانداق	headword	411_1R.png	unverified
D90-5-04558	نېمە	headword	411_1R.png	unverified
D90-5-04559	نېمە بولدى	headword	411_2L.png	unverified
D90-5-04560	نېمە دەيسەن	headword	411_2L.png	unverified
D90-5-04561	نېمە دېگۈلۈك	headword	411_2L.png	unverified
D90-5-04562	نېمە قىلاي	headword	411_2L.png	unverified
D90-5-04563	نېمە قىلىپ	headword	411_2L.png	unverified
D90-5-04564	نېمە كارىم	headword	411_2L.png	unverified
D90-5-04565	نېمە گەپ	headword	411_2L.png	unverified
D90-5-04566	نېمە ئۈچۈن	headword	411_2L.png	unverified
D90-5-04567	نېمە ئۈچۈندۇر	headword	411_2L.png	unverified
D90-5-04568	نېمە ئۈچۈنكى	headword	411_2L.png	unverified
D90-5-04569	نېمىسىنى ئېيتىسەن	headword	412_1R.png	unverified
D90-5-04569-v1	نېمىسىنى دەيسەن	variant	412_1R.png	unverified
D90-5-04570	نېمەت	headword	412_1R.png	unverified
D90-5-04571	نېمەتلىك	headword	412_1R.png	unverified
D90-5-04572	نېمىدەپ	headword	412_1R.png	unverified
D90-5-04573	نېمىدۇر	headword	412_1R.png	unverified
D90-5-04574	نېمىدېگەن	headword	412_1R.png	unverified
D90-5-04575	نېمىس	headword	412_2L.png	unverified
D90-5-04576	نېمىس تىلى	headword	412_2L.png	unverified
D90-5-04577	نېمىس كلاسىك پەلسەپىسى	headword	412_2L.png	unverified
D90-5-04578	نېمىس ئىدېئولوگىيىسى	headword	412_2L.png	unverified
D90-5-04579	نېمىسچە	headword	413_1R.png	unverified
D90-5-04580	نېمىسلار	headword	413_1R.png	unverified
D90-5-04581	نېمىشقا	headword	413_1R.png	unverified
D90-5-04582	نېمىشقا دېسەڭ	headword	413_1R.png	unverified
D90-5-04583	نېمىشقىدۇر	headword	413_1R.png	verified
D90-5-04584	نېمىكى	headword	413_1R.png	unverified
D90-5-04585	نېمىگىدۇر	headword	413_2L.png	unverified
D90-5-04586	نېمىنىدۇر	headword	413_2L.png	unverified
D90-5-04587	نېئودىمىي	headword	413_2L.png	unverified
D90-5-04588	نېئورگانىك	headword	413_2L.png	unverified
D90-5-04592	نېئون	headword	414_1R.png	unverified
D90-5-04593	نېئونلۇق	headword	414_1R.png	unverified
D90-5-04595	نېۋرىن	headword	414_1R.png	unverified
D90-5-04596	نېيترال	headword	414_1R.png	unverified
D90-5-04599	نېيتراللاشتۇرماق	headword	414_2L.png	unverified
D90-5-04600	نېيتراللاشماق	headword	414_2L.png	unverified
D90-5-04601	نېيتراللانماق	headword	414_2L.png	unverified
D90-5-04602	نېيترون	headword	414_2L.png	unverified
D90-5-04604	نېيترون يۇلتۇز	headword	415_1R.png	unverified
D90-5-04605	نېيترونلاشماق	headword	415_1R.png	unverified
D90-5-04606	نېيترىنو	headword	415_1R.png	unverified
D90-5-04607	نى	headword	415_1R.png	unverified
D90-5-04608	نىپاق	headword	415_1R.png	unverified
D90-5-04609	نىترات	headword	415_2L.png	unverified
D90-5-04614	نىتراتلار	headword	415_2L.png	unverified
D90-5-04610	نىترات باكتېرىيىسى	headword	415_2L.png	unverified
D90-5-04611	نىترات تۇزلىرى	headword	415_2L.png	unverified
D90-5-04612	نىترات كىسلاتا	headword	415_2L.png	unverified
D90-5-04613	نىترات كىسلاتا تۇزلىرى	headword	415_2L.png	unverified
D90-5-04615	نىتراتلاش	headword	415_2L.png	unverified
D90-5-04616	نىتراتلاش رولى	headword	415_2L.png	unverified
D90-5-04617	نىتراتلىماق	headword	416_1R.png	unverified
D90-5-04618	نىترو	headword	416_1R.png	unverified
D90-5-04619	نىتروسېلليۇلوزا	headword	416_1R.png	unverified
D90-5-04620	نىتروگلىتسېرىن	headword	416_1R.png	unverified
D90-5-04621	نىتروگېن	headword	416_1R.png	unverified
D90-5-04621-v1	ئازوت	variant	416_1R.png	unverified
D90-5-04622	نىترولاشماق	headword	416_1R.png	unverified
D90-5-04623	نىترولىماق	headword	416_2L.png	unverified
D90-5-04624	نىجات	headword	416_2L.png	unverified
D90-5-04625	نىجاتچى	headword	416_2L.png	unverified
D90-5-04626	نىجاتكار	headword	416_2L.png	unverified
D90-5-04627	نىجاتلىق	headword	416_2L.png	unverified
D90-5-04628	نىجاتلىق تاپماق	headword	416_2L.png	unverified
D90-5-04629	نىجاسەت	headword	416_2L.png	unverified
D90-5-04630	نىجىس	headword	416_2L.png	unverified
D90-5-04631	نىجىم	headword	417_1R.png	unverified
D90-5-04632	نىخ	headword	417_1R.png	unverified
D90-5-04633	نىخلىق	headword	417_1R.png	unverified
D90-5-04634	نىدا	headword	417_1R.png	unverified
D90-5-04636	نىزا	headword	417_1R.png	unverified
D90-5-04637	نىزا تېرىماق	headword	417_2L.png	unverified
D90-5-04638	نىزا سالماق	headword	417_2L.png	unverified
D90-5-04639	نىزالاشتۇرماق	headword	417_2L.png	unverified
D90-5-04640	نىزالاشماق	headword	417_2L.png	unverified
D90-5-04641	نىزام	headword	417_2L.png	unverified
D90-5-04642	نىزامچى	headword	417_2L.png	unverified
D90-5-04643	نىزامچىلىق	headword	417_2L.png	unverified
D90-5-04644	نىزامسىز	headword	417_2L.png	unverified
D90-5-04645	نىزامسىزلىق	headword	418_1R.png	unverified
D90-5-04646	نىزاملىق	headword	418_1R.png	unverified
D90-5-04647	نىزامنامە	headword	418_1R.png	unverified
D90-5-04648	نىسبەت	headword	418_1R.png	unverified
D90-5-04652	نىسبەتەن	headword	418_1R.png	unverified
D90-5-04653	نىسبەتلەشتۈرمەك	headword	418_2L.png	unverified
D90-5-04654	نىسبەتلەشمەك	headword	418_2L.png	unverified
D90-5-04655	نىسبەتلىك	headword	418_2L.png	unverified
D90-5-04658	نىسبىي	headword	418_2L.png	unverified
D90-5-04660	نىسبىي تېزلىك	headword	419_1R.png	unverified
D90-5-04661	نىسبىي خاتالىق	headword	419_1R.png	unverified
D90-5-04662	نىسبىي خاتالىق چېكى	headword	419_1R.png	unverified
D90-5-04663	نىسبىي دەۋر	headword	419_1R.png	unverified
D90-5-04664	نىسبىي دېفورماتسىيە	headword	419_1R.png	unverified
D90-5-04665	نىسبىي سان	headword	419_1R.png	verified
D90-5-04666	نىسبىي سۈپەت	headword	419_2L.png	unverified
D90-5-04667	نىسبىي قوشۇمچە قىممەت	headword	419_2L.png	unverified
D90-5-04668	نىسبىي قىممەت شەكلى	headword	419_2L.png	unverified
D90-5-04669	نىسبىي نەملىك	headword	419_2L.png	unverified
D90-5-04670	نىسبىي ھەقىقەت	headword	419_2L.png	unverified
D90-5-04671	نىسبىي ئوشۇق ئاھالە	headword	420_1R.png	unverified
D90-5-04672	نىسبىيچىلىك	headword	420_1R.png	unverified
D90-5-04673	نىسبىيلىك	headword	420_1R.png	unverified
D90-5-04674	نىسبىيلىك پرىنسىپى	headword	420_1R.png	unverified
D90-5-04675	نىسبىيلىك مېخانىكىسى	headword	420_1R.png	unverified
D90-5-04676	نىسبىيلىك نەزەرىيىسى	headword	420_1R.png	unverified
D90-5-04677	نىسىپ	headword	420_2L.png	unverified
D90-5-04678	نىسپىي	headword	420_2L.png	unverified
D90-5-04679	نىشاپ	headword	420_2L.png	unverified
D90-5-04680	نىشالا	headword	420_2L.png	unverified
D90-5-04681	نىشالچى	headword	420_2L.png	unverified
D90-5-04682	نىشان	headword	420_2L.png	unverified
D90-5-04683	نىشان ئەزا	headword	421_1R.png	unverified
D90-5-04684	نىشان قىلماق	headword	421_1R.png	unverified
D90-5-04694	نىشانلىماق	headword	421_2L.png	unverified
D90-5-04685	نىشانغا ئالماق	headword	421_1R.png	unverified
D90-5-04686	نىشان ھۈجەيرە	headword	421_1R.png	unverified
D90-5-04687	نىشانە	headword	421_1R.png	unverified
D90-5-04688	نىشانداش	headword	421_2L.png	unverified
D90-5-04689	نىشانسىز	headword	421_2L.png	unverified
D90-5-04690	نىشانلانماق	headword	421_2L.png	unverified
D90-5-04691	نىشانلىق	headword	421_2L.png	unverified
D90-5-04695	نىقاب	headword	422_1R.png	unverified
D90-5-04696	نىقابسىز	headword	422_1R.png	unverified
D90-5-04697	نىقابلاتماق	headword	422_1R.png	unverified
D90-5-04698	نىقابلاشماق	headword	422_1R.png	unverified
D90-5-04699	نىقابلانماق	headword	422_1R.png	unverified
D90-5-04700	نىقابلىق	headword	422_1R.png	unverified
D90-5-04702	نىقابلىق تىياتىر	headword	422_2L.png	unverified
D90-5-04703	نىقابلىق كومېدىيە	headword	422_2L.png	unverified
D90-5-04704	نىقابلىق ئۇسسۇل	headword	422_2L.png	unverified
D90-5-04705	نىقابلىماق	headword	422_2L.png	unverified
D90-5-04706	نىقتالماق	headword	423_1R.png	unverified
D90-5-04707	نىقتىماق	headword	423_1R.png	unverified
D90-5-04708	نىقسىماق	headword	423_1R.png	unverified
D90-5-04709	نىكاھ	headword	423_1R.png	unverified
D90-5-04714	نىكاھ غايىب	headword	423_2L.png	unverified
D90-5-04715	نىكاھ قانۇنى	headword	423_2L.png	unverified
D90-5-04716	نىكاھ قىلماق	headword	423_2L.png	unverified
D90-5-04717	نىكاھ ئوقۇماق	headword	423_2L.png	unverified
D90-5-04718	نىكاھىغا ئالماق	headword	423_2L.png	unverified
D90-5-04719	نىكاھىغا چۈشمەك	headword	423_2L.png	unverified
D90-5-04720	نىكاھسىز	headword	423_2L.png	unverified
D90-5-04722	نىكاھلاتماق	headword	424_1R.png	unverified
D90-5-04723	نىكاھلاشماق	headword	424_1R.png	unverified
D90-5-04724	نىكاھلاندۇرماق	headword	424_1R.png	unverified
D90-5-04725	نىكاھلانماق	headword	424_1R.png	unverified
D90-5-04726	نىكاھلىق	headword	424_1R.png	unverified
D90-5-04727	نىكاھلىق بولماق	headword	424_1R.png	unverified
D90-5-04728	نىكاھلىق تۇغۇلغان بالا	headword	424_1R.png	unverified
D90-5-04729	نىكاھلىماق	headword	424_1R.png	unverified
D90-5-04730	نىكوتىن	headword	424_1R.png	unverified
D90-5-04731	نىكول	headword	424_2L.png	unverified
D90-5-04733	نىكېل	headword	424_2L.png	unverified
D90-5-04734	نىكېللاتماق	headword	424_2L.png	unverified
D90-5-04735	نىكېللانماق	headword	424_2L.png	unverified
D90-5-04736	نىكېللىماق	headword	424_2L.png	unverified
D90-5-04737	نىگار	headword	424_2L.png	unverified
D90-5-04738	نىل	headword	425_1R.png	unverified
D90-5-04739	نىل رەڭ	headword	425_1R.png	unverified
D90-5-04740	نىلقا	headword	425_1R.png	unverified
D90-5-04741	نىلون	headword	425_1R.png	unverified
D90-5-04742	نىم	headword	425_1R.png	unverified
D90-5-04743	نىم پاشنا	headword	425_1R.png	unverified
D90-5-04744	نىمام	headword	425_1R.png	unverified
D90-5-04745	نىمپەدە	headword	425_2L.png	unverified
D90-5-04746	نىمتە	headword	425_2L.png	unverified
D90-5-04747	نىمتىلەنمەك	headword	425_2L.png	verified
D90-5-04748	نىمتىلىمەك	headword	425_2L.png	unverified
D90-5-04749	نىمجان	headword	425_2L.png	unverified
D90-5-04750	نىمجانلىق	headword	425_2L.png	unverified
D90-5-04751	نىمچارەك	headword	425_2L.png	unverified
D90-5-04752	نىمچە	headword	425_2L.png	unverified
D90-5-04753	نىمچىلىك	headword	425_2L.png	unverified
D90-5-04754	نىمكار	headword	426_1R.png	unverified
D90-5-04755	نىمكەش	headword	426_1R.png	unverified
D90-5-04756	نىمئىششەك	headword	426_1R.png	unverified
D90-5-04757	نى-نى	headword	426_1R.png	unverified
D90-5-04758	نىھايەت	nonstandard	426_1R.png	unverified
D90-5-04759	نىئوبىت	headword	426_1R.png	unverified
D90-5-04760	نىئوبىي	headword	426_1R.png	unverified
D90-5-04761	نىۋېلىر	headword	426_2L.png	unverified
D90-5-04762	نىۋېلىرلىمەك	headword	426_2L.png	unverified
D90-5-04763	نىياز	headword	426_2L.png	unverified
D90-5-04766	نىيەت	headword	427_1R.png	unverified
D90-5-04767	نىيەت باغلىماق	headword	427_1R.png	unverified
D90-5-04768	نىيەت قىلماق	headword	427_1R.png	unverified
D90-5-04769	نىيىتى بۇزۇق	headword	427_1R.png	unverified
D90-5-04770	نىيىتى بۇزۇلماق	headword	427_1R.png	unverified
D90-5-04771	نىيىتى بىر	headword	427_1R.png	unverified
D90-5-04772	نىيىتىدىن يانماق	headword	427_1R.png	unverified
D90-5-04773	نىيىتى قارا	headword	427_1R.png	unverified
D90-5-04774	نىيىتى يامان	headword	427_1R.png	unverified
D90-5-04775	نيۇتون	headword	427_2L.png	unverified
D90-5-04780	نيۇتوننىڭ ئۈچىنچى ھەرىكەت قانۇنى	headword	428_1R.png	unverified
D90-5-04781	نيۇتوننىڭ ئىككىنچى ھەرىكەت قانۇنى	headword	428_1R.png	unverified
D90-5-04782	نىيوتوننىڭ يېپىشقاقلىق قانۇنى	headword	428_2L.png	unverified
D90-5-04783	نىيوتون ھالقىسى	headword	428_2L.png	unverified
D90-5-04784	نىيەتداش	headword	428_2L.png	unverified
D90-5-04785	نىيەتلەنمەك	headword	428_2L.png	unverified
D90-5-04786	نىيەتلىك	headword	428_2L.png	unverified
D90-5-04787	نىيەت-ئىقبال	headword	428_2L.png	unverified
D90-5-04788	ھ	headword	429_1R.png	unverified
D90-5-04789	ھا	headword	429_1R.png	unverified
D90-5-04790	ھاببا	headword	429_1R.png	unverified
D90-5-04791	ھاببا قىلماق	headword	429_1R.png	verified
D90-5-04792	ھاپ	headword	429_1R.png	unverified
D90-5-04793	ھاپ ئەتمەك	headword	429_2L.png	unverified
D90-5-04794	ھاپ تۆگىلەڭ	headword	429_2L.png	unverified
D90-5-04795	ھاپ قىلماق	headword	429_2L.png	unverified
D90-5-04796	ھاپ ئۇرماق	headword	429_2L.png	unverified
D90-5-04797	ھاپاش	headword	429_2L.png	unverified
D90-5-04798	ھاپاش ئەتمەك	headword	430_1R.png	unverified
D90-5-04803	ھاپاشلىماق	headword	430_1R.png	unverified
D90-5-04799	ھاپاش بولماق	headword	430_1R.png	verified
D90-5-04800	ھاپاش قىلماق	headword	430_1R.png	unverified
D90-5-04801	ھاپاش ياقا	headword	430_1R.png	unverified
D90-5-04802	ھاپاشلاتماق	headword	430_1R.png	unverified
D90-5-04804	ھاپپا	headword	430_2L.png	unverified
D90-5-04805	ھاپىتى-شاپىتى	headword	430_2L.png	unverified
D90-5-04806	ھاپىتىغا شاپىتى	headword	430_2L.png	unverified
D90-5-04807	ھاپىز	headword	430_2L.png	unverified
D90-5-04808	ھاپىزلىق	headword	430_2L.png	unverified
D90-5-04809	ھاپىلا-شاپىلا	headword	430_2L.png	unverified
D90-5-04810	ھاتەم	headword	430_2L.png	unverified
D90-5-04811	ھاتتار	headword	430_2L.png	unverified
D90-5-04812	ھاجەت	headword	430_2L.png	unverified
D90-5-04813	ھاجەت بولماق	headword	431_1R.png	unverified
D90-5-04814	ھاجەت قەغىزى	headword	431_1R.png	unverified
D90-5-04815	ھاجەت قىلماق	headword	431_2L.png	unverified
D90-5-04816	ھاجىتى چۈشمەك	headword	431_2L.png	unverified
D90-5-04817	ھاجىتىدىن چىقماق	headword	431_2L.png	unverified
D90-5-04818	ھاجىتى قىستاپ كەتمەك	headword	431_2L.png	unverified
D90-5-04819	ھاجىتى نېمە؟	headword	431_2L.png	unverified
D90-5-04820	ھاجىتىنى راۋا قىلماق	headword	431_2L.png	unverified
D90-5-04821	ھاجىتى يوق	headword	431_2L.png	unverified
D90-5-04822	ھاجەتخانا	headword	431_2L.png	unverified
D90-5-04823	ھاجەتسىز	headword	431_2L.png	unverified
D90-5-04824	ھاجەتمەن	headword	432_1R.png	unverified
D90-5-04825	ھاجەتمەنلىك	headword	432_1R.png	unverified
D90-5-04826	ھاجى	headword	432_1R.png	unverified
D90-5-04827	ھاجىپ	headword	432_1R.png	unverified
D90-5-04828	ھاجىلىق	headword	432_1R.png	unverified
D90-5-04829	ھادىرۇسكۇن	headword	432_2L.png	unverified
D90-5-04832	ھادىرۇسكۇنچىلىق	headword	432_2L.png	unverified
D90-5-04833	ھادىس	headword	432_2L.png	unverified
D90-5-04834	ھادىسە	headword	432_2L.png	unverified
D90-5-04835	ھادىسە بولماق	headword	433_1R.png	unverified
D90-5-04836	ھادىسىگە ئۇچرىماق	headword	433_1R.png	unverified
D90-5-04837	ھادىسىلەر مۇناسىۋىتى	headword	433_1R.png	unverified
D90-5-04838	ھادىسىشۇناسلىق	headword	433_2L.png	unverified
D90-5-04839	ھار	headword	433_2L.png	unverified
D90-5-04842	ھارارەت	headword	433_2L.png	verified
D90-5-04843	ھارارەتسىز	headword	434_1R.png	unverified
D90-5-04844	ھارارەتلىك	headword	434_1R.png	unverified
D90-5-04845	ھاراق	headword	434_1R.png	unverified
D90-5-04847	ھاراقخور	headword	434_2L.png	unverified
D90-5-04850	ھاراقكەش	headword	434_2L.png	unverified
D90-5-04848	ھاراقخورلۇق	headword	434_2L.png	unverified
D90-5-04851	ھاراقكەشلىك	headword	434_2L.png	unverified
D90-5-04849	ھاراق-شاراب	headword	434_2L.png	unverified
D90-5-04852	ھارام	headword	434_2L.png	unverified
D90-5-04853	ھارام بولماق	headword	435_1R.png	unverified
D90-5-04854	ھارام تاش	headword	435_2L.png	unverified
D90-5-04855	ھارامدىن بولغان	headword	435_2L.png	unverified
D90-5-04900	ھارىمى	headword	440_2L.png	unverified
D90-5-04856	ھارامدىن تاپماق	headword	435_2L.png	unverified
D90-5-04857	ھارام شاخ	headword	435_2L.png	unverified
D90-5-04858	ھارام قىلماق	headword	435_2L.png	unverified
D90-5-04859	ھارام كەتمەك	headword	436_1R.png	unverified
D90-5-04860	ھارام نىيەت	headword	436_1R.png	unverified
D90-5-04861	ھارام ئويى	headword	436_1R.png	unverified
D90-5-04862	ھارام ئۆلمەك	headword	436_1R.png	unverified
D90-5-04863	ھارامتاماق	headword	436_2L.png	unverified
D90-5-04864	ھارامتاماقلىق	headword	436_2L.png	unverified
D90-5-04865	ھارامخور	headword	437_1R.png	unverified
D90-5-04866	ھارامخورلۇق	headword	437_1R.png	unverified
D90-5-04867	ھارامزادە	headword	437_1R.png	unverified
D90-5-04868	ھارامزادىلەشمەك	headword	437_1R.png	unverified
D90-5-04869	ھارامزادىلىك	headword	437_1R.png	unverified
D90-5-04870	ھارامسۈيدۈك	headword	437_2L.png	unverified
D90-5-04871	ھاراملىق	headword	437_2L.png	unverified
D90-5-04872	ھارپا	headword	437_2L.png	unverified
D90-5-04873	ھاردۇرماق	headword	438_1R.png	unverified
D90-5-04874	ھاردۇرۇشماق	headword	438_1R.png	unverified
D90-5-04875	ھاردۇق	headword	438_1R.png	unverified
D90-5-04878	ھاردۇق چىقارماق	headword	438_2L.png	unverified
D90-5-04879	ھاردۇق سورىماق	headword	438_2L.png	unverified
D90-5-04880	ھاردۇق ئېشى	headword	438_2L.png	unverified
D90-5-04881	ھاردۇققا چىقماق	headword	438_2L.png	unverified
D90-5-04882	ھاردۇقى چىقماق	headword	438_2L.png	unverified
D90-5-04883	ھاردۇق يەتمەك	headword	439_1R.png	unverified
D90-5-04884	ھارغۇزماق	headword	439_1R.png	unverified
D90-5-04885	ھارغۇزۇشماق	headword	439_1R.png	unverified
D90-5-04886	ھارغىن	headword	439_1R.png	unverified
D90-5-04887	ھارغىنلىق	headword	439_2L.png	unverified
D90-5-04888	ھارغىنلىق يەتمەك	headword	439_2L.png	unverified
D90-5-04889	ھارماس	headword	439_2L.png	unverified
D90-5-04891	ھارماق	headword	439_2L.png	unverified
D90-5-04892	ھاروت	headword	440_1R.png	unverified
D90-5-04893	ھارۋا	headword	440_1R.png	unverified
D90-5-04895	ھارۋىكەش	headword	440_1R.png	unverified
D90-5-04896	ھارۋىكەش يۇلتۇز تۈركۈمى	headword	440_2L.png	unverified
D90-5-04897	ھارۋىكەشلىك	headword	440_2L.png	unverified
D90-5-04898	ھارۋىلىق	headword	440_2L.png	unverified
D90-5-04899	ھارۋىنى قۇرۇق ئېلىپ قاچماق	headword	440_2L.png	unverified
D90-5-04901	ھازا	headword	441_1R.png	unverified
D90-5-04904	ھازا سالماق	headword	441_1R.png	unverified
D90-5-04905	ھازا قىلماق	headword	441_1R.png	unverified
D90-5-04907	ھازازۇل	headword	441_2L.png	unverified
D90-5-04907-v1	ئازازۇل	variant	441_2L.png	unverified
D90-5-04908	ھازىچى	headword	441_2L.png	unverified
D90-5-04909	ھازىدار	headword	441_2L.png	unverified
D90-5-04911	ھازىدارلىق	headword	441_2L.png	unverified
D90-5-04912	ھازىر	headword	442_1R.png	unverified
D90-5-04913	ھازىر بولماق	headword	442_2L.png	unverified
D90-5-04914	ھازىر قىلماق	headword	442_2L.png	unverified
D90-5-04932	ھازىرلىماق	headword	444_1R.png	unverified
D90-5-04915	ھازىرەن	headword	442_2L.png	unverified
D90-5-04916	ھازىرەنلىك	headword	442_2L.png	unverified
D90-5-04917	ھازىرەنلىككە	headword	442_2L.png	unverified
D90-5-04918	ھازىرجاۋاب	headword	443_1R.png	unverified
D90-5-04919	ھازىرجاۋابلىق	headword	443_1R.png	unverified
D90-5-04920	ھازىرچە	headword	443_1R.png	unverified
D90-5-04921	ھازىرقى	headword	443_1R.png	unverified
D90-5-04922	ھازىرقى زامان	headword	443_1R.png	unverified
D90-5-04923	ھازىرقى زامان ئۇسسۇلى	headword	443_2L.png	unverified
D90-5-04924	ھازىرلاتماق	headword	443_2L.png	unverified
D90-5-04925	ھازىرلاشماق	headword	443_2L.png	unverified
D90-5-04926	ھازىرلانماق	headword	443_2L.png	unverified
D90-5-04927	ھازىرلىق	headword	443_2L.png	unverified
D90-5-04927-v1	تەييارلىق	variant	443_2L.png	unverified
D90-5-04928	ھازىرلىق قىلماق	headword	444_1R.png	unverified
D90-5-04929	ھازىرلىق كۆرمەك	headword	444_1R.png	unverified
D90-5-04930	ھازىرلىقسىز	headword	444_1R.png	unverified
D90-5-04930-v1	تەييارلىقسىز	variant	444_1R.png	unverified
D90-5-04931	ھازىرلىققا	headword	444_1R.png	unverified
D90-5-04933	ھازىرلىنىشماق	headword	444_2L.png	unverified
D90-5-04934	ھازىلىق	headword	444_2L.png	unverified
D90-5-04935	ھاسا	headword	444_2L.png	unverified
D90-5-04938	ھاسىراپ-ھۆمۈدەپ	headword	444_2L.png	unverified
D90-5-04939	ھاسىراتماق	headword	445_1R.png	unverified
D90-5-04940	ھاسىراشماق	headword	445_1R.png	unverified
D90-5-04941	ھاسىرىماق	headword	445_1R.png	unverified
D90-5-04942	ھاسىل	headword	445_1R.png	unverified
D90-5-04943	ھاسىل بولماق	headword	445_1R.png	unverified
D90-5-04944	ھاسىل قىلغۇچى قەۋەت	headword	445_2L.png	unverified
D90-5-04945	ھاسىل قىلماق	headword	445_2L.png	unverified
D90-5-04946	ھاسىلات	headword	445_2L.png	unverified
D90-5-04947	ھاسىلە	headword	446_1R.png	unverified
D90-5-04948	ھاسىلە سپېكتروسكوپىيىسى	headword	446_1R.png	unverified
D90-5-04949	ھاسىلكالام	headword	446_1R.png	unverified
D90-5-04950	ھاسىلىق	headword	446_1R.png	unverified
D90-5-04951	ھاسىللەھ	headword	446_1R.png	unverified
D90-5-04952	ھاسىلىي	headword	446_1R.png	unverified
D90-5-04953	ھاسىلىي دارامەت	headword	446_2L.png	unverified
D90-5-04954	ھاشار	headword	446_2L.png	unverified
D90-5-04955	ھاشار بىلەن تۆلىنىدىغان يەر ئىجارىسى	headword	446_2L.png	unverified
D90-5-04956	ھاشارات	headword	446_2L.png	unverified
D90-5-04957	ھاشارات زىيىنى	headword	447_1R.png	unverified
D90-5-04958	ھاشارات كۆكىرىك زەمبۇرۇغى	headword	447_1R.png	unverified
D90-5-04959	ھاشارات ئۇۋا تۈگۈنچىسى	headword	447_1R.png	unverified
D90-5-04960	ھاشارات ياردىمى بىلەن چاڭلىشىدىغان گۈللەر	headword	447_1R.png	unverified
D90-5-04961	ھاشارات ياردىمى بىلەن چاڭلىشىدىغان ئۆسۈملۈكلەر	headword	447_2L.png	unverified
D90-5-04962	ھاشاراتخور	headword	447_2L.png	unverified
D90-5-04964	ھاشاراتخورلۇق	headword	447_2L.png	unverified
D90-5-04965	ھاشاراتشۇناس	headword	447_2L.png	unverified
D90-5-04966	ھاشاراتشۇناسلىق	headword	447_2L.png	unverified
D90-5-04967	ھاشارچى	headword	447_2L.png	unverified
D90-5-04968	ھاشىيە	headword	448_1R.png	unverified
D90-5-04969	ھاقارەت	headword	448_1R.png	unverified
D90-5-04971	ھاقارەتلەش	headword	448_2L.png	unverified
D90-5-04973	ھاقارەتلەشمەك	headword	448_2L.png	unverified
D90-5-04974	ھاقارەتلەنمەك	headword	448_2L.png	unverified
D90-5-04975	ھاقارەتلىك	headword	448_2L.png	unverified
D90-5-04976	ھاقارەتلىمەك	headword	449_1R.png	unverified
D90-5-04977	ھاقارەتنامە	headword	449_1R.png	unverified
D90-5-04978	ھاك	headword	449_1R.png	unverified
D90-5-04980	ھاك تاش	headword	449_2L.png	unverified
D90-5-04981	ھاك چېچىكى	headword	449_2L.png	unverified
D90-5-04982	ھاك لاي	headword	449_2L.png	unverified
D90-5-04983	ھاك ماددىسى	headword	449_2L.png	unverified
D90-5-04984	ھاكاۋۇر	headword	450_1R.png	unverified
D90-5-04985	ھاكاۋۇرانە	headword	450_1R.png	unverified
D90-5-04986	ھاكاۋۇرلارچە	headword	450_1R.png	unverified
D90-5-04988	ھاكاۋۇرلۇق	headword	450_2L.png	unverified
D90-5-04989	ھاكچى	headword	450_2L.png	unverified
D90-5-04990	ھاكچىلىق	headword	450_2L.png	unverified
D90-5-04991	ھاكلاتماق	headword	450_2L.png	unverified
D90-5-04992	ھاكلاشماق	headword	450_2L.png	unverified
D90-5-04993	ھاكلانماق	headword	450_2L.png	unverified
D90-5-04994	ھاكلىق	headword	450_2L.png	unverified
D90-5-04995	ھاكلىماق	headword	451_1R.png	unverified
D90-5-04996	ھاكىم	headword	451_1R.png	unverified
D90-5-04997	ھاكىمبەگ	headword	451_1R.png	unverified
D90-5-04998	ھاكىملىق	headword	451_1R.png	unverified
D90-5-04999	ھاكىممۇتلەق	headword	451_2L.png	unverified
D90-5-05000	ھاكىممۇتلەقلىك	headword	451_2L.png	unverified
D90-5-05001	ھاكىمىيەت	headword	451_2L.png	unverified
D90-5-05003	ھاكىمىيەت تۈزۈلمىسى	headword	452_1R.png	unverified
D90-5-05004	ھاكىمىيەت شەكلى	headword	452_1R.png	unverified
D90-5-05005	ھاكىمىيەت ئورگانلىرى	headword	452_1R.png	unverified
D90-5-05005-v1	دۆلەت ئورگانلىرى	variant	452_1R.png	unverified
D90-5-05006	ھاكىمىيەتلىك	headword	452_1R.png	unverified
D90-5-05007	ھاڭ	headword	452_2L.png	unverified
D90-5-05009	ھاڭ قاتماق	headword	452_2L.png	unverified
D90-5-05010	ھاڭ قالماق	headword	452_2L.png	unverified
D90-5-05011	ھاڭ-تاڭ	headword	452_2L.png	unverified
D90-5-05012	ھاڭ-تاڭ بولماق	headword	452_2L.png	unverified
D90-5-05013	ھاڭ-تاڭ قالماق	headword	453_1R.png	unverified
D90-5-05014	ھاڭ-تاڭ قىلماق	headword	453_1R.png	unverified
D90-5-05015	ھاڭ-تاڭلىق	headword	453_1R.png	unverified
D90-5-05016	ھاڭراتماق	headword	453_1R.png	unverified
D90-5-05017	ھاڭراشماق	headword	453_1R.png	unverified
D90-5-05018	ھاڭرىماق	headword	453_1R.png	unverified
D90-5-05019	ھاڭغۇت	headword	453_1R.png	unverified
D90-5-05020	ھاڭغۇق	headword	453_1R.png	unverified
D90-5-05021	ھاڭغىرقاي	headword	453_2L.png	unverified
D90-5-05022	ھاڭقايماق	headword	453_2L.png	verified
D90-5-05023	ھاڭگا	headword	453_2L.png	unverified
D90-5-05025	ھاڭگا تېرەك	headword	453_2L.png	unverified
D90-5-05026	ھاڭگىت	headword	453_2L.png	unverified
D90-5-05027	ھاڭگىز	headword	453_2L.png	unverified
D90-5-05028	ھاڭۋاقتى	headword	453_2L.png	unverified
D90-5-05029	ھاڭۋاقتىلىق	headword	454_1R.png	unverified
D90-5-05030	ھاڭۋاقماق	headword	454_1R.png	unverified
D90-5-05031	ھال	headword	454_1R.png	unverified
D90-5-05034	ھال رەڭ	headword	454_2L.png	unverified
D90-5-05038-v1	دات كېسىلى	variant	454_2L.png	unverified
D90-5-05042	ھال پەيدا بولماق	headword	455_1R.png	unverified
D90-5-05043	ھال پېئىل	headword	455_1R.png	unverified
D90-5-05043-v1	رەۋىشداش	variant	455_1R.png	unverified
D90-5-05044	ھال تاپماق	headword	455_1R.png	unverified
D90-5-05045	ھال تارتماق	headword	455_1R.png	unverified
D90-5-05046	ھال تۆكمەك	headword	455_2L.png	unverified
D90-5-05047	ھال سورىماق	headword	455_2L.png	unverified
D90-5-05048	ھال ئېيتماق	headword	455_2L.png	unverified
D90-5-05049	ھالى بار	headword	456_1R.png	unverified
D90-5-05050	ھالى تەڭ	headword	456_1R.png	unverified
D90-5-05051	ھالى چوڭ	headword	456_1R.png	unverified
D90-5-05052	ھالى خاراب	headword	456_1R.png	unverified
D90-5-05053	ھالىدىن خەۋەر ئالماق	headword	456_1R.png	unverified
D90-5-05054	ھالىدىن كەتمەك	headword	456_2L.png	unverified
D90-5-05055	ھالىغا باقماق	headword	456_2L.png	unverified
D90-5-05056	ھالىغا خادا بويلىمايدىغان	headword	456_2L.png	unverified
D90-5-05057	ھالىغا كەلمەك	headword	456_2L.png	unverified
D90-5-05058	ھالىغا ۋاي	headword	456_2L.png	unverified
D90-5-05059	ھالىغا يەتمەك	headword	457_1R.png	unverified
D90-5-05060	ھالى قالماسلىق	headword	457_1R.png	unverified
D90-5-05061	ھالىڭ شۇ	headword	457_1R.png	unverified
D90-5-05062	ھالىنى ئات تارتالماسلىق	headword	457_1R.png	unverified
D90-5-05062-v1	سۆلىتىنى ئات تارتالماسلىق	variant	457_1R.png	unverified
D90-5-05063	ھالىنى ھارۋا تارتالماسلىق	headword	457_1R.png	unverified
D90-5-05064	ھالى ئۈستۈن	headword	457_1R.png	unverified
D90-5-05065	ھالى يامان	headword	457_2L.png	unverified
D90-5-05066	ھالى يوغان	headword	457_2L.png	unverified
D90-5-05067	ھالى يوق	headword	457_2L.png	unverified
D90-5-05068	ھالا	headword	457_2L.png	unverified
D90-5-05069	ھالاقەت	headword	457_2L.png	unverified
D90-5-05071	ھالاقەت يەتكۈزمەك	headword	458_1R.png	unverified
D90-5-05071-v1	ھالاقەت بەرمەك	variant	458_1R.png	unverified
D90-5-05072	ھالاك	headword	458_1R.png	unverified
D90-5-05073	ھالاك بولماق	headword	458_1R.png	unverified
D90-5-05074	ھالاك قىلغۇچى گېن	headword	458_1R.png	unverified
D90-5-05075	ھالاك قىلماق	headword	458_1R.png	unverified
D90-5-05077	ھالاقەتلىك	headword	458_2L.png	unverified
D90-5-05078	ھالال	headword	458_2L.png	unverified
D90-5-05079	ھالال قىلماق	headword	459_2L.png	unverified
D90-5-05080	ھالاللىق	headword	459_2L.png	unverified
D90-5-05081	ھالاللىماق	headword	459_2L.png	unverified
D90-5-05082	ھالاۋەت	headword	459_2L.png	unverified
D90-5-05083	ھالاۋەتلىك	headword	460_1R.png	unverified
D90-5-05084	ھالەت	headword	460_1R.png	unverified
D90-5-05085	ھالەت بېقىندى جۈملە	headword	460_2L.png	unverified
D90-5-05086	ھالەت پارامېتىرلىرى	headword	460_2L.png	unverified
D90-5-05087	ھالەت پېئىللىرى	headword	460_2L.png	unverified
D90-5-05088	ھالەت تەڭلىمىسى	headword	461_1R.png	unverified
D90-5-05089	ھالەت رەۋىشلىرى	headword	461_1R.png	unverified
D90-5-05090	ھالەت زىچلىقى	headword	461_1R.png	unverified
D90-5-05091	ھالەت سېلىشتۇرما تەڭلىمىسى	headword	461_1R.png	unverified
D90-5-05092	ھالەت ئۆزگەرتىش رېئاكسىيىسى	headword	461_1R.png	unverified
D90-5-05093	ھال-ئەھۋال	headword	461_1R.png	unverified
D90-5-05094	ھال-ئەھۋال سورىماق	headword	461_2L.png	unverified
D90-5-05095	ھال-ئەھۋاللاشماق	headword	461_2L.png	unverified
D90-5-05095-v1	ھالئالاشماق	variant	461_2L.png	unverified
D90-5-05096	ھال-ئەھۋال ئېيتماق	headword	461_2L.png	unverified
D90-5-05097	ھالبۇكى	headword	461_2L.png	unverified
D90-5-05098	ھالپۇ	headword	462_1R.png	unverified
D90-5-05099	ھالدا	headword	462_1R.png	unverified
D90-5-05100	ھالسىراتماق	headword	462_1R.png	unverified
D90-5-05101	ھالسىراشماق	headword	462_1R.png	unverified
D90-5-05102	ھالسىرىماق	headword	462_1R.png	unverified
D90-5-05103	ھالسىز	headword	462_2L.png	unverified
D90-5-05104	ھالسىزلاتماق	headword	462_2L.png	unverified
D90-5-05105	ھالسىزلاندۇرماق	headword	462_2L.png	unverified
D90-5-05106	ھالسىزلاندۇرۇشماق	headword	462_2L.png	unverified
D90-5-05107	ھالسىزلاندۇرۇلماق	headword	462_2L.png	unverified
D90-5-05108	ھالسىزلانماق	headword	462_2L.png	unverified
D90-5-05109	ھالسىزلىق	headword	462_2L.png	unverified
D90-5-05110	ھالسىزلىنىشماق	headword	463_1R.png	unverified
D90-5-05111	ھالقا	headword	463_1R.png	unverified
D90-5-05112	ھالقا بوغۇم	headword	463_2L.png	unverified
D90-5-05113	ھالقا سالماق	headword	463_2L.png	unverified
D90-5-05114	ھالقا كەش	headword	463_2L.png	unverified
D90-5-05115	ھالقا كۆمۈرچەك	headword	463_2L.png	unverified
D90-5-05116	ھالقىتماق	headword	464_1R.png	unverified
D90-5-05117	ھالقىسىمان	headword	464_1R.png	unverified
D90-5-05121	ھالقىسىمان ئورۇنلاشتۇرۇش	headword	464_2L.png	unverified
D90-5-05122	ھالقىشماق	headword	464_2L.png	unverified
D90-5-05123	ھالقىلىق	headword	464_2L.png	unverified
D90-5-05127	ھالقىلىق قارا	headword	465_1R.png	verified
D90-5-05128	ھالقىلىق كاربون گىدرىد	headword	465_1R.png	unverified
D90-5-05129	ھالقىماق	headword	465_1R.png	unverified
D90-5-05130	ھال-كۈن	headword	465_1R.png	unverified
D90-5-05131	ھاللازلىماق	headword	465_2L.png	unverified
D90-5-05132	ھاللاشماق	headword	465_2L.png	unverified
D90-5-05133	ھاللاڭ	headword	465_2L.png	unverified
D90-5-05134	ھاللانماق	headword	465_2L.png	unverified
D90-5-05135	ھاللەسە	headword	465_2L.png	unverified
D90-5-05136	ھاللىق	headword	465_2L.png	unverified
D90-5-05138	ھاللىق ئوتتۇرا دېھقان	headword	466_1R.png	unverified
D90-5-05139	ھال-مۇڭ	headword	466_1R.png	unverified
D90-5-05140	ھال-مۇڭ بولماق	headword	466_1R.png	unverified
D90-5-05141	ھال-مۇڭ ئېيتىشماق	headword	466_1R.png	unverified
D90-5-05142	ھال-ئوقەت	headword	466_1R.png	unverified
D90-5-05143	ھال-ئوقەتلىك	headword	466_2L.png	unverified
D90-5-05144	ھالۇ	headword	466_2L.png	unverified
D90-5-05145	ھالۋا	headword	466_2L.png	unverified
D90-5-05146	ھالۋىچى	headword	466_2L.png	unverified
D90-5-05147	ھام	headword	466_2L.png	unverified
D90-5-05150	ھاماقەت	headword	467_1R.png	unverified
D90-5-05151	ھاماقەتلەرچە	headword	467_1R.png	unverified
D90-5-05152	ھاماقەتلەشمەك	headword	467_1R.png	unverified
D90-5-05153	ھاماقەتلىك	headword	467_1R.png	unverified
D90-5-05154	ھاماقەتلىك قىلماق	headword	467_1R.png	unverified
D90-5-05155	ھامان	headword	467_1R.png	unverified
D90-5-05156	ھامان توغرا ئىپادە	headword	467_2L.png	unverified
D90-5-05157	ھامان خاتا ئىپادە	headword	467_2L.png	unverified
D90-5-05158	ھامانە	headword	467_2L.png	unverified
D90-5-05160	ھامما	headword	468_1R.png	unverified
D90-5-05161	ھامما ئاچا	headword	468_1R.png	unverified
D90-5-05162	ھاممال	headword	468_1R.png	unverified
D90-5-05163	ھاممالچىلىق	headword	468_1R.png	unverified
D90-5-05164	ھامماللىق	headword	468_1R.png	unverified
D90-5-05165	ھامماللىق قىلماق	headword	468_2L.png	unverified
D90-5-05166	ھاممام	headword	468_2L.png	unverified
D90-5-05167	ھاممامچى	headword	468_2L.png	unverified
D90-5-05168	ھامىلە	headword	468_2L.png	unverified
D90-5-05169	ھامىلىدار	headword	468_2L.png	unverified
D90-5-05170	ھامىلىدار بولماق	headword	469_1R.png	unverified
D90-5-05171	ھامىلىدارلىق	headword	469_1R.png	unverified
D90-5-05172	ھامىلىدارلىق تۇتقاقلىقى	headword	469_1R.png	unverified
D90-5-05173	ھامىلىدارلىق مەزگىلى	headword	469_1R.png	unverified
D90-5-05174	ھامىنى	headword	469_1R.png	unverified
D90-5-05175	ھامىي	headword	469_1R.png	unverified
D90-5-05176	ھامىي بولماق	headword	469_2L.png	unverified
D90-5-05177	ھامىيلىق	headword	469_2L.png	unverified
D90-5-05178	ھامىيلىق قىلماق	headword	469_2L.png	unverified
D90-5-05179	ھامىيلىق قىلىش	headword	469_2L.png	unverified
D90-5-05180	ھامىيلىقتىكى دۆلەت	headword	469_2L.png	unverified
D90-5-05181	ھاندۇۋا	nonstandard	470_1R.png	unverified
D90-5-05181-c1	ئەندۇۋا	corrected_form	470_1R.png	unverified
D90-5-05182	ھاننات	headword	470_1R.png	unverified
D90-5-05183	ھاھ	headword	470_1R.png	verified
D90-5-05184	ھاھ-ھاھ	headword	470_1R.png	unverified
D90-5-05185	ھاھ-ھۇھ	headword	470_1R.png	unverified
D90-5-05186	ھاۋ	headword	470_1R.png	verified
D90-5-05187	ھاۋا	headword	470_1R.png	unverified
D90-5-05188	ھاۋا ئارمىيىسى	headword	470_2L.png	unverified
D90-5-05189	ھاۋا ئالماشتۇرماق	headword	470_2L.png	unverified
D90-5-05190	ھاۋا ئالماشتۇرۇش ماشىنىسى	headword	470_2L.png	unverified
D90-5-05191	ھاۋا باتارىيىسى	headword	470_2L.png	unverified
D90-5-05192	ھاۋا بەرمەك	headword	471_1R.png	unverified
D90-5-05193	ھاۋا بوشلۇقى	headword	471_1R.png	unverified
D90-5-05194	ھاۋا بېسىمى	headword	471_1R.png	unverified
D90-5-05197	ھاۋا بېسىمى گرادىئېنتى	headword	471_2L.png	unverified
D90-5-05198	ھاۋا بېسىمى مەيدانى	headword	471_2L.png	unverified
D90-5-05199	ھاۋا تاپان	headword	471_2L.png	unverified
D90-5-05200	ھاۋا تاپان قىلماق	headword	471_2L.png	unverified
D90-5-05201	ھاۋا تارتقۇچ	headword	471_2L.png	unverified
D90-5-05202	ھاۋا تەڭشەش ئۈسكۈنىسى	headword	471_2L.png	unverified
D90-5-05203	ھاۋا تەۋەلىكى	headword	471_2L.png	unverified
D90-5-05204	ھاۋا تۆشۈكچىسى	headword	472_1R.png	unverified
D90-5-05205	ھاۋا تېمپېراتۇرىسى	headword	472_1R.png	unverified
D90-5-05206	ھاۋا تېمپېراتۇرىسىنىڭ تىك تۆۋەنلىشى	headword	472_1R.png	unverified
D90-5-05207	ھاۋا تېمپېراتۇرىسىنىڭ سوتكىلىق ئۆزگىرىشى	headword	472_1R.png	unverified
D90-5-05208	ھاۋا تېمپېراتۇرىسىنىڭ يىللىق ئۆزگىرىشى	headword	472_2L.png	unverified
D90-5-05209	ھاۋا خالتىسى	headword	472_2L.png	unverified
D90-5-05210	ھاۋادىن چۈشۈش قىسمى	headword	472_2L.png	unverified
D90-5-05211	ھاۋا رايى	headword	472_2L.png	unverified
D90-5-05212	ھاۋا رايى بەلگىلىرى	headword	472_2L.png	unverified
D90-5-05213	ھاۋا رايى خەرىتىسى	headword	473_1R.png	unverified
D90-5-05214	ھاۋا رايى ساندۇقى	headword	473_1R.png	unverified
D90-5-05215	ھاۋا رايى سىستېمىسى	headword	473_1R.png	unverified
D90-5-05216	ھاۋا رايىغا سۈنئىي تەسىر كۆرسىتىش	headword	473_2L.png	unverified
D90-5-05217	ھاۋا رايى مەلۇمات خەرىتىسى	headword	473_2L.png	unverified
D90-5-05218	ھاۋا رايى مەلۇماتى	headword	473_2L.png	unverified
D90-5-05219	ھاۋا رايى ئۆزگىرىش جەريانى	headword	473_2L.png	unverified
D90-5-05220	ھاۋا رايى ۋەزىيىتى	headword	473_2L.png	unverified
D90-5-05221	ھاۋا رايى ئىستانسىسى	headword	474_1R.png	unverified
D90-5-05222	ھاۋا رايى ئىلمى	headword	474_1R.png	unverified
D90-5-05223	ھاۋا رەڭ	headword	474_1R.png	unverified
D90-5-05224	ھاۋا شارى	headword	474_1R.png	unverified
D90-5-05225	ھاۋا قاينىمى	headword	474_1R.png	unverified
D90-5-05226	ھاۋا كىلىماتى	headword	474_2L.png	unverified
D90-5-05226-v1	كىلىمات	variant	474_2L.png	unverified
D90-5-05227	ھاۋا ماسسىسى	headword	474_2L.png	unverified
D90-5-05228	ھاۋا مۇداپىئەسى	headword	474_2L.png	unverified
D90-5-05230	ھاۋا ھۇجۇمى	headword	474_2L.png	unverified
D90-5-05231	ھاۋا ئېقىمى	headword	474_2L.png	unverified
D90-5-05233	ھاۋا ئېقىمى ئاكۇستىكىسى	headword	475_1R.png	unverified
D90-5-05234	ھاۋا ئېقىمىنىڭ تارقىلىشى	headword	475_1R.png	unverified
D90-5-05235	ھاۋا ئېقىمىنىڭ يىغىلىشى	headword	475_1R.png	unverified
D90-5-05236	ھاۋا يولى	headword	475_1R.png	unverified
D90-5-05237	ھاۋا يېمەك	headword	475_1R.png	unverified
D90-5-05238	ھاۋا يىلتىز	headword	475_1R.png	unverified
D90-5-05239	ھاۋائانا	headword	475_1R.png	unverified
D90-5-05240	ھاۋا-جاھان	headword	475_2L.png	unverified
D90-5-05241	ھاۋادان	headword	475_2L.png	unverified
D90-5-05242	ھاۋاسىز	headword	475_2L.png	unverified
D90-5-05243	ھاۋاسىزلاندۇرماق	headword	475_2L.png	unverified
D90-5-05244	ھاۋاسىزلاندۇرۇلماق	headword	475_2L.png	unverified
D90-5-05245	ھاۋاسىزلانماق	headword	475_2L.png	unverified
D90-5-05246	ھاۋالاندۇرماق	headword	475_2L.png	unverified
D90-5-05247	ھاۋالاندۇرۇلماق	headword	476_1R.png	unverified
D90-5-05248	ھاۋالانماق	headword	476_1R.png	unverified
D90-5-05249	ھاۋالە	headword	476_1R.png	unverified
D90-5-05250	ھاۋالە شىركىتى	headword	476_1R.png	unverified
D90-5-05251	ھاۋالە قىلماق	headword	476_1R.png	unverified
D90-5-05252	ھاۋالە قىلىش	headword	476_2L.png	unverified
D90-5-05253	ھاۋالسىز	headword	476_2L.png	unverified
D90-5-05254	ھاۋالسىز باشقۇرۇش	headword	476_2L.png	unverified
D90-5-05255	ھاۋالىق	headword	476_2L.png	unverified
D90-5-05256	ھاۋالىلىك	headword	476_2L.png	unverified
D90-5-05257	ھاۋالىلىك سېتىش	headword	477_1R.png	unverified
D90-5-05258	ھاۋالىلىك سېتىۋېلىش	headword	477_1R.png	unverified
D90-5-05259	ھاۋانچا	headword	477_1R.png	unverified
D90-5-05260	ھاۋايى-ھەۋەس	headword	477_1R.png	unverified
D90-5-05261	ھاۋشىتماق	headword	477_2L.png	unverified
D90-5-05262	ھاۋشىشماق	headword	477_2L.png	unverified
D90-5-05263	ھاۋشىماق	headword	477_2L.png	unverified
D90-5-05264	ھاۋىدىتماق	headword	477_2L.png	unverified
D90-5-05265	ھاۋىدىماق	headword	477_2L.png	unverified
D90-5-05266	ھاۋ-ھاۋ	headword	477_2L.png	unverified
D90-5-05267	ھاۋۇز	nonstandard	477_2L.png	unverified
D90-5-05267-c1	ھەۋز	corrected_form	477_2L.png	unverified
D90-5-05268	ھاي بەرمەك	headword	478_1R.png	unverified
D90-5-05269	ھاي دېمەك	headword	478_1R.png	unverified
D90-5-05270	ھاي ئېيتماق	headword	478_2L.png	unverified
D90-5-05271	ھايا	headword	478_2L.png	unverified
D90-5-05272	ھايا قىلماق	headword	478_2L.png	unverified
D90-5-05273	ھايا كەتمەك	headword	478_2L.png	unverified
D90-5-05274	ھايات	headword	478_2L.png	unverified
D90-5-05275	ھايات تارىغى	headword	479_2L.png	unverified
D90-5-05276	ھايات دەۋرلىكى	headword	479_2L.png	unverified
D90-5-05277	ھايات قالماق	headword	479_2L.png	unverified
D90-5-05278	ھايات كەچۈرمەك	headword	479_2L.png	unverified
D90-5-05279	ھايات كۈچ نەزەرىيىسى	headword	480_1R.png	unverified
D90-5-05280	ھايات كۈچى	headword	480_1R.png	unverified
D90-5-05281	ھايات ۋاسىتىلىرى	headword	480_1R.png	unverified
D90-5-05282	ھاياتبەخش	headword	480_1R.png	unverified
D90-5-05283	ھاياتسىز	headword	480_2L.png	unverified
D90-5-05284	ھاياتلىق	headword	480_2L.png	unverified
D90-5-05285	ھاياتلىقلار	headword	480_2L.png	unverified
D90-5-05286	ھايات-مامات	headword	480_2L.png	unverified
D90-5-05287	ھايات-ماماتلىق	headword	481_1R.png	unverified
D90-5-05288	ھاياتىي	headword	481_1R.png	unverified
D90-5-05289	ھاياجان	headword	481_1R.png	unverified
D90-5-05290	ھاياجانلاندۇرماق	headword	481_1R.png	unverified
D90-5-05291	ھاياجانلانماق	headword	481_1R.png	unverified
D90-5-05292	ھاياجانلىق	headword	481_2L.png	unverified
D90-5-05294	ھاياجانلىنىش	headword	481_2L.png	unverified
D90-5-05295	ھاياسىز	headword	481_2L.png	unverified
D90-5-05296	ھاياسىزلىق	headword	482_1R.png	unverified
D90-5-05297	ھايال	headword	482_1R.png	unverified
D90-5-05298	ھايال بولماق	headword	482_1R.png	unverified
D90-5-05299	ھايال قالماق	headword	482_1R.png	unverified
D90-5-05300	ھايال قىلماي	headword	482_1R.png	unverified
D90-5-05301	ھايال ئۆتمەي	headword	482_2L.png	unverified
D90-5-05302	ھايالسىز	headword	482_2L.png	unverified
D90-5-05303	ھاياللىماق	headword	482_2L.png	unverified
D90-5-05304	ھايالىق	headword	482_2L.png	unverified
D90-5-05305	ھايان	headword	482_2L.png	unverified
D90-5-05306	ھايان ئالماق	headword	483_1R.png	unverified
D90-5-05307	ھايان تاپماق	headword	483_1R.png	unverified
D90-5-05308	ھايىنىغا قالماق	headword	483_1R.png	unverified
D90-5-05309	ھايانكەش	headword	483_2L.png	unverified
D90-5-05310	ھايانكەشلىك	headword	483_2L.png	unverified
D90-5-05313	ھايت	headword	484_1R.png	verified
D90-5-05315	ھايتاق	headword	484_1R.png	unverified
D90-5-05317	ھايت-ھۇيت	headword	484_1R.png	unverified
D90-5-05319	ھايقىرتماق	headword	484_2L.png	unverified
D90-5-05320	ھايھات	headword	484_2L.png	unverified
D90-5-05321	ھاي-ھاي	headword	484_2L.png	verified
D90-5-05322	ھاي-ھايلىماق	headword	485_1R.png	unverified
D90-5-05323	ھاي-ھۇي	headword	485_1R.png	unverified
D90-5-05324	ھاي-ھۇي دېگۈچە	headword	485_1R.png	unverified
D90-5-05324-v1	ھايت-ھۈيت دېگۈچە	variant	485_1R.png	unverified
D90-5-05325	ھايۋان	headword	485_1R.png	unverified
D90-5-05327	ھايۋان پارازىتى	headword	485_2L.png	unverified
D90-5-05328	ھايۋان ۋىرۇسى	headword	485_2L.png	unverified
D90-5-05329	ھايۋانات	headword	485_2L.png	unverified
D90-5-05330	ھايۋانات باغچىسى	headword	485_2L.png	unverified
D90-5-05330-v1	ئاجايىپخانا	variant	485_2L.png	unverified
D90-5-05331	ھايۋانات پسىخولوگىيىسى	headword	485_2L.png	unverified
D90-5-05332	ھايۋانات تاكسونومىيىسى	headword	485_2L.png	unverified
D90-5-05333	ھايۋانات جۇغراپىيىسى	headword	486_1R.png	unverified
D90-5-05334	ھايۋانات فىزىئولوگىيىسى	headword	486_1R.png	unverified
D90-5-05335	ھايۋانات ئېكولوگىيىسى	headword	486_1R.png	unverified
D90-5-05336	ھايۋانات ئىمبرىئولوگىيىسى	headword	486_2L.png	unverified
D90-5-05337	ھايۋاناتشۇناس	headword	486_2L.png	unverified
D90-5-05337-v1	زوئولوگ	variant	486_2L.png	unverified
D90-5-05338	ھايۋاناتشۇناسلىق	headword	486_2L.png	unverified
D90-5-05338-v1	زوئولوگىيە	variant	486_2L.png	unverified
D90-5-05339	ھايۋانلارچە	headword	486_2L.png	unverified
D90-5-05340	ھايۋانلىق	headword	486_2L.png	unverified
D90-5-05341	ھايۋانىي	headword	486_2L.png	unverified
D90-5-05343	ھە	headword	487_1R.png	unverified
D90-5-05346	ھە دەپ	headword	487_2L.png	unverified
D90-5-05348	ھە دېسە	headword	488_1R.png	unverified
D90-5-05351	ھە دېگەندە	headword	488_1R.png	unverified
D90-5-05349	ھە دېسە ھۇ دېمەك	headword	488_1R.png	unverified
D90-5-05350	ھە دېسىلا	headword	488_1R.png	unverified
D90-5-05352	ھە دېگەندىلا	headword	488_2L.png	unverified
D90-5-05353	ھە دېمەك	headword	488_2L.png	unverified
D90-5-05354	ھە دېمەي	headword	488_2L.png	unverified
D90-5-05355	ھەئە	headword	488_2L.png	unverified
D90-5-05356	ھەبەش	headword	488_2L.png	unverified
D90-5-05357	ھەبەشلەر	headword	488_2L.png	unverified
D90-5-05358	ھەببە	headword	488_2L.png	unverified
D90-5-05359	ھەببەللى	headword	488_2L.png	unverified
D90-5-05360	ھە-پە	headword	489_1R.png	unverified
D90-5-05361	ھە-پە دېيىشمەك	headword	489_1R.png	unverified
D90-5-05362	ھە-پە قىلىشماق	headword	489_1R.png	unverified
D90-5-05363	ھەپەش	headword	489_1R.png	unverified
D90-5-05364	ھەپەشخان	headword	489_1R.png	unverified
D90-5-05365	ھەپتە	headword	489_1R.png	unverified
D90-5-05366	ھەپتە-ھەپتىلەپ	headword	489_2L.png	unverified
D90-5-05367	ھەپتىرەڭ	headword	489_2L.png	unverified
D90-5-05368	ھەپتىسى	headword	489_2L.png	unverified
D90-5-05369	ھەپتىلەپ	headword	489_2L.png	unverified
D90-5-05370	ھەپتىلەپ-ئايلاپ	headword	489_2L.png	unverified
D90-5-05371	ھەپتىلەپ-ھەپتىلەپ	headword	489_2L.png	unverified
D90-5-05372	ھەپتىلىك	headword	490_1R.png	unverified
D90-5-05373	ھەپتىيەك	headword	490_1R.png	unverified
D90-5-05374	ھەپسە	headword	490_1R.png	unverified
D90-5-05376	ھەپسىگە كىرمەك	headword	490_1R.png	unverified
D90-5-05376-v1	ھەپسىگە چۈشمەك	variant	490_1R.png	unverified
D90-5-05377	ھەپسەر	headword	490_1R.png	unverified
D90-5-05378	ھەپسخانا	headword	490_1R.png	unverified
D90-5-05379	ھەپسىلە	headword	490_2L.png	unverified
D90-5-05383	ھەپشىمەك	headword	490_2L.png	unverified
D90-5-05384	ھەپھرەڭ	headword	490_2L.png	unverified
D90-5-05385	ھەپىلەشمەك	headword	490_2L.png	unverified
D90-5-05386	ھەپىلەك	headword	491_1R.png	unverified
D90-5-05387	ھەتتا	headword	491_1R.png	verified
D90-5-05388	ھەتتار	nonstandard	491_1R.png	unverified
D90-5-05388-c1	ئەتتار	corrected_form	491_1R.png	unverified
D90-5-05389	ھەتتاكى	headword	491_1R.png	unverified
D90-5-05390	ھەتتەڭ	nonstandard	491_2L.png	unverified
D90-5-05390-c1	ئەتتەڭ	corrected_form	491_2L.png	unverified
D90-5-05391	ھەتتەڭەي	nonstandard	491_2L.png	unverified
D90-5-05391-c1	ئەتتەڭەي	corrected_form	491_2L.png	unverified
D90-5-05392	ھەتتەم	headword	491_2L.png	unverified
D90-5-05393	ھەتتەمشا	headword	491_2L.png	unverified
D90-5-05394	ھەج	headword	491_2L.png	unverified
D90-5-05395	ھەج قىلماق	headword	491_2L.png	unverified
D90-5-05396	ھەجەب	nonstandard	491_2L.png	unverified
D90-5-05396-c1	ئەجەب	corrected_form	491_2L.png	unverified
D90-5-05397	ھەجەڭگە	headword	491_2L.png	unverified
D90-5-05398	ھەجدىھا	nonstandard	491_2L.png	unverified
D90-5-05398-c1	ئەجدىھا	corrected_form	491_2L.png	unverified
D90-5-05399	ھەجۋە	headword	491_2L.png	unverified
D90-5-05400	ھەجۋە قىلماق	headword	492_1R.png	unverified
D90-5-05401	ھەجۋىي	headword	492_1R.png	unverified
D90-5-05402	ھەجۋىي ئەسەر	headword	492_1R.png	unverified
D90-5-05402-v1	ساتىرىك ئەسەر	variant	492_1R.png	unverified
D90-5-05403	ھەجۋىي تىياتىر	headword	492_1R.png	verified
D90-5-05404	ھەجۋىي رەسىم	headword	492_1R.png	unverified
D90-5-05405	ھەجۋىي سۈرەت	headword	492_1R.png	unverified
D90-5-05406	ھەجۋىيچى	headword	492_2L.png	unverified
D90-5-05407	ھەجۋىيلەشتۈرمەك	headword	492_2L.png	unverified
D90-5-05408	ھەجۋىيلەشتۈرۈشمەك	headword	492_2L.png	unverified
D90-5-05409	ھەجۋىيلەشتۈرۈلمەك	headword	492_2L.png	unverified
D90-5-05410	ھەجۋىيلەشمەك	headword	492_2L.png	unverified
D90-5-05411	ھەجۋىيلىك	headword	492_2L.png	unverified
D90-5-05412	ھەجىلەتمەك	headword	492_2L.png	unverified
D90-5-05413	ھەجىلەشمەك	headword	492_2L.png	unverified
D90-5-05414	ھەجىلىمەك	headword	492_2L.png	unverified
D90-5-05415	ھەجىم	headword	493_1R.png	unverified
D90-5-05417	ھەجىم قانۇنى	headword	493_2L.png	unverified
D90-5-05418	ھەجىم كوئېففىتسېنتى	headword	493_2L.png	unverified
D90-5-05419	ھەجىم ئۇسۇلى	headword	493_2L.png	unverified
D90-5-05420	ھەجىملىك	headword	494_1R.png	unverified
D90-5-05421	ھەجىملىك دولقۇن	headword	494_1R.png	unverified
D90-5-05422	ھەد	headword	494_1R.png	unverified
D90-5-05423	ھەددى ئەمەس	headword	494_2L.png	unverified
D90-5-05424	ھەددىدىن ئارتۇق	headword	494_2L.png	unverified
D90-5-05425	ھەددىدىن ئاشماق	headword	494_2L.png	unverified
D90-5-05426	ھەددىدىن تاشقىرى	headword	494_2L.png	unverified
D90-5-05427	ھەددىدىن زىيادە	headword	494_2L.png	unverified
D90-5-05428	ھەددىدىن كۆپ	headword	495_1R.png	unverified
D90-5-05429	ھەددىدىن ئوشۇق	headword	495_1R.png	unverified
D90-5-05430	ھەددى يوق	headword	495_1R.png	unverified
D90-5-05431	ھەدە	headword	495_1R.png	unverified
D90-5-05431-v1	ئاچا I	variant	495_1R.png	unverified
D90-5-05432	ھەددى-ھېساب	headword	495_1R.png	unverified
D90-5-05433	ھەددى-ھېسابى يوق	headword	495_1R.png	unverified
D90-5-05434	ھەددى-ھېسابسىز	headword	495_1R.png	unverified
D90-5-05435	ھەدىس	headword	495_2L.png	unverified
D90-5-05436	ھەدىلىك	headword	495_2L.png	unverified
D90-5-05437	ھەدىيە	headword	495_2L.png	unverified
D90-5-05438	ھەدىيە قىلماق	headword	495_2L.png	unverified
D90-5-05439	ھەدىيىلىك	headword	495_2L.png	unverified
D90-5-05440	ھەر	headword	495_2L.png	unverified
D90-5-05444	ھەر تەرەپ	headword	496_2L.png	unverified
D90-5-05445	ھەر تەرەپلىمە	headword	496_2L.png	unverified
D90-5-05446	ھەر تەرەپلىمىلىك	headword	496_2L.png	unverified
D90-5-05447	ھەر توغرىدا	headword	496_2L.png	unverified
D90-5-05448	ھەر تۈرلۈك	headword	496_2L.png	unverified
D90-5-05449	ھەر خىل	headword	496_2L.png	unverified
D90-5-05450	ھەر خىل ئاتالغۇلۇق سان	headword	497_1R.png	verified
D90-5-05451	ھەر دائىم	headword	497_1R.png	unverified
D90-5-05452	ھەر دەرىجە	headword	497_1R.png	unverified
D90-5-05453	ھەر دەرىجىلىك	headword	497_1R.png	unverified
D90-5-05454	ھەر دەم	headword	497_1R.png	unverified
D90-5-05455	ھەر دەم خىيال	headword	497_1R.png	unverified
D90-5-05456	ھەر رەڭ	headword	497_1R.png	unverified
D90-5-05457	ھەر رەڭ-سەر رەڭ	headword	497_2L.png	unverified
D90-5-05458	ھەر ساھە	headword	497_2L.png	unverified
D90-5-05459	ھەر قىسما	headword	497_2L.png	unverified
D90-5-05460	ھەر قىماپ بىلەن	headword	497_2L.png	unverified
D90-5-05460-v1	ھەر باب بىلەن	variant	497_2L.png	unverified
D90-5-05461	ھەر كويغا سالماق	headword	497_2L.png	unverified
D90-5-05462	ھەر نەرسە	headword	497_2L.png	unverified
D90-5-05463	ھەر ھالدا	headword	497_2L.png	unverified
D90-5-05464	ھەر ۋاقىت	headword	498_1R.png	unverified
D90-5-05465	ھەر ئېھتىمالغا قارشى	headword	498_1R.png	unverified
D90-5-05466	ھەر ياڭزا	headword	498_1R.png	unverified
D90-5-05467	ھەرە	headword	498_1R.png	unverified
D90-5-05468	ھەرە كۆنەك توقۇلما ياللۇغى	headword	498_2L.png	unverified
D90-5-05469	ھەرە كۆنىكى	headword	498_2L.png	unverified
D90-5-05469-v1	كۆنەك	variant	498_2L.png	unverified
D90-5-05475	ھەرەج	headword	499_1R.png	unverified
D90-5-05476	ھەرەم	headword	499_1R.png	unverified
D90-5-05477	ھەرەمئاغىسى	headword	499_1R.png	unverified
D90-5-05478	ھەرەمباغ	headword	499_1R.png	unverified
D90-5-05479	ھەرەمخانا	headword	499_2L.png	verified
D90-5-05480	ھەرەمگاھ	headword	499_2L.png	verified
D90-5-05481	ھەربىر	headword	499_2L.png	unverified
D90-5-05482	ھەربىرلىرى	headword	499_2L.png	verified
D90-5-05483	ھەربىي	headword	500_1R.png	unverified
D90-5-05484	ھەربىي ئەمەلدار	headword	500_1R.png	verified
D90-5-05485	ھەربىي بايراق	headword	500_1R.png	verified
D90-5-05486	مەرتىۋە	headword	500_2L.png	unverified
D90-5-05488	مەرتىۋىسىز	headword	500_2L.png	unverified
D90-5-05489	مەرتىۋىلىك	headword	500_2L.png	unverified
D90-5-05490	ھەربىي تەنتەربىيە	headword	501_1R.png	unverified
D90-5-05491	ھەربىي دوختۇرخانا	headword	501_1R.png	unverified
D90-5-05492	ھەربىي رايون	headword	501_1R.png	unverified
D90-5-05493	ھەربىي سەپ	headword	501_1R.png	unverified
D90-5-05494	ھەربىي سەپتىن قايتىش	headword	501_1R.png	unverified
D90-5-05495	ھەربىي سوت	headword	501_1R.png	unverified
D90-5-05496	ھەربىي فورما	headword	501_2L.png	unverified
D90-5-05500	ھەربىي كىيىم	headword	501_2L.png	unverified
D90-5-05497	ھەربىي قوراللار	headword	501_2L.png	unverified
D90-5-05498	ھەربىي كوممۇنىزم	headword	501_2L.png	unverified
D90-5-05499	ھەربىي كېمە	headword	501_2L.png	unverified
D90-5-09767	ھەربىي پاراخوت	headword	905_1R.png	unverified
D90-5-05501	ھەربىي مەشىق	headword	501_2L.png	unverified
D90-5-05502	ھەربىي مۇزىكا	headword	501_2L.png	unverified
D90-5-05503	ھەربىي ھالەت	headword	501_2L.png	unverified
D90-5-05504	ھەربىي ئۇنۋان	headword	502_1R.png	unverified
D90-5-05505	ھەربىي ئۆزگىرىش	headword	502_1R.png	unverified
D90-5-05506	ھەربىي ئىشلار	headword	502_1R.png	unverified
D90-5-05507	ھەربىي ئىشلار تەزكىرىسى	headword	502_1R.png	unverified
D90-5-05508	ھەربىي ئىلىم	headword	502_1R.png	unverified
D90-5-05509	ھەربىي يۈرۈش	headword	502_1R.png	unverified
D90-5-05510	ھەربىيچە	headword	502_1R.png	unverified
D90-5-05511	ھەربىيچە شاھمات	headword	502_2L.png	unverified
D90-5-05512	ھەربىيسىز	headword	502_2L.png	unverified
D90-5-05513	ھەربىيسىزلەشتۈرمەك	headword	502_2L.png	unverified
D90-5-05514	ھەربىيسىزلەشتۈرۈلمەك	headword	502_2L.png	unverified
D90-5-05515	ھەربىيسىزلەشمەك	headword	502_2L.png	unverified
D90-5-05516	ھەربىيلەشتۈرمەك	headword	503_1R.png	unverified
D90-5-05517	ھەربىيلەشتۈرۈلمەك	headword	503_1R.png	unverified
D90-5-05518	ھەربىيلەشمەك	headword	503_1R.png	unverified
D90-5-05519	ھەربىيلىك	headword	503_1R.png	unverified
D90-5-05520	ھەرپ	headword	503_1R.png	unverified
D90-5-05522	ھەرپلىك	headword	503_1R.png	unverified
D90-5-05523	ھەرپلىك تەڭلىمە	headword	503_2L.png	unverified
D90-5-05524	ھەرپمۇھەرپ	headword	503_2L.png	unverified
D90-5-05525	ھەرراس	headword	503_2L.png	unverified
D90-5-05526	ھەرقاچان	headword	503_2L.png	unverified
D90-5-05527	ھەرقانچە	headword	503_2L.png	unverified
D90-5-05528	ھەرقانچە قىلىپمۇ	headword	504_1R.png	unverified
D90-5-05528-v1	ھەرقانچە قىلسىمۇ	variant	504_1R.png	unverified
D90-5-05529	ھەرقانداق	headword	504_1R.png	unverified
D90-5-05530	ھەرقانداق بولسا	headword	504_1R.png	unverified
D90-5-05531	ھەرقانداق بولمىسۇن	headword	504_1R.png	unverified
D90-5-05532	ھەرقانداق قىلغان بىلەن	headword	504_1R.png	unverified
D90-5-05533	ھەر قايسى	headword	504_2L.png	unverified
D90-5-05534	ھەر قەدەمدە	headword	504_2L.png	unverified
D90-5-05535	ھەرقەيەر	headword	504_2L.png	unverified
D90-5-05536	ھەركىم	headword	504_2L.png	unverified
D90-5-05537	ھەرگىز	headword	505_1R.png	unverified
D90-5-05538	ھەرنېمە	headword	505_1R.png	unverified
D90-5-05539	ھەرنېمە دېمەك	headword	505_1R.png	unverified
D90-5-05540	ھەرنېمە قىلىپ	headword	505_1R.png	unverified
D90-5-05541	ھەر- ھەر	headword	505_1R.png	verified
D90-5-05542	ھەرىچاق	headword	505_2L.png	unverified
D90-5-05543	ھەرىدەتمەك	headword	505_2L.png	unverified
D90-5-05544	ھەرىدەشمەك	headword	505_2L.png	unverified
D90-5-05545	ھەرىدەلمەك	headword	505_2L.png	unverified
D90-5-05546	ھەرىدىمەك	headword	505_2L.png	unverified
D90-5-05547	ھەرىكەت	headword	505_2L.png	unverified
D90-5-05548	ھەرىكەت ئەزاسى	headword	506_2L.png	unverified
D90-5-05549	ھەرىكەت پسىخولوگىيىسى	headword	506_2L.png	unverified
D90-5-05550	ھەرىكەت تەسۋىرى	headword	507_1R.png	unverified
D90-5-05551	ھەرىكەتتىكى يانار تاغ	headword	507_1R.png	unverified
D90-5-05552	ھەرىكەت خاتىرىسى	headword	507_1R.png	unverified
D90-5-05553	ھەرىكەت قىلماق	headword	507_1R.png	unverified
D90-5-05554	ھەرىكەتكە كەلمەك	headword	507_2L.png	unverified
D90-5-05555	ھەرىكەت مىقدارى	headword	507_2L.png	unverified
D90-5-05556	ھەرىكەت نامى	headword	507_2L.png	unverified
D90-5-05556-v1	ئىسىمداش	variant	507_2L.png	unverified
D90-5-05557	ھەرىكەت نەزەرىيىسى	headword	507_2L.png	unverified
D90-5-05558	ھەرىكەت نېرۋىلىرى	headword	507_2L.png	unverified
D90-5-05559	ھەرىكەت نىسبىتى	headword	507_2L.png	unverified
D90-5-05561	ھەرىكەت ئۇزاتقۇچ سىستېما	headword	508_1R.png	unverified
D90-5-05562	ھەرىكەت ئۇزىتىش	headword	508_1R.png	unverified
D90-5-05563	ھەرىكەت ئېنېرگىيىسى	headword	508_1R.png	unverified
D90-5-05564	ھەرىكەتچان	headword	508_1R.png	unverified
D90-5-05565	ھەرىكەتچان غالتەك	headword	508_1R.png	unverified
D90-5-05566	ھەرىكەتچان كۆۋرۈك	headword	508_1R.png	unverified
D90-5-05567	ھەرىكەتچان نۇقتا	headword	508_2L.png	unverified
D90-5-05568	ھەرىكەتچانلىق	headword	508_2L.png	unverified
D90-5-05569	ھەرىكەتسىز	headword	508_2L.png	unverified
D90-5-05570	ھەرىكەتسىزلىك	headword	508_2L.png	unverified
D90-5-05571	ھەرىكەتلەندۈرگۈچ	headword	508_2L.png	unverified
D90-5-05572	ھەرىكەتلەندۈرگۈچ كۈچ	headword	508_2L.png	unverified
D90-5-05573	ھەرىكەتلەندۈرگۈچ ئوق	headword	509_1R.png	unverified
D90-5-05574	ھەرىكەتلەندۈرمەك	headword	509_1R.png	unverified
D90-5-05575	ھەرىكەتلەندۈرۈشمەك	headword	509_1R.png	unverified
D90-5-05576	ھەرىكەتلەندۈرۈلمەك	headword	509_1R.png	unverified
D90-5-05577	ھەرىكەتلەنمەك	headword	509_1R.png	unverified
D90-5-05578	ھەرىكەتلىك	headword	509_2L.png	unverified
D90-5-05582	ھەرىلەتمەك	headword	509_2L.png	unverified
D90-5-05583	ھەرىلەشمەك	headword	509_2L.png	unverified
D90-5-05584	ھەرىلەنمەك	headword	509_2L.png	unverified
D90-5-05585	ھەرىلىمەك	headword	509_2L.png	unverified
D90-5-05586	ھەزەر	headword	510_1R.png	unverified
D90-5-05587	ھەزەر ئەيلىمەك	headword	510_1R.png	unverified
D90-5-05588	ھەزەر قىلماق	headword	510_1R.png	unverified
D90-5-05589	ھەزرەت	headword	510_1R.png	unverified
D90-5-05590	ھەزرىتى	headword	510_2L.png	unverified
D90-5-05591	ھەزىل	headword	510_2L.png	unverified
D90-5-05593	ھەزىلەك	headword	510_2L.png	unverified
D90-5-05594	ھەزىلەكلىك	headword	511_1R.png	unverified
D90-5-05595	ھەزىلكەش	headword	511_1R.png	unverified
D90-5-05596	ھەزىلكەشلىك	headword	511_1R.png	unverified
D90-5-05597	ھەزىللەشمەك	headword	511_1R.png	unverified
D90-5-05598	ھەزىم	headword	511_1R.png	unverified
D90-5-05599	ھەزىم بولماق	headword	511_2L.png	unverified
D90-5-05600	ھەزىم قىلالماسلىق	headword	511_2L.png	unverified
D90-5-05601	ھەزىم قىلماق	headword	511_2L.png	unverified
D90-5-05602	ھەزىم قىلىش سىستېمىسى	headword	511_2L.png	unverified
D90-5-05603	ھەزىم قىلىش ئېنزىمى	headword	512_1R.png	unverified
D90-5-05604	ھەس	headword	512_1R.png	unverified
D90-5-05605	ھەسەت	headword	512_1R.png	unverified
D90-5-05607	ھەسەتخور	headword	512_1R.png	unverified
D90-5-05608	ھەسەتخورلۇق	headword	512_2L.png	unverified
D90-5-05609	ھەسەتخورلۇق قىلماق	headword	512_2L.png	unverified
D90-5-05610	ھەسەل	headword	512_2L.png	unverified
D90-5-05612	ھەسەل ھەرىسى	headword	513_1R.png	unverified
D90-5-05613	ھەسەلچى	headword	513_1R.png	unverified
D90-5-05614	ھەسەلچىلىك	headword	513_1R.png	unverified
D90-5-05615	ھەسەلدان	headword	513_1R.png	unverified
D90-5-05616	ھەسەن-ھۈسەن	headword	513_1R.png	unverified
D90-5-05617	ھەسرەت	headword	513_2L.png	unverified
D90-5-05618	ھەسرەت چەكمەك	headword	513_2L.png	unverified
D90-5-05619	ھەسرەت قىلماق	headword	513_2L.png	unverified
D90-5-05620	ھەسرەتتە قالماق	headword	514_1R.png	unverified
D90-5-05621	ھەسرەتكە سالماق	headword	514_1R.png	unverified
D90-5-05622	ھەسرەتداش	headword	514_1R.png	unverified
D90-5-05623	ھەسرەتسىز	headword	514_1R.png	unverified
D90-5-05624	ھەسرەتلەشمەك	headword	514_2L.png	unverified
D90-5-05625	ھەسرەتلەندۈرمەك	headword	514_2L.png	unverified
D90-5-05626	ھەسرەتلەندۈرۈشمەك	headword	514_2L.png	unverified
D90-5-05627	ھەسرەتلەنمەك	headword	514_2L.png	unverified
D90-5-05628	ھەسرەتلىك	headword	514_2L.png	unverified
D90-5-05629	ھەسرەت-نادامەت	headword	514_2L.png	unverified
D90-5-05630	ھەسسە	headword	515_1R.png	unverified
D90-5-05631	ھەسسىدار	headword	515_2L.png	unverified
D90-5-05631-v1	پايچىك	variant	515_2L.png	unverified
D90-5-05632	ھەسسىدارلىق	headword	515_2L.png	unverified
D90-5-05633	ھەسسىلەپ	headword	515_2L.png	unverified
D90-5-05634	ھەسسىلىك	headword	515_2L.png	unverified
D90-5-05636	ھەسىنىك	headword	515_2L.png	unverified
D90-5-05637	ھەش-پەش	headword	516_1R.png	unverified
D90-5-05638	ھەش-پەش دېگۈچە	headword	516_1R.png	unverified
D90-5-05639	ھەشەم	headword	516_1R.png	unverified
D90-5-05641	ھەشەمەت	headword	516_2L.png	unverified
D90-5-05642	ھەشەمەتچى	headword	516_2L.png	unverified
D90-5-05643	ھەشەمەتچىلىك	headword	516_2L.png	unverified
D90-5-05644	ھەشەمەتخور	headword	516_2L.png	unverified
D90-5-05645	ھەشەمەتخورلۇق	headword	516_2L.png	unverified
D90-5-05646	ھەشەمەتسىز	headword	517_1R.png	unverified
D90-5-05647	ھەشەمەتلىك	headword	517_1R.png	unverified
D90-5-05648	ھەشەمخور	headword	517_1R.png	unverified
D90-5-05649	ھەشەمخورلۇق	headword	517_1R.png	unverified
D90-5-05650	ھەشەم-دەرەم	headword	517_1R.png	unverified
D90-5-05651	ھەشەم-دەرەمسىز	headword	517_2L.png	unverified
D90-5-05652	ھەشەمسىز	headword	517_2L.png	unverified
D90-5-05653	ھەشەملىك	headword	517_2L.png	unverified
D90-5-05654	ھەشتار	headword	517_2L.png	unverified
D90-5-05655	ھەشتەرخان	headword	517_2L.png	unverified
D90-5-05655-v1	ھەشتەرخان تېرەك	variant	517_2L.png	unverified
D90-5-05657	ھەشتىيەك	headword	518_1R.png	unverified
D90-5-05658	ھەشقاللا	headword	518_1R.png	unverified
D90-5-05659	ھەشقاللا ئېيتماق	headword	518_1R.png	unverified
D90-5-05660	ھەشقىپىچە ك	headword	518_2L.png	unverified
D90-5-05661	ھە غدا	nonstandard	518_2L.png	unverified
D90-5-05694	ھەقدار	headword	521_2L.png	unverified
D90-5-05662	ھەق	headword	518_2L.png	unverified
D90-5-05662-i1	ھەققى	inflected	518_2L.png	unverified
D90-5-05667	ھەق ئالماق	headword	519_2L.png	unverified
D90-5-05668	ھەق بەرمەك	headword	519_2L.png	unverified
D90-5-05669	ھەق تەلەپ ئەنزىلىرى	headword	519_2L.png	unverified
D90-5-05670	ھەق تەلەپ دەۋا قانۇنى	headword	519_2L.png	unverified
D90-5-05671	ھەق تەلەپ سوتى	headword	520_1R.png	unverified
D90-5-05672	ھەق تەلەپ قانۇنى	headword	520_1R.png	unverified
D90-5-05673	ھەق تەلەپ كېسىمى	headword	520_1R.png	unverified
D90-5-05674	ھەق تەلەپ ماجىراسى	headword	520_1R.png	unverified
D90-5-05675	ھەق تەلەپ ھوقۇقى	headword	520_1R.png	unverified
D90-5-05676	ھەق تەلەپ ئىشلىرى	headword	520_1R.png	unverified
D90-5-05677	ھەق تەلەپ ئىشلىرى ھۆكۈمى	headword	520_1R.png	unverified
D90-5-05678	ھەق تۆلىمەك	headword	520_1R.png	unverified
D90-5-05679	ھەق جايىغا قارار تاپماق	headword	520_2L.png	unverified
D90-5-05680	ھەق جايىنى تاپماق	headword	520_2L.png	unverified
D90-5-05681	ھەق دادىغا يەتمەك	headword	520_2L.png	unverified
D90-5-05682	ھەق دوست	headword	520_2L.png	unverified
D90-5-05683	ھەق سۆز	headword	520_2L.png	unverified
D90-5-05684	ھەق گەپ	headword	520_2L.png	unverified
D90-5-05685	ھەققە بويسۇنماق	headword	521_1R.png	unverified
D90-5-05686	ھەققى بار	headword	521_1R.png	unverified
D90-5-05687	ھەققى يوق	headword	521_1R.png	unverified
D90-5-05689	ھەق يول	headword	521_1R.png	unverified
D90-5-05690	ھەق-ئادالەت	headword	521_1R.png	unverified
D90-5-05691	ھەقەمسايە	headword	521_1R.png	unverified
D90-5-05692	ھە قتائاللا	headword	521_2L.png	unverified
D90-5-05693	ھەقتە	headword	521_2L.png	verified
D90-5-05695	ھەقدارلىق	headword	522_1R.png	unverified
D90-5-05696	ھەقسىز	headword	522_1R.png	unverified
D90-5-05699	ھەقسىزلىق	headword	522_1R.png	unverified
D90-5-05700	ھەققانىي	headword	522_1R.png	unverified
D90-5-05702	ھەققانىيەت	headword	522_1R.png	unverified
D90-5-05703	ھەققانىيەتپەرۋەر	headword	522_1R.png	unverified
D90-5-05704	ھەققانىيەتچى	headword	522_2L.png	unverified
D90-5-05705	ھەققانىيەتچىل	headword	522_2L.png	unverified
D90-5-05706	ھەققانىيەتچىللىك	headword	522_2L.png	unverified
D90-5-05707	ھەققانىيەتسىز	headword	522_2L.png	unverified
D90-5-05708	ھەققانىيەتسىزلىك	headword	523_1R.png	unverified
D90-5-05709	ھەققانىيەتلىك	headword	523_1R.png	unverified
D90-5-05710	ھەققانىيلىق	headword	523_1R.png	unverified
D90-5-05711	ھەققىدە	headword	523_1R.png	unverified
D90-5-05712	ھەقلىق	headword	523_1R.png	unverified
D90-5-05713	ھەق-ناھەق	headword	523_2L.png	unverified
D90-5-05714	ھەققۇۋ	headword	523_2L.png	unverified
D90-5-05715	ھەقىر	headword	523_2L.png	unverified
D90-5-05717	ھەقىقەت	headword	523_2L.png	unverified
D90-5-05719	ھەقىقەتەن	headword	524_1R.png	unverified
D90-5-05720	ھەقىقەتچى	headword	524_1R.png	unverified
D90-5-05721	ھەقىقەتچىلىك	headword	524_2L.png	unverified
D90-5-05722	ھەقىقەتسىز	headword	524_2L.png	unverified
D90-5-05723	ھەقىقەتسىزلىك	headword	524_2L.png	unverified
D90-5-05724	ھەقىقەتكە قايتىش	headword	524_2L.png	unverified
D90-5-05725	ھەقىقەتلىنىش	headword	524_2L.png	unverified
D90-5-05726	ھەقىقەتلىمەك	headword	524_2L.png	unverified
D90-5-05727	ھەقىقىي	headword	524_2L.png	verified
D90-5-05728	ھەقىقىي بوشلۇق	headword	525_1R.png	unverified
D90-5-05729	ھەقىقىي تەسۋىر	headword	525_1R.png	unverified
D90-5-05730	ھەقىقىي تېرە	headword	525_1R.png	unverified
D90-5-05731	ھەقىقىي سان	headword	525_1R.png	verified
D90-5-05732	ھەقىقىي مېۋە	headword	525_2L.png	unverified
D90-5-05733	ھەقىقىي ھۆكۈم	headword	525_2L.png	unverified
D90-5-05734	ھەقىقىي يادرو	headword	525_2L.png	unverified
D90-5-05735	ھەقىقىي يادرولۇق جانلىقلار	headword	525_2L.png	unverified
D90-5-05736	ھەقىقىيلەشتۈرمەك	headword	525_2L.png	unverified
D90-5-05737	ھەقىقىيلەشتۈرۈلمەك	headword	525_2L.png	unverified
D90-5-05738	ھەقىقىيلەشمەك	headword	525_2L.png	unverified
D90-5-05739	ھەقىقىيلىق	headword	525_2L.png	unverified
D90-5-05740	ھەل	headword	526_1R.png	unverified
D90-5-05741	ھەل بەرمەك	headword	526_1R.png	unverified
D90-5-05743	ھەل بولماق	headword	526_1R.png	unverified
D90-5-05744	ھەل قىلغۇچ	headword	526_1R.png	unverified
D90-5-05747	ھەل قىلماق	headword	526_1R.png	unverified
D90-5-05748	ھەلەپ	headword	526_2L.png	unverified
D90-5-05750	ھەلەپلىك	headword	526_2L.png	unverified
D90-5-05751	ھەلەك	headword	526_2L.png	unverified
D90-5-05753	ھەلەكچىلىك	headword	527_1R.png	unverified
D90-5-05754	ھەلەكچىلىك تارتماق	headword	527_1R.png	unverified
D90-5-05755	ھەلەلەڭ	headword	527_1R.png	unverified
D90-5-05756	ھەلەلەڭ قىلماق	headword	527_1R.png	unverified
D90-5-05757	ھەلەم	headword	527_1R.png	unverified
D90-5-05758	ھەلچى	headword	527_1R.png	unverified
D90-5-05759	ھەلچىلىك	headword	527_1R.png	unverified
D90-5-05760	ھەلقە	headword	527_1R.png	unverified
D90-5-05761	ھەلقۇم	headword	527_2L.png	unverified
D90-5-05762	ھەلقۇمغا كەلمەك	headword	527_2L.png	unverified
D90-5-05762-v1	جان ھەلقۇمغا كەلمەك	variant	527_2L.png	unverified
D90-5-05763	ھەللەتمەك	headword	527_2L.png	unverified
D90-5-05764	ھەللىشمەك	headword	527_2L.png	unverified
D90-5-05765	ھەللەنمەك	headword	527_2L.png	unverified
D90-5-05766	ھەللىتىشمەك	headword	527_2L.png	unverified
D90-5-05767	ھەللىتىلمەك	headword	527_2L.png	unverified
D90-5-05768	ھەللىك	headword	528_1R.png	unverified
D90-5-05769	ھەللىمەك	headword	528_1R.png	unverified
D90-5-05770	ھەلىيە	headword	528_1R.png	unverified
D90-5-05771	ھەم	headword	528_1R.png	unverified
D90-5-05772	ھەمەل	headword	528_2L.png	unverified
D90-5-05772-v1	كىلىزما	variant	528_2L.png	unverified
D90-5-05773	ھەمەل قىلماق	headword	528_2L.png	unverified
D90-5-05775	ھەمەل بۇرجى	headword	528_2L.png	unverified
D90-5-05776	ھەمەل يۇلتۇز تۈركۈمى	headword	528_2L.png	unverified
D90-5-05777	ھەمەلچە	headword	528_2L.png	unverified
D90-5-05778	ھەمپىكىر	headword	529_1R.png	unverified
D90-5-05779	ھەمپىكىرلىك	headword	529_1R.png	unverified
D90-5-05780	ھەمتاۋاق	headword	529_1R.png	verified
D90-5-05781	ھەمتاۋاقلىق	headword	529_2L.png	unverified
D90-5-05782	ھەمجەھەت	headword	529_2L.png	unverified
D90-5-05783	ھەمجەھەتلىك	headword	529_2L.png	unverified
D90-5-05784	ھەمجور	headword	529_2L.png	unverified
D90-5-05786	ھەمجىنس	headword	529_2L.png	verified
D90-5-05787	ھەمد	headword	529_2L.png	unverified
D90-5-05788	ھەمداستىخان	headword	529_2L.png	unverified
D90-5-05789	ھەمدەستىخان بولماق	headword	530_1R.png	unverified
D90-5-05790	ھەمدە	headword	530_1R.png	unverified
D90-5-05791	ھەمدەرد	headword	530_1R.png	unverified
D90-5-05792	ھەمدەرد بولماق	headword	530_1R.png	unverified
D90-5-05793	ھەمدەردلىك	headword	530_2L.png	unverified
D90-5-05794	ھەمدەم	headword	530_2L.png	unverified
D90-5-05795	ھەمدەم بولماق	headword	530_2L.png	unverified
D90-5-05796	ھەمدەم خىيال	headword	530_2L.png	unverified
D90-5-05797	ھەمدەملەشتۈرمەك	headword	531_1R.png	unverified
D90-5-05798	ھەمدەملەشتۈرۈشمەك	headword	531_1R.png	unverified
D90-5-05799	ھەمدەملەشتۈرۈلمەك	headword	531_1R.png	unverified
D90-5-05800	ھەمدەملەشمەك	headword	531_1R.png	unverified
D90-5-05801	ھەمدەملىك	headword	531_1R.png	unverified
D90-5-05802	ھەمدۇسانا	headword	531_1R.png	verified
D90-5-05803	ھەمدۇسانا قىلماق	headword	531_2L.png	unverified
D90-5-05805	ھەمدۇسانا ئېيتماق	headword	531_2L.png	unverified
D90-5-05804	ھەمدۇسانا ئوقۇماق	headword	531_2L.png	unverified
D90-5-05806	ھەمراھ	headword	531_2L.png	unverified
D90-5-05807	ھەمراھ ئايروپىلان	headword	532_1R.png	unverified
D90-5-05808	ھەمراھ بولماق	headword	532_1R.png	unverified
D90-5-05809	ھەمراھ دەرەخ	headword	532_1R.png	unverified
D90-5-05810	ھەمراھ قىلماق	headword	532_1R.png	unverified
D90-5-05811	ھەمراھ ھۈجەيرە	headword	532_1R.png	unverified
D90-5-05812	ھەمراھدارچىلىق	headword	532_1R.png	unverified
D90-5-05813	ھەمراھسىز	headword	532_2L.png	unverified
D90-5-05814	ھەمراھلاشماق	headword	532_2L.png	unverified
D90-5-05815	ھەمراھلىق	headword	532_2L.png	unverified
D90-5-05816	ھەمزە	headword	532_2L.png	unverified
D90-5-05817	ھەمسات	headword	532_2L.png	unverified
D90-5-05818	ھەمسەپەر	headword	532_2L.png	verified
D90-5-05820	ھەمسورۇن	headword	533_1R.png	unverified
D90-5-05821	ھەمسورۇن بولماق	headword	533_1R.png	unverified
D90-5-05822	ھەمسۆھبەت	headword	533_1R.png	unverified
D90-5-05823	ھەمسۆھبەت بولماق	headword	533_1R.png	unverified
D90-5-05824	ھەمشېرىك	headword	533_1R.png	unverified
D90-5-05825	ھەمشېرىك بولماق	headword	533_2L.png	unverified
D90-5-05826	ھەمشىرە	headword	533_2L.png	unverified
D90-5-05827	ھەمشىرىلىك	headword	533_2L.png	unverified
D90-5-05828	ھەمشىۋا	headword	533_2L.png	unverified
D90-5-05829	ھەمقەدەم	headword	534_1R.png	unverified
D90-5-05830	ھەمكار	headword	534_1R.png	unverified
D90-5-05831	ھەمكار بولماق	headword	534_1R.png	unverified
D90-5-05835	ھەمكارلاشماق	headword	534_1R.png	unverified
D90-5-05832	ھەمكارلاشتۇرماق	headword	534_1R.png	unverified
D90-5-05833	ھەمكارلاشتۇرۇشماق	headword	534_1R.png	unverified
D90-5-05834	ھەمكارلاشتۇرۇلماق	headword	534_1R.png	unverified
D90-5-05836	ھەمكارلىشىشماق	headword	534_1R.png	unverified
D90-5-05837	ھەمكارلىق	headword	534_1R.png	unverified
D90-5-05838	ھەمكەسىپ	headword	534_2L.png	unverified
D90-5-05838-v1	كەسىپداش	variant	534_2L.png	unverified
D90-5-05839	ھەمكەسىپلىك	headword	534_2L.png	unverified
D90-5-05839-v1	كەسىپداشلىق	variant	534_2L.png	unverified
D90-5-05840	ھەملە	headword	534_2L.png	unverified
D90-5-05842	ھەممە	headword	534_2L.png	unverified
D90-5-05844	ھەممىنى بىر تاياقتا ھەيدىمەك	headword	535_1R.png	unverified
D90-5-05845	ھەممىنىڭ ئاغزىدا شۇ گەپ	headword	535_1R.png	unverified
D90-5-05846	ھەممەيلەن	headword	535_1R.png	unverified
D90-5-05847	ھەمنەپەس	headword	535_1R.png	verified
D90-5-05848	ھەمنەپەسلىك	headword	535_2L.png	unverified
D90-5-05849	ھەمىزەك	headword	535_2L.png	unverified
D90-5-05850	ھەمىشە	headword	535_2L.png	unverified
D90-5-05851	ھەمىشەم	nonstandard	535_2L.png	unverified
D90-5-05852	ھەمياستۇق	headword	535_2L.png	unverified
D90-5-05854	ھە ميان	headword	536_1R.png	unverified
D90-5-05855	ھەنەفىيلەر	headword	536_1R.png	unverified
D90-5-05856	ھەنبەلىيلەر	headword	536_1R.png	unverified
D90-5-05857	ھەننىۋا	headword	536_1R.png	unverified
D90-5-05858	ھە-ھۇ	headword	536_1R.png	unverified
D90-5-05859	ھە-ھۇ دېگۈچە	headword	536_2L.png	unverified
D90-5-05860	ھە-ھۇ دېمەك	headword	536_2L.png	unverified
D90-5-05861	ھە-ھۇ دېيىشمەك	headword	536_2L.png	unverified
D90-5-05862	ھە-ھۇ قىلىشماق	headword	536_2L.png	unverified
D90-5-05863	ھە - ھۇچىلار	headword	537_1R.png	unverified
D90-5-05864	ھەۋەس	headword	537_1R.png	unverified
D90-5-05865	ھەۋەس قىلماق	headword	537_1R.png	unverified
D90-5-05866	ھەۋەسكار	headword	537_1R.png	unverified
D90-5-05867	ھەۋەسكارلىق	headword	537_1R.png	unverified
D90-5-05868	ھەۋەسلەندۈرمەك	headword	537_2L.png	unverified
D90-5-05869	ھەۋەسلەندۈرۈشمەك	headword	537_2L.png	unverified
D90-5-05870	ھەۋەسلەندۈرۈلمەك	headword	537_2L.png	unverified
D90-5-05871	ھەۋەسلەنمەك	headword	537_2L.png	unverified
D90-5-05872	ھەۋەسلىك	headword	537_2L.png	unverified
D90-5-05873	ھەۋەسلەنىشمەك	headword	537_2L.png	unverified
D90-5-05874	ھەۋەسمەن	headword	537_2L.png	verified
D90-5-05875	ھەۋەسمەنلىك	headword	537_2L.png	unverified
D90-5-05876	ھەۋزىكەۋسەر	headword	538_1R.png	unverified
D90-5-05877	ھەي	headword	538_1R.png	unverified
D90-5-05878	ھەيئەت	headword	538_1R.png	unverified
D90-5-05879	ھەيئەتلىك	headword	538_2L.png	unverified
D90-5-05880	ھەيتاڭ	headword	538_2L.png	unverified
D90-5-05881	ھەيتاڭەي	headword	538_2L.png	unverified
D90-5-05882	ھەيتوۋا	headword	538_2L.png	unverified
D90-5-05883	ھەيدەتمەك	headword	539_1R.png	unverified
D90-5-05884	ھەيدەشتۈرمەك	headword	539_1R.png	unverified
D90-5-05885	ھەيدەشمەك	headword	539_1R.png	unverified
D90-5-05886	ھەيدەكچى	headword	539_1R.png	unverified
D90-5-05887	ھەيدەكچى بولماق	headword	539_2L.png	unverified
D90-5-05888	ھەيدەكچىلىك	headword	539_2L.png	unverified
D90-5-05889	ھەيدەلمەك	headword	539_2L.png	unverified
D90-5-05890	ھەيدىمەك	headword	540_1R.png	unverified
D90-5-05891	ھەيران	headword	540_2L.png	unverified
D90-5-05893	ھەيران قالماق	headword	541_1R.png	unverified
D90-5-05893-v1	ھەيران بولماق	variant	541_1R.png	unverified
D90-5-05894	ھەيران قىلماق	headword	541_1R.png	unverified
D90-5-05895	ھەيرانە	headword	541_1R.png	unverified
D90-5-05896	ھەيرانچىلىق	headword	541_1R.png	unverified
D90-5-05897	ھەيرانلىق	headword	541_1R.png	unverified
D90-5-05898	ھەيران-ھەس	headword	541_1R.png	unverified
D90-5-05899	ھەيران-ھەس قالماق	headword	541_2L.png	unverified
D90-5-05899-v1	ھەيران-ھەس بولماق	variant	541_2L.png	unverified
D90-5-05900	ھەيران-ھەس قىلماق	headword	541_2L.png	unverified
D90-5-05901	ھەيرەت	headword	541_2L.png	unverified
D90-5-05902	ھەيرەتتە قالماق	headword	541_2L.png	unverified
D90-5-05903	ھەيز	headword	542_1R.png	unverified
D90-5-05907	ھەيكەل	headword	542_1R.png	unverified
D90-5-05908	ھەيكەلتراش	headword	542_1R.png	unverified
D90-5-05909	ھەيكەلتراشلىق	headword	542_1R.png	unverified
D90-5-05910	ھەيكەلتىراشلىق	headword	542_2L.png	unverified
D90-5-05911	ھەيھات	headword	542_2L.png	verified
D90-5-05912	ھەي-ھەي	headword	542_2L.png	unverified
D90-5-05913	ھەيۋە	headword	542_2L.png	unverified
D90-5-05914	ھەيۋە قىلماق	headword	543_1R.png	unverified
D90-5-05915	ھەيۋىسى سۇنماق	headword	543_1R.png	unverified
D90-5-05916	ھەيۋىسىنى يەرگە ئۇرماق	headword	543_1R.png	unverified
D90-5-05917	ھەيۋەت	headword	543_1R.png	unverified
D90-5-05918	ھەيۋەتلەشمەك	headword	543_2L.png	unverified
D90-5-05919	ھەيۋەتلىك	headword	543_2L.png	unverified
D90-5-05920	ھەيۋىلىك	headword	543_2L.png	unverified
D90-5-05921	ھەييار	headword	543_2L.png	unverified
D90-5-05922	ھەييارلارچە	headword	544_1R.png	unverified
D90-5-05923	ھەييارلاشتۇرماق	headword	544_1R.png	unverified
D90-5-05924	ھەييارلاشماق	headword	544_1R.png	unverified
D90-5-05925	ھەييارلىق	headword	544_1R.png	unverified
D90-5-05926	ھەييارلىق قىلماق	headword	544_2L.png	unverified
D90-5-05927	ھوپ	headword	544_2L.png	unverified
D90-5-05928	ھوت	headword	544_2L.png	verified
D90-5-05929	ھوت بۇرجى	headword	544_2L.png	unverified
D90-5-05930	ھوت يۇلتۇز تۈركۈمى	headword	544_2L.png	unverified
D90-5-05931	ھودكىن	headword	545_1R.png	unverified
D90-5-05933	ھودۇد	headword	545_1R.png	unverified
D90-5-05934	ھودۇقتۇرماق	headword	545_1R.png	unverified
D90-5-05935	ھودۇققاق	headword	545_1R.png	unverified
D90-5-05936	ھودۇققاقلىق	headword	545_1R.png	unverified
D90-5-05937	ھودۇقماق	headword	545_1R.png	unverified
D90-5-05938	ھودۇقۇشماق	headword	545_2L.png	unverified
D90-5-05939	ھور	headword	545_2L.png	unverified
D90-5-05942	ھورى بېسىقماق	headword	545_2L.png	unverified
D90-5-05942-v1	ھورى بېسىلماق	variant	545_2L.png	unverified
D90-5-05943	ھورى	headword	546_1R.png	unverified
D90-5-05946	ھورنى چىقارماسلىق	headword	546_1R.png	unverified
D90-5-05946-v1	بۇسىنى چىقارماسلىق	variant	546_1R.png	unverified
D90-5-05947	ھورداتماق	headword	546_1R.png	unverified
D90-5-05948	ھورداشماق	headword	546_1R.png	unverified
D90-5-05949	ھوردالماق	headword	546_1R.png	unverified
D90-5-05950	ھوردىماق	headword	546_1R.png	unverified
D90-5-05951	ھورلاشماق	headword	546_2L.png	unverified
D90-5-05952	ھورلىنىش	headword	546_2L.png	unverified
D90-5-05954	ھورنان	headword	546_2L.png	unverified
D90-5-05955	ھوسۇل	headword	546_2L.png	unverified
D90-5-05956	ھوسۇلچى	headword	546_2L.png	unverified
D90-5-05957	ھوسۇلدار	headword	547_1R.png	unverified
D90-5-05958	ھوسۇلسىز	headword	547_1R.png	unverified
D90-5-05959	ھوسۇللۇق	headword	547_1R.png	unverified
D90-5-05960	ھوش	headword	547_1R.png	unverified
D90-5-05962	ھوشى بار	headword	547_1R.png	unverified
D90-5-05963	ھوشىدىن كەتمەك	headword	547_2L.png	unverified
D90-5-05964	ھوشىغا كەلمەك	headword	547_2L.png	unverified
D90-5-05965	ھوشىنى بىلمەك	headword	547_2L.png	unverified
D90-5-05966	ھوشىنى تاپماق	headword	547_2L.png	unverified
D90-5-05966-v1	ئەقلىنى تاپماق	variant	547_2L.png	unverified
D90-5-05967	ھوشىنى يوقاتماق	headword	547_2L.png	unverified
D90-5-05967-v1	ئەس-ھوشىنى يوقاتماق	variant	547_2L.png	unverified
D90-5-05968	ھوشسىز	headword	548_1R.png	unverified
D90-5-05969	ھوشسىزلاندۇرماق	headword	548_1R.png	unverified
D90-5-05970	ھوشسىزلاندۇرۇلماق	headword	548_1R.png	unverified
D90-5-05971	ھوشسىزلانماق	headword	548_1R.png	unverified
D90-5-05972	ھوشسىزلىق	headword	548_1R.png	unverified
D90-5-05973	ھوششە رە	headword	548_1R.png	unverified
D90-5-05974	ھوش-كاللا	headword	548_2L.png	unverified
D90-5-05975	ھوش-كاللىسى جايىدا	headword	548_2L.png	unverified
D90-5-05976	ھوش-كاللىسىنى يوقاتماق	headword	548_2L.png	unverified
D90-5-05977	ھوشۇقچە	headword	548_2L.png	unverified
D90-5-05978	ھوشيار	headword	548_2L.png	unverified
D90-5-05980	ھوشيارلاشماق	headword	549_1R.png	unverified
D90-5-05981	ھوشيارلىق	headword	549_1R.png	unverified
D90-5-05982	ھوقۇق	headword	549_1R.png	unverified
D90-5-05983	ھوقۇقخۇمار	headword	549_1R.png	unverified
D90-5-05984	ھوقۇقدار	headword	549_1R.png	verified
D90-5-05985	ھوقۇقسىز	headword	549_1R.png	unverified
D90-5-05986	ھوقۇقسىزلىق	headword	549_2L.png	unverified
D90-5-05987	ھوقۇقشۇناس	headword	549_2L.png	unverified
D90-5-05988	ھوقۇقشۇناسلىق	headword	549_2L.png	unverified
D90-5-05989	ھوقۇقلۇق	headword	549_2L.png	unverified
D90-5-05990	ھوگا	headword	549_2L.png	unverified
D90-5-05991	ھوگازا	headword	549_2L.png	unverified
D90-5-05992	ھوگۇنا	headword	549_2L.png	unverified
D90-5-05993	ھوڭ	headword	549_2L.png	unverified
D90-5-05994	ھولا	headword	549_2L.png	unverified
D90-5-05995	ھولولوپ	headword	549_2L.png	unverified
D90-5-05996	ھولولوپلۇق	headword	549_2L.png	unverified
D90-5-05997	ھولۇقتۇرماق	headword	549_2L.png	unverified
D90-5-05998	ھولۇققاق	headword	549_2L.png	unverified
D90-5-05999	ھولۇققاقلىق	headword	550_1R.png	unverified
D90-5-06000	ھولۇقماق	headword	550_1R.png	unverified
D90-5-06001	ھولۇقۇشماق	headword	550_1R.png	unverified
D90-5-06002	ھومايماق	headword	550_1R.png	unverified
D90-5-06003	ھومىيىشماق	headword	550_1R.png	unverified
D90-5-06004	ھون	headword	550_1R.png	unverified
D90-5-06008	ھونلار	headword	550_2L.png	unverified
D90-5-06005	ھون ئىمپېرىيىسى	headword	550_1R.png	unverified
D90-5-06006	ھوناغ	headword	550_2L.png	unverified
D90-5-06009	ھونناق	headword	550_2L.png	unverified
D90-5-06010	ھونۇز	headword	550_2L.png	unverified
D90-5-06011	ھوي	headword	550_2L.png	verified
D90-5-06012	ھويلا	headword	551_1R.png	unverified
D90-5-06014	ھويلا چۆرۈمەك	headword	551_1R.png	unverified
D90-5-06015	ھويلا-ئارام	headword	551_1R.png	unverified
D90-5-06016	ھويلىلىق	headword	551_1R.png	unverified
D90-5-06017	ھۇ	headword	551_2L.png	unverified
D90-5-06020	ھۇجرا	headword	551_2L.png	unverified
D90-5-06021	ھۇجرىداش	headword	551_2L.png	unverified
D90-5-06022	ھۇجرىلىق	headword	551_2L.png	unverified
D90-5-06023	ھۇجۇم	headword	551_2L.png	unverified
D90-5-06024	ھۇجۇم قىلماق	headword	552_1R.png	unverified
D90-5-06025	ھۇجۇمچى	headword	552_2L.png	unverified
D90-5-06026	ھۇررا	headword	553_1R.png	verified
D90-5-06027	ھۇرۇن	headword	553_1R.png	unverified
D90-5-06028	ھۇرۇنلاشتۇرماق	headword	553_1R.png	unverified
D90-5-06029	ھۇرۇنلاشماق	headword	553_2L.png	unverified
D90-5-06030	ھۇرۇنلۇق	headword	553_2L.png	unverified
D90-5-06031	ھۇزۇر	headword	553_2L.png	unverified
D90-5-06035	ھۇزۇرلاندۇرماق	headword	553_2L.png	unverified
D90-5-06036	ھۇزۇرلانماق	headword	554_1R.png	unverified
D90-5-06037	ھۇزۇرلۇق	headword	554_1R.png	unverified
D90-5-06038	ھۇزۇرلىنارلىق	headword	554_1R.png	unverified
D90-5-06039	ھۇزۇرلىنىشماق	headword	554_1R.png	unverified
D90-5-06040	ھۇزۇر-ھالاۋەت	headword	554_1R.png	unverified
D90-5-06041	ھۇشتەك	headword	554_1R.png	unverified
D90-5-06041-v1	پۇشتەك I	variant	554_1R.png	unverified
D90-5-06042	ھۇشقۇرتماق	headword	554_1R.png	unverified
D90-5-09589	ئۈشقىرتماق	headword	889_2L.png	unverified
D90-5-06043	ھۇقۇش	headword	554_1R.png	unverified
D90-5-06044	ھۇل	nonstandard	554_2L.png	unverified
D90-5-08209	ئۇل	headword	752_2L.png	unverified
D90-5-06045	ھۇما	headword	554_2L.png	unverified
D90-5-06046	ھۇۋلاتماق	headword	554_2L.png	unverified
D90-5-06047	ھۇۋلاشماق	headword	554_2L.png	unverified
D90-5-06048	ھۇۋلىماق	headword	554_2L.png	unverified
D90-5-06049	ھۇۋۇلدىماق	headword	554_2L.png	unverified
D90-5-06050	ھۆ	headword	555_1R.png	unverified
D90-5-06053	ھۆپۈپ	headword	555_1R.png	unverified
D90-5-06054	ھۆپىگەر	headword	555_1R.png	verified
D90-5-06055	ھۆپىگەرلىك	headword	555_1R.png	unverified
D90-5-06056	ھۆپىگەن	headword	555_1R.png	unverified
D90-5-06057	ھۆتمىتۆشۈك	nonstandard	555_1R.png	unverified
D90-5-08607	ئۆتمىتۆشۈك	headword	794_2L.png	unverified
D90-5-06058	ھۆتۈت-پۆتۈت	headword	555_2L.png	unverified
D90-5-06058-v1	ھۆتۇت- يۆتۈت دېمەك	variant	555_2L.png	unverified
D90-5-09774	ھۆتۈت-پۆتۈت دېمەك	headword	555_2L.png	unverified
D90-5-06059	ھۆججەت	headword	555_2L.png	unverified
D90-5-06060	ھۆججەتشۇناس	headword	556_1R.png	verified
D90-5-06061	ھۆججەتشۇناسلىق	headword	556_1R.png	unverified
D90-5-06062	ھۆججەتلەشمەك	headword	556_1R.png	unverified
D90-5-06063	ھۆججەتلىك	headword	556_1R.png	unverified
D90-5-06065	ھۆججە تىلىك	headword	556_2L.png	unverified
D90-5-06066	ھۆددەچى	headword	556_2L.png	unverified
D90-5-06067	ھۆددە	headword	556_2L.png	unverified
D90-5-06068	ھۆددە قىلماق	headword	556_2L.png	unverified
D90-5-06069	ھۆددىسىدىن چىقماق	headword	556_2L.png	unverified
D90-5-06070	ھۆددىگە ئالماق	headword	557_1R.png	unverified
D90-5-06071	ھۆددىگە بەرمەك	headword	557_1R.png	unverified
D90-5-06072	ھۆددەس	headword	557_1R.png	unverified
D90-5-06073	ھۆددىگەر	headword	557_1R.png	unverified
D90-5-06074	ھۆددىگەرلىك	headword	557_1R.png	unverified
D90-5-06076	ھۆددىلەشمەك	headword	557_1R.png	unverified
D90-5-06077	ھۆددىلىمەك	headword	557_2L.png	unverified
D90-5-06078	ھۆر	headword	557_2L.png	unverified
D90-5-06080	ھۆر-ئازاد	headword	557_2L.png	unverified
D90-5-06081	ھۆر-پەرى	headword	557_2L.png	unverified
D90-5-06082	ھۆر-غىلمان	headword	558_1R.png	unverified
D90-5-06083	ھۆركىرەتمەك	headword	558_1R.png	unverified
D90-5-06084	ھۆركىرەشمەك	headword	558_1R.png	unverified
D90-5-06085	ھۆركىرىمەك	headword	558_1R.png	unverified
D90-5-06086	ھۆرلەر	headword	558_1R.png	unverified
D90-5-06087	ھۆرلۈك	headword	558_2L.png	unverified
D90-5-06088	ھۆرمەت	headword	558_2L.png	unverified
D90-5-06089	ھۆرمەت بىلدۈرمەك	headword	558_2L.png	unverified
D90-5-06091	ھۆرمەتچان	headword	558_2L.png	unverified
D90-5-06092	ھۆرمەتسىز	headword	559_1R.png	unverified
D90-5-06093	ھۆرمەتسىزلىك	headword	559_1R.png	unverified
D90-5-06094	ھۆرمەتلىشمەك	headword	559_1R.png	unverified
D90-5-06095	ھۆرمەتلىنمەك	headword	559_1R.png	unverified
D90-5-06096	ھۆرمەتلىك	headword	559_1R.png	unverified
D90-5-06097	ھۆرمەتلىمەك	headword	559_1R.png	unverified
D90-5-06098	ھۆرمەت - ئېھتىرام	headword	559_2L.png	unverified
D90-5-06099	ھۆر - ھۆر	headword	559_2L.png	unverified
D90-5-06099-v1	ھۆر - ھۆر يىغلىماق	variant	559_2L.png	unverified
D90-5-06100	ھۆرۈ-پۆرۈ	headword	559_2L.png	unverified
D90-5-06100-v1	ھۆرۈ-پۆرۈ دېمەك	variant	559_2L.png	unverified
D90-5-06101	ھۆرىستان	headword	559_2L.png	unverified
D90-5-06102	ھۆرىگۈل	headword	559_2L.png	unverified
D90-5-06103	ھۆرىيەت	headword	560_1R.png	unverified
D90-5-06104	ھۆرىيەتپەرۋەر	headword	560_1R.png	unverified
D90-5-06105	ھۆرىيەتپەرۋەرلىك	headword	560_1R.png	unverified
D90-5-06106	ھۆرىيەتچى	headword	560_1R.png	unverified
D90-5-06107	ھۆزۈر	headword	560_1R.png	unverified
D90-5-06108	ھۆزۈرخالىق	headword	560_1R.png	unverified
D90-5-06109	ھۆسن	headword	560_1R.png	unverified
D90-5-06110	ھۆسنىگە ھۆسن قوشماق	headword	560_2L.png	unverified
D90-5-06111	ھۆسن-جامال	headword	560_2L.png	unverified
D90-5-06112	ھۆسۈت	headword	560_2L.png	unverified
D90-5-06113	ھۆسىلە	headword	560_2L.png	unverified
D90-5-06115	ھۆسىلە - سۈلكەت	headword	560_2L.png	unverified
D90-5-06116	ھۆكمەت	headword	560_2L.png	unverified
D90-5-06117	ھۆكمەتچى	headword	561_1R.png	unverified
D90-5-06118	ھۆكۈم	headword	561_1R.png	unverified
D90-5-06119	ھۆكۈم چىقارماق	headword	561_1R.png	unverified
D90-5-06120	ھۆكۈم سۈرمەك	headword	561_2L.png	unverified
D90-5-06121	ھۆكۈم قىلماق	headword	561_2L.png	unverified
D90-5-06122	ھۆكۈمنىڭ چىن-ساختىلىقى	headword	562_1R.png	unverified
D90-5-06123	ھۆكۈمنىڭ سۈپىتى	headword	562_1R.png	unverified
D90-5-06124	ھۆكۈمنىڭ مىقدارى	headword	562_1R.png	unverified
D90-5-06125	ھۆكۈم ئېلان قىلىش	headword	562_1R.png	unverified
D90-5-06126	ھۆكۈما	headword	562_1R.png	unverified
D90-5-06127	ھۆكۈمەت	headword	562_2L.png	unverified
D90-5-06130	ھۆكۈمەتچىلىك	headword	562_2L.png	unverified
D90-5-06131	ھۆكۈمەتسىز	headword	562_2L.png	unverified
D90-5-06132	ھۆكۈمەتسىزلارچە	headword	563_1R.png	unverified
D90-5-06133	ھۆكۈمەتسىزلىك	headword	563_1R.png	unverified
D90-5-06134	ھۆكۈمچى	headword	563_1R.png	unverified
D90-5-06135	ھۆكۈمدار	headword	563_1R.png	verified
D90-5-06136	ھۆكۈمدارلىق	headword	563_1R.png	unverified
D90-5-06137	ھۆكۈمران	headword	563_2L.png	verified
D90-5-06139	ھۆكۈمرانلىق	headword	563_2L.png	unverified
D90-5-06141	ھۆكۈملەنگۈچى	headword	563_2L.png	unverified
D90-5-06142	ھۆكۈملۈك	headword	563_2L.png	unverified
D90-5-06143	ھۆكۈملىگۈچى	headword	563_2L.png	unverified
D90-5-06144	ھۆكۈمنامە	headword	564_1R.png	unverified
D90-5-06145	ھۆكۈنەك	headword	564_1R.png	unverified
D90-5-06146	ھۆڭ	headword	564_1R.png	unverified
D90-5-06147	ھۆڭرەتمەك	headword	564_1R.png	unverified
D90-5-06148	ھۆڭرەشمەك	headword	564_1R.png	unverified
D90-5-06149	ھۆڭرىمەك	headword	564_1R.png	unverified
D90-5-06150	ھۆڭگۈرەك	headword	564_1R.png	verified
D90-5-06150-v1	ھۆڭگۈرەك ئاتماق	variant	564_1R.png	verified
D90-5-06152	ھۆڭگۈرەكلىمە	headword	564_2L.png	unverified
D90-5-06153	ھۆڭگۈل	headword	564_2L.png	unverified
D90-5-06154	ھۆڭگۈل چىش	headword	564_2L.png	unverified
D90-5-06154-v1	ھىڭگاڭ چىش	variant	564_2L.png	unverified
D90-5-06155	ھۆڭڭىدە	headword	564_2L.png	verified
D90-5-06156	ھۆڭ- ھۆڭ	headword	564_2L.png	unverified
D90-5-06157	ھۆل	headword	564_2L.png	unverified
D90-5-06159	ھۆل تەمرەتكە	headword	564_2L.png	unverified
D90-5-06160	ھۆل چاغلاق	headword	565_1R.png	unverified
D90-5-06161	ھۆل خىش	headword	565_1R.png	unverified
D90-5-06162	ھۆل خىشقا دەسسەتمەك	headword	565_1R.png	unverified
D90-5-06163	ھۆل خىش قويماق	headword	565_1R.png	unverified
D90-5-06164	ھۆل دەرەخ	headword	565_1R.png	unverified
D90-5-06165	ھۆل مېۋە	headword	565_1R.png	unverified
D90-5-06166	ھۆل يەرگە دەسسىمەك	headword	565_1R.png	unverified
D90-5-06167	ھۆلتەن	headword	565_2L.png	unverified
D90-5-06168	ھۆلچىلىك	headword	565_2L.png	unverified
D90-5-06170	ھۆل-قۇرۇق	headword	565_2L.png	unverified
D90-5-06171	ھۆللەتمەك	headword	565_2L.png	unverified
D90-5-06172	ھۆللەشمەك	headword	565_2L.png	unverified
D90-5-06173	ھۆللەنمەك	headword	565_2L.png	unverified
D90-5-06174	ھۆللۈك	headword	566_1R.png	unverified
D90-5-06175	ھۆللىمەك	headword	566_1R.png	unverified
D90-5-06176	ھۆل-يېغىن	headword	566_1R.png	unverified
D90-5-06177	ھۆمۈدەشمەك	headword	566_1R.png	verified
D90-5-06178	ھۆمۈدىمەك	headword	566_1R.png	unverified
D90-5-06180	ھۈپ	headword	566_1R.png	unverified
D90-5-06182	ھۈپپىدە	headword	566_2L.png	unverified
D90-5-06183	ھۈپلەتمەك	headword	566_2L.png	unverified
D90-5-06184	ھۈپلىمەك	headword	566_2L.png	unverified
D90-5-06185	ھۈپ-ھۈپ	headword	566_2L.png	unverified
D90-5-06186	ھۈجەيرە	headword	566_2L.png	unverified
D90-5-06187	ھۈجەيرە ئاپپاراتى	headword	567_1R.png	unverified
D90-5-06188	ھۈجەيرە ئارىلىق بوشلۇقى	headword	567_1R.png	unverified
D90-5-06189	ھۈجەيرە ئارىلىق يىپچىلىرى	headword	567_1R.png	unverified
D90-5-06190	ھۈجەيرە پەردىسى	headword	567_1R.png	unverified
D90-5-06191	ھۈجەيرە پوستى	headword	567_1R.png	unverified
D90-5-06192	ھۈجەيرە پىگمېنتى	headword	567_1R.png	unverified
D90-5-06193	ھۈجەيرە تاشقى ئېنزىمى	headword	567_2L.png	unverified
D90-5-06194	ھۈجەيرە تاكسونومىيىسى	headword	567_2L.png	unverified
D90-5-06195	ھۈجەيرە دەۋرلىكى	headword	567_2L.png	unverified
D90-5-06196	ھۈجەيرە زەھىرى	headword	567_2L.png	unverified
D90-5-06197	ھۈجەيرە سۇيۇقلۇقى	headword	567_2L.png	unverified
D90-5-06198	ھۈجەيرە گېنېتىكىسى	headword	567_2L.png	unverified
D90-5-06199	ھۈجەيرە ئىچكى ئېنزىمى	headword	567_2L.png	unverified
D90-5-06200	ھۈجەيرە ئىلمى	headword	567_2L.png	unverified
D90-5-06200-v1	ستولوگىيە	variant	567_2L.png	unverified
D90-5-06201	ھۈجەيرە ئىممۇنىتېتى	headword	567_2L.png	unverified
D90-5-06202	ھۈجەيرە يادروسى	headword	568_1R.png	unverified
D90-5-06203	ھۈجەيرىنىڭ بۆلۈنۈشى	headword	568_1R.png	unverified
D90-5-06204	ھۈجەيرىنىڭ كېلىپ چىقىشى	headword	568_1R.png	unverified
D90-5-06205	ھۈجەيرىنىڭ ئۆتكۈزۈشچانلىقى	headword	568_2L.png	unverified
D90-5-06206	ھۈرپەيتىلمەك	headword	568_2L.png	unverified
D90-5-06207	ھۈرپەيمەك	headword	568_2L.png	unverified
D90-5-06208	ھۈرپىيىشمەك	headword	569_1R.png	unverified
D90-5-06209	ھۈررەك	headword	569_1R.png	unverified
D90-5-06210	ھۈررەكلەشمەك	headword	569_1R.png	unverified
D90-5-06211	ھۈررەك-ھۈررەك	headword	569_1R.png	unverified
D90-5-06212	ھۈرمەك	headword	569_1R.png	unverified
D90-5-06213	ھۈكەر	nonstandard	569_2L.png	unverified
D90-5-09601	ئۈكەر	headword	890_1R.png	unverified
D90-5-06214	ھۈمەلچاي	headword	569_2L.png	unverified
D90-5-06215	ھۈممە	headword	569_2L.png	unverified
D90-5-06216	ھۈنەر	headword	569_2L.png	verified
D90-5-06219	ھۈنەر كۆرسەتمەك	headword	570_1R.png	unverified
D90-5-06220	ھۈنەر ئىشلەتمەك	headword	570_1R.png	unverified
D90-5-06221	ھۈنەر-سەنئەت	headword	570_1R.png	unverified
D90-5-06222	ھۈنەر-سەنئەت پېترولوگىيىسى	headword	570_1R.png	unverified
D90-5-06223	ھۈنەر سىز	headword	570_2L.png	unverified
D90-5-06224	ھۈنەرلىك	headword	570_2L.png	unverified
D90-5-06225	ھۈنەرۋەن	headword	570_2L.png	unverified
D90-5-06226	ھۈنەرۋەنچىلىك	headword	570_2L.png	unverified
D90-5-06227	ھۈنەرۋەنلىك	headword	570_2L.png	unverified
D90-5-06228	ھېجىر	headword	571_1R.png	unverified
D90-5-06229	ھېجىقىز	headword	571_1R.png	unverified
D90-5-06230	ھېچ	headword	571_1R.png	unverified
D90-5-06231	ھېچ بولمىسا	headword	571_1R.png	unverified
D90-5-06232	ھېچ بولمىغاندا	headword	571_2L.png	unverified
D90-5-06233	ھېچ قەيەر	headword	571_2L.png	unverified
D90-5-06234	ھېچكىم	headword	571_2L.png	unverified
D90-5-06235	ھېچ گەپ ئەمەس	headword	571_2L.png	unverified
D90-5-06236	ھېچ گەپنىڭ تايىنى يوق	headword	571_2L.png	unverified
D90-5-06237	ھېچ گەپ يوق	headword	571_2L.png	unverified
D90-5-06238	ھېچ نەرسە	headword	572_1R.png	unverified
D90-5-06239	ھېچ نەرسە ئەمەس	headword	572_1R.png	unverified
D90-5-06240	ھېچ ۋاقىت	headword	572_1R.png	unverified
D90-5-06247	ھېچقاچان	headword	572_2L.png	unverified
D90-5-06241	ھېچ ۋەقەسى يوق	headword	572_1R.png	unverified
D90-5-06242	ھېچ ئىش كۆرمىگەن	headword	572_1R.png	unverified
D90-5-06243	ھېچ ئىش يوق	headword	572_1R.png	unverified
D90-5-06244	ھېچ ياق	headword	572_1R.png	unverified
D90-5-06255	ھېچنېمە	headword	573_1R.png	unverified
D90-5-06245	ھېچ يەر	headword	572_1R.png	unverified
D90-5-06246	ھېچبىر	headword	572_2L.png	unverified
D90-5-06248	ھېچقانچە	headword	572_2L.png	unverified
D90-5-06249	ھېچقانداق	headword	572_2L.png	unverified
D90-5-06250	ھېچقايسى	headword	572_2L.png	unverified
D90-5-06251	ھېچقىسى	headword	573_1R.png	verified
D90-5-06252	ھېچقىسى يوق	headword	573_1R.png	unverified
D90-5-06254	ھېچنە	headword	573_1R.png	unverified
D90-5-06257	ھېرىپ-تېلىپ	headword	573_1R.png	unverified
D90-5-06258	ھېرىپ-چارچاپ	headword	573_1R.png	unverified
D90-5-06259	ھېرىپ-ئېچىپ	headword	573_2L.png	unverified
D90-5-06260	ھېرىس	headword	573_2L.png	unverified
D90-5-06261	ھېرىس بولماق	headword	573_2L.png	unverified
D90-5-06262	ھېرىسلىق	headword	573_2L.png	unverified
D90-5-06263	ھېرىسمەن	headword	573_2L.png	unverified
D90-5-06264	ھېرىسمەنلىك	headword	573_2L.png	unverified
D90-5-06265	ھېرىنماق	headword	574_1R.png	unverified
D90-5-06266	ھېزى	headword	574_1R.png	unverified
D90-5-06267	ھېزى بولماق	headword	574_1R.png	unverified
D90-5-06268	ھېس	headword	574_1R.png	unverified
D90-5-06268-i1	ھېسسى	inflected	574_1R.png	unverified
D90-5-06270	ھېس قىلماق	headword	574_1R.png	unverified
D90-5-06271	ھېساب	headword	574_1R.png	unverified
D90-5-06273	ھېساب ئالماق	headword	575_1R.png	unverified
D90-5-06274	ھېساب ئەمەس	headword	575_1R.png	unverified
D90-5-06275	ھېساب بەرمەك	headword	575_2L.png	unverified
D90-5-06276	ھېساب بولماق	headword	575_2L.png	unverified
D90-5-06277	ھېسابتا بار، ھەمدەمدە يوق	headword	575_2L.png	unverified
D90-5-06278	ھېساب تۈرى	headword	575_2L.png	unverified
D90-5-06279	ھېسابتىن كۆتۈرۈۋېتىش	headword	575_2L.png	unverified
D90-5-06280	ھېساب خاتىرىلىگۈچى	headword	575_2L.png	unverified
D90-5-06281	ھېساب دەپتەر	headword	575_2L.png	unverified
D90-5-06282	ھېسابقا ئالماق	headword	575_2L.png	unverified
D90-5-06283	ھېسابات	headword	576_1R.png	unverified
D90-5-06284	ھېسابات دەرىخى	headword	576_2L.png	unverified
D90-5-06285	ھېسابات قىلماق	headword	576_2L.png	unverified
D90-5-06286	ھېسابدان	headword	576_2L.png	unverified
D90-5-06287	ھېسابسىز	headword	576_2L.png	unverified
D90-5-06288	ھېساب-كىتاب	headword	576_2L.png	unverified
D90-5-06289	ھېساب-كىتاب قىلماق	headword	576_2L.png	unverified
D90-5-06290	ھېسابلاتماق	headword	577_1R.png	unverified
D90-5-06291	ھېسابلاش	headword	577_1R.png	unverified
D90-5-06295	ھېسابلاشماق	headword	577_1R.png	unverified
D90-5-06296	ھېسابلانماق	headword	577_1R.png	unverified
D90-5-06297	ھېسابلىغۇچ	headword	577_2L.png	unverified
D90-5-06298	ھېسابلىق	headword	577_2L.png	unverified
D90-5-06299	ھېسابلىماق	headword	577_2L.png	unverified
D90-5-06300	ھېس-تۇيغۇ	headword	578_1R.png	unverified
D90-5-06301	ھېسداش	headword	578_1R.png	unverified
D90-5-06302	ھېسداشلىق	headword	578_1R.png	unverified
D90-5-06303	ھېسداشلىق بىلدۈرمەك	headword	578_1R.png	unverified
D90-5-06304	ھېسداشلىق قىلماق	headword	578_1R.png	unverified
D90-5-06305	ھېسسىز	headword	578_2L.png	unverified
D90-5-06306	ھېسسىي	headword	578_2L.png	unverified
D90-5-06307	ھېسسىي بىلىش	headword	578_2L.png	unverified
D90-5-06308	ھېسسىي بىلىم	headword	578_2L.png	unverified
D90-5-06309	ھېسسىي سەزگۈ	headword	578_2L.png	unverified
D90-5-06310	ھېسسىي ئوبراز	headword	578_2L.png	unverified
D90-5-06311	ھېسسىيات	headword	579_1R.png	unverified
D90-5-06312	ھېسىياتچان	headword	579_1R.png	unverified
D90-5-06313	ھېسىياتچانلىق	headword	579_1R.png	unverified
D90-5-06314	ھېسىياتسىز	headword	579_1R.png	unverified
D90-5-06315	ھېسىياتلىق	headword	579_1R.png	unverified
D90-5-06316	ھېسىيلىق	headword	579_1R.png	unverified
D90-5-06317	ھېسىپ	headword	579_1R.png	unverified
D90-5-06318	ھېشىق	headword	579_2L.png	unverified
D90-5-06319	ھېق	headword	579_2L.png	unverified
D90-5-06320	ھېق تۇتماق	headword	579_2L.png	unverified
D90-5-06321	ھېققىدە	headword	579_2L.png	unverified
D90-5-06322	ھېقىق	headword	579_2L.png	unverified
D90-5-06323	ھېقىقلىماق	headword	579_2L.png	unverified
D90-5-06324	ھېكايە	headword	579_2L.png	unverified
D90-5-06325	ھېكايە فىلىم	headword	580_1R.png	unverified
D90-5-06326	ھېكايە قىلماق	headword	580_1R.png	unverified
D90-5-06327	ھېكايەت	headword	580_1R.png	unverified
D90-5-06328	ھېكايىچى	headword	580_1R.png	unverified
D90-5-06329	ھېكايىچىلىق	headword	580_2L.png	unverified
D90-5-06330	ھېكماچ	headword	580_2L.png	unverified
D90-5-06331	ھېكمەت	headword	580_2L.png	unverified
D90-5-06332	ھېكمەتلىك	headword	580_2L.png	unverified
D90-5-06334	ھېكىم	headword	581_1R.png	unverified
D90-5-06335	ھېلى	headword	581_1R.png	unverified
D90-5-06337	ھېلىتىن	headword	581_2L.png	unverified
D90-5-06338	ھېلىدىن-ھېلى	headword	581_2L.png	unverified
D90-5-06339	ھېلىدىن-ھېلىغا	headword	581_2L.png	unverified
D90-5-06340	ھېلىغىچە	headword	581_2L.png	unverified
D90-5-06341	ھېلىقى	headword	581_2L.png	unverified
D90-5-06342	ھېلىلە	headword	581_2L.png	unverified
D90-5-06343	ھېلىمۇ	headword	582_1R.png	unverified
D90-5-06344	ھېلىھەم	headword	582_1R.png	unverified
D90-5-06345	ھېيىت	headword	582_1R.png	unverified
D90-5-06346	ھېيت بولماق	headword	582_2L.png	unverified
D90-5-06347	ھېيت قىلماق	headword	582_2L.png	unverified
D90-5-06348	ھېيت نامىزى	headword	582_2L.png	unverified
D90-5-06349	ھېيت-ئايەم	headword	582_2L.png	unverified
D90-5-06350	ھېيت-ئايەملىك	headword	582_2L.png	unverified
D90-5-06351	ھېيت-بايرام	headword	583_1R.png	unverified
D90-5-06352	ھېيتلاتماق	headword	583_1R.png	unverified
D90-5-06353	ھېيتلاشماق	headword	583_1R.png	unverified
D90-5-06354	ھېيتلىق	headword	583_1R.png	unverified
D90-5-06356	ھېيتلىماق	headword	583_1R.png	unverified
D90-5-06357	ھېيىقتۇرماق	headword	583_2L.png	unverified
D90-5-06358	ھېيىقماق	headword	583_2L.png	unverified
D90-5-06359	ھېيىقىشماق	headword	583_2L.png	unverified
D90-5-06360	ھىتىت	headword	583_2L.png	unverified
D90-5-06362	ھىتىرقىماق	headword	583_2L.png	unverified
D90-5-06362-v1	يېتىرقىماق	variant	583_2L.png	unverified
D90-5-06363	ھىجارىماق	headword	583_2L.png	unverified
D90-5-06364	ھىجاق	headword	584_1R.png	unverified
D90-5-06365	ھىجايتماق	headword	584_1R.png	unverified
D90-5-06366	ھىجايغاق	headword	584_1R.png	unverified
D90-5-06367	ھىجايماق	headword	584_1R.png	unverified
D90-5-06368	ھىجران	headword	584_1R.png	unverified
D90-5-06369	ھىجرانلىق	headword	584_1R.png	unverified
D90-5-06370	ھىجرەت	headword	584_2L.png	unverified
D90-5-06371	ھىجرىيە	headword	584_2L.png	unverified
D90-5-06372	ھىجىيىشماق	headword	584_2L.png	unverified
D90-5-06373	ھىد	headword	584_2L.png	unverified
D90-5-06374	ھىدىنى چىقارماسلىق	headword	585_1R.png	unverified
D90-5-06375	ھىدايەت	headword	585_1R.png	unverified
D90-5-06376	ھىدروكاربون	headword	585_1R.png	unverified
D90-5-06378	ھىدروگېن	headword	585_1R.png	unverified
D90-5-06379	ھىدروگېن پېزوكسىد	headword	585_1R.png	unverified
D90-5-06380	ھىدروگېن خلورىد	headword	585_2L.png	unverified
D90-5-06381	ھىدروگېن سۇلفىد	headword	585_2L.png	unverified
D90-5-06382	ھىدروگېن فتورىد	headword	585_2L.png	unverified
D90-5-06383	ھىدروگېن لامپىسى	headword	585_2L.png	unverified
D90-5-06384	ھىدروگېنلىق	headword	585_2L.png	unverified
D90-5-06385	ھىدروگېنلىق باغ	headword	585_2L.png	unverified
D90-5-06386	ھەددسىز	headword	585_2L.png	unverified
D90-5-06387	ھىدلاشماق	headword	585_2L.png	unverified
D90-5-06388	ھىدلىق	headword	586_1R.png	unverified
D90-5-06389	ھىدلىماق	headword	586_1R.png	unverified
D90-5-06390	ھىراۋۇل	headword	586_1R.png	unverified
D90-5-06391	ھىرلىگۇدۇڭ	headword	586_1R.png	unverified
D90-5-06392	ھىسار	headword	586_1R.png	unverified
D90-5-06393	ھىستېرىيە	headword	586_1R.png	unverified
D90-5-06394	ھىڭ	headword	586_1R.png	unverified
D90-5-06395	ھىڭگاڭ	headword	586_2L.png	unverified
D90-5-06397	ھىڭگان	headword	586_2L.png	unverified
D90-5-06398	ھىڭگايتماق	headword	586_2L.png	unverified
D90-5-06399	ھىڭگايماق	headword	586_2L.png	unverified
D90-5-06400	ھىلال	headword	586_2L.png	unverified
D90-5-06402	ھىلبۇۋا	headword	587_1R.png	unverified
D90-5-06403	ھىلبۇۋا ئوتى	headword	587_1R.png	unverified
D90-5-06404	ھىلپىرلىماق	headword	587_1R.png	unverified
D90-5-06405	ھىل-ھىل	headword	587_1R.png	unverified
D90-5-06406	ھىلھىلە	headword	587_1R.png	unverified
D90-5-06408	ھىليۇن	headword	587_1R.png	unverified
D90-5-06409	ھىم	headword	587_2L.png	verified
D90-5-06411	ھىمات	headword	587_2L.png	unverified
D90-5-06412	ھىمات قىلماق	headword	587_2L.png	unverified
D90-5-06413	ھىماتچى	headword	588_1R.png	unverified
D90-5-06414	ھىماتسىز	headword	588_1R.png	unverified
D90-5-06415	ھىمالايا ئن	headword	588_1R.png	unverified
D90-5-06416	ھىمالايا تېغى	headword	588_1R.png	unverified
D90-5-06417	ھىمالايا سۇغۇرى	headword	588_1R.png	unverified
D90-5-06418	ھىمالايا قارنىغىيى	headword	588_1R.png	unverified
D90-5-06419	ھىمايە	headword	588_2L.png	unverified
D90-5-06420	ھىمايە قىلماق	headword	588_2L.png	unverified
D90-5-06421	ھىمايىچى	headword	588_2L.png	unverified
D90-5-06422	ھىمايىسىز	headword	589_1R.png	unverified
D90-5-06423	ھىمزىرھىم	headword	589_1R.png	unverified
D90-5-06424	ھىملەشتۈرمەك	headword	589_1R.png	unverified
D90-5-06425	ھىملەشمەك	headword	589_1R.png	unverified
D90-5-06426	ھىملەنمەك	headword	589_1R.png	unverified
D90-5-06427	ھىملىمەك	headword	589_1R.png	unverified
D90-5-06428	ھىممەت	headword	589_2L.png	unverified
D90-5-06429	ھىممەت-ساخاۋەت	headword	589_2L.png	unverified
D90-5-06430	ھىممەتسىز	headword	589_2L.png	unverified
D90-5-06431	ھىممەتسىزلىك	headword	589_2L.png	unverified
D90-5-06432	ھىممەتلىك	headword	590_1R.png	unverified
D90-5-06433	ھىمىرلاش	headword	590_1R.png	unverified
D90-5-06434	ھىمىرمەك	headword	590_1R.png	unverified
D90-5-06434-v1	يىمىرمەك	variant	590_1R.png	unverified
D90-5-06435	ھىمىق	headword	590_1R.png	unverified
D90-5-06436	ھىنايانا	headword	590_1R.png	unverified
D90-5-06437	ھىندى	headword	590_1R.png	verified
D90-5-06439	ھىندى پەرەڭگۈلى	headword	590_2L.png	unverified
D90-5-06440	ھىندى تىلى	headword	590_2L.png	unverified
D90-5-06441	ھىندى خېسى	headword	590_2L.png	unverified
D90-5-06442	ھىندى دىنى	headword	591_1R.png	unverified
D90-5-06443	ھىندى كارپۇس	headword	591_1R.png	unverified
D90-5-06444	ھىندى كەندىرى	headword	591_1R.png	unverified
D90-5-06445	ھىندى گۈليەسىمىنى	headword	591_1R.png	unverified
D90-5-06446	ھىندى نىلۇفىرى	headword	591_1R.png	unverified
D90-5-06447	ھىندى ئوكيان	headword	591_2L.png	unverified
D90-5-06448	ھىندى-ياۋروپا تىللىرى سىستېمىسى	headword	591_2L.png	unverified
D90-5-06449	ھىندى يۇلتۇز گۈلى	headword	592_1R.png	unverified
D90-5-06450	ھىندىچە	headword	592_1R.png	unverified
D90-5-06451	ھىندىچىنى	headword	592_1R.png	unverified
D90-5-06453	ھىندىچىنى يېرىم ئارىلى	headword	592_1R.png	unverified
D90-5-06452	ھىندىچىنى ھەرىكىتى	headword	592_1R.png	unverified
D90-5-06454	ھىندىستان	headword	592_2L.png	unverified
D90-5-06455	ھىندىستان تاپىرى	headword	592_2L.png	unverified
D90-5-06456	ھىندىستان سەندىلى	headword	592_2L.png	unverified
D90-5-06457	ھىندىستان كاۋچۇك دەرىخى	headword	592_2L.png	unverified
D90-5-06458	ھىندىغالچەك	headword	592_2L.png	unverified
D90-5-06459	ھىندىلار	headword	593_1R.png	unverified
D90-5-06460	ھىيلە	headword	593_1R.png	unverified
D90-5-06463	ھىيلە-مىكىر	headword	593_1R.png	unverified
D90-5-06464	ھىيلە-مىكىرچى	headword	593_1R.png	unverified
D90-5-06465	ھىيلە-مىكىرلىك	headword	593_2L.png	unverified
D90-5-06466	ھىيلە - نەيرەڭ	headword	593_2L.png	unverified
D90-5-06467	ھىيلىگەر	headword	593_2L.png	unverified
D90-5-06468	ھىيلىگەرلىك	headword	593_2L.png	unverified
D90-5-06469	ھىيلىلىك	headword	593_2L.png	unverified
D90-5-06470	ئو	headword	594_1R.png	unverified
D90-5-06471	ئوبدان	headword	594_1R.png	unverified
D90-5-06472	ئوبدانچاق	headword	594_2L.png	unverified
D90-5-06472-v1	ياخشىچاق	variant	594_2L.png	unverified
D90-5-06473	ئوبدانچاقلىق	headword	594_2L.png	unverified
D90-5-06473-v1	ياخشىچاقلىق	variant	594_2L.png	unverified
D90-5-06474	ئوبدانچىلىق	headword	594_2L.png	unverified
D90-5-06475	ئوبدانلاشماق	headword	594_2L.png	unverified
D90-5-06476	ئوبدانلىماق	headword	595_1R.png	unverified
D90-5-06477	ئوبراز	headword	595_1R.png	unverified
D90-5-06480	ئوبرازچانلىق	headword	595_1R.png	unverified
D90-5-06481	ئوبرازلاشتۇرماق	headword	595_2L.png	unverified
D90-5-06482	ئوبرازلاشتۇرۇش	headword	595_2L.png	unverified
D90-5-06483	ئوبرازلاشتۇرۇلماق	headword	595_2L.png	unverified
D90-5-06484	ئوبرازلاشماق	headword	595_2L.png	unverified
D90-5-06485	ئوبرازلىق	headword	595_2L.png	unverified
D90-5-06487	ئوبزور	headword	596_1R.png	unverified
D90-5-06488	ئوبزورچى	headword	596_1R.png	unverified
D90-5-06489	ئوبزورچىلىق	headword	596_1R.png	unverified
D90-5-06490	ئوبكوم	headword	596_2L.png	unverified
D90-5-06491	ئوبلاست	headword	596_2L.png	unverified
D90-5-06492	ئوبلاستلىق	headword	596_2L.png	unverified
D90-5-06493	ئوبوروت	headword	596_2L.png	unverified
D90-5-06498	ئوبوروت ۋاسىتىسى	headword	597_1R.png	unverified
D90-5-06499	ئوبوروت ۋاقتى	headword	597_1R.png	unverified
D90-5-06500	ئوبۇ	headword	597_1R.png	unverified
D90-5-06501	ئوبىسدىئان	headword	597_1R.png	unverified
D90-5-06502	ئوبيوم	headword	597_1R.png	unverified
D90-5-06503	ئوبيېكت	headword	597_1R.png	unverified
D90-5-06504	ئوبيېكتىپ	headword	597_2L.png	unverified
D90-5-06508	ئوبيېكتىپ ھاۋا رايى مەلۇماتى	headword	598_1R.png	unverified
D90-5-06509	ئوبيېكتىپ ھەقىقەت	headword	598_1R.png	unverified
D90-5-06510	ئوبيېكتىپ ئىدېئالىزم	headword	598_1R.png	unverified
D90-5-06511	ئوبيېكتىپلىق	headword	598_2L.png	unverified
D90-5-06513	ئوپال	headword	598_2L.png	unverified
D90-5-06514	ئوپپورتۇنىزم	headword	599_1R.png	unverified
D90-5-06515	ئوپپورتۇنىست	headword	599_1R.png	unverified
D90-5-06516	ئوپتىكا	headword	599_1R.png	unverified
D90-5-06517	ئوپتىكىلىق	headword	599_1R.png	unverified
D90-5-06519	ئوپتىكىلىق پائالىيەتچانلىق	headword	599_2L.png	unverified
D90-5-06520	ئوپتىكىلىق زىچ مۇھىت	headword	599_2L.png	unverified
D90-5-06521	ئوپتىكىلىق شالاڭ مۇھىت	headword	599_2L.png	unverified
D90-5-06522	ئوپتىكىلىق ئوق	headword	599_2L.png	unverified
D90-5-06523	ئوپتىمېتىر	headword	599_2L.png	unverified
D90-5-06524	ئوپتىمىزم	headword	600_1R.png	unverified
D90-5-06525	ئوپتىمىست	headword	600_1R.png	unverified
D90-5-06526	ئوپقان	headword	600_1R.png	unverified
D90-5-06527	ئوپقانلىق	headword	600_1R.png	unverified
D90-5-06528	ئوپمۇئوخشاش	headword	600_1R.png	unverified
D90-5-06530	ئوپئوخشاش	headword	600_1R.png	unverified
D90-5-06529	ئوپئوچۇق	headword	600_1R.png	unverified
D90-5-06531	ئوپئوڭاي	headword	600_1R.png	unverified
D90-5-06532	ئوپۇر	headword	600_2L.png	verified
D90-5-06533	ئوپۇر-توپۇر	headword	600_2L.png	unverified
D90-5-06536	ئوپۇرۇلماق	headword	601_1R.png	unverified
D90-5-06537	ئوپۇل-توپۇل	headword	601_1R.png	unverified
D90-5-06538	ئوپېرا	headword	601_1R.png	unverified
D90-5-06540	ئوپېراتسىيە	headword	601_1R.png	unverified
D90-5-06542	ئوپېراتور	headword	601_2L.png	unverified
D90-5-06543	ئوپېراتورلۇق	headword	601_2L.png	unverified
D90-5-06544	ئوپېرالاشتۇرماق	headword	601_2L.png	unverified
D90-5-06545	ئوپېرالاشتۇرۇلماق	headword	601_2L.png	unverified
D90-5-06546	ئوت	headword	601_2L.png	unverified
D90-5-06549	ئوتقا قويماق	headword	602_1R.png	unverified
D90-5-06551	ئوت ئاچماق	headword	602_2L.png	unverified
D90-5-06552	ئوت ئالدۇرغۈچ پىلىك	headword	602_2L.png	unverified
D90-5-06553	ئوت ئالماق	headword	602_2L.png	unverified
D90-5-06554	ئوت بولماق	headword	602_2L.png	unverified
D90-5-06555	ئوت پۈركۈگۈچ	headword	603_1R.png	unverified
D90-5-06556	ئوت تەڭرى	headword	603_1R.png	unverified
D90-5-06556-v1	كۆك تەڭرى	variant	603_1R.png	unverified
D90-5-06557	ئوت توچكىسى	headword	603_1R.png	unverified
D90-5-06558	ئوت تورى	headword	603_1R.png	unverified
D90-5-06559	ئوت توسقۇچ تام	headword	603_1R.png	unverified
D90-5-06560	ئوت تۇتاشماق	headword	603_2L.png	unverified
D90-5-06561	ئوت چاچار	headword	603_2L.png	unverified
D90-5-06562	ئوت چۈشمەك	headword	603_2L.png	unverified
D90-5-06563	ئوت چىقىپ كەتمەك	headword	603_2L.png	unverified
D90-5-06564	ئوت دەزمىلى	headword	603_2L.png	unverified
D90-5-06565	ئوت دەسسىۋالغاندەك	headword	603_2L.png	unverified
D90-5-06569	ئوتقا كىرسىن چاچماق	headword	604_1R.png	unverified
D90-5-06570	ئوتقا ياغ چاچماق	headword	604_1R.png	unverified
D90-5-06571	ئوتقا ياغ سەپمەك	headword	604_1R.png	unverified
D90-5-06572	ئوت قويماق	headword	604_1R.png	unverified
D90-5-06573	ئوت كەتمەك	headword	604_2L.png	unverified
D90-5-06574	ئوت كۆرۈنمەك	headword	604_2L.png	unverified
D90-5-06574-v1	كۆزىگە ئوت كۆرۈنمەك	variant	604_2L.png	unverified
D90-5-06575	ئوت كۈچى	headword	604_2L.png	unverified
D90-5-06576	ئوت ئۆچۈرگۈچ	headword	605_1R.png	unverified
D90-5-06577	ئوت ئۆچۈرۈش ناسوسى	headword	605_1R.png	unverified
D90-5-06578	ئوت ئۈستىگە ياغ چاچماق	headword	605_1R.png	unverified
D90-5-06579	ئوت ئېتىقادچىلىقى	headword	605_1R.png	unverified
D90-5-06580	ئوتى بار	headword	605_1R.png	unverified
D90-5-06581	ئوتى بېسىلماق	headword	605_2L.png	unverified
D90-5-06582	ئوتى تۇتماق	headword	605_2L.png	unverified
D90-5-06583	ئوت ئىچىدە پاختىنى ساقلىماق	headword	605_2L.png	unverified
D90-5-06584	ئوتىدا كۆيمەك	headword	605_2L.png	unverified
D90-5-06585	ئوتىدا ئۆرتەنمەك	headword	605_2L.png	unverified
D90-5-06586	ئوتىدا يانماق	headword	605_2L.png	unverified
D90-5-06587	ئوتى يامان	headword	605_2L.png	unverified
D90-5-06588	ئوت ياقار	headword	606_1R.png	unverified
D90-5-06588-v1	كوچېگار	variant	606_1R.png	unverified
D90-5-06589	ئوت ياقماق	headword	606_1R.png	unverified
D90-5-06590	ئوت يۈرەك	headword	606_1R.png	unverified
D90-5-06591	ئوتاتماق	headword	606_1R.png	unverified
D90-5-06592	ئوتاچى	headword	606_1R.png	unverified
D90-5-06593	ئوتاشماق	headword	606_1R.png	unverified
D90-5-06594	ئوتاق	headword	606_2L.png	unverified
D90-5-06598	ئوتاقچى	headword	606_2L.png	unverified
D90-5-06599	ئوتالغۇ	headword	606_2L.png	unverified
D90-5-06599-v1	ئوتاق II	variant	606_2L.png	unverified
D90-5-06600	ئوتالماق	headword	606_2L.png	unverified
D90-5-06601	ئوت-بوغۇز	headword	606_2L.png	unverified
D90-5-06602	ئوتپەرەس	headword	606_2L.png	unverified
D90-5-06603	ئوت-پىراق	headword	606_2L.png	unverified
D90-5-06604	ئوتتاش	headword	607_1R.png	verified
D90-5-06605	ئوتتەلە	headword	607_1R.png	unverified
D90-5-06606	ئوتتۇرا	headword	607_1R.png	unverified
D90-5-06613	ئوتتۇرا ئاتالغۇ	headword	608_1R.png	unverified
D90-5-06614	ئوتتۇرا ئارىلىققا يۈگۈرۈش مۇسابىقىسى	headword	608_1R.png	unverified
D90-5-06615	ئوتتۇرا ئاسىيا	headword	608_1R.png	unverified
D90-5-06616	ئوتتۇرا ئاغ	headword	608_2L.png	unverified
D90-5-06617	ئوتتۇرا ئافرىقا	headword	608_2L.png	unverified
D90-5-06618	ئوتتۇرا ئامېرىكا	headword	608_2L.png	unverified
D90-5-06619	ئوتتۇرا ئاۋاز	headword	608_2L.png	unverified
D90-5-06620	ئوتتۇرا ئەترەت	headword	608_2L.png	unverified
D90-5-06621	ئوتتۇرا ئەسىر	headword	608_2L.png	unverified
D90-5-06622	ئوتتۇرا بارماق	headword	609_1R.png	unverified
D90-5-06623	ئوتتۇرا بارىيېر	headword	609_1R.png	unverified
D90-5-06624	ئوتتۇرا بوي	headword	609_1R.png	unverified
D90-5-06625	ئوتتۇرا بېك	headword	609_1R.png	unverified
D90-5-06626	ئوتتۇرا تاش قورال دەۋرى	headword	609_1R.png	unverified
D90-5-06627	ئوتتۇرا تۆرەلمە قەۋىتى	headword	609_1R.png	unverified
D90-5-06628	ئوتتۇرا جىنس	headword	609_1R.png	unverified
D90-5-06629	ئوتتۇرا چەمبەر	headword	609_1R.png	unverified
D90-5-06630	ئوتتۇرا چېتىق	headword	609_2L.png	unverified
D90-5-06631	ئوتتۇرا دەرىجىلىك مائارىپ	headword	609_2L.png	unverified
D90-5-06632	ئوتتۇرا دولقۇن	headword	609_2L.png	unverified
D90-5-06633	ئوتتۇرا دېڭىز	headword	609_2L.png	unverified
D90-5-06634	ئوتتۇرا دېھقان	headword	609_2L.png	unverified
D90-5-06635	ئوتتۇرا شەرق	headword	610_1R.png	unverified
D90-5-06636	ئوتتۇرا قول	headword	610_1R.png	unverified
D90-5-06637	ئوتتۇرا قولدەك	headword	610_1R.png	unverified
D90-5-06638	ئوتتۇرا قىسقا دولقۇن	headword	610_1R.png	unverified
D90-5-06639	ئوتتۇرا كۆرۈنۈش	headword	610_1R.png	unverified
D90-5-06640	ئوتتۇرا مەكتەپ	headword	610_1R.png	unverified
D90-5-06641	ئوتتۇرا مۇداپىئىچى	headword	610_1R.png	unverified
D90-5-06642	ئوتتۇرا مۇساپىلىق باشقۇرۇلىدىغان بومبا	headword	610_1R.png	unverified
D90-5-06643	ئوتتۇرا مېۋە شۆپۈكى	headword	610_2L.png	unverified
D90-5-06644	ئوتتۇرا ھال	headword	610_2L.png	unverified
D90-5-06645	ئوتتۇرا ھال سۇ يىلى	headword	610_2L.png	unverified
D90-5-06646	ئوتتۇرا ھال يامغۇر	headword	610_2L.png	unverified
D90-5-06647	ئوتتۇرا ھايات ئېرا تېمى	headword	610_2L.png	unverified
D90-5-06648	ئوتتۇرا ھايات ئېراسى	headword	610_2L.png	unverified
D90-5-06649	ئوتتۇرا ھۇجۇمچى	headword	611_1R.png	unverified
D90-5-06650	ئوتتۇرا ھېساب بىلەن	headword	611_1R.png	unverified
D90-5-06651	ئوتتۇرا ھېسابتا	headword	611_1R.png	unverified
D90-5-06652	ئوتتۇرا ئوق	headword	611_1R.png	unverified
D90-5-06653	ئوتتۇرا ئېقىم	headword	611_1R.png	unverified
D90-5-06654	ئوتتۇرا ياش	headword	611_1R.png	unverified
D90-5-06655	ئوتتۇرا يەڭ	headword	611_1R.png	unverified
D90-5-06656	ئوتتۇرا يولدا	headword	611_1R.png	unverified
D90-5-06657	ئوتتۇرا يىللىق سىنىپ	headword	611_2L.png	unverified
D90-5-06658	ئوتتۇرىدا بار گەپ	headword	611_2L.png	unverified
D90-5-06659	ئوتتۇرىغا ئالماق	headword	611_2L.png	unverified
D90-5-06659-v1	ئارىغا ئالماق	variant	611_2L.png	unverified
D90-5-06660	ئوتتۇرىغا تاشلىماق	headword	611_2L.png	unverified
D90-5-06664	ئوتتۇرىغا قويماق	headword	612_1R.png	unverified
D90-5-06661	ئوتتۇرىغا چۈشمەك	headword	611_2L.png	unverified
D90-5-06662	ئوتتۇرىغا چىقماق	headword	611_2L.png	unverified
D90-5-06663	ئوتتۇرىغا سالماق	headword	612_1R.png	unverified
D90-5-06665	ئوتتۇرانچى	headword	612_1R.png	unverified
D90-5-06666	ئوتتۇرانچى يىلىك	headword	612_1R.png	unverified
D90-5-06667	ئوتتۇرىچە	headword	612_1R.png	unverified
D90-5-06668	ئوتتۇرىچە باھا	headword	612_2L.png	unverified
D90-5-06669	ئوتتۇرىچە پايدا	headword	612_2L.png	unverified
D90-5-06670	ئوتتۇرىچە پايدا نىسبىتى	headword	612_2L.png	unverified
D90-5-06671	ئوتتۇرىچە پايدا نىسبىتى قانۇنىيىتى	headword	612_2L.png	unverified
D90-5-06672	ئوتتۇرىچە سان	headword	612_2L.png	verified
D90-5-06673	ئوتتۇرىچە شامال سۈرئىتى	headword	612_2L.png	unverified
D90-5-06674	ئوتتۇرىچە قىممەت	headword	613_1R.png	unverified
D90-5-06675	ئوتتۇرىچە ھاۋا تېمپېراتۇرىسى	headword	613_1R.png	unverified
D90-5-06676	ئوتتۈرۈلمىلاشماق	headword	613_1R.png	unverified
D90-5-06677	ئوتتۇرىلىق	headword	613_2L.png	unverified
D90-5-06677-v1	ئارىلىق I	variant	613_2L.png	unverified
D90-5-06678	ئوتتۇز	headword	613_2L.png	unverified
D90-5-06679	ئوتتۇز ئوغۇل	headword	613_2L.png	unverified
D90-5-06680	ئوتتۇز ئوغۇلنىڭ ئالدىدا	headword	613_2L.png	unverified
D90-5-06681	ئوتتۇز ئىككى چىشىنى ئالىقىنىغا ساناپ بەرمەك	headword	613_2L.png	unverified
D90-5-06682	ئوتتۇز ئىككى چىشىنى سۇندۇرۇپ، قولىغا تۇتقۇزۇپ قويماق	headword	613_2L.png	unverified
D90-5-06683	ئوتتۇز بېشى	headword	613_2L.png	unverified
D90-5-06684	ئوتتۇزىنچى	headword	614_1R.png	verified
D90-5-06685	ئوتتۇزىنچى ماي ھەرىكىتى	headword	614_1R.png	unverified
D90-5-06686	ئوتتېلىيە	headword	614_1R.png	unverified
D90-5-06687	ئوتتېلىيە ئوتى	headword	614_1R.png	unverified
D90-5-06688	ئوت-چۆپ	headword	614_2L.png	unverified
D90-5-06692	ئوتخانا	headword	614_2L.png	unverified
D90-5-06694	ئوت-خەس	headword	614_2L.png	unverified
D90-5-06695	ئوتخور	headword	614_2L.png	unverified
D90-5-06697	ئوتخور قارا بېلىق	headword	615_1R.png	unverified
D90-5-06697-v1	پاللاس بېلىق	variant	615_1R.png	unverified
D90-5-06698	ئوتخور ھايۋانلار	headword	615_1R.png	unverified
D90-5-06699	ئوتخورلۇق	headword	615_1R.png	unverified
D90-5-06700	ئوت-سامان	headword	615_1R.png	unverified
D90-5-06701	ئوت-سۇ	headword	615_1R.png	unverified
D90-5-06702	ئوتسىندۇرماق	headword	615_1R.png	unverified
D90-5-06703	ئوتسىنماق	headword	615_1R.png	unverified
D90-5-06704	ئوتسىنىشماق	headword	615_1R.png	unverified
D90-5-06705	ئوتقات	nonstandard	615_1R.png	unverified
D90-5-06735	ئوتۇغات	headword	617_2L.png	unverified
D90-5-06706	ئوتقاش	headword	615_1R.png	unverified
D90-5-06707	ئوتقاشلىق	headword	615_1R.png	unverified
D90-5-06708	ئوتقاشچى	headword	615_1R.png	unverified
D90-5-06709	ئوتقاشسىمان	headword	615_2L.png	unverified
D90-5-06710	ئوتقۇيرۇق	headword	615_2L.png	unverified
D90-5-06711	ئوتقۇيرۇقلۇق	headword	615_2L.png	unverified
D90-5-06712	ئوتقۇيرۇقلۇق قىلماق	headword	615_2L.png	unverified
D90-5-06713	ئوت-كاۋاپ	headword	615_2L.png	unverified
D90-5-06714	ئوت-كاۋاپ بولماق	headword	615_2L.png	unverified
D90-5-06715	ئوتلاتماق	headword	615_2L.png	unverified
D90-5-06717	ئوتلاشماق	headword	616_1R.png	unverified
D90-5-06719	ئوتلاق	headword	616_1R.png	unverified
D90-5-06724	ئوتلاقچىلىق	headword	616_2L.png	unverified
D90-5-06725	ئوتلام	headword	616_2L.png	unverified
D90-5-06726	ئوتلانماق	headword	616_2L.png	unverified
D90-5-06727	ئوتلۇق	headword	616_2L.png	unverified
D90-5-06730	ئوتلىتىشماق	headword	617_1R.png	unverified
D90-5-06731	ئوتلىماق	headword	617_1R.png	unverified
D90-5-06734	ئوتھارۋا	headword	617_2L.png	unverified
D90-5-06736	ئوتوفون	headword	617_2L.png	unverified
D90-5-06737	ئوتۇقماق	headword	618_1R.png	unverified
D90-5-06738	ئوتۇن	headword	618_1R.png	unverified
D90-5-06739	ئوتۇن-پۇتۇن	headword	618_1R.png	unverified
D90-5-06740	ئوتۇن-چاۋار	headword	618_1R.png	unverified
D90-5-06741	ئوتۇنچى	headword	618_1R.png	unverified
D90-5-06742	ئوتۇنچىلىق	headword	618_2L.png	unverified
D90-5-06743	ئوتۇنخانا	headword	618_2L.png	unverified
D90-5-06744	ئوتۇندەك	headword	618_2L.png	unverified
D90-5-06745	ئوتۇنلۇق	headword	618_2L.png	unverified
D90-5-06746	ئوتۇنىت	headword	618_2L.png	unverified
D90-5-06747	ئوتۇن-ياغاچ	headword	618_2L.png	unverified
D90-5-06748	ئوتىغۇچ	headword	619_1R.png	unverified
D90-5-06749	ئوتىماق	headword	619_1R.png	unverified
D90-5-06750	ئوتياش	headword	619_1R.png	unverified
D90-5-06751	ئوتياشچى	headword	619_1R.png	unverified
D90-5-06752	ئوتياشچىلىق	headword	619_1R.png	unverified
D90-5-06753	ئوتياشلىق	headword	619_1R.png	unverified
D90-5-06754	ئوت-يالقۇن	headword	619_1R.png	unverified
D90-5-06755	ئوچ	headword	619_1R.png	unverified
D90-5-06786	ئوچۇم	headword	622_1R.png	unverified
D90-5-06756	ئوچاق	headword	619_1R.png	unverified
D90-5-06757	ئوچىقىدىن پوچىقىغىچە	headword	619_2L.png	unverified
D90-5-06757-v1	يىپىدىن يىڭنىسىگىچە	variant	619_2L.png	unverified
D90-5-06758	ئوچاقلىق	headword	619_2L.png	unverified
D90-5-06759	ئوچاقنەيزە	headword	619_2L.png	unverified
D90-5-06760	ئوچۇق	headword	619_2L.png	unverified
D90-5-06761	ئوچۇق باھا	headword	620_2L.png	unverified
D90-5-06762	ئوچۇق بوغۇم	headword	620_2L.png	unverified
D90-5-06763	ئوچۇق پۆرە	headword	620_2L.png	unverified
D90-5-06764	ئوچۇق چىراي	headword	620_2L.png	unverified
D90-5-06765	ئوچۇق خەت	headword	620_2L.png	unverified
D90-5-06766	ئوچۇق دەرس	headword	621_1R.png	unverified
D90-5-06767	ئوچۇق دېڭىز	headword	621_1R.png	unverified
D90-5-06768	ئوچۇق سوت	headword	621_1R.png	unverified
D90-5-06769	ئوچۇق سۆز	headword	621_1R.png	unverified
D90-5-06770	ئوچۇق شەھەر	headword	621_1R.png	unverified
D90-5-06771	ئوچۇق كرىستاللىق جىنس	headword	621_1R.png	unverified
D90-5-06772	ئوچۇق كرىستاللىق قۇرۇلما	headword	621_1R.png	unverified
D90-5-06773	ئوچۇق كۆڭۈل	headword	621_2L.png	unverified
D90-5-06774	ئوچۇق ھايات ئالىمى	headword	621_2L.png	unverified
D90-5-06775	ئوچۇق ھايات جاھانى	headword	621_2L.png	unverified
D90-5-06776	ئوچۇق ئېلېكتر يولى	headword	621_2L.png	unverified
D90-5-06777	ئوچۇق ئىمتىھان	headword	621_2L.png	unverified
D90-5-06778	ئوچۇق-ئاشكارا	headword	621_2L.png	unverified
D90-5-06779	ئوچۇقتىن-ئوچۇق	headword	622_1R.png	unverified
D90-5-06780	ئوچۇقچىلىق	headword	622_1R.png	unverified
D90-5-06781	ئوچۇقلاشتۇرماق	headword	622_1R.png	unverified
D90-5-06782	ئوچۇقلاشتۇرۇلماق	headword	622_1R.png	unverified
D90-5-06783	ئوچۇقلاشماق	headword	622_1R.png	unverified
D90-5-06784	ئوچۇقلۇق	headword	622_1R.png	unverified
D90-5-06785	ئوچۇق-يورۇق	headword	622_1R.png	unverified
D90-5-06787	ئوچۇملاتماق	headword	622_2L.png	unverified
D90-5-06788	ئوچۇملاشماق	headword	622_2L.png	unverified
D90-5-06789	ئوچۇملانماق	headword	622_2L.png	unverified
D90-5-06790	ئوچۇملىماق	headword	622_2L.png	unverified
D90-5-06791	ئوچېرىك	headword	622_2L.png	unverified
D90-5-06792	ئوخرەك	headword	622_2L.png	unverified
D90-5-06793	ئوخشاتماق	headword	623_1R.png	unverified
D90-5-06794	ئوخشاش	headword	623_1R.png	unverified
D90-5-06798	ئوخشاشلىق	headword	623_1R.png	unverified
D90-5-06799	ئوخشاشلىق نىسبىتى	headword	623_2L.png	unverified
D90-5-06800	ئوخشاشماق	headword	623_2L.png	unverified
D90-5-06801	ئوخشالماق	headword	623_2L.png	unverified
D90-5-06802	ئوخشىتىش	headword	623_2L.png	unverified
D90-5-06803	ئوخشىتىشماق	headword	623_2L.png	unverified
D90-5-06804	ئوخشىماق	headword	624_1R.png	unverified
D90-5-06805	ئوخۇت	headword	624_1R.png	unverified
D90-5-06807	ئودونتولوگىيە	headword	624_2L.png	unverified
D90-5-06808	ئودىكام	headword	624_2L.png	unverified
D90-5-06809	ئودىكام ئوينىماق	headword	624_2L.png	unverified
D90-5-06810	ئورا	headword	624_2L.png	unverified
D90-5-06811	ئورا كولىماق	headword	624_2L.png	unverified
D90-5-06812	ئورا كۆز	headword	624_2L.png	unverified
D90-5-06813	ئوراتماق	headword	625_1R.png	unverified
D90-5-06814	ئوراتورىيە	headword	625_1R.png	unverified
D90-5-06815	ئوراشماق	headword	625_1R.png	unverified
D90-5-06816	ئوراق	headword	625_1R.png	unverified
D90-5-06818	ئوراقسىز	headword	625_1R.png	unverified
D90-5-06819	ئوراقلىق	headword	625_1R.png	unverified
D90-5-06820	ئورالما	headword	625_1R.png	unverified
D90-5-06821	ئورالماق	headword	625_2L.png	unverified
D90-5-06823	ئورام	headword	625_2L.png	unverified
D90-5-06825	ئورانگۇتان	headword	625_2L.png	verified
D90-5-06826	ئورانماق	headword	625_2L.png	unverified
D90-5-06827	ئورەك	headword	626_1R.png	unverified
D90-5-06828	ئوربىتا	headword	626_1R.png	unverified
D90-5-06831	ئوربىتىلىق	headword	626_1R.png	verified
D90-5-06833	ئورتا	nonstandard	626_2L.png	unverified
D90-5-06834	ئورتاق	headword	626_2L.png	unverified
D90-5-06835	ئورتاق ئالاقە تىلى	headword	627_1R.png	unverified
D90-5-06836	ئورتاق بازار	headword	627_1R.png	unverified
D90-5-06837	ئورتاق بولماق	headword	627_1R.png	unverified
D90-5-06838	ئورتاق تىك	headword	627_1R.png	unverified
D90-5-06839	ئورتاق تىل	headword	627_2L.png	unverified
D90-5-06840	ئورتاق دەۋا	headword	627_2L.png	unverified
D90-5-06841	ئورتاق ئوقلۇق كابىل	headword	627_2L.png	unverified
D90-5-06842	ئورتاقچى	headword	627_2L.png	unverified
D90-5-06843	ئورتاقچىلىق	headword	628_1R.png	unverified
D90-5-06844	ئورتاقلاشتۇرماق	headword	628_1R.png	unverified
D90-5-06845	ئورتاقلاشتۇرۇلماق	headword	628_1R.png	unverified
D90-5-06846	ئورتاقلاشماق	headword	628_1R.png	unverified
D90-5-06847	ئورتاقلىق	headword	628_1R.png	unverified
D90-5-06848	ئورتودوكس	headword	628_2L.png	unverified
D90-5-06849	ئورتودوكسال	headword	628_2L.png	unverified
D90-5-06850	ئورتىت	headword	628_2L.png	unverified
D90-5-06851	ئورخۇن	headword	628_2L.png	unverified
D90-5-06852	ئورخۇن دەرياسى	headword	628_2L.png	unverified
D90-5-06853	ئورخۇن مەڭگۈ تاشلىرى	headword	628_2L.png	unverified
D90-5-06854	ئوردا	headword	629_1R.png	unverified
D90-5-06856	ئوردا خېنىم سەيلىسى	headword	629_1R.png	unverified
D90-5-06860	ئوردام سەيلىسى	headword	629_2L.png	unverified
D90-5-06858	ئوردا-ساراي	headword	629_1R.png	unverified
D90-5-06859	ئوردام	headword	629_2L.png	unverified
D90-5-06861	ئوردان	headword	629_2L.png	unverified
D90-5-06862	ئوردوۋىك	headword	629_2L.png	unverified
D90-5-06863	ئوردوۋىك دەۋرى	headword	629_2L.png	unverified
D90-5-06864	ئوردوۋىك سىستېمىسى	headword	630_1R.png	unverified
D90-5-06865	ئوردۇ تىلى	headword	630_1R.png	unverified
D90-5-06866	ئوردېر	headword	630_1R.png	unverified
D90-5-06867	ئوردېن	headword	630_1R.png	unverified
D90-5-06868	ئوردىلىق	headword	630_1R.png	unverified
D90-5-06869	ئوردىنات	headword	630_1R.png	unverified
D90-5-06870	ئورغاق	headword	630_2L.png	unverified
D90-5-06872	ئورغاقچى	headword	630_2L.png	unverified
D90-5-06873	ئورغاقسىمان	headword	630_2L.png	unverified
D90-5-06874	ئورغۇزماق	headword	630_2L.png	unverified
D90-5-06875	ئورفوگرافىيە	headword	630_2L.png	unverified
D90-5-06876	ئوركېستىر	headword	630_2L.png	unverified
D90-5-06877	ئوركېستىرلاشتۇرماق	headword	630_2L.png	unverified
D90-5-06878	ئوركېستىرلاشتۇرۇش	headword	630_2L.png	unverified
D90-5-06879	ئوركېستىرلاشتۇرۇش قائىدىسى	headword	631_1R.png	unverified
D90-5-06880	ئوركېستىرلاشتۇرۇلماق	headword	631_1R.png	unverified
D90-5-06882	ئوركېستىرلىق	headword	631_1R.png	unverified
D90-5-06883	ئورگان	headword	631_1R.png	unverified
D90-5-06885	ئورگانىزم	headword	631_2L.png	unverified
D90-5-06886	ئورگانىزم پسىخولوگىيىسى	headword	631_2L.png	unverified
D90-5-06887	ئورگانىزم سەزگۈسى	headword	631_2L.png	unverified
D90-5-06888	ئورگانىك	headword	631_2L.png	unverified
D90-5-06889	ئورگانىك ئەينەك	headword	632_1R.png	unverified
D90-5-06890	ئورگانىك بوياق	headword	632_1R.png	unverified
D90-5-06891	ئورگانىك بىرىكمە	headword	632_1R.png	unverified
D90-5-06892	ئورگانىك خىمىيە	headword	632_1R.png	unverified
D90-5-06893	ئورگانىك سىنتېز	headword	632_1R.png	unverified
D90-5-06894	ئورگانىك ماددا	headword	632_2L.png	unverified
D90-5-06895	ئورگانىك مىنېرال	headword	632_2L.png	unverified
D90-5-06896	ئورگانىك ئوغۇت	headword	632_2L.png	unverified
D90-5-06897	ئورگىنىيە	headword	632_2L.png	unverified
D90-5-06898	ئورگىنىيە ئوتى	headword	632_2L.png	unverified
D90-5-06899	ئورلوۋ	headword	633_1R.png	unverified
D90-5-06901	ئورما	headword	633_1R.png	unverified
D90-5-06902	ئورماق	headword	633_1R.png	unverified
D90-5-06903	ئورمان	headword	633_1R.png	unverified
D90-5-06904	ئورمان بەلبېغى	headword	633_2L.png	unverified
D90-5-06905	ئورمان بۇلغۇنى	headword	633_2L.png	unverified
D90-5-06906	ئورمان بۆلىكى	headword	633_2L.png	unverified
D90-5-06907	ئورمان تاجىسى	headword	633_2L.png	unverified
D90-5-06908	ئورمان تورى	headword	633_2L.png	unverified
D90-5-06909	ئورمان تىپى	headword	633_2L.png	unverified
D90-5-06910	ئورمان چىلى	headword	634_1R.png	unverified
D90-5-06911	ئورمان خىلى	headword	634_1R.png	unverified
D90-5-06912	ئورمان داڭگۇيى	headword	634_1R.png	unverified
D90-5-06913	ئورمان قانۇنى	headword	634_1R.png	unverified
D90-5-06914	ئورمان كەكلىكى	headword	634_2L.png	unverified
D90-5-06915	ئورمان كىرىشى	headword	634_2L.png	unverified
D90-5-06916	ئورمان مەھسۇلاتى	headword	634_2L.png	unverified
D90-5-06917	ئورمان مۇھاپىزەتچىسى	headword	634_2L.png	unverified
D90-5-06918	ئورمان مۈشۈكى	headword	634_2L.png	unverified
D90-5-06919	ئورمان ھوقۇشى	headword	635_1R.png	unverified
D90-5-06920	ئورمان ئىزى	headword	635_1R.png	unverified
D90-5-06921	ئورمان ئىگىدارچىلىقى	headword	635_1R.png	unverified
D90-5-06922	ئورمان يېشى	headword	635_1R.png	unverified
D90-5-06923	ئورمانچى	headword	635_1R.png	unverified
D90-5-06924	ئورمانچىلىق	headword	635_2L.png	unverified
D90-5-06925	ئورمانزار	headword	635_2L.png	unverified
D90-5-06926	ئورمانزارلىق	headword	635_2L.png	unverified
D90-5-06932	ئورمانلىق	headword	636_1R.png	unverified
D90-5-06927	ئورمانشۇناس	headword	635_2L.png	unverified
D90-5-06928	ئورمانشۇناسلىق	headword	635_2L.png	unverified
D90-5-06929	ئورمانلاشتۇرماق	headword	636_1R.png	unverified
D90-5-06930	ئورمانلاشتۇرۇلماق	headword	636_1R.png	unverified
D90-5-06931	ئورمانلاشماق	headword	636_1R.png	unverified
D90-5-06933	ئورمىچى	headword	636_1R.png	unverified
D90-5-06934	ئورمىلىق	headword	636_1R.png	unverified
D90-5-06935	ئورناتماق	headword	636_1R.png	unverified
D90-5-06936	ئورناشتۇرماق	headword	636_1R.png	unverified
D90-5-06937	ئورناشتۇرۇشماق	headword	636_1R.png	unverified
D90-5-06938	ئورناشتۇرۇلماق	headword	636_1R.png	unverified
D90-5-06939	ئورناشماق	headword	636_1R.png	unverified
D90-5-06940	ئورنىتىلدى	headword	636_2L.png	unverified
D90-5-06941	ئورنىدا	headword	636_2L.png	unverified
D90-5-06942	ئورنىماق	headword	636_2L.png	unverified
D90-5-06943	ئورۇس	nonstandard	637_1R.png	unverified
D90-5-06943-c1	رۇس II	corrected_form	637_1R.png	unverified
D90-5-06944	ئورۇسگۈل	headword	637_1R.png	unverified
D90-5-06945	ئورۇشماق	headword	637_1R.png	unverified
D90-5-06946	ئورۇق	headword	637_1R.png	unverified
D90-5-06950	ئورۇقسىز	headword	637_1R.png	unverified
D90-5-06951	ئورۇقلاتماق	headword	637_2L.png	unverified
D90-5-06952	ئورۇقلۇق	headword	637_2L.png	unverified
D90-5-06954	ئورۇقلىتىلماق	headword	637_2L.png	unverified
D90-5-06955	ئورۇقلىماق	headword	637_2L.png	unverified
D90-5-06956	ئورۇلماق	headword	637_2L.png	unverified
D90-5-06957	ئورۇلۇق	headword	637_2L.png	unverified
D90-5-06957-v1	خامپا	variant	637_2L.png	unverified
D90-5-06958	ئورۇم	headword	637_2L.png	unverified
D90-5-06959	ئورۇن	headword	637_2L.png	unverified
D90-5-06960	ئورۇن ئالماشتۇرغان كان ياتمىسى	headword	639_1R.png	unverified
D90-5-06961	ئورۇن ئالماق	headword	639_1R.png	unverified
D90-5-06962	ئورۇن بەرمەك	headword	639_2L.png	unverified
D90-5-06963	ئورۇن تۇتماق	headword	639_2L.png	unverified
D90-5-06964	ئورۇن تۇتۇپ ياتماق	headword	639_2L.png	unverified
D90-5-06966	ئورۇن سالماق	headword	640_1R.png	unverified
D90-5-06967	ئورۇن قالدۇرماق	headword	640_1R.png	unverified
D90-5-06968	ئورۇن قالماسلىق	headword	640_1R.png	unverified
D90-5-06969	ئورۇن كېلىش	headword	640_1R.png	unverified
D90-5-06970	ئورۇن ھازىرلىماق	headword	640_1R.png	unverified
D90-5-06970-v1	زېمىن ھازىرلىماق	variant	640_1R.png	unverified
D90-5-06971	ئورۇن يۆتكىگۈچى فاكتور	headword	640_2L.png	verified
D90-5-06972	ئورنى بار	headword	640_2L.png	unverified
D90-5-06973	ئورنى بولماسلىق	headword	640_2L.png	unverified
D90-5-06974	ئورنىدىن چۈشمەك	headword	640_2L.png	unverified
D90-5-06975	ئورنىغا چۈشمەك	headword	640_2L.png	unverified
D90-5-06976	ئورنىغا دەسسەتمەك	headword	640_2L.png	unverified
D90-5-06977	ئورنىغا كەلمەسلىك	headword	641_1R.png	unverified
D90-5-06978	ئورنى قالماسلىق	headword	641_1R.png	unverified
D90-5-06979	ئورنىنى باسمىق	headword	641_1R.png	unverified
D90-5-06980	ئورنىنى قىلماق	headword	641_1R.png	unverified
D90-5-06981	ئورنىنى كۆتۈرمەك	headword	641_1R.png	unverified
D90-5-06982	ئورنى ئىسسىماق	headword	641_1R.png	unverified
D90-5-06983	ئورنى يوق	headword	641_1R.png	unverified
D90-5-06984	ئورۇنا	headword	641_2L.png	unverified
D90-5-06985	ئورۇنباسار	headword	641_2L.png	unverified
D90-5-06986	ئورۇن-تەرەپ	headword	641_2L.png	unverified
D90-5-06988	ئورۇن-تۆشەك	headword	641_2L.png	unverified
D90-5-06989	ئورۇنداتماق	headword	641_2L.png	unverified
D90-5-06990	ئورۇنداش	headword	641_2L.png	unverified
D90-5-06992	ئورۇنداشماق	headword	642_1R.png	unverified
D90-5-06993	ئورۇندالماق	headword	642_1R.png	unverified
D90-5-06994	ئورۇندۇق	headword	642_1R.png	unverified
D90-5-06995	ئورۇندۇقلۇق	headword	642_1R.png	unverified
D90-5-06996	ئورۇندىماق	headword	642_1R.png	unverified
D90-5-06997	ئورۇنسىز	headword	642_1R.png	unverified
D90-5-06998	ئورۇنسىزلىق	headword	642_2L.png	unverified
D90-5-06999	ئورۇن-كۆرپە	headword	642_2L.png	unverified
D90-5-07000	ئورۇنلاتماق	headword	642_2L.png	unverified
D90-5-07001	ئورۇنلاش	headword	642_2L.png	unverified
D90-5-07004	ئورۇنلاشتۇرماق	headword	642_2L.png	unverified
D90-5-07005	ئورۇنلاشتۇرۇش	headword	643_1R.png	unverified
D90-5-07006	ئورۇنلاشتۇرۇشماق	headword	643_1R.png	unverified
D90-5-07007	ئورۇنلاشتۇرۇلماق	headword	643_1R.png	unverified
D90-5-07008	ئورۇنلاشماق	headword	643_1R.png	unverified
D90-5-07010	ئورۇنلانماق	headword	643_2L.png	unverified
D90-5-07011	ئورۇنلۇق	headword	643_2L.png	unverified
D90-5-07012	ئورۇنلىماق	headword	643_2L.png	unverified
D90-5-07013	ئورىدىماق	headword	643_2L.png	verified
D90-5-07014	ئورىغۇچى	headword	643_2L.png	unverified
D90-5-07016	ئورىغۇچى يوپۇرماق	headword	644_1R.png	unverified
D90-5-07017	ئورىغۇچى يىپچە	headword	644_1R.png	unverified
D90-5-07018	ئورىگىنال	headword	644_1R.png	unverified
D90-5-07019	ئورىماق	headword	644_1R.png	unverified
D90-5-07021	ئورىئون	headword	644_2L.png	unverified
D90-5-07022	ئورىئون يۇلتۇز تۈركۈمى	headword	644_2L.png	unverified
D90-5-07023	ئوزا	headword	645_1R.png	unverified
D90-5-07025	ئوزاقى	headword	645_1R.png	unverified
D90-5-07025-v1	ئوزا I	variant	645_1R.png	unverified
D90-5-07026	ئوزدۇرماق	headword	645_1R.png	unverified
D90-5-07027	ئوزدۇرۇلماق	headword	645_1R.png	unverified
D90-5-07028	ئوزماق	headword	645_1R.png	unverified
D90-5-07029	ئوزوكېرىت	headword	645_1R.png	unverified
D90-5-07030	ئوزون	headword	645_2L.png	verified
D90-5-07032	ئوزۇق	headword	645_2L.png	unverified
D90-5-07033	ئوزۇق-تۈلۈك	headword	646_1R.png	unverified
D90-5-07034	ئوزۇقسىز	headword	646_1R.png	unverified
D90-5-07035	ئوزۇقشۇناس	headword	646_1R.png	unverified
D90-5-07036	ئوزۇقشۇناسلىق	headword	646_1R.png	unverified
D90-5-07037	ئوزۇقلاندۇرماق	headword	646_1R.png	unverified
D90-5-07038	ئوزۇقلاندۇرۇشماق	headword	646_2L.png	unverified
D90-5-07039	ئوزۇقلاندۇرۇلماق	headword	646_2L.png	unverified
D90-5-07040	ئوزۇقلانماق	headword	646_2L.png	unverified
D90-5-07041	ئوزۇقلۇق	headword	646_2L.png	unverified
D90-5-07042	ئوزۇقلۇق قىممىتى	headword	647_1R.png	unverified
D90-5-07043	ئوزۇقلۇق ماددا	headword	647_1R.png	unverified
D90-5-07044	ئوزۇقلۇق ئېلېمېنتلار	headword	647_1R.png	unverified
D90-5-07045	ئوزۇقلۇقى كەمچىل تىپ	headword	647_1R.png	unverified
D90-5-07046	ئوزۇقلۇقسىز	headword	647_2L.png	unverified
D90-5-07047	ئوزۇقلىنىپ	headword	647_2L.png	unverified
D90-5-07048	ئوزۇقلىنىش	headword	647_2L.png	unverified
D90-5-07052	ئوسا	headword	647_2L.png	unverified
D90-5-07053	ئوسا بولماق	headword	648_1R.png	unverified
D90-5-07054	ئوسا تاۋلاشماق	headword	648_1R.png	unverified
D90-5-07055	ئوسا قىلماق	headword	648_1R.png	unverified
D90-5-07056	ئوسىسى كەلمەك	headword	648_1R.png	unverified
D90-5-07057	ئوسىسى كېلىشمەك	headword	648_1R.png	unverified
D90-5-07058	ئوسىسى ئۆتۈپ كەتمەك	headword	648_1R.png	unverified
D90-5-07059	ئوسال	headword	648_2L.png	unverified
D90-5-07060	ئوسال قىلماق	headword	648_2L.png	unverified
D90-5-07061	ئوساللاشتۇرماق	headword	648_2L.png	unverified
D90-5-07062	ئوساللاشتۇرۇشماق	headword	648_2L.png	unverified
D90-5-07063	ئوساللاشماق	headword	648_2L.png	unverified
D90-5-07064	ئوساللىق	headword	649_1R.png	unverified
D90-5-07065	ئوساللىماق	headword	649_1R.png	unverified
D90-5-07066	ئوسسىلاتورىيە	headword	649_1R.png	unverified
D90-5-07066-v1	ئوسسىلاتورىيە يۈسۈنى	variant	649_1R.png	unverified
D90-5-07068	ئوسما	headword	649_1R.png	unverified
D90-5-07069	ئوسمان	headword	649_2L.png	unverified
D90-5-07071	ئوسموس	headword	649_2L.png	unverified
D90-5-07072	ئوسموسلۇق	headword	649_2L.png	unverified
D90-5-07073	ئوسموسلۇق بېسىم	headword	650_1R.png	unverified
D90-5-07073-v1	سىڭىش بېسىمى	variant	650_1R.png	unverified
D90-5-07074	ئوسموسلۇق كۈچ	headword	650_1R.png	unverified
D90-5-07075	ئوسمىي	headword	650_1R.png	unverified
D90-5-07076	ئوسۇرتماق	headword	650_1R.png	unverified
D90-5-07077	ئوسۇرغاق	headword	650_1R.png	unverified
D90-5-07078	ئوسۇرماق	headword	650_1R.png	unverified
D90-5-07079	ئوسۇرۇشماق	headword	650_1R.png	unverified
D90-5-07080	ئوسۇرۇق	headword	650_1R.png	unverified
D90-5-07083	ئوسۇڭلۇق	headword	650_2L.png	unverified
D90-5-07084	ئوسېتر	headword	650_2L.png	unverified
D90-5-07085	ئوش	headword	650_2L.png	verified
D90-5-07086	ئوشاتماق	nonstandard	650_2L.png	unverified
D90-5-07091	ئوشتۇماق	headword	651_1R.png	unverified
D90-5-07087	ئوشە	headword	650_2L.png	unverified
D90-5-07088	ئوشتۇتماق	headword	650_2L.png	unverified
D90-5-07089	ئوشتۇشماق	headword	651_1R.png	unverified
D90-5-07090	ئوشتۇلماق	headword	651_1R.png	unverified
D90-5-07092	ئوششاق	headword	651_1R.png	unverified
D90-5-07094	ئوشۇق	headword	651_1R.png	unverified
D90-5-07095	ئوشۇق چىقىم	headword	651_2L.png	unverified
D90-5-07096	ئوشۇق كەتمەك	headword	651_2L.png	unverified
D90-5-07096-v1	ئارتۇق كەتمەك	variant	651_2L.png	unverified
D90-5-07097	ئوشۇق گەپ	headword	651_2L.png	unverified
D90-5-07101	ئوشۇقى ئالچۇ قوپماق	headword	652_1R.png	unverified
D90-5-07101-v1	ئوشۇقى ئالچۇ چۈشمەك	variant	652_1R.png	unverified
D90-5-07102	ئوشۇق-تۆشۈك	headword	652_1R.png	unverified
D90-5-07103	ئوشۇق-تۆشۈك گېپى يوق	headword	652_1R.png	unverified
D90-5-07104	ئوشۇقتىن-ئوشۇق	headword	652_1R.png	unverified
D90-5-07105	ئوشۇقچە	headword	652_1R.png	unverified
D90-5-07106	ئوشۇقچىلىق	headword	652_2L.png	unverified
D90-5-07107	ئوشۇقلۇق	headword	652_2L.png	unverified
D90-5-07109	ئوغا	headword	652_2L.png	unverified
D90-5-07113	ئوغان	headword	652_2L.png	verified
D90-5-07114	ئوغانلار	headword	653_1R.png	unverified
D90-5-07115	ئوغرى	headword	653_1R.png	unverified
D90-5-07121	ئوغرىتىكەن	headword	653_2L.png	unverified
D90-5-07123	ئوغرى-قاراقچى	headword	653_2L.png	unverified
D90-5-07124	ئوغرىلاتماق	headword	653_2L.png	unverified
D90-5-07125	ئوغرىلاشماق	headword	654_1R.png	unverified
D90-5-07126	ئوغرىلانماق	headword	654_1R.png	unverified
D90-5-07127	ئوغرىلىق	headword	654_1R.png	unverified
D90-5-07129	ئوغرىلىقچە	headword	654_1R.png	unverified
D90-5-07130	ئوغرىلىماق	headword	654_1R.png	unverified
D90-5-07131	ئوغرى-يالغان	headword	654_1R.png	unverified
D90-5-07132	ئوغرى-يانچۇقچى	headword	654_2L.png	unverified
D90-5-07133	ئوغلاق	headword	654_2L.png	unverified
D90-5-07134	ئوغلاقچى	headword	654_2L.png	unverified
D90-5-07135	ئوغلاقلىق	headword	654_2L.png	unverified
D90-5-07136	ئوغلان	headword	654_2L.png	unverified
D90-5-07137	ئوغلانلىق	headword	654_2L.png	unverified
D90-5-07138	ئوغۇ	headword	654_2L.png	unverified
D90-5-07139	ئوغۇت	headword	654_2L.png	unverified
D90-5-07140	ئوغۇتسىز	headword	655_1R.png	unverified
D90-5-07141	ئوغۇتلاتماق	headword	655_1R.png	unverified
D90-5-07142	ئوغۇتالاشماق	headword	655_1R.png	unverified
D90-5-07143	ئوغۇتلانماق	headword	655_1R.png	unverified
D90-5-07144	ئوغۇتلۇق	headword	655_1R.png	unverified
D90-5-07145	ئوغۇتلىماق	headword	655_1R.png	unverified
D90-5-07146	ئوغۇز	headword	655_1R.png	unverified
D90-5-07148	ئوغۇز سۈتى	headword	655_2L.png	unverified
D90-5-07148-v1	ئوغۇز II	variant	655_2L.png	unverified
D90-5-07149	ئوغۇل	headword	655_2L.png	unverified
D90-5-07149-i1	ئوغلى	inflected	655_2L.png	unverified
D90-5-07154	ئوغۇلچاق	headword	655_2L.png	unverified
D90-5-07155	ئوغۇلچە	headword	656_1R.png	unverified
D90-5-07156	ئوغۇلچىلاپ	headword	656_1R.png	unverified
D90-5-07158	ئوغۇلسىز	headword	656_1R.png	unverified
D90-5-07159	ئوغۇل-قىز	headword	656_1R.png	unverified
D90-5-07160	ئوغۇللۇق	headword	656_1R.png	unverified
D90-5-07161	ئوفىتسېر	headword	656_1R.png	unverified
D90-5-07162	ئوفىتسېرلىك	headword	656_1R.png	unverified
D90-5-07163	ئوفولىت	headword	656_1R.png	unverified
D90-5-07164	ئوق	headword	656_2L.png	unverified
D90-5-07171	ئوق يېمەك	headword	657_1R.png	unverified
D90-5-07173	ئوق پىشاق	headword	657_1R.png	unverified
D90-5-07178	ئوق يىلان	headword	657_2L.png	unverified
D90-5-07179	ئوق يىلتىز	headword	657_2L.png	unverified
D90-5-07181	ئوقەت	headword	657_2L.png	unverified
D90-5-07182	ئوقەت قىلماق	headword	657_2L.png	verified
D90-5-07183	ئوقەتچى	headword	657_2L.png	unverified
D90-5-07184	ئوقەتچىلىك	headword	658_1R.png	unverified
D90-5-07185	ئوقتا	headword	658_1R.png	unverified
D90-5-07186	ئوقتەك	headword	658_1R.png	unverified
D90-5-07187	ئوقچۇتماق	headword	658_1R.png	unverified
D90-5-07188	ئوقچۇماق	headword	658_1R.png	unverified
D90-5-07189	ئوقدان	headword	658_1R.png	unverified
D90-5-07190	ئوق-دورا	headword	658_2L.png	unverified
D90-5-07191	ئوقرا	nonstandard	658_2L.png	unverified
D90-5-07218	ئوقۇرۇق	headword	660_1R.png	unverified
D90-5-07192	ئوق-ساداق	headword	658_2L.png	unverified
D90-5-07193	ئوقسىمان	headword	658_2L.png	unverified
D90-5-07194	ئوقلاتماق	headword	658_2L.png	unverified
D90-5-07195	ئوقلاشماق	headword	658_2L.png	unverified
D90-5-07196	ئوقلاقلىق	headword	658_2L.png	unverified
D90-5-07197	ئوقلانماق	headword	658_2L.png	unverified
D90-5-07198	ئوقلۇق	headword	658_2L.png	unverified
D90-5-07199	ئوقلىماق	headword	658_2L.png	unverified
D90-5-07200	ئوقۇبەت	headword	659_1R.png	unverified
D90-5-07201	ئوقۇبەتسىز	headword	659_1R.png	unverified
D90-5-07202	ئوقۇبەتلىك	headword	659_1R.png	unverified
D90-5-07203	ئوقۇتقۇچى	headword	659_1R.png	unverified
D90-5-07204	ئوقۇتقۇچىلىق	headword	659_1R.png	unverified
D90-5-07205	ئوقۇتماق	headword	659_1R.png	unverified
D90-5-07206	ئوقۇتۇش	headword	659_1R.png	unverified
D90-5-07208	ئوقۇتۇش سائىتى	headword	659_2L.png	unverified
D90-5-07209	ئوقۇتۇش فىلىمى	headword	659_2L.png	unverified
D90-5-07210	ئوقۇتۇش قانۇنىيىتى	headword	659_2L.png	unverified
D90-5-07211	ئوقۇتۇش ھالقىسى	headword	659_2L.png	unverified
D90-5-07212	ئوقۇتۇلماق	headword	659_2L.png	unverified
D90-5-07213	ئوقۇر	headword	659_2L.png	unverified
D90-5-07214	ئوقۇرەك	headword	660_1R.png	unverified
D90-5-07216	ئوقۇرسىمان	headword	660_1R.png	unverified
D90-5-07217	ئوقۇرلۇق	headword	660_1R.png	unverified
D90-5-07218-v1	سايغاق I	variant	660_1R.png	unverified
D90-5-07220	ئوقۇرۇقلىماق	headword	660_1R.png	unverified
D90-5-07221	ئوقۇش	headword	660_1R.png	unverified
D90-5-07222	ئوقۇش پۇلى	headword	660_2L.png	unverified
D90-5-07223	ئوقۇش تارىخى	headword	660_2L.png	unverified
D90-5-07224	ئوقۇش تۈزۈمى	headword	660_2L.png	unverified
D90-5-07225	ئوقۇش كىتابى	headword	660_2L.png	unverified
D90-5-07232	ئوقۇشلۇق	headword	661_1R.png	unverified
D90-5-07226	ئوقۇش مەۋسۇمى	headword	660_2L.png	unverified
D90-5-07227	ئوقۇش ياردەم پۇلى	headword	660_2L.png	unverified
D90-5-07228	ئوقۇش يېشى	headword	660_2L.png	unverified
D90-5-07229	ئوقۇش يىلى	headword	660_2L.png	unverified
D90-5-07230	ئوقۇشسىز	headword	660_2L.png	unverified
D90-5-07231	ئوقۇشسىز قالماق	headword	661_1R.png	unverified
D90-5-07233	ئوقۇشماق	headword	661_1R.png	unverified
D90-5-07234	ئوقۇغۇچى	headword	661_1R.png	unverified
D90-5-07236	ئوقۇغۇچىلىق	headword	661_1R.png	unverified
D90-5-07237	ئوقۇغۇچىلىق كېنىشكىسى	headword	661_2L.png	unverified
D90-5-07238	ئوقۇل	headword	661_2L.png	unverified
D90-5-07239	ئوقۇلداش	headword	661_2L.png	unverified
D90-5-07240	ئوقۇلماق	headword	661_2L.png	unverified
D90-5-07241	ئوقۇلۇش	headword	661_2L.png	unverified
D90-5-07242	ئوقۇماق	headword	661_2L.png	unverified
D90-5-07243	ئوقۇمۇشلۇق	headword	662_1R.png	unverified
D90-5-07244	ئوقيا	headword	662_2L.png	unverified
D90-5-07246	ئوق-ياراغ	headword	662_2L.png	unverified
D90-5-07247	ئوكتاۋا	headword	663_1R.png	unverified
D90-5-07248	ئوكرى	headword	663_1R.png	unverified
D90-5-07249	ئوكسالات	headword	663_1R.png	unverified
D90-5-07250	ئوكسالات كىسلاتا	headword	663_1R.png	unverified
D90-5-07251	ئوكسىد	headword	663_1R.png	unverified
D90-5-07255	ئوكسىدلار	headword	663_2L.png	unverified
D90-5-07252	ئوكسىدسىزلىغۇچى	headword	663_1R.png	unverified
D90-5-07254	ئوكسىدسىزلىنىش	headword	663_1R.png	unverified
D90-5-07256	ئوكسىدلاش تۇرماق	headword	663_2L.png	unverified
D90-5-07257	ئوكسىدلاشماق	headword	663_2L.png	unverified
D90-5-07260	ئوكسىدلانماق	headword	663_2L.png	unverified
D90-5-07258	ئوكسىدلاندۇرماق	headword	663_2L.png	unverified
D90-5-07259	ئوكسىدلاندۇرۇلماق	headword	663_2L.png	unverified
D90-5-07261	ئوكسىدلىغۇچى	headword	663_2L.png	unverified
D90-5-07263	ئوكسىدلىماق	headword	663_2L.png	unverified
D90-5-07264	ئوكسىدلىنىش	headword	663_2L.png	unverified
D90-5-07265	ئوكسىدلىنىش ۋە فوسفاتلىنىش	headword	664_1R.png	unverified
D90-5-07266	ئوكسىگېن	headword	664_1R.png	unverified
D90-5-07268	ئوكسىگېنلىك	headword	664_1R.png	unverified
D90-5-07270	ئوكۇل	headword	664_2L.png	unverified
D90-5-07274	ئوكۇلخانا	headword	664_2L.png	unverified
D90-5-07275	ئوكۇليار	headword	665_1R.png	unverified
D90-5-07276	ئوكۇن	headword	665_1R.png	unverified
D90-5-07278	ئوكيان	headword	665_1R.png	unverified
D90-5-07281	ئوكيان ئويمانلىقى	headword	665_2L.png	unverified
D90-5-07282	ئوكيان ئېقىمى	headword	665_2L.png	unverified
D90-5-07283	ئوكيانشۇناس	headword	665_2L.png	unverified
D90-5-07284	ئوكيانشۇناسلىق	headword	665_2L.png	unverified
D90-5-07285	ئوكيانىيە	headword	665_2L.png	unverified
D90-5-07286	ئوڭ	headword	665_2L.png	unverified
D90-5-07290	ئوڭ تاناسىپ	headword	666_2L.png	unverified
D90-5-07291	ئوڭ چېتىشتۇرۇش	headword	666_2L.png	unverified
D90-5-07292	ئوڭدىن كەلمەك	headword	666_2L.png	unverified
D90-5-07297	ئوڭ كەلمەك	headword	667_1R.png	unverified
D90-5-07293	ئوڭغا تارتماق	headword	666_2L.png	unverified
D90-5-07294	ئوڭ قانات	headword	666_2L.png	unverified
D90-5-07295	ئوڭ قول	headword	667_1R.png	unverified
D90-5-07296	ئوڭ قىلماق	headword	667_1R.png	unverified
D90-5-07298	ئوڭ كۆزدە باقماق	headword	667_1R.png	unverified
D90-5-07299	ئوڭ كۆزدە قارىماق	headword	667_2L.png	unverified
D90-5-07300	ئوڭ نىسبەت	headword	667_2L.png	unverified
D90-5-07301	ئوڭ ئۈزۈلمە	headword	667_2L.png	unverified
D90-5-07302	ئوڭ ۋالېنت	headword	667_2L.png	unverified
D90-5-07303	ئوڭىدىن چىقماق	headword	667_2L.png	unverified
D90-5-07304	ئوڭىدىن كەلمەك	headword	667_2L.png	unverified
D90-5-07305	ئوڭ يۈرەك دالانچىسى	headword	667_2L.png	unverified
D90-5-07306	ئوڭ يۈرەك قېرىنچىسى	headword	667_2L.png	unverified
D90-5-07307	ئوڭ يۈز	headword	667_2L.png	unverified
D90-5-07308	ئوڭاي	headword	667_2L.png	unverified
D90-5-07309	ئوڭايسىز	headword	668_1R.png	unverified
D90-5-07310	ئوڭايسىزلاندۇرماق	headword	668_1R.png	verified
D90-5-07311	ئوڭايسىزلانماق	headword	668_1R.png	unverified
D90-5-07312	ئوڭايسىزلىق	headword	668_1R.png	verified
D90-5-07313	ئوڭايلاشتۇرماق	headword	668_1R.png	verified
D90-5-07314	ئوڭايلاشتۇرۇشماق	headword	668_2L.png	unverified
D90-5-07315	ئوڭايلاشتۇرۇلماق	headword	668_2L.png	unverified
D90-5-07316	ئوڭايلاشماق	headword	668_2L.png	unverified
D90-5-07317	ئوڭايلىق	headword	668_2L.png	unverified
D90-5-07318	ئوڭايلىقچە	headword	668_2L.png	unverified
D90-5-07319	ئوڭ-تەتۈر	headword	668_2L.png	unverified
D90-5-07323	ئوڭتەي-توڭتەي	headword	669_1R.png	unverified
D90-5-07324	ئوڭتەي-توڭتەي بولماق	headword	669_1R.png	unverified
D90-5-07325	ئوڭتەي-توڭتەي قىلماق	headword	669_1R.png	unverified
D90-5-07326	ئوڭچە	headword	669_1R.png	unverified
D90-5-07327	ئوڭچە قالماق	headword	669_1R.png	unverified
D90-5-07328	ئوڭچى	headword	669_2L.png	unverified
D90-5-07329	ئوڭچىسىغا	headword	669_2L.png	unverified
D90-5-07330	ئوڭچىل	headword	669_2L.png	unverified
D90-5-07331	ئوڭچىللىق	headword	669_2L.png	unverified
D90-5-07332	ئوڭخاي	headword	669_2L.png	unverified
D90-5-07333	ئوڭدا	headword	669_2L.png	unverified
D90-5-07334	ئوڭدا بولماق	headword	670_1R.png	unverified
D90-5-07335	ئوڭدا پۈرمە	headword	670_1R.png	unverified
D90-5-07336	ئوڭدا چۈشمەك	headword	670_1R.png	unverified
D90-5-07337	ئوڭدا قالماق	headword	670_1R.png	unverified
D90-5-07338	ئوڭدا قويماق	headword	670_1R.png	unverified
D90-5-07339	ئوڭدا قىلماق	headword	670_1R.png	unverified
D90-5-07340	ئوڭدا ياتماق	headword	670_2L.png	unverified
D90-5-07341	ئوڭدا-دۈمدە	headword	670_2L.png	unverified
D90-5-07342	ئوڭدىسىچە	headword	670_2L.png	unverified
D90-5-07344	ئوڭدىسىغا	headword	670_2L.png	unverified
D90-5-07345	ئوڭدىسىغا چۈشمەك	headword	670_2L.png	unverified
D90-5-07346	ئوڭ-سول	headword	670_2L.png	unverified
D90-5-07347	ئوڭشاتماق	headword	670_2L.png	unverified
D90-5-07348	ئوڭشاشماق	headword	671_1R.png	unverified
D90-5-07349	ئوڭشالماق	headword	671_1R.png	unverified
D90-5-07350	ئوڭشىماق	headword	671_1R.png	unverified
D90-5-07351	ئوڭغۇل-دوڭغۇل	headword	671_2L.png	unverified
D90-5-07352	ئوڭلاتماق	headword	671_2L.png	unverified
D90-5-07353	ئوڭلاشماق	headword	671_2L.png	unverified
D90-5-07354	ئوڭلاشتۇرماق	headword	671_2L.png	unverified
D90-5-07355	ئوڭلانماق	headword	671_2L.png	unverified
D90-5-07356	ئوڭلۇق	headword	671_2L.png	unverified
D90-5-07357	ئوڭلىماق	headword	672_1R.png	unverified
D90-5-07358	ئوڭماق	headword	672_1R.png	unverified
D90-5-07359	ئوڭۇش	headword	672_1R.png	unverified
D90-5-07360	ئوڭۇشسىز	headword	672_1R.png	unverified
D90-5-07361	ئوڭۇشسىزلىق	headword	672_1R.png	unverified
D90-5-07362	ئوڭۇشلۇق	headword	672_1R.png	unverified
D90-5-07363	ئول	headword	672_2L.png	unverified
D90-5-07364	ئولاشتۇرماق	headword	672_2L.png	unverified
D90-5-07365	ئولاشتۇرۇلماق	headword	672_2L.png	unverified
D90-5-07366	ئولاش-چولاش	headword	672_2L.png	unverified
D90-5-07367	ئولاشماق	headword	672_2L.png	unverified
D90-5-07368	ئولاق	headword	672_2L.png	unverified
D90-5-07369	ئولپاق	headword	673_1R.png	unverified
D90-5-07370	ئولپاڭ	headword	673_1R.png	unverified
D90-5-07371	ئولپان	headword	673_1R.png	unverified
D90-5-07372	ئولتۇراق	headword	673_1R.png	unverified
D90-5-07373	ئولتۇراقلاشتۇرماق	headword	673_1R.png	unverified
D90-5-07374	ئولتۇراقلاشتۇرۇلماق	headword	673_1R.png	unverified
D90-5-07375	ئولتۇراقلاشماق	headword	673_1R.png	unverified
D90-5-07376	ئولتۇراقلىق	headword	673_1R.png	unverified
D90-5-07377	ئولتۇرسا-قوپسا	headword	673_1R.png	unverified
D90-5-07378	ئولتۇرغۇچ	headword	673_1R.png	unverified
D90-5-07380	ئولتۇرغۇچ سۆڭەك نېرۋىسى	headword	673_2L.png	unverified
D90-5-07381	ئولتۇرغۇزماق	headword	673_2L.png	unverified
D90-5-07382	ئولتۇرغۇزۇشماق	headword	673_2L.png	unverified
D90-5-07383	ئولتۇرغۇزۇلماق	headword	673_2L.png	unverified
D90-5-07384	ئولتۇر-قوپ	headword	673_2L.png	unverified
D90-5-07385	ئولتۇرماق	headword	673_2L.png	unverified
D90-5-07386	ئولتۇرالماي قالماق	headword	674_2L.png	unverified
D90-5-07387	ئولتۇرۇپ قالماق	headword	674_2L.png	unverified
D90-5-07388	ئولتۇرۇش	headword	674_2L.png	unverified
D90-5-07389	ئولتۇرۇشاڭغۇ	headword	675_1R.png	unverified
D90-5-07390	ئولتۇرۇشلۇق	headword	675_1R.png	unverified
D90-5-07391	ئولتۇرۇشماق	headword	675_1R.png	unverified
D90-5-07392	ئولجا	headword	675_1R.png	unverified
D90-5-07393	ئولجا ئالماق	headword	675_2L.png	unverified
D90-5-07394	ئولچى	headword	675_2L.png	unverified
D90-5-07395	ئولغام	headword	675_2L.png	unverified
D90-5-07396	ئولىگارخىيە	headword	675_2L.png	unverified
D90-5-07397	ئولىمپىك	headword	675_2L.png	unverified
D90-5-07398	ئولىمپىك تەنھەرىكەت يىغىنى	headword	675_2L.png	unverified
D90-5-07399	ئوم	headword	676_1R.png	unverified
D90-5-07400	ئوما	headword	676_1R.png	unverified
D90-5-07401	ئومارتا	headword	676_1R.png	unverified
D90-5-07402	ئوماق	headword	676_1R.png	unverified
D90-5-07403	ئوماقلاشتۇرماق	headword	676_1R.png	unverified
D90-5-07404	ئوماقلاشماق	headword	676_1R.png	unverified
D90-5-07405	ئوماقلىق	headword	676_1R.png	unverified
D90-5-07406	ئومبا-دومبا	headword	676_1R.png	unverified
D90-5-07407	ئومۇت	headword	676_1R.png	unverified
D90-5-07408	ئومۇرتقا	headword	676_1R.png	unverified
D90-5-07409	ئومۇرتقا تۆۋرۈكى	headword	676_2L.png	unverified
D90-5-07410	ئومۇرتقا سۆڭىكى	headword	676_2L.png	unverified
D90-5-07411	ئومۇرتقىسىز	headword	676_2L.png	unverified
D90-5-07413	ئومۇرتقىلىق	headword	676_2L.png	unverified
D90-5-07415	ئومۇرتقىلىق ھايۋانلار زوئولوگىيىسى	headword	677_1R.png	unverified
D90-5-07416	ئومۇم	headword	677_1R.png	unverified
D90-5-07417	ئومۇم گۈل رېتى	headword	677_1R.png	unverified
D90-5-07418	ئومۇمەن	headword	677_1R.png	verified
D90-5-07419	ئومۇملاشتۇرماق	headword	677_1R.png	unverified
D90-5-07420	ئومۇملاشتۇرۇشماق	headword	677_1R.png	unverified
D90-5-07421	ئومۇملاشتۇرۇلماق	headword	677_1R.png	unverified
D90-5-07422	ئومۇملاشماق	headword	677_2L.png	unverified
D90-5-07423	ئومۇملۇق	headword	677_2L.png	unverified
D90-5-07424	ئومۇمىي	headword	677_2L.png	unverified
D90-5-07426	ئومۇمىي ئەخلاق	headword	678_1R.png	verified
D90-5-07427	ئومۇمىي بايان	headword	678_1R.png	unverified
D90-5-07428	ئومۇمىي بۇيرۇق	headword	678_1R.png	verified
D90-5-07429	ئومۇمىي بۆلگۈچى	headword	678_1R.png	verified
D90-5-07430	ئومۇمىي بۆلۈنگۈچى	headword	678_1R.png	verified
D90-5-07431	ئومۇمىي پايدا	headword	678_1R.png	verified
D90-5-07432	ئومۇمىي پەرق	headword	678_1R.png	verified
D90-5-07433	ئومۇمىي پسىخولوگىيە	headword	678_2L.png	unverified
D90-5-07434	ئومۇمىي تەستىقىي ھۆكۈم	headword	678_2L.png	unverified
D90-5-07435	ئومۇمىي خەلق	headword	678_2L.png	unverified
D90-5-07436	ئومۇمىي خەلق مۈلۈكچىلىكى	headword	678_2L.png	unverified
D90-5-07437	ئومۇمىي خور	headword	678_2L.png	unverified
D90-5-07438	ئومۇمىي سايلام	headword	679_1R.png	unverified
D90-5-07439	ئومۇمىي قانۇنىيەت	headword	679_1R.png	unverified
D90-5-07440	ئومۇمىي قائىدە	headword	679_1R.png	unverified
D90-5-07441	ئومۇمىي كەچۈرۈم	headword	679_1R.png	unverified
D90-5-07442	ئومۇمىي كۆپەيتكۈچى	headword	679_1R.png	unverified
D90-5-07443	ئومۇمىي مەخرەج	headword	679_1R.png	unverified
D90-5-07444	ئومۇمىي مەخرەجگە كەلتۈرۈش	headword	679_1R.png	unverified
D90-5-07445	ئومۇمىي مەھسۇلات قىممىتى	headword	679_2L.png	unverified
D90-5-07446	ئومۇمىي مۈلۈك	headword	679_2L.png	unverified
D90-5-07447	ئومۇمىي مۈلۈكچىلىك	headword	679_2L.png	unverified
D90-5-07448	ئومۇمىي نىسبەت	headword	679_2L.png	unverified
D90-5-07449	ئومۇمىي ھەقىقەت	headword	679_2L.png	unverified
D90-5-07450	ئومۇمىي ھۆكۈم	headword	680_1R.png	unverified
D90-5-07451	ئومۇمىي ئورىغۇچى يوپۇرماق	headword	680_1R.png	unverified
D90-5-07452	ئومۇمىي ئۇرۇنما	headword	680_1R.png	unverified
D90-5-07453	ئومۇمىي ئۇقتۇرۇش	headword	680_1R.png	unverified
D90-5-07454	ئومۇمىي ئىجتىمائىي ئەمگەك	headword	680_1R.png	unverified
D90-5-07455	ئومۇمىي ئىجتىمائىي مەھسۇلات	headword	680_2L.png	unverified
D90-5-07456	ئومۇمىي ئىسىم	headword	680_2L.png	unverified
D90-5-07458	ئومۇمىي ئىنكار ھۆكۈم	headword	680_2L.png	unverified
D90-5-07459	ئومۇمىيەت	headword	680_2L.png	unverified
D90-5-07460	ئومۇمىيەتچىل	headword	680_2L.png	unverified
D90-5-07461	ئومۇمىيلىق	headword	681_1R.png	unverified
D90-5-07462	ئومۇميۈزلۈك	headword	681_1R.png	unverified
D90-5-07463	ئومۇميۈزلۈكلۈك	headword	681_1R.png	unverified
D90-5-07464	ئومۇندۇرماق	headword	681_1R.png	unverified
D90-5-07465	ئومۇنماق	headword	681_1R.png	unverified
D90-5-07466	ئومۇنۇشماق	headword	681_1R.png	unverified
D90-5-07467	ئون	headword	681_1R.png	unverified
D90-5-07468	ئون بېشى بولسىمۇ	headword	681_2L.png	unverified
D90-5-07470	ئون جېنى بولسىمۇ	headword	681_2L.png	unverified
D90-5-07469	ئون تۈرلۈك تەنتەربىيە	headword	681_2L.png	unverified
D90-5-07471	ئون جېنىنىڭ بىرى قالماق	headword	681_2L.png	unverified
D90-5-07472	ئون سەككىز مىڭ ئالەم	headword	681_2L.png	unverified
D90-5-07473	ئون گۈلىنىڭ بىرى ئېچىلمىغان	headword	681_2L.png	unverified
D90-5-07474	ئون ئۈچ نامە	headword	682_1R.png	unverified
D90-5-07475	ئون ئىككى بارماق ئۈچەي	headword	682_1R.png	unverified
D90-5-07476	ئون ئىككى بارماق ئۈچەي يارىسى	headword	682_1R.png	unverified
D90-5-07477	ئون ئىككى تەڭلىمە	headword	682_1R.png	unverified
D90-5-07478	ئون ئىككى مۇقام	headword	682_1R.png	verified
D90-5-09775	ئون ئىككى مۈچەل	headword	682_2L.png	verified
D90-5-07479	ئوناق	nonstandard	682_2L.png	unverified
D90-5-07479-c1	ھوناق	corrected_form	682_2L.png	unverified
D90-5-07480	ئونەيلەن	headword	682_2L.png	unverified
D90-5-07481	ئونبېشى	headword	682_2L.png	unverified
D90-5-07482	ئونتولوگىيە	headword	682_2L.png	unverified
D90-5-07483	ئونلاپ	headword	683_1R.png	unverified
D90-5-07484	ئونلار ئې	headword	683_1R.png	unverified
D90-5-07484-v1	ئونلارخانىسى	variant	683_1R.png	unverified
D90-5-07485	ئونلار خانىسى	headword	683_1R.png	unverified
D90-5-07486	ئونلۇق	headword	683_1R.png	unverified
D90-5-07487	ئونلۇق ساناق سىستېمىسى	headword	683_1R.png	unverified
D90-5-07488	ئونلۇق كەسىر	headword	683_1R.png	unverified
D90-5-07489	ئونلۇق كەسىر چېكىتى	headword	683_1R.png	unverified
D90-5-07490	ئونلۇق لوگارىغما	headword	683_1R.png	unverified
D90-5-07491	ئونلۇق ئونلۇشلار خانىسى	headword	683_1R.png	unverified
D90-5-07492	ئونلىغان	headword	683_2L.png	unverified
D90-5-07493	ئونمىڭ	headword	683_2L.png	unverified
D90-5-07494	ئونمىڭلاپ	headword	683_2L.png	unverified
D90-5-07495	ئونمىڭلاپ-يۈزمىڭلاپ	headword	683_2L.png	unverified
D90-5-07496	ئونمىڭلار	headword	683_2L.png	unverified
D90-5-07496-v1	ئونمىڭلار خانىسى	variant	683_2L.png	unverified
D90-5-07498	ئونمىڭلىغان	headword	683_2L.png	unverified
D90-5-07499	ئونىماق	nonstandard	683_2L.png	unverified
D90-5-07499-c1	ھونىماق	corrected_form	683_2L.png	unverified
D90-5-07500	ئونىنچى	headword	683_2L.png	unverified
D90-5-07501	ئوھۇ	headword	683_2L.png	unverified
D90-5-07502	ئوھۇي	headword	684_1R.png	unverified
D90-5-07503	ئوۋ	headword	684_1R.png	unverified
D90-5-07505	ئوۋ قىلماق	headword	684_2L.png	unverified
D90-5-07508	ئوۋ ئوۋلىماق	headword	684_2L.png	unverified
D90-5-07506	ئوۋ مىلتىقى	headword	684_2L.png	unverified
D90-5-07507	ئوۋ ھايۋانلىرى	headword	684_2L.png	unverified
D90-5-07509	ئوۋ ئىتى	headword	684_2L.png	unverified
D90-5-07510	ئوۋچى	headword	684_2L.png	unverified
D90-5-07511	ئوۋچىلىق	headword	684_2L.png	unverified
D90-5-07512	ئوۋلاتماق	headword	684_2L.png	unverified
D90-5-07513	ئوۋلاشماق	headword	684_2L.png	unverified
D90-5-07514	ئوۋلىماق	headword	685_1R.png	unverified
D90-5-07515	ئوي	headword	685_1R.png	unverified
D90-5-07517	ئوي سۇرغەك	headword	685_2L.png	unverified
D90-5-07554	ئويلانماق	headword	688_2L.png	unverified
D90-5-07518	ئويغا پاتماق	headword	685_2L.png	unverified
D90-5-07519	ئويغا چۆكمەك	headword	685_2L.png	unverified
D90-5-07520	ئويغا چۆممەك	headword	685_2L.png	unverified
D90-5-07521	ئويغا سالماق	headword	685_2L.png	unverified
D90-5-07522	ئويغا كەتمەك	headword	685_2L.png	unverified
D90-5-07523	ئويپاڭ	headword	685_2L.png	unverified
D90-5-07524	ئويپاڭلىق	headword	685_2L.png	unverified
D90-5-07525	ئوي-پىكىر	headword	686_1R.png	unverified
D90-5-07526	ئويچان	headword	686_1R.png	unverified
D90-5-07527	ئويچانلىق	headword	686_1R.png	unverified
D90-5-07528	ئوي-چوڭقۇر	headword	686_1R.png	unverified
D90-5-07529	ئويچى	headword	686_1R.png	unverified
D90-5-07530	ئوي-خىيال	headword	686_1R.png	unverified
D90-5-07531	ئوي-دوڭغۇل	headword	686_1R.png	unverified
D90-5-07532	ئويدۇرما	headword	686_1R.png	unverified
D90-5-07533	ئويدۇرماق	headword	686_1R.png	unverified
D90-5-07534	ئويدۇرمىچى	headword	686_2L.png	unverified
D90-5-07534-v1	تۆھمەتچى	variant	686_2L.png	unverified
D90-5-07535	ئويدۇرمىچىلىق	headword	686_2L.png	unverified
D90-5-07536	ئويدۇرۇشماق	headword	686_2L.png	unverified
D90-5-07537	ئويدۇرۇلما	headword	686_2L.png	unverified
D90-5-07538	ئويدۇرۇلماق	headword	686_2L.png	unverified
D90-5-07539	ئوي-دۆڭ	headword	686_2L.png	unverified
D90-5-07540	ئويرات	headword	686_2L.png	unverified
D90-5-07541	ئويغاتقۇچى	headword	687_1R.png	unverified
D90-5-07542	ئويغاتقۇزماق	headword	687_1R.png	unverified
D90-5-07543	ئويغاتماق	headword	687_1R.png	unverified
D90-5-07544	ئويغاق	headword	687_2L.png	unverified
D90-5-07545	ئويغاقلىق	headword	687_2L.png	unverified
D90-5-07546	ئويغانماق	headword	687_2L.png	unverified
D90-5-07547	ئويغىتىشماق	headword	688_1R.png	unverified
D90-5-07548	ئويغىتىلماق	headword	688_1R.png	unverified
D90-5-07549	ئويغىنىشماق	headword	688_1R.png	unverified
D90-5-07550	ئوي-كوي	headword	688_2L.png	unverified
D90-5-07551	ئويلاتماق	headword	688_2L.png	unverified
D90-5-07552	ئويلاشماق	headword	688_2L.png	unverified
D90-5-07553	ئويلاندۇرماق	headword	688_2L.png	unverified
D90-5-07555	ئويلۇق	headword	688_2L.png	unverified
D90-5-07556	ئويلىشىلماق	headword	688_2L.png	unverified
D90-5-07557	ئويلىماق	headword	688_2L.png	unverified
D90-5-07558	ئويلىغىنى بار	headword	689_1R.png	unverified
D90-5-07559	ئويلىمىغان يەردىن چىقماق	headword	689_1R.png	unverified
D90-5-07560	ئويلىنىلماق	headword	689_1R.png	unverified
D90-5-07561	ئويما	headword	689_1R.png	unverified
D90-5-07565	ئويمات	headword	689_1R.png	unverified
D90-5-07566	ئويماتلاشماق	headword	689_1R.png	unverified
D90-5-07567	ئويماق	headword	689_2L.png	unverified
D90-5-07569	ئويماقتەك	headword	689_2L.png	unverified
D90-5-07570	ئويماقسىز	headword	689_2L.png	unverified
D90-5-07571	ئويماقلىق	headword	689_2L.png	unverified
D90-5-07572	ئويمان	headword	689_2L.png	unverified
D90-5-07573	ئويمان-چوڭقۇر	headword	690_1R.png	unverified
D90-5-07574	ئويمان-دۆڭ	headword	690_1R.png	unverified
D90-5-07575	ئويمانلىق	headword	690_1R.png	unverified
D90-5-07576	ئويمىچى	headword	690_1R.png	unverified
D90-5-07577	ئويمىچىلىق	headword	690_1R.png	unverified
D90-5-07578	ئويمىكار	headword	690_1R.png	unverified
D90-5-07579	ئويمىكەش	headword	690_1R.png	unverified
D90-5-07580	ئويمىكەشلىك	headword	690_1R.png	unverified
D90-5-07581	ئويمىلىق	headword	690_1R.png	unverified
D90-5-07582	ئويناتماق	headword	690_1R.png	unverified
D90-5-07583	ئويناش	headword	690_2L.png	unverified
D90-5-07584	ئويناشماق	headword	690_2L.png	unverified
D90-5-07585	ئويناق	headword	690_2L.png	unverified
D90-5-07586	ئويناقلاتماق	headword	690_2L.png	unverified
D90-5-07587	ئويناقلاشماق	headword	690_2L.png	unverified
D90-5-07588	ئويناقلىق	headword	691_1R.png	unverified
D90-5-07589	ئويناقلىماق	headword	691_1R.png	unverified
D90-5-07590	ئوينالماق	headword	691_1R.png	unverified
D90-5-07591	ئوينىغۇچ	headword	691_1R.png	unverified
D90-5-07593	ئوينىماق	headword	691_1R.png	unverified
D90-5-07597	ئويۇق	headword	692_2L.png	unverified
D90-5-07598	ئويۇقچە	headword	692_2L.png	unverified
D90-5-07599	ئويۇلماق	headword	692_2L.png	unverified
D90-5-07600	ئويۇ	headword	693_1R.png	unverified
D90-5-07601	ئويۇن	headword	693_1R.png	unverified
D90-5-07602	ئويۇن چىقارماق	headword	693_2L.png	unverified
D90-5-07603	ئويۇندىن چىڭغا چىقماق	headword	693_2L.png	unverified
D90-5-07604	ئويۇن قويدى	headword	693_2L.png	unverified
D90-5-07605	ئويۇن قىلماق	headword	693_2L.png	unverified
D90-5-07606	ئويۇن كۆرسەتمەك	headword	693_2L.png	unverified
D90-5-07607	ئويۇن كۆرسىتىش مۇسابىقىسى	headword	694_1R.png	unverified
D90-5-07608	ئويۇنپەرەس	headword	694_1R.png	unverified
D90-5-07609	ئويۇن-تاماشا	headword	694_1R.png	unverified
D90-5-07610	ئويۇنچا	headword	694_1R.png	unverified
D90-5-07611	ئويۇن-چاقچاق	headword	694_1R.png	unverified
D90-5-07612	ئويۇنچۇق	headword	694_2L.png	unverified
D90-5-07613	ئويۇنچى	headword	694_2L.png	unverified
D90-5-07614	ئويۇنخانا	headword	694_2L.png	unverified
D90-5-07615	ئويۇنقېپى	headword	694_2L.png	unverified
D90-5-07616	ئويۇن-كۈلكە	headword	694_2L.png	unverified
D90-5-07617	ئۇ	headword	695_1R.png	unverified
D90-5-07619	ئۇ ئالەم	headword	695_2L.png	unverified
D90-5-07625	ئۇ دۇنيا	headword	696_1R.png	unverified
D90-5-07620	ئۇ ئالەم-بۇ ئالەم	headword	696_1R.png	unverified
D90-5-07626	ئۇ دۇنيا-بۇ دۇنيا	headword	696_2L.png	unverified
D90-5-07621	ئۇ ئالەمگە سەپەر قىلماق	headword	696_1R.png	unverified
D90-5-07631	ئۇ دۇنياغا سەپەر قىلماق	headword	697_1R.png	unverified
D90-5-07622	ئۇ ئالەمگە كەتمەك	headword	696_1R.png	unverified
D90-5-07632	ئۇ دۇنياغا كەتمەك	headword	697_1R.png	unverified
D90-5-07623	ئۇ ئالەمگە ئۇزاتماق	headword	696_1R.png	unverified
D90-5-07624	ئۇ چەت-بۇ چەت	headword	696_1R.png	unverified
D90-5-07650	ئۇ ياق-بۇ ياق	headword	698_2L.png	unverified
D90-5-07629	ئۇ دۇنياغا راۋان بولماق	headword	697_1R.png	unverified
D90-5-07630	ئۇ دۇنياغا راۋان قىلماق	headword	697_1R.png	unverified
D90-5-07633	ئۇ دۇنياغا ئۇزاتماق	headword	697_1R.png	unverified
D90-5-07634	ئۇ دۇنياغا يولغا سالماق	headword	697_1R.png	unverified
D90-5-07635	ئۇ دۇنيالىق	headword	697_1R.png	unverified
D90-5-07636	ئۇ دېدى-بۇ دېدى	headword	697_2L.png	unverified
D90-5-07636-v1	ئۆنى دېدى-بۇنى دېدى	variant	697_2L.png	unverified
D90-5-07637	ئۇ شاختىن بۇ شاخقا قونماق	headword	697_2L.png	unverified
D90-5-07637-v1	شاختىن شاخقا قونماق	variant	697_2L.png	unverified
D90-5-07638	ئۇ قەدەر	headword	697_2L.png	unverified
D90-5-07639	ئۇ قۇلاقتىن كىرىپ، بۇ قۇلاقتىن چىقىپ كەتكەنلىك	headword	697_2L.png	unverified
D90-5-07640	ئۇ قىلىپ- بۇ قىلىپ	headword	697_2L.png	unverified
D90-5-07641	ئۇ كەم	headword	697_2L.png	unverified
D90-5-07642	ئۇمۇ يوق، بۇمۇ يوق	headword	698_1R.png	unverified
D90-5-07643	ئۇنى بىر دېمە	headword	698_1R.png	unverified
D90-5-07644	ئۇنى دەپ، بۇنى دەپ	headword	698_1R.png	unverified
D90-5-07645	ئۇنىڭ دوپپىسىنى بۇنىڭغا كىيدۈرمەك	headword	698_1R.png	unverified
D90-5-07646	ئۇنىڭدىن باشقا	headword	698_1R.png	unverified
D90-5-07647	ئۇنىڭدىن تاشقىرى	headword	698_1R.png	unverified
D90-5-07648	ئۇنىڭدىن سىرت	headword	698_1R.png	unverified
D90-5-07649	ئۇ ياق	headword	698_2L.png	unverified
D90-5-07651	ئۇ ياق-بۇ ياق قىلماق	headword	699_1R.png	unverified
D90-5-07652	ئۇ ياقتا تۇرسۇن	headword	699_1R.png	unverified
D90-5-07653	ئۇ يان	headword	699_2L.png	unverified
D90-5-07654	ئۇ يان-بۇ يان	headword	699_2L.png	unverified
D90-5-07655	ئۇ يان-بۇ يان بولماق	headword	699_2L.png	unverified
D90-5-07656	ئۇ يان-بۇ يان قىلماق	headword	699_2L.png	unverified
D90-5-07657	ئۇ يان ئويلاپ، بۇ يان ئويلاپ	headword	700_1R.png	unverified
D90-5-07658	ئۇ يەر	headword	700_1R.png	unverified
D90-5-07659	ئۇ يەر-بۇ يەر	headword	700_1R.png	unverified
D90-5-07660	ئۇ يېرىنى ياپسا، بۇ يېرى ئېچىلماق	headword	700_1R.png	unverified
D90-5-07661	ئۇ-بۇ	headword	700_2L.png	unverified
D90-5-07662	ئۇپ	headword	700_2L.png	unverified
D90-5-07663	ئۇپ ئۆتمەك	headword	700_2L.png	unverified
D90-5-07664	ئۇپا	headword	700_2L.png	unverified
D90-5-07665	ئۇپا سۈرمەك	headword	700_2L.png	unverified
D90-5-07666	ئۇپا-ئەڭلىك	headword	700_2L.png	unverified
D90-5-07667	ئۇپراتماق	headword	700_2L.png	unverified
D90-5-07668	ئۇپراش	headword	701_1R.png	unverified
D90-5-07670	ئۇپراشماق	headword	701_1R.png	unverified
D90-5-07671	ئۇپرىتىلماق	headword	701_1R.png	unverified
D90-5-07672	ئۇپرىماق	headword	701_1R.png	unverified
D90-5-07673	ئۇپقۇن	nonstandard	701_1R.png	unverified
D90-5-07674	ئۇپۇق	headword	701_1R.png	unverified
D90-5-07675	ئۇپۇق سىزىقى	headword	701_2L.png	unverified
D90-5-07676	ئۇپىسىمان	headword	701_2L.png	unverified
D90-5-07677	ئۇپىلاتماق	headword	701_2L.png	unverified
D90-5-07678	ئۇپىلاشماق	headword	701_2L.png	unverified
D90-5-07679	ئۇپىلانماق	headword	701_2L.png	unverified
D90-5-07680	ئۇپىلىماق	headword	701_2L.png	unverified
D90-5-07681	ئۇتتۇر	headword	701_2L.png	unverified
D90-5-07682	ئوتتۇر چىش	headword	702_1R.png	unverified
D90-5-07683	ئوتتۇر كەلگەن	headword	702_1R.png	unverified
D90-5-07684	ئوتتۇر كەلگىنىچە	headword	702_1R.png	unverified
D90-5-07685	ئوتتۇر مىجەز	headword	702_1R.png	unverified
D90-5-07686	ئوتتۇر ئوقەت	headword	702_1R.png	unverified
D90-5-07856	ئۇدۇل ئوقەت	headword	719_1R.png	unverified
D90-5-07687	ئوتتۇرلاپ	headword	702_1R.png	unverified
D90-5-07688	ئۇتتۇرلۇق	headword	702_2L.png	unverified
D90-5-07861	ئۇدۇللۇق	headword	719_2L.png	unverified
D90-5-07689	ئۇتتۇرتۇرماق	headword	702_2L.png	unverified
D90-5-07690	ئۇتقۇزماق	headword	702_2L.png	unverified
D90-5-07691	ئۇتقۇزۇپ قويغان قىمارۋازدەك	headword	702_2L.png	unverified
D90-5-07692	ئۇتقۇزۇشماق	headword	702_2L.png	unverified
D90-5-07693	ئۇتقۇزۇلماق	headword	702_2L.png	unverified
D90-5-07694	ئۇتماق	headword	702_2L.png	unverified
D90-5-07695	ئۇتۇشماق	headword	703_1R.png	unverified
D90-5-07696	ئۇتۇق	headword	703_1R.png	unverified
D90-5-07697	ئۇتۇقسىز	headword	703_1R.png	unverified
D90-5-07698	ئۇتۇقلۇق	headword	703_1R.png	unverified
D90-5-07699	ئۇتۇلماق	headword	703_2L.png	unverified
D90-5-07700	ئۇجماق	headword	703_2L.png	unverified
D90-5-07701	ئۇجۇر-بۇجۇر	headword	703_2L.png	unverified
D90-5-07702	ئۇجۇر-بۇجۇرىغىچە	headword	703_2L.png	unverified
D90-5-07703	ئۇجۇر	headword	704_1R.png	unverified
D90-5-07704	ئۇجۇقلىماق	headword	704_1R.png	unverified
D90-5-07705	ئۇجۇقتۇرماق	headword	704_1R.png	unverified
D90-5-07706	ئۇجۇقتۇرۇشماق	headword	704_1R.png	unverified
D90-5-07707	ئۇجۇقتۇرۇلماق	headword	704_1R.png	unverified
D90-5-07708	ئۇجۇقماق	headword	704_1R.png	unverified
D90-5-07709	ئۇجۇقۇشماق	headword	704_2L.png	unverified
D90-5-07710	ئۇجۇل	headword	704_2L.png	unverified
D90-5-07711	ئۇچ	headword	704_2L.png	unverified
D90-5-07712	ئۇچ تارتاق	headword	705_1R.png	unverified
D90-5-07713	ئۇچتىن زەرەت قويۇپ بېرىش	headword	705_1R.png	unverified
D90-5-07714	ئۇچ قورۇلى	headword	705_1R.png	unverified
D90-5-07715	ئۇچىغا چىققان	headword	705_1R.png	unverified
D90-5-07716	ئۇچىغا چىقماق	headword	705_2L.png	unverified
D90-5-07717	ئۇچىنى ئۈزمەك	headword	705_2L.png	unverified
D90-5-07718	ئۇچىنى ياندۇرماق	headword	705_2L.png	unverified
D90-5-07720	ئۇچا	headword	705_2L.png	unverified
D90-5-07721	ئۇچىسى ئاپتاپ كۆرمەك	headword	705_2L.png	unverified
D90-5-07721-v1	دۈمبىسى ئاپتاپ كۆرمەك	variant	705_2L.png	unverified
D90-5-07722	ئۈچىسى ئاپتاپ كۆرمىگەن	headword	706_1R.png	unverified
D90-5-07723	ئۈچىسى قىچىشسا، گەدىنىنى قاشلايدىغان	headword	706_1R.png	unverified
D90-5-07723-v1	دۈمبىسى قىچىشسا، گەدىنىنى تاتىلايدىغان	variant	706_1R.png	unverified
D90-5-07724	ئۈچىسى قىچىشماق	headword	706_1R.png	unverified
D90-5-07724-v1	دۈمبىسى قىچىشماق	variant	706_1R.png	unverified
D90-5-07725	ئۈچىنى قورۇماق توڭدۇرماق	headword	706_1R.png	unverified
D90-5-07726	ئۇچار	headword	706_1R.png	unverified
D90-5-07729	ئۇچار پاقا	headword	706_2L.png	unverified
D90-5-07730	ئۇچار تەخسە	headword	706_2L.png	unverified
D90-5-07731	ئۇچار تىيىن	headword	706_2L.png	unverified
D90-5-07732	ئۇچار جىسىم	headword	706_2L.png	unverified
D90-5-07733	ئۇچار چاشقان	headword	706_2L.png	unverified
D90-5-07734	ئۇچار چېكەتكە	headword	707_1R.png	unverified
D90-5-07735	ئۇچار قانات	headword	707_1R.png	unverified
D90-5-07736	ئۇچار قۇش	headword	707_1R.png	unverified
D90-5-07737	ئۇچار كەسلەنچۈك	headword	707_1R.png	unverified
D90-5-07738	ئۇچار گىلەم	headword	707_2L.png	unverified
D90-5-07739	ئۇچارلىق	headword	707_2L.png	unverified
D90-5-07740	ئۇچارلىق-تىنارلىق	headword	707_2L.png	unverified
D90-5-07741	ئۇچاستىكا	headword	707_2L.png	unverified
D90-5-07742	ئۈچبېگى	headword	708_1R.png	verified
D90-5-07743	ئۇچتۇرپان	headword	708_1R.png	unverified
D90-5-07744	ئۇچتۇرپان قوزغىلىڭى	headword	708_1R.png	verified
D90-5-07745	ئۇچراتماق	headword	708_1R.png	unverified
D90-5-07746	ئۇچراشتۇرماق	headword	708_2L.png	unverified
D90-5-07747	ئۇچراشتۇرۇلماق	headword	708_2L.png	unverified
D90-5-07748	ئۇچراشما	headword	708_2L.png	unverified
D90-5-07750	ئۇچراشماس	headword	708_2L.png	unverified
D90-5-07752	ئۇچراشماق	headword	708_2L.png	unverified
D90-5-07753	ئۇچرىشىش	headword	708_2L.png	unverified
D90-5-07754	ئۇچرىماق	headword	709_1R.png	unverified
D90-5-07755	ئۇچسىز	headword	709_2L.png	unverified
D90-5-07756	ئۇچقاق	headword	709_2L.png	unverified
D90-5-07757	ئۇچقاندەك	headword	709_2L.png	unverified
D90-5-07758	ئۇچقۇ	headword	709_2L.png	unverified
D90-5-07759	ئۇچقۇچى	headword	709_2L.png	unverified
D90-5-07760	ئۇچقۇچىسىز	headword	709_2L.png	unverified
D90-5-07761	ئۇچقۇچىلىق	headword	709_2L.png	unverified
D90-5-07762	ئۇچقۇر	headword	709_2L.png	unverified
D90-5-07763	ئۇچقۇرلۇق	headword	710_1R.png	unverified
D90-5-07764	ئۇچقۇن	headword	710_1R.png	unverified
D90-5-07765	ئۇچقۇن پاقا	headword	710_2L.png	unverified
D90-5-07766	ئۇچقۇندى	headword	710_2L.png	unverified
D90-5-07768	ئۇچقۇندىماق	headword	710_2L.png	unverified
D90-5-07773	ئۇچقۇنلىماق	headword	711_1R.png	unverified
D90-5-07769	ئۇچقۇنلاتقۇچ	headword	710_2L.png	unverified
D90-5-07770	ئۇچقۇنلاتماق	headword	711_1R.png	unverified
D90-5-07771	ئۇچقۇنلاندۇرماق	headword	711_1R.png	unverified
D90-5-07772	ئۇچقۇنلانماق	headword	711_1R.png	unverified
D90-5-07774	ئۇچلاتماق	headword	711_2L.png	unverified
D90-5-07775	ئۇچلاشماق	headword	711_2L.png	unverified
D90-5-07776	ئۇچلانماق	headword	711_2L.png	unverified
D90-5-07777	ئۇچلايماق	headword	711_2L.png	unverified
D90-5-07778	ئۇچلۇق	headword	711_2L.png	unverified
D90-5-07779	ئۇچلۇق باش	headword	711_2L.png	unverified
D90-5-07780	ئۇچلۇق باش چېكەتكە	headword	711_2L.png	unverified
D90-5-07781	ئۇچلۇق تۇمشۇق	headword	711_2L.png	unverified
D90-5-07782	ئۇچلۇق تىرەك	headword	711_2L.png	unverified
D90-5-07783	ئۇچلىغۇچ	headword	712_1R.png	unverified
D90-5-07784	ئۇچلىماق	headword	712_1R.png	unverified
D90-5-07788	ئۇچلىنىش	headword	712_2L.png	unverified
D90-5-07789	ئۇچما	headword	712_2L.png	unverified
D90-5-07790	ئۇچماق	headword	712_2L.png	unverified
D90-5-07791	ئۇچۇپ يۈرمەك	headword	713_1R.png	unverified
D90-5-07792	ئۇچمۇئۇچ	headword	713_2L.png	unverified
D90-5-07793	ئۇچۇچان	headword	713_2L.png	unverified
D90-5-07794	ئۇچۇر	headword	713_2L.png	unverified
D90-5-07796	ئۇچۇر قىلماق	headword	714_1R.png	unverified
D90-5-07796-v1	ئۇچۇر بەرمەك	variant	714_1R.png	unverified
D90-5-07797	ئۇچۇرچى	headword	714_1R.png	unverified
D90-5-07798	ئۇچۇرما	headword	714_1R.png	unverified
D90-5-07799	ئۇچۇرما بولماق	headword	714_2L.png	unverified
D90-5-07805	ئۇچۇرماق	headword	714_2L.png	unverified
D90-5-07806	ئۈچۈرۇم	nonstandard	715_1R.png	unverified
D90-5-07806-c1	ئۇچۇرما I	corrected_form	715_1R.png	unverified
D90-5-07807	ئۈچۈرۇشماق	headword	715_1R.png	unverified
D90-5-07808	ئۈچۈرۇلماق	headword	715_1R.png	unverified
D90-5-07809	ئۇچۇش	headword	715_1R.png	unverified
D90-5-07810	ئۇچۇشماق	headword	715_1R.png	unverified
D90-5-07811	ئۇچۇق	headword	715_1R.png	unverified
D90-5-07814	ئۇچۇقدىماق	headword	715_2L.png	unverified
D90-5-07818	ئۇچۇقلىماق	headword	715_2L.png	unverified
D90-5-07815	ئۇچۇقلاتماق	headword	715_2L.png	unverified
D90-5-07816	ئۇچۇقلاشماق	headword	715_2L.png	unverified
D90-5-07817	ئۇچۇقلىانماق	headword	715_2L.png	unverified
D90-5-07819	ئۇچۇندۇرماق	headword	716_1R.png	unverified
D90-5-07820	ئۇچۇنماق	headword	716_1R.png	unverified
D90-5-07821	ئۇچئۇن	headword	716_1R.png	unverified
D90-5-07822	ئۇچىلىق	headword	716_1R.png	unverified
D90-5-07823	ئۇختا	headword	716_1R.png	unverified
D90-5-07825	ئۇخلاتماق	headword	716_1R.png	unverified
D90-5-07826	ئۇخلىتىپ داۋالاش	headword	716_2L.png	unverified
D90-5-07827	ئۇخلاش	headword	716_2L.png	unverified
D90-5-07828	ئۇخلاش كىيىمى	headword	716_2L.png	unverified
D90-5-07829	ئۇخلاشماق	headword	716_2L.png	unverified
D90-5-07830	ئۇخلىماق	headword	716_2L.png	unverified
D90-5-07831	ئۇخلاپ چۈش كۆرگەندەك	headword	717_1R.png	unverified
D90-5-07832	ئۇخلاپ چۈشى	headword	717_1R.png	unverified
D90-5-07833	ئۇخلاپ چۈشىدە كۆرمىگەن	headword	717_1R.png	unverified
D90-5-07834	ئۇخلاپ چۈشىدىمۇ يوق	headword	717_1R.png	unverified
D90-5-07835	ئۇخلاپ چۈشۈمگىمۇ كىرمىگەن	headword	717_1R.png	unverified
D90-5-07835-v1	چۈشىدە كۆرمىگەن	variant	717_1R.png	unverified
D90-5-07836	ئۇخلسا چۈشىگە كىرمەيدىغان	headword	717_1R.png	unverified
D90-5-07837	ئۇخلىماي چۈش كۆرمەك	headword	717_1R.png	unverified
D90-5-07838	ئۇد	headword	717_2L.png	unverified
D90-5-07840	ئۇدا	headword	717_2L.png	unverified
D90-5-07844	ئۇدا ئۇچۇش ئىقتىدارى	headword	718_1R.png	unverified
D90-5-07845	ئۇدار	headword	718_1R.png	unverified
D90-5-07846	ئۇدارسىز	headword	718_1R.png	unverified
D90-5-07847	ئۇدارلىق	headword	718_1R.png	unverified
D90-5-07848	تۇدمۇرت	headword	718_1R.png	unverified
D90-5-07849	تۇدھىندى	headword	718_1R.png	unverified
D90-5-07850	تۇدۇق-بۇدۇق	headword	718_1R.png	unverified
D90-5-07851	ئۇدۇل	headword	718_2L.png	unverified
D90-5-07854	ئۇدۇل كەلمەك	headword	719_1R.png	unverified
D90-5-07855	ئۇدۇل كۆزىتىش	headword	719_1R.png	unverified
D90-5-07857	ئۇدۇل ئۆسۈش	headword	719_1R.png	unverified
D90-5-07858	ئۇدۇللاپ	headword	719_1R.png	unverified
D90-5-07859	ئۇدۇللاپ كەپشەرلەش ماشىنىسى	headword	719_1R.png	unverified
D90-5-07860	ئۇدۇللانماق	headword	719_1R.png	unverified
D90-5-07862	ئۇدۇللىماق	headword	719_2L.png	unverified
D90-5-07863	ئۇدۇلمۇئۇدۇل	headword	719_2L.png	unverified
D90-5-07864	ئۇدۇم	headword	719_2L.png	unverified
D90-5-07865	ئۇدۇم ئالماق	headword	720_1R.png	unverified
D90-5-07866	ئۇدۇم بولماق	headword	720_1R.png	unverified
D90-5-07867	ئۇدۇم قىلماق	headword	720_1R.png	unverified
D90-5-07868	ئۇدۇملۇق	headword	720_1R.png	unverified
D90-5-07869	ئۇران	headword	720_2L.png	unverified
D90-5-07870	ئۇراندىن كېيىنكى ئېلېمېنتلار	headword	720_2L.png	unverified
D90-5-07871	ئۇران سىمولىسى	headword	720_2L.png	unverified
D90-5-07877	ئۇران-جۇرات	headword	721_1R.png	unverified
D90-5-07878	ئۇراننىت	headword	721_1R.png	unverified
D90-5-07879	ئۇرتوقاي	headword	721_2L.png	verified
D90-5-07907	ئۇركالتەك	headword	723_2L.png	verified
D90-5-07880	ئۇرتوقاي قىلماق	headword	721_2L.png	unverified
D90-5-07880-v1	ئۇركالتەك قىلماق	variant	721_2L.png	unverified
D90-5-07881	ئۇرتوقاي-سۇرتوقاي	headword	721_2L.png	unverified
D90-5-07882	ئۇرتوقاي-سۇرتوقاي قىلماق	headword	721_2L.png	unverified
D90-5-07883	ئۇر-چاپ	headword	721_2L.png	unverified
D90-5-07884	ئۇر-چاپ قىلماق	headword	721_2L.png	unverified
D90-5-07885	ئۇرچۇق	headword	722_1R.png	unverified
D90-5-07886	ئۇرچۇقسىمان	headword	722_1R.png	unverified
D90-5-07888	ئۇرچۇقلۇق	headword	722_1R.png	unverified
D90-5-07889	ئۇردۇرماق	nonstandard	722_1R.png	unverified
D90-5-07895	ئۇرغۇزماق	headword	722_2L.png	unverified
D90-5-07890	ئۇررا	headword	722_1R.png	verified
D90-5-07891	ئۇر- سۈر	headword	722_2L.png	unverified
D90-5-07891-v1	ئۈر-سۈر قىلماق	variant	722_2L.png	unverified
D90-5-07892	ئۇرغاچى	headword	722_2L.png	unverified
D90-5-07893	ئۇرغۇ	headword	722_2L.png	unverified
D90-5-07894	ئۇرغۇتماق	headword	722_2L.png	unverified
D90-5-07896	ئۇرغۇزۇشماق	headword	722_2L.png	unverified
D90-5-07897	ئۇرغۇزۇلماق	headword	722_2L.png	unverified
D90-5-07898	ئۇرغۇسىز	headword	722_2L.png	unverified
D90-5-07899	ئۇرغۇسىز بوغۇم	headword	723_1R.png	unverified
D90-5-07900	ئۇرغۇشۇناس	headword	723_1R.png	unverified
D90-5-07901	ئۇرغۇشۇناسلىق	headword	723_1R.png	unverified
D90-5-07902	ئۇرغۇلۇق	headword	723_1R.png	unverified
D90-5-07906	ئۇرغۇماق	headword	723_2L.png	unverified
D90-5-07909	ئۇرماق	headword	723_2L.png	unverified
D90-5-07910	ئۇرۇپ-سوقۇپ	headword	724_2L.png	unverified
D90-5-07911	ئۇرۇچ	headword	724_2L.png	unverified
D90-5-07912	ئۇر-ئۇر	headword	724_2L.png	unverified
D90-5-07913	ئۇرۇش	headword	725_1R.png	unverified
D90-5-07919	ئۇرۇش رايونى	headword	725_2L.png	unverified
D90-5-07920	ئۇرۇش قىلماق	headword	725_2L.png	unverified
D90-5-07921	ئۇرۇشپەرەس	headword	725_2L.png	unverified
D90-5-07922	ئۇرۇشپەرەسلىك	headword	725_2L.png	unverified
D90-5-07923	ئۇرۇش-تالاش	headword	725_2L.png	unverified
D90-5-07924	ئۇرۇشتۇرماق	headword	725_2L.png	unverified
D90-5-07925	ئۇرۇشتۇرۇشماق	headword	726_1R.png	unverified
D90-5-07926	ئۇرۇشتۇرۇلماق	headword	726_1R.png	unverified
D90-5-07927	ئۇرۇشخۇمار	headword	726_1R.png	unverified
D90-5-07927-v1	ئۇرۇش- پەرەس	variant	726_1R.png	unverified
D90-5-07928	ئۇرۇشخۇمارلىق	headword	726_1R.png	unverified
D90-5-07929	ئۇرۇشقاق	headword	726_1R.png	unverified
D90-5-07930	ئۇرۇشقاقلىق	headword	726_1R.png	unverified
D90-5-07931	ئۇرۇشماق	headword	726_1R.png	unverified
D90-5-07932	ئۇرۇق	headword	726_2L.png	unverified
D90-5-07933	ئۇرۇق بەزلىرى	headword	727_1R.png	unverified
D90-5-07934	ئۇرۇق تىلى	headword	727_1R.png	unverified
D90-5-07935	ئۇرۇق چاچماق	headword	727_1R.png	unverified
D90-5-07936	ئۇرۇق چىلاش	headword	727_1R.png	unverified
D90-5-07937	ئۇرۇق دورىلاش	headword	727_2L.png	unverified
D90-5-07938	ئۇرۇق سالماق	headword	727_2L.png	unverified
D90-5-07939	ئۇرۇق سەللىسى	headword	727_2L.png	unverified
D90-5-07940	ئۇرۇققىمۇ تېپىلمايدۇ	headword	727_2L.png	unverified
D90-5-07940-v1	ئۇرۇقلۇققىمۇ يوق	variant	727_2L.png	unverified
D90-5-07941	ئۇرۇق كىندىكى	headword	727_2L.png	unverified
D90-5-07942	ئۇرۇق نەيچىسى	headword	728_1R.png	unverified
D90-5-07943	ئۇرۇقنى دانىلاپ تاللاش	headword	728_1R.png	unverified
D90-5-07944	ئۇرۇقىنى قۇرۇتماق	headword	728_1R.png	unverified
D90-5-07944-v1	تۇخۇمىنى قۇرۇتماق	variant	728_1R.png	unverified
D90-5-07945	ئۇرۇق-ئايماق	headword	728_1R.png	unverified
D90-5-07946	ئۇرۇق-ئەجداد	headword	728_1R.png	unverified
D90-5-07947	ئۇرۇق-ئەۋلاد	headword	728_1R.png	unverified
D90-5-07948	ئۇرۇق-پۇشتى	headword	728_1R.png	unverified
D90-5-07949	ئۇرۇق-تۇغقان	headword	728_2L.png	unverified
D90-5-07950	ئۇرۇق-تۇغقانچىلىق	headword	728_2L.png	unverified
D90-5-07951	ئۇرۇق-تۇغقانلىق	headword	728_2L.png	unverified
D90-5-07953	ئۇرۇق-جەمەت	headword	728_2L.png	unverified
D90-5-07954	ئۇرۇقچا	headword	728_2L.png	unverified
D90-5-07955	ئۇرۇقچى	headword	728_2L.png	unverified
D90-5-07956	ئۇرۇقچىلىق	headword	729_1R.png	unverified
D90-5-07958	ئۇرۇقداش	headword	729_1R.png	unverified
D90-5-07959	ئۇرۇقداشلىق	headword	729_1R.png	unverified
D90-5-07960	ئۇرۇقدان	headword	729_2L.png	unverified
D90-5-07963	ئۇرۇق-قاياش	headword	729_2L.png	unverified
D90-5-07964	ئۇرۇقلاتماق	headword	729_2L.png	unverified
D90-5-07965	ئۇرۇقلاندۇرماق	headword	729_2L.png	unverified
D90-5-07966	ئۇرۇقلاندۇرۇلماق	headword	729_2L.png	unverified
D90-5-07967	ئۇرۇقلانماق	headword	730_1R.png	unverified
D90-5-07968	ئۇرۇقلۇق	headword	730_1R.png	unverified
D90-5-07970	ئۇرۇقلىنىش	headword	730_1R.png	unverified
D90-5-07972	ئۇرۇققا	headword	730_1R.png	unverified
D90-5-07973	ئۇرۇلماق	headword	730_1R.png	unverified
D90-5-07974	ئۇرۇنما	headword	730_2L.png	unverified
D90-5-07976	ئۇرۇنماق	headword	730_2L.png	unverified
D90-5-07977	ئۇرۇنۇش	headword	731_1R.png	unverified
D90-5-07979	ئۇرۇنۇشماق	headword	731_1R.png	unverified
D90-5-07980	ئۇرىيە	headword	731_1R.png	unverified
D90-5-07981	ئۇرىيە كىسلاتاسى	headword	731_1R.png	unverified
D90-5-07982	ئۇر-يىقىت	headword	731_1R.png	unverified
D90-5-07983	ئۇز	headword	731_2L.png	unverified
D90-5-07984	ئۇزاتقۇچى	headword	731_2L.png	unverified
D90-5-07986	ئۇزاتقۇزماق	headword	731_2L.png	unverified
D90-5-07987	ئۇزاتماق	headword	731_2L.png	unverified
D90-5-07988	ئۇزارتماق	headword	732_1R.png	unverified
D90-5-07989	ئۇزارتقۇزماق	headword	732_2L.png	unverified
D90-5-07990	ئۇزارتىشماق	headword	732_2L.png	unverified
D90-5-07991	ئۇزارتىلماق	headword	732_2L.png	unverified
D90-5-07992	ئۇزارماق	headword	732_2L.png	unverified
D90-5-07993	ئۇزاشماق	headword	732_2L.png	unverified
D90-5-07994	ئۇزاق	headword	733_1R.png	unverified
D90-5-07997	ئۇزاق قەدىمكى زامان	headword	733_2L.png	unverified
D90-5-07998	ئۇزاقنى كۆرمەك	headword	733_2L.png	unverified
D90-5-07998-v1	يىراقنى كۆرمەك	variant	733_2L.png	unverified
D90-5-07999	ئۇزاقنى كۆزلىمەك	headword	733_2L.png	unverified
D90-5-07999-v1	يىراقنى كۆزلىمەك	variant	733_2L.png	unverified
D90-5-08000	ئۇزاقتىن	headword	733_2L.png	unverified
D90-5-08001	ئۇزاقتىن-ئۇزاق	headword	733_2L.png	unverified
D90-5-08002	ئۇزاققىچە	headword	734_1R.png	unverified
D90-5-08003	ئۇزاقلاشتۇرماق	headword	734_1R.png	unverified
D90-5-08004	ئۇزاقلاشتۇرۇلماق	headword	734_1R.png	unverified
D90-5-08005	ئۇزاقلاشماق	headword	734_1R.png	unverified
D90-5-08006	ئۇزاقلىق	headword	734_1R.png	unverified
D90-5-08007	ئۇزاقلىماق	headword	734_2L.png	unverified
D90-5-08008	ئۇزاق-ئۇزاق	headword	734_2L.png	unverified
D90-5-08009	ئۇزلاشتۇرماق	headword	734_2L.png	unverified
D90-5-08010	ئۇزلاشتۇرۇلماق	headword	734_2L.png	unverified
D90-5-08011	ئۇزلاشماق	headword	734_2L.png	unverified
D90-5-08012	ئۇزلۇق	headword	735_1R.png	unverified
D90-5-08013	ئۇزھال	headword	735_1R.png	verified
D90-5-08014	ئۇزھال مۇقامى	headword	735_1R.png	verified
D90-5-08015	ئۇزۇت	headword	735_1R.png	unverified
D90-5-08016	ئۇزۇن	headword	735_1R.png	unverified
D90-5-08017	ئۇزۇن ئالەم	headword	735_2L.png	unverified
D90-5-08018	ئۇزۇن بۇرۇتلۇق كىت	headword	735_2L.png	unverified
D90-5-08019	ئۇزۇن پۇتلۇق ئۆمۈچۈك	headword	735_2L.png	unverified
D90-5-08020	ئۇزۇن تالالىق پاختا	headword	735_2L.png	unverified
D90-5-08021	ئۇزۇن تۇمشۇق يەرقازار	headword	736_1R.png	unverified
D90-5-08022	ئۇزۇن جاھان	headword	736_1R.png	unverified
D90-5-08023	ئۇزۇن دولقۇن	headword	736_1R.png	unverified
D90-5-08024	ئۇزۇن زىراۋەندە	headword	736_1R.png	unverified
D90-5-08025	ئۇزۇن سەپەر	headword	736_1R.png	unverified
D90-5-08026	ئۇزۇن سۆڭەك	headword	736_2L.png	unverified
D90-5-08027	ئۇزۇن شاخ	headword	736_2L.png	unverified
D90-5-08028	ئۇزۇن قول	headword	736_2L.png	unverified
D90-5-08028-v1	قولى ئۇزۇن	variant	736_2L.png	unverified
D90-5-08029	ئۇزۇن قوللۇق	headword	736_2L.png	unverified
D90-5-08030	ئۇزۇن قۇلاق	headword	736_2L.png	unverified
D90-5-08030-v1	قۇلىقى ئۇزۇن	variant	736_2L.png	unverified
D90-5-08031	ئۇزۇن قۇلاق ھوقۇش	headword	736_2L.png	unverified
D90-5-08032	ئۇزۇن قۇلاقلىق	headword	736_2L.png	unverified
D90-5-08033	ئۇزۇن قۇيرۇق سۇغۇر	headword	737_1R.png	unverified
D90-5-08034	ئۇزۇن كۈنلۈك زىرائەتلەر	headword	737_1R.png	unverified
D90-5-08035	ئۇزۇن كىشمىش	headword	737_1R.png	unverified
D90-5-08036	ئۇزۇن گەپنىڭ قىسقىسى	headword	737_1R.png	unverified
D90-5-08037	ئۇزۇن مۇددەتلىك ھاۋارايى مەلۇماتى	headword	737_1R.png	unverified
D90-5-08038	ئۈزۈن يوللۇق تېلېفون	headword	737_1R.png	unverified
D90-5-08039	ئۇزۇنتۇرا	headword	737_1R.png	unverified
D90-5-08040	ئۇزۇنچاق	headword	737_2L.png	unverified
D90-5-08042	ئۇزۇنچاقلىق	headword	737_2L.png	unverified
D90-5-08043	ئۇزۇندا	headword	737_2L.png	unverified
D90-5-08044	ئۇزۇندىن-ئۇزۇن	headword	737_2L.png	unverified
D90-5-08046	ئۇزۇنغا چىق	headword	738_1R.png	unverified
D90-5-08047	ئۇزۇنغا سوزماق	headword	738_1R.png	unverified
D90-5-08047-v1	ئۇزاققا سوزماق	variant	738_1R.png	unverified
D90-5-08048	ئۇزۇنغا يۈگۈرۈش مۇسابىقىسى	headword	738_1R.png	unverified
D90-5-08049	ئۇزۇنغىچە	headword	738_1R.png	unverified
D90-5-08050	ئۇزۇن-قىسقا	headword	738_2L.png	unverified
D90-5-08051	ئۇزۇن-قىسقا دەسسىمەك	headword	738_2L.png	unverified
D90-5-08052	ئۇزۇن-قىسقا گەپ	headword	738_2L.png	unverified
D90-5-08053	ئۇزۇنلۇق	headword	738_2L.png	unverified
D90-5-08054	ئۇزۇنلۇق بىرلىكى	headword	739_1R.png	unverified
D90-5-08055	ئۇزۇنىغا	headword	739_1R.png	unverified
D90-5-08056	ئۇزۇنيان	headword	739_1R.png	unverified
D90-5-08057	ئۇزېل	headword	739_1R.png	unverified
D90-5-08058	ئۇزىتىشماق	headword	739_1R.png	unverified
D90-5-08059	ئۇزىتىلماق	headword	739_1R.png	unverified
D90-5-08060	ئۇزىماق	headword	739_1R.png	unverified
D90-5-08061	ئۇستا	headword	739_2L.png	unverified
D90-5-08062	ئۇستات	headword	740_1R.png	unverified
D90-5-08063	ئۇستاتلىق	headword	740_1R.png	unverified
D90-5-08064	ئۇستاتلىق قىلماق	headword	740_1R.png	unverified
D90-5-08064-v1	ئۇستىلىق قىلماق	variant	740_1R.png	unverified
D90-5-08065	ئۇستاز	headword	740_2L.png	verified
D90-5-08068	ئۇستازلىق	headword	740_2L.png	unverified
D90-5-08069	ئۇستام	headword	741_1R.png	unverified
D90-5-08070	ئۇستىخان	headword	741_1R.png	unverified
D90-5-08076	ئۈستىخىنى قاتمىغان	headword	741_2L.png	unverified
D90-5-08077	ئۈستىخانا	headword	741_2L.png	unverified
D90-5-08078	ئۈستىخانلىق	headword	741_2L.png	unverified
D90-5-08079	ئۈستىخان-ئۈستىخىنى	headword	741_2L.png	unverified
D90-5-08080	ئۈستىخان-ئۈستىخىنىغا سىڭمەك	headword	741_2L.png	unverified
D90-5-08081	ئۇستىخان-ئۇستىخىنىدىن ئۆتۈپ كەتمەك	headword	742_1R.png	unverified
D90-5-08081-v1	جان-جېنىدىن ئۆتۈپ كەتمەك	variant	742_1R.png	unverified
D90-5-08082	ئۇستىرا	headword	742_1R.png	unverified
D90-5-08084	ئۇستىرلاپ	headword	742_1R.png	unverified
D90-5-08085	ئۇستىرىتسا	headword	742_1R.png	unverified
D90-5-08086	ئۇستىكار	headword	742_1R.png	unverified
D90-5-08087	ئۇستىكارلىق	headword	742_2L.png	unverified
D90-5-08089	ئۇستىلىق	headword	742_2L.png	unverified
D90-5-08091	ئۇستىلىق ئىشلەتمەك	headword	743_1R.png	unverified
D90-5-08092	ئۇسساتماق	headword	743_1R.png	unverified
D90-5-08093	ئۇسساشماق	headword	743_1R.png	unverified
D90-5-08094	ئۇسسۇرى	headword	743_1R.png	unverified
D90-5-08094-i1	ئىلان	inflected	743_1R.png	unverified
D90-5-08095	ئۇسسۇرى ئامۇتى	headword	743_1R.png	unverified
D90-5-08096	ئۇسسۇز	headword	743_1R.png	unverified
D90-5-08097	ئۇسسۇزلۇق	headword	743_2L.png	unverified
D90-5-08107	ئۇسسۇلۇق	headword	744_2L.png	unverified
D90-5-08099	ئۇسسۇل	headword	743_2L.png	unverified
D90-5-08102	ئۇسسۇل ھەرىكىتى	headword	744_1R.png	unverified
D90-5-08103	ئۇسسۇل ئوينىماق	headword	744_1R.png	unverified
D90-5-08104	ئۇسسۇلچى	headword	744_1R.png	unverified
D90-5-08105	ئۇسسۇلچىلىق	headword	744_1R.png	unverified
D90-5-08106	ئۇسسۇللۇق	headword	744_1R.png	unverified
D90-5-08108	ئۇسسىماق	headword	744_2L.png	unverified
D90-5-08109	ئۇسقاق	headword	744_2L.png	unverified
D90-5-08110	ئۇسلۇب	headword	744_2L.png	unverified
D90-5-08111	ئۇسماق	headword	744_2L.png	unverified
D90-5-08112	ئۇسۇتماق	headword	745_1R.png	unverified
D90-5-08113	ئۇسۇشماق	headword	745_1R.png	unverified
D90-5-08114	ئۇسۇل	headword	745_1R.png	unverified
D90-5-08115	ئۇسۇل-چارە	headword	745_2L.png	unverified
D90-5-08116	ئۇسۇلماق	headword	745_2L.png	unverified
D90-5-08117	ئۇش	headword	745_2L.png	unverified
D90-5-08118	ئۇشبۇ	headword	745_2L.png	unverified
D90-5-08119	ئۇشت	headword	745_2L.png	unverified
D90-5-08120	ئۇشت-ئۇشت	headword	745_2L.png	unverified
D90-5-08121	ئۇشتۇمتۇت	headword	745_2L.png	unverified
D90-5-08123	ئۇشتۇمتۇتلۇق	headword	745_2L.png	unverified
D90-5-08124	ئۇششاق	headword	746_1R.png	unverified
D90-5-08125	ئۇششاق بۇرژۇئازىيە	headword	746_1R.png	unverified
D90-5-08126	ئۇششاق پۇل	headword	746_2L.png	unverified
D90-5-08126-v1	پارچە پۇل	variant	746_2L.png	unverified
D90-5-08127	ئۇششاق تاۋار ئىگىلىكى	headword	746_2L.png	unverified
D90-5-08128	ئۇششاق تولغاق	headword	746_2L.png	unverified
D90-5-08129	ئۇششاق تىجارەتچى	headword	746_2L.png	unverified
D90-5-08130	ئۇششاق تىللىرى چىقماق	headword	746_2L.png	unverified
D90-5-08130-v1	كىچىك تىلى چىقماق	variant	746_2L.png	unverified
D90-5-08131	ئۇششاق تىلىنى بىلمەك	headword	746_2L.png	unverified
D90-5-08131-v1	كىچىك تىلىنى بىلمەك	variant	746_2L.png	unverified
D90-5-08132	ئۇششاق خۇسۇسىي مۈلۈكچىلىك	headword	746_2L.png	unverified
D90-5-08133	ئۇششاق سۆز	headword	747_1R.png	unverified
D90-5-08134	ئۇششاق سۆز قىلماق	headword	747_1R.png	unverified
D90-5-08135	ئۇششاق سۆزلۈك	headword	747_1R.png	unverified
D90-5-08136	ئۇششاق قول	headword	747_1R.png	unverified
D90-5-08137	ئۇششاق كرىستاللىق تۈزۈلمە	headword	747_1R.png	unverified
D90-5-08138	ئۇششاق كرىستاللىق جىنس	headword	747_1R.png	unverified
D90-5-08139	ئۇششاق گەپ	headword	747_2L.png	unverified
D90-5-08140	ئۇششاق گەپ قىلماق	headword	747_2L.png	unverified
D90-5-08141	ئۇششاق مال	headword	747_2L.png	unverified
D90-5-08142	ئۇششاق ئىشلەپچىقارغۇچى	headword	747_2L.png	unverified
D90-5-08143	ئۇششاق ئىشلەپچىقىرىش	headword	747_2L.png	unverified
D90-5-08144	ئۇششاق يېزا ئىگىلىكى	headword	748_1R.png	unverified
D90-5-08146	ئۇششاق-چىپە	headword	748_1R.png	unverified
D90-5-08147	ئۇششاقلاتماق	headword	748_1R.png	unverified
D90-5-08148	ئۇششاقلاشماق	headword	748_1R.png	unverified
D90-5-08149	ئۇششاقلانماق	headword	748_1R.png	unverified
D90-5-08150	ئۇششاقلىق	headword	748_2L.png	unverified
D90-5-08152	ئۇششاقلىماق	headword	748_2L.png	unverified
D90-5-08153	ئۇششۇق	headword	748_2L.png	unverified
D90-5-08154	ئۇششۇقلۇق	headword	748_2L.png	unverified
D90-5-08155	ئۇششۇقلۇق قىلماق	headword	748_2L.png	unverified
D90-5-08156	ئۇشقۇيتماق	nonstandard	748_2L.png	unverified
D90-5-08156-c1	ئۇشقىرتماق	corrected_form	748_2L.png	unverified
D90-5-08157	ئۇشقىتماق	nonstandard	748_2L.png	unverified
D90-5-08158	ئۇشلىماق	headword	749_1R.png	unverified
D90-5-08159	ئوغۇنۇتتە	headword	749_1R.png	unverified
D90-5-08160	ئۇف	headword	749_1R.png	verified
D90-5-08161	ئۇقا	headword	749_1R.png	unverified
D90-5-08162	ئۇقار	headword	749_1R.png	unverified
D90-5-08163	ئۇقاسىز	headword	749_1R.png	unverified
D90-5-08164	ئۇقاق	headword	749_1R.png	unverified
D90-5-08165	ئۇقاق تارتماق	headword	749_1R.png	unverified
D90-5-08165-v1	پاناھ تارتماق	variant	749_1R.png	unverified
D90-5-08166	ئۇقالىق	headword	749_1R.png	unverified
D90-5-08167	ئۇقتا	headword	749_1R.png	unverified
D90-5-08168	ئۇقتۇرماق	headword	749_1R.png	unverified
D90-5-08169	ئۇقتۇرۇش	headword	749_1R.png	unverified
D90-5-08171	ئۇقتۇرۇش قىلماق	headword	749_2L.png	unverified
D90-5-08172	ئۇقتۇرۇشماق	headword	749_2L.png	unverified
D90-5-08173	ئۇقتۇرۇلماق	headword	749_2L.png	unverified
D90-5-08174	ئۇقماق	headword	749_2L.png	unverified
D90-5-08175	ئۇقۇشسىز	headword	750_1R.png	unverified
D90-5-08176	ئۇقۇشلۇق	headword	750_1R.png	unverified
D90-5-08177	ئۇقۇشماسچىلىق	nonstandard	750_1R.png	unverified
D90-5-08178	ئۇقۇشماسلىق	headword	750_1R.png	unverified
D90-5-08180	ئوقۇشۇلماسلىق	headword	750_2L.png	unverified
D90-5-08180-v1	ئوقۇشماسلىق	variant	750_2L.png	unverified
D90-5-08181	ئوقۇشۇلماق	headword	750_2L.png	unverified
D90-5-08183	ئوقۇم	headword	750_2L.png	unverified
D90-5-08184	ئۇقۇملار ئوتتۇرىسىدىكى مۇناسىۋەت	headword	751_1R.png	unverified
D90-5-08185	ئۇقۇمنى بۆلۈش	headword	751_1R.png	unverified
D90-5-08186	ئۇقۇمنىڭ تۈرى	headword	751_1R.png	unverified
D90-5-08187	ئۇقۇمنىڭ مېغىزى	headword	751_1R.png	unverified
D90-5-08188	ئۇقۇمنىڭ ھەجمى	headword	751_1R.png	unverified
D90-5-08189	ئۇقۇمچان	headword	751_2L.png	unverified
D90-5-08190	ئۇقۇمچانلىق	headword	751_2L.png	unverified
D90-5-08191	ئۇقۇمداش	headword	751_2L.png	unverified
D90-5-08192	ئۇقۇمسىز	headword	751_2L.png	unverified
D90-5-08193	ئۇقۇمسىزلىق	headword	751_2L.png	unverified
D90-5-08194	ئۇقۇملاشتۇرۇش	headword	751_2L.png	unverified
D90-5-08195	ئۇقۇملۇق	headword	751_2L.png	unverified
D90-5-08196	ئۇقۇمۇشلۇق	headword	752_1R.png	unverified
D90-5-08197	ئۇكا	headword	752_1R.png	unverified
D90-5-08198	ئۇكا-سىڭىل	headword	752_1R.png	unverified
D90-5-08199	ئۇكرائىن	headword	752_1R.png	unverified
D90-5-08201	ئۇكرائىنچە	headword	752_2L.png	unverified
D90-5-08202	ئۇكرائىنلار	headword	752_2L.png	unverified
D90-5-08203	ئۇكىلىق	headword	752_2L.png	unverified
D90-5-08204	ئۇگا	nonstandard	752_2L.png	unverified
D90-5-08356	ئۇۋا	headword	767_2L.png	unverified
D90-5-08205	ئۇگلېرود	headword	752_2L.png	unverified
D90-5-08205-v1	كاربون	variant	752_2L.png	unverified
D90-5-08206	ئۇگىلانماق	headword	752_2L.png	unverified
D90-5-08207	ئۇگىلىماق	headword	752_2L.png	unverified
D90-5-08208	ئۇگىيا	headword	752_2L.png	unverified
D90-5-08210	ئۈل تەكتى	headword	753_1R.png	unverified
D90-5-08211	ئۇل تېشى	headword	753_1R.png	unverified
D90-5-08212	ئۇل سالماق	headword	753_1R.png	unverified
D90-5-08212-v1	ئاساس سالماق	variant	753_1R.png	unverified
D90-5-08213	ئۇل قويماق	headword	753_2L.png	unverified
D90-5-08214	ئۇل گودىڭى	headword	753_2L.png	unverified
D90-5-08215	ئۇلى بوش	headword	753_2L.png	unverified
D90-5-08216	ئۇلى چىڭ	headword	753_2L.png	unverified
D90-5-08217	ئۇلىنى چىڭدىماق	headword	753_2L.png	unverified
D90-5-08218	ئۇل يەر	headword	754_1R.png	unverified
D90-5-08219	ئۇلاپ	headword	754_1R.png	unverified
D90-5-08220	ئۇلاتماق	headword	754_1R.png	unverified
D90-5-08221	ئۇلار	headword	754_1R.png	unverified
D90-5-08222	ئۇلاشتۇرما	headword	754_2L.png	unverified
D90-5-08224	ئۇلاشتۇرماق	headword	754_2L.png	unverified
D90-5-08225	ئۇلاشتۇرۇلماق	headword	754_2L.png	unverified
D90-5-08226	ئۇلاشما	headword	754_2L.png	unverified
D90-5-08227	ئۇلاشماق	headword	754_2L.png	unverified
D90-5-08228	ئۇلاغ	headword	755_1R.png	unverified
D90-5-08230	ئۇلاغسىز	headword	755_2L.png	unverified
D90-5-08231	ئۇلاغ-قارا	headword	755_2L.png	unverified
D90-5-08232	ئۇلاغلىق	headword	755_2L.png	unverified
D90-5-08233	ئۇلاق	headword	755_2L.png	unverified
D90-5-08236	ئۇلاقتۇرماق	headword	756_1R.png	unverified
D90-5-08237	ئۇلاقچى	headword	756_1R.png	unverified
D90-5-08238	ئۇلاقچىلىق	headword	756_1R.png	unverified
D90-5-08239	ئۇلاقسىز	headword	756_1R.png	unverified
D90-5-08240	ئۇلاق-قۇراق	headword	756_1R.png	unverified
D90-5-08241	ئۇلاقلىق	headword	756_2L.png	unverified
D90-5-08243	ئۇلانما	headword	756_2L.png	unverified
D90-5-08244	ئۇلانماق	headword	756_2L.png	unverified
D90-5-08245	ئۇلاي	headword	756_2L.png	unverified
D90-5-08247	ئۇلتاڭ	headword	756_2L.png	unverified
D90-5-08248	ئۇلتاڭسىز	headword	756_2L.png	unverified
D90-5-08249	ئۇلتاڭلىق	headword	756_2L.png	unverified
D90-5-08250	ئۇلترا	headword	756_2L.png	unverified
D90-5-08251	ئۇلترا ئاساسلىق جىنس	headword	757_1R.png	unverified
D90-5-08252	ئۇلترا ئاۋاز دولقۇنى	headword	757_1R.png	unverified
D90-5-08253	ئۇلترا بىنەپشە نۇر	headword	757_1R.png	unverified
D90-5-08253-v1	رېنتىگىن نۇرى	variant	757_1R.png	unverified
D90-5-08254	ئۇلترا بىنەپشە نۇر رادىئاتسىيىسى	headword	757_1R.png	unverified
D90-5-08255	ئۇلترا بىنەپشە نۇر مىكروسكوپى	headword	757_1R.png	unverified
D90-5-08256	ئۇلترا توك ئۆتكۈزۈشچانلىق	headword	757_1R.png	unverified
D90-5-08257	ئۇلترا تۆۋەن تېمپېراتۇرا	headword	757_2L.png	unverified
D90-5-08258	ئۇلترا رېئالىزم	headword	757_2L.png	unverified
D90-5-08259	ئۇلترا قىسقا دولقۇن	headword	757_2L.png	unverified
D90-5-08260	ئۇلترا كىسلاتالىق جىنس	headword	757_2L.png	unverified
D90-5-08261	ئۇلترا مېتامورفىزم	headword	758_1R.png	unverified
D90-5-08262	ئۇلترا مىكروسكوپ	headword	758_1R.png	unverified
D90-5-08263	ئۇلترا ئۆتكۈزگۈچ	headword	758_1R.png	unverified
D90-5-08264	ئۇلترا يۇقىرى بېسىم	headword	758_1R.png	unverified
D90-5-08265	ئۈلتىماتۇم	headword	758_1R.png	unverified
D90-5-08266	ئۇلداتماق	headword	758_2L.png	unverified
D90-5-08267	ئۇلداشماق	headword	758_2L.png	unverified
D90-5-08268	ئۇلدانماق	headword	758_2L.png	unverified
D90-5-08269	ئۇلدىماق	headword	758_2L.png	unverified
D90-5-08271	ئۇلغايتماق	headword	758_2L.png	unverified
D90-5-08272	ئۇلغايتىشماق	headword	758_2L.png	unverified
D90-5-08273	ئۇلغايتىلماق	headword	758_2L.png	unverified
D90-5-08274	ئۇلغايماق	headword	758_2L.png	unverified
D90-5-08275	ئۇللۇق	headword	759_1R.png	unverified
D90-5-08277	ئۇلۇس	headword	759_1R.png	unverified
D90-5-08278	ئۇلۇغ	headword	759_2L.png	unverified
D90-5-08281	ئۇلۇغ بوۋا	headword	760_2L.png	unverified
D90-5-08282	ئۇلۇغ تىنماق	headword	760_2L.png	unverified
D90-5-08283	ئۇلۇغ دىداكتىكا	headword	760_2L.png	unverified
D90-5-08284	ئۇلۇغ موما	headword	760_2L.png	unverified
D90-5-08285	ئۇلۇغزادە	headword	760_2L.png	unverified
D90-5-08286	ئۇلۇغ-كىچىك	headword	760_2L.png	unverified
D90-5-08286-v1	چوڭ-كىچىك	variant	760_2L.png	unverified
D90-5-08287	ئۇلۇغ-كىچىك تىنماق	headword	760_2L.png	unverified
D90-5-08288	ئۇلۇغلاتماق	headword	761_1R.png	unverified
D90-5-08289	ئۇلۇغلاشماق	headword	761_1R.png	unverified
D90-5-08290	ئۇلۇغلانماق	headword	761_1R.png	unverified
D90-5-08291	ئۇلۇغلۇق	headword	761_1R.png	unverified
D90-5-08292	ئۇلۇغلىماق	headword	761_1R.png	unverified
D90-5-08293	ئۇلۇغ-ئۇششاق	headword	761_1R.png	unverified
D90-5-08294	ئۇلۇغۋار	headword	761_2L.png	unverified
D90-5-08295	ئۇلۇغۋارلىق	headword	761_2L.png	unverified
D90-5-08296	ئۇلىماق	headword	761_2L.png	unverified
D90-5-08297	ئۇماچ	headword	762_1R.png	unverified
D90-5-08298	ئۇماچ قورساق	headword	762_1R.png	unverified
D90-5-08299	ئۇماچخانا	headword	762_1R.png	unverified
D90-5-08300	ئۇماي	headword	762_2L.png	unverified
D90-5-08301	ئۇمتاق	headword	762_2L.png	unverified
D90-5-08302	ئۇمۇنماق	headword	762_2L.png	unverified
D90-5-08303	ئۇمۇۋالنىك	headword	762_2L.png	unverified
D90-5-08304	ئۇن	headword	762_2L.png	unverified
D90-5-08306	ئۇناتماق	headword	762_2L.png	unverified
D90-5-08307	ئۇناشتۇرماق	headword	762_2L.png	unverified
D90-5-08308	ئۇناشماق	headword	763_1R.png	unverified
D90-5-08309	ئۇنتۇشماق	headword	763_1R.png	unverified
D90-5-08310	ئۇنتۇغاق	headword	763_1R.png	unverified
D90-5-08311	ئۇنتۇغاقلىق	headword	763_1R.png	unverified
D90-5-08312	ئۇنتۇق	headword	763_1R.png	unverified
D90-5-08313	ئۇنتۇلدۇرماق	headword	763_1R.png	unverified
D90-5-08314	ئۇنتۇلغۇسىز	headword	763_1R.png	unverified
D90-5-08315	ئۇنتۇلماس	headword	763_1R.png	unverified
D90-5-08316	ئۇنتۇلماق	headword	763_2L.png	unverified
D90-5-08317	ئۇنتۇماق	headword	763_2L.png	unverified
D90-5-08318	ئۇنچە	headword	763_2L.png	verified
D90-5-08319	ئۇنچە-مۇنچە	headword	764_1R.png	verified
D90-5-08320	ئۇنچىلا	headword	764_1R.png	verified
D90-5-08321	ئۇنچىلىك	headword	764_1R.png	verified
D90-5-08322	ئۇنچىۋالا	headword	764_1R.png	verified
D90-5-08323	ئۇندا	headword	764_2L.png	verified
D90-5-08324	ئۇندا-بۇندا	headword	764_2L.png	verified
D90-5-08325	ئۇنداق	headword	764_2L.png	verified
D90-5-08326	ئۇنداق دەپ-بۇنداق دەپ	headword	764_2L.png	unverified
D90-5-08327	ئۇنداق قازانغا مۇنداق چۆمۈچ	headword	764_2L.png	unverified
D90-5-08328	ئۇنداق قىلىپ-مۇنداق قىلىپ	headword	765_1R.png	unverified
D90-5-08328-v1	ئۇ قىلىپ-بۇ قىلىپ	variant	765_1R.png	unverified
D90-5-08329	ئۇنداق گەپ يوق	headword	765_1R.png	unverified
D90-5-08330	ئۇنداق ئىدى-مۇنداق ئىدى	headword	765_1R.png	unverified
D90-5-08331	ئۇنداقتا	headword	765_1R.png	unverified
D90-5-08332	ئۇنداقچە	headword	765_2L.png	unverified
D90-5-08333	ئۇنداقچى-مۇنداقچى	headword	765_2L.png	unverified
D90-5-08334	ئۇنداق-مۇنداق	headword	765_2L.png	unverified
D90-5-08335	ئۇنداق-مۇنداق قىلىپ	headword	765_2L.png	unverified
D90-5-08336	ئۇنسۇر	headword	765_2L.png	unverified
D90-5-08337	ئۇنسۇرلۇق	headword	766_1R.png	unverified
D90-5-08338	ئۇنسىيە	headword	766_1R.png	unverified
D90-5-08339	ئۇنغىچە	headword	766_1R.png	unverified
D90-5-08340	ئۇنغىچىلىك	headword	766_1R.png	unverified
D90-5-08341	ئۇنۇتقاق	headword	766_1R.png	unverified
D90-5-08342	ئۇنۇتماق	headword	766_1R.png	unverified
D90-5-08343	ئۇنۋان	headword	766_1R.png	unverified
D90-5-08344	ئۇنۋانسىز	headword	766_2L.png	unverified
D90-5-08345	ئۇنۋانلىق	headword	766_2L.png	unverified
D90-5-08346	ئۇنى-بۇنى	headword	766_2L.png	unverified
D90-5-08347	ئۇنىماق	headword	766_2L.png	unverified
D90-5-08348	ئۇنىغانغا يونىغاندەك	headword	767_1R.png	unverified
D90-5-08349	ئۇنىمىغانغا ئۇنىماي	headword	767_1R.png	unverified
D90-5-08350	ئۇنىۋېرسال	headword	767_1R.png	verified
D90-5-08351	ئۇنىۋېرسىتېت	headword	767_1R.png	unverified
D90-5-08351-v1	داشۇ	variant	767_1R.png	unverified
D90-5-08352	ئۇھ	headword	767_1R.png	unverified
D90-5-08353	ئۇھ دېمەك	headword	767_2L.png	unverified
D90-5-08354	ئۇھسىنماق	headword	767_2L.png	unverified
D90-5-08355	ئۇھلىماق	headword	767_2L.png	unverified
D90-5-08357	ئۇۋا ئىزلىگەن توخۇدەك	headword	768_1R.png	unverified
D90-5-08358	ئۇۋىسى بۇزۇلغان چۈمۈلىدەك	headword	768_1R.png	unverified
D90-5-08359	ئۇۋىسى چۇۋۇلغان ھەرىدەك	headword	768_1R.png	unverified
D90-5-08360	ئۇۋاتماق	headword	768_1R.png	unverified
D90-5-08361	ئۇۋاشماق	headword	768_1R.png	unverified
D90-5-08362	ئۇۋاق	headword	768_1R.png	unverified
D90-5-08363	ئۇۋاق جىنس	headword	768_2L.png	unverified
D90-5-08364	ئۇۋاقلاتماق	headword	768_2L.png	unverified
D90-5-08365	ئۇۋاقلاشماق	headword	768_2L.png	unverified
D90-5-08366	ئۇۋاقلانماق	headword	768_2L.png	unverified
D90-5-08367	ئۇۋاقلىماق	headword	768_2L.png	unverified
D90-5-08368	ئۇۋال	headword	768_2L.png	unverified
D90-5-08369	ئۇۋال ئەتمەك	headword	768_2L.png	unverified
D90-5-08371	ئۇۋال قىلماق	headword	769_1R.png	unverified
D90-5-08370	ئۇۋال بولماق	headword	769_1R.png	unverified
D90-5-08372	ئۇۋالى تۇتماق	headword	769_1R.png	unverified
D90-5-08372-v1	ئۇۋالىغا قالماق	variant	769_1R.png	unverified
D90-5-08373	ئۇۋالى ئۆزىگە	headword	769_2L.png	unverified
D90-5-08374	ئۇۋالچىلىق	headword	769_2L.png	unverified
D90-5-08375	ئۇۋاللىق	headword	769_2L.png	unverified
D90-5-08376	ئۇۋالماق	headword	769_2L.png	unverified
D90-5-08377	ئۇۋۇلاتماق	headword	770_1R.png	unverified
D90-5-08378	ئۇۋۇلاشماق	headword	770_1R.png	unverified
D90-5-08379	ئۇۋۇلانماق	headword	770_1R.png	unverified
D90-5-08380	ئۇۋۇلىماق	headword	770_1R.png	unverified
D90-5-08382	ئۇۋۇتىشماق	headword	770_2L.png	unverified
D90-5-08383	ئۇۋىلاتماق	headword	770_2L.png	unverified
D90-5-08384	ئۇۋىلاشماق	headword	770_2L.png	unverified
D90-5-08385	ئۇۋىلىتىشماق	headword	770_2L.png	unverified
D90-5-08386	ئۇۋىلىق	headword	770_2L.png	unverified
D90-5-08387	ئۇۋىلىماق	headword	770_2L.png	unverified
D90-5-08388	ئۇۋىماق	headword	770_2L.png	unverified
D90-5-08389	ئۇۋىندى	headword	770_2L.png	unverified
D90-5-08391	ئوينىڭ قۇلىقىغا ساتار چالماق	headword	771_1R.png	unverified
D90-5-08392	ئۇيات	headword	771_1R.png	unverified
D90-5-08393	ئۇيات بولماق	headword	771_1R.png	unverified
D90-5-08394	ئۇيات لېۋى	headword	771_2L.png	unverified
D90-5-08395	ئۇياتچان	headword	771_2L.png	unverified
D90-5-08396	ئۇياتچانلىق	headword	771_2L.png	unverified
D90-5-08397	ئۇياتچانئوت	headword	771_2L.png	unverified
D90-5-08398	ئۇياتسىز	headword	772_1R.png	unverified
D90-5-08399	ئۇياتسىزلىق	headword	772_1R.png	unverified
D90-5-08400	ئۇياتسىزلارچە	headword	772_1R.png	unverified
D90-5-08401	ئۇياتقۇزماق	headword	772_1R.png	unverified
D90-5-08402	ئۇياتقۇزۇشماق	headword	772_1R.png	unverified
D90-5-08403	ئۇياتلىق	headword	772_1R.png	unverified
D90-5-08404	ئۇياتماق	headword	772_2L.png	unverified
D90-5-08407	ئۇيالماق	headword	772_2L.png	unverified
D90-5-08405	ئۇيالدۇرماق	headword	772_2L.png	unverified
D90-5-08406	ئۇيالدۇرۇشماق	headword	772_2L.png	unverified
D90-5-08408	ئۇيسۇن	headword	772_2L.png	verified
D90-5-08409	ئۇيسۇنلار	headword	772_2L.png	verified
D90-5-08410	ئۇيغۇر	headword	773_1R.png	unverified
D90-5-08411	ئۇيغۇر تىلى	headword	773_1R.png	unverified
D90-5-08412	ئۇيغۇر كلاسسىك ئەدەبىياتى	headword	773_1R.png	unverified
D90-5-08413	ئۇيغۇر ئۇيۇشمىسى	headword	773_1R.png	unverified
D90-5-08414	ئۇيغۇر يېزىقى	headword	773_1R.png	unverified
D90-5-08415	ئۇيغۇرچە	headword	773_2L.png	unverified
D90-5-08416	ئۇيغۇرچىلاپ	headword	773_2L.png	unverified
D90-5-08417	ئۇيغۇرچىلاشتۇرماق	headword	773_2L.png	unverified
D90-5-08418	ئۇيغۇرچىلاشتۇرۇلماق	headword	773_2L.png	unverified
D90-5-08419	ئۇيغۇرشۇناس	headword	773_2L.png	unverified
D90-5-08420	ئۇيغۇرشۇناسلىق	headword	774_1R.png	unverified
D90-5-08421	ئۇيغۇرلار	headword	774_1R.png	unverified
D90-5-08422	ئۇيغۇن	headword	774_1R.png	unverified
D90-5-08423	ئۇيغۇن كەلمەك	headword	774_1R.png	unverified
D90-5-08424	ئۇيغۇن مىقدار	headword	774_1R.png	unverified
D90-5-08425	ئۇيغۇنلاشتۇرماق	headword	774_2L.png	unverified
D90-5-08426	ئۇيغۇنلاشتۇرۇلماق	headword	774_2L.png	unverified
D90-5-08427	ئۇيغۇنلاشماق	headword	774_2L.png	unverified
D90-5-08428	ئۇيغۇنلۇق	headword	774_2L.png	unverified
D90-5-08429	ئۇيقۇ	headword	774_2L.png	unverified
D90-5-08430	ئۇيقۇ بەرمەسلىك	headword	775_1R.png	unverified
D90-5-08431	ئۇيقۇدىكى بىخ	headword	775_1R.png	unverified
D90-5-08432	ئۇيقۇسى بۇزۇلماق	headword	775_1R.png	unverified
D90-5-08433	ئۇيقۇسى سەگەك	headword	775_1R.png	unverified
D90-5-08434	ئۇيقۇسى قاتتىق	headword	775_1R.png	unverified
D90-5-08439	ئۇيقۇسى ئېغىر	headword	775_2L.png	unverified
D90-5-08435	ئۇيقۇسى قاچماق	headword	775_1R.png	unverified
D90-5-08436	ئۇيقۇسى ھارام بولماق	headword	775_1R.png	unverified
D90-5-08437	ئۇيقۇسى ئېچىلماق	headword	775_1R.png	unverified
D90-5-08438	ئۇيقۇغا كەتمەك	headword	775_2L.png	unverified
D90-5-08440	ئۇيقۇ كەلمەك	headword	775_2L.png	unverified
D90-5-08441	ئۇيقۇچان	headword	775_2L.png	unverified
D90-5-08442	ئۇيقۇچى	headword	775_2L.png	unverified
D90-5-08443	ئۇيقۇسىراتماق	headword	775_2L.png	unverified
D90-5-08444	ئۇيقۇسىراشماق	headword	775_2L.png	unverified
D90-5-08445	ئۇيقۇسىرىماق	headword	776_1R.png	unverified
D90-5-08446	ئۇيقۇسىز	headword	776_1R.png	unverified
D90-5-08447	ئۇيقۇسىزلىق	headword	776_1R.png	unverified
D90-5-08448	ئۇيقۇلۇق	headword	776_1R.png	unverified
D90-5-08450	ئۇيقۇلۇق ئاقسىل ئېنزىمى	headword	776_2L.png	unverified
D90-5-08451	ئۇيقۇلۇق سۇيۇقلۇقى	headword	776_2L.png	unverified
D90-5-08452	ئۇيقۇلۇق كراخمال ئېنزىمى	headword	776_2L.png	unverified
D90-5-08453	ئۇيقۇلۇق ماي ئېنزىمى	headword	776_2L.png	unverified
D90-5-08454	ئۇيقۇلۇق ئېنزىمى	headword	776_2L.png	unverified
D90-5-08455	ئۇيۇتقۇزماق	headword	777_1R.png	unverified
D90-5-08456	ئۇيۇتما	headword	777_1R.png	unverified
D90-5-08457	ئۇيۇتماق	headword	777_1R.png	unverified
D90-5-08458	ئۇيۇتۇشماق	headword	777_1R.png	unverified
D90-5-08459	ئۇيۇتۇلماق	headword	777_1R.png	unverified
D90-5-08460	ئۇيۇشتۇرماق	headword	777_1R.png	unverified
D90-5-08461	ئۇيۇشتۇرۇشماق	headword	777_2L.png	unverified
D90-5-08462	ئۇيۇشتۇرۇلماق	headword	777_2L.png	unverified
D90-5-08463	ئۇيۇشقاق	headword	777_2L.png	unverified
D90-5-08464	ئۇيۇشقاقلىق	headword	777_2L.png	unverified
D90-5-08465	ئۇيۇشما	headword	777_2L.png	unverified
D90-5-08466	ئۇيۇشماق	headword	777_2L.png	unverified
D90-5-08468	ئۇيۇل	headword	778_1R.png	unverified
D90-5-08471	ئۇيۇل توپ	headword	778_2L.png	unverified
D90-5-08472	ئۇيۇل خىش	headword	778_2L.png	unverified
D90-5-08473	ئۇيۇل-ئۇيۇل	headword	778_2L.png	unverified
D90-5-08474	ئۇيۇلغۇ	headword	778_2L.png	unverified
D90-5-08475	ئۇيۇم	headword	778_2L.png	unverified
D90-5-08476	ئۇيۇماق	headword	778_2L.png	unverified
D90-5-08477	ئويۇندى	headword	779_1R.png	unverified
D90-5-08478	ئۇيىتىشماق	headword	779_2L.png	unverified
D90-5-08479	ئۇيىلىشماق	headword	779_2L.png	unverified
D90-5-08480	ئۆ	headword	780_1R.png	unverified
D90-5-08481	ئۆپتۈرمەك	headword	780_1R.png	unverified
D90-5-08482	ئۆپچۆرە	headword	780_1R.png	unverified
D90-5-08483	ئۆپكە	headword	780_2L.png	unverified
D90-5-08484	ئۆپكە ئارتېرىيىسى	headword	781_1R.png	unverified
D90-5-08485	ئۆپكە ئاغزى	headword	781_1R.png	unverified
D90-5-08486	ئۆپكە پۈۋەكچىسى	headword	781_1R.png	unverified
D90-5-08487	ئۆپكە تۇبېركۇليوزى	headword	781_1R.png	unverified
D90-5-08488	ئۆپكە راكى	headword	781_1R.png	unverified
D90-5-08489	ئۆپكە سۇلۇق ئىششىقى	headword	781_2L.png	unverified
D90-5-08490	ئۆپكە سىغىمچانلىقى	headword	781_2L.png	unverified
D90-5-08491	ئۆپكە سىغىمچانلىقى ئۆلچىگۈچى	headword	781_2L.png	unverified
D90-5-08492	ئۆپكە شورىغۇچى قۇرتى	headword	781_2L.png	unverified
D90-5-08493	ئۆپكە قاقماق	headword	781_2L.png	unverified
D90-5-08494	ئۆپكە قان ئايلىنىش كېسەللىرى	headword	781_2L.png	unverified
D90-5-08495	ئۆپكە قان ئايلىنىشى	headword	782_1R.png	unverified
D90-5-08496	ئۆپكە قانىتى	headword	782_1R.png	unverified
D90-5-08497	ئۆپكە كېسىلى	headword	782_1R.png	unverified
D90-5-08498	ئۆپكەڭنى بېسىۋال	headword	782_1R.png	unverified
D90-5-08499	ئۆپكە ۋېناسى	headword	782_1R.png	unverified
D90-5-08500	ئۆپكە ئېچىلماسلىق	headword	782_1R.png	unverified
D90-5-08501	ئۆپكە ياللۇغى	headword	782_2L.png	unverified
D90-5-08502	ئۆپكە يەل ئىششىقى	headword	782_2L.png	unverified
D90-5-08503	ئۆپكە يىرىڭلىق ئىششىقى	headword	782_2L.png	unverified
D90-5-08504	ئۆپكىسى ئاغزىغا تىقىلماق	headword	782_2L.png	unverified
D90-5-08505	ئۆپكىسى ئاغزىغا قاپلىشىپ قالماق	headword	783_1R.png	unverified
D90-5-08506	ئۆپكىسى تۈگەپ، كانىيى قالماق	headword	783_1R.png	unverified
D90-5-08507	ئۆپكىسى قۇرۇپ كەتمەك	headword	783_1R.png	unverified
D90-5-08508	ئۆپكىسى كۆرۈنۈپ قالماق	headword	783_1R.png	unverified
D90-5-08509	ئۆپكىسىنى بېسىۋالماق	headword	783_1R.png	unverified
D90-5-08510	ئۆپكىسىنى ئىچىدىن قاقماق	headword	783_1R.png	unverified
D90-5-08511	ئۆپكىسى ئۆرۈلمەك	headword	783_2L.png	unverified
D90-5-08512	ئۆپكىسى يوق	headword	783_2L.png	unverified
D90-5-08513	ئۆپكە - باغىر	headword	783_2L.png	unverified
D90-5-08515	ئۆپكە - بېغىر	headword	783_2L.png	unverified
D90-5-08514	ئۆپكە - باغرىنى قاقماق	headword	783_2L.png	unverified
D90-5-08516	ئۆپكە - زاسۈي	headword	783_2L.png	unverified
D90-5-08517	ئۆپكە - ھېسىپ	headword	784_1R.png	unverified
D90-5-08518	ئۆپكىدىمەلك	headword	784_1R.png	unverified
D90-5-08523	ئۆپكىلىمەك	headword	784_1R.png	unverified
D90-5-08519	ئۆپكىلەتمەك	headword	784_1R.png	unverified
D90-5-08520	ئۆپكىلەشمەك	headword	784_1R.png	unverified
D90-5-08521	ئۆپكىلىك	headword	784_1R.png	unverified
D90-5-08524	ئۆپلەن	headword	784_1R.png	unverified
D90-5-08525	ئۆپمەك	headword	784_2L.png	unverified
D90-5-08526	ئۆپۈپ-تېتىپ	headword	784_2L.png	unverified
D90-5-08527	ئۆپۈشمەك	headword	784_2L.png	unverified
D90-5-08528	ئۆپۈلمەك	headword	784_2L.png	unverified
D90-5-08529	ئۆپۈم	headword	784_2L.png	unverified
D90-5-08530	ئۆت	headword	784_2L.png	unverified
D90-5-08531	ئۆت پىگمېنتى	headword	784_2L.png	unverified
D90-5-08532	ئۆت تېشى	headword	784_2L.png	unverified
D90-5-08533	ئۆت تېشى كېسىلى	headword	784_2L.png	unverified
D90-5-08534	ئۆت خالتىسى	headword	785_1R.png	unverified
D90-5-08535	ئۆت خالتىسى ياللۇغى	headword	785_1R.png	unverified
D90-5-08536	ئۆت سۇيۇقلۇقى	headword	785_1R.png	unverified
D90-5-08537	ئۆت كىسلاتاسى	headword	785_1R.png	unverified
D90-5-08538	ئۆت نەيچىسى	headword	785_1R.png	unverified
D90-5-08539	ئۆت يولى	headword	785_2L.png	unverified
D90-5-08540	ئۆتە	headword	785_2L.png	unverified
D90-5-08541	ئۆتەتەنمەك	headword	785_2L.png	unverified
D90-5-08542	ئۆتەر	headword	785_2L.png	unverified
D90-5-08543	ئۆتەشمە	headword	785_2L.png	unverified
D90-5-08544	ئۆتەشمەك	headword	785_2L.png	unverified
D90-5-08545	ئۆتەك	headword	785_2L.png	unverified
D90-5-08547	ئۆتەڭ	headword	786_1R.png	unverified
D90-5-08548	ئۆتەل	headword	786_1R.png	unverified
D90-5-08550	ئۆتەلمەك	headword	786_1R.png	unverified
D90-5-08551	ئۆتكەل	headword	786_1R.png	unverified
D90-5-08552	ئۆتكەلدىن ئۆتمەك	headword	786_2L.png	unverified
D90-5-08553	ئۆتكەمە	headword	787_1R.png	unverified
D90-5-08554	ئۆتكەمىدىن ئۆتكۈزمەك	headword	787_1R.png	unverified
D90-5-08554-v1	ئەلگەكتىن ئۆتكۈزمەك	variant	787_1R.png	unverified
D90-5-08555	ئۆتكەمىچى	headword	787_1R.png	unverified
D90-5-08556	ئۆتكەن	headword	787_1R.png	unverified
D90-5-08559	ئۆتكەنگە سالاۋات	headword	787_2L.png	unverified
D90-5-08560	ئۆتكەن ئىشقا سالاۋات	headword	787_2L.png	unverified
D90-5-08561	ئۆتكەن ئىش ئۆتتى	headword	787_2L.png	unverified
D90-5-08562	ئۆتكەن يىل	headword	787_2L.png	unverified
D90-5-08563	ئۆتكەندە	headword	787_2L.png	unverified
D90-5-08564	ئۆتكەن-كەچكەن	headword	788_1R.png	unverified
D90-5-08565	ئۆتكەنكى	headword	788_1R.png	unverified
D90-5-08566	ئۆتكۈر	headword	788_2L.png	unverified
D90-5-08567	ئۆتكۈر باكتېرىئوفاگ	headword	789_1R.png	unverified
D90-5-08568	ئۆتكۈر بۇلۇڭ	headword	789_1R.png	unverified
D90-5-08568-v1	تار بۇلۇڭ	variant	789_1R.png	unverified
D90-5-08569	ئۆتكۈر قورساق ئاغرىقلىرى	headword	789_1R.png	unverified
D90-5-08570	ئۆتكۈرلەشتۈرمەك	headword	789_2L.png	unverified
D90-5-08571	ئۆتكۈرلەشتۈرۈشمەك	headword	789_2L.png	unverified
D90-5-08572	ئۆتكۈرلەشتۈرۈلمەك	headword	789_2L.png	unverified
D90-5-08573	ئۆتكۈرلەشمەك	headword	789_2L.png	unverified
D90-5-08574	ئۆتكۈرلۈك	headword	789_2L.png	unverified
D90-5-08575	ئۆتكۈزگۈچ	headword	789_2L.png	verified
D90-5-08580	ئۆتكۈزمەك	headword	790_1R.png	unverified
D90-5-08581	ئۆتكۈزۈپ بېرىش	headword	790_1R.png	unverified
D90-5-08582	ئۆتكۈزۈپ قويغانمۇ	headword	790_1R.png	unverified
D90-5-08583	ئۆتكۈزۈش	headword	790_1R.png	unverified
D90-5-08584	ئۆتكۈزۈشچان	headword	790_2L.png	unverified
D90-5-08585	ئۆتكۈزۈشچانلىق	headword	790_2L.png	unverified
D90-5-08586	ئۆتكۈزۈشمەك	headword	790_2L.png	unverified
D90-5-08587	ئۆتكۈزۈلمەك	headword	790_2L.png	unverified
D90-5-08588	ئۆتكۈن	headword	790_2L.png	unverified
D90-5-08589	ئۆتكۈن ئۆتمەك	headword	790_2L.png	unverified
D90-5-08590	ئۆتكۈنچى	headword	791_1R.png	unverified
D90-5-08595	ئۆتمە	headword	791_2L.png	unverified
D90-5-08596	ئۆتمەك	headword	791_2L.png	unverified
D90-5-08603	ئۆتۈپ بار	headword	794_1R.png	unverified
D90-5-08604	ئۆتۈپ تۇر	headword	794_1R.png	unverified
D90-5-08605	ئۆتۈپ كەتكەن	headword	794_1R.png	unverified
D90-5-08606	ئۆتمۈش	headword	794_1R.png	unverified
D90-5-08608	ئۆتنە	headword	794_2L.png	unverified
D90-5-08609	ئۆتنە ئالەم	headword	794_2L.png	unverified
D90-5-08610	ئۆتنە ئالماق	headword	795_1R.png	unverified
D90-5-08611	ئۆتنە بەرمەك	headword	795_1R.png	unverified
D90-5-08612	ئۆتنە جاھان	headword	795_1R.png	unverified
D90-5-08613	ئۆتنە ئېلىش	headword	795_1R.png	unverified
D90-5-08614	ئۆتنە ئېلىنىدىغان ئېلىش	headword	795_1R.png	unverified
D90-5-08615	ئۆتنە-لاپقۇت	headword	795_1R.png	unverified
D90-5-08616	ئۆتنە-ياغام	headword	795_1R.png	unverified
D90-5-08617	ئۆتنە-يېرىم	headword	795_1R.png	unverified
D90-5-08618	ئۆتنە-يېرىم قىلماق	headword	795_2L.png	unverified
D90-5-08619	ئۆتۈپ-تېشىپ	headword	795_2L.png	unverified
D90-5-08620	ئۆتۈشتۈرمەك	headword	795_2L.png	unverified
D90-5-08621	ئۆتۈشتۈرۈلمەك	headword	795_2L.png	unverified
D90-5-08622	ئۆتۈشلۈك	headword	795_2L.png	unverified
D90-5-08623	ئۆتۈشمە	headword	795_2L.png	verified
D90-5-08625	ئۆتۈشمە شامال	headword	796_1R.png	unverified
D90-5-08626	ئۆتۈشمە قۇدا	headword	796_1R.png	unverified
D90-5-08627	ئۆتۈشمە قىلماق	headword	796_1R.png	unverified
D90-5-08628	ئۆتۈشمە كۆۋرۈك	headword	796_1R.png	unverified
D90-5-08629	ئۆتۈشمە يول	headword	796_1R.png	unverified
D90-5-08630	ئۆتۈشمەك	headword	796_1R.png	unverified
D90-5-08631	ئۆتۈك	headword	796_1R.png	unverified
D90-5-08633	ئۆتۈكچان	headword	796_1R.png	unverified
D90-5-08634	ئۆتۈكچى	headword	796_1R.png	unverified
D90-5-08636	ئۆتۈلمەك	headword	796_2L.png	unverified
D90-5-08637	ئۆتۈمسىز	headword	796_2L.png	unverified
D90-5-08639	ئۆتۈملۈك	headword	796_2L.png	unverified
D90-5-08640	ئۆتۈملۈك پېئىل	headword	797_1R.png	unverified
D90-5-08641	ئۆتۈنچ	headword	797_1R.png	unverified
D90-5-08642	ئۆتۈنمەك	headword	797_1R.png	unverified
D90-5-08643	ئۆتۈنۈشمەك	headword	797_1R.png	unverified
D90-5-08644	ئۆتىمەك	headword	797_2L.png	unverified
D90-5-08645	ئۆچ	headword	797_2L.png	unverified
D90-5-08646	ئۆچ ئالماق	headword	797_2L.png	unverified
D90-5-08647	ئۆچ بولماق	headword	797_2L.png	unverified
D90-5-08648	ئۆچ كۆرمەك	headword	798_1R.png	unverified
D90-5-08649	ئۆچ-ئاداۋەت	headword	798_1R.png	unverified
D90-5-08650	ئۆچەر	headword	798_1R.png	unverified
D90-5-08652	ئۆچە كەشتۈرمەك	headword	798_1R.png	unverified
D90-5-08653	ئۆچە كەشمەك	headword	798_1R.png	unverified
D90-5-08654	ئۆچكە	headword	798_2L.png	unverified
D90-5-08658	ئۆچكە يېغىدەك	headword	799_1R.png	unverified
D90-5-08659	ئۆچكەن	headword	799_1R.png	unverified
D90-5-08661	ئۆچكىئېمەر	headword	799_1R.png	unverified
D90-5-08662	ئۆچلەشمەك	headword	799_1R.png	unverified
D90-5-08663	ئۆچلۈك	headword	799_1R.png	unverified
D90-5-08665	ئۆچمەس	headword	799_2L.png	unverified
D90-5-08666	ئۆچمەك	headword	799_2L.png	unverified
D90-5-08667	ئۆچمەن	headword	800_1R.png	unverified
D90-5-08668	ئۆچمەنلىك	headword	800_1R.png	unverified
D90-5-08670	ئۆچۈرتمەك	headword	800_2L.png	unverified
D90-5-08671	ئۆچۈرتۈشمەك	headword	800_2L.png	unverified
D90-5-08672	ئۆچۈرتۈلمەك	headword	800_2L.png	unverified
D90-5-08673	ئۆچۈرگۈچ	headword	800_2L.png	unverified
D90-5-08674	ئۆچۈرمەك	headword	800_2L.png	unverified
D90-5-08675	ئۆچۈرۈشمەك	headword	801_1R.png	unverified
D90-5-08676	ئۆچۈرۈلمەك	headword	801_1R.png	unverified
D90-5-08677	ئۆچىرەت	headword	801_1R.png	unverified
D90-5-08678	ئۆچىرەتسىز	headword	801_1R.png	unverified
D90-5-08679	ئۆرە	headword	801_1R.png	unverified
D90-5-08681	ئۆرە بۆك	headword	801_2L.png	unverified
D90-5-08682	ئۆرە تۇرماق	headword	801_2L.png	unverified
D90-5-08683	ئۆرە چۆچەك	headword	801_2L.png	unverified
D90-5-08684	ئۆرە قىلماق	headword	801_2L.png	unverified
D90-5-08685	ئۆرە كېزىك	headword	802_1R.png	unverified
D90-5-08686	ئۆرە مەش	headword	802_1R.png	unverified
D90-5-08687	ئۆرە يۈزمەك	headword	802_1R.png	unverified
D90-5-08689	ئۆرەسكەل	headword	802_1R.png	unverified
D90-5-08690	ئۆرەنلەشمەك	headword	802_1R.png	unverified
D90-5-08691	ئۆرەنلىمەك	headword	802_2L.png	unverified
D90-5-08692	ئۆرپ-ئادەت	headword	802_2L.png	unverified
D90-5-08694	ئۆرتەپ	headword	802_2L.png	unverified
D90-5-08695	ئۆرتەشمەك	headword	802_2L.png	unverified
D90-5-08696	ئۆرتەلمەك	headword	803_1R.png	unverified
D90-5-08697	ئۆرتەنمەك	headword	803_1R.png	unverified
D90-5-08698	ئۆرتىمەك	headword	803_1R.png	unverified
D90-5-08699	ئۆردەك	headword	803_1R.png	unverified
D90-5-08700	ئۆردەكنى قونداققا زورلىماق	headword	803_2L.png	unverified
D90-5-08701	ئۆردىكىنى ئۇ يان، غېزىنى بۇ يان ئايرىماق	headword	803_2L.png	unverified
D90-5-08702	ئۆردىكىنى ئۇ يان، غېزىنى بۇ يان قىلماق	headword	803_2L.png	unverified
D90-5-08703	ئۆردەكتۇمشۇق	headword	804_1R.png	unverified
D90-5-08704	ئۆركەش	headword	804_1R.png	unverified
D90-5-08705	ئۆركەش تاغ	headword	804_2L.png	unverified
D90-5-08706	ئۆركەشلەتمەك	headword	804_2L.png	unverified
D90-5-08707	ئۆركەشلەنمەك	headword	804_2L.png	unverified
D90-5-08708	ئۆركەشلىك	headword	804_2L.png	unverified
D90-5-08710	ئۆركەشلىمەك	headword	804_2L.png	unverified
D90-5-08711	ئۆركىمەك	headword	805_1R.png	unverified
D90-5-08712	ئۆرگۈزمەك	headword	805_1R.png	unverified
D90-5-08713	ئۆرگۈلەي	headword	805_1R.png	unverified
D90-5-08714	ئۆرگۈنەك	headword	805_1R.png	unverified
D90-5-08714-v1	ئەنجىبار	variant	805_1R.png	unverified
D90-5-08715	ئۆرلەتمەك	headword	805_1R.png	unverified
D90-5-08716	ئۆرلەش	headword	805_2L.png	unverified
D90-5-08717	ئۆرلەشمەك	headword	805_2L.png	unverified
D90-5-08718	ئۆرلىتىش	headword	805_2L.png	unverified
D90-5-08720	ئۆرلىمەك	headword	805_2L.png	unverified
D90-5-08721	ئۆرمە	headword	806_1R.png	unverified
D90-5-08723	ئۆرمەك	headword	806_1R.png	unverified
D90-5-08724	ئۆرنەك	headword	806_2L.png	unverified
D90-5-08725	ئۆرنەك ئالماق	headword	806_2L.png	unverified
D90-5-08726	ئۆرنەك بولماق	headword	806_2L.png	unverified
D90-5-08727	ئۆرنەكلىك	headword	807_1R.png	unverified
D90-5-08728	ئۆرۈپ-چۆرۈپ	headword	807_1R.png	unverified
D90-5-08729	ئۆرۈتمەك	headword	807_1R.png	unverified
D90-5-08730	ئۆرۈش	headword	807_1R.png	unverified
D90-5-08731	ئۆرۈشتۈرمەك	headword	807_2L.png	unverified
D90-5-08732	ئۆرۈشمەك	headword	807_2L.png	unverified
D90-5-08734	ئۆرۈك	headword	807_2L.png	unverified
D90-5-08735	ئۆرۈكچىلىك	headword	807_2L.png	unverified
D90-5-08736	ئۆرۈكلۈك	headword	807_2L.png	unverified
D90-5-08737	ئۆرۈلمەك	headword	807_2L.png	unverified
D90-5-08739	ئۆرۈلۈپ-چۆرۈلۈپ	headword	808_1R.png	unverified
D90-5-08740	ئۆرۈم	headword	808_1R.png	unverified
D90-5-08741	ئۆرۈم قىلماق	headword	808_2L.png	unverified
D90-5-08743	ئۆرۈم ئۆرمەك	headword	808_2L.png	unverified
D90-5-08742	ئۆرۈمگە كەلمەك	headword	808_2L.png	unverified
D90-5-08744	ئۆرۈمە	headword	809_1R.png	unverified
D90-5-08745	ئۆرۈمەك	headword	809_1R.png	unverified
D90-5-08746	ئۆرۈملۈك	headword	809_2L.png	unverified
D90-5-08747	ئۆرىتۆپە	headword	809_2L.png	unverified
D90-5-08748	ئۆرىتۆپە بولماق	headword	809_2L.png	unverified
D90-5-08749	ئۆرىتۆپە قىلماق	headword	809_2L.png	unverified
D90-5-08750	ئۆرىتۆپىلىك	headword	809_2L.png	unverified
D90-5-08751	ئۆرىدەشمەك	headword	809_2L.png	unverified
D90-5-08752	ئۆرىدەلمەك	headword	809_2L.png	unverified
D90-5-08753	ئۆرىدىمەك	headword	810_1R.png	unverified
D90-5-08754	ئۆرىلەشمەك	headword	810_1R.png	unverified
D90-5-08755	ئۆرىمە	nonstandard	810_1R.png	unverified
D90-5-08756	ئۆز	headword	810_1R.png	unverified
D90-5-08757	ئۆز ئالدىغا	headword	810_2L.png	unverified
D90-5-08758	ئۆز ئالدىغا تارتىۋالماق	headword	811_1R.png	unverified
D90-5-08759	ئۆز ئايىغى بىلەن كەلمەك	headword	811_1R.png	unverified
D90-5-08760	ئۆز ئايىغىدىن ئۈركۈمەك	headword	811_1R.png	unverified
D90-5-08761	ئۆز بېشىدىن قورقماق	headword	811_1R.png	unverified
D90-5-08762	ئۆز بىلمەك	headword	811_1R.png	unverified
D90-5-08763	ئۆز پۇتىغا ئۆزى پالتا چاپماق	headword	811_2L.png	unverified
D90-5-08764	ئۆز تۈگمىنىگە سۇ قويماق	headword	811_2L.png	unverified
D90-5-08765	ئۆز تېنىدە كۆپىيىش	headword	811_2L.png	unverified
D90-5-08766	ئۆز تېنىدە ئۇرۇقلىنىش	headword	811_2L.png	unverified
D90-5-08767	ئۆز خايان	headword	811_2L.png	verified
D90-5-08791	ئۆز مەيلىچە	headword	813_2L.png	unverified
D90-5-08768	ئۆز رەڭگى	headword	811_2L.png	unverified
D90-5-08769	ئۆز سانىماق	headword	811_2L.png	unverified
D90-5-08781	ئۆز كۆرمەك	headword	812_2L.png	unverified
D90-5-08770	ئۆز سەنىمىگە دەسسىمەك	headword	811_2L.png	unverified
D90-5-08771	ئۆز سەنىمىگە ئۇسسۇل ئوينىماق	headword	812_1R.png	unverified
D90-5-08772	ئۆز شەكلى	headword	812_1R.png	unverified
D90-5-08773	ئۆز شورىدىن كۆرمەك	headword	812_1R.png	unverified
D90-5-08774	ئۆز قازىنىنى ئۆزى قايناتماق	headword	812_1R.png	unverified
D90-5-08775	ئۆز قولى بىلەن	headword	812_1R.png	unverified
D90-5-08776	ئۆز قولىدا	headword	812_1R.png	unverified
D90-5-08777	ئۆز قولىغا ئالماق	headword	812_2L.png	unverified
D90-5-08778	ئۆز قوينىغا ئالماق	headword	812_2L.png	unverified
D90-5-08779	ئۆز قۇلىقى بىلەن	headword	812_2L.png	unverified
D90-5-08780	ئۆز قۇلىقىغا ئىشەنمەسلىك	headword	812_2L.png	unverified
D90-5-08782	ئۆز كۆزىگە ئۆزى ئىشەنمەسلىك	headword	812_2L.png	unverified
D90-5-08783	ئۆز كۆمىچىگە چوغ تارتماق	headword	813_1R.png	unverified
D90-5-08784	ئۆز كۈنىنى ئۆزى ئالماق	headword	813_1R.png	unverified
D90-5-08784-v1	جېنىنى جان ئەتمەك	variant	813_1R.png	unverified
D90-5-08785	ئۆز گۇناھى ئۆزىگە	headword	813_1R.png	unverified
D90-5-08786	ئۆز گۆشىنى ئۆزى يېگۈدەك بولماق	headword	813_1R.png	unverified
D90-5-08787	ئۆز گۆشىنى ئۆز يېغىدا قورۇماق	headword	813_1R.png	unverified
D90-5-08871	ئۆز يېغىدا ئۆز گۆشىنى قورۇماق	headword	820_2L.png	unverified
D90-5-08788	ئۆز گۆشىنى ئۆزى يېمەك	headword	813_2L.png	unverified
D90-5-08789	ئۆز گۆشىنى يېمەك	headword	813_2L.png	unverified
D90-5-08790	ئۆز گېپىگە كەلمەك	headword	813_2L.png	unverified
D90-5-08792	ئۆز نەملىكى	headword	813_2L.png	unverified
D90-5-08793	ئۆز نۆۋىتىدە	headword	813_2L.png	unverified
D90-5-08794	ئۆز نېنىنى ئۆزى تېپىپ يېمەك	headword	813_2L.png	unverified
D90-5-08795	ئۆز ھالىغا قويماق	headword	813_2L.png	unverified
D90-5-08796	ئۆز ئوقىدا ئايلىنىش	headword	814_1R.png	unverified
D90-5-08798	ئۆزۈڭگىمۇ قىلدىڭ، ماڭىمۇ قىلدىڭ	headword	814_1R.png	unverified
D90-5-08799	ئۆزۈڭنى بىل، ئۆزگىنى قوي	headword	814_1R.png	unverified
D90-5-08800	ئۆزۈڭنى نەدە قويىسەن	headword	814_1R.png	unverified
D90-5-08801	ئۆز ۋاقتىدا	headword	814_1R.png	unverified
D90-5-08802	ئۆز ئېڭىزىغا تېرىش	headword	814_2L.png	unverified
D90-5-08803	ئۆزى ئاقار قۇدۇق	headword	814_2L.png	unverified
D90-5-08804	ئۆزى بەگ، ئۆزى خان	headword	814_2L.png	unverified
D90-5-08805	ئۆزى بەگ، ئۆزى خان بولۇۋالماق	headword	814_2L.png	unverified
D90-5-08806	ئۆزى بىلگەن سەنەمگە دەسسىمەك	headword	814_2L.png	unverified
D90-5-08807	ئۆزى بىلگەنچە	headword	815_1R.png	unverified
D90-5-08808	ئۆزى تاغدا ، كۆڭلى باغدا	headword	815_1R.png	unverified
D90-5-08809	ئۆز ئىچىگە ئالماق	headword	815_1R.png	unverified
D90-5-08810	ئۆزىدىكى سىنىپ	headword	815_1R.png	unverified
D90-5-08811	ئۆزىدىكى نەرسە	headword	815_1R.png	unverified
D90-5-08812	ئۆزىدىن چاڭلىنىش	headword	815_1R.png	unverified
D90-5-08813	ئۆزىدىن كەتمەك	headword	815_2L.png	unverified
D90-5-08814	ئۆزىدىن ئوزۇقلىنىدىغان جانلىقلار	headword	815_2L.png	unverified
D90-5-08815	ئۆزىدىن ئوزۇقلىنىدىغان ئۆسۈملۈكلەر	headword	815_2L.png	unverified
D90-5-08816	ئۆزىدىن ئۆتمەك	headword	815_2L.png	unverified
D90-5-08817	ئۆزى كولىغان ئورىغا ئۆزى چۈشمەك	headword	815_2L.png	unverified
D90-5-08818	ئۆزىگە ئالماق	headword	815_2L.png	unverified
D90-5-08819	ئۆزىگە پۇختا بولماق	headword	816_1R.png	unverified
D90-5-08820	ئۆزىگە تارتماق	headword	816_1R.png	unverified
D90-5-08821	ئۆزىگە تەڭ قىلماسلىق	headword	816_1R.png	unverified
D90-5-08822	ئۆزىگە توپا قوندۇرماسلىق	headword	816_1R.png	unverified
D90-5-08823	ئۆزىگە تۇشلۇق	headword	816_1R.png	unverified
D90-5-08830	ئۆزىگە يارىشا	headword	817_1R.png	unverified
D90-5-08824	ئۆزىگە زور بەرمەك	headword	816_1R.png	unverified
D90-5-08825	ئۆزىگە قاراتماق	headword	816_2L.png	unverified
D90-5-08826	ئۆزىگە قويماق	headword	816_2L.png	unverified
D90-5-08827	ئۆزىگە قىلماق	headword	816_2L.png	unverified
D90-5-08828	ئۆزىگە كەلمەك	headword	817_1R.png	unverified
D90-5-08829	ئۆزىگە ھاي بەرمەك	headword	817_1R.png	unverified
D90-5-08831	ئۆز ئىندۇكسىيە	headword	817_1R.png	unverified
D90-5-08832	ئۆزىنى ئالدۇرۇپ قويماق	headword	817_1R.png	unverified
D90-5-08833	ئۆزىنى ئايىماق	headword	817_1R.png	unverified
D90-5-08834	ئۆزىنى ئەر چاغلىماق	headword	817_2L.png	unverified
D90-5-08835	ئۆزىنى بازارغا سالماق	headword	817_2L.png	unverified
D90-5-08836	ئۆزىنى بىرنېمە قىلىۋالماق	headword	817_2L.png	unverified
D90-5-08837	ئۆزىنى بىلمەك	headword	817_2L.png	unverified
D90-5-08838	ئۆزىنى تاشلىۋەتمەك	headword	817_2L.png	unverified
D90-5-08839	ئۆزىنى توختاتقان	headword	817_2L.png	unverified
D90-5-08840	ئۆزىنى تونۇتماق	headword	818_1R.png	unverified
D90-5-08841	ئۆزىنى تۇتۇۋالماق	headword	818_1R.png	unverified
D90-5-08842	ئۆزىنى چاغلىماي	headword	818_1R.png	unverified
D90-5-08843	ئۆزىنى چەتتە تۇتماق	headword	818_1R.png	unverified
D90-5-08844	ئۆزىنى چەتكە ئالماق	headword	818_1R.png	unverified
D90-5-08845	ئۆزىنى چەتكە تارتماق	headword	818_2L.png	unverified
D90-5-08846	ئۆزىنى چىڭ تۇتماق	headword	818_2L.png	unverified
D90-5-08847	ئۆزىنى دالدىغا ئالماق	headword	818_2L.png	unverified
D90-5-08848	ئۆزىنى دۇنيادا بىر چاغلىماق	headword	818_2L.png	unverified
D90-5-08849	ئۆزىنى سورىماق	headword	818_2L.png	unverified
D90-5-08850	ئۆزىنى قەيەردە قويۇشنى بىلمەسلىك	headword	819_1R.png	unverified
D90-5-08852	ئۆزىنى قويىدىغان يەر تاپالماسلىق	headword	819_1R.png	unverified
D90-5-08851	ئۆزىنى قولغا ئالماق	headword	819_1R.png	unverified
D90-5-08853	ئۆزىنى كۆرسەتمەك	headword	819_1R.png	unverified
D90-5-08854	ئۆزىنىڭ ئاغزى	headword	819_2L.png	unverified
D90-5-08855	ئۆزىنىڭ بىلگىنى بىلگەن	headword	819_2L.png	unverified
D90-5-08856	ئۆزىنىڭ پاشىسىنى قورۇماق	headword	819_2L.png	unverified
D90-5-08857	ئۆزىنىڭ سايىسىغا مۇشت ئاتماق	headword	819_2L.png	unverified
D90-5-08858	ئۆزىنىڭ شورى	headword	819_2L.png	unverified
D90-5-08859	ئۆزىنىڭ يولى بىلەن ئۆزىنى بابلىماق	headword	819_2L.png	unverified
D90-5-08860	ئۆزىنى نەگە قويۇشنى بىلمەسلىك	headword	819_2L.png	unverified
D90-5-08861	ئۆزىنى ئۆزىنى ئۇ دۇنيادا كۆرمەك	headword	819_2L.png	unverified
D90-5-08862	ئۆزىنى ئۇرماق	headword	820_1R.png	unverified
D90-5-08863	ئۆزىنى ئۇنتۇغان ھالدا	headword	820_1R.png	unverified
D90-5-08864	ئۆزىنى ئۇنتۇماق	headword	820_1R.png	unverified
D90-5-08865	ئۆزىنى ياقىغا ئالماق	headword	820_1R.png	unverified
D90-5-08866	ئۆزىنى يوقىتىپ قويماق	headword	820_1R.png	unverified
D90-5-08867	ئۆزىنى يېقىن تۇتماق	headword	820_2L.png	unverified
D90-5-08868	ئۆزى ھارام، كۈچى ھالال	headword	820_2L.png	unverified
D90-5-08869	ئۆزى ئۈچۈن سىنىپ	headword	820_2L.png	unverified
D90-5-08870	ئۆز يولىغا ماڭماق	headword	820_2L.png	unverified
D90-5-08872	ئۆزئارا	headword	821_1R.png	unverified
D90-5-08875	ئۆزەك	headword	821_1R.png	unverified
D90-5-08876	ئۆزەك قۇرتى	headword	821_2L.png	unverified
D90-5-08877	ئۆزەن	headword	821_2L.png	unverified
D90-5-08878	ئۆزبېشىمچى	headword	821_2L.png	verified
D90-5-08879	ئۆزبېشىمچىلىق	headword	821_2L.png	unverified
D90-5-08880	ئۆزبېشىمچىلىق قىلماق	headword	822_1R.png	unverified
D90-5-08881	ئۆزبېك	headword	822_1R.png	unverified
D90-5-08882	ئۆزبېكچە	headword	822_1R.png	unverified
D90-5-08883	ئۆزبېكلەر	headword	822_1R.png	verified
D90-5-08884	ئۆزرە	headword	822_2L.png	unverified
D90-5-08885	ئۆزرە ئېيتماق	headword	822_2L.png	unverified
D90-5-08886	ئۆزرە سورىماق	headword	822_2L.png	unverified
D90-5-08887	ئۆزرىخاھلىق	headword	822_2L.png	unverified
D90-5-08888	ئۆزرىخاھلىق سورىماق	headword	822_2L.png	unverified
D90-5-08889	ئۆزرىخاھلىق ئېيتماق	headword	823_1R.png	unverified
D90-5-08890	ئۆزرىلىك	headword	823_1R.png	unverified
D90-5-08891	ئۆزسىنىشماق	headword	823_1R.png	unverified
D90-5-08892	ئۆزسىنماق	headword	823_1R.png	unverified
D90-5-08893	ئۆزگە	headword	823_1R.png	unverified
D90-5-08894	ئۆزگەرتىلمەك	headword	823_2L.png	unverified
D90-5-08895	ئۆزگەرتىپ قۇرۇش	headword	823_2L.png	unverified
D90-5-08896	ئۆزگەرتىشمەك	headword	823_2L.png	unverified
D90-5-08898	ئۆزگەرگەن	headword	824_1R.png	unverified
D90-5-08904	ئۆزگەرگۈچى	headword	824_2L.png	unverified
D90-5-08907	ئۆزگەرمە	headword	824_2L.png	unverified
D90-5-08911	ئۆزگەرمەس	headword	824_2L.png	unverified
D90-5-08913	ئۆزگەرمەس كاپىتال	headword	825_1R.png	unverified
D90-5-08914	ئۆزگەرمەك	headword	825_1R.png	unverified
D90-5-08915	ئۆزگەن	headword	825_2L.png	unverified
D90-5-08916	ئۆزگىچە	headword	825_2L.png	unverified
D90-5-08917	ئۆزگىچىلىك	headword	825_2L.png	unverified
D90-5-08918	ئۆزگىرىش	headword	825_2L.png	unverified
D90-5-08919	ئۆزگىرىش قىلماق	headword	826_1R.png	unverified
D90-5-08920	ئۆزگىرىش ياسىماق	headword	826_1R.png	unverified
D90-5-08921	ئۆزگىرىشچان	headword	826_1R.png	unverified
D90-5-08923	ئۆزگىرىشچان توك	headword	826_2L.png	unverified
D90-5-08924	ئۆزگىرىشچان تېمپېراتۇرىلىق ھايۋانلار	headword	826_2L.png	unverified
D90-5-08925	ئۆزگىرىشچان قارشىلىق	headword	826_2L.png	unverified
D90-5-08926	ئۆزگىرىشچان كاپىتال	headword	826_2L.png	unverified
D90-5-08927	ئۆزگىرىشچان كوندېنساتور	headword	826_2L.png	unverified
D90-5-08928	ئۆزگىرىشچان ھەرىكەت	headword	826_2L.png	unverified
D90-5-08929	ئۆزگىرىشچانلىق	headword	827_1R.png	unverified
D90-5-08930	ئۆزگىرىشسىز	headword	827_1R.png	unverified
D90-5-08931	ئۆزگىرىشلىك	headword	827_1R.png	unverified
D90-5-08932	ئۆزلە	headword	827_1R.png	unverified
D90-5-08933	ئۆزلەشتۈرمە	headword	827_1R.png	unverified
D90-5-08934	ئۆزلەشتۈرمەك	headword	827_2L.png	unverified
D90-5-08935	ئۆزلەشتۈرۈشمەك	headword	827_2L.png	unverified
D90-5-08936	ئۆزلەشتۈرۈلمەك	headword	827_2L.png	unverified
D90-5-08937	ئۆزلەشكەن	headword	827_2L.png	unverified
D90-5-08940	ئۆزلەشمەك	headword	828_1R.png	unverified
D90-5-08941	ئۆزلۈك	headword	828_2L.png	unverified
D90-5-08944	ئۆزلۈكىدىن	headword	829_1R.png	unverified
D90-5-08945	ئۆزلىرى	headword	829_1R.png	unverified
D90-5-08946	ئۆزلىشىملىك	headword	829_1R.png	unverified
D90-5-08947	ئۆز-ئۆزى	headword	829_1R.png	unverified
D90-5-08948	ئۆز-ئۆزىگە زىت	headword	829_2L.png	unverified
D90-5-08949	ئۆز-ئۆزىنى كۆزىتىش ئۇسۇلى	headword	829_2L.png	unverified
D90-5-08950	ئۆز-ئۆزىدىن	headword	829_2L.png	unverified
D90-5-08951	ئۆزۈمچى	headword	829_2L.png	unverified
D90-5-08952	ئۆزۈمچىل	headword	830_1R.png	unverified
D90-5-08953	ئۆزۈمچىللىك	headword	830_1R.png	unverified
D90-5-08954	ئۆزۈمچىلىك	headword	830_1R.png	unverified
D90-5-08955	ئۆزىچە	headword	830_1R.png	unverified
D90-5-08956	ئۆسەك	headword	830_1R.png	unverified
D90-5-08957	ئۆسەك سۆز	headword	830_2L.png	unverified
D90-5-08958	ئۆسەك گەپ	headword	830_2L.png	unverified
D90-5-08959	ئۆسەكچى	headword	830_2L.png	unverified
D90-5-08960	ئۆسەكسىز	headword	830_2L.png	unverified
D90-5-08961	ئۆستەڭ	headword	831_1R.png	unverified
D90-5-08963	ئۆستەڭچى	headword	831_1R.png	unverified
D90-5-08964	ئۆستەڭلىك	headword	831_1R.png	unverified
D90-5-08965	ئۆستۈرگۈچ	headword	831_1R.png	unverified
D90-5-08966	ئۆستۈرگۈچى	headword	831_1R.png	unverified
D90-5-08968	ئۆستۈرگۈچى ماددا	headword	831_2L.png	unverified
D90-5-08969	ئۆستۈرمەك	headword	831_2L.png	unverified
D90-5-08970	ئۆستۈرۈش	headword	831_2L.png	unverified
D90-5-08973	ئۆستۈرۈشمەك	headword	832_1R.png	unverified
D90-5-08974	ئۆستۈرۈلمەك	headword	832_1R.png	unverified
D90-5-08975	ئۆسكىلەڭ	headword	832_1R.png	unverified
D90-5-08976	ئۆسمە	headword	832_1R.png	unverified
D90-5-08977	ئۆسمىسىمان	headword	832_1R.png	unverified
D90-5-08978	ئۆسمىشۇناس	headword	832_2L.png	unverified
D90-5-08979	ئۆسمىشۇناسلىق	headword	832_2L.png	unverified
D90-5-08980	ئۆسمەك	headword	832_2L.png	unverified
D90-5-08981	ئۆسمۈر	headword	833_1R.png	unverified
D90-5-08983	ئۆسمۈرلۈك	headword	833_2L.png	unverified
D90-5-08984	ئۆسۈش	headword	833_2L.png	unverified
D90-5-08989	ئۆسۈش كونۇسى	headword	834_1R.png	unverified
D90-5-08990	ئۆسۈش مەزگىلى	headword	834_1R.png	unverified
D90-5-08990-v1	ئۆسۈش دەۋرى	variant	834_1R.png	unverified
D90-5-08991	ئۆسۈش نۇقتىسى	headword	834_1R.png	unverified
D90-5-08992	ئۆسۈك	headword	834_1R.png	unverified
D90-5-08993	ئۆسۈم	headword	834_1R.png	unverified
D90-5-08994	ئۆسۈم پۇلى	headword	834_1R.png	unverified
D90-5-08995	ئۆسۈم چېكى	headword	834_1R.png	unverified
D90-5-08996	ئۆسۈمتە	headword	834_2L.png	unverified
D90-5-08997	ئۆسۈمچان	headword	834_2L.png	unverified
D90-5-08999	ئۆسۈمسىز	headword	834_2L.png	unverified
D90-5-09000	ئۆسۈملۈك	headword	834_2L.png	unverified
D90-5-09003	ئۆسۈملۈكلەر باغچىسى	headword	835_1R.png	unverified
D90-5-09004	ئۆسۈملۈكلەر دۇنياسى	headword	835_1R.png	unverified
D90-5-09005	ئۆسۈملۈك ئىشقارى	headword	835_1R.png	unverified
D90-5-09006	ئۆسۈملۈك يېپىنچىسى	headword	835_1R.png	unverified
D90-5-09007	ئۆسۈملۈكشۇناس	headword	835_1R.png	unverified
D90-5-09008	ئۆسۈملۈكشۇناسلىق	headword	835_1R.png	unverified
D90-5-09008-v1	بوتانىكا	variant	835_1R.png	unverified
D90-5-09009	ئۆشە	headword	835_1R.png	unverified
D90-5-09011	ئۆشرە	headword	835_1R.png	unverified
D90-5-09012	ئۆشرە ئالماق	headword	835_2L.png	unverified
D90-5-09013	ئۆشرە بەرمەك	headword	835_2L.png	unverified
D90-5-09014	ئۆشرىسىنى ئايرىماق	headword	835_2L.png	unverified
D90-5-09015	ئۆشرە-زاكات	headword	835_2L.png	unverified
D90-5-09016	ئۆشرىچى	headword	835_2L.png	unverified
D90-5-09017	ئۆشنە	headword	835_2L.png	unverified
D90-5-09019	ئۆكتە	headword	836_1R.png	unverified
D90-5-09021	ئۆكتەبر	headword	836_1R.png	unverified
D90-5-09023	ئۆكتەم	headword	836_1R.png	unverified
D90-5-09024	ئۆكتەملىك	headword	836_2L.png	unverified
D90-5-09025	ئۆكتەملىك قىلماق	headword	836_2L.png	unverified
D90-5-09026	ئۆكتىچى	headword	836_2L.png	unverified
D90-5-09027	ئۆكتىچىلىك	headword	836_2L.png	unverified
D90-5-09028	ئۆكچىلىك	headword	836_2L.png	unverified
D90-5-09029	ئۆكچە	headword	836_2L.png	unverified
D90-5-09030	ئۆكسۈتمەك	headword	837_1R.png	unverified
D90-5-09031	ئۆكسۈشمەك	headword	837_1R.png	unverified
D90-5-09032	ئۆكسۈمەك	headword	837_1R.png	unverified
D90-5-09034	ئۆكسۈنمەك	headword	837_1R.png	unverified
D90-5-09035	ئۆكۈز	headword	837_2L.png	unverified
D90-5-09038	ئۆكۈزلۈك	headword	837_2L.png	unverified
D90-5-09039	ئۆكۈنچ	headword	837_2L.png	unverified
D90-5-09040	ئۆكۈنچلۈك	headword	837_2L.png	unverified
D90-5-09041	ئۆكۈندۈرمەك	headword	838_1R.png	unverified
D90-5-09042	ئۆكۈنمەك	headword	838_1R.png	unverified
D90-5-09043	ئۆكۈنۈشمەك	headword	838_1R.png	unverified
D90-5-09044	ئۆگە	headword	838_1R.png	verified
D90-5-09045	ئۆگەتمەك	headword	838_1R.png	unverified
D90-5-09046	ئۆگەنچى	headword	838_2L.png	unverified
D90-5-09047	ئۆگەنمەك	headword	838_2L.png	unverified
D90-5-09048	ئۆگەي	headword	839_1R.png	unverified
D90-5-09049	ئۆگەي ئانا	headword	839_2L.png	unverified
D90-5-09050	ئۆگەي دادا	headword	839_2L.png	unverified
D90-5-09051	ئۆگەي-چۆگەي	headword	839_2L.png	unverified
D90-5-09052	ئۆگەيسىنمەك	headword	839_2L.png	unverified
D90-5-09053	ئۆگەيسىنىشمەك	headword	839_2L.png	unverified
D90-5-09054	ئۆگەيلەشمەك	headword	839_2L.png	unverified
D90-5-09055	ئۆگەيلەنمەك	headword	839_2L.png	unverified
D90-5-09056	ئۆگەيلىك	headword	839_2L.png	unverified
D90-5-09057	ئۆگەيلىمەك	headword	840_1R.png	unverified
D90-5-09058	ئۆگزە	headword	840_1R.png	unverified
D90-5-09059	ئۆگزىسمان	headword	840_1R.png	unverified
D90-5-09060	ئۆگزىسىمان گۈل رېتى	headword	840_2L.png	unverified
D90-5-09061	ئۆگزىلىك	headword	840_2L.png	unverified
D90-5-09062	ئۆگسۈز	headword	840_2L.png	unverified
D90-5-09063	ئۆگۈن	headword	840_2L.png	unverified
D90-5-09064	ئۆگۈنكى	headword	840_2L.png	unverified
D90-5-09065	ئۆگۈنلۈك	headword	840_2L.png	unverified
D90-5-09066	ئۆگۈنلۈككە	headword	841_1R.png	unverified
D90-5-09067	ئۆگىتەي	headword	841_1R.png	unverified
D90-5-09069	ئۆگىتىشمەك	headword	841_1R.png	unverified
D90-5-09070	ئۆگىتىلمەك	headword	841_1R.png	unverified
D90-5-09071	ئۆگىنىش	headword	841_1R.png	unverified
D90-5-09073	ئۆگىنىشمەك	headword	841_2L.png	unverified
D90-5-09074	ئۆگىنىلمەك	headword	841_2L.png	unverified
D90-5-09075	ئۆڭ	headword	841_2L.png	unverified
D90-5-09079	ئۆڭى ئۆچمەك	headword	842_1R.png	unverified
D90-5-09080	ئۆڭى يامان	headword	842_1R.png	unverified
D90-5-09082	ئۆڭەر	headword	842_1R.png	unverified
D90-5-09083	ئۆڭتۈرتمەك	headword	842_1R.png	unverified
D90-5-09084	ئۆڭتۈرمەك	headword	842_1R.png	unverified
D90-5-09085	ئۆڭتۈرۈشمەك	headword	842_2L.png	unverified
D90-5-09086	ئۆڭتۈرۈلمەك	headword	842_2L.png	unverified
D90-5-09087	ئۆڭدۈرۈلمەك	headword	842_2L.png	unverified
D90-5-09088	ئۆڭسۆرۈن	headword	842_2L.png	unverified
D90-5-09089	ئۆڭسۈل	headword	842_2L.png	unverified
D90-5-09091	ئۆڭسۈلى يوق	headword	843_1R.png	unverified
D90-5-09092	ئۆڭكەر	headword	843_1R.png	unverified
D90-5-09093	ئۆڭكۈر	headword	843_1R.png	unverified
D90-5-09094	ئۆڭكۈرلۈك	headword	843_1R.png	unverified
D90-5-09095	ئۆڭكۈرمەك	headword	843_1R.png	unverified
D90-5-09096	ئۆڭگە	headword	843_1R.png	unverified
D90-5-09097	ئۆڭگەك	headword	843_1R.png	unverified
D90-5-09098	ئۆڭگۈل	headword	843_1R.png	unverified
D90-5-09099	ئۆڭلۈك	headword	843_2L.png	unverified
D90-5-09100	ئۆڭمەك	headword	843_2L.png	unverified
D90-5-09101	ئۆڭۈپ-تاتىرىپ	headword	843_2L.png	unverified
D90-5-09102	ئۆڭۈپ-ئۆچۈپ	headword	843_2L.png	unverified
D90-5-09103	ئۆڭۈر	nonstandard	843_2L.png	unverified
D90-5-09104	ئۆلەر	headword	843_2L.png	unverified
D90-5-09105	ئۆلەر-تىرىلىش	headword	843_2L.png	unverified
D90-5-09105-v1	ئۆلەر-تىرىلىشىگە قارىماي	variant	843_2L.png	unverified
D90-5-09106	ئۆلەر-تىرىلىشى بىلەن كارى بولماي	headword	844_1R.png	unverified
D90-5-09107	ئۆلەر-تىرىلىشىگە باقماي	headword	844_1R.png	unverified
D90-5-09108	ئۆلەرمەن	headword	844_1R.png	unverified
D90-5-09109	ئۆلەرمەنلەرچە	headword	844_1R.png	unverified
D90-5-09110	ئۆلەرمەنلىك	headword	844_1R.png	unverified
D90-5-09111	ئۆلەڭ	headword	844_1R.png	unverified
D90-5-09112	ئۆلەڭچى	headword	844_2L.png	unverified
D90-5-09113	ئۆلەي	headword	844_2L.png	unverified
D90-5-09114	ئۆلەي-ئۆچەي	headword	844_2L.png	unverified
D90-5-09115	ئۆلەي-ئۆچەي دېمەك	headword	844_2L.png	unverified
D90-5-09117	ئۆلەن	headword	844_2L.png	unverified
D90-5-09118	ئۆلتۈرگۈزمەك	headword	844_2L.png	unverified
D90-5-09119	ئۆلتۈرمەك	headword	845_1R.png	unverified
D90-5-09120	ئۆلتۈرۈشمەك	headword	845_1R.png	unverified
D90-5-09121	ئۆلتۈرۈلمەك	headword	845_1R.png	unverified
D90-5-09122	ئۆلچەتمەك	headword	845_1R.png	unverified
D90-5-09123	ئۆلچەش	headword	845_1R.png	unverified
D90-5-09125	ئۆلچەش ئىلمى	headword	845_2L.png	unverified
D90-5-09126	ئۆلچەش-سىزىش	headword	845_2L.png	unverified
D90-5-09127	ئۆلچەشمەك	headword	845_2L.png	unverified
D90-5-09128	ئۆلچەك	headword	845_2L.png	unverified
D90-5-09129	ئۆلچەم	headword	845_2L.png	unverified
D90-5-09131	ئۆلچەمسىز	headword	846_1R.png	unverified
D90-5-09132	ئۆلچەمشۇناس	headword	846_1R.png	unverified
D90-5-09133	ئۆلچەمشۇناسلىق	headword	846_1R.png	unverified
D90-5-09134	ئۆلچەملەشتۈرمەك	headword	846_1R.png	unverified
D90-5-09135	ئۆلچەملەشتۈرۈشمەك	headword	846_1R.png	unverified
D90-5-09136	ئۆلچەملەشتۈرۈلمەك	headword	846_1R.png	unverified
D90-5-09137	ئۆلچەملەشمەك	headword	846_1R.png	unverified
D90-5-09138	ئۆلچەملىك	headword	846_1R.png	unverified
D90-5-09139	ئۆلچەملىك ئاتموسفېرا	headword	846_2L.png	unverified
D90-5-09140	ئۆلچەملىك تىل	headword	846_2L.png	unverified
D90-5-09141	ئۆلچەملىك دېتال	headword	846_2L.png	unverified
D90-5-09141-v1	ستاندارتلىق دېتال	variant	846_2L.png	unverified
D90-5-09142	ئۆلچەملىك قارشىلىق	headword	846_2L.png	unverified
D90-5-09143	ئۆلچەملىك مىقدار	headword	847_1R.png	unverified
D90-5-09144	ئۆلچەملىك ۋاقىت	headword	847_1R.png	unverified
D90-5-09145	ئۆلچەملىك ۋاقىت رايونى	headword	847_1R.png	unverified
D90-5-09146	ئۆلچەنمەك	headword	847_2L.png	unverified
D90-5-09147	ئۆلچىگۈچ	headword	847_2L.png	unverified
D90-5-09148	ئۆلچىمەك	headword	847_2L.png	unverified
D90-5-09149	ئۆلكە	headword	848_1R.png	unverified
D90-5-09152	ئۆلكىلىك	headword	848_1R.png	unverified
D90-5-09153	ئۆلگەن	headword	848_1R.png	unverified
D90-5-09155	ئۆلگۈچى	headword	848_2L.png	unverified
D90-5-09156	ئۆلگۈدەك	headword	848_2L.png	unverified
D90-5-09157	ئۆلگۈر	headword	848_2L.png	unverified
D90-5-09158	ئۆلمەس	headword	849_1R.png	unverified
D90-5-09159	ئۆلمەك	headword	849_1R.png	unverified
D90-5-09160	ئۆل دېسە ئۆلىدىغان، تىرىل دېسە تىرىلىدىغان	headword	849_2L.png	unverified
D90-5-09161	ئۆلدىگە چىقارماق	headword	849_2L.png	unverified
D90-5-09162	ئۆلسە كۆزى يۇمۇلماسلىق	headword	850_1R.png	unverified
D90-5-09163	ئۆلسەممۇ دەردىم چىقمايدۇ	headword	850_1R.png	unverified
D90-5-09164	ئۆلگۈڭ كەلدىمۇ؟	headword	850_1R.png	unverified
D90-5-09165	ئۆلمىسەك كۆرۈشەرمىز	headword	850_1R.png	unverified
D90-5-09166	ئۆلمىسەك كۆرۈشىدىكەنمىز	headword	850_1R.png	unverified
D90-5-09167	ئۆلمىسىمۇ ئۇنىڭ بېرىسى بولماق	headword	850_1R.png	unverified
D90-5-09168	ئۆلۈپ بېرەيمۇ	headword	850_2L.png	unverified
D90-5-09169	ئۆلۈپ تۇرماق	headword	850_2L.png	unverified
D90-5-09170	ئۆلمەكلىك	headword	850_2L.png	unverified
D90-5-09171	ئۆلمىگۈر	headword	850_2L.png	unverified
D90-5-09172	ئۆلۈشمەك	headword	850_2L.png	unverified
D90-5-09173	ئۆلۈك	headword	851_1R.png	verified
D90-5-09175	ئۆلۈك ئەت	headword	851_2L.png	verified
D90-5-09176	ئۆلۈك تەبىئەت	headword	851_2L.png	verified
D90-5-09177	ئۆلۈك توپا	headword	851_2L.png	verified
D90-5-09178	ئۆلۈك تىللار	headword	851_2L.png	verified
D90-5-09179	ئۆلۈكتىن پەيشەمبىلىك تىلىمەك	headword	851_2L.png	unverified
D90-5-09180	ئۆلۈكتىن پەي-شەمبىلىك تىلىمەك	headword	852_1R.png	unverified
D90-5-09181	ئۆلۈك سۇ	headword	852_1R.png	unverified
D90-5-09182	ئۆلۈك سۇ گورىزىنتى	headword	852_1R.png	unverified
D90-5-09183	ئۆلۈككە جان تىلىمەك	headword	852_1R.png	unverified
D90-5-09184	ئۆلۈك مال	headword	852_1R.png	unverified
D90-5-09185	ئۆلۈكى ئارتۇق	headword	852_1R.png	unverified
D90-5-09186	ئۆلۈكىمۇ يوق، تىرىكىمۇ يوق	headword	852_1R.png	unverified
D90-5-09187	ئۆلۈكىنى ئارتماق	headword	852_1R.png	unverified
D90-5-09188	ئۆلۈكىنى ساتماق	headword	852_2L.png	unverified
D90-5-09189	ئۆلۈكخانا	headword	852_2L.png	unverified
D90-5-09190	ئۆلۈم	headword	852_2L.png	unverified
D90-5-09194	ئۆلۈمدىن باشقىسى تاماشا	headword	853_1R.png	unverified
D90-5-09195	ئۆلۈمگە مەھكۇم	headword	853_1R.png	unverified
D90-5-09196	ئۆلۈمتۈك	headword	853_1R.png	unverified
D90-5-09197	ئۆلۈمتۈكلۈك	headword	853_1R.png	unverified
D90-5-09198	ئۆلۈملۈك	headword	853_1R.png	unverified
D90-5-09199	ئۆلۈمنامە	headword	853_2L.png	unverified
D90-5-09200	ئۆلۈم-يېتىم	headword	853_2L.png	unverified
D90-5-09201	ئۆلىما	headword	853_2L.png	unverified
D90-5-09202	ئۆلىمالىق	headword	853_2L.png	unverified
D90-5-09203	ئۆم	headword	854_1R.png	unverified
D90-5-09204	ئۆم بولماق	headword	854_1R.png	unverified
D90-5-09205	ئۆمە-دۆمە	headword	854_1R.png	unverified
D90-5-09206	ئۆمەك	headword	854_1R.png	unverified
D90-5-09207	ئۆمەكلىك	headword	854_1R.png	unverified
D90-5-09208	ئۆمەللەتمەك	headword	854_1R.png	unverified
D90-5-09210	ئۆمەللەشمەك	headword	854_2L.png	unverified
D90-5-09212	ئۆمەللەنمەك	headword	854_2L.png	unverified
D90-5-09214	ئۆمەللىمەك	headword	854_2L.png	unverified
D90-5-09216	ئۆمەچكىلىمەك	headword	854_2L.png	unverified
D90-5-09217	ئۆمىسە	headword	854_2L.png	unverified
D90-5-09218	ئۆمسۆرۈن	nonstandard	855_1R.png	unverified
D90-5-09218-c1	ئۆڭسۆرون	corrected_form	855_1R.png	unverified
D90-5-09219	ئۆمسىلە	nonstandard	855_1R.png	unverified
D90-5-09219-c1	ئۆيسە	corrected_form	855_1R.png	unverified
D90-5-09220	ئۆمكەن	headword	855_1R.png	unverified
D90-5-09221	ئۆمگەك	headword	855_1R.png	unverified
D90-5-09222	ئۆمگەن	headword	855_1R.png	unverified
D90-5-09223	ئۆملەشتۈرمەك	headword	855_1R.png	unverified
D90-5-09224	ئۆملەشمەك	headword	855_1R.png	unverified
D90-5-09225	ئۆملۈك	headword	855_2L.png	unverified
D90-5-09229	ئۆمۈچۈك	headword	855_2L.png	unverified
D90-5-09230	ئۆمۈچۈك پىيىزى	headword	856_1R.png	unverified
D90-5-09231	ئۆمۈچۈك تورى	headword	856_1R.png	unverified
D90-5-09232	ئۆمۈر	headword	856_1R.png	unverified
D90-5-09233	ئۆمۈرۈڭ ئۇزۇن بولسۇن	headword	856_1R.png	unverified
D90-5-09234	ئۆمرىگە كېلىپ	headword	856_1R.png	unverified
D90-5-09235	ئۆمۈر بويى	headword	856_2L.png	unverified
D90-5-09236	ئۆمۈر بىر كېلىدۇ	headword	856_2L.png	unverified
D90-5-09237	ئۆمۈر سودىسى	headword	856_2L.png	unverified
D90-5-09238	ئۆمۈر سۈرمەك	headword	856_2L.png	unverified
D90-5-09239	ئۆمۈر كەچۈرمەك	headword	856_2L.png	unverified
D90-5-09240	ئۆمۈر كۆرمەك	headword	856_2L.png	unverified
D90-5-09241	ئۆمۈر ئۆتكۈزمەك	headword	857_1R.png	unverified
D90-5-09242	ئۆمۈرلۈك	headword	857_1R.png	unverified
D90-5-09243	ئۆمۈرۋايەت	headword	857_2L.png	unverified
D90-5-09244	ئۆمۈرۋايەتلىك	headword	857_2L.png	unverified
D90-5-09245	ئۆمۈلدۈرۈك	headword	857_2L.png	unverified
D90-5-09245-v1	كەمەلدۈرۈك	variant	857_2L.png	unverified
D90-5-09246	ئۆمىلاقمان	headword	857_2L.png	unverified
D90-5-09247	ئۆمىلەتمەك	headword	858_1R.png	unverified
D90-5-09248	ئۆمىلەشمەك	headword	858_1R.png	unverified
D90-5-09249	ئۆمىلىگۈچى	headword	858_1R.png	unverified
D90-5-09251	ئۆمىلىمەك	headword	858_1R.png	unverified
D90-5-09252	ئۆنجىمەس	headword	858_1R.png	unverified
D90-5-09253	ئۆنچە	headword	858_1R.png	unverified
D90-5-09254	ئۆندە	headword	858_2L.png	unverified
D90-5-09255	ئۆندەرەتمەك	headword	858_2L.png	unverified
D90-5-09256	ئۆندەرەشمەك	headword	858_2L.png	unverified
D90-5-09257	ئۆندەرىمەك	headword	858_2L.png	unverified
D90-5-09258	ئۆندۈلۈك	headword	858_2L.png	unverified
D90-5-09259	ئۆھۆ	headword	858_2L.png	unverified
D90-5-09260	ئۆۋەر	headword	859_1R.png	unverified
D90-5-09261	ئۆۋەك	headword	859_1R.png	unverified
D90-5-09262	ئۆي	headword	859_1R.png	unverified
D90-5-09265	ئۆي بىسات	headword	859_2L.png	unverified
D90-5-09266	ئۆي تۇتماق	headword	859_2L.png	unverified
D90-5-09267	ئۆي جابدۇقى	headword	859_2L.png	unverified
D90-5-09268	ئۆي چېيى	headword	859_2L.png	unverified
D90-5-09269	ئۆي سالماق	headword	859_2L.png	unverified
D90-5-09270	ئۆي قۇشلىرى	headword	859_2L.png	unverified
D90-5-09271	ئۆي كۆتۈرمەك	headword	860_1R.png	unverified
D90-5-09272	ئۆيگە باشلاي	headword	860_1R.png	unverified
D90-5-09273	ئۆي مۇبارىكى	headword	860_1R.png	unverified
D90-5-09274	ئۆينى بېشىغا كىيمەك	headword	860_1R.png	unverified
D90-5-09275	ئۆينى پىرقىراتماق	headword	860_1R.png	unverified
D90-5-09276	ئۆينى تەۋرەتمەك	headword	860_1R.png	unverified
D90-5-09277	ئۆينى چۆگىلەتمەك	headword	860_2L.png	unverified
D90-5-09278	ئۆينى ئوچاق قىلىۋەتمەك	headword	860_2L.png	unverified
D90-5-09279	ئۆي ھايۋانلىرى	headword	860_2L.png	unverified
D90-5-09280	ئۆيى بۇزۇلماق	headword	860_2L.png	unverified
D90-5-09281	ئۆي ئىچى بىلەن	headword	860_2L.png	unverified
D90-5-09282	ئۆيىگە چاشقان كىرسە يامانلاپ چىقىدۇ	headword	860_2L.png	unverified
D90-5-09283	ئۆپە	headword	860_2L.png	unverified
D90-5-09284	ئۆي - ئەنجام	headword	860_2L.png	unverified
D90-5-09285	ئۆي-پۆي	headword	861_1R.png	unverified
D90-5-09286	ئۆي-جاي	headword	861_1R.png	unverified
D90-5-09287	ئۆي-سەرەمجان	headword	861_1R.png	unverified
D90-5-09288	ئۆيچىلىك	nonstandard	861_1R.png	unverified
D90-5-09323	ئۆيئىچىلىك	headword	863_2L.png	unverified
D90-5-09289	ئۆيدىكى	headword	861_1R.png	unverified
D90-5-09290	ئۆيسەن	headword	861_1R.png	unverified
D90-5-09291	ئۆيسىز	headword	861_1R.png	unverified
D90-5-09293	ئۆيلەك	headword	861_2L.png	unverified
D90-5-09294	ئۆيلەڭ	headword	861_2L.png	unverified
D90-5-09296	ئۆيلەندۈرمەك	headword	861_2L.png	unverified
D90-5-09297	ئۆيلەندۈرۈشمەك	headword	861_2L.png	unverified
D90-5-09298	ئۆيلەنمەك	headword	861_2L.png	unverified
D90-5-09299	ئۆيلۈك	headword	861_2L.png	unverified
D90-5-09302	ئۆيلۈك-ئوچاقلىق	headword	862_1R.png	unverified
D90-5-09305	ئۆيلىمەك	headword	862_1R.png	unverified
D90-5-09306	ئۆي-ماكان	headword	862_2L.png	unverified
D90-5-09307	ئۆي-ماكانسىز	headword	862_2L.png	unverified
D90-5-09308	ئۆي-ماكانلىق	headword	862_2L.png	unverified
D90-5-09309	ئۆيمەك	headword	862_2L.png	unverified
D90-5-09310	ئۆيمۇئۆي	headword	862_2L.png	unverified
D90-5-09311	ئۆي-مۈلۈك	headword	862_2L.png	unverified
D90-5-09312	ئۆي-ئوچاق	headword	863_1R.png	unverified
D90-5-09313	ئۆي-ئوچاقلىق	headword	863_1R.png	unverified
D90-5-09314	ئۆي-ئوچاقلىق بولماق	headword	863_1R.png	unverified
D90-5-09315	ئۆي-ئوچاقلىق قىلماق	headword	863_1R.png	unverified
D90-5-09316	ئۆي-ئورتاق بولماق	headword	863_1R.png	unverified
D90-5-09316-v1	ئۆيلۈك-ئوچاقلىق بولماق	variant	863_1R.png	unverified
D90-5-09317	ئۆي-ئورتاقلىق	headword	863_2L.png	unverified
D90-5-09317-v1	ئۆيلۈك- ئوچاقلىق	variant	863_2L.png	unverified
D90-5-09318	ئۆي-ئورتاقلىق بولماق	headword	863_2L.png	unverified
D90-5-09318-v1	ئۆيلۈك- ئوچاقلىق بولماق	variant	863_2L.png	unverified
D90-5-09319	ئۆيۋاق	headword	863_2L.png	unverified
D90-5-09320	ئۆيۋاقا	nonstandard	863_2L.png	unverified
D90-5-09321	ئۆيۋاقلىق	headword	863_2L.png	unverified
D90-5-09322	ئۆيئىچى	headword	863_2L.png	unverified
D90-5-09325	ئۆي-ئىمارەت	headword	863_2L.png	unverified
D90-5-09326	ئۈ	headword	864_1R.png	unverified
D90-5-09327	ئۈپ	nonstandard	864_1R.png	unverified
D90-5-09328	ئۈتلەتمەك	headword	864_1R.png	unverified
D90-5-09329	ئۈتلەشمەك	headword	864_1R.png	unverified
D90-5-09330	ئۈتلەنمەك	headword	864_1R.png	unverified
D90-5-09331	ئۈتلىمەك	headword	864_1R.png	unverified
D90-5-09332	ئۈجەن	headword	864_1R.png	verified
D90-5-09333	ئۈجمە	headword	864_1R.png	unverified
D90-5-09334	ئۈجمە ئائىلىسى	headword	864_2L.png	unverified
D90-5-09335	ئۈجمە پىش، ئاغزىمغا چۈش دېمەك	headword	865_1R.png	unverified
D90-5-09336	ئۈجمە چېرېپاشكىسى	headword	865_1R.png	unverified
D90-5-09337	ئۈجمە دەرىخى	headword	865_1R.png	unverified
D90-5-09338	ئۈجمە قەغىزى	headword	865_1R.png	unverified
D90-5-09339	ئۈجمە كۆڭۈل	headword	865_1R.png	unverified
D90-5-09340	ئۈجمەڭنى تېرىپ يە	headword	865_1R.png	unverified
D90-5-09341	ئۈجمە مىتىسى	headword	865_2L.png	unverified
D90-5-09342	ئۈجمىزار	headword	865_2L.png	unverified
D90-5-09344	ئۈجمىلىك	headword	865_2L.png	unverified
D90-5-09343	ئۈجمىزارلىق	headword	865_2L.png	unverified
D90-5-09346	ئۈجۈرە	headword	865_2L.png	unverified
D90-5-09349	ئۈجۈر - بۈجۈر	headword	865_2L.png	unverified
D90-5-09350	ئۈجۈك	headword	865_2L.png	unverified
D90-5-09351	ئۈچ	headword	865_2L.png	unverified
D90-5-09352	ئۈچ ئارمىيە	headword	866_1R.png	unverified
D90-5-09353	ئۈچ ئاككورد	headword	866_1R.png	unverified
D90-5-09354	ئۈچ بارماقلىق تۆمۈر تۇمشۇق	headword	866_1R.png	unverified
D90-5-09355	ئۈچ باسقۇچ فورمۇلىسى	headword	866_1R.png	unverified
D90-5-09356	ئۈچ باسقۇچ فورمۇلىسى تەلىماتى	headword	866_1R.png	unverified
D90-5-09357	ئۈچ بۇلۇڭ	headword	866_1R.png	unverified
D90-5-09358	ئۈچ بۇلۇڭلۇق پولات	headword	866_1R.png	unverified
D90-5-09359	ئۈچ بۆلەكلىك مۇزىكا	headword	866_2L.png	unverified
D90-5-09360	ئۈچ بۆلەكلىك ناخشا	headword	866_2L.png	unverified
D90-5-09361	ئۈچ پادىشاھلىق	headword	866_2L.png	unverified
D90-5-09362	ئۈچ پۇتلۇق تىرەك	headword	866_2L.png	unverified
D90-5-09363	ئۈچ تاقلاپ يىراققا سەكرەش	headword	866_2L.png	unverified
D90-5-09364	ئۈچ تالاق	headword	866_2L.png	unverified
D90-5-09365	ئۈچ تالاق قىلماق	headword	867_1R.png	unverified
D90-5-09366	ئۈچ تەرەپلىك	headword	867_1R.png	unverified
D90-5-09367	ئۈچ تۇتاش ئاۋاز	headword	867_1R.png	unverified
D90-5-09368	ئۈچ تۈرلۈك ھەرىكەت	headword	867_1R.png	unverified
D90-5-09369	ئۈچ چوڭ پەرق	headword	867_1R.png	unverified
D90-5-09370	ئۈچ چوڭ سىياسەت	headword	867_1R.png	unverified
D90-5-09371	ئۈچ سۇلالە	headword	867_2L.png	unverified
D90-5-09372	ئۈچ فازا تۆت سىملىق سىستېما	headword	867_2L.png	unverified
D90-5-09373	ئۈچ فازا نۇقتىسى	headword	867_2L.png	unverified
D90-5-09374	ئۈچ فازا ئۈچ سىملىق سىستېما	headword	867_2L.png	unverified
D90-5-09375	ئۈچ قۇتۇپلۇق لامپا	headword	867_2L.png	unverified
D90-5-09376	ئۈچ قىرلىق تاسما	headword	867_2L.png	unverified
D90-5-09377	ئۈچ قىرلىق قارا بۇغداي	headword	868_1R.png	unverified
D90-5-09378	ئۈچ مەسلەك	headword	868_1R.png	unverified
D90-5-09379	ئۈچ نەزىر	headword	868_2L.png	unverified
D90-5-09380	ئۈچ ھۆكۈملۈك	headword	868_2L.png	unverified
D90-5-09381	ئۈچ ئۆلچەملىك بوشلۇق	headword	868_2L.png	unverified
D90-5-09382	ئۈچ ۋىلايەت ئىنقىلابى	headword	868_2L.png	unverified
D90-5-09383	ئۈچ ياقلىق كرىستال سىستېمىسى	headword	869_1R.png	verified
D90-5-09384	ئۈچ يۈز ئاتمىش كۈن	headword	869_1R.png	unverified
D90-5-09385	ئۈچەك	headword	869_1R.png	unverified
D90-5-09386	ئۈچەككە كىرىش	headword	869_1R.png	unverified
D90-5-09387	ئۈچەي	headword	869_1R.png	unverified
D90-5-09388	ئۈچەي بوشىشىش	headword	869_2L.png	unverified
D90-5-09389	ئۈچەي بېزى	headword	869_2L.png	unverified
D90-5-09390	ئۈچەي بېغىشى	headword	869_2L.png	unverified
D90-5-09391	ئۈچەي پارازىتى	headword	869_2L.png	unverified
D90-5-09392	ئۈچەي توسۇلۇش	headword	869_2L.png	unverified
D90-5-09393	ئۈچەي تولغىنىش	headword	869_2L.png	unverified
D90-5-09394	ئۈچەي تۈبېركۈليوزى	headword	870_1R.png	unverified
D90-5-09395	ئۈچەي تۈرۈلۈش	headword	870_1R.png	unverified
D90-5-09396	ئۈچەي تېشىلىش	headword	870_1R.png	unverified
D90-5-09397	ئۈچەي تۈۋىتى	headword	870_1R.png	unverified
D90-5-09398	ئۇچەي چاپلىشىش	headword	870_2L.png	unverified
D90-5-09399	ئۇچەي خىرۇرگىيىسى	headword	870_2L.png	unverified
D90-5-09400	ئۇچەيدە قان قېيىش	headword	870_2L.png	unverified
D90-5-09401	ئۇچەي دىۋارى	headword	870_2L.png	unverified
D90-5-09402	ئۇچەي زەھىرى	headword	870_2L.png	unverified
D90-5-09403	ئۇچەي سانجىقى	headword	870_2L.png	unverified
D90-5-09404	ئۇچەي سۇيۇقلۇقى	headword	870_2L.png	unverified
D90-5-09405	ئۇچەي سىلى	headword	870_2L.png	unverified
D90-5-09405-v1	ئۇچەي تۇبېركۇليوزى	variant	870_2L.png	unverified
D90-5-09406	ئۇچەي غەلۋىرىكى	headword	870_2L.png	unverified
D90-5-09407	ئۈچەي كاۋىپى	headword	871_1R.png	unverified
D90-5-09408	ئۈچەي كېزىكى	headword	871_1R.png	unverified
D90-5-09409	ئۈچەيگە قان تولۇش	headword	871_1R.png	unverified
D90-5-09410	ئۈچەيلىرى تارتىشىپ كەتمەك	headword	871_1R.png	unverified
D90-5-09411	ئۈچەي مەنبەلىك زەھەرلىنىش	headword	871_1R.png	unverified
D90-5-09412	ئۈچەي ياللۇغى	headword	871_2L.png	unverified
D90-5-09413	ئۈچەي يۇقۇملۇق كېسەللىكلىرى	headword	871_2L.png	unverified
D90-5-09414	ئۈچەي يىپى	headword	871_2L.png	unverified
D90-5-09415	ئۈچىيى دۈمبىسىگە چاپلىشىپ قالماق	headword	871_2L.png	unverified
D90-5-09416	ئۈچىيى قىسقا	headword	871_2L.png	unverified
D90-5-09417	ئۈچىيى ئۈزۈلگۈدەك	headword	871_2L.png	unverified
D90-5-09418	ئۈچەي-باغىر	headword	872_1R.png	unverified
D90-5-09420	ئۈچەي-پۈچەي	headword	872_1R.png	unverified
D90-5-09421	ئۈچەي-قېرىن	headword	872_1R.png	unverified
D90-5-09423	ئۈچەيلەن	headword	872_1R.png	unverified
D90-5-09424	ئۈچقات	headword	872_1R.png	unverified
D90-5-09425	ئۈچقۇلاق	headword	872_2L.png	unverified
D90-5-09426	ئۈچكە	headword	872_2L.png	unverified
D90-5-09427	ئۈچكېزەك	headword	872_2L.png	unverified
D90-5-09428	ئۈچكىلىك	headword	872_2L.png	unverified
D90-5-09430	ئۈچلەمچى	headword	872_2L.png	unverified
D90-5-09432	ئۈچلەمچى سىستېما	headword	873_1R.png	unverified
D90-5-09433	ئۈچلۈك	headword	873_1R.png	unverified
D90-5-09434	ئۈچلۈك نېرۋا	headword	873_1R.png	unverified
D90-5-09435	ئۈچۈن	headword	873_1R.png	unverified
D90-5-09436	ئۈچىنچى	headword	873_2L.png	unverified
D90-5-09437	ئۈچىنچى ئاي	headword	874_1R.png	unverified
D90-5-09438	ئۈچىنچى باسقۇچلۇق ئەمەل	headword	874_1R.png	unverified
D90-5-09439	ئۈچىنچى تەبىقە	headword	874_1R.png	unverified
D90-5-09440	ئۈچىنچى دەۋر	headword	874_1R.png	unverified
D90-5-09441	ئۈچىنچى سىستېما	headword	874_2L.png	unverified
D90-5-09442	ئۈچىنچىسى مۇستەسنا قانۇنىيەت	headword	874_2L.png	unverified
D90-5-09443	ئۈچىنچى قېتىملىق ئىچكى ئىنقىلابىي ئۇرۇش	headword	874_2L.png	unverified
D90-5-09444	ئۈچىنچى كەسىپ	headword	875_1R.png	unverified
D90-5-09445	ئۈچىنچى ئىنتېرناتسىئونال	headword	875_1R.png	unverified
D90-5-09446	ئۈچىنچى ئىيۇن ھەرىكىتى	headword	875_1R.png	unverified
D90-5-09447	ئۈدۈسكىلمەك	headword	875_2L.png	unverified
D90-5-09448	ئۈدۈكلىمەك	headword	875_2L.png	unverified
D90-5-09449	ئۈدۈگەن	headword	875_2L.png	unverified
D90-5-09450	ئۈر	headword	875_2L.png	unverified
D90-5-09451	ئۈرە	headword	875_2L.png	unverified
D90-5-09452	ئۈرە بولماق	headword	875_2L.png	unverified
D90-5-09453	ئۈرەن	headword	875_2L.png	unverified
D90-5-09454	ئۈركۈتمەك	headword	875_2L.png	unverified
D90-5-09455	ئۈركۈتۈشمەك	headword	876_1R.png	unverified
D90-5-09456	ئۈركۈتۈلمەك	headword	876_1R.png	unverified
D90-5-09457	ئۈركۈشمەك	headword	876_1R.png	unverified
D90-5-09458	ئۈركۈگەك	headword	876_1R.png	unverified
D90-5-09459	ئۈركۈگەن	headword	876_1R.png	unverified
D90-5-09461	ئۈركۈمەك	headword	876_1R.png	unverified
D90-5-09463	ئۈرگۈنە	headword	876_1R.png	unverified
D90-5-09464	ئۈرمەك	headword	876_2L.png	unverified
D90-5-09465	ئۈز	headword	876_2L.png	unverified
D90-5-09465-v1	يۈز II	variant	876_2L.png	unverified
D90-5-09466	ئۈزە	headword	876_2L.png	unverified
D90-5-09466-v1	يۈزە	variant	876_2L.png	unverified
D90-5-09467	ئۈزەكى	headword	876_2L.png	unverified
D90-5-09467-v1	يۈزەكى	variant	876_2L.png	unverified
D90-5-09468	ئۈزەڭگە	headword	876_2L.png	unverified
D90-5-09471	ئۈزەڭگە سۆڭەك	headword	877_1R.png	unverified
D90-5-09472	ئۈزەڭگىدىن چۈشمەسلىك	headword	877_1R.png	unverified
D90-5-09473	ئۈزەڭگىلىك	headword	877_1R.png	unverified
D90-5-09474	ئۈزبەر	headword	877_1R.png	unverified
D90-5-09475	ئۈزدۈرمەك	headword	877_1R.png	unverified
D90-5-09477	ئۈزرە	headword	877_2L.png	unverified
D90-5-09478	ئۈزگۈچى	headword	877_2L.png	unverified
D90-5-09480	ئۈزلۈك	nonstandard	877_2L.png	unverified
D90-5-09480-c1	يۈزلۈك	corrected_form	877_2L.png	unverified
D90-5-09481	ئۈزلۈكسىز	headword	877_2L.png	unverified
D90-5-09482	ئۈزمەك	headword	878_1R.png	unverified
D90-5-09483	ئۈزۈپ تاشلانغان ئاش	headword	878_2L.png	unverified
D90-5-09484	ئۈزۈپ ئېيتماق	headword	878_2L.png	unverified
D90-5-09486	ئۈزۈتلۈك	headword	879_1R.png	unverified
D90-5-09487	ئۈزۈش	headword	879_1R.png	unverified
D90-5-09489	ئۈزۈشمەك	headword	879_1R.png	unverified
D90-5-09491	ئۈزۈك	headword	879_1R.png	unverified
D90-5-09492	ئۈزۈك تاۋۇش	headword	879_2L.png	unverified
D90-5-09493	ئۈزۈك تاۋۇشلارنىڭ ماسىلىشىشى	headword	879_2L.png	unverified
D90-5-09494	ئۈزۈك سىزىق	headword	879_2L.png	unverified
D90-5-09496	ئۈزۈك سالماق	headword	880_1R.png	unverified
D90-5-09497	ئۈزۈكچىلىك	headword	880_1R.png	unverified
D90-5-09498	ئۈزۈكلۈك	headword	880_1R.png	unverified
D90-5-09499	ئۈزۈلدۈرمەك	headword	880_1R.png	unverified
D90-5-09500	ئۈزۈل-كېسىل	headword	880_1R.png	unverified
D90-5-09501	ئۈزۈل-كېسىللىك	headword	880_2L.png	unverified
D90-5-09502	ئۈزۈلمە	headword	880_2L.png	unverified
D90-5-09507	ئۈزۈلمە يۈزى	headword	881_1R.png	unverified
D90-5-09508	ئۈزۈلمەك	headword	881_1R.png	unverified
D90-5-09509	ئۈزۈلۈپ قالماق	headword	881_1R.png	unverified
D90-5-09510	ئۈزۈلمەي	headword	881_1R.png	unverified
D90-5-09511	ئۈزۈلۈش	headword	881_1R.png	unverified
D90-5-09513	ئۈزۈلۈشچان	headword	881_2L.png	unverified
D90-5-09514	ئۈزۈلۈشچانلىق	headword	881_2L.png	unverified
D90-5-09515	ئۈزۈلۈشمەك	headword	881_2L.png	unverified
D90-5-09516	ئۈزۈم	headword	881_2L.png	unverified
D90-5-09518	ئۈزۈم ھارىقى	headword	882_1R.png	verified
D90-5-09519	ئۈزۈمچى	headword	882_1R.png	unverified
D90-5-09520	ئۈزۈمچىلىك	headword	882_1R.png	unverified
D90-5-09521	ئۈزۈمزار	headword	882_1R.png	unverified
D90-5-09526	ئۈزۈملۈك	headword	882_2L.png	unverified
D90-5-09522	ئۈزۈمزارلىق	headword	882_1R.png	unverified
D90-5-09523	ئۈزۈمسىمان	headword	882_2L.png	unverified
D90-5-09525	ئۈزۈمگۈل	headword	882_2L.png	unverified
D90-5-09527	ئۈزۈندى	headword	882_2L.png	unverified
D90-5-09528	ئۈست	headword	883_1R.png	verified
D90-5-09529	ئۈستىدىن ئوغۇتلاش	headword	883_2L.png	unverified
D90-5-09530	ئۈستىگە ئالماق	headword	884_1R.png	unverified
D90-5-09531	ئۈستىگە چۈشمەك	headword	884_1R.png	unverified
D90-5-09532	ئۈست ياقا	headword	884_1R.png	unverified
D90-5-09533	ئۈستەك	headword	884_1R.png	unverified
D90-5-09535	ئۈستەل	headword	884_2L.png	unverified
D90-5-09540	ئۈستباش	headword	884_2L.png	unverified
D90-5-09541	ئۈستقۇرۇلما	headword	885_1R.png	unverified
D90-5-09542	ئۈستكى	headword	885_1R.png	unverified
D90-5-09543	ئۈستمۇئۈست	headword	885_1R.png	verified
D90-5-09545	ئۈستۈرمەك	headword	885_1R.png	verified
D90-5-09546	ئۈستۈرۈشمەك	headword	885_2L.png	verified
D90-5-09547	ئۈستۈرۈلمەك	headword	885_2L.png	verified
D90-5-09548	ئۈستۈن	headword	885_2L.png	unverified
D90-5-09551	ئۈستۈن چىقماق	headword	886_1R.png	unverified
D90-5-09554	ئۈستۈن كەلمەك	headword	886_1R.png	unverified
D90-5-09552	ئۈستۈن قاپاق	headword	886_1R.png	unverified
D90-5-09553	ئۈستۈن قويماق	headword	886_1R.png	unverified
D90-5-09555	ئۈستۈنكى	headword	886_1R.png	unverified
D90-5-09556	ئۈستۈنلۈك	headword	886_2L.png	unverified
D90-5-09558	ئۈستىدە	headword	886_2L.png	unverified
D90-5-09559	ئۈستىقۇددۇس	headword	886_2L.png	verified
D90-5-09560	ئۈستىلەپ	headword	887_1R.png	unverified
D90-5-09563	ئۈستىلىمە	headword	887_1R.png	unverified
D90-5-09566	ئۈستى-ئۈستىگە	headword	887_2L.png	unverified
D90-5-09567	ئۈستى-ئۈستىلەپ	headword	887_2L.png	unverified
D90-5-09568	ئۈسسىمەك	nonstandard	887_2L.png	unverified
D90-5-09577	ئۈسمەك	headword	888_1R.png	unverified
D90-5-09569	ئۈسكەك	headword	887_2L.png	unverified
D90-5-09571	ئۈسكەن	headword	887_2L.png	unverified
D90-5-09572	ئۈسكۈنە	headword	887_2L.png	unverified
D90-5-09573	ئۈسكۈنىلەشتۈرمەك	headword	888_1R.png	unverified
D90-5-09574	ئۈسكۈنىلەشتۈرۈلمەك	headword	888_1R.png	unverified
D90-5-09575	ئۈسكۈنىلەشمەك	headword	888_1R.png	unverified
D90-5-09576	ئۈسكۈنىلىك	headword	888_1R.png	unverified
D90-5-09578	ئۈسۈپ كىرمەك	headword	888_2L.png	unverified
D90-5-09579	ئۈسۈشمەك	headword	888_2L.png	unverified
D90-5-09580	ئۈشتە	headword	888_2L.png	unverified
D90-5-09580-v1	ئۈشتە قىلماق	variant	888_2L.png	unverified
D90-5-09581	ئۈشتەك	nonstandard	888_2L.png	unverified
D90-5-09582	ئۈشتىگەر	headword	888_2L.png	unverified
D90-5-09583	ئۈششۈتمەك	headword	888_2L.png	unverified
D90-5-09584	ئۈششۈك	headword	889_1R.png	unverified
D90-5-09588	ئۈششۈمەك	headword	889_1R.png	unverified
D90-5-09590	ئۈشقىرتىشماق	headword	889_2L.png	unverified
D90-5-09591	ئۈشقىرماق	headword	889_2L.png	unverified
D90-5-09592	ئۈشكە	headword	889_2L.png	unverified
D90-5-09593	ئۈشكە ستانوكى	headword	889_2L.png	unverified
D90-5-09593-v1	تەشمە ستانوكى	variant	889_2L.png	unverified
D90-5-09594	ئۈشكۈرمەك	headword	889_2L.png	unverified
D90-5-09595	ئۈشكىلەتمەك	headword	889_2L.png	unverified
D90-5-09596	ئۈشكىلەشمەك	headword	889_2L.png	unverified
D90-5-09597	ئۈشكىلەنمەك	headword	889_2L.png	unverified
D90-5-09598	ئۈشكىلىمەك	headword	889_2L.png	unverified
D90-5-09599	ئۈكە	headword	890_1R.png	unverified
D90-5-09601-v1	ئۈكەر يۇلتۇز	variant	890_1R.png	unverified
D90-5-09603	ئۈكەلىك	headword	890_1R.png	unverified
D90-5-09604	ئۈكلىمەك	nonstandard	890_1R.png	unverified
D90-5-09605	ئۈگە	headword	890_1R.png	unverified
D90-5-09607	ئۈگدەتمەك	headword	890_1R.png	unverified
D90-5-09608	ئۈگدەشمەك	headword	890_1R.png	unverified
D90-5-09609	ئۈگدەك	headword	890_1R.png	unverified
D90-5-09610	ئۈگدىمەك	headword	890_2L.png	unverified
D90-5-09611	ئۈگرە	headword	890_2L.png	unverified
D90-5-09612	ئۈگرىچى	headword	890_2L.png	unverified
D90-5-09613	ئۈگۈت	headword	890_2L.png	unverified
D90-5-09614	ئۈگۈت ئەتمەك	headword	891_1R.png	unverified
D90-5-09615	ئۈگۈت قىلماق	headword	891_1R.png	unverified
D90-5-09617	ئۈگۈتچى	headword	891_1R.png	unverified
D90-5-09618	ئۈگۈت - نەسىھەت	headword	891_1R.png	unverified
D90-5-09619	ئۈگۈچ	headword	891_1R.png	unverified
D90-5-09620	ئۈگۈچەكلىك	headword	891_1R.png	unverified
D90-5-09621	ئۈگۈچلىمەك	headword	891_1R.png	unverified
D90-5-09622	ئۈگىلىك	headword	891_2L.png	unverified
D90-5-09624	ئۈلەشتۈرمەك	headword	891_2L.png	unverified
D90-5-09625	ئۈلەشتۈرۈشمەك	headword	891_2L.png	unverified
D90-5-09626	ئۈلەشتۈرۈلمەك	headword	891_2L.png	unverified
D90-5-09627	ئۈلەشمەك	headword	891_2L.png	unverified
D90-5-09628	ئۈلپەت	headword	892_1R.png	unverified
D90-5-09629	ئۈلپەت قىلماق	headword	892_1R.png	unverified
D90-5-09630	ئۈلپەتچىلىك	headword	892_1R.png	unverified
D90-5-09631	ئۈلپەتلىشە	headword	892_2L.png	unverified
D90-5-09632	ئۈلپەتلىك	headword	892_2L.png	unverified
D90-5-09633	ئۈلگە	headword	892_2L.png	unverified
D90-5-09634	ئۈلگە ئالماق	headword	893_1R.png	unverified
D90-5-09635	ئۈلگە بولماق	headword	893_1R.png	unverified
D90-5-09636	ئۈلگە دەرسى	headword	893_1R.png	unverified
D90-5-09637	ئۈلگە قاتلام	headword	893_1R.png	unverified
D90-5-09638	ئۈلگە قىلماق	headword	893_1R.png	unverified
D90-5-09639	ئۈلگۈجە	headword	893_1R.png	unverified
D90-5-09640	ئۈلگۈجەك	headword	893_2L.png	unverified
D90-5-09641	ئۈلگۈدىمەك	headword	893_2L.png	unverified
D90-5-09642	ئۈلگۈرتمەك	headword	893_2L.png	unverified
D90-5-09643	ئۈلگۈرمەك	headword	893_2L.png	unverified
D90-5-09644	ئۈلگۈرۈشمەك	headword	893_2L.png	unverified
D90-5-09645	ئۈلگۈمەك	headword	894_1R.png	unverified
D90-5-09646	ئۈلگىلىك	headword	894_1R.png	unverified
D90-5-09648	ئۈلۈش	headword	894_1R.png	unverified
D90-5-09649	ئۈلۈشكۈن	headword	894_1R.png	unverified
D90-5-09650	ئۈلۈشكۈنكى	headword	894_2L.png	unverified
D90-5-09651	ئۈلۈشيىل	headword	894_2L.png	unverified
D90-5-09652	ئۈلۈشيىلقى	headword	894_2L.png	unverified
D90-5-09653	ئۈمتۈلمەك	headword	894_2L.png	unverified
D90-5-09654	ئۈمچەيتمەك	headword	894_2L.png	unverified
D90-5-09655	ئۈمچەيتىشمەك	headword	894_2L.png	unverified
D90-5-09656	ئۈمچەيمەك	headword	895_1R.png	unverified
D90-5-09657	ئۈممەت	headword	895_1R.png	unverified
D90-5-09658	ئۈمىد	headword	895_1R.png	unverified
D90-5-09661	ئۈمىد قىلماق	headword	895_2L.png	unverified
D90-5-09662	ئۈمىد كۈتمەك	headword	895_2L.png	unverified
D90-5-09663	ئۈمىد ئۈزمەك	headword	895_2L.png	unverified
D90-5-09664	ئۈمىدىنى ئاقلىماق	headword	895_2L.png	unverified
D90-5-09665	ئۈمىدىنى يەردە قويماسلىق	headword	895_2L.png	unverified
D90-5-09666	ئۈمىد - ئارزۇ	headword	896_1R.png	unverified
D90-5-09667	ئۈمىد - ئارمان	headword	896_1R.png	unverified
D90-5-09668	ئۈمىدىسىز	headword	896_1R.png	unverified
D90-5-09669	ئۈمىدسىزلەرچە	headword	896_1R.png	unverified
D90-5-09670	ئۈمىدسىزلەندۈرمەك	headword	896_1R.png	unverified
D90-5-09671	ئۈمىدسىزلەندۈرۈشمەك	headword	896_2L.png	unverified
D90-5-09672	ئۈمىدسىزلەندۈرۈلمەك	headword	896_2L.png	unverified
D90-5-09673	ئۈمىدسىزلەنمەك	headword	896_2L.png	unverified
D90-5-09674	ئۈمىدسىزلىك	headword	896_2L.png	unverified
D90-5-09675	ئۈمىدسىزلىنىشمەك	headword	896_2L.png	unverified
D90-5-09676	ئۈمىدلەندۈرمەك	headword	896_2L.png	unverified
D90-5-09677	ئۈمىدلەندۈرۈشمەك	headword	896_2L.png	unverified
D90-5-09678	ئۈمىدلەندۈرۈلمەك	headword	896_2L.png	unverified
D90-5-09679	ئۈمىدلەنمەك	headword	897_1R.png	unverified
D90-5-09680	ئۈمىدلىك	headword	897_1R.png	unverified
D90-5-09681	ئۈمىدۋار	headword	897_1R.png	unverified
D90-5-09683	ئۈمىدۋارلىق	headword	897_2L.png	unverified
D90-5-09684	ئۈن	headword	897_2L.png	unverified
D90-5-09685	ئۈن تارتماق	headword	897_2L.png	unverified
D90-5-09686	ئۈن چىقماسلىق	headword	897_2L.png	unverified
D90-5-09687	ئۈن سالماق	headword	897_2L.png	unverified
D90-5-09688	ئۈن قاتماق	headword	897_2L.png	unverified
D90-5-09689	ئۈن قوشماق	headword	897_2L.png	unverified
D90-5-09690	ئۈن قويماق	headword	898_1R.png	unverified
D90-5-09691	ئۈنگە كىرمەك	headword	898_1R.png	unverified
D90-5-09692	ئۈنۈڭنى ئۆچۈر	headword	898_1R.png	unverified
D90-5-09693	ئۈن ئېلىش	headword	898_1R.png	unverified
D90-5-09694	ئۈنى بوغۇلماق	headword	898_1R.png	unverified
D90-5-09695	ئۈنى پۈتمەك	headword	898_1R.png	unverified
D90-5-09696	ئۈنى ئۆچمەك	headword	898_1R.png	unverified
D90-5-09697	ئۈنى ئىچىگە چۈشۈپ كەتمەك	headword	898_2L.png	unverified
D90-5-09698	ئۈن يېتىم يەر	headword	898_2L.png	unverified
D90-5-09699	ئۈنئالغۇ	headword	898_2L.png	unverified
D90-5-09700	ئۈن-تىن	headword	898_2L.png	unverified
D90-5-09701	ئۈن-تىن چىقارماسلىق	headword	898_2L.png	unverified
D90-5-09702	ئۈن-تىن دېمەسلىك	headword	899_1R.png	unverified
D90-5-09703	ئۈن-تىنى يوق	headword	899_1R.png	unverified
D90-5-09704	ئۈن-تىنسىز	headword	899_1R.png	unverified
D90-5-09705	ئۈن-تىۋىش	headword	899_2L.png	unverified
D90-5-09706	ئۈن-تىۋىشسىز	headword	899_2L.png	unverified
D90-5-09707	ئۈنچە	headword	899_2L.png	unverified
D90-5-09710	ئۈنچە جىنس	headword	900_1R.png	unverified
D90-5-09711	ئۈنچە دوپپا	headword	900_1R.png	unverified
D90-5-09712	ئۈنچە-مارجان	headword	900_1R.png	unverified
D90-5-09713	ئۈنچە-مەرۋايىت	headword	900_1R.png	unverified
D90-5-09714	ئۈنچۈك	headword	900_1R.png	unverified
D90-5-09715	ئۈنچىقماس	headword	900_1R.png	unverified
D90-5-09716	ئۈندەتمەك	headword	900_2L.png	unverified
D90-5-09717	ئۈندەش	headword	900_2L.png	unverified
D90-5-09721	ئۈندەشمەك	headword	900_2L.png	unverified
D90-5-09722	ئۈندەك	headword	900_2L.png	unverified
D90-5-09724	ئۈندەلمەك	headword	901_1R.png	unverified
D90-5-09725	ئۈندۈرمە	headword	901_1R.png	unverified
D90-5-09728	ئۈندۈرمەك	headword	901_1R.png	unverified
D90-5-09729	ئۈندۈرۈشمەك	headword	901_2L.png	unverified
D90-5-09730	ئۈندۈرۈلمەك	headword	901_2L.png	unverified
D90-5-09731	ئۈندىمەس	headword	901_2L.png	unverified
D90-5-09732	ئۈندىمەك	headword	901_2L.png	unverified
D90-5-09733	ئۈندىمەي	headword	901_2L.png	unverified
D90-5-09734	ئۈنسىز	headword	902_1R.png	unverified
D90-5-09737	ئۈنلەپ	headword	902_1R.png	unverified
D90-5-09738	ئۈنلەتمەك	headword	902_1R.png	unverified
D90-5-09739	ئۈنلەشمەك	headword	902_1R.png	unverified
D90-5-09740	ئۈنلۈك	headword	902_1R.png	unverified
D90-5-09742	ئۈنلۈكلەشمەك	headword	902_1R.png	unverified
D90-5-09743	ئۈنلىمەك	headword	902_2L.png	unverified
D90-5-09744	ئۈنمەك	headword	902_2L.png	unverified
D90-5-09745	ئۈنۈش	headword	902_2L.png	unverified
D90-5-09746	ئۈنۈش تەكشىلىكى	headword	903_1R.png	unverified
D90-5-09747	ئۈنۈش نىسبىتى	headword	903_1R.png	unverified
D90-5-09748	ئۈنۈم	headword	903_1R.png	unverified
D90-5-09749	ئۈنۈم بەرمەك	headword	903_1R.png	unverified
D90-5-09750	ئۈنۈم نىسبىتى	headword	903_2L.png	unverified
D90-5-09751	ئۈنۈمى چىقماق	headword	903_2L.png	unverified
D90-5-09752	ئۈنۈمدار	headword	903_2L.png	unverified
D90-5-09753	ئۈنۈمدارلىق	headword	903_2L.png	unverified
D90-5-09754	ئۈنۈمسىز	headword	904_1R.png	unverified
D90-5-09758	ئۈنۈمسىزلىك	headword	904_1R.png	unverified
D90-5-09759	ئۈنۈملۈك	headword	904_1R.png	unverified
D90-5-09763	ئۈيۈر	headword	904_2L.png	unverified
D90-5-09764	ئۈيۈر-ئۈيۈر	headword	904_2L.png	unverified
D90-5-09765	ھەربىي بەلگە	headword	905_1R.png	unverified
D90-5-09766	ھەربىي پاراد	headword	905_1R.png	unverified
D90-5-09768	ھەربىي پورت	headword	905_1R.png	unverified
D90-5-09769	ھەربىي پونكىت	headword	905_1R.png	unverified
D90-5-09770	ھەربىي تەلىم-تەربىيە	headword	905_1R.png	unverified
